timestamp,checkerboard_px,checkerboard_py,checkerboard_pz,checkerboard_qx,checkerboard_qy,checkerboard_qz,checkerboard_qw,torso_px,torso_py,torso_pz,torso_qx,torso_qy,torso_qz,torso_qw,l_shoulder_px,l_shoulder_py,l_shoulder_pz,l_shoulder_qx,l_shoulder_qy,l_shoulder_qz,l_shoulder_qw
1782290084.430157,913.96725,226.11305,1140.3103,-0.64180343,0.6217774,-0.31803524,0.31675672,-281.86196,-49.398713,970.8904,0.010373989,0.013930702,0.0073150858,0.99982239,-401.64733,187.75025,1305.727,0.015376367,0.0054676595,0.0074413043,0.99983914
1782290084.440232,913.96725,226.11305,1140.3103,-0.64180343,0.6217774,-0.31803524,0.31675672,-281.86196,-49.398713,970.8904,0.010373989,0.013930702,0.0073150858,0.99982239,-401.64733,187.75025,1305.727,0.015376367,0.0054676595,0.0074413043,0.99983914
1782290084.450305,913.96779,226.10928,1140.3128,-0.64180488,0.62177861,-0.31802786,0.31675881,-281.86196,-49.398713,970.8904,0.010373989,0.013930702,0.0073150858,0.99982239,-401.64733,187.75025,1305.727,0.015376367,0.0054676595,0.0074413043,0.99983914
1782290084.460306,913.96999,226.09256,1140.3097,-0.64181107,0.62178099,-0.31803188,0.31673753,-281.87618,-49.40436,970.86513,0.010384469,0.013798096,0.0070326813,0.99982614,-401.64021,187.71829,1305.7324,0.015350925,0.0054653413,0.0074824602,0.99983923
1782290084.470239,913.96999,226.09256,1140.3097,-0.64181107,0.62178099,-0.31803188,0.31673753,-281.87618,-49.40436,970.86513,0.010384469,0.013798096,0.0070326813,0.99982614,-401.64021,187.71829,1305.7324,0.015350925,0.0054653413,0.0074824602,0.99983923
1782290084.480234,913.96999,226.09256,1140.3097,-0.64181107,0.62178099,-0.31803188,0.31673753,-281.87618,-49.40436,970.86513,0.010384469,0.013798096,0.0070326813,0.99982614,-401.64021,187.71829,1305.7324,0.015350925,0.0054653413,0.0074824602,0.99983923
1782290084.490232,913.96999,226.09256,1140.3097,-0.64181107,0.62178099,-0.31803188,0.31673753,-281.87618,-49.40436,970.86513,0.010384469,0.013798096,0.0070326813,0.99982614,-401.64021,187.71829,1305.7324,0.015350925,0.0054653413,0.0074824602,0.99983923
1782290084.500230,913.96999,226.09256,1140.3097,-0.64181107,0.62178099,-0.31803188,0.31673753,-281.87618,-49.40436,970.86513,0.010384469,0.013798096,0.0070326813,0.99982614,-401.64021,187.71829,1305.7324,0.015350925,0.0054653413,0.0074824602,0.99983923
1782290084.510229,913.96999,226.09256,1140.3097,-0.64181107,0.62178099,-0.31803188,0.31673753,-281.87618,-49.40436,970.86513,0.010384469,0.013798096,0.0070326813,0.99982614,-401.64021,187.71829,1305.7324,0.015350925,0.0054653413,0.0074824602,0.99983923
1782290084.520231,913.96999,226.09256,1140.3097,-0.64181107,0.62178099,-0.31803188,0.31673753,-281.87618,-49.40436,970.86513,0.010384469,0.013798096,0.0070326813,0.99982614,-401.64021,187.71829,1305.7324,0.015350925,0.0054653413,0.0074824602,0.99983923
1782290084.530229,913.96999,226.09256,1140.3097,-0.64181107,0.62178099,-0.31803188,0.31673753,-281.87618,-49.40436,970.86513,0.010384469,0.013798096,0.0070326813,0.99982614,-401.64021,187.71829,1305.7324,0.015350925,0.0054653413,0.0074824602,0.99983923
1782290084.540229,913.96999,226.09256,1140.3097,-0.64181107,0.62178099,-0.31803188,0.31673753,-281.87618,-49.40436,970.86513,0.010384469,0.013798096,0.0070326813,0.99982614,-401.64021,187.71829,1305.7324,0.015350925,0.0054653413,0.0074824602,0.99983923
1782290084.550228,913.96999,226.09256,1140.3097,-0.64181107,0.62178099,-0.31803188,0.31673753,-281.87618,-49.40436,970.86513,0.010384469,0.013798096,0.0070326813,0.99982614,-401.64021,187.71829,1305.7324,0.015350925,0.0054653413,0.0074824602,0.99983923
1782290084.560314,913.97095,226.11111,1140.3165,-0.64181446,0.62178503,-0.31801113,0.31674358,-281.86122,-49.379315,970.88003,0.010397044,0.013835609,0.0069226907,0.99982626,-401.64065,187.75237,1305.7307,0.01540376,0.0054028786,0.0074312395,0.99983914
1782290084.570244,913.97095,226.11111,1140.3165,-0.64181446,0.62178503,-0.31801113,0.31674358,-281.86122,-49.379315,970.88003,0.010397044,0.013835609,0.0069226907,0.99982626,-401.64065,187.75237,1305.7307,0.01540376,0.0054028786,0.0074312395,0.99983914
1782290084.580267,913.9747,226.11396,1140.3061,-0.64181096,0.62178135,-0.31802839,0.31674057,-281.85993,-49.36203,970.88534,0.01035141,0.013976667,0.0070293564,0.99982403,-401.63252,187.74815,1305.7249,0.015348522,0.0054029309,0.0074619384,0.99983976
1782290084.590235,913.97029,226.10743,1140.3028,-0.64180439,0.62177991,-0.31803697,0.31674811,-281.88291,-49.407937,970.86662,0.010423989,0.013867036,0.0073109706,0.99982278,-401.63273,187.75956,1305.7311,0.015335284,0.005513534,0.0074003719,0.99983982
1782290084.600230,913.97029,226.10743,1140.3028,-0.64180439,0.62177991,-0.31803697,0.31674811,-281.88291,-49.407937,970.86662,0.010423989,0.013867036,0.0073109706,0.99982278,-401.63273,187.75956,1305.7311,0.015335284,0.005513534,0.0074003719,0.99983982
1782290084.610227,913.97029,226.10743,1140.3028,-0.64180439,0.62177991,-0.31803697,0.31674811,-281.88291,-49.407937,970.86662,0.010423989,0.013867036,0.0073109706,0.99982278,-401.63273,187.75956,1305.7311,0.015335284,0.005513534,0.0074003719,0.99983982
1782290084.620227,913.97029,226.10743,1140.3028,-0.64180439,0.62177991,-0.31803697,0.31674811,-281.88291,-49.407937,970.86662,0.010423989,0.013867036,0.0073109706,0.99982278,-401.63273,187.75956,1305.7311,0.015335284,0.005513534,0.0074003719,0.99983982
1782290084.630232,913.97029,226.10743,1140.3028,-0.64180439,0.62177991,-0.31803697,0.31674811,-281.88291,-49.407937,970.86662,0.010423989,0.013867036,0.0073109706,0.99982278,-401.63273,187.75956,1305.7311,0.015335284,0.005513534,0.0074003719,0.99983982
1782290084.640238,913.97029,226.10743,1140.3028,-0.64180439,0.62177991,-0.31803697,0.31674811,-281.88291,-49.407937,970.86662,0.010423989,0.013867036,0.0073109706,0.99982278,-401.63273,187.75956,1305.7311,0.015335284,0.005513534,0.0074003719,0.99983982
1782290084.650237,913.97029,226.10743,1140.3028,-0.64180439,0.62177991,-0.31803697,0.31674811,-281.88291,-49.407937,970.86662,0.010423989,0.013867036,0.0073109706,0.99982278,-401.63273,187.75956,1305.7311,0.015335284,0.005513534,0.0074003719,0.99983982
1782290084.660266,913.97125,226.10508,1140.3161,-0.64181089,0.62178849,-0.31802514,0.31672996,-281.83731,-49.383499,970.90042,0.010295812,0.013998412,0.0072498335,0.99982272,-401.63827,187.73849,1305.7282,0.015336369,0.0055031968,0.0073882457,0.99983995
1782290084.670245,913.95962,226.09936,1140.3215,-0.64180822,0.6217732,-0.31802607,0.31676445,-281.85216,-49.385078,970.90352,0.01033124,0.013962079,0.0071967326,0.99982325,-401.62909,187.73258,1305.7243,0.015345822,0.0054208976,0.0074329872,0.99983992
1782290084.680261,913.95962,226.09936,1140.3215,-0.64180822,0.6217732,-0.31802607,0.31676445,-281.85216,-49.385078,970.90352,0.01033124,0.013962079,0.0071967326,0.99982325,-401.62909,187.73258,1305.7243,0.015345822,0.0054208976,0.0074329872,0.99983992
1782290084.690269,913.97142,226.10763,1140.318,-0.64181305,0.62178011,-0.31802518,0.31674201,-281.8616,-49.390689,970.90524,0.010310818,0.013929744,0.0073784267,0.99982259,-401.63204,187.72134,1305.7173,0.015275426,0.0054611032,0.0074261011,0.99984083
1782290084.700251,913.97142,226.10763,1140.318,-0.64181305,0.62178011,-0.31802518,0.31674201,-281.8616,-49.390689,970.90524,0.010310818,0.013929744,0.0073784267,0.99982259,-401.63204,187.72134,1305.7173,0.015275426,0.0054611032,0.0074261011,0.99984083
1782290084.710235,913.97142,226.10763,1140.318,-0.64181305,0.62178011,-0.31802518,0.31674201,-281.8616,-49.390689,970.90524,0.010310818,0.013929744,0.0073784267,0.99982259,-401.63204,187.72134,1305.7173,0.015275426,0.0054611032,0.0074261011,0.99984083
1782290084.720248,913.97142,226.10763,1140.318,-0.64181305,0.62178011,-0.31802518,0.31674201,-281.8616,-49.390689,970.90524,0.010310818,0.013929744,0.0073784267,0.99982259,-401.63204,187.72134,1305.7173,0.015275426,0.0054611032,0.0074261011,0.99984083
1782290084.730244,913.97142,226.10763,1140.318,-0.64181305,0.62178011,-0.31802518,0.31674201,-281.8616,-49.390689,970.90524,0.010310818,0.013929744,0.0073784267,0.99982259,-401.63204,187.72134,1305.7173,0.015275426,0.0054611032,0.0074261011,0.99984083
1782290084.740236,913.97142,226.10763,1140.318,-0.64181305,0.62178011,-0.31802518,0.31674201,-281.8616,-49.390689,970.90524,0.010310818,0.013929744,0.0073784267,0.99982259,-401.63204,187.72134,1305.7173,0.015275426,0.0054611032,0.0074261011,0.99984083
1782290084.750235,913.97142,226.10763,1140.318,-0.64181305,0.62178011,-0.31802518,0.31674201,-281.8616,-49.390689,970.90524,0.010310818,0.013929744,0.0073784267,0.99982259,-401.63204,187.72134,1305.7173,0.015275426,0.0054611032,0.0074261011,0.99984083
1782290084.760253,913.97524,226.10688,1140.3086,-0.64180463,0.62177997,-0.318035,0.31674945,-281.87782,-49.351707,970.88236,0.010332665,0.013879551,0.0068871581,0.99982657,-401.63904,187.74857,1305.7294,0.015336008,0.0056197428,0.0073751447,0.9998394
1782290084.770260,913.97232,226.11807,1140.3104,-0.64181321,0.62177555,-0.31803095,0.31674483,-281.87841,-49.376462,970.87383,0.010312683,0.013837124,0.0072661278,0.99982468,-401.64003,187.76639,1305.7384,0.015378427,0.0057056702,0.0073528086,0.99983843
1782290084.780265,913.97852,226.10772,1140.3133,-0.64180833,0.62178708,-0.31802288,0.31674019,-281.8794,-49.344756,970.85935,0.010358659,0.013814036,0.0067012697,0.99982847,-401.63118,187.7393,1305.7306,0.015397057,0.0055361463,0.0073930819,0.9998388
1782290084.790250,913.97852,226.10772,1140.3133,-0.64180833,0.62178708,-0.31802288,0.31674019,-281.8794,-49.344756,970.85935,0.010358659,0.013814036,0.0067012697,0.99982847,-401.63118,187.7393,1305.7306,0.015397057,0.0055361463,0.0073930819,0.9998388
1782290084.800242,913.97852,226.10772,1140.3133,-0.64180833,0.62178708,-0.31802288,0.31674019,-281.8794,-49.344756,970.85935,0.010358659,0.013814036,0.0067012697,0.99982847,-401.63118,187.7393,1305.7306,0.015397057,0.0055361463,0.0073930819,0.9998388
1782290084.810241,913.97852,226.10772,1140.3133,-0.64180833,0.62178708,-0.31802288,0.31674019,-281.8794,-49.344756,970.85935,0.010358659,0.013814036,0.0067012697,0.99982847,-401.63118,187.7393,1305.7306,0.015397057,0.0055361463,0.0073930819,0.9998388
1782290084.820250,913.97852,226.10772,1140.3133,-0.64180833,0.62178708,-0.31802288,0.31674019,-281.8794,-49.344756,970.85935,0.010358659,0.013814036,0.0067012697,0.99982847,-401.63118,187.7393,1305.7306,0.015397057,0.0055361463,0.0073930819,0.9998388
1782290084.830247,913.97852,226.10772,1140.3133,-0.64180833,0.62178708,-0.31802288,0.31674019,-281.8794,-49.344756,970.85935,0.010358659,0.013814036,0.0067012697,0.99982847,-401.63118,187.7393,1305.7306,0.015397057,0.0055361463,0.0073930819,0.9998388
1782290084.840245,913.97852,226.10772,1140.3133,-0.64180833,0.62178708,-0.31802288,0.31674019,-281.8794,-49.344756,970.85935,0.010358659,0.013814036,0.0067012697,0.99982847,-401.63118,187.7393,1305.7306,0.015397057,0.0055361463,0.0073930819,0.9998388
1782290084.850245,913.97852,226.10772,1140.3133,-0.64180833,0.62178708,-0.31802288,0.31674019,-281.8794,-49.344756,970.85935,0.010358659,0.013814036,0.0067012697,0.99982847,-401.63118,187.7393,1305.7306,0.015397057,0.0055361463,0.0073930819,0.9998388
1782290084.860408,913.9635,226.09714,1140.3157,-0.64181667,0.62177496,-0.31802046,0.31674951,-281.8794,-49.344756,970.85935,0.010358659,0.013814036,0.0067012697,0.99982847,-401.63118,187.7393,1305.7306,0.015397057,0.0055361463,0.0073930819,0.9998388
1782290084.870348,913.96451,226.08858,1140.3188,-0.64180634,0.62177828,-0.31802993,0.31675442,-281.8644,-49.393892,970.8941,0.010371803,0.013867581,0.0070255283,0.99982536,-401.6515,187.73165,1305.7595,0.015493165,0.0057455613,0.0073952058,0.99983612
1782290084.880268,913.97214,226.10949,1140.3143,-0.64180708,0.62178392,-0.31802404,0.31674776,-281.87874,-49.381413,970.86227,0.010368396,0.013841827,0.0071727643,0.99982471,-401.65633,187.75573,1305.7564,0.015646634,0.0058238712,0.007426898,0.99983304
1782290084.890277,913.97041,226.09682,1140.3091,-0.64180785,0.62177807,-0.31803468,0.31674698,-281.86095,-49.378134,970.88885,0.010279074,0.013929723,0.0073069296,0.99982344,-401.6628,187.72823,1305.7597,0.01563243,0.0057855541,0.0074800452,0.99983309
1782290084.900252,913.97041,226.09682,1140.3091,-0.64180785,0.62177807,-0.31803468,0.31674698,-281.86095,-49.378134,970.88885,0.010279074,0.013929723,0.0073069296,0.99982344,-401.6628,187.72823,1305.7597,0.01563243,0.0057855541,0.0074800452,0.99983309
1782290084.910248,913.97041,226.09682,1140.3091,-0.64180785,0.62177807,-0.31803468,0.31674698,-281.86095,-49.378134,970.88885,0.010279074,0.013929723,0.0073069296,0.99982344,-401.6628,187.72823,1305.7597,0.01563243,0.0057855541,0.0074800452,0.99983309
1782290084.920250,913.97041,226.09682,1140.3091,-0.64180785,0.62177807,-0.31803468,0.31674698,-281.86095,-49.378134,970.88885,0.010279074,0.013929723,0.0073069296,0.99982344,-401.6628,187.72823,1305.7597,0.01563243,0.0057855541,0.0074800452,0.99983309
1782290084.930265,913.97041,226.09682,1140.3091,-0.64180785,0.62177807,-0.31803468,0.31674698,-281.86095,-49.378134,970.88885,0.010279074,0.013929723,0.0073069296,0.99982344,-401.6628,187.72823,1305.7597,0.01563243,0.0057855541,0.0074800452,0.99983309
1782290084.940254,913.97041,226.09682,1140.3091,-0.64180785,0.62177807,-0.31803468,0.31674698,-281.86095,-49.378134,970.88885,0.010279074,0.013929723,0.0073069296,0.99982344,-401.6628,187.72823,1305.7597,0.01563243,0.0057855541,0.0074800452,0.99983309
1782290084.950277,913.97041,226.09682,1140.3091,-0.64180785,0.62177807,-0.31803468,0.31674698,-281.86095,-49.378134,970.88885,0.010279074,0.013929723,0.0073069296,0.99982344,-401.6628,187.72823,1305.7597,0.01563243,0.0057855541,0.0074800452,0.99983309
1782290084.960295,913.97041,226.09682,1140.3091,-0.64180785,0.62177807,-0.31803468,0.31674698,-281.86095,-49.378134,970.88885,0.010279074,0.013929723,0.0073069296,0.99982344,-401.6628,187.72823,1305.7597,0.01563243,0.0057855541,0.0074800452,0.99983309
1782290084.970266,913.96254,226.11086,1140.322,-0.64181363,0.62177276,-0.31803059,0.31674981,-281.88145,-49.392261,970.8752,0.010452875,0.013817816,0.0071491519,0.99982433,-401.65421,187.7072,1305.7637,0.015660776,0.0057504419,0.0076345224,0.99983168
1782290084.980243,913.96713,226.10915,1140.3148,-0.64181233,0.621781,-0.31802094,0.31674597,-281.88875,-49.40518,970.88039,0.010297848,0.013814797,0.0075100619,0.99982334,-401.66533,187.70194,1305.764,0.015809164,0.0057006385,0.0076895014,0.99982921
1782290084.990248,913.96713,226.10915,1140.3148,-0.64181233,0.621781,-0.31802094,0.31674597,-281.88875,-49.40518,970.88039,0.010297848,0.013814797,0.0075100619,0.99982334,-401.66533,187.70194,1305.764,0.015809164,0.0057006385,0.0076895014,0.99982921
1782290085.000255,913.96713,226.10915,1140.3148,-0.64181233,0.621781,-0.31802094,0.31674597,-281.88875,-49.40518,970.88039,0.010297848,0.013814797,0.0075100619,0.99982334,-401.66533,187.70194,1305.764,0.015809164,0.0057006385,0.0076895014,0.99982921
1782290085.010262,913.96713,226.10915,1140.3148,-0.64181233,0.621781,-0.31802094,0.31674597,-281.88875,-49.40518,970.88039,0.010297848,0.013814797,0.0075100619,0.99982334,-401.66533,187.70194,1305.764,0.015809164,0.0057006385,0.0076895014,0.99982921
1782290085.020236,913.96713,226.10915,1140.3148,-0.64181233,0.621781,-0.31802094,0.31674597,-281.88875,-49.40518,970.88039,0.010297848,0.013814797,0.0075100619,0.99982334,-401.66533,187.70194,1305.764,0.015809164,0.0057006385,0.0076895014,0.99982921
1782290085.030232,913.96713,226.10915,1140.3148,-0.64181233,0.621781,-0.31802094,0.31674597,-281.88875,-49.40518,970.88039,0.010297848,0.013814797,0.0075100619,0.99982334,-401.66533,187.70194,1305.764,0.015809164,0.0057006385,0.0076895014,0.99982921
1782290085.040231,913.96713,226.10915,1140.3148,-0.64181233,0.621781,-0.31802094,0.31674597,-281.88875,-49.40518,970.88039,0.010297848,0.013814797,0.0075100619,0.99982334,-401.66533,187.70194,1305.764,0.015809164,0.0057006385,0.0076895014,0.99982921
1782290085.050231,913.96713,226.10915,1140.3148,-0.64181233,0.621781,-0.31802094,0.31674597,-281.88875,-49.40518,970.88039,0.010297848,0.013814797,0.0075100619,0.99982334,-401.66533,187.70194,1305.764,0.015809164,0.0057006385,0.0076895014,0.99982921
1782290085.060240,913.96713,226.10915,1140.3148,-0.64181233,0.621781,-0.31802094,0.31674597,-281.88875,-49.40518,970.88039,0.010297848,0.013814797,0.0075100619,0.99982334,-401.66533,187.70194,1305.764,0.015809164,0.0057006385,0.0076895014,0.99982921
1782290085.070240,913.96713,226.10915,1140.3148,-0.64181233,0.621781,-0.31802094,0.31674597,-281.88875,-49.40518,970.88039,0.010297848,0.013814797,0.0075100619,0.99982334,-401.66533,187.70194,1305.764,0.015809164,0.0057006385,0.0076895014,0.99982921
1782290085.080238,913.96713,226.10915,1140.3148,-0.64181233,0.621781,-0.31802094,0.31674597,-281.88875,-49.40518,970.88039,0.010297848,0.013814797,0.0075100619,0.99982334,-401.66533,187.70194,1305.764,0.015809164,0.0057006385,0.0076895014,0.99982921
1782290085.090233,913.96713,226.10915,1140.3148,-0.64181233,0.621781,-0.31802094,0.31674597,-281.88875,-49.40518,970.88039,0.010297848,0.013814797,0.0075100619,0.99982334,-401.66533,187.70194,1305.764,0.015809164,0.0057006385,0.0076895014,0.99982921
1782290085.100232,913.95873,226.09594,1140.3229,-0.6418225,0.62177454,-0.31801676,0.31674223,-281.88458,-49.391896,970.88403,0.010379895,0.013816597,0.0070508596,0.99982581,-401.66774,187.6868,1305.7773,0.015901786,0.0056998496,0.0077326281,0.99982741
1782290085.110266,913.97274,226.12052,1140.3068,-0.64180357,0.62176717,-0.31804773,0.31676397,-281.88187,-49.360305,970.83771,0.01044162,0.013796664,0.0068827425,0.99982661,-401.66581,187.72744,1305.7591,0.016015144,0.0057696198,0.0077329643,0.9998252
1782290085.120263,913.97274,226.12052,1140.3068,-0.64180357,0.62176717,-0.31804773,0.31676397,-281.88187,-49.360305,970.83771,0.01044162,0.013796664,0.0068827425,0.99982661,-401.66581,187.72744,1305.7591,0.016015144,0.0057696198,0.0077329643,0.9998252
1782290085.130254,913.97274,226.12052,1140.3068,-0.64180357,0.62176717,-0.31804773,0.31676397,-281.88187,-49.360305,970.83771,0.01044162,0.013796664,0.0068827425,0.99982661,-401.66581,187.72744,1305.7591,0.016015144,0.0057696198,0.0077329643,0.9998252
1782290085.140247,913.97274,226.12052,1140.3068,-0.64180357,0.62176717,-0.31804773,0.31676397,-281.88187,-49.360305,970.83771,0.01044162,0.013796664,0.0068827425,0.99982661,-401.66581,187.72744,1305.7591,0.016015144,0.0057696198,0.0077329643,0.9998252
1782290085.150256,913.97274,226.12052,1140.3068,-0.64180357,0.62176717,-0.31804773,0.31676397,-281.88187,-49.360305,970.83771,0.01044162,0.013796664,0.0068827425,0.99982661,-401.66581,187.72744,1305.7591,0.016015144,0.0057696198,0.0077329643,0.9998252
1782290085.160251,913.97274,226.12052,1140.3068,-0.64180357,0.62176717,-0.31804773,0.31676397,-281.88187,-49.360305,970.83771,0.01044162,0.013796664,0.0068827425,0.99982661,-401.66581,187.72744,1305.7591,0.016015144,0.0057696198,0.0077329643,0.9998252
1782290085.170262,913.96534,226.12227,1140.3302,-0.64181475,0.62177126,-0.31802674,0.31675433,-281.85871,-49.383525,970.89374,0.0103751,0.013913341,0.0072680297,0.99982296,-401.65812,187.70064,1305.765,0.016031317,0.0055807773,0.0078239153,0.9998253
1782290085.180296,913.96463,226.11405,1140.3211,-0.64181769,0.62177473,-0.31802577,0.31674257,-281.84363,-49.357116,970.90417,0.010238359,0.013956876,0.0070421125,0.99982538,-401.66619,187.71589,1305.7691,0.016039785,0.005652336,0.0077838876,0.99982508
1782290085.190273,913.96141,226.11146,1140.3162,-0.64180501,0.62177618,-0.31803391,0.31675724,-281.87075,-49.372107,970.86996,0.010322804,0.013839039,0.0070800236,0.99982588,-401.66259,187.71008,1305.7686,0.016107862,0.0055642478,0.0078255799,0.99982415
1782290085.200259,913.96141,226.11146,1140.3162,-0.64180501,0.62177618,-0.31803391,0.31675724,-281.87075,-49.372107,970.86996,0.010322804,0.013839039,0.0070800236,0.99982588,-401.66259,187.71008,1305.7686,0.016107862,0.0055642478,0.0078255799,0.99982415
1782290085.210274,913.95903,226.11251,1140.3195,-0.64181459,0.6217776,-0.3180207,0.31674829,-281.87531,-49.376626,970.86161,0.010366387,0.013752059,0.0070621299,0.99982676,-401.66539,187.70939,1305.7711,0.016116618,0.0056060336,0.0077891845,0.99982406
1782290085.220274,913.95903,226.11251,1140.3195,-0.64181459,0.6217776,-0.3180207,0.31674829,-281.87531,-49.376626,970.86161,0.010366387,0.013752059,0.0070621299,0.99982676,-401.66539,187.70939,1305.7711,0.016116618,0.0056060336,0.0077891845,0.99982406
1782290085.230259,913.95903,226.11251,1140.3195,-0.64181459,0.6217776,-0.3180207,0.31674829,-281.87531,-49.376626,970.86161,0.010366387,0.013752059,0.0070621299,0.99982676,-401.66539,187.70939,1305.7711,0.016116618,0.0056060336,0.0077891845,0.99982406
1782290085.240252,913.95903,226.11251,1140.3195,-0.64181459,0.6217776,-0.3180207,0.31674829,-281.87531,-49.376626,970.86161,0.010366387,0.013752059,0.0070621299,0.99982676,-401.66539,187.70939,1305.7711,0.016116618,0.0056060336,0.0077891845,0.99982406
1782290085.250257,913.95903,226.11251,1140.3195,-0.64181459,0.6217776,-0.3180207,0.31674829,-281.87531,-49.376626,970.86161,0.010366387,0.013752059,0.0070621299,0.99982676,-401.66539,187.70939,1305.7711,0.016116618,0.0056060336,0.0077891845,0.99982406
1782290085.260258,913.95903,226.11251,1140.3195,-0.64181459,0.6217776,-0.3180207,0.31674829,-281.87531,-49.376626,970.86161,0.010366387,0.013752059,0.0070621299,0.99982676,-401.66539,187.70939,1305.7711,0.016116618,0.0056060336,0.0077891845,0.99982406
1782290085.270582,913.95998,226.11071,1140.3201,-0.64181947,0.621773,-0.31802821,0.31673989,-281.87531,-49.376626,970.86161,0.010366387,0.013752059,0.0070621299,0.99982676,-401.66539,187.70939,1305.7711,0.016116618,0.0056060336,0.0077891845,0.99982406
1782290085.280281,913.9688,226.09755,1140.3244,-0.64180857,0.62178147,-0.31801713,0.31675649,-281.85984,-49.363226,970.8814,0.010389709,0.013905945,0.0067386083,0.99982662,-401.66783,187.71327,1305.7657,0.01596331,0.0056083987,0.0077049123,0.99982716
1782290085.290438,913.96946,226.1187,1140.3195,-0.64179502,0.62177376,-0.31804137,0.31677474,-281.87391,-49.372137,970.86859,0.010428114,0.013849872,0.0068922555,0.99982595,-401.66929,187.74372,1305.7814,0.015787892,0.0058558802,0.0076062539,0.99982928
1782290085.300286,913.96725,226.11716,1140.3214,-0.64181279,0.62177615,-0.31802621,0.31674927,-281.86876,-49.387939,970.89046,0.010320159,0.013900475,0.0073186835,0.99982334,-401.66727,187.7635,1305.7873,0.015675913,0.0059126479,0.007498434,0.99983153
1782290085.310303,913.96791,226.11858,1140.3173,-0.64180942,0.62177451,-0.31803075,0.31675474,-281.85734,-49.352132,970.88563,0.010306293,0.013964562,0.0070496104,0.99982452,-401.67075,187.75165,1305.7938,0.015639496,0.005941876,0.0075525932,0.99983152
1782290085.320296,913.96791,226.11858,1140.3173,-0.64180942,0.62177451,-0.31803075,0.31675474,-281.85734,-49.352132,970.88563,0.010306293,0.013964562,0.0070496104,0.99982452,-401.67075,187.75165,1305.7938,0.015639496,0.005941876,0.0075525932,0.99983152
1782290085.330259,913.96791,226.11858,1140.3173,-0.64180942,0.62177451,-0.31803075,0.31675474,-281.85734,-49.352132,970.88563,0.010306293,0.013964562,0.0070496104,0.99982452,-401.67075,187.75165,1305.7938,0.015639496,0.005941876,0.0075525932,0.99983152
1782290085.340273,913.96791,226.11858,1140.3173,-0.64180942,0.62177451,-0.31803075,0.31675474,-281.85734,-49.352132,970.88563,0.010306293,0.013964562,0.0070496104,0.99982452,-401.67075,187.75165,1305.7938,0.015639496,0.005941876,0.0075525932,0.99983152
1782290085.350281,913.96791,226.11858,1140.3173,-0.64180942,0.62177451,-0.31803075,0.31675474,-281.85734,-49.352132,970.88563,0.010306293,0.013964562,0.0070496104,0.99982452,-401.67075,187.75165,1305.7938,0.015639496,0.005941876,0.0075525932,0.99983152
1782290085.360304,913.96791,226.11858,1140.3173,-0.64180942,0.62177451,-0.31803075,0.31675474,-281.85734,-49.352132,970.88563,0.010306293,0.013964562,0.0070496104,0.99982452,-401.67075,187.75165,1305.7938,0.015639496,0.005941876,0.0075525932,0.99983152
1782290085.370326,913.96791,226.11858,1140.3173,-0.64180942,0.62177451,-0.31803075,0.31675474,-281.85734,-49.352132,970.88563,0.010306293,0.013964562,0.0070496104,0.99982452,-401.67075,187.75165,1305.7938,0.015639496,0.005941876,0.0075525932,0.99983152
1782290085.380279,913.96421,226.1021,1140.3248,-0.64181109,0.62177784,-0.31801928,0.31675634,-281.85505,-49.365081,970.8789,0.010349336,0.013888752,0.0068305833,0.99982665,-401.6661,187.76162,1305.7935,0.015524745,0.0060458947,0.0073986585,0.99983383
1782290085.390303,913.96844,226.09347,1140.3238,-0.64181574,0.62178047,-0.31801591,0.31674514,-281.86262,-49.375705,970.88629,0.01031039,0.013857163,0.0069804385,0.99982646,-401.6687,187.73565,1305.7886,0.015531161,0.0060189599,0.0074667673,0.99983339
1782290085.401611,913.9654,226.09602,1140.3205,-0.64181057,0.62177781,-0.31802731,0.31674938,-281.86262,-49.375705,970.88629,0.01031039,0.013857163,0.0069804385,0.99982646,-401.6785,187.75766,1305.7909,0.015544948,0.006126711,0.0074005031,0.99983301
1782290085.410262,913.9654,226.09602,1140.3205,-0.64181057,0.62177781,-0.31802731,0.31674938,-281.85964,-49.397197,970.90185,0.010233704,0.013949331,0.0074012076,0.99982294,-401.6785,187.75766,1305.7909,0.015544948,0.006126711,0.0074005031,0.99983301
1782290085.420262,913.9654,226.09602,1140.3205,-0.64181057,0.62177781,-0.31802731,0.31674938,-281.85964,-49.397197,970.90185,0.010233704,0.013949331,0.0074012076,0.99982294,-401.6785,187.75766,1305.7909,0.015544948,0.006126711,0.0074005031,0.99983301
1782290085.430287,913.9654,226.09602,1140.3205,-0.64181057,0.62177781,-0.31802731,0.31674938,-281.85964,-49.397197,970.90185,0.010233704,0.013949331,0.0074012076,0.99982294,-401.6785,187.75766,1305.7909,0.015544948,0.006126711,0.0074005031,0.99983301
1782290085.440295,913.9654,226.09602,1140.3205,-0.64181057,0.62177781,-0.31802731,0.31674938,-281.85964,-49.397197,970.90185,0.010233704,0.013949331,0.0074012076,0.99982294,-401.6785,187.75766,1305.7909,0.015544948,0.006126711,0.0074005031,0.99983301
1782290085.450284,913.9654,226.09602,1140.3205,-0.64181057,0.62177781,-0.31802731,0.31674938,-281.85964,-49.397197,970.90185,0.010233704,0.013949331,0.0074012076,0.99982294,-401.6785,187.75766,1305.7909,0.015544948,0.006126711,0.0074005031,0.99983301
1782290085.460279,913.9654,226.09602,1140.3205,-0.64181057,0.62177781,-0.31802731,0.31674938,-281.85964,-49.397197,970.90185,0.010233704,0.013949331,0.0074012076,0.99982294,-401.6785,187.75766,1305.7909,0.015544948,0.006126711,0.0074005031,0.99983301
1782290085.470271,913.9654,226.09602,1140.3205,-0.64181057,0.62177781,-0.31802731,0.31674938,-281.85964,-49.397197,970.90185,0.010233704,0.013949331,0.0074012076,0.99982294,-401.6785,187.75766,1305.7909,0.015544948,0.006126711,0.0074005031,0.99983301
1782290085.480271,913.96302,226.10672,1140.3211,-0.64180118,0.6217742,-0.31803542,0.31676736,-281.86256,-49.389854,970.89827,0.010245006,0.013913851,0.0074154278,0.99982321,-401.67466,187.75165,1305.7848,0.015636259,0.0061022368,0.0074591403,0.9998313
1782290085.490270,913.95915,226.11351,1140.33,-0.64179722,0.6217731,-0.31803657,0.31677638,-281.85803,-49.345791,970.88182,0.010188907,0.013982336,0.0071493989,0.99982477,-401.66843,187.75752,1305.7721,0.015683636,0.0061566197,0.0074554766,0.99983025
1782290085.500264,913.95998,226.11287,1140.3241,-0.64180334,0.62177463,-0.3180312,0.31676636,-281.8836,-49.368247,970.87222,0.010409371,0.013836946,0.0069265335,0.99982609,-401.66694,187.7313,1305.7632,0.015602698,0.006133385,0.0075498269,0.99983095
1782290085.510258,913.95342,226.11459,1140.335,-0.64180083,0.62176455,-0.31804011,0.3167823,-281.85266,-49.400002,970.89595,0.010303005,0.013954136,0.0073820216,0.9998223,-401.65713,187.75646,1305.7863,0.01565539,0.0061392954,0.0074398961,0.99983092
1782290085.520261,913.95342,226.11459,1140.335,-0.64180083,0.62176455,-0.31804011,0.3167823,-281.85266,-49.400002,970.89595,0.010303005,0.013954136,0.0073820216,0.9998223,-401.65713,187.75646,1305.7863,0.01565539,0.0061392954,0.0074398961,0.99983092
1782290085.530247,913.95342,226.11459,1140.335,-0.64180083,0.62176455,-0.31804011,0.3167823,-281.85266,-49.400002,970.89595,0.010303005,0.013954136,0.0073820216,0.9998223,-401.65713,187.75646,1305.7863,0.01565539,0.0061392954,0.0074398961,0.99983092
1782290085.540238,913.95342,226.11459,1140.335,-0.64180083,0.62176455,-0.31804011,0.3167823,-281.85266,-49.400002,970.89595,0.010303005,0.013954136,0.0073820216,0.9998223,-401.65713,187.75646,1305.7863,0.01565539,0.0061392954,0.0074398961,0.99983092
1782290085.550251,913.95342,226.11459,1140.335,-0.64180083,0.62176455,-0.31804011,0.3167823,-281.85266,-49.400002,970.89595,0.010303005,0.013954136,0.0073820216,0.9998223,-401.65713,187.75646,1305.7863,0.01565539,0.0061392954,0.0074398961,0.99983092
1782290085.560247,913.95342,226.11459,1140.335,-0.64180083,0.62176455,-0.31804011,0.3167823,-281.85266,-49.400002,970.89595,0.010303005,0.013954136,0.0073820216,0.9998223,-401.65713,187.75646,1305.7863,0.01565539,0.0061392954,0.0074398961,0.99983092
1782290085.570262,913.95342,226.11459,1140.335,-0.64180083,0.62176455,-0.31804011,0.3167823,-281.85266,-49.400002,970.89595,0.010303005,0.013954136,0.0073820216,0.9998223,-401.65713,187.75646,1305.7863,0.01565539,0.0061392954,0.0074398961,0.99983092
1782290085.580258,913.96207,226.10632,1140.3288,-0.64180069,0.62177848,-0.31803533,0.31676003,-281.86464,-49.396813,970.88081,0.010346197,0.013826387,0.0071386228,0.9998254,-401.66888,187.75468,1305.7832,0.015704889,0.0061629479,0.0074500682,0.99982992
1782290085.590270,913.96165,226.10387,1140.3309,-0.64180263,0.6217788,-0.31802584,0.31676502,-281.87546,-49.394332,970.87699,0.010490267,0.01380464,0.0069713767,0.99982538,-401.66888,187.75468,1305.7832,0.015704889,0.0061629479,0.0074500682,0.99982992
1782290085.600276,913.96677,226.09869,1140.3284,-0.64180821,0.62178289,-0.31801936,0.31675219,-281.8512,-49.367353,970.9205,0.010295829,0.013972166,0.0071080048,0.99982411,-401.66157,187.73988,1305.7752,0.015661762,0.0061091081,0.0074898491,0.99983063
1782290085.610272,913.9697,226.0974,1140.3223,-0.64180016,0.62177925,-0.31802627,0.3167687,-281.88089,-49.414746,970.89767,0.010378746,0.013853593,0.0073120798,0.99982343,-401.66548,187.74191,1305.7643,0.015638776,0.0061097544,0.0074958204,0.99983094
1782290085.620272,913.9697,226.0974,1140.3223,-0.64180016,0.62177925,-0.31802627,0.3167687,-281.88089,-49.414746,970.89767,0.010378746,0.013853593,0.0073120798,0.99982343,-401.66548,187.74191,1305.7643,0.015638776,0.0061097544,0.0074958204,0.99983094
1782290085.630271,913.9697,226.0974,1140.3223,-0.64180016,0.62177925,-0.31802627,0.3167687,-281.88089,-49.414746,970.89767,0.010378746,0.013853593,0.0073120798,0.99982343,-401.66548,187.74191,1305.7643,0.015638776,0.0061097544,0.0074958204,0.99983094
1782290085.640262,913.9697,226.0974,1140.3223,-0.64180016,0.62177925,-0.31802627,0.3167687,-281.88089,-49.414746,970.89767,0.010378746,0.013853593,0.0073120798,0.99982343,-401.66548,187.74191,1305.7643,0.015638776,0.0061097544,0.0074958204,0.99983094
1782290085.650240,913.9697,226.0974,1140.3223,-0.64180016,0.62177925,-0.31802627,0.3167687,-281.88089,-49.414746,970.89767,0.010378746,0.013853593,0.0073120798,0.99982343,-401.66548,187.74191,1305.7643,0.015638776,0.0061097544,0.0074958204,0.99983094
1782290085.660260,913.9697,226.0974,1140.3223,-0.64180016,0.62177925,-0.31802627,0.3167687,-281.88089,-49.414746,970.89767,0.010378746,0.013853593,0.0073120798,0.99982343,-401.66548,187.74191,1305.7643,0.015638776,0.0061097544,0.0074958204,0.99983094
1782290085.670245,913.9697,226.0974,1140.3223,-0.64180016,0.62177925,-0.31802627,0.3167687,-281.88089,-49.414746,970.89767,0.010378746,0.013853593,0.0073120798,0.99982343,-401.66548,187.74191,1305.7643,0.015638776,0.0061097544,0.0074958204,0.99983094
1782290085.680254,913.9697,226.0974,1140.3223,-0.64180016,0.62177925,-0.31802627,0.3167687,-281.88089,-49.414746,970.89767,0.010378746,0.013853593,0.0073120798,0.99982343,-401.66548,187.74191,1305.7643,0.015638776,0.0061097544,0.0074958204,0.99983094
1782290085.690289,913.96749,226.10551,1140.3123,-0.64179652,0.62178009,-0.31803295,0.31676772,-281.87531,-49.407378,970.89738,0.010253738,0.013906915,0.0075669894,0.99982208,-401.67001,187.74943,1305.7774,0.01568307,0.0061357138,0.0074891719,0.99983014
1782290085.700240,913.96201,226.10052,1140.3068,-0.64180369,0.62177719,-0.31803445,0.31675739,-281.84995,-49.411006,970.90667,0.010338206,0.013998878,0.0074355111,0.99982092,-401.67013,187.72335,1305.7756,0.015723544,0.0060754512,0.0075588058,0.99982935
1782290085.710238,913.95944,226.09705,1140.3141,-0.64180844,0.62178378,-0.31801634,0.31675299,-281.86256,-49.396504,970.90769,0.010269437,0.013930122,0.0073819329,0.99982298,-401.67081,187.71806,1305.7786,0.015702766,0.0061220211,0.0075477101,0.99982947
1782290085.720324,913.95843,226.09279,1140.3142,-0.64180601,0.62177837,-0.31802142,0.31676346,-281.88381,-49.418483,970.87407,0.01043948,0.013795016,0.007093716,0.99982518,-401.66819,187.71945,1305.7868,0.015692184,0.0061573237,0.007534814,0.99982952
1782290085.730255,913.95843,226.09279,1140.3142,-0.64180601,0.62177837,-0.31802142,0.31676346,-281.88381,-49.418483,970.87407,0.01043948,0.013795016,0.007093716,0.99982518,-401.66819,187.71945,1305.7868,0.015692184,0.0061573237,0.007534814,0.99982952
1782290085.740237,913.95843,226.09279,1140.3142,-0.64180601,0.62177837,-0.31802142,0.31676346,-281.88381,-49.418483,970.87407,0.01043948,0.013795016,0.007093716,0.99982518,-401.66819,187.71945,1305.7868,0.015692184,0.0061573237,0.007534814,0.99982952
1782290085.750265,913.95843,226.09279,1140.3142,-0.64180601,0.62177837,-0.31802142,0.31676346,-281.88381,-49.418483,970.87407,0.01043948,0.013795016,0.007093716,0.99982518,-401.66819,187.71945,1305.7868,0.015692184,0.0061573237,0.007534814,0.99982952
1782290085.760273,913.95843,226.09279,1140.3142,-0.64180601,0.62177837,-0.31802142,0.31676346,-281.88381,-49.418483,970.87407,0.01043948,0.013795016,0.007093716,0.99982518,-401.66819,187.71945,1305.7868,0.015692184,0.0061573237,0.007534814,0.99982952
1782290085.770247,913.95843,226.09279,1140.3142,-0.64180601,0.62177837,-0.31802142,0.31676346,-281.88381,-49.418483,970.87407,0.01043948,0.013795016,0.007093716,0.99982518,-401.66819,187.71945,1305.7868,0.015692184,0.0061573237,0.007534814,0.99982952
1782290085.780435,913.95843,226.09279,1140.3142,-0.64180601,0.62177837,-0.31802142,0.31676346,-281.88381,-49.418483,970.87407,0.01043948,0.013795016,0.007093716,0.99982518,-401.66819,187.71945,1305.7868,0.015692184,0.0061573237,0.007534814,0.99982952
1782290085.790278,913.96248,226.0973,1140.3236,-0.64181167,0.62177831,-0.31801519,0.31675834,-281.88461,-49.395792,970.8693,0.010334747,0.013723495,0.0070271612,0.99982772,-401.6819,187.74681,1305.7995,0.015714576,0.0061802788,0.0074707664,0.99982951
1782290085.800267,913.9635,226.10039,1140.3183,-0.64180434,0.62176895,-0.31803259,0.3167741,-281.86923,-49.395926,970.87377,0.010435234,0.013858538,0.0069602182,0.99982529,-401.67731,187.73168,1305.7811,0.015684255,0.0060647946,0.0075695319,0.99982995
1782290085.810292,913.96582,226.10533,1140.3155,-0.6418007,0.62177456,-0.31803939,0.31676364,-281.88339,-49.41361,970.85696,0.010434755,0.013744001,0.0070337396,0.99982636,-401.67972,187.74164,1305.7823,0.015701611,0.0060548088,0.0075615535,0.9998298
1782290085.820281,913.96582,226.10533,1140.3155,-0.6418007,0.62177456,-0.31803939,0.31676364,-281.88339,-49.41361,970.85696,0.010434755,0.013744001,0.0070337396,0.99982636,-401.67972,187.74164,1305.7823,0.015701611,0.0060548088,0.0075615535,0.9998298
1782290085.830246,913.96582,226.10533,1140.3155,-0.6418007,0.62177456,-0.31803939,0.31676364,-281.88339,-49.41361,970.85696,0.010434755,0.013744001,0.0070337396,0.99982636,-401.67972,187.74164,1305.7823,0.015701611,0.0060548088,0.0075615535,0.9998298
1782290085.840236,913.96582,226.10533,1140.3155,-0.6418007,0.62177456,-0.31803939,0.31676364,-281.88339,-49.41361,970.85696,0.010434755,0.013744001,0.0070337396,0.99982636,-401.67972,187.74164,1305.7823,0.015701611,0.0060548088,0.0075615535,0.9998298
1782290085.850232,913.96582,226.10533,1140.3155,-0.6418007,0.62177456,-0.31803939,0.31676364,-281.88339,-49.41361,970.85696,0.010434755,0.013744001,0.0070337396,0.99982636,-401.67972,187.74164,1305.7823,0.015701611,0.0060548088,0.0075615535,0.9998298
1782290085.860243,913.96582,226.10533,1140.3155,-0.6418007,0.62177456,-0.31803939,0.31676364,-281.88339,-49.41361,970.85696,0.010434755,0.013744001,0.0070337396,0.99982636,-401.67972,187.74164,1305.7823,0.015701611,0.0060548088,0.0075615535,0.9998298
1782290085.870240,913.96582,226.10533,1140.3155,-0.6418007,0.62177456,-0.31803939,0.31676364,-281.88339,-49.41361,970.85696,0.010434755,0.013744001,0.0070337396,0.99982636,-401.67972,187.74164,1305.7823,0.015701611,0.0060548088,0.0075615535,0.9998298
1782290085.880245,913.96582,226.10533,1140.3155,-0.6418007,0.62177456,-0.31803939,0.31676364,-281.88339,-49.41361,970.85696,0.010434755,0.013744001,0.0070337396,0.99982636,-401.67972,187.74164,1305.7823,0.015701611,0.0060548088,0.0075615535,0.9998298
1782290085.890261,913.96582,226.10533,1140.3155,-0.6418007,0.62177456,-0.31803939,0.31676364,-281.88339,-49.41361,970.85696,0.010434755,0.013744001,0.0070337396,0.99982636,-401.67972,187.74164,1305.7823,0.015701611,0.0060548088,0.0075615535,0.9998298
1782290085.900284,913.96582,226.10533,1140.3155,-0.6418007,0.62177456,-0.31803939,0.31676364,-281.88339,-49.41361,970.85696,0.010434755,0.013744001,0.0070337396,0.99982636,-401.67972,187.74164,1305.7823,0.015701611,0.0060548088,0.0075615535,0.9998298
1782290085.910258,913.96064,226.10863,1140.3207,-0.64179503,0.62177753,-0.31803441,0.3167743,-281.86482,-49.368329,970.88563,0.010277529,0.01389681,0.0070296042,0.9998259,-401.67111,187.7296,1305.7858,0.015655073,0.0060808163,0.00757535,0.99983026
1782290085.920261,913.95342,226.10784,1140.3188,-0.64179825,0.62177234,-0.31804019,0.31677216,-281.87603,-49.385916,970.89845,0.010292827,0.013853561,0.0072243206,0.99982496,-401.67901,187.74477,1305.7897,0.015726053,0.0059753982,0.007542324,0.99983004
1782290085.930262,913.95342,226.10784,1140.3188,-0.64179825,0.62177234,-0.31804019,0.31677216,-281.87603,-49.385916,970.89845,0.010292827,0.013853561,0.0072243206,0.99982496,-401.67901,187.74477,1305.7897,0.015726053,0.0059753982,0.007542324,0.99983004
1782290085.940258,913.95342,226.10784,1140.3188,-0.64179825,0.62177234,-0.31804019,0.31677216,-281.87603,-49.385916,970.89845,0.010292827,0.013853561,0.0072243206,0.99982496,-401.67901,187.74477,1305.7897,0.015726053,0.0059753982,0.007542324,0.99983004
1782290085.950266,913.95342,226.10784,1140.3188,-0.64179825,0.62177234,-0.31804019,0.31677216,-281.87603,-49.385916,970.89845,0.010292827,0.013853561,0.0072243206,0.99982496,-401.67901,187.74477,1305.7897,0.015726053,0.0059753982,0.007542324,0.99983004
1782290085.960265,913.95342,226.10784,1140.3188,-0.64179825,0.62177234,-0.31804019,0.31677216,-281.87603,-49.385916,970.89845,0.010292827,0.013853561,0.0072243206,0.99982496,-401.67901,187.74477,1305.7897,0.015726053,0.0059753982,0.007542324,0.99983004
1782290085.970252,913.95342,226.10784,1140.3188,-0.64179825,0.62177234,-0.31804019,0.31677216,-281.87603,-49.385916,970.89845,0.010292827,0.013853561,0.0072243206,0.99982496,-401.67901,187.74477,1305.7897,0.015726053,0.0059753982,0.007542324,0.99983004
1782290085.980262,913.95342,226.10784,1140.3188,-0.64179825,0.62177234,-0.31804019,0.31677216,-281.87603,-49.385916,970.89845,0.010292827,0.013853561,0.0072243206,0.99982496,-401.67901,187.74477,1305.7897,0.015726053,0.0059753982,0.007542324,0.99983004
1782290085.990262,913.95134,226.10749,1140.3284,-0.6418019,0.62177104,-0.31803754,0.31676996,-281.87603,-49.385916,970.89845,0.010292827,0.013853561,0.0072243206,0.99982496,-401.67642,187.74197,1305.7808,0.015765254,0.0059782174,0.0075333389,0.99982947
1782290086.000257,913.95438,226.11009,1140.3216,-0.64180499,0.62176996,-0.3180353,0.31676808,-281.8732,-49.350724,970.87741,0.010367107,0.01384772,0.0066974491,0.99982794,-401.67773,187.74934,1305.7909,0.015757499,0.0060013618,0.0075447807,0.99982937
1782290086.010261,913.95438,226.11009,1140.3216,-0.64180499,0.62176996,-0.3180353,0.31676808,-281.89328,-49.390733,970.88349,0.010366072,0.013822524,0.0073041949,0.99982405,-401.67877,187.75623,1305.7883,0.015767359,0.0060105482,0.0075689674,0.99982897
1782290086.020268,913.9564,226.11725,1140.3149,-0.64180351,0.62177259,-0.31803307,0.31676817,-281.8917,-49.381968,970.89249,0.010270537,0.01383631,0.0074954181,0.99982343,-401.67746,187.7576,1305.7861,0.015782659,0.0060263971,0.0075377151,0.99982887
1782290086.030267,913.95342,226.12,1140.3166,-0.64179753,0.62176858,-0.31804388,0.31677728,-281.86154,-49.32994,970.90721,0.010214474,0.013961313,0.0070538615,0.99982548,-401.67955,187.75505,1305.7797,0.015831004,0.0059969262,0.007556145,0.99982815
1782290086.040262,913.95342,226.12,1140.3166,-0.64179753,0.62176858,-0.31804388,0.31677728,-281.86154,-49.32994,970.90721,0.010214474,0.013961313,0.0070538615,0.99982548,-401.67955,187.75505,1305.7797,0.015831004,0.0059969262,0.007556145,0.99982815
1782290086.050255,913.95342,226.12,1140.3166,-0.64179753,0.62176858,-0.31804388,0.31677728,-281.86154,-49.32994,970.90721,0.010214474,0.013961313,0.0070538615,0.99982548,-401.67955,187.75505,1305.7797,0.015831004,0.0059969262,0.007556145,0.99982815
1782290086.060271,913.95342,226.12,1140.3166,-0.64179753,0.62176858,-0.31804388,0.31677728,-281.86154,-49.32994,970.90721,0.010214474,0.013961313,0.0070538615,0.99982548,-401.67955,187.75505,1305.7797,0.015831004,0.0059969262,0.007556145,0.99982815
1782290086.070268,913.95342,226.12,1140.3166,-0.64179753,0.62176858,-0.31804388,0.31677728,-281.86154,-49.32994,970.90721,0.010214474,0.013961313,0.0070538615,0.99982548,-401.67955,187.75505,1305.7797,0.015831004,0.0059969262,0.007556145,0.99982815
1782290086.080263,913.95342,226.12,1140.3166,-0.64179753,0.62176858,-0.31804388,0.31677728,-281.86154,-49.32994,970.90721,0.010214474,0.013961313,0.0070538615,0.99982548,-401.67955,187.75505,1305.7797,0.015831004,0.0059969262,0.007556145,0.99982815
1782290086.090276,913.95247,226.1191,1140.3182,-0.64180129,0.62176722,-0.3180415,0.31677472,-281.86154,-49.32994,970.90721,0.010214474,0.013961313,0.0070538615,0.99982548,-401.67293,187.73481,1305.7748,0.015763158,0.005937185,0.00762238,0.99982907
1782290086.100273,913.9564,226.114,1140.3115,-0.6418069,0.62177158,-0.3180393,0.31675702,-281.90634,-49.367201,970.88313,0.010352978,0.013802396,0.0071654976,0.99982547,-401.6856,187.73849,1305.7762,0.015744892,0.0059184527,0.0076198686,0.99982949
1782290086.110266,913.95253,226.10962,1140.311,-0.64180891,0.62176846,-0.31803795,0.31676041,-281.89087,-49.376316,970.89159,0.010342197,0.013867816,0.0073801951,0.99982311,-401.68381,187.74629,1305.7823,0.015794516,0.0059330621,0.0075758125,0.99982895
1782290086.120266,913.9629,226.10338,1140.3072,-0.64181518,0.62177645,-0.31802612,0.31674391,-281.894,-49.35395,970.86245,0.010403195,0.013766484,0.0067386652,0.99982841,-401.67791,187.74264,1305.7847,0.015718915,0.0059538601,0.0075604395,0.99983014
1782290086.130272,913.9629,226.10338,1140.3072,-0.64181518,0.62177645,-0.31802612,0.31674391,-281.894,-49.35395,970.86245,0.010403195,0.013766484,0.0067386652,0.99982841,-401.67791,187.74264,1305.7847,0.015718915,0.0059538601,0.0075604395,0.99983014
1782290086.140266,913.9629,226.10338,1140.3072,-0.64181518,0.62177645,-0.31802612,0.31674391,-281.894,-49.35395,970.86245,0.010403195,0.013766484,0.0067386652,0.99982841,-401.67791,187.74264,1305.7847,0.015718915,0.0059538601,0.0075604395,0.99983014
1782290086.150266,913.9629,226.10338,1140.3072,-0.64181518,0.62177645,-0.31802612,0.31674391,-281.894,-49.35395,970.86245,0.010403195,0.013766484,0.0067386652,0.99982841,-401.67791,187.74264,1305.7847,0.015718915,0.0059538601,0.0075604395,0.99983014
1782290086.160264,913.9629,226.10338,1140.3072,-0.64181518,0.62177645,-0.31802612,0.31674391,-281.894,-49.35395,970.86245,0.010403195,0.013766484,0.0067386652,0.99982841,-401.67791,187.74264,1305.7847,0.015718915,0.0059538601,0.0075604395,0.99983014
1782290086.170263,913.9629,226.10338,1140.3072,-0.64181518,0.62177645,-0.31802612,0.31674391,-281.894,-49.35395,970.86245,0.010403195,0.013766484,0.0067386652,0.99982841,-401.67791,187.74264,1305.7847,0.015718915,0.0059538601,0.0075604395,0.99983014
1782290086.180262,913.9629,226.10338,1140.3072,-0.64181518,0.62177645,-0.31802612,0.31674391,-281.894,-49.35395,970.86245,0.010403195,0.013766484,0.0067386652,0.99982841,-401.67791,187.74264,1305.7847,0.015718915,0.0059538601,0.0075604395,0.99983014
1782290086.190260,913.9629,226.10338,1140.3072,-0.64181518,0.62177645,-0.31802612,0.31674391,-281.894,-49.35395,970.86245,0.010403195,0.013766484,0.0067386652,0.99982841,-401.67791,187.74264,1305.7847,0.015718915,0.0059538601,0.0075604395,0.99983014
1782290086.200271,913.96403,226.10934,1140.3102,-0.64181036,0.62177247,-0.31803548,0.31675211,-281.88142,-49.355321,970.87955,0.010293892,0.013859367,0.0070310667,0.99982624,-401.67671,187.74882,1305.7926,0.015785687,0.0060068186,0.0075510309,0.99982884
1782290086.210320,913.95158,226.10731,1140.322,-0.64180149,0.6217729,-0.31802989,0.31677482,-281.86885,-49.321286,970.88265,0.010308615,0.013917507,0.0067763554,0.99982704,-401.67767,187.72958,1305.7638,0.015754807,0.0058631905,0.0076406181,0.9998295
1782290086.220264,913.94943,226.10864,1140.3141,-0.64180122,0.62177137,-0.31803628,0.31677197,-281.87704,-49.346201,970.87753,0.010376433,0.013901741,0.0068721828,0.99982591,-401.68136,187.73833,1305.7716,0.015772849,0.0059761915,0.0075469885,0.99982926
1782290086.230264,913.94943,226.10864,1140.3141,-0.64180122,0.62177137,-0.31803628,0.31677197,-281.87704,-49.346201,970.87753,0.010376433,0.013901741,0.0068721828,0.99982591,-401.68136,187.73833,1305.7716,0.015772849,0.0059761915,0.0075469885,0.99982926
1782290086.240258,913.94943,226.10864,1140.3141,-0.64180122,0.62177137,-0.31803628,0.31677197,-281.87704,-49.346201,970.87753,0.010376433,0.013901741,0.0068721828,0.99982591,-401.68136,187.73833,1305.7716,0.015772849,0.0059761915,0.0075469885,0.99982926
1782290086.250260,913.94943,226.10864,1140.3141,-0.64180122,0.62177137,-0.31803628,0.31677197,-281.87704,-49.346201,970.87753,0.010376433,0.013901741,0.0068721828,0.99982591,-401.68136,187.73833,1305.7716,0.015772849,0.0059761915,0.0075469885,0.99982926
1782290086.260274,913.94943,226.10864,1140.3141,-0.64180122,0.62177137,-0.31803628,0.31677197,-281.87704,-49.346201,970.87753,0.010376433,0.013901741,0.0068721828,0.99982591,-401.68136,187.73833,1305.7716,0.015772849,0.0059761915,0.0075469885,0.99982926
1782290086.270266,913.94943,226.10864,1140.3141,-0.64180122,0.62177137,-0.31803628,0.31677197,-281.87704,-49.346201,970.87753,0.010376433,0.013901741,0.0068721828,0.99982591,-401.68136,187.73833,1305.7716,0.015772849,0.0059761915,0.0075469885,0.99982926
1782290086.280265,913.94943,226.10864,1140.3141,-0.64180122,0.62177137,-0.31803628,0.31677197,-281.87704,-49.346201,970.87753,0.010376433,0.013901741,0.0068721828,0.99982591,-401.68136,187.73833,1305.7716,0.015772849,0.0059761915,0.0075469885,0.99982926
1782290086.290269,913.94943,226.10864,1140.3141,-0.64180122,0.62177137,-0.31803628,0.31677197,-281.87704,-49.346201,970.87753,0.010376433,0.013901741,0.0068721828,0.99982591,-401.68136,187.73833,1305.7716,0.015772849,0.0059761915,0.0075469885,0.99982926
1782290086.300269,913.95128,226.10411,1140.3086,-0.6417986,0.62176417,-0.31805717,0.31677043,-281.88106,-49.385183,970.87228,0.010310911,0.013889163,0.0071154903,0.99982506,-401.67594,187.74648,1305.7729,0.015784441,0.0058997744,0.007578548,0.99982929
1782290086.310268,913.9564,226.11581,1140.3162,-0.64180083,0.62176217,-0.31805951,0.31676749,-281.86148,-49.350988,970.87026,0.010367267,0.013906477,0.0067248422,0.99982694,-401.66655,187.71756,1305.7693,0.015735915,0.0059212874,0.0076173156,0.99982963
1782290086.320320,913.96421,226.1108,1140.3075,-0.64181054,0.62176764,-0.31804699,0.31674966,-281.85216,-49.366109,970.87371,0.010376943,0.013913281,0.006636581,0.99982733,-401.67654,187.73103,1305.7809,0.015790567,0.0060740104,0.0075213663,0.99982858
1782290086.330273,913.95754,226.11313,1140.3111,-0.64179993,0.62176556,-0.31805638,0.31676582,-281.85216,-49.366109,970.87371,0.010376943,0.013913281,0.006636581,0.99982733,-401.66801,187.71528,1305.7678,0.01575926,0.0060080804,0.0075996919,0.99982888
1782290086.340263,913.95754,226.11313,1140.3111,-0.64179993,0.62176556,-0.31805638,0.31676582,-281.85216,-49.366109,970.87371,0.010376943,0.013913281,0.006636581,0.99982733,-401.66801,187.71528,1305.7678,0.01575926,0.0060080804,0.0075996919,0.99982888
1782290086.350264,913.95754,226.11313,1140.3111,-0.64179993,0.62176556,-0.31805638,0.31676582,-281.85216,-49.366109,970.87371,0.010376943,0.013913281,0.006636581,0.99982733,-401.66801,187.71528,1305.7678,0.01575926,0.0060080804,0.0075996919,0.99982888
1782290086.360265,913.95754,226.11313,1140.3111,-0.64179993,0.62176556,-0.31805638,0.31676582,-281.85216,-49.366109,970.87371,0.010376943,0.013913281,0.006636581,0.99982733,-401.66801,187.71528,1305.7678,0.01575926,0.0060080804,0.0075996919,0.99982888
1782290086.370260,913.95754,226.11313,1140.3111,-0.64179993,0.62176556,-0.31805638,0.31676582,-281.85216,-49.366109,970.87371,0.010376943,0.013913281,0.006636581,0.99982733,-401.66801,187.71528,1305.7678,0.01575926,0.0060080804,0.0075996919,0.99982888
1782290086.380258,913.95754,226.11313,1140.3111,-0.64179993,0.62176556,-0.31805638,0.31676582,-281.85216,-49.366109,970.87371,0.010376943,0.013913281,0.006636581,0.99982733,-401.66801,187.71528,1305.7678,0.01575926,0.0060080804,0.0075996919,0.99982888
1782290086.390259,913.95754,226.11313,1140.3111,-0.64179993,0.62176556,-0.31805638,0.31676582,-281.85216,-49.366109,970.87371,0.010376943,0.013913281,0.006636581,0.99982733,-401.66801,187.71528,1305.7678,0.01575926,0.0060080804,0.0075996919,0.99982888
1782290086.400269,913.96046,226.10982,1140.325,-0.6417961,0.62177007,-0.31804725,0.31677388,-281.85353,-49.41437,970.89541,0.010293103,0.013952678,0.0074128145,0.9998222,-401.67114,187.7244,1305.7663,0.015789461,0.0059064982,0.0076333755,0.99982875
1782290086.410271,913.95587,226.10237,1140.3148,-0.64180075,0.6217684,-0.31804528,0.31676971,-281.88255,-49.407691,970.86543,0.010345451,0.013803398,0.0070703585,0.99982621,-401.67817,187.73863,1305.7779,0.015791015,0.0059903661,0.0075646657,0.99982875
1782290086.420271,913.94365,226.09869,1140.3017,-0.64180195,0.62176108,-0.31806064,0.31676623,-281.87782,-49.358644,970.88253,0.0103273,0.013885517,0.0068987671,0.99982646,-401.68002,187.73161,1305.7715,0.015777203,0.0059441226,0.0075682769,0.99982922
1782290086.430270,913.94573,226.10152,1140.3114,-0.64180057,0.62176375,-0.31805413,0.31677031,-281.88759,-49.383961,970.88087,0.010410757,0.013812731,0.0070109702,0.99982582,-401.67376,187.71124,1305.7575,0.015711879,0.0059150082,0.0076138057,0.99983008
1782290086.440266,913.94573,226.10152,1140.3114,-0.64180057,0.62176375,-0.31805413,0.31677031,-281.88759,-49.383961,970.88087,0.010410757,0.013812731,0.0070109702,0.99982582,-401.67376,187.71124,1305.7575,0.015711879,0.0059150082,0.0076138057,0.99983008
1782290086.450265,913.94573,226.10152,1140.3114,-0.64180057,0.62176375,-0.31805413,0.31677031,-281.88759,-49.383961,970.88087,0.010410757,0.013812731,0.0070109702,0.99982582,-401.67376,187.71124,1305.7575,0.015711879,0.0059150082,0.0076138057,0.99983008
1782290086.460276,913.94573,226.10152,1140.3114,-0.64180057,0.62176375,-0.31805413,0.31677031,-281.88759,-49.383961,970.88087,0.010410757,0.013812731,0.0070109702,0.99982582,-401.67376,187.71124,1305.7575,0.015711879,0.0059150082,0.0076138057,0.99983008
1782290086.470268,913.94573,226.10152,1140.3114,-0.64180057,0.62176375,-0.31805413,0.31677031,-281.88759,-49.383961,970.88087,0.010410757,0.013812731,0.0070109702,0.99982582,-401.67376,187.71124,1305.7575,0.015711879,0.0059150082,0.0076138057,0.99983008
1782290086.480272,913.94573,226.10152,1140.3114,-0.64180057,0.62176375,-0.31805413,0.31677031,-281.88759,-49.383961,970.88087,0.010410757,0.013812731,0.0070109702,0.99982582,-401.67376,187.71124,1305.7575,0.015711879,0.0059150082,0.0076138057,0.99983008
1782290086.490269,913.94573,226.10152,1140.3114,-0.64180057,0.62176375,-0.31805413,0.31677031,-281.88759,-49.383961,970.88087,0.010410757,0.013812731,0.0070109702,0.99982582,-401.67376,187.71124,1305.7575,0.015711879,0.0059150082,0.0076138057,0.99983008
1782290086.500273,913.94573,226.10152,1140.3114,-0.64180057,0.62176375,-0.31805413,0.31677031,-281.88759,-49.383961,970.88087,0.010410757,0.013812731,0.0070109702,0.99982582,-401.67376,187.71124,1305.7575,0.015711879,0.0059150082,0.0076138057,0.99983008
1782290086.510270,913.95891,226.10731,1140.3161,-0.64180357,0.6217751,-0.31803665,0.3167595,-281.85982,-49.365707,970.90095,0.010253517,0.01398514,0.0071920083,0.99982376,-401.67484,187.73152,1305.7816,0.015818247,0.005976016,0.0075783923,0.9998283
1782290086.520277,913.96731,226.10562,1140.3137,-0.64180367,0.62177722,-0.31803697,0.31675484,-281.87242,-49.380384,970.88474,0.01034963,0.013924918,0.0070854786,0.99982437,-401.66959,187.73746,1305.7804,0.015776891,0.0059505401,0.0075590072,0.99982926
1782290086.530273,913.96731,226.10562,1140.3137,-0.64180367,0.62177722,-0.31803697,0.31675484,-281.87242,-49.380384,970.88474,0.01034963,0.013924918,0.0070854786,0.99982437,-401.66959,187.73746,1305.7804,0.015776891,0.0059505401,0.0075590072,0.99982926
1782290086.540271,913.96767,226.10784,1140.3109,-0.64179819,0.62177586,-0.31803908,0.3167665,-281.86715,-49.373109,970.88599,0.010321209,0.013885738,0.0070869291,0.9998252,-401.67078,187.73063,1305.7668,0.015775465,0.0059329927,0.0075827877,0.9998292
1782290086.550268,913.96767,226.10784,1140.3109,-0.64179819,0.62177586,-0.31803908,0.3167665,-281.86715,-49.373109,970.88599,0.010321209,0.013885738,0.0070869291,0.9998252,-401.67078,187.73063,1305.7668,0.015775465,0.0059329927,0.0075827877,0.9998292
1782290086.560262,913.96767,226.10784,1140.3109,-0.64179819,0.62177586,-0.31803908,0.3167665,-281.86715,-49.373109,970.88599,0.010321209,0.013885738,0.0070869291,0.9998252,-401.67078,187.73063,1305.7668,0.015775465,0.0059329927,0.0075827877,0.9998292
1782290086.570264,913.96767,226.10784,1140.3109,-0.64179819,0.62177586,-0.31803908,0.3167665,-281.86715,-49.373109,970.88599,0.010321209,0.013885738,0.0070869291,0.9998252,-401.67078,187.73063,1305.7668,0.015775465,0.0059329927,0.0075827877,0.9998292
1782290086.580265,913.96767,226.10784,1140.3109,-0.64179819,0.62177586,-0.31803908,0.3167665,-281.86715,-49.373109,970.88599,0.010321209,0.013885738,0.0070869291,0.9998252,-401.67078,187.73063,1305.7668,0.015775465,0.0059329927,0.0075827877,0.9998292
1782290086.590262,913.96767,226.10784,1140.3109,-0.64179819,0.62177586,-0.31803908,0.3167665,-281.86715,-49.373109,970.88599,0.010321209,0.013885738,0.0070869291,0.9998252,-401.67078,187.73063,1305.7668,0.015775465,0.0059329927,0.0075827877,0.9998292
1782290086.600262,913.96767,226.10784,1140.3109,-0.64179819,0.62177586,-0.31803908,0.3167665,-281.86715,-49.373109,970.88599,0.010321209,0.013885738,0.0070869291,0.9998252,-401.67078,187.73063,1305.7668,0.015775465,0.0059329927,0.0075827877,0.9998292
1782290086.610293,913.96141,226.11147,1140.3208,-0.64178926,0.62177736,-0.31804672,0.31677398,-281.87248,-49.399618,970.87622,0.010420883,0.013860173,0.0072386818,0.99982344,-401.65982,187.71742,1305.7625,0.015727949,0.0059374891,0.0075849962,0.99982991
1782290086.620269,913.95497,226.10494,1140.3108,-0.64180332,0.6217702,-0.3180396,0.31676668,-281.87254,-49.38497,970.88683,0.010317158,0.013868883,0.0072472271,0.99982433,-401.66563,187.70783,1305.7585,0.015786215,0.0059282782,0.0075739358,0.99982913
1782290086.630271,913.95801,226.10247,1140.3149,-0.64180397,0.62176984,-0.31803909,0.31676659,-281.87862,-49.388289,970.89154,0.010276838,0.013920578,0.0073875661,0.999823,-401.66071,187.70812,1305.7569,0.015765335,0.00588652,0.0075864449,0.99982961
1782290086.640268,913.95772,226.10262,1140.3111,-0.64180351,0.62177457,-0.3180405,0.31675682,-281.88172,-49.360003,970.86304,0.010379874,0.013823684,0.0067302301,0.99982792,-401.67099,187.72195,1305.7628,0.015764697,0.0059631938,0.007536207,0.99982955
1782290086.650277,913.95772,226.10262,1140.3111,-0.64180351,0.62177457,-0.3180405,0.31675682,-281.88172,-49.360003,970.86304,0.010379874,0.013823684,0.0067302301,0.99982792,-401.67099,187.72195,1305.7628,0.015764697,0.0059631938,0.007536207,0.99982955
1782290086.660438,913.95772,226.10262,1140.3111,-0.64180351,0.62177457,-0.3180405,0.31675682,-281.88172,-49.360003,970.86304,0.010379874,0.013823684,0.0067302301,0.99982792,-401.67099,187.72195,1305.7628,0.015764697,0.0059631938,0.007536207,0.99982955
1782290086.670356,913.95772,226.10262,1140.3111,-0.64180351,0.62177457,-0.3180405,0.31675682,-281.88172,-49.360003,970.86304,0.010379874,0.013823684,0.0067302301,0.99982792,-401.67099,187.72195,1305.7628,0.015764697,0.0059631938,0.007536207,0.99982955
1782290086.680285,913.95772,226.10262,1140.3111,-0.64180351,0.62177457,-0.3180405,0.31675682,-281.88172,-49.360003,970.86304,0.010379874,0.013823684,0.0067302301,0.99982792,-401.67099,187.72195,1305.7628,0.015764697,0.0059631938,0.007536207,0.99982955
1782290086.690271,913.95772,226.10262,1140.3111,-0.64180351,0.62177457,-0.3180405,0.31675682,-281.88172,-49.360003,970.86304,0.010379874,0.013823684,0.0067302301,0.99982792,-401.67099,187.72195,1305.7628,0.015764697,0.0059631938,0.007536207,0.99982955
1782290086.700270,913.95772,226.10262,1140.3111,-0.64180351,0.62177457,-0.3180405,0.31675682,-281.88172,-49.360003,970.86304,0.010379874,0.013823684,0.0067302301,0.99982792,-401.67099,187.72195,1305.7628,0.015764697,0.0059631938,0.007536207,0.99982955
1782290086.710269,913.96457,226.0931,1140.3121,-0.64180566,0.62177814,-0.31803272,0.31675325,-281.88038,-49.423639,970.88134,0.01038493,0.013826331,0.0072298529,0.99982434,-401.66193,187.70102,1305.7563,0.015707328,0.0058781235,0.0075928609,0.99983052
1782290086.720267,913.96397,226.10365,1140.3134,-0.64180594,0.62177819,-0.31802478,0.31676057,-281.86315,-49.389221,970.8904,0.010342131,0.013933027,0.0071002599,0.99982423,-401.6721,187.72812,1305.7674,0.015728502,0.0059154177,0.0075849772,0.99983003
1782290086.730266,913.96397,226.10365,1140.3134,-0.64180594,0.62177819,-0.31802478,0.31676057,-281.86315,-49.389221,970.8904,0.010342131,0.013933027,0.0071002599,0.99982423,-401.6721,187.72812,1305.7674,0.015728502,0.0059154177,0.0075849772,0.99983003
1782290086.740268,913.96397,226.10365,1140.3134,-0.64180594,0.62177819,-0.31802478,0.31676057,-281.86315,-49.389221,970.8904,0.010342131,0.013933027,0.0071002599,0.99982423,-401.6721,187.72812,1305.7674,0.015728502,0.0059154177,0.0075849772,0.99983003
1782290086.750270,913.96397,226.10365,1140.3134,-0.64180594,0.62177819,-0.31802478,0.31676057,-281.86315,-49.389221,970.8904,0.010342131,0.013933027,0.0071002599,0.99982423,-401.6721,187.72812,1305.7674,0.015728502,0.0059154177,0.0075849772,0.99983003
1782290086.760262,913.96397,226.10365,1140.3134,-0.64180594,0.62177819,-0.31802478,0.31676057,-281.86315,-49.389221,970.8904,0.010342131,0.013933027,0.0071002599,0.99982423,-401.6721,187.72812,1305.7674,0.015728502,0.0059154177,0.0075849772,0.99983003
1782290086.770264,913.96397,226.10365,1140.3134,-0.64180594,0.62177819,-0.31802478,0.31676057,-281.86315,-49.389221,970.8904,0.010342131,0.013933027,0.0071002599,0.99982423,-401.6721,187.72812,1305.7674,0.015728502,0.0059154177,0.0075849772,0.99983003
1782290086.780264,913.96397,226.10365,1140.3134,-0.64180594,0.62177819,-0.31802478,0.31676057,-281.86315,-49.389221,970.8904,0.010342131,0.013933027,0.0071002599,0.99982423,-401.6721,187.72812,1305.7674,0.015728502,0.0059154177,0.0075849772,0.99983003
1782290086.790264,913.96397,226.10365,1140.3134,-0.64180594,0.62177819,-0.31802478,0.31676057,-281.86315,-49.389221,970.8904,0.010342131,0.013933027,0.0071002599,0.99982423,-401.6721,187.72812,1305.7674,0.015728502,0.0059154177,0.0075849772,0.99983003
1782290086.800267,913.96397,226.10365,1140.3134,-0.64180594,0.62177819,-0.31802478,0.31676057,-281.86315,-49.389221,970.8904,0.010342131,0.013933027,0.0071002599,0.99982423,-401.6721,187.72812,1305.7674,0.015728502,0.0059154177,0.0075849772,0.99983003
1782290086.810266,913.96397,226.10365,1140.3134,-0.64180594,0.62177819,-0.31802478,0.31676057,-281.86315,-49.389221,970.8904,0.010342131,0.013933027,0.0071002599,0.99982423,-401.6721,187.72812,1305.7674,0.015728502,0.0059154177,0.0075849772,0.99983003
1782290086.820267,913.96397,226.10365,1140.3134,-0.64180594,0.62177819,-0.31802478,0.31676057,-281.86315,-49.389221,970.8904,0.010342131,0.013933027,0.0071002599,0.99982423,-401.6721,187.72812,1305.7674,0.015728502,0.0059154177,0.0075849772,0.99983003
1782290086.830261,913.96397,226.10365,1140.3134,-0.64180594,0.62177819,-0.31802478,0.31676057,-281.86315,-49.389221,970.8904,0.010342131,0.013933027,0.0071002599,0.99982423,-401.6721,187.72812,1305.7674,0.015728502,0.0059154177,0.0075849772,0.99983003
1782290086.840267,913.95962,226.10837,1140.2979,-0.64181309,0.62177723,-0.31803217,0.31674054,-281.86691,-49.37388,970.86847,0.010309888,0.013898631,0.0069102575,0.99982638,-401.6628,187.70695,1305.7493,0.015711382,0.0058511638,0.0076453707,0.99983022
1782290086.850268,913.96588,226.10833,1140.3245,-0.64180911,0.62177623,-0.31802774,0.31675503,-281.85222,-49.391821,970.87502,0.010403213,0.013892009,0.0069300668,0.99982536,-401.65681,187.71784,1305.7649,0.015742222,0.0058051114,0.007594492,0.99983039
1782290086.860278,913.9688,226.10462,1140.3085,-0.64180577,0.62177384,-0.31804174,0.31675243,-281.88404,-49.4208,970.87204,0.01037493,0.013787866,0.0074645778,0.99982325,-401.6622,187.72273,1305.7606,0.015771986,0.0058692915,0.0075708992,0.99982972
1782290086.870269,913.9688,226.10462,1140.3085,-0.64180577,0.62177384,-0.31804174,0.31675243,-281.88404,-49.4208,970.87204,0.01037493,0.013787866,0.0074645778,0.99982325,-401.6622,187.72273,1305.7606,0.015771986,0.0058692915,0.0075708992,0.99982972
1782290086.880266,913.9688,226.10462,1140.3085,-0.64180577,0.62177384,-0.31804174,0.31675243,-281.88404,-49.4208,970.87204,0.01037493,0.013787866,0.0074645778,0.99982325,-401.6622,187.72273,1305.7606,0.015771986,0.0058692915,0.0075708992,0.99982972
1782290086.890262,913.9688,226.10462,1140.3085,-0.64180577,0.62177384,-0.31804174,0.31675243,-281.88404,-49.4208,970.87204,0.01037493,0.013787866,0.0074645778,0.99982325,-401.6622,187.72273,1305.7606,0.015771986,0.0058692915,0.0075708992,0.99982972
1782290086.900263,913.9688,226.10462,1140.3085,-0.64180577,0.62177384,-0.31804174,0.31675243,-281.88404,-49.4208,970.87204,0.01037493,0.013787866,0.0074645778,0.99982325,-401.6622,187.72273,1305.7606,0.015771986,0.0058692915,0.0075708992,0.99982972
1782290086.910266,913.96952,226.105,1140.3058,-0.6418143,0.62177606,-0.31802854,0.31674403,-281.86253,-49.387664,970.87818,0.010322973,0.013892342,0.0071313406,0.99982478,-401.65827,187.69699,1305.7483,0.01577751,0.0057189171,0.0076682269,0.99982977
1782290086.920269,913.95795,226.09907,1140.309,-0.64179592,0.62177288,-0.31804829,0.31676769,-281.84748,-49.374197,970.89434,0.010254219,0.01399403,0.0070450323,0.99982468,-401.67701,187.72368,1305.7549,0.015745037,0.0058579831,0.0076414968,0.99982968
1782290086.930274,913.95795,226.09907,1140.309,-0.64179592,0.62177288,-0.31804829,0.31676769,-281.84748,-49.374197,970.89434,0.010254219,0.01399403,0.0070450323,0.99982468,-401.67701,187.72368,1305.7549,0.015745037,0.0058579831,0.0076414968,0.99982968
1782290086.940274,913.96356,226.1079,1140.3078,-0.64180493,0.62177038,-0.31804383,0.31675881,-281.84891,-49.404789,970.89136,0.010197574,0.013996437,0.0074478228,0.9998223,-401.66804,187.72408,1305.7539,0.015738224,0.005835126,0.0076330777,0.99982998
1782290086.950267,913.96356,226.1079,1140.3078,-0.64180493,0.62177038,-0.31804383,0.31675881,-281.84891,-49.404789,970.89136,0.010197574,0.013996437,0.0074478228,0.9998223,-401.66804,187.72408,1305.7539,0.015738224,0.005835126,0.0076330777,0.99982998
1782290086.960262,913.96356,226.1079,1140.3078,-0.64180493,0.62177038,-0.31804383,0.31675881,-281.84891,-49.404789,970.89136,0.010197574,0.013996437,0.0074478228,0.9998223,-401.66804,187.72408,1305.7539,0.015738224,0.005835126,0.0076330777,0.99982998
1782290086.970257,913.96356,226.1079,1140.3078,-0.64180493,0.62177038,-0.31804383,0.31675881,-281.84891,-49.404789,970.89136,0.010197574,0.013996437,0.0074478228,0.9998223,-401.66804,187.72408,1305.7539,0.015738224,0.005835126,0.0076330777,0.99982998
1782290086.980264,913.96356,226.1079,1140.3078,-0.64180493,0.62177038,-0.31804383,0.31675881,-281.84891,-49.404789,970.89136,0.010197574,0.013996437,0.0074478228,0.9998223,-401.66804,187.72408,1305.7539,0.015738224,0.005835126,0.0076330777,0.99982998
1782290086.990263,913.96356,226.1079,1140.3078,-0.64180493,0.62177038,-0.31804383,0.31675881,-281.84891,-49.404789,970.89136,0.010197574,0.013996437,0.0074478228,0.9998223,-401.66804,187.72408,1305.7539,0.015738224,0.005835126,0.0076330777,0.99982998
1782290087.000269,913.96356,226.1079,1140.3078,-0.64180493,0.62177038,-0.31804383,0.31675881,-281.84891,-49.404789,970.89136,0.010197574,0.013996437,0.0074478228,0.9998223,-401.66804,187.72408,1305.7539,0.015738224,0.005835126,0.0076330777,0.99982998
1782290087.010265,913.96356,226.1079,1140.3078,-0.64180493,0.62177038,-0.31804383,0.31675881,-281.84891,-49.404789,970.89136,0.010197574,0.013996437,0.0074478228,0.9998223,-401.66804,187.72408,1305.7539,0.015738224,0.005835126,0.0076330777,0.99982998
1782290087.020271,913.96356,226.1079,1140.3078,-0.64180493,0.62177038,-0.31804383,0.31675881,-281.84891,-49.404789,970.89136,0.010197574,0.013996437,0.0074478228,0.9998223,-401.66804,187.72408,1305.7539,0.015738224,0.005835126,0.0076330777,0.99982998
1782290087.030271,913.96767,226.10843,1140.3065,-0.64180337,0.62177407,-0.31804239,0.31675618,-281.84581,-49.365897,970.88051,0.010322163,0.013981224,0.0069230442,0.99982501,-401.6521,187.69389,1305.751,0.015680122,0.005775367,0.0076634841,0.99983101
1782290087.040274,913.97047,226.10211,1140.3173,-0.64180702,0.62178236,-0.31802622,0.31674874,-281.86053,-49.387164,970.87288,0.010446884,0.013866035,0.0068482338,0.99982583,-401.6538,187.70027,1305.7473,0.01565746,0.0057818931,0.0076498393,0.99983143
1782290087.050266,913.96606,226.1045,1140.3147,-0.64181124,0.62177514,-0.31802412,0.31675648,-281.84626,-49.38519,970.89297,0.010299312,0.013949569,0.0071682905,0.99982396,-401.66169,187.72276,1305.7568,0.015744877,0.0057727425,0.0076113612,0.99983041
1782290087.060284,913.96606,226.1045,1140.3147,-0.64181124,0.62177514,-0.31802412,0.31675648,-281.85588,-49.397849,970.88754,0.01033411,0.013905021,0.0072384004,0.99982372,-401.66092,187.71523,1305.7508,0.015708508,0.0057396515,0.0076252654,0.99983106
1782290087.070278,913.96606,226.1045,1140.3147,-0.64181124,0.62177514,-0.31802412,0.31675648,-281.85588,-49.397849,970.88754,0.01033411,0.013905021,0.0072384004,0.99982372,-401.66092,187.71523,1305.7508,0.015708508,0.0057396515,0.0076252654,0.99983106
1782290087.080273,913.96606,226.1045,1140.3147,-0.64181124,0.62177514,-0.31802412,0.31675648,-281.85588,-49.397849,970.88754,0.01033411,0.013905021,0.0072384004,0.99982372,-401.66092,187.71523,1305.7508,0.015708508,0.0057396515,0.0076252654,0.99983106
1782290087.090267,913.96606,226.1045,1140.3147,-0.64181124,0.62177514,-0.31802412,0.31675648,-281.85588,-49.397849,970.88754,0.01033411,0.013905021,0.0072384004,0.99982372,-401.66092,187.71523,1305.7508,0.015708508,0.0057396515,0.0076252654,0.99983106
1782290087.100267,913.96606,226.1045,1140.3147,-0.64181124,0.62177514,-0.31802412,0.31675648,-281.85588,-49.397849,970.88754,0.01033411,0.013905021,0.0072384004,0.99982372,-401.66092,187.71523,1305.7508,0.015708508,0.0057396515,0.0076252654,0.99983106
1782290087.110263,913.96606,226.1045,1140.3147,-0.64181124,0.62177514,-0.31802412,0.31675648,-281.85588,-49.397849,970.88754,0.01033411,0.013905021,0.0072384004,0.99982372,-401.66092,187.71523,1305.7508,0.015708508,0.0057396515,0.0076252654,0.99983106
1782290087.120269,913.96606,226.1045,1140.3147,-0.64181124,0.62177514,-0.31802412,0.31675648,-281.85588,-49.397849,970.88754,0.01033411,0.013905021,0.0072384004,0.99982372,-401.66092,187.71523,1305.7508,0.015708508,0.0057396515,0.0076252654,0.99983106
1782290087.130271,913.96445,226.10822,1140.3118,-0.64180476,0.62177044,-0.31804085,0.31676203,-281.8985,-49.403027,970.86751,0.010469466,0.013818074,0.0071205237,0.99982436,-401.66461,187.69211,1305.739,0.015714769,0.0057331864,0.0077028297,0.99983041
1782290087.140278,913.96379,226.10688,1140.3061,-0.64180468,0.62177424,-0.31803407,0.31676155,-281.85904,-49.390726,970.89559,0.010210501,0.013984592,0.0075945411,0.99982123,-401.66283,187.71252,1305.7554,0.015692755,0.0057775302,0.0076145733,0.99983117
1782290087.150268,913.96379,226.10688,1140.3061,-0.64180468,0.62177424,-0.31803407,0.31676155,-281.85904,-49.390726,970.89559,0.010210501,0.013984592,0.0075945411,0.99982123,-401.66283,187.71252,1305.7554,0.015692755,0.0057775302,0.0076145733,0.99983117
1782290087.160268,913.96379,226.10688,1140.3061,-0.64180468,0.62177424,-0.31803407,0.31676155,-281.85904,-49.390726,970.89559,0.010210501,0.013984592,0.0075945411,0.99982123,-401.66283,187.71252,1305.7554,0.015692755,0.0057775302,0.0076145733,0.99983117
1782290087.170268,913.96379,226.10688,1140.3061,-0.64180468,0.62177424,-0.31803407,0.31676155,-281.85904,-49.390726,970.89559,0.010210501,0.013984592,0.0075945411,0.99982123,-401.66283,187.71252,1305.7554,0.015692755,0.0057775302,0.0076145733,0.99983117
1782290087.180266,913.96379,226.10688,1140.3061,-0.64180468,0.62177424,-0.31803407,0.31676155,-281.85904,-49.390726,970.89559,0.010210501,0.013984592,0.0075945411,0.99982123,-401.66283,187.71252,1305.7554,0.015692755,0.0057775302,0.0076145733,0.99983117
1782290087.190265,913.96379,226.10688,1140.3061,-0.64180468,0.62177424,-0.31803407,0.31676155,-281.85904,-49.390726,970.89559,0.010210501,0.013984592,0.0075945411,0.99982123,-401.66283,187.71252,1305.7554,0.015692755,0.0057775302,0.0076145733,0.99983117
1782290087.200263,913.96379,226.10688,1140.3061,-0.64180468,0.62177424,-0.31803407,0.31676155,-281.85904,-49.390726,970.89559,0.010210501,0.013984592,0.0075945411,0.99982123,-401.66283,187.71252,1305.7554,0.015692755,0.0057775302,0.0076145733,0.99983117
1782290087.210263,913.96379,226.10688,1140.3061,-0.64180468,0.62177424,-0.31803407,0.31676155,-281.85904,-49.390726,970.89559,0.010210501,0.013984592,0.0075945411,0.99982123,-401.66283,187.71252,1305.7554,0.015692755,0.0057775302,0.0076145733,0.99983117
1782290087.220273,913.96588,226.10603,1140.3251,-0.64179837,0.62178128,-0.31803158,0.31676301,-281.87776,-49.374916,970.88081,0.010323152,0.013884297,0.0071400991,0.99982482,-401.66646,187.71665,1305.7626,0.015719435,0.0058260272,0.0076061058,0.99983054
1782290087.230267,913.96081,226.10794,1140.3306,-0.64180702,0.62177581,-0.3180292,0.31675861,-281.86363,-49.378701,970.90149,0.010372741,0.013896542,0.0070213344,0.99982498,-401.65403,187.69701,1305.7562,0.015628977,0.0056551346,0.0076775928,0.99983239
1782290087.240263,913.95664,226.10557,1140.3112,-0.64180611,0.62176756,-0.31804057,0.31676524,-281.87433,-49.373835,970.88283,0.010394807,0.01387375,0.0069045284,0.99982588,-401.65678,187.69291,1305.7531,0.015664252,0.0057780336,0.007666636,0.99983122
1782290087.250265,913.95664,226.10557,1140.3112,-0.64180611,0.62176756,-0.31804057,0.31676524,-281.87433,-49.373835,970.88283,0.010394807,0.01387375,0.0069045284,0.99982588,-401.65678,187.69291,1305.7531,0.015664252,0.0057780336,0.007666636,0.99983122
1782290087.260271,913.95664,226.10557,1140.3112,-0.64180611,0.62176756,-0.31804057,0.31676524,-281.87433,-49.373835,970.88283,0.010394807,0.01387375,0.0069045284,0.99982588,-401.65678,187.69291,1305.7531,0.015664252,0.0057780336,0.007666636,0.99983122
1782290087.270259,913.95664,226.10557,1140.3112,-0.64180611,0.62176756,-0.31804057,0.31676524,-281.87433,-49.373835,970.88283,0.010394807,0.01387375,0.0069045284,0.99982588,-401.65678,187.69291,1305.7531,0.015664252,0.0057780336,0.007666636,0.99983122
1782290087.280260,913.95664,226.10557,1140.3112,-0.64180611,0.62176756,-0.31804057,0.31676524,-281.87433,-49.373835,970.88283,0.010394807,0.01387375,0.0069045284,0.99982588,-401.65678,187.69291,1305.7531,0.015664252,0.0057780336,0.007666636,0.99983122
1782290087.290258,913.95664,226.10557,1140.3112,-0.64180611,0.62176756,-0.31804057,0.31676524,-281.87433,-49.373835,970.88283,0.010394807,0.01387375,0.0069045284,0.99982588,-401.65678,187.69291,1305.7531,0.015664252,0.0057780336,0.007666636,0.99983122
1782290087.300264,913.95664,226.10557,1140.3112,-0.64180611,0.62176756,-0.31804057,0.31676524,-281.87433,-49.373835,970.88283,0.010394807,0.01387375,0.0069045284,0.99982588,-401.65678,187.69291,1305.7531,0.015664252,0.0057780336,0.007666636,0.99983122
1782290087.310262,913.95664,226.10557,1140.3112,-0.64180611,0.62176756,-0.31804057,0.31676524,-281.87433,-49.373835,970.88283,0.010394807,0.01387375,0.0069045284,0.99982588,-401.65678,187.69291,1305.7531,0.015664252,0.0057780336,0.007666636,0.99983122
1782290087.320267,913.95664,226.10557,1140.3112,-0.64180611,0.62176756,-0.31804057,0.31676524,-281.87433,-49.373835,970.88283,0.010394807,0.01387375,0.0069045284,0.99982588,-401.65678,187.69291,1305.7531,0.015664252,0.0057780336,0.007666636,0.99983122
1782290087.330264,913.94711,226.11055,1140.3222,-0.64179516,0.6217649,-0.31805056,0.31678262,-281.89477,-49.390249,970.89005,0.010343343,0.013763879,0.0072960167,0.99982515,-401.67457,187.71952,1305.76,0.015724841,0.0058395682,0.0076467772,0.99983006
1782290087.340262,913.95396,226.10913,1140.3223,-0.64180051,0.62177037,-0.31804648,0.31676512,-281.863,-49.373776,970.90483,0.010287442,0.013872361,0.0070506756,0.99982599,-401.66816,187.71011,1305.7685,0.015717316,0.0058285242,0.0076206538,0.99983045
1782290087.350263,913.94883,226.10867,1140.3276,-0.64180248,0.62176918,-0.31804114,0.31676885,-281.87218,-49.373988,970.89732,0.010417647,0.013838959,0.0067554061,0.99982715,-401.66688,187.70534,1305.7692,0.015730397,0.0057726006,0.0076537883,0.99983031
1782290087.360267,913.94883,226.10867,1140.3276,-0.64180248,0.62176918,-0.31804114,0.31676885,-281.87218,-49.373988,970.89732,0.010417647,0.013838959,0.0067554061,0.99982715,-401.66688,187.70534,1305.7692,0.015730397,0.0057726006,0.0076537883,0.99983031
1782290087.370260,913.94883,226.10867,1140.3276,-0.64180248,0.62176918,-0.31804114,0.31676885,-281.87218,-49.373988,970.89732,0.010417647,0.013838959,0.0067554061,0.99982715,-401.66688,187.70534,1305.7692,0.015730397,0.0057726006,0.0076537883,0.99983031
1782290087.380256,913.94883,226.10867,1140.3276,-0.64180248,0.62176918,-0.31804114,0.31676885,-281.87218,-49.373988,970.89732,0.010417647,0.013838959,0.0067554061,0.99982715,-401.66688,187.70534,1305.7692,0.015730397,0.0057726006,0.0076537883,0.99983031
1782290087.390251,913.94883,226.10867,1140.3276,-0.64180248,0.62176918,-0.31804114,0.31676885,-281.87218,-49.373988,970.89732,0.010417647,0.013838959,0.0067554061,0.99982715,-401.66688,187.70534,1305.7692,0.015730397,0.0057726006,0.0076537883,0.99983031
1782290087.400256,913.94883,226.10867,1140.3276,-0.64180248,0.62176918,-0.31804114,0.31676885,-281.87218,-49.373988,970.89732,0.010417647,0.013838959,0.0067554061,0.99982715,-401.66688,187.70534,1305.7692,0.015730397,0.0057726006,0.0076537883,0.99983031
1782290087.410255,913.94883,226.10867,1140.3276,-0.64180248,0.62176918,-0.31804114,0.31676885,-281.87218,-49.373988,970.89732,0.010417647,0.013838959,0.0067554061,0.99982715,-401.66688,187.70534,1305.7692,0.015730397,0.0057726006,0.0076537883,0.99983031
1782290087.420260,913.94961,226.09892,1140.3278,-0.6417979,0.62176716,-0.31804156,0.31678167,-281.87218,-49.373988,970.89732,0.010417647,0.013838959,0.0067554061,0.99982715,-401.6754,187.69336,1305.7511,0.015686174,0.0057409096,0.0076741777,0.99983103
1782290087.430344,913.95807,226.10298,1140.3272,-0.64179516,0.62177211,-0.3180432,0.31677586,-281.85695,-49.389303,970.9056,0.010327981,0.013944348,0.0072534082,0.99982312,-401.67516,187.70799,1305.7653,0.015688076,0.0058232105,0.00767136,0.99983055
1782290087.440272,913.95277,226.10517,1140.3306,-0.64179504,0.62177062,-0.31803945,0.3167828,-281.84769,-49.378946,970.91496,0.010229619,0.013989683,0.0071479691,0.99982426,-401.66649,187.69042,1305.7473,0.015686723,0.0057738023,0.0077137918,0.99983053
1782290087.450263,913.95563,226.10617,1140.3285,-0.64179457,0.6217748,-0.31803581,0.3167792,-281.86676,-49.353827,970.89964,0.010276467,0.013887202,0.0069595547,0.99982654,-401.67475,187.71154,1305.7588,0.015722756,0.0058608378,0.0076487042,0.99982996
1782290087.460269,913.95563,226.10617,1140.3285,-0.64179457,0.6217748,-0.31803581,0.3167792,-281.86676,-49.353827,970.89964,0.010276467,0.013887202,0.0069595547,0.99982654,-401.67475,187.71154,1305.7588,0.015722756,0.0058608378,0.0076487042,0.99982996
1782290087.470266,913.95563,226.10617,1140.3285,-0.64179457,0.6217748,-0.31803581,0.3167792,-281.86676,-49.353827,970.89964,0.010276467,0.013887202,0.0069595547,0.99982654,-401.67475,187.71154,1305.7588,0.015722756,0.0058608378,0.0076487042,0.99982996
1782290087.480261,913.95563,226.10617,1140.3285,-0.64179457,0.6217748,-0.31803581,0.3167792,-281.86676,-49.353827,970.89964,0.010276467,0.013887202,0.0069595547,0.99982654,-401.67475,187.71154,1305.7588,0.015722756,0.0058608378,0.0076487042,0.99982996
1782290087.490263,913.95563,226.10617,1140.3285,-0.64179457,0.6217748,-0.31803581,0.3167792,-281.86676,-49.353827,970.89964,0.010276467,0.013887202,0.0069595547,0.99982654,-401.67475,187.71154,1305.7588,0.015722756,0.0058608378,0.0076487042,0.99982996
1782290087.500259,913.95563,226.10617,1140.3285,-0.64179457,0.6217748,-0.31803581,0.3167792,-281.86676,-49.353827,970.89964,0.010276467,0.013887202,0.0069595547,0.99982654,-401.67475,187.71154,1305.7588,0.015722756,0.0058608378,0.0076487042,0.99982996
1782290087.510252,913.95563,226.10617,1140.3285,-0.64179457,0.6217748,-0.31803581,0.3167792,-281.86676,-49.353827,970.89964,0.010276467,0.013887202,0.0069595547,0.99982654,-401.67475,187.71154,1305.7588,0.015722756,0.0058608378,0.0076487042,0.99982996
1782290087.520258,913.95563,226.10617,1140.3285,-0.64179457,0.6217748,-0.31803581,0.3167792,-281.86676,-49.353827,970.89964,0.010276467,0.013887202,0.0069595547,0.99982654,-401.67475,187.71154,1305.7588,0.015722756,0.0058608378,0.0076487042,0.99982996
1782290087.530259,913.95563,226.10617,1140.3285,-0.64179457,0.6217748,-0.31803581,0.3167792,-281.86676,-49.353827,970.89964,0.010276467,0.013887202,0.0069595547,0.99982654,-401.67475,187.71154,1305.7588,0.015722756,0.0058608378,0.0076487042,0.99982996
1782290087.540261,913.95742,226.09985,1140.316,-0.64179948,0.62177571,-0.31803597,0.31676729,-281.87063,-49.412765,970.90501,0.010384463,0.013923834,0.0073441991,0.99982216,-401.66986,187.6848,1305.7464,0.015631626,0.0057627893,0.0076983,0.99983158
1782290087.550256,913.97011,226.11003,1140.3162,-0.64181099,0.62178211,-0.31802349,0.31674393,-281.86995,-49.397759,970.87663,0.010366878,0.013836677,0.0072116926,0.99982452,-401.6653,187.71034,1305.7513,0.015660728,0.0057209419,0.0076492038,0.99983174
1782290087.560254,913.97011,226.11003,1140.3162,-0.64181099,0.62178211,-0.31802349,0.31674393,-281.86995,-49.397759,970.87663,0.010366878,0.013836677,0.0072116926,0.99982452,-401.6653,187.71034,1305.7513,0.015660728,0.0057209419,0.0076492038,0.99983174
1782290087.570252,913.97011,226.11003,1140.3162,-0.64181099,0.62178211,-0.31802349,0.31674393,-281.86995,-49.397759,970.87663,0.010366878,0.013836677,0.0072116926,0.99982452,-401.6653,187.71034,1305.7513,0.015660728,0.0057209419,0.0076492038,0.99983174
1782290087.580257,913.97011,226.11003,1140.3162,-0.64181099,0.62178211,-0.31802349,0.31674393,-281.86995,-49.397759,970.87663,0.010366878,0.013836677,0.0072116926,0.99982452,-401.6653,187.71034,1305.7513,0.015660728,0.0057209419,0.0076492038,0.99983174
1782290087.590257,913.97011,226.11003,1140.3162,-0.64181099,0.62178211,-0.31802349,0.31674393,-281.86995,-49.397759,970.87663,0.010366878,0.013836677,0.0072116926,0.99982452,-401.6653,187.71034,1305.7513,0.015660728,0.0057209419,0.0076492038,0.99983174
1782290087.600253,913.97011,226.11003,1140.3162,-0.64181099,0.62178211,-0.31802349,0.31674393,-281.86995,-49.397759,970.87663,0.010366878,0.013836677,0.0072116926,0.99982452,-401.6653,187.71034,1305.7513,0.015660728,0.0057209419,0.0076492038,0.99983174
1782290087.610260,913.97011,226.11003,1140.3162,-0.64181099,0.62178211,-0.31802349,0.31674393,-281.86995,-49.397759,970.87663,0.010366878,0.013836677,0.0072116926,0.99982452,-401.6653,187.71034,1305.7513,0.015660728,0.0057209419,0.0076492038,0.99983174
1782290087.620268,913.97011,226.11003,1140.3162,-0.64181099,0.62178211,-0.31802349,0.31674393,-281.86995,-49.397759,970.87663,0.010366878,0.013836677,0.0072116926,0.99982452,-401.6653,187.71034,1305.7513,0.015660728,0.0057209419,0.0076492038,0.99983174
1782290087.630250,913.97011,226.11003,1140.3162,-0.64181099,0.62178211,-0.31802349,0.31674393,-281.86995,-49.397759,970.87663,0.010366878,0.013836677,0.0072116926,0.99982452,-401.6653,187.71034,1305.7513,0.015660728,0.0057209419,0.0076492038,0.99983174
1782290087.640262,913.97029,226.1022,1140.3097,-0.64181238,0.62178367,-0.31801951,0.31674206,-281.87948,-49.380302,970.8792,0.010386123,0.01383485,0.0069763032,0.99982601,-401.66748,187.68838,1305.7545,0.015568648,0.00573303,0.0076789084,0.99983288
1782290087.650334,913.97214,226.10448,1140.3023,-0.64181424,0.62178571,-0.31801484,0.31673897,-281.84864,-49.350861,970.88659,0.010202853,0.014016161,0.007004587,0.99982518,-401.67019,187.70805,1305.7551,0.015583057,0.0057174691,0.0076526242,0.99983294
1782290087.660267,913.9595,226.10895,1140.3012,-0.64180195,0.62177503,-0.3180348,0.3167648,-281.86068,-49.376942,970.88587,0.010319438,0.013996844,0.0071968653,0.99982289,-401.6782,187.711,1305.7499,0.015599695,0.0057450136,0.0076824964,0.9998323
1782290087.670264,913.9595,226.10895,1140.3012,-0.64180195,0.62177503,-0.3180348,0.3167648,-281.86068,-49.376942,970.88587,0.010319438,0.013996844,0.0071968653,0.99982289,-401.6782,187.711,1305.7499,0.015599695,0.0057450136,0.0076824964,0.9998323
1782290087.680264,913.9595,226.10895,1140.3012,-0.64180195,0.62177503,-0.3180348,0.3167648,-281.86068,-49.376942,970.88587,0.010319438,0.013996844,0.0071968653,0.99982289,-401.6782,187.711,1305.7499,0.015599695,0.0057450136,0.0076824964,0.9998323
1782290087.690260,913.9595,226.10895,1140.3012,-0.64180195,0.62177503,-0.3180348,0.3167648,-281.86068,-49.376942,970.88587,0.010319438,0.013996844,0.0071968653,0.99982289,-401.6782,187.711,1305.7499,0.015599695,0.0057450136,0.0076824964,0.9998323
1782290087.700254,913.9595,226.10895,1140.3012,-0.64180195,0.62177503,-0.3180348,0.3167648,-281.86068,-49.376942,970.88587,0.010319438,0.013996844,0.0071968653,0.99982289,-401.6782,187.711,1305.7499,0.015599695,0.0057450136,0.0076824964,0.9998323
1782290087.710256,913.9595,226.10895,1140.3012,-0.64180195,0.62177503,-0.3180348,0.3167648,-281.86068,-49.376942,970.88587,0.010319438,0.013996844,0.0071968653,0.99982289,-401.6782,187.711,1305.7499,0.015599695,0.0057450136,0.0076824964,0.9998323
1782290087.720255,913.9595,226.10895,1140.3012,-0.64180195,0.62177503,-0.3180348,0.3167648,-281.86068,-49.376942,970.88587,0.010319438,0.013996844,0.0071968653,0.99982289,-401.6782,187.711,1305.7499,0.015599695,0.0057450136,0.0076824964,0.9998323
1782290087.730700,913.96725,226.10708,1140.305,-0.64180862,0.62177812,-0.31803506,0.31674495,-281.86589,-49.386457,970.89064,0.010275315,0.013976896,0.0074964077,0.99982142,-401.67847,187.7137,1305.758,0.015584837,0.0057504737,0.0076880111,0.99983246
1782290087.740263,913.96797,226.10989,1140.2988,-0.64181441,0.62177854,-0.31802562,0.31674188,-281.86861,-49.365342,970.8724,0.010263319,0.013892043,0.007145456,0.99982529,-401.66548,187.7089,1305.7542,0.015570259,0.0056764167,0.007655331,0.99983336
1782290087.750260,913.96981,226.10892,1140.3176,-0.64181232,0.62178117,-0.31802264,0.31674394,-281.86804,-49.393948,970.86412,0.010396675,0.013849103,0.0071976975,0.99982414,-401.65594,187.7048,1305.7523,0.015516023,0.0056755462,0.0076150352,0.99983451
1782290087.760268,913.9713,226.11278,1140.308,-0.64181341,0.62177963,-0.31802223,0.31674517,-281.8583,-49.38883,970.87735,0.010258566,0.013929561,0.0074043443,0.99982294,-401.66184,187.70804,1305.755,0.015570879,0.0057282621,0.0075999252,0.99983347
1782290087.770258,913.9713,226.11278,1140.308,-0.64181341,0.62177963,-0.31802223,0.31674517,-281.8583,-49.38883,970.87735,0.010258566,0.013929561,0.0074043443,0.99982294,-401.66184,187.70804,1305.755,0.015570879,0.0057282621,0.0075999252,0.99983347
1782290087.780263,913.9713,226.11278,1140.308,-0.64181341,0.62177963,-0.31802223,0.31674517,-281.8583,-49.38883,970.87735,0.010258566,0.013929561,0.0074043443,0.99982294,-401.66184,187.70804,1305.755,0.015570879,0.0057282621,0.0075999252,0.99983347
1782290087.790258,913.9713,226.11278,1140.308,-0.64181341,0.62177963,-0.31802223,0.31674517,-281.8583,-49.38883,970.87735,0.010258566,0.013929561,0.0074043443,0.99982294,-401.66184,187.70804,1305.755,0.015570879,0.0057282621,0.0075999252,0.99983347
1782290087.800266,913.9713,226.11278,1140.308,-0.64181341,0.62177963,-0.31802223,0.31674517,-281.8583,-49.38883,970.87735,0.010258566,0.013929561,0.0074043443,0.99982294,-401.66184,187.70804,1305.755,0.015570879,0.0057282621,0.0075999252,0.99983347
1782290087.810265,913.9713,226.11278,1140.308,-0.64181341,0.62177963,-0.31802223,0.31674517,-281.8583,-49.38883,970.87735,0.010258566,0.013929561,0.0074043443,0.99982294,-401.66184,187.70804,1305.755,0.015570879,0.0057282621,0.0075999252,0.99983347
1782290087.820262,913.9713,226.11278,1140.308,-0.64181341,0.62177963,-0.31802223,0.31674517,-281.8583,-49.38883,970.87735,0.010258566,0.013929561,0.0074043443,0.99982294,-401.66184,187.70804,1305.755,0.015570879,0.0057282621,0.0075999252,0.99983347
1782290087.830266,913.9713,226.11278,1140.308,-0.64181341,0.62177963,-0.31802223,0.31674517,-281.8583,-49.38883,970.87735,0.010258566,0.013929561,0.0074043443,0.99982294,-401.66184,187.70804,1305.755,0.015570879,0.0057282621,0.0075999252,0.99983347
1782290087.840268,913.96737,226.10468,1140.3149,-0.64180379,0.62178515,-0.31801831,0.31675776,-281.89138,-49.351707,970.85428,0.010338628,0.013800378,0.006773529,0.99982838,-401.66026,187.69197,1305.7466,0.015543403,0.005724478,0.0076243135,0.99983374
1782290087.850282,913.95813,226.10106,1140.3035,-0.64180564,0.62177336,-0.31803512,0.31676027,-281.84292,-49.372911,970.87407,0.010256975,0.013995646,0.0070343013,0.9998247,-401.6659,187.71058,1305.757,0.015596256,0.0057899621,0.0075597119,0.99983303
1782290087.860281,913.95813,226.10106,1140.3035,-0.64180564,0.62177336,-0.31803512,0.31676027,-281.84292,-49.372911,970.87407,0.010256975,0.013995646,0.0070343013,0.9998247,-401.6659,187.71058,1305.757,0.015596256,0.0057899621,0.0075597119,0.99983303
1782290087.870268,913.95813,226.10106,1140.3035,-0.64180564,0.62177336,-0.31803512,0.31676027,-281.84292,-49.372911,970.87407,0.010256975,0.013995646,0.0070343013,0.9998247,-401.6659,187.71058,1305.757,0.015596256,0.0057899621,0.0075597119,0.99983303
1782290087.880265,913.95813,226.10106,1140.3035,-0.64180564,0.62177336,-0.31803512,0.31676027,-281.84292,-49.372911,970.87407,0.010256975,0.013995646,0.0070343013,0.9998247,-401.6659,187.71058,1305.757,0.015596256,0.0057899621,0.0075597119,0.99983303
1782290087.890265,913.95813,226.10106,1140.3035,-0.64180564,0.62177336,-0.31803512,0.31676027,-281.84292,-49.372911,970.87407,0.010256975,0.013995646,0.0070343013,0.9998247,-401.6659,187.71058,1305.757,0.015596256,0.0057899621,0.0075597119,0.99983303
1782290087.900265,913.95813,226.10106,1140.3035,-0.64180564,0.62177336,-0.31803512,0.31676027,-281.84292,-49.372911,970.87407,0.010256975,0.013995646,0.0070343013,0.9998247,-401.6659,187.71058,1305.757,0.015596256,0.0057899621,0.0075597119,0.99983303
1782290087.910264,913.95813,226.10106,1140.3035,-0.64180564,0.62177336,-0.31803512,0.31676027,-281.84292,-49.372911,970.87407,0.010256975,0.013995646,0.0070343013,0.9998247,-401.6659,187.71058,1305.757,0.015596256,0.0057899621,0.0075597119,0.99983303
1782290087.920257,913.95813,226.10106,1140.3035,-0.64180564,0.62177336,-0.31803512,0.31676027,-281.84292,-49.372911,970.87407,0.010256975,0.013995646,0.0070343013,0.9998247,-401.6659,187.71058,1305.757,0.015596256,0.0057899621,0.0075597119,0.99983303
1782290087.930260,913.95813,226.10106,1140.3035,-0.64180564,0.62177336,-0.31803512,0.31676027,-281.84292,-49.372911,970.87407,0.010256975,0.013995646,0.0070343013,0.9998247,-401.6659,187.71058,1305.757,0.015596256,0.0057899621,0.0075597119,0.99983303
1782290087.940385,913.96576,226.10219,1140.3122,-0.64181247,0.62177631,-0.31802805,0.31674774,-281.85552,-49.367726,970.87324,0.010324341,0.013931931,0.0069769821,0.9998253,-401.66998,187.70681,1305.742,0.015481618,0.0057790623,0.0076212211,0.99983441
1782290087.950268,913.96385,226.11235,1140.3166,-0.64181696,0.6217734,-0.31802141,0.31675102,-281.87379,-49.38256,970.85798,0.010407863,0.013808337,0.0068543653,0.999827,-401.65859,187.69607,1305.7476,0.015506468,0.0057343316,0.0076257657,0.99983424
1782290087.960261,913.96892,226.10435,1140.309,-0.64180704,0.62177952,-0.31803168,0.31674881,-281.8751,-49.395621,970.8851,0.010273697,0.013884245,0.0073811539,0.99982358,-401.66622,187.71254,1305.7473,0.015583819,0.0056602089,0.0076198754,0.99983351
1782290087.970259,913.96189,226.11597,1140.3217,-0.6418065,0.62177403,-0.31803284,0.3167595,-281.84918,-49.364008,970.89875,0.010232379,0.013992314,0.0071613802,0.9998241,-401.66721,187.68208,1305.7379,0.015514785,0.0056545292,0.0076913801,0.99983407
1782290087.980262,913.96189,226.11597,1140.3217,-0.6418065,0.62177403,-0.31803284,0.3167595,-281.84918,-49.364008,970.89875,0.010232379,0.013992314,0.0071613802,0.9998241,-401.66721,187.68208,1305.7379,0.015514785,0.0056545292,0.0076913801,0.99983407
1782290087.990257,913.96189,226.11597,1140.3217,-0.6418065,0.62177403,-0.31803284,0.3167595,-281.84918,-49.364008,970.89875,0.010232379,0.013992314,0.0071613802,0.9998241,-401.66721,187.68208,1305.7379,0.015514785,0.0056545292,0.0076913801,0.99983407
1782290088.000258,913.96189,226.11597,1140.3217,-0.6418065,0.62177403,-0.31803284,0.3167595,-281.84918,-49.364008,970.89875,0.010232379,0.013992314,0.0071613802,0.9998241,-401.66721,187.68208,1305.7379,0.015514785,0.0056545292,0.0076913801,0.99983407
1782290088.010264,913.96189,226.11597,1140.3217,-0.6418065,0.62177403,-0.31803284,0.3167595,-281.84918,-49.364008,970.89875,0.010232379,0.013992314,0.0071613802,0.9998241,-401.66721,187.68208,1305.7379,0.015514785,0.0056545292,0.0076913801,0.99983407
1782290088.020257,913.96189,226.11597,1140.3217,-0.6418065,0.62177403,-0.31803284,0.3167595,-281.84918,-49.364008,970.89875,0.010232379,0.013992314,0.0071613802,0.9998241,-401.66721,187.68208,1305.7379,0.015514785,0.0056545292,0.0076913801,0.99983407
1782290088.030269,913.96189,226.11597,1140.3217,-0.6418065,0.62177403,-0.31803284,0.3167595,-281.84918,-49.364008,970.89875,0.010232379,0.013992314,0.0071613802,0.9998241,-401.66721,187.68208,1305.7379,0.015514785,0.0056545292,0.0076913801,0.99983407
1782290088.040263,913.96385,226.10405,1140.2978,-0.64180301,0.62177603,-0.31803464,0.31676083,-281.84426,-49.386095,970.89523,0.010345062,0.014016974,0.007128198,0.99982283,-401.66387,187.71306,1305.7426,0.015521893,0.0057841484,0.0075645452,0.99983418
1782290088.050258,913.96135,226.10483,1140.3164,-0.64181352,0.62178087,-0.3180168,0.31674796,-281.88246,-49.409535,970.87616,0.010350235,0.013836654,0.0074070007,0.99982326,-401.65937,187.70511,1305.7598,0.015551783,0.0057610363,0.0076379353,0.99983329
1782290088.060269,913.96135,226.10483,1140.3164,-0.64181352,0.62178087,-0.3180168,0.31674796,-281.87561,-49.415857,970.87371,0.010493947,0.013865035,0.0071534003,0.99982322,-401.67046,187.70371,1305.7466,0.015495322,0.0057281098,0.007629558,0.99983442
1782290088.070258,913.96028,226.10164,1140.3069,-0.64180984,0.62176939,-0.31804011,0.31675453,-281.87808,-49.399719,970.87055,0.010362775,0.013844684,0.0071547389,0.99982486,-401.66491,187.71024,1305.7524,0.01551508,0.0057256953,0.0076179834,0.99983422
1782290088.080264,913.96028,226.10164,1140.3069,-0.64180984,0.62176939,-0.31804011,0.31675453,-281.87808,-49.399719,970.87055,0.010362775,0.013844684,0.0071547389,0.99982486,-401.66491,187.71024,1305.7524,0.01551508,0.0057256953,0.0076179834,0.99983422
1782290088.090259,913.96028,226.10164,1140.3069,-0.64180984,0.62176939,-0.31804011,0.31675453,-281.87808,-49.399719,970.87055,0.010362775,0.013844684,0.0071547389,0.99982486,-401.66491,187.71024,1305.7524,0.01551508,0.0057256953,0.0076179834,0.99983422
1782290088.100259,913.96028,226.10164,1140.3069,-0.64180984,0.62176939,-0.31804011,0.31675453,-281.87808,-49.399719,970.87055,0.010362775,0.013844684,0.0071547389,0.99982486,-401.66491,187.71024,1305.7524,0.01551508,0.0057256953,0.0076179834,0.99983422
1782290088.110255,913.96028,226.10164,1140.3069,-0.64180984,0.62176939,-0.31804011,0.31675453,-281.87808,-49.399719,970.87055,0.010362775,0.013844684,0.0071547389,0.99982486,-401.66491,187.71024,1305.7524,0.01551508,0.0057256953,0.0076179834,0.99983422
1782290088.120255,913.96028,226.10164,1140.3069,-0.64180984,0.62176939,-0.31804011,0.31675453,-281.87808,-49.399719,970.87055,0.010362775,0.013844684,0.0071547389,0.99982486,-401.66491,187.71024,1305.7524,0.01551508,0.0057256953,0.0076179834,0.99983422
1782290088.130256,913.96028,226.10164,1140.3069,-0.64180984,0.62176939,-0.31804011,0.31675453,-281.87808,-49.399719,970.87055,0.010362775,0.013844684,0.0071547389,0.99982486,-401.66491,187.71024,1305.7524,0.01551508,0.0057256953,0.0076179834,0.99983422
1782290088.140267,913.95718,226.09192,1140.3164,-0.6418048,0.62177967,-0.31802368,0.31676107,-281.8642,-49.400896,970.89243,0.010323594,0.013924146,0.007278712,0.99982327,-401.67773,187.6941,1305.7449,0.015507069,0.0057441099,0.0076346658,0.99983411
1782290088.150265,913.96731,226.10468,1140.318,-0.64180255,0.62178641,-0.31802383,0.31675225,-281.86634,-49.371853,970.89577,0.010345784,0.013880139,0.0069225421,0.99982618,-401.6735,187.70272,1305.7534,0.01553815,0.0058243888,0.0075974207,0.99983345
1782290088.160254,913.96731,226.10468,1140.318,-0.64180255,0.62178641,-0.31802383,0.31675225,-281.86634,-49.371853,970.89577,0.010345784,0.013880139,0.0069225421,0.99982618,-401.6735,187.70272,1305.7534,0.01553815,0.0058243888,0.0075974207,0.99983345
1782290088.170256,913.96731,226.10468,1140.318,-0.64180255,0.62178641,-0.31802383,0.31675225,-281.86634,-49.371853,970.89577,0.010345784,0.013880139,0.0069225421,0.99982618,-401.6735,187.70272,1305.7534,0.01553815,0.0058243888,0.0075974207,0.99983345
1782290088.180254,913.96731,226.10468,1140.318,-0.64180255,0.62178641,-0.31802383,0.31675225,-281.86634,-49.371853,970.89577,0.010345784,0.013880139,0.0069225421,0.99982618,-401.6735,187.70272,1305.7534,0.01553815,0.0058243888,0.0075974207,0.99983345
1782290088.190261,913.96731,226.10468,1140.318,-0.64180255,0.62178641,-0.31802383,0.31675225,-281.86634,-49.371853,970.89577,0.010345784,0.013880139,0.0069225421,0.99982618,-401.6735,187.70272,1305.7534,0.01553815,0.0058243888,0.0075974207,0.99983345
1782290088.200261,913.96731,226.10468,1140.318,-0.64180255,0.62178641,-0.31802383,0.31675225,-281.86634,-49.371853,970.89577,0.010345784,0.013880139,0.0069225421,0.99982618,-401.6735,187.70272,1305.7534,0.01553815,0.0058243888,0.0075974207,0.99983345
1782290088.210255,913.96731,226.10468,1140.318,-0.64180255,0.62178641,-0.31802383,0.31675225,-281.86634,-49.371853,970.89577,0.010345784,0.013880139,0.0069225421,0.99982618,-401.6735,187.70272,1305.7534,0.01553815,0.0058243888,0.0075974207,0.99983345
1782290088.220253,913.96731,226.10468,1140.318,-0.64180255,0.62178641,-0.31802383,0.31675225,-281.86634,-49.371853,970.89577,0.010345784,0.013880139,0.0069225421,0.99982618,-401.6735,187.70272,1305.7534,0.01553815,0.0058243888,0.0075974207,0.99983345
1782290088.230257,913.96731,226.10468,1140.318,-0.64180255,0.62178641,-0.31802383,0.31675225,-281.86634,-49.371853,970.89577,0.010345784,0.013880139,0.0069225421,0.99982618,-401.6735,187.70272,1305.7534,0.01553815,0.0058243888,0.0075974207,0.99983345
1782290088.240255,913.96731,226.10468,1140.318,-0.64180255,0.62178641,-0.31802383,0.31675225,-281.86634,-49.371853,970.89577,0.010345784,0.013880139,0.0069225421,0.99982618,-401.6735,187.70272,1305.7534,0.01553815,0.0058243888,0.0075974207,0.99983345
1782290088.250265,913.96731,226.10468,1140.318,-0.64180255,0.62178641,-0.31802383,0.31675225,-281.86634,-49.371853,970.89577,0.010345784,0.013880139,0.0069225421,0.99982618,-401.6735,187.70272,1305.7534,0.01553815,0.0058243888,0.0075974207,0.99983345
1782290088.260269,913.96463,226.10608,1140.3217,-0.64180995,0.62177779,-0.31801797,0.31676007,-281.87084,-49.395282,970.89785,0.01031448,0.013877901,0.007262921,0.99982412,-401.6673,187.70146,1305.7479,0.015556357,0.0058359728,0.0075945864,0.99983312
1782290088.270273,913.95956,226.09633,1140.306,-0.64180388,0.62177803,-0.31802816,0.31676168,-281.86539,-49.378771,970.90328,0.010310957,0.013935049,0.00709925,0.99982453,-401.67439,187.69616,1305.7524,0.015536914,0.0057686223,0.0076188556,0.99983363
1782290088.280274,913.96087,226.10343,1140.3124,-0.64181041,0.62177407,-0.31803202,0.31675231,-281.8692,-49.363047,970.89523,0.010317941,0.013882417,0.0067806549,0.99982741,-401.67108,187.69915,1305.747,0.015509476,0.0057449639,0.0076034884,0.99983431
1782290088.290260,913.96087,226.10343,1140.3124,-0.64181041,0.62177407,-0.31803202,0.31675231,-281.8692,-49.363047,970.89523,0.010317941,0.013882417,0.0067806549,0.99982741,-401.67108,187.69915,1305.747,0.015509476,0.0057449639,0.0076034884,0.99983431
1782290088.300258,913.96087,226.10343,1140.3124,-0.64181041,0.62177407,-0.31803202,0.31675231,-281.8692,-49.363047,970.89523,0.010317941,0.013882417,0.0067806549,0.99982741,-401.67108,187.69915,1305.747,0.015509476,0.0057449639,0.0076034884,0.99983431
1782290088.310258,913.96087,226.10343,1140.3124,-0.64181041,0.62177407,-0.31803202,0.31675231,-281.8692,-49.363047,970.89523,0.010317941,0.013882417,0.0067806549,0.99982741,-401.67108,187.69915,1305.747,0.015509476,0.0057449639,0.0076034884,0.99983431
1782290088.320257,913.96087,226.10343,1140.3124,-0.64181041,0.62177407,-0.31803202,0.31675231,-281.8692,-49.363047,970.89523,0.010317941,0.013882417,0.0067806549,0.99982741,-401.67108,187.69915,1305.747,0.015509476,0.0057449639,0.0076034884,0.99983431
1782290088.330261,913.96087,226.10343,1140.3124,-0.64181041,0.62177407,-0.31803202,0.31675231,-281.8692,-49.363047,970.89523,0.010317941,0.013882417,0.0067806549,0.99982741,-401.67108,187.69915,1305.747,0.015509476,0.0057449639,0.0076034884,0.99983431
1782290088.340261,913.96087,226.10343,1140.3124,-0.64181041,0.62177407,-0.31803202,0.31675231,-281.8692,-49.363047,970.89523,0.010317941,0.013882417,0.0067806549,0.99982741,-401.67108,187.69915,1305.747,0.015509476,0.0057449639,0.0076034884,0.99983431
1782290088.350263,913.96981,226.09922,1140.3071,-0.64181866,0.62177254,-0.31802282,0.31674785,-281.87376,-49.356133,970.87657,0.010322059,0.01385056,0.0067466311,0.99982804,-401.66378,187.70829,1305.7461,0.015548852,0.0056850823,0.0075917026,0.99983413
1782290088.360263,913.96642,226.10372,1140.3065,-0.64180833,0.62177652,-0.31803393,0.31674981,-281.8855,-49.386594,970.86507,0.010407785,0.013800687,0.007037215,0.99982583,-401.65424,187.70365,1305.753,0.015534581,0.0056491647,0.0075964977,0.99983451
1782290088.370261,913.96338,226.10725,1140.3196,-0.6418066,0.62178099,-0.31801796,0.3167606,-281.86819,-49.35737,970.88307,0.010286906,0.013879762,0.0070721309,0.99982574,-401.65582,187.69619,1305.747,0.015503435,0.0057012086,0.0076634424,0.99983419
1782290088.380258,913.96338,226.10725,1140.3196,-0.6418066,0.62178099,-0.31801796,0.3167606,-281.86819,-49.35737,970.88307,0.010286906,0.013879762,0.0070721309,0.99982574,-401.65582,187.69619,1305.747,0.015503435,0.0057012086,0.0076634424,0.99983419
1782290088.390257,913.96338,226.10725,1140.3196,-0.6418066,0.62178099,-0.31801796,0.3167606,-281.86819,-49.35737,970.88307,0.010286906,0.013879762,0.0070721309,0.99982574,-401.65582,187.69619,1305.747,0.015503435,0.0057012086,0.0076634424,0.99983419
1782290088.400262,913.96338,226.10725,1140.3196,-0.6418066,0.62178099,-0.31801796,0.3167606,-281.86819,-49.35737,970.88307,0.010286906,0.013879762,0.0070721309,0.99982574,-401.65582,187.69619,1305.747,0.015503435,0.0057012086,0.0076634424,0.99983419
1782290088.410260,913.96338,226.10725,1140.3196,-0.6418066,0.62178099,-0.31801796,0.3167606,-281.86819,-49.35737,970.88307,0.010286906,0.013879762,0.0070721309,0.99982574,-401.65582,187.69619,1305.747,0.015503435,0.0057012086,0.0076634424,0.99983419
1782290088.420263,913.96338,226.10725,1140.3196,-0.6418066,0.62178099,-0.31801796,0.3167606,-281.86819,-49.35737,970.88307,0.010286906,0.013879762,0.0070721309,0.99982574,-401.65582,187.69619,1305.747,0.015503435,0.0057012086,0.0076634424,0.99983419
1782290088.430259,913.96338,226.10725,1140.3196,-0.6418066,0.62178099,-0.31801796,0.3167606,-281.86819,-49.35737,970.88307,0.010286906,0.013879762,0.0070721309,0.99982574,-401.65582,187.69619,1305.747,0.015503435,0.0057012086,0.0076634424,0.99983419
1782290088.440269,913.96338,226.10725,1140.3196,-0.6418066,0.62178099,-0.31801796,0.3167606,-281.86819,-49.35737,970.88307,0.010286906,0.013879762,0.0070721309,0.99982574,-401.65582,187.69619,1305.747,0.015503435,0.0057012086,0.0076634424,0.99983419
1782290088.450507,913.95551,226.09736,1140.3081,-0.64180494,0.6217726,-0.31803421,0.31676409,-281.89459,-49.388923,970.87592,0.010321712,0.013858212,0.0073317188,0.99982381,-401.67034,187.6727,1305.7311,0.015509402,0.0056334875,0.0076798708,0.99983436
1782290088.460271,913.96487,226.09901,1140.3075,-0.64181167,0.62177945,-0.31801969,0.3167516,-281.83922,-49.391463,970.89142,0.010232786,0.014008875,0.0072969918,0.99982288,-401.65049,187.68018,1305.7491,0.015519876,0.0056899281,0.0075983681,0.9998345
1782290088.470272,913.96379,226.10274,1140.3068,-0.64180494,0.62177319,-0.31803528,0.31676188,-281.88103,-49.39653,970.85917,0.010448102,0.013835653,0.0069787832,0.99982534,-401.65254,187.67567,1305.7392,0.015485327,0.0055939612,0.0077011237,0.99983479
1782290088.480265,913.97238,226.10815,1140.3184,-0.6418032,0.62177664,-0.31803673,0.31675717,-281.8425,-49.363635,970.87926,0.010297683,0.013957079,0.0068708156,0.99982596,-401.65281,187.68583,1305.7467,0.015464271,0.0056176059,0.0076781793,0.99983516
1782290088.490253,913.97238,226.10815,1140.3184,-0.6418032,0.62177664,-0.31803673,0.31675717,-281.8425,-49.363635,970.87926,0.010297683,0.013957079,0.0068708156,0.99982596,-401.65281,187.68583,1305.7467,0.015464271,0.0056176059,0.0076781793,0.99983516
1782290088.500251,913.97238,226.10815,1140.3184,-0.6418032,0.62177664,-0.31803673,0.31675717,-281.8425,-49.363635,970.87926,0.010297683,0.013957079,0.0068708156,0.99982596,-401.65281,187.68583,1305.7467,0.015464271,0.0056176059,0.0076781793,0.99983516
1782290088.510253,913.97238,226.10815,1140.3184,-0.6418032,0.62177664,-0.31803673,0.31675717,-281.8425,-49.363635,970.87926,0.010297683,0.013957079,0.0068708156,0.99982596,-401.65281,187.68583,1305.7467,0.015464271,0.0056176059,0.0076781793,0.99983516
1782290088.520253,913.97238,226.10815,1140.3184,-0.6418032,0.62177664,-0.31803673,0.31675717,-281.8425,-49.363635,970.87926,0.010297683,0.013957079,0.0068708156,0.99982596,-401.65281,187.68583,1305.7467,0.015464271,0.0056176059,0.0076781793,0.99983516
1782290088.530261,913.97238,226.10815,1140.3184,-0.6418032,0.62177664,-0.31803673,0.31675717,-281.8425,-49.363635,970.87926,0.010297683,0.013957079,0.0068708156,0.99982596,-401.65281,187.68583,1305.7467,0.015464271,0.0056176059,0.0076781793,0.99983516
1782290088.540254,913.97238,226.10815,1140.3184,-0.6418032,0.62177664,-0.31803673,0.31675717,-281.8425,-49.363635,970.87926,0.010297683,0.013957079,0.0068708156,0.99982596,-401.65281,187.68583,1305.7467,0.015464271,0.0056176059,0.0076781793,0.99983516
1782290088.550260,913.98144,226.11272,1140.3124,-0.64182067,0.62178433,-0.31801811,0.31672537,-281.8422,-49.40898,970.89797,0.010227804,0.014013748,0.0076051027,0.99982057,-401.6642,187.69877,1305.7547,0.015495335,0.0056163165,0.0076366262,0.999835
1782290088.560261,913.96821,226.10426,1140.3062,-0.6418044,0.62177402,-0.31804094,0.31675565,-281.83311,-49.384683,970.88909,0.010274799,0.014018652,0.0072573683,0.9998226,-401.66003,187.7085,1305.7536,0.01551071,0.0056776772,0.0076172126,0.99983457
1782290088.570262,913.95831,226.10556,1140.3029,-0.64180104,0.6217709,-0.31804084,0.3167687,-281.85591,-49.372204,970.89392,0.010268687,0.014045395,0.007213627,0.99982261,-401.67692,187.70963,1305.747,0.015542055,0.0057006944,0.007664891,0.99983358
1782290088.580253,913.95831,226.10556,1140.3029,-0.64180104,0.6217709,-0.31804084,0.3167687,-281.85591,-49.372204,970.89392,0.010268687,0.014045395,0.007213627,0.99982261,-401.67692,187.70963,1305.747,0.015542055,0.0057006944,0.007664891,0.99983358
1782290088.590252,913.95831,226.10556,1140.3029,-0.64180104,0.6217709,-0.31804084,0.3167687,-281.85591,-49.372204,970.89392,0.010268687,0.014045395,0.007213627,0.99982261,-401.67692,187.70963,1305.747,0.015542055,0.0057006944,0.007664891,0.99983358
1782290088.600272,913.95831,226.10556,1140.3029,-0.64180104,0.6217709,-0.31804084,0.3167687,-281.85591,-49.372204,970.89392,0.010268687,0.014045395,0.007213627,0.99982261,-401.67692,187.70963,1305.747,0.015542055,0.0057006944,0.007664891,0.99983358
1782290088.610281,913.95831,226.10556,1140.3029,-0.64180104,0.6217709,-0.31804084,0.3167687,-281.85591,-49.372204,970.89392,0.010268687,0.014045395,0.007213627,0.99982261,-401.67692,187.70963,1305.747,0.015542055,0.0057006944,0.007664891,0.99983358
1782290088.620285,913.95831,226.10556,1140.3029,-0.64180104,0.6217709,-0.31804084,0.3167687,-281.85591,-49.372204,970.89392,0.010268687,0.014045395,0.007213627,0.99982261,-401.67692,187.70963,1305.747,0.015542055,0.0057006944,0.007664891,0.99983358
1782290088.630282,913.95831,226.10556,1140.3029,-0.64180104,0.6217709,-0.31804084,0.3167687,-281.85591,-49.372204,970.89392,0.010268687,0.014045395,0.007213627,0.99982261,-401.67692,187.70963,1305.747,0.015542055,0.0057006944,0.007664891,0.99983358
1782290088.640277,913.95831,226.10556,1140.3029,-0.64180104,0.6217709,-0.31804084,0.3167687,-281.85591,-49.372204,970.89392,0.010268687,0.014045395,0.007213627,0.99982261,-401.67692,187.70963,1305.747,0.015542055,0.0057006944,0.007664891,0.99983358
1782290088.650271,913.95831,226.10556,1140.3029,-0.64180104,0.6217709,-0.31804084,0.3167687,-281.85591,-49.372204,970.89392,0.010268687,0.014045395,0.007213627,0.99982261,-401.67692,187.70963,1305.747,0.015542055,0.0057006944,0.007664891,0.99983358
1782290088.660297,913.96886,226.0989,1140.3008,-0.64181161,0.62177927,-0.31803122,0.31674049,-281.88401,-49.389079,970.87753,0.010322691,0.013869709,0.0072503435,0.99982424,-401.66348,187.68626,1305.7438,0.01547959,0.0056018019,0.0076736475,0.99983505
1782290088.670245,913.98132,226.09869,1140.3073,-0.6418143,0.62178672,-0.31802351,0.31672815,-281.85984,-49.408555,970.87854,0.010321563,0.013872598,0.0073291343,0.99982363,-401.65296,187.6768,1305.74,0.015432558,0.0055967056,0.0076998695,0.9998356
1782290088.680238,913.9753,226.11538,1140.3208,-0.6418199,0.62178374,-0.31801126,0.31673494,-281.85418,-49.381513,970.88182,0.010325802,0.013881154,0.0071509001,0.99982476,-401.66381,187.71043,1305.7607,0.015525009,0.0057385475,0.0076101328,0.99983405
1782290088.690234,913.9753,226.11538,1140.3208,-0.6418199,0.62178374,-0.31801126,0.31673494,-281.85418,-49.381513,970.88182,0.010325802,0.013881154,0.0071509001,0.99982476,-401.66381,187.71043,1305.7607,0.015525009,0.0057385475,0.0076101328,0.99983405
1782290088.700249,913.9753,226.11538,1140.3208,-0.6418199,0.62178374,-0.31801126,0.31673494,-281.85418,-49.381513,970.88182,0.010325802,0.013881154,0.0071509001,0.99982476,-401.66381,187.71043,1305.7607,0.015525009,0.0057385475,0.0076101328,0.99983405
1782290088.710266,913.9753,226.11538,1140.3208,-0.6418199,0.62178374,-0.31801126,0.31673494,-281.85418,-49.381513,970.88182,0.010325802,0.013881154,0.0071509001,0.99982476,-401.66381,187.71043,1305.7607,0.015525009,0.0057385475,0.0076101328,0.99983405
1782290088.720281,913.9753,226.11538,1140.3208,-0.6418199,0.62178374,-0.31801126,0.31673494,-281.85418,-49.381513,970.88182,0.010325802,0.013881154,0.0071509001,0.99982476,-401.66381,187.71043,1305.7607,0.015525009,0.0057385475,0.0076101328,0.99983405
1782290088.730272,913.9753,226.11538,1140.3208,-0.6418199,0.62178374,-0.31801126,0.31673494,-281.85418,-49.381513,970.88182,0.010325802,0.013881154,0.0071509001,0.99982476,-401.66381,187.71043,1305.7607,0.015525009,0.0057385475,0.0076101328,0.99983405
1782290088.740264,913.9753,226.11538,1140.3208,-0.6418199,0.62178374,-0.31801126,0.31673494,-281.85418,-49.381513,970.88182,0.010325802,0.013881154,0.0071509001,0.99982476,-401.66381,187.71043,1305.7607,0.015525009,0.0057385475,0.0076101328,0.99983405
1782290088.750272,913.9753,226.11538,1140.3208,-0.6418199,0.62178374,-0.31801126,0.31673494,-281.85418,-49.381513,970.88182,0.010325802,0.013881154,0.0071509001,0.99982476,-401.66381,187.71043,1305.7607,0.015525009,0.0057385475,0.0076101328,0.99983405
1782290088.760283,913.97095,226.10167,1140.3108,-0.64180519,0.62178334,-0.31802286,0.3167539,-281.88929,-49.427241,970.86221,0.010504902,0.01380941,0.0072587642,0.99982311,-401.66843,187.71249,1305.748,0.015522537,0.0057820472,0.0075991981,0.99983392
1782290088.770264,913.96117,226.09702,1140.3075,-0.64180476,0.62177652,-0.31803092,0.31676006,-281.85633,-49.372226,970.89463,0.010308345,0.013945773,0.007032272,0.99982488,-401.66548,187.69027,1305.7452,0.015526214,0.0056220129,0.0076645243,0.99983428
1782290088.780266,913.96177,226.10168,1140.3214,-0.64179606,0.62178177,-0.31802914,0.31676919,-281.85275,-49.404293,970.89553,0.010306594,0.013993423,0.0074645908,0.9998211,-401.67254,187.70805,1305.7501,0.015528202,0.0056842009,0.0076478805,0.99983402
1782290088.790259,913.96177,226.10168,1140.3214,-0.64179606,0.62178177,-0.31802914,0.31676919,-281.85275,-49.404293,970.89553,0.010306594,0.013993423,0.0074645908,0.9998211,-401.67254,187.70805,1305.7501,0.015528202,0.0056842009,0.0076478805,0.99983402
1782290088.800258,913.96177,226.10168,1140.3214,-0.64179606,0.62178177,-0.31802914,0.31676919,-281.85275,-49.404293,970.89553,0.010306594,0.013993423,0.0074645908,0.9998211,-401.67254,187.70805,1305.7501,0.015528202,0.0056842009,0.0076478805,0.99983402
1782290088.810261,913.96177,226.10168,1140.3214,-0.64179606,0.62178177,-0.31802914,0.31676919,-281.85275,-49.404293,970.89553,0.010306594,0.013993423,0.0074645908,0.9998211,-401.67254,187.70805,1305.7501,0.015528202,0.0056842009,0.0076478805,0.99983402
1782290088.820256,913.96177,226.10168,1140.3214,-0.64179606,0.62178177,-0.31802914,0.31676919,-281.85275,-49.404293,970.89553,0.010306594,0.013993423,0.0074645908,0.9998211,-401.67254,187.70805,1305.7501,0.015528202,0.0056842009,0.0076478805,0.99983402
1782290088.830256,913.96177,226.10168,1140.3214,-0.64179606,0.62178177,-0.31802914,0.31676919,-281.85275,-49.404293,970.89553,0.010306594,0.013993423,0.0074645908,0.9998211,-401.67254,187.70805,1305.7501,0.015528202,0.0056842009,0.0076478805,0.99983402
1782290088.840255,913.96177,226.10168,1140.3214,-0.64179606,0.62178177,-0.31802914,0.31676919,-281.85275,-49.404293,970.89553,0.010306594,0.013993423,0.0074645908,0.9998211,-401.67254,187.70805,1305.7501,0.015528202,0.0056842009,0.0076478805,0.99983402
1782290088.850254,913.96177,226.10168,1140.3214,-0.64179606,0.62178177,-0.31802914,0.31676919,-281.85275,-49.404293,970.89553,0.010306594,0.013993423,0.0074645908,0.9998211,-401.67254,187.70805,1305.7501,0.015528202,0.0056842009,0.0076478805,0.99983402
1782290088.860273,913.9666,226.09474,1140.3131,-0.64180259,0.62177113,-0.31804182,0.3167641,-281.8785,-49.426291,970.8789,0.010395629,0.013824968,0.0073694924,0.99982323,-401.66786,187.6979,1305.7592,0.015524309,0.005680487,0.0076395496,0.99983417
1782290088.870271,913.97285,226.10173,1140.3177,-0.64180663,0.62178328,-0.31802158,0.31675239,-281.83171,-49.384877,970.89207,0.010269905,0.014027559,0.0070826689,0.99982378,-401.66074,187.70438,1305.7508,0.015456348,0.0057278845,0.0076240236,0.99983507
1782290088.880272,913.96785,226.09763,1140.312,-0.64179646,0.62177282,-0.31804579,0.31676921,-281.83404,-49.376227,970.89499,0.010265578,0.014006157,0.0070688459,0.99982422,-401.6695,187.704,1305.7413,0.015503137,0.0056752945,0.0076317083,0.99983459
1782290088.890267,913.96868,226.10122,1140.3189,-0.64180743,0.6217761,-0.31803122,0.31675517,-281.85302,-49.401421,970.90119,0.010354888,0.013934,0.0071457574,0.99982376,-401.66464,187.70689,1305.7504,0.015570664,0.0055927542,0.0076541049,0.99983383
1782290088.900265,913.96868,226.10122,1140.3189,-0.64180743,0.6217761,-0.31803122,0.31675517,-281.85302,-49.401421,970.90119,0.010354888,0.013934,0.0071457574,0.99982376,-401.66464,187.70689,1305.7504,0.015570664,0.0055927542,0.0076541049,0.99983383
1782290088.910266,913.96868,226.10122,1140.3189,-0.64180743,0.6217761,-0.31803122,0.31675517,-281.85302,-49.401421,970.90119,0.010354888,0.013934,0.0071457574,0.99982376,-401.66464,187.70689,1305.7504,0.015570664,0.0055927542,0.0076541049,0.99983383
1782290088.920269,913.96868,226.10122,1140.3189,-0.64180743,0.6217761,-0.31803122,0.31675517,-281.85302,-49.401421,970.90119,0.010354888,0.013934,0.0071457574,0.99982376,-401.66464,187.70689,1305.7504,0.015570664,0.0055927542,0.0076541049,0.99983383
1782290088.930265,913.96868,226.10122,1140.3189,-0.64180743,0.6217761,-0.31803122,0.31675517,-281.85302,-49.401421,970.90119,0.010354888,0.013934,0.0071457574,0.99982376,-401.66464,187.70689,1305.7504,0.015570664,0.0055927542,0.0076541049,0.99983383
1782290088.940264,913.96868,226.10122,1140.3189,-0.64180743,0.6217761,-0.31803122,0.31675517,-281.85302,-49.401421,970.90119,0.010354888,0.013934,0.0071457574,0.99982376,-401.66464,187.70689,1305.7504,0.015570664,0.0055927542,0.0076541049,0.99983383
1782290088.950262,913.96868,226.10122,1140.3189,-0.64180743,0.6217761,-0.31803122,0.31675517,-281.85302,-49.401421,970.90119,0.010354888,0.013934,0.0071457574,0.99982376,-401.66464,187.70689,1305.7504,0.015570664,0.0055927542,0.0076541049,0.99983383
1782290088.960262,913.96403,226.10757,1140.3227,-0.64180332,0.62178069,-0.31802246,0.31676328,-281.87749,-49.381465,970.88081,0.010363677,0.013850811,0.0071387477,0.99982488,-401.66733,187.71859,1305.7555,0.015511604,0.0057469829,0.00763199,0.99983404
1782290088.970278,913.95766,226.09888,1140.3215,-0.64181143,0.62177247,-0.31803104,0.31675437,-281.88288,-49.389645,970.89463,0.010404769,0.013822951,0.0071826959,0.99982452,-401.67406,187.69398,1305.7557,0.015483434,0.0056855819,0.0076379246,0.99983479
1782290088.980269,913.9598,226.09624,1140.318,-0.64181437,0.62176956,-0.3180287,0.31675649,-281.8366,-49.372919,970.89779,0.010313718,0.01403741,0.0069392047,0.9998242,-401.66515,187.67832,1305.739,0.015483407,0.0055782395,0.0077321037,0.99983467
1782290088.990264,913.9598,226.09624,1140.318,-0.64181437,0.62176956,-0.3180287,0.31675649,-281.8366,-49.372919,970.89779,0.010313718,0.01403741,0.0069392047,0.9998242,-401.66515,187.67832,1305.739,0.015483407,0.0055782395,0.0077321037,0.99983467
1782290089.000257,913.9598,226.09624,1140.318,-0.64181437,0.62176956,-0.3180287,0.31675649,-281.8366,-49.372919,970.89779,0.010313718,0.01403741,0.0069392047,0.9998242,-401.66515,187.67832,1305.739,0.015483407,0.0055782395,0.0077321037,0.99983467
1782290089.010256,913.9598,226.09624,1140.318,-0.64181437,0.62176956,-0.3180287,0.31675649,-281.8366,-49.372919,970.89779,0.010313718,0.01403741,0.0069392047,0.9998242,-401.66515,187.67832,1305.739,0.015483407,0.0055782395,0.0077321037,0.99983467
1782290089.020263,913.9598,226.09624,1140.318,-0.64181437,0.62176956,-0.3180287,0.31675649,-281.8366,-49.372919,970.89779,0.010313718,0.01403741,0.0069392047,0.9998242,-401.66515,187.67832,1305.739,0.015483407,0.0055782395,0.0077321037,0.99983467
1782290089.030255,913.9598,226.09624,1140.318,-0.64181437,0.62176956,-0.3180287,0.31675649,-281.8366,-49.372919,970.89779,0.010313718,0.01403741,0.0069392047,0.9998242,-401.66515,187.67832,1305.739,0.015483407,0.0055782395,0.0077321037,0.99983467
1782290089.040263,913.9598,226.09624,1140.318,-0.64181437,0.62176956,-0.3180287,0.31675649,-281.8366,-49.372919,970.89779,0.010313718,0.01403741,0.0069392047,0.9998242,-401.66515,187.67832,1305.739,0.015483407,0.0055782395,0.0077321037,0.99983467
1782290089.050258,913.9598,226.09624,1140.318,-0.64181437,0.62176956,-0.3180287,0.31675649,-281.8366,-49.372919,970.89779,0.010313718,0.01403741,0.0069392047,0.9998242,-401.66515,187.67832,1305.739,0.015483407,0.0055782395,0.0077321037,0.99983467
1782290089.060264,913.96278,226.09372,1140.3136,-0.64180134,0.6217706,-0.31804513,0.31676435,-281.85141,-49.398348,970.89177,0.010377786,0.013898993,0.0070022403,0.99982503,-401.66736,187.7054,1305.7626,0.015541534,0.0056219863,0.0076507802,0.99983415
1782290089.070271,913.95885,226.11181,1140.3153,-0.64180274,0.62177093,-0.31803471,0.31677133,-281.84357,-49.378853,970.89207,0.010272847,0.013917525,0.0070309294,0.99982565,-401.66694,187.70115,1305.7482,0.015486528,0.005623555,0.0076081013,0.99983532
1782290089.080273,913.95807,226.10795,1140.3265,-0.64180319,0.62177764,-0.31802388,0.31676813,-281.87582,-49.345337,970.87419,0.010385549,0.013820973,0.0066606941,0.99982836,-401.66628,187.71334,1305.7584,0.015538868,0.005720124,0.0076120695,0.99983393
1782290089.090262,913.95807,226.10795,1140.3265,-0.64180319,0.62177764,-0.31802388,0.31676813,-281.87582,-49.345337,970.87419,0.010385549,0.013820973,0.0066606941,0.99982836,-401.66628,187.71334,1305.7584,0.015538868,0.005720124,0.0076120695,0.99983393
1782290089.100267,913.96058,226.1129,1140.3228,-0.64179824,0.62177072,-0.31804576,0.31676977,-281.86119,-49.371578,970.88706,0.010351181,0.01391303,0.0069878831,0.99982521,-401.67424,187.70911,1305.7468,0.015474888,0.0056851562,0.0076884664,0.99983453
1782290089.110263,913.96058,226.1129,1140.3228,-0.64179824,0.62177072,-0.31804576,0.31676977,-281.86119,-49.371578,970.88706,0.010351181,0.01391303,0.0069878831,0.99982521,-401.67424,187.70911,1305.7468,0.015474888,0.0056851562,0.0076884664,0.99983453
1782290089.120258,913.96058,226.1129,1140.3228,-0.64179824,0.62177072,-0.31804576,0.31676977,-281.86119,-49.371578,970.88706,0.010351181,0.01391303,0.0069878831,0.99982521,-401.67424,187.70911,1305.7468,0.015474888,0.0056851562,0.0076884664,0.99983453
1782290089.130274,913.96058,226.1129,1140.3228,-0.64179824,0.62177072,-0.31804576,0.31676977,-281.86119,-49.371578,970.88706,0.010351181,0.01391303,0.0069878831,0.99982521,-401.67424,187.70911,1305.7468,0.015474888,0.0056851562,0.0076884664,0.99983453
1782290089.140262,913.96058,226.1129,1140.3228,-0.64179824,0.62177072,-0.31804576,0.31676977,-281.86119,-49.371578,970.88706,0.010351181,0.01391303,0.0069878831,0.99982521,-401.67424,187.70911,1305.7468,0.015474888,0.0056851562,0.0076884664,0.99983453
1782290089.150253,913.96058,226.1129,1140.3228,-0.64179824,0.62177072,-0.31804576,0.31676977,-281.86119,-49.371578,970.88706,0.010351181,0.01391303,0.0069878831,0.99982521,-401.67424,187.70911,1305.7468,0.015474888,0.0056851562,0.0076884664,0.99983453
1782290089.160254,913.96058,226.1129,1140.3228,-0.64179824,0.62177072,-0.31804576,0.31676977,-281.86119,-49.371578,970.88706,0.010351181,0.01391303,0.0069878831,0.99982521,-401.67424,187.70911,1305.7468,0.015474888,0.0056851562,0.0076884664,0.99983453
1782290089.170256,913.95932,226.10685,1140.3046,-0.64180623,0.62177198,-0.31803378,0.31676313,-281.86736,-49.392071,970.90423,0.01022782,0.013942393,0.0075186413,0.99982222,-401.67132,187.71209,1305.7517,0.015482562,0.0056840882,0.0076633539,0.99983461
1782290089.180261,913.95932,226.10685,1140.3046,-0.64180623,0.62177198,-0.31803378,0.31676313,-281.86736,-49.392071,970.90423,0.01022782,0.013942393,0.0075186413,0.99982222,-401.67132,187.71209,1305.7517,0.015482562,0.0056840882,0.0076633539,0.99983461
1782290089.190263,913.95807,226.10432,1140.3145,-0.641801,0.62177348,-0.31803834,0.3167662,-281.87728,-49.374595,970.87079,0.010341195,0.013853709,0.0069361739,0.9998265,-401.66548,187.68916,1305.7368,0.015465763,0.0055623572,0.0077165189,0.99983515
1782290089.200256,913.95873,226.1105,1140.33,-0.6418097,0.62177086,-0.31802812,0.316764,-281.88655,-49.386449,970.86573,0.010460278,0.013747755,0.0069418346,0.99982668,-401.66211,187.69179,1305.7468,0.015466191,0.0055952758,0.0077160248,0.99983496
1782290089.210267,913.95873,226.1105,1140.33,-0.6418097,0.62177086,-0.31802812,0.316764,-281.88655,-49.386449,970.86573,0.010460278,0.013747755,0.0069418346,0.99982668,-401.66211,187.69179,1305.7468,0.015466191,0.0055952758,0.0077160248,0.99983496
1782290089.220255,913.95873,226.1105,1140.33,-0.6418097,0.62177086,-0.31802812,0.316764,-281.88655,-49.386449,970.86573,0.010460278,0.013747755,0.0069418346,0.99982668,-401.66211,187.69179,1305.7468,0.015466191,0.0055952758,0.0077160248,0.99983496
1782290089.230260,913.95873,226.1105,1140.33,-0.6418097,0.62177086,-0.31802812,0.316764,-281.88655,-49.386449,970.86573,0.010460278,0.013747755,0.0069418346,0.99982668,-401.66211,187.69179,1305.7468,0.015466191,0.0055952758,0.0077160248,0.99983496
1782290089.240262,913.95873,226.1105,1140.33,-0.6418097,0.62177086,-0.31802812,0.316764,-281.88655,-49.386449,970.86573,0.010460278,0.013747755,0.0069418346,0.99982668,-401.66211,187.69179,1305.7468,0.015466191,0.0055952758,0.0077160248,0.99983496
1782290089.250253,913.95873,226.1105,1140.33,-0.6418097,0.62177086,-0.31802812,0.316764,-281.88655,-49.386449,970.86573,0.010460278,0.013747755,0.0069418346,0.99982668,-401.66211,187.69179,1305.7468,0.015466191,0.0055952758,0.0077160248,0.99983496
1782290089.260263,913.95873,226.1105,1140.33,-0.6418097,0.62177086,-0.31802812,0.316764,-281.88655,-49.386449,970.86573,0.010460278,0.013747755,0.0069418346,0.99982668,-401.66211,187.69179,1305.7468,0.015466191,0.0055952758,0.0077160248,0.99983496
1782290089.270269,913.96141,226.10234,1140.317,-0.64180191,0.62177613,-0.31803055,0.31676699,-281.84491,-49.371384,970.90536,0.010298209,0.013985162,0.007072268,0.99982416,-401.65955,187.68826,1305.7399,0.015475855,0.0055718005,0.0077436493,0.99983473
1782290089.280275,913.96433,226.11226,1140.3141,-0.64181369,0.62177598,-0.31802875,0.31674522,-281.85907,-49.356639,970.87163,0.010349955,0.013898167,0.0067514621,0.99982705,-401.66169,187.68986,1305.7511,0.015559674,0.0056033143,0.0076971359,0.99983361
1782290089.290270,913.96433,226.11226,1140.3141,-0.64181369,0.62177598,-0.31802875,0.31674522,-281.85907,-49.356639,970.87163,0.010349955,0.013898167,0.0067514621,0.99982705,-401.66169,187.68986,1305.7511,0.015559674,0.0056033143,0.0076971359,0.99983361
1782290089.300261,913.96433,226.11226,1140.3141,-0.64181369,0.62177598,-0.31802875,0.31674522,-281.85907,-49.356639,970.87163,0.010349955,0.013898167,0.0067514621,0.99982705,-401.66169,187.68986,1305.7511,0.015559674,0.0056033143,0.0076971359,0.99983361
1782290089.310258,913.96433,226.11226,1140.3141,-0.64181369,0.62177598,-0.31802875,0.31674522,-281.85907,-49.356639,970.87163,0.010349955,0.013898167,0.0067514621,0.99982705,-401.66169,187.68986,1305.7511,0.015559674,0.0056033143,0.0076971359,0.99983361
1782290089.320259,913.96433,226.11226,1140.3141,-0.64181369,0.62177598,-0.31802875,0.31674522,-281.85907,-49.356639,970.87163,0.010349955,0.013898167,0.0067514621,0.99982705,-401.66169,187.68986,1305.7511,0.015559674,0.0056033143,0.0076971359,0.99983361
1782290089.330258,913.96433,226.11226,1140.3141,-0.64181369,0.62177598,-0.31802875,0.31674522,-281.85907,-49.356639,970.87163,0.010349955,0.013898167,0.0067514621,0.99982705,-401.66169,187.68986,1305.7511,0.015559674,0.0056033143,0.0076971359,0.99983361
1782290089.340259,913.96433,226.11226,1140.3141,-0.64181369,0.62177598,-0.31802875,0.31674522,-281.85907,-49.356639,970.87163,0.010349955,0.013898167,0.0067514621,0.99982705,-401.66169,187.68986,1305.7511,0.015559674,0.0056033143,0.0076971359,0.99983361
1782290089.350254,913.96433,226.11226,1140.3141,-0.64181369,0.62177598,-0.31802875,0.31674522,-281.85907,-49.356639,970.87163,0.010349955,0.013898167,0.0067514621,0.99982705,-401.66169,187.68986,1305.7511,0.015559674,0.0056033143,0.0076971359,0.99983361
1782290089.360263,913.96433,226.11226,1140.3141,-0.64181369,0.62177598,-0.31802875,0.31674522,-281.85907,-49.356639,970.87163,0.010349955,0.013898167,0.0067514621,0.99982705,-401.66169,187.68986,1305.7511,0.015559674,0.0056033143,0.0076971359,0.99983361
1782290089.370780,913.96433,226.11226,1140.3141,-0.64181369,0.62177598,-0.31802875,0.31674522,-281.87925,-49.382441,970.8901,0.010311766,0.013878101,0.0072436924,0.99982428,-401.67773,187.70477,1305.7548,0.015598746,0.0056275449,0.0077006312,0.99983284
1782290089.380267,913.96165,226.1067,1140.3089,-0.64181018,0.62177264,-0.31803444,0.31675318,-281.88828,-49.366515,970.87532,0.01036061,0.013794127,0.0068948551,0.99982741,-401.68089,187.73076,1305.7661,0.015679056,0.0056896452,0.0076543752,0.99983159
1782290089.390275,913.96445,226.10083,1140.3219,-0.6418146,0.62177695,-0.31801698,0.3167533,-281.87156,-49.386635,970.89249,0.010314771,0.013879069,0.007174434,0.99982474,-401.66697,187.71985,1305.7624,0.015610889,0.0055737663,0.0076755498,0.99983315
1782290089.400267,913.96588,226.10819,1140.322,-0.64180576,0.62177896,-0.31802287,0.31676134,-281.88175,-49.408227,970.88194,0.010422876,0.013822761,0.0071786075,0.99982437,-401.66697,187.71985,1305.7624,0.015610889,0.0055737663,0.0076755498,0.99983315
1782290089.410261,913.96588,226.10819,1140.322,-0.64180576,0.62177896,-0.31802287,0.31676134,-281.88175,-49.408227,970.88194,0.010422876,0.013822761,0.0071786075,0.99982437,-401.66697,187.71985,1305.7624,0.015610889,0.0055737663,0.0076755498,0.99983315
1782290089.420258,913.96588,226.10819,1140.322,-0.64180576,0.62177896,-0.31802287,0.31676134,-281.88175,-49.408227,970.88194,0.010422876,0.013822761,0.0071786075,0.99982437,-401.66697,187.71985,1305.7624,0.015610889,0.0055737663,0.0076755498,0.99983315
1782290089.430263,913.96588,226.10819,1140.322,-0.64180576,0.62177896,-0.31802287,0.31676134,-281.88175,-49.408227,970.88194,0.010422876,0.013822761,0.0071786075,0.99982437,-401.66697,187.71985,1305.7624,0.015610889,0.0055737663,0.0076755498,0.99983315
1782290089.440257,913.96588,226.10819,1140.322,-0.64180576,0.62177896,-0.31802287,0.31676134,-281.88175,-49.408227,970.88194,0.010422876,0.013822761,0.0071786075,0.99982437,-401.66697,187.71985,1305.7624,0.015610889,0.0055737663,0.0076755498,0.99983315
1782290089.450253,913.96588,226.10819,1140.322,-0.64180576,0.62177896,-0.31802287,0.31676134,-281.88175,-49.408227,970.88194,0.010422876,0.013822761,0.0071786075,0.99982437,-401.66697,187.71985,1305.7624,0.015610889,0.0055737663,0.0076755498,0.99983315
1782290089.460262,913.96588,226.10819,1140.322,-0.64180576,0.62177896,-0.31802287,0.31676134,-281.88175,-49.408227,970.88194,0.010422876,0.013822761,0.0071786075,0.99982437,-401.66697,187.71985,1305.7624,0.015610889,0.0055737663,0.0076755498,0.99983315
1782290089.470269,913.96785,226.10579,1140.3139,-0.6418153,0.62177902,-0.3180187,0.31674606,-281.88175,-49.408227,970.88194,0.010422876,0.013822761,0.0071786075,0.99982437,-401.66697,187.71985,1305.7624,0.015610889,0.0055737663,0.0076755498,0.99983315
1782290089.480292,913.9632,226.11324,1140.3143,-0.64180385,0.62177997,-0.31802633,0.31675976,-281.89173,-49.408212,970.86936,0.010401513,0.013772531,0.0073014399,0.99982439,-401.66926,187.721,1305.7621,0.01562438,0.0055882642,0.0076121035,0.99983334
1782290089.490284,913.95611,226.10584,1140.3167,-0.6417989,0.62177567,-0.3180375,0.316767,-281.8864,-49.387164,970.87073,0.010433026,0.013760127,0.0069688451,0.99982661,-401.66861,187.72028,1305.7632,0.015619346,0.0055967895,0.007568242,0.9998337
1782290089.500267,913.95783,226.10241,1140.3102,-0.64180154,0.62177437,-0.31804404,0.31675765,-281.89015,-49.38734,970.86495,0.010425094,0.01375888,0.0069182471,0.99982706,-401.67204,187.73575,1305.7755,0.015699162,0.0056896868,0.0075141155,0.99983234
1782290089.510257,913.95783,226.10241,1140.3102,-0.64180154,0.62177437,-0.31804404,0.31675765,-281.89015,-49.38734,970.86495,0.010425094,0.01375888,0.0069182471,0.99982706,-401.67204,187.73575,1305.7755,0.015699162,0.0056896868,0.0075141155,0.99983234
1782290089.520256,913.95783,226.10241,1140.3102,-0.64180154,0.62177437,-0.31804404,0.31675765,-281.89015,-49.38734,970.86495,0.010425094,0.01375888,0.0069182471,0.99982706,-401.67204,187.73575,1305.7755,0.015699162,0.0056896868,0.0075141155,0.99983234
1782290089.530255,913.95783,226.10241,1140.3102,-0.64180154,0.62177437,-0.31804404,0.31675765,-281.89015,-49.38734,970.86495,0.010425094,0.01375888,0.0069182471,0.99982706,-401.67204,187.73575,1305.7755,0.015699162,0.0056896868,0.0075141155,0.99983234
1782290089.540255,913.95783,226.10241,1140.3102,-0.64180154,0.62177437,-0.31804404,0.31675765,-281.89015,-49.38734,970.86495,0.010425094,0.01375888,0.0069182471,0.99982706,-401.67204,187.73575,1305.7755,0.015699162,0.0056896868,0.0075141155,0.99983234
1782290089.550255,913.95783,226.10241,1140.3102,-0.64180154,0.62177437,-0.31804404,0.31675765,-281.89015,-49.38734,970.86495,0.010425094,0.01375888,0.0069182471,0.99982706,-401.67204,187.73575,1305.7755,0.015699162,0.0056896868,0.0075141155,0.99983234
1782290089.560258,913.95783,226.10241,1140.3102,-0.64180154,0.62177437,-0.31804404,0.31675765,-281.89015,-49.38734,970.86495,0.010425094,0.01375888,0.0069182471,0.99982706,-401.67204,187.73575,1305.7755,0.015699162,0.0056896868,0.0075141155,0.99983234
1782290089.570255,913.95783,226.10241,1140.3102,-0.64180154,0.62177437,-0.31804404,0.31675765,-281.89015,-49.38734,970.86495,0.010425094,0.01375888,0.0069182471,0.99982706,-401.67204,187.73575,1305.7755,0.015699162,0.0056896868,0.0075141155,0.99983234
1782290089.580261,913.9685,226.10034,1140.314,-0.64180785,0.62178361,-0.31802162,0.31674921,-281.86724,-49.40965,970.89052,0.010352821,0.013876069,0.0073967266,0.99982277,-401.66706,187.72052,1305.7674,0.015567975,0.0056125219,0.0075668409,0.99983443
1782290089.590263,913.96946,226.09593,1140.3188,-0.64180398,0.62177974,-0.31803605,0.31675017,-281.88974,-49.411051,970.8876,0.010305779,0.013825463,0.0075411523,0.99982287,-401.67415,187.73644,1305.7747,0.0155491,0.0056571081,0.0075089862,0.99983491
1782290089.600282,913.96904,226.10036,1140.3047,-0.64180594,0.6217789,-0.31803357,0.31675034,-281.87159,-49.390845,970.88349,0.010297073,0.013878592,0.0072657167,0.99982427,-401.67683,187.7359,1305.7752,0.015583648,0.0056596213,0.0074772592,0.99983459
1782290089.610267,913.96135,226.10351,1140.3104,-0.6418057,0.62177848,-0.31803113,0.31675413,-281.87606,-49.387753,970.87878,0.010382775,0.013838064,0.0071401887,0.99982485,-401.67782,187.74298,1305.7798,0.015559565,0.0057966653,0.0074291541,0.99983454
1782290089.620260,913.96135,226.10351,1140.3104,-0.6418057,0.62177848,-0.31803113,0.31675413,-281.87606,-49.387753,970.87878,0.010382775,0.013838064,0.0071401887,0.99982485,-401.67782,187.74298,1305.7798,0.015559565,0.0057966653,0.0074291541,0.99983454
1782290089.630256,913.96135,226.10351,1140.3104,-0.6418057,0.62177848,-0.31803113,0.31675413,-281.87606,-49.387753,970.87878,0.010382775,0.013838064,0.0071401887,0.99982485,-401.67782,187.74298,1305.7798,0.015559565,0.0057966653,0.0074291541,0.99983454
1782290089.640249,913.96135,226.10351,1140.3104,-0.6418057,0.62177848,-0.31803113,0.31675413,-281.87606,-49.387753,970.87878,0.010382775,0.013838064,0.0071401887,0.99982485,-401.67782,187.74298,1305.7798,0.015559565,0.0057966653,0.0074291541,0.99983454
1782290089.650254,913.96135,226.10351,1140.3104,-0.6418057,0.62177848,-0.31803113,0.31675413,-281.87606,-49.387753,970.87878,0.010382775,0.013838064,0.0071401887,0.99982485,-401.67782,187.74298,1305.7798,0.015559565,0.0057966653,0.0074291541,0.99983454
1782290089.660266,913.96135,226.10351,1140.3104,-0.6418057,0.62177848,-0.31803113,0.31675413,-281.87606,-49.387753,970.87878,0.010382775,0.013838064,0.0071401887,0.99982485,-401.67782,187.74298,1305.7798,0.015559565,0.0057966653,0.0074291541,0.99983454
1782290089.670262,913.96135,226.10351,1140.3104,-0.6418057,0.62177848,-0.31803113,0.31675413,-281.87606,-49.387753,970.87878,0.010382775,0.013838064,0.0071401887,0.99982485,-401.67782,187.74298,1305.7798,0.015559565,0.0057966653,0.0074291541,0.99983454
1782290089.680268,913.96284,226.10496,1140.3069,-0.64179962,0.621778,-0.31803566,0.31676283,-281.8546,-49.400833,970.89505,0.010344646,0.013954566,0.0072635203,0.99982273,-401.67987,187.71835,1305.7581,0.01545108,0.0057450945,0.0075237609,0.99983581
1782290089.690262,913.96201,226.09335,1140.3083,-0.64180142,0.62177414,-0.31804243,0.31675997,-281.86867,-49.376339,970.88039,0.010381085,0.013874841,0.0068741601,0.99982622,-401.67484,187.74086,1305.7708,0.015519073,0.0058848119,0.0074348591,0.99983461
1782290089.700263,913.96093,226.09946,1140.3199,-0.64179898,0.6217767,-0.31803963,0.31676269,-281.86455,-49.393296,970.88808,0.010396633,0.013824778,0.0070153796,0.99982577,-401.68011,187.73568,1305.7729,0.015591425,0.0058840009,0.0074576166,0.99983332
1782290089.710272,913.96093,226.09946,1140.3199,-0.64179898,0.6217767,-0.31803963,0.31676269,-281.86455,-49.393296,970.88808,0.010396633,0.013824778,0.0070153796,0.99982577,-401.68011,187.73568,1305.7729,0.015591425,0.0058840009,0.0074576166,0.99983332
1782290089.720258,913.96093,226.09946,1140.3199,-0.64179898,0.6217767,-0.31803963,0.31676269,-281.86455,-49.393296,970.88808,0.010396633,0.013824778,0.0070153796,0.99982577,-401.68011,187.73568,1305.7729,0.015591425,0.0058840009,0.0074576166,0.99983332
1782290089.730256,913.96093,226.09946,1140.3199,-0.64179898,0.6217767,-0.31803963,0.31676269,-281.86455,-49.393296,970.88808,0.010396633,0.013824778,0.0070153796,0.99982577,-401.68011,187.73568,1305.7729,0.015591425,0.0058840009,0.0074576166,0.99983332
1782290089.740256,913.96093,226.09946,1140.3199,-0.64179898,0.6217767,-0.31803963,0.31676269,-281.86455,-49.393296,970.88808,0.010396633,0.013824778,0.0070153796,0.99982577,-401.68011,187.73568,1305.7729,0.015591425,0.0058840009,0.0074576166,0.99983332
1782290089.750254,913.96093,226.09946,1140.3199,-0.64179898,0.6217767,-0.31803963,0.31676269,-281.86455,-49.393296,970.88808,0.010396633,0.013824778,0.0070153796,0.99982577,-401.68011,187.73568,1305.7729,0.015591425,0.0058840009,0.0074576166,0.99983332
1782290089.760257,913.96093,226.09946,1140.3199,-0.64179898,0.6217767,-0.31803963,0.31676269,-281.86455,-49.393296,970.88808,0.010396633,0.013824778,0.0070153796,0.99982577,-401.68011,187.73568,1305.7729,0.015591425,0.0058840009,0.0074576166,0.99983332
1782290089.770256,913.96093,226.09946,1140.3199,-0.64179898,0.6217767,-0.31803963,0.31676269,-281.86455,-49.393296,970.88808,0.010396633,0.013824778,0.0070153796,0.99982577,-401.68011,187.73568,1305.7729,0.015591425,0.0058840009,0.0074576166,0.99983332
1782290089.780263,913.96266,226.10821,1140.31,-0.64181656,0.62177515,-0.3180241,0.3167457,-281.89576,-49.388155,970.88003,0.010386754,0.013768966,0.0070239131,0.99982658,-401.6721,187.71292,1305.7681,0.015514849,0.0059289237,0.0074638214,0.9998342
1782290089.790264,913.95754,226.10925,1140.3154,-0.64181078,0.62177318,-0.31803045,0.31675491,-281.85263,-49.400017,970.90822,0.010351467,0.013946437,0.0072076937,0.99982318,-401.68235,187.71893,1305.7765,0.015625144,0.0060284194,0.0074587875,0.99983193
1782290089.800259,913.95754,226.10925,1140.3154,-0.64181078,0.62177318,-0.31803045,0.31675491,-281.85263,-49.400017,970.90822,0.010351467,0.013946437,0.0072076937,0.99982318,-401.68235,187.71893,1305.7765,0.015625144,0.0060284194,0.0074587875,0.99983193
1782290089.810257,913.95754,226.10925,1140.3154,-0.64181078,0.62177318,-0.31803045,0.31675491,-281.85263,-49.400017,970.90822,0.010351467,0.013946437,0.0072076937,0.99982318,-401.68235,187.71893,1305.7765,0.015625144,0.0060284194,0.0074587875,0.99983193
1782290089.820258,913.95754,226.10925,1140.3154,-0.64181078,0.62177318,-0.31803045,0.31675491,-281.85263,-49.400017,970.90822,0.010351467,0.013946437,0.0072076937,0.99982318,-401.68235,187.71893,1305.7765,0.015625144,0.0060284194,0.0074587875,0.99983193
1782290089.830269,913.95754,226.10925,1140.3154,-0.64181078,0.62177318,-0.31803045,0.31675491,-281.85263,-49.400017,970.90822,0.010351467,0.013946437,0.0072076937,0.99982318,-401.68235,187.71893,1305.7765,0.015625144,0.0060284194,0.0074587875,0.99983193
1782290089.840271,913.95754,226.10925,1140.3154,-0.64181078,0.62177318,-0.31803045,0.31675491,-281.85263,-49.400017,970.90822,0.010351467,0.013946437,0.0072076937,0.99982318,-401.68235,187.71893,1305.7765,0.015625144,0.0060284194,0.0074587875,0.99983193
1782290089.850269,913.95754,226.10925,1140.3154,-0.64181078,0.62177318,-0.31803045,0.31675491,-281.85263,-49.400017,970.90822,0.010351467,0.013946437,0.0072076937,0.99982318,-401.68235,187.71893,1305.7765,0.015625144,0.0060284194,0.0074587875,0.99983193
1782290089.860278,913.95754,226.10925,1140.3154,-0.64181078,0.62177318,-0.31803045,0.31675491,-281.85263,-49.400017,970.90822,0.010351467,0.013946437,0.0072076937,0.99982318,-401.68235,187.71893,1305.7765,0.015625144,0.0060284194,0.0074587875,0.99983193
1782290089.870264,913.95754,226.10925,1140.3154,-0.64181078,0.62177318,-0.31803045,0.31675491,-281.85263,-49.400017,970.90822,0.010351467,0.013946437,0.0072076937,0.99982318,-401.68235,187.71893,1305.7765,0.015625144,0.0060284194,0.0074587875,0.99983193
1782290089.880368,913.95724,226.10998,1140.3103,-0.64180869,0.6217677,-0.31804046,0.31675985,-281.83615,-49.35886,970.89803,0.010307317,0.013928486,0.0067547809,0.99982705,-401.68357,187.73611,1305.7717,0.015655428,0.0060867709,0.0074616843,0.99983108
1782290089.890268,913.95307,226.10502,1140.3155,-0.64179774,0.6217664,-0.31804986,0.31677515,-281.86622,-49.357101,970.89535,0.010328474,0.013867392,0.0069259392,0.99982651,-401.67108,187.71321,1305.7616,0.015746065,0.0058589885,0.0075750908,0.99983016
1782290089.900259,913.96153,226.10693,1140.3129,-0.64180297,0.62177242,-0.31804303,0.31675959,-281.86962,-49.397502,970.89338,0.010322281,0.013889895,0.0072829987,0.99982372,-401.6757,187.73991,1305.7611,0.015760201,0.0059288446,0.0075233414,0.99982992
1782290089.910258,913.96153,226.10693,1140.3129,-0.64180297,0.62177242,-0.31804303,0.31675959,-281.86962,-49.397502,970.89338,0.010322281,0.013889895,0.0072829987,0.99982372,-401.6757,187.73991,1305.7611,0.015760201,0.0059288446,0.0075233414,0.99982992
1782290089.920255,913.96153,226.10693,1140.3129,-0.64180297,0.62177242,-0.31804303,0.31675959,-281.86962,-49.397502,970.89338,0.010322281,0.013889895,0.0072829987,0.99982372,-401.6757,187.73991,1305.7611,0.015760201,0.0059288446,0.0075233414,0.99982992
1782290089.930258,913.96153,226.10693,1140.3129,-0.64180297,0.62177242,-0.31804303,0.31675959,-281.86962,-49.397502,970.89338,0.010322281,0.013889895,0.0072829987,0.99982372,-401.6757,187.73991,1305.7611,0.015760201,0.0059288446,0.0075233414,0.99982992
1782290089.940253,913.96153,226.10693,1140.3129,-0.64180297,0.62177242,-0.31804303,0.31675959,-281.86962,-49.397502,970.89338,0.010322281,0.013889895,0.0072829987,0.99982372,-401.6757,187.73991,1305.7611,0.015760201,0.0059288446,0.0075233414,0.99982992
1782290089.950259,913.96153,226.10693,1140.3129,-0.64180297,0.62177242,-0.31804303,0.31675959,-281.86962,-49.397502,970.89338,0.010322281,0.013889895,0.0072829987,0.99982372,-401.6757,187.73991,1305.7611,0.015760201,0.0059288446,0.0075233414,0.99982992
1782290089.960271,913.96153,226.10693,1140.3129,-0.64180297,0.62177242,-0.31804303,0.31675959,-281.86962,-49.397502,970.89338,0.010322281,0.013889895,0.0072829987,0.99982372,-401.6757,187.73991,1305.7611,0.015760201,0.0059288446,0.0075233414,0.99982992
1782290089.970258,913.96153,226.10693,1140.3129,-0.64180297,0.62177242,-0.31804303,0.31675959,-281.86962,-49.397502,970.89338,0.010322281,0.013889895,0.0072829987,0.99982372,-401.6757,187.73991,1305.7611,0.015760201,0.0059288446,0.0075233414,0.99982992
1782290089.980256,913.96153,226.10693,1140.3129,-0.64180297,0.62177242,-0.31804303,0.31675959,-281.86962,-49.397502,970.89338,0.010322281,0.013889895,0.0072829987,0.99982372,-401.6757,187.73991,1305.7611,0.015760201,0.0059288446,0.0075233414,0.99982992
1782290089.990258,913.96153,226.10693,1140.3129,-0.64180297,0.62177242,-0.31804303,0.31675959,-281.86962,-49.397502,970.89338,0.010322281,0.013889895,0.0072829987,0.99982372,-401.6757,187.73991,1305.7611,0.015760201,0.0059288446,0.0075233414,0.99982992
1782290090.000264,913.96624,226.10673,1140.3165,-0.64181119,0.62177354,-0.31803143,0.3167524,-281.84414,-49.373727,970.90214,0.010258236,0.013985662,0.0071105767,0.99982429,-401.66178,187.74088,1305.7668,0.015839629,0.0057235611,0.0075679248,0.99982952
1782290090.010260,913.96624,226.11323,1140.3176,-0.64179826,0.62177581,-0.31803984,0.31676567,-281.8591,-49.380995,970.88295,0.010338815,0.013868113,0.0071178464,0.99982505,-401.67904,187.74585,1305.7836,0.015899782,0.0058848211,0.0075789251,0.99982755
1782290090.020260,913.96153,226.10885,1140.3099,-0.64179768,0.62177088,-0.31805147,0.31676487,-281.86673,-49.391955,970.88736,0.010415772,0.013884819,0.0070877629,0.99982423,-401.66882,187.72854,1305.7764,0.015844979,0.0058159257,0.0076335832,0.99982841
1782290090.030253,913.96153,226.10885,1140.3099,-0.64179768,0.62177088,-0.31805147,0.31676487,-281.86673,-49.391955,970.88736,0.010415772,0.013884819,0.0070877629,0.99982423,-401.66882,187.72854,1305.7764,0.015844979,0.0058159257,0.0076335832,0.99982841
1782290090.040256,913.96153,226.10885,1140.3099,-0.64179768,0.62177088,-0.31805147,0.31676487,-281.86673,-49.391955,970.88736,0.010415772,0.013884819,0.0070877629,0.99982423,-401.66882,187.72854,1305.7764,0.015844979,0.0058159257,0.0076335832,0.99982841
1782290090.050252,913.96153,226.10885,1140.3099,-0.64179768,0.62177088,-0.31805147,0.31676487,-281.86673,-49.391955,970.88736,0.010415772,0.013884819,0.0070877629,0.99982423,-401.66882,187.72854,1305.7764,0.015844979,0.0058159257,0.0076335832,0.99982841
1782290090.060263,913.96153,226.10885,1140.3099,-0.64179768,0.62177088,-0.31805147,0.31676487,-281.86673,-49.391955,970.88736,0.010415772,0.013884819,0.0070877629,0.99982423,-401.66882,187.72854,1305.7764,0.015844979,0.0058159257,0.0076335832,0.99982841
1782290090.070260,913.96153,226.10885,1140.3099,-0.64179768,0.62177088,-0.31805147,0.31676487,-281.86673,-49.391955,970.88736,0.010415772,0.013884819,0.0070877629,0.99982423,-401.66882,187.72854,1305.7764,0.015844979,0.0058159257,0.0076335832,0.99982841
1782290090.080257,913.96153,226.10885,1140.3099,-0.64179768,0.62177088,-0.31805147,0.31676487,-281.86673,-49.391955,970.88736,0.010415772,0.013884819,0.0070877629,0.99982423,-401.66882,187.72854,1305.7764,0.015844979,0.0058159257,0.0076335832,0.99982841
1782290090.090282,913.95891,226.10088,1140.3096,-0.6417969,0.6217726,-0.31805346,0.31676105,-281.84691,-49.37619,970.88724,0.01034114,0.013979529,0.0068768168,0.99982516,-401.67442,187.71525,1305.7721,0.015844974,0.0057061216,0.0076958517,0.99982856
1782290090.100263,913.96749,226.09735,1140.3099,-0.64179886,0.62178094,-0.31804034,0.3167539,-281.86089,-49.39004,970.89231,0.010216215,0.013950736,0.0072787544,0.999824,-401.66768,187.7376,1305.7666,0.015924966,0.0056981359,0.0076094332,0.999828
1782290090.110257,913.96648,226.10408,1140.3174,-0.64179999,0.62178016,-0.3180382,0.3167553,-281.84751,-49.402185,970.91085,0.010252756,0.014005785,0.0075421302,0.9998209,-401.67421,187.76295,1305.7698,0.015874737,0.0058385157,0.0075725824,0.99982827
1782290090.120257,913.96648,226.10408,1140.3174,-0.64179999,0.62178016,-0.3180382,0.3167553,-281.84751,-49.402185,970.91085,0.010252756,0.014005785,0.0075421302,0.9998209,-401.67421,187.76295,1305.7698,0.015874737,0.0058385157,0.0075725824,0.99982827
1782290090.130255,913.96648,226.10408,1140.3174,-0.64179999,0.62178016,-0.3180382,0.3167553,-281.84751,-49.402185,970.91085,0.010252756,0.014005785,0.0075421302,0.9998209,-401.67421,187.76295,1305.7698,0.015874737,0.0058385157,0.0075725824,0.99982827
1782290090.140258,913.96648,226.10408,1140.3174,-0.64179999,0.62178016,-0.3180382,0.3167553,-281.84751,-49.402185,970.91085,0.010252756,0.014005785,0.0075421302,0.9998209,-401.67421,187.76295,1305.7698,0.015874737,0.0058385157,0.0075725824,0.99982827
1782290090.150253,913.96648,226.10408,1140.3174,-0.64179999,0.62178016,-0.3180382,0.3167553,-281.84751,-49.402185,970.91085,0.010252756,0.014005785,0.0075421302,0.9998209,-401.67421,187.76295,1305.7698,0.015874737,0.0058385157,0.0075725824,0.99982827
1782290090.160252,913.96648,226.10408,1140.3174,-0.64179999,0.62178016,-0.3180382,0.3167553,-281.84751,-49.402185,970.91085,0.010252756,0.014005785,0.0075421302,0.9998209,-401.67421,187.76295,1305.7698,0.015874737,0.0058385157,0.0075725824,0.99982827
1782290090.170254,913.96648,226.10408,1140.3174,-0.64179999,0.62178016,-0.3180382,0.3167553,-281.84751,-49.402185,970.91085,0.010252756,0.014005785,0.0075421302,0.9998209,-401.67421,187.76295,1305.7698,0.015874737,0.0058385157,0.0075725824,0.99982827
1782290090.180258,913.96648,226.10408,1140.3174,-0.64179999,0.62178016,-0.3180382,0.3167553,-281.84751,-49.402185,970.91085,0.010252756,0.014005785,0.0075421302,0.9998209,-401.67421,187.76295,1305.7698,0.015874737,0.0058385157,0.0075725824,0.99982827
1782290090.190254,913.96648,226.10408,1140.3174,-0.64179999,0.62178016,-0.3180382,0.3167553,-281.84751,-49.402185,970.91085,0.010252756,0.014005785,0.0075421302,0.9998209,-401.67421,187.76295,1305.7698,0.015874737,0.0058385157,0.0075725824,0.99982827
1782290090.200265,913.97297,226.10323,1140.3152,-0.64180119,0.62177629,-0.31804315,0.31675548,-281.86435,-49.40068,970.88534,0.010352134,0.013848675,0.0072333426,0.99982435,-401.66235,187.76549,1305.7688,0.015951016,0.0058274946,0.0075430331,0.99982734
1782290090.210263,913.97125,226.10383,1140.3153,-0.64180794,0.62177786,-0.31803362,0.3167483,-281.8791,-49.395937,970.86251,0.010485627,0.013780015,0.0068882273,0.99982634,-401.6695,187.75485,1305.7857,0.015951456,0.0058778187,0.0075893869,0.99982669
1782290090.220310,913.95402,226.10575,1140.3176,-0.64179791,0.62177516,-0.31803841,0.3167691,-281.85713,-49.361572,970.88659,0.010248164,0.013928886,0.0071058263,0.99982522,-401.67853,187.74709,1305.7725,0.016056008,0.0059247612,0.0076428022,0.99982433
1782290090.230264,913.95664,226.10341,1140.3155,-0.64179523,0.62177171,-0.31804935,0.31677032,-281.85147,-49.373388,970.88397,0.010304531,0.013948687,0.006911453,0.99982573,-401.67853,187.74709,1305.7725,0.016056008,0.0059247612,0.0076428022,0.99982433
1782290090.240255,913.95664,226.10341,1140.3155,-0.64179523,0.62177171,-0.31804935,0.31677032,-281.85147,-49.373388,970.88397,0.010304531,0.013948687,0.006911453,0.99982573,-401.67853,187.74709,1305.7725,0.016056008,0.0059247612,0.0076428022,0.99982433
1782290090.250261,913.95664,226.10341,1140.3155,-0.64179523,0.62177171,-0.31804935,0.31677032,-281.85147,-49.373388,970.88397,0.010304531,0.013948687,0.006911453,0.99982573,-401.67853,187.74709,1305.7725,0.016056008,0.0059247612,0.0076428022,0.99982433
1782290090.260265,913.95664,226.10341,1140.3155,-0.64179523,0.62177171,-0.31804935,0.31677032,-281.85147,-49.373388,970.88397,0.010304531,0.013948687,0.006911453,0.99982573,-401.67853,187.74709,1305.7725,0.016056008,0.0059247612,0.0076428022,0.99982433
1782290090.270265,913.95664,226.10341,1140.3155,-0.64179523,0.62177171,-0.31804935,0.31677032,-281.85147,-49.373388,970.88397,0.010304531,0.013948687,0.006911453,0.99982573,-401.67853,187.74709,1305.7725,0.016056008,0.0059247612,0.0076428022,0.99982433
1782290090.280262,913.95664,226.10341,1140.3155,-0.64179523,0.62177171,-0.31804935,0.31677032,-281.85147,-49.373388,970.88397,0.010304531,0.013948687,0.006911453,0.99982573,-401.67853,187.74709,1305.7725,0.016056008,0.0059247612,0.0076428022,0.99982433
1782290090.290256,913.95664,226.10341,1140.3155,-0.64179523,0.62177171,-0.31804935,0.31677032,-281.85147,-49.373388,970.88397,0.010304531,0.013948687,0.006911453,0.99982573,-401.67853,187.74709,1305.7725,0.016056008,0.0059247612,0.0076428022,0.99982433
1782290090.300264,913.95885,226.10378,1140.3066,-0.64179623,0.62177044,-0.3180488,0.31677133,-281.85147,-49.373388,970.88397,0.010304531,0.013948687,0.006911453,0.99982573,-401.66983,187.73234,1305.7632,0.015987959,0.0058121533,0.0077128723,0.99982554
1782290090.310266,913.96153,226.1012,1140.3207,-0.64181013,0.62176908,-0.31803191,0.31676281,-281.88306,-49.40284,970.87032,0.010369177,0.013819237,0.0071736403,0.99982501,-401.6743,187.74228,1305.771,0.016046389,0.0058259198,0.0076650461,0.99982489
1782290090.320267,913.96803,226.10784,1140.3208,-0.64181062,0.62178036,-0.31802539,0.31674622,-281.86738,-49.382359,970.90226,0.01031103,0.013859672,0.007279933,0.99982428,-401.66074,187.75243,1305.7829,0.016060589,0.0058886208,0.0076233678,0.99982462
1782290090.330266,913.96803,226.10784,1140.3208,-0.64181062,0.62178036,-0.31802539,0.31674622,-281.86738,-49.382359,970.90226,0.01031103,0.013859672,0.007279933,0.99982428,-401.66074,187.75243,1305.7829,0.016060589,0.0058886208,0.0076233678,0.99982462
1782290090.340262,913.96803,226.10784,1140.3208,-0.64181062,0.62178036,-0.31802539,0.31674622,-281.86738,-49.382359,970.90226,0.01031103,0.013859672,0.007279933,0.99982428,-401.66074,187.75243,1305.7829,0.016060589,0.0058886208,0.0076233678,0.99982462
1782290090.350256,913.96803,226.10784,1140.3208,-0.64181062,0.62178036,-0.31802539,0.31674622,-281.86738,-49.382359,970.90226,0.01031103,0.013859672,0.007279933,0.99982428,-401.66074,187.75243,1305.7829,0.016060589,0.0058886208,0.0076233678,0.99982462
1782290090.360256,913.96803,226.10784,1140.3208,-0.64181062,0.62178036,-0.31802539,0.31674622,-281.86738,-49.382359,970.90226,0.01031103,0.013859672,0.007279933,0.99982428,-401.66074,187.75243,1305.7829,0.016060589,0.0058886208,0.0076233678,0.99982462
1782290090.370260,913.96803,226.10784,1140.3208,-0.64181062,0.62178036,-0.31802539,0.31674622,-281.86738,-49.382359,970.90226,0.01031103,0.013859672,0.007279933,0.99982428,-401.66074,187.75243,1305.7829,0.016060589,0.0058886208,0.0076233678,0.99982462
1782290090.380260,913.96803,226.10784,1140.3208,-0.64181062,0.62178036,-0.31802539,0.31674622,-281.86738,-49.382359,970.90226,0.01031103,0.013859672,0.007279933,0.99982428,-401.66074,187.75243,1305.7829,0.016060589,0.0058886208,0.0076233678,0.99982462
1782290090.390260,913.96803,226.10784,1140.3208,-0.64181062,0.62178036,-0.31802539,0.31674622,-281.86738,-49.382359,970.90226,0.01031103,0.013859672,0.007279933,0.99982428,-401.66074,187.75243,1305.7829,0.016060589,0.0058886208,0.0076233678,0.99982462
1782290090.400268,913.96201,226.11314,1140.3099,-0.64179591,0.62177423,-0.31804814,0.31676521,-281.89579,-49.410585,970.8674,0.01038354,0.013736522,0.0074231817,0.99982418,-401.67427,187.75794,1305.7722,0.015990652,0.0058606063,0.0075752178,0.99982627
1782290090.410270,913.94782,226.10214,1140.3071,-0.64180463,0.62176901,-0.31803733,0.31676864,-281.87829,-49.401797,970.88718,0.010328323,0.013891201,0.0073973076,0.9998228,-401.667,187.73054,1305.7595,0.015949527,0.0057308447,0.0076808829,0.99982687
1782290090.420390,913.95283,226.10733,1140.3097,-0.6418103,0.62176955,-0.3180373,0.31675613,-281.88992,-49.418941,970.87651,0.010484941,0.013783758,0.0072233924,0.99982393,-401.68306,187.75363,1305.778,0.016008767,0.0059476705,0.0075954405,0.99982531
1782290090.430273,913.95521,226.10518,1140.3085,-0.64181363,0.62177074,-0.318037,0.31674734,-281.88497,-49.411073,970.86501,0.010448011,0.013834027,0.0071259396,0.99982432,-401.66777,187.73529,1305.7708,0.015932839,0.0059069562,0.0076325945,0.99982648
1782290090.440259,913.95521,226.10518,1140.3085,-0.64181363,0.62177074,-0.318037,0.31674734,-281.88497,-49.411073,970.86501,0.010448011,0.013834027,0.0071259396,0.99982432,-401.66777,187.73529,1305.7708,0.015932839,0.0059069562,0.0076325945,0.99982648
1782290090.450257,913.95521,226.10518,1140.3085,-0.64181363,0.62177074,-0.318037,0.31674734,-281.88497,-49.411073,970.86501,0.010448011,0.013834027,0.0071259396,0.99982432,-401.66777,187.73529,1305.7708,0.015932839,0.0059069562,0.0076325945,0.99982648
1782290090.460266,913.95521,226.10518,1140.3085,-0.64181363,0.62177074,-0.318037,0.31674734,-281.88497,-49.411073,970.86501,0.010448011,0.013834027,0.0071259396,0.99982432,-401.66777,187.73529,1305.7708,0.015932839,0.0059069562,0.0076325945,0.99982648
1782290090.470266,913.95521,226.10518,1140.3085,-0.64181363,0.62177074,-0.318037,0.31674734,-281.88497,-49.411073,970.86501,0.010448011,0.013834027,0.0071259396,0.99982432,-401.66777,187.73529,1305.7708,0.015932839,0.0059069562,0.0076325945,0.99982648
1782290090.480273,913.95521,226.10518,1140.3085,-0.64181363,0.62177074,-0.318037,0.31674734,-281.88497,-49.411073,970.86501,0.010448011,0.013834027,0.0071259396,0.99982432,-401.66777,187.73529,1305.7708,0.015932839,0.0059069562,0.0076325945,0.99982648
1782290090.490262,913.95521,226.10518,1140.3085,-0.64181363,0.62177074,-0.318037,0.31674734,-281.88497,-49.411073,970.86501,0.010448011,0.013834027,0.0071259396,0.99982432,-401.66777,187.73529,1305.7708,0.015932839,0.0059069562,0.0076325945,0.99982648
1782290090.500264,913.96737,226.10588,1140.3166,-0.64181174,0.62177569,-0.31803182,0.31674666,-281.86056,-49.38167,970.88563,0.010341204,0.013896323,0.0070049056,0.99982543,-401.66187,187.76612,1305.7737,0.015797084,0.0058629787,0.007534082,0.99982964
1782290090.510266,913.96803,226.11123,1140.3205,-0.64180713,0.62177734,-0.31803399,0.31675058,-281.86423,-49.368508,970.87908,0.010362651,0.013843072,0.0069224245,0.99982652,-401.66754,187.75319,1305.7643,0.015834215,0.0058462905,0.0075078108,0.99982935
1782290090.520268,913.96672,226.11015,1140.3137,-0.64180745,0.6217779,-0.31802965,0.31675318,-281.83532,-49.357615,970.88557,0.010300439,0.013988406,0.006940663,0.99982501,-401.66005,187.76266,1305.7712,0.015832365,0.0058930494,0.0074909493,0.99982923
1782290090.530260,913.96672,226.11015,1140.3137,-0.64180745,0.6217779,-0.31802965,0.31675318,-281.83532,-49.357615,970.88557,0.010300439,0.013988406,0.006940663,0.99982501,-401.66005,187.76266,1305.7712,0.015832365,0.0058930494,0.0074909493,0.99982923
1782290090.540260,913.96672,226.11015,1140.3137,-0.64180745,0.6217779,-0.31802965,0.31675318,-281.83532,-49.357615,970.88557,0.010300439,0.013988406,0.006940663,0.99982501,-401.66005,187.76266,1305.7712,0.015832365,0.0058930494,0.0074909493,0.99982923
1782290090.550257,913.96672,226.11015,1140.3137,-0.64180745,0.6217779,-0.31802965,0.31675318,-281.83532,-49.357615,970.88557,0.010300439,0.013988406,0.006940663,0.99982501,-401.66005,187.76266,1305.7712,0.015832365,0.0058930494,0.0074909493,0.99982923
1782290090.560256,913.96672,226.11015,1140.3137,-0.64180745,0.6217779,-0.31802965,0.31675318,-281.83532,-49.357615,970.88557,0.010300439,0.013988406,0.006940663,0.99982501,-401.66005,187.76266,1305.7712,0.015832365,0.0058930494,0.0074909493,0.99982923
1782290090.570260,913.96672,226.11015,1140.3137,-0.64180745,0.6217779,-0.31802965,0.31675318,-281.83532,-49.357615,970.88557,0.010300439,0.013988406,0.006940663,0.99982501,-401.66005,187.76266,1305.7712,0.015832365,0.0058930494,0.0074909493,0.99982923
1782290090.580258,913.96672,226.11015,1140.3137,-0.64180745,0.6217779,-0.31802965,0.31675318,-281.83532,-49.357615,970.88557,0.010300439,0.013988406,0.006940663,0.99982501,-401.66005,187.76266,1305.7712,0.015832365,0.0058930494,0.0074909493,0.99982923
1782290090.590257,913.96672,226.11015,1140.3137,-0.64180745,0.6217779,-0.31802965,0.31675318,-281.83532,-49.357615,970.88557,0.010300439,0.013988406,0.006940663,0.99982501,-401.66005,187.76266,1305.7712,0.015832365,0.0058930494,0.0074909493,0.99982923
1782290090.600262,913.95718,226.11785,1140.3086,-0.64180791,0.62176949,-0.31803903,0.31675935,-281.8912,-49.36672,970.86447,0.010349661,0.013767084,0.0070576521,0.99982676,-401.66426,187.77138,1305.7655,0.015833808,0.0058546372,0.0074506507,0.99982974
1782290090.610279,913.95879,226.11438,1140.3059,-0.64181274,0.6217674,-0.31803334,0.31675938,-281.87072,-49.379915,970.88289,0.010314535,0.013899024,0.0072008953,0.99982427,-401.67281,187.77053,1305.7719,0.015728734,0.0059200008,0.0074733035,0.99983084
1782290090.620259,913.95879,226.1081,1140.3265,-0.64180447,0.62177236,-0.31803585,0.31676388,-281.86578,-49.381629,970.90435,0.010308153,0.013866883,0.0072677495,0.9998243,-401.67728,187.74442,1305.782,0.015770699,0.0059302918,0.0075399901,0.99982962
1782290090.630264,913.9607,226.10308,1140.3205,-0.64180475,0.62177121,-0.31804028,0.31676113,-281.85451,-49.36856,970.9028,0.010256887,0.013908318,0.0071338521,0.99982522,-401.66622,187.76427,1305.7718,0.015799716,0.0058506744,0.0074627737,0.99983021
1782290090.640274,913.9607,226.10308,1140.3205,-0.64180475,0.62177121,-0.31804028,0.31676113,-281.85451,-49.36856,970.9028,0.010256887,0.013908318,0.0071338521,0.99982522,-401.66622,187.76427,1305.7718,0.015799716,0.0058506744,0.0074627737,0.99983021
1782290090.650267,913.9607,226.10308,1140.3205,-0.64180475,0.62177121,-0.31804028,0.31676113,-281.85451,-49.36856,970.9028,0.010256887,0.013908318,0.0071338521,0.99982522,-401.66622,187.76427,1305.7718,0.015799716,0.0058506744,0.0074627737,0.99983021
1782290090.660266,913.9607,226.10308,1140.3205,-0.64180475,0.62177121,-0.31804028,0.31676113,-281.85451,-49.36856,970.9028,0.010256887,0.013908318,0.0071338521,0.99982522,-401.66622,187.76427,1305.7718,0.015799716,0.0058506744,0.0074627737,0.99983021
1782290090.670267,913.9607,226.10308,1140.3205,-0.64180475,0.62177121,-0.31804028,0.31676113,-281.85451,-49.36856,970.9028,0.010256887,0.013908318,0.0071338521,0.99982522,-401.66622,187.76427,1305.7718,0.015799716,0.0058506744,0.0074627737,0.99983021
1782290090.680286,913.9607,226.10308,1140.3205,-0.64180475,0.62177121,-0.31804028,0.31676113,-281.85451,-49.36856,970.9028,0.010256887,0.013908318,0.0071338521,0.99982522,-401.66622,187.76427,1305.7718,0.015799716,0.0058506744,0.0074627737,0.99983021
1782290090.690272,913.9607,226.10308,1140.3205,-0.64180475,0.62177121,-0.31804028,0.31676113,-281.85451,-49.36856,970.9028,0.010256887,0.013908318,0.0071338521,0.99982522,-401.66622,187.76427,1305.7718,0.015799716,0.0058506744,0.0074627737,0.99983021
1782290090.700269,913.97083,226.09757,1140.3062,-0.64181107,0.62177306,-0.31803649,0.3167485,-281.86139,-49.3677,970.86453,0.010335276,0.013885875,0.006730273,0.99982752,-401.66363,187.72662,1305.7703,0.015760952,0.0058647207,0.0075455507,0.99983012
1782290090.710265,913.96296,226.11132,1140.3221,-0.64180172,0.62177211,-0.31804481,0.31676093,-281.85198,-49.403474,970.90918,0.010287366,0.013937446,0.0074062736,0.99982252,-401.67025,187.75313,1305.7867,0.0158032,0.0059032975,0.0075332664,0.99982932
1782290090.720348,913.96296,226.11132,1140.3221,-0.64180172,0.62177211,-0.31804481,0.31676093,-281.87653,-49.372569,970.87371,0.010355377,0.013905054,0.0070598504,0.99982477,-401.67063,187.7564,1305.7784,0.015777961,0.0058718726,0.0075420025,0.99982983
1782290090.730270,913.95622,226.10335,1140.3096,-0.64180595,0.621777,-0.31802258,0.3167651,-281.84584,-49.376249,970.88778,0.010252593,0.013954792,0.007246322,0.9998238,-401.67418,187.7538,1305.7541,0.015758545,0.0056846298,0.0075814181,0.99983092
1782290090.740256,913.95622,226.10335,1140.3096,-0.64180595,0.621777,-0.31802258,0.3167651,-281.84584,-49.376249,970.88778,0.010252593,0.013954792,0.007246322,0.9998238,-401.67418,187.7538,1305.7541,0.015758545,0.0056846298,0.0075814181,0.99983092
1782290090.750261,913.95622,226.10335,1140.3096,-0.64180595,0.621777,-0.31802258,0.3167651,-281.84584,-49.376249,970.88778,0.010252593,0.013954792,0.007246322,0.9998238,-401.67418,187.7538,1305.7541,0.015758545,0.0056846298,0.0075814181,0.99983092
1782290090.760257,913.95622,226.10335,1140.3096,-0.64180595,0.621777,-0.31802258,0.3167651,-281.84584,-49.376249,970.88778,0.010252593,0.013954792,0.007246322,0.9998238,-401.67418,187.7538,1305.7541,0.015758545,0.0056846298,0.0075814181,0.99983092
1782290090.770254,913.95622,226.10335,1140.3096,-0.64180595,0.621777,-0.31802258,0.3167651,-281.84584,-49.376249,970.88778,0.010252593,0.013954792,0.007246322,0.9998238,-401.67418,187.7538,1305.7541,0.015758545,0.0056846298,0.0075814181,0.99983092
1782290090.780255,913.95622,226.10335,1140.3096,-0.64180595,0.621777,-0.31802258,0.3167651,-281.84584,-49.376249,970.88778,0.010252593,0.013954792,0.007246322,0.9998238,-401.67418,187.7538,1305.7541,0.015758545,0.0056846298,0.0075814181,0.99983092
1782290090.790253,913.95622,226.10335,1140.3096,-0.64180595,0.621777,-0.31802258,0.3167651,-281.84584,-49.376249,970.88778,0.010252593,0.013954792,0.007246322,0.9998238,-401.67418,187.7538,1305.7541,0.015758545,0.0056846298,0.0075814181,0.99983092
1782290090.800262,913.95879,226.10204,1140.311,-0.64180093,0.62177454,-0.31803497,0.31676766,-281.84584,-49.376249,970.88778,0.010252593,0.013954792,0.007246322,0.9998238,-401.67522,187.75044,1305.7758,0.015790269,0.0057591083,0.0075957119,0.99982989
1782290090.810261,913.95426,226.10612,1140.3217,-0.64180232,0.62177009,-0.3180376,0.31677094,-281.86601,-49.368806,970.87258,0.010474239,0.013833032,0.0066822008,0.99982713,-401.67752,187.74132,1305.7731,0.015787029,0.0058568207,0.007610278,0.99982926
1782290090.820262,913.9623,226.10313,1140.3157,-0.64180831,0.6217718,-0.31803404,0.31675901,-281.86232,-49.379386,970.8963,0.010398864,0.013870583,0.0068874419,0.999826,-401.65567,187.73921,1305.7603,0.015801678,0.0056583691,0.0076097012,0.99983018
1782290090.830261,913.96177,226.10113,1140.3171,-0.64181011,0.62176889,-0.31803077,0.31676435,-281.85856,-49.393799,970.88963,0.01030034,0.013899361,0.0072993395,0.9998237,-401.65049,187.76064,1305.7733,0.015808678,0.0056122127,0.0075053087,0.99983112
1782290090.840259,913.96177,226.10113,1140.3171,-0.64181011,0.62176889,-0.31803077,0.31676435,-281.85856,-49.393799,970.88963,0.01030034,0.013899361,0.0072993395,0.9998237,-401.65049,187.76064,1305.7733,0.015808678,0.0056122127,0.0075053087,0.99983112
1782290090.850260,913.96177,226.10113,1140.3171,-0.64181011,0.62176889,-0.31803077,0.31676435,-281.85856,-49.393799,970.88963,0.01030034,0.013899361,0.0072993395,0.9998237,-401.65049,187.76064,1305.7733,0.015808678,0.0056122127,0.0075053087,0.99983112
1782290090.860263,913.96177,226.10113,1140.3171,-0.64181011,0.62176889,-0.31803077,0.31676435,-281.85856,-49.393799,970.88963,0.01030034,0.013899361,0.0072993395,0.9998237,-401.65049,187.76064,1305.7733,0.015808678,0.0056122127,0.0075053087,0.99983112
1782290090.870266,913.96177,226.10113,1140.3171,-0.64181011,0.62176889,-0.31803077,0.31676435,-281.85856,-49.393799,970.88963,0.01030034,0.013899361,0.0072993395,0.9998237,-401.65049,187.76064,1305.7733,0.015808678,0.0056122127,0.0075053087,0.99983112
1782290090.880268,913.96177,226.10113,1140.3171,-0.64181011,0.62176889,-0.31803077,0.31676435,-281.85856,-49.393799,970.88963,0.01030034,0.013899361,0.0072993395,0.9998237,-401.65049,187.76064,1305.7733,0.015808678,0.0056122127,0.0075053087,0.99983112
1782290090.890263,913.96177,226.10113,1140.3171,-0.64181011,0.62176889,-0.31803077,0.31676435,-281.85856,-49.393799,970.88963,0.01030034,0.013899361,0.0072993395,0.9998237,-401.65049,187.76064,1305.7733,0.015808678,0.0056122127,0.0075053087,0.99983112
1782290090.900257,913.96177,226.10113,1140.3171,-0.64181011,0.62176889,-0.31803077,0.31676435,-281.85856,-49.393799,970.88963,0.01030034,0.013899361,0.0072993395,0.9998237,-401.65049,187.76064,1305.7733,0.015808678,0.0056122127,0.0075053087,0.99983112
1782290090.910260,913.96141,226.11088,1140.3232,-0.6418103,0.62177372,-0.31802732,0.31675798,-281.84605,-49.382593,970.90065,0.010293833,0.013989861,0.0072903941,0.99982257,-401.65767,187.75582,1305.7566,0.015780693,0.0058218985,0.0074858365,0.9998305
1782290090.920261,913.95795,226.10781,1140.3116,-0.64180446,0.621777,-0.31802938,0.31676129,-281.865,-49.371686,970.86525,0.010410094,0.013824602,0.0068876894,0.99982652,-401.66929,187.75702,1305.7648,0.015844499,0.0058611996,0.0075379885,0.99982887
1782290090.930262,913.96004,226.10795,1140.309,-0.64180653,0.62177919,-0.31802463,0.31675755,-281.85362,-49.389716,970.88164,0.010265308,0.013950977,0.0074051694,0.99982256,-401.66494,187.76654,1305.7604,0.015783786,0.0058301329,0.0075334696,0.99983005
1782290090.940261,913.96004,226.10795,1140.309,-0.64180653,0.62177919,-0.31802463,0.31675755,-281.85362,-49.389716,970.88164,0.010265308,0.013950977,0.0074051694,0.99982256,-401.66494,187.76654,1305.7604,0.015783786,0.0058301329,0.0075334696,0.99983005
1782290090.950255,913.96004,226.10795,1140.309,-0.64180653,0.62177919,-0.31802463,0.31675755,-281.85362,-49.389716,970.88164,0.010265308,0.013950977,0.0074051694,0.99982256,-401.66494,187.76654,1305.7604,0.015783786,0.0058301329,0.0075334696,0.99983005
1782290090.960263,913.96004,226.10795,1140.309,-0.64180653,0.62177919,-0.31802463,0.31675755,-281.85362,-49.389716,970.88164,0.010265308,0.013950977,0.0074051694,0.99982256,-401.66494,187.76654,1305.7604,0.015783786,0.0058301329,0.0075334696,0.99983005
1782290090.970256,913.96004,226.10795,1140.309,-0.64180653,0.62177919,-0.31802463,0.31675755,-281.85362,-49.389716,970.88164,0.010265308,0.013950977,0.0074051694,0.99982256,-401.66494,187.76654,1305.7604,0.015783786,0.0058301329,0.0075334696,0.99983005
1782290090.980257,913.96004,226.10795,1140.309,-0.64180653,0.62177919,-0.31802463,0.31675755,-281.85362,-49.389716,970.88164,0.010265308,0.013950977,0.0074051694,0.99982256,-401.66494,187.76654,1305.7604,0.015783786,0.0058301329,0.0075334696,0.99983005
1782290090.990254,913.96004,226.10795,1140.309,-0.64180653,0.62177919,-0.31802463,0.31675755,-281.85362,-49.389716,970.88164,0.010265308,0.013950977,0.0074051694,0.99982256,-401.66494,187.76654,1305.7604,0.015783786,0.0058301329,0.0075334696,0.99983005
1782290091.000255,913.96004,226.10795,1140.309,-0.64180653,0.62177919,-0.31802463,0.31675755,-281.85362,-49.389716,970.88164,0.010265308,0.013950977,0.0074051694,0.99982256,-401.66494,187.76654,1305.7604,0.015783786,0.0058301329,0.0075334696,0.99983005
1782290091.010255,913.96004,226.10795,1140.309,-0.64180653,0.62177919,-0.31802463,0.31675755,-281.85362,-49.389716,970.88164,0.010265308,0.013950977,0.0074051694,0.99982256,-401.66494,187.76654,1305.7604,0.015783786,0.0058301329,0.0075334696,0.99983005
1782290091.020259,913.95932,226.10322,1140.3191,-0.64180247,0.62177323,-0.31803008,0.31677201,-281.85391,-49.390092,970.88873,0.010240151,0.013922797,0.0073430062,0.99982367,-401.66131,187.73888,1305.7553,0.015821945,0.0057459375,0.0075825195,0.99982956
1782290091.030334,913.96421,226.10438,1140.3172,-0.64180523,0.62177533,-0.31802943,0.31676295,-281.85841,-49.370714,970.88706,0.010252489,0.013899727,0.007074652,0.9998258,-401.66706,187.75766,1305.7665,0.015799885,0.00583208,0.0074934789,0.99983008
1782290091.040267,913.96427,226.10189,1140.3083,-0.64180992,0.62177686,-0.31802433,0.31675558,-281.87773,-49.407709,970.88915,0.010264966,0.013870447,0.0075660133,0.99982248,-401.66289,187.73413,1305.7504,0.01575063,0.0057964082,0.0075733735,0.99983047
1782290091.050255,913.96427,226.10189,1140.3083,-0.64180992,0.62177686,-0.31802433,0.31675558,-281.87773,-49.407709,970.88915,0.010264966,0.013870447,0.0075660133,0.99982248,-401.66289,187.73413,1305.7504,0.01575063,0.0057964082,0.0075733735,0.99983047
1782290091.060267,913.96427,226.10189,1140.3083,-0.64180992,0.62177686,-0.31802433,0.31675558,-281.87773,-49.407709,970.88915,0.010264966,0.013870447,0.0075660133,0.99982248,-401.66289,187.73413,1305.7504,0.01575063,0.0057964082,0.0075733735,0.99983047
1782290091.070264,913.96427,226.10189,1140.3083,-0.64180992,0.62177686,-0.31802433,0.31675558,-281.87773,-49.407709,970.88915,0.010264966,0.013870447,0.0075660133,0.99982248,-401.66289,187.73413,1305.7504,0.01575063,0.0057964082,0.0075733735,0.99983047
1782290091.080258,913.96427,226.10189,1140.3083,-0.64180992,0.62177686,-0.31802433,0.31675558,-281.87773,-49.407709,970.88915,0.010264966,0.013870447,0.0075660133,0.99982248,-401.66289,187.73413,1305.7504,0.01575063,0.0057964082,0.0075733735,0.99983047
1782290091.090257,913.96427,226.10189,1140.3083,-0.64180992,0.62177686,-0.31802433,0.31675558,-281.87773,-49.407709,970.88915,0.010264966,0.013870447,0.0075660133,0.99982248,-401.66289,187.73413,1305.7504,0.01575063,0.0057964082,0.0075733735,0.99983047
1782290091.100254,913.96427,226.10189,1140.3083,-0.64180992,0.62177686,-0.31802433,0.31675558,-281.87773,-49.407709,970.88915,0.010264966,0.013870447,0.0075660133,0.99982248,-401.66289,187.73413,1305.7504,0.01575063,0.0057964082,0.0075733735,0.99983047
1782290091.110265,913.96582,226.10542,1140.3153,-0.64180755,0.6217761,-0.31803062,0.31675553,-281.8839,-49.384825,970.8662,0.010405586,0.013777139,0.0069749062,0.99982662,-401.66357,187.75758,1305.7709,0.015782367,0.0058247337,0.007553435,0.99982995
1782290091.120260,913.96242,226.10579,1140.3059,-0.641814,0.6217804,-0.31801743,0.31674728,-281.8495,-49.34343,970.88385,0.010212454,0.013994887,0.006891818,0.99982616,-401.66429,187.76248,1305.7733,0.015760392,0.0057994462,0.0075190145,0.99983071
1782290091.130257,913.96403,226.10191,1140.3054,-0.64180207,0.62177866,-0.31803769,0.31675452,-281.85424,-49.394682,970.88218,0.010357109,0.013939156,0.0072402983,0.99982299,-401.66289,187.7619,1305.7699,0.015734587,0.0057969907,0.0075058506,0.99983123
1782290091.140255,913.96403,226.10191,1140.3054,-0.64180207,0.62177866,-0.31803769,0.31675452,-281.85424,-49.394682,970.88218,0.010357109,0.013939156,0.0072402983,0.99982299,-401.66289,187.7619,1305.7699,0.015734587,0.0057969907,0.0075058506,0.99983123
1782290091.150254,913.96403,226.10191,1140.3054,-0.64180207,0.62177866,-0.31803769,0.31675452,-281.85424,-49.394682,970.88218,0.010357109,0.013939156,0.0072402983,0.99982299,-401.66289,187.7619,1305.7699,0.015734587,0.0057969907,0.0075058506,0.99983123
1782290091.160258,913.96403,226.10191,1140.3054,-0.64180207,0.62177866,-0.31803769,0.31675452,-281.85424,-49.394682,970.88218,0.010357109,0.013939156,0.0072402983,0.99982299,-401.66289,187.7619,1305.7699,0.015734587,0.0057969907,0.0075058506,0.99983123
1782290091.170253,913.96403,226.10191,1140.3054,-0.64180207,0.62177866,-0.31803769,0.31675452,-281.85424,-49.394682,970.88218,0.010357109,0.013939156,0.0072402983,0.99982299,-401.66289,187.7619,1305.7699,0.015734587,0.0057969907,0.0075058506,0.99983123
1782290091.180257,913.96403,226.10191,1140.3054,-0.64180207,0.62177866,-0.31803769,0.31675452,-281.85424,-49.394682,970.88218,0.010357109,0.013939156,0.0072402983,0.99982299,-401.66289,187.7619,1305.7699,0.015734587,0.0057969907,0.0075058506,0.99983123
1782290091.190256,913.96403,226.10191,1140.3054,-0.64180207,0.62177866,-0.31803769,0.31675452,-281.85424,-49.394682,970.88218,0.010357109,0.013939156,0.0072402983,0.99982299,-401.66289,187.7619,1305.7699,0.015734587,0.0057969907,0.0075058506,0.99983123
1782290091.200255,913.96403,226.10191,1140.3054,-0.64180207,0.62177866,-0.31803769,0.31675452,-281.85424,-49.394682,970.88218,0.010357109,0.013939156,0.0072402983,0.99982299,-401.66289,187.7619,1305.7699,0.015734587,0.0057969907,0.0075058506,0.99983123
1782290091.210265,913.95581,226.10557,1140.308,-0.64179785,0.62177093,-0.31804514,0.31677077,-281.8628,-49.378052,970.88093,0.010393394,0.013885827,0.0070301399,0.99982485,-401.6591,187.76682,1305.7718,0.01579654,0.0057540441,0.0075265307,0.99983034
1782290091.220261,913.97768,226.09305,1140.3129,-0.6418091,0.62179356,-0.31801498,0.31673383,-281.8855,-49.393892,970.8637,0.010371745,0.013789208,0.0070340527,0.99982639,-401.65776,187.76824,1305.7812,0.015825378,0.0058994539,0.0074725876,0.99982944
1782290091.230263,913.97613,226.09626,1140.3179,-0.64180528,0.62178981,-0.3180212,0.31674268,-281.8543,-49.403019,970.89833,0.01040895,0.013951215,0.0073120826,0.99982176,-401.67403,187.74185,1305.7737,0.01575278,0.0058892317,0.0075553122,0.99983003
1782290091.240263,913.96171,226.10083,1140.3201,-0.64179315,0.62178434,-0.31803096,0.31676821,-281.88032,-49.386565,970.88188,0.010330644,0.013788321,0.0072747533,0.9998251,-401.66384,187.77162,1305.7649,0.015758162,0.0057607838,0.0075193737,0.99983096
1782290091.250256,913.96171,226.10083,1140.3201,-0.64179315,0.62178434,-0.31803096,0.31676821,-281.88032,-49.386565,970.88188,0.010330644,0.013788321,0.0072747533,0.9998251,-401.66384,187.77162,1305.7649,0.015758162,0.0057607838,0.0075193737,0.99983096
1782290091.260259,913.96171,226.10083,1140.3201,-0.64179315,0.62178434,-0.31803096,0.31676821,-281.88032,-49.386565,970.88188,0.010330644,0.013788321,0.0072747533,0.9998251,-401.66384,187.77162,1305.7649,0.015758162,0.0057607838,0.0075193737,0.99983096
1782290091.270257,913.96171,226.10083,1140.3201,-0.64179315,0.62178434,-0.31803096,0.31676821,-281.88032,-49.386565,970.88188,0.010330644,0.013788321,0.0072747533,0.9998251,-401.66384,187.77162,1305.7649,0.015758162,0.0057607838,0.0075193737,0.99983096
1782290091.280259,913.96171,226.10083,1140.3201,-0.64179315,0.62178434,-0.31803096,0.31676821,-281.88032,-49.386565,970.88188,0.010330644,0.013788321,0.0072747533,0.9998251,-401.66384,187.77162,1305.7649,0.015758162,0.0057607838,0.0075193737,0.99983096
1782290091.290261,913.96171,226.10083,1140.3201,-0.64179315,0.62178434,-0.31803096,0.31676821,-281.88032,-49.386565,970.88188,0.010330644,0.013788321,0.0072747533,0.9998251,-401.66384,187.77162,1305.7649,0.015758162,0.0057607838,0.0075193737,0.99983096
1782290091.300260,913.96171,226.10083,1140.3201,-0.64179315,0.62178434,-0.31803096,0.31676821,-281.88032,-49.386565,970.88188,0.010330644,0.013788321,0.0072747533,0.9998251,-401.66384,187.77162,1305.7649,0.015758162,0.0057607838,0.0075193737,0.99983096
1782290091.310255,913.96171,226.10083,1140.3201,-0.64179315,0.62178434,-0.31803096,0.31676821,-281.88032,-49.386565,970.88188,0.010330644,0.013788321,0.0072747533,0.9998251,-401.66384,187.77162,1305.7649,0.015758162,0.0057607838,0.0075193737,0.99983096
1782290091.320261,913.95724,226.10785,1140.3116,-0.64179827,0.62177939,-0.31803519,0.31676329,-281.87591,-49.365785,970.88122,0.010338436,0.013859549,0.0071164239,0.99982518,-401.67823,187.75378,1305.77,0.015800802,0.0058470619,0.0075546046,0.99982952
1782290091.330270,913.96934,226.10368,1140.314,-0.64180678,0.62178134,-0.31802731,0.31675014,-281.87728,-49.40873,970.88939,0.010341727,0.01385822,0.0074172835,0.99982298,-401.66712,187.76116,1305.7688,0.015768333,0.0057767659,0.0075417892,0.99983054
1782290091.340260,913.9623,226.10256,1140.3195,-0.64180643,0.62177641,-0.3180238,0.31676406,-281.87519,-49.391061,970.87699,0.010355193,0.013860383,0.0072508188,0.99982403,-401.67016,187.75207,1305.7808,0.01578085,0.0058734832,0.007573607,0.99982954
1782290091.350266,913.96409,226.09976,1140.3148,-0.64180154,0.62177211,-0.31804213,0.316764,-281.85821,-49.387529,970.89285,0.010293599,0.013921764,0.0071954652,0.99982421,-401.67153,187.75326,1305.7836,0.015782551,0.005919234,0.0075280489,0.99982959
1782290091.360258,913.96409,226.09976,1140.3148,-0.64180154,0.62177211,-0.31804213,0.316764,-281.85821,-49.387529,970.89285,0.010293599,0.013921764,0.0071954652,0.99982421,-401.67153,187.75326,1305.7836,0.015782551,0.005919234,0.0075280489,0.99982959
1782290091.370256,913.96409,226.09976,1140.3148,-0.64180154,0.62177211,-0.31804213,0.316764,-281.85821,-49.387529,970.89285,0.010293599,0.013921764,0.0071954652,0.99982421,-401.67153,187.75326,1305.7836,0.015782551,0.005919234,0.0075280489,0.99982959
1782290091.380262,913.96409,226.09976,1140.3148,-0.64180154,0.62177211,-0.31804213,0.316764,-281.85821,-49.387529,970.89285,0.010293599,0.013921764,0.0071954652,0.99982421,-401.67153,187.75326,1305.7836,0.015782551,0.005919234,0.0075280489,0.99982959
1782290091.390254,913.96409,226.09976,1140.3148,-0.64180154,0.62177211,-0.31804213,0.316764,-281.85821,-49.387529,970.89285,0.010293599,0.013921764,0.0071954652,0.99982421,-401.67153,187.75326,1305.7836,0.015782551,0.005919234,0.0075280489,0.99982959
1782290091.400255,913.96409,226.09976,1140.3148,-0.64180154,0.62177211,-0.31804213,0.316764,-281.85821,-49.387529,970.89285,0.010293599,0.013921764,0.0071954652,0.99982421,-401.67153,187.75326,1305.7836,0.015782551,0.005919234,0.0075280489,0.99982959
1782290091.410260,913.96409,226.09976,1140.3148,-0.64180154,0.62177211,-0.31804213,0.316764,-281.85821,-49.387529,970.89285,0.010293599,0.013921764,0.0071954652,0.99982421,-401.67153,187.75326,1305.7836,0.015782551,0.005919234,0.0075280489,0.99982959
1782290091.420265,913.96689,226.10392,1140.3232,-0.64180576,0.62178075,-0.31802392,0.31675678,-281.87525,-49.398065,970.86924,0.010417588,0.013826961,0.0071379702,0.99982465,-401.66709,187.76083,1305.7855,0.015779292,0.0058024386,0.007506209,0.99983049
1782290091.430264,913.9598,226.10931,1140.3123,-0.6418019,0.6217757,-0.31803307,0.31676531,-281.85987,-49.365409,970.90411,0.010242407,0.013993281,0.0072771785,0.99982315,-401.6695,187.73654,1305.7626,0.015777167,0.005745673,0.0075886378,0.99983023
1782290091.440265,913.95766,226.1095,1140.3096,-0.64180697,0.62177576,-0.318032,0.31675601,-281.85865,-49.36998,970.8882,0.010322314,0.013962167,0.00707668,0.9998242,-401.6659,187.73742,1305.766,0.015831281,0.0057879043,0.007546881,0.99982944
1782290091.450257,913.95766,226.1095,1140.3096,-0.64180697,0.62177576,-0.318032,0.31675601,-281.85865,-49.36998,970.8882,0.010322314,0.013962167,0.00707668,0.9998242,-401.6659,187.73742,1305.766,0.015831281,0.0057879043,0.007546881,0.99982944
1782290091.460264,913.95766,226.1095,1140.3096,-0.64180697,0.62177576,-0.318032,0.31675601,-281.85865,-49.36998,970.8882,0.010322314,0.013962167,0.00707668,0.9998242,-401.6659,187.73742,1305.766,0.015831281,0.0057879043,0.007546881,0.99982944
1782290091.470264,913.95766,226.1095,1140.3096,-0.64180697,0.62177576,-0.318032,0.31675601,-281.85865,-49.36998,970.8882,0.010322314,0.013962167,0.00707668,0.9998242,-401.6659,187.73742,1305.766,0.015831281,0.0057879043,0.007546881,0.99982944
1782290091.480265,913.95766,226.1095,1140.3096,-0.64180697,0.62177576,-0.318032,0.31675601,-281.85865,-49.36998,970.8882,0.010322314,0.013962167,0.00707668,0.9998242,-401.6659,187.73742,1305.766,0.015831281,0.0057879043,0.007546881,0.99982944
1782290091.490257,913.95766,226.1095,1140.3096,-0.64180697,0.62177576,-0.318032,0.31675601,-281.85865,-49.36998,970.8882,0.010322314,0.013962167,0.00707668,0.9998242,-401.6659,187.73742,1305.766,0.015831281,0.0057879043,0.007546881,0.99982944
1782290091.500258,913.95766,226.1095,1140.3096,-0.64180697,0.62177576,-0.318032,0.31675601,-281.85865,-49.36998,970.8882,0.010322314,0.013962167,0.00707668,0.9998242,-401.6659,187.73742,1305.766,0.015831281,0.0057879043,0.007546881,0.99982944
1782290091.510254,913.95766,226.1095,1140.3096,-0.64180697,0.62177576,-0.318032,0.31675601,-281.85865,-49.36998,970.8882,0.010322314,0.013962167,0.00707668,0.9998242,-401.6659,187.73742,1305.766,0.015831281,0.0057879043,0.007546881,0.99982944
1782290091.520262,913.95193,226.10006,1140.3029,-0.64180047,0.62176962,-0.3180368,0.3167764,-281.88807,-49.412981,970.8786,0.010329205,0.013840908,0.007573081,0.99982218,-401.66473,187.7486,1305.7595,0.015827762,0.0058194989,0.0074903497,0.99982974
1782290091.530267,913.96248,226.10307,1140.3061,-0.64181053,0.62176757,-0.31804364,0.31675317,-281.88893,-49.405955,970.86138,0.010388847,0.013812109,0.0071589715,0.99982501,-401.67433,187.75134,1305.7796,0.015784602,0.0058946817,0.0075081453,0.99982985
1782290091.540264,913.96493,226.10879,1140.3332,-0.64180935,0.62177563,-0.31802669,0.31675676,-281.85409,-49.368173,970.88742,0.010343433,0.013881842,0.0068763011,0.9998265,-401.66014,187.73928,1305.7773,0.015810261,0.0057544052,0.0075673819,0.99982981
1782290091.550269,913.97119,226.10328,1140.3247,-0.64180587,0.62177967,-0.31803583,0.3167467,-281.84491,-49.395647,970.88635,0.010317087,0.013898933,0.0072324371,0.99982402,-401.66828,187.75332,1305.786,0.015830039,0.0058202408,0.0074759832,0.99982981
1782290091.560258,913.97119,226.10328,1140.3247,-0.64180587,0.62177967,-0.31803583,0.3167467,-281.84491,-49.395647,970.88635,0.010317087,0.013898933,0.0072324371,0.99982402,-401.66828,187.75332,1305.786,0.015830039,0.0058202408,0.0074759832,0.99982981
1782290091.570258,913.97119,226.10328,1140.3247,-0.64180587,0.62177967,-0.31803583,0.3167467,-281.84491,-49.395647,970.88635,0.010317087,0.013898933,0.0072324371,0.99982402,-401.66828,187.75332,1305.786,0.015830039,0.0058202408,0.0074759832,0.99982981
1782290091.580255,913.97119,226.10328,1140.3247,-0.64180587,0.62177967,-0.31803583,0.3167467,-281.84491,-49.395647,970.88635,0.010317087,0.013898933,0.0072324371,0.99982402,-401.66828,187.75332,1305.786,0.015830039,0.0058202408,0.0074759832,0.99982981
1782290091.590254,913.97119,226.10328,1140.3247,-0.64180587,0.62177967,-0.31803583,0.3167467,-281.84491,-49.395647,970.88635,0.010317087,0.013898933,0.0072324371,0.99982402,-401.66828,187.75332,1305.786,0.015830039,0.0058202408,0.0074759832,0.99982981
1782290091.600259,913.97119,226.10328,1140.3247,-0.64180587,0.62177967,-0.31803583,0.3167467,-281.84491,-49.395647,970.88635,0.010317087,0.013898933,0.0072324371,0.99982402,-401.66828,187.75332,1305.786,0.015830039,0.0058202408,0.0074759832,0.99982981
1782290091.610259,913.97119,226.10328,1140.3247,-0.64180587,0.62177967,-0.31803583,0.3167467,-281.84491,-49.395647,970.88635,0.010317087,0.013898933,0.0072324371,0.99982402,-401.66828,187.75332,1305.786,0.015830039,0.0058202408,0.0074759832,0.99982981
1782290091.620261,913.96958,226.09329,1140.3123,-0.64180916,0.62177807,-0.31802738,0.31675166,-281.87197,-49.406677,970.88152,0.010395908,0.01385566,0.0072405645,0.99982374,-401.6704,187.74725,1305.7727,0.015780214,0.0058370297,0.0075120189,0.99983023
1782290091.630261,913.96451,226.1004,1140.3167,-0.64181087,0.62177715,-0.31803037,0.316747,-281.88547,-49.389865,970.85738,0.010430461,0.013786409,0.0070440758,0.99982575,-401.66461,187.74989,1305.7864,0.015841879,0.0059030257,0.0075019044,0.99982894
1782290091.640262,913.95968,226.10949,1140.3251,-0.64180492,0.6217743,-0.31802737,0.31676766,-281.8675,-49.370609,970.87932,0.010373461,0.013870359,0.0069849333,0.99982559,-401.66879,187.75564,1305.7823,0.015866634,0.0058733099,0.0075152329,0.99982862
1782290091.650259,913.96016,226.10931,1140.321,-0.641805,0.62177373,-0.31803057,0.3167654,-281.86697,-49.362592,970.8733,0.010310296,0.013933874,0.0069325982,0.99982573,-401.6743,187.75369,1305.779,0.015852958,0.0058450471,0.0074910644,0.99982919
1782290091.660269,913.96016,226.10931,1140.321,-0.641805,0.62177373,-0.31803057,0.3167654,-281.86697,-49.362592,970.8733,0.010310296,0.013933874,0.0069325982,0.99982573,-401.6743,187.75369,1305.779,0.015852958,0.0058450471,0.0074910644,0.99982919
1782290091.670305,913.96016,226.10931,1140.321,-0.641805,0.62177373,-0.31803057,0.3167654,-281.86697,-49.362592,970.8733,0.010310296,0.013933874,0.0069325982,0.99982573,-401.6743,187.75369,1305.779,0.015852958,0.0058450471,0.0074910644,0.99982919
1782290091.680263,913.96016,226.10931,1140.321,-0.641805,0.62177373,-0.31803057,0.3167654,-281.86697,-49.362592,970.8733,0.010310296,0.013933874,0.0069325982,0.99982573,-401.6743,187.75369,1305.779,0.015852958,0.0058450471,0.0074910644,0.99982919
1782290091.690255,913.96016,226.10931,1140.321,-0.641805,0.62177373,-0.31803057,0.3167654,-281.86697,-49.362592,970.8733,0.010310296,0.013933874,0.0069325982,0.99982573,-401.6743,187.75369,1305.779,0.015852958,0.0058450471,0.0074910644,0.99982919
1782290091.700264,913.96016,226.10931,1140.321,-0.641805,0.62177373,-0.31803057,0.3167654,-281.86697,-49.362592,970.8733,0.010310296,0.013933874,0.0069325982,0.99982573,-401.6743,187.75369,1305.779,0.015852958,0.0058450471,0.0074910644,0.99982919
1782290091.710258,913.96016,226.10931,1140.321,-0.641805,0.62177373,-0.31803057,0.3167654,-281.86697,-49.362592,970.8733,0.010310296,0.013933874,0.0069325982,0.99982573,-401.6743,187.75369,1305.779,0.015852958,0.0058450471,0.0074910644,0.99982919
1782290091.720258,913.96016,226.10931,1140.321,-0.641805,0.62177373,-0.31803057,0.3167654,-281.86697,-49.362592,970.8733,0.010310296,0.013933874,0.0069325982,0.99982573,-401.6743,187.75369,1305.779,0.015852958,0.0058450471,0.0074910644,0.99982919
1782290091.730262,913.95587,226.09867,1140.3158,-0.64180964,0.62177074,-0.31802952,0.31676292,-281.87901,-49.359474,970.87175,0.010312294,0.01384637,0.0069378981,0.99982689,-401.67272,187.74445,1305.7829,0.015845598,0.005752994,0.0075687689,0.99982925
1782290091.740342,913.96397,226.09939,1140.3124,-0.641815,0.62177902,-0.31802201,0.31674337,-281.88011,-49.419053,970.86871,0.010420182,0.013803207,0.0072163729,0.99982439,-401.68124,187.73697,1305.7784,0.015817391,0.0056972219,0.0075828687,0.99982991
1782290091.750270,913.96886,226.0952,1140.3103,-0.64179899,0.62178375,-0.31803346,0.31675503,-281.86736,-49.350239,970.87419,0.010242125,0.013836378,0.0068239925,0.99982853,-401.68059,187.74985,1305.7851,0.015880975,0.0057075579,0.0076561617,0.99982829
1782290091.760274,913.96892,226.09676,1140.3048,-0.64181166,0.62178343,-0.31801936,0.31674414,-281.86479,-49.394123,970.87526,0.010270057,0.013902321,0.0072804783,0.99982411,-401.68598,187.73876,1305.7771,0.015872052,0.0057609323,0.0075923668,0.99982861
1782290091.770275,913.96892,226.09676,1140.3048,-0.64181166,0.62178343,-0.31801936,0.31674414,-281.86479,-49.394123,970.87526,0.010270057,0.013902321,0.0072804783,0.99982411,-401.68598,187.73876,1305.7771,0.015872052,0.0057609323,0.0075923668,0.99982861
1782290091.780280,913.96892,226.09676,1140.3048,-0.64181166,0.62178343,-0.31801936,0.31674414,-281.86479,-49.394123,970.87526,0.010270057,0.013902321,0.0072804783,0.99982411,-401.68598,187.73876,1305.7771,0.015872052,0.0057609323,0.0075923668,0.99982861
1782290091.790285,913.96892,226.09676,1140.3048,-0.64181166,0.62178343,-0.31801936,0.31674414,-281.86479,-49.394123,970.87526,0.010270057,0.013902321,0.0072804783,0.99982411,-401.68598,187.73876,1305.7771,0.015872052,0.0057609323,0.0075923668,0.99982861
1782290091.800273,913.96892,226.09676,1140.3048,-0.64181166,0.62178343,-0.31801936,0.31674414,-281.86479,-49.394123,970.87526,0.010270057,0.013902321,0.0072804783,0.99982411,-401.68598,187.73876,1305.7771,0.015872052,0.0057609323,0.0075923668,0.99982861
1782290091.810265,913.96892,226.09676,1140.3048,-0.64181166,0.62178343,-0.31801936,0.31674414,-281.86479,-49.394123,970.87526,0.010270057,0.013902321,0.0072804783,0.99982411,-401.68598,187.73876,1305.7771,0.015872052,0.0057609323,0.0075923668,0.99982861
1782290091.820260,913.96892,226.09676,1140.3048,-0.64181166,0.62178343,-0.31801936,0.31674414,-281.86479,-49.394123,970.87526,0.010270057,0.013902321,0.0072804783,0.99982411,-401.68598,187.73876,1305.7771,0.015872052,0.0057609323,0.0075923668,0.99982861
1782290091.830256,913.96761,226.1081,1140.3137,-0.64180749,0.62177729,-0.31803581,0.31674814,-281.84435,-49.352922,970.89046,0.010263253,0.013981437,0.0069992223,0.99982508,-401.66804,187.75883,1305.7799,0.015855989,0.0056023021,0.0075529874,0.99983006
1782290091.840241,913.96433,226.11263,1140.3186,-0.64180643,0.62177301,-0.31803858,0.31675589,-281.85862,-49.338318,970.8913,0.010474861,0.013944615,0.006663477,0.9998257,-401.6726,187.75849,1305.7824,0.015837906,0.0056009461,0.0075027902,0.99983073
1782290091.850230,913.96314,226.10411,1140.3122,-0.64180941,0.62176967,-0.31803897,0.31675601,-281.87317,-49.360503,970.86239,0.010294243,0.013861184,0.0067851651,0.99982791,-401.68011,187.75012,1305.7777,0.015797967,0.0056900977,0.0075236916,0.99983071
1782290091.860245,913.9607,226.09812,1140.3072,-0.6418112,0.62176795,-0.31803552,0.31675923,-281.87093,-49.392525,970.87872,0.010345065,0.013900119,0.0071386377,0.99982439,-401.67609,187.75707,1305.7804,0.0158046,0.0056971306,0.0074995376,0.99983074
1782290091.870279,913.9607,226.09812,1140.3072,-0.6418112,0.62176795,-0.31803552,0.31675923,-281.87093,-49.392525,970.87872,0.010345065,0.013900119,0.0071386377,0.99982439,-401.67609,187.75707,1305.7804,0.0158046,0.0056971306,0.0074995376,0.99983074
1782290091.880276,913.9607,226.09812,1140.3072,-0.6418112,0.62176795,-0.31803552,0.31675923,-281.87093,-49.392525,970.87872,0.010345065,0.013900119,0.0071386377,0.99982439,-401.67609,187.75707,1305.7804,0.0158046,0.0056971306,0.0074995376,0.99983074
1782290091.890278,913.9607,226.09812,1140.3072,-0.6418112,0.62176795,-0.31803552,0.31675923,-281.87093,-49.392525,970.87872,0.010345065,0.013900119,0.0071386377,0.99982439,-401.67609,187.75707,1305.7804,0.0158046,0.0056971306,0.0074995376,0.99983074
1782290091.900259,913.9607,226.09812,1140.3072,-0.6418112,0.62176795,-0.31803552,0.31675923,-281.87093,-49.392525,970.87872,0.010345065,0.013900119,0.0071386377,0.99982439,-401.67609,187.75707,1305.7804,0.0158046,0.0056971306,0.0074995376,0.99983074
1782290091.910266,913.9607,226.09812,1140.3072,-0.6418112,0.62176795,-0.31803552,0.31675923,-281.87093,-49.392525,970.87872,0.010345065,0.013900119,0.0071386377,0.99982439,-401.67609,187.75707,1305.7804,0.0158046,0.0056971306,0.0074995376,0.99983074
1782290091.920272,913.9607,226.09812,1140.3072,-0.6418112,0.62176795,-0.31803552,0.31675923,-281.87093,-49.392525,970.87872,0.010345065,0.013900119,0.0071386377,0.99982439,-401.67609,187.75707,1305.7804,0.0158046,0.0056971306,0.0074995376,0.99983074
1782290091.930263,913.96403,226.09772,1140.2986,-0.64180821,0.62177056,-0.31804371,0.31675193,-281.85698,-49.379814,970.87896,0.010267189,0.013971763,0.0071833469,0.99982387,-401.67809,187.7493,1305.7756,0.015826102,0.0056406294,0.0074745194,0.99983091
1782290091.940263,913.957,226.09763,1140.3034,-0.64181448,0.62176246,-0.31803915,0.31675971,-281.87299,-49.387522,970.87926,0.010388963,0.013886253,0.0069368692,0.99982555,-401.67561,187.72362,1305.7696,0.015834032,0.0054219998,0.0075176591,0.99983167
1782290091.950265,913.9604,226.11588,1140.3214,-0.64180678,0.62177778,-0.31802759,0.31675685,-281.86429,-49.360216,970.88188,0.010367124,0.013855931,0.0068635799,0.9998267,-401.67922,187.76672,1305.7915,0.015838808,0.0054612468,0.0074763718,0.99983169
1782290091.960265,913.96695,226.11034,1140.3199,-0.64181156,0.62177689,-0.3180264,0.31675009,-281.87972,-49.404427,970.87473,0.010419184,0.013819963,0.0072981884,0.99982358,-401.67832,187.76368,1305.7915,0.015820765,0.0055229215,0.00749246,0.99983152
1782290091.970262,913.95986,226.10492,1140.3093,-0.64181327,0.62177258,-0.31802892,0.31675255,-281.87421,-49.380761,970.8752,0.010466544,0.013814476,0.0068147687,0.99982657,-401.67999,187.76414,1305.7925,0.015818918,0.005589817,0.007477361,0.99983129
1782290091.980260,913.95986,226.10492,1140.3093,-0.64181327,0.62177258,-0.31802892,0.31675255,-281.87421,-49.380761,970.8752,0.010466544,0.013814476,0.0068147687,0.99982657,-401.67999,187.76414,1305.7925,0.015818918,0.005589817,0.007477361,0.99983129
1782290091.990254,913.95986,226.10492,1140.3093,-0.64181327,0.62177258,-0.31802892,0.31675255,-281.87421,-49.380761,970.8752,0.010466544,0.013814476,0.0068147687,0.99982657,-401.67999,187.76414,1305.7925,0.015818918,0.005589817,0.007477361,0.99983129
1782290092.000256,913.95986,226.10492,1140.3093,-0.64181327,0.62177258,-0.31802892,0.31675255,-281.87421,-49.380761,970.8752,0.010466544,0.013814476,0.0068147687,0.99982657,-401.67999,187.76414,1305.7925,0.015818918,0.005589817,0.007477361,0.99983129
1782290092.010256,913.95986,226.10492,1140.3093,-0.64181327,0.62177258,-0.31802892,0.31675255,-281.87421,-49.380761,970.8752,0.010466544,0.013814476,0.0068147687,0.99982657,-401.67999,187.76414,1305.7925,0.015818918,0.005589817,0.007477361,0.99983129
1782290092.020257,913.95986,226.10492,1140.3093,-0.64181327,0.62177258,-0.31802892,0.31675255,-281.87421,-49.380761,970.8752,0.010466544,0.013814476,0.0068147687,0.99982657,-401.67999,187.76414,1305.7925,0.015818918,0.005589817,0.007477361,0.99983129
1782290092.030256,913.95986,226.10492,1140.3093,-0.64181327,0.62177258,-0.31802892,0.31675255,-281.87421,-49.380761,970.8752,0.010466544,0.013814476,0.0068147687,0.99982657,-401.67999,187.76414,1305.7925,0.015818918,0.005589817,0.007477361,0.99983129
1782290092.040487,913.96153,226.109,1140.3202,-0.64179444,0.62177759,-0.31803849,0.3167713,-281.86312,-49.394391,970.87395,0.010365802,0.013939344,0.0071671515,0.99982342,-401.66613,187.74632,1305.7808,0.015805854,0.0054856908,0.0075223576,0.99983173
1782290092.050264,913.96099,226.11155,1140.3174,-0.64180452,0.62177265,-0.31803766,0.31676138,-281.8414,-49.331948,970.89523,0.010268361,0.013954847,0.0067523654,0.9998271,-401.67633,187.76719,1305.7872,0.015835438,0.0055220342,0.0074878689,0.99983132
1782290092.060267,913.96505,226.11143,1140.3174,-0.64180114,0.62177636,-0.31803999,0.31675861,-281.83934,-49.374379,970.88385,0.010327001,0.013950362,0.0069573771,0.99982515,-401.67454,187.77183,1305.7892,0.015855374,0.0054895855,0.0075017014,0.99983108
1782290092.070266,913.96862,226.10818,1140.312,-0.64181379,0.62177739,-0.31802781,0.31674318,-281.86479,-49.390119,970.89136,0.010308286,0.013896311,0.0072687414,0.99982388,-401.66906,187.76445,1305.7942,0.015869194,0.0055070765,0.0074960564,0.99983081
1782290092.080262,913.96862,226.10818,1140.312,-0.64181379,0.62177739,-0.31802781,0.31674318,-281.86479,-49.390119,970.89136,0.010308286,0.013896311,0.0072687414,0.99982388,-401.66906,187.76445,1305.7942,0.015869194,0.0055070765,0.0074960564,0.99983081
1782290092.090255,913.96862,226.10818,1140.312,-0.64181379,0.62177739,-0.31802781,0.31674318,-281.86479,-49.390119,970.89136,0.010308286,0.013896311,0.0072687414,0.99982388,-401.66906,187.76445,1305.7942,0.015869194,0.0055070765,0.0074960564,0.99983081
1782290092.100254,913.96862,226.10818,1140.312,-0.64181379,0.62177739,-0.31802781,0.31674318,-281.86479,-49.390119,970.89136,0.010308286,0.013896311,0.0072687414,0.99982388,-401.66906,187.76445,1305.7942,0.015869194,0.0055070765,0.0074960564,0.99983081
1782290092.110253,913.96862,226.10818,1140.312,-0.64181379,0.62177739,-0.31802781,0.31674318,-281.86479,-49.390119,970.89136,0.010308286,0.013896311,0.0072687414,0.99982388,-401.66906,187.76445,1305.7942,0.015869194,0.0055070765,0.0074960564,0.99983081
1782290092.120257,913.96862,226.10818,1140.312,-0.64181379,0.62177739,-0.31802781,0.31674318,-281.86479,-49.390119,970.89136,0.010308286,0.013896311,0.0072687414,0.99982388,-401.66906,187.76445,1305.7942,0.015869194,0.0055070765,0.0074960564,0.99983081
1782290092.130261,913.96862,226.10818,1140.312,-0.64181379,0.62177739,-0.31802781,0.31674318,-281.86479,-49.390119,970.89136,0.010308286,0.013896311,0.0072687414,0.99982388,-401.66906,187.76445,1305.7942,0.015869194,0.0055070765,0.0074960564,0.99983081
1782290092.140264,913.95891,226.10751,1140.316,-0.64180206,0.62178002,-0.3180266,0.31676301,-281.87066,-49.365841,970.88879,0.010307238,0.013852204,0.0071398612,0.99982543,-401.67686,187.76461,1305.7834,0.015921509,0.005536702,0.0074499066,0.99983016
1782290092.150266,913.96004,226.10408,1140.3067,-0.64180608,0.62177588,-0.3180298,0.3167598,-281.8805,-49.39343,970.87419,0.01041944,0.013799523,0.0071219598,0.99982513,-401.67511,187.76824,1305.7885,0.015860553,0.0055091964,0.0074551235,0.99983124
1782290092.160398,913.9564,226.09615,1140.3056,-0.64180868,0.62177192,-0.31803029,0.31676179,-281.86747,-49.370918,970.86716,0.010330852,0.013885252,0.0069566435,0.99982602,-401.66748,187.75052,1305.7772,0.015812189,0.005432691,0.0075347389,0.99983183
1782290092.170258,913.9564,226.09615,1140.3056,-0.64180868,0.62177192,-0.31803029,0.31676179,-281.84491,-49.402721,970.89469,0.010257232,0.013977446,0.0073575346,0.99982263,-401.66748,187.75052,1305.7772,0.015812189,0.005432691,0.0075347389,0.99983183
1782290092.180256,913.9564,226.09615,1140.3056,-0.64180868,0.62177192,-0.31803029,0.31676179,-281.84491,-49.402721,970.89469,0.010257232,0.013977446,0.0073575346,0.99982263,-401.66748,187.75052,1305.7772,0.015812189,0.005432691,0.0075347389,0.99983183
1782290092.190253,913.9564,226.09615,1140.3056,-0.64180868,0.62177192,-0.31803029,0.31676179,-281.84491,-49.402721,970.89469,0.010257232,0.013977446,0.0073575346,0.99982263,-401.66748,187.75052,1305.7772,0.015812189,0.005432691,0.0075347389,0.99983183
1782290092.200257,913.9564,226.09615,1140.3056,-0.64180868,0.62177192,-0.31803029,0.31676179,-281.84491,-49.402721,970.89469,0.010257232,0.013977446,0.0073575346,0.99982263,-401.66748,187.75052,1305.7772,0.015812189,0.005432691,0.0075347389,0.99983183
1782290092.210254,913.9564,226.09615,1140.3056,-0.64180868,0.62177192,-0.31803029,0.31676179,-281.84491,-49.402721,970.89469,0.010257232,0.013977446,0.0073575346,0.99982263,-401.66748,187.75052,1305.7772,0.015812189,0.005432691,0.0075347389,0.99983183
1782290092.220254,913.9564,226.09615,1140.3056,-0.64180868,0.62177192,-0.31803029,0.31676179,-281.84491,-49.402721,970.89469,0.010257232,0.013977446,0.0073575346,0.99982263,-401.66748,187.75052,1305.7772,0.015812189,0.005432691,0.0075347389,0.99983183
1782290092.230256,913.9564,226.09615,1140.3056,-0.64180868,0.62177192,-0.31803029,0.31676179,-281.84491,-49.402721,970.89469,0.010257232,0.013977446,0.0073575346,0.99982263,-401.66748,187.75052,1305.7772,0.015812189,0.005432691,0.0075347389,0.99983183
1782290092.240267,913.95462,226.09745,1140.3092,-0.64180622,0.62177328,-0.31802701,0.31676741,-281.8636,-49.407251,970.88104,0.010364179,0.013938428,0.0073337298,0.99982224,-401.67466,187.76624,1305.7873,0.015815785,0.0055336285,0.0074615546,0.99983177
1782290092.250263,913.96445,226.10442,1140.2982,-0.64181317,0.62177552,-0.31802705,0.31674889,-281.8647,-49.375046,970.88021,0.010355046,0.013915416,0.0070166811,0.99982493,-401.66885,187.7574,1305.7723,0.015809573,0.0054745114,0.007502896,0.99983188
1782290092.260267,913.95956,226.12125,1140.3179,-0.64181155,0.62177801,-0.31802341,0.31675091,-281.88106,-49.399521,970.87592,0.010453616,0.013808965,0.007129895,0.99982458,-401.67281,187.76092,1305.7848,0.015815423,0.0054867203,0.0075185405,0.99983161
1782290092.270272,913.96314,226.10453,1140.2931,-0.64181387,0.62177431,-0.31802991,0.31674695,-281.88327,-49.41155,970.87759,0.010342252,0.013828179,0.0073998995,0.99982351,-401.67731,187.76354,1305.7849,0.015872891,0.0055412357,0.0074846166,0.99983065
1782290092.280264,913.96314,226.10453,1140.2931,-0.64181387,0.62177431,-0.31802991,0.31674695,-281.88327,-49.41155,970.87759,0.010342252,0.013828179,0.0073998995,0.99982351,-401.67731,187.76354,1305.7849,0.015872891,0.0055412357,0.0074846166,0.99983065
1782290092.290255,913.96314,226.10453,1140.2931,-0.64181387,0.62177431,-0.31802991,0.31674695,-281.88327,-49.41155,970.87759,0.010342252,0.013828179,0.0073998995,0.99982351,-401.67731,187.76354,1305.7849,0.015872891,0.0055412357,0.0074846166,0.99983065
1782290092.300260,913.96314,226.10453,1140.2931,-0.64181387,0.62177431,-0.31802991,0.31674695,-281.88327,-49.41155,970.87759,0.010342252,0.013828179,0.0073998995,0.99982351,-401.67731,187.76354,1305.7849,0.015872891,0.0055412357,0.0074846166,0.99983065
1782290092.310254,913.96314,226.10453,1140.2931,-0.64181387,0.62177431,-0.31802991,0.31674695,-281.88327,-49.41155,970.87759,0.010342252,0.013828179,0.0073998995,0.99982351,-401.67731,187.76354,1305.7849,0.015872891,0.0055412357,0.0074846166,0.99983065
1782290092.320257,913.96314,226.10453,1140.2931,-0.64181387,0.62177431,-0.31802991,0.31674695,-281.88327,-49.41155,970.87759,0.010342252,0.013828179,0.0073998995,0.99982351,-401.67731,187.76354,1305.7849,0.015872891,0.0055412357,0.0074846166,0.99983065
1782290092.330257,913.96314,226.10453,1140.2931,-0.64181387,0.62177431,-0.31802991,0.31674695,-281.88327,-49.41155,970.87759,0.010342252,0.013828179,0.0073998995,0.99982351,-401.67731,187.76354,1305.7849,0.015872891,0.0055412357,0.0074846166,0.99983065
1782290092.340260,913.96189,226.09673,1140.2948,-0.64180355,0.621774,-0.31803738,0.31676098,-281.87722,-49.40287,970.88093,0.010348589,0.01388991,0.0073322095,0.99982309,-401.67373,187.76028,1305.7786,0.015861809,0.0055194101,0.0074672293,0.99983108
1782290092.350384,913.96695,226.09878,1140.2999,-0.6418118,0.62177272,-0.31803135,0.31675286,-281.8644,-49.386099,970.86698,0.010398397,0.013875844,0.0068676826,0.99982607,-401.66399,187.76225,1305.7822,0.015834937,0.005485231,0.0074646448,0.99983171
1782290092.360268,913.9663,226.11023,1140.3209,-0.64181198,0.6217751,-0.3180315,0.31674764,-281.86876,-49.362727,970.87276,0.010385159,0.013833876,0.0068838905,0.99982668,-401.66503,187.77475,1305.7909,0.015865774,0.0056784154,0.0074752485,0.99983006
1782290092.370261,913.95718,226.108,1140.3117,-0.64180665,0.6217687,-0.31804218,0.31676029,-281.87826,-49.367495,970.8758,0.010382625,0.013841562,0.0069483119,0.99982615,-401.66304,187.74605,1305.7786,0.015888216,0.0054463078,0.0075452625,0.99983047
1782290092.380257,913.95718,226.108,1140.3117,-0.64180665,0.6217687,-0.31804218,0.31676029,-281.87826,-49.367495,970.8758,0.010382625,0.013841562,0.0069483119,0.99982615,-401.66304,187.74605,1305.7786,0.015888216,0.0054463078,0.0075452625,0.99983047
1782290092.390256,913.95718,226.108,1140.3117,-0.64180665,0.6217687,-0.31804218,0.31676029,-281.87826,-49.367495,970.8758,0.010382625,0.013841562,0.0069483119,0.99982615,-401.66304,187.74605,1305.7786,0.015888216,0.0054463078,0.0075452625,0.99983047
1782290092.400258,913.95718,226.108,1140.3117,-0.64180665,0.6217687,-0.31804218,0.31676029,-281.87826,-49.367495,970.8758,0.010382625,0.013841562,0.0069483119,0.99982615,-401.66304,187.74605,1305.7786,0.015888216,0.0054463078,0.0075452625,0.99983047
1782290092.410254,913.95718,226.108,1140.3117,-0.64180665,0.6217687,-0.31804218,0.31676029,-281.87826,-49.367495,970.8758,0.010382625,0.013841562,0.0069483119,0.99982615,-401.66304,187.74605,1305.7786,0.015888216,0.0054463078,0.0075452625,0.99983047
1782290092.420255,913.95718,226.108,1140.3117,-0.64180665,0.6217687,-0.31804218,0.31676029,-281.87826,-49.367495,970.8758,0.010382625,0.013841562,0.0069483119,0.99982615,-401.66304,187.74605,1305.7786,0.015888216,0.0054463078,0.0075452625,0.99983047
1782290092.430259,913.95718,226.108,1140.3117,-0.64180665,0.6217687,-0.31804218,0.31676029,-281.87826,-49.367495,970.8758,0.010382625,0.013841562,0.0069483119,0.99982615,-401.66304,187.74605,1305.7786,0.015888216,0.0054463078,0.0075452625,0.99983047
1782290092.440264,913.95813,226.10487,1140.3056,-0.64180578,0.62177069,-0.31804127,0.31675906,-281.87826,-49.367495,970.8758,0.010382625,0.013841562,0.0069483119,0.99982615,-401.66509,187.74679,1305.7697,0.015877791,0.0053936248,0.0075248154,0.99983108
1782290092.450262,913.9595,226.09921,1140.3073,-0.64182062,0.62176879,-0.31802616,0.31674788,-281.87156,-49.405895,970.87795,0.010286617,0.013935701,0.0074789426,0.99982201,-401.66181,187.73492,1305.7731,0.015858128,0.0055212515,0.0075608021,0.99983042
1782290092.460272,913.96356,226.10021,1140.3105,-0.64180744,0.62177324,-0.31803623,0.31675574,-281.8608,-49.39444,970.8941,0.010315824,0.013924914,0.0073738868,0.99982264,-401.66441,187.73067,1305.7659,0.015948287,0.0054484411,0.0075503192,0.99982947
1782290092.470263,913.97166,226.10503,1140.3173,-0.64181017,0.62177973,-0.31803426,0.31673946,-281.88032,-49.382262,970.85184,0.01042601,0.013781453,0.0068605621,0.99982714,-401.66834,187.74669,1305.7845,0.015954357,0.0055648331,0.0075655475,0.99982861
1782290092.480262,913.97166,226.10503,1140.3173,-0.64181017,0.62177973,-0.31803426,0.31673946,-281.88032,-49.382262,970.85184,0.01042601,0.013781453,0.0068605621,0.99982714,-401.66834,187.74669,1305.7845,0.015954357,0.0055648331,0.0075655475,0.99982861
1782290092.490256,913.97166,226.10503,1140.3173,-0.64181017,0.62177973,-0.31803426,0.31673946,-281.88032,-49.382262,970.85184,0.01042601,0.013781453,0.0068605621,0.99982714,-401.66834,187.74669,1305.7845,0.015954357,0.0055648331,0.0075655475,0.99982861
1782290092.500257,913.97166,226.10503,1140.3173,-0.64181017,0.62177973,-0.31803426,0.31673946,-281.88032,-49.382262,970.85184,0.01042601,0.013781453,0.0068605621,0.99982714,-401.66834,187.74669,1305.7845,0.015954357,0.0055648331,0.0075655475,0.99982861
1782290092.510253,913.97166,226.10503,1140.3173,-0.64181017,0.62177973,-0.31803426,0.31673946,-281.88032,-49.382262,970.85184,0.01042601,0.013781453,0.0068605621,0.99982714,-401.66834,187.74669,1305.7845,0.015954357,0.0055648331,0.0075655475,0.99982861
1782290092.520253,913.97166,226.10503,1140.3173,-0.64181017,0.62177973,-0.31803426,0.31673946,-281.88032,-49.382262,970.85184,0.01042601,0.013781453,0.0068605621,0.99982714,-401.66834,187.74669,1305.7845,0.015954357,0.0055648331,0.0075655475,0.99982861
1782290092.530253,913.97166,226.10503,1140.3173,-0.64181017,0.62177973,-0.31803426,0.31673946,-281.88032,-49.382262,970.85184,0.01042601,0.013781453,0.0068605621,0.99982714,-401.66834,187.74669,1305.7845,0.015954357,0.0055648331,0.0075655475,0.99982861
1782290092.540404,913.97166,226.10503,1140.3173,-0.64181017,0.62177973,-0.31803426,0.31673946,-281.88032,-49.382262,970.85184,0.01042601,0.013781453,0.0068605621,0.99982714,-401.66834,187.74669,1305.7845,0.015954357,0.0055648331,0.0075655475,0.99982861
1782290092.550262,913.96439,226.10174,1140.3145,-0.64180015,0.62177388,-0.31804591,0.31675955,-281.85642,-49.393754,970.86912,0.010388914,0.01386818,0.0070439884,0.99982505,-401.66241,187.73234,1305.7755,0.015967143,0.0055000015,0.0075676585,0.99982875
1782290092.560261,913.9542,226.10447,1140.3203,-0.64179889,0.62177275,-0.31803881,0.31677144,-281.87799,-49.392223,970.86787,0.010365988,0.01386478,0.0072276138,0.99982402,-401.66515,187.71526,1305.7687,0.015981286,0.0054949901,0.0076502362,0.99982792
1782290092.570265,913.95634,226.10006,1140.309,-0.6418012,0.62177106,-0.31803615,0.31677277,-281.88178,-49.380191,970.8668,0.010324474,0.013827658,0.0070795525,0.99982603,-401.67078,187.73505,1305.7773,0.016007426,0.0055117901,0.0076320105,0.99982755
1782290092.580256,913.96356,226.09818,1140.3174,-0.64180626,0.62177803,-0.31802023,0.31676478,-281.89212,-49.406886,970.85941,0.010439035,0.01376685,0.0071828021,0.99982494,-401.66345,187.71204,1305.7702,0.015911959,0.0054134233,0.0076746461,0.99982929
1782290092.590252,913.96356,226.09818,1140.3174,-0.64180626,0.62177803,-0.31802023,0.31676478,-281.89212,-49.406886,970.85941,0.010439035,0.01376685,0.0071828021,0.99982494,-401.66345,187.71204,1305.7702,0.015911959,0.0054134233,0.0076746461,0.99982929
1782290092.600255,913.96356,226.09818,1140.3174,-0.64180626,0.62177803,-0.31802023,0.31676478,-281.89212,-49.406886,970.85941,0.010439035,0.01376685,0.0071828021,0.99982494,-401.66345,187.71204,1305.7702,0.015911959,0.0054134233,0.0076746461,0.99982929
1782290092.610256,913.96356,226.09818,1140.3174,-0.64180626,0.62177803,-0.31802023,0.31676478,-281.89212,-49.406886,970.85941,0.010439035,0.01376685,0.0071828021,0.99982494,-401.66345,187.71204,1305.7702,0.015911959,0.0054134233,0.0076746461,0.99982929
1782290092.620265,913.96356,226.09818,1140.3174,-0.64180626,0.62177803,-0.31802023,0.31676478,-281.89212,-49.406886,970.85941,0.010439035,0.01376685,0.0071828021,0.99982494,-401.66345,187.71204,1305.7702,0.015911959,0.0054134233,0.0076746461,0.99982929
1782290092.630257,913.96356,226.09818,1140.3174,-0.64180626,0.62177803,-0.31802023,0.31676478,-281.89212,-49.406886,970.85941,0.010439035,0.01376685,0.0071828021,0.99982494,-401.66345,187.71204,1305.7702,0.015911959,0.0054134233,0.0076746461,0.99982929
1782290092.640250,913.96356,226.09818,1140.3174,-0.64180626,0.62177803,-0.31802023,0.31676478,-281.89212,-49.406886,970.85941,0.010439035,0.01376685,0.0071828021,0.99982494,-401.66345,187.71204,1305.7702,0.015911959,0.0054134233,0.0076746461,0.99982929
1782290092.650262,913.95843,226.10116,1140.3205,-0.64179892,0.62177075,-0.31803966,0.31677446,-281.84643,-49.371317,970.90304,0.010359494,0.014024123,0.0070123049,0.9998234,-401.66938,187.73371,1305.7834,0.015982904,0.0054864436,0.0076142433,0.99982822
1782290092.660276,913.95694,226.09596,1140.3265,-0.6417961,0.62177902,-0.31802865,0.31677499,-281.8673,-49.398746,970.89106,0.0103602,0.013933273,0.0072633733,0.99982287,-401.66771,187.71119,1305.7801,0.015951895,0.0054278199,0.0076643914,0.99982865
1782290092.670266,913.95909,226.09675,1140.3177,-0.64180214,0.621776,-0.3180345,0.31676281,-281.8442,-49.394548,970.89434,0.010237253,0.013970937,0.007388381,0.9998227,-401.65672,187.69717,1305.7717,0.015915389,0.0054001135,0.0076681357,0.99982935
1782290092.680268,913.95909,226.09675,1140.3177,-0.64180214,0.621776,-0.3180345,0.31676281,-281.8442,-49.394548,970.89434,0.010237253,0.013970937,0.007388381,0.9998227,-401.65672,187.69717,1305.7717,0.015915389,0.0054001135,0.0076681357,0.99982935
1782290092.690270,913.95909,226.09675,1140.3177,-0.64180214,0.621776,-0.3180345,0.31676281,-281.8442,-49.394548,970.89434,0.010237253,0.013970937,0.007388381,0.9998227,-401.65672,187.69717,1305.7717,0.015915389,0.0054001135,0.0076681357,0.99982935
1782290092.700267,913.95909,226.09675,1140.3177,-0.64180214,0.621776,-0.3180345,0.31676281,-281.8442,-49.394548,970.89434,0.010237253,0.013970937,0.007388381,0.9998227,-401.65672,187.69717,1305.7717,0.015915389,0.0054001135,0.0076681357,0.99982935
1782290092.710260,913.95909,226.09675,1140.3177,-0.64180214,0.621776,-0.3180345,0.31676281,-281.8442,-49.394548,970.89434,0.010237253,0.013970937,0.007388381,0.9998227,-401.65672,187.69717,1305.7717,0.015915389,0.0054001135,0.0076681357,0.99982935
1782290092.720256,913.95909,226.09675,1140.3177,-0.64180214,0.621776,-0.3180345,0.31676281,-281.8442,-49.394548,970.89434,0.010237253,0.013970937,0.007388381,0.9998227,-401.65672,187.69717,1305.7717,0.015915389,0.0054001135,0.0076681357,0.99982935
1782290092.730255,913.95909,226.09675,1140.3177,-0.64180214,0.621776,-0.3180345,0.31676281,-281.8442,-49.394548,970.89434,0.010237253,0.013970937,0.007388381,0.9998227,-401.65672,187.69717,1305.7717,0.015915389,0.0054001135,0.0076681357,0.99982935
1782290092.740255,913.95909,226.09675,1140.3177,-0.64180214,0.621776,-0.3180345,0.31676281,-281.8442,-49.394548,970.89434,0.010237253,0.013970937,0.007388381,0.9998227,-401.65672,187.69717,1305.7717,0.015915389,0.0054001135,0.0076681357,0.99982935
1782290092.750260,913.96075,226.09583,1140.3157,-0.64180798,0.62177802,-0.31802026,0.31676129,-281.8684,-49.394272,970.88176,0.0103204,0.013868649,0.0072668064,0.99982416,-401.65809,187.70553,1305.775,0.015920353,0.0053855132,0.0076514465,0.99982948
1782290092.760257,913.96075,226.09583,1140.3157,-0.64180798,0.62177802,-0.31802026,0.31676129,-281.8684,-49.394272,970.88176,0.0103204,0.013868649,0.0072668064,0.99982416,-401.65809,187.70553,1305.775,0.015920353,0.0053855132,0.0076514465,0.99982948
1782290092.770254,913.95348,226.10454,1140.334,-0.64180011,0.62177408,-0.31803262,0.31677258,-281.86122,-49.344428,970.87169,0.010334436,0.013861752,0.0066199399,0.9998286,-401.66941,187.73301,1305.7859,0.015966996,0.0055441003,0.0076246055,0.99982808
1782290092.780263,913.96236,226.10392,1140.328,-0.64179722,0.62177858,-0.31803601,0.31676619,-281.86047,-49.379155,970.87806,0.010327636,0.013874949,0.007027125,0.99982571,-401.66903,187.73532,1305.7874,0.015975102,0.0055202317,0.0076130559,0.99982817
1782290092.790269,913.97184,226.09966,1140.3176,-0.64180876,0.62177982,-0.31803251,0.31674389,-281.85654,-49.395096,970.87014,0.010352712,0.013858253,0.007003876,0.99982584,-401.66172,187.72905,1305.7837,0.015968368,0.0057004736,0.0075945348,0.9998274
1782290092.800256,913.97184,226.09966,1140.3176,-0.64180876,0.62177982,-0.31803251,0.31674389,-281.85654,-49.395096,970.87014,0.010352712,0.013858253,0.007003876,0.99982584,-401.66172,187.72905,1305.7837,0.015968368,0.0057004736,0.0075945348,0.9998274
1782290092.810256,913.97184,226.09966,1140.3176,-0.64180876,0.62177982,-0.31803251,0.31674389,-281.85654,-49.395096,970.87014,0.010352712,0.013858253,0.007003876,0.99982584,-401.66172,187.72905,1305.7837,0.015968368,0.0057004736,0.0075945348,0.9998274
1782290092.820249,913.97184,226.09966,1140.3176,-0.64180876,0.62177982,-0.31803251,0.31674389,-281.85654,-49.395096,970.87014,0.010352712,0.013858253,0.007003876,0.99982584,-401.66172,187.72905,1305.7837,0.015968368,0.0057004736,0.0075945348,0.9998274
1782290092.830255,913.97184,226.09966,1140.3176,-0.64180876,0.62177982,-0.31803251,0.31674389,-281.85654,-49.395096,970.87014,0.010352712,0.013858253,0.007003876,0.99982584,-401.66172,187.72905,1305.7837,0.015968368,0.0057004736,0.0075945348,0.9998274
1782290092.840249,913.97184,226.09966,1140.3176,-0.64180876,0.62177982,-0.31803251,0.31674389,-281.85654,-49.395096,970.87014,0.010352712,0.013858253,0.007003876,0.99982584,-401.66172,187.72905,1305.7837,0.015968368,0.0057004736,0.0075945348,0.9998274
1782290092.850253,913.97184,226.09966,1140.3176,-0.64180876,0.62177982,-0.31803251,0.31674389,-281.85654,-49.395096,970.87014,0.010352712,0.013858253,0.007003876,0.99982584,-401.66172,187.72905,1305.7837,0.015968368,0.0057004736,0.0075945348,0.9998274
1782290092.860265,913.97184,226.09966,1140.3176,-0.64180876,0.62177982,-0.31803251,0.31674389,-281.85654,-49.395096,970.87014,0.010352712,0.013858253,0.007003876,0.99982584,-401.66172,187.72905,1305.7837,0.015968368,0.0057004736,0.0075945348,0.9998274
1782290092.870264,913.97184,226.09966,1140.3176,-0.64180876,0.62177982,-0.31803251,0.31674389,-281.85654,-49.395096,970.87014,0.010352712,0.013858253,0.007003876,0.99982584,-401.66172,187.72905,1305.7837,0.015968368,0.0057004736,0.0075945348,0.9998274
1782290092.880267,913.97011,226.10165,1140.3244,-0.64180833,0.62177497,-0.31802961,0.3167572,-281.86995,-49.418602,970.88093,0.010437437,0.013825386,0.0073078743,0.99982324,-401.65773,187.70808,1305.7796,0.015982804,0.0055448894,0.0076115625,0.99982792
1782290092.890271,913.96236,226.09876,1140.313,-0.64180917,0.62177373,-0.31802914,0.3167584,-281.89015,-49.390353,970.86561,0.010390899,0.013823029,0.00692953,0.99982645,-401.65213,187.71124,1305.7798,0.015932885,0.0053735755,0.0076176712,0.9998296
1782290092.900254,913.96236,226.09876,1140.313,-0.64180917,0.62177373,-0.31802914,0.3167584,-281.89015,-49.390353,970.86561,0.010390899,0.013823029,0.00692953,0.99982645,-401.65213,187.71124,1305.7798,0.015932885,0.0053735755,0.0076176712,0.9998296
1782290092.910255,913.96236,226.09876,1140.313,-0.64180917,0.62177373,-0.31802914,0.3167584,-281.89015,-49.390353,970.86561,0.010390899,0.013823029,0.00692953,0.99982645,-401.65213,187.71124,1305.7798,0.015932885,0.0053735755,0.0076176712,0.9998296
1782290092.920255,913.96236,226.09876,1140.313,-0.64180917,0.62177373,-0.31802914,0.3167584,-281.89015,-49.390353,970.86561,0.010390899,0.013823029,0.00692953,0.99982645,-401.65213,187.71124,1305.7798,0.015932885,0.0053735755,0.0076176712,0.9998296
1782290092.930252,913.96236,226.09876,1140.313,-0.64180917,0.62177373,-0.31802914,0.3167584,-281.89015,-49.390353,970.86561,0.010390899,0.013823029,0.00692953,0.99982645,-401.65213,187.71124,1305.7798,0.015932885,0.0053735755,0.0076176712,0.9998296
1782290092.940258,913.96236,226.09876,1140.313,-0.64180917,0.62177373,-0.31802914,0.3167584,-281.89015,-49.390353,970.86561,0.010390899,0.013823029,0.00692953,0.99982645,-401.65213,187.71124,1305.7798,0.015932885,0.0053735755,0.0076176712,0.9998296
1782290092.950260,913.95909,226.09478,1140.3198,-0.64180874,0.62177216,-0.31802558,0.31676593,-281.89015,-49.390353,970.86561,0.010390899,0.013823029,0.00692953,0.99982645,-401.65213,187.71124,1305.7798,0.015932885,0.0053735755,0.0076176712,0.9998296
1782290092.960526,913.96981,226.10261,1140.313,-0.64180839,0.62178325,-0.31801787,0.31675261,-281.85612,-49.377419,970.88063,0.010354318,0.013918025,0.0070483939,0.99982468,-401.66032,187.72864,1305.7879,0.015896676,0.0055474577,0.0075819202,0.9998295
1782290092.970263,913.96415,226.11392,1140.3198,-0.6418186,0.62177881,-0.31801445,0.31674407,-281.87618,-49.369309,970.87663,0.010446132,0.013772914,0.0069455549,0.99982646,-401.66354,187.73414,1305.7919,0.015940822,0.0055548552,0.0075935743,0.99982867
1782290092.980267,913.96677,226.11293,1140.3204,-0.64180784,0.62177961,-0.3180285,0.31675019,-281.86104,-49.394097,970.88742,0.010358358,0.013903849,0.0073159342,0.99982292,-401.66345,187.7348,1305.7884,0.0159396,0.0057556891,0.0075778174,0.99982767
1782290092.990266,913.96677,226.11293,1140.3204,-0.64180784,0.62177961,-0.3180285,0.31675019,-281.86104,-49.394097,970.88742,0.010358358,0.013903849,0.0073159342,0.99982292,-401.66345,187.7348,1305.7884,0.0159396,0.0057556891,0.0075778174,0.99982767
1782290093.000257,913.96677,226.11293,1140.3204,-0.64180784,0.62177961,-0.3180285,0.31675019,-281.86104,-49.394097,970.88742,0.010358358,0.013903849,0.0073159342,0.99982292,-401.66345,187.7348,1305.7884,0.0159396,0.0057556891,0.0075778174,0.99982767
1782290093.010257,913.96677,226.11293,1140.3204,-0.64180784,0.62177961,-0.3180285,0.31675019,-281.86104,-49.394097,970.88742,0.010358358,0.013903849,0.0073159342,0.99982292,-401.66345,187.7348,1305.7884,0.0159396,0.0057556891,0.0075778174,0.99982767
1782290093.020254,913.96677,226.11293,1140.3204,-0.64180784,0.62177961,-0.3180285,0.31675019,-281.86104,-49.394097,970.88742,0.010358358,0.013903849,0.0073159342,0.99982292,-401.66345,187.7348,1305.7884,0.0159396,0.0057556891,0.0075778174,0.99982767
1782290093.030253,913.96677,226.11293,1140.3204,-0.64180784,0.62177961,-0.3180285,0.31675019,-281.86104,-49.394097,970.88742,0.010358358,0.013903849,0.0073159342,0.99982292,-401.66345,187.7348,1305.7884,0.0159396,0.0057556891,0.0075778174,0.99982767
1782290093.040257,913.96677,226.11293,1140.3204,-0.64180784,0.62177961,-0.3180285,0.31675019,-281.86104,-49.394097,970.88742,0.010358358,0.013903849,0.0073159342,0.99982292,-401.66345,187.7348,1305.7884,0.0159396,0.0057556891,0.0075778174,0.99982767
1782290093.050255,913.96677,226.11293,1140.3204,-0.64180784,0.62177961,-0.3180285,0.31675019,-281.86104,-49.394097,970.88742,0.010358358,0.013903849,0.0073159342,0.99982292,-401.66345,187.7348,1305.7884,0.0159396,0.0057556891,0.0075778174,0.99982767
1782290093.060272,913.96254,226.10483,1140.3168,-0.64181847,0.62177367,-0.3180177,0.31675116,-281.88425,-49.411666,970.88808,0.010445305,0.013806044,0.0073168546,0.99982336,-401.66226,187.70058,1305.7852,0.015933713,0.0055363461,0.0076476104,0.99982848
1782290093.070279,913.96177,226.09408,1140.3203,-0.64181142,0.62177728,-0.31802162,0.31675442,-281.8782,-49.375303,970.87723,0.01040581,0.013864929,0.0069221383,0.99982577,-401.65892,187.701,1305.7777,0.015932717,0.0054669179,0.0076529073,0.99982883
1782290093.080270,913.96481,226.09743,1140.3091,-0.64180528,0.62178294,-0.31802683,0.31675052,-281.87975,-49.392778,970.85774,0.010436599,0.013773766,0.0068925592,0.99982691,-401.6633,187.69269,1305.7758,0.015890982,0.0054882788,0.0076290227,0.99982956
1782290093.090272,913.95932,226.09326,1140.3087,-0.64180195,0.621777,-0.31803402,0.3167617,-281.88729,-49.389452,970.87115,0.010422604,0.013833035,0.006943914,0.99982588,-401.66834,187.71492,1305.7772,0.015937103,0.0056939567,0.0076056905,0.99982786
1782290093.100265,913.95932,226.09326,1140.3087,-0.64180195,0.621777,-0.31803402,0.3167617,-281.88729,-49.389452,970.87115,0.010422604,0.013833035,0.006943914,0.99982588,-401.66834,187.71492,1305.7772,0.015937103,0.0056939567,0.0076056905,0.99982786
1782290093.110265,913.95932,226.09326,1140.3087,-0.64180195,0.621777,-0.31803402,0.3167617,-281.88729,-49.389452,970.87115,0.010422604,0.013833035,0.006943914,0.99982588,-401.66834,187.71492,1305.7772,0.015937103,0.0056939567,0.0076056905,0.99982786
1782290093.120265,913.95932,226.09326,1140.3087,-0.64180195,0.621777,-0.31803402,0.3167617,-281.88729,-49.389452,970.87115,0.010422604,0.013833035,0.006943914,0.99982588,-401.66834,187.71492,1305.7772,0.015937103,0.0056939567,0.0076056905,0.99982786
1782290093.130262,913.95932,226.09326,1140.3087,-0.64180195,0.621777,-0.31803402,0.3167617,-281.88729,-49.389452,970.87115,0.010422604,0.013833035,0.006943914,0.99982588,-401.66834,187.71492,1305.7772,0.015937103,0.0056939567,0.0076056905,0.99982786
1782290093.140262,913.95932,226.09326,1140.3087,-0.64180195,0.621777,-0.31803402,0.3167617,-281.88729,-49.389452,970.87115,0.010422604,0.013833035,0.006943914,0.99982588,-401.66834,187.71492,1305.7772,0.015937103,0.0056939567,0.0076056905,0.99982786
1782290093.150256,913.95932,226.09326,1140.3087,-0.64180195,0.621777,-0.31803402,0.3167617,-281.88729,-49.389452,970.87115,0.010422604,0.013833035,0.006943914,0.99982588,-401.66834,187.71492,1305.7772,0.015937103,0.0056939567,0.0076056905,0.99982786
1782290093.160263,913.95962,226.10478,1140.3228,-0.64180255,0.62177927,-0.31801832,0.31677181,-281.85579,-49.352393,970.8913,0.010240891,0.01394405,0.0069994559,0.99982583,-401.66563,187.73361,1305.7821,0.015968862,0.0055150384,0.0075480009,0.99982879
1782290093.170258,913.95962,226.10478,1140.3228,-0.64180255,0.62177927,-0.31801832,0.31677181,-281.85579,-49.352393,970.8913,0.010240891,0.01394405,0.0069994559,0.99982583,-401.66563,187.73361,1305.7821,0.015968862,0.0055150384,0.0075480009,0.99982879
1782290093.180368,913.96511,226.1062,1140.3066,-0.64180273,0.62177277,-0.31803632,0.31676614,-281.84152,-49.341492,970.88724,0.010283916,0.014010879,0.006765862,0.99982606,-401.65997,187.70891,1305.7702,0.015943932,0.0055572816,0.0076821666,0.99982793
1782290093.190265,913.96755,226.10857,1140.3054,-0.64181381,0.62177568,-0.31803116,0.31674316,-281.8782,-49.4182,970.86751,0.010418319,0.01379448,0.0073408093,0.99982363,-401.66897,187.72624,1305.7878,0.015985847,0.0055708922,0.007606771,0.99982776
1782290093.200261,913.96755,226.10857,1140.3054,-0.64181381,0.62177568,-0.31803116,0.31674316,-281.8782,-49.4182,970.86751,0.010418319,0.01379448,0.0073408093,0.99982363,-401.66897,187.72624,1305.7878,0.015985847,0.0055708922,0.007606771,0.99982776
1782290093.210256,913.96755,226.10857,1140.3054,-0.64181381,0.62177568,-0.31803116,0.31674316,-281.8782,-49.4182,970.86751,0.010418319,0.01379448,0.0073408093,0.99982363,-401.66897,187.72624,1305.7878,0.015985847,0.0055708922,0.007606771,0.99982776
1782290093.220258,913.96755,226.10857,1140.3054,-0.64181381,0.62177568,-0.31803116,0.31674316,-281.8782,-49.4182,970.86751,0.010418319,0.01379448,0.0073408093,0.99982363,-401.66897,187.72624,1305.7878,0.015985847,0.0055708922,0.007606771,0.99982776
1782290093.230251,913.96755,226.10857,1140.3054,-0.64181381,0.62177568,-0.31803116,0.31674316,-281.8782,-49.4182,970.86751,0.010418319,0.01379448,0.0073408093,0.99982363,-401.66897,187.72624,1305.7878,0.015985847,0.0055708922,0.007606771,0.99982776
1782290093.240258,913.96755,226.10857,1140.3054,-0.64181381,0.62177568,-0.31803116,0.31674316,-281.8782,-49.4182,970.86751,0.010418319,0.01379448,0.0073408093,0.99982363,-401.66897,187.72624,1305.7878,0.015985847,0.0055708922,0.007606771,0.99982776
1782290093.250257,913.96755,226.10857,1140.3054,-0.64181381,0.62177568,-0.31803116,0.31674316,-281.8782,-49.4182,970.86751,0.010418319,0.01379448,0.0073408093,0.99982363,-401.66897,187.72624,1305.7878,0.015985847,0.0055708922,0.007606771,0.99982776
1782290093.260262,913.96213,226.09928,1140.3064,-0.64181347,0.62177332,-0.31802729,0.31675235,-281.87355,-49.386308,970.88337,0.010320072,0.013887765,0.0072059584,0.99982433,-401.66721,187.72604,1305.7841,0.015963063,0.005432114,0.0076333358,0.99982869
1782290093.270273,913.96034,226.0976,1140.308,-0.64181442,0.62177254,-0.31802384,0.31675542,-281.87391,-49.39536,970.85828,0.010383364,0.013832525,0.0069889629,0.99982599,-401.66619,187.72444,1305.7905,0.015942128,0.0057276278,0.0076313652,0.99982739
1782290093.280272,913.96707,226.10801,1140.3136,-0.64181162,0.6217785,-0.31802869,0.31674454,-281.89236,-49.415551,970.87312,0.010446586,0.013815379,0.0072883799,0.99982343,-401.6698,187.72399,1305.7932,0.015948171,0.0055415845,0.0075840485,0.9998287
1782290093.290270,913.96117,226.10514,1140.3134,-0.64181284,0.62177442,-0.31803059,0.31674816,-281.87126,-49.414359,970.87812,0.01039823,0.013847115,0.0073352316,0.99982315,-401.67442,187.72003,1305.7879,0.015906697,0.0056787207,0.0076649933,0.99982797
1782290093.300261,913.96117,226.10514,1140.3134,-0.64181284,0.62177442,-0.31803059,0.31674816,-281.87126,-49.414359,970.87812,0.01039823,0.013847115,0.0073352316,0.99982315,-401.67442,187.72003,1305.7879,0.015906697,0.0056787207,0.0076649933,0.99982797
1782290093.310255,913.96117,226.10514,1140.3134,-0.64181284,0.62177442,-0.31803059,0.31674816,-281.87126,-49.414359,970.87812,0.01039823,0.013847115,0.0073352316,0.99982315,-401.67442,187.72003,1305.7879,0.015906697,0.0056787207,0.0076649933,0.99982797
1782290093.320253,913.96117,226.10514,1140.3134,-0.64181284,0.62177442,-0.31803059,0.31674816,-281.87126,-49.414359,970.87812,0.01039823,0.013847115,0.0073352316,0.99982315,-401.67442,187.72003,1305.7879,0.015906697,0.0056787207,0.0076649933,0.99982797
1782290093.330253,913.96117,226.10514,1140.3134,-0.64181284,0.62177442,-0.31803059,0.31674816,-281.87126,-49.414359,970.87812,0.01039823,0.013847115,0.0073352316,0.99982315,-401.67442,187.72003,1305.7879,0.015906697,0.0056787207,0.0076649933,0.99982797
1782290093.340259,913.96117,226.10514,1140.3134,-0.64181284,0.62177442,-0.31803059,0.31674816,-281.87126,-49.414359,970.87812,0.01039823,0.013847115,0.0073352316,0.99982315,-401.67442,187.72003,1305.7879,0.015906697,0.0056787207,0.0076649933,0.99982797
1782290093.350256,913.96117,226.10514,1140.3134,-0.64181284,0.62177442,-0.31803059,0.31674816,-281.87126,-49.414359,970.87812,0.01039823,0.013847115,0.0073352316,0.99982315,-401.67442,187.72003,1305.7879,0.015906697,0.0056787207,0.0076649933,0.99982797
1782290093.360262,913.97065,226.10284,1140.3058,-0.64180934,0.62177699,-0.31803417,0.31674662,-281.87126,-49.414359,970.87812,0.01039823,0.013847115,0.0073352316,0.99982315,-401.67335,187.71639,1305.7774,0.015870628,0.0054870898,0.007634835,0.99982985
1782290093.370254,913.9685,226.10877,1140.3224,-0.64181751,0.62177211,-0.31802806,0.31674576,-281.87123,-49.363755,970.84588,0.010427707,0.013813106,0.0065510819,0.99982876,-401.66909,187.73557,1305.7911,0.016002296,0.005666574,0.007647382,0.99982665
1782290093.380328,913.96904,226.11099,1140.3152,-0.64180808,0.62177436,-0.31803846,0.31675001,-281.86023,-49.407024,970.89142,0.010431988,0.013914191,0.0072701216,0.99982234,-401.66926,187.73052,1305.7866,0.015943215,0.0055112875,0.0076142733,0.99982872
1782290093.390262,913.95956,226.09909,1140.3142,-0.64180785,0.62177467,-0.31802997,0.31675839,-281.87469,-49.395561,970.86757,0.010368684,0.013820238,0.0071254679,0.99982534,-401.65585,187.73422,1305.7908,0.015958815,0.0055227472,0.0076139449,0.99982841
1782290093.400263,913.95956,226.09909,1140.3142,-0.64180785,0.62177467,-0.31802997,0.31675839,-281.87469,-49.395561,970.86757,0.010368684,0.013820238,0.0071254679,0.99982534,-401.65585,187.73422,1305.7908,0.015958815,0.0055227472,0.0076139449,0.99982841
1782290093.410255,913.95956,226.09909,1140.3142,-0.64180785,0.62177467,-0.31802997,0.31675839,-281.87469,-49.395561,970.86757,0.010368684,0.013820238,0.0071254679,0.99982534,-401.65585,187.73422,1305.7908,0.015958815,0.0055227472,0.0076139449,0.99982841
1782290093.420257,913.95956,226.09909,1140.3142,-0.64180785,0.62177467,-0.31802997,0.31675839,-281.87469,-49.395561,970.86757,0.010368684,0.013820238,0.0071254679,0.99982534,-401.65585,187.73422,1305.7908,0.015958815,0.0055227472,0.0076139449,0.99982841
1782290093.430258,913.95956,226.09909,1140.3142,-0.64180785,0.62177467,-0.31802997,0.31675839,-281.87469,-49.395561,970.86757,0.010368684,0.013820238,0.0071254679,0.99982534,-401.65585,187.73422,1305.7908,0.015958815,0.0055227472,0.0076139449,0.99982841
1782290093.440258,913.95956,226.09909,1140.3142,-0.64180785,0.62177467,-0.31802997,0.31675839,-281.87469,-49.395561,970.86757,0.010368684,0.013820238,0.0071254679,0.99982534,-401.65585,187.73422,1305.7908,0.015958815,0.0055227472,0.0076139449,0.99982841
1782290093.450252,913.95956,226.09909,1140.3142,-0.64180785,0.62177467,-0.31802997,0.31675839,-281.87469,-49.395561,970.86757,0.010368684,0.013820238,0.0071254679,0.99982534,-401.65585,187.73422,1305.7908,0.015958815,0.0055227472,0.0076139449,0.99982841
1782290093.460261,913.95956,226.09909,1140.3142,-0.64180785,0.62177467,-0.31802997,0.31675839,-281.87469,-49.395561,970.86757,0.010368684,0.013820238,0.0071254679,0.99982534,-401.65585,187.73422,1305.7908,0.015958815,0.0055227472,0.0076139449,0.99982841
1782290093.470259,913.95718,226.10253,1140.3233,-0.64180242,0.62177288,-0.3180426,0.31676024,-281.88673,-49.378436,970.86883,0.01045369,0.013793455,0.0069462999,0.99982609,-401.67502,187.72185,1305.7823,0.015942053,0.0054924805,0.007627698,0.99982874
1782290093.480268,913.96201,226.10261,1140.3148,-0.6418171,0.62176854,-0.318032,0.31674964,-281.85558,-49.396832,970.88319,0.010301415,0.013887821,0.0072663821,0.99982409,-401.6659,187.73796,1305.7883,0.015957354,0.0055397433,0.0075453924,0.99982886
1782290093.490261,913.96624,226.10196,1140.3105,-0.64181007,0.62177117,-0.31803802,0.31675268,-281.86202,-49.396891,970.89314,0.0102537,0.013892115,0.0075004771,0.99982279,-401.66834,187.737,1305.7905,0.015952107,0.0055705913,0.0075684657,0.99982859
1782290093.500256,913.96624,226.10196,1140.3105,-0.64181007,0.62177117,-0.31803802,0.31675268,-281.86202,-49.396891,970.89314,0.0102537,0.013892115,0.0075004771,0.99982279,-401.66834,187.737,1305.7905,0.015952107,0.0055705913,0.0075684657,0.99982859
1782290093.510255,913.96624,226.10196,1140.3105,-0.64181007,0.62177117,-0.31803802,0.31675268,-281.86202,-49.396891,970.89314,0.0102537,0.013892115,0.0075004771,0.99982279,-401.66834,187.737,1305.7905,0.015952107,0.0055705913,0.0075684657,0.99982859
1782290093.520257,913.96624,226.10196,1140.3105,-0.64181007,0.62177117,-0.31803802,0.31675268,-281.86202,-49.396891,970.89314,0.0102537,0.013892115,0.0075004771,0.99982279,-401.66834,187.737,1305.7905,0.015952107,0.0055705913,0.0075684657,0.99982859
1782290093.530257,913.96624,226.10196,1140.3105,-0.64181007,0.62177117,-0.31803802,0.31675268,-281.86202,-49.396891,970.89314,0.0102537,0.013892115,0.0075004771,0.99982279,-401.66834,187.737,1305.7905,0.015952107,0.0055705913,0.0075684657,0.99982859
1782290093.540254,913.96624,226.10196,1140.3105,-0.64181007,0.62177117,-0.31803802,0.31675268,-281.86202,-49.396891,970.89314,0.0102537,0.013892115,0.0075004771,0.99982279,-401.66834,187.737,1305.7905,0.015952107,0.0055705913,0.0075684657,0.99982859
1782290093.550256,913.96624,226.10196,1140.3105,-0.64181007,0.62177117,-0.31803802,0.31675268,-281.86202,-49.396891,970.89314,0.0102537,0.013892115,0.0075004771,0.99982279,-401.66834,187.737,1305.7905,0.015952107,0.0055705913,0.0075684657,0.99982859
1782290093.560266,913.96624,226.10196,1140.3105,-0.64181007,0.62177117,-0.31803802,0.31675268,-281.86202,-49.396891,970.89314,0.0102537,0.013892115,0.0075004771,0.99982279,-401.66834,187.737,1305.7905,0.015952107,0.0055705913,0.0075684657,0.99982859
1782290093.570261,913.97208,226.10833,1140.3177,-0.64180898,0.62177985,-0.3180283,0.31674763,-281.87561,-49.392276,970.8823,0.010316423,0.013833663,0.0074185454,0.99982357,-401.66444,187.75092,1305.783,0.01597213,0.0054712724,0.0075847111,0.9998287
1782290093.580259,913.96165,226.10208,1140.316,-0.64180633,0.62177732,-0.31803097,0.31675528,-281.85862,-49.370885,970.88879,0.010291677,0.013919154,0.0070455469,0.99982533,-401.67364,187.74147,1305.7832,0.015854693,0.0055411819,0.0075342936,0.99983056
1782290093.590264,913.96058,226.09642,1140.309,-0.6418119,0.62177526,-0.31802549,0.31675353,-281.89692,-49.389966,970.84558,0.010425425,0.013723312,0.0069700571,0.99982718,-401.66467,187.74222,1305.7816,0.015890267,0.0055400567,0.0074967387,0.99983029
1782290093.600261,913.95223,226.09845,1140.3176,-0.64181501,0.62176926,-0.31801769,0.31676683,-281.87719,-49.402878,970.87699,0.010334201,0.013815988,0.0072817327,0.99982463,-401.66172,187.73571,1305.7803,0.015875397,0.0055602493,0.0075250739,0.9998302
1782290093.610255,913.95223,226.09845,1140.3176,-0.64181501,0.62176926,-0.31801769,0.31676683,-281.87719,-49.402878,970.87699,0.010334201,0.013815988,0.0072817327,0.99982463,-401.66172,187.73571,1305.7803,0.015875397,0.0055602493,0.0075250739,0.9998302
1782290093.620255,913.95223,226.09845,1140.3176,-0.64181501,0.62176926,-0.31801769,0.31676683,-281.87719,-49.402878,970.87699,0.010334201,0.013815988,0.0072817327,0.99982463,-401.66172,187.73571,1305.7803,0.015875397,0.0055602493,0.0075250739,0.9998302
1782290093.630254,913.95223,226.09845,1140.3176,-0.64181501,0.62176926,-0.31801769,0.31676683,-281.87719,-49.402878,970.87699,0.010334201,0.013815988,0.0072817327,0.99982463,-401.66172,187.73571,1305.7803,0.015875397,0.0055602493,0.0075250739,0.9998302
1782290093.640255,913.95223,226.09845,1140.3176,-0.64181501,0.62176926,-0.31801769,0.31676683,-281.87719,-49.402878,970.87699,0.010334201,0.013815988,0.0072817327,0.99982463,-401.66172,187.73571,1305.7803,0.015875397,0.0055602493,0.0075250739,0.9998302
1782290093.650251,913.95223,226.09845,1140.3176,-0.64181501,0.62176926,-0.31801769,0.31676683,-281.87719,-49.402878,970.87699,0.010334201,0.013815988,0.0072817327,0.99982463,-401.66172,187.73571,1305.7803,0.015875397,0.0055602493,0.0075250739,0.9998302
1782290093.660269,913.95223,226.09845,1140.3176,-0.64181501,0.62176926,-0.31801769,0.31676683,-281.87719,-49.402878,970.87699,0.010334201,0.013815988,0.0072817327,0.99982463,-401.66172,187.73571,1305.7803,0.015875397,0.0055602493,0.0075250739,0.9998302
1782290093.670269,913.95742,226.10043,1140.317,-0.64180034,0.62176817,-0.31804269,0.31677359,-281.84408,-49.389504,970.90334,0.010283957,0.013960989,0.0072591592,0.9998233,-401.67072,187.74468,1305.7743,0.015930316,0.0055197757,0.0075389569,0.99982945
1782290093.680264,913.95915,226.10968,1140.3179,-0.64180654,0.62177228,-0.31802696,0.31676876,-281.87284,-49.386039,970.88462,0.010404414,0.013868612,0.0070957634,0.99982451,-401.66998,187.7581,1305.7809,0.015850372,0.0055817656,0.0075461782,0.99983032
1782290093.690260,913.9694,226.09925,1140.314,-0.64180495,0.62178059,-0.31802539,0.31675727,-281.85558,-49.383201,970.88581,0.010254515,0.013924391,0.0072948685,0.99982386,-401.66527,187.75517,1305.7944,0.015838687,0.0055060736,0.007489289,0.99983135
1782290093.700263,913.97035,226.10098,1140.3118,-0.64180882,0.62177963,-0.31802392,0.31675277,-281.85859,-49.392648,970.87383,0.010354527,0.013843942,0.007193181,0.99982468,-401.66259,187.75202,1305.7905,0.015873989,0.0055103176,0.0075240133,0.99983051
1782290093.710255,913.97035,226.10098,1140.3118,-0.64180882,0.62177963,-0.31802392,0.31675277,-281.85859,-49.392648,970.87383,0.010354527,0.013843942,0.007193181,0.99982468,-401.66259,187.75202,1305.7905,0.015873989,0.0055103176,0.0075240133,0.99983051
1782290093.720261,913.97035,226.10098,1140.3118,-0.64180882,0.62177963,-0.31802392,0.31675277,-281.85859,-49.392648,970.87383,0.010354527,0.013843942,0.007193181,0.99982468,-401.66259,187.75202,1305.7905,0.015873989,0.0055103176,0.0075240133,0.99983051
1782290093.730253,913.97035,226.10098,1140.3118,-0.64180882,0.62177963,-0.31802392,0.31675277,-281.85859,-49.392648,970.87383,0.010354527,0.013843942,0.007193181,0.99982468,-401.66259,187.75202,1305.7905,0.015873989,0.0055103176,0.0075240133,0.99983051
1782290093.740254,913.97035,226.10098,1140.3118,-0.64180882,0.62177963,-0.31802392,0.31675277,-281.85859,-49.392648,970.87383,0.010354527,0.013843942,0.007193181,0.99982468,-401.66259,187.75202,1305.7905,0.015873989,0.0055103176,0.0075240133,0.99983051
1782290093.750251,913.97035,226.10098,1140.3118,-0.64180882,0.62177963,-0.31802392,0.31675277,-281.85859,-49.392648,970.87383,0.010354527,0.013843942,0.007193181,0.99982468,-401.66259,187.75202,1305.7905,0.015873989,0.0055103176,0.0075240133,0.99983051
1782290093.760258,913.97035,226.10098,1140.3118,-0.64180882,0.62177963,-0.31802392,0.31675277,-281.85859,-49.392648,970.87383,0.010354527,0.013843942,0.007193181,0.99982468,-401.66259,187.75202,1305.7905,0.015873989,0.0055103176,0.0075240133,0.99983051
1782290093.770258,913.97303,226.10074,1140.3283,-0.64181406,0.62178284,-0.31801045,0.31674937,-281.85859,-49.392648,970.87383,0.010354527,0.013843942,0.007193181,0.99982468,-401.65973,187.75067,1305.7842,0.015859878,0.0055421893,0.0074673162,0.99983098
1782290093.780268,913.96773,226.10059,1140.31,-0.64180941,0.62177813,-0.31802228,0.31675616,-281.86476,-49.347781,970.88027,0.010306138,0.013899533,0.0067104137,0.99982776,-401.6661,187.74521,1305.7854,0.015916298,0.0055159122,0.0075060962,0.99982994
1782290093.790266,913.95158,226.09881,1140.3056,-0.64181221,0.62177486,-0.3180253,0.31675387,-281.87656,-49.385168,970.88289,0.010265271,0.01387049,0.0072291961,0.99982497,-401.66563,187.71484,1305.7752,0.015891214,0.0054521396,0.0075685552,0.99983022
1782290093.800260,913.94961,226.09751,1140.3085,-0.64181053,0.62176841,-0.31803742,0.31675777,-281.86968,-49.396049,970.87485,0.010360144,0.013880815,0.0070558169,0.99982509,-401.66581,187.71847,1305.7803,0.015882189,0.0054534758,0.0075442059,0.99983054
1782290093.810257,913.94961,226.09751,1140.3085,-0.64181053,0.62176841,-0.31803742,0.31675777,-281.86968,-49.396049,970.87485,0.010360144,0.013880815,0.0070558169,0.99982509,-401.66581,187.71847,1305.7803,0.015882189,0.0054534758,0.0075442059,0.99983054
1782290093.820260,913.94961,226.09751,1140.3085,-0.64181053,0.62176841,-0.31803742,0.31675777,-281.86968,-49.396049,970.87485,0.010360144,0.013880815,0.0070558169,0.99982509,-401.66581,187.71847,1305.7803,0.015882189,0.0054534758,0.0075442059,0.99983054
1782290093.830256,913.94961,226.09751,1140.3085,-0.64181053,0.62176841,-0.31803742,0.31675777,-281.86968,-49.396049,970.87485,0.010360144,0.013880815,0.0070558169,0.99982509,-401.66581,187.71847,1305.7803,0.015882189,0.0054534758,0.0075442059,0.99983054
1782290093.840261,913.94961,226.09751,1140.3085,-0.64181053,0.62176841,-0.31803742,0.31675777,-281.86968,-49.396049,970.87485,0.010360144,0.013880815,0.0070558169,0.99982509,-401.66581,187.71847,1305.7803,0.015882189,0.0054534758,0.0075442059,0.99983054
1782290093.850256,913.94961,226.09751,1140.3085,-0.64181053,0.62176841,-0.31803742,0.31675777,-281.86968,-49.396049,970.87485,0.010360144,0.013880815,0.0070558169,0.99982509,-401.66581,187.71847,1305.7803,0.015882189,0.0054534758,0.0075442059,0.99983054
1782290093.860263,913.94961,226.09751,1140.3085,-0.64181053,0.62176841,-0.31803742,0.31675777,-281.86968,-49.396049,970.87485,0.010360144,0.013880815,0.0070558169,0.99982509,-401.66581,187.71847,1305.7803,0.015882189,0.0054534758,0.0075442059,0.99983054
1782290093.870260,913.94961,226.09751,1140.3085,-0.64181053,0.62176841,-0.31803742,0.31675777,-281.86968,-49.396049,970.87485,0.010360144,0.013880815,0.0070558169,0.99982509,-401.66581,187.71847,1305.7803,0.015882189,0.0054534758,0.0075442059,0.99983054
1782290093.880263,913.95807,226.09666,1140.316,-0.64181173,0.62177366,-0.31802642,0.31675607,-281.88008,-49.38934,970.88552,0.010448597,0.01386728,0.0069878461,0.99982483,-401.66914,187.73554,1305.7816,0.015931209,0.0054517025,0.007528583,0.99982988
1782290093.890268,913.96701,226.11272,1140.3146,-0.64181459,0.62177462,-0.31802359,0.31675124,-281.85409,-49.379513,970.89094,0.010363302,0.013920156,0.0070002309,0.9998249,-401.66828,187.74803,1305.7847,0.015941847,0.0055547789,0.0075421728,0.99982904
1782290093.900262,913.96737,226.11439,1140.3044,-0.64180703,0.62177564,-0.31803588,0.31675223,-281.84927,-49.374115,970.88116,0.010228839,0.013957969,0.0072312714,0.99982411,-401.66771,187.74927,1305.7802,0.015915973,0.005452174,0.00758049,0.99982973
1782290093.910259,913.96594,226.11119,1140.3072,-0.64180488,0.62177611,-0.31803114,0.3167604,-281.83374,-49.369231,970.9003,0.010245956,0.014027345,0.0071195919,0.99982377,-401.6673,187.7531,1305.7864,0.015970037,0.0056430194,0.0075703177,0.99982789
1782290093.920256,913.96594,226.11119,1140.3072,-0.64180488,0.62177611,-0.31803114,0.3167604,-281.83374,-49.369231,970.9003,0.010245956,0.014027345,0.0071195919,0.99982377,-401.6673,187.7531,1305.7864,0.015970037,0.0056430194,0.0075703177,0.99982789
1782290093.930255,913.96594,226.11119,1140.3072,-0.64180488,0.62177611,-0.31803114,0.3167604,-281.83374,-49.369231,970.9003,0.010245956,0.014027345,0.0071195919,0.99982377,-401.6673,187.7531,1305.7864,0.015970037,0.0056430194,0.0075703177,0.99982789
1782290093.940255,913.96594,226.11119,1140.3072,-0.64180488,0.62177611,-0.31803114,0.3167604,-281.83374,-49.369231,970.9003,0.010245956,0.014027345,0.0071195919,0.99982377,-401.6673,187.7531,1305.7864,0.015970037,0.0056430194,0.0075703177,0.99982789
1782290093.950265,913.96594,226.11119,1140.3072,-0.64180488,0.62177611,-0.31803114,0.3167604,-281.83374,-49.369231,970.9003,0.010245956,0.014027345,0.0071195919,0.99982377,-401.6673,187.7531,1305.7864,0.015970037,0.0056430194,0.0075703177,0.99982789
1782290093.960257,913.96594,226.11119,1140.3072,-0.64180488,0.62177611,-0.31803114,0.3167604,-281.83374,-49.369231,970.9003,0.010245956,0.014027345,0.0071195919,0.99982377,-401.6673,187.7531,1305.7864,0.015970037,0.0056430194,0.0075703177,0.99982789
1782290093.970256,913.96594,226.11119,1140.3072,-0.64180488,0.62177611,-0.31803114,0.3167604,-281.83374,-49.369231,970.9003,0.010245956,0.014027345,0.0071195919,0.99982377,-401.6673,187.7531,1305.7864,0.015970037,0.0056430194,0.0075703177,0.99982789
1782290093.980264,913.95974,226.10813,1140.319,-0.64181406,0.62177289,-0.31802205,0.31675726,-281.845,-49.381033,970.89863,0.010274489,0.013973247,0.0073003858,0.99982293,-401.67969,187.74268,1305.7791,0.015906762,0.0057235777,0.0075878736,0.99982831
1782290093.990263,913.96379,226.09733,1140.3114,-0.64180916,0.62177992,-0.3180244,0.31675103,-281.87984,-49.404502,970.87169,0.010392828,0.013854915,0.0071338883,0.99982455,-401.66977,187.74886,1305.7775,0.01589789,0.0056543958,0.0075638068,0.99982902
1782290094.000263,913.96171,226.10043,1140.3122,-0.64180813,0.62177841,-0.31802963,0.31675082,-281.87859,-49.409356,970.86698,0.010425618,0.013806549,0.0070099517,0.99982576,-401.66217,187.72051,1305.7542,0.015820167,0.0056861798,0.0076133366,0.9998297
1782290094.010277,913.96016,226.09922,1140.3131,-0.64180995,0.62177945,-0.31802461,0.31675014,-281.88923,-49.363721,970.86591,0.010358703,0.013782216,0.006758873,0.99982852,-401.6704,187.71634,1305.7692,0.015889485,0.0057865913,0.0075954241,0.99982816
1782290094.020259,913.96016,226.09922,1140.3131,-0.64180995,0.62177945,-0.31802461,0.31675014,-281.88923,-49.363721,970.86591,0.010358703,0.013782216,0.006758873,0.99982852,-401.6704,187.71634,1305.7692,0.015889485,0.0057865913,0.0075954241,0.99982816
1782290094.030251,913.96016,226.09922,1140.3131,-0.64180995,0.62177945,-0.31802461,0.31675014,-281.88923,-49.363721,970.86591,0.010358703,0.013782216,0.006758873,0.99982852,-401.6704,187.71634,1305.7692,0.015889485,0.0057865913,0.0075954241,0.99982816
1782290094.040261,913.96016,226.09922,1140.3131,-0.64180995,0.62177945,-0.31802461,0.31675014,-281.88923,-49.363721,970.86591,0.010358703,0.013782216,0.006758873,0.99982852,-401.6704,187.71634,1305.7692,0.015889485,0.0057865913,0.0075954241,0.99982816
1782290094.050254,913.96016,226.09922,1140.3131,-0.64180995,0.62177945,-0.31802461,0.31675014,-281.88923,-49.363721,970.86591,0.010358703,0.013782216,0.006758873,0.99982852,-401.6704,187.71634,1305.7692,0.015889485,0.0057865913,0.0075954241,0.99982816
1782290094.060263,913.96016,226.09922,1140.3131,-0.64180995,0.62177945,-0.31802461,0.31675014,-281.88923,-49.363721,970.86591,0.010358703,0.013782216,0.006758873,0.99982852,-401.6704,187.71634,1305.7692,0.015889485,0.0057865913,0.0075954241,0.99982816
1782290094.070265,913.96016,226.09922,1140.3131,-0.64180995,0.62177945,-0.31802461,0.31675014,-281.88923,-49.363721,970.86591,0.010358703,0.013782216,0.006758873,0.99982852,-401.6704,187.71634,1305.7692,0.015889485,0.0057865913,0.0075954241,0.99982816
1782290094.080269,913.96588,226.1041,1140.3171,-0.64180772,0.62177609,-0.31802677,0.3167591,-281.88279,-49.39498,970.87312,0.010401395,0.013796391,0.0070275824,0.99982603,-401.66697,187.72954,1305.7786,0.015842808,0.0057333504,0.0076069972,0.99982912
1782290094.090258,913.96588,226.1041,1140.3171,-0.64180772,0.62177609,-0.31802677,0.3167591,-281.88279,-49.39498,970.87312,0.010401395,0.013796391,0.0070275824,0.99982603,-401.66697,187.72954,1305.7786,0.015842808,0.0057333504,0.0076069972,0.99982912
1782290094.100381,913.96958,226.11059,1140.3151,-0.64181398,0.62177848,-0.31801524,0.31675329,-281.88279,-49.39498,970.87312,0.010401395,0.013796391,0.0070275824,0.99982603,-401.67072,187.74596,1305.7834,0.015927439,0.0057943857,0.0075374904,0.99982795
1782290094.110268,913.96904,226.11883,1140.3093,-0.64181453,0.6217764,-0.31802508,0.31674638,-281.83299,-49.369268,970.89833,0.010313026,0.014033206,0.0071221684,0.99982298,-401.6619,187.75126,1305.7775,0.015935225,0.0056853352,0.0075905459,0.99982805
1782290094.120259,913.96922,226.11746,1140.2993,-0.64180708,0.62177813,-0.31803423,0.31674889,-281.86536,-49.398396,970.88045,0.010338075,0.013890293,0.0073767268,0.99982287,-401.67058,187.75226,1305.7837,0.015954643,0.0058782425,0.0075643396,0.99982682
1782290094.130263,913.96922,226.11746,1140.2993,-0.64180708,0.62177813,-0.31803423,0.31674889,-281.86536,-49.398396,970.88045,0.010338075,0.013890293,0.0073767268,0.99982287,-401.67058,187.75226,1305.7837,0.015954643,0.0058782425,0.0075643396,0.99982682
1782290094.140263,913.96922,226.11746,1140.2993,-0.64180708,0.62177813,-0.31803423,0.31674889,-281.86536,-49.398396,970.88045,0.010338075,0.013890293,0.0073767268,0.99982287,-401.67058,187.75226,1305.7837,0.015954643,0.0058782425,0.0075643396,0.99982682
1782290094.150261,913.96922,226.11746,1140.2993,-0.64180708,0.62177813,-0.31803423,0.31674889,-281.86536,-49.398396,970.88045,0.010338075,0.013890293,0.0073767268,0.99982287,-401.67058,187.75226,1305.7837,0.015954643,0.0058782425,0.0075643396,0.99982682
1782290094.160264,913.96922,226.11746,1140.2993,-0.64180708,0.62177813,-0.31803423,0.31674889,-281.86536,-49.398396,970.88045,0.010338075,0.013890293,0.0073767268,0.99982287,-401.67058,187.75226,1305.7837,0.015954643,0.0058782425,0.0075643396,0.99982682
1782290094.170264,913.96922,226.11746,1140.2993,-0.64180708,0.62177813,-0.31803423,0.31674889,-281.86536,-49.398396,970.88045,0.010338075,0.013890293,0.0073767268,0.99982287,-401.67058,187.75226,1305.7837,0.015954643,0.0058782425,0.0075643396,0.99982682
1782290094.180268,913.96147,226.11874,1140.3176,-0.64180321,0.6217754,-0.31803123,0.3167651,-281.86536,-49.398396,970.88045,0.010338075,0.013890293,0.0073767268,0.99982287,-401.66071,187.73566,1305.768,0.01592544,0.0057411075,0.0076308866,0.99982758
1782290094.190271,913.96511,226.09334,1140.2955,-0.6418091,0.62178015,-0.31802955,0.31674552,-281.83815,-49.376354,970.88736,0.01029386,0.013936095,0.0069998995,0.9998254,-401.66417,187.72541,1305.7759,0.015915948,0.0056770952,0.0077030722,0.99982754
1782290094.200262,913.95885,226.09749,1140.3027,-0.64180707,0.62177389,-0.31803753,0.31675392,-281.83785,-49.377106,970.88993,0.010266308,0.013971819,0.0070143986,0.99982508,-401.66217,187.72435,1305.7771,0.015955214,0.0058124379,0.0076215717,0.99982676
1782290094.210257,913.95885,226.09749,1140.3027,-0.64180707,0.62177389,-0.31803753,0.31675392,-281.83785,-49.377106,970.88993,0.010266308,0.013971819,0.0070143986,0.99982508,-401.66217,187.72435,1305.7771,0.015955214,0.0058124379,0.0076215717,0.99982676
1782290094.220264,913.95789,226.10907,1140.3204,-0.64181286,0.62177217,-0.3180297,0.31675342,-281.86044,-49.419634,970.89207,0.01041315,0.013917483,0.0073997025,0.99982154,-401.66166,187.71152,1305.7762,0.01597822,0.0057606517,0.0077166963,0.99982597
1782290094.230258,913.95789,226.10907,1140.3204,-0.64181286,0.62177217,-0.3180297,0.31675342,-281.86044,-49.419634,970.89207,0.01041315,0.013917483,0.0073997025,0.99982154,-401.66166,187.71152,1305.7762,0.01597822,0.0057606517,0.0077166963,0.99982597
1782290094.240257,913.95789,226.10907,1140.3204,-0.64181286,0.62177217,-0.3180297,0.31675342,-281.86044,-49.419634,970.89207,0.01041315,0.013917483,0.0073997025,0.99982154,-401.66166,187.71152,1305.7762,0.01597822,0.0057606517,0.0077166963,0.99982597
1782290094.250253,913.95789,226.10907,1140.3204,-0.64181286,0.62177217,-0.3180297,0.31675342,-281.86044,-49.419634,970.89207,0.01041315,0.013917483,0.0073997025,0.99982154,-401.66166,187.71152,1305.7762,0.01597822,0.0057606517,0.0077166963,0.99982597
1782290094.260266,913.95789,226.10907,1140.3204,-0.64181286,0.62177217,-0.3180297,0.31675342,-281.86044,-49.419634,970.89207,0.01041315,0.013917483,0.0073997025,0.99982154,-401.66166,187.71152,1305.7762,0.01597822,0.0057606517,0.0077166963,0.99982597
1782290094.270261,913.95789,226.10907,1140.3204,-0.64181286,0.62177217,-0.3180297,0.31675342,-281.86044,-49.419634,970.89207,0.01041315,0.013917483,0.0073997025,0.99982154,-401.66166,187.71152,1305.7762,0.01597822,0.0057606517,0.0077166963,0.99982597
1782290094.280259,913.95789,226.10907,1140.3204,-0.64181286,0.62177217,-0.3180297,0.31675342,-281.86044,-49.419634,970.89207,0.01041315,0.013917483,0.0073997025,0.99982154,-401.66166,187.71152,1305.7762,0.01597822,0.0057606517,0.0077166963,0.99982597
1782290094.290264,913.96689,226.11327,1140.3102,-0.64181143,0.62178003,-0.31802803,0.31674257,-281.85108,-49.378693,970.88289,0.010400208,0.013904088,0.0069385817,0.99982517,-401.66396,187.73961,1305.7882,0.01602596,0.0058688809,0.0076240267,0.99982528
1782290094.300397,913.95956,226.11375,1140.3208,-0.64179627,0.62177447,-0.3180395,0.31677269,-281.86828,-49.367979,970.87538,0.010349951,0.013872679,0.007036451,0.99982544,-401.64962,187.73822,1305.789,0.016025476,0.0057389062,0.0076103864,0.99982615
1782290094.310267,913.96421,226.10129,1140.3103,-0.64180707,0.62177842,-0.31803584,0.31674671,-281.88097,-49.405411,970.8817,0.010468,0.013816223,0.0072016712,0.99982382,-401.65275,187.73365,1305.792,0.016015114,0.0057910192,0.0076256115,0.9998259
1782290094.320257,913.96421,226.10129,1140.3103,-0.64180707,0.62177842,-0.31803584,0.31674671,-281.88097,-49.405411,970.8817,0.010468,0.013816223,0.0072016712,0.99982382,-401.65275,187.73365,1305.792,0.016015114,0.0057910192,0.0076256115,0.9998259
1782290094.330254,913.96421,226.10129,1140.3103,-0.64180707,0.62177842,-0.31803584,0.31674671,-281.88097,-49.405411,970.8817,0.010468,0.013816223,0.0072016712,0.99982382,-401.65275,187.73365,1305.792,0.016015114,0.0057910192,0.0076256115,0.9998259
1782290094.340255,913.96421,226.10129,1140.3103,-0.64180707,0.62177842,-0.31803584,0.31674671,-281.88097,-49.405411,970.8817,0.010468,0.013816223,0.0072016712,0.99982382,-401.65275,187.73365,1305.792,0.016015114,0.0057910192,0.0076256115,0.9998259
1782290094.350253,913.96421,226.10129,1140.3103,-0.64180707,0.62177842,-0.31803584,0.31674671,-281.88097,-49.405411,970.8817,0.010468,0.013816223,0.0072016712,0.99982382,-401.65275,187.73365,1305.792,0.016015114,0.0057910192,0.0076256115,0.9998259
1782290094.360256,913.96421,226.10129,1140.3103,-0.64180707,0.62177842,-0.31803584,0.31674671,-281.88097,-49.405411,970.8817,0.010468,0.013816223,0.0072016712,0.99982382,-401.65275,187.73365,1305.792,0.016015114,0.0057910192,0.0076256115,0.9998259
1782290094.370252,913.96421,226.10129,1140.3103,-0.64180707,0.62177842,-0.31803584,0.31674671,-281.88097,-49.405411,970.8817,0.010468,0.013816223,0.0072016712,0.99982382,-401.65275,187.73365,1305.792,0.016015114,0.0057910192,0.0076256115,0.9998259
1782290094.380255,913.96421,226.10129,1140.3103,-0.64180707,0.62177842,-0.31803584,0.31674671,-281.88097,-49.405411,970.8817,0.010468,0.013816223,0.0072016712,0.99982382,-401.65275,187.73365,1305.792,0.016015114,0.0057910192,0.0076256115,0.9998259
1782290094.390484,913.95545,226.10478,1140.3351,-0.64179772,0.62177294,-0.31803703,0.31677523,-281.85758,-49.398322,970.8842,0.010393536,0.013864833,0.0071283676,0.99982445,-401.66464,187.7383,1305.7945,0.016049404,0.00588519,0.0076657648,0.99982449
1782290094.400261,913.95605,226.10448,1140.3184,-0.6418137,0.62177045,-0.31802884,0.31675595,-281.84816,-49.35557,970.89463,0.010298077,0.013986152,0.0067780539,0.99982618,-401.6597,187.71212,1305.7781,0.016041851,0.005723022,0.0077287267,0.99982507
1782290094.410260,913.96075,226.09265,1140.3074,-0.64181581,0.62177297,-0.31802387,0.31675173,-281.86759,-49.369514,970.89219,0.010367074,0.013876901,0.0068508047,0.9998265,-401.67743,187.72107,1305.7814,0.016031875,0.0058009952,0.0077148206,0.99982489
1782290094.420254,913.96075,226.09265,1140.3074,-0.64181581,0.62177297,-0.31802387,0.31675173,-281.86759,-49.369514,970.89219,0.010367074,0.013876901,0.0068508047,0.9998265,-401.67743,187.72107,1305.7814,0.016031875,0.0058009952,0.0077148206,0.99982489
