# Blender v2.83.4 OBJ File: 'Lezachiq.blend'
# www.blender.org
mtllib Lezachiq.mtl
o Cylinder
v 0.000000 0.161235 1.804420
v 0.062378 0.158137 1.804420
v 0.122240 0.148962 1.804420
v 0.177333 0.134062 1.804420
v 0.225600 0.114010 1.804420
v 0.265217 0.089577 1.804420
v 0.294666 0.061702 1.804420
v 0.312807 0.031455 1.804420
v 0.318935 -0.000000 1.804420
v -0.313193 0.031455 1.804420
v -0.295049 0.061702 1.804420
v -0.265594 0.089577 1.804420
v -0.225956 0.114010 1.804420
v -0.177627 0.134062 1.804420
v -0.122388 0.148962 1.804420
v -0.062393 0.158137 1.804420
v -0.319058 0.001346 1.804420
v -0.000180 0.155838 -1.403438
v 0.000745 0.161235 -1.002456
v -0.000242 0.161235 -0.601473
v -0.000616 0.161235 -0.200491
v 0.001274 0.157037 0.200491
v -0.000009 0.158526 0.601473
v 0.001101 0.161235 1.002456
v 0.000675 0.161235 1.403438
v 0.061461 0.158137 1.403438
v 0.062165 0.158137 1.002456
v 0.061474 0.156024 0.601473
v 0.062712 0.154751 0.200491
v 0.061109 0.158137 -0.200491
v 0.061466 0.158137 -0.601473
v 0.061746 0.158137 -1.002456
v 0.061822 0.152740 -1.403438
v 0.120340 0.148962 1.403438
v 0.121314 0.148962 1.002456
v 0.120819 0.147629 0.601473
v 0.122240 0.146650 0.200491
v 0.120339 0.148962 -0.200491
v 0.120819 0.148962 -0.601473
v 0.120819 0.148962 -1.002456
v 0.121314 0.143951 -1.403438
v 0.174884 0.134062 1.403438
v 0.176095 0.134062 1.002456
v 0.175478 0.133447 0.601473
v 0.177333 0.132789 0.200491
v 0.174884 0.134062 -0.200491
v 0.175478 0.134062 -0.601473
v 0.175478 0.134062 -1.002456
v 0.176095 0.130038 -1.403438
v 0.222706 0.114010 1.403438
v 0.224118 0.114010 1.002456
v 0.223400 0.113864 0.601473
v 0.225600 0.113509 0.200491
v 0.222706 0.114010 -0.200491
v 0.223400 0.114010 -0.601473
v 0.223400 0.114010 -1.002456
v 0.224118 0.111203 -1.403438
v 0.261989 0.089577 1.403438
v 0.263561 0.089577 1.002456
v 0.262767 0.089577 0.601473
v 0.265217 0.089488 0.200491
v 0.261989 0.089577 -0.200491
v 0.262767 0.089577 -0.601473
v 0.262767 0.089577 -1.002456
v 0.263561 0.087883 -1.403438
v 0.291213 0.061702 1.403438
v 0.292900 0.061702 1.002456
v 0.292054 0.061702 0.601473
v 0.294666 0.061702 0.200491
v 0.291213 0.061702 -0.200491
v 0.292054 0.061702 -0.601473
v 0.292054 0.061702 -1.002456
v 0.292900 0.060828 -1.403438
v 0.309226 0.031455 1.403438
v 0.310983 0.031455 1.002456
v 0.310108 0.031455 0.601473
v 0.312807 0.031455 0.200491
v 0.309226 0.031455 -0.200491
v 0.310108 0.031455 -0.601473
v 0.310108 0.031455 -1.002456
v 0.310983 0.031077 -1.403438
v 0.315310 -0.000000 1.403438
v 0.317092 -0.000000 1.002456
v 0.316208 -0.000000 0.601473
v 0.318935 0.000000 0.200491
v 0.315310 0.000000 -0.200491
v 0.316208 0.000000 -0.601473
v 0.316208 0.000000 -1.002456
v 0.317092 -0.000137 -1.403438
v -0.319788 0.000150 -1.403438
v -0.312359 0.000299 -1.002456
v -0.316114 0.000449 -0.601473
v -0.319204 0.000598 -0.200491
v -0.310431 0.000331 0.200491
v -0.314055 0.000816 0.601473
v -0.310373 0.001047 1.002456
v -0.310343 0.001196 1.403438
v -0.304548 0.031455 1.403438
v -0.304549 0.031455 1.002456
v -0.308155 0.031244 0.601473
v -0.304551 0.030773 0.200491
v -0.313193 0.031456 -0.200491
v -0.310057 0.031456 -0.601473
v -0.306273 0.031456 -1.002456
v -0.313672 0.031456 -1.403438
v -0.286722 0.061702 1.403438
v -0.286724 0.061702 1.002456
v -0.290189 0.061221 0.601473
v -0.286729 0.060565 0.200491
v -0.295050 0.061702 -0.200491
v -0.291925 0.061702 -0.601473
v -0.288186 0.061702 -1.002456
v -0.295472 0.061652 -1.403438
v -0.257838 0.089577 1.403438
v -0.257841 0.089577 1.002456
v -0.261073 0.088652 0.601473
v -0.257847 0.087777 0.200491
v -0.265595 0.089577 -0.200491
v -0.262603 0.089578 -0.601473
v -0.259017 0.089578 -1.002456
v -0.265918 0.089147 -1.403438
v -0.219066 0.114010 1.403438
v -0.219069 0.114010 1.002456
v -0.221975 0.112486 0.601473
v -0.219076 0.111374 0.200491
v -0.225957 0.114010 -0.200491
v -0.223265 0.114010 -0.601473
v -0.219965 0.114010 -1.002456
v -0.226144 0.112743 -1.403438
v -0.171917 0.134062 1.403438
v -0.171920 0.134062 1.002456
v -0.174413 0.131884 0.601473
v -0.171927 0.130546 0.200491
v -0.177627 0.134062 -0.200491
v -0.175441 0.134062 -0.601473
v -0.172565 0.134062 -1.002456
v -0.177680 0.131559 -1.403438
v -0.118159 0.148962 1.403438
v -0.118162 0.148962 1.002456
v -0.120170 0.146252 0.601473
v -0.118169 0.144742 0.200491
v -0.122388 0.148962 -0.200491
v -0.120927 0.148962 -0.601473
v -0.118597 0.148962 -1.002456
v -0.122388 0.145086 -1.403438
v -0.059894 0.158137 1.403438
v -0.059742 0.158137 1.002456
v -0.061269 0.155212 0.601473
v -0.059745 0.153639 0.200491
v -0.062553 0.158137 -0.200491
v -0.061757 0.158137 -0.601473
v -0.060070 0.158137 -1.002456
v -0.062396 0.153163 -1.403438
v -0.000007 0.161235 1.603929
v -0.313982 0.001271 1.603929
v 0.061474 0.158137 1.603929
v 0.120819 0.148962 1.603929
v 0.175478 0.134062 1.603929
v 0.223400 0.114010 1.603929
v 0.262767 0.089577 1.603929
v 0.292054 0.061702 1.603929
v 0.310108 0.031455 1.603929
v 0.316208 -0.000000 1.603929
v -0.308154 0.031455 1.603929
v -0.290187 0.061702 1.603929
v -0.261070 0.089577 1.603929
v -0.221971 0.114010 1.603929
v -0.174410 0.134062 1.603929
v -0.120167 0.148962 1.603929
v -0.061266 0.158137 1.603929
v 0.000630 0.161235 1.202947
v 0.061954 0.158137 1.202947
v 0.121314 0.148962 1.202947
v 0.176095 0.134062 1.202947
v 0.224118 0.114010 1.202947
v 0.263561 0.089577 1.202947
v 0.292900 0.061702 1.202947
v 0.310983 0.031455 1.202947
v 0.317092 -0.000000 1.202947
v -0.312199 0.001122 1.202947
v -0.306359 0.031455 1.202947
v -0.288450 0.061702 1.202947
v -0.259437 0.089577 1.202947
v -0.220494 0.114010 1.202947
v -0.173140 0.134062 1.202947
v -0.119148 0.148962 1.202947
v -0.060476 0.158137 1.202947
v 0.000672 0.161235 0.801965
v 0.061459 0.158137 0.801965
v 0.120340 0.148962 0.801965
v 0.174884 0.134062 0.801965
v 0.222706 0.114010 0.801965
v 0.261989 0.089577 0.801965
v 0.291213 0.061702 0.801965
v 0.309226 0.031455 0.801965
v 0.315310 -0.000000 0.801965
v -0.310387 0.000972 0.801965
v -0.304549 0.031456 0.801965
v -0.286726 0.061702 0.801965
v -0.257843 0.089577 0.801965
v -0.219071 0.114010 0.801965
v -0.171922 0.134062 0.801965
v -0.118164 0.148962 0.801965
v -0.059898 0.158137 0.801965
v 0.000803 0.155435 0.400982
v 0.062504 0.153410 0.400982
v 0.122240 0.145613 0.400982
v 0.177333 0.132049 0.400982
v 0.225600 0.113044 0.400982
v 0.265217 0.089260 0.400982
v 0.294666 0.061664 0.400982
v 0.312807 0.031455 0.400982
v 0.318935 -0.000000 0.400982
v -0.312257 -0.000013 0.400982
v -0.306361 0.030246 0.400982
v -0.288455 0.059881 0.400982
v -0.259444 0.086893 0.400982
v -0.220502 0.110255 0.400982
v -0.173148 0.129174 0.400982
v -0.119156 0.143137 0.400982
v -0.060479 0.151914 0.400982
v -0.000011 0.160990 0.000000
v 0.061474 0.158030 -0.000000
v 0.120819 0.148958 -0.000000
v 0.175478 0.134062 -0.000000
v 0.223400 0.114010 -0.000000
v 0.262767 0.089577 -0.000000
v 0.292054 0.061702 -0.000000
v 0.310108 0.031455 -0.000000
v 0.316208 0.000000 -0.000000
v -0.314099 0.000673 0.000000
v -0.308156 0.031456 -0.000000
v -0.290191 0.061702 -0.000000
v -0.261076 0.089577 -0.000000
v -0.221978 0.113994 -0.000000
v -0.174417 0.133944 -0.000000
v -0.120174 0.148718 -0.000000
v -0.061272 0.157835 -0.000000
v -0.000616 0.161235 -0.400982
v 0.061109 0.158137 -0.400982
v 0.120339 0.148962 -0.400982
v 0.174884 0.134062 -0.400982
v 0.222706 0.114010 -0.400982
v 0.261989 0.089577 -0.400982
v 0.291213 0.061702 -0.400982
v 0.309226 0.031455 -0.400982
v 0.315310 0.000000 -0.400982
v -0.319715 0.000524 -0.400982
v -0.313672 0.031456 -0.400982
v -0.295472 0.061702 -0.400982
v -0.265918 0.089577 -0.400982
v -0.226144 0.114010 -0.400982
v -0.177680 0.134062 -0.400982
v -0.122388 0.148962 -0.400982
v -0.062553 0.158137 -0.400982
v 0.001532 0.161235 -0.801965
v 0.062853 0.158137 -0.801965
v 0.122253 0.148962 -0.801965
v 0.177333 0.134062 -0.801965
v 0.225600 0.114010 -0.801965
v 0.265217 0.089577 -0.801965
v 0.294666 0.061702 -0.801965
v 0.312807 0.031455 -0.801965
v 0.318935 0.000000 -0.801965
v -0.311019 0.000374 -0.801965
v -0.304946 0.031456 -0.801965
v -0.286881 0.061702 -0.801965
v -0.257782 0.089578 -0.801965
v -0.218843 0.114010 -0.801965
v -0.171590 0.134062 -0.801965
v -0.117797 0.148962 -0.801965
v -0.059404 0.158137 -0.801965
v -0.000616 0.161235 -1.202947
v 0.061109 0.158137 -1.202947
v 0.120339 0.148962 -1.202947
v 0.174884 0.134062 -1.202947
v 0.222706 0.114010 -1.202947
v 0.261989 0.089577 -1.202947
v 0.291213 0.061702 -1.202947
v 0.309226 0.031455 -1.202947
v 0.315310 0.000000 -1.202947
v -0.317964 0.000225 -1.202947
v -0.311862 0.031456 -1.202947
v -0.293708 0.061702 -1.202947
v -0.264307 0.089578 -1.202947
v -0.224816 0.114010 -1.202947
v -0.176755 0.134062 -1.202947
v -0.121915 0.148962 -1.202947
v -0.062445 0.158137 -1.202947
v 0.062393 0.146653 -1.603929
v 0.122389 0.138242 -1.603929
v 0.177656 0.125137 -1.603929
v 0.226054 0.107234 -1.603929
v 0.265762 0.084807 -1.603929
v 0.295267 0.058525 -1.603929
v 0.313439 0.029387 -1.603929
v 0.319575 -0.001387 -1.603929
v -0.313672 0.031003 -1.603929
v -0.295472 0.060602 -1.603929
v -0.265918 0.087301 -1.603929
v -0.226144 0.109955 -1.603929
v -0.177680 0.127739 -1.603929
v -0.122388 0.140239 -1.603929
v -0.062393 0.147460 -1.603929
v 0.000000 0.149751 -1.603929
v -0.319802 -0.000091 -1.603929
v 0.119202 0.148010 1.603929
v 0.118725 0.148010 1.403438
v 0.119695 0.148010 1.202947
v 0.119696 0.148010 1.002456
v 0.118725 0.148010 0.801965
v 0.119202 0.146656 0.601473
v 0.120616 0.144623 0.400982
v 0.120617 0.145668 0.200491
v 0.119202 0.148005 -0.000000
v 0.118723 0.148010 -0.200491
v 0.118723 0.148010 -0.400982
v 0.119202 0.148010 -0.601473
v 0.120634 0.148010 -0.801965
v 0.119202 0.148010 -1.002456
v 0.118723 0.148010 -1.202947
v 0.119695 0.142981 -1.403438
v 0.173858 0.133110 1.603929
v 0.173265 0.133110 1.403438
v 0.174474 0.133110 1.202947
v 0.174474 0.133110 1.002456
v 0.173265 0.133110 0.801965
v 0.173858 0.132478 0.601473
v 0.175709 0.131062 0.400982
v 0.175709 0.131810 0.200491
v 0.173858 0.133110 -0.000000
v 0.173265 0.133110 -0.200491
v 0.173265 0.133110 -0.400982
v 0.173858 0.133110 -0.601473
v 0.175709 0.133110 -0.801965
v 0.173858 0.133110 -1.002456
v 0.173265 0.133110 -1.202947
v 0.174474 0.129056 -1.403438
v 0.221777 0.113058 1.603929
v 0.221083 0.113058 1.403438
v 0.222495 0.113058 1.202947
v 0.222495 0.113058 1.002456
v 0.221083 0.113058 0.801965
v 0.221777 0.112902 0.601473
v 0.223975 0.112065 0.400982
v 0.223975 0.112539 0.200491
v 0.221777 0.113058 -0.000000
v 0.221083 0.113058 -0.200491
v 0.221083 0.113058 -0.400982
v 0.221777 0.113058 -0.601473
v 0.223975 0.113058 -0.801965
v 0.221777 0.113058 -1.002456
v 0.221083 0.113058 -1.202947
v 0.222495 0.110218 -1.403438
v 0.261140 0.088625 1.603929
v 0.260363 0.088625 1.403438
v 0.261935 0.088625 1.202947
v 0.261935 0.088625 1.002456
v 0.260363 0.088625 0.801965
v 0.261140 0.088625 0.601473
v 0.263590 0.088292 0.400982
v 0.263590 0.088527 0.200491
v 0.261140 0.088625 -0.000000
v 0.260363 0.088625 -0.200491
v 0.260363 0.088625 -0.400982
v 0.261140 0.088625 -0.601473
v 0.263590 0.088625 -0.801965
v 0.261140 0.088625 -1.002456
v 0.260363 0.088625 -1.202947
v 0.261935 0.086902 -1.403438
v -0.258617 0.087967 1.603929
v -0.255385 0.087967 1.403438
v -0.256984 0.087967 1.202947
v -0.255388 0.087967 1.002456
v -0.255389 0.087967 0.801965
v -0.258620 0.087018 0.601473
v -0.256990 0.085239 0.400982
v -0.255393 0.086133 0.200491
v -0.258622 0.087967 -0.000000
v -0.263143 0.087967 -0.200491
v -0.263465 0.087967 -0.400982
v -0.260153 0.087967 -0.601473
v -0.255335 0.087967 -0.801965
v -0.256570 0.087967 -1.002456
v -0.261856 0.087967 -1.202947
v -0.263465 0.087507 -1.403438
v -0.219525 0.112400 1.603929
v -0.216622 0.112400 1.403438
v -0.218049 0.112400 1.202947
v -0.216625 0.112400 1.002456
v -0.216627 0.112400 0.801965
v -0.219528 0.110849 0.601473
v -0.218057 0.108599 0.400982
v -0.216632 0.109728 0.200491
v -0.219532 0.112381 -0.000000
v -0.223506 0.112400 -0.200491
v -0.223692 0.112400 -0.400982
v -0.220820 0.112400 -0.601473
v -0.216406 0.112400 -0.801965
v -0.217526 0.112400 -1.002456
v -0.222369 0.112400 -1.202947
v -0.223692 0.111086 -1.403438
v -0.171971 0.132451 1.603929
v -0.169485 0.132451 1.403438
v -0.170705 0.132451 1.202947
v -0.169488 0.132451 1.002456
v -0.169490 0.132451 0.801965
v -0.171975 0.130250 0.601473
v -0.170713 0.127523 0.400982
v -0.169495 0.128904 0.200491
v -0.171978 0.132329 -0.000000
v -0.175176 0.132451 -0.200491
v -0.175228 0.132451 -0.400982
v -0.173003 0.132451 -0.601473
v -0.169165 0.132451 -0.801965
v -0.170135 0.132451 -1.002456
v -0.174311 0.132451 -1.202947
v -0.175228 0.129893 -1.403438
v -0.117735 0.147351 1.603929
v -0.115737 0.147351 1.403438
v -0.116721 0.147351 1.202947
v -0.115740 0.147351 1.002456
v -0.115742 0.147351 0.801965
v -0.117738 0.144627 0.601473
v -0.116729 0.141500 0.400982
v -0.115746 0.143112 0.200491
v -0.117741 0.147104 -0.000000
v -0.119936 0.147351 -0.200491
v -0.119936 0.147351 -0.400982
v -0.118492 0.147351 -0.601473
v -0.115381 0.147351 -0.801965
v -0.116176 0.147351 -1.002456
v -0.119473 0.147351 -1.202947
v -0.119936 0.143425 -1.403438
v 0.000734 0.161235 0.868795
v 0.000897 0.161235 0.935625
v -0.310382 0.000997 0.868795
v -0.310377 0.001022 0.935625
v 0.061812 0.158137 0.935625
v 0.061554 0.158137 0.868795
v 0.120820 0.148962 0.935625
v 0.120467 0.148962 0.868795
v 0.175478 0.134062 0.935625
v 0.175042 0.134062 0.868795
v 0.223400 0.114010 0.935625
v 0.222891 0.114010 0.868795
v 0.262767 0.089577 0.935625
v 0.262198 0.089577 0.868795
v 0.292054 0.061702 0.935625
v 0.291442 0.061702 0.868795
v 0.310108 0.031455 0.935625
v 0.309470 0.031455 0.868795
v 0.316208 -0.000000 0.935625
v 0.315561 -0.000000 0.868795
v -0.304549 0.031455 0.935625
v -0.304549 0.031455 0.868795
v -0.286725 0.061702 0.935625
v -0.286725 0.061702 0.868795
v -0.257842 0.089577 0.935625
v -0.257842 0.089577 0.868795
v -0.219069 0.114010 0.935625
v -0.219070 0.114010 0.868795
v -0.171921 0.134062 0.935625
v -0.171921 0.134062 0.868795
v -0.118163 0.148962 0.935625
v -0.118163 0.148962 0.868795
v -0.059799 0.158137 0.935625
v -0.059868 0.158137 0.868795
v 0.000769 0.161235 1.269777
v 0.000736 0.161235 1.336608
v -0.310868 0.001147 1.269777
v -0.310348 0.001171 1.336608
v 0.061555 0.158137 1.336608
v 0.061750 0.158137 1.269777
v 0.120467 0.148962 1.336608
v 0.120819 0.148962 1.269777
v 0.175042 0.134062 1.336608
v 0.175478 0.134062 1.269777
v 0.222891 0.114010 1.336608
v 0.223400 0.114010 1.269777
v 0.262198 0.089577 1.336608
v 0.262767 0.089577 1.269777
v 0.291442 0.061702 1.336608
v 0.292054 0.061702 1.269777
v 0.309470 0.031455 1.336608
v 0.310108 0.031455 1.269777
v 0.315561 -0.000000 1.336608
v 0.316208 -0.000000 1.269777
v -0.304548 0.031455 1.336608
v -0.305049 0.031455 1.269777
v -0.286723 0.061702 1.336608
v -0.287194 0.061702 1.269777
v -0.257839 0.089577 1.336608
v -0.258269 0.089577 1.269777
v -0.219066 0.114010 1.336608
v -0.219447 0.114010 1.269777
v -0.171917 0.134062 1.336608
v -0.172242 0.134062 1.269777
v -0.118159 0.148962 1.336608
v -0.118422 0.148962 1.269777
v -0.059865 0.158137 1.336608
v -0.059993 0.158137 1.269777
v -0.000129 0.161235 1.670759
v -0.000023 0.161235 1.737590
v -0.315949 0.001296 1.670759
v -0.317750 0.001321 1.737590
v 0.062168 0.158137 1.737590
v 0.061822 0.158137 1.670759
v 0.121833 0.148962 1.737590
v 0.121314 0.148962 1.670759
v 0.176762 0.134062 1.737590
v 0.176095 0.134062 1.670759
v 0.224903 0.114010 1.737590
v 0.224118 0.114010 1.670759
v 0.264430 0.089577 1.737590
v 0.263561 0.089577 1.670759
v 0.293824 0.061702 1.737590
v 0.292900 0.061702 1.670759
v 0.311936 0.031455 1.737590
v 0.310983 0.031455 1.670759
v 0.318054 -0.000000 1.737590
v 0.317092 -0.000000 1.670759
v -0.311897 0.031455 1.737590
v -0.310108 0.031455 1.670759
v -0.293813 0.061702 1.737590
v -0.292083 0.061702 1.670759
v -0.264472 0.089577 1.737590
v -0.262856 0.089577 1.670759
v -0.225019 0.114010 1.737590
v -0.223584 0.114010 1.670759
v -0.176960 0.134062 1.737590
v -0.175783 0.134062 1.670759
v -0.122077 0.148962 1.737590
v -0.121237 0.148962 1.670759
v -0.062359 0.158137 1.737590
v -0.061926 0.158137 1.670759
v 0.000350 0.155879 0.467813
v -0.000129 0.157029 0.534643
v -0.314064 0.000159 0.467813
v -0.316032 0.000504 0.534643
v 0.061822 0.154745 0.534643
v 0.062175 0.153773 0.467813
v 0.121314 0.146643 0.534643
v 0.121833 0.145890 0.467813
v 0.176095 0.132776 0.534643
v 0.176762 0.132243 0.467813
v 0.224118 0.113497 0.534643
v 0.224903 0.113166 0.467813
v 0.263561 0.089481 0.534643
v 0.264430 0.089324 0.467813
v 0.292900 0.061702 0.534643
v 0.293824 0.061683 0.467813
v 0.310983 0.031455 0.534643
v 0.311936 0.031455 0.467813
v 0.317092 -0.000000 0.534643
v 0.318054 -0.000000 0.467813
v -0.310109 0.030836 0.534643
v -0.308155 0.030427 0.467813
v -0.292085 0.060639 0.534643
v -0.290191 0.060108 0.467813
v -0.262858 0.087856 0.534643
v -0.261076 0.087175 0.467813
v -0.223587 0.111446 0.534643
v -0.221978 0.110597 0.467813
v -0.175786 0.130598 0.534643
v -0.174417 0.129578 0.467813
v -0.121239 0.144766 0.534643
v -0.120173 0.143599 0.467813
v -0.061927 0.153640 0.534643
v -0.061212 0.152411 0.467813
v 0.000626 0.159976 0.066830
v 0.001122 0.158530 0.133661
v -0.312282 0.000698 0.066830
v -0.310950 0.000631 0.133661
v 0.062443 0.156029 0.133661
v 0.061952 0.157247 0.066830
v 0.121833 0.147636 0.133661
v 0.121314 0.148525 0.066830
v 0.176762 0.133456 0.133661
v 0.176095 0.133967 0.066830
v 0.224903 0.113870 0.133661
v 0.224118 0.114010 0.066830
v 0.264430 0.089577 0.133661
v 0.263561 0.089577 0.066830
v 0.293824 0.061702 0.133661
v 0.292900 0.061702 0.066830
v 0.311936 0.031455 0.133661
v 0.310983 0.031455 0.066830
v 0.318054 0.000000 0.133661
v 0.317092 0.000000 0.066830
v -0.305052 0.031226 0.133661
v -0.306361 0.031455 0.066830
v -0.287200 0.061196 0.133661
v -0.288455 0.061649 0.066830
v -0.258277 0.088625 0.133661
v -0.259444 0.089343 0.066830
v -0.219457 0.112460 0.133661
v -0.220502 0.113461 0.066830
v -0.172252 0.131866 0.133661
v -0.173149 0.133128 0.066830
v -0.118431 0.146244 0.133661
v -0.119156 0.147700 0.066830
v -0.059942 0.155212 0.133661
v -0.060482 0.156740 0.066830
v -0.000554 0.161235 -0.334152
v -0.000554 0.161235 -0.267321
v -0.319710 0.000548 -0.334152
v -0.319705 0.000573 -0.267321
v 0.061204 0.158137 -0.267322
v 0.061204 0.158137 -0.334152
v 0.120467 0.148962 -0.267322
v 0.120467 0.148962 -0.334152
v 0.175042 0.134062 -0.267322
v 0.175042 0.134062 -0.334152
v 0.222891 0.114010 -0.267322
v 0.222891 0.114010 -0.334152
v 0.262198 0.089577 -0.267322
v 0.262198 0.089577 -0.334152
v 0.291442 0.061702 -0.267322
v 0.291442 0.061702 -0.334152
v 0.309470 0.031455 -0.267322
v 0.309470 0.031455 -0.334152
v 0.315561 0.000000 -0.267322
v 0.315561 0.000000 -0.334152
v -0.313672 0.031456 -0.267322
v -0.313672 0.031456 -0.334152
v -0.295472 0.061702 -0.267322
v -0.295472 0.061702 -0.334152
v -0.265918 0.089577 -0.267322
v -0.265918 0.089577 -0.334152
v -0.226144 0.114010 -0.267322
v -0.226144 0.114010 -0.334152
v -0.177680 0.134062 -0.267322
v -0.177680 0.134062 -0.334152
v -0.122388 0.148962 -0.267322
v -0.122388 0.148962 -0.334152
v -0.062523 0.158137 -0.267322
v -0.062523 0.158137 -0.334152
v 0.001103 0.161235 -0.735134
v 0.000419 0.161235 -0.668304
v -0.312340 0.000399 -0.735134
v -0.314147 0.000424 -0.668304
v 0.061884 0.158137 -0.668304
v 0.062441 0.158137 -0.735134
v 0.121314 0.148962 -0.668304
v 0.121833 0.148962 -0.735134
v 0.176095 0.134062 -0.668304
v 0.176762 0.134062 -0.735134
v 0.224118 0.114010 -0.668304
v 0.224903 0.114010 -0.735134
v 0.263561 0.089577 -0.668304
v 0.264430 0.089577 -0.735134
v 0.292900 0.061702 -0.668304
v 0.293824 0.061702 -0.735134
v 0.310983 0.031455 -0.668304
v 0.311936 0.031455 -0.735134
v 0.317092 0.000000 -0.668304
v 0.318054 0.000000 -0.735134
v -0.308085 0.031456 -0.668304
v -0.306273 0.031456 -0.735134
v -0.289975 0.061702 -0.668304
v -0.288186 0.061702 -0.735134
v -0.260731 0.089578 -0.668304
v -0.259017 0.089578 -0.735134
v -0.221541 0.114010 -0.668304
v -0.219965 0.114010 -0.735134
v -0.173942 0.134062 -0.668304
v -0.172565 0.134062 -0.735134
v -0.119724 0.148962 -0.668304
v -0.118597 0.148962 -0.735134
v -0.060854 0.158137 -0.668304
v -0.060011 0.158137 -0.735134
v -0.000469 0.161235 -1.136116
v 0.000050 0.161235 -1.069286
v -0.316153 0.000249 -1.136116
v -0.314176 0.000274 -1.069286
v 0.061269 0.158137 -1.069286
v 0.061109 0.158137 -1.136116
v 0.120467 0.148962 -1.069286
v 0.120339 0.148962 -1.136116
v 0.175042 0.134062 -1.069286
v 0.174884 0.134062 -1.136116
v 0.222891 0.114010 -1.069286
v 0.222706 0.114010 -1.136116
v 0.262198 0.089577 -1.069286
v 0.261989 0.089577 -1.136116
v 0.291442 0.061702 -1.069286
v 0.291213 0.061702 -1.136116
v 0.309470 0.031455 -1.069286
v 0.309226 0.031455 -1.136116
v 0.315561 0.000000 -1.069286
v 0.315310 0.000000 -1.136116
v -0.308085 0.031456 -1.069286
v -0.310057 0.031456 -1.136116
v -0.289975 0.061702 -1.069286
v -0.291925 0.061702 -1.136116
v -0.260731 0.089578 -1.069286
v -0.262603 0.089578 -1.136116
v -0.221541 0.114010 -1.069286
v -0.223265 0.114010 -1.136116
v -0.173942 0.134062 -1.069286
v -0.175441 0.134062 -1.136116
v -0.119724 0.148962 -1.069286
v -0.120927 0.148962 -1.136116
v -0.060979 0.158137 -1.069286
v -0.061857 0.158137 -1.136116
v 0.000000 0.150667 -1.537099
v -0.000023 0.152935 -1.470268
v -0.319797 -0.000001 -1.537099
v -0.319793 0.000122 -1.470268
v 0.062168 0.149837 -1.470268
v 0.062378 0.147569 -1.537099
v 0.121833 0.141195 -1.470268
v 0.122240 0.139069 -1.537099
v 0.176762 0.127642 -1.470268
v 0.177333 0.125821 -1.537099
v 0.224903 0.109257 -1.470268
v 0.225600 0.107779 -1.537099
v 0.264430 0.086389 -1.470268
v 0.265217 0.085231 -1.537099
v 0.293824 0.059736 -1.470268
v 0.294666 0.058851 -1.537099
v 0.311936 0.030309 -1.470268
v 0.312807 0.029638 -1.537099
v 0.318054 -0.000669 -1.470268
v 0.318935 -0.001187 -1.537099
v -0.313672 0.031360 -1.470268
v -0.313672 0.031118 -1.537099
v -0.295472 0.061245 -1.470268
v -0.295472 0.060791 -1.537099
v -0.265918 0.088316 -1.470268
v -0.265918 0.087586 -1.537099
v -0.226144 0.111417 -1.470268
v -0.226144 0.110357 -1.537099
v -0.177680 0.129703 -1.470268
v -0.177680 0.128275 -1.537099
v -0.122388 0.142723 -1.470268
v -0.122388 0.140920 -1.537099
v -0.062393 0.150411 -1.470268
v -0.062393 0.148286 -1.537099
v 0.061340 0.158137 1.537099
v 0.061397 0.158137 1.470268
v 0.120467 0.148962 1.537099
v 0.120339 0.148962 1.470268
v 0.262198 0.089577 1.537099
v 0.261989 0.089577 1.470268
v 0.291442 0.061702 1.537099
v 0.291213 0.061702 1.470268
v 0.309470 0.031455 1.537099
v 0.309226 0.031455 1.470268
v 0.315561 -0.000000 1.537099
v 0.315310 -0.000000 1.470268
v -0.306359 0.031455 1.537099
v -0.305049 0.031455 1.470268
v -0.288450 0.061702 1.537099
v -0.287194 0.061702 1.470268
v -0.259437 0.089577 1.537099
v -0.258269 0.089577 1.470268
v -0.119148 0.148962 1.537099
v -0.118422 0.148962 1.470268
v -0.060601 0.158137 1.537099
v -0.060091 0.158137 1.470268
v 0.000545 0.161235 1.470268
v 0.000261 0.161235 1.537099
v -0.310853 0.001221 1.470268
v -0.312174 0.001246 1.537099
v 0.118850 0.148010 1.537099
v 0.118723 0.148010 1.470268
v 0.173422 0.133110 1.537099
v 0.173265 0.133110 1.470268
v 0.221268 0.113058 1.537099
v 0.221083 0.113058 1.470268
v 0.260572 0.088625 1.537099
v 0.260363 0.088625 1.470268
v -0.256983 0.087967 1.537099
v -0.255815 0.087967 1.470268
v -0.218049 0.112400 1.537099
v -0.217003 0.112400 1.470268
v -0.170704 0.132451 1.537099
v -0.169809 0.132451 1.470268
v -0.116721 0.147351 1.537099
v -0.115998 0.147351 1.470268
v 0.062297 0.158137 1.136116
v 0.062445 0.158137 1.069286
v 0.121833 0.148962 1.136116
v 0.121833 0.148962 1.069286
v 0.264430 0.089577 1.136116
v 0.264430 0.089577 1.069286
v 0.293824 0.061702 1.136116
v 0.293824 0.061702 1.069286
v 0.311936 0.031455 1.136116
v 0.311936 0.031455 1.069286
v 0.318054 -0.000000 1.136116
v 0.318054 -0.000000 1.069286
v -0.306359 0.031455 1.136116
v -0.305050 0.031455 1.069286
v -0.288452 0.061702 1.136116
v -0.287196 0.061702 1.069286
v -0.259439 0.089577 1.136116
v -0.258272 0.089577 1.069286
v -0.119151 0.148962 1.136116
v -0.118425 0.148962 1.069286
v -0.060475 0.158137 1.136116
v -0.059937 0.158137 1.069286
v 0.001126 0.161235 1.069286
v 0.000783 0.161235 1.136116
v -0.310882 0.001072 1.069286
v -0.312204 0.001097 1.136116
v 0.120212 0.148010 1.136116
v 0.120212 0.148010 1.069286
v 0.175140 0.133110 1.136116
v 0.175140 0.133110 1.069286
v 0.223278 0.113058 1.136116
v 0.223278 0.113058 1.069286
v 0.262804 0.088625 1.136116
v 0.262804 0.088625 1.069286
v -0.256986 0.087967 1.136116
v -0.255818 0.087967 1.069286
v -0.218052 0.112400 1.136116
v -0.217006 0.112400 1.069286
v -0.170707 0.132451 1.136116
v -0.169812 0.132451 1.069286
v -0.116723 0.147351 1.136116
v -0.116001 0.147351 1.069286
v 0.061396 0.158031 0.735134
v 0.061340 0.157247 0.668304
v 0.120339 0.148958 0.735134
v 0.120467 0.148523 0.668304
v 0.261989 0.089577 0.735134
v 0.262198 0.089577 0.668304
v 0.291213 0.061702 0.735134
v 0.291442 0.061702 0.668304
v 0.309226 0.031455 0.735134
v 0.309470 0.031455 0.668304
v 0.315310 -0.000000 0.735134
v 0.315561 -0.000000 0.668304
v -0.305051 0.031456 0.735134
v -0.306360 0.031455 0.668304
v -0.287197 0.061702 0.735134
v -0.288452 0.061648 0.668304
v -0.258273 0.089577 0.735134
v -0.259440 0.089340 0.668304
v -0.118427 0.148714 0.735134
v -0.119152 0.147697 0.668304
v -0.060095 0.157835 0.735134
v -0.060604 0.156740 0.668304
v 0.000259 0.159977 0.668304
v 0.000542 0.160992 0.735134
v -0.312238 0.000922 0.668304
v -0.310907 0.000947 0.735134
v 0.118723 0.148005 0.735134
v 0.118850 0.147559 0.668304
v 0.173265 0.133110 0.735134
v 0.173422 0.133006 0.668304
v 0.221083 0.113058 0.735134
v 0.221268 0.113058 0.668304
v 0.260363 0.088625 0.735134
v 0.260572 0.088625 0.668304
v -0.255819 0.087967 0.735134
v -0.256987 0.087718 0.668304
v -0.217008 0.112377 0.735134
v -0.218053 0.111831 0.668304
v -0.169814 0.132322 0.735134
v -0.170709 0.131500 0.668304
v -0.116003 0.147100 0.735134
v -0.116725 0.146078 0.668304
v 0.062666 0.153402 0.334152
v 0.062728 0.153773 0.267321
v 0.122389 0.145603 0.334152
v 0.122389 0.145890 0.267321
v 0.265762 0.089260 0.334152
v 0.265762 0.089332 0.267321
v 0.295267 0.061665 0.334152
v 0.295267 0.061686 0.267321
v 0.313439 0.031455 0.334152
v 0.313439 0.031455 0.267321
v 0.319575 -0.000000 0.334152
v 0.319575 0.000000 0.267321
v -0.305052 0.030232 0.334152
v -0.304551 0.030378 0.267321
v -0.287199 0.059866 0.334152
v -0.286728 0.060052 0.267321
v -0.258277 0.086879 0.334152
v -0.257847 0.087117 0.267321
v -0.118431 0.143134 0.334152
v -0.118168 0.143583 0.267321
v -0.059941 0.151914 0.334152
v -0.059745 0.152410 0.267321
v 0.001274 0.155883 0.267322
v 0.001145 0.155433 0.334152
v -0.310426 0.000044 0.267322
v -0.310936 -0.000049 0.334152
v 0.120762 0.144613 0.334152
v 0.120763 0.144902 0.267321
v 0.176030 0.131057 0.334152
v 0.176030 0.131266 0.267321
v 0.224429 0.112063 0.334152
v 0.224429 0.112200 0.267321
v 0.264136 0.088292 0.334152
v 0.264136 0.088366 0.267321
v -0.255823 0.085225 0.334152
v -0.255393 0.085466 0.267321
v -0.217012 0.108588 0.334152
v -0.216632 0.108893 0.267321
v -0.169818 0.127516 0.334152
v -0.169495 0.127893 0.267321
v -0.116007 0.141497 0.334152
v -0.115746 0.141948 0.267321
v 0.061204 0.158137 -0.066830
v 0.061109 0.158137 -0.133661
v 0.120467 0.148962 -0.066830
v 0.120339 0.148962 -0.133661
v 0.262198 0.089577 -0.066830
v 0.261989 0.089577 -0.133661
v 0.291442 0.061702 -0.066830
v 0.291213 0.061702 -0.133661
v 0.309470 0.031455 -0.066830
v 0.309226 0.031455 -0.133661
v 0.315561 0.000000 -0.066830
v 0.315310 0.000000 -0.133661
v -0.310110 0.031456 -0.066830
v -0.311898 0.031456 -0.133661
v -0.292086 0.061702 -0.066830
v -0.293815 0.061702 -0.133661
v -0.262860 0.089577 -0.066830
v -0.264475 0.089577 -0.133661
v -0.121242 0.148962 -0.066830
v -0.122080 0.148962 -0.133661
v -0.062055 0.158137 -0.066830
v -0.062520 0.158137 -0.133661
v -0.000616 0.161235 -0.133661
v -0.000503 0.161235 -0.066830
v -0.317886 0.000623 -0.133661
v -0.316075 0.000648 -0.066830
v 0.118850 0.148010 -0.066830
v 0.118723 0.148010 -0.133661
v 0.173422 0.133110 -0.066830
v 0.173265 0.133110 -0.133661
v 0.221268 0.113058 -0.066830
v 0.221083 0.113058 -0.133661
v 0.260572 0.088625 -0.066830
v 0.260363 0.088625 -0.133661
v -0.260407 0.087967 -0.066830
v -0.262022 0.087967 -0.133661
v -0.221141 0.112400 -0.066830
v -0.222573 0.112400 -0.133661
v -0.173346 0.132451 -0.066830
v -0.174516 0.132451 -0.133661
v -0.118803 0.147351 -0.066830
v -0.119634 0.147351 -0.133661
v 0.061109 0.158137 -0.467813
v 0.061204 0.158137 -0.534643
v 0.120339 0.148962 -0.467813
v 0.120467 0.148962 -0.534643
v 0.261989 0.089577 -0.467813
v 0.262198 0.089577 -0.534643
v 0.291213 0.061702 -0.467813
v 0.291442 0.061702 -0.534643
v 0.309226 0.031455 -0.467813
v 0.309470 0.031455 -0.534643
v 0.315310 0.000000 -0.467813
v 0.315561 0.000000 -0.534643
v -0.313176 0.031456 -0.467813
v -0.311862 0.031456 -0.534643
v -0.294999 0.061702 -0.467813
v -0.293708 0.061702 -0.534643
v -0.265518 0.089577 -0.467813
v -0.264307 0.089577 -0.534643
v -0.122382 0.148962 -0.467813
v -0.121915 0.148962 -0.534643
v -0.062553 0.158137 -0.467813
v -0.062416 0.158137 -0.534643
v -0.000554 0.161235 -0.534643
v -0.000616 0.161235 -0.467813
v -0.317915 0.000474 -0.534643
v -0.319224 0.000499 -0.467813
v 0.118723 0.148010 -0.467813
v 0.118850 0.148010 -0.534643
v 0.173265 0.133110 -0.467813
v 0.173422 0.133110 -0.534643
v 0.221083 0.113058 -0.467813
v 0.221268 0.113058 -0.534643
v 0.260363 0.088625 -0.467813
v 0.260572 0.088625 -0.534643
v -0.263066 0.087967 -0.467813
v -0.261856 0.087967 -0.534643
v -0.223422 0.112400 -0.467813
v -0.222369 0.112400 -0.534643
v -0.175115 0.132451 -0.467813
v -0.174311 0.132451 -0.534643
v -0.119931 0.147351 -0.467813
v -0.119472 0.147351 -0.534643
v 0.062728 0.158137 -0.868795
v 0.062305 0.158137 -0.935625
v 0.121863 0.148962 -0.868795
v 0.121329 0.148962 -0.935625
v 0.264430 0.089577 -0.868795
v 0.263561 0.089577 -0.935625
v 0.293824 0.061702 -0.868795
v 0.292900 0.061702 -0.935625
v 0.311936 0.031455 -0.868795
v 0.310983 0.031455 -0.935625
v 0.318054 0.000000 -0.868795
v 0.317092 0.000000 -0.935625
v -0.304432 0.031456 -0.868795
v -0.304946 0.031456 -0.935625
v -0.286383 0.061702 -0.868795
v -0.286881 0.061702 -0.935625
v -0.257321 0.089578 -0.868795
v -0.257782 0.089578 -0.935625
v -0.117508 0.148962 -0.868795
v -0.117797 0.148962 -0.935625
v -0.059183 0.158137 -0.868795
v -0.059407 0.158137 -0.935625
v 0.001356 0.161235 -0.935625
v 0.001660 0.161235 -0.868795
v -0.311028 0.000324 -0.935625
v -0.310509 0.000349 -0.868795
v 0.120249 0.148010 -0.868795
v 0.119715 0.148010 -0.935625
v 0.175140 0.133110 -0.868795
v 0.174474 0.133110 -0.935625
v 0.223278 0.113058 -0.868795
v 0.222495 0.113058 -0.935625
v 0.262804 0.088625 -0.868795
v 0.261935 0.088625 -0.935625
v -0.254875 0.087967 -0.868795
v -0.255335 0.087967 -0.935625
v -0.215995 0.112400 -0.868795
v -0.216406 0.112400 -0.935625
v -0.168812 0.132451 -0.868795
v -0.169165 0.132451 -0.935625
v -0.115093 0.147351 -0.868795
v -0.115381 0.147351 -0.935625
v 0.061204 0.157579 -1.269777
v 0.061466 0.155560 -1.336608
v 0.120467 0.148505 -1.269777
v 0.120819 0.146626 -1.336608
v 0.262198 0.089577 -1.269777
v 0.262767 0.089154 -1.336608
v 0.291442 0.061702 -1.269777
v 0.292054 0.061611 -1.336608
v 0.309470 0.031455 -1.269777
v 0.310108 0.031455 -1.336608
v 0.315561 0.000000 -1.269777
v 0.316208 0.000000 -1.336608
v -0.313176 0.031456 -1.269777
v -0.313672 0.031456 -1.336608
v -0.294999 0.061702 -1.269777
v -0.295472 0.061702 -1.336608
v -0.265518 0.089578 -1.269777
v -0.265918 0.089577 -1.336608
v -0.122382 0.148771 -1.269777
v -0.122388 0.147335 -1.336608
v -0.062523 0.157693 -1.269777
v -0.062453 0.155829 -1.336608
v -0.000388 0.158658 -1.336608
v -0.000554 0.160677 -1.269777
v -0.319783 0.000175 -1.336608
v -0.319282 0.000200 -1.269777
v 0.118850 0.147549 -1.269777
v 0.119202 0.145663 -1.336608
v 0.173422 0.132878 -1.269777
v 0.173858 0.131367 -1.336608
v 0.221268 0.113021 -1.269777
v 0.221777 0.112032 -1.336608
v 0.260572 0.088625 -1.269777
v 0.261140 0.088188 -1.336608
v -0.263066 0.087967 -1.269777
v -0.263465 0.087965 -1.336608
v -0.223422 0.112400 -1.269777
v -0.223692 0.112154 -1.336608
v -0.175115 0.132440 -1.269777
v -0.175228 0.131592 -1.336608
v -0.119931 0.147150 -1.269777
v -0.119936 0.145694 -1.336608
vt 0.514749 3.286890
vt 0.514749 3.400641
vt 0.689428 3.400641
vt 0.689428 3.286890
vt 0.857394 3.400641
vt 0.857394 3.286890
vt 1.012192 3.400641
vt 1.012192 3.286890
vt 1.147874 3.400641
vt 1.147874 3.286890
vt 0.589090 3.286890
vt 0.589090 3.400641
vt 0.453408 3.400641
vt 0.453408 3.286890
vt 0.298610 3.400641
vt 0.298610 3.286890
vt 0.130644 3.400641
vt 0.130644 3.286890
vt -0.044035 3.400641
vt -0.044035 3.286890
vt 0.130645 3.286890
vt 0.130645 3.400641
vt 0.298611 3.400641
vt 0.298611 3.286890
vt 0.453409 3.400641
vt 0.453409 3.286890
vt 0.589091 3.400641
vt 0.589091 3.286890
vt -0.118375 3.286890
vt -0.118375 3.400641
vt 0.017307 3.400641
vt 0.017307 3.286890
vt 0.172105 3.400641
vt 0.172105 3.286890
vt 0.614143 0.417006
vt 0.478869 0.427040
vt 0.343596 0.417006
vt 0.213520 0.387290
vt 0.093641 0.339034
vt -0.011433 0.274091
vt -0.097666 0.194959
vt -0.161742 0.104677
vt -0.201200 0.006716
vt -0.213954 -0.090801
vt 1.172262 -0.095161
vt 1.158939 0.006716
vt 1.119481 0.104677
vt 1.055404 0.194958
vt 0.969172 0.274091
vt 0.864098 0.339033
vt 0.744219 0.387290
vt 0.340071 3.400641
vt 0.340071 3.286890
vt 1.410123 2.831888
vt -0.379957 2.831888
vt -0.379971 2.718138
vt 1.410123 2.718138
vt 1.410123 2.149384
vt -0.380039 2.149384
vt -0.380052 2.035633
vt 1.410123 2.035633
vt 1.410123 1.466880
vt -0.380120 1.466880
vt -0.380134 1.353130
vt 1.410123 1.353130
vt 1.410123 0.784376
vt -0.380202 0.784377
vt -0.380216 0.670626
vt 1.410123 0.670626
vt 1.410123 0.101873
vt -0.380284 0.101873
vt -0.380298 -0.011878
vt 1.410123 -0.011878
vt 1.410123 -0.580631
vt -0.380366 -0.580631
vt -0.380380 -0.694381
vt 1.410123 -0.694381
vt 1.410123 -1.263135
vt -0.380448 -1.263135
vt -0.380461 -1.376885
vt 1.410123 -1.376885
vt 1.410123 -1.945639
vt -0.380529 -1.945639
vt -0.380543 -2.059389
vt 1.410123 -2.059389
vt 0.340071 -2.173140
vt 0.340071 -2.059389
vt 0.514749 -2.059389
vt 0.514749 -2.173140
vt 0.340071 -1.490636
vt 0.340071 -1.376885
vt 0.514749 -1.376885
vt 0.514749 -1.490636
vt 0.340071 -0.808132
vt 0.340071 -0.694381
vt 0.514749 -0.694381
vt 0.514749 -0.808132
vt 0.340071 -0.125628
vt 0.340071 -0.011878
vt 0.514749 -0.011878
vt 0.514749 -0.125628
vt 0.340071 0.556875
vt 0.340071 0.670626
vt 0.514749 0.670626
vt 0.514749 0.556875
vt 0.340071 1.239379
vt 0.340071 1.353130
vt 0.514749 1.353130
vt 0.514749 1.239379
vt 0.340071 1.921883
vt 0.340071 2.035633
vt 0.514749 2.035633
vt 0.514749 1.921883
vt 0.340071 2.604387
vt 0.340071 2.718138
vt 0.514749 2.718138
vt 0.514749 2.604387
vt 0.172105 -2.173140
vt 0.172105 -2.059389
vt 0.172105 -1.490636
vt 0.172105 -1.376885
vt 0.172105 -0.808132
vt 0.172105 -0.694381
vt 0.172105 -0.125628
vt 0.172105 -0.011878
vt 0.172105 0.556875
vt 0.172105 0.670626
vt 0.172105 1.239379
vt 0.172105 1.353130
vt 0.172105 1.921883
vt 0.172105 2.035633
vt 0.172105 2.604387
vt 0.172105 2.718138
vt 0.017307 -2.173140
vt 0.017307 -2.059389
vt 0.017307 -1.490636
vt 0.017307 -1.376885
vt 0.017307 -0.808132
vt 0.017307 -0.694381
vt 0.017307 -0.125628
vt 0.017307 -0.011878
vt 0.017307 0.556875
vt 0.017307 0.670626
vt 0.017307 1.239379
vt 0.017307 1.353130
vt 0.017307 1.921882
vt 0.017307 2.035633
vt 0.017307 2.604387
vt 0.017307 2.718138
vt -0.118375 -2.173140
vt -0.118375 -2.059389
vt -0.118375 -1.490636
vt -0.118375 -1.376885
vt -0.118375 -0.808132
vt -0.118375 -0.694381
vt -0.118375 -0.125628
vt -0.118375 -0.011878
vt -0.118375 0.556875
vt -0.118375 0.670626
vt -0.118375 1.239379
vt -0.118375 1.353130
vt -0.118375 1.921883
vt -0.118375 2.035633
vt -0.118375 2.604387
vt -0.118375 2.718138
vt 0.453409 -2.173140
vt 0.453409 -2.059389
vt 0.589091 -2.059389
vt 0.589091 -2.173140
vt 0.453409 -1.490636
vt 0.453409 -1.376885
vt 0.589091 -1.376885
vt 0.589091 -1.490636
vt 0.453409 -0.808132
vt 0.453409 -0.694381
vt 0.589091 -0.694381
vt 0.589091 -0.808132
vt 0.453409 -0.125628
vt 0.453409 -0.011878
vt 0.589091 -0.011878
vt 0.589091 -0.125628
vt 0.453409 0.556875
vt 0.453409 0.670626
vt 0.589091 0.670626
vt 0.589091 0.556875
vt 0.453409 1.239379
vt 0.453409 1.353130
vt 0.589091 1.353130
vt 0.589091 1.239379
vt 0.453409 1.921883
vt 0.453409 2.035633
vt 0.589091 2.035633
vt 0.589091 1.921883
vt 0.453409 2.604387
vt 0.453409 2.718138
vt 0.589091 2.718138
vt 0.589091 2.604387
vt 0.298611 -2.173140
vt 0.298611 -2.059389
vt 0.298611 -1.490636
vt 0.298611 -1.376885
vt 0.298611 -0.808132
vt 0.298611 -0.694381
vt 0.298611 -0.125628
vt 0.298611 -0.011878
vt 0.298611 0.556875
vt 0.298611 0.670626
vt 0.298611 1.239379
vt 0.298611 1.353130
vt 0.298611 1.921883
vt 0.298611 2.035633
vt 0.298611 2.604387
vt 0.298611 2.718138
vt 0.130645 -2.173140
vt 0.130645 -2.059389
vt 0.130645 -1.490636
vt 0.130645 -1.376885
vt 0.130645 -0.808132
vt 0.130645 -0.694381
vt 0.130645 -0.125628
vt 0.130645 -0.011878
vt 0.130645 0.556875
vt 0.130645 0.670626
vt 0.130645 1.239379
vt 0.130645 1.353130
vt 0.130645 1.921883
vt 0.130645 2.035633
vt 0.130645 2.604387
vt 0.130645 2.718138
vt 0.130644 -2.173140
vt 0.130644 -2.059389
vt -0.044035 -2.059389
vt -0.044035 -2.173140
vt 0.130644 -1.490636
vt 0.130644 -1.376885
vt -0.044035 -1.376885
vt -0.044035 -1.490636
vt 0.130644 -0.808132
vt 0.130644 -0.694381
vt -0.044035 -0.694381
vt -0.044035 -0.808132
vt 0.130644 -0.125628
vt 0.130644 -0.011878
vt -0.044035 -0.011878
vt -0.044035 -0.125628
vt 0.130644 0.556875
vt 0.130644 0.670626
vt -0.044035 0.670626
vt -0.044035 0.556875
vt 0.130644 1.239379
vt 0.130644 1.353130
vt -0.044035 1.353130
vt -0.044035 1.239379
vt 0.130644 1.921883
vt 0.130644 2.035633
vt -0.044035 2.035633
vt -0.044035 1.921883
vt 0.130644 2.604387
vt 0.130644 2.718138
vt -0.044035 2.718138
vt -0.044035 2.604387
vt 0.298610 -2.173140
vt 0.298610 -2.059389
vt 0.298610 -1.490636
vt 0.298610 -1.376885
vt 0.298610 -0.808132
vt 0.298610 -0.694381
vt 0.298610 -0.125628
vt 0.298610 -0.011878
vt 0.298610 0.556875
vt 0.298610 0.670626
vt 0.298610 1.239379
vt 0.298610 1.353130
vt 0.298610 1.921882
vt 0.298610 2.035633
vt 0.298610 2.604387
vt 0.298610 2.718138
vt 0.453408 -2.173140
vt 0.453408 -2.059389
vt 0.453408 -1.490636
vt 0.453408 -1.376885
vt 0.453408 -0.808132
vt 0.453408 -0.694381
vt 0.453408 -0.125628
vt 0.453408 -0.011878
vt 0.453408 0.556875
vt 0.453408 0.670626
vt 0.453408 1.239379
vt 0.453408 1.353130
vt 0.453408 1.921882
vt 0.453408 2.035633
vt 0.453408 2.604387
vt 0.453408 2.718138
vt 0.589090 -2.173140
vt 0.589090 -2.059389
vt 0.589090 -1.490636
vt 0.589090 -1.376885
vt 0.589090 -0.808132
vt 0.589090 -0.694381
vt 0.589090 -0.125628
vt 0.589090 -0.011878
vt 0.589090 0.556875
vt 0.589090 0.670626
vt 0.589090 1.239379
vt 0.589090 1.353130
vt 0.589090 1.921883
vt 0.589090 2.035633
vt 0.589090 2.604387
vt 0.589090 2.718138
vt 1.012192 -2.173140
vt 1.012192 -2.059389
vt 1.147874 -2.059389
vt 1.147874 -2.173140
vt 1.012192 -1.490636
vt 1.012192 -1.376885
vt 1.147874 -1.376885
vt 1.147874 -1.490636
vt 1.012192 -0.808132
vt 1.012192 -0.694381
vt 1.147874 -0.694381
vt 1.147874 -0.808132
vt 1.012192 -0.125628
vt 1.012192 -0.011878
vt 1.147874 -0.011878
vt 1.147874 -0.125628
vt 1.012192 0.556875
vt 1.012192 0.670626
vt 1.147874 0.670626
vt 1.147874 0.556875
vt 1.012192 1.239379
vt 1.012192 1.353130
vt 1.147874 1.353130
vt 1.147874 1.239379
vt 1.012192 1.921882
vt 1.012192 2.035633
vt 1.147874 2.035633
vt 1.147874 1.921882
vt 1.012192 2.604387
vt 1.012192 2.718138
vt 1.147874 2.718138
vt 1.147874 2.604387
vt 0.857394 -2.173140
vt 0.857394 -2.059389
vt 0.857394 -1.490636
vt 0.857394 -1.376885
vt 0.857394 -0.808132
vt 0.857394 -0.694381
vt 0.857394 -0.125628
vt 0.857394 -0.011878
vt 0.857394 0.556875
vt 0.857394 0.670626
vt 0.857394 1.239379
vt 0.857394 1.353130
vt 0.857394 1.921883
vt 0.857394 2.035633
vt 0.857394 2.604387
vt 0.857394 2.718138
vt 0.689428 -2.173140
vt 0.689428 -2.059389
vt 0.689428 -1.490636
vt 0.689428 -1.376885
vt 0.689428 -0.808132
vt 0.689428 -0.694381
vt 0.689428 -0.125628
vt 0.689428 -0.011878
vt 0.689428 0.556875
vt 0.689428 0.670626
vt 0.689428 1.239379
vt 0.689428 1.353130
vt 0.689428 1.921883
vt 0.689428 2.035633
vt 0.689428 2.604387
vt 0.689428 2.718138
vt 1.410123 3.173139
vt -0.379916 3.173139
vt -0.379930 3.059389
vt 1.410123 3.059389
vt 0.340071 2.945638
vt 0.340071 3.059389
vt 0.514749 3.059389
vt 0.514749 2.945638
vt 0.172105 2.945638
vt 0.172105 3.059389
vt 0.261429 1.017264
vt 0.163194 0.831668
vt 0.167551 0.811604
vt 0.265787 0.997200
vt 0.006426 0.277549
vt 0.077089 0.581896
vt 0.081447 0.561833
vt 0.010783 0.257486
vt 0.261429 1.017264
vt 0.163194 0.831668
vt 0.167551 0.811604
vt 0.265787 0.997200
vt 0.298611 2.945638
vt 0.298611 3.059389
vt 0.453409 3.059389
vt 0.453409 2.945638
vt 0.130645 2.945638
vt 0.130645 3.059389
vt 0.130644 2.945638
vt 0.130644 3.059389
vt -0.044035 3.059389
vt -0.044035 2.945638
vt 0.298610 2.945638
vt 0.298610 3.059389
vt 0.453408 2.945638
vt 0.453408 3.059389
vt 0.439945 0.239651
vt 0.439945 0.165265
vt 0.436590 0.165265
vt 0.436590 0.239651
vt 0.951319 0.277547
vt 0.880655 0.581895
vt 0.877766 0.570036
vt 0.948429 0.265688
vt 0.880655 0.581895
vt 0.951319 0.277547
vt 0.948429 0.265688
vt 0.877766 0.570036
vt 0.689428 2.945638
vt 0.689428 3.059389
vt 0.857394 3.059389
vt 0.857394 2.945638
vt 0.514749 2.263134
vt 0.514749 2.376886
vt 0.689428 2.376886
vt 0.689428 2.263135
vt 0.857394 2.376886
vt 0.857394 2.263135
vt 0.794551 0.831666
vt 0.880655 0.581895
vt 0.877766 0.570036
vt 0.791661 0.819807
vt 0.649221 1.652975
vt 0.649221 1.727361
vt 0.645866 1.727361
vt 0.645866 1.652975
vt 0.439945 0.685964
vt 0.439945 0.611578
vt 0.436590 0.611578
vt 0.436590 0.685964
vt 0.453408 2.263135
vt 0.453408 2.376886
vt 0.298610 2.376886
vt 0.298610 2.263135
vt 0.130644 2.376886
vt 0.130644 2.263134
vt -0.044035 2.376886
vt -0.044035 2.263135
vt 0.130645 2.263135
vt 0.130645 2.376886
vt 0.298611 2.376886
vt 0.298611 2.263135
vt 0.453409 2.376886
vt 0.453409 2.263135
vt 0.261429 1.017264
vt 0.163194 0.831668
vt 0.167551 0.811604
vt 0.265787 0.997200
vt 0.261429 1.017264
vt 0.163194 0.831668
vt 0.167551 0.811604
vt 0.265787 0.997200
vt 0.261429 1.017264
vt 0.163194 0.831668
vt 0.167551 0.811604
vt 0.265787 0.997200
vt 0.172105 2.263135
vt 0.172105 2.376886
vt 0.340071 2.376886
vt 0.340071 2.263135
vt 1.410123 2.490636
vt -0.379998 2.490636
vt -0.380012 2.376886
vt 1.410123 2.376886
vt 0.514749 1.580631
vt 0.514749 1.694382
vt 0.689428 1.694382
vt 0.689428 1.580631
vt 0.857394 1.694382
vt 0.857394 1.580631
vt 0.951319 0.277547
vt 0.880655 0.581895
vt 0.877766 0.570036
vt 0.948429 0.265688
vt 0.794551 0.831666
vt 0.791661 0.819807
vt 0.696315 1.017263
vt 0.693426 1.005404
vt 0.453408 1.580631
vt 0.453408 1.694382
vt 0.298610 1.694382
vt 0.298610 1.580631
vt 0.130644 1.694382
vt 0.130644 1.580631
vt -0.044035 1.694382
vt -0.044035 1.580631
vt 0.130645 1.580631
vt 0.130645 1.694382
vt 0.298611 1.694382
vt 0.298611 1.580631
vt 0.453409 1.694382
vt 0.453409 1.580631
vt 0.163194 0.831668
vt 0.261429 1.017264
vt 0.265787 0.997200
vt 0.167551 0.811604
vt 0.261429 1.017264
vt 0.163194 0.831668
vt 0.167551 0.811604
vt 0.265787 0.997200
vt 0.077089 0.581896
vt 0.081447 0.561833
vt 0.172105 1.580631
vt 0.172105 1.694382
vt 0.340071 1.694382
vt 0.340071 1.580631
vt 1.410123 1.808132
vt -0.380079 1.808132
vt -0.380093 1.694382
vt 1.410123 1.694382
vt 0.514749 0.898127
vt 0.514749 1.011878
vt 0.689428 1.011878
vt 0.689428 0.898127
vt 0.857394 1.011878
vt 0.857394 0.898127
vt 0.649221 2.099288
vt 0.649221 2.173674
vt 0.645866 2.173674
vt 0.645866 2.099288
vt 0.439945 1.132277
vt 0.439945 1.057891
vt 0.436590 1.057891
vt 0.436590 1.132277
vt 0.951319 0.277547
vt 0.880655 0.581895
vt 0.877766 0.570036
vt 0.948429 0.265688
vt 0.453408 0.898127
vt 0.453408 1.011878
vt 0.298610 1.011878
vt 0.298610 0.898127
vt 0.130644 1.011878
vt 0.130644 0.898127
vt -0.044035 1.011878
vt -0.044035 0.898127
vt 0.130645 0.898127
vt 0.130645 1.011878
vt 0.298611 1.011878
vt 0.298611 0.898127
vt 0.453409 1.011878
vt 0.453409 0.898127
vt 0.261429 1.017264
vt 0.163194 0.831668
vt 0.167551 0.811604
vt 0.265787 0.997200
vt 0.006426 0.277549
vt 0.010783 0.257486
vt 0.261429 1.017264
vt 0.163194 0.831668
vt 0.167551 0.811604
vt 0.265787 0.997200
vt 0.172105 0.898127
vt 0.172105 1.011878
vt 0.340071 1.011878
vt 0.340071 0.898127
vt 1.410123 1.125628
vt -0.380161 1.125629
vt -0.380175 1.011878
vt 1.410123 1.011878
vt 0.514749 0.215623
vt 0.514749 0.329374
vt 0.689428 0.329374
vt 0.689428 0.215623
vt 0.857394 0.329374
vt 0.857394 0.215623
vt 0.696315 1.017263
vt 0.693426 1.005404
vt 0.439945 1.578590
vt 0.439945 1.504204
vt 0.436590 1.504204
vt 0.436590 1.578590
vt 0.951319 0.277547
vt 0.880655 0.581895
vt 0.877766 0.570036
vt 0.948429 0.265688
vt 0.453408 0.215623
vt 0.453408 0.329374
vt 0.298610 0.329374
vt 0.298610 0.215623
vt 0.130644 0.329374
vt 0.130644 0.215623
vt -0.044035 0.329374
vt -0.044035 0.215623
vt 0.130645 0.215623
vt 0.130645 0.329374
vt 0.298611 0.329374
vt 0.298611 0.215623
vt 0.453409 0.329374
vt 0.453409 0.215623
vt 0.163194 0.831668
vt 0.261429 1.017264
vt 0.265787 0.997200
vt 0.167551 0.811604
vt 0.077089 0.581896
vt 0.006426 0.277549
vt 0.010783 0.257486
vt 0.081447 0.561833
vt 0.163194 0.831668
vt 0.261429 1.017264
vt 0.265787 0.997200
vt 0.167551 0.811604
vt 0.172105 0.215623
vt 0.172105 0.329374
vt 0.340071 0.329374
vt 0.340071 0.215623
vt 1.410123 0.443125
vt -0.380243 0.443125
vt -0.380257 0.329374
vt 1.410123 0.329374
vt 0.514749 -0.466880
vt 0.514749 -0.353130
vt 0.689428 -0.353130
vt 0.689428 -0.466880
vt 0.857394 -0.353130
vt 0.857394 -0.466880
vt 0.439945 2.024903
vt 0.439945 1.950518
vt 0.436590 1.950518
vt 0.436590 2.024903
vt 0.880655 0.581895
vt 0.951319 0.277547
vt 0.948429 0.265688
vt 0.877766 0.570036
vt 0.794551 0.831666
vt 0.696315 1.017263
vt 0.693426 1.005404
vt 0.791661 0.819807
vt 0.453408 -0.466880
vt 0.453408 -0.353130
vt 0.298610 -0.353130
vt 0.298610 -0.466880
vt 0.130644 -0.353130
vt 0.130644 -0.466880
vt -0.044035 -0.353130
vt -0.044035 -0.466880
vt 0.130645 -0.466880
vt 0.130645 -0.353130
vt 0.298611 -0.353130
vt 0.298611 -0.466880
vt 0.453409 -0.353130
vt 0.453409 -0.466880
vt 0.077089 0.581896
vt 0.081447 0.561833
vt 0.077089 0.581896
vt 0.006426 0.277549
vt 0.010783 0.257486
vt 0.081447 0.561833
vt 0.439945 -1.024903
vt 0.439945 -0.950518
vt 0.434269 -0.950518
vt 0.434269 -1.024903
vt 0.172105 -0.466880
vt 0.172105 -0.353130
vt 0.340071 -0.353130
vt 0.340071 -0.466880
vt 1.410123 -0.239379
vt -0.380325 -0.239379
vt -0.380339 -0.353130
vt 1.410123 -0.353130
vt 0.514749 -1.149384
vt 0.514749 -1.035634
vt 0.689428 -1.035634
vt 0.689428 -1.149384
vt 0.857394 -1.035634
vt 0.857394 -1.149384
vt 0.880655 0.581895
vt 0.951319 0.277547
vt 0.948429 0.265688
vt 0.877766 0.570036
vt 0.794551 0.831666
vt 0.791661 0.819807
vt 0.794551 0.831666
vt 0.696315 1.017263
vt 0.693426 1.005404
vt 0.791661 0.819807
vt 0.453408 -1.149384
vt 0.453408 -1.035634
vt 0.298610 -1.035634
vt 0.298610 -1.149384
vt 0.130644 -1.035634
vt 0.130644 -1.149384
vt -0.044035 -1.035634
vt -0.044035 -1.149384
vt 0.130645 -1.149384
vt 0.130645 -1.035634
vt 0.298611 -1.035634
vt 0.298611 -1.149384
vt 0.453409 -1.035634
vt 0.453409 -1.149384
vt 0.077089 0.581896
vt 0.081447 0.561833
vt 0.006426 0.277549
vt 0.010783 0.257486
vt 0.006426 0.277549
vt 0.077089 0.581896
vt 0.081447 0.561833
vt 0.010783 0.257486
vt 0.172105 -1.149384
vt 0.172105 -1.035634
vt 0.340071 -1.035634
vt 0.340071 -1.149384
vt 1.410123 -0.921883
vt -0.380407 -0.921883
vt -0.380421 -1.035634
vt 1.410123 -1.035634
vt 0.514749 -1.831888
vt 0.514749 -1.718138
vt 0.689428 -1.718138
vt 0.689428 -1.831888
vt 0.857394 -1.718138
vt 0.857394 -1.831888
vt 0.794551 0.831666
vt 0.791661 0.819807
vt 0.696315 1.017263
vt 0.693426 1.005404
vt 0.794551 0.831666
vt 0.696315 1.017263
vt 0.693426 1.005404
vt 0.791661 0.819807
vt 0.453408 -1.831888
vt 0.453408 -1.718138
vt 0.298610 -1.718138
vt 0.298610 -1.831888
vt 0.130644 -1.718138
vt 0.130644 -1.831888
vt -0.044035 -1.718138
vt -0.044035 -1.831888
vt 0.130645 -1.831888
vt 0.130645 -1.718138
vt 0.298611 -1.718138
vt 0.298611 -1.831888
vt 0.453409 -1.718138
vt 0.453409 -1.831888
vt 0.077089 0.581896
vt 0.006426 0.277549
vt 0.010783 0.257486
vt 0.081447 0.561833
vt 0.439945 -0.578590
vt 0.439945 -0.504205
vt 0.434269 -0.504205
vt 0.434269 -0.578590
vt 0.006426 0.277549
vt 0.010783 0.257486
vt 0.172105 -1.831888
vt 0.172105 -1.718138
vt 0.340071 -1.718138
vt 0.340071 -1.831888
vt 1.410123 -1.604387
vt -0.380488 -1.604387
vt -0.380502 -1.718138
vt 1.410123 -1.718138
vt -0.214492 -0.094918
vt -0.201200 0.006716
vt -0.161742 0.104677
vt -0.097666 0.194959
vt -0.011433 0.274091
vt 0.093641 0.339034
vt 0.213520 0.387290
vt 0.343596 0.417006
vt 0.478869 0.427040
vt 0.614143 0.417006
vt 0.744219 0.387290
vt 0.864098 0.339033
vt 0.969172 0.274091
vt 1.055404 0.194958
vt 1.119481 0.104677
vt 1.158939 0.006716
vt 1.172262 -0.095161
vt 1.410123 -2.286890
vt -0.380570 -2.286891
vt -0.380584 -2.400641
vt 1.410123 -2.400641
vt 0.649221 1.206662
vt 0.649221 1.281048
vt 0.645866 1.281048
vt 0.645866 1.206662
vt 0.951319 0.277547
vt 0.948429 0.265688
vt 0.951319 0.277547
vt 0.880655 0.581895
vt 0.877766 0.570036
vt 0.948429 0.265688
vt 0.439945 -0.206662
vt 0.439945 -0.281048
vt 0.436590 -0.281048
vt 0.436590 -0.206662
vt 0.649221 0.760349
vt 0.649221 0.834735
vt 0.645866 0.834735
vt 0.645866 0.760349
vt 0.951319 0.277547
vt 0.880655 0.581895
vt 0.877766 0.570036
vt 0.948429 0.265688
vt 0.439945 -0.652976
vt 0.439945 -0.727361
vt 0.436590 -0.727361
vt 0.436590 -0.652976
vt 0.649221 0.314036
vt 0.649221 0.388422
vt 0.645866 0.388422
vt 0.645866 0.314036
vt 0.951319 0.277547
vt 0.880655 0.581895
vt 0.877766 0.570036
vt 0.948429 0.265688
vt 0.439945 -1.099289
vt 0.439945 -1.173674
vt 0.436590 -1.173674
vt 0.436590 -1.099289
vt 0.649221 -0.132277
vt 0.649221 -0.057891
vt 0.645866 -0.057891
vt 0.645866 -0.132277
vt 0.951319 0.277547
vt 0.880655 0.581895
vt 0.877766 0.570036
vt 0.948429 0.265688
vt 0.696315 1.017263
vt 0.794551 0.831666
vt 0.791661 0.819807
vt 0.693426 1.005404
vt 0.649221 -0.578590
vt 0.649221 -0.504205
vt 0.645866 -0.504205
vt 0.645866 -0.578590
vt 0.794551 0.831666
vt 0.791661 0.819807
vt 0.880655 0.581895
vt 0.877766 0.570036
vt 0.649221 -1.024903
vt 0.649221 -0.950518
vt 0.645866 -0.950518
vt 0.645866 -1.024903
vt 0.794551 0.831666
vt 0.791661 0.819807
vt 0.951319 0.277547
vt 0.948429 0.265688
vt 0.794551 0.831666
vt 0.791661 0.819807
vt 0.794551 0.831666
vt 0.791661 0.819807
vt 0.794551 0.831666
vt 0.791661 0.819807
vt 0.696315 1.017263
vt 0.794551 0.831666
vt 0.791661 0.819807
vt 0.693426 1.005404
vt 0.696315 1.017263
vt 0.794551 0.831666
vt 0.791661 0.819807
vt 0.693426 1.005404
vt 0.880655 0.581895
vt 0.877766 0.570036
vt 0.880655 0.581895
vt 0.877766 0.570036
vt 0.951319 0.277547
vt 0.948429 0.265688
vt 0.880655 0.581895
vt 0.951319 0.277547
vt 0.948429 0.265688
vt 0.877766 0.570036
vt 0.696315 1.017263
vt 0.693426 1.005404
vt 0.951319 0.277547
vt 0.948429 0.265688
vt 0.794551 0.831666
vt 0.791661 0.819807
vt 0.696315 1.017263
vt 0.693426 1.005404
vt 0.696315 1.017263
vt 0.693426 1.005404
vt 0.696315 1.017263
vt 0.693426 1.005404
vt 0.696315 1.017263
vt 0.693426 1.005404
vt 0.696315 1.017263
vt 0.693426 1.005404
vt 0.696315 1.017263
vt 0.693426 1.005404
vt 0.006426 0.277549
vt 0.077089 0.581896
vt 0.081447 0.561833
vt 0.010783 0.257486
vt 0.163194 0.831668
vt 0.167551 0.811604
vt 0.077089 0.581896
vt 0.081447 0.561833
vt 0.163194 0.831668
vt 0.167551 0.811604
vt 0.261429 1.017264
vt 0.265787 0.997200
vt 0.077089 0.581896
vt 0.081447 0.561833
vt 0.261429 1.017264
vt 0.265787 0.997200
vt 0.077089 0.581896
vt 0.081447 0.561833
vt 0.077089 0.581896
vt 0.081447 0.561833
vt 0.077089 0.581896
vt 0.081447 0.561833
vt 0.649221 2.024903
vt 0.649221 1.950518
vt 0.643545 1.950518
vt 0.643545 2.024903
vt 0.649221 1.578590
vt 0.649221 1.504204
vt 0.643545 1.504204
vt 0.643545 1.578590
vt 0.006426 0.277549
vt 0.077089 0.581896
vt 0.081447 0.561833
vt 0.010783 0.257486
vt 0.649221 1.132277
vt 0.649221 1.057891
vt 0.643545 1.057891
vt 0.643545 1.132277
vt 0.006426 0.277549
vt 0.077089 0.581896
vt 0.081447 0.561833
vt 0.010783 0.257486
vt 0.439945 2.099288
vt 0.439945 2.173674
vt 0.434269 2.173674
vt 0.434269 2.099288
vt 0.163194 0.831668
vt 0.167551 0.811604
vt 0.649221 0.685964
vt 0.649221 0.611578
vt 0.643545 0.611578
vt 0.643545 0.685964
vt 0.163194 0.831668
vt 0.167551 0.811604
vt 0.439945 1.652975
vt 0.439945 1.727361
vt 0.434269 1.727361
vt 0.434269 1.652975
vt 0.261429 1.017264
vt 0.265787 0.997200
vt 0.006426 0.277549
vt 0.010783 0.257486
vt 0.649221 0.239651
vt 0.649221 0.165265
vt 0.643545 0.165265
vt 0.643545 0.239651
vt 0.261429 1.017264
vt 0.265787 0.997200
vt 0.439945 1.206662
vt 0.439945 1.281048
vt 0.434269 1.281048
vt 0.434269 1.206662
vt 0.006426 0.277549
vt 0.010783 0.257486
vt 0.649221 -0.206662
vt 0.649221 -0.281048
vt 0.643545 -0.281048
vt 0.643545 -0.206662
vt 0.439945 0.760349
vt 0.439945 0.834735
vt 0.434269 0.834735
vt 0.434269 0.760349
vt 0.006426 0.277549
vt 0.010783 0.257486
vt 0.649221 -0.652976
vt 0.649221 -0.727361
vt 0.643545 -0.727361
vt 0.643545 -0.652976
vt 0.439945 0.314036
vt 0.439945 0.388422
vt 0.434269 0.388422
vt 0.434269 0.314036
vt 0.006426 0.277549
vt 0.010783 0.257486
vt 0.163194 0.831668
vt 0.261429 1.017264
vt 0.265787 0.997200
vt 0.167551 0.811604
vt 0.649221 -1.099289
vt 0.649221 -1.173674
vt 0.643545 -1.173674
vt 0.643545 -1.099289
vt 0.439945 -0.132277
vt 0.439945 -0.057891
vt 0.434269 -0.057891
vt 0.434269 -0.132277
vt 0.006426 0.277549
vt 0.010783 0.257486
vt -0.380066 1.921883
vt 1.410123 1.921883
vt 0.514749 1.808132
vt 0.689428 1.808132
vt 0.857394 1.808132
vt 1.012192 1.808132
vt 1.012192 1.694382
vt 1.147874 1.808132
vt 1.147874 1.694382
vt 0.589090 1.694382
vt 0.589090 1.808132
vt 0.453408 1.808132
vt 0.298610 1.808132
vt 0.130644 1.808132
vt -0.044035 1.808132
vt 0.130645 1.808132
vt 0.298611 1.808132
vt 0.453409 1.808132
vt 0.589091 1.808132
vt 0.589091 1.694382
vt -0.118375 1.694382
vt -0.118375 1.808132
vt 0.017307 1.808132
vt 0.017307 1.694382
vt 0.172105 1.808132
vt 0.340071 1.808132
vt -0.379984 2.604388
vt 1.410123 2.604387
vt 0.514749 2.490636
vt 0.689428 2.490636
vt 0.857394 2.490636
vt 1.012192 2.490636
vt 1.012192 2.376886
vt 1.147874 2.490636
vt 1.147874 2.376886
vt 0.589090 2.376886
vt 0.589090 2.490636
vt 0.453408 2.490636
vt 0.298610 2.490636
vt 0.130644 2.490636
vt -0.044035 2.490636
vt 0.130645 2.490636
vt 0.298611 2.490636
vt 0.453409 2.490636
vt 0.589091 2.490636
vt 0.589091 2.376886
vt -0.118375 2.376886
vt -0.118375 2.490636
vt 0.017307 2.490636
vt 0.017307 2.376886
vt 0.172105 2.490636
vt 0.340071 2.490636
vt 1.410123 3.400641
vt -0.379889 3.400641
vt -0.379902 3.286890
vt 1.410123 3.286890
vt 0.340071 3.173140
vt 0.514749 3.173139
vt 0.172105 3.173139
vt 0.017307 3.059389
vt 0.017307 3.173139
vt -0.118375 3.059389
vt -0.118375 3.173139
vt 0.453409 3.173139
vt 0.589091 3.173139
vt 0.589091 3.059389
vt 0.298611 3.173139
vt 0.130645 3.173139
vt 0.130644 3.173139
vt -0.044035 3.173139
vt 0.298610 3.173139
vt 0.453408 3.173139
vt 0.589090 3.059389
vt 0.589090 3.173139
vt 1.012192 3.059389
vt 1.012192 3.173139
vt 1.147874 3.173139
vt 1.147874 3.059389
vt 0.857394 3.173139
vt 0.689428 3.173140
vt -0.380148 1.239379
vt 1.410123 1.239379
vt 0.514749 1.125629
vt 0.689428 1.125628
vt 0.857394 1.125628
vt 1.012192 1.125628
vt 1.012192 1.011878
vt 1.147874 1.125628
vt 1.147874 1.011878
vt 0.589090 1.011878
vt 0.589090 1.125628
vt 0.453408 1.125628
vt 0.298610 1.125628
vt 0.130644 1.125628
vt -0.044035 1.125628
vt 0.130645 1.125628
vt 0.298611 1.125628
vt 0.453409 1.125628
vt 0.589091 1.125628
vt 0.589091 1.011878
vt -0.118375 1.011878
vt -0.118375 1.125628
vt 0.017307 1.125628
vt 0.017307 1.011878
vt 0.172105 1.125628
vt 0.340071 1.125628
vt -0.380230 0.556875
vt 1.410123 0.556875
vt 0.514749 0.443125
vt 0.689428 0.443125
vt 0.857394 0.443125
vt 1.012192 0.443125
vt 1.012192 0.329374
vt 1.147874 0.443125
vt 1.147874 0.329374
vt 0.589090 0.329374
vt 0.589090 0.443125
vt 0.453408 0.443125
vt 0.298610 0.443125
vt 0.130644 0.443125
vt -0.044035 0.443125
vt 0.130645 0.443125
vt 0.298611 0.443125
vt 0.453409 0.443125
vt 0.589091 0.443125
vt 0.589091 0.329374
vt -0.118375 0.329374
vt -0.118375 0.443125
vt 0.017307 0.443125
vt 0.017307 0.329374
vt 0.172105 0.443125
vt 0.340071 0.443125
vt -0.380311 -0.125628
vt 1.410123 -0.125628
vt 0.514749 -0.239379
vt 0.689428 -0.239379
vt 0.857394 -0.239379
vt 1.012192 -0.239379
vt 1.012192 -0.353130
vt 1.147874 -0.239379
vt 1.147874 -0.353130
vt 0.589090 -0.353130
vt 0.589090 -0.239379
vt 0.453408 -0.239379
vt 0.298610 -0.239379
vt 0.130644 -0.239379
vt -0.044035 -0.239379
vt 0.130645 -0.239379
vt 0.298611 -0.239379
vt 0.453409 -0.239379
vt 0.589091 -0.239379
vt 0.589091 -0.353130
vt -0.118375 -0.353130
vt -0.118375 -0.239379
vt 0.017307 -0.239379
vt 0.017307 -0.353130
vt 0.172105 -0.239379
vt 0.340071 -0.239379
vt -0.380393 -0.808132
vt 1.410123 -0.808132
vt 0.514749 -0.921883
vt 0.689428 -0.921883
vt 0.857394 -0.921883
vt 1.012192 -0.921883
vt 1.012192 -1.035634
vt 1.147874 -0.921883
vt 1.147874 -1.035634
vt 0.589090 -1.035634
vt 0.589090 -0.921883
vt 0.453408 -0.921883
vt 0.298610 -0.921883
vt 0.130644 -0.921883
vt -0.044035 -0.921883
vt 0.130645 -0.921883
vt 0.298611 -0.921883
vt 0.453409 -0.921883
vt 0.589091 -0.921883
vt 0.589091 -1.035634
vt -0.118375 -1.035634
vt -0.118375 -0.921883
vt 0.017307 -0.921883
vt 0.017307 -1.035634
vt 0.172105 -0.921883
vt 0.340071 -0.921883
vt -0.380475 -1.490636
vt 1.410123 -1.490636
vt 0.514749 -1.604387
vt 0.689428 -1.604387
vt 0.857394 -1.604387
vt 1.012192 -1.604387
vt 1.012192 -1.718138
vt 1.147874 -1.604387
vt 1.147874 -1.718138
vt 0.589090 -1.718138
vt 0.589090 -1.604387
vt 0.453408 -1.604387
vt 0.298610 -1.604387
vt 0.130644 -1.604387
vt -0.044035 -1.604387
vt 0.130645 -1.604387
vt 0.298611 -1.604387
vt 0.453409 -1.604387
vt 0.589091 -1.604387
vt 0.589091 -1.718138
vt -0.118375 -1.718138
vt -0.118375 -1.604387
vt 0.017307 -1.604387
vt 0.017307 -1.718138
vt 0.172105 -1.604387
vt 0.340071 -1.604387
vt -0.380557 -2.173140
vt 1.410123 -2.173140
vt 0.514749 -2.400641
vt 0.514749 -2.286891
vt 0.689428 -2.286891
vt 0.689428 -2.400641
vt 0.857394 -2.286891
vt 0.857394 -2.400641
vt 1.012192 -2.286891
vt 1.012192 -2.400641
vt 1.147874 -2.286891
vt 1.147874 -2.400641
vt 0.589090 -2.400641
vt 0.589090 -2.286891
vt 0.453408 -2.286891
vt 0.453408 -2.400641
vt 0.298610 -2.286891
vt 0.298610 -2.400641
vt 0.130644 -2.286891
vt 0.130644 -2.400641
vt -0.044035 -2.286891
vt -0.044035 -2.400641
vt 0.130645 -2.400641
vt 0.130645 -2.286891
vt 0.298611 -2.286891
vt 0.298611 -2.400641
vt 0.453409 -2.286891
vt 0.453409 -2.400641
vt 0.589091 -2.286891
vt 0.589091 -2.400641
vt -0.118375 -2.400641
vt -0.118375 -2.286891
vt 0.017307 -2.286891
vt 0.017307 -2.400641
vt 0.172105 -2.286891
vt 0.172105 -2.400641
vt 0.340071 -2.286891
vt 0.340071 -2.400641
vt 0.439945 1.950518
vt 0.439945 2.024903
vt 0.434269 2.024903
vt 0.434269 1.950518
vt 0.649221 2.173674
vt 0.649221 2.099288
vt 0.643545 2.099288
vt 0.643545 2.173674
vt 0.439945 2.173674
vt 0.439945 2.099288
vt 0.436590 2.099288
vt 0.436590 2.173674
vt 0.649221 1.950518
vt 0.649221 2.024903
vt 0.645866 2.024903
vt 0.645866 1.950518
vt 0.514749 2.831888
vt 0.689428 2.831888
vt 0.857394 2.831888
vt 0.453408 2.831888
vt 0.298610 2.831888
vt 0.130644 2.831888
vt -0.044035 2.831888
vt 0.130645 2.831888
vt 0.298611 2.831888
vt 0.453409 2.831888
vt 0.172105 2.831888
vt 0.340071 2.831888
vt -0.379943 2.945638
vt 1.410123 2.945638
vt 0.439945 1.504204
vt 0.439945 1.578590
vt 0.434269 1.578590
vt 0.434269 1.504204
vt 0.649221 1.727361
vt 0.649221 1.652975
vt 0.643545 1.652975
vt 0.643545 1.727361
vt 0.439945 1.727361
vt 0.439945 1.652975
vt 0.436590 1.652975
vt 0.436590 1.727361
vt 0.340071 2.149384
vt 0.514749 2.149384
vt 0.172105 2.149384
vt 0.298611 2.149384
vt 0.453409 2.149384
vt 0.130645 2.149384
vt 0.130644 2.149384
vt -0.044035 2.149384
vt 0.298610 2.149384
vt 0.453408 2.149384
vt 0.649221 1.504204
vt 0.649221 1.578590
vt 0.645866 1.578590
vt 0.645866 1.504204
vt 0.689428 2.149384
vt 0.857394 2.149384
vt -0.380025 2.263135
vt 1.410123 2.263134
vt 0.439945 1.057891
vt 0.439945 1.132277
vt 0.434269 1.132277
vt 0.434269 1.057891
vt 0.649221 1.281048
vt 0.649221 1.206662
vt 0.643545 1.206662
vt 0.643545 1.281048
vt 0.649221 1.057891
vt 0.649221 1.132277
vt 0.645866 1.132277
vt 0.645866 1.057891
vt 0.439945 1.281048
vt 0.439945 1.206662
vt 0.436590 1.206662
vt 0.436590 1.281048
vt 0.340071 1.466880
vt 0.514749 1.466880
vt 0.172105 1.466880
vt 0.298611 1.466880
vt 0.453409 1.466880
vt 0.130645 1.466880
vt 0.130644 1.466880
vt -0.044035 1.466880
vt 0.298610 1.466880
vt 0.453408 1.466880
vt 0.689428 1.466880
vt 0.857394 1.466880
vt -0.380107 1.580631
vt 1.410123 1.580631
vt 0.439945 0.611578
vt 0.439945 0.685964
vt 0.434269 0.685964
vt 0.434269 0.611578
vt 0.649221 0.834735
vt 0.649221 0.760349
vt 0.643545 0.760349
vt 0.643545 0.834735
vt 0.649221 0.611578
vt 0.649221 0.685964
vt 0.645866 0.685964
vt 0.645866 0.611578
vt 0.340071 0.784376
vt 0.514749 0.784377
vt 0.172105 0.784376
vt 0.298611 0.784376
vt 0.453409 0.784376
vt 0.130645 0.784376
vt 0.130644 0.784376
vt -0.044035 0.784376
vt 0.298610 0.784376
vt 0.453408 0.784376
vt 0.689428 0.784376
vt 0.857394 0.784376
vt 0.439945 0.834735
vt 0.439945 0.760349
vt 0.436590 0.760349
vt 0.436590 0.834735
vt -0.380189 0.898127
vt 1.410123 0.898127
vt 0.439945 0.165265
vt 0.439945 0.239651
vt 0.434269 0.239651
vt 0.434269 0.165265
vt 0.649221 0.388422
vt 0.649221 0.314036
vt 0.643545 0.314036
vt 0.643545 0.388422
vt 0.649221 0.165265
vt 0.649221 0.239651
vt 0.645866 0.239651
vt 0.645866 0.165265
vt 0.340071 0.101873
vt 0.514749 0.101873
vt 0.172105 0.101873
vt 0.298611 0.101873
vt 0.453409 0.101873
vt 0.130645 0.101873
vt 0.130644 0.101873
vt -0.044035 0.101873
vt 0.298610 0.101873
vt 0.453408 0.101873
vt 0.689428 0.101873
vt 0.857394 0.101873
vt 0.439945 0.388422
vt 0.439945 0.314036
vt 0.436590 0.314036
vt 0.436590 0.388422
vt -0.380270 0.215623
vt 1.410123 0.215623
vt 0.439945 -0.281048
vt 0.439945 -0.206662
vt 0.434269 -0.206662
vt 0.434269 -0.281048
vt 0.649221 -0.057891
vt 0.649221 -0.132277
vt 0.643545 -0.132277
vt 0.643545 -0.057891
vt 0.649221 -0.281048
vt 0.649221 -0.206662
vt 0.645866 -0.206662
vt 0.645866 -0.281048
vt 0.439945 -0.057891
vt 0.439945 -0.132277
vt 0.436590 -0.132277
vt 0.436590 -0.057891
vt 0.340071 -0.580631
vt 0.514749 -0.580631
vt 0.172105 -0.580631
vt 0.298611 -0.580631
vt 0.453409 -0.580631
vt 0.130645 -0.580631
vt 0.130644 -0.580631
vt -0.044035 -0.580631
vt 0.298610 -0.580631
vt 0.453408 -0.580631
vt 0.689428 -0.580631
vt 0.857394 -0.580631
vt -0.380352 -0.466880
vt 1.410123 -0.466880
vt 0.649221 -0.504205
vt 0.649221 -0.578590
vt 0.643545 -0.578590
vt 0.643545 -0.504205
vt 0.649221 -0.727361
vt 0.649221 -0.652976
vt 0.645866 -0.652976
vt 0.645866 -0.727361
vt 0.439945 -0.504205
vt 0.439945 -0.578590
vt 0.436590 -0.578590
vt 0.436590 -0.504205
vt 0.439945 -0.727361
vt 0.439945 -0.652976
vt 0.434269 -0.652976
vt 0.434269 -0.727361
vt 0.340071 -1.263135
vt 0.514749 -1.263135
vt 0.172105 -1.263135
vt 0.298611 -1.263135
vt 0.453409 -1.263135
vt 0.130645 -1.263135
vt 0.130644 -1.263135
vt -0.044035 -1.263135
vt 0.298610 -1.263135
vt 0.453408 -1.263135
vt 0.689428 -1.263135
vt 0.857394 -1.263135
vt -0.380434 -1.149384
vt 1.410123 -1.149384
vt 0.649221 -0.950518
vt 0.649221 -1.024903
vt 0.643545 -1.024903
vt 0.643545 -0.950518
vt 0.649221 -1.173674
vt 0.649221 -1.099289
vt 0.645866 -1.099289
vt 0.645866 -1.173674
vt 0.439945 -0.950518
vt 0.439945 -1.024903
vt 0.436590 -1.024903
vt 0.436590 -0.950518
vt 0.340071 -1.945639
vt 0.514749 -1.945639
vt 0.172105 -1.945639
vt 0.298611 -1.945639
vt 0.453409 -1.945639
vt 0.130645 -1.945639
vt 0.130644 -1.945639
vt -0.044035 -1.945639
vt 0.298610 -1.945639
vt 0.453408 -1.945639
vt 0.689428 -1.945639
vt 0.857394 -1.945639
vt 0.439945 -1.173674
vt 0.439945 -1.099289
vt 0.434269 -1.099289
vt 0.434269 -1.173674
vt -0.380516 -1.831888
vt 1.410123 -1.831888
vt -0.576998 -0.403456
vt -0.556901 -0.254332
vt 0.143715 0.932014
vt 0.143715 0.951926
vt 0.077572 0.951926
vt 0.077572 0.932014
vt 0.350328 0.932014
vt 0.350328 0.951926
vt 0.416471 0.951926
vt 0.416471 0.932014
vt 0.274867 0.932014
vt 0.274867 0.951926
vt 0.274867 0.812542
vt 0.274867 0.832454
vt 0.350328 0.832454
vt 0.350328 0.812542
vt 0.416471 0.832454
vt 0.416471 0.812542
vt 0.143715 0.812542
vt 0.143715 0.832454
vt 0.077572 0.832454
vt 0.077572 0.812542
vt 0.274867 0.693070
vt 0.274867 0.712982
vt 0.350328 0.712982
vt 0.350328 0.693070
vt 0.416471 0.712982
vt 0.416471 0.693070
vt 0.143715 0.693070
vt 0.143715 0.712982
vt 0.077572 0.712982
vt 0.077572 0.693070
vt 0.274867 0.573598
vt 0.274867 0.593510
vt 0.350328 0.593510
vt 0.350328 0.573598
vt 0.416471 0.593510
vt 0.416471 0.573598
vt 0.143715 0.573598
vt 0.143715 0.593510
vt 0.077572 0.593510
vt 0.077572 0.573598
vt 0.274867 0.454126
vt 0.274867 0.474038
vt 0.350328 0.474038
vt 0.350328 0.454126
vt 0.416471 0.474038
vt 0.416471 0.454126
vt 0.143715 0.454126
vt 0.143715 0.474038
vt 0.077572 0.474038
vt 0.077572 0.454126
vt 0.274867 0.334654
vt 0.274867 0.354566
vt 0.350328 0.354566
vt 0.350328 0.334654
vt 0.416471 0.354566
vt 0.416471 0.334654
vt 0.143715 0.334654
vt 0.143715 0.354566
vt 0.077572 0.354566
vt 0.077572 0.334654
vt 0.274867 0.215182
vt 0.274867 0.235094
vt 0.350328 0.235094
vt 0.350328 0.215182
vt 0.416471 0.235094
vt 0.416471 0.215182
vt 0.143715 0.215182
vt 0.143715 0.235094
vt 0.077572 0.235094
vt 0.077572 0.215182
vt 0.274867 0.095710
vt 0.274867 0.115622
vt 0.350328 0.115622
vt 0.350328 0.095710
vt 0.416471 0.115622
vt 0.416471 0.095710
vt 0.143715 0.095710
vt 0.143715 0.115622
vt 0.077572 0.115622
vt 0.077572 0.095710
vt 0.167551 0.944434
vt 0.167551 0.965106
vt 0.265787 0.965106
vt 0.265787 0.944434
vt 0.081447 0.944434
vt 0.081447 0.965106
vt 0.434269 0.944434
vt 0.434269 0.965106
vt 0.520373 0.965106
vt 0.520373 0.944434
vt 0.434269 0.820406
vt 0.434269 0.841078
vt 0.520373 0.841078
vt 0.520373 0.820406
vt 0.081447 0.820406
vt 0.081447 0.841078
vt 0.167551 0.841078
vt 0.167551 0.820406
vt 0.265787 0.841078
vt 0.265787 0.820406
vt 0.434269 0.696378
vt 0.434269 0.717049
vt 0.520373 0.717049
vt 0.520373 0.696378
vt 0.081447 0.696378
vt 0.081447 0.717049
vt 0.167551 0.717049
vt 0.167551 0.696378
vt 0.265787 0.717049
vt 0.265787 0.696378
vt 0.434269 0.572350
vt 0.434269 0.593021
vt 0.520373 0.593021
vt 0.520373 0.572350
vt 0.081447 0.572350
vt 0.081447 0.593021
vt 0.167551 0.593021
vt 0.167551 0.572350
vt 0.265787 0.593021
vt 0.265787 0.572350
vt 0.434269 0.448321
vt 0.434269 0.468993
vt 0.520373 0.468993
vt 0.520373 0.448321
vt 0.081447 0.448321
vt 0.081447 0.468993
vt 0.167551 0.468993
vt 0.167551 0.448321
vt 0.265787 0.468993
vt 0.265787 0.448321
vt 0.434269 0.324293
vt 0.434269 0.344965
vt 0.520373 0.344965
vt 0.520373 0.324293
vt 0.081447 0.324293
vt 0.081447 0.344965
vt 0.167551 0.344965
vt 0.167551 0.324293
vt 0.265787 0.344965
vt 0.265787 0.324293
vt 0.434269 0.200265
vt 0.434269 0.220936
vt 0.520373 0.220936
vt 0.520373 0.200265
vt 0.081447 0.200265
vt 0.081447 0.220936
vt 0.167551 0.220936
vt 0.167551 0.200265
vt 0.265787 0.220936
vt 0.265787 0.200265
vt 0.434269 0.076237
vt 0.434269 0.096908
vt 0.520373 0.096908
vt 0.520373 0.076237
vt 0.081447 0.076237
vt 0.081447 0.096908
vt 0.167551 0.096908
vt 0.167551 0.076237
vt 0.265787 0.096908
vt 0.265787 0.076237
vt 0.434269 0.903092
vt 0.434269 0.923763
vt 0.520373 0.923763
vt 0.520373 0.903092
vt 0.081447 0.903092
vt 0.081447 0.923763
vt 0.167551 0.923763
vt 0.167551 0.903092
vt 0.265787 0.923763
vt 0.265787 0.903092
vt 0.274867 0.892190
vt 0.274867 0.912102
vt 0.350328 0.912102
vt 0.350328 0.892190
vt 0.416471 0.912102
vt 0.416471 0.892190
vt 0.143715 0.892190
vt 0.143715 0.912102
vt 0.077572 0.912102
vt 0.077572 0.892190
vt 0.167551 0.779063
vt 0.167551 0.799735
vt 0.265787 0.799735
vt 0.265787 0.779063
vt 0.081447 0.779063
vt 0.081447 0.799735
vt 0.434269 0.779063
vt 0.434269 0.799735
vt 0.520373 0.799735
vt 0.520373 0.779063
vt 0.143715 0.772718
vt 0.143715 0.792630
vt 0.077572 0.792630
vt 0.077572 0.772718
vt 0.350328 0.772718
vt 0.350328 0.792630
vt 0.416471 0.792630
vt 0.416471 0.772718
vt 0.274867 0.772718
vt 0.274867 0.792630
vt 0.167551 0.655035
vt 0.167551 0.675707
vt 0.265787 0.675707
vt 0.265787 0.655035
vt 0.081447 0.655035
vt 0.081447 0.675707
vt 0.434269 0.655035
vt 0.434269 0.675707
vt 0.520373 0.675707
vt 0.520373 0.655035
vt 0.143715 0.653246
vt 0.143715 0.673158
vt 0.077572 0.673158
vt 0.077572 0.653246
vt 0.350328 0.653246
vt 0.350328 0.673158
vt 0.416471 0.673158
vt 0.416471 0.653246
vt 0.274867 0.653246
vt 0.274867 0.673158
vt 0.167551 0.531007
vt 0.167551 0.551678
vt 0.265787 0.551678
vt 0.265787 0.531007
vt 0.081447 0.531007
vt 0.081447 0.551678
vt 0.434269 0.531007
vt 0.434269 0.551678
vt 0.520373 0.551678
vt 0.520373 0.531007
vt 0.143715 0.533774
vt 0.143715 0.553686
vt 0.077572 0.553686
vt 0.077572 0.533774
vt 0.350328 0.533774
vt 0.350328 0.553686
vt 0.416471 0.553686
vt 0.416471 0.533774
vt 0.274867 0.533774
vt 0.274867 0.553686
vt 0.167551 0.406979
vt 0.167551 0.427650
vt 0.265787 0.427650
vt 0.265787 0.406979
vt 0.081447 0.406979
vt 0.081447 0.427650
vt 0.434269 0.406979
vt 0.434269 0.427650
vt 0.520373 0.427650
vt 0.520373 0.406979
vt 0.143715 0.414302
vt 0.143715 0.434214
vt 0.077572 0.434214
vt 0.077572 0.414302
vt 0.350328 0.414302
vt 0.350328 0.434214
vt 0.416471 0.434214
vt 0.416471 0.414302
vt 0.274867 0.414302
vt 0.274867 0.434214
vt 0.167551 0.282950
vt 0.167551 0.303622
vt 0.265787 0.303622
vt 0.265787 0.282950
vt 0.081447 0.282950
vt 0.081447 0.303622
vt 0.434269 0.282950
vt 0.434269 0.303622
vt 0.520373 0.303622
vt 0.520373 0.282950
vt 0.143715 0.294830
vt 0.143715 0.314742
vt 0.077572 0.314742
vt 0.077572 0.294830
vt 0.350328 0.294830
vt 0.350328 0.314742
vt 0.416471 0.314742
vt 0.416471 0.294830
vt 0.274867 0.294830
vt 0.274867 0.314742
vt 0.167551 0.158922
vt 0.167551 0.179594
vt 0.265787 0.179594
vt 0.265787 0.158922
vt 0.081447 0.158922
vt 0.081447 0.179594
vt 0.434269 0.158922
vt 0.434269 0.179594
vt 0.520373 0.179594
vt 0.520373 0.158922
vt 0.143715 0.175358
vt 0.143715 0.195270
vt 0.077572 0.195270
vt 0.077572 0.175358
vt 0.350328 0.175358
vt 0.350328 0.195270
vt 0.416471 0.195270
vt 0.416471 0.175358
vt 0.274867 0.175358
vt 0.274867 0.195270
vt 0.167551 0.034894
vt 0.167551 0.055565
vt 0.265787 0.055565
vt 0.265787 0.034894
vt 0.081447 0.034894
vt 0.081447 0.055565
vt 0.434269 0.034894
vt 0.434269 0.055565
vt 0.520373 0.055565
vt 0.520373 0.034894
vt 0.143715 0.055886
vt 0.143715 0.075798
vt 0.077572 0.075798
vt 0.077572 0.055886
vt 0.350328 0.055886
vt 0.350328 0.075798
vt 0.416471 0.075798
vt 0.416471 0.055886
vt 0.274867 0.055886
vt 0.274867 0.075798
vn 0.0000 1.0000 -0.0001
vn 0.0000 0.7179 0.6961
vn 0.0725 0.7147 0.6956
vn 0.1010 0.9949 -0.0005
vn 0.1491 0.7041 0.6942
vn 0.2072 0.9783 -0.0015
vn 0.2337 0.6832 0.6918
vn 0.3238 0.9461 -0.0030
vn 0.3313 0.6457 0.6879
vn 0.4566 0.8896 -0.0050
vn 0.4462 0.5792 0.6821
vn 0.6102 0.7922 -0.0075
vn 0.5764 0.4618 0.6742
vn 0.7802 0.6254 -0.0103
vn 0.6969 0.2668 0.6657
vn 0.9337 0.3576 -0.0127
vn 0.6388 -0.5232 0.5641
vn 0.7710 -0.6367 -0.0104
vn -0.9338 0.3571 -0.0214
vn -0.6988 0.2671 0.6635
vn -0.5779 0.4624 0.6725
vn -0.7807 0.6246 -0.0172
vn -0.4472 0.5798 0.6810
vn -0.6110 0.7916 -0.0125
vn -0.3318 0.6461 0.6873
vn -0.4573 0.8892 -0.0081
vn -0.2338 0.6834 0.6916
vn -0.3243 0.9459 -0.0045
vn -0.1488 0.7041 0.6943
vn -0.2074 0.9782 -0.0019
vn -0.0723 0.7147 0.6957
vn -0.6418 -0.5213 0.5624
vn -0.1010 0.9949 -0.0005
vn 0.7703 -0.6376 -0.0013
vn -0.7702 -0.6377 -0.0103
vn -0.7706 -0.6373 -0.0028
vn 0.7703 -0.6376 0.0016
vn 0.7725 -0.6350 -0.0054
vn -0.7701 -0.6378 -0.0103
vn -0.7705 -0.6374 -0.0027
vn 0.7708 -0.6369 -0.0104
vn 0.7703 -0.6376 0.0055
vn -0.7707 -0.6368 0.0182
vn -0.7717 -0.6356 0.0224
vn 0.7707 -0.6371 0.0100
vn 0.7727 -0.6347 -0.0048
vn -0.7703 -0.6376 -0.0035
vn -0.7706 -0.6373 0.0020
vn 0.7718 -0.6357 -0.0104
vn 0.7707 -0.6372 -0.0013
vn -0.7724 -0.6349 0.0180
vn -0.7732 -0.6341 0.0105
vn 0.7707 -0.6372 0.0016
vn 0.7705 -0.6373 0.0052
vn -0.7726 -0.6345 -0.0179
vn -0.7721 -0.6352 -0.0216
vn 0.7708 -0.6370 0.0089
vn 0.7712 -0.6365 -0.0104
vn -0.7708 -0.6370 0.0107
vn -0.7711 -0.6364 0.0183
vn 0.7709 -0.6369 -0.0086
vn 0.7713 -0.6363 0.0090
vn -0.7727 -0.6347 0.0034
vn -0.7721 -0.6354 0.0020
vn 0.7723 -0.6351 0.0117
vn -0.0840 0.9958 -0.0356
vn -0.0883 0.9953 -0.0395
vn 0.0034 0.9991 -0.0421
vn 0.0046 0.9992 -0.0381
vn -0.1026 0.9947 0.0015
vn -0.1029 0.9947 0.0013
vn -0.0000 1.0000 0.0000
vn -0.0001 1.0000 0.0001
vn -0.1023 0.9947 -0.0015
vn -0.1019 0.9948 -0.0013
vn -0.0001 1.0000 -0.0001
vn -0.1008 0.9949 0.0000
vn -0.1010 0.9949 0.0001
vn 0.0001 1.0000 0.0000
vn -0.1029 0.9944 0.0231
vn -0.1031 0.9944 0.0204
vn -0.0091 0.9998 0.0193
vn -0.0067 0.9997 0.0215
vn -0.1021 0.9945 -0.0203
vn -0.1022 0.9945 -0.0213
vn -0.0067 0.9997 -0.0213
vn -0.0090 0.9998 -0.0193
vn -0.1032 0.9946 0.0001
vn -0.1031 0.9947 -0.0001
vn -0.0001 1.0000 -0.0000
vn -0.1033 0.9946 0.0001
vn -0.1034 0.9946 -0.0002
vn -0.1787 0.9834 -0.0303
vn -0.3881 0.7691 0.5077
vn -0.2099 0.9777 0.0038
vn -0.4008 0.7512 0.5244
vn -0.2098 0.9777 -0.0038
vn -0.4043 0.7552 0.5158
vn -0.2062 0.9785 0.0000
vn -0.3975 0.7532 0.5240
vn -0.2049 0.9785 0.0228
vn -0.3933 0.7496 0.5323
vn -0.2012 0.9793 -0.0190
vn -0.3990 0.7579 0.5162
vn -0.2115 0.9774 0.0000
vn -0.4047 0.7530 0.5188
vn -0.2115 0.9774 0.0004
vn -0.4049 0.7530 0.5187
vn -0.2923 0.9560 -0.0235
vn -0.2160 0.6976 0.6831
vn -0.3272 0.9449 0.0070
vn -0.2352 0.6793 0.6951
vn -0.3272 0.9449 -0.0070
vn -0.2369 0.6838 0.6901
vn -0.3221 0.9467 0.0002
vn -0.2323 0.6825 0.6929
vn -0.3195 0.9473 0.0211
vn -0.2272 0.6768 0.7002
vn -0.3140 0.9492 -0.0162
vn -0.2276 0.6883 0.6887
vn -0.3299 0.9440 0.0000
vn -0.2380 0.6809 0.6926
vn -0.3298 0.9441 0.0008
vn -0.4297 0.9028 -0.0163
vn -0.3164 0.6589 0.6824
vn -0.4600 0.8878 0.0113
vn -0.3312 0.6397 0.6936
vn -0.4600 0.8878 -0.0113
vn -0.3352 0.6464 0.6854
vn -0.4546 0.8907 0.0007
vn -0.3291 0.6445 0.6901
vn -0.4529 0.8914 0.0188
vn -0.3244 0.6409 0.6957
vn -0.4469 0.8944 -0.0126
vn -0.3238 0.6491 0.6883
vn -0.4637 0.8860 0.0000
vn -0.3359 0.6417 0.6895
vn -0.4635 0.8861 0.0013
vn -0.5929 0.8052 -0.0098
vn -0.3762 0.9054 0.1966
vn -0.6125 0.7902 0.0163
vn -0.3918 0.8940 0.2172
vn -0.6125 0.7902 -0.0163
vn -0.3860 0.9011 0.1975
vn -0.6084 0.7936 0.0014
vn -0.3888 0.8973 0.2088
vn -0.6086 0.7933 0.0168
vn -0.3826 0.8974 0.2195
vn -0.6036 0.7972 -0.0089
vn -0.3854 0.8993 0.2068
vn -0.6170 0.7869 0.0000
vn -0.3928 0.8957 0.2084
vn -0.6167 0.7871 0.0020
vn -0.3927 0.8957 0.2084
vn -0.7727 0.6347 -0.0045
vn -0.7758 0.6309 -0.0029
vn -0.7808 0.6243 0.0217
vn -0.7814 0.6238 0.0179
vn -0.7808 0.6243 -0.0217
vn -0.7803 0.6250 -0.0216
vn -0.7791 0.6269 0.0024
vn -0.7799 0.6258 0.0096
vn -0.7806 0.6248 0.0154
vn -0.7793 0.6265 0.0083
vn -0.7777 0.6286 -0.0054
vn -0.7790 0.6268 0.0161
vn -0.7851 0.6193 0.0000
vn -0.7849 0.6196 -0.0027
vn -0.7849 0.6196 0.0027
vn -0.9322 0.3618 -0.0013
vn -0.9329 0.3600 -0.0006
vn -0.9333 0.3580 0.0263
vn -0.9335 0.3579 0.0219
vn -0.9333 0.3580 -0.0263
vn -0.9333 0.3582 -0.0263
vn -0.9334 0.3587 0.0033
vn -0.9337 0.3579 0.0122
vn -0.9343 0.3562 0.0147
vn -0.9341 0.3570 0.0060
vn -0.9335 0.3584 -0.0023
vn -0.9335 0.3576 0.0241
vn -0.9356 0.3531 0.0000
vn -0.9355 0.3533 -0.0035
vn -0.9355 0.3534 0.0035
vn -0.9355 0.3534 -0.0035
vn 0.9312 0.3644 0.0083
vn 0.9323 0.3615 0.0090
vn 0.7721 -0.6353 0.0127
vn 0.9343 0.3565 -0.0061
vn 0.9341 0.3569 -0.0105
vn 0.7707 -0.6372 -0.0050
vn 0.9339 0.3572 0.0127
vn 0.9341 0.3569 0.0105
vn 0.7711 -0.6365 0.0107
vn 0.9344 0.3562 0.0017
vn 0.7714 -0.6362 0.0016
vn 0.9336 0.3581 -0.0104
vn 0.7714 -0.6362 -0.0117
vn 0.9339 0.3573 0.0127
vn 0.7711 -0.6366 0.0125
vn 0.9339 0.3572 -0.0127
vn 0.7705 -0.6373 -0.0086
vn 0.9343 0.3565 0.0061
vn 0.7702 -0.6378 0.0053
vn 0.7697 0.6384 0.0003
vn 0.7739 0.6334 0.0008
vn 0.7815 0.6238 -0.0049
vn 0.7812 0.6243 -0.0085
vn 0.7807 0.6248 0.0103
vn 0.7812 0.6243 0.0085
vn 0.7818 0.6235 0.0013
vn 0.7801 0.6255 -0.0101
vn 0.7792 0.6268 -0.0080
vn 0.7801 0.6256 0.0099
vn 0.7810 0.6244 0.0083
vn 0.7807 0.6248 -0.0103
vn 0.7815 0.6238 0.0049
vn 0.5901 0.8072 -0.0090
vn 0.3830 0.9059 0.1808
vn 0.6120 0.7909 -0.0035
vn 0.3959 0.8978 0.1925
vn 0.6108 0.7917 0.0076
vn 0.3979 0.8953 0.2002
vn 0.6123 0.7906 0.0009
vn 0.3978 0.8960 0.1971
vn 0.6087 0.7933 -0.0064
vn 0.3917 0.8997 0.1923
vn 0.6072 0.7945 0.0056
vn 0.3964 0.8963 0.1987
vn 0.6115 0.7912 -0.0062
vn 0.3953 0.8984 0.1912
vn 0.6120 0.7909 0.0035
vn 0.4306 0.9023 -0.0184
vn 0.3169 0.6593 0.6818
vn 0.4584 0.8887 -0.0024
vn 0.3327 0.6445 0.6883
vn 0.4573 0.8892 0.0051
vn 0.3304 0.6425 0.6914
vn 0.4588 0.8885 0.0006
vn 0.3319 0.6431 0.6901
vn 0.4516 0.8922 -0.0011
vn 0.3258 0.6473 0.6891
vn 0.4482 0.8939 0.0002
vn 0.3261 0.6473 0.6889
vn 0.4580 0.8889 -0.0042
vn 0.3326 0.6451 0.6879
vn 0.4584 0.8887 0.0024
vn 0.2990 0.9539 -0.0271
vn 0.2206 0.6972 0.6821
vn 0.3254 0.9455 -0.0014
vn 0.2351 0.6825 0.6920
vn 0.3245 0.9459 0.0031
vn 0.2337 0.6811 0.6938
vn 0.3257 0.9455 0.0004
vn 0.2347 0.6816 0.6930
vn 0.3143 0.9493 0.0055
vn 0.2241 0.6833 0.6948
vn 0.3100 0.9507 -0.0056
vn 0.2259 0.6877 0.6899
vn 0.3251 0.9457 -0.0026
vn 0.2348 0.6829 0.6917
vn 0.3254 0.9455 0.0014
vn 0.1917 0.9808 -0.0338
vn 0.3855 0.7607 0.5222
vn 0.2085 0.9780 -0.0008
vn 0.3895 0.7497 0.5349
vn 0.2078 0.9781 0.0017
vn 0.3862 0.7483 0.5393
vn 0.2086 0.9780 0.0002
vn 0.3879 0.7489 0.5373
vn 0.1954 0.9806 0.0122
vn 0.3705 0.7516 0.5456
vn 0.1908 0.9815 -0.0112
vn 0.3783 0.7570 0.5327
vn 0.2086 0.9780 -0.0013
vn 0.3890 0.7498 0.5351
vn 0.2088 0.9779 0.0007
vn 0.3885 0.7487 0.5372
vn 0.0966 0.9946 -0.0375
vn 0.0980 0.9943 -0.0414
vn 0.1019 0.9948 -0.0005
vn 0.1021 0.9948 -0.0008
vn 0.1016 0.9948 0.0008
vn 0.1016 0.9948 0.0006
vn 0.1017 0.9948 0.0001
vn 0.0905 0.9957 0.0177
vn 0.0864 0.9961 0.0163
vn 0.0862 0.9961 -0.0161
vn 0.0905 0.9957 -0.0179
vn 0.1023 0.9948 -0.0005
vn 0.1021 0.9948 -0.0005
vn 0.1024 0.9947 0.0002
vn 0.1025 0.9947 0.0001
vn 0.7707 -0.6371 -0.0105
vn -0.7720 -0.6353 -0.0215
vn -0.7713 -0.6361 -0.0215
vn 0.7704 -0.6374 -0.0086
vn -0.1028 0.9947 -0.0010
vn -0.1023 0.9947 -0.0011
vn -0.0001 1.0000 -0.0002
vn -0.9768 0.2138 -0.0123
vn -0.3988 0.7512 -0.5260
vn -0.2282 0.6535 0.7216
vn -0.8264 0.1315 0.5474
vn -0.3935 0.8967 -0.2025
vn -0.3367 0.6440 -0.6869
vn -0.3181 0.6102 -0.7255
vn 0.0081 0.7974 -0.6034
vn -0.2282 0.6535 0.7217
vn -0.7835 0.6211 -0.0175
vn -0.7826 0.6222 -0.0212
vn -0.3931 0.8933 -0.2176
vn -0.0907 0.9958 -0.0022
vn -0.9348 0.3546 -0.0216
vn -0.9344 0.3554 -0.0261
vn 0.7701 -0.6378 -0.0050
vn 0.1145 0.9934 -0.0007
vn 0.3979 0.8953 -0.2002
vn 0.1151 0.9933 -0.0002
vn 0.0106 0.7945 0.6072
vn 0.0139 0.9999 0.0000
vn 0.3158 0.6115 0.7255
vn 0.3219 0.6505 -0.6879
vn 0.3883 0.9015 -0.1908
vn 0.0033 0.7940 -0.6078
vn 0.3038 0.6179 -0.7252
vn 0.1021 0.9948 -0.0001
vn 0.1017 0.9948 -0.0004
vn 0.3863 0.7483 -0.5392
vn 0.9821 0.1882 -0.0032
vn -0.0002 1.0000 0.0001
vn 0.1017 0.9948 0.0005
vn 0.1016 0.9948 0.0004
vn 0.3887 0.7499 -0.5352
vn 0.9823 0.1874 0.0038
vn 0.2349 0.6818 -0.6927
vn 0.3323 0.6434 -0.6896
vn 0.3151 0.6120 -0.7254
vn 0.2237 0.6536 -0.7230
vn 0.8314 0.1107 -0.5445
vn 0.9911 0.1329 0.0040
vn 0.1103 0.9939 0.0008
vn 0.0053 0.7931 0.6090
vn 0.0015 1.0000 0.0023
vn 0.1169 0.9931 0.0009
vn 0.3953 0.8984 -0.1912
vn 0.7806 0.6250 0.0053
vn 0.9339 0.3573 0.0066
vn 0.7708 -0.6370 0.0107
vn 0.7725 -0.6350 0.0056
vn -0.9352 0.3539 -0.0091
vn -0.9352 0.3539 0.0091
vn -0.7843 0.6203 0.0073
vn -0.7843 0.6203 -0.0073
vn -0.0957 0.9954 -0.0010
vn -0.2236 0.6593 0.7179
vn -0.8200 0.1472 0.5531
vn -0.2166 0.6519 0.7267
vn -0.8253 0.1314 0.5492
vn -0.2236 0.6535 0.7231
vn -0.8246 0.1324 0.5500
vn -0.9770 0.2130 -0.0051
vn -0.4039 0.7533 -0.5189
vn -0.1029 0.9947 0.0004
vn -0.1028 0.9947 -0.0005
vn 0.7705 -0.6374 0.0089
vn -0.7702 -0.6377 0.0107
vn -0.7735 -0.6337 0.0077
vn -0.0019 0.9999 -0.0089
vn -0.0005 1.0000 -0.0016
vn 0.1020 0.9948 -0.0009
vn 0.0997 0.9950 -0.0065
vn 0.3882 0.7487 -0.5373
vn 0.9814 0.1920 -0.0023
vn 0.3151 0.6104 0.7266
vn 0.0081 0.7944 0.6073
vn 0.2199 0.6871 -0.6924
vn 0.2094 0.6594 -0.7219
vn 0.3875 0.7495 -0.5367
vn 0.8306 0.1088 -0.5461
vn 0.1151 0.9933 0.0002
vn 0.3978 0.8960 -0.1971
vn 0.7818 0.6235 -0.0013
vn 0.9344 0.3562 -0.0017
vn 0.7705 -0.6374 -0.0013
vn 0.7705 -0.6374 0.0016
vn -0.9351 0.3540 0.0125
vn -0.9355 0.3533 0.0035
vn -0.7840 0.6206 0.0096
vn -0.3928 0.8957 -0.2084
vn -0.0898 0.9959 -0.0002
vn -0.2361 0.6879 -0.6863
vn -0.4060 0.7595 -0.5082
vn -0.8288 0.1337 -0.5433
vn -0.2258 0.6571 -0.7192
vn -0.2251 0.6566 0.7198
vn -0.8289 0.1316 0.5436
vn -0.3351 0.6488 -0.6832
vn -0.3173 0.6152 -0.7217
vn -0.9758 0.2184 0.0042
vn -0.4045 0.7532 -0.5187
vn -0.1034 0.9946 -0.0018
vn -0.1032 0.9946 -0.0093
vn 0.7703 -0.6377 -0.0050
vn -0.7712 -0.6365 0.0001
vn -0.7705 -0.6374 0.0031
vn -0.0120 0.9999 0.0032
vn -0.0120 0.9999 -0.0034
vn 0.0816 0.9966 -0.0024
vn 0.0817 0.9966 0.0028
vn 0.3678 0.7564 -0.5409
vn 0.9787 0.2053 0.0020
vn 0.8283 0.1111 -0.5491
vn 0.9912 0.1324 -0.0037
vn 0.1145 0.9934 0.0007
vn 0.0076 0.7944 0.6073
vn 0.0137 0.9999 -0.0003
vn 0.3156 0.6136 0.7237
vn 0.0132 0.7944 0.6072
vn 0.1092 0.9940 0.0010
vn 0.7781 0.6281 0.0082
vn 0.7778 0.6284 0.0036
vn 0.9335 0.3583 0.0104
vn 0.9335 0.3586 0.0044
vn 0.7720 -0.6355 0.0093
vn 0.7728 -0.6347 0.0035
vn -0.9333 0.3589 -0.0122
vn -0.9328 0.3596 -0.0221
vn -0.7760 0.6304 -0.0185
vn -0.7768 0.6296 -0.0092
vn -0.3792 0.8995 -0.2170
vn -0.0771 0.9970 0.0005
vn -0.2274 0.6514 0.7238
vn -0.8225 0.1327 0.5530
vn -0.3870 0.9007 -0.1971
vn 0.0020 0.7973 -0.6036
vn -0.2141 0.6669 0.7137
vn -0.8210 0.1606 0.5478
vn -0.9757 0.2190 -0.0060
vn -0.3915 0.7526 -0.5293
vn -0.1026 0.9947 -0.0046
vn -0.1030 0.9947 0.0029
vn 0.7716 -0.6360 0.0121
vn -0.7711 -0.6364 -0.0208
vn -0.7706 -0.6371 -0.0175
vn -0.0005 1.0000 0.0018
vn -0.0019 0.9999 0.0091
vn 0.0990 0.9951 0.0059
vn 0.1012 0.9948 0.0005
vn 0.3847 0.7513 -0.5362
vn 0.9820 0.1887 -0.0028
vn 0.8278 0.1275 -0.5463
vn 0.1169 0.9931 -0.0009
vn 0.0131 0.7943 0.6073
vn 0.0100 0.9999 0.0000
vn 0.3087 0.6229 0.7188
vn -0.0031 0.8001 0.5998
vn 0.7707 -0.6371 -0.0086
vn 0.7704 -0.6374 -0.0050
vn -0.9340 0.3562 0.0260
vn -0.9343 0.3554 0.0261
vn -0.7823 0.6225 0.0216
vn -0.7817 0.6233 0.0211
vn -0.0907 0.9958 0.0027
vn -0.2357 0.6839 -0.6905
vn -0.4008 0.7547 -0.5194
vn -0.8275 0.1318 -0.5456
vn -0.2233 0.6560 -0.7209
vn 0.0057 0.7975 0.6033
vn -0.3193 0.6106 0.7246
vn -0.2226 0.6813 -0.6973
vn -0.8214 0.1418 -0.5523
vn -0.2158 0.6561 -0.7231
vn -0.9766 0.2144 0.0140
vn -0.1023 0.9947 0.0112
vn -0.1019 0.9948 0.0031
vn 0.7710 -0.6367 -0.0107
vn -0.7707 -0.6370 0.0180
vn -0.7710 -0.6365 0.0219
vn 0.1017 0.9948 -0.0001
vn 0.3879 0.7489 -0.5373
vn 0.9821 0.1883 0.0009
vn 0.3313 0.6457 -0.6879
vn 0.3980 0.8970 -0.1921
vn 0.0063 0.7943 -0.6075
vn 0.3135 0.6108 -0.7270
vn 0.8295 0.1110 0.5474
vn 0.2254 0.6541 0.7220
vn -0.9334 0.3586 -0.0125
vn -0.9333 0.3589 -0.0034
vn -0.7790 0.6270 -0.0027
vn -0.7794 0.6263 -0.0102
vn -0.3865 0.8989 -0.2065
vn -0.0903 0.9959 -0.0014
vn -0.3338 0.6467 -0.6858
vn -0.3147 0.6150 -0.7230
vn -0.0903 0.9959 0.0013
vn -0.3860 0.9010 -0.1981
vn 0.0063 0.7971 -0.6039
vn 0.0171 0.9998 -0.0010
vn -0.9771 0.2126 -0.0031
vn -0.3979 0.7536 -0.5231
vn -0.1009 0.9949 0.0000
vn -0.1010 0.9949 -0.0002
vn 0.7715 -0.6362 -0.0013
vn -0.7722 -0.6354 0.0001
vn -0.7729 -0.6345 -0.0027
vn 0.1019 0.9948 0.0002
vn 0.3865 0.7490 -0.5382
vn 0.9821 0.1881 -0.0064
vn 0.3319 0.6431 -0.6901
vn 0.0106 0.7945 -0.6072
vn 0.3158 0.6115 -0.7255
vn 0.2338 0.6832 -0.6918
vn 0.2237 0.6537 -0.7229
vn 0.8313 0.1108 0.5446
vn 0.2244 0.6557 0.7209
vn 0.1146 0.9934 -0.0016
vn 0.7804 0.6252 0.0000
vn 0.9339 0.3575 0.0000
vn 0.7741 -0.6330 0.0001
vn 0.7715 -0.6361 -0.0104
vn -0.9338 0.3577 0.0000
vn -0.9337 0.3578 -0.0128
vn -0.7819 0.6233 -0.0104
vn -0.7821 0.6232 0.0000
vn -0.3912 0.8948 -0.2148
vn -0.0882 0.9961 0.0000
vn -0.3187 0.6448 -0.6947
vn -0.3054 0.6138 -0.7280
vn -0.3305 0.6400 -0.6936
vn -0.3165 0.6070 -0.7290
vn 0.0152 0.7974 -0.6032
vn -0.9766 0.2149 0.0000
vn -0.4029 0.7520 -0.5217
vn -0.1030 0.9947 -0.0007
vn -0.1031 0.9947 0.0000
vn 0.7715 -0.6361 0.0107
vn -0.7712 -0.6363 -0.0179
vn -0.7708 -0.6370 -0.0105
vn 0.0010 0.9998 -0.0187
vn 0.0002 1.0000 -0.0039
vn 0.1015 0.9948 -0.0039
vn 0.1007 0.9947 -0.0184
vn 0.9805 0.1966 -0.0014
vn 0.2347 0.6816 -0.6930
vn 0.2254 0.6540 -0.7221
vn 0.8282 0.1119 -0.5490
vn 0.8259 0.1245 0.5498
vn 0.2212 0.6571 0.7206
vn 0.1129 0.9936 -0.0019
vn 0.3975 0.8964 -0.1960
vn 0.7809 0.6246 0.0041
vn 0.9342 0.3567 0.0060
vn 0.7708 -0.6370 0.0016
vn 0.7707 -0.6372 0.0053
vn -0.9334 0.3586 0.0125
vn -0.9333 0.3584 0.0217
vn -0.7799 0.6257 0.0178
vn -0.7794 0.6263 0.0102
vn 0.0205 0.8003 0.5991
vn -0.3134 0.6138 0.7245
vn 0.0104 0.7975 -0.6032
vn 0.0083 0.9999 0.0000
vn 0.0254 0.7968 -0.6037
vn -0.9750 0.2219 -0.0031
vn -0.1008 0.9949 -0.0023
vn -0.0975 0.9951 -0.0163
vn 0.7708 -0.6370 -0.0013
vn -0.7719 -0.6353 0.0219
vn -0.7725 -0.6347 0.0182
vn -0.6364 -0.5227 -0.5672
vn -0.6918 0.2703 -0.6695
vn -0.5661 0.4699 -0.6772
vn -0.4277 0.5899 -0.6848
vn -0.3053 0.6553 -0.6909
vn -0.2043 0.6887 -0.6956
vn -0.1226 0.7042 -0.6993
vn -0.0563 0.7097 -0.7022
vn 0.0043 0.7118 -0.7023
vn 0.0675 0.7091 -0.7019
vn 0.1329 0.7008 -0.7008
vn 0.2089 0.6862 -0.6967
vn 0.3054 0.6549 -0.6912
vn 0.4256 0.5923 -0.6841
vn 0.5650 0.4743 -0.6751
vn 0.6937 0.2737 -0.6662
vn 0.6385 -0.5230 -0.5645
vn 0.7721 -0.6354 0.0105
vn -0.7728 -0.6346 0.0024
vn 0.8296 0.1110 -0.5473
vn 0.9912 0.1321 0.0021
vn 0.0112 0.7944 -0.6072
vn 0.3048 0.6156 0.7267
vn 0.0141 0.9999 0.0000
vn 0.9881 0.1536 0.0013
vn 0.3133 0.6118 0.7263
vn 0.0126 0.9999 0.0000
vn 0.8282 0.1112 -0.5492
vn 0.3151 0.6141 0.7236
vn 0.1078 0.9941 -0.0100
vn 0.0048 0.9998 -0.0150
vn 0.8296 0.1109 -0.5473
vn 0.9912 0.1324 0.0010
vn 0.2326 0.6823 -0.6930
vn 0.2250 0.6534 -0.7228
vn 0.9910 0.1335 -0.0072
vn 0.2187 0.6681 0.7111
vn 0.3301 0.6427 -0.6913
vn 0.3151 0.6104 -0.7266
vn 0.9915 0.1297 0.0042
vn 0.2249 0.6554 0.7210
vn 0.0081 0.7944 -0.6073
vn 0.2250 0.6534 0.7228
vn 0.2254 0.6541 0.7221
vn 0.2106 0.6562 0.7246
vn 0.2348 0.6829 -0.6917
vn 0.2244 0.6557 -0.7209
vn 0.2254 0.6541 -0.7221
vn 0.3326 0.6451 -0.6879
vn 0.3151 0.6141 -0.7236
vn 0.0131 0.7943 -0.6073
vn 0.3304 0.6425 -0.6914
vn 0.8246 0.1390 0.5484
vn 0.2337 0.6811 -0.6938
vn 0.8315 0.1110 0.5442
vn 0.8283 0.1111 0.5491
vn 0.8296 0.1109 0.5473
vn 0.8292 0.1198 0.5460
vn -0.3289 0.6450 -0.6897
vn -0.3129 0.6124 -0.7260
vn 0.0134 0.7969 -0.6039
vn -0.2383 0.6824 -0.6910
vn -0.2274 0.6532 -0.7222
vn -0.3067 0.6212 0.7211
vn -0.2321 0.6827 -0.6929
vn -0.2230 0.6548 -0.7221
vn -0.8255 0.1317 -0.5488
vn -0.3172 0.6077 0.7280
vn -0.8256 0.1323 -0.5485
vn -0.3162 0.6156 0.7218
vn -0.3134 0.6102 0.7276
vn -0.3066 0.6115 0.7294
vn -0.9768 0.2141 -0.0070
vn -0.9875 0.1573 -0.0075
vn -0.9767 0.2142 -0.0070
vn -0.9875 0.1572 -0.0075
vn -0.3359 0.6417 -0.6895
vn -0.3188 0.6106 -0.7248
vn 0.0058 0.7975 -0.6033
vn -0.9759 0.2181 0.0074
vn -0.9871 0.1598 0.0121
vn -0.3328 0.6401 -0.6924
vn -0.3182 0.6091 -0.7264
vn 0.0091 0.9999 0.0005
vn -0.2380 0.6809 -0.6926
vn -0.2273 0.6531 -0.7223
vn -0.9761 0.2170 0.0013
vn -0.9853 0.1706 -0.0009
vn -0.2364 0.6796 -0.6944
vn -0.2280 0.6524 -0.7227
vn 0.0130 0.9999 0.0003
vn -0.8267 0.1304 -0.5473
vn 0.0178 0.7990 0.6010
vn -0.9771 0.2126 0.0078
vn -0.9873 0.1584 0.0092
vn -0.8244 0.1324 -0.5503
vn 0.0089 0.9999 -0.0027
vn 0.0139 0.7974 0.6032
vn -0.9770 0.2128 -0.0100
vn -0.9873 0.1585 -0.0115
vn 0.0235 0.9997 0.0023
vn 0.0036 0.7972 0.6037
vn -0.9766 0.2148 0.0078
vn -0.9874 0.1578 0.0083
vn 0.0127 0.9999 -0.0007
vn 0.0155 0.7971 0.6037
vn -0.2343 0.6796 -0.6951
vn -0.8219 0.1324 -0.5540
vn -0.2267 0.6511 -0.7243
vn -0.9741 0.2257 -0.0106
vn -0.9862 0.1656 0.0007
vn 0.0165 0.9998 0.0005
vn 0.0183 0.7940 0.6076
vn -0.7713 -0.6365 0.0002
vn 0.1024 0.9947 -0.0003
vn 0.2088 0.9779 -0.0008
vn -0.2116 0.9773 0.0000
vn -0.1034 0.9946 0.0000
vn -0.7706 -0.6373 0.0031
vn -0.0000 1.0000 0.0001
vn 0.1022 0.9948 0.0004
vn 0.2084 0.9780 0.0013
vn 0.3251 0.9457 0.0026
vn 0.4580 0.8889 0.0042
vn 0.6115 0.7912 0.0062
vn -0.9352 0.3539 0.0126
vn -0.7844 0.6202 0.0101
vn -0.6161 0.7876 0.0074
vn -0.4629 0.8864 0.0049
vn -0.3293 0.9442 0.0030
vn -0.2111 0.9774 0.0016
vn -0.1030 0.9947 0.0005
vn -0.7727 -0.6344 -0.0177
vn -0.1017 0.9948 -0.0009
vn -0.2086 0.9780 -0.0031
vn -0.3258 0.9454 -0.0063
vn -0.4590 0.8884 -0.0104
vn -0.6124 0.7904 -0.0155
vn -0.7816 0.6233 -0.0211
vn -0.9340 0.3562 -0.0260
vn 0.6108 0.7917 -0.0076
vn 0.4573 0.8892 -0.0051
vn 0.3245 0.9459 -0.0031
vn 0.2077 0.9782 -0.0016
vn 0.1013 0.9948 -0.0005
vn -0.7778 -0.6285 0.0010
vn -0.0108 0.9998 -0.0118
vn 0.0831 0.9965 -0.0094
vn 0.1870 0.9823 -0.0062
vn 0.3060 0.9520 -0.0024
vn 0.4445 0.8957 0.0018
vn 0.6046 0.7965 0.0060
vn 0.7790 0.6270 0.0098
vn 0.9337 0.3578 0.0126
vn -0.9326 0.3598 -0.0277
vn -0.7757 0.6306 -0.0247
vn -0.6009 0.7990 -0.0211
vn -0.4440 0.8958 -0.0183
vn -0.3114 0.9501 -0.0163
vn -0.1995 0.9798 -0.0149
vn -0.1021 0.9947 -0.0136
vn -0.7705 -0.6373 0.0100
vn -0.0042 0.9998 0.0179
vn 0.0950 0.9954 0.0138
vn 0.2013 0.9795 0.0080
vn 0.3203 0.9473 0.0017
vn 0.4557 0.8901 -0.0036
vn 0.6106 0.7919 -0.0073
vn -0.9344 0.3554 0.0224
vn -0.7819 0.6231 0.0201
vn -0.6112 0.7912 0.0187
vn -0.4562 0.8896 0.0188
vn -0.3225 0.9463 0.0197
vn -0.2065 0.9782 0.0204
vn -0.1026 0.9945 0.0200
vn -0.7729 -0.6345 0.0029
vn 0.2086 0.9780 -0.0002
vn 0.3257 0.9455 -0.0004
vn 0.4588 0.8885 -0.0006
vn 0.6123 0.7906 -0.0009
vn -0.9333 0.3591 0.0000
vn -0.7787 0.6273 0.0000
vn -0.6080 0.7939 0.0000
vn -0.4543 0.8908 0.0000
vn -0.3219 0.9467 0.0000
vn -0.7716 -0.6358 -0.0217
vn 0.1017 0.9948 0.0007
vn 0.2076 0.9782 0.0016
vn 0.3238 0.9461 0.0030
vn 0.4566 0.8896 0.0050
vn 0.6102 0.7922 0.0075
vn 0.7802 0.6254 0.0103
vn 0.9337 0.3576 0.0127
vn -0.9335 0.3579 -0.0219
vn -0.7814 0.6238 -0.0179
vn -0.6136 0.7895 -0.0135
vn -0.4612 0.8872 -0.0093
vn -0.3283 0.9445 -0.0058
vn -0.2106 0.9775 -0.0031
vn -0.1027 0.9947 -0.0012
vn -0.7715 -0.6359 0.0220
vn 0.1018 0.9948 -0.0002
vn -0.9333 0.3582 0.0263
vn -0.7803 0.6250 0.0216
vn -0.6114 0.7911 0.0162
vn -0.4586 0.8885 0.0112
vn -0.3258 0.9454 0.0069
vn -0.2089 0.9779 0.0035
vn -0.1021 0.9948 0.0013
vn -0.7727 -0.6348 0.0033
vn 0.0056 0.9997 -0.0233
vn 0.0954 0.9951 -0.0230
vn 0.1879 0.9820 -0.0204
vn 0.2934 0.9558 -0.0159
vn 0.4248 0.9052 -0.0101
vn 0.5852 0.8108 -0.0040
vn 0.7668 0.6419 0.0022
vn 0.9304 0.3665 0.0077
vn -0.9316 0.3633 -0.0012
vn -0.7703 0.6376 -0.0033
vn -0.5885 0.8084 -0.0063
vn -0.4243 0.9055 -0.0100
vn -0.2865 0.9580 -0.0141
vn -0.1735 0.9846 -0.0182
vn -0.0805 0.9965 -0.0215
vn -0.0906 0.9959 -0.0013
vn 0.0077 1.0000 0.0003
vn -0.9874 0.1574 -0.0133
vn 0.9821 0.1881 -0.0007
vn 0.9912 0.1325 -0.0009
vn 0.1024 0.9947 0.0000
vn -0.9352 0.3539 -0.0126
vn -0.7844 0.6202 -0.0101
vn -0.1032 0.9947 -0.0006
vn -0.7707 -0.6369 -0.0178
vn -0.9874 0.1581 -0.0055
vn -0.1028 0.9947 -0.0006
vn 0.9339 0.3573 -0.0066
vn 0.7806 0.6250 -0.0053
vn 0.9823 0.1873 -0.0034
vn 0.9911 0.1329 -0.0040
vn -0.7735 -0.6338 -0.0074
vn -0.0872 0.9962 -0.0041
vn 0.0136 0.9998 -0.0087
vn -0.9877 0.1558 0.0074
vn 0.9805 0.1964 -0.0024
vn 0.9907 0.1360 0.0056
vn -0.1028 0.9945 -0.0179
vn -0.0042 0.9998 -0.0177
vn -0.7819 0.6232 0.0148
vn -0.9344 0.3554 0.0208
vn 0.0954 0.9953 -0.0144
vn -0.7701 -0.6378 0.0107
vn -0.0794 0.9968 0.0060
vn 0.0228 0.9997 0.0073
vn -0.9853 0.1704 -0.0073
vn 0.9791 0.2032 0.0023
vn 0.9882 0.1531 -0.0015
vn -0.1031 0.9946 0.0122
vn -0.0110 0.9998 0.0117
vn -0.7781 0.6282 0.0006
vn -0.9337 0.3579 -0.0019
vn 0.9335 0.3585 -0.0043
vn 0.7782 0.6279 -0.0031
vn 0.0833 0.9965 0.0099
vn 0.0003 1.0000 0.0005
vn -0.7700 -0.6379 -0.0105
vn -0.0907 0.9958 0.0023
vn 0.0145 0.9999 -0.0007
vn -0.9874 0.1574 0.0146
vn 0.9821 0.1883 -0.0009
vn 0.9912 0.1324 -0.0010
vn -0.1014 0.9948 0.0005
vn -0.7808 0.6246 0.0172
vn -0.9338 0.3570 0.0214
vn -0.7716 -0.6357 0.0218
vn -0.0900 0.9959 -0.0022
vn 0.0149 0.9999 0.0007
vn -0.9873 0.1585 -0.0040
vn 0.9821 0.1884 0.0034
vn 0.9912 0.1324 0.0037
vn -0.1015 0.9948 -0.0007
vn -0.7799 0.6257 -0.0178
vn -0.9333 0.3584 -0.0217
vn 0.1016 0.9948 0.0003
vn -0.7733 -0.6339 -0.0103
vn -0.9875 0.1578 0.0000
vn 0.9821 0.1882 -0.0076
vn 0.9911 0.1331 -0.0080
vn 0.0118 0.9999 0.0000
vn -0.0884 0.9961 0.0013
vn 0.0089 0.9999 -0.0003
vn -0.1031 0.9947 0.0007
vn -0.7819 0.6233 0.0104
vn -0.9337 0.3578 0.0128
vn 0.1023 0.9948 -0.0008
vn -0.7706 -0.6373 0.0001
vn -0.9875 0.1574 0.0055
vn 0.9806 0.1961 -0.0023
vn 0.9906 0.1368 0.0054
vn 0.0117 0.9999 -0.0044
vn -0.0930 0.9951 -0.0328
vn 0.0022 0.9994 -0.0355
vn -0.7784 0.6278 0.0020
vn -0.0866 0.9962 -0.0022
vn -0.9333 0.3590 0.0034
vn 0.9335 0.3584 0.0091
vn 0.7781 0.6282 0.0037
vn 0.0994 0.9944 -0.0349
vn 0.0202 0.9998 -0.0052
vn -0.7732 -0.6341 0.0106
vn 0.4585 0.8887 -0.0024
vn 0.3255 0.9455 -0.0014
vn 0.3242 0.9460 0.0016
vn 0.4570 0.8894 0.0027
vn 0.3247 0.9458 -0.0008
vn 0.4586 0.8886 0.0005
vn 0.3031 0.9529 0.0022
vn 0.4417 0.8972 0.0024
vn 0.3239 0.9461 -0.0030
vn 0.3209 0.9471 -0.0108
vn 0.4548 0.8906 -0.0048
vn -0.3285 0.9445 -0.0053
vn -0.4620 0.8868 -0.0087
vn -0.4628 0.8864 -0.0036
vn -0.3292 0.9442 -0.0022
vn -0.4610 0.8874 0.0010
vn -0.3269 0.9450 -0.0036
vn -0.4454 0.8953 -0.0027
vn -0.3125 0.9499 -0.0002
vn -0.4588 0.8885 0.0107
vn -0.3254 0.9455 0.0071
vn -0.4558 0.8901 -0.0045
vn -0.3231 0.9463 -0.0023
vn -0.4626 0.8866 0.0000
vn -0.3295 0.9441 0.0000
vn -0.4540 0.8910 0.0022
vn -0.3193 0.9476 -0.0042
vn -0.4630 0.8863 -0.0049
vn -0.3293 0.9442 -0.0030
vn 0.4570 0.8894 -0.0027
vn 0.3242 0.9460 -0.0016
vn -0.3226 0.9465 -0.0092
vn -0.4563 0.8898 -0.0016
vn 0.4568 0.8896 0.0007
vn 0.3211 0.9470 -0.0035
vn -0.3143 0.9492 0.0091
vn -0.4472 0.8944 0.0064
vn 0.4430 0.8965 0.0018
vn 0.3046 0.9525 0.0047
vn -0.3243 0.9459 0.0045
vn -0.4574 0.8892 0.0081
vn -0.3244 0.9459 -0.0051
vn -0.4572 0.8893 -0.0089
vn 0.4585 0.8887 0.0024
vn 0.3255 0.9455 0.0014
vn -0.3292 0.9442 0.0033
vn -0.4622 0.8867 0.0053
vn 0.4574 0.8892 -0.0051
vn 0.3246 0.9458 -0.0031
vn -0.3105 0.9504 -0.0178
vn -0.4469 0.8945 -0.0086
vn 0.4474 0.8942 -0.0147
vn 0.3141 0.9491 -0.0242
usemtl Material.001
s 1
f 504/1/1 1/2/2 2/3/3 507/4/4
f 507/4/4 2/3/3 3/5/5 509/6/6
f 509/6/6 3/5/5 4/7/7 511/8/8
f 511/8/8 4/7/7 5/9/9 513/10/10
f 513/11/10 5/12/9 6/13/11 515/14/12
f 515/14/12 6/13/11 7/15/13 517/16/14
f 517/16/14 7/15/13 8/17/15 519/18/16
f 519/18/16 8/17/15 9/19/17 521/20/18
f 523/21/19 10/22/20 11/23/21 525/24/22
f 525/24/22 11/23/21 12/25/23 527/26/24
f 527/26/24 12/25/23 13/27/25 529/28/26
f 529/29/26 13/30/25 14/31/27 531/32/28
f 531/32/28 14/31/27 15/33/29 533/34/30
f 2/35/3 1/36/2 16/37/31 15/38/29 14/39/27 13/40/25 12/41/23 11/42/21 10/43/20 17/44/32 9/45/17 8/46/15 7/47/13 6/48/11 5/49/9 4/50/7 3/51/5
f 533/34/30 15/33/29 16/52/31 535/53/33
f 535/53/33 16/52/31 1/2/2 504/1/1
f 752/54/34 765/55/35 97/56/36 82/57/37
f 794/58/38 807/59/39 96/60/40 83/61/41
f 836/62/42 849/63/43 95/64/44 84/65/45
f 878/66/46 891/67/47 94/68/48 85/69/49
f 920/70/50 933/71/51 93/72/52 86/73/53
f 962/74/54 975/75/55 92/76/56 87/77/57
f 1004/78/58 1017/79/59 91/80/60 88/81/61
f 1046/82/62 1059/83/63 90/84/64 89/85/65
f 739/86/66 153/87/67 18/88/68 708/89/69
f 705/90/70 152/91/71 19/92/72 674/93/73
f 671/94/74 151/95/75 20/96/76 640/97/76
f 637/98/77 150/99/78 21/100/79 606/101/79
f 603/102/80 149/103/81 22/104/82 572/105/83
f 569/106/84 148/107/85 23/108/86 538/109/87
f 467/110/88 147/111/89 24/112/1 436/113/90
f 501/114/91 146/115/92 25/116/90 470/117/90
f 737/118/93 145/119/94 153/87/67 739/86/66
f 703/120/95 144/121/96 152/91/71 705/90/70
f 669/122/97 143/123/98 151/95/75 671/94/74
f 635/124/99 142/125/100 150/99/78 637/98/77
f 601/126/101 141/127/102 149/103/81 603/102/80
f 567/128/103 140/129/104 148/107/85 569/106/84
f 465/130/105 139/131/106 147/111/89 467/110/88
f 499/132/107 138/133/108 146/115/92 501/114/91
f 735/134/109 137/135/110 145/119/94 737/118/93
f 701/136/111 136/137/112 144/121/96 703/120/95
f 667/138/113 135/139/114 143/123/98 669/122/97
f 633/140/115 134/141/116 142/125/100 635/124/99
f 599/142/117 133/143/118 141/127/102 601/126/101
f 565/144/119 132/145/120 140/129/104 567/128/103
f 463/146/121 131/147/122 139/131/106 465/130/105
f 497/148/123 130/149/122 138/133/108 499/132/107
f 733/150/124 129/151/125 137/135/110 735/134/109
f 699/152/126 128/153/127 136/137/112 701/136/111
f 665/154/128 127/155/129 135/139/114 667/138/113
f 631/156/130 126/157/131 134/141/116 633/140/115
f 597/158/132 125/159/133 133/143/118 599/142/117
f 563/160/134 124/161/135 132/145/120 565/144/119
f 461/162/136 123/163/137 131/147/122 463/146/121
f 495/164/138 122/165/137 130/149/122 497/148/123
f 731/166/139 121/167/140 129/168/125 733/169/124
f 697/170/141 120/171/142 128/172/127 699/173/126
f 663/174/143 119/175/144 127/176/129 665/177/128
f 629/178/145 118/179/146 126/180/131 631/181/130
f 595/182/147 117/183/148 125/184/133 597/185/132
f 561/186/149 116/187/150 124/188/135 563/189/134
f 459/190/151 115/191/152 123/192/137 461/193/136
f 493/194/153 114/195/154 122/196/137 495/197/138
f 729/198/155 113/199/156 121/167/140 731/166/139
f 695/200/157 112/201/158 120/171/142 697/170/141
f 661/202/159 111/203/160 119/175/144 663/174/143
f 627/204/161 110/205/162 118/179/146 629/178/145
f 593/206/163 109/207/164 117/183/148 595/182/147
f 559/208/165 108/209/166 116/187/150 561/186/149
f 457/210/167 107/211/168 115/191/152 459/190/151
f 491/212/169 106/213/168 114/195/154 493/194/153
f 727/214/170 105/215/171 113/199/156 729/198/155
f 693/216/172 104/217/173 112/201/158 695/200/157
f 659/218/174 103/219/175 111/203/160 661/202/159
f 625/220/176 102/221/177 110/205/162 627/204/161
f 591/222/178 101/223/179 109/207/164 593/206/163
f 557/224/180 100/225/181 108/209/166 559/208/165
f 455/226/182 99/227/183 107/211/168 457/210/167
f 489/228/184 98/229/185 106/213/168 491/212/169
f 723/230/186 81/231/187 89/232/65 725/233/188
f 689/234/189 80/235/190 88/236/61 691/237/191
f 655/238/192 79/239/193 87/240/57 657/241/194
f 621/242/195 78/243/195 86/244/53 623/245/196
f 587/246/16 77/247/197 85/248/49 589/249/198
f 553/250/199 76/251/193 84/252/45 555/253/200
f 451/254/190 75/255/201 83/256/41 453/257/202
f 485/258/203 74/259/195 82/260/37 487/261/204
f 721/262/205 73/263/206 81/231/187 723/230/186
f 687/264/207 72/265/208 80/235/190 689/234/189
f 653/266/209 71/267/210 79/239/193 655/238/192
f 619/268/211 70/269/211 78/243/195 621/242/195
f 585/270/212 69/271/213 77/247/197 587/246/16
f 551/272/214 68/273/215 76/251/193 553/250/199
f 449/274/208 67/275/216 75/255/201 451/254/190
f 483/276/217 66/277/211 74/259/195 485/258/203
f 719/278/218 65/279/219 73/263/206 721/262/205
f 685/280/220 64/281/221 72/265/208 687/264/207
f 651/282/222 63/283/223 71/267/210 653/266/209
f 617/284/224 62/285/225 70/269/211 619/268/211
f 583/286/226 61/287/227 69/271/213 585/270/212
f 549/288/228 60/289/229 68/273/215 551/272/214
f 447/290/230 59/291/231 67/275/216 449/274/208
f 481/292/232 58/293/225 66/277/211 483/276/217
f 717/294/233 57/295/234 65/279/219 719/278/218
f 683/296/235 56/297/236 64/281/221 685/280/220
f 649/298/237 55/299/238 63/283/223 651/282/222
f 615/300/239 54/301/240 62/285/225 617/284/224
f 581/302/241 53/303/242 61/287/227 583/286/226
f 547/304/243 52/305/244 60/289/229 549/288/228
f 445/306/245 51/307/246 59/291/231 447/290/230
f 479/308/247 50/309/240 58/293/225 481/292/232
f 715/310/248 49/311/249 57/312/234 717/313/233
f 681/314/250 48/315/251 56/316/236 683/317/235
f 647/318/252 47/319/253 55/320/238 649/321/237
f 613/322/254 46/323/255 54/324/240 615/325/239
f 579/326/256 45/327/257 53/328/242 581/329/241
f 545/330/258 44/331/259 52/332/244 547/333/243
f 443/334/260 43/335/261 51/336/246 445/337/245
f 477/338/262 42/339/255 50/340/240 479/341/247
f 713/342/263 41/343/264 49/311/249 715/310/248
f 679/344/265 40/345/266 48/315/251 681/314/250
f 645/346/267 39/347/268 47/319/253 647/318/252
f 611/348/269 38/349/270 46/323/255 613/322/254
f 577/350/271 37/351/272 45/327/257 579/326/256
f 543/352/273 36/353/274 44/331/259 545/330/258
f 441/354/275 35/355/276 43/335/261 443/334/260
f 475/356/277 34/357/278 42/339/255 477/338/262
f 711/358/279 33/359/280 41/343/264 713/342/263
f 677/360/281 32/361/282 40/345/266 679/344/265
f 643/362/283 31/363/284 39/347/268 645/346/267
f 609/364/285 30/365/285 38/349/270 611/348/269
f 575/366/286 29/367/287 37/351/272 577/350/271
f 541/368/288 28/369/289 36/353/274 543/352/273
f 439/370/290 27/371/291 35/355/276 441/354/275
f 473/372/292 26/373/293 34/357/278 475/356/277
f 708/89/69 18/88/68 33/359/280 711/358/279
f 674/93/73 19/92/72 32/361/282 677/360/281
f 640/97/76 20/96/76 31/363/284 643/362/283
f 606/101/79 21/100/79 30/365/285 609/364/285
f 572/105/83 22/104/82 29/367/287 575/366/286
f 538/109/87 23/108/86 28/369/289 541/368/288
f 436/113/90 24/112/1 27/371/291 439/370/290
f 470/117/90 25/116/90 26/373/293 473/372/292
f 522/374/294 505/375/295 155/376/296 163/377/297
f 761/378/298 170/379/299 154/380/300 764/381/76
f 759/382/301 169/383/302 170/379/299 761/378/298
f 138/384/108 130/385/122 404/386/303 420/387/304
f 183/388/305 184/389/306 389/390/307 373/391/308
f 139/392/106 131/393/122 406/394/309 422/395/304
f 755/396/310 165/397/311 166/398/312 757/399/313
f 753/400/314 164/401/315 165/397/311 755/396/310
f 749/402/189 162/403/190 163/404/297 751/405/316
f 747/406/207 161/407/208 162/403/190 749/402/189
f 745/408/317 160/409/318 161/407/208 747/406/207
f 914/410/319 62/411/225 364/412/320 942/413/321
f 62/414/225 54/415/240 348/416/322 364/417/320
f 209/418/323 210/419/324 361/420/325 345/421/326
f 741/422/327 156/423/328 157/424/329 743/425/330
f 764/381/76 154/380/300 156/423/328 741/422/327
f 806/426/90 171/427/331 172/428/332 783/429/333
f 783/429/333 172/428/332 173/430/334 785/431/335
f 276/432/336 277/433/337 353/434/338 337/435/339
f 785/436/335 173/437/334 309/438/340 809/439/341
f 872/440/342 61/441/227 362/442/343 900/443/344
f 787/444/345 176/445/346 177/446/209 789/447/347
f 789/447/347 177/446/209 178/448/192 791/449/348
f 791/449/348 178/448/192 179/450/349 793/451/350
f 795/452/351 181/453/352 182/454/353 797/455/354
f 797/455/354 182/454/353 183/456/305 799/457/355
f 140/458/104 132/459/120 408/460/356 424/461/357
f 141/462/102 133/463/118 410/464/358 426/465/359
f 142/466/100 134/467/116 412/468/360 428/469/361
f 801/470/362 186/471/363 187/472/364 803/473/365
f 803/473/365 187/472/364 171/427/331 806/426/90
f 488/474/366 471/475/367 180/476/368 179/477/349
f 848/478/369 188/479/370 189/480/371 825/481/372
f 825/481/372 189/480/371 190/482/373 827/483/374
f 63/484/223 55/485/238 350/486/375 366/487/376
f 208/488/377 209/418/323 345/421/326 329/489/378
f 275/490/379 276/432/336 337/435/339 321/491/380
f 829/492/381 193/493/382 194/494/383 831/495/211
f 831/495/211 194/494/383 195/496/384 833/497/195
f 833/497/195 195/496/384 196/498/385 835/499/386
f 837/500/387 198/501/388 199/502/169 839/503/389
f 839/503/389 199/502/169 200/504/390 841/505/391
f 236/506/392 237/507/393 427/508/394 411/509/395
f 143/510/98 135/511/114 414/512/396 430/513/397
f 235/514/398 236/506/392 411/509/395 395/515/399
f 843/516/400 203/517/401 204/518/402 845/519/403
f 845/519/403 204/518/402 188/479/370 848/478/369
f 454/520/404 437/521/405 197/522/406 196/523/385
f 890/524/407 205/525/408 206/526/409 867/527/410
f 867/527/410 206/526/409 207/528/411 869/529/412
f 743/530/330 157/531/329 307/532/413 767/533/414
f 830/534/415 60/535/229 360/536/416 858/537/417
f 64/538/221 56/539/236 352/540/418 368/541/419
f 871/542/420 210/543/324 211/544/421 873/545/422
f 873/545/422 211/544/421 212/546/423 875/547/424
f 875/547/424 212/546/423 213/548/425 877/549/426
f 879/550/427 215/551/428 216/552/429 881/553/430
f 881/553/430 216/552/429 217/554/431 883/555/432
f 144/556/96 136/557/112 416/558/433 432/559/434
f 234/560/435 235/514/398 395/515/399 379/561/436
f 145/562/94 137/563/110 418/564/437 434/565/438
f 885/566/439 220/567/440 221/568/441 887/569/442
f 887/569/442 221/568/441 205/525/408 890/524/407
f 556/570/443 539/571/444 214/572/445 213/573/425
f 932/574/446 222/575/447 223/576/448 909/577/449
f 909/577/449 223/576/448 224/578/450 911/579/451
f 207/580/411 208/488/377 329/489/378 313/581/452
f 788/582/453 59/583/231 358/584/454 816/585/455
f 65/586/219 57/587/234 354/588/456 370/589/457
f 913/590/317 227/591/318 228/592/208 915/593/207
f 915/593/207 228/592/208 229/594/190 917/595/189
f 917/595/189 229/594/190 230/596/458 919/597/459
f 921/598/460 232/599/461 233/600/462 923/601/463
f 923/601/463 233/600/462 234/602/435 925/603/464
f 287/604/465 288/605/466 433/606/467 417/607/468
f 122/608/137 114/609/154 372/610/469 388/611/470
f 219/612/471 220/613/440 425/614/472 409/615/473
f 927/616/474 237/617/393 238/618/475 929/619/476
f 929/619/476 238/618/475 222/575/447 932/574/446
f 590/620/477 573/621/478 231/622/479 230/623/458
f 974/624/72 239/625/79 240/626/480 951/627/285
f 951/627/285 240/626/480 241/628/481 953/629/482
f 746/630/319 58/631/225 356/632/320 774/633/321
f 260/634/483 261/635/484 367/636/485 351/637/486
f 42/638/255 34/639/278 308/640/487 324/641/488
f 955/642/381 244/643/382 245/644/383 957/645/211
f 957/645/211 245/644/383 246/646/384 959/647/195
f 959/647/195 246/646/384 247/648/50 961/649/53
f 963/650/489 249/651/490 250/652/491 965/653/492
f 965/653/492 250/652/491 251/654/493 967/655/494
f 286/656/495 287/604/465 417/607/468 401/657/496
f 123/658/137 115/659/152 374/660/469 390/661/470
f 1051/662/497 285/663/498 385/664/499 1069/665/500
f 969/666/501 254/667/502 255/668/503 971/669/504
f 971/669/504 255/668/503 239/625/79 974/624/72
f 624/670/505 607/671/506 248/672/507 247/673/50
f 1016/674/72 256/675/72 257/676/508 993/677/291
f 993/677/291 257/676/508 258/678/509 995/679/510
f 192/680/511 193/681/382 359/682/512 343/683/513
f 259/684/514 260/634/483 351/637/486 335/685/515
f 43/686/261 35/687/276 310/688/516 326/689/517
f 997/690/518 261/691/484 262/692/519 999/693/14
f 999/693/14 262/692/519 263/694/520 1001/695/16
f 1001/695/16 263/694/520 264/696/521 1003/697/522
f 1005/698/523 266/699/524 267/700/525 1007/701/526
f 1007/701/526 267/700/525 268/702/527 1009/703/528
f 218/704/529 219/612/471 409/615/473 393/705/530
f 285/706/498 286/656/495 401/657/496 385/707/499
f 166/708/312 167/709/531 387/710/532 371/711/533
f 1011/712/534 271/713/535 272/714/536 1013/715/537
f 1013/715/537 272/714/536 256/675/72 1016/674/72
f 658/716/538 641/717/539 265/718/540 264/719/521
f 1058/720/541 273/721/542 274/722/543 1035/723/544
f 1035/723/544 274/722/543 275/724/379 1037/725/545
f 191/726/546 192/680/511 343/683/513 327/727/547
f 258/728/509 259/684/514 335/685/515 319/729/548
f 44/730/259 36/731/274 312/732/549 328/733/550
f 1039/734/551 278/735/552 279/736/211 1041/737/553
f 1041/737/553 279/736/211 280/738/195 1043/739/554
f 1043/739/554 280/738/195 281/740/555 1045/741/556
f 1047/742/557 283/743/558 284/744/559 1049/745/560
f 1049/745/560 284/744/559 285/746/498 1051/747/497
f 124/748/135 116/749/150 376/750/561 392/751/562
f 1009/752/528 268/753/527 383/754/563 1027/755/564
f 217/756/431 218/704/529 393/705/530 377/757/565
f 1053/758/566 288/759/466 289/760/567 1055/761/568
f 1055/761/568 289/760/567 273/721/542 1058/720/541
f 692/762/569 675/763/570 282/764/571 281/765/555
f 306/766/572 298/767/573 299/768/574 300/769/575 301/770/576 302/771/577 303/772/578 304/773/579 305/774/580 290/775/581 291/776/582 292/777/583 293/778/584 294/779/585 295/780/586 296/781/587 297/782/588
f 726/783/589 709/784/590 306/785/572 297/786/588
f 827/787/374 190/788/373 311/789/591 851/790/592
f 277/433/337 278/791/552 369/792/593 353/434/338
f 61/793/227 53/794/242 346/795/594 362/796/343
f 956/797/415 63/798/223 366/799/376 984/800/595
f 869/801/412 207/802/411 313/803/452 893/804/596
f 60/805/229 52/806/244 344/807/597 360/808/416
f 998/809/518 64/810/221 368/811/419 1026/812/598
f 911/813/451 224/814/450 315/815/599 935/816/414
f 59/817/231 51/818/246 342/819/600 358/820/454
f 1040/821/601 65/822/219 370/823/457 1068/824/602
f 953/825/482 241/826/481 317/827/603 977/828/604
f 58/829/225 50/830/240 340/831/322 356/832/320
f 224/833/450 225/834/605 331/835/606 315/836/599
f 995/837/510 258/838/509 319/839/548 1019/840/607
f 57/587/234 49/841/249 338/842/608 354/588/456
f 225/834/605 226/843/609 347/844/610 331/835/606
f 1037/845/545 275/846/379 321/847/380 1061/848/611
f 56/539/236 48/849/251 336/850/612 352/540/418
f 226/843/609 227/851/318 363/852/613 347/844/610
f 55/485/238 47/853/253 334/854/614 350/486/375
f 54/415/240 46/855/255 332/856/615 348/416/322
f 53/794/242 45/857/257 330/858/616 346/795/594
f 52/806/244 44/730/259 328/733/550 344/807/597
f 173/859/334 174/860/617 325/861/618 309/862/340
f 51/818/246 43/686/261 326/689/517 342/819/600
f 241/863/481 242/864/546 333/865/619 317/866/603
f 174/860/617 175/867/620 341/868/621 325/861/618
f 50/830/240 42/638/255 324/641/488 340/831/322
f 242/864/546 243/869/511 349/870/513 333/865/619
f 175/867/620 176/871/346 357/872/622 341/868/621
f 159/873/623 160/874/318 355/875/613 339/876/610
f 49/841/249 41/877/264 322/878/624 338/842/608
f 243/869/511 244/879/382 365/880/512 349/870/513
f 158/881/625 159/873/623 339/876/610 323/882/606
f 48/849/251 40/883/266 320/884/626 336/850/612
f 157/885/329 158/881/625 323/882/606 307/886/413
f 47/853/253 39/887/268 318/888/627 334/854/614
f 46/855/255 38/889/270 316/890/628 332/856/615
f 45/857/257 37/891/272 314/892/629 330/858/616
f 190/893/373 191/726/546 327/727/547 311/894/591
f 251/895/493 252/896/630 397/897/631 381/898/632
f 184/389/306 185/899/633 405/900/634 389/390/307
f 137/563/110 129/901/125 402/902/635 418/564/437
f 252/896/630 253/903/636 413/904/637 397/897/631
f 185/899/633 186/905/363 421/906/638 405/900/634
f 136/557/112 128/907/127 400/908/639 416/558/433
f 253/903/636 254/909/502 429/910/640 413/904/637
f 135/511/114 127/911/129 398/912/641 414/512/396
f 134/467/116 126/913/131 396/914/642 412/468/360
f 133/463/118 125/915/133 394/916/643 410/464/358
f 760/917/644 138/918/108 420/919/304 782/920/645
f 132/459/120 124/748/135 392/751/562 408/460/356
f 802/921/646 139/922/106 422/923/304 824/924/647
f 200/925/390 201/926/648 391/927/649 375/928/650
f 131/393/122 123/658/137 390/661/470 406/394/309
f 844/929/651 140/930/104 424/931/357 866/932/652
f 268/933/527 269/934/653 399/935/654 383/936/563
f 757/937/313 166/938/312 371/939/533 775/940/655
f 201/926/648 202/941/656 407/942/657 391/927/649
f 130/385/122 122/608/137 388/611/470 404/386/303
f 886/943/658 141/944/102 426/945/359 908/946/659
f 269/934/653 270/947/660 415/948/661 399/935/654
f 799/949/355 183/950/305 373/951/308 817/952/662
f 202/941/656 203/953/401 423/954/663 407/942/657
f 129/901/125 121/955/140 386/956/664 402/902/635
f 928/957/665 142/958/100 428/959/361 950/960/666
f 270/947/660 271/961/535 431/962/667 415/948/661
f 841/963/391 200/964/390 375/965/650 859/966/668
f 128/907/127 120/967/142 384/968/669 400/908/639
f 970/969/670 143/970/98 430/971/397 992/972/671
f 883/973/432 217/974/431 377/975/565 901/976/672
f 127/911/129 119/977/144 382/978/673 398/912/641
f 1012/979/674 144/980/96 432/981/434 1034/982/675
f 925/983/464 234/984/435 379/985/436 943/986/676
f 126/913/131 118/987/146 380/988/677 396/914/642
f 168/989/678 169/990/302 419/991/679 403/992/680
f 1054/993/681 145/994/94 434/995/438 1076/996/682
f 967/997/494 251/998/493 381/999/632 985/1000/683
f 125/915/133 117/1001/148 378/1002/684 394/916/643
f 167/709/531 168/989/678 403/992/680 387/710/532
f 83/61/41 96/60/40 438/1003/685 453/1004/202
f 453/1004/202 438/1003/685 437/521/405 454/520/404
f 188/479/370 435/1005/90 440/1006/686 189/480/371
f 435/1005/90 436/113/90 439/370/290 440/1006/686
f 189/480/371 440/1006/686 442/1007/687 190/482/373
f 440/1006/686 439/370/290 441/354/275 442/1007/687
f 190/482/373 442/1007/687 444/1008/250 191/1009/546
f 442/1007/687 441/354/275 443/334/260 444/1008/250
f 191/1009/546 444/1008/250 446/1010/235 192/1011/511
f 444/1008/250 443/334/260 445/337/245 446/1010/235
f 192/1012/511 446/1013/235 448/1014/220 193/493/382
f 446/1013/235 445/306/245 447/290/230 448/1014/220
f 193/493/382 448/1014/220 450/1015/207 194/494/383
f 448/1014/220 447/290/230 449/274/208 450/1015/207
f 194/494/383 450/1015/207 452/1016/189 195/496/384
f 450/1015/207 449/274/208 451/254/190 452/1016/189
f 195/496/384 452/1016/189 454/1017/404 196/498/385
f 452/1016/189 451/254/190 453/257/202 454/1017/404
f 198/501/388 456/1018/182 458/1019/167 199/502/169
f 456/1018/182 455/226/182 457/210/167 458/1019/167
f 199/502/169 458/1019/167 460/1020/151 200/504/390
f 458/1019/167 457/210/167 459/190/151 460/1020/151
f 200/504/390 460/1020/151 462/1021/136 201/1022/648
f 460/1020/151 459/190/151 461/193/136 462/1021/136
f 201/1023/648 462/1024/136 464/1025/121 202/1026/656
f 462/1024/136 461/162/136 463/146/121 464/1025/121
f 202/1026/656 464/1025/121 466/1027/688 203/517/401
f 464/1025/121 463/146/121 465/130/105 466/1027/688
f 203/517/401 466/1027/688 468/1028/689 204/518/402
f 466/1027/688 465/130/105 467/110/88 468/1028/689
f 204/518/402 468/1028/689 435/1005/90 188/479/370
f 468/1028/689 467/110/88 436/113/90 435/1005/90
f 82/57/37 97/56/36 472/1029/690 487/1030/204
f 487/1030/204 472/1029/690 471/475/367 488/474/366
f 171/427/331 469/1031/691 474/1032/692 172/428/332
f 469/1031/691 470/117/90 473/372/292 474/1032/692
f 172/428/332 474/1032/692 476/1033/693 173/430/334
f 474/1032/692 473/372/292 475/356/277 476/1033/693
f 173/430/334 476/1033/693 478/1034/694 174/1035/617
f 476/1033/693 475/356/277 477/338/262 478/1034/694
f 174/1035/617 478/1034/694 480/1036/695 175/1037/620
f 478/1034/694 477/338/262 479/341/247 480/1036/695
f 175/1038/620 480/1039/695 482/1040/696 176/445/346
f 480/1039/695 479/308/247 481/292/232 482/1040/696
f 176/445/346 482/1040/696 484/1041/210 177/446/209
f 482/1040/696 481/292/232 483/276/217 484/1041/210
f 177/446/209 484/1041/210 486/1042/193 178/448/192
f 484/1041/210 483/276/217 485/258/203 486/1042/193
f 178/448/192 486/1042/193 488/1043/366 179/450/349
f 486/1042/193 485/258/203 487/261/204 488/1043/366
f 181/453/352 490/1044/697 492/1045/698 182/454/353
f 490/1044/697 489/228/184 491/212/169 492/1045/698
f 182/454/353 492/1045/698 494/1046/699 183/456/305
f 492/1045/698 491/212/169 493/194/153 494/1046/699
f 183/456/305 494/1046/699 496/1047/700 184/1048/306
f 494/1046/699 493/194/153 495/197/138 496/1047/700
f 184/1049/306 496/1050/700 498/1051/701 185/1052/633
f 496/1050/700 495/164/138 497/148/123 498/1051/701
f 185/1052/633 498/1051/701 500/1053/702 186/471/363
f 498/1051/701 497/148/123 499/132/107 500/1053/702
f 186/471/363 500/1053/702 502/1054/703 187/472/364
f 500/1053/702 499/132/107 501/114/91 502/1054/703
f 187/472/364 502/1054/703 469/1031/691 171/427/331
f 502/1054/703 501/114/91 470/117/90 469/1031/691
f 9/1055/17 17/1056/32 506/1057/704 521/1058/18
f 521/1058/18 506/1057/704 505/375/295 522/374/294
f 170/379/299 536/1059/705 503/1060/300 154/380/300
f 536/1059/705 535/53/33 504/1/1 503/1060/300
f 169/383/302 534/1061/706 536/1059/705 170/379/299
f 534/1061/706 533/34/30 535/53/33 536/1059/705
f 168/1062/678 532/1063/707 534/1061/706 169/383/302
f 532/1063/707 531/32/28 533/34/30 534/1061/706
f 167/1064/531 530/1065/708 532/1063/707 168/1062/678
f 530/1065/708 529/29/26 531/32/28 532/1063/707
f 166/398/312 528/1066/709 530/1067/708 167/1068/531
f 528/1066/709 527/26/24 529/28/26 530/1067/708
f 165/397/311 526/1069/710 528/1066/709 166/398/312
f 526/1069/710 525/24/22 527/26/24 528/1066/709
f 164/401/315 524/1070/711 526/1069/710 165/397/311
f 524/1070/711 523/21/19 525/24/22 526/1069/710
f 162/403/190 520/1071/201 522/1072/294 163/404/297
f 520/1071/201 519/18/16 521/20/18 522/1072/294
f 161/407/208 518/1073/216 520/1071/201 162/403/190
f 518/1073/216 517/16/14 519/18/16 520/1071/201
f 160/409/318 516/1074/712 518/1073/216 161/407/208
f 516/1074/712 515/14/12 517/16/14 518/1073/216
f 159/1075/623 514/1076/713 516/1074/712 160/409/318
f 514/1076/713 513/11/10 515/14/12 516/1074/712
f 158/1077/625 512/1078/714 514/1079/713 159/1080/623
f 512/1078/714 511/8/8 513/10/10 514/1079/713
f 157/424/329 510/1081/715 512/1078/714 158/1077/625
f 510/1081/715 509/6/6 511/8/8 512/1078/714
f 156/423/328 508/1082/716 510/1081/715 157/424/329
f 508/1082/716 507/4/4 509/6/6 510/1081/715
f 154/380/300 503/1060/300 508/1082/716 156/423/328
f 503/1060/300 504/1/1 507/4/4 508/1082/716
f 84/65/45 95/64/44 540/1083/717 555/1084/200
f 555/1084/200 540/1083/717 539/571/444 556/570/443
f 205/525/408 537/1085/718 542/1086/719 206/526/409
f 537/1085/718 538/109/87 541/368/288 542/1086/719
f 206/526/409 542/1086/719 544/1087/720 207/528/411
f 542/1086/719 541/368/288 543/352/273 544/1087/720
f 207/528/411 544/1087/720 546/1088/721 208/1089/377
f 544/1087/720 543/352/273 545/330/258 546/1088/721
f 208/1089/377 546/1088/721 548/1090/722 209/1091/323
f 546/1088/721 545/330/258 547/333/243 548/1090/722
f 209/1092/323 548/1093/722 550/1094/723 210/543/324
f 548/1093/722 547/304/243 549/288/228 550/1094/723
f 210/543/324 550/1094/723 552/1095/724 211/544/421
f 550/1094/723 549/288/228 551/272/214 552/1095/724
f 211/544/421 552/1095/724 554/1096/725 212/546/423
f 552/1095/724 551/272/214 553/250/199 554/1096/725
f 212/546/423 554/1096/725 556/1097/443 213/548/425
f 554/1096/725 553/250/199 555/253/200 556/1097/443
f 215/551/428 558/1098/726 560/1099/727 216/552/429
f 558/1098/726 557/224/180 559/208/165 560/1099/727
f 216/552/429 560/1099/727 562/1100/728 217/554/431
f 560/1099/727 559/208/165 561/186/149 562/1100/728
f 217/554/431 562/1100/728 564/1101/729 218/1102/529
f 562/1100/728 561/186/149 563/189/134 564/1101/729
f 218/1103/529 564/1104/729 566/1105/730 219/1106/471
f 564/1104/729 563/160/134 565/144/119 566/1105/730
f 219/1106/471 566/1105/730 568/1107/731 220/567/440
f 566/1105/730 565/144/119 567/128/103 568/1107/731
f 220/567/440 568/1107/731 570/1108/732 221/568/441
f 568/1107/731 567/128/103 569/106/84 570/1108/732
f 221/568/441 570/1108/732 537/1085/718 205/525/408
f 570/1108/732 569/106/84 538/109/87 537/1085/718
f 85/69/49 94/68/48 574/1109/733 589/1110/198
f 589/1110/198 574/1109/733 573/621/478 590/620/477
f 222/575/447 571/1111/734 576/1112/735 223/576/448
f 571/1111/734 572/105/83 575/366/286 576/1112/735
f 223/576/448 576/1112/735 578/1113/736 224/578/450
f 576/1112/735 575/366/286 577/350/271 578/1113/736
f 224/578/450 578/1113/736 580/1114/737 225/1115/605
f 578/1113/736 577/350/271 579/326/256 580/1114/737
f 225/1115/605 580/1114/737 582/1116/738 226/1117/609
f 580/1114/737 579/326/256 581/329/241 582/1116/738
f 226/1118/609 582/1119/738 584/1120/739 227/591/318
f 582/1119/738 581/302/241 583/286/226 584/1120/739
f 227/591/318 584/1120/739 586/1121/216 228/592/208
f 584/1120/739 583/286/226 585/270/212 586/1121/216
f 228/592/208 586/1121/216 588/1122/201 229/594/190
f 586/1121/216 585/270/212 587/246/16 588/1122/201
f 229/594/190 588/1122/201 590/1123/477 230/596/458
f 588/1122/201 587/246/16 589/249/198 590/1123/477
f 232/599/461 592/1124/740 594/1125/741 233/600/462
f 592/1124/740 591/222/178 593/206/163 594/1125/741
f 233/600/462 594/1125/741 596/1126/742 234/602/435
f 594/1125/741 593/206/163 595/182/147 596/1126/742
f 234/602/435 596/1126/742 598/1127/743 235/1128/398
f 596/1126/742 595/182/147 597/185/132 598/1127/743
f 235/1129/398 598/1130/743 600/1131/744 236/1132/392
f 598/1130/743 597/158/132 599/142/117 600/1131/744
f 236/1132/392 600/1131/744 602/1133/745 237/617/393
f 600/1131/744 599/142/117 601/126/101 602/1133/745
f 237/617/393 602/1133/745 604/1134/746 238/618/475
f 602/1133/745 601/126/101 603/102/80 604/1134/746
f 238/618/475 604/1134/746 571/1111/734 222/575/447
f 604/1134/746 603/102/80 572/105/83 571/1111/734
f 86/73/53 93/72/52 608/1135/747 623/1136/196
f 623/1136/196 608/1135/747 607/671/506 624/670/505
f 239/625/79 605/1137/79 610/1138/480 240/626/480
f 605/1137/79 606/101/79 609/364/285 610/1138/480
f 240/626/480 610/1138/480 612/1139/748 241/628/481
f 610/1138/480 609/364/285 611/348/269 612/1139/748
f 241/628/481 612/1139/748 614/1140/749 242/1141/546
f 612/1139/748 611/348/269 613/322/254 614/1140/749
f 242/1141/546 614/1140/749 616/1142/750 243/1143/511
f 614/1140/749 613/322/254 615/325/239 616/1142/750
f 243/1144/511 616/1145/750 618/1146/751 244/643/382
f 616/1145/750 615/300/239 617/284/224 618/1146/751
f 244/643/382 618/1146/751 620/1147/383 245/644/383
f 618/1146/751 617/284/224 619/268/211 620/1147/383
f 245/644/383 620/1147/383 622/1148/384 246/646/384
f 620/1147/383 619/268/211 621/242/195 622/1148/384
f 246/646/384 622/1148/384 624/1149/505 247/648/50
f 622/1148/384 621/242/195 623/245/196 624/1149/505
f 249/651/490 626/1150/752 628/1151/753 250/652/491
f 626/1150/752 625/220/176 627/204/161 628/1151/753
f 250/652/491 628/1151/753 630/1152/754 251/654/493
f 628/1151/753 627/204/161 629/178/145 630/1152/754
f 251/654/493 630/1152/754 632/1153/755 252/1154/630
f 630/1152/754 629/178/145 631/181/130 632/1153/755
f 252/1155/630 632/1156/755 634/1157/756 253/1158/636
f 632/1156/755 631/156/130 633/140/115 634/1157/756
f 253/1158/636 634/1157/756 636/1159/99 254/667/502
f 634/1157/756 633/140/115 635/124/99 636/1159/99
f 254/667/502 636/1159/99 638/1160/77 255/668/503
f 636/1159/99 635/124/99 637/98/77 638/1160/77
f 255/668/503 638/1160/77 605/1137/79 239/625/79
f 638/1160/77 637/98/77 606/101/79 605/1137/79
f 87/77/57 92/76/56 642/1161/757 657/1162/194
f 657/1162/194 642/1161/757 641/717/539 658/716/538
f 256/675/72 639/1163/72 644/1164/758 257/676/508
f 639/1163/72 640/97/76 643/362/283 644/1164/758
f 257/676/508 644/1164/758 646/1165/759 258/678/509
f 644/1164/758 643/362/283 645/346/267 646/1165/759
f 258/678/509 646/1165/759 648/1166/760 259/1167/514
f 646/1165/759 645/346/267 647/318/252 648/1166/760
f 259/1167/514 648/1166/760 650/1168/761 260/1169/483
f 648/1166/760 647/318/252 649/321/237 650/1168/761
f 260/1170/483 650/1171/761 652/1172/762 261/691/484
f 650/1171/761 649/298/237 651/282/222 652/1172/762
f 261/691/484 652/1172/762 654/1173/763 262/692/519
f 652/1172/762 651/282/222 653/266/209 654/1173/763
f 262/692/519 654/1173/763 656/1174/764 263/694/520
f 654/1173/763 653/266/209 655/238/192 656/1174/764
f 263/694/520 656/1174/764 658/1175/538 264/696/521
f 656/1174/764 655/238/192 657/241/194 658/1175/538
f 266/699/524 660/1176/765 662/1177/766 267/700/525
f 660/1176/765 659/218/174 661/202/159 662/1177/766
f 267/700/525 662/1177/766 664/1178/767 268/702/527
f 662/1177/766 661/202/159 663/174/143 664/1178/767
f 268/702/527 664/1178/767 666/1179/768 269/1180/653
f 664/1178/767 663/174/143 665/177/128 666/1179/768
f 269/1181/653 666/1182/768 668/1183/769 270/1184/660
f 666/1182/768 665/154/128 667/138/113 668/1183/769
f 270/1184/660 668/1183/769 670/1185/770 271/713/535
f 668/1183/769 667/138/113 669/122/97 670/1185/770
f 271/713/535 670/1185/770 672/1186/771 272/714/536
f 670/1185/770 669/122/97 671/94/74 672/1186/771
f 272/714/536 672/1186/771 639/1163/72 256/675/72
f 672/1186/771 671/94/74 640/97/76 639/1163/72
f 88/81/61 91/80/60 676/1187/772 691/1188/191
f 691/1188/191 676/1187/772 675/763/570 692/762/569
f 273/721/542 673/1189/73 678/1190/773 274/722/543
f 673/1189/73 674/93/73 677/360/281 678/1190/773
f 274/722/543 678/1190/773 680/1191/748 275/724/379
f 678/1190/773 677/360/281 679/344/265 680/1191/748
f 275/724/379 680/1191/748 682/1192/749 276/1193/336
f 680/1191/748 679/344/265 681/314/250 682/1192/749
f 276/1193/336 682/1192/749 684/1194/750 277/1195/337
f 682/1192/749 681/314/250 683/317/235 684/1194/750
f 277/1196/337 684/1197/750 686/1198/751 278/735/552
f 684/1197/750 683/296/235 685/280/220 686/1198/751
f 278/735/552 686/1198/751 688/1199/383 279/736/211
f 686/1198/751 685/280/220 687/264/207 688/1199/383
f 279/736/211 688/1199/383 690/1200/384 280/738/195
f 688/1199/383 687/264/207 689/234/189 690/1200/384
f 280/738/195 690/1200/384 692/1201/569 281/740/555
f 690/1200/384 689/234/189 691/237/191 692/1201/569
f 283/743/558 694/1202/774 696/1203/775 284/744/559
f 694/1202/774 693/216/172 695/200/157 696/1203/775
f 284/744/559 696/1203/775 698/1204/776 285/746/498
f 696/1203/775 695/200/157 697/170/141 698/1204/776
f 285/746/498 698/1204/776 700/1205/777 286/1206/495
f 698/1204/776 697/170/141 699/173/126 700/1205/777
f 286/1207/495 700/1208/777 702/1209/778 287/1210/465
f 700/1208/777 699/152/126 701/136/111 702/1209/778
f 287/1210/465 702/1209/778 704/1211/779 288/759/466
f 702/1209/778 701/136/111 703/120/95 704/1211/779
f 288/759/466 704/1211/779 706/1212/780 289/760/567
f 704/1211/779 703/120/95 705/90/70 706/1212/780
f 289/760/567 706/1212/780 673/1189/73 273/721/542
f 706/1212/780 705/90/70 674/93/73 673/1189/73
f 89/85/65 90/84/64 710/1213/781 725/1214/188
f 725/1214/188 710/1213/781 709/784/590 726/783/589
f 305/1215/580 707/1216/782 712/1217/783 290/1218/581
f 707/1216/782 708/89/69 711/358/279 712/1217/783
f 290/1218/581 712/1217/783 714/1219/784 291/1220/582
f 712/1217/783 711/358/279 713/342/263 714/1219/784
f 291/1220/582 714/1219/784 716/1221/785 292/1222/583
f 714/1219/784 713/342/263 715/310/248 716/1221/785
f 292/1222/583 716/1221/785 718/1223/786 293/1224/584
f 716/1221/785 715/310/248 717/313/233 718/1223/786
f 293/1225/584 718/1226/786 720/1227/787 294/1228/585
f 718/1226/786 717/294/233 719/278/218 720/1227/787
f 294/1228/585 720/1227/787 722/1229/788 295/1230/586
f 720/1227/787 719/278/218 721/262/205 722/1229/788
f 295/1230/586 722/1229/788 724/1231/789 296/1232/587
f 722/1229/788 721/262/205 723/230/186 724/1231/789
f 296/1232/587 724/1231/789 726/1233/589 297/1234/588
f 724/1231/789 723/230/186 725/233/188 726/1233/589
f 298/1235/573 728/1236/790 730/1237/791 299/1238/574
f 728/1236/790 727/214/170 729/198/155 730/1237/791
f 299/1238/574 730/1237/791 732/1239/792 300/1240/575
f 730/1237/791 729/198/155 731/166/139 732/1239/792
f 300/1240/575 732/1239/792 734/1241/793 301/1242/576
f 732/1239/792 731/166/139 733/169/124 734/1241/793
f 301/1243/576 734/1244/793 736/1245/794 302/1246/577
f 734/1244/793 733/150/124 735/134/109 736/1245/794
f 302/1246/577 736/1245/794 738/1247/795 303/1248/578
f 736/1245/794 735/134/109 737/118/93 738/1247/795
f 303/1248/578 738/1247/795 740/1249/796 304/1250/579
f 738/1247/795 737/118/93 739/86/66 740/1249/796
f 304/1250/579 740/1249/796 707/1216/782 305/1215/580
f 740/1249/796 739/86/66 708/89/69 707/1216/782
f 114/1251/154 758/1252/797 776/1253/798 372/1254/469
f 758/1252/797 757/937/313 775/940/655 776/1253/798
f 169/1255/302 759/1256/301 781/1257/799 419/1258/679
f 759/1256/301 760/917/644 782/920/645 781/1257/799
f 160/1259/318 745/1260/317 773/1261/595 355/1262/613
f 745/1260/317 746/630/319 774/633/321 773/1261/595
f 34/1263/278 744/1264/800 768/1265/801 308/1266/487
f 744/1264/800 743/530/330 767/533/414 768/1265/801
f 25/116/90 763/1267/72 742/1268/802 26/373/293
f 763/1267/72 764/381/76 741/422/327 742/1268/802
f 26/373/293 742/1268/802 744/1269/800 34/357/278
f 742/1268/802 741/422/327 743/425/330 744/1269/800
f 58/293/225 746/1270/319 748/1271/383 66/277/211
f 746/1270/319 745/408/317 747/406/207 748/1271/383
f 66/277/211 748/1271/383 750/1272/384 74/259/195
f 748/1271/383 747/406/207 749/402/189 750/1272/384
f 74/259/195 750/1272/384 752/1273/34 82/260/37
f 750/1272/384 749/402/189 751/405/316 752/1273/34
f 98/229/185 754/1274/803 756/1275/804 106/213/168
f 754/1274/803 753/400/314 755/396/310 756/1275/804
f 106/213/168 756/1275/804 758/1276/797 114/195/154
f 756/1275/804 755/396/310 757/399/313 758/1276/797
f 138/133/108 760/1277/644 762/1278/805 146/115/92
f 760/1277/644 759/382/301 761/378/298 762/1278/805
f 146/115/92 762/1278/805 763/1267/72 25/116/90
f 762/1278/805 761/378/298 764/381/76 763/1267/72
f 163/377/297 155/376/296 766/1279/806 751/1280/316
f 751/1280/316 766/1279/806 765/55/35 752/54/34
f 115/1281/152 800/1282/797 818/1283/798 374/1284/469
f 800/1282/797 799/949/355 817/952/662 818/1283/798
f 186/1285/363 801/1286/362 823/1287/807 421/1288/638
f 801/1286/362 802/921/646 824/924/647 823/1287/807
f 176/1289/346 787/1290/345 815/1291/455 357/1292/622
f 787/1290/345 788/582/453 816/585/455 815/1291/455
f 147/111/89 804/1293/808 805/1294/1 24/112/1
f 804/1293/808 803/473/365 806/426/90 805/1294/1
f 139/131/106 802/1295/646 804/1293/808 147/111/89
f 802/1295/646 801/470/362 803/473/365 804/1293/808
f 107/211/168 798/1296/804 800/1297/797 115/191/152
f 798/1296/804 797/455/354 799/457/355 800/1297/797
f 99/227/183 796/1298/803 798/1296/804 107/211/168
f 796/1298/803 795/452/351 797/455/354 798/1296/804
f 75/255/201 792/1299/809 794/1300/38 83/256/41
f 792/1299/809 791/449/348 793/451/350 794/1300/38
f 67/275/216 790/1301/810 792/1299/809 75/255/201
f 790/1301/810 789/447/347 791/449/348 792/1299/809
f 59/291/231 788/1302/453 790/1301/810 67/275/216
f 788/1302/453 787/444/345 789/447/347 790/1301/810
f 35/1303/276 786/1304/811 810/1305/812 310/1306/516
f 786/1304/811 785/436/335 809/439/341 810/1305/812
f 27/371/291 784/1307/773 786/1308/811 35/355/276
f 784/1307/773 783/429/333 785/431/335 786/1308/811
f 24/112/1 805/1294/1 784/1307/773 27/371/291
f 805/1294/1 806/426/90 783/429/333 784/1307/773
f 179/477/349 180/476/368 808/1309/813 793/1310/350
f 793/1310/350 808/1309/813 807/59/39 794/58/38
f 116/1311/150 842/1312/814 860/1313/815 376/1314/561
f 842/1312/814 841/963/391 859/966/668 860/1313/815
f 203/1315/401 843/1316/400 865/1317/816 423/1318/663
f 843/1316/400 844/929/651 866/932/652 865/1317/816
f 36/1319/274 828/1320/817 852/1321/818 312/1322/549
f 828/1320/817 827/787/374 851/790/592 852/1321/818
f 193/1323/382 829/1324/381 857/1325/321 359/1326/512
f 829/1324/381 830/534/415 858/537/417 857/1325/321
f 148/107/85 846/1327/819 847/1328/820 23/108/86
f 846/1327/819 845/519/403 848/478/369 847/1328/820
f 140/129/104 844/1329/651 846/1327/819 148/107/85
f 844/1329/651 843/516/400 845/519/403 846/1327/819
f 108/209/166 840/1330/821 842/1331/814 116/187/150
f 840/1330/821 839/503/389 841/505/391 842/1331/814
f 100/225/181 838/1332/822 840/1330/821 108/209/166
f 838/1332/822 837/500/387 839/503/389 840/1330/821
f 76/251/193 834/1333/203 836/1334/42 84/252/45
f 834/1333/203 833/497/195 835/499/386 836/1334/42
f 68/273/215 832/1335/217 834/1333/203 76/251/193
f 832/1335/217 831/495/211 833/497/195 834/1333/203
f 60/289/229 830/1336/415 832/1335/217 68/273/215
f 830/1336/415 829/492/381 831/495/211 832/1335/217
f 28/369/289 826/1337/823 828/1338/817 36/353/274
f 826/1337/823 825/481/372 827/483/374 828/1338/817
f 23/108/86 847/1328/820 826/1337/823 28/369/289
f 847/1328/820 848/478/369 825/481/372 826/1337/823
f 196/523/385 197/522/406 850/1339/824 835/1340/386
f 835/1340/386 850/1339/824 849/63/43 836/62/42
f 117/1341/148 884/1342/825 902/1343/826 378/1344/684
f 884/1342/825 883/973/432 901/976/672 902/1343/826
f 220/1345/440 885/1346/439 907/1347/827 425/1348/472
f 885/1346/439 886/943/658 908/946/659 907/1347/827
f 37/1349/272 870/1350/828 894/1351/829 314/1352/629
f 870/1350/828 869/801/412 893/804/596 894/1351/829
f 149/103/81 888/1353/830 889/1354/831 22/104/82
f 888/1353/830 887/569/442 890/524/407 889/1354/831
f 141/127/102 886/1355/658 888/1353/830 149/103/81
f 886/1355/658 885/566/439 887/569/442 888/1353/830
f 109/207/164 882/1356/832 884/1357/825 117/183/148
f 882/1356/832 881/553/430 883/555/432 884/1357/825
f 101/223/179 880/1358/833 882/1356/832 109/207/164
f 880/1358/833 879/550/427 881/553/430 882/1356/832
f 77/247/197 876/1359/834 878/1360/46 85/248/49
f 876/1359/834 875/547/424 877/549/426 878/1360/46
f 69/271/213 874/1361/835 876/1359/834 77/247/197
f 874/1361/835 873/545/422 875/547/424 876/1359/834
f 61/287/227 872/1362/342 874/1361/835 69/271/213
f 872/1362/342 871/542/420 873/545/422 874/1361/835
f 29/367/287 868/1363/836 870/1364/828 37/351/272
f 868/1363/836 867/527/410 869/529/412 870/1364/828
f 22/104/82 889/1354/831 868/1363/836 29/367/287
f 889/1354/831 890/524/407 867/527/410 868/1363/836
f 210/1365/324 871/1366/420 899/1367/837 361/1368/325
f 871/1366/420 872/440/342 900/443/344 899/1367/837
f 213/573/425 214/572/445 892/1369/838 877/1370/426
f 877/1370/426 892/1369/838 891/67/47 878/66/46
f 118/1371/146 926/1372/839 944/1373/840 380/1374/677
f 926/1372/839 925/983/464 943/986/676 944/1373/840
f 237/1375/393 927/1376/474 949/1377/841 427/1378/394
f 927/1376/474 928/957/665 950/960/666 949/1377/841
f 38/1379/270 912/1380/842 936/1381/843 316/1382/628
f 912/1380/842 911/813/451 935/816/414 936/1381/843
f 150/99/78 930/1383/844 931/1384/72 21/100/79
f 930/1383/844 929/619/476 932/574/446 931/1384/72
f 142/125/100 928/1385/665 930/1383/844 150/99/78
f 928/1385/665 927/616/474 929/619/476 930/1383/844
f 110/205/162 924/1386/845 926/1387/839 118/179/146
f 924/1386/845 923/601/463 925/603/464 926/1387/839
f 102/221/177 922/1388/846 924/1386/845 110/205/162
f 922/1388/846 921/598/460 923/601/463 924/1386/845
f 78/243/195 918/1389/384 920/1390/50 86/244/53
f 918/1389/384 917/595/189 919/597/459 920/1390/50
f 70/269/211 916/1391/383 918/1389/384 78/243/195
f 916/1391/383 915/593/207 917/595/189 918/1389/384
f 62/285/225 914/1392/319 916/1391/383 70/269/211
f 914/1392/319 913/590/317 915/593/207 916/1391/383
f 30/365/285 910/1393/480 912/1394/842 38/349/270
f 910/1393/480 909/577/449 911/579/451 912/1394/842
f 21/100/79 931/1384/72 910/1393/480 30/365/285
f 931/1384/72 932/574/446 909/577/449 910/1393/480
f 227/1395/318 913/1396/317 941/1397/595 363/1398/613
f 913/1396/317 914/410/319 942/413/321 941/1397/595
f 230/623/458 231/622/479 934/1399/847 919/1400/459
f 919/1400/459 934/1399/847 933/71/51 920/70/50
f 119/1401/144 968/1402/848 986/1403/849 382/1404/673
f 968/1402/848 967/997/494 985/1000/683 986/1403/849
f 254/1405/502 969/1406/501 991/1407/850 429/1408/640
f 969/1406/501 970/969/670 992/972/671 991/1407/850
f 39/1409/268 954/1410/851 978/1411/852 318/1412/627
f 954/1410/851 953/825/482 977/828/604 978/1411/852
f 244/1413/382 955/1414/381 983/1415/321 365/1416/512
f 955/1414/381 956/797/415 984/800/595 983/1415/321
f 151/95/75 972/1417/853 973/1418/72 20/96/76
f 972/1417/853 971/669/504 974/624/72 973/1418/72
f 143/123/98 970/1419/670 972/1417/853 151/95/75
f 970/1419/670 969/666/501 971/669/504 972/1417/853
f 111/203/160 966/1420/854 968/1421/848 119/175/144
f 966/1420/854 965/653/492 967/655/494 968/1421/848
f 103/219/175 964/1422/855 966/1420/854 111/203/160
f 964/1422/855 963/650/489 965/653/492 966/1420/854
f 79/239/193 960/1423/203 962/1424/54 87/240/57
f 960/1423/203 959/647/195 961/649/53 962/1424/54
f 71/267/210 958/1425/217 960/1423/203 79/239/193
f 958/1425/217 957/645/211 959/647/195 960/1423/203
f 63/283/223 956/1426/415 958/1425/217 71/267/210
f 956/1426/415 955/642/381 957/645/211 958/1425/217
f 31/363/284 952/1427/856 954/1428/851 39/347/268
f 952/1427/856 951/627/285 953/629/482 954/1428/851
f 20/96/76 973/1418/72 952/1427/856 31/363/284
f 973/1418/72 974/624/72 951/627/285 952/1427/856
f 247/673/50 248/672/507 976/1429/857 961/1430/53
f 961/1430/53 976/1429/857 975/75/55 962/74/54
f 271/1431/535 1011/1432/534 1033/1433/858 431/1434/667
f 1011/1432/534 1012/979/674 1034/982/675 1033/1433/858
f 40/1435/266 996/1436/859 1020/1437/860 320/1438/626
f 996/1436/859 995/837/510 1019/840/607 1020/1437/860
f 261/1439/484 997/1440/518 1025/1441/861 367/1442/485
f 997/1440/518 998/809/518 1026/812/598 1025/1441/861
f 120/1443/142 1010/1444/862 1028/1445/863 384/1446/669
f 1010/1444/862 1009/752/528 1027/755/564 1028/1445/863
f 152/91/71 1014/1447/864 1015/1448/72 19/92/72
f 1014/1447/864 1013/715/537 1016/674/72 1015/1448/72
f 144/121/96 1012/1449/674 1014/1447/864 152/91/71
f 1012/1449/674 1011/712/534 1013/715/537 1014/1447/864
f 112/201/158 1008/1450/865 1010/1451/862 120/171/142
f 1008/1450/865 1007/701/526 1009/703/528 1010/1451/862
f 104/217/173 1006/1452/866 1008/1450/865 112/201/158
f 1006/1452/866 1005/698/523 1007/701/526 1008/1450/865
f 80/235/190 1002/1453/201 1004/1454/58 88/236/61
f 1002/1453/201 1001/695/16 1003/697/522 1004/1454/58
f 72/265/208 1000/1455/216 1002/1453/201 80/235/190
f 1000/1455/216 999/693/14 1001/695/16 1002/1453/201
f 64/281/221 998/1456/518 1000/1455/216 72/265/208
f 998/1456/518 997/690/518 999/693/14 1000/1455/216
f 32/361/282 994/1457/867 996/1458/859 40/345/266
f 994/1457/867 993/677/291 995/679/510 996/1458/859
f 19/92/72 1015/1448/72 994/1457/867 32/361/282
f 1015/1448/72 1016/674/72 993/677/291 994/1457/867
f 264/719/521 265/718/540 1018/1459/868 1003/1460/522
f 1003/1460/522 1018/1459/868 1017/79/59 1004/78/58
f 288/1461/466 1053/1462/566 1075/1463/869 433/1464/467
f 1053/1462/566 1054/993/681 1076/996/682 1075/1463/869
f 41/1465/264 1038/1466/870 1062/1467/871 322/1468/624
f 1038/1466/870 1037/845/545 1061/848/611 1062/1467/871
f 278/1469/552 1039/1470/551 1067/1471/872 369/1472/593
f 1039/1470/551 1040/821/601 1068/824/602 1067/1471/872
f 153/87/67 1056/1473/873 1057/1474/874 18/88/68
f 1056/1473/873 1055/761/568 1058/720/541 1057/1474/874
f 145/119/94 1054/1475/681 1056/1473/873 153/87/67
f 1054/1475/681 1053/758/566 1055/761/568 1056/1473/873
f 113/199/156 1050/1476/875 1052/1477/876 121/167/140
f 1050/1476/875 1049/745/560 1051/747/497 1052/1477/876
f 105/215/171 1048/1478/877 1050/1476/875 113/199/156
f 1048/1478/877 1047/742/557 1049/745/560 1050/1476/875
f 81/231/187 1044/1479/878 1046/1480/62 89/232/65
f 1044/1479/878 1043/739/554 1045/741/556 1046/1480/62
f 73/263/206 1042/1481/879 1044/1479/878 81/231/187
f 1042/1481/879 1041/737/553 1043/739/554 1044/1479/878
f 65/279/219 1040/1482/601 1042/1481/879 73/263/206
f 1040/1482/601 1039/734/551 1041/737/553 1042/1481/879
f 33/359/280 1036/1483/880 1038/1484/870 41/343/264
f 1036/1483/880 1035/723/544 1037/725/545 1038/1484/870
f 18/88/68 1057/1474/874 1036/1483/880 33/359/280
f 1057/1474/874 1058/720/541 1035/723/544 1036/1483/880
f 121/1485/140 1052/1486/876 1070/1487/881 386/1488/664
f 1052/1486/876 1051/662/497 1069/665/500 1070/1487/881
f 281/765/555 282/764/571 1060/1489/882 1045/1490/556
f 1045/1490/556 1060/1489/882 1059/83/63 1046/82/62
f 506/1057/704 17/1491/32 10/22/20 523/21/19
f 505/375/295 506/1057/704 523/21/19 524/1070/711
f 524/1070/711 164/401/315 155/376/296 505/375/295
f 766/1279/806 155/376/296 164/401/315 753/400/314
f 753/400/314 754/1274/803 765/55/35 766/1279/806
f 754/1274/803 98/229/185 97/56/36 765/55/35
f 472/1029/690 97/56/36 98/229/185 489/228/184
f 471/475/367 472/1029/690 489/228/184 490/1044/697
f 490/1044/697 181/453/352 180/476/368 471/475/367
f 808/1309/813 180/476/368 181/453/352 795/452/351
f 795/452/351 796/1298/803 807/59/39 808/1309/813
f 796/1298/803 99/227/183 96/60/40 807/59/39
f 438/1003/685 96/60/40 99/227/183 455/226/182
f 437/521/405 438/1003/685 455/226/182 456/1018/182
f 456/1018/182 198/501/388 197/522/406 437/521/405
f 850/1339/824 197/522/406 198/501/388 837/500/387
f 837/500/387 838/1332/822 849/63/43 850/1339/824
f 838/1332/822 100/225/181 95/64/44 849/63/43
f 540/1083/717 95/64/44 100/225/181 557/224/180
f 539/571/444 540/1083/717 557/224/180 558/1098/726
f 558/1098/726 215/551/428 214/572/445 539/571/444
f 892/1369/838 214/572/445 215/551/428 879/550/427
f 879/550/427 880/1358/833 891/67/47 892/1369/838
f 880/1358/833 101/223/179 94/68/48 891/67/47
f 574/1109/733 94/68/48 101/223/179 591/222/178
f 573/621/478 574/1109/733 591/222/178 592/1124/740
f 592/1124/740 232/599/461 231/622/479 573/621/478
f 934/1399/847 231/622/479 232/599/461 921/598/460
f 921/598/460 922/1388/846 933/71/51 934/1399/847
f 922/1388/846 102/221/177 93/72/52 933/71/51
f 608/1135/747 93/72/52 102/221/177 625/220/176
f 607/671/506 608/1135/747 625/220/176 626/1150/752
f 626/1150/752 249/651/490 248/672/507 607/671/506
f 976/1429/857 248/672/507 249/651/490 963/650/489
f 963/650/489 964/1422/855 975/75/55 976/1429/857
f 964/1422/855 103/219/175 92/76/56 975/75/55
f 642/1161/757 92/76/56 103/219/175 659/218/174
f 641/717/539 642/1161/757 659/218/174 660/1176/765
f 660/1176/765 266/699/524 265/718/540 641/717/539
f 1018/1459/868 265/718/540 266/699/524 1005/698/523
f 1005/698/523 1006/1452/866 1017/79/59 1018/1459/868
f 1006/1452/866 104/217/173 91/80/60 1017/79/59
f 676/1187/772 91/80/60 104/217/173 693/216/172
f 675/763/570 676/1187/772 693/216/172 694/1202/774
f 694/1202/774 283/743/558 282/764/571 675/763/570
f 1060/1489/882 282/764/571 283/743/558 1047/742/557
f 1047/742/557 1048/1478/877 1059/83/63 1060/1489/882
f 1048/1478/877 105/215/171 90/84/64 1059/83/63
f 710/1213/781 90/84/64 105/215/171 727/214/170
f 709/784/590 710/1213/781 727/214/170 728/1236/790
f 728/1236/790 298/1492/573 306/785/572 709/784/590
usemtl Material.002
f 771/1493/883 339/1494/610 355/1495/613 773/1496/595
f 769/1497/884 323/1498/606 339/1499/610 771/1500/883
f 767/1501/414 307/1502/413 323/1498/606 769/1497/884
f 809/1503/341 309/1504/340 325/1505/618 811/1506/885
f 811/1506/885 325/1505/618 341/1507/621 813/1508/886
f 813/1509/886 341/1510/621 357/1511/622 815/1512/455
f 851/1513/592 311/1514/591 327/1515/547 853/1516/887
f 853/1516/887 327/1515/547 343/1517/513 855/1518/888
f 855/1519/888 343/1520/513 359/1521/512 857/1522/321
f 893/1523/596 313/1524/452 329/1525/378 895/1526/889
f 895/1526/889 329/1525/378 345/1527/326 897/1528/890
f 897/1529/890 345/1530/326 361/1531/325 899/1532/837
f 935/1533/414 315/1534/599 331/1535/606 937/1536/884
f 937/1536/884 331/1535/606 347/1537/610 939/1538/883
f 939/1539/883 347/1540/610 363/1541/613 941/1542/595
f 977/1543/604 317/1544/603 333/1545/619 979/1546/254
f 979/1546/254 333/1545/619 349/1547/513 981/1548/239
f 981/1549/239 349/1550/513 365/1551/512 983/1552/321
f 1019/1553/607 319/1554/548 335/1555/515 1021/1556/891
f 1021/1556/891 335/1555/515 351/1557/486 1023/1558/10
f 1023/1559/10 351/1560/486 367/1561/485 1025/1562/861
f 1061/1563/611 321/1564/380 337/1565/339 1063/1566/892
f 1063/1566/892 337/1565/339 353/1567/338 1065/1568/893
f 1065/1569/893 353/1570/338 369/1571/593 1067/1572/872
f 779/1573/894 403/1574/680 419/1575/679 781/1576/799
f 777/1577/895 387/1578/532 403/1574/680 779/1573/894
f 775/1579/655 371/1580/533 387/1581/532 777/1582/895
f 817/1583/662 373/1584/308 389/1585/307 819/1586/896
f 819/1587/896 389/1588/307 405/1589/634 821/1590/897
f 821/1590/897 405/1589/634 421/1591/638 823/1592/807
f 859/1593/668 375/1594/650 391/1595/649 861/1596/898
f 861/1597/898 391/1598/649 407/1599/657 863/1600/899
f 863/1600/899 407/1599/657 423/1601/663 865/1602/816
f 901/1603/672 377/1604/565 393/1605/530 903/1606/900
f 903/1607/900 393/1608/530 409/1609/473 905/1610/901
f 905/1610/901 409/1609/473 425/1611/472 907/1612/827
f 943/1613/676 379/1614/436 395/1615/399 945/1616/902
f 945/1617/902 395/1618/399 411/1619/395 947/1620/903
f 947/1620/903 411/1619/395 427/1621/394 949/1622/841
f 985/1623/683 381/1624/632 397/1625/631 987/1626/904
f 987/1627/904 397/1628/631 413/1629/637 989/1630/905
f 989/1630/905 413/1629/637 429/1631/640 991/1632/850
f 1027/1633/564 383/1634/563 399/1635/654 1029/1636/906
f 1029/1637/906 399/1638/654 415/1639/661 1031/1640/907
f 1031/1640/907 415/1639/661 431/1641/667 1033/1642/858
f 1069/1643/500 385/1644/499 401/1645/496 1071/1646/908
f 1071/1647/908 401/1648/496 417/1649/468 1073/1650/909
f 1073/1650/909 417/1649/468 433/1651/467 1075/1652/869
f 372/1653/469 776/1654/798 778/1655/910 388/1656/470
f 776/1654/798 775/1579/655 777/1582/895 778/1655/910
f 388/1657/470 778/1658/910 780/1659/911 404/1660/303
f 778/1658/910 777/1577/895 779/1573/894 780/1659/911
f 404/1660/303 780/1659/911 782/1661/645 420/1662/304
f 780/1659/911 779/1573/894 781/1576/799 782/1661/645
f 308/1663/487 768/1664/801 770/1665/749 324/1666/488
f 768/1664/801 767/1501/414 769/1497/884 770/1665/749
f 324/1666/488 770/1665/749 772/1667/750 340/1668/322
f 770/1665/749 769/1497/884 771/1500/883 772/1667/750
f 340/1669/322 772/1670/750 774/1671/321 356/1672/320
f 772/1670/750 771/1493/883 773/1496/595 774/1671/321
f 406/1673/309 822/1674/911 824/1675/647 422/1676/304
f 822/1674/911 821/1590/897 823/1592/807 824/1675/647
f 390/1677/470 820/1678/910 822/1674/911 406/1673/309
f 820/1678/910 819/1587/896 821/1590/897 822/1674/911
f 374/1679/469 818/1680/798 820/1681/910 390/1682/470
f 818/1680/798 817/1583/662 819/1586/896 820/1681/910
f 342/1683/600 814/1684/912 816/1685/455 358/1686/454
f 814/1684/912 813/1509/886 815/1512/455 816/1685/455
f 326/1687/517 812/1688/913 814/1689/912 342/1690/600
f 812/1688/913 811/1506/885 813/1508/886 814/1689/912
f 310/1691/516 810/1692/812 812/1688/913 326/1687/517
f 810/1692/812 809/1503/341 811/1506/885 812/1688/913
f 408/1693/356 864/1694/914 866/1695/652 424/1696/357
f 864/1694/914 863/1600/899 865/1602/816 866/1695/652
f 392/1697/562 862/1698/915 864/1694/914 408/1693/356
f 862/1698/915 861/1597/898 863/1600/899 864/1694/914
f 376/1699/561 860/1700/815 862/1701/915 392/1702/562
f 860/1700/815 859/1593/668 861/1596/898 862/1701/915
f 344/1703/597 856/1704/916 858/1705/417 360/1706/416
f 856/1704/916 855/1519/888 857/1522/321 858/1705/417
f 328/1707/550 854/1708/917 856/1709/916 344/1710/597
f 854/1708/917 853/1516/887 855/1518/888 856/1709/916
f 312/1711/549 852/1712/818 854/1708/917 328/1707/550
f 852/1712/818 851/1513/592 853/1516/887 854/1708/917
f 410/1713/358 906/1714/918 908/1715/659 426/1716/359
f 906/1714/918 905/1610/901 907/1612/827 908/1715/659
f 394/1717/643 904/1718/919 906/1714/918 410/1713/358
f 904/1718/919 903/1607/900 905/1610/901 906/1714/918
f 378/1719/684 902/1720/826 904/1721/919 394/1722/643
f 902/1720/826 901/1603/672 903/1606/900 904/1721/919
f 346/1723/594 898/1724/920 900/1725/344 362/1726/343
f 898/1724/920 897/1529/890 899/1532/837 900/1725/344
f 330/1727/616 896/1728/921 898/1729/920 346/1730/594
f 896/1728/921 895/1526/889 897/1528/890 898/1729/920
f 314/1731/629 894/1732/829 896/1728/921 330/1727/616
f 894/1732/829 893/1523/596 895/1526/889 896/1728/921
f 412/1733/360 948/1734/922 950/1735/666 428/1736/361
f 948/1734/922 947/1620/903 949/1622/841 950/1735/666
f 396/1737/642 946/1738/923 948/1734/922 412/1733/360
f 946/1738/923 945/1617/902 947/1620/903 948/1734/922
f 380/1739/677 944/1740/840 946/1741/923 396/1742/642
f 944/1740/840 943/1613/676 945/1616/902 946/1741/923
f 348/1743/322 940/1744/750 942/1745/321 364/1746/320
f 940/1744/750 939/1539/883 941/1542/595 942/1745/321
f 332/1747/615 938/1748/749 940/1749/750 348/1750/322
f 938/1748/749 937/1536/884 939/1538/883 940/1749/750
f 316/1751/628 936/1752/843 938/1748/749 332/1747/615
f 936/1752/843 935/1533/414 937/1536/884 938/1748/749
f 414/1753/396 990/1754/924 992/1755/671 430/1756/397
f 990/1754/924 989/1630/905 991/1632/850 992/1755/671
f 398/1757/641 988/1758/925 990/1754/924 414/1753/396
f 988/1758/925 987/1627/904 989/1630/905 990/1754/924
f 382/1759/673 986/1760/849 988/1761/925 398/1762/641
f 986/1760/849 985/1623/683 987/1626/904 988/1761/925
f 350/1763/375 982/1764/926 984/1765/595 366/1766/376
f 982/1764/926 981/1549/239 983/1552/321 984/1765/595
f 334/1767/614 980/1768/927 982/1769/926 350/1770/375
f 980/1768/927 979/1546/254 981/1548/239 982/1769/926
f 318/1771/627 978/1772/852 980/1768/927 334/1767/614
f 978/1772/852 977/1543/604 979/1546/254 980/1768/927
f 416/1773/433 1032/1774/928 1034/1775/675 432/1776/434
f 1032/1774/928 1031/1640/907 1033/1642/858 1034/1775/675
f 400/1777/639 1030/1778/929 1032/1774/928 416/1773/433
f 1030/1778/929 1029/1637/906 1031/1640/907 1032/1774/928
f 384/1779/669 1028/1780/863 1030/1781/929 400/1782/639
f 1028/1780/863 1027/1633/564 1029/1636/906 1030/1781/929
f 352/1783/418 1024/1784/930 1026/1785/598 368/1786/419
f 1024/1784/930 1023/1559/10 1025/1562/861 1026/1785/598
f 336/1787/612 1022/1788/931 1024/1789/930 352/1790/418
f 1022/1788/931 1021/1556/891 1023/1558/10 1024/1789/930
f 320/1791/626 1020/1792/860 1022/1788/931 336/1787/612
f 1020/1792/860 1019/1553/607 1021/1556/891 1022/1788/931
f 418/1793/437 1074/1794/932 1076/1795/682 434/1796/438
f 1074/1794/932 1073/1650/909 1075/1652/869 1076/1795/682
f 402/1797/635 1072/1798/933 1074/1794/932 418/1793/437
f 1072/1798/933 1071/1647/908 1073/1650/909 1074/1794/932
f 386/1799/664 1070/1800/881 1072/1801/933 402/1802/635
f 1070/1800/881 1069/1643/500 1071/1646/908 1072/1801/933
f 354/1803/456 1066/1804/934 1068/1805/602 370/1806/457
f 1066/1804/934 1065/1569/893 1067/1572/872 1068/1805/602
f 338/1807/608 1064/1808/935 1066/1809/934 354/1810/456
f 1064/1808/935 1063/1566/892 1065/1568/893 1066/1809/934
f 322/1811/624 1062/1812/871 1064/1808/935 338/1807/608
f 1062/1812/871 1061/1563/611 1063/1566/892 1064/1808/935
