-0.0015608940596203832,-0.00011697185026626148,0.955074088590963,0.008213397022683012,0.006344723639697207,-0.7067291207510471,0.70740811026856,-0.0012671205768887668,-0.002194227749421629,-0.1665656930515641,0.20459717989948067,-0.057191353461085975,-0.0012711861640302246,-0.0005758459042395019,-0.0021837955446887512,-0.16908201613806637,0.20938315974550575,-0.05978831743073116,-0.0019732931250592005,-0.002925519425945676,-0.13796893144563963,0.1760349614072138,-0.2472734497370637,-0.3490281703617648,0.07521824246561107,-0.0805893709339637,0.33291277828402205,-0.1410404597307389,-0.15225480644980138,0.23702553790002684,-0.44001947417340154,-0.2514627224524918,-0.06559096421349693,0.38598653866591676,0.5880830365927129,0.3804318954247419,0.4740227854618625,0.4597958998705097,0.5474259581866479,0.40600258339601686,0.474211350834248,0.6361116003610385,0.4755196670948355,0.48521582630099747,0.5485882252954285,0.2849861043651866,0.5331503691825181,0.5566362788155785,0.5928716441015321,0.3434464312595123,0.5052444743053061,0.5680936759498667,0.4531086621148471,0.5047222194332317,99,36,36,37,41,37,93,18,41,33,41,36
-0.0016208609624230026,0.0001366821737343042,0.9545274897761673,0.008128460835371257,0.006239494602617221,-0.707032990592168,0.7071063194780873,-0.0012632482678917875,-0.00027704332297591634,-0.18069195803659255,0.22835211497539018,-0.06608555538172398,-0.001390422000869506,-0.000572418933118209,-0.00026387941057305994,-0.18428424708373828,0.2344204833664113,-0.06852292594095347,-0.0020821863595025048,-0.00223598037841185,-0.12502267923879679,0.1876712459648586,-0.25311247426679767,-0.41098686116074085,0.10384424587189933,-0.08839472157420507,0.4086769927823524,-0.12445237213255086,-0.16240712762257523,0.2527246141349954,-0.5158615147519043,-0.28801610052558657,-0.09344920890507884,0.47281733133030013,0.5880830365927129,0.3804318954247419,0.4740227854618625,0.4597958998705097,0.5474259581866479,0.40600258339601686,0.474211350834248,0.6361116003610385,0.4755196670948355,0.48521582630099747,0.5485882252954285,0.2849861043651866,0.5331503691825181,0.5566362788155785,0.5928716441015321,0.3434464312595123,0.5052444743053061,0.5680936759498667,0.4531086621148471,0.5047222194332317,99,36,36,37,41,37,93,18,41,33,41,36
-0.0016200152602948144,-1.2270386727652061e-06,0.954326314065953,0.008266126451689542,0.006389904448550166,-0.7070122012220877,0.7071241670298937,-0.0012487989212934833,-0.00020264257826688964,-0.1859645731914014,0.23666173778808353,-0.06944038974118953,-0.0013976997322211165,-0.0005578464881221956,-0.0001892201291433987,-0.18981094090616157,0.24316491642582938,-0.07201647258545278,-0.0020891866240297214,-0.001253915350616766,-0.12164123180354264,0.19055683631474296,-0.25343115507468983,-0.42822920005001525,0.11045018755346034,-0.08826103904278128,0.4264147723243814,-0.11891734911279414,-0.1649592671240841,0.2559152968314955,-0.5355460410115155,-0.2959085348998869,-0.1012166290917331,0.49394746939962786,0.5909164739135705,0.3830992646672723,0.48079276055071585,0.45581279671807085,0.5519906399524362,0.40683723475090555,0.4852327036348642,0.6322518483534844,0.4942748356104264,0.47370537988409483,0.5479167273190162,0.2849638165106387,0.5375513739710546,0.5598047146330639,0.5917463430663088,0.35060218519958014,0.5052539514431443,0.5731896708465473,0.45644993788815763,0.5045025522935758,100,37,37,37,41,38,93,18,41,33,41,36
-0.0016303908776222494,2.7586733958534228e-05,0.9541216983282047,0.008245523578295456,0.00636626722508535,-0.7070467177563325,0.7070901080431937,-0.0012412778993234612,-0.0001133385731264782,-0.19113066164470077,0.2453912785774365,-0.07289378996620718,-0.0014083884870653392,-0.0005501649139767051,-9.984858228244444e-05,-0.19525495253251074,0.25231762503287647,-0.07561216606151953,-0.002099901844804418,-0.001100357039155503,-0.11801188624845743,0.19286627352281516,-0.2539875478017413,-0.44301666930762873,0.11602324626451543,-0.08791801877963808,0.4422556906287699,-0.11424777200299692,-0.16720220934791638,0.2584827378402136,-0.553032806202761,-0.3019106146036343,-0.1081888562773574,0.5122511880087542,0.5909164739135705,0.3830992646672723,0.48079276055071585,0.45581279671807085,0.5519906399524362,0.40683723475090555,0.4852327036348642,0.6322518483534844,0.4942748356104264,0.47370537988409483,0.5479167273190162,0.2849638165106387,0.5375513739710546,0.5598047146330639,0.5917463430663088,0.35060218519958014,0.5052539514431443,0.5731896708465473,0.45644993788815763,0.5045025522935758,100,37,37,37,41,38,93,18,41,33,41,36
-0.0016240561487525387,-0.000108839420326162,0.9539042246925856,0.008383578707628373,0.006503061153787039,-0.7070207012888429,0.7071132538375418,-0.001250238773238503,-0.00012478418440148366,-0.19669446239475952,0.2542151561729715,-0.07647176005083026,-0.001407976801629678,-0.0005589536510155318,-0.00011109588442169345,-0.20106182437583606,0.2615718832690882,-0.07936126672271894,-0.002099610836804126,-0.0001090227808050407,-0.11494997066507825,0.1948462933336847,-0.2539324850094126,-0.4567973357379228,0.12032235933336376,-0.08671783609008135,0.45495478505322046,-0.10935138523339569,-0.16864810795732746,0.26049842726710765,-0.5684650816459266,-0.30713645499378117,-0.11418210260990166,0.527715091378998,0.5927754764597473,0.38472341570930063,0.48169914493786153,0.45217541711051323,0.5519894880351299,0.40708770695185925,0.4862050789210278,0.6296223614823685,0.49954244873245546,0.46512440753014095,0.5473227917745626,0.28536841873783597,0.5328765619294653,0.5620354374033304,0.5891205475665608,0.3566252466350426,0.5024469209538693,0.5776202415126124,0.4515268702137647,0.5045621727408238,100,37,37,37,41,38,93,18,41,33,41,36
-0.0016327983227518933,-9.668336275787462e-05,0.953681273039147,0.0083614562353161,0.006486278359491022,-0.7070493134045065,0.7070850604113228,-0.001232615317987318,-7.736063129687763e-05,-0.20213897038138068,0.2634279274108391,-0.08013987260984087,-0.0014145701508933848,-0.0005411422540232338,-6.36252979805343e-05,-0.20677232839227072,0.2711977573041563,-0.0831850195565782,-0.0021064024116741148,6.780372580998594e-05,-0.111775057322327,0.19642330919319526,-0.25417332515793656,-0.4684555194484627,0.1239447204534423,-0.08562765801189948,0.4664218667191901,-0.10537126850203349,-0.17016631907338034,0.2621031998390991,-0.5820762274412108,-0.311001071465176,-0.1195961362151999,0.5411450040355761,0.5927754764597473,0.38472341570930063,0.48169914493786153,0.45217541711051323,0.5519894880351299,0.40708770695185925,0.4862050789210278,0.6296223614823685,0.49954244873245546,0.46512440753014095,0.5473227917745626,0.28536841873783597,0.5328765619294653,0.5620354374033304,0.5891205475665608,0.3566252466350426,0.5024469209538693,0.5776202415126124,0.4515268702137647,0.5045621727408238,100,37,37,37,41,38,93,18,41,33,41,36
-0.001631746561607197,-0.00021848728735259133,0.9534458362753705,0.00844924016262708,0.006597757412880625,-0.7070245080079675,0.707107788822812,-0.001198610045601933,-0.0001021928847123183,-0.2078898662427405,0.2727509096157335,-0.08392600257881984,-0.0014172857688204666,-0.0005069346578936772,-8.831410186021702e-05,-0.21275202990782274,0.28092798964081334,-0.08714166285875027,-0.0021093246394716762,0.0009885957017420675,-0.10905866043690428,0.19771739933465257,-0.25403768806765653,-0.4792819224781921,0.12665130939469094,-0.08421348948186595,0.47559630444350315,-0.10170042503590414,-0.17167354296915852,0.26342691899897674,-0.5946904031839909,-0.31413524309159074,-0.12454696157347968,0.5521285096018546,0.5932725985905928,0.3847794931381672,0.4857963926233808,0.4487213756142314,0.5545777415026675,0.40605218565335854,0.4857119710474619,0.6280074868653145,0.501190301345726,0.46015852692919657,0.5469336880711229,0.28596291278765024,0.5355832010801655,0.5627940622160023,0.5913803126155806,0.36099744476427476,0.5018809979439102,0.5808178592351911,0.4501250392118554,0.5048853291784768,100,37,37,37,41,38,93,18,41,33,41,35
-0.001636479448356029,-0.0002147449866500331,0.9532014945020042,0.008434603099091623,0.006580447938722151,-0.7070498501698116,0.7070827847927946,-0.001194777756911943,-6.635940238360004e-05,-0.2135846194063408,0.2823855030233962,-0.08778392403636748,-0.001422975091939617,-0.0005028940919003938,-5.245029886128305e-05,-0.21869385755806586,0.2909475672347034,-0.09114919190644055,-0.002115247411353949,0.0011655422034554737,-0.10637958125512006,0.19877365071802497,-0.254129694601863,-0.4883737268264394,0.12894836051994335,-0.08299052503713399,0.4839516934162137,-0.09846306445894423,-0.1729756328210538,0.2644594579336551,-0.6055237334459205,-0.31644347943232826,-0.12892651578744113,0.5618914733834368,0.5932725985905928,0.3847794931381672,0.4857963926233808,0.4487213756142314,0.5545777415026675,0.40605218565335854,0.4857119710474619,0.6280074868653145,0.501190301345726,0.46015852692919657,0.5469336880711229,0.28596291278765024,0.5355832010801655,0.5627940622160023,0.5913803126155806,0.36099744476427476,0.5018809979439102,0.5808178592351911,0.4501250392118554,0.5048853291784768,100,37,37,37,41,38,93,18,41,33,41,35
-0.001639583746525654,-0.0002994310334597587,0.9529435659799909,0.008499247742428898,0.006649781721977335,-0.7070330900907463,0.7070981209900034,-0.0011842459140340785,-8.196091772263663e-05,-0.219520439303143,0.29212728686749045,-0.09172931868845015,-0.0014277128850785517,-0.0004921432242110231,-6.795613261934932e-05,-0.22484388795879573,0.30106278135655995,-0.09525066819741035,-0.00212021750984709,0.001867270941155355,-0.10408256432318333,0.19954640068242077,-0.2538941119739354,-0.49684261590956974,0.13073887383531566,-0.08176306507588547,0.49053298657020955,-0.09525782349633076,-0.17432215419286776,0.2650213627913275,-0.6151455874736289,-0.318336062902502,-0.1331245657621394,0.5700029296539383,0.5925987095131052,0.38342208076572115,0.4870837300263593,0.44528300717463254,0.5568463728242873,0.40349987724176584,0.4843049040577965,0.626255202476251,0.4995234770034863,0.45755687805964995,0.5468420757386857,0.28619933508812545,0.5351616691592239,0.5623888403969205,0.5906678517616241,0.3639291353953734,0.49888287135483433,0.5825583190185725,0.4470440443898948,0.5052838925664622,100,37,37,38,41,38,93,18,41,33,41,35
-0.0016391711249071803,-0.00030443969036407303,0.952677694049382,0.008487856646875357,0.006624947968459762,-0.7070512290688677,0.7070803531609124,-0.0012028610656269045,-5.588895558297125e-05,-0.2254111998381488,0.30211651663058486,-0.09574167357798956,-0.0014296002013150844,-0.0005105366059897577,-4.1872936314022356e-05,-0.2309558157918749,0.3114003810749079,-0.09940063094190385,-0.0021223552554347283,0.0020431443433453185,-0.10187313444562068,0.2002450889090914,-0.2538905214901304,-0.5038925946826667,0.1322454214111131,-0.08070340259448454,0.4965999150254296,-0.0925768709010724,-0.17534642998630565,0.26553603911830764,-0.623468250657409,-0.31968102086570765,-0.13672498377429612,0.5772280836934514,0.5925987095131052,0.38342208076572115,0.4870837300263593,0.44528300717463254,0.5568463728242873,0.40349987724176584,0.4843049040577965,0.626255202476251,0.4995234770034863,0.45755687805964995,0.5468420757386857,0.28619933508812545,0.5351616691592239,0.5623888403969205,0.5906678517616241,0.3639291353953734,0.49888287135483433,0.5825583190185725,0.4470440443898948,0.5052838925664622,100,37,37,38,41,38,93,18,41,33,41,35
-0.0016477908983875082,-0.0003574141830272622,0.9523982563763237,0.008533522014229472,0.006642588804596293,-0.707041156657916,0.7070897098726878,-0.0012347721776771188,-6.424630756430084e-05,-0.23146770444407935,0.31219550406010593,-0.0998173183572207,-0.0014353072068613827,-0.0005422161171505861,-5.018695018474236e-05,-0.2372080432005828,0.32181391619024563,-0.10361491671598863,-0.0021283090152163565,0.002552044458756307,-0.09997776521234919,0.20064762361679958,-0.2535686743799291,-0.5104842172524716,0.13361569581294347,-0.07977889410677513,0.501234042797684,-0.08997526095889705,-0.17620549530582308,0.26533396043543694,-0.6308745266455011,-0.3209267313705016,-0.14022502097824727,0.5832549363461268,0.5910721049229709,0.38118718665854234,0.48758975333639004,0.44211293074765023,0.5583846885737026,0.4000340024131555,0.484599812341506,0.6237386645876779,0.494943122181015,0.4559786291769491,0.5468955351736743,0.28592275276156187,0.5378501568857035,0.5619146780723849,0.5890130527379306,0.36614415020237195,0.49693028425416563,0.5833809799615,0.44535652044272656,0.5058026306000938,100,36,37,38,41,38,93,18,41,33,41,35
-0.0016449934728468237,-0.00036734100623531145,0.9521109146685481,0.00852368938844002,0.006614822820627274,-0.7070527580835887,0.7070784879521164,-0.0012645105982562015,-4.694545455369193e-05,-0.2375059969003314,0.3224425186956009,-0.1039455124850175,-0.001434692487841228,-0.0005717192836941301,-3.289415835339591e-05,-0.24343817883331095,0.3323663157560477,-0.10786574892442528,-0.0021279556266402804,0.0027263310239663487,-0.09818502459410729,0.2011153237794749,-0.25351880962749707,-0.5159163518239792,0.13472757313052675,-0.07896769869587353,0.505581493362627,-0.08781996790321131,-0.17688171414040174,0.26540411047527857,-0.6372732652061116,-0.3217189356194712,-0.14317076209986115,0.5886460638394416,0.5910721049229709,0.38118718665854234,0.48758975333639004,0.44211293074765023,0.5583846885737026,0.4000340024131555,0.484599812341506,0.6237386645876779,0.494943122181015,0.4559786291769491,0.5468955351736743,0.28592275276156187,0.5378501568857035,0.5619146780723849,0.5890130527379306,0.36614415020237195,0.49693028425416563,0.5833809799615,0.44535652044272656,0.5058026306000938,100,36,37,38,41,38,93,18,41,33,41,35
-0.0016584677495968783,-0.0003949062297158273,0.9518110180039582,0.00855937946677723,0.006602642986744335,-0.7070464627304786,0.7070844657246058,-0.001320334032172975,-5.238413814200783e-05,-0.24366046799577956,0.3327415282798572,-0.10810536084169611,-0.0014419531959313943,-0.0006272962390978901,-3.832253932390113e-05,-0.24976349666096892,0.34295362247931355,-0.1121451180414253,-0.0021354764832202692,0.003114439209493702,-0.09662935753653981,0.2012950505626587,-0.25321671704519927,-0.5209573027557014,0.13595017807110577,-0.07830373899926774,0.5088411180492985,-0.08565092029021447,-0.17732107230650518,0.2649308259676576,-0.6428503390415954,-0.3224453919201878,-0.14593012673928615,0.593278073748941,0.5889223305234119,0.3786367544758956,0.4868059957824895,0.4392978455638772,0.5583920015032684,0.3964932355063421,0.4844576203673461,0.6207534970682981,0.48784579313765764,0.454814834905073,0.5466684678379898,0.2854154204545922,0.5439191902936633,0.5625584951268605,0.5942021085903275,0.36863657636732877,0.5013090710013242,0.5846172053973339,0.4464270879526074,0.5069025370947007,99,36,37,37,41,37,93,18,42,34,41,35
-0.0016552256715100322,-0.00040782143112491284,0.9515037347541065,0.008549928046874414,0.006574662012881359,-0.707054636237327,0.7070766676429867,-0.0013524600079360758,-3.990108185405443e-05,-0.24978935440640268,0.34313894965231023,-0.11230228262972551,-0.0014410243840947746,-0.0006591728929726116,-2.5858964746852442e-05,-0.25605185804847913,0.3536051415486914,-0.11644572928993686,-0.0021348194274624574,0.0032670012190163626,-0.0952004661463781,0.20162168818413403,-0.25317929090826985,-0.5250893171168003,0.1369073918208545,-0.07770566323062131,0.5119478089488342,-0.0839374253249313,-0.17772399532659125,0.26479949202911934,-0.6477164638260748,-0.32282463369505565,-0.14824136553345346,0.5973978593612882,0.5889223305234119,0.3786367544758956,0.4868059957824895,0.4392978455638772,0.5583920015032684,0.3964932355063421,0.4844576203673461,0.6207534970682981,0.48784579313765764,0.454814834905073,0.5466684678379898,0.2854154204545922,0.5439191902936633,0.5625584951268605,0.5942021085903275,0.36863657636732877,0.5013090710013242,0.5846172053973339,0.4464270879526074,0.5069025370947007,99,36,37,37,41,37,93,18,42,34,41,35
-0.0016703059907267966,-0.0004212815034345867,0.9511861795189845,0.008570517141305531,0.0065565326899112404,-0.7070514694499056,0.7070797533968468,-0.0013931970743355454,-4.132127585006011e-05,-0.25599106714498365,0.3535412397040526,-0.1165041473680973,-0.0014495339328342148,-0.0006996448229558812,-2.7286608062552942e-05,-0.2623906880166396,0.3642354602191996,-0.12074330574385944,-0.002143605070868454,0.00353799686568816,-0.09392202887289729,0.20171098977900764,-0.2530464678528,-0.5288352644485681,0.13808324731460564,-0.07718831173769948,0.5143143046780756,-0.08227993336948862,-0.17816349852930838,0.2642829736029255,-0.651986308525382,-0.3230578023856337,-0.15038755644531032,0.6010090799856821,0.5865067250254816,0.37628356195201673,0.4867174028696582,0.43623794304592706,0.5582447480742776,0.3933013686436486,0.4871596518488211,0.6177979303330321,0.48911405409191183,0.4536182371699057,0.545763689153756,0.2850017774218695,0.5428220065126896,0.5647557250287812,0.5961430019850077,0.37212123093869054,0.5045917909782301,0.5873647812456397,0.4491775697741177,0.5089820270852817,99,36,36,37,41,37,93,18,42,34,41,35
-0.0016665655704265836,-0.0004344073336909725,0.9508613274191994,0.008563614401067779,0.0065307051858605756,-0.7070568831745639,0.7070746625029325,-0.0014257604280442713,-3.25118851755237e-05,-0.26215246555811494,0.3639711743050612,-0.12072053111677324,-0.0014490014134836387,-0.0007319442724018168,-1.8500573418934913e-05,-0.26867208688175775,0.3748557684961437,-0.1250393177565348,-0.002143354713945837,0.0036596867962103057,-0.09281499795893583,0.20195555630604692,-0.2530946049850215,-0.5319260090258393,0.1389979099600222,-0.07671395803485148,0.5165770515831551,-0.08096998792168401,-0.1784954083941812,0.26407534769898067,-0.655726677319927,-0.3230954292365111,-0.15215685225240122,0.6042275613110404,0.5865067250254816,0.37628356195201673,0.4867174028696582,0.43623794304592706,0.5582447480742776,0.3933013686436486,0.4871596518488211,0.6177979303330321,0.48911405409191183,0.4536182371699057,0.545763689153756,0.2850017774218695,0.5428220065126896,0.5647557250287812,0.5961430019850077,0.37212123093869054,0.5045917909782301,0.5873647812456397,0.4491775697741177,0.5089820270852817,99,36,36,37,41,37,93,18,42,34,41,35
-0.0016732276372041738,-0.00043930691821611185,0.9505296051174947,0.008568561281549193,0.0065150739400149996,-0.7070537486371127,0.7070778812177106,-0.0014493926705272007,-3.505145344956101e-05,-0.2683377981026223,0.37435580701635146,-0.12491719114859003,-0.0014523451840914164,-0.0007552992286254046,-2.1057145219963477e-05,-0.27495090496827285,0.3853953770460892,-0.1293042005826542,-0.002146985872581354,0.0038872580352683804,-0.09181271423689706,0.2020326479707507,-0.2533324957645147,-0.5346676941863111,0.14013239565674313,-0.07622645085600298,0.518342871595696,-0.07979976644406872,-0.17883438773215435,0.26383539323112726,-0.6592269649575927,-0.3229323479816022,-0.1536165386529123,0.6071003461008893,0.5844230811512808,0.37461954758987276,0.4872180156590078,0.4323603537734175,0.5573338258310768,0.39066875763317166,0.48779390449899585,0.6151710963623793,0.4877521911298731,0.451835400792286,0.5441201998636155,0.28482389346450626,0.5404828464359968,0.5679675846380564,0.591581200012485,0.37619420109431456,0.4987136965904385,0.5911912934575896,0.44294601130621214,0.5117453632567331,99,36,36,37,41,37,92,18,42,34,41,35
-0.0016704835027140862,-0.00045059578125956825,0.9501909265606365,0.008563048195875982,0.006495667213543602,-0.7070585226803936,0.7070733526431787,-0.0014729649878145335,-2.7774084936864903e-05,-0.27446639082238433,0.3846957565256966,-0.1291022576249883,-0.0014510408195298062,-0.0007785930255631893,-1.3802345529860521e-05,-0.28115345332911185,0.3958490983718115,-0.13353945475164095,-0.0021459718917222577,0.003979917369000445,-0.09099726750943533,0.20223126245134634,-0.25356022903720343,-0.5369550046015246,0.14104504712925084,-0.07577587332090262,0.5200224325239333,-0.07881372046581893,-0.17909958592311992,0.2637003353095468,-0.6622336631969743,-0.3227207043468525,-0.15485763367505767,0.609698360811658,0.5844230811512808,0.37461954758987276,0.4872180156590078,0.4323603537734175,0.5573338258310768,0.39066875763317166,0.48779390449899585,0.6151710963623793,0.4877521911298731,0.451835400792286,0.5441201998636155,0.28482389346450626,0.5404828464359968,0.5679675846380564,0.591581200012485,0.37619420109431456,0.4987136965904385,0.5911912934575896,0.44294601130621214,0.5117453632567331,99,36,36,37,41,37,92,18,42,34,41,35
-0.0016642850607632173,-0.00044619708307791706,0.9498483311199662,0.008559693712182874,0.006481576511503761,-0.7070566658999873,0.7070753793025696,-0.001496158125728952,-2.885759448164446e-05,-0.28057043273272025,0.3949338009916149,-0.13323980372761665,-0.0014455178037795344,-0.0008015052736256397,-1.4907047886556943e-05,-0.2873036437867253,0.4061613720027877,-0.13771324248552316,-0.002140740086886722,0.004145042269453296,-0.0902821731156831,0.2023349728190028,-0.25423788635889183,-0.5389601048811934,0.14214099475640563,-0.07521631950847181,0.5213460548341877,-0.07778673343044132,-0.17889535606215623,0.2635120398863516,-0.6649143879173589,-0.322636557913188,-0.1556338865610146,0.6123111165466629,0.5831651176396133,0.3739544724251078,0.4901593143276387,0.42806167763892555,0.5572124556348931,0.3889570608758633,0.4898526076181857,0.6131811417624253,0.4907256736699109,0.4494170114941989,0.5420040230521574,0.28484993377694606,0.5374858019510571,0.5712992611004808,0.5879675830626934,0.37935152789111104,0.49223325417119856,0.5943160698638364,0.4372516651820704,0.5143749635742504,98,35,36,37,41,37,92,18,42,34,41,35
-0.0016645573085357277,-0.00045706234233243643,0.9495011030704475,0.008548042630095457,0.006471185867305241,-0.7070588601569081,0.7070734212189553,-0.0014947189104502425,-2.51540575837443e-05,-0.2865851542183397,0.40506303547340666,-0.13734431452909288,-0.0014433959760183504,-0.0007997724731754289,-1.1225592624138217e-05,-0.2933402224119489,0.4163201418753411,-0.14183587041278628,-0.00213891426613009,0.004244043076100713,-0.08972039558287873,0.2025099187044004,-0.25470334571873693,-0.5406458716443837,0.14306376922321745,-0.07470825706428719,0.5226033992691692,-0.07701617473858315,-0.17894458983378597,0.2633541815289694,-0.6672632884937639,-0.3224545784313655,-0.1563869007899495,0.6145932030244349,0.5831651176396133,0.3739544724251078,0.4901593143276387,0.42806167763892555,0.5572124556348931,0.3889570608758633,0.4898526076181857,0.6131811417624253,0.4907256736699109,0.4494170114941989,0.5420040230521574,0.28484993377694606,0.5374858019510571,0.5712992611004808,0.5879675830626934,0.37935152789111104,0.49223325417119856,0.5943160698638364,0.4372516651820704,0.5143749635742504,98,35,36,37,41,37,92,18,42,34,41,35
-0.0016532229296690162,-0.0004468752586908496,0.949151043884108,0.00851771848411898,0.006477210207892021,-0.7070571021802764,0.7070754899416171,-0.001453998112171093,-2.6504373964224976e-05,-0.29253636650284043,0.4150429391015498,-0.1413795204400315,-0.0014358779506640066,-0.0007587518568566567,-1.260086542463087e-05,-0.29927852684539324,0.4262761547169616,-0.1458707804560793,-0.0021316975229617903,0.004398247065061832,-0.08925786285649535,0.20266927643399574,-0.2557928896122709,-0.5421032410065586,0.14412371612417899,-0.07401390989131308,0.5236530365072388,-0.0759883249794497,-0.1789762015328935,0.263086482622398,-0.6687463505150523,-0.32241316105994905,-0.15698181158399876,0.6172164142122358,0.5827423639881952,0.37416771675311644,0.49407564118289626,0.4243996888889149,0.5583689806104346,0.3884467789624577,0.4907866554739756,0.6120119456965144,0.49232078243318605,0.4469937701807911,0.539802237840889,0.2850210982166891,0.5320193958272258,0.5740929485476244,0.5886292024755394,0.3803712190532963,0.4932872585064779,0.5953254461301424,0.4325610928173356,0.5163192603609721,98,35,37,37,41,37,92,18,41,34,41,35
-0.0016539808416302939,-0.00045938090856990677,0.9488006484305754,0.00850038118512164,0.006469777703223962,-0.7070570470353608,0.70707582177148,-0.0014366408821359271,-2.7524782691591158e-05,-0.2983597512900111,0.4248539404694954,-0.14536356564099764,-0.001435068651196609,-0.0007410890496921849,-1.3646951955907004e-05,-0.30506452056341793,0.43602077774155346,-0.1498363235027782,-0.0021311959330000095,0.004551029595172461,-0.08890516123373209,0.2028244197386172,-0.2565075460234239,-0.5433480494913947,0.14505607321856306,-0.07340498129111744,0.5246409786566109,-0.07543861249720889,-0.17908539070988336,0.2628560982018556,-0.6703059786748573,-0.3222811384453496,-0.1575083147711641,0.6193428074734297,0.5827423639881952,0.37416771675311644,0.49407564118289626,0.4243996888889149,0.5583689806104346,0.3884467789624577,0.4907866554739756,0.6120119456965144,0.49232078243318605,0.4469937701807911,0.539802237840889,0.2850210982166891,0.5320193958272258,0.5740929485476244,0.5886292024755394,0.3803712190532963,0.4932872585064779,0.5953254461301424,0.4325610928173356,0.5163192603609721,98,35,37,37,41,37,92,18,41,34,41,35
-0.0016375208881349655,-0.0004555490966308652,0.9484492604465172,0.008442725622735025,0.006494649964725729,-0.7070529365016921,0.7070803949270753,-0.001333668313478916,-3.391589613170594e-05,-0.30407721538093213,0.43447255559999587,-0.1492663197475195,-0.0014263461117757343,-0.0006378048329345994,-2.0069088541851236e-05,-0.3107030588079112,0.4455090136539838,-0.1536997038653217,-0.0021227789733192343,0.004803880605766803,-0.08862394926875623,0.20299890660431658,-0.2578853521804265,-0.5444035121001205,0.14611493358136857,-0.0725524147091355,0.5255997565132482,-0.07479470870635925,-0.1795905714022191,0.26249956900712146,-0.6711729742441079,-0.3222339202998426,-0.15819019152646813,0.6217049067309502,0.582794654052585,0.3747423664093356,0.4971510334979579,0.4220448557555391,0.5596168212124405,0.38901070357042333,0.4896786855582245,0.6112652938425112,0.4919494636348242,0.44507087985734517,0.5378842955258725,0.2853559396336842,0.5300323733804153,0.5758776000676662,0.5880530692894562,0.379518224287969,0.49312701982785234,0.5944359827100947,0.4256293082535299,0.5176283358397842,98,36,37,37,41,37,91,18,41,34,41,34
-0.0016373262384645534,-0.00046655634494620823,0.9481009355326461,0.008426884437661989,0.006490645451954584,-0.7070540171684891,0.707079540042132,-0.001311729855810506,-3.5439012634504524e-05,-0.3096580250275758,0.4438564717864975,-0.15308901329342492,-0.001425942219100862,-0.0006155575934705948,-2.161817143333451e-05,-0.316187390419213,0.4547274450002259,-0.15746419482141347,-0.0021226873575208994,0.005018947696634287,-0.08843562312018668,0.2031170766202233,-0.2587890475162333,-0.5453438902449563,0.14706969667357167,-0.07182495067225007,0.5264719163963911,-0.07449563123598682,-0.17985363040416766,0.2622277183123106,-0.6722374733935599,-0.3221461352384354,-0.15868959685318734,0.6235903501462939,0.582794654052585,0.3747423664093356,0.4971510334979579,0.4220448557555391,0.5596168212124405,0.38901070357042333,0.4896786855582245,0.6112652938425112,0.4919494636348242,0.44507087985734517,0.5378842955258725,0.2853559396336842,0.5300323733804153,0.5758776000676662,0.5880530692894562,0.379518224287969,0.49312701982785234,0.5944359827100947,0.4256293082535299,0.5176283358397842,98,36,37,37,41,37,91,18,41,34,41,34
-0.0016150136313844191,-0.0004734723752368595,0.9477537964537529,0.008361907433164823,0.006538896479483043,-0.707047032921849,0.7070868507993338,-0.0011704573918356529,-4.6397286353890994e-05,-0.3151109694989603,0.4530010989447446,-0.156814254523423,-0.0014143605206621882,-0.0004739762970329826,-3.259723754335272e-05,-0.32149856565391954,0.4636408115660876,-0.16111142544276705,-0.00211140227099204,0.005405772178273114,-0.08828924901975363,0.20324621734205806,-0.26020484964697205,-0.5461547533329587,0.1482240357601196,-0.07077871448630788,0.5274316406664158,-0.07415837594224473,-0.18065095022560032,0.261754231464888,-0.6727914469324211,-0.32220537117115716,-0.15960133747463923,0.6254777105198165,0.5829625372733344,0.3750975583654089,0.49723662444447575,0.4207863860983886,0.5576580381929273,0.3901600639693854,0.48695930550398464,0.6102041162040062,0.489564471211974,0.44361380918461024,0.5364113423569443,0.28580654873996414,0.5291983852506423,0.576231701192957,0.585143081827606,0.37814602897675864,0.49034314985775124,0.5930210355588567,0.41812976808405045,0.5185968626749471,98,36,37,37,41,37,91,18,41,33,40,34
-0.001613948642426481,-0.0004813657688520314,0.9474132645236739,0.008351143814402603,0.0065403051623896214,-0.707050935427063,0.7070830626716276,-0.0011473172436187902,-4.4884386141294435e-05,-0.3204053335061149,0.4618638368167939,-0.1604323331996923,-0.0014131906685313353,-0.00045053189366340895,-3.110052498651278e-05,-0.32664370034043655,0.47224769478194834,-0.16463327442400724,-0.0021105403383662124,0.005671085085685076,-0.08821257433568712,0.2033112395914975,-0.2611806220265111,-0.546916573299564,0.1492435807420124,-0.06991132615157503,0.5282782528951371,-0.07400683773210472,-0.1809969566775662,0.26145606158862256,-0.6735492124954154,-0.3222310358147273,-0.16021197790326583,0.6269897871221373,0.5829625372733344,0.3750975583654089,0.49723662444447575,0.4207863860983886,0.5576580381929273,0.3901600639693854,0.48695930550398464,0.6102041162040062,0.489564471211974,0.44361380918461024,0.5364113423569443,0.28580654873996414,0.5291983852506423,0.576231701192957,0.585143081827606,0.37814602897675864,0.49034314985775124,0.5930210355588567,0.41812976808405045,0.5185968626749471,98,36,37,37,41,37,91,18,41,33,40,34
-0.0016116149855003705,-0.0004858837865290484,0.9470787875969336,0.008350288927003546,0.006541391943405447,-0.7070551883870505,0.7070788099223668,-0.0011455351605882576,-3.6991583513660485e-05,-0.3255392218241277,0.4704205379821343,-0.16392731345152536,-0.0014124154637901228,-0.00044846344641491807,-2.3215523731088304e-05,-0.33162060201561105,0.48053399629196564,-0.16802114031105195,-0.0021100476239218216,0.005841583458604719,-0.08815146158549822,0.203359328444336,-0.26187587473874785,-0.5476046476919385,0.15011776975067606,-0.06919842454376071,0.5290384019353229,-0.07389475478726763,-0.18117494628259345,0.2612675607436553,-0.6743304212489817,-0.32221335198858087,-0.16066493403190724,0.6282491224295456,0.5829625372733344,0.3750975583654089,0.49723662444447575,0.4207863860983886,0.5576580381929273,0.3901600639693854,0.48695930550398464,0.6102041162040062,0.489564471211974,0.44361380918461024,0.5364113423569443,0.28580654873996414,0.5291983852506423,0.576231701192957,0.585143081827606,0.37814602897675864,0.49034314985775124,0.5930210355588567,0.41812976808405045,0.5185968626749471,98,36,37,37,41,37,91,18,41,33,40,34
-0.001584332592318764,-0.0005052088745089754,0.9467491481646667,0.008299267051281973,0.006617388508810785,-0.7070432089963063,0.7070906822663837,-0.0009909401987689187,-5.264881875121097e-05,-0.3305252663047699,0.4786770024621573,-0.16730258124972988,-0.0013967176364889904,-0.0002935829237349764,-3.886023752457032e-05,-0.3364046296087805,0.4884647783712432,-0.17127884492550186,-0.0020946166675144444,0.006327137925192788,-0.08811818349869308,0.20339800479870243,-0.26288537987774246,-0.5482612660757481,0.15135789180426154,-0.06802958121856122,0.529880416369811,-0.07374445384240443,-0.18185895161822554,0.26068143599893284,-0.6747709379104408,-0.32253380998425657,-0.16174693691461542,0.6292714271925013,0.5830128900222544,0.37492292072045447,0.4949994963158544,0.41995595844028966,0.5513155989576425,0.3913034902488907,0.4837991076405686,0.6086737678826262,0.48593800863888764,0.44266025727442937,0.5351012982203974,0.2860779125320642,0.5295168031193762,0.5750493540711321,0.5827274414230906,0.3773524975790469,0.4882835915272279,0.5922442331420252,0.41670180950323876,0.5193714485236285,98,36,37,37,40,37,91,18,41,33,40,34
-0.0015842550739061112,-0.0005081460962945088,0.9464300814271582,0.008295959919158493,0.006629116173029039,-0.7070501295274573,0.7070836910882542,-0.0009620241754904177,-4.7238028442522816e-05,-0.33530866535376014,0.4866132955753804,-0.17054483746254578,-0.001395084970752619,-0.00026437917564487356,-3.3442125927049715e-05,-0.3409923232813834,0.4960655301112783,-0.1743892913919065,-0.0020932701618631244,0.00659211730975526,-0.08810124847420123,0.20340746584462358,-0.26369237960118,-0.5488879714489099,0.1523843703974189,-0.06709512593189479,0.5306238929130173,-0.07363587995368316,-0.1821314372851757,0.26039064030657316,-0.6753107929372747,-0.32276013606799875,-0.16247420196991072,0.6301182629453983,0.5830128900222544,0.37492292072045447,0.4949994963158544,0.41995595844028966,0.5513155989576425,0.3913034902488907,0.4837991076405686,0.6086737678826262,0.48593800863888764,0.44266025727442937,0.5351012982203974,0.2860779125320642,0.5295168031193762,0.5750493540711321,0.5827274414230906,0.3773524975790469,0.4882835915272279,0.5922442331420252,0.41670180950323876,0.5193714485236285,98,36,37,37,40,37,91,18,41,33,40,34
-0.0015528824075868386,-0.0005424409421153221,0.9461179901817264,0.00826476243317149,0.0067289899474797165,-0.7070319748243442,0.7071012664195966,-0.0008049434486392883,-7.485743397211023e-05,-0.3399602452065336,0.494208770063479,-0.17365938527492927,-0.0013770976358601342,-0.00010703482020391454,-6.1016828529359005e-05,-0.34540505733650684,0.503282000598132,-0.1773668551846026,-0.0020755303569094364,0.007334138238807366,-0.08816078096415135,0.2033457579716237,-0.26444337905501264,-0.5495881132651603,0.15398125707545496,-0.0655887360456259,0.5313292086454648,-0.07348999368978713,-0.18253100848095027,0.25978993924516736,-0.6757247377309799,-0.32342681368998694,-0.1637008595149566,0.6305193419169032,0.5827567629545242,0.37434727622656166,0.493000291470865,0.4193563680290595,0.5480944541967467,0.3922162887210375,0.47942981548454094,0.6075327588841349,0.479278827050951,0.44276853750122314,0.533392289270137,0.28574656177357305,0.5318705366953232,0.5727958373008346,0.5813488407535254,0.3771928784923057,0.48677044342562636,0.5922431684911815,0.42071683472769655,0.5199127536644882,98,36,36,37,40,37,90,18,41,33,40,34
-0.0015546917020093512,-0.0005421473218968705,0.9458184133144655,0.008265343982644544,0.006749738700793623,-0.7070458353424723,0.7070872024306369,-0.0007662456633924994,-6.094211973912854e-05,-0.34437506292661896,0.5014811171020179,-0.1766304381426833,-0.0013763468269969413,-6.806433190015613e-05,-4.707399519524304e-05,-0.3496010561636336,0.5101736200458281,-0.1801849417069036,-0.002075046039187413,0.007639400200944898,-0.08815908984916469,0.20330212807422166,-0.2652102938496089,-0.5502171337877776,0.15523071894476076,-0.06441410924303438,0.5319830702648463,-0.07334660984212377,-0.18267859021971272,0.2595317525568524,-0.6761628750810151,-0.3239059016521961,-0.1645638713135307,0.6308779801565464,0.5827567629545242,0.37434727622656166,0.493000291470865,0.4193563680290595,0.5480944541967467,0.3922162887210375,0.47942981548454094,0.6075327588841349,0.479278827050951,0.44276853750122314,0.533392289270137,0.28574656177357305,0.5318705366953232,0.5727958373008346,0.5813488407535254,0.3771928784923057,0.48677044342562636,0.5922431684911815,0.42071683472769655,0.5199127536644882,98,36,36,37,40,37,90,18,41,33,40,34
-0.0015245786930402538,-0.0005892139390857537,0.9455275604343778,0.008247068671476083,0.006871170364346953,-0.7070223012125005,0.7071097782270669,-0.0005949133664922796,-9.468036177650222e-05,-0.3486652718442914,0.5083936398612179,-0.17947259877185967,-0.001359940411880007,0.00010350853985850749,-8.07383396019924e-05,-0.3536270945908198,0.5166714866210668,-0.18287589896639006,-0.0020588645811195883,0.008587786760570197,-0.08827585793857608,0.20315901191619096,-0.265645035083581,-0.5509508227829052,0.15722580069759737,-0.06260232113336853,0.5325153846547424,-0.07331228623124213,-0.18299445567542202,0.25888224529336545,-0.6767048626990609,-0.32480565054733185,-0.1659267940346177,0.6306793321450822,0.5820378443823352,0.3738592298078265,0.49628386665910457,0.41971665634654876,0.5513693201920189,0.3932852243480676,0.47979610773465703,0.6078997056327204,0.4769070816771233,0.4444313388595369,0.5309878887860047,0.2845974893539376,0.533488491818507,0.5703180806282409,0.5770927157461971,0.37700839719036994,0.4812775257504573,0.5923599135648474,0.4235192924543314,0.5201113285001339,98,35,37,37,40,37,90,18,41,33,40,34
-0.0015276789020213096,-0.0005850928574633767,0.9452499948937171,0.008253133452179436,0.006899597468276288,-0.7070423774175693,0.7070893563607837,-0.0005507636965915068,-7.167248176261748e-05,-0.3527017127268596,0.5149857740455496,-0.18216427185638348,-0.0013612511762478795,0.00014791083192749422,-5.7684059629862854e-05,-0.35743190434027655,0.5228554522941175,-0.185400079284406,-0.0020604198776545306,0.008913676583175384,-0.08827196103749858,0.2030759952111042,-0.26633753438203617,-0.5515773220517105,0.15872500799686795,-0.06121628901295718,0.533048413209376,-0.07314989453592256,-0.18310165123062763,0.2586433024814137,-0.6771327524986399,-0.32546568136580956,-0.16689987178745014,0.630603111241921,0.5820378443823352,0.3738592298078265,0.49628386665910457,0.41971665634654876,0.5513693201920189,0.3932852243480676,0.47979610773465703,0.6078997056327204,0.4769070816771233,0.4444313388595369,0.5309878887860047,0.2845974893539376,0.533488491818507,0.5703180806282409,0.5770927157461971,0.37700839719036994,0.4812775257504573,0.5923599135648474,0.4235192924543314,0.5201113285001339,98,35,37,37,40,37,90,18,41,33,40,34
-0.0014987441112559023,-0.0006351652443216704,0.9449813019261596,0.008248071917012935,0.007033253669259152,-0.7070150400349902,0.707115433162646,-0.0003794210626732804,-0.00010876713491116054,-0.35662500384408263,0.5212128654913949,-0.18472492855719466,-0.0013464969447831569,0.0003194675472774266,-9.468187773439742e-05,-0.3610786103632077,0.5286518365066707,-0.18780196554351555,-0.0020458643888791065,0.0100087331404171,-0.08840336775545014,0.2028830826400952,-0.2665782145032784,-0.5522427091392101,0.1610941686869351,-0.05923189616236017,0.5335373647674589,-0.07299459118630304,-0.18333534159351103,0.2579341414263514,-0.6774071759988166,-0.32652211142556226,-0.16827912316787222,0.6301562273358713,0.5808276505322949,0.37398960590295044,0.4988426589688684,0.42215884320898683,0.5543806065636547,0.3950136151796714,0.48042130212601386,0.6100815330039924,0.4757088956923367,0.44732000712457387,0.5280833991112983,0.28288586240979924,0.530586026725733,0.5686144298387843,0.5710425318941588,0.37638031427910096,0.47407118344202037,0.5919876522886895,0.41931493391261715,0.5199543884937946,98,35,37,37,40,37,90,18,41,32,40,34
-0.0015022853976634138,-0.0006306015670719827,0.944727487276758,0.008255139995455,0.0070636650254433594,-0.707039252277228,0.7070908378980184,-0.00033323589431149284,-7.940691665504109e-05,-0.36026819296518997,0.52713651635578,-0.18714174249292173,-0.0013488694900017154,0.00036588206439304736,-6.52645330251256e-05,-0.36448706400702024,0.5341582715629896,-0.19004472147571694,-0.0020484571645369124,0.01035767593855065,-0.08840849273905121,0.20278090856776348,-0.2672444977022169,-0.5528223110885093,0.16284102023298286,-0.0577295657474745,0.5340292626219945,-0.07280996922686286,-0.18339997270848885,0.25767664777799476,-0.6776491573928884,-0.32729344487772516,-0.1692554468393151,0.6298390175651654,0.5808276505322949,0.37398960590295044,0.4988426589688684,0.42215884320898683,0.5543806065636547,0.3950136151796714,0.48042130212601386,0.6100815330039924,0.4757088956923367,0.44732000712457387,0.5280833991112983,0.28288586240979924,0.530586026725733,0.5686144298387843,0.5710425318941588,0.37638031427910096,0.47407118344202037,0.5919876522886895,0.41931493391261715,0.5199543884937946,98,35,37,37,40,37,90,18,41,32,40,34
-0.0014745862385868275,-0.000681332109885261,0.9444815631364439,0.008251400207242623,0.0072015938823604755,-0.7070085337755153,0.7071202052047227,-0.00015624272244331216,-0.00012010113204659667,-0.36380697600614953,0.5327043015912091,-0.18943253755910913,-0.00133544186206369,0.0005430625342249099,-0.0001058544265959079,-0.36774539186193844,0.5392932647035552,-0.19217550706913902,-0.002035201288909585,0.011582776277194746,-0.0885175254011241,0.20259141915089215,-0.2675048441693442,-0.5533554878289471,0.16557367226710928,-0.05575950389725411,0.5347043739922217,-0.07259157353433064,-0.1837111889595755,0.25693855402911886,-0.6775271808433454,-0.3283235418323102,-0.17050087827770624,0.6292406325644853,0.5792911673785942,0.374915119098698,0.4957906191591984,0.42739884522224936,0.5532229820306844,0.3974298664494248,0.4796030394128014,0.6133832508898063,0.47336811245943944,0.45040789599707987,0.5251287661271822,0.28141573667425934,0.5309724077155396,0.5688001241445503,0.5739928190084375,0.3758529019590871,0.477905340196094,0.591277879241781,0.4208894303374263,0.5197607529399321,98,36,37,37,40,36,89,17,41,33,40,34
-0.0014777942308186306,-0.0006780355737010994,0.9442518997477155,0.008257043185541423,0.007229837256628398,-0.7070359893195067,0.7070923988405341,-0.00011115649127516862,-8.63105614334876e-05,-0.36705685684267914,0.5379859291583358,-0.1915896418862824,-0.001338255795486897,0.0005883539047430391,-7.200595519824498e-05,-0.3707644904082712,0.5441613875268542,-0.1941579305534394,-0.002038211287691367,0.011963798709026379,-0.08855310727125146,0.20250679141849923,-0.2682337793983848,-0.5538815590289826,0.16758892655797372,-0.054270475306491026,0.5353151089555498,-0.07243595485036408,-0.18379828781872273,0.2566429156439821,-0.6774962938817188,-0.32908649770432796,-0.17134868756584004,0.6287518141480074,0.5792911673785942,0.374915119098698,0.4957906191591984,0.42739884522224936,0.5532229820306844,0.3974298664494248,0.4796030394128014,0.6133832508898063,0.47336811245943944,0.45040789599707987,0.5251287661271822,0.28141573667425934,0.5309724077155396,0.5688001241445503,0.5739928190084375,0.3758529019590871,0.477905340196094,0.591277879241781,0.4208894303374263,0.5197607529399321,98,36,37,37,40,36,89,17,41,33,40,34
-0.0014522256271398367,-0.0007345704103411769,0.9440297061064911,0.008253501066044357,0.0073698786446265195,-0.707002496099389,0.7071244834667724,7.085240303076195e-05,-0.00013019211264637316,-0.3702150542400632,0.5429250589432797,-0.19363010743815895,-0.0013264817136284998,0.0007705227768757972,-0.00011578133900543467,-0.37364527295620203,0.5486764415955657,-0.19604178254164806,-0.002026582256560662,0.01330657294788958,-0.08865513408750879,0.20239969970358218,-0.2686608871931073,-0.5544749627764529,0.17082412394250984,-0.05248148876645763,0.536305743361829,-0.07223831974217333,-0.1843467219189845,0.25579038182970626,-0.6770394977349663,-0.32999855645483966,-0.172269701897071,0.6278983843847277,0.5776905957347602,0.3762052839350647,0.48823037643833456,0.43547598465438386,0.5490306139009314,0.40006770472101155,0.4774988181067195,0.6166282979348081,0.47120053570151016,0.4526314192841818,0.5228170251730381,0.2814300309208332,0.5307039411699976,0.5717918279219787,0.5778966667595433,0.3767249382665535,0.4824191456141868,0.5910931448671037,0.42029448250200646,0.5199640139846193,97,36,37,37,40,36,89,17,41,33,40,34
-0.0014541400823646976,-0.0007319093959105256,0.9438237623666652,0.008259159822793658,0.00739531663434977,-0.7070322841949018,0.7070943675896725,0.00011070886906075856,-9.355515775316796e-05,-0.37309188734073323,0.5475971041977254,-0.19554306507176084,-0.001329076603813545,0.000810560022345055,-7.908756425942919e-05,-0.3763006498791139,0.5529485300079539,-0.19778397377441195,-0.002029348501312616,0.013733976258792009,-0.0887095388988899,0.2024020927758041,-0.2695322406386147,-0.5550909650077103,0.1732341247492172,-0.05112238720275504,0.5371614294012714,-0.0721222855102009,-0.18453703585962997,0.25538864145971873,-0.6767420394549063,-0.33069586522645794,-0.17282661462620375,0.6271804653566917,0.5776905957347602,0.3762052839350647,0.48823037643833456,0.43547598465438386,0.5490306139009314,0.40006770472101155,0.4774988181067195,0.6166282979348081,0.47120053570151016,0.4526314192841818,0.5228170251730381,0.2814300309208332,0.5307039411699976,0.5717918279219787,0.5778966667595433,0.3767249382665535,0.4824191456141868,0.5910931448671037,0.42029448250200646,0.5199640139846193,97,36,37,37,40,36,89,17,41,33,40,34
-0.001431677084315942,-0.0008066570266382831,0.9436271766226555,0.00826112134449383,0.007542710962625611,-0.7069935663664847,0.7071315001482149,0.0002985369818671778,-0.00014540490950221938,-0.37589117687521806,0.5519403546429631,-0.19735551084036068,-0.0013192852896915213,0.000998519347076876,-0.00013082309876437316,-0.3788287234214137,0.556884475043835,-0.1994479634552684,-0.0020196770337667373,0.015265227264859045,-0.08897872420175383,0.20250102347698762,-0.2701984591153565,-0.5564846432880015,0.17736796750983314,-0.049640987791956276,0.5382522332664537,-0.07192097433597729,-0.185572881886465,0.2547948920806023,-0.6760955517453066,-0.3312490971935095,-0.1731016544240565,0.6257962329468288,0.5761105317096373,0.3770553640005411,0.4823613926692383,0.44624479703888276,0.5456248482117598,0.40236361553884,0.4739000888154473,0.6185723241954958,0.4687899043919481,0.4530951532664367,0.522460768566121,0.2844279829769839,0.5253757825762169,0.5774048766095625,0.5776897754300119,0.37986796209012996,0.48302479231792134,0.5921598551993377,0.41921675914219253,0.5199242379309663,97,36,37,37,40,36,89,18,41,33,40,34
-0.001431405674116928,-0.0008016445979490761,0.9434439312500748,0.008273329204412766,0.007567276883805437,-0.7070282800283147,0.7070963863467571,0.00032558855079505895,-0.00010307154821492776,-0.378432277804097,0.5560369318491528,-0.1990379931749801,-0.0013210597601755827,0.0010257287807839135,-8.842689931311584e-05,-0.38116386799057456,0.5606018855396734,-0.20096599719832373,-0.0020215973590203455,0.015729344766119355,-0.0889788183844994,0.20272180086147815,-0.2712763082104309,-0.557618786990158,0.18049161442961298,-0.048495030821256564,0.5393088882450908,-0.07180146260756101,-0.1859942002579413,0.2544185561502017,-0.6755965630805749,-0.33177100127308307,-0.1731406206863438,0.624668434430194,0.5761105317096373,0.3770553640005411,0.4823613926692383,0.44624479703888276,0.5456248482117598,0.40236361553884,0.4739000888154473,0.6185723241954958,0.4687899043919481,0.4530951532664367,0.522460768566121,0.2844279829769839,0.5253757825762169,0.5774048766095625,0.5776897754300119,0.37986796209012996,0.48302479231792134,0.5921598551993377,0.41921675914219253,0.5199242379309663,97,36,37,37,40,36,89,18,41,33,40,34
-0.0014125554735179618,-0.0009223022565455684,0.9432786499002398,0.00826084448321121,0.00770734230095293,-0.7069829630098357,0.7071403293101827,0.0005270535796924674,-0.00016443392423043325,-0.38081534879463896,0.5598479325410315,-0.20067337160899296,-0.0013133234622632608,0.0012272908609033,-0.0001496850584655574,-0.3832832656240352,0.5640261500878544,-0.20246351383166142,-0.002013961167529945,0.017488745478449585,-0.08996076298226167,0.20319914331782374,-0.27215510693794737,-0.5614659273757182,0.18627707197133536,-0.047474600362642234,0.5396425382644017,-0.072416853734183,-0.1878606622431743,0.2545884930402232,-0.6763786488587687,-0.331738787255216,-0.17243509002283042,0.6216778173754708,0.574198977299683,0.37736301318779014,0.4778014756523078,0.460738726732437,0.542664420734527,0.4042557444342196,0.4697001459567407,0.6180037831916586,0.4642165832463623,0.45074699601744983,0.5256875681937931,0.29205444348966836,0.5203870207087788,0.583300686089262,0.5769009215146954,0.3844241179225224,0.48148567371705014,0.5943958750438839,0.41682132965041535,0.5168154487406678,97,36,37,37,40,36,89,19,41,33,40,34
-0.0014098823480095254,-0.0008997627319462619,0.9431158727988608,0.008301090801042138,0.007745167994523434,-0.7070259795222146,0.7070964351097399,0.0005307522517657353,-0.00011082532033297976,-0.3831004857987914,0.5633796814771285,-0.2021316892730935,-0.0013141538608316618,0.0012311290002559024,-9.599374979379568e-05,-0.38538338972197084,0.567204293686121,-0.20376416316995039,-0.0020149047940635953,0.017932998913486,-0.08979247320090739,0.2038675279536829,-0.27348352142900245,-0.5639891443751636,0.19070347824679393,-0.04663033554476646,0.540532624978137,-0.07230186224490426,-0.18872694508945678,0.25449227590205337,-0.6764453622475781,-0.33203511236603667,-0.1717874660464035,0.6196241841400454,0.574198977299683,0.37736301318779014,0.4778014756523078,0.460738726732437,0.542664420734527,0.4042557444342196,0.4697001459567407,0.6180037831916586,0.4642165832463623,0.45074699601744983,0.5256875681937931,0.29205444348966836,0.5203870207087788,0.583300686089262,0.5769009215146954,0.3844241179225224,0.48148567371705014,0.5943958750438839,0.41682132965041535,0.5168154487406678,97,36,37,37,40,36,89,19,41,33,40,34
-0.0013955552832520216,-0.001085673922507352,0.9429888398051975,0.008225809390548814,0.007847373316956166,-0.7069798455889174,0.707142314334933,0.0007722417023594941,-0.00016941001331721278,-0.3849576189361727,0.5667423569140709,-0.2036446657267802,-0.0013093605213582702,0.0014726712086498867,-0.0001545269391961479,-0.3869855505732107,0.5701960241839689,-0.20514625983766469,-0.002010197124223795,0.01973540819519402,-0.0926997358718698,0.20491738742474958,-0.2744153801390666,-0.5731601888435696,0.19923598150405383,-0.046447515910760385,0.5384555192475233,-0.0745084440257286,-0.19202286896806398,0.25569288684180014,-0.6804215873477485,-0.3315277327537316,-0.16981740163457526,0.6139067134755278,0.5711342838529362,0.3793429670511301,0.4887604852920428,0.4827522417019299,0.5515158405827237,0.40661693929271886,0.4710549403353088,0.6137573360350326,0.46624097319245805,0.4446426371454295,0.532326277069604,0.3056071345709146,0.5261557527656406,0.5847596678975279,0.5899349181955414,0.3873628858637379,0.4940561807617365,0.5974671047486795,0.4300870187894636,0.5066912300821617,96,36,38,37,40,36,90,21,41,34,41,34
-0.0013882235376721837,-0.0010230689659961483,0.9428439549675663,0.00832406396920819,0.007917966846627615,-0.7070277381989364,0.70709249266086,0.0007359053364584201,-0.00010646035892737684,-0.3870894510022568,0.5697033888965056,-0.20487400000165187,-0.0013082478378834241,0.0014364617110981831,-9.146147458647114e-05,-0.3889522217779807,0.5728302464464382,-0.20622489818269543,-0.002009155386167904,0.02009632653714158,-0.09226010259429662,0.20638200717711727,-0.27603358839987774,-0.5785036730017666,0.2058115166393225,-0.04612583970319246,0.5384411526030765,-0.07436838114838873,-0.19369149285834839,0.2560551632020759,-0.6819346039703685,-0.3318000885385143,-0.16831176701539463,0.6103800011047467,0.5711342838529362,0.3793429670511301,0.4887604852920428,0.4827522417019299,0.5515158405827237,0.40661693929271886,0.4710549403353088,0.6137573360350326,0.46624097319245805,0.4446426371454295,0.532326277069604,0.3056071345709146,0.5261557527656406,0.5847596678975279,0.5899349181955414,0.3873628858637379,0.4940561807617365,0.5974671047486795,0.4300870187894636,0.5066912300821617,96,36,38,37,40,36,90,21,41,34,41,34
-0.0013731212889816322,-0.0013025958531497042,0.9427699874123241,0.008078075800323128,0.007915851577481004,-0.7069812960770006,0.7071418040127821,0.0010708757074407564,-0.00016259634048757283,-0.3881635968471455,0.5727436164526205,-0.20634913783003658,-0.0013029920475641228,0.0017714119081713845,-0.000147700804246745,-0.3897686798360076,0.5754972085101997,-0.2075719809544292,-0.0020039752986210587,0.02186504502188652,-0.0989999204764896,0.20821895169220747,-0.27705001570394416,-0.5969682632502041,0.21811132407810221,-0.04760339743314586,0.5319407751736331,-0.08007189099276016,-0.1990749799468969,0.2588710613935898,-0.6926262558585042,-0.3309554614644628,-0.16418101182854328,0.600771481481678,0.5656881410017205,0.38780900074719393,0.5268576194710376,0.5186229291673257,0.5936029894179953,0.41094188263245335,0.4942927077819668,0.6051283933065875,0.4961459332883194,0.43566477691957206,0.5374186067748553,0.32446655160272714,0.5456223174843444,0.576313269155549,0.6244216468305683,0.38454883915086985,0.5107462058931976,0.6018227222500178,0.46531086978077774,0.48784615965680056,95,37,41,40,41,37,91,23,42,36,42,36
-0.0013606665173174837,-0.001161405676336363,0.9426392819069337,0.008275551594318297,0.00805432970919897,-0.7070334623821029,0.7070857982527445,0.0009875038842413733,-9.159804726817317e-05,-0.39027898318132176,0.5750915867659487,-0.20733516446305775,-0.0012994669811810242,0.0016881606869695277,-7.654749777299539e-05,-0.3917303314610164,0.5775316384418604,-0.2084095005199242,-0.002000452071936718,0.022082244403940226,-0.09829483590494119,0.21095129390960965,-0.27906529965592103,-0.6071006747636741,0.22769757561207754,-0.04826201962529999,0.5302056198630273,-0.08006761355321888,-0.20207530575487886,0.2600156834824902,-0.6973771695730289,-0.3314816364742522,-0.1613038259764743,0.5955038322069615,0.5656881410017205,0.38780900074719393,0.5268576194710376,0.5186229291673257,0.5936029894179953,0.41094188263245335,0.4942927077819668,0.6051283933065875,0.4961459332883194,0.43566477691957206,0.5374186067748553,0.32446655160272714,0.5456223174843444,0.576313269155549,0.6244216468305683,0.38454883915086985,0.5107462058931976,0.6018227222500178,0.46531086978077774,0.48784615965680056,95,37,41,40,41,37,91,23,42,36,42,36
-0.0013209835786765747,-0.0013001972006116097,0.9425237361746486,0.008064155440527675,0.008110224727272701,-0.7070419343108589,0.7070791304923822,0.0013487418851377815,-7.201368753189428e-05,-0.3924565966367662,0.5795797242626063,-0.20958235975328138,-0.0012826777841500052,0.0020493708151573314,-5.716571718773201e-05,-0.39346993822462184,0.5812885631844004,-0.21036843693310803,-0.001983611762660176,0.023874449904668183,-0.11055610172936277,0.21867310795861028,-0.2830492009965603,-0.6565305530706458,0.25694751309815034,-0.054391558933970914,0.5137781438457295,-0.09291898331891003,-0.21483669125737326,0.26704499992331543,-0.7318775459212765,-0.33170359647287667,-0.14861137902727006,0.5752527447459429,0.5562177226810114,0.4065603993516005,0.5928053914031264,0.5741426991579525,0.6852911564111769,0.41905316070475684,0.5534660714889023,0.5935043521353189,0.5513413774706944,0.4289027430788154,0.5310483644445863,0.3443719968151374,0.5779202461577377,0.5554731826754031,0.6884962266896616,0.3740751183096519,0.5189716284985816,0.6081493749822182,0.5144183088262236,0.4632027040305863,94,40,45,45,44,40,90,26,43,40,42,38
-0.0013080844034490781,-0.001179490690593345,0.9424219301840727,0.008266323978985047,0.008254923258163332,-0.7070563355870279,0.7070607204732283,0.0012447668802494929,-1.4314500649174006e-05,-0.3943413077833039,0.5813279621501595,-0.21006996890502416,-0.00126841328651768,0.00194549989432509,8.377277940075677e-07,-0.39521883858916446,0.582787399665135,-0.2107265970687864,-0.001969392867682624,0.02376117730890278,-0.10713456910950711,0.22297468854439073,-0.285256253743135,-0.6678429928151595,0.26739314393764607,-0.05544195400022902,0.5131496796329849,-0.09088706521174575,-0.21809098370701094,0.26784194655377425,-0.7384286963062283,-0.3334333792221862,-0.14514257172971373,0.5719608570179049,0.5562177226810114,0.4065603993516005,0.5928053914031264,0.5741426991579525,0.6852911564111769,0.41905316070475684,0.5534660714889023,0.5935043521353189,0.5513413774706944,0.4289027430788154,0.5310483644445863,0.3443719968151374,0.5779202461577377,0.5554731826754031,0.6884962266896616,0.3740751183096519,0.5189716284985816,0.6081493749822182,0.5144183088262236,0.4632027040305863,94,40,45,45,44,40,90,26,43,40,42,38
-0.001268577123484899,-0.0014190767909127587,0.9424333882265242,0.007619701034228993,0.008063006806504172,-0.7070508679118794,0.7070756665749751,0.0018882111715168054,-4.37836904427013e-05,-0.39453912513193906,0.5848755418050433,-0.21224240127693395,-0.0012540324197822192,0.002588678828500262,-2.9422052450557885e-05,-0.3949349873306172,0.5855581618952159,-0.21262194216197483,-0.0019547920981316876,0.02551629347062291,-0.12965356987021792,0.2345854931160627,-0.28977599616330946,-0.7400115146206432,0.29859640921598346,-0.06408933278661405,0.48935823145500995,-0.11395867096107452,-0.23563479691075853,0.27778325814877536,-0.7965278907362296,-0.3340967445193937,-0.1274835707898446,0.5513855149722449,0.541131183893235,0.4316269227884982,0.6691559889022172,0.6508848787280207,0.7998371675794423,0.4347133892176637,0.6261901016951515,0.5851204361805614,0.5842012672566449,0.4348377613801609,0.5043035673055559,0.35792554310771707,0.6178918639533745,0.5263181120193074,0.7718662766408858,0.3603304759172714,0.5720382596857141,0.6156293151041978,0.5534463841749397,0.43883788149280667,91,43,51,52,48,42,85,28,45,45,45,39
-0.0012581985858842399,-0.001221970860736101,0.9423483205739291,0.007920141362570174,0.008305567762354452,-0.7070645309894517,0.7070558944819065,0.0017893799182637142,1.1381305737331927e-05,-0.3964594808568369,0.5859088383475819,-0.21233899089045483,-0.0012475158152925301,0.002489940423494838,2.61570635542826e-05,-0.3967067144777716,0.5863214755251438,-0.21258273121754767,-0.001948261651724069,0.025285775375103698,-0.12527250607188564,0.2405424089988967,-0.29200583315349626,-0.7560961712050629,0.31030287738761747,-0.06523148064822945,0.4885174537465461,-0.11119446594543654,-0.24060421275380411,0.2789363198231219,-0.8086018541828548,-0.3366142142767851,-0.12309490016533649,0.550318627601475,0.541131183893235,0.4316269227884982,0.6691559889022172,0.6508848787280207,0.7998371675794423,0.4347133892176637,0.6261901016951515,0.5851204361805614,0.5842012672566449,0.4348377613801609,0.5043035673055559,0.35792554310771707,0.6178918639533745,0.5263181120193074,0.7718662766408858,0.3603304759172714,0.5720382596857141,0.6156293151041978,0.5534463841749397,0.43883788149280667,91,43,51,52,48,42,85,28,45,45,45,39
-0.0012541542751293665,-0.0011571214113937044,0.9422705386019995,0.008035247062282784,0.00839840558005874,-0.7070642109459968,0.7070538191592464,0.0017470000772477894,3.363482797760442e-05,-0.39774596842156984,0.5871498816802571,-0.21253391043950517,-0.0012387573465717037,0.0024476329991629676,4.870590812774934e-05,-0.3978636357996964,0.587344447758434,-0.2126717895025138,-0.0019395744485734062,0.02513951883291396,-0.1206207201101485,0.2454187757461775,-0.2936255932212213,-0.767834777967868,0.31985908124279183,-0.06557351405059716,0.4897334196695232,-0.10786683549479666,-0.2441442619248892,0.2791441649404738,-0.8170473068915817,-0.3391079075443533,-0.12014027706922514,0.5508375474394462,0.541131183893235,0.4316269227884982,0.6691559889022172,0.6508848787280207,0.7998371675794423,0.4347133892176637,0.6261901016951515,0.5851204361805614,0.5842012672566449,0.4348377613801609,0.5043035673055559,0.35792554310771707,0.6178918639533745,0.5263181120193074,0.7718662766408858,0.3603304759172714,0.5720382596857141,0.6156293151041978,0.5534463841749397,0.43883788149280667,91,43,51,52,48,42,85,28,45,45,45,39
-0.001208649794779244,-0.0012401874013589246,0.9423755527886343,0.007280426513124398,0.008226125392906765,-0.7070763964148431,0.707051833944165,0.0025840288259438658,3.3733152067369165e-05,-0.39744329818103064,0.5898884126995109,-0.2145888198199852,-0.0012425388473247957,0.0032841159329715544,4.766234908399448e-05,-0.3968580617224023,0.5889208714546919,-0.2142952879957931,-0.0019427289116542043,0.026748848034710372,-0.15458717936962257,0.26922667868393857,-0.29974809787413015,-0.884915555927811,0.35768992436403396,-0.07145453795422929,0.4555636458684008,-0.14521660347845097,-0.2751454682866521,0.29354332103924546,-0.9283350120680173,-0.3419440437548128,-0.09781890164732018,0.5290217479320726,0.5205070295481461,0.44817702487382693,0.668653805316541,0.7444652793363369,0.8480741760203335,0.465482208753446,0.681649771272986,0.591824664716492,0.5745295775665958,0.46705532636814606,0.45890594775827154,0.3584934557930235,0.6056153401678939,0.49859430734295584,0.7888577550407514,0.3533031171236265,0.6279505804050532,0.622489715701597,0.5601016387720594,0.4204037662931201,88,45,54,55,51,42,78,28,43,46,49,39
-0.0012033181767863357,-0.0011286569901378415,0.942314251203595,0.007471605090092309,0.0083873191731856,-0.707074594525077,0.7070497477346719,0.0025296486620509516,5.9457938077102607e-05,-0.39870894595085615,0.5904999809048043,-0.2143547521949311,-0.0012377982406256095,0.0032298012623581942,7.384545549902196e-05,-0.3979769325395839,0.5892868408781679,-0.21394214123526095,-0.001938049065080524,0.0264612039819604,-0.14896001406149434,0.274991221404253,-0.30098739652867457,-0.8998955345890642,0.36695620840782117,-0.0701658932340966,0.45681410353453467,-0.1405080251375425,-0.28016366684168087,0.2938615299818934,-0.9424625536933222,-0.34518710646788947,-0.09582319732586851,0.5323786013619555,0.5205070295481461,0.44817702487382693,0.668653805316541,0.7444652793363369,0.8480741760203335,0.465482208753446,0.681649771272986,0.591824664716492,0.5745295775665958,0.46705532636814606,0.45890594775827154,0.3584934557930235,0.6056153401678939,0.49859430734295584,0.7888577550407514,0.3533031171236265,0.6279505804050532,0.622489715701597,0.5601016387720594,0.4204037662931201,88,45,54,55,51,42,78,28,43,46,49,39
-0.0011558902356166528,-0.0010747256157959638,0.9425610126896318,0.006724602065385054,0.008263116456303628,-0.7070884374963367,0.7070448657563969,0.003424198266918466,9.218710044662043e-05,-0.3976983481205634,0.5914679837964816,-0.2153873233875469,-0.0012502860193073769,0.004123466038539008,0.00010553217984201076,-0.39602972146629295,0.5887005031116312,-0.21436580587522952,-0.0019495449311407174,0.02734305761666627,-0.19536606493875003,0.31449190380955355,-0.3064111261051976,-1.066814233249549,0.4044226600593266,-0.0605466635295968,0.40794448300833785,-0.19266162262590616,-0.3299110455834989,0.3094738593737926,-1.1278793596655563,-0.35383837857738365,-0.08182436378402598,0.5037351384981045,0.49732132527307504,0.4380384421555769,0.6287822297936284,0.8451188798111017,0.8984477816249313,0.5196655103226507,0.756445961086958,0.6260173140992041,0.6221299771628223,0.5351732406921647,0.4108542060174794,0.3454099790278835,0.5513044986635998,0.48197447935400994,0.7286360069587281,0.36188021484664096,0.6053712558720026,0.6291628861034885,0.5383801784729491,0.4110133102320912,84,44,54,59,55,47,70,26,40,42,47,38
-0.0011489623259784585,-0.001044489399751522,0.9425165300035081,0.006833046917787945,0.008345901258090621,-0.7070804669075007,0.7070508247077296,0.0033750716329546777,8.974305532967653e-05,-0.3983748274769744,0.5917783484302953,-0.21506016658579494,-0.0012415165882302735,0.0040744045457396984,0.00010348331154698017,-0.39656580908050165,0.5887865179110704,-0.2139362505896972,-0.0019408815904146638,0.02708151333686251,-0.1892570766622934,0.3195245022461594,-0.30697083698764294,-1.0809690636793423,0.4114934269460127,-0.05622134834045577,0.40990043201244847,-0.1863097460779519,-0.33506223707077754,0.30918013871201183,-1.1441370199475067,-0.3579386171020458,-0.0834502729294618,0.50933825728649,0.49732132527307504,0.4380384421555769,0.6287822297936284,0.8451188798111017,0.8984477816249313,0.5196655103226507,0.756445961086958,0.6260173140992041,0.6221299771628223,0.5351732406921647,0.4108542060174794,0.3454099790278835,0.5513044986635998,0.48197447935400994,0.7286360069587281,0.36188021484664096,0.6053712558720026,0.6291628861034885,0.5383801784729491,0.4110133102320912,84,44,54,59,55,47,70,26,40,42,47,38
-0.0011017548689892388,-0.0010962510447688764,0.9429729581509398,0.006075576705819098,0.008126758955817959,-0.7070851659622779,0.707055592745481,0.0041412645235807686,9.742849297715949e-05,-0.3955724941993069,0.5903257822033345,-0.21524112532025136,-0.0012497472643685087,0.004839490354833049,0.00011007009939199742,-0.3927913001128752,0.5857303965371473,-0.2134801099812542,-0.001947925150726547,0.02710657369405396,-0.25343542745760916,0.37005714655065153,-0.3090665102671227,-1.2829061450253434,0.4356754392962298,-0.021064010342280858,0.3441731825265305,-0.25341172054328126,-0.4017366670796164,0.31755388882837343,-1.3867143014430547,-0.3748710873957682,-0.0953968647205718,0.4623350812262461,0.4751445434787043,0.3939370786437488,0.5990679818251325,0.9407972098135463,0.9394325805046433,0.5984322369184473,0.8161165690977867,0.6916568434320982,0.7022123154954796,0.6366912503855646,0.38048809502665604,0.324906182588012,0.5056775952124809,0.48090917401182387,0.6853156608338749,0.3882980245503102,0.5781869673740275,0.6389292424521656,0.5483409121404209,0.41105228343428823,80,38,55,64,60,53,64,23,38,40,46,38
-0.0010898654512236905,-0.0011259036054599642,0.942951763899293,0.006130324879869202,0.008155659519958785,-0.7070778235109539,0.707062130108574,0.004086404136459365,8.172895681613175e-05,-0.3957432750557988,0.590312397998536,-0.21494563760599356,-0.0012327902272780537,0.004784694529341194,9.463890151354109e-05,-0.3928582064178277,0.5855540835415025,-0.21311354890670106,-0.00193107906294279,0.027006188956036938,-0.2481018513151993,0.3737335911939482,-0.3095395107691351,-1.2945971954277797,0.43996937121927365,-0.014495326652149105,0.3457336738697488,-0.24709016926011773,-0.40648273383363026,0.31702172809069223,-1.4014651169162073,-0.3791097963532826,-0.10051551175422538,0.46714421858166094,0.4751445434787043,0.3939370786437488,0.5990679818251325,0.9407972098135463,0.9394325805046433,0.5984322369184473,0.8161165690977867,0.6916568434320982,0.7022123154954796,0.6366912503855646,0.38048809502665604,0.324906182588012,0.5056775952124809,0.48090917401182387,0.6853156608338749,0.3882980245503102,0.5781869673740275,0.6389292424521656,0.5483409121404209,0.41105228343428823,80,38,55,64,60,53,64,23,38,40,46,38
-0.0010566679931203738,-0.0013402933146683328,0.9437523611130215,0.005504521251065083,0.007866750084632963,-0.7070758604827696,0.7070725153839974,0.004560216001589439,6.59375228709424e-05,-0.39071191511802095,0.5853684308681054,-0.213935618916874,-0.0012317532052484826,0.005257325418341989,7.784650023456913e-05,-0.38710233931148136,0.5794197178742649,-0.21162619314438805,-0.0019288300895977581,0.02646410298766783,-0.33364808287866804,0.42773657638252965,-0.3097623855554726,-1.5093753630868236,0.44514958260600973,0.04071086633269169,0.26359358084940326,-0.3300337604391885,-0.48058955850404633,0.3106196984022237,-1.6641962354206847,-0.4018495939578172,-0.14096413730955068,0.38632809156365827,0.4531402874808933,0.3272761128194175,0.5770006496281544,1.0205620291220345,0.9709697376103849,0.6902390426675331,0.8647757377781504,0.7790001790587189,0.7786834803392981,0.7547307125846219,0.3767567207122323,0.3044701049231179,0.4711384892466018,0.49378241714191495,0.6636863713725624,0.42846726597715024,0.5671870297633331,0.654800961237183,0.580771765089646,0.41918723689789505,76,29,55,68,65,60,64,21,36,39,46,40
-0.0010426633595708322,-0.001391384715288576,0.9437621699759458,0.0055282640323630495,0.007872553586874134,-0.7070720330144269,0.7070760930236967,0.004515234048568758,5.3123895953316854e-05,-0.3904815913436843,0.5849508197887855,-0.2136135959253593,-0.001212076808528022,0.005212377559008042,6.519451355188584e-05,-0.38681097972220413,0.578906075025525,-0.21126359503314138,-0.0019092189539104314,0.02653651256125148,-0.3297147582879278,0.43023853241907917,-0.3104963989517727,-1.5177727604037554,0.44720266950830573,0.0476314846969656,0.26419458129590123,-0.32490383312042287,-0.4846653056301326,0.31010705441906616,-1.6748176684727027,-0.40552501988334105,-0.14751979536319748,0.3880813130114956,0.4531402874808933,0.3272761128194175,0.5770006496281544,1.0205620291220345,0.9709697376103849,0.6902390426675331,0.8647757377781504,0.7790001790587189,0.7786834803392981,0.7547307125846219,0.3767567207122323,0.3044701049231179,0.4711384892466018,0.49378241714191495,0.6636863713725624,0.42846726597715024,0.5671870297633331,0.654800961237183,0.580771765089646,0.41918723689789505,76,29,55,68,65,60,64,21,36,39,46,40
-0.0010269017166252723,-0.0016373736171947583,0.944957970214155,0.005050912473863956,0.007476402767411441,-0.7070735254414224,0.7070824713600804,0.004617825218232638,4.330369782415875e-05,-0.3832899500523615,0.5764673150017293,-0.21150583361787267,-0.0011984234847611179,0.005313853584142195,5.428360518020519e-05,-0.37934417531505393,0.569965475609361,-0.20896413682218787,-0.0018944176055432159,0.025960758107777388,-0.4390567864487269,0.47716911453992383,-0.3118900245980866,-1.7163283502104616,0.436796372070894,0.0963017996186123,0.1728641401770894,-0.4232022110213584,-0.5507196417283263,0.29727739869441355,-1.8986056371276088,-0.42529782901585733,-0.18913090219311002,0.2767734212462377,0.42405512598798617,0.28653500553651523,0.5583898198417034,1.0747186358803302,1.0033842368245187,0.773185091056924,0.913579681519967,0.8683273257263262,0.8438881434357652,0.8641870556747451,0.39151536449343655,0.31043767361501307,0.4405137553672179,0.5158249918434535,0.6472589833869413,0.4754880068222043,0.5627786073254758,0.6779341572817077,0.6186840514475622,0.43478517460979826,71,24,56,71,70,67,66,21,35,40,46,43
-0.001012671685083673,-0.0016599460787934486,0.9450012143944904,0.0050886423534854475,0.007506147995180841,-0.7070710791206933,0.707084331980543,0.004588147148008449,3.5141061350437325e-05,-0.38285736867460196,0.5755154035438352,-0.2108706178905941,-0.0011806973236173064,0.005284161338197215,4.6345927325255854e-05,-0.3788780908922638,0.568961168369883,-0.20830851916998216,-0.0018767034190185494,0.026100181215686052,-0.4360118573251942,0.4793403094806339,-0.3129511597243602,-1.7227268551721164,0.43767433666714,0.1029600318695449,0.17192077788464108,-0.41910276700365695,-0.5547182317815562,0.2970066135038578,-1.905789691172275,-0.42895489906794515,-0.19562643603311627,0.2744164429674187,0.42405512598798617,0.28653500553651523,0.5583898198417034,1.0747186358803302,1.0033842368245187,0.773185091056924,0.913579681519967,0.8683273257263262,0.8438881434357652,0.8641870556747451,0.39151536449343655,0.31043767361501307,0.4405137553672179,0.5158249918434535,0.6472589833869413,0.4754880068222043,0.5627786073254758,0.6779341572817077,0.6186840514475622,0.43478517460979826,71,24,56,71,70,67,66,21,35,40,46,43
-0.0009695653837294208,-0.0017548688992860524,0.946596216075322,0.004763424498044361,0.007077129639456285,-0.707068377387898,0.7070937234349934,0.004375053213997976,1.0155350533118174e-05,-0.3733989480666149,0.5624637176485611,-0.20646810834121795,-0.0011159668207311622,0.005069945332320171,2.053089444948135e-05,-0.3693845142398625,0.5558521511731981,-0.20387312175106462,-0.0018108278030548877,0.026575860151124005,-0.5572278386739333,0.5163875868123805,-0.32154892044039407,-1.9016063877430691,0.42260340320587325,0.13484890802460253,0.07862237677302815,-0.5223886078462432,-0.6179855013285019,0.2830002878807474,-2.1080741623188968,-0.44217921323708076,-0.2285450375181512,0.13651484657917545,0.3785377594007225,0.32701869420804086,0.5619546548389018,1.0940223090199455,1.0425029645745834,0.8240324052004518,0.9454930617992684,0.9398894378896452,0.8741620835887908,0.9436690269246554,0.40509353738176185,0.3672687792858333,0.4127353393385714,0.5431165220973173,0.632960984355216,0.5219318290830116,0.562586202228736,0.7092860825939351,0.6595480386364511,0.4608891304807276,64,29,56,75,73,70,69,29,34,40,47,46
-0.0009569012687118195,-0.0017667717681080217,0.9466613350315323,0.004780331951575748,0.007088652448525159,-0.7070682884624824,0.7070935828330169,0.004350920103534882,8.611204415171384e-06,-0.37265902573540627,0.5611254933071892,-0.20574748047413902,-0.0010985012881493431,0.005045775021811098,1.9123990745688214e-05,-0.36863831691274873,0.5545033308484666,-0.2031486873941039,-0.0017933409452154999,0.02678177007432313,-0.5555626943427571,0.5177533258230801,-0.3225045892904041,-1.9049365560940787,0.4228867693255442,0.1392271939052749,0.07720498128542072,-0.5194775110376065,-0.6211968401863648,0.28257980848239095,-2.1117266332906888,-0.4450871834175733,-0.23324619907554647,0.13228805620189257,0.3785377594007225,0.32701869420804086,0.5619546548389018,1.0940223090199455,1.0425029645745834,0.8240324052004518,0.9454930617992684,0.9398894378896452,0.8741620835887908,0.9436690269246554,0.40509353738176185,0.3672687792858333,0.4127353393385714,0.5431165220973173,0.632960984355216,0.5219318290830116,0.562586202228736,0.7092860825939351,0.6595480386364511,0.4608891304807276,64,29,56,75,73,70,69,29,34,40,47,46
-0.0009095115033876402,-0.0016542926396625728,0.9483953573466661,0.00449556793716838,0.0065353091033867935,-0.707054966430756,0.7071141025672223,0.0038808382602772444,-5.681762259676143e-05,-0.3621840209496839,0.5461812797625767,-0.20049674924651598,-0.0010080218225365283,0.004574704723419325,-4.732304124797503e-05,-0.3583939012477176,0.539955579820293,-0.198054380355522,-0.0017018523597370002,0.029537094468021014,-0.6828150876143321,0.5385065790358039,-0.3395582494965882,-2.049010691765118,0.4079469967717428,0.13460245281162114,-0.0082697096325197,-0.620741967651864,-0.6755881833137046,0.2668082767030477,-2.2614765607822283,-0.4459285623757675,-0.2418995292012842,-0.002002148950402241,0.3127184087949954,0.4122477728853805,0.6150248639510009,1.0724219134843995,1.0969873441664033,0.8281293649066446,0.92912491028846,0.9830861536169335,0.833010221793078,0.9877024534953497,0.39468298000617363,0.42674091718077134,0.3910776359170364,0.5751639087565869,0.6227699370396509,0.5598558615067937,0.564284931189702,0.7497293843465695,0.6979458930455645,0.5047963871997952,53,40,59,78,73,69,67,38,34,40,48,49
-0.000898004416983509,-0.0016312973293630543,0.9484721908811635,0.00452404861297324,0.006562079754923365,-0.707058760298936,0.7071098794232545,0.003863853137566382,-4.5201295573315094e-05,-0.3613709242923166,0.5445453296546283,-0.1995665309440267,-0.0009928425813633714,0.004557662062509399,-3.552448271625014e-05,-0.35759561588149824,0.5383386615194437,-0.19713043475901396,-0.0016866275618882924,0.029874676573554994,-0.6822556020614942,0.5390825424710506,-0.3406155532804816,-2.050233074091608,0.4078252800397904,0.1366808902517361,-0.010389538449620504,-0.618630229600046,-0.6783186075622104,0.2663030912462103,-2.2628847119577347,-0.4482337444538856,-0.24480203500014114,-0.007632045714355232,0.3127184087949954,0.4122477728853805,0.6150248639510009,1.0724219134843995,1.0969873441664033,0.8281293649066446,0.92912491028846,0.9830861536169335,0.833010221793078,0.9877024534953497,0.39468298000617363,0.42674091718077134,0.3910776359170364,0.5751639087565869,0.6227699370396509,0.5598558615067937,0.564284931189702,0.7497293843465695,0.6979458930455645,0.5047963871997952,53,40,59,78,73,69,67,38,34,40,48,49
-0.0008653721701410223,-0.001291219923761292,0.9501834497652065,0.004212418787475551,0.0059072017017217735,-0.7070387437717112,0.7071375929065961,0.0032965364942020734,-0.00013476081472402722,-0.3506216341152587,0.5289676773002675,-0.19374873803009,-0.0009072481553886101,0.003989417924355082,-0.0001262297706206625,-0.34724579448842735,0.5234474774553516,-0.19159306230323667,-0.0016001050646950983,0.03561758197696783,-0.8046225450744158,0.5440628505176152,-0.36340562176859714,-2.1605545350102675,0.3936831949501756,0.1035489815541825,-0.08680811682395864,-0.7075925460772794,-0.7210692381752468,0.2552802046885682,-2.3638465162543794,-0.44526760363653295,-0.23196745264861574,-0.12300212774836979,0.2325851417547648,0.5128573212498249,0.7000698540254864,1.0118618071469383,1.1744581114327166,0.7840188384162434,0.8866918546487357,0.9988666440419491,0.7557492431028545,1.0093659688632939,0.3448341250944804,0.47603269790181296,0.40695157999685,0.6145188580942627,0.6413147584737916,0.581034934560908,0.5559465857817142,0.795524415364533,0.692826336203982,0.5733458254547232,39,53,62,81,71,65,58,45,36,42,49,50
-0.0008557745479723708,-0.0012407644573452082,0.9502622967075572,0.004247099602086847,0.0059504621828602305,-0.7070464045285295,0.707129362979688,0.0032980971693646628,-0.00010987268288616185,-0.34980043146064477,0.5271789022714078,-0.19270177681525408,-0.0008970192962647772,0.003990901842178275,-0.00010112990512708156,-0.3464497344203625,0.5216897303525184,-0.19055539849409053,-0.0015898042573638956,0.03608519252901766,-0.805028501306428,0.543673120761746,-0.3646098343485655,-2.1600248060317013,0.39313411014410576,0.10343233205895899,-0.08932384628292288,-0.7063450015239929,-0.7231857803510959,0.2548259545367753,-2.3635526272861056,-0.44698303024914415,-0.23301216936013183,-0.1288446852987797,0.2325851417547648,0.5128573212498249,0.7000698540254864,1.0118618071469383,1.1744581114327166,0.7840188384162434,0.8866918546487357,0.9988666440419491,0.7557492431028545,1.0093659688632939,0.3448341250944804,0.47603269790181296,0.40695157999685,0.6145188580942627,0.6413147584737916,0.581034934560908,0.5559465857817142,0.795524415364533,0.692826336203982,0.5733458254547232,39,53,62,81,71,65,58,45,36,42,49,50
-0.0008392803377295147,-0.0006446073830299702,0.9517947885004402,0.003763485687861935,0.0052625532905022305,-0.7070262434509967,0.7071577142193339,0.002962500544631424,-0.00019651398387776007,-0.3394527945392521,0.5122453696663439,-0.18674962780618795,-0.0008465459702069911,0.003654297548887507,-0.00018909656577060426,-0.33642538529001614,0.5073193933014045,-0.1848463927839671,-0.0015383274339968438,0.043909168794087954,-0.9144497096164051,0.5370591254245326,-0.3904547988421518,-2.238572785455439,0.37720207618716606,0.05376928657997474,-0.15476363668251303,-0.7808793994900813,-0.7578095727950105,0.24897169566420715,-2.438124604265615,-0.4381179400845501,-0.20333867742405523,-0.21957456085037402,0.15168305717903066,0.5962304953404102,0.8721568748111747,0.9253796780597755,1.2871172995065283,0.7020840948819819,0.8361168031418728,0.9947696145225864,0.659726149486617,1.0276831819096817,0.25948382457394353,0.5037545652626948,0.543893970285972,0.6626893345840681,0.7709631909260264,0.5797829313486362,0.5467558215670522,0.8348398853545287,0.5830820574205109,0.6648569898818137,26,64,69,86,69,60,44,48,44,50,49,47
-0.000831246222211961,-0.000580634852979727,0.9518692551243084,0.003799536790930621,0.00531788527823795,-0.70703585895928,0.7071474936405094,0.0029825918711778527,-0.00016450742074400492,-0.33867260411112965,0.5104521144015975,-0.1856882661374106,-0.0008401539701254757,0.003674303274902341,-0.00015686901542149193,-0.33566207582806656,0.5055409258532534,-0.18378640702271443,-0.0015318507163362546,0.04447126504079519,-0.9155535073003424,0.5357617783851568,-0.39179322631430447,-2.236784756494925,0.3761257177331072,0.05201332787423085,-0.15734746699116,-0.7800990062570078,-0.7592958401997123,0.2485256042587324,-2.4372565554591406,-0.4388789353028088,-0.20294299816624944,-0.22449579452812363,0.15168305717903066,0.5962304953404102,0.8721568748111747,0.9253796780597755,1.2871172995065283,0.7020840948819819,0.8361168031418728,0.9947696145225864,0.659726149486617,1.0276831819096817,0.25948382457394353,0.5037545652626948,0.543893970285972,0.6626893345840681,0.7709631909260264,0.5797829313486362,0.5467558215670522,0.8348398853545287,0.5830820574205109,0.6648569898818137,26,64,69,86,69,60,44,48,44,50,49,47
-0.0008237987084785819,0.00011626758347513537,0.9530556508692716,0.003002495320670729,0.004535209648968893,-0.7070050204240916,0.7071876115928634,0.0029901747121095414,-0.0002751293408074948,-0.329697805516422,0.4988386268912573,-0.18113175082410568,-0.00082177054160412,0.003680914079293727,-0.0002692978139127246,-0.32678953333054506,0.4941405810023581,-0.17935037294821918,-0.0015125154918151098,0.05208545193365921,-1.0051674594913813,0.5248079074962619,-0.4146828336894036,-2.289841702554738,0.35851683307483795,0.002985988251410523,-0.2062059689528146,-0.8381558580550715,-0.7874948895556713,0.2439210660590002,-2.4904298467214505,-0.42492454230116206,-0.1696633729394323,-0.2818649926580692,0.08438623300161284,0.655132713421402,1.1471781614384398,0.8358674741315792,1.309,0.6019044211123037,0.8003426498374049,0.9788393661211033,0.5608583262692617,1.0512445421263057,0.16309440380100504,0.5068333696964441,0.7642522777790606,0.7152795170653448,1.020314244728129,0.5571204069701429,0.6192275818832181,0.854528351234331,0.44537451478731466,0.765865686319543,14,72,81,84,66,56,28,49,57,65,54,42
-0.0008178420146178398,0.00020615107790011983,0.9531262561623495,0.003069024250958149,0.004639290330374938,-0.7070180939892864,0.7071735804221859,0.0030414868326276113,-0.0002375254905489697,-0.329103985630209,0.4970375417475965,-0.18000579272436598,-0.0008205255238066682,0.0037321199696917153,-0.000231389619328781,-0.3261926622158718,0.4923171984867472,-0.1782109200219614,-0.001511160579738323,0.052810245449816245,-1.0069715209587016,0.5227221229880409,-0.416459727002713,-2.287575297363418,0.3568017499881403,2.948981726861666e-05,-0.20885283448741332,-0.8377572478128686,-0.7886674336761866,0.24358920398811332,-2.4897886928678656,-0.42467349567452095,-0.16822036415383507,-0.28574369330540195,0.08438623300161284,0.655132713421402,1.1471781614384398,0.8358674741315792,1.309,0.6019044211123037,0.8003426498374049,0.9788393661211033,0.5608583262692617,1.0512445421263057,0.16309440380100504,0.5068333696964441,0.7642522777790606,0.7152795170653448,1.020314244728129,0.5571204069701429,0.6192275818832181,0.854528351234331,0.44537451478731466,0.765865686319543,14,72,81,84,66,56,28,49,57,65,54,42
-0.0007986874188168564,0.0009604271072376177,0.9539708907851989,0.0019991297645358254,0.0038107694445961974,-0.7069923322378774,0.7072081190662838,0.003382291335163644,-0.00031470513826807356,-0.3215616802565486,0.48860203632281446,-0.17653461151613167,-0.0008183086846327029,0.004071967277718843,-0.0003105499949351006,-0.3185213896443356,0.4837044137789214,-0.17470643310003753,-0.0015080196598894102,0.05912157949384717,-1.07471015471415,0.5115843623101396,-0.433933528190783,-2.3200520088790157,0.339055506162498,-0.03805936008998416,-0.2401044913187186,-0.8791039910024848,-0.8115652384497016,0.24077748500536064,-2.527389791629187,-0.41098751187716975,-0.13991972373054967,-0.31706800500519866,0.038957686219983155,0.7022778700621846,1.2863439441149698,0.7667564500098834,1.309,0.5078043050859748,0.822900908246384,0.957861058290846,0.5312902496256201,1.0758815574875802,0.08380514308045385,0.4933128363066659,0.8194211405969277,0.763282119061047,1.16116756880512,0.5222706062174699,0.7482866864602248,0.8532701433765684,0.3887235358219464,0.8577336745855575,7,78,87,82,67,55,14,47,61,73,60,41
-0.000793255636327081,0.001062947466796729,0.954037686666907,0.002099104683388578,0.003960409125753764,-0.7070067709417637,0.7071925726148323,0.00345303392582232,-0.0002808440840460536,-0.3211374521462648,0.48681907467647995,-0.17544994305852485,-0.0008187945074013746,0.004142587059444541,-0.00027637021051435834,-0.31806351945248,0.4818474138895895,-0.1735887801597314,-0.0015083703940019708,0.05995410563783913,-1.0771434521038448,0.5090044805065147,-0.4360823101594921,-2.3178188694525663,0.33679742636112014,-0.041460788407512376,-0.24235356528043284,-0.8790890752920508,-0.812633831045558,0.24058555540291207,-2.5273942941839507,-0.4100811763967257,-0.1379122789170234,-0.31961713129987074,0.038957686219983155,0.7022778700621846,1.2863439441149698,0.7667564500098834,1.309,0.5078043050859748,0.822900908246384,0.957861058290846,0.5312902496256201,1.0758815574875802,0.08380514308045385,0.4933128363066659,0.8194211405969277,0.763282119061047,1.16116756880512,0.5222706062174699,0.7482866864602248,0.8532701433765684,0.3887235358219464,0.8577336745855575,7,78,87,82,67,55,14,47,61,73,60,41
-0.0007648009421127441,0.0016866349081662703,0.9545244498010477,0.0006868228053138179,0.002864173164132567,-0.7069793259196995,0.707228080260284,0.0038941473006752236,-0.0003189558674940758,-0.3151739697803058,0.48308142103021356,-0.17378548931039764,-0.0008121717979697224,0.004582911892504592,-0.00031654570235431837,-0.3118969103340587,0.47780558088708025,-0.17182780151928748,-0.0015011026579759312,0.06339281466554708,-1.119541200848168,0.5026540945691248,-0.4448480073520129,-2.335995547743634,0.32436904910102043,-0.06158740704931916,-0.25588696707831626,-0.9050550029840077,-0.8283413078297136,0.23758709369346184,-2.550383515389418,-0.40042314421926706,-0.12181247057171388,-0.33198986331899916,0.014550757613999167,0.7405714323218451,1.309,0.7288126691856149,1.309,0.439606323782521,0.8759783255682937,0.9385791930402345,0.5552532188297744,1.095738543633309,0.034683043269291156,0.47570162639600216,0.8298079614946889,0.8008676012431735,1.2167874247017025,0.4889123114836738,0.8201632022349981,0.8439407127528354,0.4094196151855102,0.9271430801961742,2,83,87,81,69,56,6,45,63,76,64,44
-0.000760000791484805,0.0018035796072545997,0.9545905983570112,0.0008898143987007717,0.003132794424187382,-0.7069903268569423,0.7072157178401403,0.003991269856196341,-0.00031174415966279533,-0.3150208150678358,0.48113621516229077,-0.17286402047995714,-0.0008150001361739127,0.004679881393191863,-0.00030914441960218245,-0.31167443993518457,0.4757342318045957,-0.1708609033469258,-0.0015037086470846084,0.06444865116261159,-1.1238475353902078,0.4998429738822462,-0.4476777292939115,-2.33495963032042,0.321559914165066,-0.06543402095032345,-0.2576772993911192,-0.9062616524150717,-0.8301362755288396,0.23760669254870126,-2.5519501007488805,-0.3988785122885627,-0.11918127481937306,-0.33372880567000246,0.014550757613999167,0.7405714323218451,1.309,0.7288126691856149,1.309,0.439606323782521,0.8759783255682937,0.9385791930402345,0.5552532188297744,1.095738543633309,0.034683043269291156,0.47570162639600216,0.8298079614946889,0.8008676012431735,1.2167874247017025,0.4889123114836738,0.8201632022349981,0.8439407127528354,0.4094196151855102,0.9271430801961742,2,83,87,81,69,56,6,45,63,76,64,44
-0.0007545574109416502,0.0019019579326517034,0.9546532359166272,0.0010131068946086525,0.0033126975258079634,-0.7070030632423828,0.7072019995838595,0.004073041762641035,-0.0002900432464736866,-0.3146988927582873,0.479402622653228,-0.17191433744500084,-0.0008172827800610226,0.004761514401999488,-0.0002871991185311571,-0.31128283877546603,0.47387007015119875,-0.16985857182685546,-0.001505818775317434,0.06533681375990949,-1.126848554193275,0.4970873357334682,-0.45002342995177463,-2.3330854717917484,0.3190133611767611,-0.06855751392972498,-0.25903736169585373,-0.9065942175679996,-0.8313385425557469,0.2374576736150249,-2.552645784325117,-0.3976453865309206,-0.11720149421316878,-0.33504504738013074,0.014550757613999167,0.7405714323218451,1.309,0.7288126691856149,1.309,0.439606323782521,0.8759783255682937,0.9385791930402345,0.5552532188297744,1.095738543633309,0.034683043269291156,0.47570162639600216,0.8298079614946889,0.8008676012431735,1.2167874247017025,0.4889123114836738,0.8201632022349981,0.8439407127528354,0.4094196151855102,0.9271430801961742,2,83,87,81,69,56,6,45,63,76,64,44
-0.0007159254276921901,0.00250949264324647,0.954930488159359,-0.0003252763149547673,0.0023337252024968006,-0.7069914673307102,0.7072181509573741,0.004564046011249757,-0.0002923284125847972,-0.3104059575097189,0.4776599603231741,-0.17071948358096878,-0.0008013880538920574,0.005251786928502535,-0.00029092514210243825,-0.30677869481643344,0.4717873182687852,-0.16854488554750513,-0.0014894501506046913,0.06732039357403159,-1.1504980970640286,0.4930634682503473,-0.45424492244677567,-2.3408287361363143,0.3110494457239767,-0.07742868833190313,-0.2628740690308617,-0.9208928541722308,-0.841524529831487,0.23464699284102403,-2.564848256713629,-0.39155320945293126,-0.10948656662390088,-0.33912191749711046,0.004297908189621076,0.7538369905611993,1.309,0.7171820219431275,1.309,0.4045844161123089,0.9127231960961358,0.9275341823016074,0.5500934670555184,1.110781632449357,0.01143766618709444,0.46234135786478825,0.8622412928114518,0.8293206219343008,1.2611935750608065,0.46795691109984877,0.8413199438013332,0.8409300110664989,0.45315828182548135,0.9712369649721576,1,85,87,80,71,57,2,43,65,78,65,47
-0.0007135211793237462,0.002570537432168602,0.9549854293078736,-0.00016443046285715418,0.002567124394079302,-0.7069940377723426,0.7072148283155035,0.004678153749190892,-0.00029630787913399807,-0.3100608410577873,0.47590431994490834,-0.17004162494792546,-0.000807376604360187,0.005365712583024062,-0.0002949769803869325,-0.30632405022741915,0.4698491045910889,-0.16780123181751233,-0.0014951381149512113,0.06836988644747577,-1.1556265630363007,0.49040946542860164,-0.4568365076664769,-2.3403397995984685,0.3081541751196223,-0.08033886505863956,-0.26341852371250196,-0.922732780965659,-0.8438504672708873,0.2343723718040356,-2.5670253164896004,-0.38983288450764375,-0.1073048290350343,-0.33988403445794746,0.004297908189621076,0.7538369905611993,1.309,0.7171820219431275,1.309,0.4045844161123089,0.9127231960961358,0.9275341823016074,0.5500934670555184,1.110781632449357,0.01143766618709444,0.46234135786478825,0.8622412928114518,0.8293206219343008,1.2611935750608065,0.46795691109984877,0.8413199438013332,0.8409300110664989,0.45315828182548135,0.9712369649721576,1,85,87,80,71,57,2,43,65,78,65,47
-0.0006766131599649326,0.0031788510293287494,0.9551716702668287,-0.0010775182391500292,0.0020634329457073467,-0.7069788423353144,0.7072308659052863,0.005250641499327215,-0.0003367036920590273,-0.3071257708531885,0.47376715659205193,-0.16874963656552283,-0.0007982839913568593,0.005937373989974747,-0.00033644803823351725,-0.3031000864002945,0.46725164604782754,-0.16635800680371096,-0.001485375728097501,0.0708737000447317,-1.1720281591046198,0.4859216581578823,-0.4609049714178048,-2.3428133459192755,0.3017083432435725,-0.08482102847081409,-0.26270312081013125,-0.9318753022089066,-0.8522395325444194,0.23210990280075555,-2.575262620831048,-0.3851388390966524,-0.10263466144849798,-0.3412599987680267,0.0009816080779066509,0.7270689892697637,1.309,0.7209056469956725,1.309,0.39748160673510025,0.9226571913194671,0.9278976471183351,0.5604836040788584,1.1246347994146264,0.0030584975279023432,0.45505742694445395,0.8769091271116748,0.8521031813320998,1.309,0.4620206623413806,0.8642074062138234,0.8485165733524829,0.5200984654235467,0.9950453590911088,0,81,87,80,72,57,0,42,67,81,67,51
-0.0006748465179403213,0.003227856331044247,0.9552233923400835,-0.0009705062799332347,0.002235200410992184,-0.7069909100829079,0.7072184351788523,0.00535596263640365,-0.00032653298723052117,-0.30671303911792236,0.47221280489751366,-0.168084702623051,-0.000808964342435842,0.006042499460159624,-0.00032632881711453583,-0.3025525723745504,0.4654610390938911,-0.16560232142720038,-0.0014957460631085458,0.07188043188742142,-1.1761291839055097,0.48324738976797194,-0.46321316486566605,-2.341742355044589,0.29927233774169415,-0.0862692939404975,-0.26186302450589016,-0.9329165594238744,-0.8543305120625206,0.23169414744428893,-2.5769060399940216,-0.3837647183701937,-0.10141935143526636,-0.34126603191638943,0.0009816080779066509,0.7270689892697637,1.309,0.7209056469956725,1.309,0.39748160673510025,0.9226571913194671,0.9278976471183351,0.5604836040788584,1.1246347994146264,0.0030584975279023432,0.45505742694445395,0.8769091271116748,0.8521031813320998,1.309,0.4620206623413806,0.8642074062138234,0.8485165733524829,0.5200984654235467,0.9950453590911088,0,81,87,80,72,57,0,42,67,81,67,51
-0.0006236770528156813,0.0037383960518973802,0.9553046396319846,-0.0016804652492527347,0.0018680057898209186,-0.7069339627777135,0.707275094190594,0.0057856197821905524,-0.000392672565181543,-0.3051667174750258,0.4714036334828966,-0.16736681390836444,-0.0007907553909822983,0.006471562143387136,-0.0003929932853734586,-0.30080554963753875,0.46437765151013716,-0.16480169265081318,-0.0014771452079521635,0.07373738173523986,-1.1818322036843492,0.48118107742083643,-0.46491683000183404,-2.341555136451422,0.2970550306102584,-0.08674039093518192,-0.2600393156331396,-0.9363618940825855,-0.8585383930660797,0.23042721743042258,-2.580063975847631,-0.38192682201844197,-0.09994916406364115,-0.3412866237814163,0.00016882569854541148,0.6658887238158375,1.257520826355957,0.7318106910549357,1.309,0.4061961229567705,0.9096501948821495,0.9366463805199908,0.573448066842305,1.1405468178520723,0.0010666405190638145,0.45227043283499185,0.8820679538614271,0.8691677104878077,1.309,0.4657398106243941,0.8715959259895837,0.8616588240801837,0.5457708275503966,1.0050730872219185,0,73,85,80,71,58,0,41,68,81,67,53
-0.0006380736817605251,0.0037436913095245093,0.9553447412405315,-0.001701888913121812,0.001939438062302574,-0.7069614384304019,0.7072473872179004,0.005968302451366391,-0.00039563841781168187,-0.3044055094787018,0.4701490984145176,-0.16678434799027697,-0.0008029359098342618,0.006653922671488537,-0.00039620213314610066,-0.29988134455397725,0.4628306642978468,-0.16411547375791544,-0.001488945668681402,0.07498163541486781,-1.1858426455616802,0.47872529053203616,-0.4668178313339192,-2.340558870563219,0.2952268691618169,-0.0870165962260121,-0.2582863134965069,-0.9376701221873656,-0.8613172606262877,0.22967303884316737,-2.5818509581896847,-0.3806906881473053,-0.09907999695890095,-0.34102669558874893,0.00016882569854541148,0.6658887238158375,1.257520826355957,0.7318106910549357,1.309,0.4061961229567705,0.9096501948821495,0.9366463805199908,0.573448066842305,1.1405468178520723,0.0010666405190638145,0.45227043283499185,0.8820679538614271,0.8691677104878077,1.309,0.4657398106243941,0.8715959259895837,0.8616588240801837,0.5457708275503966,1.0050730872219185,0,73,85,80,71,58,0,41,68,81,67,53
-0.0006101733401603647,0.004156073631575843,0.9554240198303483,-0.002312079539600451,0.001770334389279279,-0.7069155081147357,0.707292008007469,0.006608150653244035,-0.000529809129070521,-0.3024060804826775,0.4681635676415062,-0.1656204412121606,-0.0008091363268644649,0.007292738888023232,-0.0005311258605448715,-0.29744284285010586,0.4601774942525779,-0.16274507264531163,-0.0014941950692644581,0.07938578056703136,-1.1920324607851236,0.47458162962996076,-0.47040683699016733,-2.338182181210718,0.2935412927949448,-0.08599688804961594,-0.2535678927762947,-0.9402599235266659,-0.8683558154909882,0.22797165426160315,-2.5854650444955594,-0.37898530384148665,-0.09738862996976456,-0.3399764433440313,2.118829711921116e-05,0.593621978600257,1.309,0.7461740352138557,1.309,0.41904572560214337,0.9015726540242871,0.9469988969713041,0.556390649903299,1.159336858046118,0.001769170449576572,0.4524844887411027,0.8768535034684137,0.8778467441657849,1.309,0.4713829226083436,0.8803540579892613,0.8737841412659177,0.5490512436926901,1.004718698117301,0,64,88,80,71,58,0,41,67,81,68,53
-0.0006099165713364444,0.00416444846224247,0.9554686443357238,-0.002295596903173697,0.0018239049031207322,-0.7069565660364759,0.7072508871282358,0.006676881748352327,-0.0004787835767532114,-0.3018054694966019,0.4669906092748905,-0.16512164213289066,-0.0008279208613860595,0.007361288492387631,-0.0004801962579278191,-0.2966720276472844,0.45867385253789233,-0.1621068168641389,-0.0015126480300002947,0.08051742087161942,-1.1943653505179082,0.47230982856931375,-0.47207666362449613,-2.3369362567890404,0.2928452029622211,-0.08553417120402387,-0.2516176821823646,-0.9400687889192954,-0.8704854386868607,0.22719708145863518,-2.5864137089361967,-0.3785705057997237,-0.09712969048658916,-0.33941288880320564,2.118829711921116e-05,0.593621978600257,1.309,0.7461740352138557,1.309,0.41904572560214337,0.9015726540242871,0.9469988969713041,0.556390649903299,1.159336858046118,0.001769170449576572,0.4524844887411027,0.8768535034684137,0.8778467441657849,1.309,0.4713829226083436,0.8803540579892613,0.8737841412659177,0.5490512436926901,1.004718698117301,0,64,88,80,71,58,0,41,67,81,68,53
-0.0005840773705440836,0.004522970867197638,0.9555250002358329,-0.0028682849283673453,0.0016593770581968454,-0.7068673854729249,0.7073383340128117,0.00725926993821879,-0.000677147699223415,-0.3000044884290902,0.46525953474470866,-0.16408316582792934,-0.0008301605218827628,0.007942669334002629,-0.0006791453680801335,-0.29436967189852803,0.45622269930952986,-0.16084658732301793,-0.0015139950220138857,0.0863974358195882,-1.1970572915033124,0.4689706882794306,-0.47539610500941903,-2.334267540912118,0.29375917915966215,-0.08391336739304041,-0.24726213657376497,-0.9400153525839668,-0.8760775883055273,0.22623660287859138,-2.5886183104234117,-0.3794279447646476,-0.09604068350670282,-0.33744207980228974,4.1364303272265605e-06,0.5328867197457119,1.309,0.762169314583268,1.309,0.4303517852369912,0.9103549239275197,0.9543586624476376,0.5276364726497401,1.1786460813327546,0.004567125226741201,0.4553028725971619,0.8745759186077313,0.8768531631292096,1.309,0.4749430626698541,0.888510662262239,0.8823849405601742,0.5752218275078143,0.9952728976656914,0,56,88,80,72,57,1,42,67,81,69,54
-0.0005862353829874105,0.004510998616838833,0.9555656308316306,-0.002887795634109154,0.001661971874729496,-0.7069317818320617,0.707273889184105,0.0073081145913961925,-0.0005920844420960934,-0.2993282182241708,0.4642777432497828,-0.16369108544160937,-0.0008499092681513916,0.007991364690464511,-0.0005941943416208197,-0.29352317713161796,0.454881399688391,-0.16029376715439017,-0.0015334490638457274,0.08761012321755374,-1.1986080706581885,0.46711033981232253,-0.4766755630864955,-2.3332752709007987,0.29406161849572926,-0.08324364416894886,-0.2455718776124411,-0.9393908270086524,-0.8780103397140532,0.22540835070155923,-2.589356243677552,-0.37986243598150243,-0.09592380780755778,-0.3366212824614024,4.1364303272265605e-06,0.5328867197457119,1.309,0.762169314583268,1.309,0.4303517852369912,0.9103549239275197,0.9543586624476376,0.5276364726497401,1.1786460813327546,0.004567125226741201,0.4553028725971619,0.8745759186077313,0.8768531631292096,1.309,0.4749430626698541,0.888510662262239,0.8823849405601742,0.5752218275078143,0.9952728976656914,0,56,88,80,72,57,1,42,67,81,69,54
-0.0005826065877901298,0.004843773930089925,0.9556066347132648,-0.0034779774348626404,0.0014616996516627033,-0.7067942832907699,0.7074090812355875,0.007887311539157088,-0.0008944314474883973,-0.2975696444469471,0.46281994519401176,-0.1628227481220035,-0.0008641263488218724,0.008569480941154974,-0.0008971705246088494,-0.2912052643895407,0.45266774044647146,-0.15921097434448417,-0.0015467581064644554,0.09567841154958381,-1.1992125794862911,0.4647629500842421,-0.47935787995426055,-2.3307298397968395,0.2972753461579061,-0.08118728451592822,-0.24180208594088917,-0.9381783916034964,-0.8824610682630608,0.2252241529980703,-2.5906117918868232,-0.3835647906537852,-0.09493985451043985,-0.33309920177194424,2.727949620867137e-05,0.49224458135804394,1.1744476569104971,0.7771712398089076,1.309,0.4403599656801784,0.9124473817144432,0.9585581427940925,0.5091397699430771,1.194453388741727,0.009580286797122075,0.46063071703167735,0.8874632029116546,0.8667768101254395,1.309,0.47715732698527424,0.8854587969854942,0.888713609147661,0.6104940415727012,0.9795414073594255,0,51,81,81,72,56,1,42,68,81,69,56
-0.0005886699712506186,0.0048149738796782965,0.9556432096309707,-0.0035170184880062368,0.0014259278347114213,-0.7068923026110545,0.7073110135011378,0.007913877258698293,-0.0007625211578037335,-0.2968416450706928,0.46199117431462516,-0.16253810761213208,-0.000891329018457251,0.008595941636470969,-0.0007654097922671271,-0.29031856800532596,0.45145761376388116,-0.1587454763807331,-0.001573678657866756,0.09705398503153369,-1.2002776692185189,0.4632965463418446,-0.48023156193993327,-2.3299854129780924,0.29852174296349415,-0.08036389056371775,-0.24042409396537462,-0.9374782265366778,-0.8842321759026736,0.22443867687695768,-2.591182374303527,-0.3849868883577715,-0.09480099856957726,-0.33170878034316764,2.727949620867137e-05,0.49224458135804394,1.1744476569104971,0.7771712398089076,1.309,0.4403599656801784,0.9124473817144432,0.9585581427940925,0.5091397699430771,1.194453388741727,0.009580286797122075,0.46063071703167735,0.8874632029116546,0.8667768101254395,1.309,0.47715732698527424,0.8854587969854942,0.888713609147661,0.6104940415727012,0.9795414073594255,0,51,81,81,72,56,1,42,68,81,69,56
-0.0006244240780996067,0.005161251675147223,0.9556720941855925,-0.0041897072232203415,0.001169690014599963,-0.7066877384091257,0.7075122038246753,0.008577307993155842,-0.0012123984079387444,-0.2950456572224068,0.4608214122846526,-0.1618211883346221,-0.0009352656949144483,0.009258033090543042,-0.0012160515918245634,-0.2878921959050972,0.44949864276126633,-0.15783707342564804,-0.0016165705720331686,0.10830132507147242,-1.1995069440172006,0.4618733806504525,-0.4819633750987513,-2.3274868138378557,0.30381876479428327,-0.07720454283345043,-0.23706257405659847,-0.9362784724207112,-0.8875225627862157,0.22547365109414227,-2.5926391081834046,-0.3917471748327164,-0.09314663335921432,-0.3263228251317969,0.0002157401488390191,0.46796058501792415,1.0852917008625715,0.7885744357432751,1.309,0.4511578116167843,0.8993039354362046,0.9613516120750794,0.5026987545116396,1.203691215759669,0.015985784778281425,0.46880829143561786,0.8933758373653432,0.8469603243450032,1.309,0.4783582793169253,0.8765385413515988,0.8933885782688828,0.6492041702915814,0.9622412936612834,0,48,77,81,71,56,3,44,68,81,68,58
-0.0006353859842339523,0.005118245258162475,0.9557048489233065,-0.0042313376056637205,0.001098422932751974,-0.7068346275710028,0.7073653218215393,0.008564383173946467,-0.0010115499459864394,-0.2942809382652911,0.4601200392373035,-0.16163571579485317,-0.0009776759818216393,0.009245090937437424,-0.0010153856211939916,-0.28699165172177266,0.44839461231446986,-0.15744636084656793,-0.001658692071579972,0.10991771030099061,-1.2003027081445459,0.46073330898265236,-0.4824262362188993,-2.3269212042816405,0.305962538101242,-0.07597889702454066,-0.23592138295311224,-0.9357581422555706,-0.8890875160518268,0.22492400886922814,-2.5932817058037214,-0.3942220108848836,-0.09273558584757795,-0.3241305724985594,0.0002157401488390191,0.46796058501792415,1.0852917008625715,0.7885744357432751,1.309,0.4511578116167843,0.8993039354362046,0.9613516120750794,0.5026987545116396,1.203691215759669,0.015985784778281425,0.46880829143561786,0.8933758373653432,0.8469603243450032,1.309,0.4783582793169253,0.8765385413515988,0.8933885782688828,0.6492041702915814,0.9622412936612834,0,48,77,81,71,56,3,44,68,81,68,58
-0.000720908490946732,0.005496647074053689,0.9557282617094855,-0.005004044552393493,0.0007646924892843643,-0.7065465721622507,0.7076484410703443,0.009316895991055198,-0.0016386269397650822,-0.2924029489742683,0.45922319657057076,-0.16104591872404522,-0.0010634140582432925,0.009995919228835092,-0.0016434004869986334,-0.28440637017053755,0.4466852753538666,-0.15669872709071786,-0.001743189350272369,0.12528640750013226,-1.1987288234102143,0.46035876794520536,-0.4828957681402102,-2.324472026560341,0.31305671122053574,-0.07095306489658598,-0.23284451163493075,-0.935317577251403,-0.8910826590531564,0.22714906166100263,-2.5948072156204645,-0.40388577628167377,-0.08991347936126305,-0.31684713711325374,0.0012407720185352888,0.4547882448139189,1.0602814642940508,0.7968110110025793,1.309,0.4643427356446964,0.8976908323283413,0.9645207023910343,0.5032799840591388,1.2046275587234252,0.022621055355465828,0.4832345198074872,0.9490487687244789,0.81558892988497,1.309,0.47500340742874175,0.8773861255962448,0.8938773489992576,0.6681165755194846,0.9465903502999973,0,46,76,81,71,56,4,46,70,81,68,58
-0.000737157292578465,0.005442512040448626,0.9557572881929313,-0.005037286476816393,0.0006605281269081525,-0.7067566259887169,0.7074385210522464,0.009253147542537333,-0.0013461218534316795,-0.29160842081271365,0.45862466408673375,-0.16094892849373454,-0.001125020956718747,0.009932301635093897,-0.0013510992004102313,-0.28351116705407153,0.44566582325763626,-0.15636806890207966,-0.00180450219606671,0.1272389103337939,-1.1994140144850205,0.4595310736734988,-0.4829439081699834,-2.324066462890109,0.3160342623707139,-0.06903334316651266,-0.23189187070324224,-0.9351530081562446,-0.8923878174414531,0.22690332314713654,-2.5953969729358244,-0.40736073867216793,-0.08903256880205332,-0.3138081192179243,0.0012407720185352888,0.4547882448139189,1.0602814642940508,0.7968110110025793,1.309,0.4643427356446964,0.8976908323283413,0.9645207023910343,0.5032799840591388,1.2046275587234252,0.022621055355465828,0.4832345198074872,0.9490487687244789,0.81558892988497,1.309,0.47500340742874175,0.8773861255962448,0.8938773489992576,0.6681165755194846,0.9465903502999973,0,46,76,81,71,56,4,46,70,81,68,58
-0.0008825411659730646,0.00585767802699869,0.9557791578625804,-0.005929151799387966,0.00026643040520398344,-0.706365684675622,0.7078222189833542,0.0101598512778191,-0.0021888598934553176,-0.2896445846761539,0.4579722990292174,-0.1604584762830505,-0.0012614670592414673,0.01083673187058993,-0.0021949697172064376,-0.2807481294644755,0.4441768162583336,-0.15576427725093597,-0.0019393871288714104,0.14782918161209552,-1.1974131177504148,0.4604643442861968,-0.4820185188759077,-2.321737638670034,0.3245623094731399,-0.06177487172828014,-0.22890158957359708,-0.9358080175988333,-0.8929040652358865,0.2311875547647074,-2.5970544602680032,-0.42026723525690185,-0.08425275154070667,-0.30519771508979776,0.005369086564740076,0.45587044494326423,1.0519245485828217,0.8059854825686739,1.309,0.4817085871691148,0.8955404994234217,0.9701722879485023,0.5131023305702199,1.1960498065019414,0.03087473484143953,0.5130806623075563,1.0832498052640784,0.7757236288207185,1.309,0.46545059211404605,0.880145124624505,0.8875122815702208,0.6604368650113217,0.9319334592141842,1,46,76,82,71,57,5,50,76,81,68,57
-0.0009051006121791873,0.005793880850483196,0.9558048405670232,-0.005943540559142233,0.0001270795745284007,-0.7066567459745117,0.7075315551585801,0.010029469112759015,-0.001776920336528299,-0.28881885766568427,0.4574586448328601,-0.16044196464060853,-0.0013478737829210681,0.010706721619515346,-0.0017832315976756565,-0.2798687124404557,0.44322211296375147,-0.15547878609787527,-0.002025485901492441,0.15020114538212342,-1.1980898295864972,0.45995759276200776,-0.4816502402566942,-2.321508945103643,0.32827489659261194,-0.05900718886019654,-0.2280630565218721,-0.9361345808661428,-0.893885772537878,0.2315017725286623,-2.5974923109119197,-0.42483314298322633,-0.08262352773593573,-0.30150218411841234,0.005369086564740076,0.45587044494326423,1.0519245485828217,0.8059854825686739,1.309,0.4817085871691148,0.8955404994234217,0.9701722879485023,0.5131023305702199,1.1960498065019414,0.03087473484143953,0.5130806623075563,1.0832498052640784,0.7757236288207185,1.309,0.46545059211404605,0.880145124624505,0.8875122815702208,0.6604368650113217,0.9319334592141842,1,46,76,82,71,57,5,50,76,81,68,57
-0.0011182122065415653,0.006240968208288966,0.9558303235715162,-0.006939859419708919,-0.00029968770058150305,-0.7061418480666141,0.7080363260084785,0.01111864531477754,-0.0028760731942667097,-0.28681833629765424,0.4569966982160335,-0.16001434652251498,-0.0015429890176516686,0.011792787063956901,-0.002883693824669762,-0.2769603664071557,0.44189791753873686,-0.15499209552103413,-0.0022185900676973294,0.17720214312641444,-1.1958264794819684,0.4625120503325123,-0.4792843816369229,-2.319368276068892,0.3376748050074245,-0.049665128047391954,-0.22473827051683815,-0.9375078647437333,-0.8921572512418292,0.23967714883375013,-2.5989673084590015,-0.44252604111047805,-0.07529382511267636,-0.29185935104016514,0.017955249212816864,0.48417135146343393,1.0498120020562076,0.8222322551566523,1.309,0.5065871822788041,0.8898853708475724,0.980530729792626,0.5388613832010165,1.1787138611942558,0.04499570512713509,0.5697519569054178,1.1270471324202094,0.7384480909338075,1.309,0.4566845450462107,0.8770561536478628,0.8757966542464535,0.657585869678189,0.9166943350165523,3,50,76,82,71,58,7,58,77,81,68,57
-0.0011470405194434566,0.006166058707638552,0.9558532248659972,-0.006928739871115172,-0.0004859162523952336,-0.7065349300697543,0.7076440835904177,0.010895442561984388,-0.0023113704541601675,-0.2859383293105233,0.45655943644153085,-0.16007424448820678,-0.0016582868414156218,0.011570361331842374,-0.0023191578493398286,-0.27608832143434753,0.44099839570940325,-0.15473933325249353,-0.0023335805374283328,0.1800507380769225,-1.1965296052706549,0.4623310248281334,-0.47847712666126097,-2.3193465108261972,0.34194058641907193,-0.046087692400306905,-0.22385396224025325,-0.9384613489990375,-0.8926133243068453,0.24099702053383956,-2.599075885168288,-0.44866868444246805,-0.0727146386314125,-0.28760492777866575,0.017955249212816864,0.48417135146343393,1.0498120020562076,0.8222322551566523,1.309,0.5065871822788041,0.8898853708475724,0.980530729792626,0.5388613832010165,1.1787138611942558,0.04499570512713509,0.5697519569054178,1.1270471324202094,0.7384480909338075,1.309,0.4566845450462107,0.8770561536478628,0.8757966542464535,0.657585869678189,0.9166943350165523,3,50,76,82,71,58,7,58,77,81,68,57
-0.0014593656554242858,0.006540611265390514,0.9558998802314567,-0.007983868627292352,-0.0011779437024831024,-0.7063917871188403,0.7077750443335986,0.01183213190168109,-0.0029452288783891867,-0.28293484957368203,0.45589104436320743,-0.1598477210937461,-0.0020536884575402784,0.012504261725429499,-0.0029546123540974438,-0.2721433710725518,0.438965857507228,-0.1541520642753871,-0.0027261636586263134,0.21785130176870562,-1.1946226899529162,0.46700859619906876,-0.47313130144363486,-2.3177260924096754,0.3558061278609825,-0.030589321551013453,-0.21868946781944945,-0.942834501440604,-0.8879428293248636,0.2559717346266232,-2.5995112834832406,-0.48045281283299435,-0.05901220116071979,-0.2716916503774491,0.047490443853350744,0.5510783825323576,1.0790431254344592,0.8529327363255728,1.309,0.5445058652684287,0.8745397030257523,0.9968237536057822,0.5505478111663976,1.1573997781958534,0.06580769180632376,0.654714323093114,1.1331770603657711,0.7166057054974727,1.309,0.45944141477278333,0.8996306610721779,0.8639503104883584,0.6903808332159652,0.9041123000721565,8,58,78,83,71,58,11,70,77,81,69,58
-0.0014463719923333983,0.006487164891153192,0.955921682725647,-0.007925497180902609,-0.0013209369983845929,-0.7066676198819016,0.7075000470885712,0.01151988915335587,-0.0021849269566614864,-0.2822347262437834,0.45537721556846933,-0.1599502848499499,-0.0021195752832521065,0.012193259003570798,-0.00219441854942526,-0.2714563752940985,0.43809324980390585,-0.15388779631642066,-0.0027923848462507546,0.21933939876319733,-1.1952727442151787,0.4673407737846485,-0.472344053717621,-2.3180841125259004,0.3598254124409433,-0.02699221077858424,-0.2177183620647125,-0.9448730818276065,-0.8876921653670008,0.2571704737881923,-2.5990277309859366,-0.48721051988020503,-0.05606488466885955,-0.26736729873184395,0.047490443853350744,0.5510783825323576,1.0790431254344592,0.8529327363255728,1.309,0.5445058652684287,0.8745397030257523,0.9968237536057822,0.5505478111663976,1.1573997781958534,0.06580769180632376,0.654714323093114,1.1331770603657711,0.7166057054974727,1.309,0.45944141477278333,0.8996306610721779,0.8639503104883584,0.6903808332159652,0.9041123000721565,8,58,78,83,71,58,11,70,77,81,69,58
-0.0018324096173728663,0.006890011462988239,0.9559592502739858,-0.009086877168217383,-0.0019506820491771372,-0.7062882614424698,0.7078633450401614,0.012785570971965097,-0.0033496197455698106,-0.27940446867567675,0.4548612289465871,-0.15967070076868584,-0.002517292897015716,0.013454809665091117,-0.0033607553894138722,-0.267541612999048,0.43628735287753,-0.1534117589390148,-0.0031870295236611466,0.2647859719826378,-1.19240243875728,0.4748743377069773,-0.46474823809802646,-2.3173897671034207,0.37100983859992726,-0.009642423399690344,-0.2119136689869036,-0.9518288018484852,-0.8785057729857915,0.2763239805363926,-2.59879245915935,-0.5252158914697839,-0.03923819763702838,-0.2503769893801935,0.10173021555050372,0.6494261587191426,1.116963457760227,0.9052553598325188,1.309,0.6022918318463688,0.842031165471521,1.0193495314373817,0.5534904886451376,1.1394436999516417,0.08489305916309947,0.7507959550524633,1.0969833124558312,0.7161887637924638,1.309,0.4769036259252044,0.9192228371371478,0.8564576905493632,0.7276896545317116,0.9031774493649107,17,71,81,84,69,57,14,83,75,81,70,60
-0.0018194368947156813,0.006836953705503652,0.9559789349741075,-0.008999791571489611,-0.002109868518216239,-0.7066167265017601,0.707536115003639,0.01240855411406793,-0.002476152655901564,-0.27872551014819236,0.45438352526825315,-0.1597999262056926,-0.002596048623490229,0.013079455359971463,-0.002487356906487586,-0.26692941136880793,0.43547026915477044,-0.15315300396953502,-0.0032662363638562113,0.26627779950619973,-1.1927948932437824,0.475568896569406,-0.46360978065766695,-2.3181286911025416,0.37458082816773963,-0.00558583222795131,-0.21084690968674447,-0.9547214990177189,-0.8774828927936459,0.27829425072901703,-2.597748062158157,-0.5332649827775524,-0.03555940669591587,-0.24554573749358846,0.10173021555050372,0.6494261587191426,1.116963457760227,0.9052553598325188,1.309,0.6022918318463688,0.842031165471521,1.0193495314373817,0.5534904886451376,1.1394436999516417,0.08489305916309947,0.7507959550524633,1.0969833124558312,0.7161887637924638,1.309,0.4769036259252044,0.9192228371371478,0.8564576905493632,0.7276896545317116,0.9031774493649107,17,71,81,84,69,57,14,83,75,81,70,60
-0.0017988320927809348,0.006806891982810854,0.9559991018372389,-0.00892651372334399,-0.0021995284824384213,-0.70680022773709,0.7073534600876707,0.012132769454831794,-0.0017636770421295233,-0.2782116580032451,0.45384126570959693,-0.1598452670413829,-0.0026158660341284398,0.01280474432557179,-0.0017749790357996457,-0.26642069693618065,0.43466554559966136,-0.15286492508490102,-0.0032868054262962226,0.2668254888742587,-1.1931027051259278,0.4764617942065808,-0.46287193422251416,-2.3189088104056554,0.37775458118451094,-0.0021554812217588126,-0.20987042237790862,-0.9575661360948103,-0.8764134313767998,0.27943329346203777,-2.5966907968509,-0.5400440982564366,-0.03245248589277195,-0.24131574551625842,0.10173021555050372,0.6494261587191426,1.116963457760227,0.9052553598325188,1.309,0.6022918318463688,0.842031165471521,1.0193495314373817,0.5534904886451376,1.1394436999516417,0.08489305916309947,0.7507959550524633,1.0969833124558312,0.7161887637924638,1.309,0.4769036259252044,0.9192228371371478,0.8564576905493632,0.7276896545317116,0.9031774493649107,17,71,81,84,69,57,14,83,75,81,70,60
-0.0022724739176555745,0.0071989917232805805,0.9560230919911398,-0.010224701205124196,-0.002721421351074766,-0.7061749264356839,0.7079583480859962,0.01387426594582885,-0.003749631060514798,-0.27558965622799,0.45355335231631094,-0.159458299946289,-0.003048686513150345,0.014540033966497284,-0.0037625783808396115,-0.26253522494925474,0.43313734028554757,-0.1525477171985294,-0.0037154411498688403,0.3210722057001492,-1.1884723730876365,0.48653225137496936,-0.4524154891658534,-2.3194064263100533,0.38425683132563887,0.01820267536787038,-0.20480720895137972,-0.9663723385081929,-0.8615597650536744,0.30310434695824723,-2.5962503031642106,-0.5822472850796836,-0.01273723701935437,-0.22385097742047322,0.18119303181187324,0.7505519929296195,0.963245887725439,0.9795313280829953,1.309,0.6844507105631715,0.8451688136810012,1.0497846265668902,0.6144247499409952,1.130062005443458,0.09005722662036289,0.832096541929659,1.0318155805263363,0.7330129174769408,1.309,0.5003362506562012,0.928930916942101,0.8534092984778299,0.7097196572867155,0.9215338974128836,31,84,75,86,70,60,15,94,72,82,70,60
-0.002259377672939919,0.007146325432012204,0.9560410834065985,-0.010101405413329856,-0.0029028420948970747,-0.7065614479681759,0.7075736395327078,0.013413476507873494,-0.0027719751998536843,-0.27494063975421473,0.45312458760157165,-0.15961485624350263,-0.00314770676491253,0.014081448806782807,-0.002784921720395784,-0.26200991963404113,0.43238896754612866,-0.1523008692316292,-0.003814937769823644,0.3225899273794249,-1.1884079844834325,0.48755545800935884,-0.45091518265038244,-2.3205896023437482,0.3868928807669296,0.022985126219125487,-0.20396041563866643,-0.9699355206191799,-0.8596137869760564,0.3059537189212362,-2.594662224429959,-0.5910542431864335,-0.008416170700633465,-0.21855540325057915,0.18119303181187324,0.7505519929296195,0.963245887725439,0.9795313280829953,1.309,0.6844507105631715,0.8451688136810012,1.0497846265668902,0.6144247499409952,1.130062005443458,0.09005722662036289,0.832096541929659,1.0318155805263363,0.7330129174769408,1.309,0.5003362506562012,0.928930916942101,0.8534092984778299,0.7097196572867155,0.9215338974128836,31,84,75,86,70,60,15,94,72,82,70,60
-0.002760812218841666,0.0074029624835573035,0.9560492697360607,-0.011426221007153393,-0.0034109069885100846,-0.7059541427387622,0.7081571545476262,0.015251128208259843,-0.004749606492712685,-0.27222216529415233,0.4530820400490735,-0.1595473694656522,-0.0036730771142970647,0.015911586440374822,-0.004764219897737556,-0.2579736284823814,0.430989129120169,-0.1522621705021486,-0.004334567787091815,0.38791913989463356,-1.1816429890225186,0.4994013252256066,-0.4367111903135647,-2.3225085000543424,0.3894017168306481,0.050321907446031135,-0.20106624664973896,-0.9818679174466377,-0.8381087317192928,0.33599013377902054,-2.5952407999845515,-0.6389468533867558,0.016166788814661808,-0.1990294554765582,0.2757826341535701,0.8242354131723975,0.8022029264739355,1.062611234499368,1.309,0.7882295935896662,0.9043302393358531,1.092949175876064,0.7214652868203244,1.1295719780760218,0.07759878716694704,0.87266,0.9619346916715857,0.7541943729054841,1.309,0.5137610265565689,0.9363342720165029,0.8497168100991406,0.6681295956757044,0.956656048068684,46,94,68,89,75,66,13,100,69,82,70,58
-0.00274003265623801,0.007347491812480495,0.9560667849658027,-0.011236937240537682,-0.0036297445497840367,-0.7064376015635507,0.7076768127422949,0.014627492091561877,-0.0034868925523639893,-0.27158499976963957,0.4526775333265372,-0.15978887457031482,-0.003784414171993142,0.01529136386746431,-0.003501401183217283,-0.2575388450805835,0.4302623664509784,-0.1520161699571329,-0.004446853397199367,0.3895880839490099,-1.1810477057454456,0.5008026591326052,-0.43483168672103717,-2.3241973928619295,0.39129013706801447,0.05677736064956115,-0.2007246360348563,-0.9863390977306069,-0.8349882716022307,0.3400236906842673,-2.5931002804790033,-0.6488334485173134,0.021444503430407873,-0.1927106630599131,0.2757826341535701,0.8242354131723975,0.8022029264739355,1.062611234499368,1.309,0.7882295935896662,0.9043302393358531,1.092949175876064,0.7214652868203244,1.1295719780760218,0.07759878716694704,0.87266,0.9619346916715857,0.7541943729054841,1.309,0.5137610265565689,0.9363342720165029,0.8497168100991406,0.6681295956757044,0.956656048068684,46,94,68,89,75,66,13,100,69,82,70,58
-0.003216454091123995,0.0073998733784933655,0.9560724130430645,-0.01245789283711952,-0.0039472557356125555,-0.7057451273490198,0.7083452797198073,0.016557397330996287,-0.00565010422609201,-0.26916678035384983,0.4526723179507185,-0.15990247069834773,-0.0042769368346985475,0.017212299848908017,-0.0056660649803391,-0.25370260080197593,0.4288436903950784,-0.15218118041704778,-0.004932854133888748,0.4657424597600828,-1.17142637268682,0.515207461237214,-0.41796216700673094,-2.3278027137064505,0.3896856071866498,0.09145925438303651,-0.2012202472575362,-1.0007455982802276,-0.8059752726749679,0.3739130276951161,-2.590586508686007,-0.6972044051082503,0.04742565752645368,-0.1713702272003203,0.3673859257852271,0.8602389638271013,0.689924673962664,1.1331562647677336,1.3010860247215728,0.9006317382978907,0.9574256335490584,1.1528911913122242,0.8461122165015817,1.137242333619394,0.05634940352391608,0.87266,0.8927566294533208,0.7617708820949765,1.309,0.5015528411379502,0.9413979608687291,0.8356226393441093,0.6352157054026973,0.9935440966817135,62,98,64,91,79,73,9,100,65,82,70,58
-0.0031948080420103366,0.0073460967967534,0.9560894364585483,-0.012212551145074463,-0.004186355446885472,-0.7063195613247456,0.7077753918529662,0.015820394957755186,-0.004141431902512859,-0.2685693489644868,0.45229164732667365,-0.16019373835190648,-0.004393757291288295,0.016479912179042128,-0.004157179098928054,-0.25337917079141514,0.428136840512322,-0.1519147185702971,-0.005051111464698535,0.46760514870556585,-1.1701647900265768,0.5171045531110828,-0.41584837131822805,-2.330084289928733,0.3908067819182791,0.09976747088036772,-0.2016826365830868,-1.005938720458329,-0.8015393016724288,0.3789815253531988,-2.5872509294745822,-0.7069873694120109,0.05301272571288452,-0.16420398636089228,0.3673859257852271,0.8602389638271013,0.689924673962664,1.1331562647677336,1.3010860247215728,0.9006317382978907,0.9574256335490584,1.1528911913122242,0.8461122165015817,1.137242333619394,0.05634940352391608,0.87266,0.8927566294533208,0.7617708820949765,1.309,0.5015528411379502,0.9413979608687291,0.8356226393441093,0.6352157054026973,0.9935440966817135,62,98,64,91,79,73,9,100,65,82,70,58
-0.003627957914737038,0.007083691163895931,0.9561168888052373,-0.012889435936906134,-0.004512550192493243,-0.7062021943013262,0.7078784924660305,0.016876079251809343,-0.004805913125686392,-0.266099325007753,0.4518289908277399,-0.16074681992570844,-0.004958416751286323,0.017531415460154805,-0.004822444823876735,-0.24977552417269575,0.42595530419091016,-0.15196727508236255,-0.005610809538022991,0.5572182506501341,-1.1548039486434007,0.536438069815315,-0.39566282313087686,-2.3380445252389612,0.38685726268765547,0.1509057541368138,-0.20670605122837918,-1.0292303190625247,-0.7563656661421997,0.4193867664446118,-2.577839632276471,-0.7574186479863149,0.08121618250322252,-0.1371206927110425,0.4357368590176795,0.866471700392252,0.5741357440208833,1.176535899727277,1.061795642139911,1.0012541235589836,0.9625133032252069,1.2258135869146087,0.9063011349403751,1.156599178214671,0.04104873029021252,0.87266,0.820040976827481,0.7389801981895093,1.2914402880775009,0.4570556282251235,0.9277240043110544,0.7985081691672187,0.6453484587212457,1.010103422832139,73,99,59,80,81,77,7,100,61,80,69,59
-0.003597613969643823,0.007062234418258426,0.9561330614504787,-0.012669337280009348,-0.004660150605181897,-0.7065710146180165,0.7075133724466899,0.016280503078148687,-0.0033665985355675328,-0.26573077158519975,0.4513850415071487,-0.16093185350852082,-0.004984332682967367,0.016939398112613073,-0.003383147182809695,-0.24962720710112973,0.4253364851062418,-0.1516310172020311,-0.005639475504551811,0.557458109460091,-1.1529591707417028,0.5391955682941594,-0.39431875778888825,-2.340852668410605,0.38753640852951265,0.1594785430280518,-0.20767257039879536,-1.034933031108855,-0.7508641563588638,0.4240161787389091,-2.573410116123687,-0.7639968168831422,0.08550254423756792,-0.13048684028893168,0.4357368590176795,0.866471700392252,0.5741357440208833,1.176535899727277,1.061795642139911,1.0012541235589836,0.9625133032252069,1.2258135869146087,0.9063011349403751,1.156599178214671,0.04104873029021252,0.87266,0.820040976827481,0.7389801981895093,1.2914402880775009,0.4570556282251235,0.9277240043110544,0.7985081691672187,0.6453484587212457,1.010103422832139,73,99,59,80,81,77,7,100,61,80,69,59
-0.004039353305891778,0.006512310716170439,0.956162260688981,-0.01307924361073473,-0.004542095751749005,-0.7061409228332842,0.7079359433260262,0.017608902192960758,-0.005086255619580889,-0.2642183386559315,0.4507405912004493,-0.16125237510556995,-0.005453007416986529,0.018261555866579664,-0.005103078250950024,-0.24684552284506495,0.4231998180736155,-0.15185089716777206,-0.00610287427934636,0.6571313262582047,-1.1327536871883306,0.5612364417073921,-0.3754957485920963,-2.3496795575729577,0.3827399430973557,0.21347635342574034,-0.21429939694986816,-1.0588250474417085,-0.6959125361179503,0.4627211051269563,-2.560776060542739,-0.7961442054319704,0.1046232392217515,-0.10931453621736914,0.46595151033601473,0.8508964257806859,0.5467706917722792,1.1930992401349823,1.0325623371000947,1.0747940777372476,0.967598110561382,1.25,0.920061328216391,1.1914222143432647,0.044019839182467504,0.8661819931897136,0.7592250663082011,0.6798690467437611,1.1328434406792525,0.39201344655537074,0.8783826736925486,0.7293290597514025,0.7018930773219973,0.9883764123860073,79,97,58,80,82,79,7,99,56,68,64,61
-0.004018575706853249,0.006490705665615479,0.9561779603763451,-0.012841720325539105,-0.004677434828040242,-0.7065382836821921,0.7075428365222363,0.017020818717309236,-0.003570897302673901,-0.26391516068317744,0.4503291342755552,-0.16143178248540227,-0.005492552090439093,0.01767729492200534,-0.003587649903861708,-0.2468085577535133,0.42265134129426735,-0.15150788160333042,-0.006145203078216704,0.6574071943597773,-1.1304509117661952,0.5642836205878279,-0.37410048484965847,-2.3528747861560815,0.3833649980461274,0.2226830463498335,-0.2155725474838698,-1.064225405152932,-0.689538303530916,0.46806318471991554,-2.555669207321314,-0.7993602758518478,0.10758257528666193,-0.10352704595137571,0.46595151033601473,0.8508964257806859,0.5467706917722792,1.1930992401349823,1.0325623371000947,1.0747940777372476,0.967598110561382,1.25,0.920061328216391,1.1914222143432647,0.044019839182467504,0.8661819931897136,0.7592250663082011,0.6798690467437611,1.1328434406792525,0.39201344655537074,0.8783826736925486,0.7293290597514025,0.7018930773219973,0.9883764123860073,79,97,58,80,82,79,7,99,56,68,64,61
-0.004393872291027666,0.005594501538444417,0.9562078018524154,-0.012832467482915612,-0.004190382261872013,-0.7060367015389136,0.7080465694817326,0.01819767544943209,-0.005576549857580219,-0.2632880325490666,0.4495085382459868,-0.16177398296103085,-0.005906285695789061,0.01884777641983275,-0.005592738057215082,-0.24494145563194075,0.42049977442062264,-0.1519063073992866,-0.006553196675865222,0.7669336276924853,-1.1050547413881697,0.5867313456799513,-0.35706667151637067,-2.3614241643219636,0.38103621640290786,0.27933419997339953,-0.2211765767938822,-1.085537578665299,-0.6291702197966592,0.5052413770021892,-2.5388543120502285,-0.8115798200690985,0.11656913237023861,-0.08783494617598739,0.45688492629763217,0.8103317014719903,0.6084597381564542,1.1926191000577586,1.0752687113006811,1.1242580090090597,0.9944210809976094,1.25,0.9346046158211916,1.2355120761353222,0.06915439555360792,0.7952466985739557,0.760843457763698,0.5968893047731605,1.0263493838420152,0.3689981387751719,0.832498753055781,0.6328792680396376,0.6922022413700539,0.9282831816234545,77,92,61,84,83,80,12,89,54,61,60,59
-0.004372764709981933,0.005566660449407088,0.956222863124265,-0.012576104805934017,-0.004320737077784062,-0.7064705245223583,0.7076175314392079,0.01758833855704397,-0.003933606298890736,-0.2630292480852663,0.44913767384471615,-0.16197841185163764,-0.005941049976508327,0.01824274741648199,-0.003949684611163283,-0.24500343951666492,0.4200311465463475,-0.1515692343326659,-0.006591104258457737,0.7674914034756597,-1.102465065263763,0.5897463355273467,-0.35564628121310754,-2.3649304329458913,0.382096700578821,0.2890599583730722,-0.22235737688779253,-1.090256119432223,-0.6224474161368574,0.5110548075788244,-2.533301291406114,-0.8111056197978439,0.11803557513686673,-0.08311010181694255,0.45688492629763217,0.8103317014719903,0.6084597381564542,1.1926191000577586,1.0752687113006811,1.1242580090090597,0.9944210809976094,1.25,0.9346046158211916,1.2355120761353222,0.06915439555360792,0.7952466985739557,0.760843457763698,0.5968893047731605,1.0263493838420152,0.3689981387751719,0.832498753055781,0.6328792680396376,0.6922022413700539,0.9282831816234545,77,92,61,84,83,80,12,89,54,61,60,59
-0.004555078578712649,0.004308055794254223,0.9562604224404271,-0.01196025225643401,-0.0035553870480828052,-0.7064042027050582,0.7076986745709865,0.01804137715902151,-0.004223849797901031,-0.26303528433711765,0.4479054469408403,-0.1626574961012246,-0.006208915899579987,0.018693926728135322,-0.00423850752615391,-0.24416919271926107,0.4174999138849264,-0.15180419108245868,-0.006856668639183426,0.8844349587458106,-1.069919501176526,0.6137742563860551,-0.34004277216680423,-2.37603962550863,0.3863107796268051,0.35750920250367113,-0.22448054952879762,-1.1101989459982156,-0.557095962094345,0.5504071139602489,-2.5052461613516663,-0.7991428145742219,0.11779641400586707,-0.06776367785934606,0.4235187688555557,0.7352848125642617,0.6323162073696517,1.184600464062151,1.035936041090907,1.1654864122191189,0.9627782791122446,1.25,0.9095610783705426,1.25,0.10768814129828165,0.697755748150206,0.7930302438703243,0.5296792583661518,0.97445732433489,0.34106978151048656,0.8030602496558077,0.531825716640132,0.6818845180573793,0.8526044660732115,71,82,62,83,81,79,18,76,54,57,56,57
-0.004533583181191632,0.004286060257515976,0.9562725425945556,-0.01175692699975846,-0.0036257443531104373,-0.7066773700626638,0.707428952819097,0.017592371631971918,-0.0029263505588879423,-0.26290097114383576,0.44757167620909283,-0.16277876426757143,-0.0061791626771938585,0.018247776614735308,-0.0029410654162054014,-0.24428499997013906,0.4171669819657119,-0.15150774946164094,-0.006830231803011207,0.8843814155811828,-1.0676006334427408,0.6168242682884635,-0.33904867367800834,-2.3796234020108002,0.3879186060430494,0.3662303257035909,-0.2249611769570257,-1.1140004851763279,-0.5511396248731313,0.555515922408288,-2.5000343790298922,-0.7952355186364529,0.11802665564889996,-0.0646194515035335,0.4235187688555557,0.7352848125642617,0.6323162073696517,1.184600464062151,1.035936041090907,1.1654864122191189,0.9627782791122446,1.25,0.9095610783705426,1.25,0.10768814129828165,0.697755748150206,0.7930302438703243,0.5296792583661518,0.97445732433489,0.34106978151048656,0.8030602496558077,0.531825716640132,0.6818845180573793,0.8526044660732115,71,82,62,83,81,79,18,76,54,57,56,57
-0.004491565640396476,0.0027829603082197454,0.9562946208702809,-0.010871238067236349,-0.002474604512353699,-0.7066681057071925,0.7074573350327212,0.017949907820129743,-0.002873796858647146,-0.2637011554612888,0.4462913592850599,-0.16356469538193652,-0.0061727911527053895,0.018603877811737193,-0.0028866530353932928,-0.2443424276416297,0.4146617082922799,-0.151784850767511,-0.006822821737764775,1.0028578836752204,-1.0313674292218393,0.6408262070665084,-0.3260199321221746,-2.391425363669186,0.39863068497150167,0.43970186360602237,-0.21870483690694786,-1.1290715306951646,-0.4881625625217183,0.594201297894463,-2.470418113270704,-0.7583979599564015,0.11253080317696207,-0.053638847877141495,0.3857130697550589,0.624181262632691,0.533751827096048,1.1743605300742377,0.87626822475705,1.2063131366284776,0.7910734330728658,1.25,0.8478939707750651,1.25,0.1405853636769322,0.5952500479064562,0.8297729501898938,0.5320880570799993,0.9748278926416734,0.3179943820441416,0.8028050127059959,0.4613214834430317,0.6955543207314343,0.7932021588016457,65,68,57,75,72,76,24,61,56,57,54,56
-0.004473226278718331,0.0027659759915516836,0.9563038596485628,-0.010716323672139337,-0.0024964873500440926,-0.7068367885838949,0.7072910873623887,0.017649696442156883,-0.001975422073069161,-0.26368232916169143,0.4460423278684015,-0.16361719591420412,-0.00611957359221909,0.018305399984646278,-0.0019883232392857507,-0.24449986601337312,0.41444331634616977,-0.15155257616954781,-0.006772114840454488,1.0025888179359956,-1.0295660031237504,0.6435690229852161,-0.32522716157945664,-2.394752520093316,0.4003197371745626,0.44695006410071525,-0.218338203078304,-1.131565143277933,-0.4833979005764,0.5984264560190234,-2.4664224192904003,-0.7526999561832046,0.11225928476790502,-0.05202229944578904,0.3857130697550589,0.624181262632691,0.533751827096048,1.1743605300742377,0.87626822475705,1.2063131366284776,0.7910734330728658,1.25,0.8478939707750651,1.25,0.1405853636769322,0.5952500479064562,0.8297729501898938,0.5320880570799993,0.9748278926416734,0.3179943820441416,0.8028050127059959,0.4613214834430317,0.6955543207314343,0.7932021588016457,65,68,57,75,72,76,24,61,56,57,54,56
-0.0042422950562146355,0.0012077211606803958,0.9562981969679292,-0.009866550901017259,-0.0010864562493988282,-0.7066779358682175,0.7074657346777793,0.018237573510600628,-0.0027117310746903635,-0.26518817366068914,0.44525059219533947,-0.16441232886474624,-0.005926953621148054,0.018890137678209126,-0.0027224261164242,-0.24509543908727596,0.4123818843589452,-0.15209779838046558,-0.006576116327684829,1.118391561062498,-0.9949193668506121,0.6637003378088454,-0.3149182718527717,-2.401909064146387,0.41028539804569536,0.5142079721415461,-0.20344365362917674,-1.13738071326869,-0.4308724042695253,0.63026273311551,-2.4439167900453076,-0.7068200575149872,0.10575374891002887,-0.04773016962211653,0.35230415174630875,0.4907908529908266,0.4449793198847855,1.161562292468751,0.7707255119884899,1.2365700510946498,0.656857351795114,1.25,0.6931933614923839,1.2366148187899637,0.15179837108270997,0.5103559153658667,0.8681055118316903,0.5579013894505328,1.0672654167491986,0.306346578215107,0.8524564883325811,0.45803693087041103,0.6992332828084206,0.7687668685953167,59,51,52,70,65,67,26,49,59,62,57,55
-0.004216417687883175,0.0011943582876045738,0.956305232695053,-0.009727614617512273,-0.0010977134983126845,-0.7068355125255896,0.7073102054767869,0.0179674900897389,-0.001879345890291805,-0.26523737711288015,0.445108126499287,-0.16448290745398095,-0.005863395410440854,0.018621614876754754,-0.0018900607575056544,-0.24529344017954977,0.41224234801421195,-0.15189606504010142,-0.0065147511567294845,1.1184032352788615,-0.9935393311814187,0.665789362812285,-0.31431630950399597,-2.4049576738810536,0.41160100082435264,0.5207612044954928,-0.2022632246136119,-1.1386799366787907,-0.42723868789671954,0.6337774219816213,-2.440942598880964,-0.70042919107723,0.10533212448428954,-0.04700936250012749,0.35230415174630875,0.4907908529908266,0.4449793198847855,1.161562292468751,0.7707255119884899,1.2365700510946498,0.656857351795114,1.25,0.6931933614923839,1.2366148187899637,0.15179837108270997,0.5103559153658667,0.8681055118316903,0.5579013894505328,1.0672654167491986,0.306346578215107,0.8524564883325811,0.45803693087041103,0.6992332828084206,0.7687668685953167,59,51,52,70,65,67,26,49,59,62,57,55
-0.003838143852719383,-0.00026341711222135553,0.9562896428475443,-0.008785263391371532,0.000278108762518798,-0.7068403496948016,0.7073185009922969,0.018174212277416557,-0.0017719124111368143,-0.2671818903082344,0.4447623200991454,-0.1654534375358827,-0.005460735435326347,0.018827030244956532,-0.0017804851753164285,-0.2464373659370541,0.4105564474980166,-0.15231508648179518,-0.0061110214312092145,1.2285856546815561,-0.9616955500525549,0.6840026528850227,-0.30576453195716113,-2.4106635302065835,0.4144142752556248,0.5904183427568951,-0.18046731136685645,-1.1374663345519969,-0.3806998326405936,0.6625904285912969,-2.4174502471129293,-0.6490730945549047,0.09738706837749957,-0.045800533240224324,0.31849923598357344,0.35586806171900354,0.3845635086432329,1.1380199825209125,0.7136027356197227,1.2377271258489058,0.5706586641784752,1.25,0.495084877822862,1.1631207493177342,0.14150958532903327,0.4556415275585727,0.9072979448360666,0.5944610979980308,1.1778690607497666,0.30798430791871595,0.9127371063702742,0.47960494182168606,0.6934122432338766,0.7773379711123507,54,33,48,66,61,55,24,42,62,69,60,55
-0.003817989150830823,-0.00027050134302132237,0.9562932450699219,-0.008692253797161079,0.00028520643973931536,-0.70693745267853,0.7072225967696467,0.018010123623255374,-0.0012208169860722555,-0.2672807088793986,0.4447159901252509,-0.1654973177209582,-0.005399869504724825,0.018663845339584578,-0.001229397302077545,-0.2466236970902021,0.41050208518403847,-0.1521708000637001,-0.00605169305829593,1.2284903252372084,-0.9607766786576294,0.6855889983543387,-0.30556567059387646,-2.4132320296456578,0.41456322860511063,0.595786382696705,-0.17877121161952417,-1.1382051944911218,-0.3780031784030762,0.6652088137334409,-2.415276291067467,-0.6435801021336074,0.09699665887543918,-0.045722878882595644,0.31849923598357344,0.35586806171900354,0.3845635086432329,1.1380199825209125,0.7136027356197227,1.2377271258489058,0.5706586641784752,1.25,0.495084877822862,1.1631207493177342,0.14150958532903327,0.4556415275585727,0.9072979448360666,0.5944610979980308,1.1778690607497666,0.30798430791871595,0.9127371063702742,0.47960494182168606,0.6934122432338766,0.7773379711123507,54,33,48,66,61,55,24,42,62,69,60,55
-0.003508530279184803,-0.001492922070736682,0.9562457297758944,-0.007996088569993263,0.0014425634421575781,-0.7067448661082706,0.7074218513785798,0.018357961500318893,-0.00221980859919788,-0.2691045415856791,0.4448748483102152,-0.16636249377496293,-0.0051097822777917455,0.01900939997865974,-0.002226573609438848,-0.2475724128074578,0.4095078948213087,-0.15291493602447923,-0.00575869665719181,1.3286820065225518,-0.9355504895493229,0.6990863300998316,-0.29832686875367437,-2.4119902176862684,0.4035788976892888,0.6535813869088527,-0.1593544811460036,-1.1337718960233705,-0.34011989547596844,0.6890119211015799,-2.399148811072897,-0.6082296741858169,0.09184150014015152,-0.04562837224695768,0.2762712041710809,0.23578621522926255,0.3273976924551114,1.0914238017430524,0.6606726415399736,1.197968429495366,0.4923542753015318,1.25,0.29691883319460927,1.0663114546866437,0.12381754922070969,0.430033995686788,0.9492064941289816,0.6275088026647884,1.2330437878739207,0.3206381893417701,0.9470905093037412,0.5151884353586661,0.6761335359990103,0.8087924694247177,47,18,44,62,56,42,21,38,65,73,63,55
-0.003480251587863416,-0.0014919653735215228,0.9562478931373221,-0.007889705412528803,0.0014471825512283344,-0.7068726188595912,0.7072953830739663,0.018157851112075712,-0.00153714088116785,-0.2692573310996993,0.4448870804725187,-0.1664361801872877,-0.005044227547853598,0.01881043409329176,-0.0015438902782025001,-0.2478301456842746,0.40949566088196193,-0.15275557414167196,-0.005694766260690197,1.3288831243226953,-0.9348675233452817,0.7000173843135115,-0.29851880925925406,-2.4141899538280613,0.4024046622408567,0.6590339628961691,-0.15716526629050115,-1.1341175831437185,-0.33787431595758477,0.6913064552101292,-2.397232552427966,-0.6032682582365989,0.0915195741896933,-0.04552454855505104,0.2762712041710809,0.23578621522926255,0.3273976924551114,1.0914238017430524,0.6606726415399736,1.197968429495366,0.4923542753015318,1.25,0.29691883319460927,1.0663114546866437,0.12381754922070969,0.430033995686788,0.9492064941289816,0.6275088026647884,1.2330437878739207,0.3206381893417701,0.9470905093037412,0.5151884353586661,0.6761335359990103,0.8087924694247177,47,18,44,62,56,42,21,38,65,73,63,55
-0.0032437076582226823,-0.002426175790949265,0.9561860899650089,-0.0073486225723819795,0.0022079594286772406,-0.7067817225767915,0.7073900757664275,0.018210633664656178,-0.0019648380895866298,-0.27068759597918995,0.44543981550668615,-0.16732119579825955,-0.004774272555084952,0.018862591379139926,-0.0019703386082251593,-0.24866457524877264,0.40919669471503317,-0.15343808999026962,-0.0054242093731281535,1.4168099112075705,-0.9153719197758824,0.7083856103597511,-0.289953087763554,-2.409614153247648,0.3774026016971083,0.6981314640438677,-0.1410285368225463,-1.1298605911481845,-0.3046682615609638,0.7093492131242609,-2.3798492293709637,-0.5735837940925348,0.08462364497606112,-0.04461551933006967,0.22506753742752716,0.18837371778030584,0.25247732246485993,1.0189095775661854,0.5855703733350792,1.1246070486795197,0.39740253459333863,1.2392756692277378,0.12351609595230523,0.9644660299522156,0.11241271267684526,0.42315015531753464,1.0103380474434847,0.6508072377562457,1.2771387634806863,0.3390143596102904,0.9674574719302564,0.5550239872858174,0.668668815148108,0.8562141036723085,38,11,38,56,51,30,19,37,69,76,65,56
-0.003225531008106179,-0.002428456211123948,0.9561851674429384,-0.007277578531671446,0.002202327718328955,-0.7068929856449273,0.7072796430333167,0.018063015855922373,-0.0013620826285161366,-0.2707977032882808,0.4455172429966726,-0.1674240990954819,-0.00472444441881913,0.01871583820360396,-0.0013675851670570133,-0.24887111681736213,0.4092600740133935,-0.15333873709438275,-0.005375663299819455,1.41705981340999,-0.9148110587559496,0.7079425848135705,-0.2896684468413929,-2.410651373990177,0.3747829528113982,0.6981319732021933,-0.1386504926235084,-1.13020181519808,-0.3027120054087338,0.7111956082782286,-2.378019110863213,-0.5694380476156518,0.0841865270812055,-0.04451601775064644,0.22506753742752716,0.18837371778030584,0.25247732246485993,1.0189095775661854,0.5855703733350792,1.1246070486795197,0.39740253459333863,1.2392756692277378,0.12351609595230523,0.9644660299522156,0.11241271267684526,0.42315015531753464,1.0103380474434847,0.6508072377562457,1.2771387634806863,0.3390143596102904,0.9674574719302564,0.5550239872858174,0.668668815148108,0.8562141036723085,38,11,38,56,51,30,19,37,69,76,65,56
-0.0032136391846045984,-0.002430681802982223,0.9561837593664887,-0.007223549004037997,0.002203957832247451,-0.7069655109761442,0.7072076987702397,0.01796221885493693,-0.0009393676801340031,-0.27090803536336516,0.44559397089658165,-0.16749981025413238,-0.004683970216234561,0.01861560046482011,-0.0009448673621551247,-0.24904809383391807,0.4093317652216374,-0.15327125042820708,-0.005336161765513634,1.4171155142120009,-0.9143337329795477,0.7075808991128365,-0.28940920407255455,-2.411623736946484,0.372277163566889,0.6981319986601097,-0.13632827149081936,-1.1306150842074327,-0.3008685729768309,0.7128627145501655,-2.376383381810908,-0.5657101641461918,0.08381174707711352,-0.044501656534916556,0.22506753742752716,0.18837371778030584,0.25247732246485993,1.0189095775661854,0.5855703733350792,1.1246070486795197,0.39740253459333863,1.2392756692277378,0.12351609595230523,0.9644660299522156,0.11241271267684526,0.42315015531753464,1.0103380474434847,0.6508072377562457,1.2771387634806863,0.3390143596102904,0.9674574719302564,0.5550239872858174,0.668668815148108,0.8562141036723085,38,11,38,56,51,30,19,37,69,76,65,56
-0.0031140770261796026,-0.003146555900544581,0.9561128173899149,-0.00698037004638629,0.0025883079248078715,-0.7066940569059814,0.707480095147465,0.018074468080696057,-0.0022726969406455053,-0.27157690973146953,0.44631398547054535,-0.1683257102234415,-0.0045890433760863375,0.018726760978752623,-0.002277589032534872,-0.2491756595259666,0.4095672226919791,-0.15431651414577507,-0.005239771958276183,1.4893087494033614,-0.9011721232222489,0.7057267306531688,-0.2746805307485451,-2.399111430095772,0.34073039046995646,0.6981319999999995,-0.12593729581904825,-1.1276979577320967,-0.2750995915358677,0.724030052862113,-2.359893043612212,-0.5476637699103342,0.07540541782761262,-0.04296450163418032,0.17474243452284233,0.16357180371130303,0.16403787643475562,0.9379488324742917,0.49087194971452053,1.0482244854751785,0.2909853420563593,1.171176482286593,0.018688462031579683,0.8798395872856508,0.11095925483566195,0.42392452300005945,1.1046209430757286,0.6642539000854333,1.309,0.35618506587104326,0.9940425365361443,0.592414681996775,0.6794810775043354,0.9125148037834477,29,8,31,49,44,22,19,37,74,79,67,58
-0.003096282882911291,-0.003140630234912456,0.9561118427892924,-0.006875900483931523,0.0025925154144474617,-0.7068373151532494,0.7073379749195611,0.017892285022392273,-0.001596477587768388,-0.2717491619702812,0.4463706852640582,-0.1684371634664951,-0.004552987460936768,0.01854563490689198,-0.0016013084052842294,-0.2494814268596878,0.409628820285754,-0.15421766319807112,-0.005204870041092927,1.4898583406258186,-0.9008718586814655,0.7042343119816542,-0.2744431202838371,-2.399220474454618,0.3367206160669024,0.698132,-0.12349921278117128,-1.1280526763405339,-0.27337039516826045,0.7256836484083279,-2.357848963682874,-0.5442754531102475,0.07467437539463771,-0.04274037844065084,0.17474243452284233,0.16357180371130303,0.16403787643475562,0.9379488324742917,0.49087194971452053,1.0482244854751785,0.2909853420563593,1.171176482286593,0.018688462031579683,0.8798395872856508,0.11095925483566195,0.42392452300005945,1.1046209430757286,0.6642539000854333,1.309,0.35618506587104326,0.9940425365361443,0.592414681996775,0.6794810775043354,0.9125148037834477,29,8,31,49,44,22,19,37,74,79,67,58
-0.003028043262243539,-0.0036291172576563865,0.9560483233912845,-0.00671510854350331,0.0028053198077009765,-0.7065830928999938,0.7075926584737176,0.01789208851029309,-0.0025949372340599896,-0.272212831901963,0.44698054892723743,-0.16901336396989108,-0.004455043209707361,0.018544915295150007,-0.002599445542795154,-0.24961616765047273,0.4100655533748879,-0.15501105228456014,-0.005106827602990585,1.544135608965636,-0.8933600817108027,0.699718465735553,-0.2620937217261076,-2.387363336105025,0.30463868553474643,0.698132,-0.11545240157479784,-1.1275262982937895,-0.2522968207371398,0.7339068292193074,-2.346596075153161,-0.532016618773862,0.06653016069266621,-0.04158360841657259,0.1385018943356565,0.14290497606600275,0.14277475705051146,0.8767636364652287,0.46584998453342624,1.0064646993210575,0.2596315143352473,1.1326897120787367,0.0,0.8307197476758696,0.11569920256493563,0.4262136619403901,1.1870879247653858,0.6690567843875339,1.309,0.3665613624334149,1.04154610526547,0.6222815241017728,0.7194470753397807,0.9656004852393657,23,6,29,47,41,20,19,38,79,79,71,61
-0.0030140237969987563,-0.0036221262434567927,0.9560473001307516,-0.006595898133838151,0.0028242214534270906,-0.70677623558388,0.7074007850680324,0.017717731723021195,-0.001847919391584827,-0.27241231107527586,0.4470309925623563,-0.16914056178795175,-0.004431499841508934,0.01837167892909287,-0.0018523236422412098,-0.2499907833659171,0.4101251806062935,-0.15492028629302657,-0.005084220105088547,1.5449768711090865,-0.8932899566351592,0.6976387670206196,-0.26193284244761744,-2.386995665617501,0.29919997003497445,0.698132,-0.11271620779317458,-1.12785744349338,-0.25049871192415374,0.7356322434519864,-2.3444824597108407,-0.5288846104563454,0.06540867087873259,-0.041197521315800636,0.1385018943356565,0.14290497606600275,0.14277475705051146,0.8767636364652287,0.46584998453342624,1.0064646993210575,0.2596315143352473,1.1326897120787367,0.0,0.8307197476758696,0.11569920256493563,0.4262136619403901,1.1870879247653858,0.6690567843875339,1.309,0.3665613624334149,1.04154610526547,0.6222815241017728,0.7194470753397807,0.9656004852393657,23,6,29,47,41,20,19,38,79,79,71,61
-0.002936897200020555,-0.003916103121571908,0.9560023967554577,-0.006588968448716768,0.002939388477997257,-0.7065015077068123,0.7076747594044577,0.017784246005011457,-0.002532939898773279,-0.2726508581636004,0.4475441300371526,-0.1695105065100733,-0.004328149300035575,0.01843746238636758,-0.0025372597103135316,-0.24999244739660134,0.4106179150244093,-0.15545571264766808,-0.004981048524408999,1.5791138947670111,-0.8896572963796632,0.6921905619272881,-0.25272997845855777,-2.377394842737537,0.27210542367106627,0.698132,-0.10496340058115364,-1.1284328761860438,-0.23508321776797764,0.7420276896409048,-2.3377043012684204,-0.5209310745730966,0.05866685657594689,-0.0402708965943085,0.12234852304259858,0.12604062744885242,0.15906593954130685,0.8517873552773052,0.4809011105906797,1.0170803241571087,0.2696645744469217,1.1304958070290412,0.0,0.8209909420860491,0.12244099058636924,0.42789025139979464,1.2224263566220934,0.6685976580745042,1.309,0.3694784184787357,1.0759043427609651,0.6415590696624857,0.7408590538559274,1.0035012436975723,21,3,29,48,42,20,21,38,81,79,73,63
-0.002928931316977658,-0.003915301643842093,0.9560014741616053,-0.006461927174512187,0.002978192333973218,-0.7067452213716744,0.7074323755214451,0.017641095043462354,-0.0018522511244088672,-0.2728656237267674,0.4475930339372252,-0.1696464720820445,-0.004314122348126408,0.018295320075182885,-0.0018564413332322035,-0.25040053499280074,0.4106533950595803,-0.15540195041081495,-0.004967585130029722,1.5802329767049919,-0.8898053750364153,0.6897356756627491,-0.25236484112312546,-2.3765686298077586,0.265411692037154,0.698132,-0.10166758283736808,-1.1287325200962814,-0.2330673324484881,0.7439106084352544,-2.335643563078264,-0.5180655474076624,0.05717943683327243,-0.03975070078438779,0.12234852304259858,0.12604062744885242,0.15906593954130685,0.8517873552773052,0.4809011105906797,1.0170803241571087,0.2696645744469217,1.1304958070290412,0.0,0.8209909420860491,0.12244099058636924,0.42789025139979464,1.2224263566220934,0.6685976580745042,1.309,0.3694784184787357,1.0759043427609651,0.6415590696624857,0.7408590538559274,1.0035012436975723,21,3,29,48,42,20,21,38,81,79,73,63
-0.002830036804370642,-0.004031533638856065,0.9559845407735905,-0.006466366281727143,0.0030689587800408523,-0.7068040370086371,0.7073731835936452,0.017661262698477058,-0.0014133610455445826,-0.27309598836289506,0.44804036356665755,-0.17000154270779577,-0.004198455008152273,0.018315510856547042,-0.0014174865358972254,-0.2506821503118232,0.41108377393952433,-0.15561168071416617,-0.00485236159815316,1.5947024369958305,-0.8892834731316487,0.6812353409998446,-0.2449617770597244,-2.368474874435893,0.23808302246948423,0.698132,-0.09137133026766187,-1.1291851721180446,-0.22190957133377795,0.7499191867579822,-2.3290114746530315,-0.5105528087513691,0.050266501214881465,-0.038467369919165904,0.1224527715588202,0.11239375840116861,0.18039178605886766,0.8598852641275383,0.5015948163064606,1.0701391013626074,0.28522811171926815,1.155364890094307,0.000969216240217491,0.8412473119245114,0.12804054787883518,0.4281253647033308,1.24161977731286,0.668985522594175,1.309,0.3690214214673935,1.0824619636397281,0.6497370891253854,0.7339928064055341,1.0202126403857243,21,2,30,50,43,20,22,38,82,79,73,64
-0.0028276529935990047,-0.00402324520919547,0.9559824948003796,-0.006367697316071393,0.0031114957338870095,-0.7069247079188354,0.7072532985847834,0.017572147076080253,-0.0010095541419165134,-0.27333557511998335,0.4480898682361097,-0.17007044029108423,-0.004185550735966697,0.018226878932212653,-0.001013574378447668,-0.2510261323979636,0.41113650242801825,-0.1555660491239253,-0.004839819899753714,1.5950676464247688,-0.8896752199375777,0.6788895224937898,-0.24486808562388837,-2.3677201047066716,0.23081693972343767,0.698132,-0.08739777414761006,-1.1297101822676632,-0.21991579053988158,0.7516440655755855,-2.3272276850960494,-0.5081080402180924,0.04868180286142681,-0.03805479519973896,0.1224527715588202,0.11239375840116861,0.18039178605886766,0.8598852641275383,0.5015948163064606,1.0701391013626074,0.28522811171926815,1.155364890094307,0.000969216240217491,0.8412473119245114,0.12804054787883518,0.4281253647033308,1.24161977731286,0.668985522594175,1.309,0.3690214214673935,1.0824619636397281,0.6497370891253854,0.7339928064055341,1.0202126403857243,21,2,30,50,43,20,22,38,82,79,73,64
-0.0027122483197767537,-0.0039835960947180536,0.9559913352544858,-0.00653574459711225,0.003010913672815894,-0.7072662619112439,0.706910640182697,0.017539865766932047,-0.00035246531345471774,-0.273033816708673,0.44840980607887504,-0.1702131604058905,-0.004120709005826796,0.018194786015261963,-0.0003565489151959929,-0.2509371892545826,0.41140861559305786,-0.15552793214054123,-0.004775267603636439,1.5910670252477381,-0.8914167533438598,0.6739647274414715,-0.24080787911933654,-2.3653550703054083,0.2206987824931582,0.698132,-0.0845452541673529,-1.129320018045401,-0.2180183276346954,0.7538229418011576,-2.3249591852546994,-0.5055742376068508,0.04652841334785447,-0.037522127397494776,0.13119444510365152,0.10256221400492943,0.20168440150747052,0.8908949914599735,0.5225054664482646,1.1423659396248411,0.3007499356224919,1.1913612761724313,0.005804720746037861,0.8806374383732611,0.12842823786558066,0.4272724921110513,1.2443868572155568,0.6731479932338413,1.309,0.3689316417306709,1.0628691243496426,0.647687932957204,0.7272493079614335,1.0149065427536885,22,0,32,53,45,21,22,38,82,79,72,63
-0.002726027523446646,-0.0039819258157299765,0.9559852320639065,-0.006496235489884091,0.00305007545566999,-0.70720758044977,0.7069695425678221,0.01754538580054056,-6.894181591466096e-05,-0.2731770583407085,0.44848260429140785,-0.17030992927815627,-0.004087189445271088,0.018200292239339597,-7.303199635874842e-05,-0.2510968204788341,0.4115139886829286,-0.15553356410356603,-0.004741915030077723,1.5895569362469262,-0.8920775590927543,0.6705975223367201,-0.23903807821367531,-2.3636579280389407,0.21150514034599496,0.698132,-0.08116003093639125,-1.1298003550435034,-0.21580706459157023,0.7556256465365446,-2.3232869077844986,-0.5032850421796178,0.0447190941288131,-0.037234126369963545,0.13119444510365152,0.10256221400492943,0.20168440150747052,0.8908949914599735,0.5225054664482646,1.1423659396248411,0.3007499356224919,1.1913612761724313,0.005804720746037861,0.8806374383732611,0.12842823786558066,0.4272724921110513,1.2443868572155568,0.6731479932338413,1.309,0.3689316417306709,1.0628691243496426,0.647687932957204,0.7272493079614335,1.0149065427536885,22,0,32,53,45,21,22,38,82,79,72,63
-0.002625397803157289,-0.003891511672992133,0.9560060333767947,-0.006550094411967139,0.0028041000821613124,-0.7083496578722307,0.7058257543319145,0.017188981777380798,0.0015446715780005427,-0.2726105770498371,0.4488396027065683,-0.17057297291616125,-0.004029308486386422,0.01784508771155773,0.0015404187056353774,-0.2511862022364559,0.4117138449274466,-0.15537829222287017,-0.004684598161387319,1.5713240832034179,-0.8971132221678773,0.6622902494316062,-0.23313123496545612,-2.3633503139288496,0.19998991221249762,0.698132,-0.08140272740062504,-1.1290494908181319,-0.21722827608067982,0.7583985495038599,-2.321251837515575,-0.5002629868240214,0.04325878920191546,-0.03644269733605064,0.143879218854466,0.09990929608860552,0.22295675368345774,0.9417057235023795,0.5436270221768795,1.2115123764770597,0.31623381606777734,1.2239228019227533,0.009949197041116116,0.9361938777314727,0.12059848140162387,0.42776948334220294,1.1914679681496056,0.6752497710789703,1.309,0.3685454701803746,1.0339020343806329,0.6367278063067476,0.7204394870057572,0.9899557084662594,24,0,35,56,46,23,20,38,79,79,71,62
-0.002645669462229571,-0.0038110208042717664,0.9559947630612371,-0.006573065849216405,0.0028508809838451005,-0.7078609211730055,0.7063154985975183,0.01726070672312879,0.0018011120792825297,-0.27282737801971924,0.4488287305796217,-0.17063538643426548,-0.003985653422142041,0.017916144821882866,0.0017968248947292623,-0.2512783024347393,0.41185835617461625,-0.1553399194330604,-0.004641166597218748,1.5650842673851804,-0.8983006973572253,0.6578875171050557,-0.2307900998138255,-2.3623822075468066,0.18912741601608712,0.698132,-0.080593994845168,-1.1301970504697996,-0.21566333994418327,0.7601493120124316,-2.320420118284014,-0.49801472708137173,0.04190854142358324,-0.03642193912110982,0.143879218854466,0.09990929608860552,0.22295675368345774,0.9417057235023795,0.5436270221768795,1.2115123764770597,0.31623381606777734,1.2239228019227533,0.009949197041116116,0.9361938777314727,0.12059848140162387,0.42776948334220294,1.1914679681496056,0.6752497710789703,1.309,0.3685454701803746,1.0339020343806329,0.6367278063067476,0.7204394870057572,0.9899557084662594,24,0,35,56,46,23,20,38,79,79,71,62
-0.002549421492841833,-0.0036198698733064627,0.9560160340759737,-0.0065785595598345905,0.0024113991999621816,-0.7095696638494585,0.7046004540536299,0.016589667185177837,0.004115588647468141,-0.2719946136355246,0.4492431679559791,-0.1709254678695855,-0.003932426699280751,0.017246874616371193,0.004110841308039253,-0.251431100427774,0.4120833344529031,-0.15504446338330333,-0.0045885520028405916,1.5327719442865637,-0.9071182845712418,0.6460066037449386,-0.2232022963670971,-2.3662226475263606,0.17635417137424328,0.698132,-0.08698767407967269,-1.1294702845436837,-0.22094451909008178,0.7631333325241747,-2.3183825470107795,-0.4944991780511175,0.04119642190155599,-0.035167201645037525,0.16253621259963222,0.10990552975306289,0.24859410450551267,1.017841715316645,0.587200510856442,1.25,0.3611253599451534,1.2436998170821556,0.05591537504553013,1.0118477834263984,0.10802495493733151,0.4329808532290865,1.135551231747259,0.6653126517162781,1.309,0.3645647057691334,1.0083023303105434,0.6187584024736971,0.6989281468952945,0.9511971294073437,27,1,38,60,49,27,18,39,76,79,69,60
-0.00257391624230929,-0.0034583560837333507,0.9559991621271028,-0.006709065241995352,0.002483424106422321,-0.7085864186886952,0.7055877750487279,0.01681256494473558,0.004133732051092238,-0.27227869667255766,0.4491644334178321,-0.17089688851630275,-0.003875721191671996,0.017467726749427617,0.004129081009707464,-0.25140289517930436,0.41230497750767914,-0.15497162593013605,-0.004531897570222643,1.5218259728840293,-0.9087784141332566,0.6403021446964157,-0.2206639968753001,-2.367431943995011,0.164100933414264,0.698132,-0.09146828779262128,-1.131508226464319,-0.22046624005881268,0.764557258412774,-2.3182731379574317,-0.4923234348647305,0.04036707408060081,-0.03527308220762432,0.16253621259963222,0.10990552975306289,0.24859410450551267,1.017841715316645,0.587200510856442,1.25,0.3611253599451534,1.2436998170821556,0.05591537504553013,1.0118477834263984,0.10802495493733151,0.4329808532290865,1.135551231747259,0.6653126517162781,1.309,0.3645647057691334,1.0083023303105434,0.6187584024736971,0.6989281468952945,0.9511971294073437,27,1,38,60,49,27,18,39,76,79,69,60
-0.0025275041044252175,-0.002927967488475403,0.9560072839382451,-0.0069228482569693005,0.002072444840823426,-0.7092582553636904,0.7049117010965598,0.01644279401773613,0.0064576009942310135,-0.271736947734749,0.4494279443886749,-0.1709662306478022,-0.0037799177395732254,0.01709604266627895,0.006452593652816707,-0.25155808523925244,0.4127788909434325,-0.15443919891506844,-0.004435635052772215,1.4630436499922486,-0.9216806188685066,0.6180049395905496,-0.21151127657186458,-2.3800707344953964,0.14001823512778386,0.698132,-0.11511491055063575,-1.1337408527688193,-0.22685953726267588,0.7668400926597856,-2.3190973909954704,-0.48753252291233257,0.03862333122215483,-0.0352472421815831,0.19629665737302662,0.13559021390443193,0.31660382586920016,1.121962394897204,0.7807857817832028,1.25,0.5996738728749623,1.25,0.3726282316331023,1.1085562940198328,0.1021353937363542,0.4442668328508902,1.100577399171293,0.6411422326772318,1.309,0.3553087884134945,0.9646710537794475,0.5960895250967266,0.6651764287681599,0.9075456768700947,33,5,44,70,62,47,17,40,73,79,66,57
-0.002601579949788592,-0.0028377579175644096,0.9560051023720766,-0.007088692690404194,0.002241684150605268,-0.7083577326856897,0.7058144570866325,0.01700492153724076,0.005138137093232511,-0.2721810878120778,0.4493551555022847,-0.17065913713885283,-0.0037837811224444894,0.017658766451691735,0.005133431672006734,-0.25147181663099444,0.4129164206659107,-0.15448944920753985,-0.004438658274678099,1.456771551736558,-0.9207219219077338,0.6136593557392482,-0.21170358323377786,-2.3823795747080623,0.12965867947794538,0.698132,-0.12327740553530939,-1.135875692088401,-0.2253182381415196,0.7674763809698131,-2.3200760927607336,-0.48659189402701986,0.03763395563668655,-0.03590887767345232,0.19629665737302662,0.13559021390443193,0.31660382586920016,1.121962394897204,0.7807857817832028,1.25,0.5996738728749623,1.25,0.3726282316331023,1.1085562940198328,0.1021353937363542,0.4442668328508902,1.100577399171293,0.6411422326772318,1.309,0.3553087884134945,0.9646710537794475,0.5960895250967266,0.6651764287681599,0.9075456768700947,33,5,44,70,62,47,17,40,73,79,66,57
-0.0025576928911393497,-0.0021362048370968958,0.9560265871089502,-0.007352203876213828,0.0017363145750413712,-0.709541834471404,0.7046228178570523,0.016631658065904987,0.0074318672263960685,-0.2715211046240059,0.449711114053857,-0.17050124449916043,-0.003797256071995383,0.017282330652525296,0.007426425324053404,-0.251708064899979,0.4132734734757452,-0.15377510810339995,-0.004451157782276812,1.3901995194853285,-0.9314371011412484,0.5926737600308665,-0.21113774804726906,-2.399095378352245,0.11699270602667416,0.698132,-0.1491333710019413,-1.1372462982401814,-0.23425660150624245,0.7687030480658951,-2.320651940757142,-0.48435697627721674,0.03501625515947967,-0.03542581699441809,0.25413739238289434,0.1726411802764888,0.512109534931808,1.2395108436177977,1.1551056563405082,1.25,1.0422741170030618,1.25,0.9256865069422762,1.214610842044833,0.11426832928427312,0.45929287852679246,1.0826917536890457,0.612498499858739,1.2619001716084761,0.34219967276164265,0.948010891231488,0.5705547647281038,0.6778805407670865,0.8686674293110161,43,9,57,91,86,79,19,42,72,75,64,57
-0.0026057653979603647,-0.002040998750357312,0.9560242930642743,-0.007574116853613484,0.0018493525588618026,-0.7085149241307702,0.7056527580424868,0.017159430053704967,0.005873316277872472,-0.2718586635204813,0.4496837061098671,-0.1701365372410027,-0.003799932764215086,0.017811590105513347,0.00586805667820304,-0.2514221116216624,0.4134548693708594,-0.15382815530384691,-0.004453015096241362,1.3833514355441012,-0.9298264963247013,0.589336728902905,-0.21308067765191832,-2.4026078670927307,0.11091615169381623,0.698132,-0.15935164359711687,-1.1394674016330595,-0.23320853964371005,0.7687299088915901,-2.321910194429023,-0.48464069328750176,0.033716035575758,-0.03605664808221896,0.25413739238289434,0.1726411802764888,0.512109534931808,1.2395108436177977,1.1551056563405082,1.25,1.0422741170030618,1.25,0.9256865069422762,1.214610842044833,0.11426832928427312,0.45929287852679246,1.0826917536890457,0.612498499858739,1.2619001716084761,0.34219967276164265,0.948010891231488,0.5705547647281038,0.6778805407670865,0.8686674293110161,43,9,57,91,86,79,19,42,72,75,64,57
-0.0025870725996846185,-0.0011531318522046538,0.9560547604945692,-0.007831618172646215,0.0012828869619162298,-0.7098186589136964,0.7043397556689537,0.01672857332509863,0.008328139825442898,-0.27126550977035346,0.44996404835838,-0.16979471751175781,-0.003856052396492697,0.017376806340798027,0.008321829349059989,-0.2517827408660877,0.41369034621010325,-0.152882155097978,-0.0045080232448793086,1.309160103212405,-0.9366056999585644,0.5751815285366476,-0.22439555626336916,-2.418349421888949,0.11588799206986843,0.698132,-0.17736803450912184,-1.1417439835154601,-0.24444224987801347,0.7699031594659924,-2.3234128018979434,-0.48589300382021283,0.03144529865909681,-0.03495838893435096,0.33109487576948854,0.27451216535781214,0.7893563607014612,1.25,1.242270488417881,1.25,1.0412432731869565,1.25,0.7615421305165638,1.25,0.14400802415326316,0.4738958738453038,1.100916394471908,0.5905477207492092,1.2586775258644238,0.3288558452319826,0.9772236188394233,0.5435083223344513,0.738937359083019,0.842848101734502,56,23,72,96,86,71,24,44,72,75,65,59
-0.0025961142098961617,-0.0010693869646038086,0.9560497366575856,-0.00811073225189193,0.0013264238974936245,-0.7086747375079433,0.7054874719228039,0.017184680070343815,0.006560944570801751,-0.2714489206837385,0.4499846627669458,-0.16939067265347596,-0.0038306237003842966,0.017835520322048586,0.006554742584211612,-0.2512647586744555,0.41393573520184984,-0.15294824550353417,-0.00448201767160908,1.3015055664741073,-0.9348986271742583,0.574736814632981,-0.22792624009688828,-2.4217057277582357,0.11620482796244283,0.698132,-0.18594591416821993,-1.1443243117610513,-0.24373733453893182,0.7695525485985094,-2.325150936154061,-0.4877938793878705,0.030203336027905245,-0.035440756473163144,0.33109487576948854,0.27451216535781214,0.7893563607014612,1.25,1.242270488417881,1.25,1.0412432731869565,1.25,0.7615421305165638,1.25,0.14400802415326316,0.4738958738453038,1.100916394471908,0.5905477207492092,1.2586775258644238,0.3288558452319826,0.9772236188394233,0.5435083223344513,0.738937359083019,0.842848101734502,56,23,72,96,86,71,24,44,72,75,65,59
-0.0026021652743248554,-5.4292079798737606e-05,0.9560943631342691,-0.008251159662192567,0.0006835591859662908,-0.7100482773923547,0.7041043210229696,0.016497893644972145,0.009082738980785274,-0.2709673613278161,0.4500849046973384,-0.1688680718409282,-0.0038996971165062783,0.017145088262627454,0.009075220394583968,-0.25180518393716794,0.4140282684935063,-0.15181728364744754,-0.004550582951581476,1.2209551244480943,-0.9395422970155963,0.5726112688845749,-0.24859989336763744,-2.433134938338758,0.13790545694468953,0.698132,-0.19103501717379678,-1.1477692538746493,-0.25708481775760433,0.7699529998785004,-2.3274086419012416,-0.4931494885122208,0.028937751521940936,-0.03369032399606326,0.405444558000923,0.3904489945004068,0.9155358639988949,1.25,1.21070757025238,1.25,0.9186176965788962,1.25,0.546286677064116,1.25,0.17903898135564686,0.48622600541875927,1.0544356410441285,0.5768591208791102,1.2260910069992135,0.3206944413035619,0.9611025012309423,0.5177235435504804,0.7353055208958366,0.8368970962172082,68,38,79,94,79,60,30,46,69,72,64,59
-0.0025754899532939306,4.951187791219973e-06,0.9560832382762294,-0.008590208040789384,0.0006759914351116834,-0.7088217481821464,0.7053350130720863,0.01691323586218784,0.0071477620569960635,-0.270978492187647,0.45013312489641766,-0.16843663460982253,-0.003836327337552263,0.01756400054116268,0.007140391714816105,-0.2510747748293274,0.4143383014229997,-0.15190929196255423,-0.0044870529663298365,1.2123226825284812,-0.9385698001847189,0.5764165169193253,-0.2527543302467676,-2.435431617889416,0.1443579381131543,0.698132,-0.19545037681883232,-1.1507231327049687,-0.25658448992308175,0.7690672935639832,-2.329554095359572,-0.49696335665367614,0.028070846634814035,-0.03402821638111999,0.405444558000923,0.3904489945004068,0.9155358639988949,1.25,1.21070757025238,1.25,0.9186176965788962,1.25,0.546286677064116,1.25,0.17903898135564686,0.48622600541875927,1.0544356410441285,0.5768591208791102,1.2260910069992135,0.3206944413035619,0.9611025012309423,0.5177235435504804,0.7353055208958366,0.8368970962172082,68,38,79,94,79,60,30,46,69,72,64,59
-0.0025967333915043467,-3.5569441569402128e-06,0.9560779969265868,-0.008828099056382325,0.0006936173335258416,-0.708164776932464,0.7059916658674077,0.017314703138656712,0.005249190365591337,-0.2709150675458751,0.4502091302305824,-0.16813100665418673,-0.0038226717794205985,0.01796732234838825,0.005241650078469606,-0.2504960145351241,0.41446524340718993,-0.15214534344110642,-0.0044739631475406135,1.208039469961165,-0.9375997886101067,0.5799600949949756,-0.25462319089428215,-2.4368252977598153,0.1499382046241657,0.698132,-0.20007650200936966,-1.1527007627679826,-0.25583944364724737,0.7684763124351717,-2.330980329531608,-0.5005636240417028,0.02717656469908244,-0.03417733819949281,0.405444558000923,0.3904489945004068,0.9155358639988949,1.25,1.21070757025238,1.25,0.9186176965788962,1.25,0.546286677064116,1.25,0.17903898135564686,0.48622600541875927,1.0544356410441285,0.5768591208791102,1.2260910069992135,0.3206944413035619,0.9611025012309423,0.5177235435504804,0.7353055208958366,0.8368970962172082,68,38,79,94,79,60,30,46,69,72,64,59
-0.002588461458803828,0.0010487368434971918,0.9561143251884863,-0.008746295094654128,-0.0001528265684803781,-0.7100142282658696,0.7041329949847381,0.015986923516528983,0.008578931882006934,-0.2702158355597086,0.4501789026960731,-0.1677556301134357,-0.003908147941023258,0.01663694778525465,0.008569762962610602,-0.25118990106605865,0.4144362664343727,-0.15097813321631806,-0.00456126592340863,1.124842593424666,-0.9441957007296173,0.590233646429582,-0.2769260694965487,-2.444217069219538,0.1793428125939245,0.698132,-0.19506974482636671,-1.1574911973553295,-0.27304755365887007,0.7703155881793866,-2.3338366798314376,-0.5090966112871939,0.029432913882014744,-0.03083205740159257,0.4581913576026275,0.5108717561529399,0.9035961538524643,1.25,1.1648203683966187,1.2414420853417145,0.8809919583775726,1.25,0.5938571617169632,1.25,0.2081156430950968,0.4986889216417064,0.973432135385561,0.5666591200244825,1.1651207570141795,0.3239411376847067,0.9224146080067325,0.49904113781140513,0.7186446253095912,0.856319251033095,77,53,78,92,77,62,35,48,65,69,61,59
-0.0025386794562625957,0.0010893829913356595,0.9560977180946026,-0.009099105682348594,-0.000135960394717997,-0.7088116722589486,0.7053390681509312,0.016415016935449223,0.00684408578273914,-0.2701634542541252,0.4501687935135922,-0.167365356712805,-0.003807023602446926,0.017068058695152474,0.00683519894898764,-0.2504532366567303,0.41473433329905546,-0.1510664259837549,-0.004460096524781174,1.1156111579068884,-0.9444929622565723,0.5978048801025668,-0.2804742829144839,-2.44548606179129,0.18896524858016672,0.698132,-0.1953317529812986,-1.1608134890714452,-0.2731127433564367,0.769352215927195,-2.3364092852464053,-0.5143789437547784,0.02984627839283479,-0.030799346374477964,0.4581913576026275,0.5108717561529399,0.9035961538524643,1.25,1.1648203683966187,1.2414420853417145,0.8809919583775726,1.25,0.5938571617169632,1.25,0.2081156430950968,0.4986889216417064,0.973432135385561,0.5666591200244825,1.1651207570141795,0.3239411376847067,0.9224146080067325,0.49904113781140513,0.7186446253095912,0.856319251033095,77,53,78,92,77,62,35,48,65,69,61,59
-0.0024106215793641118,0.0021821016744796333,0.9561232847191572,-0.009350979191369662,-0.0009093586197854184,-0.7090313646311566,0.7051143568417405,0.015454003639229566,0.007810459089492138,-0.26954210595015266,0.44980737960507367,-0.16628269829306794,-0.0036212407951674887,0.016108847408006954,0.007800641711788047,-0.2504418402516116,0.41506340423802607,-0.14993079515572155,-0.004275839120515222,1.015520028532486,-0.9565846728227035,0.62840534260236,-0.3077827873326985,-2.4557625234527904,0.22911039466831631,0.6981313072135802,-0.1840104263324258,-1.1704320918161535,-0.29263426921987795,0.7658519392784731,-2.3430482964680706,-0.5329013868662424,0.03433589139721963,-0.028128669407342054,0.49205128614338556,0.6351984440963951,0.8629439449150124,1.25,1.1200745944183692,1.233397409033667,0.8878300711204238,1.25,0.7327585095585237,1.25,0.2303596724255468,0.5150805827375391,0.9066468672119026,0.5571776712229008,1.090597589055097,0.3410825747739037,0.9027022834760554,0.4938214863372209,0.8191173834939106,0.9010861609485862,83,69,76,89,77,70,39,50,61,64,60,65
-0.002442870516214088,0.002156438676244535,0.9561107389840595,-0.0096630369151942,-0.0007949827011143935,-0.7083209679054686,0.7058239158214595,0.016116802092880824,0.005789983798687873,-0.26945277267925466,0.44978560507695203,-0.16593062236467823,-0.0035733417109767335,0.016773265007999243,0.005780306598995921,-0.24984108968724028,0.4151662624791915,-0.15018985409307523,-0.0042284700851257335,1.0099493819268777,-0.9574456245380298,0.636812171083718,-0.30858417233713403,-2.4570548345662444,0.23779004116362523,0.698131965360679,-0.18294578239595574,-1.1727693654936768,-0.29225697891631375,0.7642251599281089,-2.3451848253327587,-0.5393582073340943,0.035035518511146925,-0.028248715760984516,0.49205128614338556,0.6351984440963951,0.8629439449150124,1.25,1.1200745944183692,1.233397409033667,0.8878300711204238,1.25,0.7327585095585237,1.25,0.2303596724255468,0.5150805827375391,0.9066468672119026,0.5571776712229008,1.090597589055097,0.3410825747739037,0.9027022834760554,0.4938214863372209,0.8191173834939106,0.9010861609485862,83,69,76,89,77,70,39,50,61,64,60,65
-0.0023101339727156236,0.00312552253616114,0.9561383544986584,-0.01030574469307127,-0.0013329777674055854,-0.7082617795682891,0.7058734067801061,0.016105950523099707,0.0054942458711723435,-0.26846147817243393,0.449366490641234,-0.16480107270919622,-0.0033903876769040726,0.01676277915851339,0.005483734445214901,-0.24917060369434252,0.4153636576016798,-0.14941038565773238,-0.00404683732332156,0.9051702788751239,-0.971503356314689,0.6664404820250377,-0.324571468191008,-2.46806524997516,0.279226826443439,0.6466651216850857,-0.17116731723866163,-1.182396233391644,-0.31429119053890503,0.7537202791607474,-2.353345341575473,-0.5662663963096441,0.04073751341412577,-0.029132401026217416,0.5233891790084269,0.7507196492575661,0.8591151463217422,1.25,1.1322874660460296,1.2335733556755608,0.9266611337031748,1.25,0.8569094515729494,1.25,0.2519425012221713,0.5369986892834717,0.8709997564236873,0.5482367334373693,1.0496017946010974,0.366678648559149,0.9063855914228791,0.509648856305945,0.9176220735070961,0.9592484205132561,88,84,76,90,80,76,43,53,59,62,61,72
-0.0023675680006056904,0.0030978638035744606,0.956131529396449,-0.010532196415608609,-0.001213703030979718,-0.7078619813838133,0.706271205044491,0.01670595038060351,0.0039370567791352385,-0.26839023212782714,0.4493393237022431,-0.1645802542588648,-0.0034304544243335166,0.01736229286831334,0.003926256849675842,-0.24871777188491054,0.4152834304684402,-0.14964713767450769,-0.004086706977324978,0.9020185021166898,-0.9715718563109471,0.6708670666398311,-0.32220879091711657,-2.468307130187322,0.28593853995887264,0.6395670554549691,-0.17031234440507395,-1.183655707210035,-0.3145088485465023,0.7517467202764775,-2.3548779496152985,-0.5725941587669124,0.04153439376670081,-0.029757169424622337,0.5233891790084269,0.7507196492575661,0.8591151463217422,1.25,1.1322874660460296,1.2335733556755608,0.9266611337031748,1.25,0.8569094515729494,1.25,0.2519425012221713,0.5369986892834717,0.8709997564236873,0.5482367334373693,1.0496017946010974,0.366678648559149,0.9063855914228791,0.509648856305945,0.9176220735070961,0.9592484205132561,88,84,76,90,80,76,43,53,59,62,61,72
-0.0021731989586090935,0.0039058479531980375,0.9561802356075263,-0.011128930581958385,-0.0014985569448343196,-0.7077560374521953,0.7063676752804813,0.016951161804622004,0.0034955021032825303,-0.2676187655925113,0.44874748855545216,-0.1635398729059529,-0.0032512591673357094,0.017606702821838092,0.003483694085652732,-0.24796736078545473,0.4148734827441134,-0.14884533251162177,-0.0039072795219558904,0.7977798559877473,-0.9844391461631533,0.6842833563749173,-0.3269291813990394,-2.4752298453654653,0.32395177435802214,0.558392946550334,-0.164362307048948,-1.190743408559429,-0.343690678805152,0.7346621530052735,-2.3625487983406757,-0.6018797699207208,0.04807165093544135,-0.03755946575529775,0.5590075616771543,0.8392752993092681,0.9054185219376416,1.25,1.2516909030555203,1.2247084269789534,1.0143694613096188,1.25,0.9347573321307411,1.25,0.27835477823211174,0.5650048358729185,0.8514908325640377,0.5395113089078741,1.0429322283041114,0.39016146023278697,0.9003658112064106,0.5236964093166554,0.8325202729654582,1.0089294183841386,94,96,78,96,84,81,47,57,58,63,61,68
-0.0022173496541207606,0.003897560230904598,0.956178228311519,-0.011270683774245794,-0.0014176185541830656,-0.7075258029104211,0.7065962073637669,0.017353811981853283,0.00241605577706583,-0.2675930296581386,0.44872803494586133,-0.16337542100719046,-0.003311930605302662,0.018008432919591356,0.002403975463746679,-0.24762985652671332,0.4146834007935137,-0.14895904672496982,-0.003967294967209198,0.7962768332627371,-0.9841689533853952,0.6854504448690821,-0.32392177198914324,-2.4742442462115624,0.32875173809380515,0.5490131945689013,-0.16442427165187062,-1.1911021361004646,-0.3449388124048778,0.7326628891145708,-2.3636697339337918,-0.6071774398228675,0.04892768849449585,-0.03897671481296993,0.5590075616771543,0.8392752993092681,0.9054185219376416,1.25,1.2516909030555203,1.2247084269789534,1.0143694613096188,1.25,0.9347573321307411,1.25,0.27835477823211174,0.5650048358729185,0.8514908325640377,0.5395113089078741,1.0429322283041114,0.39016146023278697,0.9003658112064106,0.5236964093166554,0.8325202729654582,1.0089294183841386,94,96,78,96,84,81,47,57,58,63,61,68
-0.0018712211199219024,0.004505682723898528,0.9562413035418328,-0.011296276963752405,-0.0017081912748633612,-0.7080118866460057,0.7061080969492491,0.016526330719127492,0.004433596132128119,-0.2671963630956447,0.44799766703961985,-0.1628226269714671,-0.003002518266032831,0.01718223993315045,0.004421204150338161,-0.24772589287605545,0.4140478713112101,-0.1478369404701276,-0.003659019524366857,0.6976997552937305,-0.9975162378161992,0.6815825779016593,-0.3305905525072275,-2.477855105390976,0.3534715569648963,0.4864998353882386,-0.16709158986569037,-1.1958567591316525,-0.3788202098596593,0.7147092165483185,-2.372304683945746,-0.6217974390177111,0.05510696871327892,-0.05164806925994266,0.5871066470492697,0.8727,0.8628403596239065,1.25,1.309,1.1865908026345402,1.0996045875528164,1.25,1.0025033516977446,1.181566078257865,0.31048316562196626,0.601377017518936,0.8015335752525032,0.5310740033312981,0.990724630721518,0.4029708155856088,0.8217530924638099,0.5344918816054786,0.6870775707137631,1.031489902087914,99,100,76,98,89,83,53,62,55,60,57,61
-0.0019150942418225837,0.004520747253941622,0.9562403200706239,-0.011484363355731494,-0.001577976899147683,-0.707656090510001,0.7064619430311307,0.01706497633112579,0.003098122117406517,-0.2672635403782999,0.4479589542557035,-0.16254259358740647,-0.003006384013625998,0.01772006686029718,0.0030856413715884146,-0.24738967632978956,0.4138542570104066,-0.14789926694037547,-0.0036621786360154355,0.6958591576136874,-0.9978432306887871,0.6818525926213654,-0.32896549208318115,-2.476072431604356,0.35732216830026897,0.476225311106864,-0.16778161128611394,-1.1958008188668066,-0.38129782147524915,0.7120214822025377,-2.3741858741449753,-0.6262809391424957,0.056131594899424014,-0.05460135547386358,0.5871066470492697,0.8727,0.8628403596239065,1.25,1.309,1.1865908026345402,1.0996045875528164,1.25,1.0025033516977446,1.181566078257865,0.31048316562196626,0.601377017518936,0.8015335752525032,0.5310740033312981,0.990724630721518,0.4029708155856088,0.8217530924638099,0.5344918816054786,0.6870775707137631,1.031489902087914,99,100,76,98,89,83,53,62,55,60,57,61
-0.0016108880483173063,0.004941093438958132,0.9563256069889308,-0.011450930554328923,-0.001468741383834433,-0.7076247826055263,0.7064940806763133,0.016807488251159984,0.0031012869298179613,-0.26749953492517503,0.44688569030859643,-0.16149445830060533,-0.0026489182640324896,0.017463308406598425,0.0030888908636390504,-0.24756059919420348,0.412708701865542,-0.14682141849293892,-0.0033053417509732582,0.5968536482144355,-1.0140315957974018,0.6680821028813667,-0.33901214933869933,-2.472842182027545,0.3801074247132977,0.4126826018260144,-0.17731076552737202,-1.195951593877055,-0.42366667172607864,0.6832870939998861,-2.385448001530698,-0.6365453864895027,0.05891077490512737,-0.0796308946779008,0.5898959100867595,0.8727,0.7192678300256009,1.25,1.2944003490355906,1.1104081145361375,1.1058905479335068,1.25,1.021091736550015,1.0981151933823345,0.34504735196919656,0.6486351493222,0.8004115903428586,0.5243825331521994,1.0000108818995566,0.4025736659143175,0.8043154031873794,0.5415368856778612,0.640761681087127,1.0230642902173264,99,100,68,96,89,82,58,69,54,60,56,59
-0.001645028130712473,0.004958571389524165,0.9563273083308295,-0.011598142566786311,-0.00137848069424284,-0.7074074424042994,0.706709482963816,0.01721948783703511,0.002055868694157615,-0.26753015525992924,0.4468756267637286,-0.1612631485372495,-0.002687968311715046,0.017874235115613073,0.002043315646099106,-0.24725635975528493,0.4124732998916602,-0.14683671544603233,-0.0033436294458246986,0.5963475292855307,-1.014890329750657,0.6670617651494023,-0.3383753051926594,-2.470258743402707,0.38266328606334604,0.40471868620582013,-0.17881884281015548,-1.1947828173024153,-0.4270049751542297,0.6806646180354133,-2.3873249936911227,-0.6397482718786808,0.05941555292513343,-0.08346744030877722,0.5898959100867595,0.8727,0.7192678300256009,1.25,1.2944003490355906,1.1104081145361375,1.1058905479335068,1.25,1.021091736550015,1.0981151933823345,0.34504735196919656,0.6486351493222,0.8004115903428586,0.5243825331521994,1.0000108818995566,0.4025736659143175,0.8043154031873794,0.5415368856778612,0.640761681087127,1.0230642902173264,99,100,68,96,89,82,58,69,54,60,56,59
-0.0013032947469540908,0.005182984967713543,0.9564415757296942,-0.011151155789483598,-0.0012001196037470675,-0.7075533696445656,0.7065709026998749,0.016387055546808943,0.002816573582621283,-0.26809740919029434,0.4454847973985693,-0.16030252706949324,-0.0023027285884071906,0.017044354528395138,0.0028045061191672776,-0.2479399899517613,0.41105468712579485,-0.14561779739860203,-0.00296062132617665,0.5006708719539683,-1.0331065322068615,0.6453380859782634,-0.35598818555047357,-2.461992396558201,0.3995288688549664,0.3526762316560685,-0.18925391859622792,-1.1881529032276092,-0.47193341407613887,0.6484511961351772,-2.3952813489289024,-0.6418471673560352,0.05452340684681886,-0.11357232733664935,0.5614517207616471,0.8727,0.6893923659940983,1.2328441483874313,1.309,1.0049496139039862,1.1011859605748784,1.1935324046753883,1.0297217439293038,1.0311033116585975,0.3772836181601169,0.7060931249004591,0.8350417152292293,0.5208418186052636,1.0549214010815435,0.3923393693398881,0.8337687069794097,0.5524440241322269,0.6505934174695839,0.9925917054154852,95,100,66,94,88,81,64,77,56,63,58,58
-0.0013311452016134717,0.0052025463489073585,0.9564440509641335,-0.011307086079557292,-0.0011092225438178087,-0.7073487719964044,0.7067733966307139,0.01680449071034572,0.0018292551045307791,-0.26810487309744285,0.4454652437136198,-0.16007187623231883,-0.0023264035048468842,0.01746065130292465,0.0018170883604676738,-0.2476311166201908,0.4108215429485741,-0.14562024178489452,-0.0029835112342512533,0.5005836438961856,-1.0346821828220727,0.6435229310864854,-0.35664745592827396,-2.4588656732458554,0.4009754084912559,0.3460355534424375,-0.19073105657963474,-1.1863929509836717,-0.4758182663202312,0.645721172755686,-2.397233678533011,-0.6440307403201205,0.05421040360454516,-0.11820248920492288,0.5614517207616471,0.8727,0.6893923659940983,1.2328441483874313,1.309,1.0049496139039862,1.1011859605748784,1.1935324046753883,1.0297217439293038,1.0311033116585975,0.3772836181601169,0.7060931249004591,0.8350417152292293,0.5208418186052636,1.0549214010815435,0.3923393693398881,0.8337687069794097,0.5524440241322269,0.6505934174695839,0.9925917054154852,95,100,66,94,88,81,64,77,56,63,58,58
-0.0010145284948470277,0.005299310448665495,0.9565782113520649,-0.01070861337198167,-0.0007311559455248413,-0.7073281123475184,0.7068038854544655,0.016079872612657926,0.0017627808607191865,-0.2689759550528634,0.44365766616058505,-0.15879125071001787,-0.0019255170965250983,0.016738533602070442,0.0017514300603877209,-0.2484876889381846,0.4090304528878354,-0.14435828055263203,-0.002585106296524142,0.40668829602661655,-1.0568988584981094,0.6141813783290833,-0.38333901581853735,-2.4420384999952645,0.4128350618684113,0.2918379674942324,-0.19553965463570766,-1.1725463726790555,-0.5228232567253193,0.6086830290694806,-2.408893499526135,-0.641620200238037,0.04112384547655474,-0.15833723596400656,0.5128286105836297,0.8727,0.7188865104906251,1.1402482181969948,1.309,0.8922946844335491,1.0963847168822747,1.1094269078839587,1.0155552729100086,0.9914978726666754,0.40329399820320055,0.7691526648998238,0.8786117830634579,0.5380833416004162,1.1184002651603462,0.401311871404942,0.8696895028476301,0.5840119252127423,0.6717940191600217,0.9519959316993966,86,100,66,91,85,79,68,86,59,68,61,58
-0.0010311259924173342,0.005314045047256335,0.9565815501267738,-0.010838012188581455,-0.0006622010408047877,-0.7072021455269517,0.7069280192096349,0.016411567320855663,0.0010695610343462506,-0.2689380622863733,0.4436284536902963,-0.1586245136636117,-0.0019612109359579996,0.017069131378233664,0.001058107236266404,-0.24820400510222237,0.4087906444893146,-0.1443406222971183,-0.0026199092969453265,0.4071773829980661,-1.0589632269204639,0.6115931849895886,-0.38457821055529207,-2.438650075923638,0.41306804376179684,0.2864770074609228,-0.1961694599131864,-1.170324351857126,-0.5267525535110504,0.6063491634588144,-2.4109416602069915,-0.6430131273372954,0.040145563920701385,-0.16288121863848218,0.5128286105836297,0.8727,0.7188865104906251,1.1402482181969948,1.309,0.8922946844335491,1.0963847168822747,1.1094269078839587,1.0155552729100086,0.9914978726666754,0.40329399820320055,0.7691526648998238,0.8786117830634579,0.5380833416004162,1.1184002651603462,0.401311871404942,0.8696895028476301,0.5840119252127423,0.6717940191600217,0.9519959316993966,86,100,66,91,85,79,68,86,59,68,61,58
-0.0006219850289848068,0.0052653879246252235,0.9567104355534777,-0.01000302457381468,-0.00014472285226378552,-0.7073077622351653,0.7068349510575682,0.015420531355813023,0.0016681917398478343,-0.2700844407763284,0.4415980885391451,-0.15745950263874492,-0.001451312181134568,0.016081340674636978,0.0016579338184065254,-0.24952963053810454,0.4069042936373975,-0.14303264100318516,-0.002113055798286683,0.31451725919679063,-1.0818085926476204,0.5782808755362232,-0.41673141186010515,-2.418902684512624,0.4177419297234868,0.2351920528935582,-0.1916575146196711,-1.1534095332207597,-0.5730718845629562,0.5695919178776884,-2.423292796420757,-0.6326413049932476,0.02306543110015341,-0.20233898676437592,0.46264788131466983,0.8727,0.7768806948483282,1.0589672226406528,1.309,0.7953058041490744,1.0795560602483276,1.0470749592699375,0.9655877181558874,0.9814662611782801,0.42031956288335764,0.8299911948862095,0.9272231297223169,0.574978886402583,1.1844797396377906,0.4145558137415104,0.9052033402941632,0.625066301643085,0.6973899533189267,0.9106148907196043,78,100,67,89,83,76,71,94,62,72,63,59
-0.0006349124591041477,0.005280158826642874,0.9567139576048916,-0.010130192434263632,-6.303396853462078e-05,-0.7071860470639115,0.7069549278886759,0.015764142647445058,0.0010018333334049726,-0.270067788464811,0.4415607027475532,-0.1572850286571114,-0.0014793593305454707,0.016423838699017274,0.000991506957731072,-0.24927990762173052,0.4066708207909705,-0.14300540693219388,-0.002140193425624782,0.3151405652359672,-1.0841702836218803,0.5750954632468773,-0.41840261606953966,-2.415446454980254,0.41695483627761304,0.23020232968942636,-0.19121577094578118,-1.150825667407936,-0.5769838302419411,0.5672437207732042,-2.4255055059026933,-0.6332422026372427,0.021593682602395522,-0.20682084037972318,0.46264788131466983,0.8727,0.7768806948483282,1.0589672226406528,1.309,0.7953058041490744,1.0795560602483276,1.0470749592699375,0.9655877181558874,0.9814662611782801,0.42031956288335764,0.8299911948862095,0.9272231297223169,0.574978886402583,1.1844797396377906,0.4145558137415104,0.9052033402941632,0.625066301643085,0.6973899533189267,0.9106148907196043,78,100,67,89,83,76,71,94,62,72,63,59
-0.00014112469645506166,0.005101364365751459,0.9568448441507044,-0.00925709717811126,0.0007636226818284993,-0.7071858038267819,0.7069667332329743,0.015093035468838452,0.00101180603887759,-0.2716311200886904,0.43936916467290144,-0.1559401801128621,-0.0008787888325536054,0.015754862730766147,0.0010030073614708738,-0.2508283312519696,0.4044701544274836,-0.14166572580982803,-0.001541729090737067,0.2230843927543962,-1.1085885319676596,0.5351458064588235,-0.4551579862905775,-2.3916544595240556,0.4133630213608603,0.17498517599959187,-0.18247240387862484,-1.1271881934520103,-0.6239583336767357,0.526269042415926,-2.439082014621453,-0.6163412862635582,-0.0015462741538943532,-0.25160154587887706,0.4262811712758573,0.8727,0.9428417844924414,0.9961229602778752,1.309,0.7254855305792456,1.0594747207539015,1.0094992596582686,0.9008102767537234,0.9911804845422001,0.42631356458677433,0.87266,0.9817567974122132,0.6146554213815851,1.2536089849968772,0.4326913380127657,0.9404113786024542,0.6721261204100911,0.7270969756243194,0.8759847920131724,72,100,74,87,81,73,72,100,66,77,66,60
-0.00014613986091678252,0.005111539029622215,0.9568484254399355,-0.009360664213587219,0.0008322220050713087,-0.7071083188826719,0.7070427927211596,0.01537109235134073,0.0005494309196458584,-0.2716158338181392,0.4393517187725098,-0.15581943970475795,-0.0009105566814648614,0.016031950927836817,0.0005405740829017701,-0.2506080349266311,0.4042367356028665,-0.14162081447880384,-0.0015725757857737472,0.22393646602570366,-1.1107359877327203,0.5316796291620451,-0.45675947178754667,-2.38841141059375,0.4118486866342923,0.1707533326536901,-0.18174257495548563,-1.124472520991027,-0.6276069716809854,0.5241263740637888,-2.441158606942945,-0.616481904524018,-0.003179462790133863,-0.2555936866611787,0.4262811712758573,0.8727,0.9428417844924414,0.9961229602778752,1.309,0.7254855305792456,1.0594747207539015,1.0094992596582686,0.9008102767537234,0.9911804845422001,0.42631356458677433,0.87266,0.9817567974122132,0.6146554213815851,1.2536089849968772,0.4326913380127657,0.9404113786024542,0.6721261204100911,0.7270969756243194,0.8759847920131724,72,100,74,87,81,73,72,100,66,77,66,60
0.000469879557980748,0.004787868868234125,0.9569659057194156,-0.008337035544918424,0.001823593103108231,-0.7071948697675664,0.70696717358089,0.014568759434424301,0.0010367670303289647,-0.27356889566786724,0.4372720038276286,-0.15469824783538738,-0.00016513469919937477,0.015232156342867818,0.0010297608502311641,-0.2525229421006599,0.401972817630656,-0.14028087609317896,-0.0008295293660493615,0.13051547517145237,-1.1314765820097659,0.49096337978685684,-0.493667941332049,-2.366647023182435,0.4039171521970974,0.11941649817591558,-0.17933397634214213,-1.0984134550776625,-0.6688894184369188,0.48428543414797715,-2.453257529940384,-0.5948186919455966,-0.028036165364461026,-0.29959836953159263,0.41296163872938496,0.8727,1.2311570694992222,0.9516377552303021,1.309,0.6812618369401452,1.039185093666542,0.987630161957732,0.8618142631033665,1.0044469241728267,0.42207580044317694,0.87266,1.0380272247874767,0.6578934228723291,1.309,0.4594754574198435,0.9679014138787937,0.7246950360544324,0.7513330539498256,0.8547739190600867,70,100,89,86,79,71,72,100,71,81,69,60
0.00046524731337694095,0.004796321950762886,0.956969292797092,-0.008431853536690662,0.001893975368938368,-0.7071185232072272,0.7070422270561132,0.014836237398090198,0.0005831027336634164,-0.27358594720630064,0.43727975817185244,-0.15458407601659982,-0.00019347683444461685,0.015498735419498531,0.0005760591256889348,-0.252327592605768,0.40175058177857365,-0.14023318389481024,-0.0008570239728285671,0.13129407896035017,-1.133256059023489,0.4876704041584846,-0.49517244558021983,-2.363522467061636,0.4020899560208192,0.11555595143743098,-0.17906211824659418,-1.0956235700280381,-0.6721728203084057,0.4822236665344096,-2.4551549195916578,-0.5945423672781883,-0.029835076311439494,-0.30347595007764133,0.41296163872938496,0.8727,1.2311570694992222,0.9516377552303021,1.309,0.6812618369401452,1.039185093666542,0.987630161957732,0.8618142631033665,1.0044469241728267,0.42207580044317694,0.87266,1.0380272247874767,0.6578934228723291,1.309,0.4594754574198435,0.9679014138787937,0.7246950360544324,0.7513330539498256,0.8547739190600867,70,100,89,86,79,71,72,100,71,81,69,60
0.0011741543715682366,0.004369983828085098,0.9570622515878198,-0.007355894105449856,0.002981511290514025,-0.707214448279129,0.7069545427802142,0.013987877927110386,0.0011204374700992006,-0.27581628936109576,0.43545955930013597,-0.15364864429216504,0.0006617243650617412,0.014653088792535924,0.0011154048111049442,-0.25442481290723873,0.3995723599011946,-0.13899369108722745,-4.316824458420219e-06,0.03469833088825062,-1.1490171529112236,0.44827074877473383,-0.5313411604449242,-2.342610709346636,0.3952720461346041,0.0674077204102879,-0.1854473065160474,-1.0677845990631283,-0.7079761132372397,0.44357288496647357,-2.464013874533773,-0.5692057974126185,-0.057890152123506504,-0.34763491894347265,0.42423365571717264,0.8727,1.3039357110577665,0.9216521347430598,1.309,0.6542079681705254,1.073133335867451,0.9681781969182213,0.895799750630513,1.0110550723334353,0.41502927793434513,0.8707109742456524,1.0585204619853736,0.7060274481607065,1.309,0.5005933638349588,0.9412670611748295,0.7830699465351655,0.7159569927944451,0.8497673897408635,72,100,92,86,81,73,70,100,73,82,69,58
0.001168293358415998,0.004376662625492495,0.9570650402889752,-0.007441349695996813,0.003049811814012866,-0.7071368110504008,0.7070310144682986,0.01424024036067948,0.000659986470953609,-0.2758640665030567,0.4354991349764157,-0.15354611310601377,0.0006339752827897645,0.014904644363126357,0.0006549266503886806,-0.254251628634264,0.39936995669380987,-0.13895391855576916,-3.132676764905823e-05,0.03535206505946739,-1.1504070860658264,0.44539153818142596,-0.5326084470062901,-2.3395601000069464,0.3935775419093861,0.06382551201057603,-0.18593016521597497,-1.065039690380973,-0.7108647845117066,0.44169422564474775,-2.465643191787975,-0.568623516900152,-0.0599163498389642,-0.3514872973980418,0.42423365571717264,0.8727,1.3039357110577665,0.9216521347430598,1.309,0.6542079681705254,1.073133335867451,0.9681781969182213,0.895799750630513,1.0110550723334353,0.41502927793434513,0.8707109742456524,1.0585204619853736,0.7060274481607065,1.309,0.5005933638349588,0.9412670611748295,0.7830699465351655,0.7159569927944451,0.8497673897408635,72,100,92,86,81,73,70,100,73,82,69,58
0.0011675195555395778,0.004380829247131662,0.957067573949959,-0.007512000537410969,0.0031015462483813283,-0.7070867757540624,0.7070800816120618,0.014436291143565897,0.00034507606347726396,-0.2758921509083369,0.43554407593099237,-0.1534862612065922,0.0006076900223567674,0.01510002017722338,0.0003399874339393133,-0.25407997587653625,0.399164970012109,-0.13890536313109453,-5.690687128528286e-05,0.03609526456028237,-1.151714277493218,0.44262577275221215,-0.5337125228412349,-2.3367009301531083,0.3920202651266952,0.06067846239999026,-0.18642138829610916,-1.0625155718711274,-0.7136664268117993,0.43997465152448073,-2.46717944199523,-0.5682639153774363,-0.06169850824760343,-0.3548793816228574,0.42423365571717264,0.8727,1.3039357110577665,0.9216521347430598,1.309,0.6542079681705254,1.073133335867451,0.9681781969182213,0.895799750630513,1.0110550723334353,0.41502927793434513,0.8707109742456524,1.0585204619853736,0.7060274481607065,1.309,0.5005933638349588,0.9412670611748295,0.7830699465351655,0.7159569927944451,0.8497673897408635,72,100,92,86,81,73,70,100,73,82,69,58
0.0019299240125903647,0.003908810941934772,0.9571291643265182,-0.006376959569531337,0.004080824925941704,-0.707239199276099,0.7069337990659912,0.013258990789742839,0.00121288584244619,-0.27812578522329967,0.4340416733362594,-0.1528320334407346,0.0015584084824960833,0.013926582936615946,0.0012097854056483566,-0.2562343092846743,0.39730012591703917,-0.1378194750403335,0.0008901714871897253,-0.0648126940684035,-1.1614500041478348,0.406709185046022,-0.5686560417713987,-2.315076324964833,0.3936033755113899,0.017273377343591106,-0.19360168478770423,-1.0346640653371533,-0.7422901566150257,0.4038327451003388,-2.471152075996586,-0.543484118151155,-0.09584159737243675,-0.3954962258429041,0.4495596223473793,0.8727,1.1293815102947515,0.8969036713823995,1.309,0.6344693851612521,1.1397440711159101,0.9409520728780758,1.0036554609902788,1.012584713796468,0.416542740195212,0.8099712211682834,0.9833039270743511,0.7573589689986151,1.2658253123764565,0.5580022171214205,0.8278184432270481,0.8450107915705257,0.6055511993178833,0.8569565754627533,76,100,82,85,84,79,71,91,70,81,65,53
0.0019214510176936341,0.003912826777322287,0.9571307326321239,-0.006450217484071707,0.004144970372339549,-0.7071600625210451,0.7070119234427754,0.013490455430558988,0.0007475879697718668,-0.27819882542258717,0.4341064349352692,-0.15274723786773906,0.001529922745601445,0.014157354430328659,0.0007444683296763587,-0.25609091776329923,0.39713267428948024,-0.1378014356898324,0.0008622967172053261,-0.06434972080388894,-1.1625607297471683,0.40441287431321804,-0.5695433219149026,-2.312287712666391,0.3925744871687731,0.014068197227195864,-0.19425518897925934,-1.0322392585738194,-0.744654463605838,0.4023105755006055,-2.4724842467422983,-0.5428902189360144,-0.09824249766387441,-0.3990088091103388,0.4495596223473793,0.8727,1.1293815102947515,0.8969036713823995,1.309,0.6344693851612521,1.1397440711159101,0.9409520728780758,1.0036554609902788,1.012584713796468,0.416542740195212,0.8099712211682834,0.9833039270743511,0.7573589689986151,1.2658253123764565,0.5580022171214205,0.8278184432270481,0.8450107915705257,0.6055511993178833,0.8569565754627533,76,100,82,85,84,79,71,91,70,81,65,53
0.0027036699881792447,0.003436930074043299,0.9571640488124535,-0.005259592864343,0.004845721085980598,-0.7073873768211871,0.7067898943703839,0.011764499448981976,0.0020143952888525708,-0.28007885151591655,0.43276663359956835,-0.15231440297064683,0.0025292819172470036,0.012436629744293834,0.0020131002780547982,-0.25826945659664813,0.395936846528852,-0.1369912365247272,0.001856894537797982,-0.16991711387170091,-1.1664723643252508,0.37250538755912355,-0.6035161348146713,-2.2900430561394116,0.4062394534464206,-0.024845674903042816,-0.190407192200677,-1.0051145688690089,-0.7674042367848743,0.3689467327776031,-2.464356081694291,-0.522162717244449,-0.14058631691478846,-0.4294176629396388,0.47115906667848273,0.8727,1.1302850847018016,0.864919465642052,1.309,0.6151271489718141,1.309,0.9015292040525587,1.1017178845710087,1.0174533097449063,0.43058841697697653,0.7303568579679632,0.883803264923515,0.8051733895943674,1.2331499911589043,0.6254599432025797,0.7605960049823502,0.9049415234530716,0.6047329191513781,0.8692862968838344,79,100,81,85,92,84,73,80,66,80,62,53
0.0026825503936202164,0.003439064435923428,0.9571639575444549,-0.005352170983081791,0.004939474074297848,-0.7072588154368122,0.7069171973071208,0.012091097120493494,0.0013149522808323898,-0.2801927510960663,0.43283535694204767,-0.15219636220541727,0.0024997027765075687,0.012762465322390682,0.001313646420716456,-0.2581480557983378,0.395817871005119,-0.13703337656281583,0.001827804960267601,-0.16975802872958753,-1.1676291778702017,0.37035223267463924,-0.60426310380252,-2.287251783895637,0.4061928638686288,-0.02842792213512295,-0.19010841375981272,-1.0028688208620393,-0.7694191824124411,0.36753112738861254,-2.465369523449667,-0.5216446917474952,-0.14415355373818814,-0.43295490457988667,0.47115906667848273,0.8727,1.1302850847018016,0.864919465642052,1.309,0.6151271489718141,1.309,0.9015292040525587,1.1017178845710087,1.0174533097449063,0.43058841697697653,0.7303568579679632,0.883803264923515,0.8051733895943674,1.2331499911589043,0.6254599432025797,0.7605960049823502,0.9049415234530716,0.6047329191513781,0.8692862968838344,79,100,81,85,92,84,73,80,66,80,62,53
0.0034437963174507084,0.003017006330986948,0.9571664913831706,-0.004274128038131559,0.005405093790792472,-0.7074093002191886,0.7067705417984146,0.010209908335517043,0.002143182987048013,-0.2816680532101778,0.431693569013923,-0.1518273077257277,0.0034932474279234117,0.010886590754920163,0.0021433995368236765,-0.2601061046238935,0.39524578535806193,-0.13659233072396826,0.0028164804834614403,-0.27938549797414536,-1.1691143818367993,0.3374764014571285,-0.6383138027683891,-2.2623032503497993,0.43008218243250745,-0.06876547410794932,-0.1709998045727717,-0.9751772398330659,-0.7889772103585534,0.3341935033826194,-2.450845265538485,-0.5066265598106963,-0.19796792942029864,-0.4560384293420676,0.47870738880055547,0.8723305787049793,1.2839618838452629,0.8184710880718971,1.309,0.5946706596813178,1.309,0.8510972957242979,1.1581328077550448,1.0311666322038597,0.449232495285678,0.6534302058226055,0.8575233013241683,0.8428865949711546,1.2189164820430403,0.6941243550219827,0.7256809376422989,0.9583437116421925,0.6144066683299445,0.8842849496171267,81,100,88,84,90,88,76,69,66,81,62,54
0.003417109651341156,0.0030162920953065516,0.9571643441440407,-0.004361336874147772,0.005511465957206922,-0.7072747329925851,0.7069038509966826,0.01055770711810972,0.0014071259838937685,-0.28181080408939985,0.4317613004689426,-0.15171153263592974,0.003451982200409013,0.011233691895487558,0.0014073215421089615,-0.2600354800188795,0.3951726945853088,-0.13666985001457677,0.0027756064273755073,-0.279279655630528,-1.1703684178103948,0.33522111435095003,-0.6387101591486569,-2.2597201331184653,0.4310402011481798,-0.07243411254787922,-0.16915066221878036,-0.9732632699469514,-0.790846582856883,0.3329895402569702,-2.451778317923071,-0.5066754435155991,-0.20243976148627402,-0.45889699209632806,0.47870738880055547,0.8723305787049793,1.2839618838452629,0.8184710880718971,1.309,0.5946706596813178,1.309,0.8510972957242979,1.1581328077550448,1.0311666322038597,0.449232495285678,0.6534302058226055,0.8575233013241683,0.8428865949711546,1.2189164820430403,0.6941243550219827,0.7256809376422989,0.9583437116421925,0.6144066683299445,0.8842849496171267,81,100,88,84,90,88,76,69,66,81,62,54
0.004211017802667837,0.002653947451545877,0.9571145340864682,-0.0034379781809462592,0.005791098428419515,-0.7074174662435352,0.7067638728306618,0.008593994712756896,0.0021928280127175882,-0.2829593055342141,0.4309809568653379,-0.1515556129565816,0.004469709794974002,0.009275054183810368,0.002194173784807052,-0.26181105760567486,0.3952119491919725,-0.13655695351790811,0.003788854824777506,-0.39188100111780316,-1.171199642173946,0.2986869191814079,-0.6712729483804741,-2.236379035358534,0.4589071418232334,-0.11250856036568273,-0.14034965773204905,-0.9469586161656678,-0.8104147023834075,0.30092195525476695,-2.4411748392389305,-0.4977710167808237,-0.2601400179092296,-0.47359948843946287,0.4728132373836454,0.8359368946025771,1.2524442918804364,0.7599445608390433,1.309,0.5724827601396119,1.309,0.7937755169142184,1.2213484761826465,1.0483225467992021,0.46327284881322395,0.5944857682270077,0.8271163670821408,0.8735757576798759,1.1794125775803528,0.7642621476159805,0.7062708168716046,1.009164898206818,0.5943611080851842,0.9075394460446652,80,95,85,84,89,91,79,61,65,80,62,53
0.0041835784770012825,0.002651931776136476,0.9571107924909287,-0.0035069148197113026,0.005904453220055651,-0.7072802358633652,0.7068999271026144,0.008926268963536061,0.0014399137309287478,-0.28315460183386953,0.4310587302248003,-0.15143501346087324,0.00442847975130408,0.00960679555288823,0.0014412688029332137,-0.2618163888957613,0.3951926969625055,-0.13665270455021747,0.0037478152301654503,-0.39178281959081,-1.1723990464274527,0.29626616795554467,-0.6714451749969199,-2.234075162652699,0.46030129088408267,-0.11609194329967888,-0.13734083553429893,-0.9451128535241042,-0.8123112001826317,0.2996773823291692,-2.442527168278301,-0.49834257232408324,-0.26508284260857456,-0.47550386502091924,0.4728132373836454,0.8359368946025771,1.2524442918804364,0.7599445608390433,1.309,0.5724827601396119,1.309,0.7937755169142184,1.2213484761826465,1.0483225467992021,0.46327284881322395,0.5944857682270077,0.8271163670821408,0.8735757576798759,1.1794125775803528,0.7642621476159805,0.7062708168716046,1.009164898206818,0.5943611080851842,0.9075394460446652,80,95,85,84,89,91,79,61,65,80,62,53
0.0050107262388677295,0.0023399326290434916,0.9570154527718818,-0.0027566859991774045,0.005978631147736337,-0.7074235334194772,0.7067592242172739,0.006875683414273621,0.0022150238424310615,-0.2839657107653523,0.43075488804918177,-0.15154333157319969,0.005481259649412052,0.007560992978995081,0.002217142084116191,-0.2633663886846471,0.3958930072580644,-0.13688069742427736,0.004796473934946468,-0.5063663197229454,-1.1727732653956853,0.25444529675481264,-0.700706520646051,-2.2152085274290365,0.4832235903861281,-0.1514230667336735,-0.10943566772524825,-0.9182822675379702,-0.8296278530640803,0.2690981542982154,-2.43776718351588,-0.49825849755489937,-0.3238721610360384,-0.48277147082143396,0.45295901758478113,0.7861976114613243,1.0134773886223394,0.7096614156495764,1.309,0.5429345017096269,1.309,0.7330047318827488,1.2901027724585274,1.0530607491992237,0.4691592858748402,0.5633754924763654,0.7613664805806432,0.910063567388838,1.1834504840713045,0.8446303359735297,0.7246049945183219,1.070358593969338,0.5987278869670889,0.9501164302611551,76,89,71,83,88,95,80,57,62,82,64,55
0.004983996872566146,0.002335729886800826,0.9570107427107984,-0.002808902667290264,0.006092727694400215,-0.7072851316768368,0.7068965491809441,0.007182041814108384,0.0014544626392677255,-0.28420226459392756,0.430851574124069,-0.1514278526651512,0.005444648964555958,0.00786700019293282,0.0014566286938664076,-0.2634388437204852,0.3959378168625737,-0.1370011530413386,0.004759828152029159,-0.5062936824819757,-1.1737020642149965,0.25195898394355537,-0.7009010785101715,-2.213159302602056,0.48414520126133626,-0.15457299775353622,-0.1062788469482641,-0.9164137821080045,-0.8315630044895717,0.267677852612431,-2.43959385834793,-0.4994894991093659,-0.3290122452432863,-0.4838438621633612,0.45295901758478113,0.7861976114613243,1.0134773886223394,0.7096614156495764,1.309,0.5429345017096269,1.309,0.7330047318827488,1.2901027724585274,1.0530607491992237,0.4691592858748402,0.5633754924763654,0.7613664805806432,0.910063567388838,1.1834504840713045,0.8446303359735297,0.7246049945183219,1.070358593969338,0.5987278869670889,0.9501164302611551,76,89,71,83,88,95,80,57,62,82,64,55
0.005809115528324828,0.0020360794562721564,0.9568659316103026,-0.0022255467048807745,0.00596782806500845,-0.7074269506193945,0.7067577672069797,0.0050878200993402034,0.002211626471738284,-0.2846854071480993,0.431088655799352,-0.15186634590726597,0.006492241978460525,0.005777082903490853,0.002214179987119835,-0.26475235464785696,0.397333163077905,-0.13762593233163464,0.005803794539526667,-0.6216521065475482,-1.172340884837064,0.2056092163551355,-0.7261412972122967,-2.198755004737261,0.4943379445287378,-0.17922716089579804,-0.08700249168117745,-0.8888858044778649,-0.8474260207820639,0.2376358528204097,-2.440963700556504,-0.5079307850434768,-0.38705500214631877,-0.4872217518551174,0.41227650973151464,0.7130124216334668,0.8993371315985775,0.7049863069020144,1.309,0.4985739655305239,1.309,0.6709454488043483,1.19904829961016,1.0309816185765022,0.4628381571097222,0.5631643512701053,0.6771812222423975,0.9614830440944009,1.1143680658960489,0.9375155981207153,0.7286509120705401,1.1513246710420966,0.5648054058259393,1.0193770552796857,69,79,65,82,86,90,78,57,59,80,67,54
0.005784391515511088,0.0020280785771404786,0.9568606416199317,-0.0022639812965723326,0.006077061168904593,-0.7072885893185632,0.7068951797374168,0.005361484972859004,0.0014512470634829027,-0.28494889288230985,0.4312131575036672,-0.15176971966939384,0.006462857861420012,0.006050572464634892,0.0014538840441634968,-0.26488088844475804,0.3974541526688763,-0.1377828888390913,0.005774162215310646,-0.6216080356473701,-1.172889016421704,0.2031627235254573,-0.7266488679963947,-2.1969462150697665,0.4939498407724223,-0.1814654843033551,-0.08457598620359827,-0.8868923959332571,-0.8494619522599629,0.23595961063113224,-2.443185622930431,-0.5098436528516983,-0.39222757553561166,-0.48788180128142805,0.41227650973151464,0.7130124216334668,0.8993371315985775,0.7049863069020144,1.309,0.4985739655305239,1.309,0.6709454488043483,1.19904829961016,1.0309816185765022,0.4628381571097222,0.5631643512701053,0.6771812222423975,0.9614830440944009,1.1143680658960489,0.9375155981207153,0.7286509120705401,1.1513246710420966,0.5648054058259393,1.0193770552796857,69,79,65,82,86,90,78,57,59,80,67,54
0.0065142541918768926,0.0016774198941182027,0.9566786033082051,-0.0017852701908616971,0.005723081514307918,-0.7074184122153196,0.7067695870699883,0.003190743195236039,0.0021485381868832126,-0.2850209202843351,0.43189729469007554,-0.1525677726347769,0.007422951644554091,0.003883500008366152,0.002151269246043316,-0.26596970371647555,0.3996234782044277,-0.13890855298211305,0.006731143071102748,-0.7352738526784611,-1.1684000711533304,0.15422028662532203,-0.7488693159231035,-2.1855362811321455,0.487754447329972,-0.19181408926689,-0.07596806043125191,-0.8565330926519379,-0.8643424686930715,0.2071822544898692,-2.4397273562240684,-0.5284027512021486,-0.45162107314458616,-0.4891996725493642,0.3478365975533938,0.6189847542243883,0.8796650020005738,0.6813441466676693,1.309,0.43889797317895285,1.248463021323712,0.6111499537588931,1.035723285455089,0.9821618446983698,0.4381249581265983,0.5805688443841629,0.6530108032033511,1.0259610829900316,1.0558448373354812,1.0350474590621317,0.7296440218682174,1.246472621664799,0.48392653412925674,1.108195045771255,59,67,63,81,81,80,74,59,59,79,69,52
0.006489750007383475,0.0016643644643168547,0.9566723343144751,-0.0018182332727538916,0.00583136218665196,-0.7072837679030022,0.7069033603709531,0.003453552714007084,0.001403838246594626,-0.2852951437892291,0.43204584024765497,-0.15250275965056412,0.007393128422566334,0.004146242862840335,0.0014066585450591734,-0.2661468986368831,0.3998262032656346,-0.13911552048748943,0.006700961097188344,-0.7352146585372848,-1.1685681470863418,0.15180082562607777,-0.7499210339156969,-2.1839512257909717,0.4856521112598745,-0.19281519193884555,-0.07461918600984388,-0.8546159764127634,-0.8665317127934464,0.20535241328474674,-2.4417485688948464,-0.531256511327212,-0.4568071363627265,-0.4899862540889534,0.3478365975533938,0.6189847542243883,0.8796650020005738,0.6813441466676693,1.309,0.43889797317895285,1.248463021323712,0.6111499537588931,1.035723285455089,0.9821618446983698,0.4381249581265983,0.5805688443841629,0.6530108032033511,1.0259610829900316,1.0558448373354812,1.0350474590621317,0.7296440218682174,1.246472621664799,0.48392653412925674,1.108195045771255,59,67,63,81,81,80,74,59,59,79,69,52
0.007044586761272637,0.0013008063798981438,0.9564713491360708,-0.001428042736708811,0.005222901056631843,-0.7074100191515936,0.7067826729642122,0.0012400203827802932,0.002051262764765103,-0.28489676781907225,0.43303396137402084,-0.1535993091969461,0.008174661418775937,0.0019353682635391985,0.00205385570653433,-0.2670367385136211,0.4027591105674281,-0.14073292642825683,0.007480274789616311,-0.8441735787989462,-1.1602823671404054,0.1021887577384561,-0.770716030989186,-2.1740856323006024,0.46453590413531914,-0.18933263177992138,-0.07501736402749098,-0.824276740923154,-0.8749644378521344,0.17744226534217347,-2.4330808132793895,-0.5602538614680781,-0.5214197723513252,-0.4965638191570366,0.26926442280931695,0.5197998744951154,0.8724082720366318,0.6474586490533695,1.210776877276977,0.3735014373111677,1.101818555162264,0.5615302256714019,0.8823626003457489,0.9226332104955447,0.3969946686004401,0.5859638054550638,0.5508010933474471,1.1025107003837271,0.8854265083943325,1.1353253076022347,0.664627365638775,1.25,0.4837461892576482,1.1976092756418908,45,54,62,73,72,70,67,60,56,70,66,55
0.007018461480897249,0.0012862785124030701,0.9564643984181,-0.0014554690390110165,0.005335549600571101,-0.7072811605222817,0.7069107252621014,0.0015027302572393913,0.001341019240341103,-0.2851861967056386,0.4331885332703612,-0.15354929732684536,0.008138013418760795,0.002198092129677043,0.0013437003686585344,-0.2672756919169712,0.4030360670152951,-0.14097244221791524,0.007443225967352661,-0.844156676432943,-1.1601328359930472,0.09986407342748807,-0.7723177651990025,-2.172677209242712,0.4608597713452913,-0.1891087728832424,-0.0746485303114384,-0.8225786128906402,-0.8771856268094477,0.17577735029136313,-2.4346940904365564,-0.5641644873103009,-0.5268408161967543,-0.4981932320114741,0.26926442280931695,0.5197998744951154,0.8724082720366318,0.6474586490533695,1.210776877276977,0.3735014373111677,1.101818555162264,0.5615302256714019,0.8823626003457489,0.9226332104955447,0.3969946686004401,0.5859638054550638,0.5508010933474471,1.1025107003837271,0.8854265083943325,1.1353253076022347,0.664627365638775,1.25,0.4837461892576482,1.1976092756418908,45,54,62,73,72,70,67,60,56,70,66,55
0.0073934158472092875,0.0009597837805949983,0.956257027014752,-0.0011479206214264075,0.004573384466524119,-0.7074010920548687,0.706796619539417,-0.0005987543763882961,0.0019221085233061624,-0.28451601883350885,0.4343604852421941,-0.15477952338533746,0.008711546440199128,9.804455025297723e-05,0.0019243165598856775,-0.26811543639307883,0.40653608497566296,-0.14290223539637043,0.008015667583755283,-0.9453750422309615,-1.1482812953521297,0.051393759506033525,-0.7923410770546203,-2.163737359860103,0.43001053346342927,-0.17482606318879862,-0.0816574140613222,-0.7958748224500917,-0.8767099985487659,0.14998007925214235,-2.4280588860754238,-0.5997553780540104,-0.596479502801734,-0.5163808592287601,0.19510259036527472,0.4372446402318311,0.8679349582571854,0.6206152408116014,1.1404840383588781,0.35641520498621126,0.9753834309425832,0.5343738973480437,0.7556094771363547,0.8757509964332214,0.3539861779063332,0.5530595057662965,0.436523601084601,1.1988686266903135,0.6835345523322147,1.2479152497379737,0.5428680657516497,1.25,0.48658772490623503,1.25,33,44,61,69,65,62,60,55,52,60,59,56
0.007366089788300961,0.0009473188499597638,0.956250043939979,-0.0011665236793824807,0.00468569686706993,-0.7072803300631096,0.706916698185291,-0.00034976775944502636,0.0012647609699944634,-0.2848183728683672,0.43451155979592104,-0.15472980898188013,0.008669663195280449,0.0003471208099294269,0.0012670635983742194,-0.26841499680974207,0.4068753067899167,-0.1431517576271017,0.007973366524283024,-0.9454589157688926,-1.1479029852726745,0.04927986609681393,-0.7943175879719708,-2.1624653995697556,0.42531946624490935,-0.17363094594976483,-0.08201851922439705,-0.794365601371774,-0.8787977809986085,0.14878286065105736,-2.4295009809865635,-0.6044229324258313,-0.6022335545144869,-0.5192738425594463,0.19510259036527472,0.4372446402318311,0.8679349582571854,0.6206152408116014,1.1404840383588781,0.35641520498621126,0.9753834309425832,0.5343738973480437,0.7556094771363547,0.8757509964332214,0.3539861779063332,0.5530595057662965,0.436523601084601,1.1988686266903135,0.6835345523322147,1.2479152497379737,0.5428680657516497,1.25,0.48658772490623503,1.25,33,44,61,69,65,62,60,55,52,60,59,56
0.007598665363430898,0.0006344211221317324,0.9560356524021386,-0.0008959713239479577,0.003942482052793242,-0.707372777461147,0.7068291220497022,-0.002189767846725105,0.0017190283966973014,-0.2842112346702585,0.43578902791184915,-0.15596727076150527,0.009061230477151641,-0.0014924494640046041,0.0017208326182509162,-0.269417370089306,0.41068960738129817,-0.14522335581031004,0.008364743811038244,-1.0361863199006445,-1.1336005818388946,0.004062189249034105,-0.8129531383249822,-2.154490926681143,0.390848215408698,-0.15181395437750675,-0.09381953448355101,-0.771542463066486,-0.8757219767199722,0.12597907681063797,-2.424633763445899,-0.6380797975908066,-0.6743383697464308,-0.5486145102167728,0.14224721383080363,0.38924088631882253,0.8951070992635666,0.6163335292774388,1.1384105173943386,0.3592206297725744,0.9117798107288478,0.5403356890001147,0.685930959208373,0.8606721109142151,0.32435903932080423,0.4767668881049569,0.40618386201877527,1.25,0.6451017913380613,1.25,0.5359385675691641,1.25,0.4722673507534991,1.25,24,37,63,69,62,58,55,45,52,58,59,55
0.007571711050477659,0.0006245159194195629,0.9560284120955197,-0.0009069691236215471,0.004046377498302011,-0.7072650201981265,0.7069363446876201,-0.001967648571835811,0.0011313979062919132,-0.2845144041854411,0.43594651300191617,-0.15592417467781428,0.009018350875003594,-0.0012701950406701623,0.0011333011553759167,-0.26975866998935977,0.41108282155531334,-0.145476006152239,0.008321460037503009,-1.0362824839842792,-1.1330977686655346,0.002185093614819484,-0.8151144575434939,-2.153347602780353,0.3858549223302022,-0.1499437218919777,-0.09470327630437202,-0.770137664066543,-0.8776938544809098,0.12529290794996692,-2.4260036906193805,-0.64283523068852,-0.6803356082134123,-0.5525872763228318,0.14224721383080363,0.38924088631882253,0.8951070992635666,0.6163335292774388,1.1384105173943386,0.3592206297725744,0.9117798107288478,0.5403356890001147,0.685930959208373,0.8606721109142151,0.32435903932080423,0.4767668881049569,0.40618386201877527,1.25,0.6451017913380613,1.25,0.5359385675691641,1.25,0.4722673507534991,1.25,24,37,63,69,62,58,55,45,52,58,59,55
0.007818720309307855,0.0003399265210335805,0.9558299259247588,-0.0007291847675066537,0.0028205342477894517,-0.707749421075165,0.7064575499234904,-0.004432519324877053,0.003203082905840822,-0.2827526687965921,0.4372286143301627,-0.15739215996850336,0.009353081519535764,-0.0037365060409265886,0.003203820637632066,-0.26967026305177405,0.4144228895894463,-0.1470768968353903,0.008657690343017633,-1.113768010495775,-1.120297993676728,-0.03321188751312782,-0.8254392897643875,-2.149011720691892,0.363490788167517,-0.12910482467849202,-0.10698838312805498,-0.7518524258423929,-0.8653311624174078,0.1015490946328793,-2.4062481707105943,-0.6609869291802973,-0.6981318887725513,-0.5795366845920329,0.11590668730641271,0.3799628818214997,0.9924838877009433,0.6391714068858798,1.2520741424526733,0.37872639458627805,0.9681078514227196,0.5785282403293162,0.7167221800451046,0.8820714445199311,0.310978280624172,0.37075477776071913,0.4217604019940491,1.25,0.6914186932556635,1.25,0.5991619503520599,1.25,0.45702406394560113,1.25,20,36,68,76,66,60,53,30,53,61,62,54
0.007791892503396883,0.00031543658039906436,0.9558264635983523,-0.0007710542344766294,0.0030061276254609312,-0.7074944132414102,0.7067121223696816,-0.004049294729348839,0.0022239957144359135,-0.28311402388454016,0.4372992373214334,-0.15737386513045212,0.009368110207465086,-0.003352464171774261,0.0022249632489070173,-0.27002702054153166,0.41486153269370296,-0.14750751959319355,0.008672160388137737,-1.114866121583544,-1.1190047392680136,-0.03516245970289075,-0.8280569809121694,-2.1476620269117714,0.35773615679970117,-0.12609184183547517,-0.10844123664834178,-0.7503220088322279,-0.8646078365963983,0.09951403636582026,-2.4045193142067434,-0.6662218564091393,-0.6981319944386275,-0.5852619484739655,0.11590668730641271,0.3799628818214997,0.9924838877009433,0.6391714068858798,1.2520741424526733,0.37872639458627805,0.9681078514227196,0.5785282403293162,0.7167221800451046,0.8820714445199311,0.310978280624172,0.37075477776071913,0.4217604019940491,1.25,0.6914186932556635,1.25,0.5991619503520599,1.25,0.45702406394560113,1.25,20,36,68,76,66,60,53,30,53,61,62,54
0.007991515910756511,-1.2020192945364814e-05,0.9556429244396544,-0.0007945691260471292,0.0024381284772507176,-0.707450617861551,0.706758125157923,-0.0051226377607954295,0.0020361486451062056,-0.2822623898397097,0.438505745373538,-0.15864605805884724,0.009683624429698051,-0.004426002177087144,0.0020365110669109078,-0.2705909021621334,0.41849017806230565,-0.1498020449989352,0.008988029451135608,-1.1814261835653301,-1.1052453232670163,-0.06540913209650152,-0.8393730156703267,-2.1422826424633428,0.3285948899790571,-0.09927597712199926,-0.12431952553677263,-0.7347070028195082,-0.8464613920339012,0.06594852611697737,-2.3675119130393445,-0.6823692001081239,-0.6981319999999982,-0.6315940123191989,0.10712754154254107,0.3975882550790434,1.0909096539253536,0.6796355740497219,1.309,0.4077227537268437,1.0565428468632312,0.633300791233933,0.7912717897423549,0.9274099846720355,0.3042262300667367,0.2570273172849928,0.4581889141416747,1.25,0.7515404339715477,1.25,0.6769698628699808,1.25,0.4625838975442917,1.25,18,39,75,80,72,65,51,14,55,65,66,55
0.007970734538217054,-1.211055248533306e-05,0.9556368920236268,-0.0008039307113947554,0.002604730784679349,-0.7073179297232093,0.7068903135317558,-0.004817657257491143,0.0013700320940156076,-0.28267874399257664,0.43862159175159343,-0.15857525529971,0.009661335999213625,-0.004120592288383423,0.001370559917527114,-0.2710604772766472,0.4189027815379357,-0.15007660287564065,0.008965121254631732,-1.1817716333446544,-1.1044097256158267,-0.06677607301386786,-0.8418235766340016,-2.141250790414434,0.3235338011670431,-0.0962977996363064,-0.1260647628766248,-0.733695220498745,-0.8463018174938433,0.06469889901389295,-2.3647390562369184,-0.687452602093031,-0.6981319999999999,-0.638603475221956,0.10712754154254107,0.3975882550790434,1.0909096539253536,0.6796355740497219,1.309,0.4077227537268437,1.0565428468632312,0.633300791233933,0.7912717897423549,0.9274099846720355,0.3042262300667367,0.2570273172849928,0.4581889141416747,1.25,0.7515404339715477,1.25,0.6769698628699808,1.25,0.4625838975442917,1.25,18,39,75,80,72,65,51,14,55,65,66,55
0.007955795524588307,-1.0599104321973756e-05,0.9556290763803964,-0.000806129299783744,0.0027304757205951586,-0.7072360505445962,0.7069717557781023,-0.004593109220708222,0.0009056531424775613,-0.2830424720377715,0.4387763820152779,-0.15852081874374332,0.009629551943418978,-0.0038958019639565174,0.0009063097957270555,-0.2715007344611518,0.4193180141925621,-0.15029254419658492,0.008932865890804175,-1.1818772939196978,-1.1038299353460268,-0.06800122977440473,-0.8440313274999319,-2.140329770176307,0.31899220853930005,-0.09369706302096824,-0.12764597683901704,-0.7328820999353605,-0.8466579237041797,0.06385300024643417,-2.362421248971967,-0.6925769519184543,-0.698132,-0.6452083028764436,0.10712754154254107,0.3975882550790434,1.0909096539253536,0.6796355740497219,1.309,0.4077227537268437,1.0565428468632312,0.633300791233933,0.7912717897423549,0.9274099846720355,0.3042262300667367,0.2570273172849928,0.4581889141416747,1.25,0.7515404339715477,1.25,0.6769698628699808,1.25,0.4625838975442917,1.25,18,39,75,80,72,65,51,14,55,65,66,55
0.00822262510886024,-0.00034640805163304266,0.9554745462515981,-0.0008687070844664855,0.002220870392420254,-0.7073468446685109,0.7068626135397197,-0.005608357765098064,0.0014718886524477796,-0.2822555595884084,0.44014988908677777,-0.159871795664036,0.009951759746293512,-0.004911326482320835,0.0014719030347136676,-0.2719549950855139,0.42258529324958793,-0.15223062267867776,0.009255406365781422,-1.2334311335512311,-1.0941726432608576,-0.08882233638422368,-0.8507168623537779,-2.1365920378322407,0.2960247728670709,-0.07151569160758453,-0.1426406479860475,-0.722284588445941,-0.8281491887200765,0.026080209758986953,-2.312048202372547,-0.703346982343199,-0.698132,-0.6969579180464366,0.10110030877016644,0.42398889074287294,1.120139660292884,0.7206207045419918,1.309,0.4350517474731016,1.0868032781678465,0.6841175621155509,0.8487989065389318,0.9762164853212063,0.2921456020365001,0.16328029881963496,0.545621497179596,1.25,0.8300148702775128,1.25,0.772351705065743,1.25,0.5960594530737148,1.25,17,42,77,80,75,69,49,1,59,70,71,62
0.008214839465359223,-0.0003369414159084498,0.955464575816652,-0.0008819095168030296,0.0023951082474690005,-0.7072514735717559,0.7069574519181951,-0.005309061547430482,0.0009844845711696449,-0.28269656299609236,0.4402893069167698,-0.15980895282827523,0.009947089384096844,-0.004611632749985216,0.0009846883154678442,-0.27243484080610153,0.4229403736127213,-0.15242354937525565,0.009250274765558302,-1.2335833846922162,-1.0934814964725876,-0.0897590503068983,-0.8526910568559412,-2.1357516789786946,0.29222165861911426,-0.06906103526809435,-0.14435540288172932,-0.7222213874067178,-0.8281061200646331,0.024608457869015683,-2.308686317751376,-0.7077515094921879,-0.698132,-0.6980732959023218,0.10110030877016644,0.42398889074287294,1.120139660292884,0.7206207045419918,1.309,0.4350517474731016,1.0868032781678465,0.6841175621155509,0.8487989065389318,0.9762164853212063,0.2921456020365001,0.16328029881963496,0.545621497179596,1.25,0.8300148702775128,1.25,0.772351705065743,1.25,0.5960594530737148,1.25,17,42,77,80,75,69,49,1,59,70,71,62
0.008476855454942646,-0.000733177455270965,0.9553438239748733,-0.0010402619307320368,0.0019964681788423107,-0.7074020743937636,0.7068077794657656,-0.005992449176647071,0.001650058411507854,-0.2817897422372,0.4415891954791515,-0.16113673921157826,0.01022185979084453,-0.005295182594726877,0.0016496583945858232,-0.2723503445980219,0.42537816629930875,-0.15402013006776383,0.009525137332433986,-1.2708423712825896,-1.088175248367735,-0.10143611539307683,-0.8550053470009769,-2.133630695840837,0.275803013064637,-0.054994146950628785,-0.15596680629642848,-0.7195103452064048,-0.8108471919118174,-0.02101805250067294,-2.2563856145947283,-0.6991170176494247,-0.698132,-0.6981319996330994,0.08835090547715065,0.4468987195497275,1.1378088500412986,0.7487514152801532,1.309,0.45296451537192495,1.0905832599019383,0.7186565720883211,0.8639359377019682,1.0135049124646434,0.27057942368093957,0.15738541436443906,0.6927531545484459,1.25,0.9256616709070202,1.25,0.8757152346368481,1.25,0.9094516811330277,1.2116346716977469,15,45,79,81,76,71,46,0,67,76,77,78
0.008469111020221954,-0.000721329505571284,0.9553363848369756,-0.000983221972311974,0.0022144519033208214,-0.7072674960541785,0.7069418777400114,-0.005734404538472765,0.0011085751968239656,-0.28239828459444644,0.4416491029151869,-0.16107205504035954,0.010236910182966887,-0.005036702711167941,0.0011084293458336885,-0.2729448931519695,0.4256166859574104,-0.15420036865329692,0.0095397879701791,-1.2708870718778214,-1.087427604913461,-0.1022032314102556,-0.85674755590589,-2.1329039929113867,0.27244798134666903,-0.052937145692824136,-0.15780459185700887,-0.7198387046001847,-0.8102814903317631,-0.024188330541943123,-2.2513213381972883,-0.6994660461388468,-0.698132,-0.698131999981655,0.08835090547715065,0.4468987195497275,1.1378088500412986,0.7487514152801532,1.309,0.45296451537192495,1.0905832599019383,0.7186565720883211,0.8639359377019682,1.0135049124646434,0.27057942368093957,0.15738541436443906,0.6927531545484459,1.25,0.9256616709070202,1.25,0.8757152346368481,1.25,0.9094516811330277,1.2116346716977469,15,45,79,81,76,71,46,0,67,76,77,78
0.008772491034250264,-0.001152475924652962,0.9552645193641611,-0.001054746973158307,0.0022154445395566836,-0.7072644409352468,0.7069448280473288,-0.0059936862031519725,0.0011147866503273011,-0.28224896095449653,0.4426939412417804,-0.16210782479543523,0.010553892820529062,-0.005295436151322426,0.001114528141554002,-0.2732603376545056,0.42743247422037456,-0.15556705133036586,0.00985623291798369,-1.2939570596137935,-1.085353330422072,-0.10710619205835376,-0.8581683727913864,-2.131110720696374,0.25739752547481054,-0.04473275006408534,-0.16774703010831965,-0.7165683473876187,-0.7987600671202874,-0.0726058678296168,-2.1836462024617433,-0.6778280173768444,-0.698132,-0.6981319999999999,0.06876494278431791,0.46325726302300363,1.1632870093822794,0.7607543936119687,1.309,0.4602232001046292,1.0925672105692652,0.7358030531790563,0.8612654792266619,1.0349624178943282,0.2449162070793701,0.19356567087926105,0.7694214717845698,1.1291064813112222,0.9683186173831904,1.25,0.9151579304026679,1.25,1.042269422067374,1.1071756164084576,12,47,80,81,76,72,41,5,68,78,79,82
0.008769251503927966,-0.0011351061212544985,0.955256905850134,-0.0009783229319247201,0.002451433701950865,-0.7071684591242318,0.7070401712610855,-0.005741733878978576,0.000698216828844211,-0.2829195746240751,0.4427468936035099,-0.16202006807281893,0.010570363672968772,-0.005043130372634309,0.0006982482244315129,-0.2738976520759545,0.4275779047979348,-0.15565486049422173,0.009872316689978067,-1.2934149195440097,-1.0847818729605216,-0.10786084370761788,-0.8596842147594892,-2.130512819878782,0.2546855787867343,-0.04352378818042365,-0.1694809149066278,-0.7172470898599288,-0.7989918412767222,-0.07616278463119125,-2.1768200101743735,-0.676396010955938,-0.698132,-0.698132,0.06876494278431791,0.46325726302300363,1.1632870093822794,0.7607543936119687,1.309,0.4602232001046292,1.0925672105692652,0.7358030531790563,0.8612654792266619,1.0349624178943282,0.2449162070793701,0.19356567087926105,0.7694214717845698,1.1291064813112222,0.9683186173831904,1.25,0.9151579304026679,1.25,1.042269422067374,1.1071756164084576,12,47,80,81,76,72,41,5,68,78,79,82
0.009102202408636736,-0.0015711809508570233,0.9552217603821896,-0.0009274839611143957,0.0030161494310672857,-0.7070406009655036,0.7071659149043108,-0.005358940236331531,0.00015134100622186703,-0.28401810792047794,0.4436783543943597,-0.16271843398324243,0.01091788998360193,-0.004658983455278782,0.00015193559635428677,-0.2750719168867436,0.42882355025508656,-0.15669492128866516,0.010218441646892635,-1.3008307228906257,-1.0852259378654359,-0.10826892342613031,-0.8619754125171922,-2.1279355369085167,0.2399411763677248,-0.040518524495902965,-0.1788349052216391,-0.7145006422127826,-0.7990012431859094,-0.12730821938989073,-2.0863453939883394,-0.6454942502968973,-0.698132,-0.698132,0.04833432799998253,0.4748152260287918,1.1911774580956114,0.7607968923792547,1.309,0.45951527710672774,1.094841950543267,0.7389129244734911,0.8564960528863219,1.04202632388251,0.22348866022629554,0.2750144449365973,0.7995255739480837,0.9818900707538956,0.9801831561987376,1.25,0.9202592311002745,1.1899087520823979,1.0492589421228355,1.0009275462759966,8,49,82,81,76,71,38,16,66,79,78,80
0.009100730702917708,-0.0015533592523375684,0.955211018964147,-0.000855131733056777,0.0032003946566634255,-0.7070200147511548,0.7071857782542275,-0.0051782236705720346,-1.938306107161875e-05,-0.284616369936325,0.4438067193149754,-0.16262581316190725,0.010916004336844523,-0.004478103296534302,-1.850276073745463e-05,-0.2756260653313857,0.42891943994200754,-0.15665698182768703,0.01021627529425503,-1.299710734246259,-1.084926008139024,-0.10930812142017522,-0.8632707370335099,-2.1273685179737645,0.23819889904349345,-0.04017914950033712,-0.1802351792297495,-0.7156641487576173,-0.8007548161405069,-0.12993432544621256,-2.0795841057680606,-0.6441097151052654,-0.698132,-0.698132,0.04833432799998253,0.4748152260287918,1.1911774580956114,0.7607968923792547,1.309,0.45951527710672774,1.094841950543267,0.7389129244734911,0.8564960528863219,1.04202632388251,0.22348866022629554,0.2750144449365973,0.7995255739480837,0.9818900707538956,0.9801831561987376,1.25,0.9202592311002745,1.1899087520823979,1.0492589421228355,1.0009275462759966,8,49,82,81,76,71,38,16,66,79,78,80
0.009417972312598484,-0.001991310489569621,0.9551838720765824,-0.0008348601811306562,0.003943948031966361,-0.7069030294281983,0.7072989857674299,-0.004461086142680138,-0.0004846906206599745,-0.28601744825756936,0.4447943858444811,-0.16321838317771054,0.011218101045923707,-0.0037594716506870974,-0.00048309448624306203,-0.2767159314158143,0.42955606080440945,-0.1573040595067495,0.010516885848444485,-1.2925419522176465,-1.0881642165835084,-0.10552805329237276,-0.8648397785473527,-2.1238830880904107,0.22790034372287427,-0.041870737510298635,-0.1867281079705232,-0.7163440233836107,-0.8149268040210029,-0.1783576833890628,-1.990009848991683,-0.6005783603213812,-0.698132,-0.6641063902013009,0.034264879833805835,0.48360685089681515,1.2158649658321459,0.7539350257052838,1.309,0.4534823720142842,1.094782871148087,0.7292261638653511,0.8509548419507502,1.0351630783984302,0.2113986772312682,0.3980460549418415,0.8237595055186101,0.8633350382937992,0.9877961078630116,1.2106881098312205,0.9213108792410637,1.051080062297598,1.0387246932631586,0.9007350181563774,6,50,83,81,76,71,36,34,64,79,74,77
0.009409589110672951,-0.001981382847201225,0.955166788672362,-0.0007519316567955188,0.004114720933571178,-0.7069121216393499,0.7072890186831514,-0.004308993099736603,-0.0005118956117929761,-0.28660222289580667,0.44495108668281486,-0.16316886613029447,0.011207567470282873,-0.0036072916778186704,-0.0005100118855758121,-0.2772219575714667,0.42957682562208926,-0.15722090116359008,0.010506154645074853,-1.2909827261321372,-1.088117318196566,-0.10668253709444749,-0.8658835002143624,-2.123318137795189,0.22695429449786236,-0.042081196468663276,-0.1878908359797896,-0.7181225676582571,-0.8186277163366323,-0.18195176444474354,-1.9834001373938108,-0.5949633739622217,-0.698132,-0.6561119178992941,0.034264879833805835,0.48360685089681515,1.2158649658321459,0.7539350257052838,1.309,0.4534823720142842,1.094782871148087,0.7292261638653511,0.8509548419507502,1.0351630783984302,0.2113986772312682,0.3980460549418415,0.8237595055186101,0.8633350382937992,0.9877961078630116,1.2106881098312205,0.9213108792410637,1.051080062297598,1.0387246932631586,0.9007350181563774,6,50,83,81,76,71,36,34,64,79,74,77
0.009607462987054189,-0.002306444762928414,0.9550755794874283,-0.0005232401598760899,0.005257517870245417,-0.7068195148182242,0.7073741995561535,-0.003139899181474809,-0.0009816424451649067,-0.2896223803321959,0.4464584192780035,-0.16352487026313403,0.011353149499874062,-0.002436965538536693,-0.0009783176149483397,-0.2793428650466968,0.4297330521154018,-0.15724524812273524,0.010650345331622804,-1.2643899600342834,-1.0941145382139092,-0.10232003508832731,-0.868691099616606,-2.117911745831817,0.22084163124238892,-0.04733244927072981,-0.19425171279309655,-0.726470587064708,-0.8560071633350234,-0.23448516738499317,-1.8990643471051285,-0.4981179648035043,-0.698132,-0.5501267407022505,0.031021394858484614,0.49083000072594885,1.2083455638157787,0.7417680213303661,1.309,0.4431893451105252,1.076734438806506,0.7057559447422662,0.8386685094148736,1.0126443167904235,0.2100154165326001,0.5671983831301175,0.8488331324455634,0.7666682934293652,0.9953532962576844,1.044698981472674,0.9229711935051934,0.9096448541746385,1.028615327356587,0.8077939141997743,5,51,82,81,75,70,35,57,63,75,71,74
0.009592850498656777,-0.002298141932062587,0.955050690246766,-0.00045455276731731504,0.00533407851262771,-0.7068508450742517,0.707342366754614,-0.003107554293262958,-0.0008776338568064446,-0.2900708020712784,0.4467372420861289,-0.16354025079207707,0.011330605662967713,-0.002404615574082223,-0.000874098162440438,-0.2796952011706431,0.4298101640450936,-0.15714982913741973,0.010627748852899573,-1.2628016766029697,-1.0942808074985786,-0.10379980900352012,-0.8695077759757333,-2.1172584060939403,0.22073385069487408,-0.0477240638040868,-0.19509469268293733,-0.7281682537457487,-0.860236758122215,-0.2375201343457591,-1.8971299764987641,-0.4854831970285734,-0.698132,-0.533702061074782,0.031021394858484614,0.49083000072594885,1.2083455638157787,0.7417680213303661,1.309,0.4431893451105252,1.076734438806506,0.7057559447422662,0.8386685094148736,1.0126443167904235,0.2100154165326001,0.5671983831301175,0.8488331324455634,0.7666682934293652,0.9953532962576844,1.044698981472674,0.9229711935051934,0.9096448541746385,1.028615327356587,0.8077939141997743,5,51,82,81,75,70,35,57,63,75,71,74
0.009518638150838928,-0.0022982420192381495,0.9548167492614134,-0.00011619723002711288,0.006346821178907743,-0.7068905211439305,0.7072944899233897,-0.0019857196999546727,-0.0007747998290074635,-0.29465183975550996,0.4501718907868765,-0.16419481744190795,0.011171962911421246,-0.001282420454448927,-0.0007697089299077396,-0.28270759746788204,0.4305876751264864,-0.15672710705555049,0.010468641898275224,-1.2152726906535627,-1.10436074158063,-0.10175724214922678,-0.871945605263072,-2.108588286133777,0.22220959444637123,-0.055852728375652264,-0.2017602007755332,-0.7437663860238062,-0.9135064503383056,-0.2881226002228727,-1.8783713757838858,-0.244577463939572,-0.698132,-0.27898048239569856,0.03739622740468642,0.4979090736253303,1.1276671257303952,0.7217396525787377,1.309,0.42898707738827174,1.0235279194798264,0.6701272209977207,0.8110985380587928,0.9747027438076591,0.21913525056646102,0.7368845377234083,0.8747795287182689,0.6852320944692895,1.0028562398192054,0.8842139845297405,0.9252228253198989,0.7773270540778794,1.0188415009987113,0.7255657895448986,6,52,78,80,71,67,37,81,62,72,68,71
0.00916097099413968,-0.0019160389165034258,0.9545955315828286,0.00011450068486687387,0.006221270150867549,-0.7070135648389407,0.7071726110512448,-0.00210570709777521,-0.00029387399783940984,-0.2977371593207711,0.4541066971616728,-0.1652122579123192,0.010798238516757305,-0.0014031410432704867,-0.00028861792750256793,-0.285053350030152,0.4331188441414348,-0.15696952322336563,0.010095518599158491,-1.2066061440511395,-1.1070670597904475,-0.11311005304924292,-0.8751182469968619,-2.101463782366448,0.22365509549672713,-0.058181254897878995,-0.20571921354278555,-0.751117025408646,-0.9204578872000128,-0.2943701612845799,-1.9729779608862241,0.05602336339355396,-0.698132,0.03647462801200163,0.03739622740468642,0.4979090736253303,1.1276671257303952,0.7217396525787377,1.309,0.42898707738827174,1.0235279194798264,0.6701272209977207,0.8110985380587928,0.9747027438076591,0.21913525056646102,0.7368845377234083,0.8747795287182689,0.6852320944692895,1.0028562398192054,0.8842139845297405,0.9252228253198989,0.7773270540778794,1.0188415009987113,0.7255657895448986,6,52,78,80,71,67,37,81,62,72,68,71
0.008762960952687356,-0.001143975832655371,0.9545438187551513,6.652906148152754e-05,0.0065245519400140214,-0.706985580155519,0.7071978614560629,-0.0010794552995130426,-0.000511612255518877,-0.30130393433322555,0.45734733816920803,-0.16528672388861557,0.010261372935189193,-0.00037781319717873277,-0.0005060675997353966,-0.2876311344257912,0.4347726906569394,-0.15648271498248736,0.00955963617065729,-1.1505952657281155,-1.1189132808074196,-0.09919216724273987,-0.8701419609606401,-2.0965152480627043,0.2297334186788422,-0.0655552996738407,-0.20928824002631213,-0.7548557026067078,-0.9333655504939933,-0.2714410098520469,-2.100701865288089,0.4879859202761683,-0.698132,0.4270456740642565,0.046634656561220365,0.5074340073052255,1.021251922868763,0.6899554615706691,1.309,0.4117076720217046,0.9694051022958494,0.6303067399886605,0.7748896057843605,0.9277714859933548,0.2381346953641611,0.87266,0.9016327806170182,0.6417968533197773,1.0103064569840234,0.7452942409178641,0.9280530861415178,0.6747038408155929,1.0093248314528243,0.6668014350215217,8,53,71,80,67,64,40,100,63,69,66,69
0.008500475222283699,-0.0005573758688184052,0.9546072609537485,-0.00026567636083238254,0.005502682643788767,-0.7070831454242811,0.7071089557887786,-0.0018174215343963328,-0.00010196773313943833,-0.3012045523647761,0.4598713767192582,-0.16591999477983818,0.009975719613855122,-0.0011165338626926472,-9.760272565804119e-05,-0.28767908527449515,0.43740180619806934,-0.15695729226851582,0.009274716094140475,-1.1481982330854952,-1.1206425072491906,-0.10178907312009898,-0.868079233505322,-2.0938190477731684,0.23383238659139852,-0.06738217129213353,-0.21202691977159516,-0.7433849331490777,-0.9016857744271198,-0.20551016592438126,-2.230167735917128,0.8992412992987788,-0.698132,0.6981319878685168,0.046634656561220365,0.5074340073052255,1.021251922868763,0.6899554615706691,1.309,0.4117076720217046,0.9694051022958494,0.6303067399886605,0.7748896057843605,0.9277714859933548,0.2381346953641611,0.87266,0.9016327806170182,0.6417968533197773,1.0103064569840234,0.7452942409178641,0.9280530861415178,0.6747038408155929,1.0093248314528243,0.6668014350215217,8,53,71,80,67,64,40,100,63,69,66,69
0.008166143252205157,-0.00010835335002099596,0.9547855605888824,-0.0005996582269434767,0.0064404355704448975,-0.7061535531210973,0.7080291806233147,0.0005593376928891741,-0.0034875674747704994,-0.30311706876756417,0.45952667066955655,-0.16480724176158557,0.00962888493847875,0.0012574400681795333,-0.0034831540541690885,-0.28850029645677366,0.43659666058700675,-0.15672635604265614,0.008929190951498385,-1.0895142881910866,-1.127946046335162,-0.07866272067027498,-0.8623811805232201,-2.0920348494811325,0.2333728213153524,-0.07148836694055175,-0.21130464793138998,-0.750443468212371,-0.8959621002924136,-0.17258735034229736,-2.269826216844273,0.9696927154922803,-0.698132,0.6981319999984835,0.05218864330691672,0.5225852018151419,0.951895243654849,0.6471742651050495,1.2703058867255912,0.3929122387602702,0.9190477457065876,0.5986202525121185,0.7265691531519313,0.8842670774455863,0.266147596377813,0.87266,0.9237610422581833,0.629128799823197,1.016481187531484,0.6579850962912902,0.9286424140167462,0.6327020036741587,0.9940527641655609,0.6527240456072485,9,55,66,77,64,61,45,100,64,67,65,68
0.008166552698352873,-4.7437845263531355e-05,0.9547925682416603,-0.0006477221762660842,0.00616695528891999,-0.706562744492819,0.7076232311147092,0.00023872057144442248,-0.0026122014971089944,-0.3026540780768223,0.4598028941480264,-0.16487063947261882,0.009533701154559522,0.0009376649395595803,-0.002607662127497825,-0.288267650068294,0.43671492369781234,-0.1565129673470384,0.008834352453822875,-1.0877083303862052,-1.1295304632845538,-0.07699977792228609,-0.8607290180585634,-2.0924644231530003,0.23482863914147428,-0.07216528828502493,-0.21209696630118324,-0.7506791985577763,-0.8913784073094935,-0.16501832004751088,-2.2783302283015416,0.990640352428023,-0.698132,0.6981319999999241,0.05218864330691672,0.5225852018151419,0.951895243654849,0.6471742651050495,1.2703058867255912,0.3929122387602702,0.9190477457065876,0.5986202525121185,0.7265691531519313,0.8842670774455863,0.266147596377813,0.87266,0.9237610422581833,0.629128799823197,1.016481187531484,0.6579850962912902,0.9286424140167462,0.6327020036741587,0.9940527641655609,0.6527240456072485,9,55,66,77,64,61,45,100,64,67,65,68
0.007593736726623812,0.0006318193464692023,0.9550023860467394,-0.0008630144934548794,0.007118901957783719,-0.7058524407285184,0.7083226018972508,0.0027490150243527902,-0.00510618364041635,-0.3049825121858614,0.45925794971510303,-0.16326026909140662,0.008885508858789113,0.003442571190833565,-0.005101362559602462,-0.2893875484575427,0.43519714890528016,-0.15531884267091312,0.008189954136376604,-1.0121021921992723,-1.1395187665048798,-0.04748087780288162,-0.8517862296399171,-2.0919489470563892,0.2383375332646707,-0.07771593235732606,-0.21321558322320686,-0.7594927365970762,-0.8988726141266944,-0.10964122324205522,-2.3457975865305234,1.024957916406372,-0.698132,0.698132,0.05579655303005436,0.5453544443507483,0.9798990689563905,0.6028963266327971,1.189340097632159,0.37435877794633227,0.8887383055565766,0.5853330696433319,0.6748466349283447,0.8575127682621325,0.30234448588040647,0.87266,0.9014418765034351,0.6402944738996607,1.012690890901513,0.6337052014749125,0.9073124485221506,0.6768484141339809,0.9321514857443435,0.6984598052438142,9,58,67,72,62,57,51,100,63,66,65,66
0.007602253496256061,0.0006699956052634541,0.9550086620520979,-0.0008897371177423489,0.006635338000174339,-0.7064080131587763,0.7077731978554666,0.0020616918780957563,-0.0036769771656824037,-0.3041288267524317,0.4596026943397896,-0.16341255836983942,0.008758133430094664,0.002757430591153895,-0.003671862617535338,-0.2888507230813707,0.43531179583961876,-0.1549851596179292,0.008062599789004025,-1.0102799149348636,-1.1416004848940995,-0.044759306612832325,-0.8490664099850878,-2.092675763018807,0.24117551949301796,-0.07866545529108586,-0.21461659731802415,-0.7593964612284643,-0.8968980376053057,-0.10001093877953218,-2.3573921182053623,1.0380521821139919,-0.698132,0.698132,0.05579655303005436,0.5453544443507483,0.9798990689563905,0.6028963266327971,1.189340097632159,0.37435877794633227,0.8887383055565766,0.5853330696433319,0.6748466349283447,0.8575127682621325,0.30234448588040647,0.87266,0.9014418765034351,0.6402944738996607,1.012690890901513,0.6337052014749125,0.9073124485221506,0.6768484141339809,0.9321514857443435,0.6984598052438142,9,58,67,72,62,57,51,100,63,66,65,66
0.006721490291645306,0.0013852485128595395,0.9552650961043301,-0.0010116622090189625,0.007472586641914296,-0.7056621724766045,0.7085083170464913,0.004605930221024623,-0.006093232828945893,-0.30631353054580074,0.4587508337136406,-0.16162259976027615,0.007845764603848624,0.00529416272399267,-0.00608813508927673,-0.2897146454985636,0.4333358232542576,-0.15348346071115318,0.007155440938216299,-0.9205249418790497,-1.152520674695727,-0.010154806031344655,-0.8377134484333428,-2.092948300270924,0.24792882418185955,-0.08440844298076151,-0.2173002887128873,-0.7639320516179219,-0.9167831912673139,-0.02150448366077444,-2.445612569803679,1.026444569186681,-0.698132,0.698132,0.06870958094044465,0.5753221664865115,1.0757585728618384,0.5704024847508674,1.2253058008220337,0.35733822236112844,0.983295863653207,0.5934521406107455,0.6792860195071325,0.8548944951314607,0.3452131582481361,0.87266,0.7880607853444133,0.6849191656610532,0.9905772551194796,0.6920224113705746,0.8373787110976497,0.7993949447802181,0.7747768051548042,0.7915444712580403,12,62,71,74,67,57,58,100,58,66,64,60
0.006724248068232596,0.0013710151888069954,0.9552736441012643,-0.001027916287719325,0.006827725857839776,-0.7063219954900034,0.7078570224520866,0.0036639109747771542,-0.0043000061472684495,-0.3050439382153183,0.45907687633802,-0.16190382582501134,0.007675068010040773,0.004355657304052626,-0.004294513133445161,-0.28885669581717,0.43343553047571176,-0.15316021263362745,0.0069842764821061495,-0.9187821014228569,-1.1547800721752501,-0.006528214925752101,-0.8341811257361441,-2.0938886337910416,0.25187545875495315,-0.08536345740877044,-0.21922060410133037,-0.763713384057973,-0.918240475988757,-0.010819628492841142,-2.4594906809738397,1.028793762562499,-0.698132,0.698132,0.06870958094044465,0.5753221664865115,1.0757585728618384,0.5704024847508674,1.2253058008220337,0.35733822236112844,0.983295863653207,0.5934521406107455,0.6792860195071325,0.8548944951314607,0.3452131582481361,0.87266,0.7880607853444133,0.6849191656610532,0.9905772551194796,0.6920224113705746,0.8373787110976497,0.7993949447802181,0.7747768051548042,0.7915444712580403,12,62,71,74,67,57,58,100,58,66,64,60
0.00554787309968237,0.0019753215229726014,0.9555747754458727,-0.001147479015873657,0.007241318535207065,-0.7054435452001226,0.7087281927038468,0.005909604200491101,-0.00703367559586301,-0.3061869378214857,0.45795957176783747,-0.16029569047196726,0.006496277194418696,0.006592030666768074,-0.007028707458813303,-0.2887034590351802,0.431408163392879,-0.15196382840541228,0.005811692974603407,-0.8163020141313626,-1.1653125118915062,0.030990532368533188,-0.8210686055926275,-2.0950391080506474,0.2605457091022931,-0.09004751405354129,-0.22314273766050075,-0.7667172582015326,-0.9394726924240668,0.07427905049599592,-2.5528031746647644,0.9618897716850202,-0.698132,0.6621006105706753,0.10282767858415777,0.6101807375186757,1.1913078516440279,0.5564887025006762,1.309,0.3425414954956457,1.14440621206713,0.6190967432758425,0.722655653730062,0.8745435951099843,0.3893730601030761,0.87266,0.699004435236899,0.7653200353088457,0.9833864113348003,0.7959534696545507,0.7546925335072344,0.950061644375935,0.6244671475641678,0.8894631233416375,17,66,77,78,76,60,66,100,55,69,63,54
0.005563904606142245,0.0019108893104624678,0.9555846426678609,-0.001125585683981834,0.006496655625117107,-0.7062088783347391,0.7079728431823814,0.0047431115927515305,-0.0049584131226103195,-0.3045807054182653,0.45813963475994024,-0.16069070319805667,0.006299196281797985,0.005430575108751393,-0.004952944703157867,-0.28765311887525774,0.43145437448407364,-0.15170437269341433,0.005613568893241539,-0.8143650232186267,-1.167558167409872,0.03512284544175541,-0.8170760420001769,-2.0962186580422184,0.26520169424960344,-0.09076469123647632,-0.2254537146054464,-0.7670397204633418,-0.9417155979994524,0.0838839986232333,-2.5659312221523103,0.9474721694923306,-0.698132,0.6503984579417891,0.10282767858415777,0.6101807375186757,1.1913078516440279,0.5564887025006762,1.309,0.3425414954956457,1.14440621206713,0.6190967432758425,0.722655653730062,0.8745435951099843,0.3893730601030761,0.87266,0.699004435236899,0.7653200353088457,0.9833864113348003,0.7959534696545507,0.7546925335072344,0.950061644375935,0.6244671475641678,0.8894631233416375,17,66,77,78,76,60,66,100,55,69,63,54
0.005620255050860981,0.0018320248796505625,0.9555969265950441,-0.0010855036645869675,0.005937171797990002,-0.7066114601602915,0.7075760143214117,0.003738110956158064,-0.0033178943499980167,-0.30325545859707076,0.4580472547110904,-0.16113239998124393,0.00625868996010362,0.004428308778690501,-0.003312744513125077,-0.28673012443356866,0.4314240348148373,-0.15163593024003216,0.005571119755082863,-0.8142938544599477,-1.1688470898566992,0.03882936834319095,-0.8137202388313287,-2.097087657928533,0.2696349549939182,-0.09142036944859624,-0.2274629583819932,-0.7675384519538928,-0.9422297821433288,0.08952168946330587,-2.574542550567342,0.9349180644509789,-0.698132,0.6393398118124497,0.10282767858415777,0.6101807375186757,1.1913078516440279,0.5564887025006762,1.309,0.3425414954956457,1.14440621206713,0.6190967432758425,0.722655653730062,0.8745435951099843,0.3893730601030761,0.87266,0.699004435236899,0.7653200353088457,0.9833864113348003,0.7959534696545507,0.7546925335072344,0.950061644375935,0.6244671475641678,0.8894631233416375,17,66,77,78,76,60,66,100,55,69,63,54
0.004726073635035327,0.002139324479988268,0.955939601482185,-0.0009990608740765166,0.003990354393996493,-0.707194111741335,0.7070074732756104,0.001616390354055497,4.019227093264051e-05,-0.29678310626622334,0.4529642752222912,-0.16053847981302355,0.005334705575550769,0.002308235000346925,4.2269289559071e-05,-0.281675266201924,0.42773052148444235,-0.15032986495462508,0.004643491435912319,-0.7049141256629263,-1.1807538881201542,0.10115166134946571,-0.7828217470805537,-2.105402434484243,0.3056859383228766,-0.09694200292752936,-0.24414153471062366,-0.7975395349088973,-0.9377987208708839,0.17279432254888494,-2.6179899999999994,0.6088803282590151,-0.698132,0.37756944747339544,0.16004189275243702,0.6469563869278767,1.309,0.5582928144418776,1.309,0.33096497091326266,1.309,0.6565489433896403,0.7852475938428788,0.908380886730344,0.42394206355904196,0.7866407854649906,0.6877744108709144,0.8299422384006909,0.9820927907465148,0.8883332408171276,0.6817521348336154,1.0659215044985166,0.5620893768038633,0.9490704195338497,27,71,83,78,86,64,72,88,56,71,62,53
0.00484636861666923,0.0021115966182205415,0.9559842302627554,-0.0008955523916700358,0.003606139903510924,-0.7071831627592915,0.7070206277405733,0.0006954564994645547,0.00022634560964199197,-0.2948669232499512,0.450736345105083,-0.15990758426317644,0.005604168021247414,0.0013879462873523905,0.0002279948789192793,-0.28067167890583344,0.42700689644532125,-0.15020358595534292,0.004911884602710496,-0.7088576127625359,-1.1800548810288836,0.10997079552314529,-0.7781345772299666,-2.1080864778164563,0.3132702460910628,-0.09806193052353696,-0.246863415726065,-0.7947247989643254,-0.9328342747679053,0.16159245335490544,-2.612732277136501,0.5341477777784696,-0.698132,0.30756381640035524,0.16004189275243702,0.6469563869278767,1.309,0.5582928144418776,1.309,0.33096497091326266,1.309,0.6565489433896403,0.7852475938428788,0.908380886730344,0.42394206355904196,0.7866407854649906,0.6877744108709144,0.8299422384006909,0.9820927907465148,0.8883332408171276,0.6817521348336154,1.0659215044985166,0.5620893768038633,0.9490704195338497,27,71,83,78,86,64,72,88,56,71,62,53
0.00361906007021891,0.0026411047962331875,0.9562566892341351,-0.0007948204155950788,0.0026917122505620656,-0.7071399154210204,0.7070680751978681,0.0006492507287427389,-7.800553022070257e-05,-0.2908054463453672,0.44516432206639467,-0.15721964473545158,0.004186764037213277,0.001340041702851355,-7.708703450284772e-05,-0.2781368588381475,0.42404557232182216,-0.14864343750578918,0.0034963468370680516,-0.5894239884672713,-1.1868081870533502,0.15972023923033135,-0.7569164769490714,-2.1183647321105714,0.3259448363514334,-0.09613430138902679,-0.25687265701905504,-0.8152345202403325,-0.9410863935351181,0.204414430691611,-2.616173526449737,0.1981824149101573,-0.6867280234503295,0.06331016403255604,0.22816308829544935,0.6821187063364118,1.309,0.5877321294199531,1.309,0.35728988546749446,1.309,0.7029227954007352,0.8668460298835735,0.9476313519323493,0.4386369853692559,0.7182524760066069,0.580818121034579,0.8657778272948293,0.8986287373617781,0.9248713072819008,0.6112904527636788,1.114116249791571,0.5333344665120185,0.9592256090599327,38,75,84,79,87,70,74,78,51,66,59,51
0.003710711861075924,0.002628074945048968,0.9562755360389362,-0.0007594921002704386,0.0025245743936594626,-0.7071343877037792,0.7070742587753288,0.00020591150922504999,6.270078649570906e-05,-0.28960716960000005,0.443619880050381,-0.15671178130413288,0.0043754918253527215,0.0008969564486865124,6.342147169681202e-05,-0.2776623814048493,0.4236947480879866,-0.14855752387601592,0.0036845915014298808,-0.5906579814207736,-1.1860442444299966,0.1638152207485705,-0.7549721022618251,-2.120279508158758,0.32921171983060793,-0.09602727443883939,-0.2582179698914681,-0.8117516933026393,-0.9426508099132294,0.19223934146459298,-2.6070885364466507,0.14319903111224458,-0.6771218213287262,0.014971899649337652,0.22816308829544935,0.6821187063364118,1.309,0.5877321294199531,1.309,0.35728988546749446,1.309,0.7029227954007352,0.8668460298835735,0.9476313519323493,0.4386369853692559,0.7182524760066069,0.580818121034579,0.8657778272948293,0.8986287373617781,0.9248713072819008,0.6112904527636788,1.114116249791571,0.5333344665120185,0.9592256090599327,38,75,84,79,87,70,74,78,51,66,59,51
0.002347996680424875,0.0031076775774596423,0.9564926131027647,-0.0006730776969112165,0.0012695096912142426,-0.7070664423396957,0.7071456578588614,-0.00016779108485817418,-0.0005560791026198008,-0.2856086341229039,0.4393325415956222,-0.15472050964128353,0.0028181171374760954,0.0005218830561708703,-0.0005563220620944818,-0.27536077476742477,0.42235801162977354,-0.14791780494200008,0.0021289528505830106,-0.4651587224935201,-1.1918476536566656,0.20631302734152338,-0.7346003172247787,-2.1321043313729118,0.3285160547188181,-0.08783443864815484,-0.2693464976649013,-0.8275165471108943,-0.9345935344902015,0.2090710749247011,-2.6122027408381334,-0.09753133352162781,-0.5487528272582316,-0.13696713456530227,0.2851046994878596,0.7109436654177854,1.309,0.6444504170079245,1.309,0.4059184148928394,1.309,0.7583792448460998,0.9666753200792676,0.9858179865953863,0.4323237978522345,0.6967491731373495,0.5506368578648344,0.8790414831252988,0.8768873279493175,0.9011091469348349,0.5908042666959599,1.1050266099537696,0.5208559208656197,0.9420467782915117,48,79,85,80,88,76,73,75,50,64,58,50
0.0023837428474528725,0.0031094881103112034,0.9564984918385404,-0.0006477348397795229,0.001213586092042872,-0.7070950247451623,0.7071171993587846,-0.0003479168299291767,-0.0003155724165464414,-0.28520578391454077,0.43878297307730063,-0.15456228324062105,0.0028925187874517854,0.0003418418973571547,-0.00031591806601652937,-0.2752766163003754,0.42228475807432575,-0.14786738650571024,0.00220307651301793,-0.46561777049822217,-1.1915137616211038,0.20782273976084772,-0.7339977457128256,-2.1327933761859152,0.3293357545543835,-0.08741230779035852,-0.27006561063110035,-0.8270603488616473,-0.934372682267516,0.20480757404944896,-2.60841159359028,-0.11449870981382701,-0.5401806155592075,-0.1503685475652263,0.2851046994878596,0.7109436654177854,1.309,0.6444504170079245,1.309,0.4059184148928394,1.309,0.7583792448460998,0.9666753200792676,0.9858179865953863,0.4323237978522345,0.6967491731373495,0.5506368578648344,0.8790414831252988,0.8768873279493175,0.9011091469348349,0.5908042666959599,1.1050266099537696,0.5208559208656197,0.9420467782915117,48,79,85,80,88,76,73,75,50,64,58,50
0.0008825705185656237,0.0035348508021293278,0.9566408510374581,-0.001083299290861575,0.0006405750961413488,-0.7060913299500242,0.708119657893775,0.0013324208228198012,-0.00504644150210715,-0.28349659031092705,0.43720647057456463,-0.15298660986491872,0.0013782376278405862,0.002017744143621513,-0.005047518334046527,-0.2733123436779472,0.4218261004575134,-0.1482070299315882,0.0006936347134539305,-0.34223837462797035,-1.197893434451085,0.2421831783598667,-0.7152570552860184,-2.143444315933208,0.31738650231161325,-0.07850361260994633,-0.2798414747585472,-0.839659668164541,-0.9288953878857406,0.22333790734239758,-2.61798994013496,-0.22019712825144352,-0.46265759841667325,-0.20751110778634774,0.3102449630856541,0.7294629177783842,1.309,0.7098280335066182,1.309,0.46980812075091527,1.309,0.821865011702094,1.0530546667267804,1.0192869002971738,0.4120766346255762,0.7215439139031267,0.5725915290585962,0.8782058020261515,0.8582511908887125,0.8396026707170647,0.605453879758792,1.0697311393765998,0.5403961733853427,0.9272969309697375,52,81,87,81,90,82,70,79,51,62,58,51
0.0009493077009147826,0.00353259701876585,0.9566468483227992,-0.000890760545569172,0.000407825638784267,-0.7065117439279508,0.7077006400419479,0.0005952033393914742,-0.0035046437320852882,-0.2828802718949277,0.43663621285693355,-0.15302562801579442,0.0013146839773393816,0.0012825356572602102,-0.0035055507105970778,-0.27334747575470075,0.42172521650240546,-0.14797193696543148,0.0006289714129733437,-0.34091969753827434,-1.197894929032547,0.24411113747056018,-0.7136246754907508,-2.1452769121535953,0.31749762348806165,-0.07677740055600447,-0.2821480025740009,-0.8402053028584365,-0.9296385827978462,0.22068956938824258,-2.6161489051427678,-0.239598453611077,-0.4488276203863265,-0.2191980678828392,0.3102449630856541,0.7294629177783842,1.309,0.7098280335066182,1.309,0.46980812075091527,1.309,0.821865011702094,1.0530546667267804,1.0192869002971738,0.4120766346255762,0.7215439139031267,0.5725915290585962,0.8782058020261515,0.8582511908887125,0.8396026707170647,0.605453879758792,1.0697311393765998,0.5403961733853427,0.9272969309697375,52,81,87,81,90,82,70,79,51,62,58,51
-0.0002564072735967358,0.003902666996576892,0.9567497993810579,-0.0013041388887627167,-0.00037002879667155777,-0.7060050630391321,0.7082054880213494,0.0015108372524649354,-0.0055951555616824845,-0.280455427406766,0.4350105995935957,-0.15208643914177844,1.9245426278118987e-05,0.0021952630455877187,-0.005597063832766935,-0.27126982710989883,0.42142936767020295,-0.1481842984435248,-0.0006631247440741367,-0.22043099722269524,-1.2043950688058451,0.2781510994851921,-0.6905508869300092,-2.161235737696975,0.29875677074023654,-0.062092358545978554,-0.299386576915179,-0.8554756737653928,-0.9264982691915279,0.23109397968363388,-2.616754122132264,-0.33330587444956455,-0.36937841370136637,-0.267091768707179,0.29694335507059977,0.7405268740660416,1.309,0.7857116158044603,1.309,0.5442254606708032,1.3075637269738871,0.8872797775339163,1.0696598863098872,1.0474544374825525,0.3854534520288248,0.7766664120494147,0.6692122408640091,0.8631645807124032,0.9065473310846615,0.7609014114215105,0.6493310906347864,1.031303832536359,0.5646782585899316,0.928965029402331,50,83,89,83,91,83,65,87,56,63,59,52
-0.00018486801310458033,0.003914495169338289,0.9567580360934598,-0.0010815185956054305,-0.0005643573523091467,-0.706442887766509,0.7077690005520304,0.0007738405615669024,-0.0038950194475622,-0.2799263100256376,0.43435236448192505,-0.15209163983679977,-1.2194860705967245e-05,0.0014605912640080574,-0.003896833047493298,-0.27144444169363213,0.42129558235608344,-0.14788218187915741,-0.0006964043117454231,-0.21885604690392868,-1.2038214661709274,0.28031620426022175,-0.6889823432304613,-2.1636081129857256,0.29780536182508005,-0.05937776258082338,-0.30278538762852925,-0.8559675706353498,-0.9277507140245643,0.22802439071906988,-2.614041887489478,-0.3502461335878861,-0.3556965191688175,-0.2763573053676886,0.29694335507059977,0.7405268740660416,1.309,0.7857116158044603,1.309,0.5442254606708032,1.3075637269738871,0.8872797775339163,1.0696598863098872,1.0474544374825525,0.3854534520288248,0.7766664120494147,0.6692122408640091,0.8631645807124032,0.9065473310846615,0.7609014114215105,0.6493310906347864,1.031303832536359,0.5646782585899316,0.928965029402331,50,83,89,83,91,83,65,87,56,63,59,52
-0.0012245101152644523,0.0042459325466164925,0.9568237994850642,-0.001955770669387791,-0.0009720046652624938,-0.7052599331548495,0.7089454540755836,0.0027101422056482073,-0.007399826979984363,-0.277977283376969,0.433371689604488,-0.15117379010889762,-0.0009055252782871011,0.003390247953198262,-0.007403628177274527,-0.26911214432275393,0.4213217589747123,-0.14835876018468155,-0.0015867271657659101,-0.10943734634116838,-1.20888167168046,0.31028318786354153,-0.6673597646754112,-2.1784539658934645,0.2760506298366252,-0.04473821686147167,-0.318447281475896,-0.86672055689395,-0.9275731732213991,0.23668520782767055,-2.615897797822133,-0.4113069367983506,-0.29907809321822415,-0.3027272855328667,0.25460714775106863,0.7563749523663408,1.166200278063123,0.8684346896552626,1.309,0.6180215157368588,1.135321825670377,0.9463134363608758,1.0316450269518314,1.0727697226977368,0.35770625994049654,0.8366048233806692,0.858523776411289,0.8345416347653016,1.074273088228881,0.6772965885059542,0.7074602063969612,0.9949811222479892,0.5532761273064076,0.9410875278813232,43,85,83,85,83,82,61,95,65,71,62,52
-0.0011850310725154793,0.004258035472191049,0.956830767751673,-0.001664757195339743,-0.0011995069229491242,-0.7060200404924456,0.7081888817184768,0.0018954358838919449,-0.005422546062210319,-0.27740341253472844,0.4327560238981633,-0.151234227773376,-0.0010636068565707168,0.002580086719851613,-0.00542572615963429,-0.2693890325145319,0.4210849770806264,-0.14803482929238482,-0.0017461083403808365,-0.10538835758777844,-1.2084209999921713,0.3124947538951656,-0.6648890014649308,-2.1819049105794526,0.27344263681446557,-0.04074498186030075,-0.32294718603452743,-0.8671826289211021,-0.9300237325988734,0.23463722176526175,-2.6126494535293503,-0.42641387123505925,-0.2853127333322711,-0.30947493788587654,0.25460714775106863,0.7563749523663408,1.166200278063123,0.8684346896552626,1.309,0.6180215157368588,1.135321825670377,0.9463134363608758,1.0316450269518314,1.0727697226977368,0.35770625994049654,0.8366048233806692,0.858523776411289,0.8345416347653016,1.074273088228881,0.6772965885059542,0.7074602063969612,0.9949811222479892,0.5532761273064076,0.9410875278813232,43,85,83,85,83,82,61,95,65,71,62,52
-0.0020570609187011086,0.004599646203700826,0.9568622808584328,-0.002543551101322438,-0.0017358269609064783,-0.7053051769278222,0.708897118523816,0.0034362551274408825,-0.007413776399826134,-0.27513057786510436,0.43194872689217323,-0.1506252038822141,-0.0019267209391491038,0.004116428530237078,-0.00741884635638523,-0.26706326204854275,0.42116942071324165,-0.14834986175353035,-0.002606859122425439,-0.004266599558645345,-1.210581495329792,0.3398624302005227,-0.6432316102306732,-2.1962454842202592,0.2499269980761116,-0.023074855208136128,-0.3364164365958531,-0.877176891477503,-0.9330656580446469,0.2411213587432673,-2.613685691756868,-0.4770745168733377,-0.23488440922205556,-0.3283887974448947,0.1987784457561925,0.7883436246763453,0.9711076360745848,0.9515151196704108,1.309,0.6851803454569677,1.0517680274555028,0.9964039408341538,0.9331608271040643,1.0997262806349117,0.33298051204005075,0.87266,1.0250879820317214,0.8049799373000762,1.2360795088550844,0.6024720545449297,0.7683339047677745,0.955959085738485,0.5633023457274143,0.9494634502281064,34,89,75,86,80,77,56,100,74,80,64,53
-0.0020210347949276793,0.00460710034842311,0.9568701902129526,-0.0022686251886014034,-0.001926436700243661,-0.7060278426537856,0.7081778220044977,0.002703097185107822,-0.005423988486922016,-0.2746039676247542,0.431343086941189,-0.150710947997217,-0.002070065733176897,0.003387699694315436,-0.005428505950763024,-0.26734461798626385,0.42091514706623834,-0.14802830905609415,-0.0027519491336778683,-0.00025424465594291526,-1.2096576978582083,0.3417422901599229,-0.6409588226859653,-2.1997978002204626,0.2467365547432806,-0.01844482825943388,-0.34024114912502323,-0.877593858670148,-0.9358247014907416,0.23920401577188447,-2.6101047557287256,-0.4894154140565871,-0.22278767713940834,-0.33321443755618047,0.1987784457561925,0.7883436246763453,0.9711076360745848,0.9515151196704108,1.309,0.6851803454569677,1.0517680274555028,0.9964039408341538,0.9331608271040643,1.0997262806349117,0.33298051204005075,0.87266,1.0250879820317214,0.8049799373000762,1.2360795088550844,0.6024720545449297,0.7683339047677745,0.955959085738485,0.5633023457274143,0.9494634502281064,34,89,75,86,80,77,56,100,74,80,64,53
-0.002788912946166683,0.00494281950597168,0.9568822708915623,-0.0031017092569455146,-0.0025575701393432916,-0.705504331101473,0.7086942055863938,0.0038970391386044948,-0.006673409445067652,-0.27221889875664507,0.43063054362134356,-0.15024443395958487,-0.002821389049627674,0.004578809762275381,-0.006679729440579093,-0.2650775124976181,0.42109932052830207,-0.14825643244130132,-0.0035025299486373153,0.08800141680548372,-1.2078619075262786,0.3657590674624183,-0.6217511605483763,-2.2106151606211606,0.22609237883277086,0.0002835426734215324,-0.34556155366940494,-0.885677862253929,-0.939135033266545,0.24345277183083808,-2.6053610551619117,-0.5304005976800822,-0.18205256462982716,-0.3469749142500304,0.1420437957064837,0.8330832376423352,0.9498510267684506,1.035442226358994,1.309,0.7530649965264573,0.9934577988768486,1.043882176109387,0.8266505037981985,1.1334239546417582,0.3118920128474686,0.87266,1.1058722045230682,0.791348191530361,1.309,0.5506900293204964,0.8742737323010409,0.9113741700307456,0.6416002943394178,0.9459865100120384,24,95,76,88,78,72,53,100,78,83,69,57
-0.002761472276113629,0.004938141265645668,0.956889900766725,-0.0028859880081549016,-0.0027153730962793015,-0.7061384477443741,0.7080627023359795,0.0033117880142937853,-0.004881908416078599,-0.2716877000490078,0.4300709968362467,-0.15034723208681888,-0.002947136213891196,0.003997163896687098,-0.004887878173287577,-0.2652728464929686,0.4208738116274164,-0.1479974013868346,-0.0036299720432178724,0.09158818821966921,-1.2067990300464113,0.36722436019630844,-0.6197924449285311,-2.213949883037847,0.22328160068147815,0.00497775143359244,-0.3473386558580753,-0.8860673103333422,-0.9416953920612121,0.24178247146298648,-2.6014523995708925,-0.5402614728003975,-0.17219466334628047,-0.3505805839667803,0.1420437957064837,0.8330832376423352,0.9498510267684506,1.035442226358994,1.309,0.7530649965264573,0.9934577988768486,1.043882176109387,0.8266505037981985,1.1334239546417582,0.3118920128474686,0.87266,1.1058722045230682,0.791348191530361,1.309,0.5506900293204964,0.8742737323010409,0.9113741700307456,0.6416002943394178,0.9459865100120384,24,95,76,88,78,72,53,100,78,83,69,57
-0.0034365139668510775,0.00524021270133182,0.9568752524001538,-0.0036938829967108466,-0.003382402629308708,-0.705762029470596,0.7084312756636344,0.0043056399668012085,-0.0056599235960610155,-0.2692378391734256,0.42947470685799255,-0.15005045536642508,-0.003610589569337496,0.004989350737079821,-0.005667592462673623,-0.26305504775560246,0.42115743281559764,-0.14825160428725584,-0.004293509919114666,0.16509394897149327,-1.2025475916534378,0.38677985204046855,-0.6039347355510025,-2.221728435224303,0.2083301314951605,0.022401956684123668,-0.3435809948720842,-0.8937651193368746,-0.9450126051672564,0.24474856640844583,-2.5963487300217833,-0.5723057970209898,-0.1392903841880539,-0.36288205520080213,0.09235224732027283,0.8727,0.9385869859353446,1.1276047127563438,1.309,0.8334446080639607,0.9157005707204056,1.0974069387718752,0.762302745004583,1.1770172179017457,0.2899493320656679,0.8557379778523646,1.056432768947308,0.7987855107120068,1.309,0.5268319369510945,0.9886211948135994,0.8655548003963631,0.7069992125816319,0.933138731235734,16,100,77,90,75,70,49,98,75,83,74,60
-0.003414511460379137,0.0052262467482560495,0.9568825938735785,-0.003523181981663243,-0.003511695945802589,-0.7062905395243563,0.7079046044197627,0.0038376603402774053,-0.004136956410665457,-0.2687334939225564,0.4289629016890604,-0.1501591317153866,-0.003719784057728784,0.00452404436672906,-0.0041444232801703205,-0.2631811117923169,0.42096285351178414,-0.14806486138798183,-0.0044041190032178094,0.16806229232721193,-1.201629678045303,0.38783848513393404,-0.6022577415494602,-2.2248088739360403,0.20646841755344653,0.02662126796420142,-0.34305481892318973,-0.8941181492525135,-0.9472571449468462,0.24350487297342763,-2.5928565003051567,-0.5799663005859655,-0.13133139971595398,-0.3660286688099654,0.09235224732027283,0.8727,0.9385869859353446,1.1276047127563438,1.309,0.8334446080639607,0.9157005707204056,1.0974069387718752,0.762302745004583,1.1770172179017457,0.2899493320656679,0.8557379778523646,1.056432768947308,0.7987855107120068,1.309,0.5268319369510945,0.9886211948135994,0.8655548003963631,0.7069992125816319,0.933138731235734,16,100,77,90,75,70,49,98,75,83,74,60
-0.003966731915906209,0.0054916573304271245,0.9568562537434325,-0.004202317689054825,-0.004194375777808597,-0.7060424436026964,0.7081446289914278,0.004468343213388429,-0.004529637360182606,-0.2663882831299208,0.4283899967264142,-0.14997166833766243,-0.0042641622736841415,0.005154060079509345,-0.004538545968142176,-0.2611915464294147,0.4212968340490645,-0.14832404127724502,-0.004949111373277335,0.22569752179333305,-1.197102937524881,0.40246587055489685,-0.5895880466656495,-2.2316308492884067,0.1976575099998956,0.04073078238730795,-0.3337391223784129,-0.9011033464561061,-0.9488889407977839,0.24453017967614676,-2.587897537952686,-0.6046711474301059,-0.1062320696623528,-0.37823733323031483,0.05415950400485376,0.8727,0.860693255578103,1.2286396240394382,1.309,0.9257847427992246,0.8288806680631042,1.1582077347398327,0.7175502340554207,1.2279279049504135,0.2633878468579745,0.8089901017825673,1.0188532819711622,0.8181076232551693,1.309,0.5235187784320336,1.1196944442539927,0.8260337044405437,0.7385134535142948,0.9178977918956799,9,100,76,92,72,68,45,91,74,83,80,61
-0.003950642292961362,0.00547526028559144,0.956863199610656,-0.004074992090974233,-0.0042893568386078934,-0.7064581299495725,0.7077301085057223,0.004122954933555406,-0.003307521942207593,-0.26593727764710445,0.42791884783869694,-0.1500574502198154,-0.004350541706067196,0.00481045068278509,-0.0033163601629133763,-0.26127530685688355,0.421137799168984,-0.14819523820827493,-0.005036560025003906,0.22799029926992018,-1.196391465275877,0.4032409907670432,-0.5881372774888035,-2.234514359837617,0.19682975927483934,0.04407419686780042,-0.3316999186170748,-0.9014163908882635,-0.9506304307401069,0.24355966174847452,-2.5848580702953132,-0.6105686592150701,-0.10007405588245111,-0.38126631415309165,0.05415950400485376,0.8727,0.860693255578103,1.2286396240394382,1.309,0.9257847427992246,0.8288806680631042,1.1582077347398327,0.7175502340554207,1.2279279049504135,0.2633878468579745,0.8089901017825673,1.0188532819711622,0.8181076232551693,1.309,0.5235187784320336,1.1196944442539927,0.8260337044405437,0.7385134535142948,0.9178977918956799,9,100,76,92,72,68,45,91,74,83,80,61
-0.004323428491367383,0.005755697438557432,0.956827005326945,-0.004732455194530514,-0.004805038782614099,-0.70574737646745,0.7084314759237053,0.004725229898612156,-0.004339659132060433,-0.26437558222771224,0.42769067160930624,-0.1498037673237472,-0.00461906729681807,0.005411086121838759,-0.0043496648346028925,-0.25962156662367536,0.42162231931800276,-0.14843810680605143,-0.005305443147233058,0.26607254612049724,-1.1932059342010268,0.4123011734647963,-0.5804045758288442,-2.2388852868669966,0.1935966689202689,0.05118985147699396,-0.32403258472857804,-0.9067861209888549,-0.9490876767599231,0.2435255102979233,-2.5832232138487776,-0.6247488169769569,-0.08711877666868151,-0.3900467798519194,0.029038421575538733,0.8727,0.8204093634726994,1.25,1.1768523191940172,1.011867741266395,0.7619443241893934,1.2165294912181963,0.6858717576401453,1.25,0.23541454736505035,0.7577063593329321,1.0228986759246046,0.8366055389656625,1.309,0.5287608486604599,1.2723514300622212,0.7976765983184597,0.761473626343423,0.9048856641903615,5,100,74,87,70,67,40,84,74,83,87,62
-0.004360409165184382,0.005716309467734416,0.956830898920426,-0.004613973131021243,-0.004911923189769225,-0.706323901425936,0.7078567161064216,0.004466706892900636,-0.00337555323683616,-0.2638521513245538,0.4273203996353853,-0.14989666463101606,-0.0047548026164816615,0.005154181742483599,-0.003385565451213917,-0.2596561417309889,0.42147290773335255,-0.14840043775898376,-0.005441663275888161,0.2696643517798713,-1.1928234308015764,0.4131926995397203,-0.5782614118276882,-2.241775139054275,0.19343383885739215,0.053995089809605525,-0.3213159775638034,-0.9071396221402449,-0.9504359797989057,0.2432067135211116,-2.5807638637415495,-0.6301030336298302,-0.08190607716765821,-0.3931178798162184,0.029038421575538733,0.8727,0.8204093634726994,1.25,1.1768523191940172,1.011867741266395,0.7619443241893934,1.2165294912181963,0.6858717576401453,1.25,0.23541454736505035,0.7577063593329321,1.0228986759246046,0.8366055389656625,1.309,0.5287608486604599,1.2723514300622212,0.7976765983184597,0.761473626343423,0.9048856641903615,5,100,74,87,70,67,40,84,74,83,87,62
-0.004601565950470348,0.00596544495430343,0.9567877328220871,-0.005038617758592717,-0.005380685858026503,-0.7061146296852483,0.7080591714646759,0.00466367158318356,-0.003451801544827458,-0.26247930573633177,0.4270166861855092,-0.14976775420831215,-0.004998484225010166,0.005351110937526724,-0.0034626255025114877,-0.2585372960587199,0.42181477152078495,-0.1485154130247495,-0.005685827193204438,0.2950864241818648,-1.1905209529345837,0.41880278259512843,-0.5715543028717303,-2.2470462500246082,0.19373880804004576,0.05899509951194197,-0.3145161380018897,-0.9106908226001648,-0.9490836877335194,0.24270111770000274,-2.5785789331419493,-0.6427157902896703,-0.07246601156834986,-0.40071629666491526,0.016175868587116126,0.8727,0.8245583427172478,1.25,0.9869754016888465,1.0663867743705133,0.730395386111201,1.25,0.6890722551559899,1.25,0.21407515709249406,0.7154064984950737,1.0408387233196368,0.8466696048514986,1.309,0.5337337454849973,1.309,0.7812897194247775,0.7878430555202269,0.8950741910805202,3,100,74,78,69,67,36,78,75,83,89,63
-0.0046216139685295,0.005934191436736671,0.9567919868655717,-0.004951946999218785,-0.005458256435919288,-0.7065246738239128,0.7076500342228558,0.0044622705186737055,-0.002633924706772944,-0.2620429165124422,0.42666120527303586,-0.14982998916843795,-0.005092234673502349,0.005150774285178992,-0.0026448073196749192,-0.25856483115452733,0.421714392166598,-0.14847886161164603,-0.005780100136663724,0.2975452346907825,-1.1900545089502281,0.4195460452723672,-0.5696374401686813,-2.249833281985559,0.1945922370889038,0.060906374529769984,-0.31190287090801677,-0.9110153563279146,-0.9500640383450903,0.24223505448411153,-2.5764623948002896,-0.6475265588644752,-0.06859288922210284,-0.4034958746151883,0.016175868587116126,0.8727,0.8245583427172478,1.25,0.9869754016888465,1.0663867743705133,0.730395386111201,1.25,0.6890722551559899,1.25,0.21407515709249406,0.7154064984950737,1.0408387233196368,0.8466696048514986,1.309,0.5337337454849973,1.309,0.7812897194247775,0.7878430555202269,0.8950741910805202,3,100,74,78,69,67,36,78,75,83,89,63
-0.004612774231926869,0.0059209942678865105,0.9567979738893022,-0.004887219383521691,-0.005501865838243676,-0.7067443012078883,0.7074308003396286,0.004292185429446426,-0.0019073738371650846,-0.2617148110192523,0.4262682388170343,-0.14984603531983,-0.005133040124973618,0.004981335130068546,-0.0019182956691873732,-0.258609216821391,0.4216298983469745,-0.1484123441300684,-0.005821492526965023,0.29866321952117825,-1.1894624533442182,0.4202060002273263,-0.5683851690221998,-2.252372316163531,0.19546889969636208,0.06247761220818003,-0.3095043518018429,-0.9112826588716598,-0.9510321888807236,0.24147383988224827,-2.5743794444730153,-0.6517218241824969,-0.06517544867616962,-0.4060693748525021,0.016175868587116126,0.8727,0.8245583427172478,1.25,0.9869754016888465,1.0663867743705133,0.730395386111201,1.25,0.6890722551559899,1.25,0.21407515709249406,0.7154064984950737,1.0408387233196368,0.8466696048514986,1.309,0.5337337454849973,1.309,0.7812897194247775,0.7878430555202269,0.8950741910805202,3,100,74,78,69,67,36,78,75,83,89,63
-0.004703242195884668,0.006167068626780435,0.9567365790008519,-0.005232250115020031,-0.005780423147734165,-0.7066120666735699,0.7075581937185607,0.004479233820123724,-0.001782034284612246,-0.2607777752914787,0.42592252180034196,-0.14962732116672467,-0.005203905224058134,0.005168339243557045,-0.001793490253288212,-0.2579668755309583,0.42190488002557813,-0.14837671820708226,-0.0058928548581633905,0.31077864177386344,-1.1866530635863823,0.4235142531658153,-0.5636535748310435,-2.2568576955884496,0.1991791786417938,0.06496802746845434,-0.30405412586884445,-0.9130919846496065,-0.9512306661603763,0.23888913809196866,-2.571420930862597,-0.6612819516668486,-0.06030033671229378,-0.4109664562805472,0.013114037480342474,0.8727,0.841832581909229,1.25,1.0007027478683397,1.073569275481368,0.7333387617216417,1.25,0.7031216320357686,1.25,0.2054831106244362,0.6937330958369169,1.0501804585145962,0.8457863984368194,1.309,0.5339467280136181,1.309,0.7758604975406599,0.8143133472745037,0.8876518119172715,2,100,75,79,69,68,35,75,76,83,89,64
-0.0047142100821144445,0.006144313297832908,0.956739927379143,-0.005201635214878104,-0.005820948941590678,-0.7068081157267764,0.7073622460149209,0.0043967989611510576,-0.0013607283087896283,-0.2604600191079498,0.4256346076291528,-0.1496103075803434,-0.005241785160036453,0.0050862346859285035,-0.0013722771168016223,-0.2579528689004994,0.4218733763343653,-0.1483583203373874,-0.005930986469877793,0.311976094318266,-1.185955403243195,0.4243061761408521,-0.562107731501736,-2.2591664921082644,0.20099507256054155,0.06587105385204574,-0.3019092452156206,-0.9131746417526372,-0.9521481925734603,0.23783953799862237,-2.5697699252182273,-0.6651259354642608,-0.05816833266900756,-0.4129173151504909,0.013114037480342474,0.8727,0.841832581909229,1.25,1.0007027478683397,1.073569275481368,0.7333387617216417,1.25,0.7031216320357686,1.25,0.2054831106244362,0.6937330958369169,1.0501804585145962,0.8457863984368194,1.309,0.5339467280136181,1.309,0.7758604975406599,0.8143133472745037,0.8876518119172715,2,100,75,79,69,68,35,75,76,83,89,64
-0.004670741717025734,0.006390896022127858,0.9566485495673802,-0.005423348888089919,-0.00584478890998928,-0.7068168127426551,0.7073516939640062,0.004620019408866966,-0.0011211233075401608,-0.2602341657252411,0.42546715977989946,-0.1494671494999184,-0.005235806725078722,0.005309365669871841,-0.001132868029130917,-0.2579049701797517,0.4219542673906554,-0.14824719743411047,-0.005925084006154894,0.3140483550072849,-1.1827650604697824,0.4252604295020405,-0.5596108873682935,-2.260303222871777,0.2048121256402274,0.06683801221855812,-0.2990267950883786,-0.9131555592550488,-0.9532376952367937,0.235216740497425,-2.56738909766483,-0.6693066901430498,-0.05817056188445689,-0.4137978047632103,0.017547941725278945,0.8727,0.8431917919708047,1.25,1.0611700463228262,1.0366392167932432,0.778639672575073,1.25,0.705635359944246,1.25,0.21208420765486655,0.7012028781426499,1.0959950895800596,0.834682727182033,1.309,0.5280016129825499,1.309,0.7819175405366585,0.825058676253917,0.8810419446073499,3,100,75,81,72,68,36,76,78,83,89,65
-0.004690355707412674,0.006373127868518373,0.9566481911201078,-0.005459424973355746,-0.005886964235599031,-0.7069146640525307,0.7072532757637433,0.004653220268141075,-0.0008643886862951463,-0.2599515331037446,0.42531488429391845,-0.14939939304912755,-0.005249842865721584,0.005342602972733402,-0.0008762569708500364,-0.25782639550993874,0.4220226235486981,-0.1482040893992222,-0.005939200410454709,0.3148550041617799,-1.1809761009548512,0.42612249278730907,-0.5575286356932844,-2.2620598568018573,0.20813465242489756,0.06748747956316059,-0.296716640592119,-0.912908119151503,-0.9544991184255792,0.23313332210469367,-2.565628004280154,-0.6731110071482229,-0.057907786965704415,-0.4147409143938179,0.017547941725278945,0.8727,0.8431917919708047,1.25,1.0611700463228262,1.0366392167932432,0.778639672575073,1.25,0.705635359944246,1.25,0.21208420765486655,0.7012028781426499,1.0959950895800596,0.834682727182033,1.309,0.5280016129825499,1.309,0.7819175405366585,0.825058676253917,0.8810419446073499,3,100,75,81,72,68,36,76,78,83,89,65
-0.004594369980728788,0.0065785880897197314,0.9565176128748105,-0.005578619298311525,-0.005682804294023737,-0.7071884587181632,0.7069802462572118,0.005014846982029933,-0.00036476767689254635,-0.26011051403027974,0.4251193316695253,-0.14925127296513155,-0.005213306101490945,0.005703984739884831,-0.00037668619268171725,-0.2582487738264682,0.4219456006893782,-0.1480014271866036,-0.005902535082750392,0.31205641917017735,-1.1745497707536892,0.4259268548112602,-0.5542310981976649,-2.261404492668703,0.2142519172119785,0.06942996085555066,-0.2934386251857464,-0.9116575112116357,-0.9558725333734827,0.22815446034895806,-2.5618550989299296,-0.6769357378354963,-0.06205754617350011,-0.41399054014621856,0.030987221311730564,0.8727,0.8342865810750615,1.25,1.1325712042225262,0.9752216040143381,0.8097904835975931,1.2429797204127215,0.6782377223985072,1.25,0.23690237073920545,0.7383110738608796,1.2425423758087568,0.8192473756165992,1.309,0.519140052771399,1.309,0.8031282476834654,0.8307040484392478,0.8728708977348117,5,100,75,84,73,67,40,81,86,82,89,65
-0.0045888283420912985,0.006575836814006815,0.9565176285007614,-0.005676231607834622,-0.005708837706982815,-0.707134553875174,0.7070331762247983,0.0051341134907296375,-0.00017121388056570515,-0.25994568082034974,0.4251049758242422,-0.14916164290194733,-0.0051990267114798315,0.0058230624249424635,-0.0001831878236138539,-0.25817420615941494,0.42209712254982823,-0.14791851773359002,-0.00588817467582439,0.3113100654214967,-1.1708657674566676,0.42672425017226007,-0.5514982642626625,-2.2623111075519335,0.21923633160035924,0.0706174370660371,-0.2909576196887884,-0.910777751740378,-0.9571797955783776,0.22441237275800255,-2.559855986426703,-0.6807187594978469,-0.0650758153141267,-0.41376563234135644,0.030987221311730564,0.8727,0.8342865810750615,1.25,1.1325712042225262,0.9752216040143381,0.8097904835975931,1.2429797204127215,0.6782377223985072,1.25,0.23690237073920545,0.7383110738608796,1.2425423758087568,0.8192473756165992,1.309,0.519140052771399,1.309,0.8031282476834654,0.8307040484392478,0.8728708977348117,5,100,75,84,73,67,40,81,86,82,89,65
-0.004426287690665983,0.006729102359560635,0.9563339720449798,-0.005950518034221717,-0.005166176727073355,-0.707299997356797,0.7068695888862546,0.006177150991646365,0.00044385376360526536,-0.26060147621095175,0.42512398282205915,-0.14890333465941855,-0.005092206988484298,0.006864706799609758,0.0004321006413484835,-0.25896858572004344,0.42210939349123217,-0.14753625400583428,-0.005780408807906494,0.3036401109322757,-1.1524376266807301,0.4263830841291769,-0.5423903080345265,-2.2587439428632194,0.23391191413387236,0.07899966151807725,-0.2849945355916532,-0.9064737113474508,-0.9597641328491537,0.21076828879953974,-2.5512437337174707,-0.6879392533052473,-0.0830103483705025,-0.4089760127736232,0.06147937998113293,0.8727,0.8913258608924133,1.234448105970014,1.3085562957194963,0.9148800914390429,0.8070947003948402,1.2255168373085386,0.6470975055245467,1.25,0.28400243679876264,0.7955395211892091,1.309,0.8118357825881277,1.309,0.5168367941174197,1.2135477096375653,0.8430723852700294,0.8771475390874973,0.8613397778929193,10,100,77,92,73,65,48,89,89,82,85,67
-0.004430709302286654,0.006681242880432023,0.9563304447247386,-0.006070704582675992,-0.005258531746763712,-0.707192573559846,0.7069753590412741,0.006238336267184826,0.00033315496435057574,-0.2603816287557977,0.42538671433944886,-0.14894060573848833,-0.00508894461581502,0.006925787412150207,0.00032129855962063697,-0.2586791563513343,0.4223841009706375,-0.14760519090820215,-0.005776860255352197,0.30307873947012176,-1.1485923732341066,0.42790319753733885,-0.5392164119396081,-2.2600785831183363,0.23935896375684979,0.0813505101044355,-0.2833420976391901,-0.9049290831045355,-0.9613937654760987,0.20668396674534323,-2.5504487969863217,-0.6916438956273674,-0.08909309386456714,-0.4076513437336472,0.06147937998113293,0.8727,0.8913258608924133,1.234448105970014,1.3085562957194963,0.9148800914390429,0.8070947003948402,1.2255168373085386,0.6470975055245467,1.25,0.28400243679876264,0.7955395211892091,1.309,0.8118357825881277,1.309,0.5168367941174197,1.2135477096375653,0.8430723852700294,0.8771475390874973,0.8613397778929193,10,100,77,92,73,65,48,89,89,82,85,67
-0.004245683728223187,0.00667699677447144,0.9560714151847772,-0.006600021419310569,-0.004363875328678762,-0.7072029524045705,0.7069663219840372,0.00818980969540537,0.00044530154842323163,-0.2616657466667326,0.4263739673935385,-0.14901053234512973,-0.004996789586226702,0.008874054058901876,0.0004338590783306667,-0.25951725876769904,0.4226086244561424,-0.14743233239250336,-0.005681937106541371,0.2948636594216222,-1.1149402017088865,0.42931345941826127,-0.5225167087396246,-2.2538870548767345,0.2611151306135451,0.10351132573972034,-0.27860641393146807,-0.8958561587117455,-0.9673220048691321,0.18528796390260513,-2.5382560845313757,-0.7005491470540537,-0.1280540499385777,-0.3943605169358803,0.11945963661140505,0.8727,0.9391499942454529,1.1753949430886634,1.309,0.8734607753887544,0.8290125625946776,1.2095251707706778,0.6419913353583271,1.25,0.35063086968583673,0.8580769197629009,1.309,0.824012438633809,1.309,0.5325989760385819,1.12319721534299,0.9000503865773438,0.9817488387108242,0.8482454713597705,20,100,78,91,73,65,59,98,89,83,82,72
-0.004245102084473006,0.0065947189985526376,0.9560639924212947,-0.006688737301615021,-0.00449246475301285,-0.7071417491698226,0.707025901318187,0.008137891271032465,0.0002581672534842202,-0.2614939194380436,0.4268996717935207,-0.14928767811800797,-0.00501136510517378,0.008822206482995861,0.00024654512633625074,-0.25915839443653954,0.42290965708070827,-0.14767326159467525,-0.0056961911232511365,0.2948059609737615,-1.1113457505328916,0.4316283424220945,-0.5196029203266597,-2.2561171944076617,0.26619912299873244,0.10747689640168726,-0.27848049186856283,-0.8938157870503701,-0.9697305619595016,0.18169930552255745,-2.539288503796383,-0.7036806384800536,-0.13628738859848222,-0.39181365789118056,0.11945963661140505,0.8727,0.9391499942454529,1.1753949430886634,1.309,0.8734607753887544,0.8290125625946776,1.2095251707706778,0.6419913353583271,1.25,0.35063086968583673,0.8580769197629009,1.309,0.824012438633809,1.309,0.5325989760385819,1.12319721534299,0.9000503865773438,0.9817488387108242,0.8482454713597705,20,100,78,91,73,65,59,98,89,83,82,72
-0.004058644922100593,0.006389045866170897,0.9557087046744995,-0.007528697974309803,-0.00322870229242472,-0.7070948163061884,0.7070712941006985,0.011132199930179523,4.844794684647963e-05,-0.26373854220500803,0.4297509133270343,-0.15027680863713022,-0.005009018584448019,0.011810029541507837,3.732144689432972e-05,-0.25993973937426235,0.4233943582452727,-0.1479099895807607,-0.005687785506445739,0.2907792809931669,-1.0594321307872823,0.4366371346573309,-0.4965967501730464,-2.2475846733810507,0.29079739309546876,0.14819253051020542,-0.2802234549795037,-0.8801819529757349,-0.9822578512621307,0.1536061580100032,-2.5252762080262476,-0.7076418573729025,-0.1977038018440228,-0.3658626678969224,0.20670684822947202,0.8727,0.872070079587473,1.1391232749542681,1.309,0.8501737372973126,0.878466135337379,1.1844314289240954,0.6537806330298208,1.25,0.42170399295262456,0.87266,1.309,0.8522320564440671,1.309,0.57086748409683,1.0844616571769081,0.9659434686173214,1.1350347015551312,0.8395088854497088,35,100,74,90,75,65,71,100,90,84,81,80
-0.004050696022056274,0.006294919154988362,0.955697859369514,-0.007577217009666385,-0.003354778865133537,-0.7070772115649236,0.7070877937899415,0.011008159426746465,-4.6043273211495805e-05,-0.2637475003360989,0.4305426809881307,-0.15078915143376456,-0.005021980492391455,0.011686237262613705,-5.735404390845984e-05,-0.259632138592155,0.4236869719864378,-0.14824172735777372,-0.005700487051026848,0.2910480525329728,-1.0560731236224865,0.43943719215179666,-0.49450802348798445,-2.2505074503561326,0.29498240457799874,0.15329052111496613,-0.28174984938881315,-0.8777732519781374,-0.9851511467759989,0.15056804174475302,-2.527970818262892,-0.709290869738715,-0.2067882711424384,-0.36223435203741633,0.20670684822947202,0.8727,0.872070079587473,1.1391232749542681,1.309,0.8501737372973126,0.878466135337379,1.1844314289240954,0.6537806330298208,1.25,0.42170399295262456,0.87266,1.309,0.8522320564440671,1.309,0.57086748409683,1.0844616571769081,0.9659434686173214,1.1350347015551312,0.8395088854497088,35,100,74,90,75,65,71,100,90,84,81,80
-0.003911021224716693,0.0060089691671191044,0.9552527075673429,-0.00878284701595636,-0.0015338718675066856,-0.7070195446134783,0.7071378029563534,0.01546505077269489,-0.00030913738381863157,-0.2672643594453216,0.43508278077648327,-0.15246104265710012,-0.005141190003260547,0.01613000900746201,-0.00031970462255621895,-0.2606359921915931,0.4241236183387297,-0.14851893606300087,-0.005807923161904695,0.294890754828102,-0.9880647509846967,0.4460133375790755,-0.47089503044298364,-2.234093574845842,0.313454885224951,0.2011479426757178,-0.28755662621601746,-0.86253122851062,-1.0019909590699725,0.12089255470563474,-2.5090036349673004,-0.6995268963809126,-0.27435049704810516,-0.32581303276774776,0.3089898619139599,0.8727,0.8089791672948036,1.1121636277843174,1.309,0.8283705781359164,0.9005515665987002,1.138596962191683,0.694490385472711,1.2004468406664293,0.4775344577300452,0.87266,1.0794456158132615,0.870583399403978,1.309,0.6245549550788356,1.1007644286539369,1.0301660960302153,1.2627434448898698,0.8408892052685872,52,100,70,90,75,66,81,100,78,85,84,87
-0.0039003154737159386,0.0058961275199530695,0.9552356712352083,-0.008847148279034465,-0.0016955800757764191,-0.707025603978133,0.7071305737237585,0.015309179575576683,-0.00030909977983475495,-0.26739151838396463,0.43630304675125464,-0.15322231818277415,-0.005168641149757032,0.01597453755180672,-0.0003198660017565304,-0.26024511886556784,0.42447335870946384,-0.1489147983712708,-0.00583478302837948,0.29540380810282835,-0.983950715516024,0.44870356145228335,-0.46898788728726093,-2.2370452406929076,0.31674301007026,0.20701337652016588,-0.29025388536167585,-0.8597059011764977,-1.0050656401981042,0.11781153646393923,-2.511951809312284,-0.6988840615547749,-0.28423048700677966,-0.32047892590490523,0.3089898619139599,0.8727,0.8089791672948036,1.1121636277843174,1.309,0.8283705781359164,0.9005515665987002,1.138596962191683,0.694490385472711,1.2004468406664293,0.4775344577300452,0.87266,1.0794456158132615,0.870583399403978,1.309,0.6245549550788356,1.1007644286539369,1.0301660960302153,1.2627434448898698,0.8408892052685872,52,100,70,90,75,66,81,100,78,85,84,87
-0.0038208701925857252,0.005493473815564489,0.95470723842574,-0.01063021030396401,0.0006353739778075564,-0.7069169081922666,0.7072164306919688,0.021502863668644488,-0.0007608159633450764,-0.2719921284300053,0.44306891350684047,-0.1558553765563761,-0.005464214079946909,0.02214284648696381,-0.0007708162159922646,-0.2609301838584967,0.424864087699873,-0.14934490989798166,-0.006107456861491543,0.31066138050356623,-0.897938684323888,0.45761188949087866,-0.44729961455266803,-2.2075261375912896,0.32733769057105955,0.25000943742940407,-0.2895758419869288,-0.843165984906864,-1.029274859823005,0.08718819943733555,-2.485899220940286,-0.6711204598998796,-0.35045713989383237,-0.2705412944422871,0.40162181570015737,0.8154023367346392,0.8178372019408653,1.0759565630121846,1.309,0.7923570791044763,0.9259269958599085,1.0697707583506202,0.7715828351703621,1.104086531985414,0.5088720364358211,0.87266,0.7398202338851404,0.8447227686107153,1.309,0.6845513898810728,1.1882425647853352,1.086326506576079,1.2965827610921619,0.8537528403611462,68,93,70,89,75,68,86,100,59,86,90,89
-0.003806285968811911,0.0053564454152070715,0.9546813979112223,-0.010722201664728424,0.0004331716695204997,-0.7069521538860467,0.707179962152241,0.021324886314099616,-0.0006424055843529572,-0.27223978440990054,0.44480200599228653,-0.15694264708514308,-0.005508926051748407,0.02196545272765438,-0.0006526074733407368,-0.2603943850418098,0.4252395505373141,-0.14982560486407892,-0.006150925739328525,0.3115489165781254,-0.893381019337586,0.45948495140456513,-0.44542476912222434,-2.2101857027966254,0.32929060641100444,0.2547925921989493,-0.2918990312707643,-0.8398470839694584,-1.0325106903345487,0.08387623514432142,-2.488708925912745,-0.6674757121793533,-0.3599343938192478,-0.2629061287776152,0.40162181570015737,0.8154023367346392,0.8178372019408653,1.0759565630121846,1.309,0.7923570791044763,0.9259269958599085,1.0697707583506202,0.7715828351703621,1.104086531985414,0.5088720364358211,0.87266,0.7398202338851404,0.8447227686107153,1.309,0.6845513898810728,1.1882425647853352,1.086326506576079,1.2965827610921619,0.8537528403611462,68,93,70,89,75,68,86,100,59,86,90,89
-0.003759009833504532,0.004796297328824178,0.9541122591485622,-0.01314336850692128,0.0032410927065533034,-0.7067707653762715,0.7073131077477629,0.02926636269989037,-0.001330423685815384,-0.27780789234277226,0.45396174029068764,-0.16069650917478134,-0.005960390229387798,0.029862021185561197,-0.0013398780294015698,-0.26039207676146053,0.4253522138169904,-0.15041355627687744,-0.006561540516675373,0.3414049198774834,-0.7907927475037974,0.46953827470142356,-0.42935566935694486,-2.161577711506881,0.32986598007593215,0.27769197607565926,-0.2687930484379334,-0.8205178625981622,-1.065638207343715,0.052162537397166905,-2.4488255262449954,-0.621396014534433,-0.41656626361460414,-0.19535833935998595,0.46383294242348144,0.7309824712383406,0.8443623668468248,1.0205241642039127,1.309,0.7393018885505905,0.9490457318515804,0.9876061636805171,0.7531593664791126,1.011370741308597,0.5228871350490907,0.87266,0.4592422377985458,0.7586359478724831,1.0429785144358743,0.7527315077396326,1.309,1.13514731019847,1.309,0.8760073067605231,78,82,70,88,74,65,89,100,42,71,97,91
-0.0037392816389231346,0.0046311526018781675,0.9540741263287517,-0.013282732128359785,0.002994124802522506,-0.7068414055593852,0.7072409996816544,0.029088501619980386,-0.0010739612860263257,-0.27813883894698155,0.4562465005157308,-0.16216451335326712,-0.0060201169400823885,0.02968486846399444,-0.0010835846106983797,-0.25962481276697463,0.4256999722667938,-0.15098803806026748,-0.006618938276775904,0.34292672327400403,-0.786487456872148,0.46957564418098713,-0.42745562696153994,-2.1634268772924456,0.32960962499511587,0.27910942874603445,-0.2683691911634964,-0.8166429942382678,-1.06915178886692,0.048093956893359345,-2.4506891234536474,-0.614616115443549,-0.42420211748251196,-0.18476733401098033,0.46383294242348144,0.7309824712383406,0.8443623668468248,1.0205241642039127,1.309,0.7393018885505905,0.9490457318515804,0.9876061636805171,0.7531593664791126,1.011370741308597,0.5228871350490907,0.87266,0.4592422377985458,0.7586359478724831,1.0429785144358743,0.7527315077396326,1.309,1.13514731019847,1.309,0.8760073067605231,78,82,70,88,74,65,89,100,42,71,97,91
-0.003624208878359408,0.003675514653754922,0.953460897955235,-0.01651271580127687,0.005866099842078138,-0.7066833467542675,0.7073129197955433,0.03830791006510765,-0.001624520987565115,-0.28467758577084656,0.4703863703326901,-0.16893413389085465,-0.006614821530190955,0.03883369556152499,-0.0016334618516976142,-0.2574564681455807,0.42549019287866996,-0.15238628516637745,-0.007144166221977435,0.39214769915656394,-0.6687463007159072,0.4741722237231131,-0.4183626172947731,-2.092801104807382,0.314273494177689,0.26672179351494985,-0.20750034640867424,-0.7884504559955986,-1.11535349962836,0.009306112215372971,-2.394791485959419,-0.5445543959803923,-0.46479989790136245,-0.08596770846897003,0.4894263109483862,0.6514711697303507,0.8123945846547388,0.9442554662799717,1.309,0.675109106267906,0.8905831185759346,0.9055538285879023,0.6971735324916795,0.9288652663822871,0.5342185106847387,0.8267623881298976,0.3368269908186435,0.6266901559791405,0.997049686477453,0.8354768781716291,1.309,1.1784599768746145,1.309,0.9049417241659354,82,71,66,86,69,60,91,94,32,70,98,91
-0.0035942949372155014,0.003539999805866174,0.9534134578127829,-0.016614252852302818,0.005677351465920573,-0.7067586984279899,0.7072367895400138,0.0381405162869951,-0.001318819049451958,-0.28533675233448097,0.47288027404560984,-0.17056201686582376,-0.006620405254459899,0.03866747856354074,-0.0013278831468830684,-0.2567747249462235,0.42563215014804345,-0.15291325794309638,-0.007148543956529794,0.39408707983533037,-0.666815761754991,0.47166913229252877,-0.4172562930699775,-2.0939569262458853,0.31109494927740977,0.2632985950787019,-0.20346165111700903,-0.7841864424066178,-1.1182849720778578,0.004375290913242948,-2.3968400446822886,-0.5364185906054539,-0.4682278050044918,-0.07405670712979155,0.4894263109483862,0.6514711697303507,0.8123945846547388,0.9442554662799717,1.309,0.675109106267906,0.8905831185759346,0.9055538285879023,0.6971735324916795,0.9288652663822871,0.5342185106847387,0.8267623881298976,0.3368269908186435,0.6266901559791405,0.997049686477453,0.8354768781716291,1.309,1.1784599768746145,1.309,0.9049417241659354,82,71,66,86,69,60,91,94,32,70,98,91
-0.0032718477876437536,0.00228608450641393,0.9527849957612526,-0.02028531020274914,0.008538383684119173,-0.7065949942032588,0.7072758417766989,0.04778335485595822,-0.0018177522289850494,-0.29290890986905793,0.49091271792606284,-0.17971723952100166,-0.00705494910269164,0.0482154370439374,-0.0018257414480901877,-0.2528159162693821,0.42456743506339867,-0.15467054457534798,-0.007487771781833691,0.46326297837416264,-0.5466839352525092,0.4628151125308344,-0.41842166075215165,-1.9992532403608867,0.27362768954686373,0.20405552079792172,-0.10211648611483069,-0.7441576100164555,-1.176319765139773,-0.04508131451121022,-2.3199644011364184,-0.45153019225152563,-0.47277493722945035,0.04712980152447027,0.48566266549609305,0.5886447708124672,0.7495784395462108,0.8501112719633838,1.309,0.6056254543509092,0.7868555831360337,0.83120474849506,0.634030522120838,0.8524409287222995,0.5517052262598576,0.7925675570856205,0.20391568278309766,0.4809515244261235,1.309,0.9240915465319874,1.309,1.2136863847732828,1.309,0.9379541993617414,82,63,60,85,62,55,94,89,21,92,99,92
-0.00323263339178462,0.0021935485456103876,0.9527319303403204,-0.02034259833546984,0.008393245117091868,-0.7066696624369104,0.7072013294109886,0.04760019212975316,-0.001511633021790953,-0.2937721885518532,0.4933621313315073,-0.18125933483266923,-0.007012806313981715,0.04803418098346058,-0.0015197195547538057,-0.252268902345807,0.4245520380098906,-0.155051066725669,-0.007446191160813401,0.46555733485302614,-0.5466539394974468,0.4582188805629116,-0.4179636858647352,-1.999294689754097,0.2680242359870304,0.19705567564678067,-0.09586479185725683,-0.7392517282272315,-1.1792066092993758,-0.05155340815996901,-2.3214325474106774,-0.4439774231674599,-0.47214381443146797,0.058554022844283495,0.48566266549609305,0.5886447708124672,0.7495784395462108,0.8501112719633838,1.309,0.6056254543509092,0.7868555831360337,0.83120474849506,0.634030522120838,0.8524409287222995,0.5517052262598576,0.7925675570856205,0.20391568278309766,0.4809515244261235,1.309,0.9240915465319874,1.309,1.2136863847732828,1.309,0.9379541993617414,82,63,60,85,62,55,94,89,21,92,99,92
-0.0025681504447293726,0.0007300410632113025,0.9520918344694065,-0.023918044176536854,0.010902835902811417,-0.7065075121899503,0.707217215960707,0.05615519974249386,-0.001963457610428677,-0.3016333734254196,0.5132150140642295,-0.1917351554091766,-0.00700813152558797,0.05648658265129412,-0.001970001544906551,-0.24716535595689873,0.4228834723829828,-0.15699496594519244,-0.007336805412265609,0.5529662231203648,-0.43254282777147574,0.43571057670786,-0.4273722631382682,-1.88130090025919,0.2122272648945887,0.09612440446737386,0.030066454497097158,-0.6816185565520053,-1.2527482229268174,-0.11778428951506457,-2.2186747031562,-0.3605334893547369,-0.435425542740625,0.1817368023088573,0.4642801306844274,0.5413533904869527,0.6825207952894863,0.7437989388078642,1.2692723201958527,0.5338128350800513,0.6727362526100032,0.7645330401691828,0.5581791236944027,0.7768146777693715,0.5727304921736401,0.795413342610936,0.06519173020670992,0.35080823004442435,1.309,0.9957988875423649,1.309,1.2387687034399109,1.156318817250277,0.97384364038995,78,57,54,81,54,49,97,89,11,94,100,85
-0.002518985414733345,0.0006773075728650943,0.9520367923130412,-0.023917492910774996,0.010783173599062557,-0.7065782031763241,0.7071484423345026,0.055908429926882997,-0.001675752941864421,-0.3025337362159614,0.5153491865664932,-0.1930269956547508,-0.0069256357220581636,0.056243043213464676,-0.0016824168623227418,-0.24681424154543402,0.42282810813599964,-0.15723824814771345,-0.007257270532837173,0.5555199879074477,-0.43366656460882735,0.430277485858538,-0.4273582761726294,-1.8802415283899483,0.20597650215937144,0.08757676801595057,0.03612334591651464,-0.6752895992878627,-1.2566970756089078,-0.1265221171286765,-2.21895295616293,-0.3558547278665247,-0.43233728170759717,0.19047535102401836,0.4642801306844274,0.5413533904869527,0.6825207952894863,0.7437989388078642,1.2692723201958527,0.5338128350800513,0.6727362526100032,0.7645330401691828,0.5581791236944027,0.7768146777693715,0.5727304921736401,0.795413342610936,0.06519173020670992,0.35080823004442435,1.309,0.9957988875423649,1.309,1.2387687034399109,1.156318817250277,0.97384364038995,78,57,54,81,54,49,97,89,11,94,100,85
-0.0024761882281321627,0.0006431686845949734,0.9519854306594515,-0.02389497578364396,0.010699184536849479,-0.7066311660976371,0.7070975552793545,0.05569130028863898,-0.0014597122046404929,-0.30350476065359244,0.5173352738742293,-0.19413210015284413,-0.006849867356233011,0.056028744778177375,-0.0014664708469221282,-0.24662102001517291,0.4227990403220375,-0.15739480030004657,-0.0071844264131913265,0.5576965202328202,-0.43472520165993306,0.4254649703431293,-0.42741555390468233,-1.8794445593969111,0.20039619569380102,0.08020834415164686,0.04134091197080394,-0.6692306346996064,-1.260245702812689,-0.13470339270608478,-2.21991607748683,-0.3521140413335705,-0.42984341522964004,0.19819005597497963,0.4642801306844274,0.5413533904869527,0.6825207952894863,0.7437989388078642,1.2692723201958527,0.5338128350800513,0.6727362526100032,0.7645330401691828,0.5581791236944027,0.7768146777693715,0.5727304921736401,0.795413342610936,0.06519173020670992,0.35080823004442435,1.309,0.9957988875423649,1.309,1.2387687034399109,1.156318817250277,0.97384364038995,78,57,54,81,54,49,97,89,11,94,100,85
-0.0015545975284629195,-0.000745038793376459,0.9513994267808239,-0.026678635844194797,0.012642712246752065,-0.7063917746241808,0.7072051137823027,0.061861955249292166,-0.002268698555920197,-0.31002676924868233,0.533906565873639,-0.20277665238290407,-0.0064094720393988065,0.06211412433360334,-0.002273663193400533,-0.2424497518243291,0.4217685782891649,-0.15915493552967092,-0.006654995264922821,0.6549053444741587,-0.33020151797301855,0.4046472210610063,-0.4388857115497727,-1.7426302509663514,0.1477919282627345,-0.03353133756851189,0.16164366588003626,-0.5976577244033284,-1.3413935342179537,-0.20669065861043545,-2.1077193583899265,-0.2976565974696502,-0.37204342284779146,0.28366206740337085,0.43405512956362785,0.503444271901629,0.6153972474002064,0.6317851734914399,1.0255608964458418,0.4609331913176942,0.5537300176316814,0.7023594554780689,0.4691787288427074,0.7002636641122743,0.5878436995923869,0.8180443812497233,0.0,0.25204811109520947,1.309,1.0353806860495687,1.309,1.25,1.1456403169279226,1.0113432349195857,73,52,48,65,46,42,100,92,5,95,100,85
-0.0014905591799267526,-0.0007793729172212184,0.9513419268607185,-0.02661324114608526,0.012509364253524797,-0.7064708056363183,0.7071310005828092,0.0614731819166419,-0.0019411149467095208,-0.31075981118275214,0.5355715422655215,-0.2038434070672167,-0.0062841610299601775,0.061731078638508824,-0.0019462978942149686,-0.24228147296978403,0.4218183922974774,-0.15939441560804637,-0.006535798615674078,0.6577729775894944,-0.33205416624668443,0.39916694898438465,-0.4389843981580968,-1.7401393507637477,0.14212418137095417,-0.042865828607020866,0.16647191511247025,-0.5891402254006495,-1.3475745995746682,-0.2182448989951983,-2.1053473723893212,-0.2967778981195742,-0.36792438765057645,0.2887039860105161,0.43405512956362785,0.503444271901629,0.6153972474002064,0.6317851734914399,1.0255608964458418,0.4609331913176942,0.5537300176316814,0.7023594554780689,0.4691787288427074,0.7002636641122743,0.5878436995923869,0.8180443812497233,0.0,0.25204811109520947,1.309,1.0353806860495687,1.309,1.25,1.1456403169279226,1.0113432349195857,73,52,48,65,46,42,100,92,5,95,100,85
-0.00028210587357749414,-0.0020214683073527633,0.9506613936747129,-0.02791907978535605,0.013429231516964962,-0.7063844294262567,0.707150067940989,0.06344226440602568,-0.0021762321605311424,-0.3170780598753914,0.5503155952524947,-0.2119187799918903,-0.00515677274346249,0.06366959129991058,-0.0021805448217032657,-0.2400223534818967,0.4223313167814233,-0.16160406072284364,-0.005373900411652943,0.7648434060386732,-0.24568676770241188,0.37307413549912827,-0.44578017488113797,-1.5828805574821756,0.08862921121829709,-0.17916375020507885,0.28131093324917417,-0.48443568070687065,-1.4498195505258091,-0.3186500411493096,-1.949615957225108,-0.27220908326054094,-0.28993788817023675,0.3508042834394234,0.39884358314354024,0.4710102424531652,0.5484295923197147,0.5201791170882814,0.7940953834062313,0.387632739946035,0.43044252490480234,0.6423525923335511,0.3695210568723619,0.6237051629926859,0.5898205991295359,0.8278432269024264,0.0,0.2237755050888608,1.309,1.0397549785739033,1.309,1.25,1.2184725226412105,1.0390460694649746,67,48,42,50,38,35,100,94,4,95,100,90
-0.00021654776573492077,-0.0020169154480852627,0.9505963024173942,-0.02773621904659862,0.013347382380914994,-0.70645294848185,0.7070903627669367,0.06295073384527176,-0.0018892753226922745,-0.31790214515202975,0.5514815591247384,-0.2125854839267286,-0.00501126763262063,0.06318549074530397,-0.00189386289766671,-0.24036882679624305,0.42261349271318116,-0.16176834457393602,-0.005237038035605549,0.7676659571204629,-0.248105056460295,0.3682951254777918,-0.4459296744501464,-1.5794621944007428,0.08406161522390333,-0.18805297748536276,0.2841440372884229,-0.47293193554585833,-1.4588818877376393,-0.3339212760873411,-1.94399102859216,-0.2759247590854426,-0.2850857598867179,0.35212563568321553,0.39884358314354024,0.4710102424531652,0.5484295923197147,0.5201791170882814,0.7940953834062313,0.387632739946035,0.43044252490480234,0.6423525923335511,0.3695210568723619,0.6237051629926859,0.5898205991295359,0.8278432269024264,0.0,0.2237755050888608,1.309,1.0397549785739033,1.309,1.25,1.2184725226412105,1.0390460694649746,67,48,42,50,38,35,100,94,4,95,100,90
0.0010045052719312175,-0.0027738652456065923,0.9497243463338787,-0.026881341617013135,0.013589960004098591,-0.7064756070359095,0.707096120144355,0.060531457247481504,-0.0017948666916747598,-0.3257225665923997,0.5630439683442208,-0.2181388516255608,-0.0034714120131959336,0.06079895829117297,-0.0017996266087372615,-0.24382958980417455,0.42696818806292036,-0.1641532141418068,-0.003728130257653083,0.8748555177921183,-0.1826659423969322,0.34384247934409595,-0.4384015313004866,-1.4085231335391775,0.037651049611989694,-0.3266283725140744,0.3779200157248447,-0.3327908145254584,-1.5818093404118927,-0.4686024183625104,-1.721588195048167,-0.2889089856427868,-0.18332008526164062,0.39250700592149346,0.35883784416102704,0.4615532631676965,0.48183459994110883,0.4160804722895288,0.5894363299881242,0.31442372637388777,0.30390980187335015,0.5842208847574373,0.26266842214030245,0.5493674013600426,0.579399081086245,0.8028780111019607,0.0,0.2066524812232724,1.309,1.010051124041103,1.309,1.25,1.309,1.0332749724869763,60,47,36,37,30,27,98,90,4,94,100,95
0.0010593868690762015,-0.0027360507622641397,0.9496417627737095,-0.026561507191642304,0.013588279418363436,-0.7065320776830236,0.7070518143694049,0.05996771438972222,-0.001560156385881187,-0.3267813551505379,0.5638140891282083,-0.2184213083393351,-0.0033360650612756586,0.060243272768008733,-0.0015651083876239904,-0.24489495482133364,0.42769041334770913,-0.16431317046906366,-0.003601978169622836,0.8772177714327477,-0.18525533409154768,0.340226142196623,-0.43849005630288773,-1.4046333915326847,0.03425260607736594,-0.33405569934393553,0.37867976241894663,-0.31807103807343223,-1.594277696021838,-0.48781507253848605,-1.7109858971708365,-0.2961792584557958,-0.1764333670388609,0.39112904147430166,0.35883784416102704,0.4615532631676965,0.48183459994110883,0.4160804722895288,0.5894363299881242,0.31442372637388777,0.30390980187335015,0.5842208847574373,0.26266842214030245,0.5493674013600426,0.579399081086245,0.8028780111019607,0.0,0.2066524812232724,1.309,1.010051124041103,1.309,1.25,1.309,1.0332749724869763,60,47,36,37,30,27,98,90,4,94,100,95
0.0019509126993999953,-0.0028570372943270035,0.9485345848208323,-0.023670048423825692,0.013565098736834943,-0.7066683576377062,0.7070187757178035,0.05439889728699967,-0.0011377701519739412,-0.33721637420500655,0.5727398460910736,-0.2211663057412282,-0.0018592301047632032,0.05474773909327488,-0.0011429070639457793,-0.2563425499069404,0.4383428109197291,-0.16745538826331818,-0.00219925201802926,0.9756139208044802,-0.14034004684645585,0.32064987089538294,-0.4121503253697476,-1.230863796792592,-0.0036465444815364564,-0.4571499335956077,0.44027204520969404,-0.15053407267438026,-1.729511118968212,-0.6602165683269113,-1.4355520672656947,-0.33399714074098374,-0.04172913053383172,0.4133873313258404,0.3127496327353136,0.48832816723632383,0.41801300555709203,0.32886553180933115,0.42060354540594963,0.24235779001539542,0.17899742506615687,0.5294855879057043,0.15348411479404117,0.4806691737863821,0.5644308756217538,0.7502058679590102,0.0,0.190761258383864,1.309,0.961266335287827,1.309,1.25,1.309,0.9806323515883233,53,50,30,26,22,20,96,83,3,93,100,93
0.001978754435116377,-0.002799076979323532,0.948431691154114,-0.023239699758664096,0.013653137808802814,-0.706712833667543,0.7069869015142316,0.05383813304941304,-0.0009554440236459444,-0.3385822536090028,0.5733219367692007,-0.22118144115158653,-0.0017642435564437487,0.05419413717535938,-0.0009605453451060994,-0.25814564172786786,0.43961866037231045,-0.16768798574569255,-0.0021120699258375913,0.976865123188566,-0.14267205413419146,0.3181845330669284,-0.41181290633413437,-1.2268827192006393,-0.006334369129368815,-0.4626038177487143,0.43926750763003714,-0.13340602813221472,-1.7450540193582882,-0.6823977867772595,-1.4194014550660892,-0.34141771401918747,-0.03184208326175332,0.41122158703744527,0.3127496327353136,0.48832816723632383,0.41801300555709203,0.32886553180933115,0.42060354540594963,0.24235779001539542,0.17899742506615687,0.5294855879057043,0.15348411479404117,0.4806691737863821,0.5644308756217538,0.7502058679590102,0.0,0.190761258383864,1.309,0.961266335287827,1.309,1.25,1.309,0.9806323515883233,53,50,30,26,22,20,96,83,3,93,100,93
0.002300987985735194,-0.0024291142722970656,0.9472077313429808,-0.019245451768146845,0.013703009287561196,-0.7068924704553444,0.7069263577885928,0.04737740786121629,-0.0004527566776715332,-0.35106069374780186,0.5807474798521776,-0.22187733149726935,-0.0008437797447203054,0.04780981606202541,-0.0004566913529258206,-0.2760555023020662,0.4561203915091039,-0.1718169315243716,-0.0012693390141925534,1.0576450719116741,-0.11212920262204233,0.30721992433058987,-0.3679678559746651,-1.0670515492660968,-0.03613241902262958,-0.55120821454203,0.46282171806323597,0.0450607123314022,-1.8907938668692734,-0.8809873163472223,-1.1474863226237455,-0.3639041773262471,0.11925094520586249,0.4220179132798502,0.2609002116218145,0.5068788878833361,0.3726232748980267,0.2673591690379624,0.3082945576465504,0.17407876434812525,0.08171683917715011,0.48089501066494394,0.050282586684106234,0.4218462634666009,0.5538532727834572,0.700314043041133,0.0,0.17235747700657714,1.309,0.9264332547893882,1.309,1.2348313977270444,1.309,0.8972436440673954,44,53,26,18,16,13,94,76,3,92,100,91
0.0022908417682379386,-0.0023718818508704806,0.9470915991679415,-0.018773541751300533,0.013840027777483806,-0.7069321891693015,0.7068966598290943,0.04687395183061437,-0.0002886356047243566,-0.35260241611610593,0.5813275525363776,-0.22181387152254473,-0.000797068276337873,0.0473120071635745,-0.00029233924508751633,-0.27834473827961737,0.45791554447997784,-0.17219956300011285,-0.0012287776905157745,1.0572989525034242,-0.11408197614139749,0.30551468377780744,-0.36666339159897526,-1.0627156105173594,-0.03876136826342124,-0.5550960834049481,0.46038699940319433,0.06352937478130424,-1.9093892205885978,-0.9054768190537632,-1.1260070748388897,-0.3674781282397651,0.1312237057143179,0.42065729765351345,0.2609002116218145,0.5068788878833361,0.3726232748980267,0.2673591690379624,0.3082945576465504,0.17407876434812525,0.08171683917715011,0.48089501066494394,0.050282586684106234,0.4218462634666009,0.5538532727834572,0.700314043041133,0.0,0.17235747700657714,1.309,0.9264332547893882,1.309,1.2348313977270444,1.309,0.8972436440673954,44,53,26,18,16,13,94,76,3,92,100,91
0.0019948960182012447,-0.0019008450041719679,0.94589887410669,-0.014721668394762714,0.013818944784239857,-0.7070935505243333,0.7068316773119452,0.04097250662965825,0.00012748985374006275,-0.364959828130296,0.5882228278980313,-0.22192023314482387,-0.0006348894582170497,0.04147180654180246,0.00012613323568318765,-0.2982962994765445,0.4774636688505429,-0.1772494159346084,-0.0011289982504906538,1.1111734636895034,-0.09137599680173178,0.30375762427894415,-0.30556840283268627,-0.9264613077702146,-0.06394912188643849,-0.6061786523016409,0.44997879523683787,0.23178546610603293,-2.0665345439579337,-1.0914909285604737,-0.8709916152392211,-0.3237579949396344,0.2839801370750295,0.4307604933488945,0.20824160350721324,0.5155971565628982,0.368004941711032,0.2335796652691362,0.27705066821502156,0.1268784029431022,0.04911979597655006,0.44143931219619675,0.0,0.37643863445605635,0.5516542451924069,0.6793757905172089,0.0,0.1529149454716733,1.309,0.9289880939283962,1.309,1.226672254000005,1.309,0.8129550796907241,35,54,25,15,13,9,94,73,2,92,99,89
0.0019512309863131253,-0.0018672643980687323,0.9457835354109868,-0.014321738903480617,0.013924343777748488,-0.7071301043540738,0.7068012563382561,0.040569697327782456,0.0002882581649871725,-0.3663497453846819,0.5889147590099856,-0.22195691335358286,-0.0006280130946981869,0.041072992112334825,0.00028716261325676653,-0.3006447778251085,0.47971582883856173,-0.1778767442627816,-0.0011267625878207447,1.1091257721984475,-0.09292260711577262,0.30266003320374235,-0.302974905419114,-0.9213980642585351,-0.06713365108716104,-0.608936250098758,0.4459853768399439,0.2491190131170012,-2.087264090574135,-1.1165299801441688,-0.8457349718687535,-0.32030260120265686,0.2965591134789073,0.429221745732643,0.20824160350721324,0.5155971565628982,0.368004941711032,0.2335796652691362,0.27705066821502156,0.1268784029431022,0.04911979597655006,0.44143931219619675,0.0,0.37643863445605635,0.5516542451924069,0.6793757905172089,0.0,0.1529149454716733,1.309,0.9289880939283962,1.309,1.226672254000005,1.309,0.8129550796907241,35,54,25,15,13,9,94,73,2,92,99,89
0.0013317856056421105,-0.0015750043762847877,0.9450089950119576,-0.011876321508214617,0.013285278314658467,-0.7071254530330271,0.706863528582691,0.036609348243647914,-3.8533585852452154e-06,-0.37327163575903244,0.5938884896360548,-0.2222882129887373,-0.0010846309575030203,0.03714873479215346,-3.1685320160375688e-06,-0.31358067363724934,0.49483665729989945,-0.18235248319351285,-0.001618255561528827,1.1462192729042062,-0.07301689003535337,0.3099703995934339,-0.24313152279237962,-0.8232282469571668,-0.08615611955299553,-0.6290933176806409,0.42317988326712447,0.35036471777607875,-2.1915412610930853,-1.2302517724282536,-0.6739994939177566,-0.2485059916171291,0.3955323148344786,0.4326388377853997,0.163629975535272,0.5154688050497065,0.37990864571499394,0.22013857926690877,0.2831671920319282,0.10576229264175353,0.04839305832931213,0.4129982121038605,0.0,0.34558820332445084,0.5559671108537176,0.6905887979229866,0.0,0.1356026406487061,1.309,0.9603904679826525,1.309,1.2258121993778535,1.309,0.7456711534964785,28,54,26,15,12,8,94,75,2,93,99,87
0.001294612860974109,-0.0015876749217359671,0.9449061329644993,-0.01160001527603381,0.013304089908410713,-0.7071790017575522,0.7068141907959247,0.036245334344882404,0.0002801812873226626,-0.37419919319695216,0.5946085324538818,-0.22255347115705967,-0.0010540087611979978,0.036788164336419585,0.00028089936997671667,-0.31561371053118414,0.49731848985355603,-0.1832453593394959,-0.0015924371154115375,1.1435165349427654,-0.07462677720961591,0.3093038463335345,-0.23949995946147742,-0.816358805896987,-0.09042319050279148,-0.6316241884267192,0.4173734045908147,0.3639648576183704,-2.211348530464183,-1.2525411930935826,-0.6490451549732751,-0.23883710690433158,0.4072930611573035,0.4297828245315767,0.163629975535272,0.5154688050497065,0.37990864571499394,0.22013857926690877,0.2831671920319282,0.10576229264175353,0.04839305832931213,0.4129982121038605,0.0,0.34558820332445084,0.5559671108537176,0.6905887979229866,0.0,0.1356026406487061,1.309,0.9603904679826525,1.309,1.2258121993778535,1.309,0.7456711534964785,28,54,26,15,12,8,94,75,2,93,99,87
0.0006003998976175945,-0.0013351064305928354,0.9444268642816942,-0.010122140345044743,0.012500539314664692,-0.7070460918480748,0.7069845138290107,0.03363062251329594,-0.00043756081265916623,-0.3778423263318713,0.5976714446254102,-0.22278461901064664,-0.0016721647423157094,0.03419485411031621,-0.00043582340259754027,-0.3235438254603833,0.507779453771049,-0.1866372702200319,-0.0022304540156525532,1.1702892259122892,-0.061131870511727505,0.31938465399231,-0.1921702049092828,-0.7486843947188159,-0.10837617557689927,-0.6404371002115516,0.39297167571717867,0.42064073164052435,-2.272301770234382,-1.3168434228145558,-0.5460368130745175,-0.17495940174597124,0.4661251924248052,0.4251856018253065,0.1341994308366877,0.509249202087177,0.3869437363172252,0.2155743861933109,0.29356076735389464,0.09354470862511292,0.05323746401431768,0.3952462064824384,0.0,0.327521139593105,0.5624386695470649,0.7199058089537286,0.00012920672452514022,0.1227035928256243,1.309,0.9931199467668939,1.309,1.22131099523696,1.309,0.6977408866716253,23,53,26,15,12,8,95,79,1,94,99,86
0.0005976238911685342,-0.001390676879952037,0.944336090750246,-0.009932929405846173,0.012412661991843509,-0.7071445878637503,0.706890228105257,0.033186104040271495,-1.1676719434593674e-06,-0.378316506907102,0.5983861927677538,-0.2231882775564919,-0.001626739272704863,0.033754311849019766,4.585952475149083e-07,-0.32522835222965374,0.5103552907652293,-0.18766070189415696,-0.0021903159184440586,1.1676972153958851,-0.06253569193511431,0.31929753406028083,-0.18751946526583058,-0.7400735822519798,-0.11398170073542388,-0.6427915124318144,0.38532143386540013,0.43085329459313804,-2.289334990254802,-1.335482345565399,-0.5237520540821768,-0.16164526070884014,0.47647164394629515,0.4210977665482163,0.1341994308366877,0.509249202087177,0.3869437363172252,0.2155743861933109,0.29356076735389464,0.09354470862511292,0.05323746401431768,0.3952462064824384,0.0,0.327521139593105,0.5624386695470649,0.7199058089537286,0.00012920672452514022,0.1227035928256243,1.309,0.9931199467668939,1.309,1.22131099523696,1.309,0.6977408866716253,23,53,26,15,12,8,95,79,1,94,99,86
-3.797921139903816e-05,-0.001139799493144199,0.9440079734263416,-0.009034922454898864,0.011561112336038938,-0.7070009439800422,0.7070603765373348,0.031301916305391204,-0.0005032916541635267,-0.3801053763560314,0.6004044032224207,-0.22353023398597593,-0.0021489981004875706,0.031884481377615605,-0.0005014603484003349,-0.3303727364088537,0.5181869479596217,-0.19044686879658473,-0.0027265183785884924,1.1835272054180797,-0.055284245094106954,0.32831339857394026,-0.1526712466078053,-0.6929994703400093,-0.13422028758332016,-0.6497629772079563,0.36124077522077824,0.4648032299195077,-2.3303888488515963,-1.376385974061435,-0.4611715215797951,-0.10891261912858351,0.5117455493359733,0.4114651737075107,0.12049377909979672,0.4997341556974945,0.39051351059620676,0.21174868555946316,0.3032563680546959,0.08726279740828728,0.05846800634303444,0.3856849001409318,0.0,0.3185061823939964,0.5675513497913944,0.7507981803472595,0.0018061539764263317,0.11481709570768515,1.309,1.006501674121261,1.309,1.205830413463961,1.309,0.6657571958034073,20,52,26,16,12,8,96,83,1,94,99,85
-2.1832748780452386e-05,-0.001210023023642376,0.9439281028993529,-0.008891898633512238,0.011424760691166703,-0.7071267461206922,0.7069385927381557,0.030834830214994273,-8.004694229800445e-05,-0.38034046712418035,0.601056699967959,-0.22392509136971628,-0.0021246187752874887,0.03142128754415193,-7.831332007174422e-05,-0.3318472963746016,0.5207131399796454,-0.19147969739431697,-0.0027069484651276433,1.1812319249952032,-0.056408890008244714,0.3287648648551348,-0.14726140380275188,-0.6836791864461338,-0.14154798392260406,-0.6521791872057007,0.35213595440256035,0.4727363092722099,-2.3444840384600605,-1.391851182076723,-0.4423833293652604,-0.09401535218928532,0.519997274920954,0.40631669030048034,0.12049377909979672,0.4997341556974945,0.39051351059620676,0.21174868555946316,0.3032563680546959,0.08726279740828728,0.05846800634303444,0.3856849001409318,0.0,0.3185061823939964,0.5675513497913944,0.7507981803472595,0.0018061539764263317,0.11481709570768515,1.309,1.006501674121261,1.309,1.205830413463961,1.309,0.6657571958034073,20,52,26,16,12,8,96,83,1,94,99,85
-0.0005361560829526013,-0.0008907586160036296,0.9437169390221972,-0.008516107603000263,0.010616538733221296,-0.7069581932794834,0.7071243723501756,0.029653523418645498,-0.00039030647781255074,-0.38087126986463343,0.6023359615770871,-0.22419781563773009,-0.002491483262501929,0.03024842827859061,-0.000388887552199105,-0.3345939913981948,0.5259024456094734,-0.19336916276713512,-0.0030821886719813374,1.1882178408847839,-0.05365963927189224,0.3345034883762987,-0.1257309048178991,-0.6562647161241464,-0.160468570597594,-0.6586334978144263,0.3331239052960156,0.49091559914877153,-2.370053748559876,-1.4161982744564712,-0.41037616640343466,-0.059218703478480024,0.5370804387181785,0.3966790910034093,0.11770374811743615,0.48869838647725683,0.3936588557076884,0.2060430558817073,0.3128687514567622,0.08416607716976626,0.06369209095351883,0.3809685667164376,0.0,0.31460061549357743,0.569889218324441,0.7743442514796361,0.0,0.11150674716872004,1.309,0.9974931833670309,1.309,1.1805283840244454,1.309,0.6459933142466263,20,50,26,16,13,8,97,86,1,94,98,85
-0.0005152282371708217,-0.0009668274937059908,0.9436450895530194,-0.008387219516743111,0.010457405912061455,-0.7071151592180114,0.706971321069289,0.029179120018816996,-6.310529651978126e-05,-0.3809832910611209,0.6029146344279486,-0.22453927396156523,-0.0025103097837310185,0.029777745440915767,-6.176021357977605e-05,-0.33593924541463765,0.5283215816259527,-0.19437435201281272,-0.003105276110641329,1.1862742131034751,-0.054483280265294316,0.335409404193711,-0.11939324628215427,-0.6467031771724557,-0.16989737373714286,-0.661602717623993,0.3229375396851941,0.4977075378325686,-2.3819850679636776,-1.4294716451202316,-0.3948186205232731,-0.043927697331887755,0.5433767926741163,0.3909730729664331,0.11770374811743615,0.48869838647725683,0.3936588557076884,0.2060430558817073,0.3128687514567622,0.08416607716976626,0.06369209095351883,0.3809685667164376,0.0,0.31460061549357743,0.569889218324441,0.7743442514796361,0.0,0.11150674716872004,1.309,0.9974931833670309,1.309,1.1805283840244454,1.309,0.6459933142466263,20,50,26,16,13,8,97,86,1,94,98,85
-0.0008702125402367725,-0.0006546690129495554,0.9434586246492903,-0.008284515861506178,0.009536441327182106,-0.7071409879194241,0.7069597204141799,0.028037279118487708,9.908832719878965e-05,-0.38071088247314533,0.6042071602264804,-0.22498581714407162,-0.0027696372226105924,0.028643927009022466,9.980577008155986e-05,-0.337979291003662,0.5334106576094241,-0.19627531497423192,-0.003372782452316314,1.1853067978533005,-0.05532627628409481,0.3387199028460486,-0.10234512479075429,-0.6262474728772067,-0.19444951991668458,-0.6702779814394771,0.30075756683260335,0.5107725766269787,-2.4060439875221076,-1.4540702773721652,-0.37026773555530584,-0.0125836442321317,0.5531888737250726,0.3791704187245261,0.12050432088847877,0.47677277859118233,0.3968320562740318,0.19897687223885174,0.32252876489411536,0.0824325288902229,0.06887933166349362,0.37837667423740967,0.0,0.31304050930845095,0.5697314405600605,0.7914675982311361,0.013578504500883205,0.112272021685842,1.309,0.9751811909155081,1.309,1.151647705306702,1.309,0.6347665100131116,20,49,26,17,13,8,97,89,2,93,98,85
-0.0008708428311084898,-0.0007185662300371717,0.9433957348811182,-0.008196884699549531,0.00945160905336363,-0.7072015252577591,0.7069013232698215,0.027763561643378794,0.00027832633587600335,-0.38084245291404795,0.6046469771973613,-0.2252905387214853,-0.0027878776826064096,0.028372366637093117,0.0002789099202890415,-0.33922127411857866,0.535604971154307,-0.19725008795085294,-0.0033940834430897715,1.1829785955687653,-0.05625927551171157,0.33936192838608475,-0.09639145523163288,-0.6181443448914347,-0.2059827804195618,-0.6736249324902025,0.2896216684737155,0.5163664735028434,-2.416657710633325,-1.466111801348181,-0.35735064515104886,0.0014154125098225067,0.5567669023303947,0.3730675962963711,0.12050432088847877,0.47677277859118233,0.3968320562740318,0.19897687223885174,0.32252876489411536,0.0824325288902229,0.06887933166349362,0.37837667423740967,0.0,0.31304050930845095,0.5697314405600605,0.7914675982311361,0.013578504500883205,0.112272021685842,1.309,0.9751811909155081,1.309,1.151647705306702,1.309,0.6347665100131116,20,49,26,17,13,8,97,89,2,93,98,85
-0.0011332886518489742,-0.0004268328765636137,0.943241944910666,-0.008203792042258629,0.008495854239971207,-0.7072530032461042,0.7068618731097523,0.026639561307406124,0.0005168517297952731,-0.38017817756031097,0.6058175572319026,-0.22579169260986573,-0.002973769977096412,0.027255604447414126,0.0005166641080520196,-0.34075105705652714,0.5403329674102013,-0.1990972005431708,-0.003586795870206972,1.1769608268144272,-0.059173833760086815,0.34037988659848867,-0.08372960099350302,-0.604164860692762,-0.2350886819781119,-0.6830052060768186,0.26545349166064514,0.5223808910424496,-2.44099113816453,-1.4833288203142554,-0.3397778064923411,0.026200406089715744,0.558108139066301,0.359197424497551,0.1261753843203989,0.4637850505888067,0.40003248397670627,0.19160325757490365,0.33222775153366557,0.08117556021622911,0.07402625526774734,0.3763229191266491,0.0,0.3126133312473791,0.5679408723738546,0.8071255752693081,0.05052736911169844,0.11645774011114488,1.309,0.9509176760141607,1.309,1.1260957883515321,1.309,0.6289090279637859,21,47,26,17,13,8,96,91,4,93,97,84
-0.0011232908579299236,-0.00047440645851640244,0.9431889512586743,-0.007983941603586576,0.008463569965697824,-0.7071983655788561,0.7069194412254495,0.026240680348064212,0.0004526269111475944,-0.38054804295108974,0.6060062189736273,-0.2259674634498229,-0.002976983999748783,0.026859371687028722,0.000452406526361634,-0.342096564939391,0.542202796012176,-0.1999710658008176,-0.0035929586954334893,1.1756162602919942,-0.060036270902593655,0.3404698496787158,-0.07895259644456058,-0.5978056488243441,-0.24837516561247147,-0.686353716035162,0.2537786786095883,0.5236693529464153,-2.4496706349765796,-1.4835199410157127,-0.3294300083808185,0.03571290308139799,0.5583883547262657,0.35202398842671645,0.1261753843203989,0.4637850505888067,0.40003248397670627,0.19160325757490365,0.33222775153366557,0.08117556021622911,0.07402625526774734,0.3763229191266491,0.0,0.3126133312473791,0.5679408723738546,0.8071255752693081,0.05052736911169844,0.11645774011114488,1.309,0.9509176760141607,1.309,1.1260957883515321,1.309,0.6289090279637859,21,47,26,17,13,8,96,91,4,93,97,84
-0.0010971096950483645,-0.0004945076215170451,0.9431382900921176,-0.007793584914449521,0.008469557164695938,-0.7071610657880333,0.7069588062038331,0.025921889600484065,0.0003679935015725706,-0.38099539737500315,0.6061939442904202,-0.22606223241615186,-0.0029485575560923615,0.026542681771540826,0.000367842389637744,-0.3434689803286546,0.5439746580277335,-0.20074414439576446,-0.0035670763091934956,1.1747365286270588,-0.060788858287827645,0.3404288004826905,-0.07503411118444614,-0.5919143832391218,-0.2609258091757573,-0.6889399861323349,0.24240053320055147,0.5243048851929186,-2.456720872789767,-1.4835294970507857,-0.31941520811841917,0.04385907784988584,0.5584970601005091,0.34467941863129214,0.1261753843203989,0.4637850505888067,0.40003248397670627,0.19160325757490365,0.33222775153366557,0.08117556021622911,0.07402625526774734,0.3763229191266491,0.0,0.3126133312473791,0.5679408723738546,0.8071255752693081,0.05052736911169844,0.11645774011114488,1.309,0.9509176760141607,1.309,1.1260957883515321,1.309,0.6289090279637859,21,47,26,17,13,8,96,91,4,93,97,84
-0.0012128389771975828,-0.00012000671026673256,0.943070248702525,-0.007866855632315884,0.00766160820543698,-0.7073684900275743,0.706759670367712,0.024986933052541925,0.0006133644278542222,-0.38035434963240816,0.6068632076651166,-0.22613723512638934,-0.002987220067177385,0.025612692869765585,0.000612843539148664,-0.3439362856866035,0.5462631530753588,-0.20140889325390132,-0.003609441897115296,1.1698570837739182,-0.06314962595186664,0.3397946525122227,-0.07213831258029842,-0.5880850178918693,-0.2770895494984408,-0.6933147862260411,0.2302011728541545,0.5203247921054469,-2.4664002917146153,-1.4835299748525392,-0.3152528161900049,0.04916148954082372,0.5553382595549469,0.3360977132408265,0.13458497406845327,0.4494362275692633,0.4033951400333537,0.18430049455194028,0.34134589259815207,0.08007732923770419,0.07877405697865499,0.37406950707610676,0.0,0.3132705349772176,0.5652030267361287,0.8225406897420648,0.05797491592276101,0.12266348515941349,1.309,0.9319019036613083,1.309,1.1089631389951191,1.309,0.6266863424347249,23,45,26,18,13,8,96,93,5,92,97,84
-0.0011849107477579265,-0.0001574407877012558,0.9430112959263476,-0.007765406342342732,0.007703517047211024,-0.7072586318292136,0.706870272392687,0.024803059797545303,0.0005746600191125497,-0.38061845608114947,0.6070402551191663,-0.2262355324414522,-0.0029571958391621167,0.0254306926370774,0.0005740205744800257,-0.34507847088081367,0.5479907235384527,-0.20214044558676808,-0.0035824550873853503,1.1679333827703442,-0.06448799976759137,0.33940186117783067,-0.0686658909631278,-0.5835547438944377,-0.29187972831521425,-0.6965391320899109,0.2184719891514785,0.5187982970198358,-2.4727340059795675,-1.483529998742627,-0.30933580206285644,0.053868166783603746,0.5531234298741338,0.32838822999184736,0.13458497406845327,0.4494362275692633,0.4033951400333537,0.18430049455194028,0.34134589259815207,0.08007732923770419,0.07877405697865499,0.37406950707610676,0.0,0.3132705349772176,0.5652030267361287,0.8225406897420648,0.05797491592276101,0.12266348515941349,1.309,0.9319019036613083,1.309,1.1089631389951191,1.309,0.6266863424347249,23,45,26,18,13,8,96,93,5,92,97,84
-0.0012653214466487575,0.0001962784723771825,0.9429524052108428,-0.007892009738641653,0.007044137779973256,-0.7075620856856776,0.7065720000151129,0.024127517237996696,0.0009886230172241233,-0.3800034350288933,0.6076201237021736,-0.22632012797127282,-0.002980204003513557,0.024758616133431496,0.0009875214499982872,-0.345563334752108,0.5500640242879773,-0.20273184721623735,-0.0036085025871986447,1.1601391922611812,-0.06703904992919281,0.33829551150870435,-0.06693015864407016,-0.5808201903529847,-0.30967815476088223,-0.701132510284781,0.20648281600676915,0.5139160978271129,-2.480244262907779,-1.4835299999371314,-0.30674866767234266,0.05559309226541944,0.5489541258520967,0.320470725669944,0.14643274026988878,0.43428954473546316,0.40835618607227003,0.17632219311534622,0.3468456170574039,0.07905330965897409,0.08132377357630846,0.3713915000517854,0.0,0.3154056398844135,0.561943921064002,0.8344708005776094,0.06380216886944211,0.12906304902111604,1.309,0.919814573566744,1.309,1.101985967144115,1.309,0.627478111049892,25,43,26,18,13,8,95,95,5,92,96,84
-0.001247318635133733,0.0001742347073649251,0.9429011105621573,-0.007844289687210064,0.007146893472915166,-0.7073561516651458,0.7067776621643231,0.02413166835547486,0.0008890669603057986,-0.3803052542383597,0.6077415241112899,-0.22638145516011793,-0.0029557590715474464,0.024763462190680305,0.0008878315851877091,-0.34661717491999305,0.5516213709035388,-0.2033931077926598,-0.0035860462862891203,1.157465551039514,-0.06840240722409352,0.3376372389193877,-0.06372847821986483,-0.5770134429787481,-0.32570790722880727,-0.704367100257001,0.19490183441653539,0.511986230461532,-2.4852134512115684,-1.4835299999968565,-0.3025182247421718,0.05729807163884526,0.5460038939004953,0.3136496119029536,0.14643274026988878,0.43428954473546316,0.40835618607227003,0.17632219311534622,0.3468456170574039,0.07905330965897409,0.08132377357630846,0.3713915000517854,0.0,0.3154056398844135,0.561943921064002,0.8344708005776094,0.06380216886944211,0.12906304902111604,1.309,0.919814573566744,1.309,1.101985967144115,1.309,0.627478111049892,25,43,26,18,13,8,95,95,5,92,96,84
-0.0012906103231932807,0.000528225531419683,0.9428511701613025,-0.008065512689651144,0.006585924477342618,-0.7077268259878656,0.7064094512964659,0.023705355892791716,0.0013758398725152061,-0.379675990458669,0.6083183153084285,-0.22645600330628943,-0.0029691519570991063,0.024339176743617578,0.0013741180518306686,-0.34701400429460866,0.5534993582249066,-0.20389690060174023,-0.0036013317029978597,1.1473645459803132,-0.0704886859949557,0.3363385401562907,-0.06281844015182891,-0.5744400838064846,-0.3438705619449356,-0.7085165744104396,0.1835103638683375,0.5070554608243002,-2.4916063040066776,-1.4835299999998428,-0.3011623554950228,0.055888384529010356,0.5418369813243903,0.30676914704222696,0.16129753497619934,0.42023451298890796,0.4198644333743151,0.16618031172480996,0.35034123229646824,0.07811269936519677,0.08231162993293727,0.3684326346442332,0.0,0.3189610326503587,0.5584516917636867,0.8413306077630629,0.07052720173005658,0.13425781210016693,1.309,0.9124945317841859,1.309,1.1023166895840755,1.309,0.6298518286457744,27,41,26,18,13,8,95,96,6,92,96,84
-0.0012770537947480172,0.0005098579161287572,0.9428065342642172,-0.008050266534035155,0.006712119789888765,-0.7074468254994748,0.7066888493158596,0.023808899245269764,0.0012012032557302264,-0.37998790584474834,0.6084288847442124,-0.22649619066773,-0.002950175406500646,0.024442684188919334,0.0011993621714786037,-0.3479321557740666,0.5548813802085769,-0.2044902935302835,-0.003583296947432942,1.143974912606566,-0.07163271896239702,0.33555541351265683,-0.05981579275315831,-0.5708301156125052,-0.3600738670542167,-0.7112599001967248,0.17238529756521054,0.505124651563638,-2.4959409362770653,-1.4835299999999922,-0.29821607736442257,0.0548811413001977,0.5389139624057807,0.3011313266902177,0.16129753497619934,0.42023451298890796,0.4198644333743151,0.16618031172480996,0.35034123229646824,0.07811269936519677,0.08231162993293727,0.3684326346442332,0.0,0.3189610326503587,0.5584516917636867,0.8413306077630629,0.07052720173005658,0.13425781210016693,1.309,0.9124945317841859,1.309,1.1023166895840755,1.309,0.6298518286457744,27,41,26,18,13,8,95,96,6,92,96,84
-0.001286395200621228,0.0008672139484167981,0.9427542760666984,-0.00835282730660191,0.006292689768315193,-0.7079016980604445,0.7062335436770234,0.02367166503589069,0.0017800086559460796,-0.37943414893667177,0.609007794731128,-0.22656514886652268,-0.0029532808869971025,0.024305980023000943,0.0017777064858320688,-0.34831129003750044,0.5565170124463255,-0.20488765014985913,-0.0035871609558846135,1.1313441620393034,-0.073078402371952,0.3341417305107055,-0.05926302337075685,-0.5678767618016194,-0.37718197706992074,-0.7143348502309355,0.16151909728023117,0.5017181536395177,-2.5006038684415217,-1.4835299999999996,-0.29648724782372565,0.051157839973172914,0.5359833302227509,0.29599052899656597,0.1769582696345893,0.4094761114933972,0.44222445728685267,0.15339368928549535,0.3636367840190181,0.07734658709003386,0.08768670297701167,0.3655187725514436,0.0,0.3228317540522616,0.5549313801157065,0.8464614394316133,0.07643587428634323,0.13749815548283456,1.309,0.9063194172642897,1.309,1.1036964683508859,1.309,0.6302239415689459,30,40,27,19,13,8,94,96,6,92,96,85
-0.0012705924505406576,0.0008522782986568337,0.9427178873742307,-0.00835715154182453,0.00641158177775007,-0.7075422376882734,0.706592549864691,0.02380802397479552,0.0015302102358160199,-0.3797582212995325,0.6091443927239013,-0.22659153911585653,-0.0029363033528306067,0.024441862213804882,0.001527801370214567,-0.3490754075514496,0.5577320944658899,-0.20540525168651036,-0.003570200633532427,1.1271788067601658,-0.07389343889673533,0.3333104053090122,-0.05634416235775754,-0.5640879219455579,-0.39243101123247803,-0.7161096727438923,0.15088482457009061,0.500367792563892,-2.5044357494079326,-1.48353,-0.29390129663186343,0.048037929341331734,0.5339714453190791,0.2918875225556872,0.1769582696345893,0.4094761114933972,0.44222445728685267,0.15339368928549535,0.3636367840190181,0.07734658709003386,0.08768670297701167,0.3655187725514436,0.0,0.3228317540522616,0.5549313801157065,0.8464614394316133,0.07643587428634323,0.13749815548283456,1.309,0.9063194172642897,1.309,1.1036964683508859,1.309,0.6302239415689459,30,40,27,19,13,8,94,96,6,92,96,85
-0.001242667800581211,0.0011931931719951908,0.9426600982759066,-0.008787853169501984,0.0060795973394203754,-0.708056038077416,0.7060753919199956,0.023940565998472187,0.0021630956873466486,-0.3791489652905153,0.6098162152098032,-0.22669989120988152,-0.002923174888381113,0.02457358944281956,0.0021602248605251213,-0.3492768529223558,0.5591962832788828,-0.2057384168621932,-0.0035568221792475524,1.1123771123985817,-0.07471005252468553,0.3318045870040765,-0.0560859837768363,-0.560532982905821,-0.4072487698999163,-0.7175709949015329,0.14040226484394253,0.4984223434059637,-2.5100027813620374,-1.48353,-0.2945412361108571,0.0419975071572688,0.5319670870951551,0.2874009157616409,0.19063480927955706,0.4029634328428729,0.46789727319930813,0.14025568843452302,0.3704081902778581,0.07692416505117368,0.08728327012041318,0.3629163208304411,0.009573288026821577,0.3253230544798508,0.5514953853238904,0.8537890733964175,0.0783790191557586,0.1385124012177535,1.309,0.8984312882634999,1.309,1.1008417641930928,1.309,0.6252886740430815,32,39,28,19,13,8,93,97,6,92,96,84
-0.001233010600442155,0.001171134465360147,0.9426294376992925,-0.00877016100782183,0.006201654480996944,-0.7076435940260241,0.7064879104355061,0.024073959503549947,0.0018590236201017334,-0.37952698988095773,0.6099695727890191,-0.22674513967838136,-0.002909408711394651,0.024706251967415604,0.0018560460985789233,-0.3499335247332378,0.5602168111518845,-0.20619934348911995,-0.0035423513829969224,1.107232215701073,-0.07517617731206848,0.33095227970751057,-0.05324538792001918,-0.5563438508587877,-0.4204988843400669,-0.7179537668417741,0.13022659612932588,0.49785489020144374,-2.514289389070018,-1.48353,-0.293727990681375,0.03674130445099457,0.5305966842552463,0.2842777664548106,0.19063480927955706,0.4029634328428729,0.46789727319930813,0.14025568843452302,0.3704081902778581,0.07692416505117368,0.08728327012041318,0.3629163208304411,0.009573288026821577,0.3253230544798508,0.5514953853238904,0.8537890733964175,0.0783790191557586,0.1385124012177535,1.309,0.8984312882634999,1.309,1.1008417641930928,1.309,0.6252886740430815,32,39,28,19,13,8,93,97,6,92,96,84
-0.0011771507861628723,0.0014765222378067154,0.9425596952848037,-0.009197687090457292,0.005985399253551643,-0.7082063958618661,0.705920164330435,0.024337345980273182,0.0025408031332451375,-0.37905973403191684,0.6106500746339593,-0.22687954125580503,-0.002884127378513479,0.024968130126818297,0.0025374361480413935,-0.35015904709647944,0.5614432781433341,-0.2064553679136515,-0.003516148456774825,1.090375796400768,-0.07545998825673933,0.32921155690131376,-0.05312158285450851,-0.5520148747644246,-0.431965390688234,-0.7174581559280091,0.12020572987687317,0.49744226836615285,-2.520337587500215,-1.48353,-0.2973643164523334,0.0273900708585931,0.5292252129208711,0.2798766052642593,0.20080709430566307,0.40009044636116503,0.48551265444688413,0.13175868387088252,0.3757628604229767,0.07707072034846364,0.08658267750537015,0.36081140139265844,0.022622102553017023,0.32548235940732656,0.5480568423513663,0.8619372477291083,0.07866691121587506,0.13775145511717649,1.309,0.8874883181995908,1.309,1.0920028758089253,1.309,0.6159797510380596,34,39,29,20,13,9,93,99,6,91,96,84
-0.0011663041786257856,0.0014620868632286032,0.9425359528829215,-0.009129701322686909,0.0061135650757636545,-0.7077474598176429,0.706380071914191,0.024414102391617676,0.002190832748933153,-0.3795728294179146,0.6108069807062528,-0.22691146275525562,-0.002866729918946162,0.025044277899436227,0.0021873929794543117,-0.3508049295954727,0.5622759141720993,-0.20682981129324995,-0.0034977899076585727,1.0841960388267546,-0.0756194744083086,0.32826674804257266,-0.050355966880130706,-0.5472664103149133,-0.4423279633988633,-0.7161851617785437,0.1106537670896977,0.49776502897995023,-2.5247069907233652,-1.48353,-0.2988576871498113,0.019243129692196867,0.5282193431013225,0.2773752629928767,0.20080709430566307,0.40009044636116503,0.48551265444688413,0.13175868387088252,0.3757628604229767,0.07707072034846364,0.08658267750537015,0.36081140139265844,0.022622102553017023,0.32548235940732656,0.5480568423513663,0.8619372477291083,0.07866691121587506,0.13775145511717649,1.309,0.8874883181995908,1.309,1.0920028758089253,1.309,0.6159797510380596,34,39,29,20,13,9,93,99,6,91,96,84
-0.0011072819769130467,0.0017126949474688849,0.9424481326193169,-0.009513776092060182,0.005990387915684369,-0.7083987171718187,0.7057229348876315,0.024742821050697212,0.0029833631653921897,-0.3792548992939079,0.6115098216396774,-0.22707203517711694,-0.0028379640874649776,0.025371119901758294,0.0029796422456888905,-0.3511077823838958,0.5633098169098809,-0.20700261538213363,-0.003467768373467861,1.064523272924523,-0.07549320889106761,0.3263531856082694,-0.049594345375222705,-0.5419162994740655,-0.44953639827646524,-0.7134805929873103,0.10150451806151953,0.498809152775826,-2.5302149192580754,-1.48353,-0.30579136042141825,0.006887344843363927,0.5266933975183631,0.2730478517859418,0.2076411404313571,0.39947333284424485,0.4950277881030292,0.13436023674732023,0.3834197420245235,0.07781841940001802,0.09182559421848353,0.3594652289405952,0.03439581443429045,0.32396855680725556,0.5441986873200777,0.863263331441481,0.07733635946061719,0.13685402426909354,1.309,0.8723771789960075,1.309,1.0760145690298746,1.309,0.6068099220477752,35,39,30,20,14,10,92,99,6,91,96,84
-0.0010898034914111586,0.0017077747655000943,0.9424313098134058,-0.00939891112289902,0.006122328809354533,-0.7078754059853523,0.7062482475452434,0.024753304992193473,0.0025904524639333935,-0.3799106981175634,0.6116825243748469,-0.22708907290696892,-0.0028154443132078952,0.025381231721623702,0.0025867018629431252,-0.3517651093663927,0.5640057743385688,-0.2072988920612058,-0.003444296724468194,1.0570515660741673,-0.07539030747031064,0.32533739607524503,-0.046470683203788055,-0.5364168449645459,-0.4562545725846972,-0.7103946706752166,0.0930125094497308,0.49998586096583225,-2.5340786672481057,-1.48353,-0.3100492622367122,-0.003927123393824009,0.5253983277680393,0.27108964070681146,0.2076411404313571,0.39947333284424485,0.4950277881030292,0.13436023674732023,0.3834197420245235,0.07781841940001802,0.09182559421848353,0.3594652289405952,0.03439581443429045,0.32396855680725556,0.5441986873200777,0.863263331441481,0.07733635946061719,0.13685402426909354,1.309,0.8723771789960075,1.309,1.0760145690298746,1.309,0.6068099220477752,35,39,30,20,14,10,92,99,6,91,96,84
-0.001020479115229675,0.0018821704065324681,0.9423252256058736,-0.009609135719033057,0.006030421737859889,-0.70859917290875,0.7055200285445007,0.02486574448333606,0.003469966539515478,-0.3798045009508042,0.6123536582572265,-0.22726543861716197,-0.00277677820474923,0.025492790349692495,0.0034660349225569547,-0.3522491245945297,0.5648838151416619,-0.20740805375670862,-0.0034047988024715806,1.0345763013209146,-0.07508511513669622,0.32358415834573273,-0.04428780583297059,-0.5300933453894762,-0.45849406771405393,-0.7050972354386663,0.0854691867426461,0.5006264978418323,-2.537533221466202,-1.48353,-0.320315598411989,-0.020366653099134536,0.5223787709875594,0.2661492462822471,0.2115639773647246,0.39943535447972145,0.4971698481472944,0.1537730191451238,0.3929029536086496,0.07798405114603227,0.09803472520550102,0.3593041263239899,0.03436673724895222,0.3225987613237666,0.5392336619304668,0.8482069344898866,0.07789071093763562,0.13864581418577596,1.309,0.851164499627146,1.309,1.0481600217392562,1.309,0.6010044159035739,36,39,30,21,14,10,91,97,6,90,95,84
-0.000983252207373562,0.0018933307614468183,0.942313187543004,-0.009470297528275788,0.0061815018676429105,-0.7080076991292625,0.7061141554119098,0.02482923798249073,0.0030188715013556573,-0.3806058183213932,0.6125390459218154,-0.2272541322761662,-0.002729426064060898,0.02545630926519228,0.003014984143041727,-0.35295741221457944,0.565505685747909,-0.2076422073089507,-0.0033570212710012062,1.0258060749002977,-0.07482608046501915,0.3226211093187675,-0.04044060098341707,-0.5238871125244339,-0.4609360646147143,-0.6999711935008904,0.07872120713616602,0.5018617588533355,-2.5398415332399966,-1.48353,-0.3275665018141588,-0.034608197149153905,0.5198415576710044,0.2641690123253197,0.2115639773647246,0.39943535447972145,0.4971698481472944,0.1537730191451238,0.3929029536086496,0.07798405114603227,0.09803472520550102,0.3593041263239899,0.03436673724895222,0.3225987613237666,0.5392336619304668,0.8482069344898866,0.07789071093763562,0.13864581418577596,1.309,0.851164499627146,1.309,1.0481600217392562,1.309,0.6010044159035739,36,39,30,21,14,10,91,97,6,90,95,84
-0.0009145845606959053,0.00199700849285533,0.9421785536566765,-0.009551349371914986,0.0061489580607451575,-0.7088256945361305,0.705292206681256,0.02484162584737749,0.004011064713527002,-0.3807009325569101,0.6132081467072581,-0.22744812048794547,-0.002677859419364679,0.025468282915895254,0.00400711811987548,-0.35364696832043213,0.5662898832362943,-0.2077023663379676,-0.003305027855060365,1.000113510393118,-0.07487587394996761,0.32214015509903404,-0.035842764129309944,-0.5171695712100498,-0.4576848740750196,-0.6909073133984681,0.073738944781274,0.5027333139277506,-2.5417295880694013,-1.48353,-0.3442588213716762,-0.05526036956742622,0.5149641219567056,0.256577594044862,0.21128102458639128,0.39830417168491894,0.49147506569083965,0.19069070344885217,0.40525782522425213,0.07393069849120064,0.11304944369455783,0.3611436946289456,0.04133793134726797,0.32322439204743647,0.5329475270168514,0.8124274579312001,0.07570173644307686,0.14667476507726288,1.309,0.8213278342649153,1.309,1.0014175910967253,1.309,0.5973345033587593,36,39,31,21,15,10,90,92,6,90,94,84
-0.0008746854258992234,0.002024754216367216,0.9421693160980597,-0.00938960647864475,0.0063354760450100335,-0.7081706026470574,0.7059504901761618,0.02480952771372666,0.0035204980982908992,-0.38167698755967555,0.6134180360897049,-0.2274111145898098,-0.0026177433745094266,0.025436271339294936,0.0035167003311218723,-0.35445756209029466,0.5668784589241413,-0.2078868303989997,-0.0032447978355913893,0.9896227757188883,-0.07453874509090501,0.3216728606857701,-0.030640008604189937,-0.5105517030158062,-0.45529606544950957,-0.6829390803335114,0.06960060751625192,0.5044520128181822,-2.542145081942813,-1.48353,-0.3565895766186617,-0.07300619914237536,0.5107183477847688,0.25315803565724637,0.21128102458639128,0.39830417168491894,0.49147506569083965,0.19069070344885217,0.40525782522425213,0.07393069849120064,0.11304944369455783,0.3611436946289456,0.04133793134726797,0.32322439204743647,0.5329475270168514,0.8124274579312001,0.07570173644307686,0.14667476507726288,1.309,0.8213278342649153,1.309,1.0014175910967253,1.309,0.5973345033587593,36,39,31,21,15,10,90,92,6,90,94,84
-0.0007907580988140656,0.002062653795244349,0.9420048251552854,-0.009192074098144789,0.006313431321418033,-0.7091032743273163,0.7050164485293965,0.024427664866394805,0.004660612882112628,-0.38210048475676234,0.6140136296459788,-0.22759450323582434,-0.0025515006547997907,0.025055793584793318,0.004656815877604515,-0.35554145123568104,0.5675795262783461,-0.20788528707901435,-0.0031791056513010146,0.9600683587842423,-0.07557206660350396,0.3241571890558731,-0.0225450593947778,-0.5046478995887684,-0.4463176466403775,-0.6677845085370016,0.06817678297534095,0.5045785881323457,-2.54053944204311,-1.48353,-0.38027298468557635,-0.09826222695118013,0.5030087119745027,0.24147947354289312,0.20349778114700012,0.3953499575798232,0.47143179182739936,0.23796352219777173,0.4280140214236998,0.06151538612360158,0.15829151949890444,0.36680905956085796,0.06976620326960202,0.32733978243053025,0.5265046615364068,0.762204491694342,0.08697912904496065,0.16419973826958556,1.309,0.7792940401448771,1.309,0.933462489811979,1.309,0.5913663674348572,34,38,31,22,17,12,89,85,7,89,92,84
-0.0007392633014380296,0.002117116328101029,0.9419959527769058,-0.009039582643285526,0.006553584320613737,-0.7083626815257319,0.7057603331867432,0.024439326656066126,0.004119135476020024,-0.3832693889854849,0.614257759792405,-0.22750438241323565,-0.0024629861569789567,0.025067598982143523,0.004115664972253828,-0.35649971257488505,0.5682098193089755,-0.20801957998646534,-0.0030910999086614984,0.9476203877271031,-0.07516420704197421,0.32484407390506814,-0.015435405781922326,-0.4983109507260996,-0.43879831067788877,-0.6552751746414439,0.06761151525035107,0.5063483062630395,-2.5376918254113643,-1.48353,-0.39841067326830554,-0.11975051641645668,0.4962921639842494,0.23536083455382684,0.20349778114700012,0.3953499575798232,0.47143179182739936,0.23796352219777173,0.4280140214236998,0.06151538612360158,0.15829151949890444,0.36680905956085796,0.06976620326960202,0.32733978243053025,0.5265046615364068,0.762204491694342,0.08697912904496065,0.16419973826958556,1.309,0.7792940401448771,1.309,0.933462489811979,1.309,0.5913663674348572,34,38,31,22,17,12,89,85,7,89,92,84
-0.0006291784573648708,0.0021031341533742833,0.9418058171161138,-0.008613959416338435,0.006350274370450836,-0.7093960533441815,0.7047288224688225,0.023454045403087237,0.005371936663544222,-0.3837138975089348,0.6148949647643128,-0.22770594949092648,-0.0023682919415126927,0.024086431955807463,0.005368315670777584,-0.35771912785025956,0.5690420137542617,-0.20802499096341284,-0.0029985533124884576,0.9143091470058966,-0.07815091566385017,0.33218528911390843,-0.0034342081999709922,-0.4954355629173971,-0.42421717932221875,-0.6309619554165296,0.07014180779167176,0.5027499611216091,-2.5347988047644754,-1.48353,-0.4339124156432341,-0.1500780545131444,0.483226328504069,0.21596525824936594,0.18590629345688392,0.39123961992491396,0.4319149370216623,0.28431746000210134,0.4732614902954351,0.04381832346703224,0.2401400437681175,0.37961022931948796,0.10524241141746199,0.3370324858847733,0.5212849227957599,0.7129556286196068,0.09823711358556228,0.1921221090549365,1.309,0.7198896995647327,1.309,0.8517564891294838,1.309,0.58089985480345,31,38,30,24,22,14,88,78,8,87,90,83
-0.0005863088776047362,0.002172354247121006,0.941788993657803,-0.008482143934203198,0.0067139558930475775,-0.708584555761126,0.7055429847765151,0.023630762903957762,0.004792765098753621,-0.3850971824264349,0.6151367121185187,-0.2275889934499128,-0.002249533942375098,0.024262936819750936,0.004789776274712283,-0.35889350722643937,0.5697370159054946,-0.20816008301136849,-0.0028810166145339902,0.8995508614438323,-0.07772913220887293,0.3347671630031225,0.005844746561520437,-0.4906495661573968,-0.41156324715607423,-0.6115165385216212,0.07374505848464606,0.503551479753437,-2.528529321041201,-1.48353,-0.4606999028088705,-0.17563692436211956,0.47186882148981807,0.2046001926365524,0.18590629345688392,0.39123961992491396,0.4319149370216623,0.28431746000210134,0.4732614902954351,0.04381832346703224,0.2401400437681175,0.37961022931948796,0.10524241141746199,0.3370324858847733,0.5212849227957599,0.7129556286196068,0.09823711358556228,0.1921221090549365,1.309,0.7198896995647327,1.309,0.8517564891294838,1.309,0.58089985480345,31,38,30,24,22,14,88,78,8,87,90,83
-0.000375942259887822,0.002632732077388412,0.9415164221682151,-0.008078647360378246,0.007367237869724708,-0.7073102789241739,0.7068186674043102,0.023745807890463436,0.0011352317679569224,-0.390850738184145,0.6190566392743874,-0.22709188316171716,-0.0019124275575426893,0.024380397320972885,0.0011337814204262862,-0.36466845747678156,0.5754626912119086,-0.20949878809284572,-0.0025475234961741832,0.8213088517664909,-0.07689476997587681,0.3455959722405341,0.04418010240230068,-0.48899092253543597,-0.316779236899636,-0.4658747193372969,0.11849491173833389,0.5118080977718235,-2.4569755780280684,-1.48353,-0.6531869703883276,-0.31918295730131996,0.3776862197333818,0.13954693065043602,0.1611470177815073,0.3872214182012175,0.37527088701342454,0.3255513348193654,0.5017066570049284,0.03756718240491927,0.3174423344017358,0.4042547321432534,0.1197741274893219,0.35690951713696106,0.5158226880088409,0.6808197188606762,0.12793692768114426,0.22763779655047664,1.2157062106833845,0.6396639213475002,1.304424839580638,0.769295563732331,1.0522286023918115,0.5709162660494232,27,37,28,26,27,15,87,73,11,79,88,69
-0.00035096456454908846,0.0026553670439736204,0.9415103853595872,-0.008161173040746353,0.007341279243739725,-0.7072315558677236,0.7068967585571342,0.02380631185773446,0.0007804074561592294,-0.39106931969196895,0.6196172722158895,-0.22724390288600105,-0.0018961729329210167,0.024440596084483724,0.000778853656110685,-0.3648490482201954,0.5760806609413666,-0.20979507812346954,-0.0025308902228447145,0.8201907023423155,-0.07629463552807651,0.34362843265829923,0.0427983509077765,-0.4896491643026058,-0.3093974640066738,-0.45635733704365206,0.12389399938699952,0.5135963342851115,-2.449115768667176,-1.48353,-0.6676665328128929,-0.3274297634682034,0.3694570173296961,0.1428176424206528,0.1611470177815073,0.3872214182012175,0.37527088701342454,0.3255513348193654,0.5017066570049284,0.03756718240491927,0.3174423344017358,0.4042547321432534,0.1197741274893219,0.35690951713696106,0.5158226880088409,0.6808197188606762,0.12793692768114426,0.22763779655047664,1.2157062106833845,0.6396639213475002,1.304424839580638,0.769295563732331,1.0522286023918115,0.5709162660494232,27,37,28,26,27,15,87,73,11,79,88,69
-0.0003303186136788183,0.002671865323011728,0.9415041940966584,-0.008234255740142585,0.007315320810176452,-0.7071771298591923,0.7069506277795962,0.023855751861844965,0.0005298342885573017,-0.3912461691790535,0.6201222890124574,-0.2274158021680083,-0.0018795326197266423,0.024489770997300393,0.000528183049328074,-0.3650033380443146,0.5766318643673279,-0.21007196473146217,-0.0025139281236896843,0.8194510901777068,-0.07585590563538519,0.3418758330760059,0.04117230043110119,-0.4905273512309747,-0.30286150186698924,-0.4482695250986182,0.12893276355121883,0.515074666754536,-2.4421752329340345,-1.48353,-0.6807022869632176,-0.33427089990889347,0.3621286225789594,0.1469127146120944,0.1611470177815073,0.3872214182012175,0.37527088701342454,0.3255513348193654,0.5017066570049284,0.03756718240491927,0.3174423344017358,0.4042547321432534,0.1197741274893219,0.35690951713696106,0.5158226880088409,0.6808197188606762,0.12793692768114426,0.22763779655047664,1.2157062106833845,0.6396639213475002,1.304424839580638,0.769295563732331,1.0522286023918115,0.5709162660494232,27,37,28,26,27,15,87,73,11,79,88,69
-0.0001723525733932821,0.002507819728592016,0.9412891760075913,-0.006865629895029354,0.006327308281518073,-0.7091226330347105,0.705023346857375,0.020396961102275155,0.0032244987866438665,-0.39111695376237826,0.6204304060754096,-0.2279654101609046,-0.001797941775111326,0.021046671262212307,0.0032231097941309485,-0.3664083894124624,0.5773248803223421,-0.21007330938320035,-0.0024401577715845563,0.7837828810787649,-0.08867426998615237,0.358533405193736,0.053271472503662966,-0.5064898730798223,-0.28609060026548605,-0.4163006253596321,0.13017778511941475,0.5057231408678583,-2.4269897465378305,-1.48353,-0.7103401360931891,-0.3509609468283253,0.34499698887378494,0.1279343103474038,0.13619940362654803,0.3855574387456587,0.3484752833398686,0.3760211429723331,0.5559781762411752,0.0657127808016003,0.4010459966733394,0.4474313154976199,0.15429820617034143,0.3960533252683769,0.5054561129304029,0.6731954138296179,0.2189914179828042,0.26676111451647405,0.9706372523878799,0.5442658301364018,1.1325694065333969,0.6959128898996101,0.848142226407869,0.5680169338226564,23,37,28,29,32,18,86,72,17,62,77,58
-0.00013721396357125836,0.0028312336346461033,0.9412522675868096,-0.007557374926164094,0.007596041985220504,-0.7072635441002694,0.7068687752455264,0.022986123661622636,0.0009590813845523792,-0.3943876727606351,0.6220693020507827,-0.22768234495384237,-0.0015289310956242562,0.02362526039041638,0.0009582715481527635,-0.3692304277629332,0.5802569126001854,-0.21088058815414237,-0.002169699223800875,0.7576368225009436,-0.08267127278051789,0.3646912942034028,0.06484565363049605,-0.5275686180816558,-0.23400106056325173,-0.33480828510540117,0.15856726698681212,0.5072269422088204,-2.372735479695324,-1.48353,-0.8034055570174264,-0.3994047169321309,0.2904684775609308,0.09572503153878494,0.13619940362654803,0.3855574387456587,0.3484752833398686,0.3760211429723331,0.5559781762411752,0.0657127808016003,0.4010459966733394,0.4474313154976199,0.15429820617034143,0.3960533252683769,0.5054561129304029,0.6731954138296179,0.2189914179828042,0.26676111451647405,0.9706372523878799,0.5442658301364018,1.1325694065333969,0.6959128898996101,0.848142226407869,0.5680169338226564,23,37,28,29,32,18,86,72,17,62,77,58
0.00036740043742106783,0.003052888679778247,0.9410896114610793,-0.0069229259146035525,0.007470945888110634,-0.7069824245860845,0.707157768387436,0.02123524434835901,-0.00016900052025884391,-0.3974636010115551,0.6247755302361798,-0.22799460221101722,-0.0009275661351405633,0.021883109033414325,-0.00016937197048544304,-0.3735095320907145,0.5853848455493861,-0.21252533644721883,-0.0015754865049039193,0.697552759953841,-0.08484831526650133,0.39059796843059236,0.07870850090818865,-0.611937377527292,-0.14792619919060038,-0.18518793617063137,0.18526748500202508,0.46386114967949243,-2.238665846308225,-1.4194369663990043,-0.9814009669258066,-0.4627218161444335,0.15934160798085872,0.002903668145178954,0.1167956533076235,0.3915753689131201,0.35384520766264965,0.4641948451705287,0.6070083921636658,0.1396904286496796,0.4497872830950094,0.5179529147207775,0.16804141739273531,0.46632384142534267,0.48600907844602886,0.6847904039954873,0.33377786570882434,0.33406406479956635,0.8674236291462286,0.45208107333779673,1.0546605441715404,0.6358717223086444,0.7267784530358304,0.5670253337347821,20,38,30,34,36,20,82,74,25,53,72,52
0.0007302092417540939,0.0030179989890294556,0.9412345138582492,-0.0077273912150977574,0.007545926198295155,-0.7069638345099892,0.7071672242954636,0.022123897490070342,-0.0002920033519613661,-0.39668647175939187,0.6258013524991365,-0.22880913417451218,-0.0005423159225114076,0.02276716548559561,-0.00029309777507275704,-0.3722181445330166,0.585584096926596,-0.2131118498907824,-0.0011861929524179626,0.7121910198767405,-0.08261971770256386,0.38543592580764535,0.056686693164570985,-0.6348847582835575,-0.13121435186765978,-0.16437158317848935,0.2091939197664313,0.4038630870156656,-2.1440509959510403,-1.319206545338103,-1.0950172781096084,-0.4948457497423088,0.10789424527084253,0.0029762537088335495,0.1167956533076235,0.3915753689131201,0.35384520766264965,0.4641948451705287,0.6070083921636658,0.1396904286496796,0.4497872830950094,0.5179529147207775,0.16804141739273531,0.46632384142534267,0.48600907844602886,0.6847904039954873,0.33377786570882434,0.33406406479956635,0.8674236291462286,0.45208107333779673,1.0546605441715404,0.6358717223086444,0.7267784530358304,0.5670253337347821,20,38,30,34,36,20,82,74,25,53,72,52
0.0012043789168102073,0.00284187802220233,0.9414769552108516,-0.008254674779059782,0.007879321529800887,-0.7069614122526544,0.7071600513478218,0.022839264504224834,-0.00024494759520796443,-0.3956735102593353,0.6250994832239539,-0.22876735560202863,-2.6378767445938556e-05,0.023478779971884745,-0.0002461841141990328,-0.37109847425267595,0.5846943351165649,-0.21306396264470845,-0.0006676796012675558,0.6570342515265338,-0.1011123109088155,0.435078811817332,0.07971543925212761,-0.7227251270742279,-0.09706760587102578,-0.07788956652963563,0.17344166745940923,0.27400931114452526,-1.9599083647784061,-1.1626449153915739,-1.2365732170503532,-0.5099751383132488,-0.01090384858143631,-0.08201898827565472,0.10477373815342396,0.4118741938856374,0.28632550493975206,0.6070426180702974,0.5723672542497149,0.30254054744192926,0.4202599947959871,0.6197983569084979,0.1265380462856708,0.5720458605946065,0.45637274197534194,0.7025992724439393,0.4130871279026034,0.4124169127431913,0.8195078485541668,0.3855478830680039,0.9667367033090603,0.5901868826530057,0.588521637833739,0.5498278715765963,18,40,30,36,37,21,77,76,31,48,66,44
0.0012636389815048107,0.00249306015685641,0.9421689436966783,-0.011473577160938653,0.0083376336485524,-0.7069897177949505,0.7070815934702948,0.02838459839542048,-0.0001970346513144051,-0.38981142225978194,0.6247728955347311,-0.23041002684202977,-0.0003190326821830485,0.028990626989691112,-0.00020061143492961712,-0.3609557525250434,0.5771884323371388,-0.21195378761272873,-0.0009283412297929256,0.6670529180201716,-0.10037251717858298,0.4369861319160585,0.06586070407704232,-0.7344194464720204,-0.09258859279164726,-0.06736293095152625,0.17987435663241497,0.1229288311365128,-1.803899259687048,-0.9590043841848185,-1.4042025624681758,-0.5005787928358132,-0.08126031152139764,-0.10371573140993336,0.10477373815342396,0.4118741938856374,0.28632550493975206,0.6070426180702974,0.5723672542497149,0.30254054744192926,0.4202599947959871,0.6197983569084979,0.1265380462856708,0.5720458605946065,0.45637274197534194,0.7025992724439393,0.4130871279026034,0.4124169127431913,0.8195078485541668,0.3855478830680039,0.9667367033090603,0.5901868826530057,0.588521637833739,0.5498278715765963,18,40,30,36,37,21,77,76,31,48,66,44
0.0007039921943233856,0.002133673848787691,0.9432009428816909,-0.014090773359525088,0.009539041084724656,-0.7070860953108714,0.7069227048407347,0.034916593807465736,0.00013710295554678628,-0.38404935266229406,0.6206132147035766,-0.2300605323563681,-0.0013805177340101508,0.03547429060961917,0.00013265631864577766,-0.3502827309874521,0.564690833565587,-0.20828294714764514,-0.0019434714162816127,0.5853311367538815,-0.1245295346464938,0.508275127952424,0.1157870633194095,-0.8233548299904406,-0.07846932169108609,-0.005676025669577606,0.11379354753049362,-0.09777686322429609,-1.5858489860867013,-0.7046761540861722,-1.5269766498707524,-0.4105549258163484,-0.2409406284254157,-0.15640915591245666,0.10270772210466818,0.44684933545854233,0.20085214125365705,0.7829403907447899,0.4912480681683253,0.47853337074748536,0.3154732190330507,0.7376788283393447,0.01639661783090837,0.6950495366051724,0.41774167667157697,0.7155278512379648,0.404338368321009,0.4858741906747885,0.785106012733957,0.3535707633644198,0.8230106720030418,0.5557482640188101,0.39275760258854353,0.5015164248431073,17,45,30,36,35,18,71,78,32,45,57,32
-0.00011304004084529877,0.0019808849231723056,0.9442375386078482,-0.01700543573395096,0.010529605195227503,-0.7070549695621846,0.7068756698227419,0.04193885045835104,5.769516454438973e-05,-0.3774824557316352,0.616150209074235,-0.22959961211894966,-0.0029006713259195384,0.042433317763449906,5.2349710012261275e-05,-0.3359076325449716,0.5472271517441629,-0.20258815951114598,-0.0033990312711770733,0.5692688695815692,-0.11799301850845907,0.5155374499168773,0.13089570139650872,-0.8218721867378133,-0.07659255318175147,-0.000600726502106605,0.1116113623894146,-0.25876904445652577,-1.459299212192808,-0.49610881761538317,-1.6316689830704756,-0.31570387834145147,-0.3110883806355031,-0.1531604034902313,0.10270772210466818,0.44684933545854233,0.20085214125365705,0.7829403907447899,0.4912480681683253,0.47853337074748536,0.3154732190330507,0.7376788283393447,0.01639661783090837,0.6950495366051724,0.41774167667157697,0.7155278512379648,0.404338368321009,0.4858741906747885,0.785106012733957,0.3535707633644198,0.8230106720030418,0.5557482640188101,0.39275760258854353,0.5015164248431073,17,45,30,36,35,18,71,78,32,45,57,32
-0.0006874777562669395,0.0022808053726151127,0.9448680696366955,-0.01574792438268374,0.011602563291079932,-0.7070477665935939,0.7068952108747982,0.042375764424094395,0.00014246952015070508,-0.3776236716098604,0.6085138060579511,-0.22514372634224647,-0.0036144885728962147,0.042865704642723025,0.00013880538935557028,-0.3338731679130761,0.5360215056875234,-0.196602151807989,-0.004107198103255688,0.4817044411726366,-0.15116122238918922,0.5999264605778136,0.19203682540551167,-0.904625749806871,-0.08239180816443856,0.0352508665494127,0.03805676577461943,-0.34864270020439303,-1.3756708921383105,-0.41588192281886843,-1.5960459210180935,-0.230107803919252,-0.4401081435282105,-0.1365528518736618,0.11803434838434892,0.4858579503860987,0.1267050393885016,0.9284285675501457,0.40196779231778024,0.6045384196595359,0.1893742277740116,0.8310449461487474,0.0,0.7911337691051072,0.37257353301434487,0.7202292010108307,0.3570176053775371,0.5424865978636877,0.7563672118311081,0.34096967815123846,0.6615724809424243,0.5228435192710834,0.18281740974670435,0.42464269980731634,20,50,29,34,30,19,63,79,31,43,48,19
-0.0007278938460617994,0.002282080679919357,0.9449211997644494,-0.015822260164898485,0.011641035825051138,-0.7070375075105614,0.7069031796090948,0.04260261450433719,8.960272102316165e-05,-0.37732789225564817,0.6081248362697483,-0.22499295712267547,-0.003698087786552639,0.043090219762101374,8.594403021630537e-05,-0.3331519694302311,0.5349400342416796,-0.19618336998820918,-0.0041878739720327155,0.48072831248377984,-0.14997155244138952,0.6001646988639949,0.19368541431384087,-0.9046808768549993,-0.08233036422071983,0.03533953060030294,0.03663961658526727,-0.3548851837624637,-1.3711640505859075,-0.4070629311085311,-1.5988520456539126,-0.22459042686516043,-0.44524772868127455,-0.13543228892350656,0.11803434838434892,0.4858579503860987,0.1267050393885016,0.9284285675501457,0.40196779231778024,0.6045384196595359,0.1893742277740116,0.8310449461487474,0.0,0.7911337691051072,0.37257353301434487,0.7202292010108307,0.3570176053775371,0.5424865978636877,0.7563672118311081,0.34096967815123846,0.6615724809424243,0.5228435192710834,0.18281740974670435,0.42464269980731634,20,50,29,34,30,19,63,79,31,43,48,19
-0.0007430326586303989,0.002598086540784374,0.9452697576986049,-0.013687902337869451,0.012053368435757904,-0.70707732838192,0.7069009897625188,0.03994502189569935,0.00048224010605845677,-0.3785372628021733,0.60160067731367,-0.2210087867443394,-0.003385200276998912,0.0404584297589811,0.0004802187865818201,-0.3353432748496765,0.5300134779535255,-0.1926100603527762,-0.003903878248684063,0.4041575068975262,-0.19660879723783653,0.6954417402587927,0.2441486760709797,-0.9805722335356997,-0.09963925298118541,0.05917174401001903,-0.018094338298294946,-0.38677466777066555,-1.3419798369350446,-0.4032273274022462,-1.5255140724857605,-0.1790747269701018,-0.5454084129361616,-0.09833914524818868,0.15633442944876563,0.5130421341643187,0.0608754960599429,0.9708202239800127,0.3053818998309447,0.630396249199349,0.08198249574259615,0.8523501716011959,0.0,0.8117624787595439,0.32487558696622454,0.720220517997802,0.2996860876302313,0.5675545699238644,0.7337986036196646,0.3181113540106102,0.5135107376151866,0.479315217165855,0.0,0.33738009438524674,26,53,27,29,25,19,55,79,29,41,39,7
-0.0007924091930149206,0.0026030013218042735,0.9452990938986341,-0.013754327890784127,0.012108786176685846,-0.7070442525848001,0.7069318359279082,0.040213534836605766,0.00026599841003596887,-0.37838032301412955,0.6013105489523894,-0.2207731913944261,-0.00352860812912619,0.040724036732826,0.00026397755278363666,-0.3349187125275326,0.5293373365135111,-0.19230909459406476,-0.00404259774896356,0.40376138581950044,-0.1951551753743418,0.695894286649619,0.24591209129532743,-0.9811783318872336,-0.0998905668090582,0.05862508011571301,-0.01992941821200675,-0.3896010165250555,-1.3404301806797718,-0.39836632853324044,-1.526017833031288,-0.17522694519497495,-0.5519471602807637,-0.09617714298385402,0.15633442944876563,0.5130421341643187,0.0608754960599429,0.9708202239800127,0.3053818998309447,0.630396249199349,0.08198249574259615,0.8523501716011959,0.0,0.8117624787595439,0.32487558696622454,0.720220517997802,0.2996860876302313,0.5675545699238644,0.7337986036196646,0.3181113540106102,0.5135107376151866,0.479315217165855,0.0,0.33738009438524674,26,53,27,29,25,19,55,79,29,41,39,7
-0.0005620676763921413,0.002824333978113064,0.9456377028108083,-0.011702022564086383,0.012120673642154462,-0.7070606548591872,0.7069521782189154,0.03678048203829122,0.00043245194839506163,-0.3786511980965352,0.5949106595065264,-0.21710759702393648,-0.002955148183812795,0.03732135945105824,0.00043186881899144624,-0.33719407077606833,0.5262615335307821,-0.18983829179935383,-0.0035004282276673597,0.3349419046136766,-0.24948680258783446,0.7995313386769946,0.29326839509954156,-1.0463304778583742,-0.11889843446140486,0.08038585756890257,-0.04518493391441911,-0.40475759116338733,-1.3341995005487546,-0.41776719766130577,-1.4349485496031442,-0.14613973594031412,-0.636054264454602,-0.04142452796066401,0.20719547060686036,0.519359719911055,0.0028410993162739295,0.879645035433931,0.19418161502558237,0.539946847096063,0.017543613308734,0.7800614963235641,0.0,0.7405396236962274,0.28044383262699385,0.7216531366077165,0.20952422852121136,0.5554414962228332,0.7171880956889244,0.2659706985314771,0.42323000413081335,0.42213750655888116,0.0,0.26118998863752313,35,54,21,21,20,18,47,79,24,39,33,5
-0.0006000136587318692,0.002829500729181279,0.9456498761433932,-0.011746641628664812,0.012171148832913084,-0.7070310746221956,0.7069801546472998,0.03699367048064907,0.00023143064474054003,-0.37854443944236205,0.5946535289120454,-0.21687722913676627,-0.003076841615289893,0.03753235335056799,0.00023087398443542078,-0.3369608347752451,0.5258482428169564,-0.18963519995330236,-0.0036183255526489157,0.3349958233457407,-0.24888093094410127,0.8001075591180076,0.294107056172226,-1.0470644207873374,-0.11906674283643258,0.07953601079906172,-0.04508677980623004,-0.40543406253575326,-1.3347126605980144,-0.4160073132248228,-1.4343467568536625,-0.14387315333236692,-0.6407919498407185,-0.03813750944056633,0.20719547060686036,0.519359719911055,0.0028410993162739295,0.879645035433931,0.19418161502558237,0.539946847096063,0.017543613308734,0.7800614963235641,0.0,0.7405396236962274,0.28044383262699385,0.7216531366077165,0.20952422852121136,0.5554414962228332,0.7171880956889244,0.2659706985314771,0.42323000413081335,0.42213750655888116,0.0,0.26118998863752313,35,54,21,21,20,18,47,79,24,39,33,5
-0.0001617453141065809,0.002944848041796863,0.9460251663854492,-0.009757466990933142,0.011702076423644639,-0.7071275743271636,0.7069218110028008,0.0326334401620535,0.0007703734031403438,-0.37770752976037547,0.5884812144951084,-0.2139659286795703,-0.0021483694057114,0.03320739331370991,0.0007709941467521571,-0.33886587211544467,0.5240770424477096,-0.18817504126961745,-0.0027272083551865213,0.2733819323603673,-0.310946560209907,0.9049751440102011,0.33800577339011617,-1.100049251318823,-0.1293135412927676,0.11762639761824199,-0.03372491779709084,-0.4138774434440355,-1.3421005001868154,-0.45031301561068476,-1.3447635963840325,-0.1307860591552401,-0.6969573023874783,0.01771656110349141,0.2428879075957499,0.5083238110644771,0.0,0.6918648081391195,0.10270634329455912,0.3641822255902052,0.0,0.6342994424519852,0.0,0.6091772866451803,0.2464078352712945,0.7290655673942288,0.11893251227071772,0.5197527506053117,0.7167061753758638,0.19547080247756798,0.4490081157570416,0.36355037276775193,0.0,0.2089400755472151,41,53,17,11,15,15,42,80,18,37,33,4
-0.00021723912979078902,0.0029617720450669715,0.9460230787654293,-0.009830171020476754,0.011817543447205293,-0.7070685687650677,0.7069779009764748,0.03302256489122718,0.00043357855514224245,-0.3776647232973657,0.5881363685438947,-0.21357304924726833,-0.002296023175165338,0.03359310998587347,0.000434213972526945,-0.3387954619573885,0.5237872598928236,-0.18796004482304302,-0.002870106233436423,0.2735255934899869,-0.31095130572476765,0.906555453352501,0.33775815276363724,-1.101381141776976,-0.12891856403314192,0.11826886722250896,-0.03034783233278765,-0.4134750328292382,-1.3444530124414564,-0.45102267258931805,-1.342127419551691,-0.12952442820794155,-0.6980732651193738,0.022124535154162663,0.2428879075957499,0.5083238110644771,0.0,0.6918648081391195,0.10270634329455912,0.3641822255902052,0.0,0.6342994424519852,0.0,0.6091772866451803,0.2464078352712945,0.7290655673942288,0.11893251227071772,0.5197527506053117,0.7167061753758638,0.19547080247756798,0.4490081157570416,0.36355037276775193,0.0,0.2089400755472151,41,53,17,11,15,15,42,80,18,37,33,4
0.000222248622850486,0.002967461365626928,0.9464681680946968,-0.00793994816712138,0.011102013436440135,-0.7071534250117901,0.7069283811072058,0.028454822252077093,0.0008098763065959542,-0.3757304004169344,0.5814779032682849,-0.21077832859396647,-0.0014131027749045599,0.029057699372258494,0.0008114890823369599,-0.34005186651629926,0.5222889768715724,-0.18698209749962377,-0.002020012035870388,0.21869679707052064,-0.3762720156960555,1.0083408622896801,0.3794949307097495,-1.1497291823133056,-0.12235411834248974,0.18931778328280505,0.014933822709735959,-0.4273471673440994,-1.3577287073907867,-0.5052445468535683,-1.2568274864390419,-0.1340331881104983,-0.6981319999816453,0.07816868256035042,0.2407062285774645,0.4901557189493796,0.0,0.4836460509918149,0.14471715142834846,0.17241488088567525,0.04360092525540383,0.458535510351182,0.0,0.4717404882121996,0.22980656013229728,0.7440158221473634,0.19106611504430987,0.48550943431441423,0.7360328868616052,0.1594044112431461,0.5054190072305055,0.3193791699059052,0.07513005384658611,0.17979266688653558,41,50,12,9,13,11,39,82,21,38,35,7
0.0001789006962706971,0.0029903889351047953,0.9464614986457877,-0.007991603952934278,0.011251284893271115,-0.7070857647483603,0.7069931146374314,0.02884662510518772,0.0004702158413015075,-0.37572803476813077,0.5809999435810734,-0.21027188955474657,-0.0015366891902870976,0.029446529365584378,0.0004719158356546066,-0.3401086390674381,0.5220199864331971,-0.18672097500225227,-0.002139620102124131,0.21890337617667274,-0.37618436527702337,1.0102869894170579,0.3778733265541593,-1.1520051599279675,-0.12076046383693921,0.19361814894994991,0.021683741975434177,-0.42569876210727303,-1.3613906557630349,-0.5079633064291609,-1.253059255490977,-0.13442571795356473,-0.6981319999990823,0.08225969723080954,0.2407062285774645,0.4901557189493796,0.0,0.4836460509918149,0.14471715142834846,0.17241488088567525,0.04360092525540383,0.458535510351182,0.0,0.4717404882121996,0.22980656013229728,0.7440158221473634,0.19106611504430987,0.48550943431441423,0.7360328868616052,0.1594044112431461,0.5054190072305055,0.3193791699059052,0.07513005384658611,0.17979266688653558,41,50,12,9,13,11,39,82,21,38,35,7
0.00055176955469586,0.0029011775386369966,0.947038250543844,-0.006030749536906556,0.010435477218824523,-0.7071148919767167,0.7069959408794328,0.024136520681706575,0.0005138330641743804,-0.3727891404708619,0.5728932563550673,-0.20686316412691516,-0.000780791447508414,0.02476473724364873,0.0005165960005109817,-0.3408541574347904,0.5199793328788362,-0.18562580259729608,-0.0014110942723183555,0.17176795200548325,-0.43888610534296973,1.1029955305697776,0.4096577582715354,-1.209930619983789,-0.09095492435404579,0.3066761861827643,0.09436554802709834,-0.4385168067423202,-1.3795525077534834,-0.5688571182478319,-1.1928279873923906,-0.16210983804936052,-0.698132,0.13334177692776986,0.2060834515272447,0.4724429134229573,0.0072491901415734075,0.317766136611212,0.3830348445645812,0.04938456242407759,0.21809943256198744,0.2913376978523981,0.0,0.36391039928585334,0.23268214715459062,0.7689082228114358,0.2680859415917854,0.4690863398387531,0.7081923196582952,0.1356726283517111,0.4927023812208421,0.2907454290973801,0.2091570636064693,0.16393453548974504,35,48,8,19,19,9,39,85,25,35,33,14
0.0005435632350385042,0.002915781440634388,0.9470395062642207,-0.006052322634878208,0.010505669285180808,-0.707074590541251,0.7070350229758889,0.024304397162650686,0.0003071421966478427,-0.3726009696903541,0.5723140416317609,-0.20639408579147495,-0.0008397239626822021,0.024931471867103927,0.0003100182619271009,-0.3408242195083667,0.5197284757176514,-0.18539233963499277,-0.0014682142466321843,0.1720228536439709,-0.438143121033365,1.1041909426754704,0.40720736197366714,-1.2131738161304846,-0.08883290377060549,0.31389428414890985,0.10202100279682336,-0.43605382544869326,-1.38286957904398,-0.5717468540383238,-1.190221264200276,-0.16421919283617067,-0.698132,0.13576282380594892,0.2060834515272447,0.4724429134229573,0.0072491901415734075,0.317766136611212,0.3830348445645812,0.04938456242407759,0.21809943256198744,0.2913376978523981,0.0,0.36391039928585334,0.23268214715459062,0.7689082228114358,0.2680859415917854,0.4690863398387531,0.7081923196582952,0.1356726283517111,0.4927023812208421,0.2907454290973801,0.2091570636064693,0.16393453548974504,35,48,8,19,19,9,39,85,25,35,33,14
0.0008856045079180227,0.002607337406448885,0.9477765651856351,-0.0038793137538815367,0.009452025302277173,-0.707132180651368,0.7070075595279908,0.018931814926298283,0.0005044999540498019,-0.3686066797938013,0.5631431176052341,-0.2030794717828672,-4.556449556851438e-05,0.019585442970464363,0.0005084288653677408,-0.3408724437846639,0.5171580968467266,-0.18450125209869034,-0.0007002926642488079,0.13179018112991908,-0.4925649154258052,1.179640464918493,0.4256077476403803,-1.2875035724734631,-0.046672539574096596,0.4352883461341862,0.16750042458000064,-0.44828082314618006,-1.4010091224597514,-0.6246172691577572,-1.1672846455821697,-0.20789390428706556,-0.698132,0.17317735865991993,0.16692398779243847,0.4566688545362353,0.04536590691477561,0.21532187195713237,0.5025445546722259,0.0,0.32806107465050194,0.15758200825138372,0.0,0.2901060015459732,0.24502038578242163,0.809307306647471,0.2778905730109588,0.4675557820778629,0.6526236019087962,0.12210293776355045,0.45988764310264074,0.2620301552328481,0.2858828021749838,0.15357022061268832,28,46,8,25,21,7,41,91,25,31,31,18
0.0008831410292915089,0.0026275815438715666,0.9477873294255071,-0.003898283114190127,0.009517963920535848,-0.7070948587650168,0.7070438971235452,0.019078088949437706,0.00031602585618387526,-0.3682770778470982,0.5623197131419561,-0.20249703757935159,-7.766253691166461e-05,0.01973094792497428,0.0003200853933931399,-0.3408105027417041,0.5168384973690726,-0.18421989389892132,-0.0007313462458132825,0.13195025039912273,-0.4911666588198056,1.180890355815932,0.4231180226434613,-1.2913194964147745,-0.04437576934592388,0.44447313934683313,0.1750291647659933,-0.44568895945772935,-1.4039104336672732,-0.6273778744797467,-1.1652747763590594,-0.2112028101554606,-0.698132,0.17467728751339073,0.16692398779243847,0.4566688545362353,0.04536590691477561,0.21532187195713237,0.5025445546722259,0.0,0.32806107465050194,0.15758200825138372,0.0,0.2901060015459732,0.24502038578242163,0.809307306647471,0.2778905730109588,0.4675557820778629,0.6526236019087962,0.12210293776355045,0.45988764310264074,0.2620301552328481,0.2858828021749838,0.15357022061268832,28,46,8,25,21,7,41,91,25,31,31,18
0.0011083367935878115,0.0020274401373528285,0.9486534945801527,-0.0015991071885874788,0.00830837304875354,-0.7071916113752702,0.7069713138409024,0.013412280199134376,0.0007088778510302943,-0.36373852891092817,0.5531381994570832,-0.1998106119485452,0.000577451193828374,0.014086179704807687,0.0007138974759015683,-0.34016748985314615,0.5139438086701187,-0.18371913178818872,-9.67797333874894e-05,0.0988653444164116,-0.5343029237589095,1.2392842121025076,0.4251100970998723,-1.3824855250354162,-0.0057326068223013385,0.5314916241446273,0.2113680257346838,-0.4575249584687114,-1.419525516804714,-0.6622423558772211,-1.185542506448211,-0.2620850931351695,-0.698132,0.19926317270507934,0.14690404898109738,0.4403191249756817,0.08375079352754675,0.18660435534451159,0.5397560040690037,0.0,0.3661109627666453,0.10883454336416161,0.03366689512548754,0.2408992968993201,0.24668623274028015,0.8650075960426316,0.2809061877991397,0.4633688681020224,0.6217252527625773,0.10761167842375179,0.44985330890061237,0.21594269429871302,0.3356573235138344,0.1490321551179928,25,44,9,27,22,8,42,99,25,29,29,20
0.0010988831622123479,0.0020754893148577816,0.9486778715509411,-0.0016133652038903767,0.008420647542407534,-0.7071398058667568,0.7070217710271811,0.013629727367439575,0.00046384127873432685,-0.3633148735224285,0.5519088883055677,-0.1989863742202652,0.0005672186794900211,0.014302852275480114,0.00046906652536654256,-0.34014309664116255,0.5134570576343227,-0.1833152576005687,-0.00010637588838338947,0.09881232379665154,-0.5327240709711302,1.2406913503247952,0.42257434242889574,-1.3876936023607982,-0.0028641784265726056,0.5413955912785186,0.2183061338334497,-0.45525703073033086,-1.421450522370515,-0.6644757241914996,-1.1853549482754784,-0.26692727196237664,-0.698132,0.20071054512796804,0.14690404898109738,0.4403191249756817,0.08375079352754675,0.18660435534451159,0.5397560040690037,0.0,0.3661109627666453,0.10883454336416161,0.03366689512548754,0.2408992968993201,0.24668623274028015,0.8650075960426316,0.2809061877991397,0.4633688681020224,0.6217252527625773,0.10761167842375179,0.44985330890061237,0.21594269429871302,0.3356573235138344,0.1490321551179928,25,44,9,27,22,8,42,99,25,29,29,20
0.0010987881417337923,0.0021005071602605797,0.9487021390311045,-0.0016337992155536006,0.008474484391837907,-0.7071084584689703,0.7070524321265383,0.013753346972981466,0.00029971044086409877,-0.3627984554511344,0.5508168696881488,-0.1983156281393775,0.000553258198980858,0.014425995056789659,0.00030505721142550174,-0.33998944444816026,0.513016783373932,-0.1829969087402698,-0.00011979858666283433,0.09890218761557129,-0.5312853835873352,1.2415552953402675,0.42038072116667463,-1.3919820329239074,-0.000953980335286721,0.5498915539129081,0.2244498737058729,-0.4530202654068057,-1.423313347441267,-0.6665652069182665,-1.1847965533627478,-0.27092931994136316,-0.698132,0.20156503776063192,0.14690404898109738,0.4403191249756817,0.08375079352754675,0.18660435534451159,0.5397560040690037,0.0,0.3661109627666453,0.10883454336416161,0.03366689512548754,0.2408992968993201,0.24668623274028015,0.8650075960426316,0.2809061877991397,0.4633688681020224,0.6217252527625773,0.10761167842375179,0.44985330890061237,0.21594269429871302,0.3356573235138344,0.1490321551179928,25,44,9,27,22,8,42,99,25,29,29,20
0.0011437587141837034,0.0012263910708443676,0.9496169366149931,0.0007430799176865997,0.007180030200832274,-0.7072563061547853,0.706920372038351,0.00807094150785528,0.0008889446488846407,-0.35828280711667426,0.5423973124114053,-0.19631376730711494,0.0009203744608698213,0.0087576381595881,0.0008951770543744694,-0.33890714273481926,0.510041016072213,-0.18275642977259218,0.00023413975076085479,0.07330825406710266,-0.5600308900077059,1.2897479965074674,0.4061301494560628,-1.4949693771592634,0.02253202671299926,0.5894274393348548,0.23167194933529817,-0.4589160180126464,-1.4417039135567995,-0.6778203077177971,-1.24471586297816,-0.3179410020855946,-0.698132,0.21262582658874793,0.15063322418066358,0.48027924105154784,0.10250074350867419,0.17935415291197201,0.5017603956925973,0.0,0.30673306392466865,0.09125363236931248,0.0,0.20877633748343924,0.22390493870618872,0.87266,0.30722048202487307,0.4389141785610576,0.631776918084078,0.08355292555024814,0.43217361227010037,0.14974997413275304,0.26752881504125625,0.1530249535744265,25,49,10,25,19,5,38,100,26,29,27,17
0.0011356011607198862,0.0012946496032583683,0.9496571448327822,0.0007305013130240357,0.007308347096998465,-0.7071853018261264,0.7069901012826365,0.008298613950836236,0.0006044571888145334,-0.357681560416776,0.5407699368592902,-0.1953780176105673,0.0009597361946157088,0.008984829704626319,0.0006109322723021836,-0.3388327219390431,0.5093908383252364,-0.18233781703811663,0.00027356659947878084,0.07300059997638761,-0.5590306277929961,1.2905448491950515,0.4034565160622627,-1.5031193276636514,0.02525580752099883,0.5967388256209063,0.23674911162185505,-0.45729247836179143,-1.4416355620140622,-0.6788323009731195,-1.2489721184985063,-0.3242192167270699,-0.698132,0.2140165047282072,0.15063322418066358,0.48027924105154784,0.10250074350867419,0.17935415291197201,0.5017603956925973,0.0,0.30673306392466865,0.09125363236931248,0.0,0.20877633748343924,0.22390493870618872,0.87266,0.30722048202487307,0.4389141785610576,0.631776918084078,0.08355292555024814,0.43217361227010037,0.14974997413275304,0.26752881504125625,0.1530249535744265,25,49,10,25,19,5,38,100,26,29,27,17
0.0009149726869033411,0.00046909427831511003,0.9506534711646112,0.0030122677502021668,0.0062438768166039075,-0.7071974358676891,0.7069821263281458,0.003456588346000344,0.0005515248838859218,-0.3519009614689144,0.5294266602398765,-0.19157134906853543,0.0010754890987013197,0.004148899318682798,0.0005593557398311528,-0.3373766839059132,0.5051761787006913,-0.1812561860872343,0.0003831409236570663,0.05406321558296955,-0.5708742309195904,1.336981809505685,0.3716061680865793,-1.6356876260050095,0.03698666058893627,0.6116155079462932,0.23028278872532199,-0.45428669219236045,-1.4574004451268543,-0.6676334515320143,-1.3587306963026637,-0.3798167230894421,-0.698132,0.21752195602613011,0.17145503706354095,0.4949997144820109,0.1231783572887518,0.17679612854707902,0.4301360276348596,0.0,0.20801153420521537,0.09084246770412766,0.0,0.18956436394272388,0.18291902281575545,0.87266,0.34105646464829387,0.3984253848014699,0.7026564843368196,0.05062774299698063,0.43914063503150386,0.09857279276059834,0.13080061155793898,0.16007297706641505,29,51,11,21,13,5,31,100,27,33,26,10
0.0009081180826426959,0.0004996260934210739,0.9507136793506775,0.0029434024203098797,0.0062558768159978635,-0.7071662731444035,0.7070134811405725,0.003592677447307185,0.0003977711145079334,-0.3508361156691835,0.5277103146236694,-0.19074411994191845,0.001081725300187292,0.00428479266316057,0.00040564012096262433,-0.33690827810050783,0.5044968363103635,-0.18093351520096518,0.00038952474223447194,0.05366774407112687,-0.5700366608897922,1.3363327546881683,0.3698214177550208,-1.642850485997774,0.03722650000636809,0.615169334668539,0.23380071791616583,-0.4538913836762363,-1.454848779973668,-0.6666603100468927,-1.3652523496009155,-0.38454725732772455,-0.698132,0.21769546969523434,0.17145503706354095,0.4949997144820109,0.1231783572887518,0.17679612854707902,0.4301360276348596,0.0,0.20801153420521537,0.09084246770412766,0.0,0.18956436394272388,0.18291902281575545,0.87266,0.34105646464829387,0.3984253848014699,0.7026564843368196,0.05062774299698063,0.43914063503150386,0.09857279276059834,0.13080061155793898,0.16007297706641505,29,51,11,21,13,5,31,100,27,33,26,10
0.00045942405628700267,-0.0002725184144014357,0.9518105371792802,0.004786563750658061,0.004980788029685303,-0.7071800783838658,0.7069997293458141,-0.0006213456567349356,0.0003090417386301587,-0.3417563766393796,0.5127528556295886,-0.1855808812680137,0.0008992749489218677,7.155589193887568e-05,0.0003176381924379629,-0.3333046027664977,0.4985846779944525,-0.17936803209169322,0.00020625506071961336,0.04009559353369521,-0.5672568557390002,1.381788649998303,0.3342668042530486,-1.7948123689705744,0.022712932833834618,0.6076718651626061,0.21125110716808052,-0.44842210898777213,-1.4616700214014469,-0.6283511373566601,-1.5369359018527267,-0.43177568458993487,-0.698132,0.20146296346385079,0.2038928887830666,0.48078355393891165,0.09132866407385572,0.17853573311912682,0.3210736664434352,0.0,0.10903893887286266,0.09895241932619964,0.0,0.1812688227346411,0.14176133162034094,0.87266,0.38948931648455143,0.3610146886172845,0.7268458401982499,0.014073654409673996,0.44928101543888344,0.059404026420879,0.029863456166248976,0.15565905684141393,34,49,9,15,8,4,24,100,28,34,25,4
0.0004505117446541345,-0.00026645083795065043,0.9518829318253034,0.004697221204197456,0.004953134260949342,-0.7071713938462023,0.7070092094870986,-0.0005160488953774287,0.0002687729655054988,-0.3405368971461018,0.511070540641133,-0.18491200749772924,0.0008880274813000669,0.00017679069691679854,0.00027726463789048126,-0.33262623658588647,0.4978142854342713,-0.17911356059334121,0.00019509804918380747,0.03940187419010022,-0.5666161369883264,1.3808432589225832,0.33380014562607146,-1.7986353549481764,0.020448821848148113,0.6084405042984589,0.21373125939378063,-0.4502319600294363,-1.4570119749531532,-0.6251691365523524,-1.5431740859029195,-0.4328012818243563,-0.698132,0.20037047118730972,0.2038928887830666,0.48078355393891165,0.09132866407385572,0.17853573311912682,0.3210736664434352,0.0,0.10903893887286266,0.09895241932619964,0.0,0.1812688227346411,0.14176133162034094,0.87266,0.38948931648455143,0.3610146886172845,0.7268458401982499,0.014073654409673996,0.44928101543888344,0.059404026420879,0.029863456166248976,0.15565905684141393,34,49,9,15,8,4,24,100,28,34,25,4
-9.40715713176748e-05,-0.0008942840447047073,0.952924759878774,0.006048734563573215,0.0035949625162797496,-0.7071914236763215,0.706987113979699,-0.003995328907330968,0.00027725630910015604,-0.32949072820371395,0.49428876695979573,-0.17908157121003146,0.000535105004509494,-0.0033049501224748173,0.0002857759930584731,-0.32725169569688767,0.49040251474656305,-0.17703396537426344,-0.00015536195867458407,0.028380091368594793,-0.5492171604521001,1.430358622502311,0.31024413532016326,-1.9489695964573768,-0.018523370535058047,0.5941851802796384,0.16932107894739198,-0.44357383411092427,-1.4682401667324214,-0.5612559870502235,-1.7753788063203104,-0.4329248419519225,-0.698132,0.15383407683017017,0.24050127456340278,0.46747364688326404,0.0,0.19521802644200165,0.1576637245669621,0.0,0.02777920142680987,0.11928208426659967,0.0,0.18753131716353827,0.11349458992027897,0.865530898112257,0.30228940328921355,0.31398619851035153,0.5637686977035472,0.0,0.31628160318269694,0.024178168300925087,0.0,0.13026929842704688,41,48,5,6,4,5,19,99,22,23,17,2
-0.00011026885185022879,-0.0008975316399801523,0.9529948081009532,0.0059473731493416525,0.003582421912454589,-0.707186969949166,0.7069924925626733,-0.003842427809441642,0.0002653638194929028,-0.328354121112525,0.492766704995026,-0.1785228533256515,0.0005166653306401904,-0.003151992234826026,0.0002737602025918038,-0.32654663733598505,0.4896048733638486,-0.17680025049047948,-0.00017379656053319786,0.027487107498971475,-0.5481599385195277,1.4300779671559556,0.3107866748954634,-1.9505399295504973,-0.02102242266496281,0.5941483391472148,0.17078935396704856,-0.44674298377733357,-1.4626974617895023,-0.5566409619466228,-1.780899512451185,-0.43026919408680786,-0.698132,0.15324650320973637,0.24050127456340278,0.46747364688326404,0.0,0.19521802644200165,0.1576637245669621,0.0,0.02777920142680987,0.11928208426659967,0.0,0.18753131716353827,0.11349458992027897,0.865530898112257,0.30228940328921355,0.31398619851035153,0.5637686977035472,0.0,0.31628160318269694,0.024178168300925087,0.0,0.13026929842704688,41,48,5,6,4,5,19,99,22,23,17,2
-0.0005921770700592697,-0.0013401212951346135,0.95356239581962,0.0070993029993320165,0.0026067268742056395,-0.7071868290367731,0.7069862754741719,-0.006491170228411884,0.00023285684030320683,-0.32135290387792065,0.48164485016927355,-0.1745774712336086,0.00011375796207148114,-0.005804085091851205,0.0002414054416031256,-0.3230593115238266,0.484308130167925,-0.17515968749926109,-0.0005737297023479258,0.02161260439783877,-0.5225405746532686,1.4847271491552636,0.30312555207480874,-2.0773701908145856,-0.05719917181240055,0.5931317485574226,0.10196534358574684,-0.42974128993155764,-1.505486823570321,-0.4980246875980566,-1.9923643757720806,-0.3887964639262393,-0.6981319987871948,0.10155144069927659,0.26235181941399066,0.48893392738645974,0.01908234793716976,0.23352685160597084,0.17707984927028322,0.01903388014384188,0.03970070778914218,0.14960164732627232,0.0,0.20731343741100267,0.10294156131785039,0.7982721919257028,0.12853796671565357,0.2715506994096744,0.2873513745674893,0.0,0.07797124042932264,0.0,0.0,0.09391730151382865,44,50,7,7,6,5,17,90,12,5,4,1
-0.0006058961705353089,-0.0013590024397774605,0.9536260131120045,0.006981554976006421,0.002556621152118135,-0.7071848876104225,0.7069895729880579,-0.006380108722553442,0.0002344040252281785,-0.3202116700167089,0.4803128975220476,-0.17412105589601756,0.00011670047384839393,-0.005692964637391736,0.00024280750954861638,-0.3223415366167538,0.4836831351002447,-0.17500776758455655,-0.000570664872329393,0.02071424932642851,-0.5197770683960806,1.4847520369902152,0.30489180138778943,-2.07916839075167,-0.05902006309781738,0.5938459274460027,0.1009281746652288,-0.4314295414206571,-1.49981022897057,-0.4942476911227985,-1.999860397249429,-0.38394208453902007,-0.6981319999393597,0.10200031779622415,0.26235181941399066,0.48893392738645974,0.01908234793716976,0.23352685160597084,0.17707984927028322,0.01903388014384188,0.03970070778914218,0.14960164732627232,0.0,0.20731343741100267,0.10294156131785039,0.7982721919257028,0.12853796671565357,0.2715506994096744,0.2873513745674893,0.0,0.07797124042932264,0.0,0.0,0.09391730151382865,44,50,7,7,6,5,17,90,12,5,4,1
-0.0009701122693766323,-0.0016706183252938591,0.9538824505318786,0.007574015948089377,0.0019500427181000383,-0.7071547499309343,0.7070155523508191,-0.007753983593183143,0.00012467117468160268,-0.3150249452592954,0.47248406858503317,-0.17140515566954168,-0.00022366661466419072,-0.007069083656715768,0.00013298456274057948,-0.3196765048709643,0.4800827432963649,-0.17402483966492213,-0.0009090329633298264,0.01848185917605297,-0.48995508416017725,1.5319470484983704,0.31139994440090957,-2.172261761173504,-0.08529260363100931,0.6052970508628249,0.025314926445563178,-0.41225384010928057,-1.545970447728838,-0.456449073943354,-2.160084623963171,-0.32866317617571517,-0.6734692873303998,0.060767513848213,0.25235303756882543,0.5440152270357543,0.25308249792969645,0.2813980041290591,0.37247602146903597,0.03677199294441813,0.14680247081863126,0.16595011152311817,0.0,0.2286358805365221,0.10973080484164573,0.7566707507679686,0.17740915799354953,0.245429822571647,0.27928564958866287,0.0,0.054549410559749295,0.0,0.0,0.06873777673451062,43,57,20,18,12,5,18,84,14,5,3,0
-0.0009813356548560022,-0.0016939645913722086,0.9539312512066671,0.007467062832030193,0.0018928126401079792,-0.7071566086673372,0.7070149864402332,-0.0076753951259302435,0.0001377061578785197,-0.314027586780191,0.47138369465803,-0.17103282677651965,-0.00021709795276236388,-0.006990458390069625,0.00014589556839689197,-0.31905946867464335,0.4796125587264667,-0.17391741913297742,-0.0009023082058298747,0.0178195374164122,-0.4858324368942843,1.5326847744047696,0.3142964199537754,-2.173486351174131,-0.0859265927936939,0.6071670498312154,0.021659031299010808,-0.4121864721085654,-1.5419174665133522,-0.45421130130508447,-2.167242861386419,-0.32259384015293124,-0.6740680438772184,0.06198361516554734,0.25235303756882543,0.5440152270357543,0.25308249792969645,0.2813980041290591,0.37247602146903597,0.03677199294441813,0.14680247081863126,0.16595011152311817,0.0,0.2286358805365221,0.10973080484164573,0.7566707507679686,0.17740915799354953,0.245429822571647,0.27928564958866287,0.0,0.054549410559749295,0.0,0.0,0.06873777673451062,43,57,20,18,12,5,18,84,14,5,3,0
-0.0012391594915861052,-0.0018518211195168348,0.9540051335451251,0.007569987991973797,0.0017432438053822138,-0.7071049906437104,0.7070659011645203,-0.007726621833879674,-4.9402973363241955e-06,-0.3111352651807887,0.4671195013820851,-0.1695872928503398,-0.0004952490641739223,-0.007041725834278212,3.0939475923165396e-06,-0.3174520846009139,0.47755679446069094,-0.17344240686880533,-0.0011803352968684604,0.01821727390483023,-0.4650581488049603,1.5606664238582586,0.3240045146568451,-2.2133598599631643,-0.09494779122256426,0.6142499936181743,-0.02850118060798413,-0.4028168308398275,-1.5730266547947258,-0.44185845738095253,-2.2416141815911237,-0.28075042284953244,-0.6385056232232416,0.04184756390228878,0.21909699294925733,0.5979194853641502,0.29794512170136694,0.3117334147783399,0.4844966459294207,0.0329033833909101,0.26421076960028983,0.13924959338721088,0.0,0.2424952957805138,0.1264824575489948,0.7496039475332287,0.30494958177522574,0.23067772377513776,0.36488397884920076,0.0,0.13014506589088992,0.0,0.0,0.06528870942659698,37,64,23,25,17,6,21,83,20,10,7,0
-0.0012383750171989928,-0.001868410765186095,0.9540373534516113,0.007521771945567076,0.001683036040919323,-0.7071120058894259,0.7070595459107506,-0.0077572661296523085,8.956489234173993e-06,-0.3103596483082386,0.4661908575544814,-0.16924893501916394,-0.0004977199572522259,-0.007072484889575267,1.692403320409475e-05,-0.3169952937807996,0.47714991666492423,-0.1733187305612197,-0.0011826969216413806,0.017957522443794206,-0.4603183934294397,1.56214849766572,0.3276084627365373,-2.214474666389461,-0.09432521839150534,0.6161927455508894,-0.03469319504936252,-0.40166801813761344,-1.570718899639925,-0.44162905970677474,-2.247951952338266,-0.2739393113859682,-0.6345457388585198,0.042723267855214526,0.21909699294925733,0.5979194853641502,0.29794512170136694,0.3117334147783399,0.4844966459294207,0.0329033833909101,0.26421076960028983,0.13924959338721088,0.0,0.2424952957805138,0.1264824575489948,0.7496039475332287,0.30494958177522574,0.23067772377513776,0.36488397884920076,0.0,0.13014506589088992,0.0,0.0,0.06528870942659698,37,64,23,25,17,6,21,83,20,10,7,0
-0.0013400063187713454,-0.001915702008286009,0.9541002634728086,0.007317391298661028,0.001874703305297041,-0.7070735052862297,0.7070997096551122,-0.007054439933732857,-4.862868588330633e-05,-0.3091534656217742,0.46433855870370677,-0.16857248144235346,-0.0005786400812684315,-0.00636868223624978,-4.0683439910939324e-05,-0.31626102013291346,0.47613100174327727,-0.173038745378225,-0.0012641047841353025,0.018499676061993847,-0.45103739302117773,1.5629407958995285,0.33415025515257996,-2.2053795236202136,-0.08913744076379725,0.6145628784164564,-0.0454734638213999,-0.4014893216568313,-1.5724592043056664,-0.4431268113628271,-2.246162062741367,-0.25400710355226713,-0.621710240389324,0.047164080789267086,0.18835975514628991,0.6210232027976088,0.25194108750547717,0.30394476081826755,0.4889331507149426,0.009737226803461405,0.29475703347650406,0.06586849907746324,0.0,0.23958160822064942,0.14126729872227145,0.7567933601479213,0.29937128259304907,0.2125825515161885,0.34444699361309555,0.0,0.11181535628705767,0.0,0.0,0.07544794811654436,32,67,21,24,17,6,24,84,20,9,6,1
-0.0013565745815389283,-0.0019284938437779497,0.9541200887341347,0.007276082385651509,0.0018517912311138654,-0.7070774011340487,0.7070963005842088,-0.006995365728053937,-5.658356162322828e-05,-0.3085182216317441,0.46350730680755003,-0.168261144483775,-0.0006230859811517586,-0.006309480172670913,-4.868729575418917e-05,-0.31585039179528035,0.4756724943575076,-0.17289665913745167,-0.0013087225906861827,0.018625344659809202,-0.4476997495105925,1.5641144293481914,0.3378122920533054,-2.202084244635109,-0.08620618353950435,0.6140861569808689,-0.05039077710711394,-0.4011447396139475,-1.5716996885434362,-0.443768165868268,-2.2458600422960613,-0.24611064932005278,-0.6166766268643693,0.04995758088720358,0.18835975514628991,0.6210232027976088,0.25194108750547717,0.30394476081826755,0.4889331507149426,0.009737226803461405,0.29475703347650406,0.06586849907746324,0.0,0.23958160822064942,0.14126729872227145,0.7567933601479213,0.29937128259304907,0.2125825515161885,0.34444699361309555,0.0,0.11181535628705767,0.0,0.0,0.07544794811654436,32,67,21,24,17,6,24,84,20,9,6,1
-0.001380265119222507,-0.0018839671316088125,0.9542726831346925,0.00675162985093174,0.0022763286791914745,-0.7070581204281565,0.7071195430467918,-0.005534111007955298,-0.00010255063945988213,-0.3065092068261268,0.4603891505556211,-0.16698867666366168,-0.0007367046840857732,-0.0048463687666190575,-9.476207663610564e-05,-0.314305069446676,0.4733616455042291,-0.17207367816623895,-0.001424014337053745,0.01992642365950063,-0.44531942229778576,1.5416352557576194,0.35446608869890217,-2.1299593682187705,-0.05443589308587208,0.6021382046517469,-0.03140638042387371,-0.41291049201729657,-1.5419724535973025,-0.45590225939094947,-2.163130799806434,-0.2182092129671009,-0.6173914218065673,0.0951194070967562,0.17291833856170552,0.6141389871825661,0.06547148903251208,0.261768827083947,0.27620814542520633,0.0,0.11071696822890008,0.0,0.0,0.21964326355183902,0.14709058977155054,0.7516063114241642,0.14393403964627113,0.1903658365885322,0.2311256799809546,0.0,0.013238025670404151,0.0,0.0,0.088821402610257,29,67,10,12,6,5,25,83,11,2,1,1
-0.001400829146641183,-0.0018812744739098001,0.9542838096259026,0.00674498757356806,0.0023463650133347305,-0.7070608122424561,0.707116685918877,-0.005384900016494027,-0.00010329275892714633,-0.30617880710091966,0.45965814703909524,-0.16668405314203635,-0.0007824449828803284,-0.004696953795723814,-9.548810733086665e-05,-0.3140468171546102,0.47275028398418584,-0.17183400484591535,-0.0014700342105954515,0.020204793771883604,-0.44527489953190963,1.5434070809085625,0.35733860222262553,-2.1238836061136497,-0.04886867749384108,0.5994397183036506,-0.032260997283922795,-0.4143964127543413,-1.5421532378205278,-0.4559337557295221,-2.1575825695182886,-0.21244166428655742,-0.6154958145886353,0.10075219507180311,0.17291833856170552,0.6141389871825661,0.06547148903251208,0.261768827083947,0.27620814542520633,0.0,0.11071696822890008,0.0,0.0,0.21964326355183902,0.14709058977155054,0.7516063114241642,0.14393403964627113,0.1903658365885322,0.2311256799809546,0.0,0.013238025670404151,0.0,0.0,0.088821402610257,29,67,10,12,6,5,25,83,11,2,1,1
-0.001340145583256101,-0.0016362295066400703,0.9543880514388674,0.0061920214508147135,0.0031817664396377792,-0.7070404412102227,0.7071388475581941,-0.003337254911638307,-0.00015324430213645263,-0.30524044811091744,0.456686130423292,-0.1650720716929103,-0.0008680503830400945,-0.0026474459966099157,-0.00014527815787537766,-0.31281504646188246,0.46933131278506746,-0.1701893271734728,-0.0015575776047141272,0.022941143340905846,-0.4612110048847559,1.5060395854706925,0.37989294664781803,-2.005783700610171,0.0004614918220148126,0.5898720870263502,0.02571254432865385,-0.438640709109965,-1.5005597396098267,-0.4711830013978299,-2.011373141934904,-0.18966127096276572,-0.6464350049340776,0.17654224832526158,0.1651010961084855,0.5997457106269745,0.020960287305730622,0.20869106069618681,0.17748270616822856,0.0,0.0,0.0,0.0,0.19565095536295884,0.14713048799825112,0.7246320471217279,0.048229032286209714,0.1840689155401394,0.20194808585086185,0.0,0.0,0.0,0.0,0.10440357127236848,28,65,6,7,0,5,25,79,6,0,0,1
-0.0013516928517308088,-0.001615291518154591,0.9543873863970568,0.0062643421095680265,0.003293603932959769,-0.7070460978434564,0.7071320426309429,-0.0032564686415269203,-0.0001448140956657763,-0.30527331731049306,0.4561296616869773,-0.16474151551178623,-0.0009036895738962424,-0.0025665816629182455,-0.0001366971849048669,-0.31277313236853593,0.46864472684556924,-0.1698105658956797,-0.001593369878991246,0.023335254547549124,-0.46261892052877207,1.5088594453824682,0.3814844176408421,-2.0000294781396795,0.00608505051845959,0.5872877183863342,0.027429706511703462,-0.44061106632980196,-1.5031628142881754,-0.4704027562063076,-2.0049249789270784,-0.185672421829515,-0.6476629211721505,0.18262016463861785,0.1651010961084855,0.5997457106269745,0.020960287305730622,0.20869106069618681,0.17748270616822856,0.0,0.0,0.0,0.0,0.19565095536295884,0.14713048799825112,0.7246320471217279,0.048229032286209714,0.1840689155401394,0.20194808585086185,0.0,0.0,0.0,0.0,0.10440357127236848,28,65,6,7,0,5,25,79,6,0,0,1
-0.0011809473195588133,-0.0011871514325134318,0.9543626146585333,0.005653006352394778,0.00412134730889236,-0.7070236795178678,0.7071552691004682,-0.0012677632954377971,-0.00021977737881920308,-0.3054124200443643,0.45466119226252105,-0.16338638412120807,-0.0008595479809504921,-0.0005769749014186106,-0.0002114842442872407,-0.31194284254708293,0.4656078390328507,-0.16795295405064972,-0.0015502237339641814,0.028677264971132255,-0.48707438355858534,1.4662699075678909,0.40893853862116414,-1.87027539160242,0.050740801430898846,0.6006542743175977,0.10485151912624342,-0.4687778014696411,-1.4582853751411122,-0.4916332909296656,-1.8394014049804697,-0.1720791937181252,-0.6981253326756947,0.2628937262013871,0.1555738673206241,0.5978469931136686,0.0,0.16869902254830174,0.14844602992194184,0.0,0.0,0.0,0.0,0.18341881530035656,0.15196869776441205,0.686894590394984,0.0674187877855472,0.21601262964184043,0.2533777901858414,0.0,0.07288337876695641,0.0,0.0,0.1248340726103025,26,64,4,5,0,4,26,74,7,3,4,2
-0.0011850059194922782,-0.0011653444261783782,0.9543513779396614,0.00574484816490056,0.0042582962007340595,-0.7070325732887661,0.7071448252951411,-0.00118961145810129,-0.00019079039530365638,-0.3056797635507611,0.45434957141850657,-0.16311437815209007,-0.0008840339199824471,-0.0004987918660165107,-0.00018229062730267914,-0.31202396426667967,0.4649747781822911,-0.16754470260889565,-0.0015747664173374827,0.029152804705934194,-0.4887417714686228,1.469815774518464,0.40960455929145656,-1.8643304794188338,0.055136200484361235,0.600257929390082,0.1088560637835154,-0.47110403755833824,-1.4620849831857547,-0.49123988225958404,-1.8313039326322986,-0.16924844014582702,-0.6981316666337847,0.26903870503731914,0.1555738673206241,0.5978469931136686,0.0,0.16869902254830174,0.14844602992194184,0.0,0.0,0.0,0.0,0.18341881530035656,0.15196869776441205,0.686894590394984,0.0674187877855472,0.21601262964184043,0.2533777901858414,0.0,0.07288337876695641,0.0,0.0,0.1248340726103025,26,64,4,5,0,4,26,74,7,3,4,2
-0.0009644456115018959,-0.0007360459135323923,0.9541732510207606,0.004952551723678466,0.005145730442783655,-0.7070131262797629,0.7071643606388485,0.001094252130809725,-0.00026187876313659596,-0.30659855030808864,0.4545672807754215,-0.16248787363231598,-0.0007776206317804278,0.0017850751458212374,-0.0002533884144284396,-0.31143804017184873,0.4627310627419063,-0.16605355907391975,-0.001468487864778693,0.0368200578152629,-0.512398163362222,1.4336762292665879,0.43946480871557303,-1.7461553150515856,0.089241717679709,0.6375904344176939,0.18833556536976778,-0.5069073691088128,-1.4219336335093349,-0.534775437915464,-1.6743366584916823,-0.15872803573771782,-0.6981319999998958,0.34087084494963804,0.14769119247374682,0.6102043256435163,0.0,0.1535403143959554,0.2209373030191452,0.0,0.09556717870903143,0.0,0.0,0.18860347292303842,0.170411888676209,0.6573916407123808,0.16832583624764033,0.2882034268550205,0.3700285637122568,0.0003075619207864407,0.22580369985272586,0.0,0.0,0.14842115025345465,25,66,4,9,5,5,29,70,15,11,12,2
-0.0009738443844175384,-0.0007081454813135448,0.9541529934194886,0.0050406177391118575,0.005331083488097382,-0.7070238258521008,0.7071516678896472,0.0012606229959915636,-0.0002134078497778288,-0.3071399022071566,0.4545445912125729,-0.16228963939893495,-0.0008109495345639272,0.001951405941929868,-0.00020463668715809037,-0.3116800042862522,0.4621953707271237,-0.16563797073713585,-0.0015017800792532388,0.03732139359794107,-0.5133827742427239,1.4376400295317506,0.4397270137253251,-1.7409696869372955,0.09214687312915079,0.639992053260828,0.19354097119960578,-0.5082791634333476,-1.4266583816380414,-0.5359423550603419,-1.665637563672598,-0.1565894967270703,-0.6981319999999948,0.3465490262124479,0.14769119247374682,0.6102043256435163,0.0,0.1535403143959554,0.2209373030191452,0.0,0.09556717870903143,0.0,0.0,0.18860347292303842,0.170411888676209,0.6573916407123808,0.16832583624764033,0.2882034268550205,0.3700285637122568,0.0003075619207864407,0.22580369985272586,0.0,0.0,0.14842115025345465,25,66,4,9,5,5,29,70,15,11,12,2
-0.000980285194563812,-0.0006882493432776977,0.9541328729021599,0.005115487954571177,0.005475491097513997,-0.707032268437316,0.7071415856592026,0.0013791744922070238,-0.00017570492976858712,-0.3076076872136293,0.4545798075116342,-0.16212764016131978,-0.0008382351202969492,0.0020699265972637004,-0.00016668175772399142,-0.31185623759050224,0.46173371971473565,-0.16526430719521837,-0.0015290330669361979,0.03775744573174106,-0.5137730919838199,1.4412252748300298,0.4400660640833192,-1.7374848605770676,0.09473432642054905,0.6419273636950105,0.1975874759193108,-0.5088925106244634,-1.4309991410513956,-0.5370585584671013,-1.6593648465296345,-0.1549298943649546,-0.6981319999999998,0.351401788431956,0.14769119247374682,0.6102043256435163,0.0,0.1535403143959554,0.2209373030191452,0.0,0.09556717870903143,0.0,0.0,0.18860347292303842,0.170411888676209,0.6573916407123808,0.16832583624764033,0.2882034268550205,0.3700285637122568,0.0003075619207864407,0.22580369985272586,0.0,0.0,0.14842115025345465,25,66,4,9,5,5,29,70,15,11,12,2
-0.0007469287136720464,-0.0004575170349138195,0.9538847901572851,0.004355606781250223,0.006122087362940465,-0.7069828339726169,0.707190795474556,0.003250646867510219,-0.00034956217076988617,-0.30876208676644795,0.4562646331467091,-0.16235625465523335,-0.0007306388994368388,0.003940448693382936,-0.0003406519379980101,-0.31138430642511683,0.46079542236049176,-0.16456787025192343,-0.0014206748646833735,0.04569728996038078,-0.5281343134931472,1.4126175943236328,0.4650604735638348,-1.6606655773779537,0.11639107088283246,0.6819287575933108,0.2562199949221241,-0.5273963407665009,-1.413510485704459,-0.5775635414578214,-1.5630760624101008,-0.1438813160461425,-0.698132,0.39575163957042386,0.1491174929917691,0.624483571112429,0.05537976840467811,0.15968530453296206,0.33040131683133106,0.0,0.21293214096536295,0.06587858708053976,0.02067770104654022,0.20255268535704518,0.19635048332715815,0.6488131641792572,0.2962035449072644,0.3736116024935535,0.4691846804154567,0.06505721768125872,0.37710145814608625,0.07373703675739936,0.1926836512884732,0.1692604338821445,25,68,7,15,13,6,33,69,24,18,22,13
-0.0007420579467915075,-0.00043406510721185314,0.9538618180535626,0.004464793682631821,0.006274165734108515,-0.7070006189056858,0.7071710014760858,0.003313625707513533,-0.0002823375405303152,-0.30942656155970677,0.4565060581639112,-0.16231379781681576,-0.0007406907240182017,0.00400337837583174,-0.00027318105535168206,-0.311698483352845,0.46042875640397357,-0.16425803777190207,-0.0014306028808304277,0.046355503274984645,-0.5287362364016479,1.4156833881296638,0.4653354285786035,-1.6556147604248008,0.11837489866519643,0.6865148173800959,0.26244334476822606,-0.5270830852675197,-1.4184753159086,-0.5808266934546862,-1.5542749898405734,-0.14159934159125018,-0.698132,0.4012298472405501,0.1491174929917691,0.624483571112429,0.05537976840467811,0.15968530453296206,0.33040131683133106,0.0,0.21293214096536295,0.06587858708053976,0.02067770104654022,0.20255268535704518,0.19635048332715815,0.6488131641792572,0.2962035449072644,0.3736116024935535,0.4691846804154567,0.06505721768125872,0.37710145814608625,0.07373703675739936,0.1926836512884732,0.1692604338821445,25,68,7,15,13,6,33,69,24,18,22,13
-0.0005889655002475763,-0.00039648250348278116,0.9536666700166139,0.0039028101976033057,0.006830429201489098,-0.7069199998875344,0.7072497628620978,0.004849264948965655,-0.0005407717271902368,-0.31063278124048166,0.45832422052082034,-0.1627242462757076,-0.0006729728782684552,0.005537618685501303,-0.0005315351985251494,-0.31147366387462366,0.4599897468856236,-0.1638934339104047,-0.0013617558368259127,0.05517326438740625,-0.5359290325462946,1.401132743868478,0.47636738186387373,-1.6233026417631795,0.13194339636424435,0.6981285479904202,0.29736039727492264,-0.5320530511565627,-1.4188571093280355,-0.6038810722041371,-1.5236638794565787,-0.13521011803998548,-0.698132,0.42250874338780453,0.15722421575472487,0.6286157253829883,0.1395735963095511,0.1711746848257931,0.3925018769465413,0.0,0.30825479904618996,0.12266275212112764,0.17788509182727585,0.20788244965373787,0.20707371643824124,0.6580055253701848,0.3169968042035792,0.428786888123068,0.4449679926979401,0.10280830542946064,0.39968601866689285,0.12868525505122935,0.2453366219895905,0.1808719610426764,27,68,12,19,19,15,35,70,26,18,24,16
-0.0005760809557324577,-0.00038431514451695687,0.9536463476829552,0.004037040531352339,0.006893170842224968,-0.7069662785814569,0.7072021404437167,0.0047318671915284475,-0.0004242696625219382,-0.311251042156937,0.4587499456456608,-0.16283514376830419,-0.0006799774092298139,0.005420328383927085,-0.0004148500602932242,-0.31173324323498286,0.45975659546710246,-0.16369770346538667,-0.0013686394887958502,0.05598226972483546,-0.5371869169256406,1.4023944967865722,0.4770283920311652,-1.6198381272535491,0.133664854184643,0.698131827399521,0.303671848376101,-0.5305504756836985,-1.422483466289536,-0.6077325039406101,-1.5188227275538049,-0.13318869093686428,-0.698132,0.4272586760214784,0.15722421575472487,0.6286157253829883,0.1395735963095511,0.1711746848257931,0.3925018769465413,0.0,0.30825479904618996,0.12266275212112764,0.17788509182727585,0.20788244965373787,0.20707371643824124,0.6580055253701848,0.3169968042035792,0.428786888123068,0.4449679926979401,0.10280830542946064,0.39968601866689285,0.12868525505122935,0.2453366219895905,0.1808719610426764,27,68,12,19,19,15,35,70,26,18,24,16
-0.0005189900294901796,-0.00046322195247021076,0.9535868446922338,0.004011616441526739,0.0074443613610678345,-0.7068329420551048,0.7073299657466641,0.005535997470159964,-0.0006859195245597951,-0.31273667166913105,0.4596630211828358,-0.1630032722923563,-0.0006439443748098044,0.006223522265184434,-0.0006760354382629507,-0.31225510506883236,0.4592390872800036,-0.16337226074250197,-0.0013319057922252851,0.06337786008457247,-0.5343205854785982,1.4042297518325975,0.4687519024403732,-1.6292262123569257,0.1380636225938947,0.6981319995684988,0.31247733710145226,-0.5235252166994645,-1.4340107880502109,-0.6068540060660068,-1.5399928540186216,-0.13031213460628524,-0.698132,0.4278103057450219,0.1631958248838384,0.6184160997741498,0.11161603968647993,0.17141276518905765,0.36853937898128514,0.0,0.28334558213477457,0.12367205857426343,0.1454375186238166,0.19328386129158778,0.18516510448343948,0.6687998631949941,0.39017655733081674,0.42338338366547856,0.5538780913654205,0.0916675895613005,0.3831343806918224,0.12529755351981584,0.09061979859815822,0.1785259505486694,28,67,10,17,18,13,31,71,30,24,23,8
-0.0005118757523106013,-0.00046526475383256024,0.9535666302770278,0.004083915834769342,0.007334115254793074,-0.7069255341791337,0.7072381646308623,0.005271426665266251,-0.0005512348375160284,-0.31302454003306657,0.46027511903026974,-0.16319237045452167,-0.0006552253473793707,0.005959241920136876,-0.0005412289772104467,-0.312229567472577,0.4592181106241272,-0.16326088457664084,-0.0013431950342432278,0.06441143501639898,-0.534652787393787,1.4040618071973927,0.46683538283080844,-1.6325628894845674,0.13926389101665335,0.6981319999784249,0.3162142944979742,-0.5204887489305334,-1.435681376233776,-0.6083126238154146,-1.5454973165639192,-0.1288775578070499,-0.698132,0.4296133330138626,0.1631958248838384,0.6184160997741498,0.11161603968647993,0.17141276518905765,0.36853937898128514,0.0,0.28334558213477457,0.12367205857426343,0.1454375186238166,0.19328386129158778,0.18516510448343948,0.6687998631949941,0.39017655733081674,0.42338338366547856,0.5538780913654205,0.0916675895613005,0.3831343806918224,0.12529755351981584,0.09061979859815822,0.1785259505486694,28,67,10,17,18,13,31,71,30,24,23,8
-0.0005524198074632241,-0.0006390225784418694,0.9535967758719245,0.004487225714916726,0.007415845511619574,-0.7069441312440367,0.707216279040822,0.0048505648070730914,-0.0005416645976804136,-0.3144350492510055,0.4614441266207606,-0.16355257275232604,-0.0006963838349325071,0.005538812272364898,-0.0005309686282999701,-0.31267315800052037,0.4587556551926066,-0.1629109228134435,-0.001384470439883016,0.07206522295042399,-0.523357186642921,1.4209531286689703,0.43692670764871,-1.6929534572703162,0.13305973602344337,0.6671410273520191,0.30162621833547465,-0.49771571901958717,-1.4594850676349043,-0.5864391783160574,-1.6358044812169688,-0.1224624985874357,-0.698132,0.40604091251997537,0.16797334955190754,0.595805149875053,0.05256556461217742,0.15881801552106106,0.27050496793504947,0.0,0.14000984135608707,0.07304698593103837,0.0,0.16453957132824137,0.13973825067118423,0.6703302027897277,0.29185933313258794,0.36316945465850414,0.4749736408383491,0.03747321387799189,0.28056361457355816,0.06849329973953751,0.0,0.16126868468366384,28,64,7,12,9,4,24,72,23,18,17,3
-0.0005263915049871867,-0.0006739597899541871,0.9535952524242467,0.004457496599223228,0.007151639993724297,-0.7069998818687567,0.7071634548016692,0.00445450678547444,-0.0003808773215726438,-0.3141892354868277,0.4620418767674974,-0.16389580792400615,-0.0006694362496582414,0.005143194935988095,-0.0003703388320766422,-0.3122429357012442,0.45896743382959326,-0.16302219699679077,-0.0013578618986683176,0.07239831385018164,-0.5237381149625664,1.4184015656037638,0.43429261192531154,-1.701660625870518,0.1317090691268197,0.6620821139195303,0.30104151981689586,-0.49431473225255335,-1.4564859028766144,-0.5856629239662378,-1.6493758133502494,-0.1204628624822223,-0.698132,0.4042584974242804,0.16797334955190754,0.595805149875053,0.05256556461217742,0.15881801552106106,0.27050496793504947,0.0,0.14000984135608707,0.07304698593103837,0.0,0.16453957132824137,0.13973825067118423,0.6703302027897277,0.29185933313258794,0.36316945465850414,0.4749736408383491,0.03747321387799189,0.28056361457355816,0.06849329973953751,0.0,0.16126868468366384,28,64,7,12,9,4,24,72,23,18,17,3
-0.0005656139672285819,-0.0010428258015101645,0.9537420076218088,0.004845505017378618,0.006106288891034369,-0.7070971433698436,0.7070734503255744,0.0022985341758253557,-4.038284861734844e-05,-0.31331709929055884,0.463555794407959,-0.16537088628502286,-0.0005756537691335777,0.002988984714333344,-3.0339995054300657e-05,-0.3108464669624712,0.45945524429192713,-0.1638027308278551,-0.001265961056796223,0.07731458291078667,-0.5092606099864263,1.4354302942994392,0.39135122480511814,-1.8202943082577232,0.09433266896258781,0.5778089166072178,0.24664692100406,-0.45740966879734685,-1.4752478142741348,-0.5448906172073885,-1.8408382728551327,-0.09025228544179231,-0.698132,0.3377454709614732,0.18435966994022915,0.5680744686014485,0.0,0.15044661357704034,0.13377184262324163,0.0,0.0,0.008166430476666507,0.0,0.14603588730457034,0.09885522194015606,0.6711786073391222,0.12108663254011416,0.2847223676619177,0.3070792674350943,0.0,0.12648652416615191,0.0,0.0,0.13328464268919366,31,61,4,4,0,4,17,72,12,7,7,2
-0.0005528544991226003,-0.0010675466784172477,0.9537732664613637,0.004786862343194443,0.005937666633333045,-0.7071050861413765,0.7070673427735545,0.002105024675896579,1.0031041118355871e-05,-0.31291811675721615,0.46368876872721004,-0.16564191978206985,-0.0005287817989136859,0.0027955765821657003,1.979967305433105e-05,-0.3104593695193341,0.45959267788393515,-0.1640407253754247,-0.0012192736079944461,0.07699474081254189,-0.5110147883286781,1.431013485082261,0.38991601362619605,-1.8241317910974104,0.09036992977736182,0.5715582394594312,0.24538027409292854,-0.4574139347988896,-1.4690036254473589,-0.5425717843284782,-1.8497045142968185,-0.08586046133990513,-0.698132,0.33612155593311155,0.18435966994022915,0.5680744686014485,0.0,0.15044661357704034,0.13377184262324163,0.0,0.0,0.008166430476666507,0.0,0.14603588730457034,0.09885522194015606,0.6711786073391222,0.12108663254011416,0.2847223676619177,0.3070792674350943,0.0,0.12648652416615191,0.0,0.0,0.13328464268919366,31,61,4,4,0,4,17,72,12,7,7,2
-0.0006170399859235515,-0.0014320604935625155,0.9538678415886709,0.005399309216244549,0.005115481575067962,-0.7071275104636482,0.7070469314364679,-6.39737434719853e-06,6.959896532893677e-05,-0.31171717322981857,0.4632376594729549,-0.16619459156626992,-0.0004483747809549517,0.0006847828193674834,7.914740263864788e-05,-0.3098587890583078,0.46009545561216936,-0.1648285917767042,-0.0011396465519563882,0.07815725349311631,-0.495051931049172,1.4612481033888296,0.353727131648103,-1.940714030344942,0.030584777337911095,0.4872759955131025,0.16204589331143116,-0.4258007518463378,-1.5045303960831569,-0.4928326981564954,-2.034945764829332,-0.03473918254393755,-0.6981319902188604,0.2540469697268681,0.21934608634010197,0.5503421590206352,0.0,0.1661181692767927,0.05899870860868836,0.0,0.0,0.0,0.0,0.1543894694369282,0.08517945024005923,0.6879938162111826,0.04963646579501794,0.2268782292600087,0.22424836714310364,0.0,0.017912680632360723,0.0,0.0,0.102216822072606,37,58,4,0,0,4,14,74,7,1,1,1
-0.0006076435304798556,-0.0014607279311094454,0.9539020555285377,0.005331489930096643,0.004963434601249869,-0.7071282455412521,0.7070477946290722,-0.0001549993139614611,8.862443362035342e-05,-0.3112028319618827,0.4631502260740817,-0.16634425081563128,-0.0004091083741285365,0.0005361618941224359,9.793267212974755e-05,-0.3095000382063009,0.4602631563999801,-0.16506547799183416,-0.0011003961077969235,0.07771552574238483,-0.49608191473778557,1.4568260201622731,0.3528912346953522,-1.9435751319245864,0.025513320977601884,0.4806886655898462,0.1588298226017781,-0.4261732238089211,-1.4986827981015212,-0.4897510682777099,-2.0425867602282035,-0.029323945110490763,-0.698131999510943,0.25181619387696713,0.21934608634010197,0.5503421590206352,0.0,0.1661181692767927,0.05899870860868836,0.0,0.0,0.0,0.0,0.1543894694369282,0.08517945024005923,0.6879938162111826,0.04963646579501794,0.2268782292600087,0.22424836714310364,0.0,0.017912680632360723,0.0,0.0,0.102216822072606,37,58,4,0,0,4,14,74,7,1,1,1
-0.000641303512180455,-0.0018436172898621895,0.9539183353187896,0.005800008754175846,0.004241590592825116,-0.7071197085916099,0.7070573431688622,-0.0019415095838740556,5.576635249956612e-05,-0.3094156374327926,0.4618939178940845,-0.16656942292448604,-0.00028641404655077823,-0.0012506543459346311,6.478730987468677e-05,-0.3090567308362366,0.4612429185856333,-0.16612014268110412,-0.000977460614413392,0.07766366615856363,-0.47979535035481563,1.4868556652025475,0.3312918262206711,-2.0421480209608043,-0.039991560842667834,0.4210134449179968,0.058618940793362634,-0.4038140832152057,-1.5290912541024615,-0.4468252010792948,-2.1796757098385755,0.01877350019020808,-0.6601643219719053,0.17884082476277963,0.25752327877188574,0.5609048480204735,0.0,0.20569792574877166,0.14437871463309424,0.0,0.0,0.0,0.0,0.1843899339494587,0.09920959359148099,0.7233459401758721,0.13701815503195108,0.2034768721025612,0.30750093898237607,0.0,0.03760922738659981,0.0,0.0,0.08865330122335117,43,60,5,5,0,4,17,79,11,7,2,1
-0.0006444280615104388,-0.0018713719211469286,0.9539462685713138,0.0057160120296545795,0.004139900480490702,-0.7071198774370003,0.7070584610652567,-0.001969035911706353,6.42672580697067e-05,-0.308918139739724,0.4617206775780418,-0.16665176500283146,-0.0002740242139753726,-0.0012782181181291317,7.309300144411066e-05,-0.3087728713085368,0.4614244412759086,-0.16634570701549767,-0.000965017134986811,0.07734847600334119,-0.47984036188569734,1.4830979409353926,0.3309362910745251,-2.043784378772336,-0.04496181077466741,0.41631380337689805,0.053465473817767416,-0.40475805820943095,-1.5242799426070384,-0.4442705735460845,-2.1847687805211704,0.023265920803023813,-0.6574354879283045,0.17646724471117747,0.25752327877188574,0.5609048480204735,0.0,0.20569792574877166,0.14437871463309424,0.0,0.0,0.0,0.0,0.1843899339494587,0.09920959359148099,0.7233459401758721,0.13701815503195108,0.2034768721025612,0.30750093898237607,0.0,0.03760922738659981,0.0,0.0,0.08865330122335117,43,60,5,5,0,4,17,79,11,7,2,1
-0.0006467504706587056,-0.0020762093407839226,0.9539099526160437,0.006004620906284444,0.003862955996811831,-0.7070978617040038,0.7070796532727861,-0.002829488706875269,-6.178470002339108e-06,-0.3080039236980497,0.4606863439344908,-0.1666273398062425,-0.00021388375379604343,-0.0021390553093166786,2.5434600212070055e-06,-0.30880185322495085,0.4619851234973211,-0.16696294595228398,-0.0009044750583623961,0.07771202243569977,-0.4715297258215153,1.5039469502941945,0.32266448817228593,-2.0973052718907215,-0.08645401677717879,0.3963289031530286,-0.01894098456576901,-0.3958133739600156,-1.5427696595695781,-0.41977229489830437,-2.252815966887132,0.047592798794613755,-0.6212471961524199,0.13435629982339786,0.2712462441749565,0.6037734331217405,0.041542972627792274,0.24334518385977244,0.2173266356757894,0.014563987209729281,0.06312009419776272,0.008146708256118972,0.0,0.21353005586051116,0.120433635053773,0.761313675644124,0.3113124762693439,0.19933435057624524,0.49263454027281706,0.0,0.11443999986949928,0.0,0.0,0.08707356881078605,46,65,8,9,4,5,20,84,20,18,6,1
-0.000656456610680644,-0.002098050529244598,0.9539291382617937,0.005922308535254009,0.0037878683996183282,-0.7071028892443801,0.7070757260271703,-0.002811470200386682,6.769550809478641e-06,-0.30759028392356186,0.46053271524595346,-0.1666502304479128,-0.000210752646057925,-0.0021210489293679315,1.5369756355852422e-05,-0.3086056816793692,0.4621871768906402,-0.16713167413535127,-0.0009013129670697211,0.077550770691467,-0.47031355003723146,1.5011887618300472,0.32255691298661227,-2.0993121998822515,-0.09175089423686143,0.39378755902630563,-0.0274195573134667,-0.39649634685985063,-1.5389956274849603,-0.41771335483748234,-2.2580652632325084,0.051146489765228356,-0.6160459590166812,0.13066838632544783,0.2712462441749565,0.6037734331217405,0.041542972627792274,0.24334518385977244,0.2173266356757894,0.014563987209729281,0.06312009419776272,0.008146708256118972,0.0,0.21353005586051116,0.120433635053773,0.761313675644124,0.3113124762693439,0.19933435057624524,0.49263454027281706,0.0,0.11443999986949928,0.0,0.0,0.08707356881078605,46,65,8,9,4,5,20,84,20,18,6,1
-0.0006191966558329557,-0.002194824798139433,0.9539391693677544,0.006025989545655261,0.0036657174023700086,-0.7071404121597196,0.7070379674787651,-0.003165557139361408,5.835162155041084e-05,-0.3072507125989646,0.4602972967083268,-0.1666998926270163,-0.00019137614809773836,-0.0024753015515336972,6.68741448618255e-05,-0.3085194248907884,0.4623312845665092,-0.16731806354975454,-0.0008817714079208132,0.07682876039752107,-0.47115730991717375,1.500257733325134,0.32441035198661655,-2.101745717813047,-0.09912335869467799,0.3940747094714127,-0.04003686205137993,-0.39684574808491496,-1.5343874383814606,-0.4151151358436493,-2.2576103790846447,0.054528611498535405,-0.6093225087408374,0.12832836681796622,0.2512904985735038,0.6573594044810964,0.035335621876611836,0.24939884091702225,0.27936752298387396,0.012098779454457372,0.10973609318927928,0.014726215563702155,0.0,0.22122283888477146,0.1262806625808792,0.781026768119672,0.30478447362798705,0.19283589635912465,0.528243672696509,0.0,0.13513375794515783,0.0,0.0,0.08669237144885798,42,72,8,13,6,5,21,87,20,21,7,1
-0.0006157687216858368,-0.0021922762972301072,0.9539548641016204,0.005961390287240139,0.0036628819076777283,-0.707104594245712,0.7070743510541027,-0.0031130220258326026,4.129628572928831e-05,-0.30698205850805965,0.460055830735783,-0.16669230494399598,-0.00016665711204192962,-0.0024227950065278604,4.974980729732752e-05,-0.30844522269866476,0.4624471752849007,-0.1674600384555003,-0.0008570543475800042,0.07682467038165398,-0.47082408847182655,1.4982772305742484,0.32493286344090766,-2.1022085352600635,-0.10467638694168334,0.39415530391996034,-0.0501454053900464,-0.39834381172941513,-1.5304881883025871,-0.41293228963432965,-2.2576847151593245,0.057648930226639174,-0.6035523981505281,0.12625351877200455,0.2512904985735038,0.6573594044810964,0.035335621876611836,0.24939884091702225,0.27936752298387396,0.012098779454457372,0.10973609318927928,0.014726215563702155,0.0,0.22122283888477146,0.1262806625808792,0.781026768119672,0.30478447362798705,0.19283589635912465,0.528243672696509,0.0,0.13513375794515783,0.0,0.0,0.08669237144885798,42,72,8,13,6,5,21,87,20,21,7,1
-0.0006684954458696315,-0.002104193868125549,0.9541123151126136,0.005502358757824892,0.003822371258366738,-0.7070790405148586,0.7071027817726715,-0.0021358058271949377,2.3367899281794263e-06,-0.30590231400864104,0.45901866746313624,-0.16645149107092042,-0.00018850416568716352,-0.0014452342129879572,1.0449471124965037e-05,-0.3079261834063161,0.46238039424256444,-0.16768766438110425,-0.0008790489851967106,0.07610765214291601,-0.48234710063291286,1.4622858911728207,0.33415633412015167,-2.0488550342421377,-0.10198039731497513,0.4094498801441211,-0.04407975494675787,-0.4219740756286648,-1.4819435925931104,-0.4170766062692599,-2.1838276422486738,0.06171202514333371,-0.6049566386016946,0.1574985196963571,0.21836234896050788,0.6889351857231845,0.0,0.21916102907951301,0.30253605321910537,0.0,0.07848480356172197,0.0,0.0,0.2049667724185262,0.11432225995815973,0.7708702434167115,0.13573158557384346,0.182600919106287,0.3395879271623733,0.0,0.052058720997398264,0.0,0.0,0.08866356375935289,37,76,5,14,4,5,19,86,10,9,3,1
-0.00069943113649521,-0.002075956924990448,0.9541240462097333,0.005471227351746293,0.003904779491730325,-0.7070777646467427,0.707103848886818,-0.0019163850760015974,-1.8654407793584035e-05,-0.30586104633332317,0.45873238081111867,-0.16629604825887856,-0.00024177684657570675,-0.0012257249840814694,-1.053027561579536e-05,-0.3079549953818628,0.46221626163138163,-0.16760671108945585,-0.0009323952545119204,0.07629522794773433,-0.4843802283534493,1.4612982926638867,0.3325508725441086,-2.0448176043333173,-0.1019070810024024,0.4109717401993413,-0.046111874452306134,-0.4261628227351909,-1.4803473853193876,-0.413958657335013,-2.1791999825792927,0.06367747964648195,-0.6037781179241547,0.1592571750857377,0.21836234896050788,0.6889351857231845,0.0,0.21916102907951301,0.30253605321910537,0.0,0.07848480356172197,0.0,0.0,0.2049667724185262,0.11432225995815973,0.7708702434167115,0.13573158557384346,0.182600919106287,0.3395879271623733,0.0,0.052058720997398264,0.0,0.0,0.08866356375935289,37,76,5,14,4,5,19,86,10,9,3,1
-0.0007398258925522285,-0.0017239218544598167,0.9542594447383925,0.00508254650722935,0.004421626546956567,-0.707067852963224,0.7071136176355659,-0.00048252863317497255,-3.395533626309428e-05,-0.3057721159181455,0.4574083669461843,-0.16537029811010473,-0.00039980012151407285,0.00020835412784392886,-2.58424713744458e-05,-0.30784627869744924,0.4608801409134505,-0.16677564190365035,-0.0010906843097491278,0.0759903532363157,-0.5143103753956799,1.4115865816925104,0.3443700597444017,-1.9458814102042787,-0.06813614176755677,0.44309829266126466,0.01662810810348762,-0.4658552004723695,-1.4200967747589512,-0.42231176272522675,-2.0452100894995646,0.06425569561449017,-0.6461515491533086,0.22469963700597456,0.20004538026021518,0.6804202915347111,0.0,0.17636855778692548,0.20644415872375435,0.0,0.002306557326265626,0.0,0.0,0.18209299338737162,0.10567289687746641,0.7342059285604952,0.05256628019717074,0.1896472670821936,0.24559721710020574,0.0,0.01620457925331143,0.0,0.0,0.09627616635777657,34,75,4,8,0,4,18,81,6,3,1,1
-0.0007533707792113881,-0.0016761341649907775,0.9542604374340494,0.0051313824363392055,0.004540527364420918,-0.7070680337064952,0.707112330705649,-0.00035178029434673643,-4.5657447094228996e-05,-0.30599261265938277,0.45713524910582476,-0.1651028124461274,-0.0004403611461675095,0.00033910908884671545,-3.739578876930305e-05,-0.3080160301530163,0.4605246734002145,-0.1664889864494157,-0.0011312557258307114,0.07624481512901721,-0.5175041799145962,1.4129060280290466,0.34176121246506913,-1.9420593150346863,-0.06541712128509383,0.4456599656347517,0.019371899478669522,-0.4700151251003688,-1.4214488488712058,-0.41834492652082567,-2.0393168676309834,0.06579628260265283,-0.6497491290920673,0.22813076966371873,0.20004538026021518,0.6804202915347111,0.0,0.17636855778692548,0.20644415872375435,0.0,0.002306557326265626,0.0,0.0,0.18209299338737162,0.10567289687746641,0.7342059285604952,0.05256628019717074,0.1896472670821936,0.24559721710020574,0.0,0.01620457925331143,0.0,0.0,0.09627616635777657,34,75,4,8,0,4,18,81,6,3,1,1
-0.0007625815311397353,-0.001635671312601272,0.9542618866802859,0.005178537585500148,0.004635020307663537,-0.7070700369058992,0.7071093707801596,-0.00026345225744023445,-4.8529802790830525e-05,-0.3061786371170851,0.45689885897624116,-0.16485744300048716,-0.0004716185903281135,0.00042743818553211044,-4.012365252543375e-05,-0.30815084795557723,0.46020195401311453,-0.16621668917716387,-0.0011625212127762215,0.07645018631172311,-0.5201284616825914,1.414126104772575,0.3392989979703039,-1.9395510905849276,-0.06315668988795986,0.44783892322447333,0.02119967231547939,-0.4735082577016128,-1.422648904221542,-0.4145762989516995,-2.035374418426166,0.06723524943678363,-0.6528415800607812,0.23074132653025295,0.20004538026021518,0.6804202915347111,0.0,0.17636855778692548,0.20644415872375435,0.0,0.002306557326265626,0.0,0.0,0.18209299338737162,0.10567289687746641,0.7342059285604952,0.05256628019717074,0.1896472670821936,0.24559721710020574,0.0,0.01620457925331143,0.0,0.0,0.09627616635777657,34,75,4,8,0,4,18,81,6,3,1,1
-0.000698806701343963,-0.0011711238320610208,0.9542666870003875,0.00473705672670339,0.005119809088308302,-0.7070546618025194,0.7071244961615967,0.001059496751284319,-6.505741206820527e-05,-0.3066268109385397,0.45640957613292693,-0.16399210033660352,-0.0004800759885769884,0.0017501848856337349,-5.665098884304362e-05,-0.30806760073915185,0.458853257661084,-0.16507648482920992,-0.0011708563027582576,0.07735694956070638,-0.5522281612994956,1.3648117354737608,0.3608602269050273,-1.8322253320957607,-0.0214137829048789,0.4971733325358462,0.10854913660519885,-0.5144079950562024,-1.3603166809241958,-0.4376716924375316,-1.882418830790835,0.0651358235238476,-0.6981318798586852,0.3067848249034201,0.20492898604022053,0.6406687335778121,0.0,0.150321194216992,0.15609524952807236,0.0,0.0,0.020710600502940314,0.0,0.19540951524088418,0.12592451069371724,0.6849604863310941,0.07121074247830764,0.2355871778813651,0.26827433243124565,0.0,0.09016332518559163,0.0,0.0,0.11076355106663581,35,70,4,5,0,5,21,74,8,4,5,2
-0.0007090063332874583,-0.0011270370530792522,0.9542576489099621,0.004786650238366683,0.005277897173558301,-0.707056079524284,0.7071215823241929,0.001243460681710539,-6.964800778731467e-05,-0.3070006027705857,0.45627402775396336,-0.1637560359215628,-0.0005130771779376111,0.0019340932608488295,-6.105334512026162e-05,-0.30829451211787834,0.4584736091969136,-0.16475340875280925,-0.0012037942955808465,0.07769823784217303,-0.5548323881886604,1.3674617401009177,0.358594857667152,-1.8284011881635143,-0.018259941304785376,0.5014576589191196,0.11401154576420132,-0.5185669693596915,-1.3626857782959552,-0.4354256389449041,-1.87510723252274,0.06642960687401596,-0.6981319939929342,0.31138947477945794,0.20492898604022053,0.6406687335778121,0.0,0.150321194216992,0.15609524952807236,0.0,0.0,0.020710600502940314,0.0,0.19540951524088418,0.12592451069371724,0.6849604863310941,0.07121074247830764,0.2355871778813651,0.26827433243124565,0.0,0.09016332518559163,0.0,0.0,0.11076355106663581,35,70,4,5,0,5,21,74,8,4,5,2
-0.0005798277962084991,-0.0007075783358008259,0.9540926363772584,0.004229768215504992,0.0060313336132917904,-0.7070499463934428,0.7071252402373415,0.0030732744207645187,-7.522521563987629e-05,-0.3083230989760473,0.45689255476870894,-0.16332287222989736,-0.0004748118528958902,0.003763050602101651,-6.655409694529812e-05,-0.3085752006649462,0.45737613837631835,-0.16371881489417972,-0.0011648705749360546,0.07984505006803592,-0.5819126501645264,1.331420845914536,0.38573792368684257,-1.7320094475648504,0.01792135024447364,0.5685404966189957,0.20040527076029283,-0.5625014215716844,-1.313855566391935,-0.48133533645316384,-1.7327060652965942,0.06922760962615578,-0.6981319999999981,0.38542415268187014,0.2220421837021202,0.5950637863686833,0.0,0.15384675930602054,0.1686053332740547,0.0,0.05205348500964228,0.07874761524048728,0.0,0.23013701204622367,0.18074919458309108,0.6387406683531339,0.18594493504652307,0.3219895454217117,0.36211525833700703,0.03874060216762009,0.26144707563634184,0.07488307230413639,0.07283501569338365,0.12903447798126091,37,64,4,6,5,6,31,67,16,11,16,6
-0.0005941963526080623,-0.0006637810256860858,0.9540735206713578,0.004276246426953025,0.006224079937343221,-0.7070505467819942,0.7071226900904201,0.0033225685596417766,-7.036252151423393e-05,-0.308906214098511,0.4569894943767351,-0.16313493392411876,-0.0005191761640745906,0.004012148660077596,-6.143821494458801e-05,-0.3089030533257496,0.45704932557843314,-0.16337006328005957,-0.0012090253458570223,0.08019043109456185,-0.5831860506939928,1.3349027156237645,0.38411974377926084,-1.7285862009762352,0.02055810685384898,0.5749462951312814,0.2066564902154896,-0.5651371786492514,-1.317566881054885,-0.4810984362058945,-1.7251094668379006,0.07067866869336947,-0.6981319999999999,0.3909420847166233,0.2220421837021202,0.5950637863686833,0.0,0.15384675930602054,0.1686053332740547,0.0,0.05205348500964228,0.07874761524048728,0.0,0.23013701204622367,0.18074919458309108,0.6387406683531339,0.18594493504652307,0.3219895454217117,0.36211525833700703,0.03874060216762009,0.26144707563634184,0.07488307230413639,0.07283501569338365,0.12903447798126091,37,64,4,6,5,6,31,67,16,11,16,6
-0.00040481382586914896,-0.00047419979827331693,0.953858191307189,0.0037148260526782832,0.006874247739827438,-0.7070409535648674,0.7071294328250612,0.0049419849070374625,-9.625707801088758e-05,-0.3102969905896244,0.45859392699982887,-0.16338370442914293,-0.00044186957634060844,0.005630098486923472,-8.729897670776125e-05,-0.30902411853399114,0.45656465642489813,-0.16286148143323897,-0.0011304147732270604,0.08271861900891406,-0.5994084101294884,1.3120308553569024,0.408322722482716,-1.6667786766268675,0.04224620158834953,0.6376078367768463,0.26579185256567794,-0.5929823346478086,-1.2947947892378766,-0.5255905538493562,-1.63896446510391,0.07733413956171223,-0.698132,0.44326370646191715,0.23377617188961822,0.5625520025020431,0.05250711353552813,0.1771750220743945,0.3169730502724596,0.0,0.23947130341192335,0.14101937470202563,0.1517928383889811,0.2644746808364839,0.24662662974632454,0.6081794557318765,0.2706974253916669,0.4258727467775981,0.4551613089415326,0.10787527550068049,0.39115392425864104,0.15272184224323268,0.23927936955408155,0.15333131994467533,39,60,7,14,16,15,42,63,24,19,25,15
-0.0004142317119237284,-0.0004277875071409329,0.9538371585884892,0.003781273921148618,0.007071757720474295,-0.7070416925843575,0.7071263940468656,0.005160319674461018,-8.328543195511717e-05,-0.31103776237832037,0.45886998590580036,-0.16328708522646795,-0.000472248769655524,0.005848163887281436,-7.406424052031039e-05,-0.30943896008832183,0.45629819345657313,-0.16254965981103492,-0.0011604889928831317,0.08310075181135841,-0.5998095597422942,1.3150944277281966,0.4074149200802125,-1.6630847790460785,0.04420856519287581,0.6463137065248815,0.2724649156254401,-0.5939862785820437,-1.2988620858687194,-0.5276693590147101,-1.6314306843000796,0.07932327433525338,-0.698132,0.4499281489078921,0.23377617188961822,0.5625520025020431,0.05250711353552813,0.1771750220743945,0.3169730502724596,0.0,0.23947130341192335,0.14101937470202563,0.1517928383889811,0.2644746808364839,0.24662662974632454,0.6081794557318765,0.2706974253916669,0.4258727467775981,0.4551613089415326,0.10787527550068049,0.39115392425864104,0.15272184224323268,0.23927936955408155,0.15333131994467533,39,60,7,14,16,15,42,63,24,19,25,15
-0.00026674543121569193,-0.00046692416994528486,0.9536981786597843,0.0033996268273661363,0.007548627523473576,-0.7070278661325687,0.7071372266201046,0.006294844377660713,-0.0001236970423819484,-0.312162988682686,0.4605000930252715,-0.1637417384115491,-0.0004068889715350099,0.006981224110433882,-0.00011432318085774466,-0.3094471319736617,0.4560964592200806,-0.16232493857929836,-0.0010937873446676568,0.08544918149789206,-0.6066776036435578,1.3065503352192618,0.4167411333717684,-1.6411364286500791,0.053141639432638964,0.6867259181386293,0.3013909133150155,-0.6061782807683256,-1.2943331368513273,-0.5520097887916767,-1.6007135737438631,0.08439478494956945,-0.698132,0.47921108232788173,0.22679803138087953,0.5431244982519989,0.1708484304287178,0.19703922515658018,0.4469712990666717,0.0,0.3661456075522974,0.17383910446188766,0.2968481473599035,0.2714818636239758,0.2860775460129213,0.5992168322303888,0.2602490292778954,0.5176083954530801,0.48981616514340415,0.15089814770782378,0.42040695151900503,0.20042141144755737,0.2593258024634679,0.1771336403178297,38,57,14,22,24,23,48,62,25,22,27,17
-0.00027445473293416484,-0.0004253735003337682,0.9536827467476824,0.0034647886037056865,0.007702865497336541,-0.7070342566918207,0.7071288573996298,0.006446573209024672,-0.00010025141215415012,-0.3128656565997332,0.46088645747656426,-0.16377616902691275,-0.0004279485881942711,0.007132707358788187,-9.067937033614183e-05,-0.30979869703148,0.4558907086820371,-0.16211706314339155,-0.0011145258130428827,0.08583555234122592,-0.6067776020604344,1.3080803713821612,0.4158307077299407,-1.6391598873378255,0.054125865642404125,0.695569788654295,0.3069419170566342,-0.6062177340881048,-1.297167071438437,-0.5547020765609602,-1.5962466311915842,0.08652892835045228,-0.698132,0.48567808663099743,0.22679803138087953,0.5431244982519989,0.1708484304287178,0.19703922515658018,0.4469712990666717,0.0,0.3661456075522974,0.17383910446188766,0.2968481473599035,0.2714818636239758,0.2860775460129213,0.5992168322303888,0.2602490292778954,0.5176083954530801,0.48981616514340415,0.15089814770782378,0.42040695151900503,0.20042141144755737,0.2593258024634679,0.1771336403178297,38,57,14,22,24,23,48,62,25,22,27,17
-0.00019983575861318818,-0.0006036325764248167,0.9537157418284936,0.0034269867735388713,0.008028388231183124,-0.7069922313747782,0.7071674381076771,0.00688725927552132,-0.0001352620756936133,-0.31343105945168803,0.46129404625869824,-0.1639127879529427,-0.00040553740441251723,0.0075726772711631335,-0.00012547257528797628,-0.3099635658223251,0.4556766550323221,-0.16202196112390754,-0.0010915918404808432,0.08687032305618808,-0.6064722924040935,1.3117765756023898,0.41094352374354276,-1.647097369327617,0.05345714639971,0.6980038894327147,0.3077133965938564,-0.6060985940858273,-1.3025905728784235,-0.5528577562196026,-1.6052363368014606,0.08744190665092261,-0.698132,0.4881806107886111,0.20083924327048483,0.528690730057761,0.1585632323568549,0.19630662320305553,0.4223286811984984,0.0,0.30583432407964667,0.15863877020688125,0.15370744712512635,0.24009265807892585,0.2761202680973684,0.6049620023423486,0.45662068344888024,0.5450466817170979,0.6504457451615726,0.14718164359862704,0.42785830314783696,0.20363925753616677,0.11587211233393069,0.1885274987406991,34,55,13,20,20,14,47,63,37,32,28,10
-0.00022867284683550634,-0.0005967372680995778,0.9536910520406687,0.0034304363837450074,0.008096955242102782,-0.707012206854209,0.7071466685074361,0.007045356733666264,-0.00012970582142015705,-0.31387154548645074,0.4617728913108651,-0.16405056883455923,-0.00042331605456575764,0.00773052005708876,-0.00011975555979337705,-0.3100456365434514,0.4555441095231189,-0.1619178278584084,-0.0011090258415961437,0.08744654865270408,-0.6066426484999685,1.3129486702234394,0.4079805445258187,-1.6525703722816005,0.052929574996748704,0.6981255944716357,0.30926583155534,-0.6053982275619222,-1.304996278416364,-0.5521014509511498,-1.6110787771599497,0.08867595260684555,-0.698132,0.49134369178757964,0.20083924327048483,0.528690730057761,0.1585632323568549,0.19630662320305553,0.4223286811984984,0.0,0.30583432407964667,0.15863877020688125,0.15370744712512635,0.24009265807892585,0.2761202680973684,0.6049620023423486,0.45662068344888024,0.5450466817170979,0.6504457451615726,0.14718164359862704,0.42785830314783696,0.20363925753616677,0.11587211233393069,0.1885274987406991,34,55,13,20,20,14,47,63,37,32,28,10
-0.00033476106653705396,-0.0008474139897923366,0.9538348171980763,0.003758000905313964,0.008311441607970696,-0.7070450374947167,0.7071096890311204,0.007031019753701393,-7.997924609604674e-05,-0.31506313884978737,0.4626078285183166,-0.16441193794805795,-0.0005542181010286622,0.0077159849986185,-6.931896866165687e-05,-0.3102867913136085,0.4547602175649376,-0.161591333170236,-0.0012393450723497629,0.08892623401082705,-0.5996684949735397,1.3291294056938623,0.37544388093667524,-1.71506610047245,0.03958227738132666,0.6887743187834263,0.28554994730769195,-0.5943101584900079,-1.3213325941758989,-0.520372098504665,-1.689891614072847,0.08868740388811173,-0.698132,0.4746642726425863,0.16905583766057947,0.5220682265640549,0.07866340310407856,0.1785079649307276,0.31647563143564117,0.0,0.16497002188166074,0.11062966685971533,0.0,0.18700389611687812,0.22472211931526498,0.607642426647684,0.38410907726589116,0.48575179946099234,0.5805008550831515,0.09554602531849725,0.38450814679935963,0.1635891871906529,0.06465432587672834,0.17796823058619463,28,55,8,14,11,4,38,63,31,26,24,7
-0.0003353929916936375,-0.00085497506515709,0.9538421886371181,0.00370210102910472,0.008158004423605186,-0.7070610204576739,0.7070957889573007,0.00688261235351297,-3.862371910906312e-05,-0.3149452681096006,0.4630650765648198,-0.16463960431091454,-0.0005663607832763261,0.0075677941757750404,-2.8039808778121664e-05,-0.30991607591972287,0.45477486714518406,-0.16161075911387457,-0.001251571791764519,0.08894186886413401,-0.5998300885500522,1.3263390453916384,0.3713810314323127,-1.724004869123888,0.036646896627853726,0.6885656425105605,0.2831974678396594,-0.5934927781475122,-1.3176900961715436,-0.5168088936665363,-1.7021768443373575,0.09002312471522379,-0.698132,0.4734886402751441,0.16905583766057947,0.5220682265640549,0.07866340310407856,0.1785079649307276,0.31647563143564117,0.0,0.16497002188166074,0.11062966685971533,0.0,0.18700389611687812,0.22472211931526498,0.607642426647684,0.38410907726589116,0.48575179946099234,0.5805008550831515,0.09554602531849725,0.38450814679935963,0.1635891871906529,0.06465432587672834,0.17796823058619463,28,55,8,14,11,4,38,63,31,26,24,7
-0.0004937307985076908,-0.001219819308442624,0.9542157575255357,0.003939149651632775,0.007373484601817495,-0.7071267479407553,0.707037394464805,0.005517434411571306,0.00013993861221617702,-0.3136734062444075,0.46353439878134994,-0.16565571432921447,-0.0006862054132128403,0.006204342881944699,0.00015019289470774902,-0.3077763281759764,0.4537019585802575,-0.16181339919272852,-0.0013729044531715408,0.08754191625735308,-0.5943653753309092,1.334762615364429,0.3172540953964163,-1.842748705047004,-0.006771047217512594,0.6446723035807563,0.21942987939449018,-0.5780512577192872,-1.3185595442097422,-0.4449639694845827,-1.8755339583572523,0.1017606805680445,-0.698132,0.4136938255015528,0.14997020850441597,0.5357258206599923,0.0,0.16285731827541414,0.17611033632409293,0.0,0.02992086004534707,0.07155879603774036,0.0,0.14548924145619946,0.16317091903541248,0.5920407539311814,0.25675444378308976,0.39773971475153136,0.46963316022004914,0.02004060350968473,0.28507665204678007,0.09900509336302482,0.0,0.14454631860116327,25,56,4,7,3,3,28,61,22,17,18,2
-0.0004934068849323617,-0.0012176691351033376,0.9542549938268821,0.003883743577016251,0.007240103834525308,-0.7071292291470846,0.7070365978633235,0.0053917218160514785,0.00015551944970942187,-0.3132928263346199,0.4635048555156337,-0.16579182306445442,-0.0006673133060206629,0.00607878556038418,0.0001655592580105201,-0.3073305500266234,0.4535579642761385,-0.16188206672535294,-0.0013542430426541914,0.08702029707711635,-0.5963137800316063,1.3301163589881146,0.31427540102853635,-1.8465600306161227,-0.011529104033968453,0.6418456055379765,0.2173248661871444,-0.5800634844104784,-1.3115782053831024,-0.44006485039116006,-1.8836301988363309,0.10549404262321103,-0.698132,0.4111294210951849,0.14997020850441597,0.5357258206599923,0.0,0.16285731827541414,0.17611033632409293,0.0,0.02992086004534707,0.07155879603774036,0.0,0.14548924145619946,0.16317091903541248,0.5920407539311814,0.25675444378308976,0.39773971475153136,0.46963316022004914,0.02004060350968473,0.28507665204678007,0.09900509336302482,0.0,0.14454631860116327,25,56,4,7,3,3,28,61,22,17,18,2
-0.0006245060726301937,-0.001607977374962438,0.9546836560663802,0.004309314126217999,0.006396904565235603,-0.707146788071805,0.7070247022158945,0.0036127838463634607,0.00020564660176643646,-0.31056036924127706,0.46122674056857155,-0.1658261035744566,-0.0006971932422231534,0.004301498606737678,0.00021526391225394859,-0.3047952767347864,0.45156946799484715,-0.16188556821496464,-0.0013858137827030188,0.08223882131074833,-0.5953488906155455,1.3444356614218171,0.2585293737084104,-1.9708749833768595,-0.07468899880485284,0.5923622397873085,0.13290855046210712,-0.5695527986562386,-1.3258650027240462,-0.34930792459468785,-2.0693067376095917,0.1376647387422005,-0.698132,0.32732064056532717,0.15785911417672285,0.5705784226661147,0.0202342477901935,0.16602683619703582,0.17434765849933376,0.0,0.037220437842425555,0.07595189448476519,0.0,0.1413259330584922,0.12398911508618074,0.5559182067280767,0.12500625806765797,0.3170418686048657,0.3086398186791799,0.0,0.10343449465849115,0.044528148873818334,0.0,0.10203782983116773,27,61,5,6,4,3,21,56,13,7,7,1
-0.0006227958063132022,-0.001604808629857517,0.9547265715818429,0.004263979233514258,0.006298538931269894,-0.7071429823599102,0.7070296665540696,0.003524318985573485,0.00019683310509800229,-0.3100549787522646,0.46083732309919856,-0.1657755646778439,-0.0006742658584950377,0.004213090631240945,0.00020628625347988915,-0.30436833894522314,0.4513141726147868,-0.16188430494692782,-0.0013630054107897833,0.08169615159430348,-0.5974079785056012,1.3402230930387236,0.2556944228402192,-1.9729879159986377,-0.07979089346753143,0.5893278284007106,0.13071088447227178,-0.5721589531599717,-1.32003299179388,-0.34401678699687416,-2.0744965886144153,0.14189209178810777,-0.698132,0.32473127794357787,0.15785911417672285,0.5705784226661147,0.0202342477901935,0.16602683619703582,0.17434765849933376,0.0,0.037220437842425555,0.07595189448476519,0.0,0.1413259330584922,0.12398911508618074,0.5559182067280767,0.12500625806765797,0.3170418686048657,0.3086398186791799,0.0,0.10343449465849115,0.044528148873818334,0.0,0.10203782983116773,27,61,5,6,4,3,21,56,13,7,7,1
-0.0006823196136284125,-0.001986320388441897,0.954995978791309,0.004706410512638087,0.005661803008111824,-0.7071298597474733,0.7070453699306022,0.001958769476314538,0.00014953645473073768,-0.3072586754243908,0.45770016603358493,-0.1652180550760196,-0.0006590153087996577,0.0026484290200113935,0.00015877833716933958,-0.30234897949737327,0.4494775086402334,-0.16178521440593938,-0.0013486174574570216,0.07803848196226414,-0.5954095716753739,1.363861098025024,0.2110409396205131,-2.086154394051406,-0.13781748211871064,0.5632034549643982,0.04552418401931248,-0.5611218877083113,-1.3574163279493239,-0.269925855232264,-2.227321188504184,0.17028090250820602,-0.6746648354556928,0.2443252516515145,0.19007506473514993,0.6117929766885593,0.11406951882917843,0.19005396370449334,0.2753005567608768,0.0,0.19769183867048587,0.12143934612864969,0.0,0.1763867790243163,0.11910390360326355,0.5100129581678499,0.11074786055666039,0.2734220065270777,0.29391435360705614,0.0,0.04764947825479247,0.028016409125448415,0.0,0.0717243841505233,32,66,11,12,13,4,20,49,11,6,3,1
-0.000672304658246967,-0.0019941217258572,0.9550362056797226,0.004665832758055889,0.005557405497232167,-0.7071256202010013,0.7070507071661564,0.0018424336318554801,0.0001347663369788411,-0.3066708288370129,0.45719287772072575,-0.16510585423018312,-0.0006232634418014644,0.0025321247588849997,0.00014387223126299044,-0.3019216509043619,0.44924202385521567,-0.16178184769410012,-0.0013129516090670276,0.07771840586656381,-0.5964681425591971,1.3598924049571977,0.20834718907664135,-2.0888798938091337,-0.1429672701945346,0.561232244670953,0.04196949355030897,-0.5625648368102732,-1.3531405819924325,-0.2661465698272487,-2.23226696946262,0.17323188341465748,-0.6728614123817082,0.24091928524360143,0.19007506473514993,0.6117929766885593,0.11406951882917843,0.19005396370449334,0.2753005567608768,0.0,0.19769183867048587,0.12143934612864969,0.0,0.1763867790243163,0.11910390360326355,0.5100129581678499,0.11074786055666039,0.2734220065270777,0.29391435360705614,0.0,0.04764947825479247,0.028016409125448415,0.0,0.0717243841505233,32,66,11,12,13,4,20,49,11,6,3,1
-0.0006663979843979317,-0.002267703064724999,0.9551638933811905,0.004920452412356218,0.0049591156136943254,-0.7071018216294842,0.7070772306959489,0.0005498689925908004,4.8706567163462826e-05,-0.3040238265156808,0.4545060902127185,-0.16459964389865492,-0.0005592630891476453,0.0012399139296271015,5.7428266819767405e-05,-0.3001557496120028,0.4480490279866533,-0.16185589178487222,-0.0012492867547205756,0.07660741110989455,-0.5953220966888321,1.379712090180887,0.1783003535460903,-2.1764845390024914,-0.18657514811882114,0.5586100496968646,-0.02859525419235906,-0.5525674197567492,-1.3901850440687258,-0.22030656501795107,-2.3497297960274115,0.18651129472691869,-0.6119586069974992,0.17461273564304106,0.22165613432487158,0.6511218071739789,0.10706366249191808,0.22493682971984533,0.31539115365162196,0.01596215302020942,0.3238464710260786,0.175573490499472,0.015615949509783825,0.23160657927640288,0.13310919346613695,0.4722765311853646,0.2568653769103465,0.2563262272511129,0.4638238143514935,0.0,0.15085680085784406,0.041378894224812286,0.0,0.06304454762109016,37,71,11,15,22,6,22,44,19,17,9,0
-0.0006477409363658533,-0.0022834800115446425,0.955198037743508,0.004902918091867034,0.004854971920443513,-0.7071020492021435,0.7070778476631585,0.0003849473154062497,4.151330827578728e-05,-0.30345447014740345,0.45397183487309317,-0.164467609620897,-0.0005099683416893095,0.0010749920075501108,5.0134421101877026e-05,-0.29979655751650197,0.4478636095190012,-0.1618610170334815,-0.0012000464079603536,0.07652068613867173,-0.595488414727109,1.3765175891842323,0.1756868042657934,-2.1797342968219393,-0.1912916334553598,0.5585829725188305,-0.03324648524242666,-0.5531836167526418,-1.3867841723716088,-0.21874138276444324,-2.3553228887798925,0.18749974666983452,-0.6049048444391304,0.17041058628003117,0.22165613432487158,0.6511218071739789,0.10706366249191808,0.22493682971984533,0.31539115365162196,0.01596215302020942,0.3238464710260786,0.175573490499472,0.015615949509783825,0.23160657927640288,0.13310919346613695,0.4722765311853646,0.2568653769103465,0.2563262272511129,0.4638238143514935,0.0,0.15085680085784406,0.041378894224812286,0.0,0.06304454762109016,37,71,11,15,22,6,22,44,19,17,9,0
-0.0006522784989662276,-0.0023536689158301575,0.955265648526937,0.004941614625664394,0.004473277495448851,-0.7070876763651128,0.7070944690534108,-0.00024222750780000118,4.5558195362275754e-05,-0.30174249231557787,0.4523708729060898,-0.16410672581661676,-0.0004569545610298747,0.00044782421344657946,5.379746839037761e-05,-0.2987165091017223,0.4473250103193408,-0.16190726539026723,-0.0011470095796398292,0.0755570233435892,-0.5972237433818899,1.386860180915526,0.16326596537832,-2.221401039540252,-0.21132531127170942,0.5668627402155335,-0.06915887922134963,-0.5482250322591565,-1.4061523493021053,-0.20088458500293946,-2.4038847246167703,0.18698241696813453,-0.5657509123386775,0.14193773123567932,0.22571261111906427,0.6916419208669936,0.2311174245735927,0.25586081775277614,0.408122922817741,0.03066225845830174,0.26401248274397077,0.207128659403094,0.02924461477336935,0.27979971013989907,0.13893635914635546,0.45973428102126807,0.2657292584094025,0.2369255487116719,0.4467882140281375,0.0,0.14898812918761126,0.04552087469906018,0.0,0.06431981607229112,38,77,18,20,19,8,23,42,19,15,9,0
-0.0006301465917242882,-0.00237297396289355,0.9552902523129684,0.00496907236294826,0.004393170139053997,-0.7070814550218348,0.7071010000984198,-0.0004406741843284654,7.860607617634107e-06,-0.30127750538127873,0.4518007958917517,-0.16394698773638777,-0.0004186692685563137,0.00024935387930251547,1.604405475397418e-05,-0.29846733205613674,0.44712462410569304,-0.16190270466511683,-0.0011087414951108984,0.07576869020297029,-0.5968004806113768,1.3851940017003204,0.1606067062143955,-2.226030263503154,-0.21537659373924228,0.569055553659184,-0.07507954417865846,-0.5482435710030517,-1.405116771976642,-0.20008808522737398,-2.4101600924485447,0.1862482555876561,-0.5569384639656694,0.13749499363722012,0.22571261111906427,0.6916419208669936,0.2311174245735927,0.25586081775277614,0.408122922817741,0.03066225845830174,0.26401248274397077,0.207128659403094,0.02924461477336935,0.27979971013989907,0.13893635914635546,0.45973428102126807,0.2657292584094025,0.2369255487116719,0.4467882140281375,0.0,0.14898812918761126,0.04552087469906018,0.0,0.06431981607229112,38,77,18,20,19,8,23,42,19,15,9,0
-0.0006310297423048189,-0.002319081811637267,0.9553772818619372,0.005150056384442805,0.004084315279803948,-0.7071966273688127,0.7069863686989364,-0.0011381822175763963,0.00013062357399969956,-0.30071039656356285,0.4511845661021696,-0.16375425242772296,-0.000394308760585753,-0.00044825553164149444,0.00013871576263358874,-0.2982294185593652,0.44693256798498543,-0.1618370744438845,-0.001084330655750591,0.0741890101449139,-0.5984000538173307,1.3824798633655067,0.16095776298655687,-2.227570032588739,-0.21767698506739128,0.5744866290802828,-0.07893650441532994,-0.5476380518049977,-1.4004520577784947,-0.20086591146934063,-2.40337209196231,0.18215542368548618,-0.548448412074479,0.14096361185958206,0.19959936136986806,0.7265374056128375,0.3037614488869306,0.26755595491112477,0.46318443043331786,0.029408291750621374,0.2542667212804671,0.20481281692520775,0.08932205903283784,0.2973130419861109,0.12199863688745129,0.47896888275573557,0.130027413246013,0.20458798361096586,0.32189575142770954,0.0,0.08337884641065424,0.011536382009587239,0.0,0.05951666124415646,34,81,23,23,19,12,21,45,10,8,5,0
-0.0005884663300619188,-0.0023129627887681073,0.9554024318678289,0.005103433775391642,0.004034936157748644,-0.7071139556897431,0.7070696768513742,-0.0012499172372448025,9.31502677336285e-05,-0.30019497573536685,0.4505687225951615,-0.16354127154639617,-0.0003340610299341584,-0.0005600574420242801,0.00010114582374635118,-0.29793294370370793,0.44675474030282886,-0.16179450264261616,-0.001024109171041252,0.07430586833275775,-0.598948186719026,1.3804704145284554,0.15996265078846578,-2.2282509954453094,-0.21955315128236075,0.578743232927258,-0.08213560222846501,-0.5485343274321182,-1.3977462289340918,-0.20188975267728163,-2.3993341585801433,0.1790809157152408,-0.5410438043506944,0.14286249270536652,0.19959936136986806,0.7265374056128375,0.3037614488869306,0.26755595491112477,0.46318443043331786,0.029408291750621374,0.2542667212804671,0.20481281692520775,0.08932205903283784,0.2973130419861109,0.12199863688745129,0.47896888275573557,0.130027413246013,0.20458798361096586,0.32189575142770954,0.0,0.08337884641065424,0.011536382009587239,0.0,0.05951666124415646,34,81,23,23,19,12,21,45,10,8,5,0
-0.0005850124793633131,-0.0023135303841097165,0.955423673978636,0.005038389708462092,0.004036275453213028,-0.7070765368294983,0.7071075548845551,-0.0011731999498984468,2.688145543714945e-05,-0.2997231001104781,0.44996567554974026,-0.16332443079854758,-0.0002929952985474548,-0.00048336744612693087,3.480028864582743e-05,-0.2976673892095958,0.44654221886045053,-0.16175440374886466,-0.0009829852580946089,0.07471815123892235,-0.5993369232618169,1.378887719002267,0.1584837656036715,-2.2285239895697084,-0.22111454727028934,0.582235126867985,-0.0848240910819804,-0.5497938527401699,-1.3960490359736941,-0.20276554757763393,-2.3968144050209004,0.17662075359279325,-0.5345395115914429,0.14384730424387188,0.19959936136986806,0.7265374056128375,0.3037614488869306,0.26755595491112477,0.46318443043331786,0.029408291750621374,0.2542667212804671,0.20481281692520775,0.08932205903283784,0.2973130419861109,0.12199863688745129,0.47896888275573557,0.130027413246013,0.20458798361096586,0.32189575142770954,0.0,0.08337884641065424,0.011536382009587239,0.0,0.05951666124415646,34,81,23,23,19,12,21,45,10,8,5,0
-0.000616599024595731,-0.002085305345681341,0.955581708650886,0.004898014055556024,0.004097553373476798,-0.7070507941206549,0.7071339293571014,-0.0008636986253708547,-4.802380566162637e-05,-0.2982723436817105,0.44727894364472914,-0.16207123393649062,-0.00023439956350990258,-0.00017397764531549718,-4.024859570055661e-05,-0.29707451781087074,0.44531819272385387,-0.16114344101972253,-0.000924183223601101,0.0746933777528462,-0.607054114886506,1.3560523462287282,0.16693164506657907,-2.1806700651863613,-0.20914508682762,0.5993309705676327,-0.05836818031673805,-0.5629876598095664,-1.3619786919295254,-0.22472717251344873,-2.307140611210779,0.16146505792676738,-0.5390858214168979,0.19279324016883154,0.1618214653643555,0.7364814626593066,0.2825139676527843,0.25225102307404634,0.5148957436431068,0.010832874694693365,0.34208922832657646,0.1784005922751449,0.057180407140668146,0.2777866124740638,0.09006818728806541,0.5180645547063814,0.06379529227218925,0.176151962426753,0.25515162066452074,0.0,0.015787218669282028,0.0,0.0,0.05032091411448003,27,82,21,26,23,10,15,50,6,3,1,0
-0.0006486011477159201,-0.0020652859195202837,0.9555903206270121,0.004849093410173886,0.004196593926648004,-0.7070481527853862,0.707136326697538,-0.0005888443309573746,-8.082198425757879e-05,-0.2980348231801944,0.4466890804233515,-0.1617779498213538,-0.00028075293272338973,0.00010089579865756677,-7.30407941203928e-05,-0.2969634800905054,0.44494723476589887,-0.1609709698085452,-0.0009705101972163073,0.07521412421874413,-0.6086900448623879,1.3561946051954117,0.16598356741390144,-2.17737143594903,-0.20786013449562282,0.601612349281447,-0.05660810817485579,-0.5651802961299428,-1.3628476213090677,-0.22532562952838675,-2.3003675130352796,0.1596697291927362,-0.538773070144957,0.19670786558330006,0.1618214653643555,0.7364814626593066,0.2825139676527843,0.25225102307404634,0.5148957436431068,0.010832874694693365,0.34208922832657646,0.1784005922751449,0.057180407140668146,0.2777866124740638,0.09006818728806541,0.5180645547063814,0.06379529227218925,0.176151962426753,0.25515162066452074,0.0,0.015787218669282028,0.0,0.0,0.05032091411448003,27,82,21,26,23,10,15,50,6,3,1,0
-0.0007328810784859282,-0.0015609270307223944,0.9556383234470689,0.004685304293974624,0.004729037051081516,-0.7070521397709172,0.7071300840563988,0.0005714707571558696,-7.444538786163544e-05,-0.29774706494542996,0.4439152597954905,-0.1598704721479963,-0.0004346008438883217,0.001261134245369961,-6.641287787838225e-05,-0.29713797366278855,0.4429439340346958,-0.1594597739479031,-0.0011243106939080203,0.07610636636968308,-0.6233647854594041,1.325885006326926,0.1879771743027013,-2.0861660520742262,-0.179776947502092,0.6232428731146948,0.009170237195197009,-0.5866215095719156,-1.3205114980058252,-0.26340428385923703,-2.158382772761101,0.14957605457605802,-0.5967605372007475,0.27466871554336564,0.13148766041798657,0.7146986889435736,0.10445322588958772,0.2186890745964812,0.33379041462614617,0.0,0.17184033594921125,0.1529193786079734,0.0,0.2417492984249801,0.0648431530485016,0.5496125066735463,0.031423518718144104,0.1776433288192896,0.23344009128885423,0.0,0.0,0.0,0.0,0.05237749665862877,22,80,11,15,13,6,11,55,5,2,0,0
-0.000753582727280681,-0.0015298562090728047,0.9556353986744861,0.004704829051934907,0.004845553221462814,-0.7070517846274899,0.7071295207051191,0.0007574590799310213,-8.430026248136725e-05,-0.2977862289944164,0.44347727259653774,-0.15955110587840676,-0.0004927540966608195,0.0014470859679945281,-7.61500543092527e-05,-0.2971869149667545,0.4425255585743734,-0.15916806590142854,-0.001182419626702364,0.07652193709922768,-0.6249905237555604,1.3278162848229549,0.18765590184869926,-2.082552602673027,-0.1775124473453636,0.6251278554390434,0.013290195479110707,-0.5878543961140088,-1.3240388764469384,-0.26318959240663936,-2.1513857106258216,0.14882330466582355,-0.6026531163198054,0.27937206636254686,0.13148766041798657,0.7146986889435736,0.10445322588958772,0.2186890745964812,0.33379041462614617,0.0,0.17184033594921125,0.1529193786079734,0.0,0.2417492984249801,0.0648431530485016,0.5496125066735463,0.031423518718144104,0.1776433288192896,0.23344009128885423,0.0,0.0,0.0,0.0,0.05237749665862877,22,80,11,15,13,6,11,55,5,2,0,0
-0.0007398056917337412,-0.0008511608499054131,0.9554560920705341,0.004510101729658498,0.005521332160734538,-0.7070559064683138,0.7071217144182672,0.0020722752068704775,-6.740578177425932e-05,-0.29893342041912585,0.4422844665837381,-0.1578637581590817,-0.0005854925753717932,0.0027615581692479016,-5.8827175636070186e-05,-0.2981148437692125,0.44097006668835115,-0.1574136925857002,-0.0012748994403097875,0.07827294988448097,-0.6381048141239718,1.296323134563218,0.2246686739825305,-1.9742528607591507,-0.14977713721862848,0.6636204083371221,0.09565602589138833,-0.6048375547224373,-1.2867569443278886,-0.31183798356393133,-2.004553125324938,0.14816362739112657,-0.6977753782767365,0.3588991368048519,0.11914395890959682,0.6804265398134333,0.026361191222734556,0.18834341886449124,0.2191085993887831,0.0,0.057897405850679935,0.15149944854172087,0.0,0.22321331708350092,0.06813721766554563,0.5532044553606745,0.10826205791621495,0.22391832538155151,0.3274002231825268,0.0,0.09250779106321057,0.0,0.0,0.07228528933888298,20,75,6,9,7,5,11,55,10,8,5,1
-0.000748768407116683,-0.0008205827295518476,0.9554395519745664,0.00454581655938862,0.005591317796983167,-0.7070530406667751,0.70712380132546,0.0021462519248709845,-7.244687727447627e-05,-0.29912324517036304,0.44216471367876786,-0.15763072367753858,-0.000624361511980504,0.0028354959148495723,-6.373488936249914e-05,-0.29822055215604076,0.44071504869680944,-0.15713414496901296,-0.0013136973359208254,0.0786536034565067,-0.6386401070310945,1.2995971975129332,0.22521429188424835,-1.9699290603632045,-0.14774329049027182,0.6671773708123448,0.10149088966485323,-0.6054279152037836,-1.2911583166419736,-0.31298951538758524,-1.9973195931070804,0.14829120361363973,-0.6981141689138368,0.36456249664731716,0.11914395890959682,0.6804265398134333,0.026361191222734556,0.18834341886449124,0.2191085993887831,0.0,0.057897405850679935,0.15149944854172087,0.0,0.22321331708350092,0.06813721766554563,0.5532044553606745,0.10826205791621495,0.22391832538155151,0.3274002231825268,0.0,0.09250779106321057,0.0,0.0,0.07228528933888298,20,75,6,9,7,5,11,55,10,8,5,1
-0.0006266244092754205,-0.00025085457294121065,0.9549705152010373,0.004136718204204205,0.006295132684622337,-0.7070444458757341,0.7071289913610227,0.0036882970604248397,-8.850195273478305e-05,-0.3011787212164577,0.44331126463042325,-0.15699887155628944,-0.0005981491289932284,0.0043768055715824716,-7.958328399251225e-05,-0.2995039007640348,0.44059742850295247,-0.15607924451475896,-0.0012868700428756222,0.08114773985749581,-0.6472340948983131,1.2727414560573733,0.27797904425204367,-1.860768258146975,-0.13027112310497774,0.6981319350959184,0.18257530980191986,-0.6227080687160056,-1.2617660268061757,-0.38508218730698374,-1.8575190556063823,0.16238448226665567,-0.6981319999944278,0.4367309926515394,0.12999618930569481,0.6606486432627587,0.06172316757105151,0.17931521461636002,0.2611540523082245,0.0,0.12215107394432045,0.17673771237701477,0.0,0.24035054792920055,0.11166236072482787,0.5351075028658883,0.207769701384059,0.3089908742049261,0.48858022768689685,0.0,0.3180547529829681,0.0,0.0,0.09826332843092724,22,73,8,11,11,6,19,53,17,18,17,1
-0.0006332740026459476,-0.0002415235899309855,0.9549394679692448,0.004187630952414563,0.006421217361565131,-0.707046555301893,0.7071254488068778,0.0038183380284755415,-8.152875525558623e-05,-0.30168814904649344,0.44356603019974694,-0.15694222542381006,-0.0006272918472096832,0.004506736975172637,-7.242292891458197e-05,-0.29983403193652836,0.4405521569482393,-0.15590628107341734,-0.0013158757156704524,0.08152989292123276,-0.6468619472615575,1.2763725245345918,0.2805723005793536,-1.856563325774579,-0.12921344605678867,0.6981319967547959,0.18888616823559393,-0.6219711766610742,-1.2665336662728046,-0.38861113181829315,-1.8506296362221708,0.163920984403158,-0.6981319999997213,0.44306946908617556,0.12999618930569481,0.6606486432627587,0.06172316757105151,0.17931521461636002,0.2611540523082245,0.0,0.12215107394432045,0.17673771237701477,0.0,0.24035054792920055,0.11166236072482787,0.5351075028658883,0.207769701384059,0.3089908742049261,0.48858022768689685,0.0,0.3180547529829681,0.0,0.0,0.09826332843092724,22,73,8,11,11,6,19,53,17,18,17,1
-0.0004896090933887031,0.00023387330958677335,0.9542856845593496,0.0036906523814880477,0.0070316197210332585,-0.7070259367002236,0.707143026722507,0.005343248574363722,-0.0001242602632486917,-0.3044337407123635,0.44664181151288296,-0.15729429227349626,-0.0005971467764035303,0.006030455962579286,-0.00011508646086126102,-0.3014837251161089,0.44184170861506383,-0.1556275774608504,-0.0012845983570704063,0.0843583601033183,-0.6502187879413485,1.2526267503655506,0.3399525827142856,-1.7656035001951103,-0.12586387700317717,0.6981319999999797,0.25003952736820806,-0.6255650215225003,-1.2535618349717177,-0.45619618963589587,-1.7458952507775083,0.19241426356221766,-0.698132,0.4903303499460135,0.1657846543100291,0.6655965382457613,0.1041536575767754,0.1943047130977255,0.3599884699236968,0.0,0.2749440907144494,0.2135919452357869,0.11485374762197705,0.2820766317754658,0.18929176096685488,0.5209390334445997,0.19178519069613154,0.4261058616791407,0.5232260954431205,0.010688989751158952,0.45336074001871274,0.05849135884842613,0.22707087870284384,0.12084281004361055,28,73,10,17,20,13,32,51,19,21,26,14
-0.00048419899541173256,0.00023837040855683673,0.9542400894303132,0.0037793824546803155,0.007146519143243634,-0.7070313817374818,0.7071359620121032,0.005381117626039962,-0.0001128586544165417,-0.30525116457324547,0.4473316627873758,-0.15741071401681742,-0.0006072326314551594,0.006068290292926956,-0.0001034722093772231,-0.30205114689027135,0.44210952062677494,-0.15557079550880568,-0.0012945783094446342,0.08486419815236346,-0.6485677754541106,1.256437033328514,0.34485329851949037,-1.759509313027206,-0.1260171726971825,0.698131999999999,0.25712447479296163,-0.6229300977242711,-1.2591201381803225,-0.4623555026791905,-1.7375601915095462,0.1960810119445865,-0.698132,0.4972298580318249,0.1657846543100291,0.6655965382457613,0.1041536575767754,0.1943047130977255,0.3599884699236968,0.0,0.2749440907144494,0.2135919452357869,0.11485374762197705,0.2820766317754658,0.18929176096685488,0.5209390334445997,0.19178519069613154,0.4261058616791407,0.5232260954431205,0.010688989751158952,0.45336074001871274,0.05849135884842613,0.22707087870284384,0.12084281004361055,28,73,10,17,20,13,32,51,19,21,26,14
-0.0003765219059593366,0.0007069287617236513,0.9534505942136502,0.0032862810218003556,0.007607227979394045,-0.7070196426498218,0.7071453565900243,0.006717682949652187,-0.00014399213748019497,-0.30901528475601714,0.4524865018144185,-0.15850252609997495,-0.0005973383983465458,0.007403520502863112,-0.00013455254650294844,-0.3044594956467798,0.44503577185129234,-0.15583152758107455,-0.0012833634632323917,0.08833808152605956,-0.6388571772717687,1.2418562704134015,0.3976619766311889,-1.6824538790894505,-0.13166155529276577,0.698132,0.3040158693981068,-0.6121114253640203,-1.2588178527036569,-0.5223013909363464,-1.6592574042055905,0.2351758598219212,-0.698132,0.5258042459188648,0.22034771334452896,0.6858047806301,0.13531399809701128,0.22101853064253302,0.460706603947554,0.007651418720988021,0.4106471750616078,0.245645562720486,0.30435887508988824,0.32220990196642224,0.2752969788359102,0.531439152390754,0.09469311781963267,0.5422183931175336,0.5089343446901173,0.09053420765164043,0.5175372820127077,0.14100434741716597,0.4484217723948341,0.13696219977613214,37,76,13,23,28,24,47,52,17,22,31,26
-0.0003639470450729156,0.0006799808674544528,0.953392573609481,0.003350253551467073,0.007651063586508949,-0.7070298528945765,0.707134374884299,0.006672211285366106,-0.00011925756280229525,-0.30989924196148777,0.4536686063564065,-0.15890829981292517,-0.0005930252464202535,0.007358149866187122,-0.00010969436078969322,-0.30506286643670644,0.4457379684082849,-0.15602948267170133,-0.0012790513087598148,0.08880989730262226,-0.6359462579846116,1.2455714050337108,0.4029946293653341,-1.6773795337848405,-0.1324882598852685,0.698132,0.30986971883873,-0.6078902294929941,-1.2638498860761593,-0.5290376620430626,-1.6530987622298068,0.2398368105465326,-0.698132,0.5313103601851868,0.22034771334452896,0.6858047806301,0.13531399809701128,0.22101853064253302,0.460706603947554,0.007651418720988021,0.4106471750616078,0.245645562720486,0.30435887508988824,0.32220990196642224,0.2752969788359102,0.531439152390754,0.09469311781963267,0.5422183931175336,0.5089343446901173,0.09053420765164043,0.5175372820127077,0.14100434741716597,0.4484217723948341,0.13696219977613214,37,76,13,23,28,24,47,52,17,22,31,26
-0.0003326722145661377,0.0012155108537302566,0.9525964579278778,0.0027911573497104696,0.0078790487075927,-0.7070160952672238,0.707148054558025,0.00784349619510434,-0.0001276903312242672,-0.31340674928260276,0.45910703890726245,-0.1601594758493107,-0.0006229711886092134,0.008528065506269679,-0.00011825200883362324,-0.3074392906143038,0.4493204273206736,-0.15657666821394717,-0.0013078203457531877,0.09114055962030589,-0.6163481621574365,1.229089359844039,0.431934034057449,-1.6250581392802472,-0.13774194729332606,0.698132,0.3352592819092027,-0.5883115459984872,-1.2599230459823159,-0.5625213834343721,-1.6082710914367522,0.2735006945984317,-0.698132,0.5365116503639714,0.2781166978688472,0.7064905014645532,0.17729667152325848,0.2416707673352866,0.5099316258247069,0.022263873724045185,0.4375584067981084,0.26382019982027854,0.3824660243080637,0.34276143316133584,0.33857741643205364,0.5686821660670542,0.04686636647271514,0.5971305616356637,0.48706526444287324,0.14479097885570782,0.5305412764837119,0.18419623730907242,0.5575657277287892,0.14164613988970934,47,78,15,26,30,29,57,58,16,22,33,32
-0.0003128483686074664,0.0011567769644287467,0.9525350473638639,0.0027931193344933295,0.007804013794519092,-0.7070293896312009,0.7071355867517972,0.007703917485938091,-0.00011052526105522246,-0.314222124097596,0.46082269264559705,-0.16087166581768733,-0.0006195197437447058,0.008388755519814325,-0.00010114975070005412,-0.307952515288528,0.4505182516934598,-0.1570636623710065,-0.0013044412070265402,0.0916421788677829,-0.6127860818107688,1.2311949242578728,0.4373734937108422,-1.6195149029925409,-0.13880880031484327,0.698132,0.3395103791591491,-0.583510594888369,-1.2627596507713088,-0.5693244107838317,-1.6028900305588676,0.2795690972500008,-0.698132,0.5388317900307634,0.2781166978688472,0.7064905014645532,0.17729667152325848,0.2416707673352866,0.5099316258247069,0.022263873724045185,0.4375584067981084,0.26382019982027854,0.3824660243080637,0.34276143316133584,0.33857741643205364,0.5686821660670542,0.04686636647271514,0.5971305616356637,0.48706526444287324,0.14479097885570782,0.5305412764837119,0.18419623730907242,0.5575657277287892,0.14164613988970934,47,78,15,26,30,29,57,58,16,22,33,32
-0.0003278769439044303,0.0017362071937329997,0.9517248190673804,0.0022631863897302016,0.007862470636648987,-0.7070326722416828,0.707133551689946,0.008631377582104667,-8.370932331970118e-05,-0.3183869902642861,0.46763686565256,-0.16265347974453406,-0.0006956184032876822,0.009315070702646299,-7.456059097543111e-05,-0.31095012669949235,0.4553953160217439,-0.15808175669194263,-0.0013794982828460969,0.09332848728470225,-0.5822909438714893,1.207417956669567,0.4464342667106384,-1.5779581143371484,-0.13754823375889286,0.698132,0.35413437986876084,-0.5533574351073113,-1.2500559283030546,-0.5804745624338532,-1.575692499957291,0.3058939795296927,-0.698132,0.5291679288408262,0.3225419246766754,0.7184074350642452,0.15759352742444688,0.24436080840480046,0.49621887059776026,0.018934064763920327,0.3902858149419916,0.2665707863615441,0.32553516434384566,0.34432331085565304,0.36485401154594405,0.6221048444215934,0.05032581848967813,0.5816212866497618,0.4690989323893062,0.15339456195012136,0.4975294208797903,0.1855423050413805,0.5249023969231984,0.1412616613087875,54,80,14,25,27,26,62,65,16,21,31,30
-0.0003004473340959176,0.0016386354012222267,0.9516611922761833,0.0021679836370570903,0.00765131939930168,-0.707046401545197,0.7071224386344889,0.008418092995124074,-6.770227543933089e-05,-0.3189967544051329,0.4698488364066613,-0.16371833518529194,-0.0006788754349837999,0.009102244207416421,-5.88453164629244e-05,-0.31126837876227187,0.45710613082757884,-0.15892080231808473,-0.0013629949834773963,0.09367654887002927,-0.5790673267676717,1.2077933110840386,0.44966217404126174,-1.5743784778098044,-0.13725909260773692,0.698132,0.3555041947551149,-0.549294780736738,-1.2499675627209714,-0.5846139727888443,-1.573468052649394,0.3103799181787664,-0.698132,0.5277225197754015,0.3225419246766754,0.7184074350642452,0.15759352742444688,0.24436080840480046,0.49621887059776026,0.018934064763920327,0.3902858149419916,0.2665707863615441,0.32553516434384566,0.34432331085565304,0.36485401154594405,0.6221048444215934,0.05032581848967813,0.5816212866497618,0.4690989323893062,0.15339456195012136,0.4975294208797903,0.1855423050413805,0.5249023969231984,0.1412616613087875,54,80,14,25,27,26,62,65,16,21,31,30
-0.000351873181211096,0.0022160359584292473,0.9508608961844008,0.0016667982181763318,0.0075978615094677215,-0.7070614220136512,0.7071093548979648,0.00917245519356501,-5.878544949062384e-06,-0.32366502435769906,0.4777709991531762,-0.1660665955116789,-0.0007773993379557621,0.009855700143242517,2.631623655677471e-06,-0.31482832108755465,0.46317310172356235,-0.16051212519923483,-0.0014607591719964209,0.09416185266202363,-0.5410117337629726,1.1705910933862496,0.4379765178302321,-1.538066240401988,-0.12293853005604985,0.698132,0.36422946159533803,-0.5141742812691276,-1.2209860798561925,-0.5729242781487358,-1.5553328588492754,0.3214441602368988,-0.698132,0.5123954361799308,0.34547097828524065,0.7184147305405185,0.08467199576004186,0.2292728035404524,0.45717953787536886,0.0015056431858179481,0.3359042876029916,0.25828227010370053,0.19402842747713483,0.33788716489282866,0.36271902008514945,0.6783924894699277,0.03631660163598777,0.5207437747345328,0.3789006657120897,0.12301782190415336,0.3731328935863165,0.158321312269236,0.37006064286390844,0.14797042770077337,58,80,10,22,24,19,61,73,13,14,24,22
-0.0003227716861066844,0.0020926790265249815,0.9507968935750908,0.0014930801417554565,0.00730014031248894,-0.7070714773700065,0.7071028245968929,0.008941227339056624,1.213014577704152e-06,-0.3241315769938615,0.4803486572399964,-0.1674261106599888,-0.0007519343838768744,0.009625016237876233,9.239646867543272e-06,-0.31503311121174316,0.46530334278763946,-0.16166549333165936,-0.0014356446168605694,0.09428232006318114,-0.538868223354398,1.1693508029088449,0.4386284427127672,-1.5357298821390124,-0.12039042072723297,0.698132,0.3630923561834839,-0.5119159793831635,-1.2182275593213947,-0.5737461880415093,-1.5551607044366882,0.32331168490989726,-0.698132,0.508395807613606,0.34547097828524065,0.7184147305405185,0.08467199576004186,0.2292728035404524,0.45717953787536886,0.0015056431858179481,0.3359042876029916,0.25828227010370053,0.19402842747713483,0.33788716489282866,0.36271902008514945,0.6783924894699277,0.03631660163598777,0.5207437747345328,0.3789006657120897,0.12301782190415336,0.3731328935863165,0.158321312269236,0.37006064286390844,0.14797042770077337,58,80,10,22,24,19,61,73,13,14,24,22
-0.00039324541577769056,0.002637626406705267,0.9499884376602981,0.0011197824160339397,0.007314250080834175,-0.7070875585039216,0.707087287710689,0.009625147290401617,8.790936995281196e-05,-0.32955144369150347,0.48901563856411756,-0.17012997419919124,-0.0008668116740623606,0.01030811446542746,9.570012825475336e-05,-0.3194535052772502,0.47229296328499865,-0.16366993292225057,-0.0015498872640821895,0.09297142488700867,-0.49422715324247585,1.1183963823783378,0.4109948333976497,-1.4930726289734826,-0.09209066088230139,0.698132,0.3733919374769429,-0.47425752192620657,-1.1752483787068706,-0.5461137089484965,-1.5292477249332135,0.3239826381887493,-0.698132,0.4995618805014553,0.34869746375364746,0.7057211690569203,0.022374981384227145,0.20649147459977593,0.4254742008429052,0.0,0.2935820429174764,0.24685444757358735,0.06595868023991379,0.33161893705733864,0.35079271406737417,0.7202964572735563,0.027799045820405044,0.4567432928288328,0.3089402072967407,0.08333671416251108,0.2470427336932925,0.1474792396893846,0.17670592993133596,0.17403266147593383,59,78,6,21,22,12,59,79,11,9,17,13
-0.0003644102742868253,0.002494385890836647,0.9499179255492232,0.000903942867462212,0.0069831150389788885,-0.7070886815833175,0.7070898212875151,0.009406131336574178,6.616680617650598e-05,-0.32999051473351976,0.49185068269133075,-0.17169384961466114,-0.0008358230709157138,0.010089660965075364,7.337275673460826e-05,-0.31966609460416817,0.4747517347733604,-0.16506336296580726,-0.0015192887514369066,0.09298682743653641,-0.4930451764227832,1.1166276605990002,0.4098242858652113,-1.4905049638444052,-0.08725180152997,0.698132,0.3710473416397027,-0.4735774656374662,-1.171840286058066,-0.5446430180297572,-1.5287375522758497,0.3244990728256717,-0.698132,0.49584260076992476,0.34869746375364746,0.7057211690569203,0.022374981384227145,0.20649147459977593,0.4254742008429052,0.0,0.2935820429174764,0.24685444757358735,0.06595868023991379,0.33161893705733864,0.35079271406737417,0.7202964572735563,0.027799045820405044,0.4567432928288328,0.3089402072967407,0.08333671416251108,0.2470427336932925,0.1474792396893846,0.17670592993133596,0.17403266147593383,59,78,6,21,22,12,59,79,11,9,17,13
-0.00043313259888190996,0.0029782378621676657,0.9490739296216162,0.0007327300311404402,0.007201347161811352,-0.7070997182015787,0.7070767937254082,0.010090475094708307,0.00015727315325041007,-0.33637704306402977,0.5010190423793297,-0.17454500480494758,-0.0009528524671290441,0.01077313411924101,0.000164588894602242,-0.3251760555738692,0.48245374863493745,-0.16730143915869836,-0.001635660612338849,0.09000020377988946,-0.43999240196304257,1.0544965277487066,0.37219816671069234,-1.4319823628864108,-0.04783595980629845,0.6981298860060235,0.3895063433585703,-0.4330256499522749,-1.1200131252436456,-0.5128197279746441,-1.482178411968873,0.32298848098468497,-0.698132,0.5060424794220235,0.3403288194298449,0.6772639857555269,0.0,0.18767747103510027,0.4279437544680146,0.0,0.2765824661898816,0.2403788397163754,0.0,0.3274801592622682,0.34444140855948924,0.7206464743283975,0.05352397726432507,0.4240460851824608,0.34963109273041676,0.06812264416629148,0.24917552603922957,0.17425318382692329,0.0847396796284342,0.24213929224633823,57,75,5,21,21,8,58,79,12,11,18,9
-0.0004043937853624016,0.0028124601038316335,0.9489906305034845,0.0004943372302735004,0.00686010486155589,-0.7070908300421338,0.7070892819597229,0.009891181031207374,9.820384955832451e-05,-0.3368423456898353,0.5040622575768112,-0.17626073428537423,-0.0009176006287988404,0.010574397988593488,0.00010489403556289254,-0.32544911104561197,0.4851925214479334,-0.16888727187821753,-0.001600795696210983,0.09010214530905757,-0.4392835124880446,1.0530952912003853,0.37012200373562304,-1.4282679951209298,-0.04129458100662307,0.6981318943003012,0.38730307372113293,-0.4329305403069328,-1.117768277289265,-0.5107814791526918,-1.4798811432621364,0.32392248283028907,-0.698132,0.5057040669545887,0.3403288194298449,0.6772639857555269,0.0,0.18767747103510027,0.4279437544680146,0.0,0.2765824661898816,0.2403788397163754,0.0,0.3274801592622682,0.34444140855948924,0.7206464743283975,0.05352397726432507,0.4240460851824608,0.34963109273041676,0.06812264416629148,0.24917552603922957,0.17425318382692329,0.0847396796284342,0.24213929224633823,57,75,5,21,21,8,58,79,12,11,18,9
-0.0004640816026371461,0.0031462805501662958,0.948086373437193,0.0005711477793094032,0.007347779359777397,-0.7070937698931926,0.707081384641772,0.010600393585784615,0.00017540167637478083,-0.34425361908545815,0.513669937201725,-0.17922655138630988,-0.0010334284413775713,0.011282629456547072,0.00018270200393371585,-0.332081934823757,0.4935100042914969,-0.17132317453275644,-0.0017158365718038112,0.08623619294516509,-0.37923365146000815,0.9822164175763679,0.3326445114918465,-1.3497756053126841,0.005181653136570884,0.6609505475556313,0.41698451070364745,-0.3841096971320977,-1.0617312985164629,-0.4777445930711847,-1.4073079191769389,0.32504332193871655,-0.698132,0.5397202943033628,0.32926676555107215,0.6275536576265647,0.016648922627576668,0.18579219255703477,0.4418187904088116,0.0,0.2784726403164989,0.2441614045377601,0.0,0.32599289439347373,0.35016392429775817,0.6541943109691286,0.06428168062813504,0.4335368889488332,0.4101173978204575,0.09635913931041638,0.29449668271198404,0.25490647171778563,0.058915159697395386,0.33783976175034447,55,68,5,21,21,8,59,69,13,15,22,10
-0.00043495876812141385,0.0029440450718186263,0.9479850671487747,0.0003247895101919037,0.006982897251693053,-0.7070816868435024,0.70709732129905,0.010377492219468602,9.174310273290142e-05,-0.3447241112486961,0.5169225721169008,-0.1811178979329187,-0.0009928725417057045,0.011060381978922123,9.838685174958185e-05,-0.3324008987795795,0.4965321258470058,-0.1731208140686416,-0.0016757282183713855,0.08652637736571743,-0.3790697820958805,0.981631097696108,0.33187390677722933,-1.3441818641968621,0.01253461148256417,0.6552113070109823,0.41541283461512324,-0.38401697436787857,-1.061320180194672,-0.47575528487627805,-1.4029339903445581,0.32718961503311933,-0.698132,0.5439726796052612,0.32926676555107215,0.6275536576265647,0.016648922627576668,0.18579219255703477,0.4418187904088116,0.0,0.2784726403164989,0.2441614045377601,0.0,0.32599289439347373,0.35016392429775817,0.6541943109691286,0.06428168062813504,0.4335368889488332,0.4101173978204575,0.09635913931041638,0.29449668271198404,0.25490647171778563,0.058915159697395386,0.33783976175034447,55,68,5,21,21,8,59,69,13,15,22,10
-0.0004263177883189365,0.002828134795630307,0.9478750262418545,0.00021837861653368487,0.00681242744843046,-0.7070810792358234,0.7070996326754395,0.010262422046060692,5.359942306485964e-05,-0.34567409991738723,0.5197502621626642,-0.18277672071819195,-0.0009613362056443671,0.010945722666063086,5.9796991277686835e-05,-0.3332420014748499,0.4991829167570752,-0.1747006332522843,-0.0016445776826065168,0.08673680678416569,-0.37967697147461626,0.9825603385006232,0.3316932929064254,-1.3402084396846856,0.018625853875808604,0.6506012184419043,0.412772599438985,-0.3847125619815045,-1.0618531632330408,-0.47430982618440165,-1.4005840373645688,0.32927737183053135,-0.698132,0.5473373622121813,0.32926676555107215,0.6275536576265647,0.016648922627576668,0.18579219255703477,0.4418187904088116,0.0,0.2784726403164989,0.2441614045377601,0.0,0.32599289439347373,0.35016392429775817,0.6541943109691286,0.06428168062813504,0.4335368889488332,0.4101173978204575,0.09635913931041638,0.29449668271198404,0.25490647171778563,0.058915159697395386,0.33783976175034447,55,68,5,21,21,8,59,69,13,15,22,10
-0.0004781922238477237,0.003007817649896047,0.9469535518412241,0.0007395760347418653,0.00775450660941926,-0.7070938105156417,0.7070768443281122,0.010989168485494966,0.00017941773329108873,-0.35449137614353965,0.5291767867340473,-0.185322802705849,-0.0010891491403998632,0.011671330935617948,0.00018724292431699497,-0.341446572477879,0.5075850421500299,-0.17682581379798964,-0.0017714501539829812,0.08255977898941298,-0.31292948095549467,0.9041596167342543,0.29480401445867715,-1.244155028032813,0.06599787665893658,0.5859336717324143,0.4522013793750267,-0.3244199400729918,-1.0003527577532036,-0.4282430599129999,-1.3121397049623762,0.32999554756039934,-0.6981238306516366,0.5960981385439235,0.3200282491280756,0.5550540331288906,0.04932260323563179,0.19434069306025537,0.45372506004677404,0.0,0.2857600706219835,0.2589447272745875,0.0,0.32835771953681714,0.3635856807785197,0.5267795770735347,0.15239040421827893,0.474625945071413,0.5123364975477374,0.16378429754773338,0.4126833459801545,0.3782831594960878,0.18159820999772372,0.42851397098793365,54,59,7,22,21,8,62,52,19,24,31,19
-0.0004498334547567135,0.0027755900325226756,0.9468432743109035,0.0004895854179503036,0.007345215425844161,-0.7070854173476739,0.7070898250510543,0.01070276080361024,0.00010349837521361469,-0.35485631624814207,0.5324892122539264,-0.18731004204658783,-0.0010419462236374978,0.01138576994918916,0.00011064633790722493,-0.3417403877602312,0.5107956100763171,-0.178765759658425,-0.0017248532861125754,0.0827420074703281,-0.31327518821173717,0.9043463543613137,0.2953964690338518,-1.2366137355215252,0.07288395398025145,0.5743428590765838,0.45128860203867643,-0.32498366497596115,-1.0004883531417337,-0.4248602486818556,-1.307019721458205,0.3325027434416973,-0.6981315915325818,0.6030183867976657,0.3200282491280756,0.5550540331288906,0.04932260323563179,0.19434069306025537,0.45372506004677404,0.0,0.2857600706219835,0.2589447272745875,0.0,0.32835771953681714,0.3635856807785197,0.5267795770735347,0.15239040421827893,0.474625945071413,0.5123364975477374,0.16378429754773338,0.4126833459801545,0.3782831594960878,0.18159820999772372,0.42851397098793365,54,59,7,22,21,8,62,52,19,24,31,19
-0.00048536822065530633,0.0025777232034094382,0.9459395599977969,0.0012090800797322976,0.00829843101513215,-0.7071089838797762,0.7070548487101668,0.011118627922287702,0.0002275109594649703,-0.36361133656584077,0.5421893051504606,-0.19054935402976164,-0.0011242925516387274,0.011801253565868485,0.0002363465668123812,-0.35006567990357723,0.5197617111229331,-0.18168730733803296,-0.0018069104491385821,0.07796954360655257,-0.24394033696175926,0.8182818602836716,0.2550693900052629,-1.1259046170039493,0.1198330687341796,0.4927423861084187,0.49951200605300256,-0.2648117011877976,-0.9298470533836026,-0.36972091762338044,-1.2174322493812288,0.32572057367417884,-0.6717106413023293,0.6564658736310337,0.31187297130532937,0.4659358809125631,0.08372026771892936,0.2066823525334203,0.46267985574656634,0.014555801615537428,0.29353842713946904,0.3044006059123034,0.0,0.33487290273481807,0.37367680799440806,0.3821034059760231,0.37600155165147947,0.5269698005087096,0.7045501316686485,0.28541155455029904,0.6193329823167462,0.4999903962116261,0.4329500743477276,0.4999499394795649,53,47,9,23,23,8,63,31,32,39,45,34
-0.0004616648567613152,0.0023343631913656632,0.9458239136182829,0.0009790042969370976,0.007877345418837212,-0.7071005049653972,0.7070685008239425,0.010785861060182077,0.00015688573464949228,-0.3639618679302273,0.5455130698822394,-0.19265820305967143,-0.0010690258363080952,0.011469485396640224,0.00016501962976425667,-0.35042740702629405,0.5231190415318385,-0.18379762730203308,-0.0017524597485900487,0.07784494389024721,-0.24531446877364135,0.8191076789730443,0.25581977648153714,-1.1163050747220857,0.12602631239495693,0.4778604835297763,0.49927023871747206,-0.2664434797062129,-0.9294952948658071,-0.36505252611382666,-1.2127443027279423,0.327338010077628,-0.6715572113162881,0.6636397678180952,0.31187297130532937,0.4659358809125631,0.08372026771892936,0.2066823525334203,0.46267985574656634,0.014555801615537428,0.29353842713946904,0.3044006059123034,0.0,0.33487290273481807,0.37367680799440806,0.3821034059760231,0.37600155165147947,0.5269698005087096,0.7045501316686485,0.28541155455029904,0.6193329823167462,0.4999903962116261,0.4329500743477276,0.4999499394795649,53,47,9,23,23,8,63,31,32,39,45,34
-0.0005232612353884608,0.0018746417035602403,0.9449817919908201,0.0019936747047672758,0.00889088912491539,-0.7071433382647769,0.7070115108677409,0.010870649497703092,0.0003094188130045261,-0.3727143264246449,0.5547979581769401,-0.19605389262131534,-0.0011494952859624277,0.011554723035428056,0.00031954143282264286,-0.35908848727724024,0.532205142487767,-0.18706953691760764,-0.0018335065739147633,0.07243784686202653,-0.18069609878720483,0.727814647573658,0.21005465993831338,-0.9998123760354383,0.16891146886216543,0.3899301678362528,0.5521883248905343,-0.21207172358576362,-0.8455158712278088,-0.3028525162795252,-1.132601760100533,0.3051216148680753,-0.613769157371627,0.6981073146055035,0.30192991782318024,0.3731533488451499,0.11818175889297235,0.2186836902557388,0.468586381547873,0.04215141185833001,0.3012762745650159,0.35721541226831194,0.02782485924004204,0.34463817697935906,0.3743279728850346,0.3282752614563067,0.41877101950452567,0.5710510927341398,0.7558374694965427,0.39699579433780763,0.6870112482021874,0.5930487339340857,0.5254489816850455,0.5474479231552842,51,35,12,24,25,10,63,24,35,45,51,41
-0.000503453199958259,0.0016522753941998916,0.9448684811168734,0.0017884466346702822,0.008524581995531542,-0.7071288667758958,0.7070310450982136,0.010585727304842632,0.00025174464054010363,-0.3731291023718297,0.5579395807611071,-0.1980823162759737,-0.0010963781929761202,0.011270675198264957,0.00026122832676454084,-0.359605145170179,0.5355350352254847,-0.1891609760187938,-0.001781191246220145,0.0717339006006074,-0.18339144714150618,0.7289424284648774,0.21024037376247928,-0.9885915498903057,0.17404780545438198,0.37436320457807315,0.5525805498053804,-0.21473264735753445,-0.8442464303033823,-0.29880342455781533,-1.1278215338039714,0.3028897790943296,-0.6079089751185022,0.6981307657302751,0.30192991782318024,0.3731533488451499,0.11818175889297235,0.2186836902557388,0.468586381547873,0.04215141185833001,0.3012762745650159,0.35721541226831194,0.02782485924004204,0.34463817697935906,0.3743279728850346,0.3282752614563067,0.41877101950452567,0.5710510927341398,0.7558374694965427,0.39699579433780763,0.6870112482021874,0.5930487339340857,0.5254489816850455,0.5474479231552842,51,35,12,24,25,10,63,24,35,45,51,41
-0.0005706811754763765,0.0007943953248668192,0.9440120084318885,0.0027870973972004645,0.009333459942621363,-0.7071312445661991,0.7070152201840173,0.01036706372181381,0.0002911909580456099,-0.3819949083137576,0.569208839143478,-0.2031895007765003,-0.001127222290350415,0.011053334226506742,0.00030235988000709436,-0.3688802371848125,0.5474835100747318,-0.19451175516781413,-0.0018136304648402688,0.06599293684663295,-0.13358527685404498,0.6363739417473712,0.15867427173201926,-0.8628924301118694,0.21723322422468305,0.27510339562601777,0.6070302806107098,-0.16911819572822673,-0.7457242341052153,-0.22538763847367457,-1.0445897551919991,0.2512737621007735,-0.5177991433653326,0.6981319999922858,0.28798702348106564,0.3284340864182382,0.15283090786818979,0.22593409340114234,0.47121964705681946,0.08562661232106643,0.30897321147289586,0.4062998740541553,0.05867175607991226,0.3565314002811628,0.36918663433438725,0.31027594267987696,0.3689398098715702,0.5911261664965515,0.6825972058041385,0.4655124727626756,0.6068467572216386,0.6451349264139103,0.4434500973007731,0.5675885165778157,49,30,14,25,26,12,63,21,33,42,48,37
-0.0005821760446491715,0.0007209736843355254,0.9438911393772539,0.0027288497243622934,0.009238570009813431,-0.7071164041729961,0.7070315361798267,0.010320528481947928,0.00024366074450076636,-0.3830046053757779,0.5716493523520538,-0.2046506255632585,-0.0011206703415089748,0.011007049281911652,0.00025451028960503223,-0.3700375856615291,0.5501895179565233,-0.1960865171364629,-0.0018073297454032956,0.06539044349102464,-0.13738047864244557,0.6391266608785962,0.15840381288009767,-0.8536682570422881,0.22067113348901624,0.2637923968016172,0.6061441457749294,-0.1723569419340695,-0.7470984427344658,-0.2225850615114393,-1.041046125373455,0.2466487615885662,-0.5108645768840165,0.6981319999996143,0.28798702348106564,0.3284340864182382,0.15283090786818979,0.22593409340114234,0.47121964705681946,0.08562661232106643,0.30897321147289586,0.4062998740541553,0.05867175607991226,0.3565314002811628,0.36918663433438725,0.31027594267987696,0.3689398098715702,0.5911261664965515,0.6825972058041385,0.4655124727626756,0.6068467572216386,0.6451349264139103,0.4434500973007731,0.5675885165778157,49,30,14,25,26,12,63,21,33,42,48,37
-0.0006749853970345392,-8.849788944180768e-05,0.9431500477048209,0.0039185643131938765,0.010137877920530657,-0.7071231233106008,0.7070069000826303,0.009986652476540323,0.00028782338746786057,-0.39133899374371584,0.5809469168389635,-0.20856127712191258,-0.001189887583485826,0.010674627881069267,0.0003007871185564117,-0.3790903558348871,0.5606699823127926,-0.20045709925109256,-0.0018782181828105864,0.0615683263258927,-0.10030610259821734,0.546741427981158,0.10411174638506542,-0.7423194281947222,0.2619327052325841,0.18468623216888913,0.6551516926602728,-0.1352989033511426,-0.6397083222367161,-0.14632790757332034,-0.9709545603563481,0.17668696411133628,-0.4124469734576836,0.698132,0.2690923682516554,0.2886127240179056,0.18535347786960726,0.2222318311786419,0.4687958385114049,0.1094056500019992,0.3156202630225312,0.43971741398941044,0.09030797807399692,0.3683818804695852,0.3638722812949897,0.30777975533038215,0.31748720681680453,0.573263847339757,0.5804624752929001,0.4755861728659827,0.4846576874595022,0.6497096350962516,0.3113800379646886,0.5524601160679302,45,24,15,26,27,14,62,21,30,35,42,29
-0.0006867566521920148,-0.00013234097370823229,0.9430464465373971,0.0038696930348282982,0.010084397378686003,-0.707107313358099,0.7070237462778859,0.009994353787554783,0.00025013834663661216,-0.3922596303892544,0.5829840840809772,-0.20973519683362293,-0.0012008330833541588,0.010682408067653167,0.00026286987304870125,-0.38016403876244614,0.5629821436766423,-0.20175352532637392,-0.0018891775560323303,0.060946715916894184,-0.10425933576901708,0.548797783860972,0.10276590571524447,-0.7336420905931402,0.26568462909715107,0.1765856127867647,0.6543524971740368,-0.1383530937621471,-0.6414166181260107,-0.1434248999537443,-0.9676291330592824,0.16998752907771408,-0.40476425329486865,0.698132,0.2690923682516554,0.2886127240179056,0.18535347786960726,0.2222318311786419,0.4687958385114049,0.1094056500019992,0.3156202630225312,0.43971741398941044,0.09030797807399692,0.3683818804695852,0.3638722812949897,0.30777975533038215,0.31748720681680453,0.573263847339757,0.5804624752929001,0.4755861728659827,0.4846576874595022,0.6497096350962516,0.3113800379646886,0.5524601160679302,45,24,15,26,27,14,62,21,30,35,42,29
-0.0007634869209500419,-0.0009011199979112732,0.9424357824066665,0.005019795420715405,0.010842894324597266,-0.7071014172663701,0.707011187320604,0.009482663670836692,0.00025821658062602314,-0.3992217000732336,0.590467057000349,-0.21295177183209418,-0.001233858714723301,0.010172454772438827,0.000272885416449247,-0.38802219555550965,0.5719523366301104,-0.205559654790227,-0.001924176418340032,0.058342671893469644,-0.07993831529075426,0.46092926939283924,0.05059506447462402,-0.6385266779792402,0.3127477705656692,0.12031621974905923,0.6947580526051377,-0.11007326029080149,-0.5319390315821141,-0.07525384044710758,-0.9017382123476537,0.0802834652606227,-0.3161381699486483,0.6959798468747425,0.2454624078687817,0.2569978823071579,0.2020263813211063,0.20054663882138796,0.4530517294746471,0.09868289685646041,0.316376601453883,0.4394141281252914,0.12109127511592446,0.3739697702360016,0.35899773377380223,0.30793491510088444,0.27889197312258307,0.5095966273280791,0.49102328721396094,0.42142450465285647,0.3777155173368154,0.6007955174454027,0.2043542665708313,0.49793531465063406,41,20,16,24,27,16,61,21,26,28,35,22
-0.0007716874042434708,-0.0009282709024112911,0.9423537369405768,0.004974447339728581,0.010826157012533177,-0.7070883134919416,0.7070248695209564,0.00954101012427424,0.00022822585796313563,-0.40001561990122453,0.5921089920118613,-0.21387583090272055,-0.0012546584824003032,0.010230727089656208,0.00024273017404582918,-0.3889509047113893,0.57383587252039,-0.20659793559125358,-0.0019447938954237057,0.05787268077150466,-0.0837824466538964,0.4623072805641104,0.048143872808614284,-0.630642427290389,0.31783526187865624,0.115305061792575,0.693677855836862,-0.11277547354735525,-0.533903903561776,-0.07222457248063072,-0.8972079970640505,0.07088119631070475,-0.30949526157829094,0.6933012430706114,0.2454624078687817,0.2569978823071579,0.2020263813211063,0.20054663882138796,0.4530517294746471,0.09868289685646041,0.316376601453883,0.4394141281252914,0.12109127511592446,0.3739697702360016,0.35899773377380223,0.30793491510088444,0.27889197312258307,0.5095966273280791,0.49102328721396094,0.42142450465285647,0.3777155173368154,0.6007955174454027,0.2043542665708313,0.49793531465063406,41,20,16,24,27,16,61,21,26,28,35,22
-0.0007827730900990944,-0.0016388799180812516,0.9418766580270627,0.005961693277928288,0.011406560152527771,-0.707067270688645,0.7070291530903489,0.008928780912165021,0.00019533329946180578,-0.40548678587126363,0.598012365070526,-0.2164995993829844,-0.001219201144812816,0.009620243377470515,0.00021147344465838943,-0.39528831016707605,0.5811930049843042,-0.20980802392452322,-0.0019112117719025147,0.05590587962734953,-0.06905631066310985,0.3815079574507637,0.0002821962935911507,-0.5445671437136621,0.37573226422059813,0.08260850128548955,0.698131972161599,-0.08954743430821517,-0.4360377201036133,-0.015789002720753634,-0.8162047224322883,-0.030087711339961423,-0.2461849474359952,0.6966836852313479,0.21912573852203768,0.23568690599482406,0.20027621750708396,0.15721043638028037,0.4303262161634494,0.04833068026184585,0.3149867608639349,0.38763728652873647,0.15521672059578845,0.3616567341625694,0.3512767113222447,0.3031628707666666,0.2676028693614184,0.40944775861969857,0.44509180635507656,0.3144827621358364,0.32398922150559917,0.5047097490557262,0.16534612288217299,0.4192269169584391,37,18,14,22,26,17,59,20,23,23,29,18
-0.0007830031811030957,-0.001654867121789917,0.941814307759784,0.005917072941970895,0.01139206065533518,-0.7070611792730561,0.7070358533814383,0.008980697897141869,0.00017353926319779576,-0.4060869561683982,0.5992918956823153,-0.21723742801635607,-0.001231674874488195,0.009672082093501717,0.0001895322966366426,-0.3960030789973347,0.5826724656588974,-0.21064307876445765,-0.0019234904034105878,0.05574718847331088,-0.07306374242109759,0.3822744834946635,-0.003452428848151916,-0.537226668737094,0.3825999524304535,0.08025551294271871,0.69813199860808,-0.09289300989152068,-0.4381298633280609,-0.011898594607568517,-0.8097446675441454,-0.041202652902075004,-0.24190932444417865,0.6941080640360608,0.21912573852203768,0.23568690599482406,0.20027621750708396,0.15721043638028037,0.4303262161634494,0.04833068026184585,0.3149867608639349,0.38763728652873647,0.15521672059578845,0.3616567341625694,0.3512767113222447,0.3031628707666666,0.2676028693614184,0.40944775861969857,0.44509180635507656,0.3144827621358364,0.32398922150559917,0.5047097490557262,0.16534612288217299,0.4192269169584391,37,18,14,22,26,17,59,20,23,23,29,18
-0.000755356951238854,-0.002190012164014185,0.9414578113954464,0.00668305927096956,0.011766987121547353,-0.7070400503522691,0.7070440169683369,0.00834181008580132,0.00014056490835813703,-0.4101261171571115,0.6037276416273335,-0.21925385096005925,-0.0011401691912096897,0.009034812495165946,0.0001577535197874642,-0.4008482695362969,0.5884600930005127,-0.21320198838449136,-0.001833732332937699,0.05402759646936016,-0.06781551443084734,0.3135011370347117,-0.046557496530690516,-0.4709557875636096,0.4472302573161543,0.06981724249835616,0.6981319999999913,-0.0776192114183899,-0.3517578379453783,0.03319587263355655,-0.7246371212771562,-0.14698326210548657,-0.2102463984034968,0.6981319748504002,0.19464287064029942,0.22658230868533305,0.22653755844331191,0.09666026096626296,0.4376986090969211,0.003800087927074734,0.32755060075087866,0.2839458008645354,0.1926096493281886,0.31863158430075217,0.337361777154747,0.2931373679306533,0.2595437766337495,0.29982443115339064,0.42524470749956045,0.18742062838237677,0.30334818982664336,0.39377770390310285,0.1421476602502699,0.3493659859436851,33,16,14,21,24,18,57,19,20,19,26,15
-0.0007571256768231689,-0.0021894678579713,0.9414120655532243,0.006639886099397097,0.011766347914711902,-0.7070396202113167,0.7070448645035003,0.008415383225717403,0.0001261964447216662,-0.4105905010923531,0.6046840186856053,-0.2197966909929049,-0.001156420352610427,0.00910825480836103,0.00014326864750683658,-0.4013998810658879,0.5895645596576248,-0.21382154681627938,-0.001849746300540855,0.05411756329240727,-0.0713145898300264,0.3136021432009656,-0.0510658674413895,-0.4652334646376258,0.4553930631037074,0.07005227870764442,0.6981319999999995,-0.0815430551960436,-0.35328088711769573,0.037916538055474264,-0.717805679696336,-0.15892549590280172,-0.20904523387412485,0.6978990146543206,0.19464287064029942,0.22658230868533305,0.22653755844331191,0.09666026096626296,0.4376986090969211,0.003800087927074734,0.32755060075087866,0.2839458008645354,0.1926096493281886,0.31863158430075217,0.337361777154747,0.2931373679306533,0.2595437766337495,0.29982443115339064,0.42524470749956045,0.18742062838237677,0.30334818982664336,0.39377770390310285,0.1421476602502699,0.3493659859436851,33,16,14,21,24,18,57,19,20,19,26,15
-0.0007076716631281163,-0.0025059957020405654,0.9411503013068563,0.0071446743396957335,0.01195695010251285,-0.7070181404673048,0.7070582253414348,0.007869232969596159,9.621621484798232e-05,-0.41344239516759307,0.6079910395686793,-0.22123649508816676,-0.001054570378907537,0.008563373745235964,0.00011404239088182175,-0.404889465453937,0.5939461899709546,-0.21569270148942835,-0.0017492166381930104,0.05177450103939688,-0.07168133741054265,0.25956809162272776,-0.08785231582302522,-0.4230926512978064,0.5204089615902194,0.0771527590011535,0.698132,-0.07024555833036639,-0.2847734067898059,0.0692486169948259,-0.6275477410413021,-0.2607347571891257,-0.2090660998165968,0.6981319985438416,0.17807308124100815,0.2308405455410563,0.23355137348196137,0.03620078158682543,0.40847102873705127,0.0,0.29853055749236346,0.16948011847509303,0.1696386030978204,0.23829728151063062,0.31754021246618763,0.2824452191335482,0.22680127769328828,0.20661274007620448,0.3895083580266907,0.08373552189659178,0.2756038426249958,0.3132894892528942,0.12077088502513586,0.31027317633301255,30,17,13,20,20,15,54,17,16,14,22,13
-0.0007102447828730507,-0.002497986701151518,0.9411183272495921,0.007107242878322265,0.011964062610049717,-0.707022863428788,0.7070537595497871,0.007945997394905993,8.518587418119075e-05,-0.4137881660646222,0.6086839992261067,-0.2216300112645465,-0.0010690170042462312,0.008640003406236142,0.00010291810012912143,-0.40529630820663026,0.5947380582014605,-0.21614214958293548,-0.0017634531996916145,0.05207861626667802,-0.07423540086125298,0.2591859643829954,-0.09254098530197089,-0.41960194478897134,0.5288609955879391,0.07940050515315127,0.698132,-0.0745209165990906,-0.2854644121428795,0.07414867363844929,-0.6202163745889651,-0.2726518595780681,-0.2104946515882802,0.6981319999271921,0.17807308124100815,0.2308405455410563,0.23355137348196137,0.03620078158682543,0.40847102873705127,0.0,0.29853055749236346,0.16948011847509303,0.1696386030978204,0.23829728151063062,0.31754021246618763,0.2824452191335482,0.22680127769328828,0.20661274007620448,0.3895083580266907,0.08373552189659178,0.2756038426249958,0.3132894892528942,0.12077088502513586,0.31027317633301255,30,17,13,20,20,15,54,17,16,14,22,13
-0.0006397396190129811,-0.0025671561508220603,0.9409571572517021,0.007420462638857464,0.012015629944574826,-0.7070201573723015,0.7070523731948756,0.007451693450084215,0.00013797049786230944,-0.4155031365011656,0.6105193508173755,-0.22226173900823953,-0.0009593201898523417,0.008146728657937597,0.00015612979745171314,-0.40739909929052387,0.5972069249711617,-0.21699555788216315,-0.0016547644049472888,0.049090854841398975,-0.07535993968094376,0.22255845872264388,-0.11785458876522238,-0.4028393120102689,0.5769714505960886,0.09086520340007424,0.6951268529110168,-0.06668026747152345,-0.23792839495102042,0.0930558434526406,-0.5614925248124288,-0.347112361628004,-0.2252034262150046,0.6981319999999909,0.1742396051653428,0.24505070215152877,0.20726010014906168,0.0008419991910396244,0.33060468259577347,0.0,0.23024125183579902,0.1793217159678237,0.08543151069063225,0.1530238889235828,0.2986925240469485,0.27518950146057236,0.24377444758930045,0.1374435179506009,0.4245878702888649,0.01365062150557561,0.30896361216200996,0.28663961184523357,0.15950441860928538,0.2892288688770909,29,19,11,15,17,8,51,16,15,14,23,15
-0.0006484795202394711,-0.002581868589273999,0.940936880323288,0.007347209736593932,0.012014898685048936,-0.7070182246835756,0.7070550832035356,0.007577702040368758,9.36007976439952e-05,-0.4156728826748012,0.6110954418916874,-0.222601137979353,-0.0009706366847921353,0.008272526296396533,0.00011164730410780233,-0.40761124213690886,0.597862309902227,-0.2173939864091547,-0.001665887451274475,0.04952846300574254,-0.07693170807374099,0.22098421621247774,-0.12307665871899906,-0.4003239910920132,0.5865652343492737,0.09460870847806054,0.6927302444467647,-0.07063791690750391,-0.23690424399763663,0.09831973734874619,-0.5541421054136337,-0.36069266532711425,-0.22914720419156806,0.6981319999999995,0.1742396051653428,0.24505070215152877,0.20726010014906168,0.0008419991910396244,0.33060468259577347,0.0,0.23024125183579902,0.1793217159678237,0.08543151069063225,0.1530238889235828,0.2986925240469485,0.27518950146057236,0.24377444758930045,0.1374435179506009,0.4245878702888649,0.01365062150557561,0.30896361216200996,0.28663961184523357,0.15950441860928538,0.2892288688770909,29,19,11,15,17,8,51,16,15,14,23,15
-0.0005846488023748546,-0.0025143395944014265,0.9408424524729088,0.0073828203887090485,0.011930199080119563,-0.7070320700552627,0.7070423015820102,0.007315197580926566,0.00014041544685261336,-0.4165253656398577,0.6125133576495343,-0.223172992784599,-0.0008877197918831422,0.008010543900833804,0.00015840116536491283,-0.40871406117066406,0.5996739401971604,-0.21810817565554966,-0.0015834131277509683,0.047170081545202094,-0.0800693605184282,0.1973538544506794,-0.14581647503144393,-0.3960126400196442,0.6273968657902663,0.10467493731377256,0.6783976917939973,-0.07171688928683816,-0.2071739522611667,0.11815185395858493,-0.5269572903715891,-0.42143654966770877,-0.24796840370401496,0.6970779042191967,0.18476238721183433,0.2597491844334167,0.22980530349523587,0.0,0.3270688724240357,0.0,0.22419187083521658,0.18608983228102366,0.057854558017543474,0.06459030719976519,0.2923654960689588,0.27039396499462265,0.3342583024920208,0.0874792618687659,0.4847664214719014,0.0,0.3530012886094328,0.3032252924673642,0.16962532114221268,0.25924005443731746,31,21,12,15,16,5,49,16,18,18,26,14
-0.0005905778595197127,-0.0025147298991251192,0.9408289661014433,0.007363604478337908,0.011949917141925042,-0.707029917191211,0.7070443218115654,0.007385192139216272,0.00011095381125207018,-0.4167461547937764,0.6128883317290504,-0.2233500588750831,-0.0008955041686154816,0.00808042323531583,0.00012891232294680213,-0.4089620495031374,0.6001007590871748,-0.21832353270949992,-0.0015910847547857627,0.0473733558908837,-0.08070681793158589,0.1960770125180447,-0.150192162352918,-0.3945326783540029,0.6359217502422162,0.1078057715059706,0.6742579778251774,-0.07397999538544857,-0.20630369718340935,0.12304036267286846,-0.5231059507172535,-0.4331641270504023,-0.25254711620049713,0.69499993887448,0.18476238721183433,0.2597491844334167,0.22980530349523587,0.0,0.3270688724240357,0.0,0.22419187083521658,0.18608983228102366,0.057854558017543474,0.06459030719976519,0.2923654960689588,0.27039396499462265,0.3342583024920208,0.0874792618687659,0.4847664214719014,0.0,0.3530012886094328,0.3032252924673642,0.16962532114221268,0.25924005443731746,31,21,12,15,16,5,49,16,18,18,26,14
-0.0005330547678416401,-0.0024269950467628214,0.9408042610739188,0.007324437003757875,0.011666197438683823,-0.7070899907162451,0.7069893899407539,0.006969093265146564,0.00018901125249838851,-0.41656522090627757,0.6133544863519492,-0.22353546347213396,-0.0008536127214873383,0.007664971181426243,0.0002067930265725906,-0.4089097431988733,0.6007122363169285,-0.2185336808784451,-0.0015495486091189985,0.04613076918072211,-0.08388548202440715,0.18794887393237159,-0.15939448450073992,-0.3982280760418675,0.6474504643525704,0.10639430875133409,0.6682589320553046,-0.07540760646717437,-0.19435113204275858,0.13337263431580693,-0.5230206781352305,-0.45017257894504137,-0.254955627288433,0.6909092417932245,0.2077100983901034,0.2654005081914968,0.2418351773508245,0.0,0.34035702395055717,0.0,0.23509553608437084,0.19050401430541258,0.062148312323544806,0.0,0.3065320019948389,0.2633915993158663,0.38057344162707857,0.06796003183988315,0.5218238455621907,0.0,0.3931366881020767,0.3403354080477712,0.21807267666455438,0.221451721362878,35,21,13,16,17,3,52,15,20,20,29,16
-0.000543957104329227,-0.002399004560344788,0.9408043400057805,0.007335646466296423,0.011707367956240501,-0.7070582276744584,0.7070203593280123,0.007002344828936462,0.00016948137510381433,-0.4167998666410086,0.6135553965491788,-0.22362990401551716,-0.0008344670613936475,0.007698229386061241,0.00018721065572324119,-0.4092015115619285,0.6010379379988344,-0.21867997956522497,-0.0015305483206981413,0.04590969406378838,-0.08455991282262101,0.18491502353713735,-0.1652384282228244,-0.39902183065668,0.6569044326529778,0.10705695037083097,0.6633617759957369,-0.07626360126811295,-0.18986919862325674,0.14042803974078139,-0.5221072797746148,-0.46349733388670583,-0.2586782348854108,0.6863387672506852,0.2077100983901034,0.2654005081914968,0.2418351773508245,0.0,0.34035702395055717,0.0,0.23509553608437084,0.19050401430541258,0.062148312323544806,0.0,0.3065320019948389,0.2633915993158663,0.38057344162707857,0.06796003183988315,0.5218238455621907,0.0,0.3931366881020767,0.3403354080477712,0.21807267666455438,0.221451721362878,35,21,13,16,17,3,52,15,20,20,29,16
-0.0005581906117270233,-0.0023875424474102585,0.9407993462147903,0.007342561719031003,0.011750504100128446,-0.707046925298401,0.7070308747621079,0.007072250090533627,0.0001446616775507403,-0.41702733660135743,0.6137456783469684,-0.22368657126196473,-0.0008380782298552565,0.007768041012668619,0.00016239728078801892,-0.409472050294254,0.6013143465439433,-0.2187829153735212,-0.001534142077461767,0.045844477474776,-0.08464779661933214,0.18377573974246042,-0.16928956750390883,-0.39885102186492455,0.6646422129936298,0.10818024831837321,0.6592690720954636,-0.07684051188552422,-0.1881842604696231,0.14557706864017755,-0.5208971864680589,-0.47423530273435993,-0.2622600079395733,0.6818939226866331,0.2077100983901034,0.2654005081914968,0.2418351773508245,0.0,0.34035702395055717,0.0,0.23509553608437084,0.19050401430541258,0.062148312323544806,0.0,0.3065320019948389,0.2633915993158663,0.38057344162707857,0.06796003183988315,0.5218238455621907,0.0,0.3931366881020767,0.3403354080477712,0.21807267666455438,0.221451721362878,35,21,13,16,17,3,52,15,20,20,29,16
-0.0005521643672710912,-0.0023406267608667135,0.9408203164036395,0.007261402209941547,0.011392749541428443,-0.7070536762867772,0.7070308169699422,0.006667361211992443,0.0001289744959214646,-0.41654072508075557,0.6140797130143653,-0.22383378671136256,-0.0008295242348954207,0.007363746501137088,0.0001464706762613399,-0.409106891384343,0.6018452149044969,-0.21899482118712726,-0.0015259912454855926,0.04567452714897282,-0.08854281162441141,0.1802823722083701,-0.17835879842206145,-0.40516313972257983,0.6715861346540963,0.10236766210371383,0.6551451347627509,-0.07897125543948384,-0.18113550321383143,0.1584454103544844,-0.5261270321401701,-0.48395183321522695,-0.25967537581457323,0.675225493626388,0.23771538001136946,0.26004953814439247,0.2707959317746495,0.0,0.37779753035836666,0.0,0.264439303012546,0.1938398271981643,0.10442934978542044,0.0,0.33736865375199987,0.2522488065058963,0.3969426577887306,0.0658047596531804,0.5391604104617607,0.0,0.42345002033631973,0.37865246243916356,0.30654208999791543,0.2083510967378371,40,21,14,18,19,6,57,13,21,21,32,20
-0.0005711606606977903,-0.002287705844032334,0.940819958598206,0.007308544206090781,0.011442755072751961,-0.7070575030434694,0.7070256967945832,0.006673567076496544,0.0001380259608015024,-0.4167262852418241,0.6140620799947697,-0.2238462777623785,-0.0008293919275015565,0.0073699961311989625,0.00015547465223141385,-0.40939481007461337,0.6019897566197554,-0.21906889970029803,-0.0015259871900291317,0.04535318871237724,-0.08903468892196816,0.1796382667358398,-0.18323104168326912,-0.4074304476267098,0.6778509542416139,0.09952153195295738,0.6523672561010938,-0.07902773937836542,-0.1788208871472608,0.1656559041922049,-0.5279954980906547,-0.49249389491409,-0.2597197504481147,0.6699836595462708,0.23771538001136946,0.26004953814439247,0.2707959317746495,0.0,0.37779753035836666,0.0,0.264439303012546,0.1938398271981643,0.10442934978542044,0.0,0.33736865375199987,0.2522488065058963,0.3969426577887306,0.0658047596531804,0.5391604104617607,0.0,0.42345002033631973,0.37865246243916356,0.30654208999791543,0.2083510967378371,40,21,14,18,19,6,57,13,21,21,32,20
-0.000621344059150344,-0.002267617648068567,0.940866140406448,0.007295276932702444,0.011114732830632995,-0.7070494828359365,0.7070390869464098,0.006272945364867938,0.00011181631224383643,-0.41623457225440946,0.6141551076989408,-0.223916043821423,-0.00085573509002189,0.006969938963144623,0.00012906034026124655,-0.409067748961684,0.6023649140809709,-0.2192356578365115,-0.0015527834979669457,0.045372091710010796,-0.0930355056499305,0.1794811114143603,-0.19231016360820993,-0.41515797653914055,0.6808338021258966,0.08984911798178465,0.6510155608149975,-0.08059514687796139,-0.17553192421222244,0.1787411942172993,-0.5344086501715165,-0.4973194082438697,-0.2533410558145533,0.6643708159508172,0.26771619358975035,0.24955127797389143,0.31344757244989363,0.010529431750941632,0.4424220634647634,0.0,0.32843515106908194,0.19600473360233808,0.18851830085554108,0.0,0.37091278241790215,0.24072741687458368,0.4159178948697055,0.07258290288293306,0.5615108525167047,0.0,0.4588487009588061,0.40069964480992737,0.3737725218505874,0.24009880163789288,45,19,17,21,22,10,63,12,22,23,34,25
-0.0006406692491972,-0.0022057451180281973,0.9408665826834012,0.007360180389267998,0.011163756649865006,-0.7070574628029297,0.7070296617375986,0.0062538933499239335,0.00012397836684741292,-0.4163644061348992,0.6139684962211337,-0.22384327474854815,-0.0008690308916732396,0.006950964628379513,0.0001412023589713085,-0.40934806141582564,0.6024153230096616,-0.21925318995163065,-0.0015662307060990636,0.04507516664334369,-0.09336514428282403,0.1806864918516611,-0.1964509831602245,-0.41838693772741836,0.6843034496249948,0.0839131199318193,0.650747362029695,-0.08019842154342241,-0.17506082305505002,0.18522256239405005,-0.5371330689180712,-0.502434921640108,-0.2502748834999824,0.6604485686507281,0.26771619358975035,0.24955127797389143,0.31344757244989363,0.010529431750941632,0.4424220634647634,0.0,0.32843515106908194,0.19600473360233808,0.18851830085554108,0.0,0.37091278241790215,0.24072741687458368,0.4159178948697055,0.07258290288293306,0.5615108525167047,0.0,0.4588487009588061,0.40069964480992737,0.3737725218505874,0.24009880163789288,45,19,17,21,22,10,63,12,22,23,34,25
-0.0007122010293981103,-0.002224532497893288,0.940917551754629,0.00740577931149732,0.010890599256108156,-0.7070548852036272,0.707036023544994,0.005870746836766708,0.00011145769968798977,-0.41590293320617117,0.6138713202728054,-0.22384393944523828,-0.0009152301157756235,0.006568329486341648,0.0001285543290338138,-0.40909428237273543,0.6026634768684528,-0.21937420932856846,-0.0016128578187008884,0.044973321474527414,-0.09695394726583638,0.18308992620265702,-0.20471532543829027,-0.42601772245135544,0.6828985039069289,0.07233422796452402,0.6519535203033029,-0.08117958680256696,-0.17513193077342568,0.19572512945740503,-0.5424347761373269,-0.503868758305957,-0.24254876906183154,0.6572122584129537,0.29308944118939356,0.24105358400519641,0.3347983946290505,0.023576361321544923,0.4861108311414201,0.0,0.3847771194903845,0.19478080401108455,0.26010215982134005,0.051323780302675974,0.39382799556549913,0.23370808659549794,0.4240465564213589,0.10923212064111966,0.5782166554246039,0.0,0.48041011456550864,0.3940419729317936,0.39782186739942277,0.29643136273452725,49,18,18,24,25,15,67,11,24,24,35,27
-0.0007250727844659614,-0.0021683177004018445,0.9409181058018024,0.007469738244199673,0.01092593533907685,-0.7070522490506664,0.7070374417666461,0.0058272111623365215,0.00010841060045642095,-0.41594944863253386,0.6135816635730934,-0.2237200490454565,-0.000931606348332966,0.006524894292214467,0.00012551086085635507,-0.40932106881827857,0.6026717974627327,-0.21936893294869353,-0.0016293957277259733,0.044866192203827156,-0.097193911930284,0.18551260124936883,-0.2078626986782845,-0.42947014186229654,0.6830966691624141,0.06462616498492212,0.6538041884823959,-0.08074837958512149,-0.17614676276826685,0.2003869517270185,-0.544828017747072,-0.506304262494069,-0.2378740725736544,0.6552523719014915,0.29308944118939356,0.24105358400519641,0.3347983946290505,0.023576361321544923,0.4861108311414201,0.0,0.3847771194903845,0.19478080401108455,0.26010215982134005,0.051323780302675974,0.39382799556549913,0.23370808659549794,0.4240465564213589,0.10923212064111966,0.5782166554246039,0.0,0.48041011456550864,0.3940419729317936,0.39782186739942277,0.29643136273452725,49,18,18,24,25,15,67,11,24,24,35,27
-0.0007811452652308561,-0.0022115763773631037,0.9409611909440049,0.007521755284324228,0.010712175455053066,-0.707064880797595,0.7070275290518363,0.005502736193855243,0.00012040796321662076,-0.4155029247088808,0.613386792602974,-0.22368942434493,-0.0009690067078725423,0.006200864673931707,0.00013666453004745262,-0.4091069109301958,0.6028451713416719,-0.21946520832271935,-0.0016676018925865861,0.04448916525762861,-0.10023943757438714,0.18900429311541364,-0.21537128484473764,-0.4363658926619076,0.677428150403665,0.05261027117486501,0.6563139262084413,-0.08168954783461696,-0.17799689121612183,0.2075843364026539,-0.5486530943603588,-0.506495788060799,-0.23145204798806432,0.6537505853052819,0.3138459962115388,0.23778486156889134,0.3400350456101492,0.028494856233297623,0.48745396672058494,0.0,0.39184483029633554,0.253069861745912,0.28697244613358885,0.13286889653472234,0.4011302262630406,0.2318726983541007,0.413595228154444,0.1372617942688832,0.5626063956881816,0.0,0.47011527251932755,0.3637195649854402,0.3981069145728585,0.3406534681240084,53,18,19,24,27,19,68,10,24,23,34,29
-0.0007882299344846854,-0.002162812967613894,0.9409618469337638,0.007576531896188992,0.010738559305020845,-0.7070445419432536,0.707046883322975,0.005455148850448667,9.321023561926409e-05,-0.4154915674354501,0.6130525308136765,-0.22354617262877408,-0.0009791222077585424,0.0061533589769627315,0.00010995568257952924,-0.4092781502077358,0.6028326216347991,-0.21945930245470574,-0.0016775896957452123,0.04464807605471269,-0.1004406119446997,0.19174997285354078,-0.21770860875702974,-0.4396116702960482,0.6743792775961193,0.04430938010180395,0.6591484268587736,-0.08149687108214262,-0.17959761185768952,0.2104766402125833,-0.5504143269306317,-0.5077053274744925,-0.22724363531746675,0.6530994569647168,0.3138459962115388,0.23778486156889134,0.3400350456101492,0.028494856233297623,0.48745396672058494,0.0,0.39184483029633554,0.253069861745912,0.28697244613358885,0.13286889653472234,0.4011302262630406,0.2318726983541007,0.413595228154444,0.1372617942688832,0.5626063956881816,0.0,0.47011527251932755,0.3637195649854402,0.3981069145728585,0.3406534681240084,53,18,19,24,27,19,68,10,24,23,34,29
-0.0008114694571333592,-0.002189888765246422,0.94098869175509,0.007581133516098627,0.010596472879774218,-0.707076342788939,0.707017175636729,0.0052666178945526285,0.00013449348763864682,-0.41509319282614765,0.6128473051855473,-0.22349301763078175,-0.0009940861653267889,0.005965032957097693,0.00015134523021838634,-0.40909943204439797,0.6029539592297504,-0.21952425241929516,-0.001692669795878773,0.043931221623882466,-0.10299999351192678,0.1950702099995742,-0.22464457422473452,-0.4456969102148647,0.6651050857642443,0.032449575032133665,0.6614954873426739,-0.08179350570862338,-0.1823403115082826,0.21522849674612327,-0.551404883596507,-0.5080293808367116,-0.22436407209318548,0.6528059687818716,0.33175270781785776,0.23908413702395345,0.33869285250878056,0.023806448076835334,0.46882276894176317,0.0,0.37050407866696267,0.2768057287077967,0.2803143117432033,0.15083301202013935,0.39519156895020474,0.23204110517362564,0.4076729594832843,0.1382261759470727,0.5441650548253918,0.0,0.45220875289922635,0.3274607773809248,0.3789727303569045,0.35235499318741925,56,18,19,23,26,19,67,10,24,22,32,28
-0.0008119823069517837,-0.0021571656388002323,0.9409900858719588,0.007618230262669326,0.010605992037047722,-0.7070372122766405,0.7070557658039788,0.005218061169282629,8.156229843020094e-05,-0.4150290221355442,0.6125415558250906,-0.22336212446346335,-0.000994130083823496,0.005916549128563148,9.84778568191284e-05,-0.40918939268141785,0.6029446794742972,-0.21952694423150873,-0.001692768547076862,0.04435189884789858,-0.10313323143653369,0.19746433841171498,-0.2264100789870388,-0.448523878230008,0.6592631014308047,0.024145160215107847,0.6641026493418156,-0.0818655444277958,-0.1839348566814205,0.21704258818060002,-0.5518127125102056,-0.5091013720459846,-0.22232996736794366,0.6527554092427282,0.33175270781785776,0.23908413702395345,0.33869285250878056,0.023806448076835334,0.46882276894176317,0.0,0.37050407866696267,0.2768057287077967,0.2803143117432033,0.15083301202013935,0.39519156895020474,0.23204110517362564,0.4076729594832843,0.1382261759470727,0.5441650548253918,0.0,0.45220875289922635,0.3274607773809248,0.3789727303569045,0.35235499318741925,56,18,19,23,26,19,67,10,24,22,32,28
-0.0008010671152153634,-0.0021633708498411475,0.9410023623069478,0.0075399524442125105,0.010493131558538324,-0.7070909062166298,0.7070045923846454,0.0051539025323137835,0.0001549858644490706,-0.4146002421673602,0.6124133417632197,-0.2233333071194847,-0.0009842347534325488,0.005852458686978042,0.0001718106161191354,-0.4089465974479226,0.6030638946246761,-0.219585937392673,-0.001682962233151459,0.043227378075513447,-0.10526314221067871,0.19999231851975038,-0.23262744744399677,-0.4538325759924309,0.6475405559482899,0.012722389773894182,0.6650741831963964,-0.08231515235926978,-0.186561047297949,0.21913330002260245,-0.5508013154154554,-0.5109372670460426,-0.2236103114007441,0.6528896061352103,0.34656433979515255,0.24297412686079845,0.3320766583803204,0.0117390321890363,0.4436380169013354,0.0,0.33874346705708835,0.19436506658325947,0.23751147319485894,0.06524860176038616,0.3814107284291378,0.2309452129362984,0.41891502662110774,0.11003047787421315,0.5471924505860236,0.0,0.44094867396352233,0.2844592854571184,0.33929218112062287,0.3304919168728021,58,19,18,22,23,14,65,10,24,22,30,25
-0.00079785477193266,-0.002142213517770591,0.9410043546174579,0.007561164837672497,0.010494490203861343,-0.7070319480011603,0.7070633061949563,0.005116954980313953,7.615441952386271e-05,-0.4145149974753381,0.6121614440550998,-0.22323729632967967,-0.0009751984090601244,0.005815559001640382,9.295624209183572e-05,-0.4089649308195471,0.6030475177002135,-0.2196059361250587,-0.0016739612305318818,0.04387770031673885,-0.10528450545296554,0.20174072616221717,-0.2339387954452654,-0.4561197596405294,0.639712335882041,0.004704980861824802,0.6665021090130192,-0.08279480378253998,-0.1877130992715847,0.22002065141390786,-0.5501584468231475,-0.5128360253395307,-0.22437324420366986,0.6529163506732811,0.34656433979515255,0.24297412686079845,0.3320766583803204,0.0117390321890363,0.4436380169013354,0.0,0.33874346705708835,0.19436506658325947,0.23751147319485894,0.06524860176038616,0.3814107284291378,0.2309452129362984,0.41891502662110774,0.11003047787421315,0.5471924505860236,0.0,0.44094867396352233,0.2844592854571184,0.33929218112062287,0.3304919168728021,58,19,18,22,23,14,65,10,24,22,30,25
-0.000766591491836327,-0.00212737461809109,0.9410058440933354,0.007412667416166298,0.0104041247706366,-0.7070944239667964,0.7070037355945143,0.005165219319537023,0.00015787075233513454,-0.4140793964831854,0.6121231077006668,-0.2232397367016332,-0.000950404347913172,0.005863766123188527,0.00017451493780945815,-0.4086609175128983,0.6031588505436881,-0.2196621785064414,-0.0016491638519812058,0.042652474559903536,-0.10702918488166753,0.20345503667022355,-0.23922327693510106,-0.46052514711703035,0.626887415959979,-0.005770808782146737,0.6655770589341969,-0.08340803669781748,-0.1899190553290816,0.22033065010852024,-0.5477142934526179,-0.51631256882148,-0.22877883139031663,0.6533716823723599,0.3563016189584915,0.24790215127026702,0.3050819649989895,0.0,0.3750303806424997,0.0,0.27457155018561125,0.05907718733850428,0.16810288788899058,0.0,0.3656715586741632,0.2276847982672328,0.42798820800406284,0.0788501184274569,0.5479639559285752,0.0,0.4272697083108944,0.20413459070452905,0.302750606544053,0.28366591986568557,60,19,16,18,16,9,62,10,23,22,28,22
-0.0007629510042277635,-0.002116276631014703,0.9410083755774582,0.007418190337013653,0.010403224879607303,-0.7070279529669544,0.7070701641899378,0.005152002056282844,6.71513162325894e-05,-0.41399085971546534,0.6119398168416404,-0.2231846883433535,-0.0009385312621569644,0.005850557045777768,8.373858319413498e-05,-0.4086196481234152,0.6031272885579462,-0.2196933323570995,-0.0016372744726374853,0.043447384852579284,-0.10694257735617067,0.20455803827759855,-0.2401368903391934,-0.462154308713787,0.6180454427872968,-0.013127084578517117,0.665416159159597,-0.08421157612644024,-0.19062755851833543,0.22070948775384827,-0.5463147015156768,-0.5192041560687546,-0.2316975259908158,0.6534282294691077,0.3563016189584915,0.24790215127026702,0.3050819649989895,0.0,0.3750303806424997,0.0,0.27457155018561125,0.05907718733850428,0.16810288788899058,0.0,0.3656715586741632,0.2276847982672328,0.42798820800406284,0.0788501184274569,0.5479639559285752,0.0,0.4272697083108944,0.20413459070452905,0.302750606544053,0.28366591986568557,60,19,16,18,16,9,62,10,23,22,28,22
-0.0007209598776385742,-0.002097208714192043,0.9410043449996047,0.007235488706708272,0.010337714488093858,-0.7070776026748223,0.7070233681837986,0.005275190585967074,0.0001229170493660414,-0.41358854168092607,0.6119712153094727,-0.2232169213983265,-0.0009073427091790435,0.005973600916307293,0.0001393248708303774,-0.4082812088250836,0.6032128723372956,-0.219750831769689,-0.0016060006766997312,0.042651983881124324,-0.10827484210569997,0.2055598333712758,-0.24442741906255613,-0.4653869452633096,0.6054193138920361,-0.02210424697621832,0.6630348105534946,-0.08507892033427711,-0.19215662100011713,0.22134904452146323,-0.5436271793183077,-0.5232694083051269,-0.2368087769387545,0.6540043814670217,0.3604673708171515,0.2527302206734739,0.26898920183957,0.0,0.30846134130987096,0.0,0.21637066648459455,0.0,0.10621997033150403,0.0,0.3532051605193583,0.22369502795705137,0.42653169583668854,0.0771068312106874,0.540133885305353,0.0,0.4153765810021995,0.09343461325589712,0.2815173497433105,0.25449755852733585,61,20,14,14,12,6,60,9,23,21,24,20
-0.0007211912619136795,-0.0020926356419880016,0.9410073038664137,0.007228529706984072,0.010339664479249545,-0.7070267695663188,0.7070742442016584,0.005292338142926774,5.0295186845393465e-05,-0.41350904013353323,0.6118549982630419,-0.22320087679142953,-0.0008983720952602108,0.005990712753776072,6.663313504161612e-05,-0.4082038009797929,0.6031573019425704,-0.21978142051798522,-0.0015969642024870826,0.04340877103768568,-0.10813980938507786,0.20611713885819238,-0.244967651908908,-0.46626185824668415,0.5965493744436252,-0.028416171590647066,0.6615797431574705,-0.0860669765655662,-0.19252231382867216,0.22204599102814304,-0.5420619412477747,-0.5265732933452599,-0.24033245958447716,0.6540938666385746,0.3604673708171515,0.2527302206734739,0.26898920183957,0.0,0.30846134130987096,0.0,0.21637066648459455,0.0,0.10621997033150403,0.0,0.3532051605193583,0.22369502795705137,0.42653169583668854,0.0771068312106874,0.540133885305353,0.0,0.4153765810021995,0.09343461325589712,0.2815173497433105,0.25449755852733585,61,20,14,14,12,6,60,9,23,21,24,20
-0.0006789444902703618,-0.002081479662794175,0.9410015545551198,0.007047187952538083,0.010305236649024193,-0.7070639827937146,0.7070393648697773,0.005459728602409882,9.139189458253391e-05,-0.41317838138220164,0.6119259678251894,-0.22325619423852838,-0.0008697480473598829,0.0061578992075126985,0.00010756363161186407,-0.4078777007539139,0.6031980221616375,-0.21983162408289278,-0.0015681916181946338,0.04295742259546994,-0.10902265808424165,0.2063972459037345,-0.2480713707081752,-0.4681275863269442,0.5853164880689633,-0.03576151439223099,0.658799754810041,-0.08717176632839986,-0.19338610608765172,0.22313048471298647,-0.5398786205626355,-0.5307364953062226,-0.2444537895397223,0.654527942651139,0.3616064075935881,0.25648866504459605,0.2577101337216043,0.0,0.2883876463575685,0.0,0.197611885137452,0.0,0.08507576022919824,0.0,0.3471860435280054,0.22121440894448433,0.4236062971175433,0.07567716220720876,0.53470971614942,0.0,0.41360055140866253,0.0,0.2810787135956993,0.2510750725839301,61,20,14,13,11,5,59,9,23,21,22,20
-0.0006822210441592807,-0.0020802512109048634,0.9410048539948647,0.007034415441665136,0.010311145783196637,-0.7070306042551203,0.7070727840319344,0.0054969231093521705,4.4630338762140936e-05,-0.4131206864749504,0.6118648776291267,-0.22326801779381084,-0.000865604575051459,0.006195027451528804,6.073696287772135e-05,-0.40778533331491434,0.6031175130860977,-0.21985145787562158,-0.001563946880242071,0.0435543135918521,-0.10891109666180321,0.2065156644000039,-0.24820961330844427,-0.46825256944360455,0.5772950172605218,-0.04095067387503552,0.6568322945607725,-0.08816664646358725,-0.19356733344987953,0.22409534727559313,-0.5385080860702888,-0.5340965444641489,-0.24737295494285372,0.6545439812765453,0.3616064075935881,0.25648866504459605,0.2577101337216043,0.0,0.2883876463575685,0.0,0.197611885137452,0.0,0.08507576022919824,0.0,0.3471860435280054,0.22121440894448433,0.4236062971175433,0.07567716220720876,0.53470971614942,0.0,0.41360055140866253,0.0,0.2810787135956993,0.2510750725839301,61,20,14,13,11,5,59,9,23,21,22,20
-0.0006392488576327912,-0.0020801776873029558,0.9409995603641258,0.006880710258517727,0.010298345804669248,-0.7070561282783283,0.7070489596655137,0.005655494114335465,7.428177496450618e-05,-0.41287281755736743,0.6119508656870939,-0.2233347888488086,-0.0008386211519681724,0.006353392474074701,9.025523359963308e-05,-0.407498884736979,0.603114060982907,-0.21988882686163758,-0.0015367954514896864,0.04332727204006458,-0.10941873824925309,0.20605663203781824,-0.25015638599298634,-0.4688736353878779,0.5682167875145362,-0.04705195983816025,0.6546475700459939,-0.08942288729349339,-0.1934544064049914,0.22540081209986063,-0.5373101099832517,-0.5379844910844204,-0.24949518703536055,0.6545726280488052,0.36334622160514607,0.25898417171568255,0.2672517440225022,0.0,0.2986423458309536,0.0,0.2091565400076937,0.0,0.0984728203010441,0.0,0.34760801178126005,0.2213478568190918,0.4181661232923695,0.07517197665521902,0.5280681100270509,0.0,0.41317985724576184,0.0,0.2836184120034463,0.24714797704718777,61,21,14,13,11,5,59,9,23,21,22,20
-0.0006452723312725909,-0.00207951688337763,0.9410032591310604,0.006866764453187568,0.010308596738860552,-0.7070373162028061,0.7070677576271971,0.005703638522274355,5.003115456222341e-05,-0.41284150901460775,0.6119277091947161,-0.2233609451282687,-0.0008371875709382936,0.006401456352580022,6.595346628775905e-05,-0.4074084077430801,0.6030146204653678,-0.21989351773732543,-0.001535249017332437,0.04371869730419454,-0.1093980602346214,0.20586301183659636,-0.24993516715648578,-0.46839903987249426,0.5616225572155076,-0.05139029751341199,0.6529442790985079,-0.09026336269167652,-0.1934024911277864,0.22643344773733473,-0.5363587174565387,-0.5410834683771383,-0.25111315101456383,0.6543574100221377,0.36334622160514607,0.25898417171568255,0.2672517440225022,0.0,0.2986423458309536,0.0,0.2091565400076937,0.0,0.0984728203010441,0.0,0.34760801178126005,0.2213478568190918,0.4181661232923695,0.07517197665521902,0.5280681100270509,0.0,0.41317985724576184,0.0,0.2836184120034463,0.24714797704718777,61,21,14,13,11,5,59,9,23,21,22,20
-0.0006114791580703896,-0.0020864147244899385,0.9409989030632749,0.006738910387577669,0.010315164194383905,-0.7070559222519909,0.7070502862476029,0.005863463101823914,7.597092721107672e-05,-0.41266841227952417,0.6120188947227032,-0.22342940592173752,-0.0008178325205069013,0.006561067001890031,9.179337486978342e-05,-0.4071679126089967,0.6029753203538311,-0.21991406445253775,-0.0015157140336483554,0.04353278647296522,-0.10969086176115937,0.204920228645863,-0.25092273879869154,-0.4681205829456574,0.5548330062665369,-0.05670409843336034,0.6517881541263236,-0.09147427395885706,-0.19308721498713408,0.2276501012616835,-0.5358321235250917,-0.5440306024363106,-0.2515628861749526,0.6537597441464391,0.36758880285747897,0.2608531749984732,0.2791482572699459,0.0,0.30907601136583834,0.0,0.21943092679504142,0.0,0.11200271738225928,0.0,0.3518966348192606,0.2231074977709525,0.41814706429693776,0.07540541444267325,0.5268353490697821,0.0,0.4134686219705043,0.0,0.2883143774355697,0.23921885898891493,62,21,15,14,12,6,60,9,23,21,22,20
-0.0006161380568937008,-0.002085810895740401,0.9410024845550404,0.006731074668404964,0.010322609518175737,-0.7070450415054343,0.707061132893841,0.005897473718047157,6.435299685676185e-05,-0.4126591009314927,0.6120206848919952,-0.22346102238320076,-0.0008182360603537462,0.006595010798883963,8.013978374328457e-05,-0.40708483193305667,0.602867662619554,-0.21990562599345784,-0.0015160117571262578,0.04373605283346654,-0.10979058212212292,0.20459381305563046,-0.25043692164049264,-0.4672713685866282,0.5498108409286215,-0.060518096870570845,0.6507452105917362,-0.09210792879765552,-0.19304628269563542,0.22853206939433268,-0.5351524909036651,-0.5464086376080132,-0.2519871908143933,0.6531702493175263,0.36758880285747897,0.2608531749984732,0.2791482572699459,0.0,0.30907601136583834,0.0,0.21943092679504142,0.0,0.11200271738225928,0.0,0.3518966348192606,0.2231074977709525,0.41814706429693776,0.07540541444267325,0.5268353490697821,0.0,0.4134686219705043,0.0,0.2883143774355697,0.23921885898891493,62,21,15,14,12,6,60,9,23,21,22,20
-0.0005970555869728399,-0.0020935846649520395,0.9409989678816858,0.0066390824134760894,0.010332066444394758,-0.7070607951472194,0.7070461109103686,0.0060252272126998345,8.979976364001903e-05,-0.41254822068017943,0.6121031989875043,-0.22352126249642332,-0.0008088273459561732,0.006722711402340235,0.00010573973455600863,-0.406898410742019,0.6028085819014001,-0.21990881096581577,-0.0015063898220779282,0.04347480595149966,-0.1100304233851584,0.20360072986913103,-0.2507542253493315,-0.46649255451063704,0.5448935480969547,-0.06521508600524789,0.6504576399591714,-0.09303300348960322,-0.19303165863468408,0.22943664455037038,-0.5345836183399949,-0.5478731278530913,-0.25150415438731827,0.6520683070409413,0.37375252037735957,0.26269732479271546,0.2831901082050069,0.0,0.3156024781174534,0.0,0.22444340768701398,0.0,0.11795263206877053,0.0,0.35703851442197604,0.22443628674366586,0.4234270168967784,0.07584686057038018,0.5364773332559623,0.0,0.423161883930108,0.0,0.30081823035612243,0.2213944920167051,63,21,15,14,12,6,60,9,23,21,23,20
-0.0005974569707647701,-0.002094164165265224,0.9410021032982424,0.006640173330662888,0.010330729894077387,-0.7070519987421447,0.7070549166738977,0.006027493986700147,8.145433516213711e-05,-0.41254792160988196,0.6121165392709521,-0.22355166142020141,-0.0008086718732657301,0.00672483362286434,9.723006363713296e-05,-0.4068242153285927,0.6027095914402851,-0.21989449599063735,-0.0015062102356241916,0.04354012813987834,-0.11023521095628706,0.20331509307876988,-0.25012126158978193,-0.46548419551626824,0.5411962837541877,-0.0686337091530214,0.6500316473214638,-0.09349609826388056,-0.1930942305514527,0.23000908001862017,-0.5338352731834807,-0.5491391933699696,-0.25115969658141346,0.6511531541189053,0.37375252037735957,0.26269732479271546,0.2831901082050069,0.0,0.3156024781174534,0.0,0.22444340768701398,0.0,0.11795263206877053,0.0,0.35703851442197604,0.22443628674366586,0.4234270168967784,0.07584686057038018,0.5364773332559623,0.0,0.423161883930108,0.0,0.30081823035612243,0.2213944920167051,63,21,15,14,12,6,60,9,23,21,23,20
-0.0005978186752335907,-0.0020945248241868476,0.941005213371383,0.006647815074488007,0.010330271458372158,-0.7070518317329019,0.7070550185731517,0.006016348525310243,7.798729893578593e-05,-0.4125589347365465,0.6121175517850473,-0.22356299449526057,-0.0008089348910027941,0.006713697673665728,9.367074699129284e-05,-0.40677869396588023,0.6026183163650982,-0.2198673405480345,-0.0015064910318075427,0.043575038119121244,-0.11042616867758698,0.20325911877540487,-0.24923990648440292,-0.46445348012982135,0.538341436936913,-0.07126514110296313,0.6495368343058846,-0.09379478419328505,-0.1931651036660227,0.23042119773353317,-0.5331121176415003,-0.5502054411624449,-0.25087198025508145,0.6503397051645775,0.37375252037735957,0.26269732479271546,0.2831901082050069,0.0,0.3156024781174534,0.0,0.22444340768701398,0.0,0.11795263206877053,0.0,0.35703851442197604,0.22443628674366586,0.4234270168967784,0.07584686057038018,0.5364773332559623,0.0,0.423161883930108,0.0,0.30081823035612243,0.2213944920167051,63,21,15,14,12,6,60,9,23,21,23,20
-0.0005936754123345109,-0.0021007197829947294,0.9410027897507067,0.006586092579844705,0.010330079922056224,-0.7070645582453399,0.7070428723257564,0.0061007920365207715,0.00010111505443071544,-0.4124770384078457,0.6121800395205753,-0.2236032710485255,-0.0008075079104271119,0.006797939847420441,0.00011649425994432224,-0.4066405366783642,0.6025734886834594,-0.21986045125513148,-0.001505071542013554,0.04326589385414112,-0.1107185828880449,0.20265659160982855,-0.24921068025454438,-0.4635950838112439,0.5352595830411068,-0.0746979684683151,0.6495578386944173,-0.09445046466220292,-0.19362234051378574,0.2312180157086156,-0.5323818885631219,-0.5495255936835197,-0.249995133702179,0.6489775288482518,0.38000655868603084,0.26496166260437537,0.2822720126585803,0.004122729492598406,0.31817458728941,0.0,0.2289524134496638,0.0,0.11913853093562313,0.0,0.36148128493951265,0.22424121129317046,0.4288670685489046,0.07618376147589265,0.5488237923845701,0.0,0.4350410311514944,0.0,0.31346460686339306,0.19091818093691082,64,21,15,15,12,6,61,9,23,22,23,20
-0.0005908453212926812,-0.0021014161638953574,0.9410050198279053,0.0065945559660558935,0.010321749196584499,-0.7070583338941757,0.7070491395906832,0.006076676150965712,9.627991648151498e-05,-0.4124749638964055,0.6121866235460174,-0.22362343526990586,-0.0008066293827263243,0.006773933252603606,0.00011181693806567462,-0.40658718743377575,0.6025016538062552,-0.21984627900837997,-0.0015041044070902762,0.04320244142082144,-0.11097084067743321,0.20252558060041695,-0.24863276621581698,-0.46267679074445395,0.5329283018684076,-0.07724053248802812,0.6494047799299668,-0.09480541015085019,-0.1937704279771386,0.23152656128965976,-0.5315568249215344,-0.5492109550109194,-0.24927363769233085,0.647954109647619,0.38000655868603084,0.26496166260437537,0.2822720126585803,0.004122729492598406,0.31817458728941,0.0,0.2289524134496638,0.0,0.11913853093562313,0.0,0.36148128493951265,0.22424121129317046,0.4288670685489046,0.07618376147589265,0.5488237923845701,0.0,0.4350410311514944,0.0,0.31346460686339306,0.19091818093691082,64,21,15,15,12,6,61,9,23,22,23,20
-0.0005914537937098519,-0.0020996451862902773,0.9410041083322929,0.006558511767851484,0.010300736258444586,-0.7070614458044472,0.7070466693315579,0.006098144188705455,0.00010022507103308483,-0.4124026819262178,0.6122299275692171,-0.22365300171067026,-0.0008067003910017691,0.0067954054153311315,0.00011591157836032611,-0.4064716934425222,0.6024705552292396,-0.2198434865663845,-0.0015040722633195165,0.04303418922107661,-0.11139874522634703,0.202319094507042,-0.24855714584981042,-0.4620181220903826,0.530269141188311,-0.0799943382687255,0.6491639676170085,-0.09538300134479186,-0.1942395466299811,0.23278591261464734,-0.530801873957157,-0.5465279243113289,-0.24796255749816176,0.6465761271120107,0.3848925904736964,0.2683170231847494,0.27884348787596264,0.0057893793019128306,0.3146309929492084,0.0,0.22821771710103678,0.0,0.11722076315353176,0.0,0.36547620397098746,0.22324115508507023,0.43699386259825834,0.07644334429554177,0.560211891220908,0.0,0.4470878172475348,0.0,0.327117287857486,0.15784063113994423,65,22,15,14,12,6,62,9,24,23,24,20
-0.0005887437219699105,-0.0020983919805789056,0.9410060231333162,0.006571309848982369,0.010291868032431843,-0.7070612981855363,0.7070468272663809,0.006064522293228413,0.00010031496648457305,-0.4124017371521245,0.6122245079909293,-0.22366446044767735,-0.00080467328428969,0.006761820598145201,0.00011577065782243186,-0.40643912039945207,0.6024128384948153,-0.21983063827770555,-0.0015022084413021076,0.0428945677845231,-0.11165323555223816,0.2023128616425825,-0.24800773965192954,-0.46123288162917714,0.5282838818871801,-0.08206504541213828,0.648867733499567,-0.0957300256896955,-0.19430644066172173,0.23308865618735317,-0.5299549941221122,-0.5447644080205828,-0.24694480156262757,0.6456252863132906,0.3848925904736964,0.2683170231847494,0.27884348787596264,0.0057893793019128306,0.3146309929492084,0.0,0.22821771710103678,0.0,0.11722076315353176,0.0,0.36547620397098746,0.22324115508507023,0.43699386259825834,0.07644334429554177,0.560211891220908,0.0,0.4470878172475348,0.0,0.327117287857486,0.15784063113994423,65,22,15,14,12,6,62,9,24,23,24,20
-0.0005890703946260706,-0.002082645567888092,0.9410063098890699,0.006550145266175696,0.010251385179124729,-0.7070597166944774,0.7070491932863131,0.006035151167891044,9.645521197994896e-05,-0.41233078480494295,0.6122482523126255,-0.22367302438911135,-0.0008027228077412679,0.0067324789798748645,0.00011194660532673809,-0.40634567334889854,0.602401572931188,-0.21982229701710607,-0.0015002351791205423,0.04280359244556011,-0.11219587306089499,0.20252646560982202,-0.24776751695289723,-0.4608505256232974,0.5258438222367345,-0.0838754654934782,0.6479016198482239,-0.09617848208624272,-0.19437982072772161,0.2346107463721896,-0.5293023069597558,-0.5405447473565578,-0.2451692313678334,0.6446133609696376,0.38810680627746175,0.27314086889116646,0.27527282347906257,0.004981291858239457,0.31010106068882715,0.0,0.2257687583611009,0.0,0.11880466690300914,0.0,0.36994930831092376,0.2228634309283536,0.4474098654011128,0.07686766874328663,0.573469447125642,0.0,0.46082313958170973,0.0,0.3464197916265024,0.1437551433979417,65,22,15,14,12,6,63,9,24,23,25,21
-0.0005898387097212369,-0.002079461898175605,0.9410081570671514,0.006559985913305153,0.010248873382735092,-0.7070643411059808,0.7070445139562053,0.006016710554647521,0.00010345391539671951,-0.41232940453028755,0.6122288481154985,-0.22367180129320147,-0.0008013986520627189,0.0067140619906784944,0.00011897153833888968,-0.4063323082798292,0.6023568434761658,-0.21980620201844706,-0.001498917847528621,0.04258381328318084,-0.11239520082686623,0.20261225902946034,-0.24719302584670613,-0.46021404450824105,0.5240336489948851,-0.08528247139447721,0.6471265453513836,-0.09649584132468443,-0.19424013142095437,0.23485911341553903,-0.5285552005374063,-0.5376102095023503,-0.2438743807285677,0.6439910340237311,0.38810680627746175,0.27314086889116646,0.27527282347906257,0.004981291858239457,0.31010106068882715,0.0,0.2257687583611009,0.0,0.11880466690300914,0.0,0.36994930831092376,0.2228634309283536,0.4474098654011128,0.07686766874328663,0.573469447125642,0.0,0.46082313958170973,0.0,0.3464197916265024,0.1437551433979417,65,22,15,14,12,6,63,9,24,23,25,21
-0.000591353729785503,-0.0020514225792238054,0.9410097521656374,0.006538536535744448,0.010193793747551291,-0.7070617045389621,0.7070481455201336,0.005968464650105778,9.922668897890281e-05,-0.41224369243905085,0.6122416643112867,-0.22366456235523138,-0.0008004887508455364,0.0066658711189706045,0.00011478211924908663,-0.40624194688363,0.602364812945636,-0.21979363223058393,-0.0014979961279686337,0.042470294005064274,-0.1129317241447531,0.20308983549629075,-0.24676398492624171,-0.45997366659897376,0.5216634207193637,-0.08611386665101105,0.6454779485506411,-0.09703105178681065,-0.19398151111555592,0.2359861959711723,-0.5283383811044151,-0.5326040703920389,-0.24178722418021498,0.6433776112108475,0.3901686858958902,0.2787660825236367,0.2759269903360026,0.0035828642483715194,0.3115158769403713,0.0,0.226697343336332,0.0,0.12601097430486102,0.0,0.3752131689750611,0.22360985588955404,0.4513248658061389,0.07767034566627881,0.5787107057759658,0.0,0.4664080012018739,0.12889792342058487,0.3605046685032667,0.18841071876044815,66,23,15,14,12,7,64,9,24,24,28,23
-0.0005952969412073501,-0.002045632641963944,0.9410115222908614,0.006544151986629978,0.010200210444767427,-0.7070665046333843,0.7070432008068434,0.005971894541881688,0.00010750609791097183,-0.41224548385110915,0.6122083003082184,-0.22365133681959096,-0.0008016219299815383,0.006669309106402405,0.0001230082141004634,-0.40624333624422637,0.6023250731302447,-0.21977400838189962,-0.0014991789544371251,0.042213072674889336,-0.11305858890025376,0.20318455470656172,-0.24616096188693337,-0.45942644437387226,0.5198951540842276,-0.0868253097741371,0.6442274111774015,-0.0973225113215139,-0.19370457700842725,0.2359518391446699,-0.5278811821083524,-0.5289898462724446,-0.24030666254685695,0.6431370730822789,0.3901686858958902,0.2787660825236367,0.2759269903360026,0.0035828642483715194,0.3115158769403713,0.0,0.226697343336332,0.0,0.12601097430486102,0.0,0.3752131689750611,0.22360985588955404,0.4513248658061389,0.07767034566627881,0.5787107057759658,0.0,0.4664080012018739,0.12889792342058487,0.3605046685032667,0.18841071876044815,66,23,15,14,12,7,64,9,24,24,28,23
-0.0005977982683522268,-0.002002731778265522,0.9410135973682051,0.0065199315173337016,0.01014365613621165,-0.7070602837339197,0.707050459231382,0.005927706030881578,9.68884947145998e-05,-0.4121674454796511,0.6122093611118984,-0.2236234202922066,-0.0008030018663506207,0.0066252026941131265,0.00011244588106906281,-0.40616778247915697,0.6023372937444353,-0.2197498103014804,-0.001500550701698151,0.042160131492266224,-0.11348115304117475,0.20369007912461537,-0.24568183767255364,-0.45906990179665613,0.5174588484364822,-0.08688758904168299,0.6424370101911493,-0.09768935035858982,-0.193341974636721,0.2370233796797397,-0.527800187008147,-0.5234323339845801,-0.23799206955872587,0.6429805969808606,0.3916397192026411,0.28390942820292386,0.27673738161428857,0.003301325186732314,0.308764155935092,0.0,0.22573819764589853,0.0,0.1320482252671421,0.0,0.38085838408075917,0.22483762520516196,0.4498645662742878,0.07879220840287572,0.5809392468846675,0.0,0.4732802700381866,0.25050731697825634,0.37889015882999266,0.2692420389616601,66,24,15,14,12,7,65,9,24,24,31,26
-0.0006027268338170112,-0.0019981348763245784,0.941015414699605,0.006519970942946933,0.010151234375695099,-0.7070671257272776,0.7070435079507615,0.0059424003276301405,0.00010656164346101552,-0.4121593964259468,0.6121734631043996,-0.22360293636542852,-0.0008061559746586225,0.006639853954617071,0.00012201432871746636,-0.40616619242768387,0.6023044352591508,-0.21972789802639894,-0.0015037514792397707,0.04189066529291711,-0.11357653855122063,0.20370869382619802,-0.24507968183959855,-0.45850220663546853,0.5156360051214144,-0.08704187552038035,0.6410621155090087,-0.09791150786975898,-0.1930345001087165,0.23687973119979247,-0.5275041737744763,-0.5193696767828699,-0.23636039006058968,0.6431069344804922,0.3916397192026411,0.28390942820292386,0.27673738161428857,0.003301325186732314,0.308764155935092,0.0,0.22573819764589853,0.0,0.1320482252671421,0.0,0.38085838408075917,0.22483762520516196,0.4498645662742878,0.07879220840287572,0.5809392468846675,0.0,0.4732802700381866,0.25050731697825634,0.37889015882999266,0.2692420389616601,66,24,15,14,12,7,65,9,24,24,31,26
-0.0006042741438381309,-0.0019462355326994526,0.9410179107497663,0.0064888583969858115,0.010087084364659833,-0.7070590869129152,0.7070527512566501,0.00589674782589366,9.305822063293745e-05,-0.412068042148207,0.6121730408215629,-0.22356773168322538,-0.000807770833145196,0.006594262718257295,0.00010841479787904774,-0.4060813364225294,0.6023241927989396,-0.21970086593226607,-0.0015054254617115751,0.04188317686187482,-0.11386067906528612,0.2040329510214887,-0.24459501825976188,-0.4578392676392102,0.5131345448399112,-0.08669689367379173,0.6397335396357252,-0.09831646324664291,-0.1925468977196358,0.23790844022285076,-0.5277308563105682,-0.5135962113783804,-0.23391234418506376,0.6431852772528981,0.3927185072132989,0.287905900577433,0.27313533619743763,0.005125700400549467,0.3062049621996002,0.0,0.22498737445498307,0.016141782306824677,0.1300543785829563,0.0,0.38654932681285953,0.2259010543184021,0.45513432615129684,0.07998196444737522,0.5940371400694289,0.0,0.4829541937496782,0.3293838247840034,0.38176930632396006,0.33063644758815974,66,24,15,14,12,7,65,10,25,25,34,27
-0.0006090032801819605,-0.0019426108473879395,0.9410196657205349,0.006485647165259596,0.010092086447449649,-0.707067575766901,0.7070442203081092,0.005912151269225734,0.00010446750292003074,-0.41204607294245343,0.6121348119593655,-0.2235461133957685,-0.0008109620822091212,0.0066096510902774065,0.0001197888420681719,-0.4060709892233935,0.6022955981121313,-0.21968093852665846,-0.0015086228695328798,0.04160790670342623,-0.11399311776995803,0.20393246095598336,-0.24398250526666096,-0.45717035716902527,0.5112556604792771,-0.08654626413962746,0.6386536395210384,-0.09850924620147504,-0.19220886694184403,0.23771343501032052,-0.5276454922146472,-0.5093465964820953,-0.23221749364090358,0.643532839195469,0.3927185072132989,0.287905900577433,0.27313533619743763,0.005125700400549467,0.3062049621996002,0.0,0.22498737445498307,0.016141782306824677,0.1300543785829563,0.0,0.38654932681285953,0.2259010543184021,0.45513432615129684,0.07998196444737522,0.5940371400694289,0.0,0.4829541937496782,0.3293838247840034,0.38176930632396006,0.33063644758815974,66,24,15,14,12,7,65,10,25,25,34,27
-0.0006137144978419577,-0.0018756317958723047,0.9410204577142058,0.006440955052638775,0.010032183238035546,-0.7070636546752127,0.707049402541873,0.0058960278982272615,9.956998740738958e-05,-0.4119576322196298,0.6121362423586987,-0.2235013983641237,-0.0008154065662166243,0.006593552295320467,0.00011481300370202684,-0.4059902789731859,0.602314364747683,-0.21964295930269495,-0.001513088000764073,0.04149198497637785,-0.11423577708509321,0.2040099348338977,-0.2433422140811993,-0.4562249399493233,0.50888410568809,-0.08613713166575665,0.638002343146617,-0.0985535353657168,-0.1921816663940368,0.2383525142814655,-0.527187713168109,-0.5036660730072059,-0.2302714916033093,0.6439426269324612,0.39340520700749604,0.2910970605817794,0.27045574965014324,0.009310074922328312,0.30874675500244964,0.0,0.2261685085729777,0.05087608589624691,0.13073458575233607,0.0,0.3922909364531453,0.22683496254785177,0.4588979366970049,0.0809872217366464,0.6056896562874439,0.0,0.49189959957809476,0.4011594954345966,0.384549580915802,0.36344155148889007,66,25,15,14,13,7,66,10,25,26,36,28
-0.000613731208882325,-0.0018770780209924004,0.9410221135351965,0.006436350528822914,0.010024699232091493,-0.7070682109549528,0.7070449942218233,0.005891323814595111,0.00010594214654125242,-0.41191138939374966,0.6121053513238088,-0.22348395478428196,-0.000816713668710368,0.006588853084674345,0.0001211503102715896,-0.4059555941143307,0.6022974131087157,-0.21962946873491018,-0.0015144021215236201,0.041241014055388554,-0.11444207317239156,0.20380541342721636,-0.24267764473555475,-0.4554579854321952,0.5070691757716836,-0.08593530500360531,0.637397881069072,-0.09872522430680462,-0.19199439999909748,0.23799075909775017,-0.5268119254946739,-0.49946101511625124,-0.22882112866624502,0.6444429925351483,0.39340520700749604,0.2910970605817794,0.27045574965014324,0.009310074922328312,0.30874675500244964,0.0,0.2261685085729777,0.05087608589624691,0.13073458575233607,0.0,0.3922909364531453,0.22683496254785177,0.4588979366970049,0.0809872217366464,0.6056896562874439,0.0,0.49189959957809476,0.4011594954345966,0.384549580915802,0.36344155148889007,66,25,15,14,13,7,66,10,25,26,36,28
-0.000612940832754807,-0.0018039262823488869,0.9410219894653371,0.006372059226685181,0.009943511053669411,-0.7070652401620684,0.7070496938714372,0.005865586235902142,0.00010041328911953443,-0.41177028487906736,0.6121262229556246,-0.22344977339154318,-0.0008159840689811778,0.006563149054153363,0.0001155178240893329,-0.40582470235932855,0.6023391306313827,-0.21960349017856462,-0.0015136989893562668,0.04111066743221928,-0.11471245682260542,0.20366156521065196,-0.24183026207995362,-0.45438479913985874,0.5050607686211133,-0.08564794000372494,0.6372933237412076,-0.09904897570805662,-0.1919581153157663,0.23833595846647987,-0.5265193781150528,-0.49411672100265763,-0.2272211683209467,0.6447711066785435,0.39383241124850665,0.29383773365289356,0.2638733450960018,0.014977734962207058,0.3013203441286287,0.0,0.21862025626407508,0.07985171925194515,0.12685461410539753,0.0,0.39786761247911756,0.22791121983109405,0.4689127755712885,0.0816159242397998,0.6214144096227969,0.0,0.5064245088658719,0.4507228493872485,0.3989237810226694,0.37651722663227366,66,25,14,14,14,7,67,10,25,27,38,29
-0.0006110779188560849,-0.001804824271468558,0.9410234515205009,0.006369761649466479,0.009930659231867235,-0.7070691924260899,0.7070459428252637,0.005846976447589389,0.00010522310712266037,-0.4117131067715344,0.6120907680367264,-0.22343745573582832,-0.0008134328629353071,0.006544568016156457,0.00012028161981679082,-0.40578269929498845,0.6023242298248279,-0.21959756604536132,-0.001511170247139409,0.04086538855518049,-0.1149912397646176,0.20340341849706545,-0.24109827471589493,-0.4535811186492176,0.5034814509763597,-0.08552805759919355,0.6370923130438975,-0.09929720080829442,-0.19175542638770643,0.23790820114145872,-0.5262073426936994,-0.4901311264317418,-0.22602620879507834,0.6452404885351561,0.39383241124850665,0.29383773365289356,0.2638733450960018,0.014977734962207058,0.3013203441286287,0.0,0.21862025626407508,0.07985171925194515,0.12685461410539753,0.0,0.39786761247911756,0.22791121983109405,0.4689127755712885,0.0816159242397998,0.6214144096227969,0.0,0.5064245088658719,0.4507228493872485,0.3989237810226694,0.37651722663227366,66,25,14,14,14,7,67,10,25,27,38,29
-0.0006066451433073772,-0.0017131019447115307,0.9410218583349137,0.006278304149030191,0.009831390023867468,-0.7070711271779534,0.7070462133259104,0.005829616831406362,0.00010772153997820827,-0.41152772466182647,0.612131127563244,-0.22340456894596467,-0.0008085248338805101,0.006527243800281099,0.00012263659069359543,-0.4056112285752838,0.6023859613835757,-0.21957175303960028,-0.0015062926987653707,0.04061198519510675,-0.11526758902839093,0.20318498151573175,-0.23994223712125654,-0.45243379154352903,0.5019670824301333,-0.08527659109767308,0.6374194269535828,-0.09968130165599584,-0.1917990085172449,0.23776334900774568,-0.525886237895913,-0.48536756476502224,-0.2249179021013324,0.6455732424848395,0.3942244994649672,0.2953924904038626,0.2572901725969894,0.019804477915182417,0.2932227668909534,0.0,0.2116555024306992,0.09996241518438996,0.12116965785263153,0.0,0.40264150686234257,0.22904922686327192,0.47911370145041976,0.08185995617581364,0.6322730628305424,0.0,0.5176477613543589,0.4798943523182517,0.41047529503687147,0.38098855946301924,66,25,14,13,14,7,68,10,26,27,39,30
-0.0006035899800214454,-0.0017150351744117762,0.9410231600664289,0.0062750333936081315,0.009813555938577889,-0.7070715365706686,0.7070460807099795,0.00580393494911204,0.00010873056508828777,-0.4114571141527598,0.612095188873189,-0.22339605383720007,-0.0008035032109172805,0.006501590060444115,0.0001235883729204176,-0.40555574876811207,0.6023743436808947,-0.21957165354805439,-0.0015012976525955,0.040363612637046416,-0.11558523264933657,0.20293615078822863,-0.2391191244503063,-0.4516319944113872,0.5007155934468971,-0.08519310157709839,0.6375517424405545,-0.09995035790030674,-0.19161435947797967,0.23720895785836657,-0.5255760005780692,-0.4817630001725633,-0.22404532829125004,0.6460285551196752,0.3942244994649672,0.2953924904038626,0.2572901725969894,0.019804477915182417,0.2932227668909534,0.0,0.2116555024306992,0.09996241518438996,0.12116965785263153,0.0,0.40264150686234257,0.22904922686327192,0.47911370145041976,0.08185995617581364,0.6322730628305424,0.0,0.5176477613543589,0.4798943523182517,0.41047529503687147,0.38098855946301924,66,25,14,13,14,7,68,10,26,27,39,30
-0.0005900018280229556,-0.0015947453465169356,0.9410205534343157,0.006150842222928759,0.009691604693856621,-0.7070778684131004,0.7070425220160332,0.005790525481413568,0.00011721559940986381,-0.411225511470355,0.6121585062596174,-0.22335866482152744,-0.0007912267434079167,0.0064882097168960165,0.0001318892862939764,-0.40533921246149274,0.6024563299142155,-0.21953945557124072,-0.0014890485930883048,0.03998258731036223,-0.11576948608837645,0.20275994142051362,-0.23768999273897917,-0.4503384127374367,0.49958636871716383,-0.08474182950846193,0.6384988767472931,-0.10019129138725962,-0.19146154540154833,0.2365877842820103,-0.5250071412689092,-0.47772565848994625,-0.22322122899468735,0.646622894349508,0.3945160218099278,0.29408892143884063,0.25710347472690354,0.021120421264601102,0.2907737034312624,0.0,0.21040945951782286,0.11184142277943622,0.1214603598928437,0.0,0.4061419043035573,0.22975906972335053,0.48376325857773267,0.08192591216824652,0.6339651071804733,0.0,0.5174447970156444,0.49536577983932417,0.41216234774514166,0.3830095460170735,66,25,14,13,14,7,69,10,26,27,40,30
-0.0005880267635028887,-0.0016010839412025422,0.9410217818876025,0.006137282670780723,0.009668969113376823,-0.7070743495179453,0.707046468806314,0.005773859175342557,0.00011330153937938506,-0.41112651808488254,0.6121306839171183,-0.22335820076136234,-0.0007843116446642075,0.006471559641254898,0.0001278952918948409,-0.4052507526740274,0.6024495705060433,-0.2195477458974525,-0.0014821515145332742,0.03973025725767338,-0.1161092021098486,0.20254957649660765,-0.236784790735817,-0.44954994872403115,0.4985943568280905,-0.08453393893372145,0.639093149687079,-0.1004520620933275,-0.1912060137404577,0.23590751619270775,-0.5245996244757397,-0.4745820421243745,-0.2225338478875719,0.647195221844598,0.3945160218099278,0.29408892143884063,0.25710347472690354,0.021120421264601102,0.2907737034312624,0.0,0.21040945951782286,0.11184142277943622,0.1214603598928437,0.0,0.4061419043035573,0.22975906972335053,0.48376325857773267,0.08192591216824652,0.6339651071804733,0.0,0.5174447970156444,0.49536577983932417,0.41216234774514166,0.3830095460170735,66,25,14,13,14,7,69,10,26,27,40,30
-0.0005624369001485341,-0.0014548963831245074,0.9410197020399568,0.005967969915260962,0.009527001801583859,-0.7070830474751842,0.7070411469956819,0.005783835873827925,0.00012384219220735847,-0.41083252785034635,0.6122245640355847,-0.2233241699705585,-0.0007636449819395367,0.006481532904077693,0.0001381995502283513,-0.4049640402272024,0.6025472689599174,-0.21951417873714574,-0.0014614875293653495,0.03927034633646378,-0.11613736177232219,0.2024582627147194,-0.2352043119535744,-0.448050255048439,0.4975959773986796,-0.08367935370179908,0.6410079764494613,-0.10075306658797903,-0.19075605314375002,0.2349451588893361,-0.5241170702672908,-0.47118580583015607,-0.22173127842506427,0.6480704564630697,0.3943510009291517,0.288807293322918,0.25609807781129224,0.017801991851199243,0.2912697085513867,0.0,0.20870184683096413,0.2173632177769112,0.12544032145262898,0.0,0.40852169564523666,0.22956521600333152,0.4793897776315002,0.128529824754693,0.6298727638701521,0.015862512173213064,0.5156431459886882,0.5051748618480902,0.4173231292636562,0.38480300272319157,66,24,14,13,16,7,69,10,27,27,40,31
-0.0005637770288286216,-0.0014647489733002042,0.9410207975905772,0.005940085620501988,0.009503021547740293,-0.7070772103964991,0.7070475418967165,0.005790564958690223,0.00011652470831950743,-0.41070460379379525,0.6122069898856453,-0.22333581583731082,-0.0007568350153807139,0.0064882478583621625,0.0001307748777127903,-0.4048344948082993,0.6025334354058499,-0.21952995239818565,-0.0014546667400299122,0.039010683836088085,-0.11651422662771702,0.20228239674828694,-0.23423805422152688,-0.4473023725742952,0.4966962376070999,-0.08319386979880497,0.6423085732014631,-0.10103298540208193,-0.1904162026454956,0.23418534371930605,-0.5237725134093538,-0.4684471399853979,-0.22107871619347585,0.6488327890033817,0.3943510009291517,0.288807293322918,0.25609807781129224,0.017801991851199243,0.2912697085513867,0.0,0.20870184683096413,0.2173632177769112,0.12544032145262898,0.0,0.40852169564523666,0.22956521600333152,0.4793897776315002,0.128529824754693,0.6298727638701521,0.015862512173213064,0.5156431459886882,0.5051748618480902,0.4173231292636562,0.38480300272319157,66,24,14,13,16,7,69,10,27,27,40,31
-0.0005274089001554534,-0.0013072405455986599,0.9410206145880305,0.005740122660781766,0.009338426516008398,-0.7070885475704065,0.7070400488492976,0.005801194988383374,0.00012952714767706306,-0.4103448245153697,0.6123247468672164,-0.22331498046509687,-0.0007294199893041318,0.006498718642811585,0.00014356960648968217,-0.404472270147813,0.6026361950981247,-0.21950345375668603,-0.0014271165085257898,0.03847140249508537,-0.11643709928585917,0.20223990559721863,-0.23257391245286674,-0.44570388381088855,0.4956536321031564,-0.08191243044642184,0.6452698651516272,-0.10175211077022928,-0.18930686511880676,0.2326512824444408,-0.5241791102875265,-0.465826514048518,-0.22006150478011083,0.6498321345775555,0.39367102065257475,0.2805295631998518,0.25029363631793466,0.011235923578856414,0.29493624388409884,0.0,0.20555290634122347,0.4700194103101618,0.13717382094793645,0.0,0.41032657553130897,0.2285846725762686,0.4606333524788479,0.20422113285548918,0.6172264746293441,0.09748409127978933,0.5124598399659758,0.5141211054345478,0.43060384568756416,0.38684030810575204,66,23,14,13,22,7,70,10,28,29,40,31
-0.0005340935995439085,-0.0013151755089988405,0.9410216319916809,0.00570118262823858,0.009321926887655325,-0.7070799056709383,0.707049224023418,0.005840678273296459,0.00011886941335922817,-0.4102090806713066,0.6123064437398239,-0.22333302380162687,-0.0007243350729874544,0.006538282393398298,0.00013274200375588044,-0.4043190449723985,0.6025989545415313,-0.21951774358295087,-0.0014220522014619901,0.03821256397103197,-0.1168679493539433,0.20208154070893541,-0.23156088109298015,-0.4450692123650128,0.494722013549542,-0.08111464887381305,0.6473477039540207,-0.10203522806239752,-0.18877664321789858,0.231708365971493,-0.5243101620950507,-0.4635479586767734,-0.21935371421807814,0.6507769828457636,0.39367102065257475,0.2805295631998518,0.25029363631793466,0.011235923578856414,0.29493624388409884,0.0,0.20555290634122347,0.4700194103101618,0.13717382094793645,0.0,0.41032657553130897,0.2285846725762686,0.4606333524788479,0.20422113285548918,0.6172264746293441,0.09748409127978933,0.5124598399659758,0.5141211054345478,0.43060384568756416,0.38684030810575204,66,23,14,13,22,7,70,10,28,29,40,31
