-0.000483302381498894,-0.002824276835213957,0.9551009853865209,0.009729478929440595,0.008120835954548891,-0.7066967746877372,0.707403037814449,-0.002164577647544639,-0.002409629721272132,-0.16620579159541515,0.20047660353026786,-0.05824777443066205,1.6661084913608055e-05,-0.001473596619690059,-0.002396704085174737,-0.16797895780037445,0.20405251697728088,-0.06044597276140951,-0.0006894749678295764,-0.10507483693836787,-0.16605350466886096,0.1684103565884275,-0.2923892796950644,-0.36065387585927144,0.08420958742897258,-0.05794422122184736,0.27816038157843803,-0.18179484304890908,-0.12372031344344352,0.3308780529227348,-0.436137794239811,0.012241278344393404,-0.05297902604301046,0.3032014753040848,0.48908590193107715,0.45970433117130377,0.4478155671857389,0.3604937601954417,0.545281925920328,0.34691937467159323,0.4806987745704959,0.5657484770339619,0.5022258750041043,0.4425335812773196,0.5539253025216869,0.3756807775882554,0.5568508408671724,0.6192079905623646,0.6376414512635816,0.604733687096249,0.5480703511997768,0.7867012087636948,0.562728464016066,0.6035619603029226,54,32,37,21,28,35,69,24,43,43,46,43
-0.0005804993612164056,-0.00255422687176944,0.9546140075739243,0.009659710094248328,0.008111188173677737,-0.7070019153849461,0.7070991375113704,-0.0020030924232259093,-0.0003643403261264154,-0.17938050833737776,0.2222019835678678,-0.06611043333058485,-0.00015407217008358892,-0.0013129174037996387,-0.0003479680633701729,-0.1820658561561341,0.2267727795879487,-0.06798659849500324,-0.0008456359048023262,-0.10442829504787442,-0.15313201109182778,0.1809129605005147,-0.3002071795940977,-0.4211435295120629,0.11552206221883399,-0.0632828951149931,0.3493053241000614,-0.16644677184165338,-0.12979865819267317,0.33963570259468845,-0.504332220206658,-0.0012300841096251477,-0.05913995654044422,0.3847592290874485,0.48908590193107715,0.45970433117130377,0.4478155671857389,0.3604937601954417,0.545281925920328,0.34691937467159323,0.4806987745704959,0.5657484770339619,0.5022258750041043,0.4425335812773196,0.5539253025216869,0.3756807775882554,0.5568508408671724,0.6192079905623646,0.6376414512635816,0.604733687096249,0.5480703511997768,0.7867012087636948,0.562728464016066,0.6035619603029226,54,32,37,21,28,35,69,24,43,43,46,43
-0.0006102995778160375,-0.002587709102541599,0.9544395318472711,0.009684653153880911,0.008103208960857426,-0.7070427551345317,0.7070580513010205,-0.002018663166250815,-0.00016957363300647266,-0.1839493861233693,0.2299160840400513,-0.06916602056214208,-0.0001903691856970418,-0.0013284067677779986,-0.00015305770434856491,-0.18686878530025952,0.23481614677842422,-0.07110634861045739,-0.000881391963288593,-0.10479677871880366,-0.14921034924246718,0.18459237875337625,-0.30089046345386666,-0.4368120594564729,0.1261970286261772,-0.06081914274462672,0.3672568072029656,-0.162372110270327,-0.13191223821110074,0.3407749064399785,-0.5229575377386801,-0.005444087097065569,-0.0624914661312098,0.4046145835322693,0.4929962772135854,0.45611933762124485,0.46553031002763096,0.32729609683935285,0.5673996108662261,0.31503803863735846,0.5083732213356011,0.5451317316115476,0.5367325352991889,0.4210180960098833,0.5542278378942277,0.36975339510238736,0.5711651587274038,0.5903710410690298,0.6536278120005161,0.5703346787094274,0.5680946184276628,0.7672149305510896,0.5773222614494193,0.5905823306282763,55,32,37,22,29,36,69,23,43,43,47,44
-0.0006243619787099186,-0.0025674250701369448,0.9542581529560937,0.009648745080729123,0.008070933566763253,-0.7070517940238794,0.7070498725813772,-0.0019998077700232233,-7.785130080153059e-05,-0.18860522260980817,0.2378906482085084,-0.0723273578172152,-0.00021451814560431509,-0.001309416183030743,-6.131774743411786e-05,-0.19173544318261243,0.24312415300125026,-0.07436753504942192,-0.0009054272996766639,-0.10501467304982262,-0.1456189657549678,0.18733516629595157,-0.30219268102904556,-0.45090906673146475,0.13491258813901866,-0.058642516651820346,0.38314176700979713,-0.15825809801126284,-0.13360971036447378,0.34227987821265626,-0.5392279257495601,-0.008632394320632649,-0.06518860625634794,0.4222726043189615,0.4929962772135854,0.45611933762124485,0.46553031002763096,0.32729609683935285,0.5673996108662261,0.31503803863735846,0.5083732213356011,0.5451317316115476,0.5367325352991889,0.4210180960098833,0.5542278378942277,0.36975339510238736,0.5711651587274038,0.5903710410690298,0.6536278120005161,0.5703346787094274,0.5680946184276628,0.7672149305510896,0.5773222614494193,0.5905823306282763,55,32,37,22,29,36,69,23,43,43,47,44
-0.0006451031037809478,-0.002616862313176842,0.9540698448965023,0.009697835031887146,0.008070131338706236,-0.7070664506454264,0.707034553149667,-0.0020485017231311616,-1.736038197809451e-05,-0.193463753312792,0.24602986543218505,-0.07560638414807795,-0.00023752750784712125,-0.0013579764384550209,-7.892853384580908e-07,-0.1968104975999197,0.2516038581170515,-0.0777609562425197,-0.0009284811082420544,-0.10544882457393115,-0.14209715669319747,0.18996424089713543,-0.3028067094713555,-0.4630496967864994,0.14484330243435287,-0.054528032888636835,0.3969190613996565,-0.15437256080104914,-0.13494741590066955,0.3435735968045358,-0.5536678431874656,-0.012206439784211681,-0.0683546849374094,0.43730709163627557,0.49643518670525244,0.4536778314372151,0.48038688423316456,0.3018329124233544,0.5783474503987484,0.28987457961380503,0.526769078918084,0.5283962319264257,0.5607784425493978,0.405041177504202,0.5538894360055585,0.3630372110610805,0.5944166095553975,0.5638014749868996,0.6865984952873833,0.5365014100729936,0.5968247799507143,0.7476954125428803,0.6052684385257676,0.5782243610532514,55,31,38,22,30,37,69,22,43,44,48,45
-0.0006546717165488002,-0.00261544415559738,0.9538734668469507,0.009659265018044955,0.008034256163227461,-0.7070658766434148,0.7070360637292091,-0.0020362540367796656,5.442891717227771e-06,-0.19834891229395665,0.2544403498047173,-0.07897521391683376,-0.00025253877885035136,-0.0013455625400938338,2.1985827433930235e-05,-0.20190052156403998,0.2603552216196087,-0.08125756049629906,-0.000943631805786896,-0.10574795628230584,-0.13905097372582434,0.19191948356550106,-0.30409171588860856,-0.47406596194255707,0.15282923032116313,-0.051098819386576684,0.40907625487302374,-0.1508450256932612,-0.13615350581083363,0.34504592454924427,-0.5663462410400342,-0.01490319842853998,-0.07096241861377034,0.45064583218532317,0.49643518670525244,0.4536778314372151,0.48038688423316456,0.3018329124233544,0.5783474503987484,0.28987457961380503,0.526769078918084,0.5283962319264257,0.5607784425493978,0.405041177504202,0.5538894360055585,0.3630372110610805,0.5944166095553975,0.5638014749868996,0.6865984952873833,0.5365014100729936,0.5968247799507143,0.7476954125428803,0.6052684385257676,0.5782243610532514,55,31,38,22,30,37,69,22,43,44,48,45
-0.0006768568512122388,-0.002675801496760952,0.953670547868442,0.00972014185995912,0.008041196325367527,-0.7070792745916065,0.7070217517494684,-0.002088960833770058,3.712365904522885e-05,-0.20345975331335672,0.26297230759725204,-0.08243590340187024,-0.0002725188923228096,-0.0013981166406290043,5.369628843568965e-05,-0.20722822053360854,0.26923232810218145,-0.08484620825432129,-0.0009637685917436485,-0.10635283513616017,-0.13583091025837477,0.19356175428830585,-0.3048729445916278,-0.4832548387893046,0.16150079865581923,-0.04705044319319735,0.42007938639308506,-0.1474717410755777,-0.136999175953868,0.3457349917738962,-0.5773053358328757,-0.0182099098314687,-0.07353414269874953,0.4627505960902215,0.4991183860840985,0.45297701192936923,0.47714460353502725,0.2882566244906213,0.5777735686874,0.2747448352003955,0.5274703871181203,0.5177755630888361,0.5563789212907256,0.397493448794075,0.552490013558017,0.3563405572541035,0.6019888775948076,0.5425355805291447,0.7130075085316224,0.5072731926679467,0.6234823455337299,0.7304632794191035,0.6287484751258949,0.5684363189886182,56,31,37,22,30,37,69,21,43,45,49,46
-0.0006822216973359795,-0.002685793928686662,0.95345685754394,0.009678972910528053,0.008000518234558569,-0.7070687652594143,0.7070332880323975,-0.0020844310727658375,3.115141448673823e-05,-0.20855336159134094,0.27176916250842204,-0.08597735132720592,-0.00028320464611355,-0.0013934051901741018,4.768857254274806e-05,-0.21252101632266224,0.27837288671668187,-0.08852602947530935,-0.0009746436537858707,-0.10661968094693429,-0.1333145951529724,0.19490716292703275,-0.30615334992680276,-0.4917863847128999,0.168418363476714,-0.04366098739149802,0.42967929629493834,-0.144641459986136,-0.1378818693958176,0.3467912917327998,-0.5870798538849664,-0.02063021242139998,-0.07566539706152131,0.47335591750165446,0.4991183860840985,0.45297701192936923,0.47714460353502725,0.2882566244906213,0.5777735686874,0.2747448352003955,0.5274703871181203,0.5177755630888361,0.5563789212907256,0.397493448794075,0.552490013558017,0.3563405572541035,0.6019888775948076,0.5425355805291447,0.7130075085316224,0.5072731926679467,0.6234823455337299,0.7304632794191035,0.6287484751258949,0.5684363189886182,56,31,37,22,30,37,69,21,43,45,49,46
-0.0006957705227609687,-0.002744024832568707,0.9532369890040991,0.00977773810294906,0.008004224520876823,-0.7070777914655983,0.7070228603401318,-0.002206360388328217,4.298456243715962e-05,-0.21392000019996957,0.28062321028554055,-0.0895740302433013,-0.0002942927301484292,-0.001515190881340303,5.956701570092151e-05,-0.21810521860855922,0.28757867683840643,-0.09225830627207471,-0.0009859009855145346,-0.10714943426599348,-0.1304239788797484,0.1957711741548668,-0.30717448892165505,-0.49863052922963247,0.17549079876699614,-0.040678736824267134,0.43891034922236655,-0.14125797542011104,-0.1373451426420772,0.3475017001952708,-0.5949416491835491,-0.023674107783062594,-0.07644676231827258,0.48390974380030743,0.5009410508752487,0.45378628619693395,0.4717846624955676,0.2861421319218913,0.5809667707269713,0.26966465298673803,0.5306774645252449,0.513637134359616,0.5491976593636398,0.3979067165810085,0.550115475657386,0.3515659821924702,0.5955313513486464,0.5291637142850516,0.7297913451103782,0.4882478908173783,0.6333276780310599,0.7191246083071823,0.6320043170323203,0.5635019939405499,56,31,37,22,30,36,69,20,42,46,49,46
-0.0007020162509172126,-0.002762742914237639,0.953005212274881,0.009725237868960072,0.007961812447651864,-0.7070668490314028,0.707035006411807,-0.002190436249787553,2.9706299427065875e-05,-0.2191829037789992,0.28974950031991886,-0.09325520638116386,-0.0003007103958511532,-0.001499072072549559,4.62532452003282e-05,-0.2235659622751415,0.2970473581602169,-0.09608084418791976,-0.000992526059058669,-0.1073745374178928,-0.12841100103151173,0.19669988418607232,-0.3083709919452969,-0.5052016057223071,0.18112882804207422,-0.03808779552225436,0.44681676401514564,-0.13897178066732643,-0.1376122669448838,0.34836111131715314,-0.6023258955544534,-0.025812409041817804,-0.07735744465039945,0.4929109403054357,0.5009410508752487,0.45378628619693395,0.4717846624955676,0.2861421319218913,0.5809667707269713,0.26966465298673803,0.5306774645252449,0.513637134359616,0.5491976593636398,0.3979067165810085,0.550115475657386,0.3515659821924702,0.5955313513486464,0.5291637142850516,0.7297913451103782,0.4882478908173783,0.6333276780310599,0.7191246083071823,0.6320043170323203,0.5635019939405499,56,31,37,22,30,36,69,20,42,46,49,46
-0.0007270526171717669,-0.0028243748882094046,0.9527655399803324,0.009805050414553146,0.007985797470087833,-0.7070790371030305,0.7070214447345893,-0.0022423853310252675,4.575138681293754e-05,-0.22472392202808295,0.2988994835313243,-0.09698135403886612,-0.00031895587585790947,-0.0015508376897200493,6.234495161140607e-05,-0.2293177553876583,0.3065342664042125,-0.09993882407526246,-0.0010109703629418054,-0.10795902863573173,-0.1259118669678966,0.1971824942290964,-0.30938692388742234,-0.5103176172328038,0.18653515881142016,-0.03637492693106996,0.45468804672795815,-0.13631886491589817,-0.13763369248893803,0.34851859582122297,-0.6079682884682142,-0.028247339620351322,-0.07731692404576887,0.502401922076771,0.5018887821123741,0.4552175783566169,0.46493019601762525,0.29207581504635904,0.5829732710482342,0.2726996234763235,0.5313862950943574,0.5148983267303997,0.5422989487891594,0.40360526022200127,0.5474152418650406,0.3500000029744108,0.5929324164660865,0.5241731023686064,0.7308753342022068,0.4814674262997205,0.6248606494973225,0.7151469244020708,0.6236268762490877,0.5637846936461417,56,31,36,22,30,36,69,20,42,45,49,45
-0.0007299057301328878,-0.002844787316588789,0.9525139228433951,0.009756404497080389,0.007940300288519499,-0.7070636795232261,0.7070379885845555,-0.0022365450811177657,2.5094066089683067e-05,-0.23014606459595435,0.30828738866068456,-0.1007757741576838,-0.00032727490495657784,-0.0015447837662551298,4.1651998608627144e-05,-0.23492463356456017,0.31624697728203915,-0.10387043287295616,-0.0010195127223931821,-0.10810664202263416,-0.12433689012280455,0.1978840974492102,-0.31037942358677756,-0.5154116910244743,0.19084850952261617,-0.034783354979071986,0.461318766444079,-0.1346951464705535,-0.13806451329312214,0.3489374422429365,-0.6135831216996753,-0.029928791055936706,-0.07746019480984943,0.510304888778905,0.5018887821123741,0.4552175783566169,0.46493019601762525,0.29207581504635904,0.5829732710482342,0.2726996234763235,0.5313862950943574,0.5148983267303997,0.5422989487891594,0.40360526022200127,0.5474152418650406,0.3500000029744108,0.5929324164660865,0.5241731023686064,0.7308753342022068,0.4814674262997205,0.6248606494973225,0.7151469244020708,0.6236268762490877,0.5637846936461417,56,31,36,22,30,36,69,20,42,45,49,45
-0.0007547489696080922,-0.0029027376213720513,0.9522529941959028,0.009834990805163913,0.007954087407183523,-0.707074489482767,0.7070259342994892,-0.0023019993919646733,3.566695512244807e-05,-0.23581629240916369,0.31767260094986244,-0.10460105398142142,-0.00034607248481902613,-0.0016100414248153001,5.226442559296766e-05,-0.24079229613196027,0.3259482546187303,-0.10782129846036388,-0.0010385246549059503,-0.10860037500112467,-0.12232348502755386,0.19824681244822814,-0.31124978260689795,-0.5194059943592331,0.19470496508492632,-0.03403237676045858,0.46778950442384587,-0.13277546343777036,-0.13828443516754027,0.3487595048598854,-0.6180008581486434,-0.03169420351131693,-0.07688194031870822,0.5184559370598187,0.5020903501876869,0.4560920057651586,0.449825872324771,0.30154356301331253,0.5767343123843001,0.2801735334857375,0.5258318894696405,0.5192023610256953,0.5284089902832578,0.4110196195973371,0.5451386169354467,0.3511046567645831,0.5791209977765248,0.5251147249533499,0.725625453625378,0.48317592910449775,0.6142991036881441,0.7163129003355119,0.6068865681818766,0.5671917683322524,56,32,36,22,30,35,68,20,41,45,48,44
-0.0007542382670874953,-0.002919785064186026,0.9519820077113353,0.009798173044249138,0.007911972970598985,-0.7070597594851898,0.707041648706392,-0.002312654792638073,1.3922216988176244e-05,-0.24137892775020023,0.32724064157726884,-0.1084708939629045,-0.0003517682110756421,-0.0016204747469880047,3.048977865078128e-05,-0.24652554773427618,0.33581613633447077,-0.11181923396136084,-0.0010444548825145326,-0.10868511772762388,-0.12110467241455221,0.19883444427606814,-0.31198977408056067,-0.5234262066150304,0.19779699329914555,-0.033229983013848954,0.4732066761197636,-0.13162265125942585,-0.13874931217909972,0.34887329102222187,-0.6224693735899942,-0.03287911245589133,-0.07653424461132585,0.5252046990543922,0.5020903501876869,0.4560920057651586,0.449825872324771,0.30154356301331253,0.5767343123843001,0.2801735334857375,0.5258318894696405,0.5192023610256953,0.5284089902832578,0.4110196195973371,0.5451386169354467,0.3511046567645831,0.5791209977765248,0.5251147249533499,0.725625453625378,0.48317592910449775,0.6142991036881441,0.7163129003355119,0.6068865681818766,0.5671917683322524,56,32,36,22,30,35,68,20,41,45,48,44
-0.0007716010894553892,-0.0029631773299799787,0.9517003551878793,0.009885787203211392,0.00790108645440475,-0.7070672614570304,0.7070330486051329,-0.002436061419925842,1.7048850589444602e-05,-0.24713976800187287,0.33677968730594443,-0.11235076503977366,-0.0003630678125662853,-0.0017436919280743215,3.364801420251712e-05,-0.2524700968977167,0.3456512234925657,-0.11581734915305197,-0.0010559659404270206,-0.10902606936046044,-0.1195825328238771,0.19923984996207778,-0.3126342239577678,-0.5266946530404621,0.20035595471219808,-0.032914927015089405,0.4781601706131215,-0.12999249956359324,-0.13840572948520152,0.34888389592477426,-0.6260831743828321,-0.03400448950608546,-0.07543770510708338,0.5317428351148995,0.5018235067983495,0.45541302032625525,0.4473064197363471,0.3103318543024646,0.5762206619854381,0.28758376515739237,0.5262527581654665,0.5236612409322278,0.527577829586873,0.4167713783272232,0.54351378521501,0.35280996561682915,0.574540189168448,0.52727870633302,0.7242482492192143,0.48668185923944135,0.6192959987898964,0.7186924647843884,0.6110864237741206,0.5710147986123446,56,31,36,22,30,35,68,20,41,45,48,45
-0.0007721942595716887,-0.0029769470798728633,0.9514120228209577,0.009856079422569261,0.0078692241748588,-0.7070575828792031,0.7070434976027435,-0.0024439773621211455,2.341378976179377e-06,-0.25279592152829594,0.34644284266059105,-0.1162574189536059,-0.0003652424885410079,-0.0017513764228931496,1.8918419237035886e-05,-0.2582840186994225,0.35558633768689507,-0.11983996442901079,-0.0010583821407719456,-0.10911046435073686,-0.11862171323221626,0.1997752213522357,-0.313110148074703,-0.5299064212132817,0.2024340682800666,-0.03250916848754895,0.4823325324349584,-0.12905034254997585,-0.13859187105818066,0.3489710639057996,-0.6297064916865258,-0.034708797217216245,-0.07474904565642063,0.5371806000963194,0.5018235067983495,0.45541302032625525,0.4473064197363471,0.3103318543024646,0.5762206619854381,0.28758376515739237,0.5262527581654665,0.5236612409322278,0.527577829586873,0.4167713783272232,0.54351378521501,0.35280996561682915,0.574540189168448,0.52727870633302,0.7242482492192143,0.48668185923944135,0.6192959987898964,0.7186924647843884,0.6110864237741206,0.5710147986123446,56,31,36,22,30,35,68,20,41,45,48,45
-0.0007932728856995641,-0.0030105322072488286,0.9511129257152406,0.009924242381093731,0.007852763808373433,-0.7070680208719401,0.7070322887775135,-0.0025432408653681404,1.3561170014023384e-05,-0.25857847812098556,0.35605961696782507,-0.12016453493864167,-0.00037787220081621453,-0.0018504282814478569,3.015822217283945e-05,-0.2642320634693988,0.3654644555595436,-0.12385055848987975,-0.001071238193477979,-0.10949690887405691,-0.11746340262007339,0.20029428333685548,-0.3134203326900419,-0.5325930685004271,0.20404281269357785,-0.032222252887731104,0.48582646030855925,-0.12797371573591404,-0.13850872148281065,0.3485126764628621,-0.6328506932728356,-0.03529973849659605,-0.07400790952568129,0.5421594136098005,0.5013804549677308,0.4529193986107609,0.453276091549991,0.31599685271523403,0.5810713683090434,0.29191643157906694,0.5308975330906289,0.5263169862819399,0.5364400181165546,0.41906200952406447,0.5421961314429244,0.35327855161440463,0.5805477869867376,0.526732051758003,0.7291390981156154,0.4871591369766918,0.6277963980189321,0.7196083175827263,0.6205210104852862,0.5738683072196002,56,31,36,22,30,36,68,20,42,45,49,45
-0.0007934196000347718,-0.003019932429149315,0.9508093212725661,0.00990565052272698,0.007831038984532935,-0.7070567351021229,0.7070440766054624,-0.0025519276188184898,-1.0083558057565072e-06,-0.2642821819938114,0.3657257626997581,-0.12407225485113021,-0.0003807361754882696,-0.001858869670828395,1.5574033591119358e-05,-0.27007026024569114,0.37536436520873206,-0.1278593758112334,-0.0010743544911963698,-0.10956981919425973,-0.11667174278357974,0.20078837813012132,-0.31365830046565646,-0.5351508378115281,0.20536087048529844,-0.031911441398137036,0.4888174217746655,-0.12724450594419695,-0.13872125389752088,0.34833502695171087,-0.6358505835551835,-0.03560268998591651,-0.07349360952280232,0.5463608857533461,0.5013804549677308,0.4529193986107609,0.453276091549991,0.31599685271523403,0.5810713683090434,0.29191643157906694,0.5308975330906289,0.5263169862819399,0.5364400181165546,0.41906200952406447,0.5421961314429244,0.35327855161440463,0.5805477869867376,0.526732051758003,0.7291390981156154,0.4871591369766918,0.6277963980189321,0.7196083175827263,0.6205210104852862,0.5738683072196002,56,31,36,22,30,36,68,20,42,45,49,45
-0.000809149161284091,-0.0030408003741785664,0.9504963101453872,0.009983692351070718,0.007825958467194416,-0.7070612259534892,0.7070385442210756,-0.0026549280912844986,1.5580335056629058e-08,-0.2700993461906374,0.3752963536842287,-0.1279489417604718,-0.0003901021492165629,-0.001961650538712856,1.6633260306772863e-05,-0.2760248735123819,0.3851557028237082,-0.13182611268213093,-0.0010839550828168308,-0.10980692531061914,-0.11578040028935002,0.20130519696878924,-0.31380965677989336,-0.5373487612306527,0.20634643278923603,-0.031582564889559565,0.49107434489268426,-0.12596931745918602,-0.13859570487878237,0.34821853883704956,-0.6378766249782013,-0.03550461907111355,-0.07262064700767464,0.5504233853582439,0.5010381784481222,0.44921989400847856,0.4562258027056165,0.3184743301351475,0.5851073549378177,0.292900570384389,0.5363625254977661,0.5269326424489347,0.5478918214705902,0.41834551695953576,0.5408327849510216,0.3523333511046946,0.5821007809551622,0.5232811256744359,0.7331711228469876,0.48409332651922354,0.6254216681320834,0.7186694438915546,0.6142370921398208,0.5756910156439816,56,30,37,23,31,37,68,20,42,46,49,45
-0.0008094103686974119,-0.0030502277191581896,0.9501813447354569,0.00996993524198522,0.007808386951627333,-0.7070548231911483,0.7070453355242635,-0.002664656575888922,-9.814977444465947e-06,-0.27577635291370095,0.38488004874263654,-0.13181863380152287,-0.0003916600524167759,-0.0019711261640909996,6.799608951731441e-06,-0.28181238756240606,0.3949274191064858,-0.13577827074279436,-0.001085772321920724,-0.10987996491779407,-0.11510818538689364,0.20172501789903116,-0.31391702215180933,-0.5393567513489396,0.20717065699268258,-0.031279801296207624,0.49305919275408516,-0.12531415029212994,-0.13870097088665032,0.34810610758643984,-0.6400455784507567,-0.0353275001533103,-0.072030002352374,0.5537606982974921,0.5010381784481222,0.44921989400847856,0.4562258027056165,0.3184743301351475,0.5851073549378177,0.292900570384389,0.5363625254977661,0.5269326424489347,0.5478918214705902,0.41834551695953576,0.5408327849510216,0.3523333511046946,0.5821007809551622,0.5232811256744359,0.7331711228469876,0.48409332651922354,0.6254216681320834,0.7186694438915546,0.6142370921398208,0.5756910156439816,56,30,37,23,31,37,68,20,42,46,49,45
-0.0008238410230685532,-0.0030755391556513694,0.9498606303112772,0.0100561701483589,0.0078113641333284346,-0.7070582532481007,0.7070406512684179,-0.0027694321792039647,-8.722886747490847e-06,-0.28153875349276153,0.39431135797771616,-0.13564255623578553,-0.00039956285220579796,-0.002075678479781808,7.94106482141021e-06,-0.28768461326853384,0.4045335711222119,-0.13967387783573126,-0.0010939148040640353,-0.11007336973568274,-0.11436338376693023,0.2021582783110498,-0.31397932071616796,-0.541103637451172,0.20787064320768955,-0.030984361280814266,0.49434651976204486,-0.12432440999114132,-0.1383569811047291,0.34782972775982834,-0.6416474773475193,-0.034881604381807645,-0.07106268019282937,0.5570209932765086,0.5010251059320248,0.445268992180739,0.4563498781621408,0.31903440629211244,0.5880907334947142,0.2920655176037723,0.5415428197973179,0.5264931598166361,0.5543302363614422,0.41640424831906625,0.539465755814397,0.3509798657230655,0.578855184131446,0.5196375763279725,0.7325257349961852,0.4797834279176413,0.6213094455215821,0.7166650728719793,0.6066011370360054,0.5765573970846717,56,30,37,23,31,37,68,20,41,45,48,45
-0.0008246956736283007,-0.0030821439471240197,0.9495379484335624,0.010048864279737372,0.0078021487812734375,-0.7070530589274029,0.7070460513025193,-0.0027758907311284265,-1.6160260303511335e-05,-0.2871367573669916,0.4037049938010804,-0.13943633308082412,-0.0004009248344291418,-0.0020818773766564536,5.144805440614815e-07,-0.29336513417671567,0.4140665715447823,-0.14353030382694526,-0.0010955370091603072,-0.11013697425787068,-0.11377964616430902,0.20250276899652278,-0.31402760172537075,-0.5426470745312112,0.2084560829137117,-0.03072613550360401,0.4955309209670493,-0.12382571766714603,-0.13832464334609584,0.34759093214471576,-0.6433551626116384,-0.034423355209132034,-0.07039565878423594,0.5597084010542388,0.5010251059320248,0.445268992180739,0.4563498781621408,0.31903440629211244,0.5880907334947142,0.2920655176037723,0.5415428197973179,0.5264931598166361,0.5543302363614422,0.41640424831906625,0.539465755814397,0.3509798657230655,0.578855184131446,0.5196375763279725,0.7325257349961852,0.4797834279176413,0.6213094455215821,0.7166650728719793,0.6066011370360054,0.5765573970846717,56,30,37,23,31,37,68,20,41,45,48,45
-0.0008424909409126523,-0.003112852309755042,0.9492131690049534,0.010141922771938906,0.00782154826504246,-0.7070565878324528,0.7070409792847615,-0.0028628863273774618,-1.336755420681883e-05,-0.29279426466460096,0.41289525256977433,-0.14316761669366085,-0.00041141295005477877,-0.002168638776391576,3.376328611976504e-06,-0.2991022407676913,0.4233805083396668,-0.1473127721150855,-0.0011062716135344568,-0.11032207642750708,-0.11311849354551841,0.20287487315763522,-0.31412565204294296,-0.5439858306157062,0.20910470881974122,-0.030526204567565614,0.4960936283640717,-0.12314224242941417,-0.13811510378166836,0.34697563667395387,-0.6447574755473359,-0.033764251231637024,-0.06962940657648645,0.5622679326853752,0.5013818686844248,0.4417804455251453,0.45779076963270976,0.3188259267129617,0.5917615274308011,0.2910548323405274,0.5449650264880433,0.5261405945810871,0.5564770437012728,0.41487672743107457,0.5384243003964395,0.3500454338948402,0.5727222542195707,0.5179459246771233,0.7293493055707256,0.47621444776346933,0.6193584990304104,0.7141691560485186,0.6016604240828748,0.5760750927991756,56,29,37,23,31,37,67,20,41,45,48,44
-0.000842699983983489,-0.003116023816270096,0.9488870282515467,0.01014346511196783,0.007819104003984405,-0.7070505061097123,0.7070470659992139,-0.0028721174937744185,-2.1872986495865637e-05,-0.29825873716911594,0.42200213617898513,-0.14684489831037847,-0.00041371274579090977,-0.0021776082652434285,-5.102025376274019e-06,-0.30461881069200974,0.4325765671151744,-0.1510326386198381,-0.001108831429279853,-0.11035168790291626,-0.11261303391551176,0.20317428942013865,-0.31420907985634033,-0.5451439795608968,0.20964138143779015,-0.030351045195999272,0.49666784725826896,-0.12275483991191362,-0.138101397582014,0.34655158728679747,-0.6461831467537016,-0.03313846815181753,-0.06906145003679384,0.5644027893642523,0.5013818686844248,0.4417804455251453,0.45779076963270976,0.3188259267129617,0.5917615274308011,0.2910548323405274,0.5449650264880433,0.5261405945810871,0.5564770437012728,0.41487672743107457,0.5384243003964395,0.3500454338948402,0.5727222542195707,0.5179459246771233,0.7293493055707256,0.47621444776346933,0.6193584990304104,0.7141691560485186,0.6016604240828748,0.5760750927991756,56,29,37,23,31,37,67,20,41,45,48,44
-0.0008632010402003996,-0.003147178430656653,0.948561680746196,0.010246086906418666,0.007847063679553882,-0.7070542077256473,0.7070415748965349,-0.0029576224216065826,-1.8896743108192944e-05,-0.30375502321594056,0.4308611750046013,-0.15044280814143646,-0.0004264686560243193,-0.0022628785177151605,-2.03921041837305e-06,-0.3101661358628174,0.44151113964052563,-0.15466195735024224,-0.0011218324131413442,-0.110513888818866,-0.11199455700956441,0.2035479055541306,-0.3145308400523434,-0.546094142555883,0.21035364250035254,-0.030255748667117482,0.496755941880121,-0.12216224249967884,-0.1380846692717895,0.3458871934014006,-0.647357643330945,-0.03229233681374687,-0.06865392792095165,0.566229211006661,0.501984181809288,0.4391266200376103,0.4577642755346645,0.3185253199292445,0.5900103862323977,0.29078339000861103,0.544138979606367,0.5265215825035049,0.5584919216029451,0.4146846103136613,0.5380669965919712,0.34973256617312776,0.5700430865512967,0.5181667699140244,0.7296120474363209,0.4737789542387127,0.6197264667966083,0.7113630418571009,0.602790856386099,0.5738070636161478,56,29,37,23,31,37,67,20,41,45,48,44
-0.000862362179746543,-0.0031490485933606265,0.948236722337947,0.010254611350801147,0.007847051664073438,-0.7070478822714977,0.7070477769582587,-0.0029744500712802677,-2.7869919434139216e-05,-0.3090221149299078,0.4395978374617257,-0.1539704769175274,-0.0004288496513868907,-0.0022794505730382463,-1.0973322380638496e-05,-0.31545841861865237,0.4502921025681667,-0.1582135368850182,-0.0011244664242805185,-0.11051290232155712,-0.11156679683923458,0.2038387038256193,-0.3147465484849958,-0.546923240888253,0.21095616008927162,-0.03016239225409412,0.496910603158429,-0.12179442423166578,-0.13811011894154382,0.345428614847136,-0.6485265315844879,-0.03155117520562017,-0.06832866836810556,0.5677688502230555,0.501984181809288,0.4391266200376103,0.4577642755346645,0.3185253199292445,0.5900103862323977,0.29078339000861103,0.544138979606367,0.5265215825035049,0.5584919216029451,0.4146846103136613,0.5380669965919712,0.34973256617312776,0.5700430865512967,0.5181667699140244,0.7296120474363209,0.4737789542387127,0.6197264667966083,0.7113630418571009,0.602790856386099,0.5738070636161478,56,29,37,23,31,37,67,20,41,45,48,44
-0.0008632723152116834,-0.003153392386888007,0.9479134359763012,0.010253070974154307,0.007844733280986635,-0.7070458483527071,0.7070498589368006,-0.002975054405383769,-3.46328912507388e-05,-0.31413921589302907,0.4481376609291588,-0.1574307337380092,-0.00042989294770834016,-0.0022797840821736754,-1.7723504357127398e-05,-0.3205821977774856,0.4588417596373063,-0.16168489725073187,-0.0011257727389390126,-0.1104929278395146,-0.11125754359248999,0.2040707110529729,-0.3149125967024612,-0.5476259822560667,0.21145787302888436,-0.030077621701145373,0.4971171049589601,-0.12151791043023719,-0.13815562713832844,0.34509039600022606,-0.6496045358225683,-0.03092420856867229,-0.06806781607784589,0.5691088664107004,0.501984181809288,0.4391266200376103,0.4577642755346645,0.3185253199292445,0.5900103862323977,0.29078339000861103,0.544138979606367,0.5265215825035049,0.5584919216029451,0.4146846103136613,0.5380669965919712,0.34973256617312776,0.5700430865512967,0.5181667699140244,0.7296120474363209,0.4737789542387127,0.6197264667966083,0.7113630418571009,0.602790856386099,0.5738070636161478,56,29,37,23,31,37,67,20,41,45,48,44
-0.0008866901511119918,-0.003186581163973782,0.9475963482660194,0.010364460241430177,0.007856966605715235,-0.7070549765923286,0.7070389707192115,-0.0030923721155049137,-2.239431655957049e-05,-0.3192448786484455,0.45636444986603725,-0.16079030902706068,-0.00044400101141039847,-0.002396888509731423,-5.409141312302617e-06,-0.3257039737630089,0.4670792496447596,-0.1650453803446232,-0.0011401117428270534,-0.11071798299596876,-0.11071466836351988,0.20444359734978085,-0.3155456195710617,-0.5480688166971094,0.21220440829475842,-0.030097524548411577,0.49702517215842285,-0.12125334063436191,-0.13788810681891864,0.3442671513458388,-0.6510000865914469,-0.030375753144918582,-0.06820043091358327,0.5698016850054232,0.5026909877964683,0.43747930847640804,0.45835505203317206,0.31870548154128164,0.5896625944723528,0.2915404963848336,0.5430908221240818,0.5278181090649952,0.5568518880647236,0.416163357975706,0.5385606629708978,0.34997549855171284,0.5732193938037087,0.5191879707860125,0.7350964653580327,0.4720513662585649,0.6260029500394603,0.7086885865778073,0.6134795843378702,0.5700772251914658,56,29,37,23,31,37,67,20,41,45,49,45
-0.000886362487848532,-0.0031860830587426615,0.9472815443901881,0.010378375694963162,0.007863345148706014,-0.7070461793978228,0.7070474929733847,-0.003108829872880453,-3.15764712634959e-05,-0.3241214681615586,0.4644024854380986,-0.16404653056717602,-0.0004464936771773946,-0.002413103377498031,-1.4549524511285862e-05,-0.3305691967895912,0.47510282002677484,-0.16830014394879106,-0.001142836271668976,-0.11069750395271404,-0.11042792677805456,0.2047208371062746,-0.31592925974668784,-0.5485202159324372,0.2128605675646778,-0.030089449533948254,0.4969741763674181,-0.12090719210075973,-0.1377989481167592,0.34379546377512354,-0.6520844156416814,-0.029847292685161172,-0.06828610134295596,0.5705213979039031,0.5026909877964683,0.43747930847640804,0.45835505203317206,0.31870548154128164,0.5896625944723528,0.2915404963848336,0.5430908221240818,0.5278181090649952,0.5568518880647236,0.416163357975706,0.5385606629708978,0.34997549855171284,0.5732193938037087,0.5191879707860125,0.7350964653580327,0.4720513662585649,0.6260029500394603,0.7086885865778073,0.6134795843378702,0.5700772251914658,56,29,37,23,31,37,67,20,41,45,49,45
-0.0009153137220685392,-0.003216601588197986,0.9469759227040848,0.010496491447870081,0.007861277135481948,-0.7070589768359367,0.707032974665823,-0.003251128938393108,-1.4137469858623096e-05,-0.32891562980775485,0.4721160399360414,-0.1671967755173245,-0.0004638877704858686,-0.0025552166243867523,2.972162409092671e-06,-0.3353729962605073,0.48281221732355106,-0.171441225545918,-0.0011604341622121937,-0.11103025005396054,-0.10985276414686698,0.20516611348559843,-0.3169751818875712,-0.5486204883862175,0.2137850754984093,-0.030238961836061704,0.49685157343390585,-0.12078045361553574,-0.13727326947733576,0.3425595134374805,-0.6537831155378583,-0.02972521442106278,-0.06891234301167985,0.5704933485045582,0.5033936922599062,0.43679189309721755,0.45859704193396106,0.3197690153742769,0.5889571498419892,0.29325099759160433,0.5411803323649712,0.5299664959277988,0.5506269618479755,0.41904768909755186,0.5397732653753059,0.3506326324683812,0.5788839297042263,0.520034900532189,0.7429159418326953,0.47053633320137117,0.6353827508654056,0.7068671086105485,0.6293097555600438,0.5660803688445212,57,28,37,23,31,37,68,20,41,46,49,46
-0.0009163957715370022,-0.003214766614445813,0.946673094859567,0.010511314026896318,0.007872753646448809,-0.70704465972699,0.7070469441126205,-0.0032611331222285227,-3.0421542348550126e-05,-0.33348208465234364,0.47960864393102925,-0.170232581213393,-0.0004680557746020954,-0.002564988864308438,-1.3263380337198286e-05,-0.3399171398613228,0.49027819049730914,-0.17447099182557854,-0.0011648122471774563,-0.11096987192084641,-0.10964090009851478,0.2054855949922472,-0.3176001553105203,-0.5488521880076852,0.21461699963804376,-0.030321317538534204,0.4967246304405675,-0.12037700135736507,-0.13708003527807092,0.3419458487656989,-0.6549247873896509,-0.02947294616652412,-0.06936247543714118,0.5707040358468094,0.5033936922599062,0.43679189309721755,0.45859704193396106,0.3197690153742769,0.5889571498419892,0.29325099759160433,0.5411803323649712,0.5299664959277988,0.5506269618479755,0.41904768909755186,0.5397732653753059,0.3506326324683812,0.5788839297042263,0.520034900532189,0.7429159418326953,0.47053633320137117,0.6353827508654056,0.7068671086105485,0.6293097555600438,0.5660803688445212,57,28,37,23,31,37,68,20,41,46,49,46
-0.0009505470402605513,-0.0032373626680908905,0.9463809996524182,0.01063374916260415,0.007872604206880747,-0.7070589171231229,0.7070308573170094,-0.0034006019210409623,-1.3015866435926362e-05,-0.3379602708348074,0.48675484043814554,-0.1731487418876288,-0.0004898370295536122,-0.0027042848158125147,4.231081478865798e-06,-0.3444005710559478,0.49741175944161165,-0.17737367838847726,-0.0011867786942009327,-0.11132392433233401,-0.10911386313158213,0.20598881570284755,-0.3190582050609675,-0.5486768604722985,0.21573982810761047,-0.030605599895661494,0.49667623763827023,-0.11985184149641072,-0.13661848236581867,0.340655906524773,-0.6559687788921197,-0.02970300635366386,-0.07020885116476616,0.5705999014567869,0.5040411745058111,0.4367497957556594,0.4564710389188142,0.32160690816315074,0.58624269161624,0.2956421423000679,0.5391721914342116,0.532706060714838,0.5469978812810112,0.4225335741260363,0.5414179938492153,0.35143414002077455,0.5827149623189389,0.5201486000063102,0.7465225949187715,0.4687725732724758,0.6389799442669362,0.7059764670932558,0.631658462587745,0.5627845414449326,57,28,37,23,31,37,68,20,42,46,49,46
-0.0009520937857383537,-0.0032391786346875487,0.9460937282329754,0.010643324305580994,0.007880915500341581,-0.7070418298342653,0.7070477082087293,-0.0034067806670635987,-3.421718777178622e-05,-0.3421706278282459,0.49367729538698213,-0.17595545872071958,-0.0004961842126374205,-0.002710243027663976,-1.69238297461712e-05,-0.3485831053244208,0.5043018799021544,-0.1801725970624419,-0.0011933220124362247,-0.11121062097135057,-0.10899563165389117,0.2063423461945617,-0.3199317302276708,-0.548728093275204,0.2167630802153374,-0.03078111258467603,0.49656938459676614,-0.11937985792780922,-0.13642961190751934,0.3400260094647691,-0.6567385336476492,-0.029716016862664688,-0.07082555481215397,0.570621177067343,0.5040411745058111,0.4367497957556594,0.4564710389188142,0.32160690816315074,0.58624269161624,0.2956421423000679,0.5391721914342116,0.532706060714838,0.5469978812810112,0.4225335741260363,0.5414179938492153,0.35143414002077455,0.5827149623189389,0.5201486000063102,0.7465225949187715,0.4687725732724758,0.6389799442669362,0.7059764670932558,0.631658462587745,0.5627845414449326,57,28,37,23,31,37,68,20,42,46,49,46
-0.0009869398632718583,-0.0032678485443188815,0.9458194303232031,0.010759412775760672,0.007873388310665813,-0.7070535331239407,0.7070343316205958,-0.003546595949523102,-2.333698135763872e-05,-0.3462708045872319,0.5002426344660346,-0.1786465161370729,-0.0005194630177098674,-0.002849904254456824,-5.964150630094414e-06,-0.35268542881178006,0.5108530861904212,-0.1828504911397668,-0.0012167673684474766,-0.11146075632069828,-0.1085648770714922,0.20688923671216652,-0.3217365425894316,-0.5483697768456031,0.21810870651392086,-0.031123549021951656,0.49657448871937215,-0.11901811348746094,-0.13582745871235413,0.3386017851160079,-0.6577476788406825,-0.03040183459054881,-0.07181332851288409,0.5703593792251166,0.5046782720426666,0.436970824252132,0.4544299287184844,0.32365858633210143,0.5851732062104954,0.2984351839753882,0.5362482413383455,0.5354983780785186,0.5412772155917493,0.42557332681777227,0.5432750416266298,0.35207078377202455,0.5836534782176138,0.5194568823905136,0.7477009888698405,0.4664543047869293,0.6396764179049444,0.7050592005782239,0.6247935066809982,0.5599840210337675,57,28,37,23,31,36,68,20,42,46,49,45
-0.00098979791199408,-0.0032693932877142563,0.94555009902151,0.010766557443693037,0.00788440191397409,-0.7070371077555928,0.7070505255665092,-0.0035437675715376364,-4.564372228547126e-05,-0.35012260890534763,0.5065673804190315,-0.1812194527232061,-0.0005274456595584765,-0.002846864743253963,-2.8227940503591862e-05,-0.3565085151807212,0.5171438881574982,-0.18541528901964835,-0.001224930325133468,-0.11127690023907068,-0.10854819944427073,0.20726918565897495,-0.3228402394282956,-0.5482921319564585,0.2193336136154893,-0.03133651922852412,0.4964872518008995,-0.11860971507104269,-0.1355948164322353,0.3379371987983364,-0.6584281613152021,-0.03074402063027932,-0.07253859285235947,0.5702630204367972,0.5046782720426666,0.436970824252132,0.4544299287184844,0.32365858633210143,0.5851732062104954,0.2984351839753882,0.5362482413383455,0.5354983780785186,0.5412772155917493,0.42557332681777227,0.5432750416266298,0.35207078377202455,0.5836534782176138,0.5194568823905136,0.7477009888698405,0.4664543047869293,0.6396764179049444,0.7050592005782239,0.6247935066809982,0.5599840210337675,57,28,37,23,31,36,68,20,42,46,49,45
-0.001021888104617676,-0.0033045959814046,0.9452951183149694,0.010875794813136929,0.007885058811188278,-0.7070410950151821,0.7070448591811264,-0.0036643342419715353,-4.8412714946982676e-05,-0.3538616781709515,0.5125352563651564,-0.18367630276792715,-0.0005500823097110005,-0.0029672855805780796,-3.091748736361061e-05,-0.3602427548756687,0.5230954815578972,-0.18786186326905002,-0.0012477209176190909,-0.1112683652512144,-0.10827476481084744,0.2078752832850278,-0.32493721211860266,-0.5478601308025008,0.22090524064057093,-0.03158552006921059,0.4964418240165394,-0.11830054005896644,-0.13495079089993223,0.33662029439580965,-0.6593986347731977,-0.031801522905719665,-0.07364518375914544,0.5699300593586097,0.5053705568904701,0.4373820238239019,0.45613576116950616,0.32535070922184867,0.5848619441916947,0.3013783763262575,0.5364804573953234,0.5375885756640607,0.540644149765466,0.42716146299068564,0.5451549183106603,0.3523730049852999,0.5898787535002122,0.518381523951836,0.7524915686007145,0.46370152785745256,0.6460844117069341,0.7031917855450525,0.628450529969287,0.5570109748260429,57,28,37,23,31,36,68,20,42,46,50,45
-0.0010265172157456217,-0.0033051121420979977,0.9450456331821898,0.010881311842566655,0.007900708276701534,-0.7070301018543804,0.7070555925336393,-0.0036493595524753823,-6.634563023210366e-05,-0.3573601008982223,0.5182624507159082,-0.1860113792201624,-0.0005597366002750793,-0.0029521054006433492,-4.880578993072873e-05,-0.3637129908314034,0.5287844888221943,-0.19018690108508984,-0.0012575466740646002,-0.11099807601730513,-0.10835572450348661,0.20827677178854398,-0.32625907140003313,-0.547706124401123,0.2223304296221915,-0.03172637760487124,0.4963120962659145,-0.1179172443517921,-0.1347179373325869,0.33602200203310933,-0.6600324040659465,-0.032440049923701336,-0.07447697575847662,0.569777076718306,0.5053705568904701,0.4373820238239019,0.45613576116950616,0.32535070922184867,0.5848619441916947,0.3013783763262575,0.5364804573953234,0.5375885756640607,0.540644149765466,0.42716146299068564,0.5451549183106603,0.3523730049852999,0.5898787535002122,0.518381523951836,0.7524915686007145,0.46370152785745256,0.6460844117069341,0.7031917855450525,0.628450529969287,0.5570109748260429,57,28,37,23,31,36,68,20,42,46,50,45
-0.0010575337583701772,-0.003346943766122697,0.9448103645508529,0.010972792900973503,0.00792644355133747,-0.7070265055685256,0.7070574868652049,-0.0037084534277732786,-7.94909135180309e-05,-0.3607559774538057,0.5236460431690104,-0.18823488951798115,-0.0005837191600733834,-0.003011031592842223,-6.186465068847402e-05,-0.36708981619072373,0.5341372361407185,-0.192399259749564,-0.0012816907312733082,-0.11070361087521166,-0.10826088884958465,0.2089660329742801,-0.3286094868952455,-0.5472791818289037,0.22412919326277908,-0.03174207013778198,0.4961074101029876,-0.11757852566456148,-0.13466974523029224,0.3347631141440062,-0.6606437403123675,-0.03375528386681809,-0.07598278103825176,0.5694998438893825,0.5060323508362413,0.43825903431973645,0.4588238125636727,0.3264243746911517,0.5843608078035697,0.3040171919822253,0.535735917389715,0.5384105122953488,0.5402589206929659,0.42685745281492704,0.5467165342055897,0.3522879201842652,0.5947894118836236,0.5176152458703942,0.7562305350973844,0.4610865359457745,0.6531262392800781,0.7006212122628377,0.6360995575891997,0.5540045753763125,57,29,37,23,31,36,69,20,42,47,50,46
-0.001061359477276025,-0.0033473872173174764,0.9445816462483512,0.01097887520182645,0.007942631805586476,-0.7070214062860668,0.7070623098090975,-0.003691205066294494,-9.187818177078782e-05,-0.36391017293017164,0.5287983850541859,-0.19033917025960995,-0.0005949731052776724,-0.0029935858610259745,-7.420520595812868e-05,-0.3702115150357091,0.5392386496374006,-0.19448790543220545,-0.0012931162307149343,-0.11031924600539417,-0.1084216224798162,0.20938104617114425,-0.33015503926793227,-0.5470915938617907,0.2257508812612285,-0.03171187076420109,0.4958650679444079,-0.11722954513220799,-0.13467287841294584,0.33420514092114223,-0.6610842475288148,-0.03465233349082712,-0.07706376863701198,0.5693217717457251,0.5060323508362413,0.43825903431973645,0.4588238125636727,0.3264243746911517,0.5843608078035697,0.3040171919822253,0.535735917389715,0.5384105122953488,0.5402589206929659,0.42685745281492704,0.5467165342055897,0.3522879201842652,0.5947894118836236,0.5176152458703942,0.7562305350973844,0.4610865359457745,0.6531262392800781,0.7006212122628377,0.6360995575891997,0.5540045753763125,57,29,37,23,31,36,69,20,42,47,50,46
-0.001082544465984095,-0.0033970403444700753,0.9443681818103731,0.011061045971676065,0.007978646001830325,-0.7070064367576734,0.7070755920361045,-0.003732811796826459,-0.0001226025578889128,-0.3669646490434925,0.5336205375187434,-0.19233933403745668,-0.0006134257469403317,-0.003035033843773818,-0.00010484108475209886,-0.37323106370877146,0.5440170339870011,-0.19647667227052776,-0.00131172453509546,-0.10960936662265183,-0.108491172225097,0.2101201001604978,-0.3328895013487975,-0.5467135756007264,0.227756191023221,-0.031466145355065304,0.4954844057265126,-0.11696300292936637,-0.13466035423819928,0.3333595211952778,-0.6616971804649868,-0.03638458240228696,-0.07865930828672264,0.5688945094117203,0.5063195622179495,0.43967594496638307,0.45619281598275385,0.3266289970926556,0.5815113832667637,0.30543028908445624,0.5324458844832431,0.537788983095421,0.5392977853271851,0.4250374147443011,0.5474964694884284,0.3516772120256998,0.5955383675722393,0.5176306222211042,0.7565342572938165,0.4591563588727014,0.6533482626142243,0.6983893113953262,0.6374623804823271,0.551849948961433,57,29,37,23,31,36,69,20,42,46,50,46
-0.0010873873215021502,-0.003396228449077166,0.944160671615808,0.011066412240891013,0.007999620178968578,-0.7070115639969231,0.7070701443079969,-0.003705565207171902,-0.00012368939735927126,-0.36979230249645034,0.5382210376341978,-0.19422251014494205,-0.0006238408853028171,-0.003007598089598718,-0.00010587837020973688,-0.37602344528293274,0.5485515970150725,-0.1983364824914547,-0.0013223028414458598,-0.10911566543167783,-0.10872582841334098,0.21053788161701176,-0.33471105232061393,-0.5465181640252084,0.22957395514059942,-0.03122843975204918,0.49511793342600946,-0.11664159353949693,-0.13471350520693237,0.3330124919792822,-0.6621131317222683,-0.03765253715661305,-0.07984409622694705,0.5686094366152085,0.5063195622179495,0.43967594496638307,0.45619281598275385,0.3266289970926556,0.5815113832667637,0.30543028908445624,0.5324458844832431,0.537788983095421,0.5392977853271851,0.4250374147443011,0.5474964694884284,0.3516772120256998,0.5955383675722393,0.5176306222211042,0.7565342572938165,0.4591563588727014,0.6533482626142243,0.6983893113953262,0.6374623804823271,0.551849948961433,57,29,37,23,31,36,69,20,42,46,50,46
-0.0011022359486455953,-0.0034468467083164354,0.9439691566759599,0.011135633086266567,0.008059083251586907,-0.7069868534099245,0.7070930900231212,-0.0037012259076526894,-0.0001663029903752387,-0.37254493760245216,0.5425066327187963,-0.1960022908846096,-0.000638671609961149,-0.003003088812820033,-0.0001483947299485525,-0.37872162388827985,0.5527721449018471,-0.20010090729334182,-0.0013372935608052688,-0.10801934693203274,-0.10892311971675186,0.21135355214581167,-0.33795230834765555,-0.5461672478848434,0.23177646714151925,-0.030735954206755855,0.4946795232912959,-0.1162270137861958,-0.13503524420500773,0.3325828699052832,-0.6623415029143075,-0.04003187740394708,-0.0816299872654055,0.5682226763707827,0.5057863815847577,0.4411379898274862,0.45375024514788026,0.32535685278081566,0.5785933323837693,0.3044696773174511,0.5287917758948052,0.5356082814615167,0.5364176429955441,0.4221586948560004,0.5471497423792273,0.3503200439993491,0.593917340669572,0.5182017986721119,0.7555240432694696,0.4578850261389637,0.6524288755241513,0.6970750435619893,0.6336744225935537,0.5510539479228297,57,29,37,22,31,36,69,20,42,46,50,45
-0.0011075948645793193,-0.0034468481167908,0.9437826338179368,0.011137343459903198,0.008082116470686485,-0.7070008111382252,0.7070788442768613,-0.003662828825131902,-0.00015680842181405212,-0.3750599181419892,0.5465958995816972,-0.19767717900197632,-0.0006493950253884693,-0.0029645072867127867,-0.00013884859276707795,-0.3811935621833273,0.5567737040324306,-0.20174219726647216,-0.0013481794571478499,-0.10739440618367847,-0.10922976344644134,0.21178334272714888,-0.3401178208763466,-0.5459761462525224,0.23379585343224793,-0.030297065104518343,0.4942735037271962,-0.11591368185601379,-0.13525964755458142,0.33246228870767597,-0.6625586871868625,-0.041866034499780894,-0.08296801964208243,0.5678939155574374,0.5057863815847577,0.4411379898274862,0.45375024514788026,0.32535685278081566,0.5785933323837693,0.3044696773174511,0.5287917758948052,0.5356082814615167,0.5364176429955441,0.4221586948560004,0.5471497423792273,0.3503200439993491,0.593917340669572,0.5182017986721119,0.7555240432694696,0.4578850261389637,0.6524288755241513,0.6970750435619893,0.6336744225935537,0.5510539479228297,57,29,37,22,31,36,69,20,42,46,50,45
-0.0011143510176209433,-0.0034969156762685778,0.943613944367432,0.011195585185111365,0.008161108362563271,-0.7069601423258027,0.7071176792764682,-0.003622948394833932,-0.00022277154884173513,-0.3775319499171395,0.5503802432672017,-0.19924829894568355,-0.000659749311034912,-0.0029244539019400535,-0.00020470795488942777,-0.3835852323308964,0.5604686017970817,-0.20329506740534298,-0.0013586970904248615,-0.10573963435050009,-0.1095180896461852,0.21270050149785788,-0.344063678366443,-0.5456825485604396,0.23619985693678508,-0.02956084474627756,0.4939418625070858,-0.11532325790064382,-0.13580860784914078,0.332586424083052,-0.6623819761506763,-0.045323185562548045,-0.08506547033629314,0.5675570536956388,0.504314650146306,0.4421468250417239,0.4500448238794337,0.32225742728195406,0.5751330077021803,0.30078428370217114,0.5256775150973017,0.5317911853008813,0.5338237695678151,0.4181126202241496,0.5456444657125522,0.34825050238550426,0.5937342207244528,0.5184240838056459,0.7559863111751528,0.4565855412443913,0.6513917485227386,0.6961734675569329,0.6343120262758921,0.5509731042718774,57,29,36,22,30,36,68,19,42,46,50,46
-0.001121045297650566,-0.0034984545887626686,0.9434477477789425,0.011191050513628462,0.008186664138903546,-0.7069862135844646,0.7070913892278565,-0.0035684370801433852,-0.0002009979599451401,-0.379752258808522,0.5539981352754639,-0.2007310802089146,-0.0006708854173830687,-0.0028697609408842133,-0.00018288265094007174,-0.38575322188905437,0.5639713498007296,-0.20473182449097552,-0.0013699940299688846,-0.10492689962858548,-0.10989968650118222,0.2131544677210392,-0.3466889406790768,-0.5455489108687026,0.23844396931602732,-0.028913537359117118,0.49361947824026037,-0.11501282219170057,-0.13618083054335697,0.33278874641742867,-0.6623906715041447,-0.0480569171553067,-0.08667440161077694,0.5671856460731867,0.504314650146306,0.4421468250417239,0.4500448238794337,0.32225742728195406,0.5751330077021803,0.30078428370217114,0.5256775150973017,0.5317911853008813,0.5338237695678151,0.4181126202241496,0.5456444657125522,0.34825050238550426,0.5937342207244528,0.5184240838056459,0.7559863111751528,0.4565855412443913,0.6513917485227386,0.6961734675569329,0.6343120262758921,0.5509731042718774,57,29,36,22,30,36,68,19,42,46,50,46
-0.0011248185076091638,-0.0035467312436679773,0.9433019653041393,0.011220787260226385,0.008295159219241165,-0.7069194333505979,0.7071564176460947,-0.003447233083129602,-0.000306556588007414,-0.3819637541737846,0.5573284470860984,-0.20210994793106554,-0.0006810682995827264,-0.0027483522780856707,-0.00028833551741461156,-0.3878428372441012,0.5671739323306201,-0.20608982097982373,-0.0013803623775987006,-0.10239819407635062,-0.11026658186768785,0.21419366062337375,-0.35151855576384766,-0.5455232077639236,0.2411526549797704,-0.027867383017910297,0.4934334298942156,-0.11434976824096182,-0.13748025506715936,0.33364462330947925,-0.661908884113925,-0.052922075504946126,-0.0896703457321351,0.5667910883837931,0.5023601780900453,0.4429740762005842,0.4451360679049072,0.3181420456255065,0.5696239108248452,0.2956265303299088,0.5216560321546114,0.526755858049,0.5316212164116758,0.41244948058703346,0.5432342183754256,0.3460207046397413,0.5928016913051123,0.5173612393777052,0.7571495382150221,0.45397328949963894,0.6483854537927634,0.6942457863046902,0.6352315006324278,0.5497603360611902,56,29,36,22,30,36,68,19,42,46,49,46
-0.001131835397679519,-0.0035493275048157653,0.9431549111327092,0.01121267941224157,0.008322253902363883,-0.7069643919246733,0.7071112815257299,-0.003380381337598142,-0.00026748436491813766,-0.38391598373306696,0.5605182922282063,-0.20341875002251403,-0.0006948388883889443,-0.002681321758638389,-0.00024921297756554366,-0.3897295031805714,0.5702078693912785,-0.20733443658387174,-0.0013942990185581005,-0.10129430018852649,-0.11070194733449604,0.2146849524719829,-0.35474546203167995,-0.5456058946084821,0.24371399682061803,-0.02695091476240378,0.49324656463655914,-0.11404179579841607,-0.13822100487430203,0.33430150406303666,-0.6617766319275981,-0.05687953002677068,-0.09195517128482456,0.5663055309618882,0.5023601780900453,0.4429740762005842,0.4451360679049072,0.3181420456255065,0.5696239108248452,0.2956265303299088,0.5216560321546114,0.526755858049,0.5316212164116758,0.41244948058703346,0.5432342183754256,0.3460207046397413,0.5928016913051123,0.5173612393777052,0.7571495382150221,0.45397328949963894,0.6483854537927634,0.6942457863046902,0.6352315006324278,0.5497603360611902,56,29,36,22,30,36,68,19,42,46,49,46
-0.0011315355000278185,-0.0035965373989071524,0.943032773815499,0.011187911795162124,0.008458712951551014,-0.7068535652544427,0.7072208411040716,-0.0031438075376443966,-0.0004417498435078134,-0.3858618383859565,0.5634559614656006,-0.20462939119187723,-0.0007054836559392268,-0.00244450108830949,-0.0004233883057011824,-0.39148865038786385,0.572962001152397,-0.20852305194846305,-0.0014051628810326912,-0.09731726624923269,-0.11115714329708933,0.21577736303319486,-0.3606612568646186,-0.5463387093690087,0.24701527694703057,-0.02555612906525747,0.49306362658501834,-0.11370595975201736,-0.1406183263684439,0.3365534402934071,-0.6618172787221895,-0.06336180867436426,-0.09640198227299579,0.5652755398110941,0.5005497829635366,0.4443985615761844,0.44697899596867297,0.31473223077247026,0.5693030320418662,0.2910022455701648,0.5227758179493985,0.5210602640144432,0.5337246872261794,0.40375108248100533,0.5403650367114872,0.3446410393193323,0.5905091838793252,0.5149186249096003,0.7551652908417222,0.4480022126959472,0.6449520246349477,0.6889671601550811,0.6321286019283547,0.5445251511566632,56,30,36,21,30,35,68,19,42,46,49,45
-0.0011381023329030974,-0.0035962952624112037,0.9429034479619599,0.011184480784718002,0.008489691457730295,-0.7069326052269869,0.7071415163851674,-0.0030719208186995466,-0.00037019257023666906,-0.3875839641690845,0.5662554195826442,-0.20578243530154733,-0.0007225182525691184,-0.002372444331889609,-0.00035178285719136495,-0.393130553140324,0.5755464680443467,-0.20958373920734466,-0.0014223668780715018,-0.09581080396488888,-0.11158945149345871,0.21631507051401608,-0.36465369970892186,-0.5469472520121608,0.2501259514669658,-0.024309067210380127,0.4929600291900404,-0.11338323117026175,-0.14191604118252035,0.3380288426329914,-0.661978923357004,-0.06882143207776027,-0.09980462126822012,0.5643851796680183,0.5005497829635366,0.4443985615761844,0.44697899596867297,0.31473223077247026,0.5693030320418662,0.2910022455701648,0.5227758179493985,0.5210602640144432,0.5337246872261794,0.40375108248100533,0.5403650367114872,0.3446410393193323,0.5905091838793252,0.5149186249096003,0.7551652908417222,0.4480022126959472,0.6449520246349477,0.6889671601550811,0.6321286019283547,0.5445251511566632,56,30,36,21,30,35,68,19,42,46,49,45
-0.001121617406361248,-0.0036362267620488205,0.9428061936769522,0.011098839325241285,0.008641460054459944,-0.7067580829136868,0.707315455203638,-0.002743213590729424,-0.0006428374295424259,-0.3892743389884238,0.5688452622157826,-0.20683640777217335,-0.0007249933894158238,-0.0020434890845438198,-0.0006243677247370044,-0.39455164374340274,0.577889719272557,-0.2106173457671759,-0.0014250723161287873,-0.08971720822932822,-0.11221145045148015,0.2172994317495883,-0.37177226159697097,-0.5492343687893997,0.25460850235403437,-0.02273380829540879,0.4925681282061228,-0.11325382006250344,-0.14481393986448088,0.34261743272745204,-0.6631278818322576,-0.07738138235697475,-0.10559209221305274,0.5622129634890569,0.49902338781291233,0.4466067870523927,0.4427500108312132,0.3132996557957871,0.5636948528228953,0.28750773861517553,0.5197470608319501,0.5140718173364714,0.5304458418802128,0.3866125688183055,0.538036540596524,0.3456914657296451,0.5819443296410134,0.5123233028585923,0.7404757097390194,0.43626775326955114,0.634598923498335,0.6771607058970401,0.6248548550042058,0.532125546752332,56,30,35,21,29,35,67,19,41,45,48,45
-0.0011302477743624683,-0.003631320297195093,0.9426936843129966,0.01110108593995623,0.008680760325384677,-0.7068903185290196,0.7071827824976142,-0.00265953154689954,-0.0005156678177322591,-0.390791878813601,0.5712897703475867,-0.20784911090936417,-0.0007432499206944434,-0.0019596464302215635,-0.0004971527162865039,-0.3959780557778913,0.5800456603779635,-0.21149915205401318,-0.0014434882107936693,-0.08771328959829865,-0.11255638813912584,0.2179278312001781,-0.3766640443189912,-0.5508421595834856,0.25871589120715033,-0.021230799723437367,0.4924871062398458,-0.11276665277125524,-0.14651037494890143,0.3453709680128422,-0.6639238506477941,-0.08474538784873106,-0.1101990028673018,0.5606175675025122,0.49902338781291233,0.4466067870523927,0.4427500108312132,0.3132996557957871,0.5636948528228953,0.28750773861517553,0.5197470608319501,0.5140718173364714,0.5304458418802128,0.3866125688183055,0.538036540596524,0.3456914657296451,0.5819443296410134,0.5123233028585923,0.7404757097390194,0.43626775326955114,0.634598923498335,0.6771607058970401,0.6248548550042058,0.532125546752332,56,30,35,21,29,35,67,19,41,45,48,45
-0.0011294637149830947,-0.0036289338966147785,0.9425887037060594,0.011109132048898376,0.008697399006446655,-0.7069565312405959,0.7071162601523933,-0.002644905133926684,-0.00035281042574348144,-0.3921928347724596,0.5735663973538957,-0.20879879299786222,-0.0007532470661051344,-0.001944896241192662,-0.00033425689323376745,-0.3972840081957407,0.582076770003517,-0.21230615574455428,-0.001453608468217758,-0.0867979407302156,-0.11270669522638667,0.2184118904241726,-0.37997080454904,-0.5520255767184706,0.2623445456641376,-0.019828672317715967,0.4926172959338852,-0.11230540338293636,-0.14757202109079423,0.34746225548660614,-0.6645221631325411,-0.0908215551255153,-0.11379472039271595,0.5593318943644776,0.49902338781291233,0.4466067870523927,0.4427500108312132,0.3132996557957871,0.5636948528228953,0.28750773861517553,0.5197470608319501,0.5140718173364714,0.5304458418802128,0.3866125688183055,0.538036540596524,0.3456914657296451,0.5819443296410134,0.5123233028585923,0.7404757097390194,0.43626775326955114,0.634598923498335,0.6771607058970401,0.6248548550042058,0.532125546752332,56,30,35,21,29,35,67,19,41,45,48,45
-0.0010799882020277138,-0.003673558177328257,0.9425282628301939,0.010937108356435769,0.008832019887010784,-0.7066582973272288,0.7074153135917376,-0.0022573357198247585,-0.0008070091455574731,-0.39346870659191896,0.5757027807928052,-0.2096600938470147,-0.0007288202254211555,-0.0015571452333523299,-0.0007884655921928264,-0.39818223531279434,0.5839313228962135,-0.21317334287009004,-0.001429383499689257,-0.07814787490392026,-0.11361566141956415,0.2190293673908473,-0.38729238634238017,-0.556753457914062,0.2684418065347101,-0.01880393795928646,0.4920040794607325,-0.11296220502497223,-0.1494425577571995,0.35523723268753477,-0.6682990750175364,-0.10071492307449074,-0.1193325551179007,0.5554166839771246,0.49730301676922156,0.44867952261876864,0.43585913678507415,0.3135463668122027,0.5470492114143124,0.2829136044182597,0.5091250568174828,0.5034814212347577,0.5241687303188302,0.34892546484048176,0.5384106693749815,0.3517508823734265,0.5783280423374662,0.5123036766311535,0.7286494983538461,0.4183868201762842,0.6239650861515391,0.6562431180714596,0.6266106736850046,0.5112574826442768,55,30,35,20,28,34,67,20,41,44,47,44
-0.001098181673604971,-0.0036569004775502613,0.9424383343004145,0.010944985575128073,0.00889201959496959,-0.7068554087203249,0.7072174845414279,-0.0021365307666108935,-0.0006333883637827484,-0.3947196248057689,0.577656207858243,-0.21048355093549104,-0.0007456187686271979,-0.001436196449282998,-0.0006148165953426969,-0.3993395237335908,0.5855280754794336,-0.2138346563225339,-0.0014462951168314594,-0.0757869378822808,-0.11376703504107433,0.21983202095264032,-0.3925170456250427,-0.5598635269408746,0.27376767107615896,-0.01758166791056829,0.49205769965043505,-0.11234508314245241,-0.15105068316071524,0.35957174387918345,-0.6704877517826836,-0.10937538475974559,-0.12421459214329157,0.55294037529825,0.49730301676922156,0.44867952261876864,0.43585913678507415,0.3135463668122027,0.5470492114143124,0.2829136044182597,0.5091250568174828,0.5034814212347577,0.5241687303188302,0.34892546484048176,0.5384106693749815,0.3517508823734265,0.5783280423374662,0.5123036766311535,0.7286494983538461,0.4183868201762842,0.6239650861515391,0.6562431180714596,0.6266106736850046,0.5112574826442768,55,30,35,20,28,34,67,20,41,44,47,44
-0.001047277068499789,-0.003673873382961794,0.9423369968286974,0.010661560459316651,0.009127724472195403,-0.7067763676674736,0.7072978028251633,-0.001401328724120869,-0.0009330634903695566,-0.39678687927448225,0.5812162360041269,-0.21197787607012908,-0.0007354357851923564,-0.0007007165713894085,-0.0009145688206084085,-0.40079748923026837,0.5882033159660908,-0.21510105728777718,-0.001436388580888451,-0.059787761696116,-0.11562053037012654,0.22152976138913963,-0.4077904959569634,-0.5746335343770904,0.29159623611077784,-0.0176728400359242,0.4914444562974001,-0.1141054863182078,-0.155356719310034,0.37817652682405806,-0.6844456420173548,-0.13304893959984984,-0.1360120091049805,0.5421555532175155,0.49462137073340984,0.44922115064554,0.44370098838074734,0.3135739517410305,0.5275532378977125,0.27263046480471326,0.4916043596818274,0.4866969039775936,0.5081379509524323,0.27671585297796525,0.5441033923429188,0.3659888071722982,0.5824820132236753,0.5196956521588327,0.7175118891717543,0.39957402961543864,0.6072311834426828,0.6274546101915139,0.6208726768762705,0.484251409716223,55,30,36,18,27,31,68,22,41,43,46,43
-0.0010534745286999209,-0.003652684499782091,0.9422664583724971,0.010697388940367043,0.009173038782434589,-0.7069125830968329,0.7071605341707903,-0.001376257720676587,-0.0005771029981461982,-0.3978432674882385,0.5827511111995028,-0.21261673919484986,-0.0007555816158657661,-0.0006754898395213623,-0.0005585176907476523,-0.4017283368544469,0.5893465142093751,-0.21548434386178728,-0.0014566352478975,-0.058661860385967185,-0.11513287381075518,0.22313842951460025,-0.41222272993648834,-0.5787648231051332,0.29852999961721055,-0.01686100326898405,0.49237305741959725,-0.11276873465628807,-0.15731242776301133,0.38255791377644327,-0.6877955334273977,-0.14248929145722247,-0.1408909257119334,0.5395403923907847,0.49462137073340984,0.44922115064554,0.44370098838074734,0.3135739517410305,0.5275532378977125,0.27263046480471326,0.4916043596818274,0.4866969039775936,0.5081379509524323,0.27671585297796525,0.5441033923429188,0.3659888071722982,0.5824820132236753,0.5196956521588327,0.7175118891717543,0.39957402961543864,0.6072311834426828,0.6274546101915139,0.6208726768762705,0.484251409716223,55,30,36,18,27,31,68,22,41,43,46,43
-0.0009719853496094416,-0.0036771256757493105,0.9422315137511286,0.010251936212154021,0.009390647490780562,-0.7067206345489705,0.7073561042687805,-0.00046446371372596144,-0.0011181928912802393,-0.3991918303369066,0.5856208956145228,-0.21386502813300098,-0.0007167756009786177,0.0002363189348855701,-0.001099864212847338,-0.4022723912897129,0.5911601291241222,-0.21650012245595432,-0.0014179446833671807,-0.037929414929830554,-0.11830406391685469,0.22507594607901177,-0.42642715525651687,-0.6015508289085028,0.3235163969492811,-0.02177524436713138,0.49313996750359557,-0.11764876864529367,-0.16150512524959265,0.4051389187486473,-0.7132595273451912,-0.16836544498208436,-0.15081808516567166,0.5243021457861423,0.4901531707686717,0.4473213248481592,0.4698261238221496,0.31074447631757485,0.5165708233927083,0.2513672494273602,0.47736128616166235,0.4630239561352433,0.5017774999192669,0.17027888586056075,0.5556930418012769,0.3904890061735088,0.5921114659458261,0.5412462709041116,0.7018970392193994,0.3910196735325776,0.5987677153806195,0.5979646544851918,0.6217195106293382,0.4561590351350815,54,30,37,17,25,28,70,26,43,41,44,42
-0.0009827891437205983,-0.0036349873174328427,0.9421767850349972,0.010316922491704681,0.009461487814991012,-0.7068947104823636,0.7071802525881797,-0.0004379522460204499,-0.0006719731695343219,-0.4001290434501451,0.5867680870538458,-0.21432689683749903,-0.0007423168984168446,0.0002630141090167069,-0.000653510891406006,-0.4030667820915612,0.5918362737403159,-0.2166494233195841,-0.001443543300440315,-0.03675315603872268,-0.11748742021709453,0.22776108272404572,-0.43098258838428277,-0.6078539687979861,0.33281743171676076,-0.022287238369502613,0.4951889026234235,-0.11562889978976462,-0.16433197439732117,0.41025730805641614,-0.7192802315870734,-0.17885904171757513,-0.15560974777974956,0.5211884439094563,0.4901531707686717,0.4473213248481592,0.4698261238221496,0.31074447631757485,0.5165708233927083,0.2513672494273602,0.47736128616166235,0.4630239561352433,0.5017774999192669,0.17027888586056075,0.5556930418012769,0.3904890061735088,0.5921114659458261,0.5412462709041116,0.7018970392193994,0.3910196735325776,0.5987677153806195,0.5979646544851918,0.6217195106293382,0.4561590351350815,54,30,37,17,25,28,70,26,43,41,44,42
-0.0008909720307659575,-0.0035721386932088504,0.9421675889985404,0.009794348600696674,0.009772168784157688,-0.706863533909156,0.7072146208063014,0.0007287583291454505,-0.0008316494986700322,-0.4016950887520955,0.5898427571904554,-0.21563577790311642,-0.0007242994383040404,0.0014295933772006128,-0.0008134440414938909,-0.4034692339482105,0.5930508093499804,-0.21730897137422198,-0.001425369228533386,-0.008613696881478877,-0.12183473802847462,0.23430867316713597,-0.44814525618915513,-0.6502783570561822,0.3794914373247691,-0.03685065206843156,0.502945695568836,-0.12007829719234892,-0.1749944814772911,0.44245427505743173,-0.7654652321015406,-0.21820156010260217,-0.16758524763876756,0.4982600787349822,0.4830114929090211,0.4432483197859501,0.5001780452861543,0.3030116816202126,0.5279459195261187,0.21508348616124873,0.4749801334631665,0.43467577737228325,0.5012720874744744,0.09155131572653265,0.5699804292311502,0.4247273046428067,0.5943364640361459,0.5816872688221334,0.6888250641740299,0.40369898440283336,0.6015614988208717,0.5778665074700688,0.6335926888246828,0.4322009179462478,53,29,39,16,24,26,72,31,44,41,44,42
-0.0008954549329320492,-0.0035518824425382037,0.9421263484776322,0.009837660120381762,0.009801301962023577,-0.7069542516574298,0.707122932018675,0.0007061639777744255,-0.00045226171362480034,-0.40233701648320813,0.5906676450814725,-0.21592691077587345,-0.0007388844489358476,0.0014070666208957972,-0.0004339306912774013,-0.40391927180311177,0.5934209478627368,-0.21728919904888708,-0.0014400142214424658,-0.008125700716188866,-0.12047902199663545,0.23830265528685746,-0.45149080134350766,-0.6575425274325988,0.38971500999347186,-0.03818037397912432,0.5069727019668161,-0.11730497332876072,-0.17856835390468132,0.44655359999607225,-0.7721684557243367,-0.2279088992909273,-0.17151762110002391,0.49609317046584817,0.4830114929090211,0.4432483197859501,0.5001780452861543,0.3030116816202126,0.5279459195261187,0.21508348616124873,0.4749801334631665,0.43467577737228325,0.5012720874744744,0.09155131572653265,0.5699804292311502,0.4247273046428067,0.5943364640361459,0.5816872688221334,0.6888250641740299,0.40369898440283336,0.6015614988208717,0.5778665074700688,0.6335926888246828,0.4322009179462478,53,29,39,16,24,26,72,31,44,41,44,42
-0.0007917559937051594,-0.00345512510131378,0.9422099453450712,0.009126783001405741,0.01005842444545292,-0.7068418099329937,0.7072412499708775,0.002065896342941066,-0.0009466000653479017,-0.402906362851233,0.5927212275851726,-0.21686653049411844,-0.0007017248701344193,0.002766158281496863,-0.0009288322646741309,-0.40317940552197096,0.5934994156117532,-0.21763893379689822,-0.0014022197095197558,0.02630863435985513,-0.12806884703199392,0.24605914877223112,-0.46331257611686033,-0.7124347131567789,0.4447573216338382,-0.06090243448745166,0.5223989047890357,-0.12461512318756002,-0.1893611395894709,0.4814288280090349,-0.8330268045419551,-0.26642921152842325,-0.17636370161572715,0.4708609617611265,0.47228934190207433,0.43909623385533314,0.5177295125765222,0.29089228982728915,0.5460536756089748,0.16414784090427753,0.4717498780835754,0.4059921463270899,0.48821252172008667,0.0894869053806887,0.5815652092208952,0.4652879012478215,0.5795881700574061,0.6375236851723032,0.6850723793894393,0.43999943301659394,0.6033262884940258,0.573241088246311,0.6490718394276952,0.41686453527604844,51,29,40,17,23,25,73,37,45,42,44,43
-0.0007999712587744044,-0.003423814976222181,0.9421788733290464,0.009183059546839404,0.010101359209137257,-0.7069484873885475,0.7071332760792205,0.0020494634136914757,-0.0004990641236407132,-0.4034181773636319,0.5932272365024456,-0.21700042070935677,-0.0007252861806493133,0.002749792805167347,-0.00048113000802377644,-0.40349214082257534,0.5935143398198601,-0.21742671428966193,-0.0014258105233558994,0.026755278122886035,-0.12647397741162503,0.25134329848957765,-0.466138918980703,-0.7218281066643499,0.45667684599136155,-0.06332132733665362,0.5287681069620757,-0.12127389240909156,-0.19406494939167948,0.4854731315169143,-0.8419347742936748,-0.27615967999820995,-0.17959328279106063,0.46901199431746304,0.47228934190207433,0.43909623385533314,0.5177295125765222,0.29089228982728915,0.5460536756089748,0.16414784090427753,0.4717498780835754,0.4059921463270899,0.48821252172008667,0.0894869053806887,0.5815652092208952,0.4652879012478215,0.5795881700574061,0.6375236851723032,0.6850723793894393,0.43999943301659394,0.6033262884940258,0.573241088246311,0.6490718394276952,0.41686453527604844,51,29,40,17,23,25,73,37,45,42,44,43
-0.0007232164337951437,-0.003217882249881417,0.9423232063293155,0.008393158692982763,0.010380084636234063,-0.7069387173156976,0.7071488235796866,0.003589292990032214,-0.0005684400144553895,-0.40361360898423315,0.5946159681138824,-0.2175659830213634,-0.0007422773282513883,0.004288394443295822,-0.0005510997069583267,-0.4020691610415023,0.5922632002172208,-0.21700062627689382,-0.001441551940391457,0.06777125526715358,-0.13632453197077113,0.26833456578521153,-0.47409109202237587,-0.8020030560851211,0.5304287967067238,-0.09293501441674519,0.5620422117466776,-0.1285157856422714,-0.2127705571539532,0.5262667584588361,-0.9333031119644322,-0.32641587983656106,-0.18160290156132639,0.44056256993515885,0.4575129830289623,0.4392831411649292,0.5143238690603982,0.28100939784445633,0.56603998192563,0.10934697203254715,0.47050552814007346,0.3832385681215202,0.46287013154161877,0.0916383291163908,0.5862794831568721,0.5075022496789784,0.5696246613164236,0.6970096548015634,0.7160288130931648,0.4931746324098467,0.6471202122581152,0.583507027640079,0.6877400802445276,0.415130245231573,49,29,40,17,23,24,74,44,46,45,47,45
-0.000729470939480046,-0.0032102358791273895,0.9422979351751771,0.008413804541628309,0.010394605692473856,-0.7069927572715022,0.7070943368683357,0.003581807019493897,-0.00027032506328702457,-0.40387598600816976,0.5949253064861918,-0.2176179574761895,-0.000761952584652115,0.004280925799751232,-0.00025286403689262193,-0.4021072516979011,0.592114215326131,-0.2167576023062999,-0.001461245183461311,0.06791177328356034,-0.13441969254604877,0.2740185681546879,-0.47559903383038643,-0.8119156466271065,0.541420798974917,-0.0942673685937781,0.5702566107774677,-0.12501966101281656,-0.21801381417400426,0.5292195879656842,-0.9427074326837737,-0.33498113272737073,-0.18440221772534415,0.44027447690238763,0.4575129830289623,0.4392831411649292,0.5143238690603982,0.28100939784445633,0.56603998192563,0.10934697203254715,0.47050552814007346,0.3832385681215202,0.46287013154161877,0.0916383291163908,0.5862794831568721,0.5075022496789784,0.5696246613164236,0.6970096548015634,0.7160288130931648,0.4931746324098467,0.6471202122581152,0.583507027640079,0.6877400802445276,0.415130245231573,49,29,40,17,23,24,74,44,46,45,47,45
-0.0006936872616733448,-0.0029607949163323335,0.9425090673611433,0.00749204670989925,0.01059308350751534,-0.7069347552644276,0.7071597468868845,0.005252713973266801,-0.0005988055064339473,-0.4031586957843156,0.5953502832687936,-0.21786076233625185,-0.0008149092456055966,0.005949879379529493,-0.0005822611591584135,-0.39980443915363434,0.5900309228026914,-0.21614917439198908,-0.0015122997275339822,0.11348614238624574,-0.1494794383156082,0.2937811980597878,-0.47430237666272795,-0.902913000742871,0.605633376450418,-0.1161986291617766,0.6078322820777154,-0.1371359477362872,-0.23770643645775508,0.5680088838679176,-1.0478886770254898,-0.38581917448605196,-0.17905677315090424,0.4158932467996581,0.43962990318071543,0.4498784416418411,0.5041436078796105,0.29116870634757375,0.5896910433391603,0.07793621167123511,0.4891754722282895,0.3783149855749979,0.4521227954335656,0.09413223881121176,0.5827406535655283,0.5493484034511347,0.5579898601903164,0.7504633302036182,0.7246345953024358,0.5565429560604744,0.6658161966587709,0.6077761712282643,0.7169558796319466,0.4342019030270743,46,31,39,18,24,23,73,50,46,47,48,47
-0.0006969546618973612,-0.0029482053045055395,0.9424868877298734,0.007518646384810984,0.01062532758200041,-0.706993235172288,0.7071005146306545,0.005262703645317547,-0.0002742521805081338,-0.403369982228481,0.595486678970341,-0.21780944148509707,-0.0008442343141126928,0.005959843605436447,-0.0002575339963784978,-0.39978254219981335,0.5896873883381588,-0.21578882856510892,-0.0015415610757657501,0.11360697842958951,-0.14720789879142823,0.29951122804851354,-0.4748680445649913,-0.9139987828424323,0.6156035733735661,-0.11619683369835108,0.6171205473938123,-0.13354563320325474,-0.24403440227771706,0.5705534483664543,-1.0588821838918216,-0.3944349218290778,-0.18156738417913068,0.416522631893633,0.43962990318071543,0.4498784416418411,0.5041436078796105,0.29116870634757375,0.5896910433391603,0.07793621167123511,0.4891754722282895,0.3783149855749979,0.4521227954335656,0.09413223881121176,0.5827406535655283,0.5493484034511347,0.5579898601903164,0.7504633302036182,0.7246345953024358,0.5565429560604744,0.6658161966587709,0.6077761712282643,0.7169558796319466,0.4342019030270743,46,31,39,18,24,23,73,50,46,47,48,47
-0.0007299942708702718,-0.002663061808871295,0.9427034120726995,0.006608513460442021,0.010786369131424403,-0.7069933524190452,0.7071070508954659,0.006938702071208023,-0.0002765280666070181,-0.4022643757330026,0.5952582803538072,-0.21766611884018147,-0.0009963558327333519,0.007633231858666966,-0.00026065401369762406,-0.3969917939046557,0.5866892179347478,-0.2145707961793649,-0.0016911609473704943,0.1619240588509525,-0.1645690493379627,0.32912474473781866,-0.46321942851316456,-1.0259833645714407,0.6655733842122832,-0.11979241254644014,0.6556304110527257,-0.14483186229247957,-0.27036831939441236,0.6067554488893881,-1.1830771728741774,-0.46355425515431814,-0.16781634060930126,0.4024002222681475,0.4218989636833649,0.4763674607789917,0.4995770586115226,0.35217730994292007,0.6181458442661246,0.1203670332895169,0.5156707047375773,0.415274854486747,0.4594053911770222,0.15907744126107748,0.5713784379619975,0.5939739067906292,0.5457842142257594,0.7992537389170855,0.7160351311850569,0.6307384035459099,0.6749098333005595,0.6518425496152362,0.7434844828365325,0.4837062037644849,43,35,40,21,26,25,72,57,47,48,50,50
-0.0007183122656721251,-0.002671741483465745,0.9426835098238455,0.006611722906070653,0.010795692203000723,-0.7070220346599703,0.7070781998162201,0.0069340513656274225,-9.533863411666016e-05,-0.40234305799293074,0.5953620626224931,-0.2176488046219914,-0.001007063404339015,0.007628563409510865,-7.936113569369699e-05,-0.3968309339392562,0.5863493665549914,-0.2143033793310167,-0.0017017687831950195,0.16195764591840833,-0.16191760984681017,0.3333773431419449,-0.46294612475364866,-1.0360604486948486,0.67179814217652,-0.11737371666140611,0.663350315326812,-0.1419912809419601,-0.2765140235191001,0.6082177262103036,-1.1929374234962045,-0.4714202384089814,-0.16978383929024762,0.40426639624241495,0.4218989636833649,0.4763674607789917,0.4995770586115226,0.35217730994292007,0.6181458442661246,0.1203670332895169,0.5156707047375773,0.415274854486747,0.4594053911770222,0.15907744126107748,0.5713784379619975,0.5939739067906292,0.5457842142257594,0.7992537389170855,0.7160351311850569,0.6307384035459099,0.6749098333005595,0.6518425496152362,0.7434844828365325,0.4837062037644849,43,35,40,21,26,25,72,57,47,48,50,50
-0.0008108505864382453,-0.0024319139617013865,0.9428962209574905,0.005759530094287949,0.01085610593741102,-0.7069996255599341,0.70710713632029,0.008440002991199845,-0.0002501297041491348,-0.4008522520738653,0.5947520295364066,-0.21748802604563236,-0.001193815884835734,0.009131676910142704,-0.00023511859085769402,-0.3939665301737412,0.5835187067257663,-0.21333317777670266,-0.0018859103567091793,0.21081952445988708,-0.1840123838311437,0.36226867928408646,-0.4387465976957466,-1.1467030282706767,0.6832454772467565,-0.09496367650249629,0.6731662592594156,-0.15786480110770026,-0.29927777928666943,0.6361978906861258,-1.3094356110010323,-0.5487307273908264,-0.1427023056482811,0.4043636745472258,0.4088247720698454,0.5204296067425276,0.5326142040363055,0.4948856048555156,0.6833528461037894,0.25239543161635636,0.5907774060787716,0.5281411782361856,0.52419484044444,0.307207453142007,0.5542755028360996,0.6459401602442568,0.5282350507700041,0.8499342693972929,0.680625961133766,0.7180691291686849,0.6559566920879148,0.7226441171037064,0.7156322393805267,0.5682258322808277,41,42,46,29,34,33,70,65,47,48,51,50
-0.0007857294981460767,-0.00243849789932793,0.9428795269191222,0.0057634646312730575,0.010877034484554328,-0.7070262570311938,0.7070801542008698,0.008438652896527826,-7.401916937607099e-05,-0.40093842500485494,0.5948226957173861,-0.21744525371193443,-0.0011999849276063184,0.00913027136955721,-5.887787874712358e-05,-0.3938164332204763,0.5831543053012005,-0.21304911872657295,-0.0018918604841431208,0.2108481067967337,-0.18090471304000136,0.36499201341845716,-0.43826797723619326,-1.1559201240446095,0.6855913266919129,-0.09062774569601977,0.6780505433659026,-0.15573108821013656,-0.30558511215513895,0.63691955647974,-1.3186508117369804,-0.5570189531431536,-0.1436080838524791,0.4069034755975966,0.4088247720698454,0.5204296067425276,0.5326142040363055,0.4948856048555156,0.6833528461037894,0.25239543161635636,0.5907774060787716,0.5281411782361856,0.52419484044444,0.307207453142007,0.5542755028360996,0.6459401602442568,0.5282350507700041,0.8499342693972929,0.680625961133766,0.7180691291686849,0.6559566920879148,0.7226441171037064,0.7156322393805267,0.5682258322808277,41,42,46,29,34,33,70,65,47,48,51,50
-0.000924878582473647,-0.0022917169619141053,0.943096856539314,0.005063010695361788,0.010771397551268184,-0.7069575006274836,0.7071558775998629,0.009503162893862552,-0.0005427067061810241,-0.3991414154409137,0.5939934631511217,-0.2174166669994658,-0.0013414847433241923,0.010192612682571598,-0.0005287185809580037,-0.39116982407878176,0.581044445321335,-0.2126710824211399,-0.0020317087297132535,0.2586833178196361,-0.20940330661710016,0.38723732741709377,-0.40087121861716896,-1.2498625055664359,0.6713552762091007,-0.04749382853029718,0.6501020917168265,-0.17623743232546202,-0.3170551956568066,0.6557914868070409,-1.4154380571792384,-0.6342824385439281,-0.11086965860642875,0.4167313990465303,0.4016063695362772,0.5747523513923203,0.5993785631655248,0.7167855616768907,0.7434161531963168,0.48199159230732574,0.6685697502597648,0.732801654097633,0.58241832615927,0.5145562072904237,0.5369292862657662,0.7108161603892809,0.5049040827412895,0.8997205368020094,0.6072228756754433,0.808091789543212,0.5665966721438461,0.8108747432154557,0.5435516588597783,0.6709798928771363,40,51,57,39,45,41,67,75,48,46,48,44
-0.0009025029042693399,-0.002271762978747994,0.9430838626231124,0.005072625506024077,0.010863037793744068,-0.7070104249554405,0.7071014933407326,0.009612872771605455,-0.00021108138797087673,-0.39934951518165157,0.5939681329841655,-0.217256603500452,-0.0013882716796554317,0.010301932935906413,-0.00019680505342781343,-0.3911515293451366,0.5805575582347353,-0.21222393886212537,-0.0020778531602887004,0.25864764386102695,-0.20542251735909614,0.38902359372453515,-0.40061808059309567,-1.2594434308558111,0.6703925874332958,-0.04020858657511468,0.6509205924924131,-0.174740031706166,-0.32441632871437737,0.6561884040935894,-1.4256092013246882,-0.6453347398420866,-0.11050407487027257,0.4203281931393582,0.4016063695362772,0.5747523513923203,0.5993785631655248,0.7167855616768907,0.7434161531963168,0.48199159230732574,0.6685697502597648,0.732801654097633,0.58241832615927,0.5145562072904237,0.5369292862657662,0.7108161603892809,0.5049040827412895,0.8997205368020094,0.6072228756754433,0.808091789543212,0.5665966721438461,0.8108747432154557,0.5435516588597783,0.6709798928771363,40,51,57,39,45,41,67,75,48,46,48,44
-0.0009789243364531673,-0.002177606012445281,0.9432934976124089,0.0045992732438235465,0.010840713349118363,-0.7070202324176413,0.7070952669703103,0.010399180544761459,-0.00017816613781722736,-0.3978665231453294,0.5928120397010442,-0.2168975734950435,-0.00154807811025143,0.011086226754820792,-0.0001644070196345488,-0.3887408015001381,0.5778580648557103,-0.2112380793266679,-0.0022356186163337696,0.3040887925434411,-0.22850096308187698,0.40236668375981766,-0.34988734643536284,-1.3566218477661265,0.6616600859265674,0.0373966883615787,0.5815194481467918,-0.19396372498163786,-0.3387518350931364,0.6645471212632961,-1.5274137797142884,-0.7490009685138682,-0.08911295988050211,0.4391919792500699,0.39336365071800605,0.6174150749083146,0.6918727232072774,0.9532312757439582,0.7951015482667135,0.7353872808446463,0.6739485932150235,0.9847209249874603,0.5082280623017128,0.7621773867310584,0.527208814623124,0.8510810379823157,0.4734180637826315,0.930790032934679,0.5376764791718375,0.873061470235837,0.4781144131871904,0.8844133796701347,0.3658494426315264,0.7498837412656159,38,58,70,49,52,43,66,97,47,43,44,36
-0.0009297557046724327,-0.002181315871449761,0.9432870156342729,0.004609931850914932,0.0108610085223831,-0.7070380922696123,0.7070770277006267,0.010358326047546825,-2.503960073393501e-05,-0.39791599481447276,0.592791121440024,-0.21681022569307998,-0.001528152133379672,0.011045376904608172,-1.113898220298553e-05,-0.38859101104819077,0.5774747242506367,-0.21094725227956224,-0.0022154576889458436,0.3040562300634274,-0.22496793406536159,0.40322359002813873,-0.3510060635583482,-1.3634732784028196,0.6612074029982877,0.04571947571264496,0.5788963379718501,-0.19291383419878974,-0.3450549679667844,0.664551763058779,-1.535685296689037,-0.7591116762927337,-0.09045658237782078,0.4425287254263601,0.39336365071800605,0.6174150749083146,0.6918727232072774,0.9532312757439582,0.7951015482667135,0.7353872808446463,0.6739485932150235,0.9847209249874603,0.5082280623017128,0.7621773867310584,0.527208814623124,0.8510810379823157,0.4734180637826315,0.930790032934679,0.5376764791718375,0.873061470235837,0.4781144131871904,0.8844133796701347,0.3658494426315264,0.7498837412656159,38,58,70,49,52,43,66,97,47,43,44,36
-0.000929502560132234,-0.0021559618627651485,0.9435091882212053,0.004315801054457547,0.010796064535664698,-0.707024284449011,0.707093685483871,0.010707449035000594,-0.00016086878627309686,-0.39644519396660977,0.5914202099053784,-0.21648431659720335,-0.0015287192804924559,0.011393490698025735,-0.0001474210671012452,-0.38643923940312525,0.5750056480913114,-0.21021145226200197,-0.0022151054002584165,0.34645466009104786,-0.2500230692014687,0.4006510259154435,-0.2905542570150766,-1.4500411276040983,0.6971427254682931,0.12933003975141893,0.459639837769602,-0.21094424522165237,-0.3470717307189746,0.6594909295871757,-1.6222545217333584,-0.8615224957962034,-0.09919107012799995,0.4483432884518996,0.37256766870805813,0.6180973764727968,0.7320921603034048,1.099891947287511,0.7872226433310205,0.8827358739128728,0.6527495972274977,1.1803354291489911,0.44606144147431454,0.9510056667883999,0.5296972701640325,0.87266,0.41620700866029836,0.9205935227385552,0.5067701887775219,0.8847484479799326,0.434053995099614,0.9096238229571518,0.35885473894818637,0.7655320491797317,35,58,76,52,56,44,66,100,43,41,43,36
-0.0008861629611551554,-0.0021608622056358833,0.9435103067739211,0.004334340007713506,0.010807434203107036,-0.7070408544937545,0.7070768295874104,0.010645466398114012,-1.6742508595031118e-05,-0.3964431269219415,0.5913188139302693,-0.21636576040198324,-0.0015045172583453327,0.011331587608503077,-3.1648962804471843e-06,-0.3863059600966196,0.5746560282019978,-0.20993869623200012,-0.002190804713844559,0.3464196421942407,-0.24680316015566253,0.4022708920731817,-0.2929340288573542,-1.4547049821700508,0.700931924853879,0.13737051958983343,0.451509063646212,-0.21032187282589274,-0.35244695792095865,0.6598966615625746,-1.6294071700476016,-0.8710549432374733,-0.102731678339136,0.4501086516230233,0.37256766870805813,0.6180973764727968,0.7320921603034048,1.099891947287511,0.7872226433310205,0.8827358739128728,0.6527495972274977,1.1803354291489911,0.44606144147431454,0.9510056667883999,0.5296972701640325,0.87266,0.41620700866029836,0.9205935227385552,0.5067701887775219,0.8847484479799326,0.434053995099614,0.9096238229571518,0.35885473894818637,0.7655320491797317,35,58,76,52,56,44,66,100,43,41,43,36
-0.0008443555771050095,-0.0021739834463893725,0.9435109758790516,0.0043447092019041405,0.010801132989196221,-0.7070472429477324,0.7070704740463359,0.010568580796174589,4.934379064153154e-05,-0.39638913975700696,0.5912386072725953,-0.2163069112548768,-0.0014634469141207719,0.011254853967946801,6.297962408306632e-05,-0.3861329704785966,0.5743657104186765,-0.2097640782417117,-0.0021497886807403045,0.3464616639214833,-0.24435851022943053,0.4036738484338161,-0.2952364873968096,-1.4584644930709332,0.7041748136272968,0.14401374471791759,0.4452514992829025,-0.20966536523224283,-0.35705126186038477,0.6602015820547349,-1.6355450222270165,-0.8787619143690659,-0.10602620126793712,0.45157417321599774,0.37256766870805813,0.6180973764727968,0.7320921603034048,1.099891947287511,0.7872226433310205,0.8827358739128728,0.6527495972274977,1.1803354291489911,0.44606144147431454,0.9510056667883999,0.5296972701640325,0.87266,0.41620700866029836,0.9205935227385552,0.5067701887775219,0.8847484479799326,0.434053995099614,0.9096238229571518,0.35885473894818637,0.7655320491797317,35,58,76,52,56,44,66,100,43,41,43,36
-0.0007835389916431883,-0.0021457049198191007,0.9437260139857453,0.004133721490552099,0.010746495567560285,-0.7070202960382846,0.7070995164540779,0.010734282690564784,-0.0001721241023185445,-0.3950350264728861,0.5897781764370911,-0.21595264443068848,-0.001371987581928365,0.011419978614201869,-0.00015888927478078347,-0.38431940925413105,0.5721946273051384,-0.20918887282830512,-0.0020578725073817,0.38521419614528873,-0.2723224141071524,0.3883950457956612,-0.2284953280351934,-1.5368929637800568,0.7969026328026131,0.20344223350118693,0.27839359410803793,-0.22545232330297957,-0.34837436961740614,0.6436007704693071,-1.6998383656189242,-0.9686973730200719,-0.14068872628004137,0.4349053492278408,0.33604808528006347,0.5622428086984061,0.6269190035506619,1.0873861221449037,0.7168168990636102,0.8443919589042923,0.7528042966960868,1.2282120009194069,0.512364684615157,0.9786786387502873,0.5428500190471841,0.87266,0.4171021531270612,0.860353684318835,0.5172059661608015,0.8363073669162517,0.43350660748631104,0.877929525132207,0.3700220710874394,0.7138786285412316,29,49,69,46,64,49,68,100,42,41,42,36
-0.0007544181168212152,-0.0021514158045563008,0.9437350189369973,0.0041620996469831015,0.010748263800512739,-0.7070396355132383,0.7070799852669496,0.010657239421242614,-2.7965581482474253e-05,-0.3949923438633733,0.5896092539352865,-0.2158018922649724,-0.0013531793439892305,0.011343077888177368,-1.4606964118368218e-05,-0.38421526510808557,0.5718893908536011,-0.20892964886754964,-0.0020391007548259668,0.38520910729171437,-0.26927199467959995,0.3914679465166506,-0.23151470365694957,-1.539032741033834,0.806975811293345,0.20803070770445467,0.2641024546106875,-0.225244826189511,-0.35251756091784775,0.6445474871165822,-1.7053090342144241,-0.9768969836073952,-0.14574770510079513,0.43414115886489274,0.33604808528006347,0.5622428086984061,0.6269190035506619,1.0873861221449037,0.7168168990636102,0.8443919589042923,0.7528042966960868,1.2282120009194069,0.512364684615157,0.9786786387502873,0.5428500190471841,0.87266,0.4171021531270612,0.860353684318835,0.5172059661608015,0.8363073669162517,0.43350660748631104,0.877929525132207,0.3700220710874394,0.7138786285412316,29,49,69,46,64,49,68,100,42,41,42,36
-0.0006153739369363731,-0.002101348732748757,0.9439686821145246,0.004020614780860044,0.010626420117774663,-0.7070500859632771,0.707072195600694,0.010514498371621137,3.7767411767996334e-05,-0.39336875820258704,0.5876012154807819,-0.21501929095793662,-0.0011847337030012207,0.01120043684935474,5.092400345333568e-05,-0.382218021564145,0.5692438935187264,-0.20784797637454075,-0.0018706843465849364,0.41998268166168745,-0.290233955404312,0.38277219643763605,-0.17273742852401766,-1.606556735057775,0.9735246695057587,0.22467486932224054,0.03404030635311368,-0.23915777785020215,-0.3463664041386862,0.6272680143228591,-1.7683766398280947,-1.0749911231448834,-0.19857978803455553,0.3974122413740898,0.2969065809832602,0.469479012740513,0.45541117027724815,0.9344334601080948,0.6334142987218364,0.652535680947727,0.9332700672619466,1.1182166128898052,0.6471798501586559,0.8467775796456732,0.5639536676976735,0.87266,0.4763426247437358,0.7664230223095823,0.5704233414354287,0.7466026182649755,0.5114643041606383,0.8079819559733841,0.4836396369068139,0.625663370053546,22,34,53,35,72,53,71,100,42,42,45,39
-0.0006037338737808376,-0.002119140068012591,0.9439809445308096,0.004028119609413349,0.010608159985748988,-0.7070550387906808,0.7070674743720271,0.010458767712997037,7.490072237865512e-05,-0.3932040595321527,0.5874013037373769,-0.2149451748128703,-0.0011657517757736075,0.011144833159616493,8.80707960216325e-05,-0.38203432794669356,0.5690030015962911,-0.20773939685366077,-0.0018518360993085936,0.41999219412097955,-0.28873147391150306,0.38645489116087955,-0.1755160599371234,-1.605482886098514,0.9848391177590777,0.22365455743367013,0.020952711717416493,-0.2389764835337332,-0.3491906141826058,0.6283105262963476,-1.7719957130425765,-1.0802782166530756,-0.2026090124268171,0.3954532662076004,0.2969065809832602,0.469479012740513,0.45541117027724815,0.9344334601080948,0.6334142987218364,0.652535680947727,0.9332700672619466,1.1182166128898052,0.6471798501586559,0.8467775796456732,0.5639536676976735,0.87266,0.4763426247437358,0.7664230223095823,0.5704233414354287,0.7466026182649755,0.5114643041606383,0.8079819559733841,0.4836396369068139,0.625663370053546,22,34,53,35,72,53,71,100,42,42,45,39
-0.0005402743991287692,-0.0019977086591202622,0.9441776610864113,0.003876238384346918,0.010388579265564215,-0.7070443578200272,0.7070822641473169,0.010278553282980196,-3.0856682812203565e-05,-0.3915456832769454,0.585518516998363,-0.21426320240589128,-0.0010636476611857923,0.010964893181889802,-1.809659358820872e-05,-0.38033106381960163,0.5670652305675521,-0.2070583832705007,-0.0017500382731866293,0.45100082329212543,-0.3134270286310817,0.37617225532883436,-0.11651170448891968,-1.6480556501013386,1.1440491587722925,0.1944353796894108,-0.1529388276992381,-0.24977793269910745,-0.3319564547776614,0.6069674716615805,-1.8144555007414997,-1.1591741919369856,-0.23598603191679096,0.3611540670466933,0.27407711586181377,0.4260774215389795,0.3226564880887763,0.7219880827444667,0.5908801536118365,0.416844717062392,1.0382500160664936,0.9152833672160088,0.7302944013606806,0.654136758737044,0.5931234951125949,0.87266,0.49160027561137776,0.6722383799875795,0.5998312492136146,0.64680940402492,0.549175039896534,0.7293275762215383,0.5537109237296645,0.5415112118845643,18,27,38,26,73,53,75,100,41,41,45,41
-0.000538021590723935,-0.0020083348484755724,0.9441905376087523,0.0038891430755750938,0.010373884878359524,-0.7070546418539678,0.7070721253955817,0.010231459195051232,3.930417350455572e-05,-0.3913938380029534,0.585290909315575,-0.21414668404466855,-0.001061508793771908,0.010917899761980678,5.210220920366188e-05,-0.3801901093181533,0.566837408581721,-0.2069150434074429,-0.0017479898653040007,0.45096978200705906,-0.31196754251359576,0.3806131253316151,-0.11876472450818498,-1.6460634010739168,1.157238243811676,0.1902136354737497,-0.16591597528780086,-0.24983630145624894,-0.3344169719580065,0.6078408875745773,-1.8171305997407337,-1.1647109075383077,-0.2391588144178923,0.35862221641024694,0.27407711586181377,0.4260774215389795,0.3226564880887763,0.7219880827444667,0.5908801536118365,0.416844717062392,1.0382500160664936,0.9152833672160088,0.7302944013606806,0.654136758737044,0.5931234951125949,0.87266,0.49160027561137776,0.6722383799875795,0.5998312492136146,0.64680940402492,0.549175039896534,0.7293275762215383,0.5537109237296645,0.5415112118845643,18,27,38,26,73,53,75,100,41,41,45,41
-0.0005080601359450128,-0.001834643843587406,0.9443371920934017,0.0037203571797715155,0.010013762613184119,-0.7070365348126921,0.7070963314434899,0.009902699483789636,-0.0001312487693898746,-0.38971214919290287,0.5837224213660817,-0.2135716410055623,-0.0009795479464023038,0.010589823853933802,-0.00011901292970067161,-0.37865233893567707,0.565540170459245,-0.20648728883789738,-0.001666747716050698,0.4784845957497505,-0.3342270490873955,0.37431707559869154,-0.06628217715349036,-1.6666448954049702,1.2979393076472394,0.1587052083530733,-0.2700702621500358,-0.2571390371720548,-0.3134640909063629,0.591225285642665,-1.844934480507906,-1.234312074749859,-0.2505406800387967,0.3395786105741189,0.273577131390995,0.4406288685580332,0.3087744184710937,0.527189581094767,0.6292651798509479,0.23580621670249038,0.8981608145893185,0.7040234960201517,0.6439582167055695,0.4992706398813962,0.6297430160935589,0.87266,0.43479270570552064,0.6042031419102278,0.5847066797014373,0.5611072276738885,0.5473190218633782,0.6641215954014859,0.5472227320485457,0.4867511226308068,18,29,32,24,59,44,79,100,36,38,43,39
-0.0005158634875374496,-0.0018356219008986185,0.9443466922819206,0.003738875049308886,0.010011208051348208,-0.7070543557962662,0.7070784500154452,0.009877900828686942,-1.1846117715728747e-05,-0.3895936124011138,0.58347359456968,-0.21342572018015793,-0.000995283444836496,0.01056507112514548,4.4950262511735746e-07,-0.3785745668722901,0.5653278404494574,-0.20631631731083142,-0.0016825171564794972,0.47838457017189984,-0.3331435315408174,0.3793144058766285,-0.06754451414913072,-1.6645630339894784,1.3125840667558797,0.15389988852452646,-0.2801724300046574,-0.25747098215079095,-0.31567798488867155,0.591581249094325,-1.8466572057293258,-1.240663476067661,-0.2522482762186385,0.33745299966665104,0.273577131390995,0.4406288685580332,0.3087744184710937,0.527189581094767,0.6292651798509479,0.23580621670249038,0.8981608145893185,0.7040234960201517,0.6439582167055695,0.4992706398813962,0.6297430160935589,0.87266,0.43479270570552064,0.6042031419102278,0.5847066797014373,0.5611072276738885,0.5473190218633782,0.6641215954014859,0.5472227320485457,0.4867511226308068,18,29,32,24,59,44,79,100,36,38,43,39
-0.0004839532537122032,-0.0016434964837155443,0.9444457768514306,0.0035121971745733847,0.009499185307547833,-0.7069358868492044,0.7072051200565702,0.009402963425840452,-0.0006451469483424688,-0.3880495657902384,0.5826496011170329,-0.21309765465993816,-0.0008865868888584446,0.010091142422206347,-0.0006335835401531797,-0.3771465275454494,0.564887465946336,-0.20630964124476062,-0.0015748411758719388,0.5027298029954057,-0.35117278035662425,0.37220901906543963,-0.02358521361911918,-1.670074573114523,1.4059418316757184,0.14543253656441218,-0.3221966411023788,-0.260472736004997,-0.2897421621563794,0.5803733848613649,-1.8634690240232907,-1.293012671818506,-0.24897026330025174,0.3319183055024441,0.283377451846916,0.48180332364091305,0.3317426372680738,0.38864280561739545,0.6739047505442134,0.14690602992979837,0.7095909392543809,0.5457373346820509,0.568587935740739,0.4157778060172942,0.6691323920507303,0.87266,0.3783388442258727,0.5658201838862801,0.559327148916487,0.49597556297338596,0.5280215795491927,0.6185298254282097,0.5213580171848334,0.4624676149828776,20,36,30,26,42,38,85,100,32,35,41,37
-0.0005193548680458017,-0.0016258510766573664,0.9444494019630907,0.003551398363364048,0.009537419059373381,-0.7070190486919308,0.7071212696518944,0.009444098098131697,-0.0002930609064974891,-0.38798536405642997,0.5823136117725959,-0.21294535866659733,-0.0009373935046691012,0.010132217456258487,-0.0002814177646973393,-0.3772067024711924,0.5646290275266272,-0.20608802106566923,-0.001625597613395188,0.50259324780956,-0.3509689572883313,0.37736112345816936,-0.022187471125617742,-1.668030685187548,1.425411456378846,0.14256016473909147,-0.3297466512250018,-0.26103070540174383,-0.2909839879270503,0.5795989612846828,-1.8646162209358248,-1.302492448271427,-0.24914018792303994,0.33061250327889435,0.283377451846916,0.48180332364091305,0.3317426372680738,0.38864280561739545,0.6739047505442134,0.14690602992979837,0.7095909392543809,0.5457373346820509,0.568587935740739,0.4157778060172942,0.6691323920507303,0.87266,0.3783388442258727,0.5658201838862801,0.559327148916487,0.49597556297338596,0.5280215795491927,0.6185298254282097,0.5213580171848334,0.4624676149828776,20,36,30,26,42,38,85,100,32,35,41,37
-0.0005249300060083309,-0.001349683561068287,0.9444948430448274,0.003302828249515943,0.009018185320612257,-0.7069629264622315,0.7071853959656084,0.009040751376881827,-0.0005902505742012133,-0.3866081749740053,0.58164754852386,-0.21251564370528708,-0.000909328338097262,0.009729694110285797,-0.0005792711495352795,-0.37603078355462843,0.5643890656098789,-0.2058999778934298,-0.0015982650986342386,0.5236877524925149,-0.3633874941765118,0.38049616700071887,0.017960002202481402,-1.6605264817584415,1.5112761875610081,0.14884185781367476,-0.35558813689412766,-0.2630920083864358,-0.2709253569070195,0.5709271829025303,-1.8724585327368404,-1.3528505736647938,-0.24188555349133162,0.3290724488374153,0.2870029370356212,0.5281757183020825,0.35721453087703964,0.3128061639497857,0.63471926395026,0.13588168388951496,0.6353414040154259,0.46172761283332453,0.6279291477618387,0.3852066624725928,0.7051093177076949,0.87266,0.3698898623966008,0.5446424023758122,0.5620922565971291,0.44645620877117687,0.5332898558963375,0.5898246221134616,0.515136599079882,0.4572103516633128,20,43,30,22,35,40,89,100,31,34,40,37
-0.0005628236678616384,-0.0013452846920456057,0.9444937759106051,0.0033227702088456613,0.0090306595045429,-0.707039121274617,0.7071089642864594,0.009071573362730899,-0.0002509153715165217,-0.38646886132535796,0.5813646094741217,-0.21242829897586588,-0.0009592424708325701,0.009760496762248059,-0.00023992227172103039,-0.37603046802819673,0.5642163995505461,-0.2057576723157695,-0.0016481958157255228,0.5233244421469408,-0.364018686999743,0.38620704573667575,0.019918009934738124,-1.6578978538523128,1.5296243233898625,0.1488492706152638,-0.35985785794461844,-0.26395302156060413,-0.2720645587323796,0.5702220531977279,-1.87232014425879,-1.3621943185870355,-0.24073100737625305,0.3284345800266081,0.2870029370356212,0.5281757183020825,0.35721453087703964,0.3128061639497857,0.63471926395026,0.13588168388951496,0.6353414040154259,0.46172761283332453,0.6279291477618387,0.3852066624725928,0.7051093177076949,0.87266,0.3698898623966008,0.5446424023758122,0.5620922565971291,0.44645620877117687,0.5332898558963375,0.5898246221134616,0.515136599079882,0.4572103516633128,20,43,30,22,35,40,89,100,31,34,40,37
-0.0005268705892531917,-0.0010071653862448937,0.9444873978728657,0.0028841358090147258,0.008540010968959242,-0.7068087035337426,0.7073473026613128,0.008952748319412071,-0.0009390320491058754,-0.3853551651705703,0.5813211978672589,-0.21212615512956268,-0.0009181305306910715,0.0096417380066977,-0.0009287761232820355,-0.3748622052682427,0.5644112793270838,-0.20573629658140755,-0.0016072881380510867,0.5413286620346004,-0.37158001315352157,0.3884959265042015,0.05270992330931344,-1.6453845357109493,1.570112349400468,0.1614470134612458,-0.376005057589485,-0.26454823423750684,-0.2581503005518779,0.5654260694387804,-1.8720438333164395,-1.3937538572855275,-0.23500831465350844,0.32816941062989924,0.2781841373911442,0.5648393524798907,0.37166931283547167,0.28362037549885477,0.5881039456371518,0.1600696085809587,0.5885434544493889,0.4316501531208422,0.6126345308206396,0.37626001746040727,0.7338367041572358,0.87266,0.40125609940869444,0.5283029440779067,0.6010376556991781,0.4099874580576465,0.575058377423365,0.5789371186131809,0.5547111370173974,0.46349637313052683,19,49,30,20,31,39,93,100,32,36,43,39
-0.0005695296239441971,-0.001004321087955686,0.9444822252994769,0.0028237436410607003,0.0085331513190728,-0.7070040039071653,0.7071524236398062,0.009080041786564337,-0.0004651438208924438,-0.3850530985560657,0.5811718725265452,-0.21215813128782327,-0.0009652604502316879,0.009768987177830564,-0.0004550302682549836,-0.37474319377311255,0.5643008052487697,-0.20566841737306893,-0.00165431340960251,0.5409410166005422,-0.3733871908890169,0.39030896028616063,0.05745040798993917,-1.6410996532037476,1.5707656174700233,0.16448685573212374,-0.3790862290805446,-0.2655660084472019,-0.2577195040233461,0.5645395762184477,-1.8706519059406361,-1.4037496274997048,-0.23305473702686505,0.32791099743347846,0.2781841373911442,0.5648393524798907,0.37166931283547167,0.28362037549885477,0.5881039456371518,0.1600696085809587,0.5885434544493889,0.4316501531208422,0.6126345308206396,0.37626001746040727,0.7338367041572358,0.87266,0.40125609940869444,0.5283029440779067,0.6010376556991781,0.4099874580576465,0.575058377423365,0.5789371186131809,0.5547111370173974,0.46349637313052683,19,49,30,20,31,39,93,100,32,36,43,39
-0.0005806790776640175,-0.0006294777428452133,0.944447242395085,0.00228421054853539,0.00809971345289583,-0.706852417257074,0.7073109904716467,0.009269070912654645,-0.0008414281244567471,-0.38402689810821683,0.5813909044468482,-0.21200033313675756,-0.000991117629733177,0.00995748572164995,-0.0008321303328292088,-0.3736055748388502,0.5645442015848382,-0.20563198728226578,-0.001679723534810083,0.5556038283135628,-0.37934687416095475,0.38573693178879365,0.08977693817580595,-1.6226151109932951,1.570799914043675,0.18154058255093314,-0.3927124391457225,-0.26419877378174844,-0.2461753213750833,0.5589489542794595,-1.8608221624626125,-1.4315154435932131,-0.23003094789042977,0.327305686129645,0.26137232318447895,0.5822307905311432,0.327948657993381,0.267968140593922,0.5098077074478152,0.16793440252964928,0.4919344014433795,0.4111461472414605,0.5010736958984002,0.3651408389552167,0.7547133552852108,0.87266,0.4414541387681924,0.5114358116605995,0.6485918564301042,0.39048977411837965,0.606879604318161,0.5914114929226674,0.5775596087743982,0.48106482247451676,16,52,26,14,25,33,96,100,34,38,45,41
-0.0006137180530926405,-0.0006354403545293867,0.9444487166387068,0.002294396190904126,0.008014938134470927,-0.7070161916623426,0.7071482173067377,0.009164386393168663,-0.0004207160252933015,-0.38372914776832195,0.5812870526319408,-0.21208018035391424,-0.0010358515981769025,0.009853147846516384,-0.00041156889861791176,-0.3734641802069866,0.5644748443379722,-0.20560835444107636,-0.0017245661906423,0.5552798191773802,-0.3817791244903407,0.3857579935062185,0.09462305207780501,-1.6176743774164282,1.5707999957021836,0.18600703270073501,-0.39451487008825126,-0.26563661491807805,-0.24532409440309752,0.5579839273837149,-1.8571945671517998,-1.440366329883117,-0.22821750434754748,0.3270757083261337,0.26137232318447895,0.5822307905311432,0.327948657993381,0.267968140593922,0.5098077074478152,0.16793440252964928,0.4919344014433795,0.4111461472414605,0.5010736958984002,0.3651408389552167,0.7547133552852108,0.87266,0.4414541387681924,0.5114358116605995,0.6485918564301042,0.39048977411837965,0.606879604318161,0.5914114929226674,0.5775596087743982,0.48106482247451676,16,52,26,14,25,33,96,100,34,38,45,41
-0.0006520522171072999,-0.0002476088686179552,0.9443808470139553,0.001773261603216366,0.007634438257733514,-0.7068872727725886,0.7072827966859557,0.009439205347357132,-0.0007191548451770729,-0.38293260193699685,0.5816565090326394,-0.21196398677731693,-0.0010971899573917995,0.01012733088417759,-0.0007107674907450778,-0.372520425420899,0.5647762244753534,-0.2055533085410234,-0.0017853822366400355,0.5675571536237373,-0.3856017797756602,0.3810873095434836,0.12318998914239017,-1.5951407084959184,1.5707999999892555,0.2054369663362328,-0.4051520552519795,-0.2629041977336722,-0.23896726660154952,0.554092969675018,-1.8365567582944007,-1.461977541928682,-0.2289007247847776,0.3289549577895826,0.24415095001554063,0.577455176998605,0.29111011564458433,0.23854716029963863,0.43914360209123227,0.145721378973361,0.39465852794335315,0.36791536268717334,0.43756643531266753,0.3395993328890351,0.7688847655862889,0.87266,0.46404470322162594,0.49294356827017516,0.6838482054520905,0.38959865263554266,0.633271391162683,0.6258212874442663,0.6081924584348037,0.5075251134921795,13,51,23,8,17,29,98,100,34,40,47,43
-0.0006628062142328762,-0.00025849999343476515,0.9443826722000251,0.0018255660509403516,0.007489341186645099,-0.7070286543250343,0.7071428844586605,0.00914952563834093,-0.00036317324921771266,-0.38263931211328717,0.5816103305091819,-0.21206811467786765,-0.0011190607743828914,0.009838351141777535,-0.00035494621393434477,-0.3723810379450139,0.5647918428112322,-0.20557145909282243,-0.0018076393103717886,0.5672878380884258,-0.3882735554852009,0.38128060796462626,0.1277241692278547,-1.5894319591566621,1.5707999999994628,0.21049334255636953,-0.40603291553718496,-0.2649668197151773,-0.23792814955415126,0.5533021619231386,-1.8305513699797638,-1.4689526415135443,-0.22752367889178773,0.32958209273237404,0.24415095001554063,0.577455176998605,0.29111011564458433,0.23854716029963863,0.43914360209123227,0.145721378973361,0.39465852794335315,0.36791536268717334,0.43756643531266753,0.3395993328890351,0.7688847655862889,0.87266,0.46404470322162594,0.49294356827017516,0.6838482054520905,0.38959865263554266,0.633271391162683,0.6258212874442663,0.6081924584348037,0.5075251134921795,13,51,23,8,17,29,98,100,34,40,47,43
-0.0007414083099301598,0.00010508005318460858,0.9442979140319345,0.0013595631458647136,0.0072009586623848236,-0.7069274212240546,0.7072481310713398,0.009527698379195303,-0.0005724145391416538,-0.3821151868120233,0.5820605867210294,-0.2119782169894427,-0.001214054242754757,0.01021575132150935,-0.0005648429091456875,-0.3717201900983922,0.5651504434832225,-0.20550983407331716,-0.0019020821500346469,0.5768672107425635,-0.38986096725391856,0.3765366292319845,0.1510265080700799,-1.5637330095520126,1.5707999999999986,0.23162294162040253,-0.4108235958702207,-0.2607448345244858,-0.2345308123870727,0.5509016607485939,-1.8006262568005804,-1.4853967296409116,-0.23197970644619764,0.3351005943197435,0.23313064441247563,0.5606723265308766,0.3527947812523368,0.19562683491269625,0.4459793586395932,0.11139817023595348,0.3427819669599855,0.3030728815904338,0.40793643438716537,0.29849738750992927,0.7776947338647507,0.87266,0.4370279488785498,0.4729886080668858,0.7010191386056462,0.3980169864831495,0.6265709499912292,0.6650551196585002,0.6238430003703621,0.530848829677852,11,49,26,8,12,26,99,100,32,42,48,44
-0.000734487578643349,8.592053157408606e-05,0.9442994395587738,0.001435504926153676,0.0070040872642255945,-0.7070413161998984,0.7071360967123069,0.009100262713024242,-0.0002918125464301861,-0.3818091315902238,0.5820752598378657,-0.21210645386684648,-0.001218508431354107,0.009789268387603812,-0.00028440747954977416,-0.3715691282118899,0.5652669912600943,-0.20558095241137778,-0.0019071251731444371,0.5766793407160388,-0.3926820031097571,0.3769463015340118,0.15513842629402325,-1.5574562057482066,1.5708,0.23711895615477538,-0.4099069008673989,-0.26335721766559356,-0.23304550453138737,0.5501182837500682,-1.7925045538023312,-1.4906130343295243,-0.2312091936897811,0.3369950085482096,0.23313064441247563,0.5606723265308766,0.3527947812523368,0.19562683491269625,0.4459793586395932,0.11139817023595348,0.3427819669599855,0.3030728815904338,0.40793643438716537,0.29849738750992927,0.7776947338647507,0.87266,0.4370279488785498,0.4729886080668858,0.7010191386056462,0.3980169864831495,0.6265709499912292,0.6650551196585002,0.6238430003703621,0.530848829677852,11,49,26,8,12,26,99,100,32,42,48,44
-0.0008395920225095297,0.0004001962633334238,0.9442099131281392,0.0010529357397838018,0.006798444489956095,-0.7069713109776797,0.7072087654528508,0.009504408578677646,-0.000411317122908912,-0.3815058288331297,0.5825368415359721,-0.21205731784569443,-0.0013306882911028627,0.010192656757371993,-0.0004044574892192519,-0.37118256336355104,0.5656804708307412,-0.20555222372976906,-0.0020188391161816257,0.583460967944677,-0.3926791939310995,0.37240880249963243,0.17245560053114867,-1.5311374693650617,1.5708,0.2585956200098577,-0.40620478543431326,-0.2592341840669396,-0.23115982913457764,0.5492882159841163,-1.7585802328687152,-1.5023140580786083,-0.23731451203961626,0.3456862530410059,0.23263511053124938,0.5498682497688412,0.36009854783962014,0.1556560286951617,0.5013879598835143,0.07797530704647979,0.396050340755356,0.23522051911210615,0.37681183821001035,0.24871341521317902,0.7824205793336684,0.87266,0.3883368581261671,0.4534106215287347,0.6782809542040791,0.4003661298431638,0.5702505712927738,0.6851888626637175,0.5996304316298802,0.5356897534309998,11,47,26,11,14,23,100,100,29,40,45,43
-0.000823830511153299,0.00037582877048329666,0.9442103876490426,0.0011382160934341333,0.00658560988534453,-0.7070551349059666,0.7071268418110486,0.009026749541716693,-0.00020867632991555923,-0.38121923775576433,0.5825910221784851,-0.21219324050437674,-0.0013250656939198342,0.009716024411903036,-0.000201972377704163,-0.371049281138402,0.5658751374829802,-0.20566493517723944,-0.0020138909296529813,0.5833434459292169,-0.39549797815689886,0.3730761756955638,0.17613118533684238,-1.5248377539137157,1.5708,0.2642864979366271,-0.4026952489102341,-0.26217577067924525,-0.22935707062231803,0.5485660713738536,-1.7494452206383693,-1.5058543250334477,-0.23684893973240556,0.348668166806583,0.23263511053124938,0.5498682497688412,0.36009854783962014,0.1556560286951617,0.5013879598835143,0.07797530704647979,0.396050340755356,0.23522051911210615,0.37681183821001035,0.24871341521317902,0.7824205793336684,0.87266,0.3883368581261671,0.4534106215287347,0.6782809542040791,0.4003661298431638,0.5702505712927738,0.6851888626637175,0.5996304316298802,0.5356897534309998,11,47,26,11,14,23,100,100,29,40,45,43
-0.000936486279784127,0.0006196209539221025,0.9441255090274174,0.0008959219326571906,0.006438629794711994,-0.7070234684396891,0.7071602056435082,0.009306416526008516,-0.00022629329231612676,-0.38110370240639085,0.5829709812261342,-0.21217463188011773,-0.0014296185440869273,0.009995250442692968,-0.00021999021958855653,-0.3709588178900917,0.5663324574916693,-0.20568258426687008,-0.0021182880715968416,0.5870543964940422,-0.3949188079995502,0.3700746388363142,0.18800021160586067,-1.5016362458707064,1.5708,0.28271668773727954,-0.39101131639491093,-0.2597620293065883,-0.22688779492331373,0.5479065268794159,-1.7189030325208547,-1.513727991618196,-0.2410138310089085,0.35759203518203575,0.24274381321270527,0.5590756033380433,0.32959260106912697,0.13107328434697807,0.5026988417781022,0.05676016676337295,0.43806614053080606,0.20652543870701973,0.41336390221538466,0.2010498434246767,0.7844798933180965,0.87266,0.38324454587420825,0.4373385214922959,0.6256195535626746,0.3895914095191469,0.526513527809007,0.6761032719897806,0.5151645068946213,0.5181503289124706,13,48,23,11,16,24,100,100,29,37,42,38
-0.0009268871523725862,0.0005952936416966601,0.9441239590125762,0.000963880495552647,0.006260310340017662,-0.7070735753980301,0.7071116166650658,0.008914595360153321,-0.00010357180926221082,-0.38087936916544934,0.5830449731750508,-0.2122930560336887,-0.001425993737547627,0.009604257047831981,-9.73951734476342e-05,-0.37087778804901245,0.5665757697107643,-0.2058150207343816,-0.002115259425715354,0.5869441424373245,-0.3974073286618653,0.3711087027183925,0.19122126493803357,-1.4960151209282442,1.5708,0.28767519021320265,-0.38520010676692074,-0.26255611740626605,-0.22495605483582592,0.5472240563847517,-1.7103500754703318,-1.5159288305649965,-0.24017123035391988,0.36070987140261135,0.24274381321270527,0.5590756033380433,0.32959260106912697,0.13107328434697807,0.5026988417781022,0.05676016676337295,0.43806614053080606,0.20652543870701973,0.41336390221538466,0.2010498434246767,0.7844798933180965,0.87266,0.38324454587420825,0.4373385214922959,0.6256195535626746,0.3895914095191469,0.526513527809007,0.6761032719897806,0.5151645068946213,0.5181503289124706,13,48,23,11,16,24,100,100,29,37,42,38
-0.0009391606049922145,0.0005919142114203424,0.9441190889892268,0.0010005177833952931,0.006184377532369258,-0.707093968011199,0.707091841871252,0.008742254613238009,-1.6717220713045777e-05,-0.3807755666016475,0.5830426504415168,-0.21236974508940423,-0.0014176741975755565,0.009432332369074696,-1.0631850093659e-05,-0.37090962052328375,0.5667648209380447,-0.205929523198127,-0.002107425682298095,0.5866913759562793,-0.3997847455910085,0.37247277049154565,0.19356402987403715,-1.4919849568521388,1.5708,0.2912830873091134,-0.379905622080912,-0.2653966610982767,-0.22318627776672245,0.5467611207927775,-1.703667605705208,-1.5174731597954336,-0.23869768194169544,0.3632807327319618,0.24274381321270527,0.5590756033380433,0.32959260106912697,0.13107328434697807,0.5026988417781022,0.05676016676337295,0.43806614053080606,0.20652543870701973,0.41336390221538466,0.2010498434246767,0.7844798933180965,0.87266,0.38324454587420825,0.4373385214922959,0.6256195535626746,0.3895914095191469,0.526513527809007,0.6761032719897806,0.5151645068946213,0.5181503289124706,13,48,23,11,16,24,100,100,29,37,42,38
-0.001064641511596096,0.0007732554977814543,0.944042142380674,0.0008883407237419575,0.0061614386557073296,-0.7070824876734803,0.7071036721372141,0.009031826178132791,-6.118425087579145e-06,-0.38094689461351716,0.5832823558691547,-0.2122840741460237,-0.0015354808961479812,0.00972144993192893,-1.856175962338881e-07,-0.3711943597660501,0.5672039196887135,-0.20592939294542112,-0.002225060742004855,0.5874473760297819,-0.3987087786571572,0.3720742840652299,0.20029713267464166,-1.4766985884010262,1.5708,0.30095633695793284,-0.3653344245765347,-0.2637151750254009,-0.2191947342983356,0.5463562266633489,-1.6832836988118711,-1.5225937916040508,-0.2378556662305649,0.3690254413338615,0.25929175108976155,0.5920377345115755,0.3457418882917352,0.1250335026572816,0.48045695920263215,0.04783216186759872,0.43217148296841296,0.19398481169912749,0.45487598251541667,0.17805456329764452,0.7851790896697379,0.87266,0.39125618309951543,0.4265643771269321,0.5933962900746816,0.3720689321476545,0.5136290185785943,0.648619336639177,0.48155431751653105,0.48945277013984634,16,54,24,9,15,25,100,100,29,34,41,36
-0.0010696099963862402,0.0007513923477692234,0.9440389277176386,0.0009115822275705859,0.006054106791273135,-0.7070979065691169,0.7070891509098229,0.008837633409658882,3.0159518490374337e-05,-0.3808156481363565,0.5833844085198191,-0.21236141263210528,-0.0015521944108330696,0.00952765978797626,3.601703669421215e-05,-0.3711708084822809,0.5674635690369318,-0.20605159417355898,-0.0022420557394827716,0.5872625765453653,-0.4001658464390819,0.37329156623929494,0.20275257147171868,-1.4727548888365463,1.5708,0.30340516713346116,-0.35921358525730457,-0.2655115781965118,-0.21751464540936233,0.5459438871810111,-1.6771383844805507,-1.5238659709094011,-0.23602130046144748,0.37102706579897354,0.25929175108976155,0.5920377345115755,0.3457418882917352,0.1250335026572816,0.48045695920263215,0.04783216186759872,0.43217148296841296,0.19398481169912749,0.45487598251541667,0.17805456329764452,0.7851790896697379,0.87266,0.39125618309951543,0.4265643771269321,0.5933962900746816,0.3720689321476545,0.5136290185785943,0.648619336639177,0.48155431751653105,0.48945277013984634,16,54,24,9,15,25,100,100,29,34,41,36
-0.0011531975112704339,0.0008690537946261781,0.9439696049025293,0.0009301011642855661,0.006086211576679655,-0.7071501552651943,0.7070365979557771,0.008939473831453916,0.0001347763267143848,-0.3810545931287682,0.5834431573073178,-0.21233174110048436,-0.001607263222644647,0.009629444601447433,0.00014061112265929693,-0.37152343226902723,0.5676468223660047,-0.20604723681004347,-0.002297149761115548,0.5860510195359233,-0.39920533680205245,0.37416877545193883,0.20493822830017444,-1.4672596938393478,1.5708,0.3045078044221975,-0.35169244174843645,-0.26388660347749565,-0.21527902540053995,0.5455519343280033,-1.6688011135023006,-1.5264303429028907,-0.23405410381697733,0.3722784558056165,0.275987326368244,0.6391251120274707,0.3254496955703755,0.13385709323055528,0.4710246763260792,0.04636926179516211,0.41922332158018,0.1851327460791075,0.4595055905293792,0.1680799891692044,0.7853589283958634,0.87266,0.4054182907956805,0.42070316879965347,0.5937456875376385,0.3577219766304107,0.517455827496517,0.6198247288334956,0.4848427970799687,0.4635432177676504,19,62,23,8,14,25,100,100,29,34,40,35
-0.0011567248975101318,0.0008469696812873768,0.9439697639752225,0.0009275745275123934,0.005987896356853683,-0.7071269534653962,0.7070606454791996,0.008812395497956557,0.00013759244475170134,-0.3809781374120156,0.5836040283140136,-0.21237393746976396,-0.001634766549064253,0.009502598561819741,0.00014337604986090782,-0.3715302740081211,0.5679659588268101,-0.20614327636377444,-0.002324863528224993,0.5856166545237963,-0.3995552341254742,0.37549312703537074,0.20716708058496316,-1.4635431441100744,1.5708,0.30481488652351324,-0.34528750320781115,-0.26450059154831623,-0.21355527985155673,0.5452349388074742,-1.6628434729178454,-1.5280739353516515,-0.231425716132331,0.3732481890579618,0.275987326368244,0.6391251120274707,0.3254496955703755,0.13385709323055528,0.4710246763260792,0.04636926179516211,0.41922332158018,0.1851327460791075,0.4595055905293792,0.1680799891692044,0.7853589283958634,0.87266,0.4054182907956805,0.42070316879965347,0.5937456875376385,0.3577219766304107,0.517455827496517,0.6198247288334956,0.4848427970799687,0.4635432177676504,19,62,23,8,14,25,100,100,29,34,40,35
-0.0012055498038877135,0.0008891548799837914,0.9439185195652284,0.0009715301539996431,0.005913306608529301,-0.7072173081580677,0.706970839551229,0.008691437710157323,0.0002847266233734322,-0.3810194328581647,0.5837413333143958,-0.21242105753466706,-0.0016738814746467135,0.009381944489792671,0.00029046986133500605,-0.3717301060058703,0.5682622645231759,-0.20621349865734434,-0.002364194732022705,0.5832140795373316,-0.3991407655708967,0.378069109985557,0.2085679331811775,-1.4610181293235764,1.5708,0.3018187269099494,-0.33880865668141474,-0.26453903435981485,-0.21283367265378486,0.5446101839336353,-1.6576909097411834,-1.5293248426019994,-0.22745295812197436,0.3724637895983133,0.2872084146484585,0.6798886031580298,0.3272596020046936,0.15248592608824058,0.48610528099439876,0.04827730809331987,0.41862196838640536,0.17840650894130916,0.4530726559723785,0.1622328045624655,0.7853930670360324,0.87266,0.42658197877243853,0.41837894001471143,0.6085654702025399,0.3506786044408788,0.539674444833058,0.598640681591013,0.5028372289344929,0.446588234202444,20,68,23,9,14,25,100,100,30,35,41,36
-0.0012122952265670296,0.0008767013970637623,0.9439137829931579,0.0009519499667321948,0.005870880195866999,-0.707158048966056,0.7070304946319552,0.008657829262755396,0.0002514451609579343,-0.3810028616009194,0.5838829694486609,-0.2124821107631612,-0.0016903971451545942,0.009348440158014724,0.0002571383104779186,-0.3717846974063485,0.5685789049482485,-0.20634409904567083,-0.0023809111234978993,0.5824975546940782,-0.399027136990711,0.3799368843069115,0.21026434413816802,-1.45868414373013,1.5708,0.2992565202682956,-0.3335009523699625,-0.2652305984589634,-0.2120897704999743,0.5445599624459656,-1.653547684044052,-1.5303121376638746,-0.22360233974149438,0.3719399109981386,0.2872084146484585,0.6798886031580298,0.3272596020046936,0.15248592608824058,0.48610528099439876,0.04827730809331987,0.41862196838640536,0.17840650894130916,0.4530726559723785,0.1622328045624655,0.7853930670360324,0.87266,0.42658197877243853,0.41837894001471143,0.6085654702025399,0.3506786044408788,0.539674444833058,0.598640681591013,0.5028372289344929,0.446588234202444,20,68,23,9,14,25,100,100,30,35,41,36
-0.0012428434619456967,0.0008869332216342157,0.943882304176054,0.0010000623507050443,0.005805925035495023,-0.7072488805933569,0.7069401049659157,0.008529928230205618,0.00038326422359403795,-0.3810231491784569,0.5840092714126732,-0.21255452740437616,-0.001715437267002665,0.009220816030990814,0.0003889254248146778,-0.37196618822561256,0.5688713170519281,-0.20644878597844865,-0.002406164727720204,0.5796526905338167,-0.39887020024705355,0.3835690546420804,0.21097354995470666,-1.4583673956487153,1.5708,0.29349697098922783,-0.3287556649164767,-0.2658474354814145,-0.21297600715546955,0.5446057272618605,-1.6507966152093256,-1.5303639807857317,-0.21869256771446255,0.3698537114349996,0.29102812007632567,0.6970051169455083,0.32693942135341525,0.16844436155714324,0.49094532335627433,0.05165054084523435,0.41610963674132956,0.17324108484698433,0.4327884219524079,0.1592991155293733,0.78539741290587,0.87266,0.4407211004823548,0.41802247396828407,0.6080801639507304,0.3498059659948204,0.5512699236911177,0.5859240643079959,0.512235582610387,0.43838775235207106,21,71,24,10,13,24,100,100,31,35,41,36
-0.0012528841951135689,0.0008848576490910834,0.9438760977585161,0.0009767956654969858,0.005812608433148829,-0.7071744866346391,0.7070145011995616,0.008574804922016914,0.00032034617473661596,-0.38108165951780676,0.5841205139460087,-0.21260280624398262,-0.001728420646122031,0.009265657960577349,0.0003259854094990269,-0.37207913531411163,0.5691478514826235,-0.20657465476349976,-0.0024192488179133895,0.5787945800657069,-0.39837315072357243,0.3856728291675998,0.2121324110131532,-1.4571386176104713,1.5708,0.2890015909878634,-0.3250177731201846,-0.2663181551777483,-0.21320268654083493,0.5451176612717482,-1.6482837157915275,-1.5306804299445234,-0.2143470894809851,0.368281273868416,0.29102812007632567,0.6970051169455083,0.32693942135341525,0.16844436155714324,0.49094532335627433,0.05165054084523435,0.41610963674132956,0.17324108484698433,0.4327884219524079,0.1592991155293733,0.78539741290587,0.87266,0.4407211004823548,0.41802247396828407,0.6080801639507304,0.3498059659948204,0.5512699236911177,0.5859240643079959,0.512235582610387,0.43838775235207106,21,71,24,10,13,24,100,100,31,35,41,36
-0.0012660999932416284,0.0008763323434583227,0.9438666592916115,0.0010590628051195088,0.005790429416465643,-0.7072613989414375,0.7069276220947576,0.008444729793848598,0.0004330578007712457,-0.3811793327620447,0.5841850414906233,-0.21265254000958905,-0.0017432880595464788,0.009135821141262537,0.0004387188444762955,-0.37232632867923743,0.5693658700844765,-0.20665950030780006,-0.0024342820895000327,0.5758106580327147,-0.3984065933518567,0.38966379475538837,0.21233363016819293,-1.458179175860352,1.5708,0.28199930693909747,-0.32177090523640617,-0.26632928675949025,-0.2144410749073755,0.5458344652959047,-1.6468718811033687,-1.5305666752346405,-0.2096873877882862,0.36570684625174604,0.28956017600235073,0.6884643569775202,0.3106280628564668,0.17561060492601563,0.4749559082931488,0.05601501589252649,0.40332770051105665,0.17009622842769329,0.4108050226391582,0.15847432528475833,0.7853946029257743,0.87266,0.4417014519232,0.4182517578721186,0.5920359280957997,0.35274545824767545,0.5508625463904098,0.5801466928713368,0.5123360786687169,0.4373755748323158,21,70,23,9,12,22,100,100,31,34,41,36
-0.0012743066518550999,0.000879015471219483,0.9438609073978526,0.0010336878741675568,0.0058183982885128245,-0.707181877174306,0.7070069803947904,0.008520818131670846,0.00035410913229581923,-0.38127204636507905,0.5842724547546151,-0.21267346323096173,-0.0017510422951173131,0.009211814674602158,0.00035978299416118567,-0.3724576993658129,0.5695995418426706,-0.2067574362716946,-0.002442065199105132,0.5748851780190083,-0.39770865048046156,0.3917554079410278,0.21306932613183166,-1.4577019259782327,1.5708,0.27667631450343677,-0.3193431627992148,-0.26632326231026726,-0.21497031828184973,0.5467433528881585,-1.6454717128989946,-1.5307712055348293,-0.20565942508042723,0.36366573042460487,0.28956017600235073,0.6884643569775202,0.3106280628564668,0.17561060492601563,0.4749559082931488,0.05601501589252649,0.40332770051105665,0.17009622842769329,0.4108050226391582,0.15847432528475833,0.7853946029257743,0.87266,0.4417014519232,0.4182517578721186,0.5920359280957997,0.35274545824767545,0.5508625463904098,0.5801466928713368,0.5123360786687169,0.4373755748323158,21,70,23,9,12,22,100,100,31,34,41,36
-0.0012652301755605607,0.0008401637666987614,0.9438709883514979,0.0010947374669269467,0.005785351521111836,-0.7072745661384263,0.706914435664852,0.008382711489876201,0.00046877409631011855,-0.3812771531278229,0.5843352816143625,-0.21273765845289805,-0.0017504822126183201,0.00907392514836444,0.00047446740592315296,-0.3726028255102253,0.5697944952318542,-0.20684963854925306,-0.0024416486831867227,0.5716737534151315,-0.3980670499253916,0.3958477497551194,0.21304821642255575,-1.4596749125904944,1.5708,0.2693200501946335,-0.31720603092464605,-0.26712201714644346,-0.2171390885245276,0.5470190729086032,-1.6460134591438114,-1.529873986323533,-0.20146526545874974,0.36050381521168867,0.28593877488409525,0.6651211192841642,0.29472217925134175,0.1738818650285615,0.4606885572430885,0.06113556757178258,0.3921171714728167,0.16928185779871271,0.3976482420454344,0.1591580405659346,0.7853704126623415,0.87266,0.43566947185526,0.41836845058590694,0.5809572761358405,0.3579007245257537,0.5401843602273206,0.5798566889628254,0.5016287629604119,0.4423896352472614,20,66,22,8,12,22,100,100,31,33,41,36
-0.0012747197129353983,0.0008503195360243919,0.9438645640274459,0.001070536700952912,0.00584102174323828,-0.7071854859361586,0.7070031293406033,0.008497143302853926,0.0003758402328256854,-0.3813973146646731,0.5843772917392409,-0.21274617453574643,-0.0017523204254429132,0.009188194289706552,0.0003815603179421531,-0.37273975878058063,0.569957210954588,-0.2069301081893067,-0.002443442975515522,0.5707445747319281,-0.3973693908509639,0.39785399631864193,0.21350456541119536,-1.4597658801936464,1.5708,0.2638399825239023,-0.31571202914448815,-0.26713505489530126,-0.21823889189910875,0.5478048162720489,-1.6459737073466327,-1.5296350621830401,-0.19804906334266575,0.3580861044636901,0.28593877488409525,0.6651211192841642,0.29472217925134175,0.1738818650285615,0.4606885572430885,0.06113556757178258,0.3921171714728167,0.16928185779871271,0.3976482420454344,0.1591580405659346,0.7853704126623415,0.87266,0.43566947185526,0.41836845058590694,0.5809572761358405,0.3579007245257537,0.5401843602273206,0.5798566889628254,0.5016287629604119,0.4423896352472614,20,66,22,8,12,22,100,100,31,33,41,36
-0.0012489788751178202,0.0008105937813856305,0.9438824216068749,0.001118053536811318,0.0058465114808387945,-0.7072707888594991,0.7069176751828,0.008417331800673966,0.00047347130926439615,-0.3814281479467356,0.5844039121350417,-0.21279002787472276,-0.0017403189905079645,0.009108474245328079,0.000479228961944451,-0.3728799474203464,0.570074717034802,-0.20699368207584584,-0.0024314922221171024,0.5676365511378797,-0.3982613594409394,0.4018309880434431,0.21333306238735542,-1.4624421132614793,1.5708,0.25654088520667584,-0.3145079085504084,-0.2674294747927748,-0.22101608617838522,0.5493922013859904,-1.6470363161948232,-1.5284880291989578,-0.19484665635120554,0.355650742554187,0.28194354169335495,0.6400897380517554,0.2880156643340909,0.16753923380705898,0.4495749812447969,0.0662840794256556,0.3803098445501499,0.17003118000647147,0.39285898876479186,0.16077889293567668,0.7852409615917212,0.87266,0.4292521405417721,0.4183738174733568,0.5749079649484281,0.3646234710050481,0.5288379398535205,0.5835575811018631,0.4875779549106466,0.45207760013258524,20,62,21,7,11,22,100,100,31,33,40,35
-0.0012560997641554502,0.0008244161929101937,0.9438769273701465,0.0011039204369189249,0.005912241453715064,-0.707187414146895,0.7070005573073402,0.008532428616125916,0.0003819417850889298,-0.3815708996549803,0.5844161710837039,-0.212776098789551,-0.0017374763790029282,0.009223390771477,0.0003877451619118667,-0.3730193941647031,0.5701693929071548,-0.20703774891943597,-0.0024285458963978017,0.5666516896670892,-0.3977138001419859,0.40369213196467635,0.21360057880954736,-1.4629393019278212,1.5708,0.25122187396825335,-0.313800448275588,-0.267233962044926,-0.22244312067666702,0.5507764814049734,-1.6476575029834324,-1.5280527573806932,-0.1922534372516792,0.3536530329371836,0.28194354169335495,0.6400897380517554,0.2880156643340909,0.16753923380705898,0.4495749812447969,0.0662840794256556,0.3803098445501499,0.17003118000647147,0.39285898876479186,0.16077889293567668,0.7852409615917212,0.87266,0.4292521405417721,0.4183738174733568,0.5749079649484281,0.3646234710050481,0.5288379398535205,0.5835575811018631,0.4875779549106466,0.45207760013258524,20,62,21,7,11,22,100,100,31,33,40,35
-0.0012165459930635549,0.0007667439648315461,0.9438998758094015,0.0011654128399531483,0.005926844132666655,-0.7072947588697678,0.7068929469211703,0.008430476164276723,0.0005159526028624385,-0.3815966588897926,0.5844158162011363,-0.21281644489210175,-0.001714794372965412,0.009121552447553727,0.0005218158206896101,-0.3731490951981629,0.5702252542017443,-0.2070749980921385,-0.002405909216117072,0.5630338206439574,-0.3989437136973798,0.407547312044212,0.2136285819615938,-1.4657992475516284,1.5708,0.244346438972113,-0.3136389766735576,-0.26769128195401,-0.2256357166416117,0.5514354490348728,-1.6490733989601734,-1.5266468986426276,-0.1899829335682539,0.35092624687778756,0.278380399665531,0.6208015372559592,0.2849629263927201,0.16190674215160794,0.439936295730903,0.07041595444353446,0.36350920045069735,0.17087939256964818,0.4007683322426396,0.16272126986022117,0.7847331580458534,0.87266,0.42683676193664466,0.4182259531791278,0.5792194168930447,0.37229374800860393,0.5320710924796699,0.5892970090805838,0.4845918012802394,0.46384187850925174,19,59,21,6,10,22,100,100,30,33,40,35
-0.001220162212209084,0.0007883863388117695,0.9438947953349993,0.0011593264718821052,0.006001048028263271,-0.7071954940154996,0.7069916383019443,0.008539981958443443,0.00041407606221887576,-0.38176408546734475,0.5843953205919815,-0.2127814415028067,-0.0017040305363369927,0.009230886988805795,0.0004200039417996599,-0.37328913319877444,0.570263193659594,-0.2070884349322365,-0.0023950388780458166,0.5619856636535258,-0.398520275936395,0.4093080400644662,0.21385099651646106,-1.4664631861901494,1.5708,0.23939933510076145,-0.3137222933863193,-0.2675185797095252,-0.2272419178578902,0.5524032085307924,-1.650059419289149,-1.5260819222724158,-0.1881450802941846,0.3488226684368465,0.278380399665531,0.6208015372559592,0.2849629263927201,0.16190674215160794,0.439936295730903,0.07041595444353446,0.36350920045069735,0.17087939256964818,0.4007683322426396,0.16272126986022117,0.7847331580458534,0.87266,0.42683676193664466,0.4182259531791278,0.5792194168930447,0.37229374800860393,0.5320710924796699,0.5892970090805838,0.4845918012802394,0.46384187850925174,19,59,21,6,10,22,100,100,30,33,40,35
-0.0011702217079437008,0.0007293662596994999,0.943917224039464,0.0012361330229999949,0.006038930720991888,-0.7073159879738841,0.7068706362888647,0.008437616848364192,0.0005657464077117974,-0.3818322109189727,0.5843615767194021,-0.21280063841553623,-0.0016712207000359328,0.009128631297975127,0.0005717630793315249,-0.3734517246419725,0.5702558693317265,-0.2070886732221259,-0.002362270469878852,0.5579619638326062,-0.3997329296707783,0.4129183182234402,0.21384283921050273,-1.4689559574471578,1.5708,0.2333246072263051,-0.31446928757064735,-0.2678133707297793,-0.23029643476858686,0.5523337434963789,-1.6514805510715684,-1.5247887777571556,-0.18653911410387086,0.3457921518124571,0.2759666442166079,0.6078374584649481,0.2769607488519588,0.15454536224571633,0.4277762028598231,0.07282196063057873,0.3615687957482076,0.17081273844551453,0.41239719924929,0.1642238238132631,0.783248982409835,0.87266,0.4211894698891367,0.4171400704050608,0.5789385236032288,0.3793604639768813,0.5291369671142647,0.5947981385298835,0.4807778554389038,0.4741801618005149,19,56,20,6,10,23,100,100,30,33,40,35
-0.001169966791296273,0.0007547562270736145,0.9439132885257182,0.0012327359331433334,0.006111064322095191,-0.7072030349905766,0.7069830284774078,0.008535197354455312,0.0004486925695636208,-0.3820069711412134,0.5843271104881316,-0.21274498335728537,-0.0016531747813137568,0.009226059799954502,0.00045478757703541734,-0.37357830710545953,0.570260079057879,-0.20707538639397552,-0.0023441303215286455,0.5568601854940283,-0.3993873239609995,0.41457349076148453,0.21394288654640173,-1.4695291408073672,1.5708,0.22895596958413036,-0.3152388055624459,-0.2675741260519142,-0.23181369895452167,0.5529700586871619,-1.6525558505597122,-1.524302191292728,-0.18520914418638393,0.34353097530571847,0.2759666442166079,0.6078374584649481,0.2769607488519588,0.15454536224571633,0.4277762028598231,0.07282196063057873,0.3615687957482076,0.17081273844551453,0.41239719924929,0.1642238238132631,0.783248982409835,0.87266,0.4211894698891367,0.4171400704050608,0.5789385236032288,0.3793604639768813,0.5291369671142647,0.5947981385298835,0.4807778554389038,0.4741801618005149,19,56,20,6,10,23,100,100,30,33,40,35
-0.001113455065970279,0.0007010874016610959,0.9439288564485608,0.0013151220802486772,0.0061931894522572455,-0.7073428140448297,0.7068423150020545,0.008480570835877381,0.000626960356915801,-0.3821481131189913,0.5842712814872019,-0.21274107051403215,-0.0016133967272515723,0.009171459260562247,0.0006331763390710061,-0.37380397964849016,0.5701929147219903,-0.20703381966243073,-0.002304343167958116,0.5523046165207235,-0.4002492807067772,0.4178785625471367,0.21359582722264336,-1.4711979922288736,1.5708,0.22404769560239357,-0.3166178903241964,-0.2670411494073206,-0.2347977437277727,0.5525477428727433,-1.6527792013937166,-1.5232598389381753,-0.18443725487265786,0.34035876307751334,0.27501308357978077,0.5991965602311269,0.25618525700742933,0.14693752439615063,0.42444351410643244,0.07350825899904793,0.37674682469537357,0.16993633881491807,0.41609769868924595,0.16458926085204567,0.7799997378479823,0.87266,0.4128178235990207,0.4140162539299026,0.5746709143294223,0.38388797022960225,0.5189913158125441,0.5983302049703758,0.4750170820834312,0.4809756536030324,18,55,18,5,11,23,99,100,30,33,40,35
-0.001104100349004212,0.0007241929307818867,0.9439272612916425,0.0013124689061838623,0.0062423239159864275,-0.7072128189122204,0.7069719510586887,0.008535914686340526,0.0004916725973954575,-0.38230319886929903,0.5842500188632748,-0.21267656581092298,-0.0015871647341405145,0.009226711567863923,0.0004979688501611819,-0.3738892690547307,0.5701927500142396,-0.20700618254330774,-0.0022780427572848872,0.5511291255813602,-0.3999153586188616,0.4194455390987209,0.2134777750038723,-1.4714824457033122,1.5708,0.22047618194066662,-0.3178682950572594,-0.2666323790929589,-0.23615643143127615,0.5529955824451479,-1.6532613589724083,-1.5229276135072694,-0.18356279209922097,0.3380108774841383,0.27501308357978077,0.5991965602311269,0.25618525700742933,0.14693752439615063,0.42444351410643244,0.07350825899904793,0.37674682469537357,0.16993633881491807,0.41609769868924595,0.16458926085204567,0.7799997378479823,0.87266,0.4128178235990207,0.4140162539299026,0.5746709143294223,0.38388797022960225,0.5189913158125441,0.5983302049703758,0.4750170820834312,0.4809756536030324,18,55,18,5,11,23,99,100,30,33,40,35
-0.0010380618515470916,0.0006734493390536248,0.9439396750611091,0.0013895709853788461,0.006334707091058794,-0.7073711606161144,0.7068125506151954,0.008490763831261638,0.0006935149832301627,-0.3824514678226514,0.5841989897130097,-0.2126714179981739,-0.0015369553674913741,0.009181572719468702,0.0006999362901815416,-0.37411732898564204,0.57010241606866,-0.20694753360800308,-0.0022278203181654607,0.5460229992613381,-0.40012814758029785,0.42246179931076416,0.21239433432944763,-1.4721275862142582,1.5708,0.21697369972111197,-0.31951747520351076,-0.2660371139068145,-0.23884021424495389,0.5525948130645626,-1.6531182010162657,-1.5218121572164285,-0.18316871164887136,0.3348923863616847,0.27511056021850466,0.593919853943695,0.2371535934317375,0.14142647275005332,0.4161263046356862,0.07319528655758033,0.3977821437056474,0.16906360437575085,0.4206192882758027,0.16385857876069823,0.774690498623293,0.87266,0.4143536435276056,0.4089328952170065,0.5833420242125955,0.38526246064877906,0.53222436729458,0.5999208369641195,0.48602700297744683,0.4849809747968491,18,54,17,5,12,23,99,100,30,34,41,36
-0.0010215393149722563,0.0006915521274250741,0.9439396798548897,0.001383754775435484,0.006362625458770323,-0.7072252469542564,0.7069583101502406,0.00851187918522313,0.000540968655747003,-0.38257354009478955,0.5841919809214642,-0.21261383245378188,-0.0015011586339740196,0.009202653850924118,0.0005474579164321169,-0.37415241991361775,0.5701048849074875,-0.20692342448460574,-0.002191993447519792,0.5447266896177592,-0.39974762311276013,0.4239889820400454,0.21194510741725678,-1.4720671017065774,1.5708,0.2143538605172143,-0.3210068515057741,-0.26567469095340634,-0.2399626280452064,0.553081154363967,-1.653365541592146,-1.5213893196791757,-0.18255252667142902,0.3325927305200882,0.27511056021850466,0.593919853943695,0.2371535934317375,0.14142647275005332,0.4161263046356862,0.07319528655758033,0.3977821437056474,0.16906360437575085,0.4206192882758027,0.16385857876069823,0.774690498623293,0.87266,0.4143536435276056,0.4089328952170065,0.5833420242125955,0.38526246064877906,0.53222436729458,0.5999208369641195,0.48602700297744683,0.4849809747968491,18,54,17,5,12,23,99,100,30,34,41,36
-0.0009577545666448963,0.0006469699246898679,0.9439488610996757,0.0014640694632819917,0.00647441100451645,-0.707400639629085,0.7067816307425602,0.008490586689070477,0.0007648649455620508,-0.38275410706161844,0.5841327925089858,-0.21260659093935164,-0.0014475779346251663,0.00918133975573816,0.0007714870616670473,-0.37441036741183154,0.5699838273945979,-0.2068494571837694,-0.002138388099405111,0.5390538197139714,-0.39902618663024886,0.42695257970715567,0.20961358154216891,-1.4717232547131553,1.5708,0.2123426613906288,-0.3225362321256012,-0.2649244466819761,-0.24232432556015443,0.5536901075587701,-1.6530760176054882,-1.5198514320587444,-0.18252855780476776,0.3302840372115738,0.27574814644755075,0.5913423691576423,0.23752733823775957,0.1393795855098994,0.4213151335952803,0.07299151936740998,0.4043792439320907,0.1689735977462255,0.43756482960975573,0.16348261738652614,0.7683202039331464,0.87266,0.4120898118614288,0.40417622723349866,0.5787954938710279,0.38492231343085787,0.5336870055676288,0.6015884554311688,0.4855327955464521,0.4884867914853913,19,54,17,5,12,24,98,100,29,34,41,36
-0.0009338205394701074,0.0006566212627677852,0.9439505044988813,0.0014538695760338775,0.006478876028318281,-0.707241516889205,0.7069408371405077,0.008476893702310851,0.0005983880908094671,-0.3828361857856204,0.5841438924989848,-0.2125590345560504,-0.0014056474095879882,0.00916766820881958,0.0006050653661679398,-0.3743927237519176,0.5699971914703221,-0.2068331262384349,-0.002096464280718708,0.5375605863620457,-0.3984970561502207,0.42857966844977574,0.20868170712067047,-1.4713765549652116,1.5708,0.2107439018483089,-0.32402314378108205,-0.26457438770529196,-0.24317582529373674,0.5546584834006739,-1.6532650472325428,-1.5190269633321871,-0.1822044578262715,0.3285222351965747,0.27574814644755075,0.5913423691576423,0.23752733823775957,0.1393795855098994,0.4213151335952803,0.07299151936740998,0.4043792439320907,0.1689735977462255,0.43756482960975573,0.16348261738652614,0.7683202039331464,0.87266,0.4120898118614288,0.40417622723349866,0.5787954938710279,0.38492231343085787,0.5336870055676288,0.6015884554311688,0.4855327955464521,0.4884867914853913,19,54,17,5,12,24,98,100,29,34,41,36
-0.0009288374110250175,0.0006531972313225062,0.9439512774289902,0.0014429985132501455,0.006473800146880592,-0.7071669846520118,0.7070154619844818,0.008478113891841875,0.0004074788781623516,-0.3828588741257875,0.5841751961888357,-0.2125316190076366,-0.001383213133791094,0.009168917159114835,0.0004141743602803095,-0.374344236043676,0.5700115006214788,-0.20684988378332828,-0.0020740417888161565,0.5370084356591178,-0.3981895628155032,0.4294006096552476,0.20822767747474558,-1.4709568267276043,1.5708,0.2094067048106756,-0.32529831333077525,-0.264326272255806,-0.24351730080355033,0.555485980001201,-1.6535213533231903,-1.518532422649227,-0.18189942157484681,0.32707965527684807,0.27574814644755075,0.5913423691576423,0.23752733823775957,0.1393795855098994,0.4213151335952803,0.07299151936740998,0.4043792439320907,0.1689735977462255,0.43756482960975573,0.16348261738652614,0.7683202039331464,0.87266,0.4120898118614288,0.40417622723349866,0.5787954938710279,0.38492231343085787,0.5336870055676288,0.6015884554311688,0.4855327955464521,0.4884867914853913,19,54,17,5,12,24,98,100,29,34,41,36
-0.0008887421847234734,0.000609352012536957,0.9439554987312778,0.0015464391236091246,0.006598503145123159,-0.7074074631465114,0.7067734781150874,0.008469177972841148,0.0007222199214095039,-0.3830582402057061,0.5840990177173767,-0.21254517891089902,-0.0013508712514088165,0.009159947929268155,0.0007290458850928272,-0.3746572715668234,0.5698561295774853,-0.20677031378006583,-0.0020416840657563845,0.5308247527810688,-0.39606314487938793,0.43245821716776894,0.20416534940878875,-1.469504784330697,1.5708,0.2092949695617357,-0.32604367194061523,-0.2637463924808193,-0.24579345715079676,0.5571683296180953,-1.653330593662474,-1.5158138714481793,-0.18227870249469844,0.32622068395386566,0.2767741731549206,0.588902800289082,0.25049304018497504,0.14059414268306974,0.4348820491099302,0.07393884917880746,0.4076609341647381,0.17065750886184214,0.4521183972038506,0.1664760315866216,0.7629535433760666,0.87266,0.411868172499718,0.4037146312795775,0.5712576960843446,0.385491657286151,0.5285070952405124,0.6059734206438794,0.48117317251448055,0.4929277381338596,19,53,18,6,13,25,97,100,29,33,41,36
-0.0008562337794061056,0.0006086468551332589,0.9439586963670021,0.0015346533646385682,0.00657651149999385,-0.7072459949593117,0.7069352848384031,0.008410643723292505,0.0005878408834901077,-0.38308799081374323,0.5841224552765315,-0.21252087076608978,-0.0013124484871386431,0.009101497262244618,0.0005947034811625609,-0.3745943385971469,0.5698893526916087,-0.2067666958440962,-0.0020033188446592714,0.5291846712048652,-0.3952523463353383,0.4342802040247425,0.20261594150599563,-1.4689131431208082,1.5708,0.2090145073714379,-0.32705123459343083,-0.26349448497733324,-0.24643091986402446,0.5585795050787618,-1.65359985688021,-1.5140204651099685,-0.18231505967644743,0.3255132267616845,0.2767741731549206,0.588902800289082,0.25049304018497504,0.14059414268306974,0.4348820491099302,0.07393884917880746,0.4076609341647381,0.17065750886184214,0.4521183972038506,0.1664760315866216,0.7629535433760666,0.87266,0.411868172499718,0.4037146312795775,0.5712576960843446,0.385491657286151,0.5285070952405124,0.6059734206438794,0.48117317251448055,0.4929277381338596,19,53,18,6,13,25,97,100,29,33,41,36
-0.0008479856714024641,0.0005730817225330899,0.9439504609380409,0.0016480942094841287,0.0067139536107309085,-0.707486450777786,0.706693093625685,0.008436354684696916,0.0009305266189529558,-0.3833370275013608,0.5840457543188264,-0.2125255756324683,-0.0012915819054775863,0.009127148601656627,0.0009375452058853293,-0.37495872269376496,0.56973739018208,-0.20666889339709588,-0.0019824096325181204,0.5216802742348284,-0.3904448931211969,0.43904050672066697,0.1955714135747875,-1.465808372961475,1.5708,0.21134741592702316,-0.32678579635720184,-0.2635963802175433,-0.25019660429938856,0.5615949878698755,-1.6537396467394319,-1.5077703782054548,-0.1827686631284808,0.3257352160722527,0.2776333638390924,0.5824603275077193,0.2195155752637631,0.14529866022852791,0.4459949618831061,0.07686714514451101,0.4397720427949979,0.17667732398489577,0.45718725223066264,0.17709241564089762,0.7601069288193564,0.87266,0.4159370585848924,0.41187864447523,0.5732724867195543,0.38996502342547507,0.5320323461702756,0.6146161863800002,0.48446128555877527,0.4977084043945823,19,52,16,7,15,26,97,100,30,33,41,36
-0.0008016911727716078,0.0005574755441876187,0.9439547834604374,0.001632492425307897,0.0066571684806516936,-0.7072849829177059,0.7068953034328366,0.008319445478017187,0.0007390704954765069,-0.383319514998125,0.5841011878577418,-0.21251213521140982,-0.0012491308051506974,0.009010418253096139,0.0007461109661030908,-0.3748329557522799,0.569822776756337,-0.20669325900256472,-0.0019400862957974618,0.5196466656319586,-0.38894679698162965,0.4419083895666809,0.19297121182832344,-1.4647969075480258,1.5708,0.2127170368518223,-0.3272326383741187,-0.2634771650160605,-0.25118274092586884,0.5636963425656973,-1.6542982936074395,-1.5034135425325792,-0.1828799164925974,0.3258520126593315,0.2776333638390924,0.5824603275077193,0.2195155752637631,0.14529866022852791,0.4459949618831061,0.07686714514451101,0.4397720427949979,0.17667732398489577,0.45718725223066264,0.17709241564089762,0.7601069288193564,0.87266,0.4159370585848924,0.41187864447523,0.5732724867195543,0.38996502342547507,0.5320323461702756,0.6146161863800002,0.48446128555877527,0.4977084043945823,19,52,16,7,15,26,97,100,30,33,41,36
-0.0007800053462987573,0.0004964021413749843,0.94392829279996,0.0017648686509140917,0.006725385095377101,-0.707323805143289,0.7068554937974116,0.008199657522567724,0.000883271595066875,-0.38361729451267895,0.5841381503337999,-0.21251573461050718,-0.0012192738412447788,0.0088908249916166,0.0008905122137202733,-0.37515518189789726,0.5698441062266519,-0.2066429761064969,-0.0019103660081958638,0.5082156201691073,-0.37788064982059805,0.4537656880819979,0.17839048407276914,-1.4567677247007935,1.5708,0.22355831502284518,-0.3261311371209786,-0.2633515457074756,-0.25841239242156877,0.5707669133929538,-1.6536318356107371,-1.4828045401881584,-0.18349457856377255,0.3277308547251209,0.27718615812485387,0.5693701050450202,0.21247950727715076,0.15651093459601984,0.4660819736976013,0.08296248066429847,0.4634187583386907,0.19188601836701924,0.4393440880624088,0.20012702676262348,0.7588340776491693,0.87266,0.4185741289116082,0.4318828142367793,0.5811546030610709,0.4012864157778016,0.5333013227095231,0.6267619239179825,0.4886971647467805,0.5004261612926179,19,50,15,9,17,25,96,100,30,34,41,36
-0.0007569552176219074,0.0004554318221163749,0.9439257387503427,0.0017427517523025205,0.006645775476017314,-0.7072131103383262,0.7069670523088348,0.008078096605569773,0.0006009107081859299,-0.3834813112608914,0.5842377339609619,-0.212575256254362,-0.00117862840736106,0.008769573722905743,0.0006081135026878439,-0.37495965257852615,0.5699938072530866,-0.20678984518699425,-0.0018699699141484282,0.5071923949981791,-0.3775258824451306,0.45625183470474795,0.17689489115290483,-1.456114504291599,1.5708,0.22667242184489753,-0.32638921554331957,-0.26282688932736525,-0.25805123804013175,0.5723393933419787,-1.6539258874235707,-1.4762577105474304,-0.18349200752697584,0.3283602138450458,0.27718615812485387,0.5693701050450202,0.21247950727715076,0.15651093459601984,0.4660819736976013,0.08296248066429847,0.4634187583386907,0.19188601836701924,0.4393440880624088,0.20012702676262348,0.7588340776491693,0.87266,0.4185741289116082,0.4318828142367793,0.5811546030610709,0.4012864157778016,0.5333013227095231,0.6267619239179825,0.4886971647467805,0.5004261612926179,19,50,15,9,17,25,96,100,30,34,41,36
-0.0008085188222017106,0.00039472536327164845,0.9438632825982594,0.0019126503895850494,0.006739175846306517,-0.7073453342189159,0.7068334340112457,0.008036167780868944,0.0009217371690173586,-0.3838987718970007,0.5843534391474426,-0.21264469730231825,-0.0012301289489598968,0.008727691641491387,0.0009291418349702608,-0.3754974831891838,0.5701324639093998,-0.20678182531784778,-0.0019215516108356265,0.4940633931932988,-0.3614546323134439,0.47254425643575276,0.15852989564948558,-1.4423160910445791,1.5708,0.24825719684056405,-0.3284760230428703,-0.2624961473990996,-0.26814558085162127,0.5792438747964203,-1.6492241694369398,-1.442074879916609,-0.1840027124435975,0.33042624526248,0.2764170438833775,0.5524352451260893,0.24731172383760985,0.18131134768186594,0.49149627144125135,0.09507703789519385,0.45271784798874054,0.2217331731580546,0.3787396241820082,0.2394969597519277,0.7544559366738341,0.87266,0.4040846149010615,0.46346251374303815,0.5892909440614331,0.42099113939958627,0.5446801887541178,0.6384926308864868,0.5133672017375026,0.4975188616378158,19,47,18,11,17,23,96,100,30,35,42,38
-0.0007761725682394896,0.00033680706992459953,0.943858525124627,0.0018908159413984832,0.006611913311541376,-0.7072264931254458,0.7069536016167681,0.007828519380405196,0.0006361092581692767,-0.38369141900745063,0.5845152871076754,-0.21276285020912605,-0.0011876195368790904,0.00852051224451933,0.0006434466505524399,-0.37526045739968306,0.5704027579923053,-0.2070057810903302,-0.0018794088304239513,0.4928379243481183,-0.3613101788486219,0.4758619866209283,0.15635231268466204,-1.441275100105562,1.5708,0.254693315139306,-0.32992366249612304,-0.26174665357927834,-0.26707072628149786,0.5808398077784579,-1.6485354137502948,-1.4310906851723144,-0.183559037985141,0.33137778230786596,0.2764170438833775,0.5524352451260893,0.24731172383760985,0.18131134768186594,0.49149627144125135,0.09507703789519385,0.45271784798874054,0.2217331731580546,0.3787396241820082,0.2394969597519277,0.7544559366738341,0.87266,0.4040846149010615,0.46346251374303815,0.5892909440614331,0.42099113939958627,0.5446801887541178,0.6384926308864868,0.5133672017375026,0.4975188616378158,19,47,18,11,17,23,96,100,30,35,42,38
-0.0008460261250319765,0.00022339563889781813,0.9437537032835341,0.0018792289409166076,0.006503058615952392,-0.7072582787266765,0.706922842960817,0.007772053931773517,0.0007500606779603917,-0.3837051725329028,0.585188792840079,-0.21320013613907454,-0.001272690598973653,0.008464234395211104,0.0007573071798316542,-0.3753736589218016,0.5711954723956753,-0.2074516922531758,-0.001964624656659113,0.47539334257709565,-0.34149077140146444,0.4933087852159486,0.13279225252828075,-1.4176832234121806,1.5334548677371962,0.3045566461154575,-0.34601490528942996,-0.2618228102903147,-0.28073705185293885,0.5886201226857505,-1.636550275172858,-1.3581032632847265,-0.1821175802347235,0.33285921850806427,0.2803716981690089,0.5419558519648023,0.28916512072616185,0.2300839627636093,0.5087198786316323,0.118793182636531,0.41527938361615585,0.2688511288424447,0.2981995557997227,0.31394524435945353,0.7383631981189905,0.87266,0.38566530009343186,0.5003692635590028,0.6030021983052231,0.44690329231236775,0.5822484009032959,0.6426271064449511,0.5670593065686722,0.4848651111144554,19,46,23,13,16,20,94,100,30,37,45,40
-0.0008289819076705214,0.0001887793439282088,0.9437487784355316,0.0018681247483045824,0.006421896106951102,-0.7071887592154016,0.706993159938409,0.007634614833346061,0.0004996150148685286,-0.3835784845457765,0.5853243336769285,-0.21335731764884813,-0.00122959077311128,0.008327116197052222,0.0005067723361037917,-0.37526632663732057,0.5714621661035219,-0.20772509831953617,-0.0019218912535587142,0.47454637166280733,-0.343083449549312,0.49312962883048206,0.13100634353044194,-1.4180186585631849,1.5279337287438024,0.31396206444199226,-0.34897778393903367,-0.2607412651136195,-0.277521021749187,0.5894650331521003,-1.6348929413367557,-1.344103617855858,-0.18099376491262126,0.33386420680049955,0.2803716981690089,0.5419558519648023,0.28916512072616185,0.2300839627636093,0.5087198786316323,0.118793182636531,0.41527938361615585,0.2688511288424447,0.2981995557997227,0.31394524435945353,0.7383631981189905,0.87266,0.38566530009343186,0.5003692635590028,0.6030021983052231,0.44690329231236775,0.5822484009032959,0.6426271064449511,0.5670593065686722,0.4848651111144554,19,46,23,13,16,20,94,100,30,37,45,40
-0.0009207189153650981,0.00012750255338305692,0.9436268886508209,0.0017849593202258112,0.00615520382531352,-0.7071497715310399,0.7070347431418712,0.007465406592217016,0.0003413823732050322,-0.38351299431683883,0.5864405708263225,-0.21409528652936968,-0.0013211806139450744,0.008158390271162424,0.00034817505673131067,-0.3754056404015215,0.5729728759310513,-0.20865509321302622,-0.0020140058119731043,0.4530167160711431,-0.3254912085806381,0.4934899053260673,0.10202094645008097,-1.3898474831558378,1.4304391392775135,0.4185094376932575,-0.38664668106264727,-0.2603678640678253,-0.2858800771648683,0.5923618121440601,-1.611405992417211,-1.2107343224218596,-0.1750495115285508,0.33291116388527675,0.29300083082326983,0.5515809326371769,0.3075018814601721,0.317203407553784,0.5829570394861906,0.16091171249175346,0.4528567412906143,0.3497161164449277,0.3115212874610525,0.42132291776374414,0.701185660469579,0.87266,0.39255090324522984,0.5311485463436507,0.6226531046995225,0.4716387616967471,0.6093363123199758,0.6306558145657056,0.6029117902499697,0.4592998598438004,21,47,26,19,21,24,89,100,32,38,46,41
-0.0009145992112220329,0.00013360542194666865,0.9436239718871211,0.0017780693671180154,0.00614951291945349,-0.7071220552494973,0.7070625297241436,0.0074556734295556665,0.00021711291205199447,-0.38354352622762883,0.5865074409743312,-0.21414200944188594,-0.001294237695843276,0.008148703057301167,0.00022387725324990598,-0.37549089633612354,0.5731712001286947,-0.20879406729641634,-0.0019872137422756423,0.45287212498273605,-0.32726301044404343,0.4902353720840009,0.10045605233499358,-1.3928821555924662,1.4222640943884908,0.42887678882082264,-0.3883727022627958,-0.2593924845268832,-0.28157124800108874,0.5919552713392108,-1.6091527251590145,-1.1983457972328464,-0.17370760063169474,0.33400351246703075,0.29300083082326983,0.5515809326371769,0.3075018814601721,0.317203407553784,0.5829570394861906,0.16091171249175346,0.4528567412906143,0.3497161164449277,0.3115212874610525,0.42132291776374414,0.701185660469579,0.87266,0.39255090324522984,0.5311485463436507,0.6226531046995225,0.4716387616967471,0.6093363123199758,0.6306558145657056,0.6029117902499697,0.4592998598438004,21,47,26,19,21,24,89,100,32,38,46,41
-0.0010283419757983283,0.00017737622829852454,0.9434941635175688,0.0017635359139764797,0.005797096333281939,-0.7071175447107205,0.7070700542219733,0.007081024338808664,0.00019703993499459573,-0.3835983785722626,0.5876170146860299,-0.2146973183659211,-0.0014092672284923594,0.007774867175730639,0.0002034463681952066,-0.37594322719971174,0.5749438549819832,-0.20960120834551804,-0.002103006722689561,0.4285543382627596,-0.30781915793720077,0.47602892279826187,0.06653903945857192,-1.365259992965081,1.309634036759745,0.5775861198683073,-0.4183881017962205,-0.25932576283564207,-0.28909663062751134,0.5873300115516843,-1.571715981383782,-1.0366926632285838,-0.16515468558379254,0.33342235890884775,0.30920125619296146,0.5870255503255758,0.36889013780105845,0.442262165125342,0.7256633098168537,0.22455404410829793,0.586874134286319,0.44091600139992504,0.38482762931893716,0.5328196380159115,0.6418782205695054,0.739582694573944,0.4422925949408505,0.5450014427828862,0.646449220427186,0.483745211873267,0.6323892493988477,0.5972959054023513,0.6500348597490682,0.42185987703476646,24,53,34,31,32,30,81,80,35,40,46,43
-0.0010237496441845427,0.00019036072039020228,0.9434896101036092,0.001754300368261092,0.005806240539089779,-0.7071018177455938,0.7070857298389613,0.007100244332260565,0.00011934043515764651,-0.3836441172847263,0.5876543465760358,-0.21470020009282198,-0.0013866018976371889,0.007794074045167193,0.0001257380082281177,-0.3760664034501995,0.5751332068046733,-0.20969462768113167,-0.0020804210065486863,0.4286302605065009,-0.30915661086643165,0.47282236587266074,0.06508129708509285,-1.3696198046811978,1.3019729829815225,0.5889514244211164,-0.4178022539515738,-0.2587005496559659,-0.2848215500721454,0.5863809704554414,-1.569007172595368,-1.0256110674742314,-0.16353698922658227,0.3344911494604338,0.30920125619296146,0.5870255503255758,0.36889013780105845,0.442262165125342,0.7256633098168537,0.22455404410829793,0.586874134286319,0.44091600139992504,0.38482762931893716,0.5328196380159115,0.6418782205695054,0.739582694573944,0.4422925949408505,0.5450014427828862,0.646449220427186,0.483745211873267,0.6323892493988477,0.5972959054023513,0.6500348597490682,0.42185987703476646,24,53,34,31,32,30,81,80,35,40,46,43
-0.0011986337998344302,0.00024164178957511591,0.9433807420008908,0.0018392348791299975,0.005423539949363164,-0.7071209219981788,0.7070694478634487,0.006609481203166504,0.0002760987597467108,-0.38367593052720134,0.5885006985253586,-0.21508244597394405,-0.001595178316509979,0.007304257682555865,0.00028220104773838637,-0.3765297229499172,0.5766567754514746,-0.2102680362247556,-0.00228971239297571,0.40069542890513715,-0.28311603178137407,0.45798218983890077,0.027445063427363206,-1.3300699759834373,1.2089818916021395,0.6981195555745843,-0.4071052382951526,-0.2606483170320808,-0.3001650391121391,0.5759855966318013,-1.5279035373862173,-0.8747654197169399,-0.15161615448638252,0.33759386389516455,0.3182589215988664,0.636250554749436,0.5263636040262606,0.5659008879108923,0.9013209251862719,0.3095276153097919,0.6998107424447354,0.5324991693853065,0.347737009066275,0.6232270125908095,0.5758986661917377,0.5859905788057894,0.5396049632755361,0.5404989820049314,0.6215763412707971,0.4730717119192195,0.62902645371586,0.5455488653027742,0.6939615856159417,0.3803725629568203,26,61,48,46,41,31,72,56,40,38,45,44
-0.0012026936330669887,0.0002462737751821841,0.9433843431118599,0.0018574319898448225,0.005411097199697864,-0.7071005226517141,0.7070898958683902,0.006561487583911694,0.00014319127636061812,-0.3836822230830127,0.588471923519495,-0.2150742288766018,-0.0015607962263749638,0.007256361385825327,0.0001493035646131621,-0.37665649722658406,0.576861388874801,-0.21039660350810974,-0.002255565929614998,0.40094550038584914,-0.28436618104343003,0.4552132156318715,0.027586844306326228,-1.3297960463098644,1.198987702074147,0.6981313777787291,-0.4029220260530676,-0.2599496892698434,-0.2952649976589502,0.5742846577555901,-1.5243236021337294,-0.8610508447084149,-0.14903403986879898,0.33862835584344103,0.3182589215988664,0.636250554749436,0.5263636040262606,0.5659008879108923,0.9013209251862719,0.3095276153097919,0.6998107424447354,0.5324991693853065,0.347737009066275,0.6232270125908095,0.5758986661917377,0.5859905788057894,0.5396049632755361,0.5404989820049314,0.6215763412707971,0.4730717119192195,0.62902645371586,0.5455488653027742,0.6939615856159417,0.3803725629568203,26,61,48,46,41,31,72,56,40,38,45,44
-0.0015146296482244814,0.00023567720890761403,0.9433590118716156,0.002159745078768428,0.004838182222215433,-0.7071141111183255,0.707079600435,0.005604647867696536,0.000172144601802537,-0.3830999620578302,0.5883691310114997,-0.21519333073376803,-0.00183300664940109,0.006301108707506493,0.0001780183382562886,-0.3771069394311297,0.5784445824979563,-0.21113441629289387,-0.0025293452982093592,0.3679631868016903,-0.2630359984740249,0.4401749960445501,-0.005553020536873395,-1.2577097013730107,1.0823663597879236,0.6981319999999902,-0.32493438772388766,-0.26341725279954864,-0.3040615742641547,0.5508733485110794,-1.482525701020203,-0.6953069680094432,-0.12055724881211582,0.3498721581489742,0.3172894959191386,0.6738821136238151,0.5245419689793691,0.6545643556771363,0.8593961443313134,0.44443184500502,0.6827105823923482,0.6142561336819601,0.34119933730086216,0.6599666209509569,0.5287651770770048,0.4909832668142127,0.5557419982867954,0.530598514556531,0.5855588716153086,0.43836241889797833,0.6452259540610482,0.4871561001037933,0.7481362216254104,0.3470137358976023,25,67,50,47,42,31,66,41,40,35,44,46
-0.0015393557580737822,0.000241169995587282,0.943358056105679,0.0021618552926770075,0.0048316021791168905,-0.7071048446519683,0.7070889057762053,0.005617346202354237,0.00010336877907572324,-0.3830230705268962,0.5882405555450718,-0.2151420836092501,-0.0018388126688210485,0.006313817080884687,0.00010923430539230491,-0.377209732265931,0.5786289361744222,-0.2112387180310876,-0.0025352523568559493,0.36800404445237805,-0.26541982585563106,0.4388351871704359,-0.0037691603381500953,-1.2560571343125868,1.069367418006183,0.6981319999999995,-0.31429248779482233,-0.26292538824735207,-0.29973349801636023,0.5487607859706843,-1.4794414989385256,-0.6839871509126241,-0.11714759105336922,0.35116818912701686,0.3172894959191386,0.6738821136238151,0.5245419689793691,0.6545643556771363,0.8593961443313134,0.44443184500502,0.6827105823923482,0.6142561336819601,0.34119933730086216,0.6599666209509569,0.5287651770770048,0.4909832668142127,0.5557419982867954,0.530598514556531,0.5855588716153086,0.43836241889797833,0.6452259540610482,0.4871561001037933,0.7481362216254104,0.3470137358976023,25,67,50,47,42,31,66,41,40,35,44,46
-0.0018858914232317582,0.00028508337326868603,0.9432843718791805,0.0023288989909275876,0.004438423689200791,-0.7070916895366645,0.7071041077612473,0.0051824140109609715,3.71748128919007e-05,-0.3823216120714702,0.5876624346729672,-0.214936792768632,-0.002184192234165544,0.005879741705408314,4.2818646824610314e-05,-0.3778843156016449,0.5803432801044123,-0.21198494658198566,-0.0028815554654406934,0.32965200587474025,-0.2582168053307146,0.4218409910289881,-0.03884241012798646,-1.2238523052418768,0.8912550744446386,0.698132,-0.1543046008584475,-0.2703154792980993,-0.302312058198931,0.5077216958993693,-1.4523829555251877,-0.5271281881695173,-0.06785170683899626,0.3691195662374527,0.31271048500019133,0.6787781810546797,0.5418004827547899,0.696064305938867,0.7160667041912255,0.5728183520481854,0.6220482433939514,0.6699437170801661,0.4163892384874991,0.6217474882572477,0.5178033050972966,0.441032379954448,0.5255094049837495,0.5372033378649144,0.6042856436239695,0.38906676354599734,0.6762597931170995,0.43622693874499324,0.7813144245603394,0.33184863984019364,25,68,52,39,40,34,65,34,39,35,45,48
-0.0019065876462109436,0.00029249001488056023,0.9432730626007814,0.00231325641427942,0.004449773534491097,-0.707091958372135,0.7071038189443694,0.005249129665002109,2.5150622702150895e-05,-0.38231898806707865,0.5876519657078424,-0.21491319849838922,-0.0022102613977311443,0.0059463996168247855,3.078884835302517e-05,-0.3779830915244217,0.5805016921479427,-0.21204370124662608,-0.0029075803712035526,0.32977857450839726,-0.2593698805630137,0.420844406992722,-0.036215622541630965,-1.2256812409570794,0.8758465212418597,0.698132,-0.13964541965716565,-0.2700236953246554,-0.2998656700532408,0.5058461734780465,-1.450762065786918,-0.5208265559581999,-0.06487411956111949,0.37007053891690006,0.31271048500019133,0.6787781810546797,0.5418004827547899,0.696064305938867,0.7160667041912255,0.5728183520481854,0.6220482433939514,0.6699437170801661,0.4163892384874991,0.6217474882572477,0.5178033050972966,0.441032379954448,0.5255094049837495,0.5372033378649144,0.6042856436239695,0.38906676354599734,0.6762597931170995,0.43622693874499324,0.7813144245603394,0.33184863984019364,25,68,52,39,40,34,65,34,39,35,45,48
-0.0020566222173556566,0.00030230955539371567,0.9431825153495107,0.0023559858223080902,0.004335989359117336,-0.7070826773164263,0.7071136655206971,0.005195855001746482,3.6519268421294354e-05,-0.38227085843179875,0.5877650027809711,-0.21496698377325926,-0.0023963780326077427,0.0058933741620265274,4.2080589463497765e-05,-0.37854835654457836,0.581637283141371,-0.21251952868756724,-0.0030939232918780766,0.28745746547711604,-0.2552310363262877,0.4013121058246079,-0.07391020093307905,-1.2547548307794312,0.7139604237369918,0.698132,-0.00013783344425691638,-0.2848220610637975,-0.31225890838199977,0.45465096268885197,-1.4551069397710994,-0.4111300301209802,-0.01821768037943417,0.3839171805468096,0.3058022798345801,0.6467290490661582,0.6298633565454839,0.6969726450947749,0.7186658310600029,0.6570637107992235,0.6667575225375416,0.6821694954176449,0.5689686444104766,0.5173282264749037,0.5417689446552063,0.4088433423730866,0.5402595141049116,0.5783894866537826,0.689822432575082,0.33837946118829243,0.727053255126557,0.4032041922865392,0.8007770622882263,0.3407589907305839,24,63,59,42,43,40,68,29,41,39,47,49
-0.0020609529891393217,0.0003073272058531275,0.9431652800907846,0.0023366404035208383,0.00434752578288041,-0.707083572874976,0.7071127633564178,0.00524867235957015,9.952830648988858e-06,-0.38233324638322624,0.5878745194374868,-0.21498345724204884,-0.0024015390766830356,0.005946144833854046,1.5511438912767294e-05,-0.3786442577643427,0.5818042699271744,-0.21257583672271954,-0.0030990509853935882,0.2877600280149591,-0.2554935336126453,0.3998879439327471,-0.0715318464879893,-1.2590051943796499,0.6977243409465673,0.698132,0.0156710081331238,-0.28412092449068566,-0.3105825227042826,0.4523194671819509,-1.4546645293367801,-0.4057996323744656,-0.014879089954958978,0.385051852566371,0.3058022798345801,0.6467290490661582,0.6298633565454839,0.6969726450947749,0.7186658310600029,0.6570637107992235,0.6667575225375416,0.6821694954176449,0.5689686444104766,0.5173282264749037,0.5417689446552063,0.4088433423730866,0.5402595141049116,0.5783894866537826,0.689822432575082,0.33837946118829243,0.727053255126557,0.4032041922865392,0.8007770622882263,0.3407589907305839,24,63,59,42,43,40,68,29,41,39,47,49
-0.002103843323353543,0.0001405260628405572,0.9431793790064621,0.0023903699330849047,0.004461029507149631,-0.7071459829755711,0.707049463693193,0.00537915157380268,0.0006129666979572427,-0.3821859444856463,0.5876978051947349,-0.21543909828679828,-0.002474770605506498,0.006076477848016124,0.0006185461011702298,-0.37877000178722214,0.5819489637768696,-0.21296929008550577,-0.0031720973166729565,0.24180719720061578,-0.262860655995508,0.3844602477102739,-0.10591566672045548,-1.320083772880171,0.6162002133997482,0.6980731529320898,0.06380844631468524,-0.31103207368305374,-0.327232483055164,0.39917728797227675,-1.488872865047559,-0.3402767770289368,0.010667860088069973,0.3863083037162677,0.287801809140844,0.6407005596567221,0.6283272399109261,0.6614088825049886,0.9284375298158546,0.6640402368784041,0.8467393831149933,0.643763341967938,0.6566650514181293,0.38740062860881225,0.5845700902341762,0.40975841849990724,0.5415720540622888,0.6563467906290281,0.8072307662633256,0.2972681346644571,0.7929928589177465,0.397792938567071,0.8211918643895386,0.3810500735925057,21,62,57,57,54,42,74,29,43,46,51,51
-0.0020853982346310616,0.00017115867100652064,0.9431630559720554,0.0024083715994163086,0.004531598689237485,-0.7070940478683974,0.7071008922555836,0.005445315035295534,0.0002598703066463326,-0.3825146895423706,0.5877989789678298,-0.2152347503850151,-0.0024568025710985904,0.00614255873641398,0.0002655869866227456,-0.3790168250765884,0.5820079340225163,-0.21287103095333015,-0.003154087004296188,0.24274969169223623,-0.2616172078407385,0.38209152871138347,-0.10559042652929816,-1.3277092715504066,0.6011181946811359,0.6981290576466045,0.07702424952108478,-0.30906945608285924,-0.32620682958242997,0.39467439837389684,-1.4908884287968884,-0.3327905881115048,0.01545785705699438,0.38820689436451267,0.287801809140844,0.6407005596567221,0.6283272399109261,0.6614088825049886,0.9284375298158546,0.6640402368784041,0.8467393831149933,0.643763341967938,0.6566650514181293,0.38740062860881225,0.5845700902341762,0.40975841849990724,0.5415720540622888,0.6563467906290281,0.8072307662633256,0.2972681346644571,0.7929928589177465,0.397792938567071,0.8211918643895386,0.3810500735925057,21,62,57,57,54,42,74,29,43,46,51,51
-0.0020710817538046144,0.0001792455188478603,0.9431467525532292,0.002404023283632068,0.004563365953596703,-0.7070785005468694,0.7071162495853248,0.005487621146165353,9.300476528745455e-05,-0.3826995629583855,0.5879515254309033,-0.21515731478268932,-0.002443521814462048,0.006184809089313219,9.879083016902615e-05,-0.3791516632198918,0.5821120073344205,-0.21283690284544624,-0.003140759923801402,0.24346399882565037,-0.2604416930412077,0.38012861489161115,-0.10456581623545258,-1.334228559446102,0.5873219174334836,0.6981318528823302,0.08971018208242743,-0.30734100877955783,-0.3251276744021192,0.3911438619148764,-1.4924315887378774,-0.32685901952744684,0.01942998014488555,0.38992857493028377,0.287801809140844,0.6407005596567221,0.6283272399109261,0.6614088825049886,0.9284375298158546,0.6640402368784041,0.8467393831149933,0.643763341967938,0.6566650514181293,0.38740062860881225,0.5845700902341762,0.40975841849990724,0.5415720540622888,0.6563467906290281,0.8072307662633256,0.2972681346644571,0.7929928589177465,0.397792938567071,0.8211918643895386,0.3810500735925057,21,62,57,57,54,42,74,29,43,46,51,51
-0.0020807896652885764,-0.0002956602958696545,0.9432730166377195,0.002468178801542791,0.00466669660513175,-0.70727962810141,0.7069141798754144,0.005523080675882497,0.0012239937896661476,-0.3817241439505178,0.5874165007974621,-0.21621732814742864,-0.002437115379422707,0.006220034786304948,0.0012296938033145102,-0.3784617579653352,0.5817074133492391,-0.21359110679351953,-0.003134155606293046,0.19915033437408775,-0.28466315360488087,0.3706813385420405,-0.11768930415695976,-1.4137305418159738,0.5517772691452475,0.6485518499591355,0.083267692599833,-0.3437991010147784,-0.3420230964862758,0.3372831687260905,-1.5471842436513328,-0.2819303210682154,0.031015944205939575,0.38026102368182857,0.2533045561704277,0.6027753927689263,0.5529538697133195,0.5874205096086558,0.9801584248832368,0.5924311579049139,0.7829591006743714,0.5671788790757264,0.5413247932671588,0.2822314250268252,0.6246455376670141,0.4934338050771216,0.5459122515796857,0.7502504523947524,1.0326489054309935,0.27536893003432367,0.9648692184627189,0.43509579085677574,0.9526098861703706,0.4640040719566395,15,56,50,59,48,33,79,42,46,59,61,60
-0.0020770078729843147,-0.0001931587235273663,0.9432655154602014,0.0025984899631964643,0.004908245572711114,-0.7071416103177711,0.7070501396170557,0.005705727201167606,0.0005921275618687718,-0.3826044105546701,0.5872687833831612,-0.2156547317480736,-0.0024414460111449516,0.006402536471703364,0.0005982282047784605,-0.3791407665863744,0.581447834525026,-0.2131896049739436,-0.00313833801859281,0.20009021067608018,-0.28139370515349893,0.368838599251257,-0.11665159334376578,-1.4231102970493568,0.5432961501336552,0.6423539881843451,0.08757609291334661,-0.341133301453136,-0.34221071034922435,0.33165885928495487,-1.5528939908447597,-0.2746634782521121,0.035009571269517675,0.3816448315040263,0.2533045561704277,0.6027753927689263,0.5529538697133195,0.5874205096086558,0.9801584248832368,0.5924311579049139,0.7829591006743714,0.5671788790757264,0.5413247932671588,0.2822314250268252,0.6246455376670141,0.4934338050771216,0.5459122515796857,0.7502504523947524,1.0326489054309935,0.27536893003432367,0.9648692184627189,0.43509579085677574,0.9526098861703706,0.4640040719566395,15,56,50,59,48,33,79,42,46,59,61,60
-0.0020537450222509915,-0.0006962555663493886,0.9435421779609252,0.0030781734182378393,0.005507926366183313,-0.7071432871184259,0.7070421197346721,0.005852003965338551,0.0006235058249606874,-0.3827354413722787,0.5854986946559685,-0.21547729254372688,-0.002399557670297809,0.0065483649587896224,0.0006305213407146506,-0.37924659880045475,0.5796286121579703,-0.21299404607642922,-0.0030960688051364506,0.16012767232179345,-0.3135767998006873,0.3611684721368588,-0.11530069853200431,-1.5365613560204998,0.5430326851170546,0.5624151035235239,0.035629628398838806,-0.3790967432256929,-0.3547647379467219,0.26887717716523596,-1.6409610981943614,-0.24304506188953728,0.03730295678416041,0.35840997575068473,0.21090378912186522,0.5390896373605922,0.45956891107464154,0.48324861334119706,0.8858516356935332,0.48448690699219454,0.600073553273669,0.4822151340779211,0.35974518847926135,0.2318204344696497,0.6459659736638939,0.5660411600228751,0.6835682546400706,0.8199271988135435,1.309,0.2784123653707813,1.2289624575911793,0.5305937847142581,1.1484994804019546,0.5951006477224854,8,45,41,50,34,21,82,53,55,77,78,74
-0.0020568511491212034,-0.000661841096303607,0.9435506004851063,0.0031608324884096093,0.0056342697987015015,-0.7070980787328408,0.707085971572156,0.005940094425899867,0.0002924620132839722,-0.3832010107382961,0.5853720976115637,-0.21496123747411905,-0.002426420904799822,0.006636307077305489,0.00029983399967661796,-0.37956527984723026,0.5793440817135554,-0.21253186752386624,-0.0031227738887870202,0.160846173373737,-0.30884250013849984,0.36075681175813357,-0.1133715982614252,-1.5428476599229628,0.5440296612506977,0.5546684944492343,0.03170602574961496,-0.37526647458703616,-0.3554022194757615,0.26532680839926986,-1.6474502477840454,-0.23991857871091518,0.03854760813970404,0.3592545490776673,0.21090378912186522,0.5390896373605922,0.45956891107464154,0.48324861334119706,0.8858516356935332,0.48448690699219454,0.600073553273669,0.4822151340779211,0.35974518847926135,0.2318204344696497,0.6459659736638939,0.5660411600228751,0.6835682546400706,0.8199271988135435,1.309,0.2784123653707813,1.2289624575911793,0.5305937847142581,1.1484994804019546,0.5951006477224854,8,45,41,50,34,21,82,53,55,77,78,74
-0.002016983938543454,-0.0013345852304033556,0.9440330777717522,0.003860280544318991,0.006303361861591984,-0.7070975864938156,0.7070773430382148,0.005839005826999557,0.0003084672960649266,-0.38267129035870995,0.5819920769920606,-0.214186537122675,-0.002353922494453691,0.00653491339572588,0.0003171099381976782,-0.379040004089114,0.5759654685497138,-0.21175069965326618,-0.003050025263990105,0.12416191303528418,-0.34870970295790626,0.3618982757905724,-0.10640375159952785,-1.6633186946080878,0.6003328136921942,0.45194583438874886,-0.06360764560862503,-0.4146625703594303,-0.36608453299037313,0.20586713434764833,-1.7505882091043437,-0.24975759468568637,0.021102831438612513,0.3156703706625201,0.18109695143655097,0.4626893154311122,0.3630497425251098,0.3769530877063742,0.735800286832192,0.41487963340427914,0.4427179316795615,0.4295013822856032,0.18848358625671893,0.23786006780635977,0.6448313700237573,0.5957390804362187,0.8825734012128047,0.8255892650731695,1.309,0.2973202240159829,1.309,0.684106322195168,1.2680733662661952,0.7600885068691016,3,33,32,37,22,12,81,57,66,77,86,85
-0.00202569669630503,-0.001336907247254941,0.9440569844029091,0.00389984990000681,0.0063401169096150446,-0.7070832927340782,0.7070910911789676,0.005856766907397239,0.00015415982177173493,-0.38270312429017717,0.5817061955630365,-0.21377470425208636,-0.0023851323565885984,0.0065526132579187156,0.00016302887551191477,-0.3789794053664587,0.5755588307509124,-0.21134589930728212,-0.003081111055261607,0.12458435669688109,-0.34460556836126066,0.36339187668830314,-0.10474457536626794,-1.6651342986304565,0.6084361168713641,0.4437255115949637,-0.07269860247108217,-0.41137420610746656,-0.3678713266515049,0.20426387703421872,-1.7555973868228794,-0.25141407343283323,0.01968347114802925,0.3150458059645029,0.18109695143655097,0.4626893154311122,0.3630497425251098,0.3769530877063742,0.735800286832192,0.41487963340427914,0.4427179316795615,0.4295013822856032,0.18848358625671893,0.23786006780635977,0.6448313700237573,0.5957390804362187,0.8825734012128047,0.8255892650731695,1.309,0.2973202240159829,1.309,0.684106322195168,1.2680733662661952,0.7600885068691016,3,33,32,37,22,12,81,57,66,77,86,85
-0.0020180127473768354,-0.0020491696997436003,0.944796007204351,0.004729287835518807,0.00698148982403491,-0.7070781073878528,0.707085173574738,0.00555942542451138,0.0001063851661995244,-0.3806477846458677,0.5755147090568551,-0.21171264521714178,-0.002348350705142852,0.0062550140356914825,0.0001167642326321389,-0.3770880519245157,0.5696416153192115,-0.20940343759836372,-0.0030440722309843654,0.09153537461245373,-0.39209291940936236,0.3809802873953879,-0.09560604326990349,-1.7679827090116567,0.7243155010601215,0.30515450808248257,-0.1888648598675725,-0.45187229983104854,-0.37806141954770506,0.14949891045898042,-1.859419949786511,-0.32947145396797944,-0.02003706682592853,0.2344233100562831,0.1872093737297154,0.38853008352765533,0.27290163661059563,0.32063712469092637,0.5938862738088866,0.4595753164329964,0.36109062789303875,0.452711250644168,0.05400080121596992,0.2835666455378321,0.6240870148530834,0.586239907816083,0.9679841773919232,0.7528804628646439,1.309,0.3075335679127421,1.309,0.8696380156346963,1.309,0.920493314659552,4,20,24,27,18,6,79,56,68,77,91,91
-0.0020267782080280227,-0.0020653606728110677,0.9448277255451752,0.004729931189322194,0.006953307765447997,-0.7070778377743913,0.7070857165792238,0.005529997926467347,7.394914996293586e-05,-0.38030459075986744,0.575038186146836,-0.21144922413049122,-0.0023701787586211487,0.006225594824252814,8.436471758567337e-05,-0.37670571714182244,0.5691041201631567,-0.20912500858836625,-0.003065854730632291,0.09166164978544959,-0.3901825069879828,0.3835769460501472,-0.0941618398354375,-1.765691568124502,0.7333357672655147,0.2976090830877584,-0.1968463777976857,-0.4500106221842922,-0.3806492592477248,0.14907210846233254,-1.8613482527901035,-0.33433368828113347,-0.022200640919917275,0.231926386948825,0.1872093737297154,0.38853008352765533,0.27290163661059563,0.32063712469092637,0.5938862738088866,0.4595753164329964,0.36109062789303875,0.452711250644168,0.05400080121596992,0.2835666455378321,0.6240870148530834,0.586239907816083,0.9679841773919232,0.7528804628646439,1.309,0.3075335679127421,1.309,0.8696380156346963,1.309,0.920493314659552,4,20,24,27,18,6,79,56,68,77,91,91
-0.0019608175893362605,-0.0026497899285006384,0.9456772117671223,0.005493930770201303,0.007591920003589808,-0.7070784125031078,0.7070730500078735,0.005246423328436436,0.00013719073093146887,-0.3773303726022178,0.5673190815926409,-0.20889896141199055,-0.002243998318892039,0.005941610678504689,0.00014887861182117735,-0.37406062905204557,0.5619133384137569,-0.20676486525288323,-0.002939378805849351,0.06179353107921736,-0.4517756935264191,0.4083394452579086,-0.08619653870317695,-1.8454883940930036,0.8576969022109957,0.15637359473161347,-0.26898149588837855,-0.4972945922028875,-0.3876836040580489,0.10183057858737653,-1.9459811984563744,-0.46328148148220516,-0.0581067133347236,0.11138628386753392,0.2394129396017367,0.3380818476442424,0.2424542456365069,0.29923645590833253,0.7023144347100138,0.6403671145031287,0.5482052127910784,0.5746665510062923,0.14646803082736412,0.3376349735425618,0.581749690522831,0.5692724364200786,0.775890342670869,0.6228438255535341,1.309,0.2903851320532447,1.309,1.0419931015401982,1.309,1.0215808650728864,12,12,21,40,33,12,73,53,55,77,95,94
-0.0019701065397145197,-0.0026461853049311863,0.9457129796686545,0.005492990390048946,0.007582387145768316,-0.7070754472755707,0.7070761248421549,0.005250058856702338,9.679344205139343e-05,-0.37696027631830475,0.5666885878757965,-0.20851522813046583,-0.002273372398379816,0.005945204994590699,0.00010854334019219663,-0.373640561332947,0.5612078814900234,-0.20636590860527998,-0.0029686490690723115,0.06188801193781544,-0.4506920752697798,0.41133489846599375,-0.08438620133476292,-1.8426858007408358,0.8663576549387682,0.14848510665015557,-0.27392296056376936,-0.4958514385202166,-0.3914743354535743,0.1012967824620108,-1.9458425134281092,-0.47153634821224877,-0.05974943632382905,0.10536562573317462,0.2394129396017367,0.3380818476442424,0.2424542456365069,0.29923645590833253,0.7023144347100138,0.6403671145031287,0.5482052127910784,0.5746665510062923,0.14646803082736412,0.3376349735425618,0.581749690522831,0.5692724364200786,0.775890342670869,0.6228438255535341,1.309,0.2903851320532447,1.309,1.0419931015401982,1.309,1.0215808650728864,12,12,21,40,33,12,73,53,55,77,95,94
-0.001832744264133756,-0.0030625051928168502,0.9466206739352895,0.006129873086328464,0.008160666741022074,-0.7070749669420089,0.7070649328726785,0.004987215786086594,0.00012557090180222578,-0.3731519442940075,0.5577023991433736,-0.2051315033829499,-0.0020920564928113617,0.005681803118912824,0.00013848329189781577,-0.37004903663827354,0.5525700633533079,-0.20311802916656763,-0.002786822271346359,0.035827930734841744,-0.5146626496331796,0.440799834224952,-0.07357422979820713,-1.902508678414845,0.9941094557921017,0.014453570131258166,-0.3037971951429776,-0.5410996808844082,-0.40024768393742194,0.06096187546966174,-2.006203073346713,-0.6428601190075648,-0.06416053612770829,-0.0554847850085656,0.3181011787410711,0.40074657671351355,0.31531641865305154,0.30362749486684004,1.2077842659283373,0.8828322073609367,1.0819972348197997,0.7650223781315643,0.5961579245501123,0.35988312185004645,0.5112161357942971,0.5769531766725001,0.48623380704051566,0.4815452679843595,0.9718164317371122,0.254038187868211,1.309,1.1559385449128523,1.309,1.0138028663478975,26,22,26,83,72,38,64,55,35,55,98,94
-0.0018343780138687879,-0.0030541173091119343,0.9466552903443434,0.006120076035344408,0.008150654225636308,-0.7070712977280649,0.7070688024755205,0.004992513206428847,9.626378298232844e-05,-0.37273689190424025,0.5570288375711582,-0.2047691022654502,-0.002108402432601327,0.0056870577093505485,0.00010920173905296062,-0.3695762093393486,0.5518080177030527,-0.202729893295193,-0.0028030806961467864,0.03587788387357506,-0.5143002639978691,0.4433182344823053,-0.07171457041170921,-1.899909105743051,1.0010534348191638,0.008221863675732861,-0.3053204884985256,-0.5402440947963998,-0.4043145929183392,0.06017684229375912,-2.0038763445746675,-0.6520888552205453,-0.06322264125530229,-0.06333132008425295,0.3181011787410711,0.40074657671351355,0.31531641865305154,0.30362749486684004,1.2077842659283373,0.8828322073609367,1.0819972348197997,0.7650223781315643,0.5961579245501123,0.35988312185004645,0.5112161357942971,0.5769531766725001,0.48623380704051566,0.4815452679843595,0.9718164317371122,0.254038187868211,1.309,1.1559385449128523,1.309,1.0138028663478975,26,22,26,83,72,38,64,55,35,55,98,94
-0.0016214739033767716,-0.0033542819359389446,0.947450922025892,0.006617249072627601,0.008556523693305436,-0.7070848807911967,0.7070459456594715,0.0045793380947782404,0.00020224305740901462,-0.36915739415275184,0.5491568171630904,-0.20197072921831755,-0.0018070797919418188,0.0052735572255522755,0.00021593393092966947,-0.3662334746262069,0.544294466863572,-0.20003393069842018,-0.002501554600084889,0.013852456950217678,-0.5741500816280752,0.468340905943284,-0.06542839043154514,-1.947343194022018,1.0977748235030045,-0.09241199499434256,-0.3098418408785345,-0.5811398685235506,-0.4080860663010851,0.031949313984265884,-2.035881759706288,-0.807653391095779,-0.02043142322477604,-0.20891583371843062,0.38052024399147777,0.5851607445596362,0.357095848487904,0.3289654082757765,1.309,1.0621127422850596,1.2709474173987467,0.9475607708173985,0.7493532920727035,0.3304723342785947,0.4158377493504539,0.6191325836120322,0.32817998393244036,0.37957024382632476,0.6864750481493898,0.2297419829499735,1.309,1.1921038701359237,1.0809937228597803,0.8919379914943191,36,53,30,95,89,46,51,61,24,37,99,78
-0.0016227901100742215,-0.0033286031655557157,0.9474854721021874,0.006608449478862985,0.008577826872394435,-0.7070745925381094,0.707056058505052,0.004633198294010137,0.00014453249172490394,-0.3688121713022902,0.548436028448171,-0.2015035538691785,-0.0018299802316467085,0.00532731738962927,0.0001583068118325664,-0.36581770250000617,0.543474295756978,-0.19955033719463294,-0.002524304800711037,0.013874692160693298,-0.5740070017221702,0.47068624202613696,-0.0634933904148341,-1.945164460948701,1.104572235969186,-0.09809237872965539,-0.30961683998056727,-0.5804958462364057,-0.41257026698973986,0.03071417747179824,-2.031922334124568,-0.8182209791699299,-0.01622656347523878,-0.21825699527279763,0.38052024399147777,0.5851607445596362,0.357095848487904,0.3289654082757765,1.309,1.0621127422850596,1.2709474173987467,0.9475607708173985,0.7493532920727035,0.3304723342785947,0.4158377493504539,0.6191325836120322,0.32817998393244036,0.37957024382632476,0.6864750481493898,0.2297419829499735,1.309,1.1921038701359237,1.0809937228597803,0.8919379914943191,36,53,30,95,89,46,51,61,24,37,99,78
-0.001417202579442582,-0.003514763066008464,0.9481757971356929,0.006983503269231078,0.008769113309314595,-0.7070866019684352,0.707038097029141,0.00409502203627833,0.00021048004536400208,-0.36515218588243714,0.5411344308309679,-0.19874859675960518,-0.0015526365594220465,0.004789006875249175,0.00022475982832765164,-0.3623573491266877,0.5364768521404223,-0.19688065690123557,-0.0022468540473172256,-0.004147811590593424,-0.6212502915464236,0.49891107322085654,-0.06199850690934418,-1.9767426886300554,1.1724914324215963,-0.1811712915955325,-0.3060415149914007,-0.6111804874635808,-0.4238152374254749,0.016633375717764038,-2.0379337831270496,-0.9529914108838009,0.06016360462570742,-0.3254403158070997,0.3955115925218504,0.8129544077389622,0.3842688447056187,0.35471134475724436,1.309,1.112759413377778,1.2821050106007736,1.0607755408253516,0.588293575660381,0.280514230482373,0.31860563125477503,0.6802699925061756,0.4419218870077269,0.3556762413075631,0.6249926312953583,0.2534575255527187,1.309,1.1763781481428357,0.5017284038074084,0.7273992928307036,39,90,33,97,93,35,38,70,30,33,98,43
-0.0014137544696244575,-0.0034881935114728984,0.948208390746985,0.0069718254938640044,0.008793168643221534,-0.7070743773905367,0.7070501387258759,0.004150627944059692,0.0001510976548664475,-0.3648048591647518,0.5404150339488849,-0.19830539115616816,-0.0015653287592896142,0.0048445200153016815,0.00016544624463244654,-0.361951107940218,0.5356793677309607,-0.19643005317187096,-0.002259420846512877,-0.004146668669257134,-0.6212558291218132,0.5006814361220603,-0.06042938265616576,-1.9746749763538147,1.1776536953814294,-0.18606553957128386,-0.30538220755554424,-0.611070072989251,-0.4277427477157744,0.015173004792236898,-2.033221144155152,-0.9621297806266333,0.06657875914046583,-0.3324613696805481,0.3955115925218504,0.8129544077389622,0.3842688447056187,0.35471134475724436,1.309,1.112759413377778,1.2821050106007736,1.0607755408253516,0.588293575660381,0.280514230482373,0.31860563125477503,0.6802699925061756,0.4419218870077269,0.3556762413075631,0.6249926312953583,0.2534575255527187,1.309,1.1763781481428357,0.5017284038074084,0.7273992928307036,39,90,33,97,93,35,38,70,30,33,98,43
-0.0012572971663338756,-0.0036861008053807437,0.9487207358328181,0.007218103815180852,0.008641709310718525,-0.7071326786571474,0.7069912266871993,0.003338893975842808,0.0003803591691424168,-0.361608076516808,0.5354174416054159,-0.19676611106650327,-0.0013272179682141444,0.004033019918659251,0.00039470203562959474,-0.3590506793872026,0.5310813998416886,-0.19494088544796986,-0.002021542576553716,-0.018340793213651143,-0.6503835309513333,0.5330880179371058,-0.07306395290919862,-1.992669688671734,1.2030440167077068,-0.2408481939265804,-0.2917816047352469,-0.6284835054251611,-0.4456911194345325,0.02464389781063959,-2.030404198619275,-1.0469981800959816,0.13069505138888304,-0.3601610347503155,0.368525643240072,0.8727,0.4046536969569668,0.3995854964286243,1.309,1.0731249495603954,1.29685480556267,1.105165799961616,0.4238587939004293,0.2802148541557784,0.24864367185626934,0.7292265303844941,0.548159851683819,0.43307981339767465,0.6547937093941409,0.35296170454199755,1.309,1.1653033271805846,0.22938085687444335,0.6387526325851564,34,100,35,96,95,26,29,78,37,38,98,26
-0.0012579305010542018,-0.0036471943857500494,0.9487536646539704,0.007223542859267467,0.00871108438070269,-0.7071054836672711,0.707017519164234,0.003443329460878148,0.00027597003079161866,-0.3613361456059216,0.5345908344559396,-0.196258699857595,-0.0013357012091004096,0.004137338540226173,0.00029043702681401357,-0.35874334252022183,0.5302357499812107,-0.19446610457116373,-0.0020299031177268344,-0.018587799216015555,-0.6506984561993173,0.5347638949950166,-0.07198379654724428,-1.9908044133073681,1.2068624133645771,-0.2460153137708176,-0.29055009115250674,-0.6290948640663961,-0.4488739511589972,0.02319451806836452,-2.026095772979987,-1.056707736672041,0.13827388534976515,-0.36334018179446964,0.368525643240072,0.8727,0.4046536969569668,0.3995854964286243,1.309,1.0731249495603954,1.29685480556267,1.105165799961616,0.4238587939004293,0.2802148541557784,0.24864367185626934,0.7292265303844941,0.548159851683819,0.43307981339767465,0.6547937093941409,0.35296170454199755,1.309,1.1653033271805846,0.22938085687444335,0.6387526325851564,34,100,35,96,95,26,29,78,37,38,98,26
-0.0012180893660795691,-0.0037154239853307573,0.9491421616634425,0.007369356080734107,0.008335132343527767,-0.7071677703769336,0.7069582467868161,0.0025922405035017893,0.00047121806913084523,-0.35851542415674525,0.5307494786317452,-0.19475789299641683,-0.0012453808141140738,0.0032865231365882194,0.0004856160707768389,-0.3563029532205059,0.5269345079584365,-0.19308212230530633,-0.0019398201043240733,-0.030177329576905894,-0.6583069809344994,0.5815560879529132,-0.10105498255964847,-1.9911643796568501,1.2068059598062322,-0.2786188546015473,-0.2555072440609966,-0.6300005778771709,-0.48473026673569586,0.0521254360191682,-2.0099487166050714,-1.1125006376906812,0.175092594693924,-0.3282570078429801,0.3298178707156819,0.8727,0.43747414230182213,0.4990474384500048,1.309,1.029722590413991,1.151787453819909,1.12897871448333,0.34058850696924914,0.3865413332048854,0.21752113516763166,0.7256536319661515,0.5183599429556351,0.6168153710506831,0.6888169134864232,0.5368053766155209,1.309,1.1990432381553293,0.41677069764881497,0.701704215243639,28,100,40,95,87,24,25,77,41,44,99,38
-0.001217651871561811,-0.00371325755488487,0.9491700969938516,0.007342887431263551,0.008375506423899691,-0.7071303339809454,0.7069954905516107,0.002697857580830797,0.00034868816640793273,-0.35803245951678525,0.5298909056378704,-0.19440921560613098,-0.0012439026656036155,0.003392054930366143,0.0003630768233548409,-0.3558215226164399,0.5261307850361063,-0.19279918809856125,-0.0019382498868238936,-0.030642677997914924,-0.6590659407905111,0.5834251195272916,-0.10081215642339703,-1.989451191560393,1.208678047828026,-0.28285154562674886,-0.252027098394053,-0.6318346027772327,-0.4874811001833472,0.051192003158952386,-2.0064653845180342,-1.1223923942184044,0.1807041737985421,-0.3241339053100134,0.3298178707156819,0.8727,0.43747414230182213,0.4990474384500048,1.309,1.029722590413991,1.151787453819909,1.12897871448333,0.34058850696924914,0.3865413332048854,0.21752113516763166,0.7256536319661515,0.5183599429556351,0.6168153710506831,0.6888169134864232,0.5368053766155209,1.309,1.1990432381553293,0.41677069764881497,0.701704215243639,28,100,40,95,87,24,25,77,41,44,99,38
-0.0012288219453619705,-0.003636686421996464,0.949425191126695,0.007247503289664699,0.007840312141252161,-0.7071556494908486,0.706977291427929,0.002043030553430908,0.0004015570827304353,-0.3550182680171161,0.5264954979987875,-0.1928476359320825,-0.0012225427952095493,0.002737401187807613,0.0004155990017890031,-0.35321305053420693,0.5233747205225789,-0.19145124545694478,-0.0019170132556370638,-0.040221189112385806,-0.6475181406370175,0.6517917099007137,-0.14986824297836573,-1.9733611048654573,1.1878311592133979,-0.2957654073893305,-0.1803783825778325,-0.6198639229820656,-0.5518499459472174,0.10257319805220846,-1.9779266546165186,-1.1506387390549462,0.18812614197424005,-0.22416443542566486,0.3087711547053925,0.8727,0.5746520996800858,0.6497242085955057,0.9675939566777624,1.0470933288603148,0.8812727120410484,1.1814635052577251,0.4667269775759683,0.5861316363159357,0.21515054171111037,0.638368232544051,0.48924633259592043,0.874966872360178,0.960275215165497,0.7792691081165124,1.309,1.25,0.914285841735324,0.8860383597435577,24,100,53,70,71,36,25,64,46,67,100,69
-0.001223089038018906,-0.0036877864211439224,0.9494422459432471,0.007185265175602635,0.007809679302519903,-0.7071241485006522,0.7070097732569024,0.0020869300027045,0.0002930755658460877,-0.3542812811147126,0.5257311785729815,-0.19274634293069276,-0.001214866231179662,0.0027812738713603683,0.0003069250310929969,-0.3525110166865699,0.5227130316623718,-0.1914281797127657,-0.00190929504442176,-0.04062382372761577,-0.6486789751377103,0.6529551980009888,-0.15013817640213198,-1.9722101674071828,1.1878516365417766,-0.29732311771723746,-0.17304817217621685,-0.622831416987594,-0.5536087169835872,0.10209065086752445,-1.9760310781752863,-1.1580336930613309,0.18903145767706792,-0.21175825023927902,0.3087711547053925,0.8727,0.5746520996800858,0.6497242085955057,0.9675939566777624,1.0470933288603148,0.8812727120410484,1.1814635052577251,0.4667269775759683,0.5861316363159357,0.21515054171111037,0.638368232544051,0.48924633259592043,0.874966872360178,0.960275215165497,0.7792691081165124,1.309,1.25,0.914285841735324,0.8860383597435577,24,100,53,70,71,36,25,64,46,67,100,69
-0.0011562116319196376,-0.0036069203579972404,0.9494412471602381,0.006701773621673207,0.007050965778450895,-0.7071103605562024,0.707036284858135,0.0015959086995451285,0.00019174055515764222,-0.3505229854766911,0.5230449926789988,-0.19183449725823254,-0.0011251730441618596,0.002290483088062621,0.00020446598748237221,-0.34911364708097714,0.5206538712738997,-0.19079047475159513,-0.0018197503171638527,-0.047406923850522524,-0.6253232267772554,0.7415961763117582,-0.21746380670761478,-1.9494562430265108,1.1400186442854692,-0.29291903738324565,-0.043965521986013376,-0.6049705427667682,-0.6499141183649161,0.1787326101339311,-1.9451210328654704,-1.1357707772341152,0.1723053060136395,-0.031871687698944676,0.32138049532593577,0.8727,0.8061195674884585,0.7862403371214131,1.0916017642402318,1.1330731783686925,0.9268862113635119,1.25,0.640766445835985,0.7808945681554798,0.22649875977404008,0.48619812378395866,0.6503220187708987,1.1263538352814395,1.2575857700574238,1.022474386383445,1.2429935434203971,1.25,1.0872864900245534,1.083285471067343,26,100,73,81,76,51,26,41,61,91,96,84
-0.001147631903021677,-0.003646102280138081,0.9494486885875926,0.0066945686637698695,0.007028436665247536,-0.7070975248265886,0.7070494142650582,0.0015608974779186468,0.0001372144922825652,-0.35002315974938764,0.5224688224334112,-0.19184395457737424,-0.001106520331630203,0.0022554861777598838,0.00014978194697664273,-0.3486748616105913,0.5201975765201987,-0.19086535612903996,-0.0018011259862004147,-0.04756995277709769,-0.6266351682520914,0.740197422455715,-0.2171822150532855,-1.9500602921875885,1.138845757911395,-0.2918495129715749,-0.03376449481184829,-0.6079169938767414,-0.6484955584373531,0.17797787214194305,-1.9459405569266748,-1.1373935653139962,0.16981884875588804,-0.01576655016831668,0.32138049532593577,0.8727,0.8061195674884585,0.7862403371214131,1.0916017642402318,1.1330731783686925,0.9268862113635119,1.25,0.640766445835985,0.7808945681554798,0.22649875977404008,0.48619812378395866,0.6503220187708987,1.1263538352814395,1.2575857700574238,1.022474386383445,1.2429935434203971,1.25,1.0872864900245534,1.083285471067343,26,100,73,81,76,51,26,41,61,91,96,84
-0.0011418210993421442,-0.003659960141901844,0.9494585922936774,0.006707176618386278,0.007033215946448779,-0.707088923522971,0.7070578490381022,0.0015410375738957136,9.927324940472442e-05,-0.34967442886758787,0.52190892089486,-0.19174756297214016,-0.0010929000300370767,0.0022356289052784047,0.00011177721287782488,-0.34838536651701246,0.5197483550892182,-0.19082686878013075,-0.001787524321610176,-0.047666782822961336,-0.6277326740858773,0.7384836797766142,-0.2166233103411226,-1.9507247101085523,1.138270283635509,-0.29080145320521983,-0.02534364348122259,-0.6102662658072566,-0.6467252387458822,0.17683163905239227,-1.946902839738201,-1.1390818269053233,0.1675133044630866,-0.002359602091651666,0.32138049532593577,0.8727,0.8061195674884585,0.7862403371214131,1.0916017642402318,1.1330731783686925,0.9268862113635119,1.25,0.640766445835985,0.7808945681554798,0.22649875977404008,0.48619812378395866,0.6503220187708987,1.1263538352814395,1.2575857700574238,1.022474386383445,1.2429935434203971,1.25,1.0872864900245534,1.083285471067343,26,100,73,81,76,51,26,41,61,91,96,84
-0.0010320205909336033,-0.003436240518059736,0.9490830362964944,0.006110466837353326,0.006182472046419242,-0.7071022422538292,0.707057888884661,0.001029311360560954,9.552668257986442e-05,-0.3474521637327558,0.5220032505218746,-0.1916206714426257,-0.0009549068366091917,0.0017243796440202888,0.00010682479833332591,-0.3464646319626761,0.5203346914790353,-0.19089053820566576,-0.0016499477892256062,-0.050819285816858795,-0.5972413710445148,0.8368648795422324,-0.2906732434115692,-1.9349048755419378,1.062545976347405,-0.2857880834574886,0.13791075152132287,-0.5839690520565461,-0.7578097185027579,0.27005855200815393,-1.928373324379585,-1.0448063153781095,0.16282937585328133,0.19775228699691347,0.36598788214779465,0.8727,0.8374284704346241,0.831124890955135,1.2609141653008544,1.2434457320496504,1.0702013921636109,1.25,0.7349666826748544,0.8568396907627471,0.24453970465312988,0.3405145050089645,0.649630903293694,1.25,1.309,1.20888926878436,1.183529320593617,1.25,1.0022306789087057,1.1938734769178132,34,100,76,96,85,58,29,18,65,99,93,82
-0.0010254022628947647,-0.003480156856020846,0.9490746326989077,0.006114165388387685,0.00614248825502171,-0.7070977112907202,0.7070627366132849,0.0009502663425890933,7.692627914237725e-05,-0.34720301051564784,0.5218784546246693,-0.19183577284632422,-0.0009306858188990086,0.0016453705193312503,8.806497731195663e-05,-0.34630112878454744,0.5203579125671933,-0.1911675691240043,-0.0016257974908882493,-0.05100455838963665,-0.5981060818813355,0.8342324125419558,-0.28995326828441026,-1.9370993403318923,1.0593033587895955,-0.2840703394169621,0.15105903620273095,-0.5859757613817582,-0.7541725367148349,0.2698296978818433,-1.9308225458079202,-1.039172939435424,0.16110906035344083,0.2147197078644554,0.36598788214779465,0.8727,0.8374284704346241,0.831124890955135,1.2609141653008544,1.2434457320496504,1.0702013921636109,1.25,0.7349666826748544,0.8568396907627471,0.24453970465312988,0.3405145050089645,0.649630903293694,1.25,1.309,1.20888926878436,1.183529320593617,1.25,1.0022306789087057,1.1938734769178132,34,100,76,96,85,58,29,18,65,99,93,82
-0.0009854019480290282,-0.003169641763568207,0.9484543899345739,0.005552004548269133,0.005270758273903691,-0.7071096252956649,0.7070624952342901,0.000430331695799395,7.543142564411262e-05,-0.3465687392579494,0.5244367702150068,-0.19279133209978047,-0.0008414046867920762,0.0011260841701652763,8.523206633767961e-05,-0.3461136824419597,0.5236489176053577,-0.19240512074933044,-0.001537156399099229,-0.052402652095288445,-0.5683123986259649,0.9231646841516579,-0.35333937026063694,-1.9326631013982003,0.9680599160062671,-0.2977155080752637,0.3289948228616683,-0.5633431642033939,-0.8481122534199462,0.3516978663200029,-1.929311823754985,-0.9044903613716974,0.19116812463006916,0.39438656351988705,0.42099067688733455,0.8727,0.7538961397695495,0.7727447793932309,1.309,1.25,1.184521208660818,1.25,0.7925715538896076,0.7837509740092936,0.2675298971453925,0.31681801267500487,0.5315892245264868,1.25,1.2751397506219146,1.25,1.159436586159577,1.25,0.8674355671983123,1.1912148081416039,43,100,69,100,92,59,32,15,58,98,92,75
-0.0009852282554592405,-0.0032034825324003817,0.9484320735007536,0.005552748314950068,0.0052354069762789775,-0.7071063890941776,0.7070659884354054,0.0003716229570972506,6.871460365852705e-05,-0.34662427337881024,0.5247679830134523,-0.19313595988694393,-0.0008299466916070656,0.001067409608949125,7.839357287796052e-05,-0.3462726756246828,0.5241553535285114,-0.19282068862486063,-0.0015257706147372204,-0.05266711035993319,-0.5684474394882348,0.9197799653744914,-0.35167173778052396,-1.9355201109547175,0.9636973524567282,-0.2975198607824065,0.3436985308518751,-0.5641737594167984,-0.843168229925131,0.3514306804342639,-1.9318544955798589,-0.8946163072235525,0.19247410603296483,0.4091438052965813,0.42099067688733455,0.8727,0.7538961397695495,0.7727447793932309,1.309,1.25,1.184521208660818,1.25,0.7925715538896076,0.7837509740092936,0.2675298971453925,0.31681801267500487,0.5315892245264868,1.25,1.2751397506219146,1.25,1.159436586159577,1.25,0.8674355671983123,1.1912148081416039,43,100,69,100,92,59,32,15,58,98,92,75
-0.0010415714563653544,-0.002864731076597776,0.9479207411278175,0.005197435762914783,0.004679403105406224,-0.7071224029726679,0.7070565727452278,0.0001280860044400924,8.267887957544184e-05,-0.34729189036558594,0.5278123625784759,-0.1940859946451501,-0.0008454344478585588,0.0008243535629954582,9.15316933501259e-05,-0.3474036968518085,0.5279519528757776,-0.19406709787075704,-0.001541710912420092,-0.05305873248721419,-0.5453546666304383,0.979988333829391,-0.3894637513151654,-1.9334416892089075,0.898161899256825,-0.32400690089652323,0.4758738660743859,-0.5521877644888246,-0.8955936042000385,0.39545642432916606,-1.943369943488641,-0.7872702721053634,0.2303490763007158,0.5034339436147329,0.4570752893591472,0.8446392982392386,0.6737277392514762,0.6791931854442189,1.309,1.25,1.2432296515616073,1.25,0.8288032801640709,0.6296616052105996,0.2926890452056935,0.3299984424800932,0.43655676234038887,1.2385697969917073,1.2392345754504994,1.25,1.1526740636266297,1.25,0.8126091554329788,1.1187128187227933,49,95,61,100,96,58,35,17,53,96,91,70
-0.0010513048831761842,-0.002906959227629432,0.9478874295210906,0.00517948805124779,0.004647510569889184,-0.7071167248242736,0.7070625934263689,0.00011956489798942805,8.228352264699483e-05,-0.3474950329458313,0.5284427778511183,-0.19452023984458325,-0.0008608391931706152,0.0008158736927124816,9.102222008167087e-05,-0.34769654795434507,0.5287372299197509,-0.19456537026343879,-0.0015571931338306717,-0.053442139409210936,-0.5449021433440444,0.9773898000874975,-0.3871881994138565,-1.9361327299750508,0.8936938773181274,-0.32629543745703393,0.49122121102365884,-0.5517993826364197,-0.8915875901638807,0.39555027135158854,-1.9459386481393979,-0.7752256499462827,0.23360217945595602,0.5137147396925471,0.4570752893591472,0.8446392982392386,0.6737277392514762,0.6791931854442189,1.309,1.25,1.2432296515616073,1.25,0.8288032801640709,0.6296616052105996,0.2926890452056935,0.3299984424800932,0.43655676234038887,1.2385697969917073,1.2392345754504994,1.25,1.1526740636266297,1.25,0.8126091554329788,1.1187128187227933,49,95,61,100,96,58,35,17,53,96,91,70
-0.0011222201398462253,-0.002814904555180825,0.9476721876777362,0.005185925221102632,0.004520397368956435,-0.7071128417595534,0.7070672536654184,-1.080946814335844e-05,4.3673158089546086e-05,-0.34857439836814547,0.5304176286948323,-0.19534618879713445,-0.0009047481922580723,0.0006857132594100007,5.222482977654208e-05,-0.349118022095943,0.5312867691162102,-0.19563202207894842,-0.0016013271151772935,-0.05312125939120032,-0.534017041718258,0.9911290634581674,-0.3887540238613525,-1.9295537939620278,0.875078718153939,-0.3372310964648651,0.5564483181765586,-0.5534808896594745,-0.8944889436243655,0.3882428300393882,-1.953827043952447,-0.7192982032593868,0.23573549396434104,0.5293081374653195,0.46162787599321925,0.7604942348336664,0.6284500936369739,0.6346000230557638,1.296511638925143,1.224018018360096,1.2179271247032546,1.238685259248373,0.8341225724852516,0.4838922209561625,0.31600086697251367,0.36530374798759796,0.4479204265671987,1.1713524027485478,1.2050796164529842,1.25,1.1427234179622345,1.25,1.0102734179012833,1.0462377335544022,50,82,57,98,94,54,38,22,52,94,91,79
-0.0011465200489619717,-0.002827960595963336,0.9476430657580117,0.00515882418682771,0.004537045854006653,-0.7071102130979778,0.7070699741047284,9.05527685304932e-05,5.5907912904603005e-05,-0.34891667369721885,0.5310489935831894,-0.1956324507240039,-0.0009421276036955272,0.0007871059416146104,6.444551812395243e-05,-0.3495251229226406,0.532027034374495,-0.19596641833796552,-0.0016387540146817034,-0.05344202189592932,-0.5334683881827994,0.9894350027342067,-0.3860322827414792,-1.9308303941404354,0.8737059771113456,-0.33940776498029357,0.5689220658700239,-0.5519812242788406,-0.8916767620475838,0.3878128090640876,-1.9554470423118437,-0.7084672476199926,0.23587415327625386,0.5317434963426549,0.46162787599321925,0.7604942348336664,0.6284500936369739,0.6346000230557638,1.296511638925143,1.224018018360096,1.2179271247032546,1.238685259248373,0.8341225724852516,0.4838922209561625,0.31600086697251367,0.36530374798759796,0.4479204265671987,1.1713524027485478,1.2050796164529842,1.25,1.1427234179622345,1.25,1.0102734179012833,1.0462377335544022,50,82,57,98,94,54,38,22,52,94,91,79
-0.0012218967478216313,-0.003056897150272936,0.947704466342799,0.005386786673692601,0.0048712941357970056,-0.7070813284349726,0.7070949356355269,0.00034337299791346247,-2.8417658453483045e-05,-0.35016688569815657,0.5320623943912409,-0.19644302842859024,-0.00104685320263682,0.0010398837152067475,-1.9520888700433935e-05,-0.35089708348069654,0.5332802118583134,-0.19691670991609087,-0.0017434973001518275,-0.05188558699888471,-0.5375416385027094,0.9522097138544408,-0.3474301590375054,-1.9182032010079315,0.9012585800667342,-0.3177190942575155,0.5737019744150325,-0.5643960296653365,-0.8498749253384843,0.33569391575054486,-1.9557998944902895,-0.6961213511756538,0.1900090155555087,0.4907566307880163,0.4481812834772018,0.7364036646078989,0.5823975741944638,0.663756620874955,1.2985094475067311,1.0471008599560372,1.1895737623124163,1.0679762893535358,0.8772906386328683,0.3884277461469647,0.33271185350829124,0.45145987575042684,0.5315075082109084,1.1549726622515062,1.2082679141173573,1.2484116562838259,1.1481825635163776,1.25,1.309,1.0226427757496772,47,78,54,94,87,54,40,35,56,94,91,94
-0.001235676269945868,-0.002996560527838974,0.9476971975298567,0.005409891142714181,0.0049252169903197,-0.707085426935023,0.7070902872558351,0.00041196781332050427,-9.731438115845773e-06,-0.3506398554275061,0.5324174651875261,-0.1964149620214078,-0.0010755196069108177,0.0011084752942971663,-6.936768552842349e-07,-0.3513902869645697,0.5336625326886208,-0.19690067353914958,-0.0017721481751083877,-0.051896428148868794,-0.53747563850754,0.9502687032598002,-0.3443957259553606,-1.9174684342079213,0.9058895091899609,-0.31539506845824744,0.5774567758728861,-0.5623978160995148,-0.8477266577633298,0.33418574934567313,-1.9554671842979274,-0.6917124728883656,0.1830748560154691,0.4840080682810635,0.4481812834772018,0.7364036646078989,0.5823975741944638,0.663756620874955,1.2985094475067311,1.0471008599560372,1.1895737623124163,1.0679762893535358,0.8772906386328683,0.3884277461469647,0.33271185350829124,0.45145987575042684,0.5315075082109084,1.1549726622515062,1.2082679141173573,1.2484116562838259,1.1481825635163776,1.25,1.309,1.0226427757496772,47,78,54,94,87,54,40,35,56,94,91,94
-0.0013048711517302022,-0.0031390257047627388,0.9480199774991181,0.005762235806212043,0.005612026573191711,-0.707074965659491,0.7070928473219665,0.0010122957981172208,-3.6294932944568545e-05,-0.35219916808887214,0.5321713976196607,-0.19624702507913203,-0.0012152296285015756,0.0017084130937725787,-2.627278658254678e-05,-0.3527783279558086,0.5331453788262555,-0.1966679087029031,-0.0019114692151708328,-0.047877504054819574,-0.5577655621775383,0.8697763272768368,-0.2712979398792573,-1.8987931992347307,0.9856469844499051,-0.24952267687686203,0.5059116803904643,-0.5815283169595614,-0.7652851700667712,0.2501426756867453,-1.9533320478885006,-0.7412676387239375,0.08185467414883263,0.36960146992939974,0.43863127814260183,0.7692076951311393,0.5953140054968955,0.7129508376908101,1.2857763106823437,0.8626951569567868,1.1467281631973982,0.9172110397416052,0.9731858345215195,0.3336948840295383,0.3349786871407815,0.49740535414991227,0.6360628184084453,1.1753786591667423,1.309,1.156027382171779,1.309,1.2300977244564317,1.309,1.0390060316119338,46,83,57,89,80,58,41,42,62,98,100,94
-0.0013052992659989282,-0.0031176586851082463,0.9480206932502164,0.005773939995581008,0.005621829989263724,-0.7070782393151095,0.7070894003812707,0.0010107995949145327,-1.5498126322405566e-05,-0.352324975328721,0.532223730295522,-0.1961160458671191,-0.001221079489846129,0.001706911592220931,-5.3885266641242685e-06,-0.3528763092326153,0.5331461502813392,-0.19650878172677486,-0.0019172921647045947,-0.04784586024991656,-0.5580230980413431,0.8712294851618126,-0.2715258970113603,-1.898447385231286,0.9910307242213504,-0.24570540713831876,0.5021584814907638,-0.580354923763591,-0.7672006835054112,0.2512817564469572,-1.9530708686900882,-0.7440556006359319,0.07490508371173653,0.3600810554928185,0.43863127814260183,0.7692076951311393,0.5953140054968955,0.7129508376908101,1.2857763106823437,0.8626951569567868,1.1467281631973982,0.9172110397416052,0.9731858345215195,0.3336948840295383,0.3349786871407815,0.49740535414991227,0.6360628184084453,1.1753786591667423,1.309,1.156027382171779,1.309,1.2300977244564317,1.309,1.0390060316119338,46,83,57,89,80,58,41,42,62,98,100,94
-0.0013805315497469213,-0.0030679286337367702,0.9484627458465547,0.005965118437812447,0.006280503300745166,-0.7070833822704365,0.707077126738882,0.0018160918972480818,8.420375339171789e-06,-0.35275770160272085,0.5302536391038319,-0.19509471644150994,-0.0013696050619087846,0.002511544425727333,1.9283903238174052e-05,-0.3528193171975428,0.5303570016604388,-0.19518433417935632,-0.0020651605640865612,-0.04172236381982373,-0.5900644209242355,0.7693760183894162,-0.1883983865967723,-1.8851979106470922,1.0915456608460223,-0.17237388195337408,0.35392483065849023,-0.6097163674573809,-0.6587652943304203,0.16077718131275887,-1.9683937891788181,-0.865740273690858,-0.010360557264737277,0.19209572826882662,0.44071204222353694,0.842884116603617,0.8608974940071713,0.7055387908767331,1.309,0.7672428732724141,1.2749599991622518,0.8719291442503743,1.1075902193722689,0.29076023821608327,0.31603729199400277,0.490157848251067,0.8452594311757647,1.1537844682766871,1.309,1.0377531819149748,1.309,1.1634829138641694,1.2294879587756622,1.029341401778709,46,95,75,88,87,65,38,41,73,95,98,90
-0.0013748046797233651,-0.0030497322386027217,0.9484745085790973,0.0059714046120962335,0.006295219176553604,-0.7070815666211693,0.7070787584753426,0.0018218311730638314,2.014312683964913e-05,-0.3527207315532799,0.5300454066464145,-0.19486168417640023,-0.0013664768888295763,0.0025172638601137177,3.109103320525791e-05,-0.3527182066590113,0.5300431638717892,-0.1949019659484274,-0.0020620008995558808,-0.04176233998444373,-0.5900927625578936,0.7720420851061129,-0.1899879730688029,-1.8844576345071347,1.0964024324377695,-0.1692715445558,0.34535767059349515,-0.6087258998251981,-0.6623628862345571,0.1618900313471729,-1.967625503429055,-0.8736031571276074,-0.013856193682206489,0.18096879415215544,0.44071204222353694,0.842884116603617,0.8608974940071713,0.7055387908767331,1.309,0.7672428732724141,1.2749599991622518,0.8719291442503743,1.1075902193722689,0.29076023821608327,0.31603729199400277,0.490157848251067,0.8452594311757647,1.1537844682766871,1.309,1.0377531819149748,1.309,1.1634829138641694,1.2294879587756622,1.029341401778709,46,95,75,88,87,65,38,41,73,95,98,90
-0.0013616530946969115,-0.002787138956906818,0.9487858183378637,0.005802754728066396,0.006797318339907941,-0.707073415820499,0.7070836648805323,0.002831771063632578,1.8220557656663196e-06,-0.35244841251722336,0.5279352587948858,-0.19355586052792337,-0.0014408841154420688,0.0035263335707175097,1.3058607902735368e-05,-0.3515416838903444,0.52644864613679,-0.1930404932489644,-0.0021355429621836043,-0.033352385644099695,-0.626128243138275,0.6663428149095868,-0.11535623720932935,-1.881533003821034,1.1949229269496626,-0.1308643372748995,0.15450100271665515,-0.6376553413559221,-0.5600411249615338,0.0806885846469887,-1.9839482206647525,-1.0209970086913778,-0.021892254031748045,-0.014867482246935921,0.4472655266719729,0.8727,1.0184014336811134,0.615998967113124,1.309,0.8041644583870207,1.309,0.9613552598132161,1.0934480607894541,0.2399925808996165,0.2834207709189505,0.4425217304916985,0.8110335594507411,1.0197047146668088,1.3010616075653372,0.886582431231282,1.2114095765841173,1.0763430574483925,0.92900889825308,0.9322986344535791,47,100,83,89,92,63,34,34,67,91,90,71
-0.0013487031404429985,-0.0027725346499543847,0.9488015368017079,0.005787832607340746,0.0068050685364275205,-0.7070718307468333,0.7070852976835588,0.002849454533064749,9.997840091820456e-06,-0.3523377629749165,0.527708380721305,-0.19335447561265928,-0.00142481056267609,0.003543983980388504,2.1279311162846433e-05,-0.35134043622300504,0.5260724493109469,-0.1927730448030868,-0.0021194377528896066,-0.03328193716546163,-0.6259044049107941,0.6689129156767469,-0.1173900553960973,-1.8803098439014698,1.1985305298909352,-0.13040123470629508,0.144776280335986,-0.6365742522464701,-0.5640106812778866,0.0809734075735156,-1.981427950654527,-1.0294882121212838,-0.019457273093417184,-0.025848912982390594,0.4472655266719729,0.8727,1.0184014336811134,0.615998967113124,1.309,0.8041644583870207,1.309,0.9613552598132161,1.0934480607894541,0.2399925808996165,0.2834207709189505,0.4425217304916985,0.8110335594507411,1.0197047146668088,1.3010616075653372,0.886582431231282,1.2114095765841173,1.0763430574483925,0.92900889825308,0.9322986344535791,47,100,83,89,92,63,34,34,67,91,90,71
-0.0012027680516918725,-0.002454546441448607,0.9488856914861419,0.005194105569840547,0.007128334985933851,-0.7070630380298194,0.7070955157259179,0.004077112899880022,-3.2300229166141364e-05,-0.35190568811347533,0.5270572233866939,-0.19277530075129404,-0.001370567014156573,0.004770459604491868,-2.1339847794304046e-05,-0.34962819550313207,0.5233207817276148,-0.1914095829309702,-0.0020639923084504325,-0.023345058008353563,-0.6579981420901343,0.5749012379443889,-0.0647169281448357,-1.8847365680564039,1.2657945398091115,-0.13879672083096864,-0.026320999365520778,-0.6586358582139552,-0.4857367495421721,0.02845798529982308,-1.9848239253112863,-1.1435272247722077,0.04972502939076033,-0.1836719860129311,0.4531812503584376,0.8727,0.7094778593721441,0.48561747019511264,1.309,0.9319291657042243,1.1862261335406286,1.1303775784255108,0.8153803543127104,0.18832754509494437,0.2604293217896264,0.3645572183066424,0.660274846096859,0.7924836067485996,0.8504402141675073,0.7293507105607735,1.0477800199278657,0.98332919944192,0.5861318806620309,0.767710769864935,48,100,58,92,89,46,31,22,53,59,79,49
-0.0011848446710423417,-0.002434268777367719,0.9489003507590301,0.005170178647822696,0.007130817736344379,-0.7070641917721953,0.707094512356513,0.004093132487625677,-1.4164219562292869e-05,-0.35184450987227245,0.5269457613482192,-0.19263047125806412,-0.0013442262994379632,0.004786445642277003,-3.1750875561153316e-06,-0.3494480742577201,0.5230090515027066,-0.19117355455357152,-0.0020376326492700437,-0.02320686701449215,-0.6576577934667154,0.5766284151881647,-0.06668202346585277,-1.8830548750226965,1.2676300417750819,-0.1405764412875479,-0.03553486159080894,-0.6577439576396905,-0.4889347198376562,0.02814946826377838,-1.9808318420064877,-1.1499281853632046,0.05657261083312281,-0.19260025435744485,0.4531812503584376,0.8727,0.7094778593721441,0.48561747019511264,1.309,0.9319291657042243,1.1862261335406286,1.1303775784255108,0.8153803543127104,0.18832754509494437,0.2604293217896264,0.3645572183066424,0.660274846096859,0.7924836067485996,0.8504402141675073,0.7293507105607735,1.0477800199278657,0.98332919944192,0.5861318806620309,0.767710769864935,48,100,58,92,89,46,31,22,53,59,79,49
-0.0010606494899073253,-0.002222570459294758,0.9488367876847469,0.004337576795649432,0.00727637390362845,-0.7070471199563776,0.7071156977268642,0.005451030412283708,-0.00012591506726015935,-0.35126131453495485,0.5276188645330484,-0.19295612233836393,-0.0013283675748827842,0.006142762900820867,-0.00011572280766969957,-0.34765588073542564,0.5217167915126217,-0.1908051071457465,-0.002020145030444563,-0.01459122861432057,-0.6784995536196115,0.5087936817422721,-0.04074750796146758,-1.8871046012964867,1.2922221811296835,-0.16218245367024098,-0.13612344110306868,-0.6720680437764021,-0.4404287758145185,0.008727858872221692,-1.9793941441181313,-1.2089601026055004,0.1281516916848557,-0.2654750657937852,0.46154598514471573,0.8727,0.5528849466611582,0.3777595956270745,1.309,1.0720003728368117,1.1910684273772392,1.25,0.7270204429366195,0.17513536049734382,0.2648746928477485,0.26750193697077557,0.641106523240736,0.567744479199774,0.9210991708027968,0.6295656557349711,1.309,0.935412677084926,0.2722693910890607,0.6332495658203869,50,100,45,96,92,41,31,7,46,61,92,28
-0.001030489230164569,-0.0021800448079752482,0.9488514504810327,0.00435354752691031,0.007286104367143018,-0.7070550758970187,0.707107544122777,0.005398924986698005,-7.304406144245396e-05,-0.35137994357136765,0.5276023088511501,-0.19281598876785047,-0.0012884541724671472,0.006090705268141818,-6.277229897322126e-05,-0.3476230905891243,0.5214350043256071,-0.19053146297762752,-0.0019802686189961632,-0.01441616294735396,-0.6782111839434152,0.5086322763275186,-0.04259111565848827,-1.885291995941705,1.2920818544293626,-0.16521633744152958,-0.14549131845290253,-0.671366370512221,-0.44195727606412105,0.00802350522013208,-1.9752907476025878,-1.2138670859046712,0.13745657657733185,-0.2720476581367426,0.46154598514471573,0.8727,0.5528849466611582,0.3777595956270745,1.309,1.0720003728368117,1.1910684273772392,1.25,0.7270204429366195,0.17513536049734382,0.2648746928477485,0.26750193697077557,0.641106523240736,0.567744479199774,0.9210991708027968,0.6295656557349711,1.309,0.935412677084926,0.2722693910890607,0.6332495658203869,50,100,45,96,92,41,31,7,46,61,92,28
-0.001041793453790231,-0.0020595217438808796,0.9487814523350225,0.003670914899912601,0.007333729550751987,-0.7070181055067377,0.7071478906709255,0.006533876434427909,-0.0002132076520002812,-0.3509559314839466,0.52844236344518,-0.19296281878334665,-0.0013383488124415364,0.0072241217541569,-0.0002034135104482613,-0.3464139572883459,0.5210343188482806,-0.19026245871175687,-0.0020289027588278746,-0.009084192561299796,-0.6810633556118207,0.47982511971179553,-0.046595505428391755,-1.8803864336517557,1.2871416230555255,-0.17500919005305815,-0.18023906161687392,-0.6705451317016728,-0.42820149727688567,0.01725847120615364,-1.9632811086644364,-1.2397182791206653,0.1733932713828645,-0.2776158673265037,0.4718689269918539,0.8727,0.557215841573642,0.33065447683933286,1.309,1.1724441847354865,1.309,1.25,0.7738856574920283,0.2506135813497641,0.2911003941606507,0.22750022969883443,0.48408024527647986,0.42256875123711024,1.309,0.6234165728008686,1.309,0.9661722289223803,0.22764853032537638,0.6093572475443534,51,100,44,98,100,45,35,1,34,85,93,25
-0.001000611880292146,-0.0020437513809899105,0.9487926847068425,0.003673731304852233,0.007286291559949,-0.70704164298863,0.7071248324967407,0.006407677022312199,-0.0001361403807548321,-0.3509386373414961,0.5285397995043678,-0.19303402133775108,-0.0013170165455586651,0.007098065167723501,-0.00012641098419721695,-0.34622498606023216,0.5208131219107723,-0.19017295357522482,-0.00200752473645906,-0.008823832115607224,-0.6813756586939153,0.47714916672118246,-0.048905404267943674,-1.878478193178902,1.2839471893230847,-0.17749015699547194,-0.18762499769367316,-0.6708708374249185,-0.4282714677892015,0.01710019400230233,-1.9592161980161662,-1.2444806650020201,0.1821731306521232,-0.27859035178171015,0.4718689269918539,0.8727,0.557215841573642,0.33065447683933286,1.309,1.1724441847354865,1.309,1.25,0.7738856574920283,0.2506135813497641,0.2911003941606507,0.22750022969883443,0.48408024527647986,0.42256875123711024,1.309,0.6234165728008686,1.309,0.9661722289223803,0.22764853032537638,0.6093572475443534,51,100,44,98,100,45,35,1,34,85,93,25
-0.00107076034274226,-0.0018936728726152727,0.9487874025986672,0.0034576971914600917,0.007195704373997861,-0.7070480406858841,0.7071204524909079,0.006679336377864692,-0.000100791431630005,-0.35100187613547695,0.5290407218126386,-0.1928634860911059,-0.0013961262357338555,0.007369341304469237,-9.113067352229011e-05,-0.3457312675166762,0.520382738927203,-0.18960335575659118,-0.0020862653799610226,-0.0062401789372706,-0.6675367829041141,0.48320132866109367,-0.08644579322852412,-1.8609237659576519,1.2493794823167033,-0.1760154039329797,-0.175605746524241,-0.6575898217459769,-0.44700953377013486,0.052092905587025846,-1.9355619329795024,-1.2519637056725434,0.1963009775988286,-0.2337642617675166,0.4750415166929591,0.8727,0.5600039177872403,0.3426396964460092,1.309,1.2207095024168453,1.309,1.25,0.8799766130852249,0.4211718769702766,0.31838442822537727,0.22188466773712773,0.3558225086255265,0.36602693388980806,1.309,0.6782658745593418,1.309,1.0523657241844944,0.6470816579349387,0.6862497610495422,52,100,44,99,100,55,38,0,25,86,95,50
-0.001033739194351147,-0.001959512423250696,0.948787458896694,0.003325692061485791,0.007055919185352044,-0.7070579003830993,0.7071126354991861,0.006621282992266679,-6.016195730033153e-05,-0.35050849853596716,0.529272483923897,-0.19316684267137665,-0.00136960071217444,0.007311362652512474,-5.0788581510625496e-05,-0.3450962197316855,0.5203637464448335,-0.18978382592432624,-0.002059744918398395,-0.006039660571875585,-0.6684994740565474,0.48134784824434695,-0.09028223004416402,-1.8588057922380976,1.2414949604986232,-0.17578538269454527,-0.1754534541423773,-0.6590347723540421,-0.44800078524676845,0.05293863785525239,-1.9319026197023665,-1.2545353738778764,0.1999666761844742,-0.2258652776956425,0.4750415166929591,0.8727,0.5600039177872403,0.3426396964460092,1.309,1.2207095024168453,1.309,1.25,0.8799766130852249,0.4211718769702766,0.31838442822537727,0.22188466773712773,0.3558225086255265,0.36602693388980806,1.309,0.6782658745593418,1.309,1.0523657241844944,0.6470816579349387,0.6862497610495422,52,100,44,99,100,55,38,0,25,86,95,50
-0.001002053633104665,-0.0019901062700892667,0.948788790798467,0.003253585459722476,0.0069945165653267334,-0.7070610745047711,0.7071104071075691,0.0065964509534478825,-3.689959020805325e-05,-0.3502454291817635,0.5293800331003491,-0.19340653582931222,-0.0013362948916150906,0.007286563732466466,-2.7735589828123945e-05,-0.3446970604475853,0.5202390461433988,-0.18991452033934392,-0.0020264495399844205,-0.005811206573599392,-0.6696496515364116,0.4792223554917261,-0.09298289941459134,-1.8571596109470518,1.2347744623161314,-0.17556087790702965,-0.17575965611018965,-0.660586727289967,-0.4483804537494784,0.05255305677456638,-1.9287913969245227,-1.2569721523486728,0.20319314851638348,-0.21949978456045838,0.4750415166929591,0.8727,0.5600039177872403,0.3426396964460092,1.309,1.2207095024168453,1.309,1.25,0.8799766130852249,0.4211718769702766,0.31838442822537727,0.22188466773712773,0.3558225086255265,0.36602693388980806,1.309,0.6782658745593418,1.309,1.0523657241844944,0.6470816579349387,0.6862497610495422,52,100,44,99,100,55,38,0,25,86,95,50
-0.0011066866674774537,-0.001939246436941794,0.9487592411029884,0.0031055058200267303,0.006511361875456817,-0.707068411982295,0.707108350097044,0.006202210741228082,4.037220740306163e-09,-0.349478292196346,0.5297919247952606,-0.19350181403585762,-0.001398301813153829,0.006893024035132991,8.766972140339454e-06,-0.3437072416478473,0.5202677941079072,-0.18978799565513438,-0.002089187401716529,-0.005171445289431941,-0.6472486069829132,0.5224646904872072,-0.16533311288414884,-1.8333770981316029,1.1566206721225027,-0.16681347244347397,-0.09704770480127742,-0.6415483076955778,-0.5003740274878833,0.11064088004546486,-1.8993967225728565,-1.2293767480670004,0.19153384175565322,-0.11480919214050515,0.4652025371941064,0.8727,0.5312498452534364,0.38279471343944554,1.309,1.2209381929087342,1.309,1.25,1.0565564778846892,0.6117789616946657,0.33329645154124676,0.24779214316751383,0.4469005085122108,0.3738980459303909,1.309,0.7372874469812313,1.309,1.1399154537218097,1.2022447654154325,0.7904208021056676,50,100,43,99,100,70,40,4,30,88,97,82
-0.001090960068502427,-0.0020027617037211825,0.9487520594359758,0.0030001417857488184,0.006450951298125666,-0.7070671284438738,0.7071106421563379,0.00625290707517219,-6.112489965947184e-06,-0.34907369638461627,0.5298779595190514,-0.19385668008695275,-0.0013846368536510442,0.0069436516878972595,2.352682586364649e-06,-0.3432345296328674,0.5202422756821995,-0.19009896258497722,-0.0020754673286006594,-0.004892934192613192,-0.6491289279318881,0.5194547441604713,-0.16789461741202055,-1.8327517686199646,1.1465820565471723,-0.16501643085383436,-0.08934560184508542,-0.6438774826993925,-0.49967161494838475,0.11065588041727037,-1.898256631554635,-1.2278610108177554,0.18986477842671093,-0.10243069336957619,0.4652025371941064,0.8727,0.5312498452534364,0.38279471343944554,1.309,1.2209381929087342,1.309,1.25,1.0565564778846892,0.6117789616946657,0.33329645154124676,0.24779214316751383,0.4469005085122108,0.3738980459303909,1.309,0.7372874469812313,1.309,1.1399154537218097,1.2022447654154325,0.7904208021056676,50,100,43,99,100,70,40,4,30,88,97,82
-0.0011215187002848403,-0.002054140544970137,0.9485445608674425,0.0027711193540149387,0.005716656608051452,-0.7070680782142503,0.7071169447164717,0.005519663089120453,-2.960238924432468e-05,-0.3477194649520027,0.5307879351010395,-0.19484868173202746,-0.0013602357512449532,0.006211642549295677,-2.2192075736375705e-05,-0.3420462637751739,0.5214255900541549,-0.19115331088669435,-0.0020522551728356657,-0.003823910278691435,-0.6284671802142323,0.5841176840938868,-0.26570875685426176,-1.8183834190468535,1.0100970612471651,-0.17287604258685602,0.07450187142610666,-0.6239797441046114,-0.5768327321994359,0.1959859066565369,-1.874420398401607,-1.1338984071675493,0.16872842234861482,0.07542439409519613,0.44957437037955866,0.8727,0.545123519837417,0.4141052744484005,1.309,1.1852890488119403,1.243985152234918,1.25,1.0885329518164504,0.7131622232431654,0.34149742208381023,0.30053482379218366,0.5400732351138462,0.42520239199184584,1.309,0.7874643714324219,1.309,1.1977311607102037,1.309,0.8609640259582574,48,100,45,98,96,74,41,12,37,89,99,90
-0.0011142130479619052,-0.0020589112526294673,0.9485364823770064,0.0027691302448622605,0.005728825535799457,-0.7070716144578988,0.7071133180074939,0.005533299806258254,-2.3995801211412543e-05,-0.3477371229523116,0.5308417388912312,-0.19499808047612024,-0.0013532028153004666,0.006225265748911813,-1.6652687082207507e-05,-0.3420707633893459,0.5214864969107108,-0.19130629298872084,-0.0020452104699677388,-0.0035616999605242194,-0.6297669599746606,0.5793399816288348,-0.2657754045252482,-1.8191485163692906,1.0013718792101174,-0.17229162067680348,0.08433605852661563,-0.6255642772863171,-0.5735267028005404,0.19521609590917557,-1.8754268479987037,-1.1290130895605628,0.16629792244935088,0.08660823091861719,0.44957437037955866,0.8727,0.545123519837417,0.4141052744484005,1.309,1.1852890488119403,1.243985152234918,1.25,1.0885329518164504,0.7131622232431654,0.34149742208381023,0.30053482379218366,0.5400732351138462,0.42520239199184584,1.309,0.7874643714324219,1.309,1.1977311607102037,1.309,0.8609640259582574,48,100,45,98,96,74,41,12,37,89,99,90
-0.0010185805101706755,-0.002013546543630508,0.94806074880996,0.002633273687741111,0.004931008147635082,-0.7070715886658205,0.7071198763504852,0.004410420829513897,-5.639557051551113e-05,-0.34762693363721175,0.5333889020616935,-0.19620801527599158,-0.0011778431628758864,0.005104095566708289,-4.990370133406e-05,-0.3424502421496128,0.5248476845835498,-0.19280213344087307,-0.0018714701733537151,-0.0014606928008060638,-0.6092717556328404,0.660078318870785,-0.3663499045944213,-1.820470245961075,0.8583632089268629,-0.22568946184955493,0.26702987932325484,-0.6006010287934158,-0.6742058626017746,0.3002070634821747,-1.862123396102061,-0.9774084684642297,0.18328970748122225,0.2758884987694907,0.4419326382359192,0.8181855958395021,0.5834877417518445,0.417867689443571,1.309,1.1380992728288306,1.2034236655119848,1.25,1.0288281004456976,0.6793039876717817,0.3590002994078027,0.416631961426574,0.590674466559489,0.4974176063612612,1.196306457168447,0.8615746904835915,1.2954462375898481,1.235764302392174,1.309,0.8864433546698367,46,91,48,97,93,70,44,30,41,84,99,90
-0.0010154054639323047,-0.002016703753579148,0.9480437508664651,0.0026424886786643787,0.004928968815252131,-0.7070796140834334,0.7071118312315414,0.004387549902575782,-3.485814734055665e-05,-0.3477806300238174,0.5336648826761548,-0.19642363202556562,-0.0011643023923091265,0.005081269138793848,-2.8413537781459173e-05,-0.3426919739409958,0.5252589225357965,-0.1930676158549316,-0.0018580119013548873,-0.0012884781180970786,-0.6097843834487688,0.6554063241166214,-0.3653396928726125,-1.8216493843920092,0.8505616275162424,-0.22790030326747196,0.27796622908604934,-0.6014543614362947,-0.6697891729222704,0.2996035387970106,-1.863303202980431,-0.9688989035262895,0.1831625864525054,0.2867633473614682,0.4419326382359192,0.8181855958395021,0.5834877417518445,0.417867689443571,1.309,1.1380992728288306,1.2034236655119848,1.25,1.0288281004456976,0.6793039876717817,0.3590002994078027,0.416631961426574,0.590674466559489,0.4974176063612612,1.196306457168447,0.8615746904835915,1.2954462375898481,1.235764302392174,1.309,0.8864433546698367,46,91,48,97,93,70,44,30,41,84,99,90
-0.0009672192304857627,-0.0018816705612477807,0.9474632562554943,0.0026138102115483937,0.004143334870591386,-0.7070799098504661,0.7071166819261052,0.003180256904688671,-5.608652941925596e-05,-0.34859905168959165,0.5371466558128195,-0.1977583965973319,-0.0010433926044129945,0.0038755704223809666,-5.035193435671996e-05,-0.34422962849885147,0.5299348474186173,-0.1948406288394992,-0.0017386046851267129,0.0010994188632557145,-0.5930139285710077,0.7336800026851583,-0.4478986770147717,-1.831534575144763,0.7392233928190803,-0.30600411662620175,0.42039762320308244,-0.5800977776156075,-0.7624013583021956,0.3946896623197801,-1.8646834656960565,-0.8168318122043248,0.24199032170609566,0.4365810250522183,0.4481077353025228,0.7209783923188955,0.5962680199193281,0.403194348629558,1.309,1.099513638445495,1.2102152826835626,1.25,0.95821029867417,0.5593484855665927,0.3932040927177887,0.5313672273722794,0.6164429439682463,0.5643847465696237,1.034961903022199,0.9780609929079451,1.190335144745306,1.25,1.309,0.880230253058771,47,75,48,96,94,63,48,48,45,76,93,90
-0.0009649197872164224,-0.0018947114501840887,0.9474346500750687,0.0026311287983374642,0.004124060764081542,-0.7070894511866072,0.7071071894024861,0.0031167606498245038,-2.8639845677840264e-05,-0.3488587912767342,0.5376557024574257,-0.19809681959876632,-0.0010216824818802986,0.0038121578569487273,-2.2965578269297885e-05,-0.34465607147421184,0.5307070015811939,-0.19527744736515848,-0.0017170462252490445,0.0011593925257866173,-0.5928872383485,0.7299857548752262,-0.4463909071074063,-1.8330601690244523,0.7322216637668107,-0.3113516958727478,0.4312918187851803,-0.5802563019205138,-0.7577652551659348,0.39422421058462226,-1.8658842236512356,-0.8053862549916796,0.24551605198467238,0.44728489378455005,0.4481077353025228,0.7209783923188955,0.5962680199193281,0.403194348629558,1.309,1.099513638445495,1.2102152826835626,1.25,0.95821029867417,0.5593484855665927,0.3932040927177887,0.5313672273722794,0.6164429439682463,0.5643847465696237,1.034961903022199,0.9780609929079451,1.190335144745306,1.25,1.309,0.880230253058771,47,75,48,96,94,63,48,48,45,76,93,90
-0.001027041554932263,-0.001774137640420815,0.9470338748019144,0.0027794565487272984,0.0036543018520170693,-0.7070978241292629,0.7071008328455923,0.002254477699895474,-2.492591503502671e-05,-0.3501813854104885,0.5405220830912963,-0.1991234185203237,-0.0010328301841101947,0.0029508208581644894,-1.9536462112227753e-05,-0.34676449043098084,0.5348668097343544,-0.1967948361450181,-0.0017290904079334786,0.0032242311621787133,-0.581691486678547,0.7809308990673737,-0.48916340151886867,-1.8427079414776815,0.6699817461985131,-0.3708555456556572,0.5094164983496787,-0.5680112062159567,-0.8090676628268273,0.4481339200261499,-1.8784188500773988,-0.6981507987590215,0.3046035500879124,0.5321738138279394,0.46090813711628187,0.6435881283643305,0.5643433124531814,0.39740626087129166,1.309,1.062029472626447,1.2570619967489005,1.25,0.8947245754514069,0.4411291148282398,0.43317867757315387,0.5926198279970544,0.6131765602731389,0.6197734423334257,1.1152745550029495,1.0957956158998492,1.1135540094263336,1.25,0.8587433039246049,0.8507011147107416,49,62,46,95,97,57,54,57,46,84,89,65
-0.0010270968487979357,-0.00179617332381554,0.94700007036968,0.0028057238837915785,0.0036280671655465283,-0.7071051255374338,0.7070935627488207,0.0021688610447097903,5.4358975953523045e-06,-0.3504836388274147,0.5411078523662949,-0.19946895953231325,-0.0010174164752282458,0.002865290065429019,1.0787145738686141e-05,-0.34727236177883536,0.535781980838468,-0.1972638559256497,-0.0017138251320205806,0.0030633929439616244,-0.5809495813722256,0.7793634071123189,-0.48751931837150503,-1.8444318636369637,0.6649127410274952,-0.37695128566126535,0.5174420794390999,-0.5673872868309519,-0.8054983221153269,0.44779948559750943,-1.8800552150118675,-0.6864824292734623,0.3102242910562499,0.5404408183549331,0.46090813711628187,0.6435881283643305,0.5643433124531814,0.39740626087129166,1.309,1.062029472626447,1.2570619967489005,1.25,0.8947245754514069,0.4411291148282398,0.43317867757315387,0.5926198279970544,0.6131765602731389,0.6197734423334257,1.1152745550029495,1.0957956158998492,1.1135540094263336,1.25,0.8587433039246049,0.8507011147107416,49,62,46,95,97,57,54,57,46,84,89,65
-0.0011215117664628545,-0.0018739282782824303,0.9469054207423243,0.002992603451003473,0.0037475765199465544,-0.7070723243146833,0.7071249735252204,0.0021869112824883584,-9.447777699182339e-05,-0.3515298173175008,0.5421253505426731,-0.19996690073865728,-0.001093510269288427,0.0028834335896857025,-8.894208770958377e-05,-0.3486253515103867,0.5373545730260912,-0.19802251500155735,-0.0017899987720737494,0.005201941896225927,-0.5786467468361685,0.7892878379298455,-0.4831136419747092,-1.8471042139810419,0.6545536494228116,-0.38575152566922083,0.5272072602357311,-0.5669549303797163,-0.8152450906078456,0.45089493812447545,-1.8883561258250974,-0.6476605312252411,0.3279074597888463,0.5573347785310807,0.47172649067159866,0.602825160832547,0.5777422051207418,0.4256262015674614,1.1644785107560307,1.0073517978199686,1.2225642027264159,1.25,0.8723385984928922,0.3855288066192797,0.4602785968550875,0.5952112056039529,0.6076647930420483,0.6869853649693802,1.2274084687850813,1.1445584047779038,1.121387675427815,1.25,0.6659810953664993,0.8140904774556702,51,56,48,83,94,54,57,57,47,92,89,54
-0.0011134544710734778,-0.0018744991853477174,0.9468739879773201,0.0031047635474855126,0.0037257003928083472,-0.7071010998542564,0.707095830976819,0.0019740807122780204,-2.985613670236363e-05,-0.3519831595395704,0.5426137987570043,-0.20015377347780347,-0.0010945924788026606,0.002670750083353773,-2.421619226241313e-05,-0.3492846331958495,0.5381461303763719,-0.19831070169082546,-0.0017912258996454294,0.004961621563346926,-0.5770919051505936,0.7903229864390221,-0.4806945097038284,-1.8485976024117168,0.6521417405782408,-0.38872312690139066,0.5298194069381689,-0.5654600717500108,-0.8140420368985619,0.45022163058551395,-1.890761073335868,-0.6355378890969353,0.3331435356049656,0.5617490869394379,0.47172649067159866,0.602825160832547,0.5777422051207418,0.4256262015674614,1.1644785107560307,1.0073517978199686,1.2225642027264159,1.25,0.8723385984928922,0.3855288066192797,0.4602785968550875,0.5952112056039529,0.6076647930420483,0.6869853649693802,1.2274084687850813,1.1445584047779038,1.121387675427815,1.25,0.6659810953664993,0.8140904774556702,51,56,48,83,94,54,57,57,47,92,89,54
-0.00116900239914271,-0.0023346577616410384,0.9469772378980833,0.003415523325543449,0.0042191957269192455,-0.7070809465007313,0.7071117787757892,0.002315369893936893,-7.62178174254498e-05,-0.35294233298564104,0.542993169352741,-0.20083195059927098,-0.0011528687819164112,0.0030117974646848827,-7.002987174338796e-05,-0.3504455926003907,0.5388857391780401,-0.19917208365471134,-0.0018494109198527267,0.006680169635648724,-0.5829248576332478,0.7645042688036153,-0.4328812371231186,-1.8492483119037562,0.6712024884621915,-0.35908522386859515,0.4972118544567664,-0.5741826905471293,-0.787283117576105,0.41049535567639883,-1.8986185796059016,-0.6270008939881179,0.31761829243490375,0.539408291170636,0.48374880725152614,0.5952385723666243,0.6567923033738922,0.4885679492956091,0.8458346044307595,0.9488665738038633,1.2120155199938247,1.2389797224731234,1.0082085537698338,0.4033707665103496,0.4658214134935711,0.5661322313032442,0.5720206144069764,0.7861210525936856,1.309,1.1015816790761832,1.2689917585185946,1.183001908273603,0.8576927553412445,0.8148791044781839,53,54,55,58,94,62,58,53,48,96,96,64
-0.0011564838596820012,-0.0021980918960694683,0.946976491340151,0.003624805178258813,0.004300372398177129,-0.7071088853791806,0.7070823090719139,0.002109662825642099,-3.0092894371234634e-06,-0.3537538547000362,0.5431025720638682,-0.2006726372422272,-0.0011532471487683026,0.0028061961175607423,3.513972139864761e-06,-0.3514101415378451,0.5392103491701951,-0.19907696851702836,-0.0018498234120774208,0.006266016863530321,-0.5803704633618755,0.7634337079953601,-0.4259499878104677,-1.848760255726301,0.6757354287067192,-0.3518881980234327,0.48874168191940054,-0.571772736729246,-0.7837476964878719,0.4051087069090581,-1.8993198478946194,-0.6223980056943678,0.31450545022636345,0.5336312402104748,0.48374880725152614,0.5952385723666243,0.6567923033738922,0.4885679492956091,0.8458346044307595,0.9488665738038633,1.2120155199938247,1.2389797224731234,1.0082085537698338,0.4033707665103496,0.4658214134935711,0.5661322313032442,0.5720206144069764,0.7861210525936856,1.309,1.1015816790761832,1.2689917585185946,1.183001908273603,0.8576927553412445,0.8148791044781839,53,54,55,58,94,62,58,53,48,96,96,64
-0.0011885523817014027,-0.0024324994539412313,0.947332948349205,0.004361355408340481,0.005179677278570747,-0.7071206988044735,0.7070604407294787,0.0023518392056235704,9.908992000957713e-05,-0.3558622979320585,0.5421463098356087,-0.19996540337833674,-0.001190950687523848,0.003047921870221428,0.000107321808110955,-0.3538691836713622,0.5388078072437944,-0.198591489056565,-0.0018871262590702158,0.005757617992548944,-0.5854031813137205,0.7113865798039236,-0.3321601213158809,-1.8453612032046622,0.7434240349322031,-0.2550046930755424,0.3748490584947717,-0.5808904352364668,-0.714146165480016,0.3164522752922819,-1.9078302087299384,-0.6605489520842465,0.23868693618148432,0.43264993422429493,0.5054919096333612,0.6058718512080596,0.8051199301593787,0.5511639123923516,0.8414207889255134,0.9294398113187512,1.309,1.1676589806187088,1.2897249086754705,0.46181185114967205,0.4507354855710329,0.5408001909272406,0.577584950955137,0.8900284616662971,1.309,1.0144413252415694,1.309,1.1216601300506974,1.085373085565592,0.8937430982731942,57,56,67,57,98,79,56,49,51,94,97,79
-0.0011934977133306716,-0.0024333883534583753,0.9473367846857104,0.004352405260754597,0.005171754488248081,-0.707115284524712,0.7070659685740043,0.002358509318989974,9.505123380832281e-05,-0.35586675142551255,0.5421605377924289,-0.1998504644494471,-0.0011963512051775256,0.003054583248632884,0.00010334552795511824,-0.35392326303396626,0.5389104380699028,-0.19851494320898944,-0.0018925071221320023,0.00541747894533117,-0.5834949993062276,0.71486034159271,-0.33214270949757824,-1.8459106519578137,0.7476630980703787,-0.24869039323250802,0.36578394166367584,-0.5790843323088651,-0.7157231515385464,0.31656505920613565,-1.9080687893644717,-0.6617272667525498,0.23413673574773228,0.4246385230191483,0.5054919096333612,0.6058718512080596,0.8051199301593787,0.5511639123923516,0.8414207889255134,0.9294398113187512,1.309,1.1676589806187088,1.2897249086754705,0.46181185114967205,0.4507354855710329,0.5408001909272406,0.577584950955137,0.8900284616662971,1.309,1.0144413252415694,1.309,1.1216601300506974,1.085373085565592,0.8937430982731942,57,56,67,57,98,79,56,49,51,94,97,79
-0.0012390450357307875,-0.0026303697902908085,0.9478027528285743,0.004778418200329882,0.006108885721095203,-0.7071101514901491,0.7070608756637068,0.0031925073730951345,0.00010672439313623107,-0.35653976656899844,0.5396021223587449,-0.19868770012052134,-0.001300203433545953,0.0038876098692053923,0.00011628844564679512,-0.35441532993943775,0.5360560361743207,-0.19728319498854,-0.0019954097154278173,0.0056245109528374705,-0.5980675281390988,0.6489588329881996,-0.23627978678398262,-1.848333848822259,0.8420404965995019,-0.14903145593102451,0.22061405078053245,-0.5991458085994784,-0.6301031525077154,0.22190639119787384,-1.9305595496413281,-0.7523659406372958,0.1479056485827413,0.28227509426017405,0.5319204880185153,0.6273492446645711,0.8521619465680145,0.5590038964857251,1.3018161483075594,0.9745509437959669,1.309,1.1592972390720977,1.309,0.5023719154292648,0.41201338389348396,0.5459786613577241,0.7403241628000687,0.9278951774774437,1.309,0.9356736998012081,1.309,1.1408866596373746,1.1827897722296694,1.0245977975846525,61,60,70,93,97,81,51,50,61,92,97,87
-0.0012417334400420088,-0.002632906820120375,0.9478161428443027,0.00476813293190364,0.006108000022047295,-0.7071035560526491,0.7070675485848382,0.0032109294944743976,9.413103278430042e-05,-0.3564075411269349,0.5393875001632874,-0.19850548353117184,-0.0013094498693125812,0.0039060032855055063,0.00010374200547626874,-0.3542452299536959,0.5357870577668292,-0.1970821924988168,-0.0020046107091046903,0.005410514330574802,-0.5968296887036447,0.6525431180913427,-0.2372375606496311,-1.8486151303658118,0.8473332072316031,-0.14419829756028313,0.21167970864283447,-0.5978707122378418,-0.6330429278323209,0.22266795352037766,-1.9307786299659324,-0.7570881367025216,0.14392066558160477,0.2738722145058045,0.5319204880185153,0.6273492446645711,0.8521619465680145,0.5590038964857251,1.3018161483075594,0.9745509437959669,1.309,1.1592972390720977,1.309,0.5023719154292648,0.41201338389348396,0.5459786613577241,0.7403241628000687,0.9278951774774437,1.309,0.9356736998012081,1.309,1.1408866596373746,1.1827897722296694,1.0245977975846525,61,60,70,93,97,81,51,50,61,92,97,87
-0.0011921233340986903,-0.002605135097135585,0.9481704696266354,0.004874522651506263,0.006934368800903305,-0.7070947314431607,0.7070680266590881,0.00425060166674876,7.608854501006883e-05,-0.35659197734547865,0.5368131602316027,-0.19721766194890397,-0.0013287972373285052,0.0049443954066248795,8.648697827550249e-05,-0.35374592773188746,0.5320930412808289,-0.1954037345862337,-0.0020227099689132957,0.007595800478206246,-0.6173562267585543,0.5809495557859359,-0.15134439386866647,-1.860445768177888,0.9523846098642118,-0.08604968118489716,0.06822778248974215,-0.6226875703987419,-0.5501908585872004,0.1345194816824243,-1.961896633650423,-0.8667765649891972,0.0917967247068838,0.12299519204907756,0.5422074586297699,0.6729907390682366,0.6523520810370634,0.4837531531213636,1.309,1.0681213349410228,1.309,1.2309200625134475,1.309,0.47926219406317944,0.3453981980554325,0.6001155109888869,0.8193310467009398,0.847334627656386,1.309,0.8600230142387522,1.309,1.2311563888208137,1.0947534274436057,1.1067530372899648,63,67,54,95,99,81,42,58,63,91,100,85
-0.0011920268502081516,-0.002598546845594212,0.9481870610371896,0.004871174929547366,0.006939778750072127,-0.7070905894176334,0.7070721388109765,0.00426449978334488,7.344294873295426e-05,-0.3564807885232327,0.536562443508574,-0.19698184581785383,-0.0013346470791567495,0.00495825888304774,8.391978832983203e-05,-0.3535395162392325,0.5316893081008136,-0.19510355819694408,-0.0020285066940844186,0.007482256021116996,-0.616186896324112,0.5844357558041371,-0.15199830904516531,-1.8601551489292938,0.9590771184756527,-0.08383208237477584,0.059158545980066715,-0.6212009440512479,-0.5536687413390294,0.13472816170785687,-1.9616838777246648,-0.8737075142903348,0.09000428726392368,0.11369259774970003,0.5422074586297699,0.6729907390682366,0.6523520810370634,0.4837531531213636,1.309,1.0681213349410228,1.309,1.2309200625134475,1.309,0.47926219406317944,0.3453981980554325,0.6001155109888869,0.8193310467009398,0.847334627656386,1.309,0.8600230142387522,1.309,1.2311563888208137,1.0947534274436057,1.1067530372899648,63,67,54,95,99,81,42,58,63,91,100,85
-0.0010775296822814438,-0.002379854690677869,0.9483434747405823,0.00459853098845767,0.007458983674437494,-0.7070821470694252,0.7070771205257484,0.005334130495793062,4.28420132636799e-05,-0.3563483697227135,0.5350834447436474,-0.19604285756633505,-0.0012784373120361496,0.006026473494290881,5.346285412135025e-05,-0.3524554516333005,0.5286497431505377,-0.1935932868529595,-0.0019709369264351625,0.01148599086345151,-0.6352510763822704,0.5231134744466138,-0.08699146647677045,-1.8787832007894574,1.055334104745295,-0.07822214467533993,-0.06499552795685025,-0.6417746784673328,-0.4848348916638317,0.06800398652766741,-1.9866895781252587,-0.9840126245209574,0.08330225326201318,-0.026610294669995545,0.5227352914041672,0.7605540210871935,0.5278388610298014,0.35809763257196375,1.309,1.1689894014742728,1.309,1.25,1.1250753816043535,0.4015067635958659,0.2639084262139669,0.7063838705739025,0.7058431239384033,0.6730929717291722,1.2345190972373388,0.7567553032435815,1.2297310133272952,1.25,0.843525568736956,1.054902848231595,60,82,42,98,100,68,31,74,52,84,96,70
-0.0010767987857317632,-0.0023694187656251764,0.9483582715339997,0.004591499423595684,0.007465081552042746,-0.7070811313451149,0.7070781175981734,0.005354253903101374,5.178554470707417e-05,-0.35629252670862416,0.5349271735899426,-0.19585210397752806,-0.0012848956583441076,0.0060465495238278015,6.248038852513926e-05,-0.3522681304404781,0.5282760315087441,-0.19330784077303595,-0.001977322299469378,0.01144151018454278,-0.6339918509985165,0.5261282566266992,-0.08709324123010852,-1.8779100961779787,1.0617697190484017,-0.07938727526182054,-0.07303229004806631,-0.6403645756593669,-0.48828856702432927,0.06774824176633304,-1.9854706154328525,-0.9915432531619931,0.08470321915063612,-0.03574085728005168,0.5227352914041672,0.7605540210871935,0.5278388610298014,0.35809763257196375,1.309,1.1689894014742728,1.309,1.25,1.1250753816043535,0.4015067635958659,0.2639084262139669,0.7063838705739025,0.7058431239384033,0.6730929717291722,1.2345190972373388,0.7567553032435815,1.2297310133272952,1.25,0.843525568736956,1.054902848231595,60,82,42,98,100,68,31,74,52,84,96,70
-0.0009656363780775405,-0.002055953206310823,0.9483483383399905,0.003990271156960457,0.0075908505335293055,-0.7070751087156966,0.7070864497067928,0.006328279975622031,-3.347219218275111e-06,-0.3557924186615453,0.534840114276111,-0.1956366633125469,-0.0012211630514808718,0.0070192007275587396,6.769346684886564e-06,-0.35084026129006984,0.5266686670073251,-0.19253592935089775,-0.0019122940728728175,0.0164616638489325,-0.6468860628631982,0.4813350161989948,-0.04791654055554643,-1.8949276948062181,1.1242406850558162,-0.10457929166206924,-0.15423293290455506,-0.6545170812386089,-0.4397459728447572,0.030538959325805963,-2.000024953473602,-1.079516999920223,0.1063983899462681,-0.1338026020306372,0.48738602105280476,0.872043498222965,0.4895500896989376,0.2813614394812299,1.309,1.2376157040294584,1.262363870684146,1.25,0.8162451125971961,0.3276230406414827,0.20055519093472274,0.8396358145195602,0.5204238297027035,0.49621324191092264,0.848924692418123,0.6447172778505544,1.1188267887229484,1.25,0.6289133563803309,0.9027367362754897,54,100,38,100,97,49,23,95,38,57,89,54
-0.0009644623172368448,-0.0020338055281573556,0.9483610348938094,0.003992906318801771,0.0076131216306970576,-0.707077370990167,0.7070839331449971,0.0063584885970390335,2.596865219278984e-05,-0.35586334179642254,0.5347849112177683,-0.195477657438195,-0.0012302559190058109,0.007049337563892578,3.617966158792098e-05,-0.3507549743292952,0.5263497030556181,-0.192257519425779,-0.0019212760019318015,0.016425914223608232,-0.6454893235054546,0.4832614268012088,-0.04744419777759841,-1.8938598267454727,1.1295633934780962,-0.10822452995415943,-0.1611785542081023,-0.6532626109021908,-0.4426320004369994,0.029900751191559275,-1.9982680660182275,-1.0875654064775482,0.11016595756877312,-0.1423816128906342,0.48738602105280476,0.872043498222965,0.4895500896989376,0.2813614394812299,1.309,1.2376157040294584,1.262363870684146,1.25,0.8162451125971961,0.3276230406414827,0.20055519093472274,0.8396358145195602,0.5204238297027035,0.49621324191092264,0.848924692418123,0.6447172778505544,1.1188267887229484,1.25,0.6289133563803309,0.9027367362754897,54,100,38,100,97,49,23,95,38,57,89,54
-0.0009614857767662025,-0.002025400462598301,0.9483717730422523,0.003979756777487221,0.007613427625908334,-0.7070776682547864,0.7070837067215952,0.0063763856852448,4.001745423326462e-05,-0.35584616415592085,0.5347474598867925,-0.19538225738676285,-0.0012341058575837287,0.00706718814751669,5.0267781672240395e-05,-0.3505910536881484,0.5260675774327382,-0.1920540287948166,-0.001925048119556789,0.01642283842016369,-0.6443584240697972,0.4853232517621715,-0.047201914654903046,-1.8926298749824773,1.133992954172895,-0.11148716815604084,-0.16693019022063033,-0.6522549519786666,-0.4456461079701216,0.02942983576886787,-1.9963484890580017,-1.0942952609965113,0.11362161122322273,-0.14951022440161205,0.48738602105280476,0.872043498222965,0.4895500896989376,0.2813614394812299,1.309,1.2376157040294584,1.262363870684146,1.25,0.8162451125971961,0.3276230406414827,0.20055519093472274,0.8396358145195602,0.5204238297027035,0.49621324191092264,0.848924692418123,0.6447172778505544,1.1188267887229484,1.25,0.6289133563803309,0.9027367362754897,54,100,38,100,97,49,23,95,38,57,89,54
-0.0009656917868069777,-0.0016757230179154938,0.9482797854654482,0.0032731119499008936,0.007241274791846027,-0.7070510237380745,0.7071178830354191,0.006882298785134293,-0.00013149480927735364,-0.354772348644949,0.5354306473549538,-0.19553860852548527,-0.0012437430299726082,0.007572445366342241,-0.00012225469274040722,-0.3490094172662461,0.5259596138507177,-0.19195179803495543,-0.00193413516429684,0.021226513435989202,-0.6477584660088116,0.46153371852881164,-0.03437802831923374,-1.8999885195653332,1.1555322324901602,-0.12950442723229622,-0.1979934896238719,-0.6589221238252952,-0.4175973558899806,0.016499569999352984,-2.002930709459935,-1.1464902948907167,0.12887822357529816,-0.1919092717312555,0.46518890617264835,0.8727,0.49107081252949275,0.27844476740834456,1.309,1.2488302385983316,1.309,1.25,0.6639982442566011,0.3208762522517421,0.18497200125499882,0.87266,0.4388459710938897,0.40535993571214,0.8300152367966558,0.5857591656002674,1.1092399918477165,1.25,0.5766704158803846,0.7834443720195957,50,100,38,100,100,41,21,100,31,54,89,49
-0.0009732286034371715,-0.0016481897599123435,0.9482905679887921,0.003281410386954362,0.0073102958482316035,-0.7070713030620288,0.7070968563829485,0.006988667669357627,-4.78113360815068e-05,-0.3549351073410387,0.5354020790590197,-0.1954896677416653,-0.0012678554771662757,0.0076786174422248926,-3.854824138037066e-05,-0.3490316228418759,0.5256669473623347,-0.19177383172575777,-0.0019580482750329773,0.021146183124946,-0.6466212047309579,0.46108849748044267,-0.03360430842868165,-1.8995423075779811,1.1588544017647517,-0.1338060847371681,-0.2035383067629392,-0.6581267743361339,-0.41848530370963954,0.015557286701084957,-2.0019874376537885,-1.1563715444296507,0.13289538939124973,-0.19933799457062648,0.46518890617264835,0.8727,0.49107081252949275,0.27844476740834456,1.309,1.2488302385983316,1.309,1.25,0.6639982442566011,0.3208762522517421,0.18497200125499882,0.87266,0.4388459710938897,0.40535993571214,0.8300152367966558,0.5857591656002674,1.1092399918477165,1.25,0.5766704158803846,0.7834443720195957,50,100,38,100,100,41,21,100,31,54,89,49
-0.0011412480700284896,-0.00111655261059533,0.9482054959792434,0.002948416355413443,0.006916933724565723,-0.7070118740571666,0.7071617020250871,0.007096321595503081,-0.00021187209192156454,-0.35477136823297095,0.5358985955982214,-0.1950945546101426,-0.0014264803797389095,0.007786231014930415,-0.00020306081832501932,-0.3485728797208816,0.5257612427085118,-0.1912452852353684,-0.002116536922693529,0.0250644635648576,-0.6360295395501052,0.4596243660583867,-0.04065327432632325,-1.8949461140773611,1.1551734562728861,-0.13733784415027173,-0.20694433158655962,-0.6515653352543959,-0.41515693960604705,0.021040466892693496,-1.9978486554591397,-1.1889396433354391,0.1341893975125208,-0.2073643832119781,0.4666042983828457,0.8727,0.509164274365775,0.32598381868136334,1.309,1.1981334591027883,1.309,1.25,0.7693577498135795,0.4199767976715585,0.21989137955830254,0.87266,0.4343860963496835,0.43616298988120017,1.1311463174211982,0.6120121900426098,1.2124621672027025,1.25,0.6547022541413364,0.7957326244176496,50,100,40,99,100,49,25,100,31,74,95,53
-0.001146570652431072,-0.0011767060223893517,0.948208108130275,0.0027949957137622427,0.006845576995034603,-0.7070610751397483,0.7071138254176538,0.007230920282984371,-0.00010598970272596974,-0.3544047837038465,0.5361438866481647,-0.19524332921216853,-0.0014659423179195195,0.007920613602817676,-9.741579683565478e-05,-0.3481120025185949,0.5257847314069044,-0.19127866436366317,-0.0021558452790463077,0.025016828186193926,-0.6344900263538246,0.45931992859731513,-0.04171422957795845,-1.8942590576732086,1.153447977240335,-0.13897165300919498,-0.20897762865714226,-0.6507127532025544,-0.4169941791693211,0.02132471288483117,-1.9969869831999836,-1.2002670709298655,0.13512367984836404,-0.21014152187847485,0.4666042983828457,0.8727,0.509164274365775,0.32598381868136334,1.309,1.1981334591027883,1.309,1.25,0.7693577498135795,0.4199767976715585,0.21989137955830254,0.87266,0.4343860963496835,0.43616298988120017,1.1311463174211982,0.6120121900426098,1.2124621672027025,1.25,0.6547022541413364,0.7957326244176496,50,100,40,99,100,49,25,100,31,74,95,53
-0.0014349187280429001,-0.0007582265363494904,0.9481126405483542,0.0023547415046945575,0.006236803026724369,-0.7070597289934956,0.7071224060345538,0.007333492671391818,-0.00011958092355513543,-0.35371103368044343,0.5370337106149756,-0.19512768963632865,-0.0018083302160242093,0.008023209897191512,-0.00011180750182030167,-0.34717555081832485,0.5262766147397789,-0.1909786173234708,-0.0024981593809449685,0.028878993461082556,-0.6096321464921239,0.48192090880147037,-0.07141381640967559,-1.8789681253588268,1.109980165948104,-0.12559567735436852,-0.18552976855819162,-0.6315961985848118,-0.4488105972478218,0.04838306417631775,-1.9858979065762805,-1.225695800576252,0.11804930165741614,-0.17974738135071985,0.4743798100136505,0.8727,0.5132139269225925,0.4339311239202736,1.309,1.1110038041364896,1.309,1.25,1.0005401704485164,0.6167014272304667,0.27951814489832105,0.87266,0.46679111842597915,0.5723056877603508,1.202233001896274,0.7046622865263815,1.2469183700291122,1.25,1.0096589049249485,0.9172136228288981,52,100,44,97,100,67,33,100,37,80,97,75
-0.0014103108330106183,-0.0008714004867015641,0.9481047825554442,0.00219074479593072,0.0060998344186418765,-0.7070712247446376,0.7071126330333961,0.00734707420236544,-5.8714247332516915e-05,-0.3531022063281479,0.5372981593436309,-0.1955566659206544,-0.0018134692671423493,0.008036761320544462,-5.132143728960176e-05,-0.346505303499147,0.5264184627729993,-0.191335388531638,-0.002503248223601412,0.02897003598961238,-0.6092940705983998,0.481264554849772,-0.07374718781753531,-1.8791266368319823,1.1015176566215024,-0.1226882054948869,-0.1831730331132799,-0.6317114632828599,-0.45243039216359177,0.04874967196133758,-1.9864368539014627,-1.232633673256962,0.11429166666409334,-0.17506128022552567,0.4743798100136505,0.8727,0.5132139269225925,0.4339311239202736,1.309,1.1110038041364896,1.309,1.25,1.0005401704485164,0.6167014272304667,0.27951814489832105,0.87266,0.46679111842597915,0.5723056877603508,1.202233001896274,0.7046622865263815,1.2469183700291122,1.25,1.0096589049249485,0.9172136228288981,52,100,44,97,100,67,33,100,37,80,97,75
-0.0016313455666288927,-0.0006589779722074418,0.947909347859241,0.0017454737675050857,0.005347686623662334,-0.7070460027927582,0.7071451799339971,0.007161374604422973,-0.0001499748236161429,-0.352061571010531,0.5386606266161895,-0.19614015278991778,-0.0020959527125936697,0.007851642293237314,-0.0001436621313764507,-0.3453350310245577,0.5276010665505793,-0.1918324578669569,-0.0027860996351001662,0.03535517074822258,-0.5773752978727629,0.5237602688290707,-0.12738458122239912,-1.8639091098114107,0.9993764628491499,-0.09369545164675103,-0.12306051433428576,-0.6027711909979788,-0.523699855415846,0.0990637397613579,-1.9759284675235604,-1.2184094687239366,0.07760348539028976,-0.08704884393564881,0.4712065919940146,0.8671667341336274,0.5638849191784374,0.6269352351127055,1.1393521050724973,1.030067999799607,1.2905377259614168,1.25,1.217670980182232,0.8325061881583946,0.3286132444659554,0.87266,0.5902440858192397,0.7589444522710656,1.309,0.8191075049303442,1.1746471305907076,1.2348631539927846,1.0621836986457993,1.045650020108732,51,99,52,82,99,84,40,100,48,90,92,81
-0.0015874436365791542,-0.0007483825831316378,0.9478972142303612,0.0016725463565632076,0.0052589810927559785,-0.7070533096414536,0.7071387155513535,0.00708057001506064,-0.00011191709854867891,-0.35168577158973807,0.5388502179755599,-0.19659849455943387,-0.0020472152669264,0.007770974175473846,-0.00010590958026476891,-0.3449664069851543,0.5277893787215481,-0.19227219672966822,-0.002737518431925346,0.03584408890517265,-0.5778578858283059,0.5201840637827724,-0.13010100110305609,-1.8660400871240796,0.9861424442492194,-0.0885929764990815,-0.1175252599973267,-0.6033497179184865,-0.5251259348092103,0.09855677089764647,-1.9786327132229462,-1.2189607693788047,0.07152000653587816,-0.07739607909947009,0.4712065919940146,0.8671667341336274,0.5638849191784374,0.6269352351127055,1.1393521050724973,1.030067999799607,1.2905377259614168,1.25,1.217670980182232,0.8325061881583946,0.3286132444659554,0.87266,0.5902440858192397,0.7589444522710656,1.309,0.8191075049303442,1.1746471305907076,1.2348631539927846,1.0621836986457993,1.045650020108732,51,99,52,82,99,84,40,100,48,90,92,81
-0.0016900806073101217,-0.0006510468138018829,0.9475163136835939,0.0014187097182523343,0.004551517723254015,-0.7070373536145341,0.7071601314715826,0.006520771284897958,-0.00020097826110676835,-0.35146343084087744,0.5411878078250582,-0.1977578631445992,-0.0021479539828793445,0.007212457994780204,-0.00019590279325739932,-0.34490830039336984,0.5304236406942584,-0.19353416368750972,-0.0028394253873104823,0.04711578778116193,-0.5420931921734293,0.5689520568266505,-0.20229871061423224,-1.86097664895054,0.8304104000263023,-0.06822711110223999,-0.020861444119428408,-0.5653646860016818,-0.617908720564065,0.16765400617660395,-1.979010082455501,-1.1450791915881333,0.04316356149750699,0.05779237870711569,0.46175678601177156,0.8189132497845973,0.6378754475563965,0.80091588577693,1.210479368452682,0.969859900192334,1.309,1.25,1.309,0.9570574388900577,0.3483416434790434,0.87266,0.7715937958380645,0.9156800543750483,1.309,0.898785092682818,1.0553485006027992,1.1796660081143888,0.9613588551914752,1.090260705602877,50,91,62,86,100,93,42,100,62,92,84,77
-0.0016485244707459181,-0.0007021655558369852,0.9475010972051591,0.0014061598701502987,0.004510337905556246,-0.7070497783510261,0.7071479975932632,0.00642076354634627,-0.00014841511963840543,-0.3514072702202487,0.5414546180482678,-0.19813261181986164,-0.00208080853558973,0.007112611243391961,-0.00014350275067567198,-0.34493852018248083,0.5308143584567331,-0.19393886194293922,-0.0027725181016091728,0.047711122363842826,-0.5423646840823476,0.563464065148483,-0.2043438632354826,-1.8641389312606222,0.8158689218020623,-0.06444506663544315,-0.01331498482398542,-0.5651861433488765,-0.6164316054138296,0.16642406442763044,-1.982775616034395,-1.1399585581772962,0.03880274798641515,0.06853521172490999,0.46175678601177156,0.8189132497845973,0.6378754475563965,0.80091588577693,1.210479368452682,0.969859900192334,1.309,1.25,1.309,0.9570574388900577,0.3483416434790434,0.87266,0.7715937958380645,0.9156800543750483,1.309,0.898785092682818,1.0553485006027992,1.1796660081143888,0.9613588551914752,1.090260705602877,50,91,62,86,100,93,42,100,62,92,84,77
-0.0017340652472625374,-0.0006193003363744826,0.9469319209656343,0.0013657291397129129,0.003931708758213119,-0.7070247728709256,0.707176531706881,0.005710950532716241,-0.0002745360808210931,-0.3526266904343998,0.5451027939187537,-0.19951763023777086,-0.0021417676824767007,0.00640435071126109,-0.0002701162187078919,-0.34663160120286246,0.5352867758487954,-0.1956585456185999,-0.0028349679282812664,0.06361301216975492,-0.503836539858426,0.6137603604533771,-0.2796795898104366,-1.8650439972539419,0.6559882233978379,-0.08070190527161322,0.09434184979210922,-0.5180230575014403,-0.7133788070683128,0.2382568787578589,-1.9736084467169992,-1.0305774926526134,0.04794485462236852,0.20438589899158777,0.462495322084753,0.7621806330434672,0.7260612797928936,0.8975545919269308,1.309,0.9019342862453001,1.309,1.1571551179413089,1.166754908792822,0.9404850402235346,0.3491703607144753,0.8472013455880574,0.8266685330493716,0.9818462804429631,1.3016597668065808,0.9060461685165975,1.0326423604462984,1.0811053017588605,0.9353031140411322,1.0266331569250968,50,82,71,91,97,84,42,96,67,91,80,74
-0.0016947527296734945,-0.0006660781750555629,0.9469070476105574,0.0013532470590462513,0.003881684270866111,-0.707046111223907,0.7071554976472775,0.005598955887070477,-0.00019081329156237756,-0.35270864040755867,0.5456141322913053,-0.19998146831298236,-0.002071938291714086,0.006292524668767193,-0.00018655630453945878,-0.3468701458075758,0.5360260992328861,-0.19618680391424456,-0.0027653974354097657,0.06426112872426183,-0.5036270623963951,0.6080515571311046,-0.280899455292333,-1.8681794257885371,0.6416313395114961,-0.08016985969939261,0.10308685306675745,-0.5172928920089501,-0.7108743496271395,0.23668513423074752,-1.9760776511118772,-1.0222411463191803,0.047531207845348714,0.2145206826595391,0.462495322084753,0.7621806330434672,0.7260612797928936,0.8975545919269308,1.309,0.9019342862453001,1.309,1.1571551179413089,1.166754908792822,0.9404850402235346,0.3491703607144753,0.8472013455880574,0.8266685330493716,0.9818462804429631,1.3016597668065808,0.9060461685165975,1.0326423604462984,1.0811053017588605,0.9353031140411322,1.0266331569250968,50,82,71,91,97,84,42,96,67,91,80,74
-0.0017917115539505541,-0.0005031275765815045,0.9462640443123777,0.001400302657818225,0.0036259150718639336,-0.7069766597665357,0.7072261975052322,0.0052750926896126885,-0.0004853096977620185,-0.3552259934453373,0.5498574806014723,-0.20112643347268483,-0.002190847823422798,0.005969639886929238,-0.00048102999038759643,-0.34971607253389986,0.5409202687107256,-0.19767686879669064,-0.002885121063585996,0.08488862050969627,-0.46464723569641037,0.6532027644423083,-0.3470597045326579,-1.8686047965257775,0.523411420636141,-0.12294072099776779,0.1866612345043589,-0.4675370574488857,-0.799498188716672,0.3047073436475149,-1.9546125018561316,-0.9221273809117366,0.08722414359109484,0.31692512090592206,0.48324770576998605,0.6938208422650609,0.8334482296221585,0.9170662385002135,1.309,0.8100329883705115,1.309,0.9144445881574392,0.7496806983870851,0.8244989404361561,0.36114105045512884,0.7914783232793897,0.7967365552566893,0.9693229671012504,1.2952486139586448,0.8642279661924119,1.0116859303182149,0.970655185645944,0.9455538865237003,0.9034048221332143,53,71,78,89,91,58,44,88,65,90,77,71
-0.001739006085034726,-0.0005807414526539448,0.9462236969750595,0.0013733088162441692,0.003512793642220485,-0.707021170033676,0.7071823240352757,0.005067591537781733,-0.00032044199493354243,-0.35530824852836473,0.5507210017180021,-0.2018427660427938,-0.002101190925278784,0.005762434531501669,-0.0003164324340148261,-0.35000899972258154,0.5420679838108244,-0.19845080841073498,-0.002795871548935842,0.08578564406552908,-0.46386863449379195,0.6481412955193674,-0.348053545560368,-1.8717641840939487,0.5091439141912977,-0.12603700907529955,0.19564028686228324,-0.46630626184224633,-0.7975658636810755,0.30313572684440854,-1.9552932420735138,-0.9114553077090732,0.09115631166091336,0.32618717177626294,0.48324770576998605,0.6938208422650609,0.8334482296221585,0.9170662385002135,1.309,0.8100329883705115,1.309,0.9144445881574392,0.7496806983870851,0.8244989404361561,0.36114105045512884,0.7914783232793897,0.7967365552566893,0.9693229671012504,1.2952486139586448,0.8642279661924119,1.0116859303182149,0.970655185645944,0.9455538865237003,0.9034048221332143,53,71,78,89,91,58,44,88,65,90,77,71
-0.0018237498101921527,-0.000288924957611764,0.9456416088662869,0.0014324409316216348,0.003757299805711988,-0.7068647160846416,0.7073373339261303,0.0054814052961871225,-0.0008853164034324731,-0.3588485914181667,0.5546799884589839,-0.20248823015191564,-0.0022275920862215837,0.006176159609431039,-0.0008807903274026558,-0.35351661543215396,0.5462022006155342,-0.19936844841425996,-0.002922123105959605,0.11130897741693806,-0.424819916169385,0.6772369327379858,-0.3978687793886101,-1.8697948926683041,0.4399802169888207,-0.16635144843234415,0.2447525872876627,-0.41714327940507573,-0.8613563150635615,0.3570916684826062,-1.9232983480735444,-0.8396473118605919,0.12745442210109756,0.39210296614014983,0.5237789982968598,0.6316427284445384,0.9122545926452679,0.9186306294686537,1.309,0.7316890590593642,1.1763201159452068,0.7436759890887075,0.785302083022126,0.6898040542580586,0.41134914648675996,0.7450043504557542,0.7402071908336001,0.9520493824077387,1.0510576260900635,0.8456218138883564,0.8824074902141101,0.9067399805274965,0.9153562870721571,0.809743316074558,60,60,84,87,78,57,51,80,62,74,68,67
-0.0017517050504017339,-0.0004307490069993266,0.9455855856382535,0.0013622783373185869,0.00352043252506424,-0.7069625151989483,0.7072409439901968,0.005124051056676475,-0.00057663820426442,-0.3587662211698805,0.5559818214290416,-0.2034811859057928,-0.002131924834898545,0.005819336673874783,-0.0005725103749394597,-0.3536598812263021,0.5477405930166424,-0.20035252417157437,-0.0028270037035412923,0.11282801802350148,-0.423149649942021,0.6737472629523813,-0.399421294176947,-1.87300338823677,0.42732453797272163,-0.17160673651711597,0.2519172012893736,-0.41521023790809036,-0.8609369579678668,0.3560441223870833,-1.9218056726730846,-0.8277977253323097,0.1334396688843229,0.39977366736284314,0.5237789982968598,0.6316427284445384,0.9122545926452679,0.9186306294686537,1.309,0.7316890590593642,1.1763201159452068,0.7436759890887075,0.785302083022126,0.6898040542580586,0.41134914648675996,0.7450043504557542,0.7402071908336001,0.9520493824077387,1.0510576260900635,0.8456218138883564,0.8824074902141101,0.9067399805274965,0.9153562870721571,0.809743316074558,60,60,84,87,78,57,51,80,62,74,68,67
-0.001685823427293494,-0.00020130420524752776,0.9450601520656582,0.0012673223517918877,0.004020163083203285,-0.7068187269758739,0.7073821593587485,0.005967170847525019,-0.0010873977772035204,-0.36278428286396175,0.5606438276235961,-0.20460294284515895,-0.0021092869509772476,0.006661625863433156,-0.0010827776305377757,-0.35735019421771075,0.5520714120219936,-0.2015523164469416,-0.0028036424227963668,0.14503136412057238,-0.38118241120980295,0.6834963332686461,-0.43263203820274054,-1.8694411201048584,0.39056101399019033,-0.19866215152333577,0.27664856251938924,-0.36522322343771535,-0.8965448126661231,0.3908750875858936,-1.8732155962602794,-0.7746577424861073,0.14720660337831803,0.44413452886415666,0.5791419940874263,0.600242361518922,0.8960498737656163,0.9619164529809024,1.309,0.7202807667635809,1.137955719497854,0.6924654719278398,0.9927224742096908,0.6031234899615904,0.5025173449891873,0.7208125947666024,0.7090332018386135,0.9981398104016024,0.9143742426619376,0.9099077531198663,0.7988157659945901,0.932993947447635,0.8608254293623565,0.8199103389329692,69,55,84,87,74,66,63,77,61,67,64,65
-0.0016282676190826361,-0.0003374695797195126,0.9450040066330786,0.0011677189341568882,0.003783261333248652,-0.7069404352095542,0.707262005505669,0.005670831372785207,-0.000686898208764352,-0.3627612266598893,0.5621328535594874,-0.20569105495495826,-0.002023485419545355,0.006365812833464117,-0.0006827045119123685,-0.3574857669467087,0.5536512752596598,-0.20254529947689748,-0.0027183205871357946,0.14673815820008146,-0.3790930053871001,0.681089844802776,-0.4335528456543136,-1.871838000527607,0.38323730405723233,-0.20226878146915356,0.2795843986036585,-0.36346242994692446,-0.8951478475000484,0.389536186543547,-1.8697126635171828,-0.7654963763462536,0.15008768144047882,0.4481200322167599,0.5791419940874263,0.600242361518922,0.8960498737656163,0.9619164529809024,1.309,0.7202807667635809,1.137955719497854,0.6924654719278398,0.9927224742096908,0.6031234899615904,0.5025173449891873,0.7208125947666024,0.7090332018386135,0.9981398104016024,0.9143742426619376,0.9099077531198663,0.7988157659945901,0.932993947447635,0.8608254293623565,0.8199103389329692,69,55,84,87,74,66,63,77,61,67,64,65
-0.001433774053861327,-0.00014003394141528125,0.9445217121248501,0.0008733598714905327,0.004587316038440473,-0.7067784382203433,0.707419559413585,0.007123516747760258,-0.001247487965535895,-0.3672267119981673,0.5672711756727111,-0.20699634041802165,-0.0018951147935654846,0.007816441826551208,-0.001242735332964065,-0.36111893879899015,0.5576501608709696,-0.20365000001611577,-0.002588120858817222,0.18490073700199441,-0.3335757968752672,0.6786232277016284,-0.45446251520583786,-1.862187402753022,0.37545996333885784,-0.21484799526556855,0.28778998358005403,-0.3140046772673032,-0.905261296314962,0.41029197501064757,-1.8035983562707907,-0.7351108742655784,0.13097965290729066,0.47482935005749694,0.6415252277282895,0.6092056307922328,0.824424912295933,1.0586582819097572,1.309,0.7927796233163841,1.2679031966641257,0.7498866734187593,1.186724529761828,0.6001480264728516,0.6080859409905546,0.7278369428672875,0.6837915520645709,1.1205692556349696,0.8317165313916223,1.0593064099274854,0.8094715770366687,1.0494417479086895,0.9137834836167223,0.9492441757875322,80,57,82,89,84,77,77,78,63,66,67,71
-0.0013971587916951763,-0.000276738860300574,0.9444691576061405,0.0007297159931711138,0.004353041205235688,-0.7069197268637002,0.7072800140805523,0.006924622114458554,-0.000775045304677243,-0.36720108414659924,0.5688971223562791,-0.2081647701197095,-0.0018347549051056069,0.00761802826782361,-0.0007707446386206102,-0.3611222702576077,0.5591241014952888,-0.20460374060923775,-0.002528098708375931,0.1867933143208941,-0.33149535196132585,0.6773333404601996,-0.4551416189608939,-1.8635953276765824,0.37283457407268406,-0.21681796584238314,0.2878562750907512,-0.31289048239321926,-0.9030173790214676,0.40956358561064565,-1.798284718133575,-0.7290977541583593,0.1290247638855779,0.4758819485683096,0.6415252277282895,0.6092056307922328,0.824424912295933,1.0586582819097572,1.309,0.7927796233163841,1.2679031966641257,0.7498866734187593,1.186724529761828,0.6001480264728516,0.6080859409905546,0.7278369428672875,0.6837915520645709,1.1205692556349696,0.8317165313916223,1.0593064099274854,0.8094715770366687,1.0494417479086895,0.9137834836167223,0.9492441757875322,80,57,82,89,84,77,77,78,63,66,67,71
-0.0011094183628357374,-0.00014528326833132283,0.9439976180859784,0.0002676160557519484,0.0053776808547304315,-0.7067443873555783,0.7074484998016884,0.008855400619389928,-0.0013942759250571484,-0.3719268310006279,0.5744416598645097,-0.20967237606779932,-0.0016369895479944872,0.009545294765495168,-0.0013893983204921864,-0.3644652073491548,0.5626412376524011,-0.20558955187375338,-0.0023271524227378333,0.23085575282178947,-0.28310077272982553,0.6680855217202495,-0.4704453457602852,-1.8453835776214338,0.38075164602247596,-0.2250459140816868,0.2944479334827814,-0.26565249639077104,-0.891495827234488,0.42593112783834314,-1.723208851244534,-0.7213638655809143,0.08601080416448044,0.487912474525021,0.6995156072682231,0.6462948460548471,0.7807554479608032,1.1811857099273315,1.309,0.9255082302858312,1.309,0.8732451312330244,1.3028546366657885,0.6818415567778414,0.692616634894355,0.7580940667729701,0.6457734463941063,1.25,0.7944729853899002,1.2440570074402224,0.8413677483695453,1.2162769682553718,0.9538919352257155,1.1482318603411001,89,63,82,92,90,85,88,82,65,68,73,78
-0.0010924796165906474,-0.0002860631690389516,0.9439500640459129,7.976511645280894e-05,0.005148013648264547,-0.7069031960405062,0.7072915686057067,0.008756900068061825,-0.0008478008536021855,-0.3718764005335252,0.5761777408762137,-0.21092947305021542,-0.0016050928747848529,0.009447174972154696,-0.0008433954447691137,-0.36429805957088446,0.5639574552616995,-0.20649993503814806,-0.0022954094077601637,0.23282146910506346,-0.2814279778953485,0.6670454926399958,-0.4709261202964384,-1.845740621091992,0.38062903199092746,-0.22700038127683966,0.2942199002176565,-0.2654600264459376,-0.8884692937746603,0.4264745180298031,-1.7165255312060286,-0.7184572164225183,0.08025769367293979,0.48646528793449645,0.6995156072682231,0.6462948460548471,0.7807554479608032,1.1811857099273315,1.309,0.9255082302858312,1.309,0.8732451312330244,1.3028546366657885,0.6818415567778414,0.692616634894355,0.7580940667729701,0.6457734463941063,1.25,0.7944729853899002,1.2440570074402224,0.8413677483695453,1.2162769682553718,0.9538919352257155,1.1482318603411001,89,63,82,92,90,85,88,82,65,68,73,78
-0.0007618665852278254,-0.0004118660531014091,0.943437941749959,-0.0006087084091482049,0.0060840315013643035,-0.7068926201594903,0.7072944490089074,0.01083209498603256,-0.0009026173903424093,-0.37674132604937305,0.5837394871716474,-0.21392471960774487,-0.0013647450489675873,0.011517858984802105,-0.0008980146799973745,-0.3671540691365384,0.5682223613314717,-0.20827374206806232,-0.002050696304746702,0.284612951471931,-0.230331620244224,0.6512367423249478,-0.4844455717235393,-1.8166409028352153,0.39025006936273815,-0.24158149652238514,0.31145212672371325,-0.22079717337640425,-0.8503086740154975,0.4501218913109664,-1.6310903549400315,-0.735951652375828,0.022686539487004515,0.48210269090893426,0.7419321869998087,0.6882812893922785,0.7530909146658493,1.25,1.1783197745758016,1.0756349424642735,1.1640690041536355,1.014193078335412,1.1267136872666155,0.8146562870192281,0.7374284695847925,0.7847254698704984,0.5744342302295594,1.25,0.8367668859283631,1.25,0.8823135042338903,1.25,0.9721825843608881,1.25,96,70,82,86,84,79,94,86,61,70,76,82
-0.0007736345021682404,-0.00048584106835657543,0.943397719291723,-0.000742016055936735,0.005987629343520781,-0.7069840720397735,0.7072037327312957,0.01089526380827043,-0.000506665517026914,-0.376998261773273,0.5852046485894581,-0.21498231640816934,-0.0013714092753205973,0.011580957719435453,-0.0005023989298121995,-0.36716561237082046,0.5691434678341447,-0.20897259130600843,-0.002057274001654606,0.2855356979956448,-0.2300522108198998,0.6501497422617217,-0.484341737230201,-1.816096298740024,0.39002089891346503,-0.244033993286051,0.3124212588416868,-0.22252593533941042,-0.8476185374872874,0.4525865114962567,-1.6255460207280967,-0.735819324863611,0.01789837337819053,0.4785608868608193,0.7419321869998087,0.6882812893922785,0.7530909146658493,1.25,1.1783197745758016,1.0756349424642735,1.1640690041536355,1.014193078335412,1.1267136872666155,0.8146562870192281,0.7374284695847925,0.7847254698704984,0.5744342302295594,1.25,0.8367668859283631,1.25,0.8823135042338903,1.25,0.9721825843608881,1.25,96,70,82,86,84,79,94,86,61,70,76,82
-0.0007883636853401521,-0.0005201543360195311,0.9433595925136311,-0.0008173265580795332,0.005951574006400847,-0.7070349839209776,0.707153054335486,0.010969645778303264,-0.00026798611419388965,-0.37744155734809365,0.5864590575344234,-0.2157883196669111,-0.0013863222190122631,0.011655200975920965,-0.0002639152216101152,-0.3673675820590187,0.5699205583789184,-0.20949602808369347,-0.002072060362965822,0.2859718527249319,-0.23004957502898224,0.6494427305715996,-0.48411358016270495,-1.8156595301100087,0.3897565348210087,-0.24598015915934074,0.313155163295476,-0.2243370383287227,-0.8457099366364143,0.455090407758385,-1.6215698027364862,-0.7353966835209761,0.014595358810239895,0.47544857458613476,0.7419321869998087,0.6882812893922785,0.7530909146658493,1.25,1.1783197745758016,1.0756349424642735,1.1640690041536355,1.014193078335412,1.1267136872666155,0.8146562870192281,0.7374284695847925,0.7847254698704984,0.5744342302295594,1.25,0.8367668859283631,1.25,0.8823135042338903,1.25,0.9721825843608881,1.25,96,70,82,86,84,79,94,86,61,70,76,82
-0.00046598250402026274,-0.0007042890920260715,0.942874572955621,-0.0012023479883614995,0.007173352842339733,-0.7068945943052418,0.7072815068346848,0.01304224363349065,-0.0008884190275398586,-0.3828466711264817,0.5930288019942366,-0.21786315014078522,-0.0011827558763411556,0.013722145029774988,-0.0008834175758140838,-0.3706025046848353,0.5731253736756833,-0.2104975838546309,-0.0018630025571726684,0.3426386604003443,-0.17969341766447083,0.6288670074555878,-0.4959124409474275,-1.7752299255861208,0.38955212418152657,-0.2636203668721228,0.34269033098455376,-0.18329214545654726,-0.7900386730376953,0.4846874033939549,-1.5426639136252502,-0.776002765915192,-0.030931304277948247,0.46012936690227035,0.7635216829541758,0.712445067453521,0.7573910219703279,1.25,0.982792213990959,1.1973158508880455,0.9681837906984738,1.1310456904631745,1.0073619294562763,0.9436977724974358,0.745688083190223,0.7755358837530815,0.4489950083343591,1.25,0.8601869006555144,1.25,0.8829924198596234,1.25,0.9157392995765072,1.25,100,74,82,75,75,75,95,85,54,72,76,79
-0.00048059955177359585,-0.0007721377102564827,0.9428451747834122,-0.0013423078727933114,0.007082028940046766,-0.7069848497936218,0.7071919578431004,0.013128883742817694,-0.000482346133013187,-0.383012697603796,0.5943336017376399,-0.21884211111764526,-0.001200928073870315,0.013808579446924872,-0.00047766069626566164,-0.3705028140484688,0.5738524701793989,-0.2111006568911144,-0.0018809063999308227,0.34341447981291096,-0.17982542107438831,0.6267776770016136,-0.49559214035543675,-1.7736824204409083,0.3880277645241647,-0.2667218089398168,0.34478061962377454,-0.1856852055671569,-0.7871458444728147,0.4877682592454743,-1.5359986877718526,-0.7781964641659499,-0.03450928923458794,0.4550468930198103,0.7635216829541758,0.712445067453521,0.7573910219703279,1.25,0.982792213990959,1.1973158508880455,0.9681837906984738,1.1310456904631745,1.0073619294562763,0.9436977724974358,0.745688083190223,0.7755358837530815,0.4489950083343591,1.25,0.8601869006555144,1.25,0.8829924198596234,1.25,0.9157392995765072,1.25,100,74,82,75,75,75,95,85,54,72,76,79
-0.00021430412442770174,-0.0012659003689812554,0.9423779336105585,-0.001646946340486916,0.00829596866159296,-0.7069652018847759,0.7071977572049677,0.015126515133567466,-0.0005418234711860675,-0.38842663846630293,0.6016782680354229,-0.22205194568990713,-0.0010419674411946847,0.015799842556418,-0.0005363218779351601,-0.3735169979395911,0.5772669703999307,-0.2128001707033672,-0.001715701076044426,0.40850421521444386,-0.1314502835863849,0.5966697510114193,-0.5050534699433459,-1.7195233755768113,0.36954649102533954,-0.29142461472712505,0.3851118205387843,-0.1528093823320222,-0.7085577624021127,0.5202191814740345,-1.4440945909683973,-0.8401909131052451,-0.07399734566246025,0.4209087739397354,0.7640481615230399,0.7013271194054531,0.7064470776727635,1.25,0.8972187731255545,1.25,0.8860787902956802,1.195744164443332,0.9865806082120453,1.0181526020896565,0.7312299327463345,0.7181752277339136,0.6129402601457115,1.25,0.9294529798279574,1.25,0.8344350038746511,1.25,0.7325963684710134,1.25,100,72,79,70,72,76,93,76,63,76,73,69
-0.00023162110903626032,-0.0012910906119568209,0.9423589748431525,-0.0017297760911691516,0.008263515606209158,-0.7070200975088513,0.7071430575937767,0.015222745287392704,-0.000267239697624423,-0.38872479298349316,0.6026918300791301,-0.22276730672992207,-0.001070264682208425,0.015895740320633088,-0.000261925950864866,-0.37354915563578367,0.5777546370423521,-0.21320014399879117,-0.0017436109890899085,0.40887753597253673,-0.13207792495973744,0.5941568755009957,-0.5046133755404827,-1.7172975696049737,0.3665961883569187,-0.2945366609180969,0.3868395965900556,-0.15581447384447128,-0.7060401675548232,0.5236346115496278,-1.437041907708315,-0.8429445400603928,-0.07510391460984608,0.41476236051757576,0.7640481615230399,0.7013271194054531,0.7064470776727635,1.25,0.8972187731255545,1.25,0.8860787902956802,1.195744164443332,0.9865806082120453,1.0181526020896565,0.7312299327463345,0.7181752277339136,0.6129402601457115,1.25,0.9294529798279574,1.25,0.8344350038746511,1.25,0.7325963684710134,1.25,100,72,79,70,72,76,93,76,63,76,73,69
-2.9161453211852654e-05,-0.0019515672597913906,0.9419611659276589,-0.0016509117441678013,0.009632809560496305,-0.7069478334739311,0.7071981647437298,0.01695332416007088,-0.0005791864746676595,-0.39413688034703487,0.6086984817185278,-0.22529384660010499,-0.0009642821710135022,0.01762001131651248,-0.0005725079170491854,-0.3768530209151871,0.5803966133739042,-0.21452023911360393,-0.0016314675437129676,0.4815896314313947,-0.08782476752395801,0.5595498260727102,-0.5105955260891273,-1.6525351550605591,0.3329778698226199,-0.31874754415126005,0.4273643907753575,-0.13077204328348793,-0.6142892440506197,0.5506075151981463,-1.350249376303019,-0.9134692527737837,-0.1013037302625134,0.37079214572882896,0.7424897324293582,0.6512087071174357,0.6491988470373629,1.25,0.8526691217953516,1.2297403595654395,0.8391866278566206,1.1971247111550132,1.0485503209932334,1.014605351284672,0.7083046665022461,0.6355878357791613,0.7624348140690813,1.25,1.0078670277418036,1.25,0.893729126912532,1.25,0.8129411519632932,1.25,96,64,75,66,69,80,90,64,71,81,77,73
-4.868499829562505e-05,-0.001974583929984883,0.9419523719533024,-0.001730777570165888,0.009601567039590446,-0.7070073646162666,0.7071388835990768,0.017049666209873946,-0.000274722443586562,-0.39434162608533024,0.6095422969693689,-0.22593342543530162,-0.0009986779933083161,0.017715961816004364,-0.0002682146250669096,-0.3768340881576281,0.5807766031666227,-0.2148615505649919,-0.0016653898639555707,0.48194905229970747,-0.08872787617010634,0.5562837015169203,-0.5101530230494147,-1.6491778777072201,0.3284359127720727,-0.32199131778256296,0.42846112888087284,-0.1339220415982033,-0.611343419066843,0.5539557409645197,-1.3421156576480067,-0.9169837968316129,-0.10124174739467896,0.3636381036556771,0.7424897324293582,0.6512087071174357,0.6491988470373629,1.25,0.8526691217953516,1.2297403595654395,0.8391866278566206,1.1971247111550132,1.0485503209932334,1.014605351284672,0.7083046665022461,0.6355878357791613,0.7624348140690813,1.25,1.0078670277418036,1.25,0.893729126912532,1.25,0.8129411519632932,1.25,96,64,75,66,69,80,90,64,71,81,77,73
1.5754607789261433e-05,-0.002839975067503766,0.941642930904179,-0.0014035069737584358,0.011018975042845873,-0.7069937945115837,0.7071325101275521,0.018641081162782774,-0.00027884073902637003,-0.39953897877118993,0.614901187467268,-0.22860717775549796,-0.0010393420528269973,0.019300901601016843,-0.00027079612134411543,-0.3801264950882497,0.5830134133506795,-0.21631202375809447,-0.0016996699380096326,0.5628116462929715,-0.05292538230464131,0.5143156951932858,-0.5100792112263538,-1.5700414254359787,0.27577028599512926,-0.34898151862269583,0.4648681272633198,-0.12475638149731634,-0.5066098293975824,0.5775772603178204,-1.2609227095065108,-0.9965024296880759,-0.11971302210652919,0.30159286080755443,0.6954558492550367,0.581033355037935,0.607921845134282,1.25,0.8026963485067669,1.135844604141227,0.7599369162969196,1.138853351058801,1.0880826568694357,0.9428291308553645,0.68653877012038,0.5654642065320433,0.8376987695758804,1.25,1.0768839611635244,1.25,0.9874502534184365,1.25,0.9560523561337116,1.25,89,52,72,60,62,80,87,53,75,85,82,81
-2.3397057305718167e-06,-0.0028416979364227954,0.9416423643534103,-0.0014369209970591843,0.01101574877917803,-0.7070292938382088,0.7070969991391042,0.01870883314221052,-8.462688257595055e-05,-0.3997687303235261,0.6154604603952172,-0.22899355328710372,-0.001073947562811804,0.019368328755979224,-7.665196185322219e-05,-0.3801775812334383,0.5832206354706756,-0.21648200006888854,-0.0017338371407767744,0.5628955079015228,-0.05397206434688538,0.5112115798854744,-0.5095501630208691,-1.5661156764046509,0.27074588560192897,-0.35174275338693123,0.4643124984622353,-0.12751760934911885,-0.5042537562217869,0.5806641023090099,-1.2539190034312038,-0.9997168780501537,-0.11882374394293559,0.29483329188531915,0.6954558492550367,0.581033355037935,0.607921845134282,1.25,0.8026963485067669,1.135844604141227,0.7599369162969196,1.138853351058801,1.0880826568694357,0.9428291308553645,0.68653877012038,0.5654642065320433,0.8376987695758804,1.25,1.0768839611635244,1.25,0.9874502534184365,1.25,0.9560523561337116,1.25,89,52,72,60,62,80,87,53,75,85,82,81
-8.626928767934349e-05,-0.003888608856287566,0.9414554436091808,-0.0007990810651784146,0.012547431717622131,-0.7069788179401617,0.707122955652463,0.020182454027747803,-0.000265847368605857,-0.4043493644282422,0.6188886399962807,-0.23086690941648977,-0.0012596363775967065,0.020835420139905993,-0.0002559742559406117,-0.3833355754112473,0.5843792268795945,-0.21754507065946851,-0.0019132909320368385,0.6500354537046645,-0.027500220648096534,0.47005237400605066,-0.5006043313109704,-1.4811155745388702,0.20961044655939762,-0.3742476986028506,0.48847267451596205,-0.13551934860233583,-0.39629577411799527,0.5887040103818748,-1.209205602386414,-1.0827866617352269,-0.13925639319271463,0.21970837771389828,0.6231164372560494,0.576277891331611,0.5667814676050473,1.1261899226847385,0.6973127050462334,0.9987858178442894,0.603744347209756,1.0350109642274725,0.814621240807848,0.832434132240226,0.669975839865049,0.5208098179934282,0.8691346975850063,1.25,1.1372069208888709,1.127439264269901,1.034875299784715,1.2130539559921765,1.0131643463677016,1.2228036880797282,76,51,66,49,49,62,85,46,76,86,84,83
-0.00010556428942953735,-0.0038917174195002634,0.9414605266648389,-0.000820515614020945,0.012548299091750778,-0.7070166050050959,0.7070851343304425,0.020240416466540845,-5.444382066927504e-05,-0.404510572924598,0.6192858883365345,-0.231167426744752,-0.0013032154201924597,0.020893051877982776,-4.459797885928221e-05,-0.3833478086989816,0.5844695559638502,-0.21764379113448265,-0.0019563291841854817,0.650078376568722,-0.02873855398060081,0.46676998434519973,-0.5000143353758078,-1.4763060576231086,0.20367774081951362,-0.37671639849748567,0.48652957943563074,-0.13765520011022317,-0.3943557840333664,0.5916942574873834,-1.2038430752646976,-1.0866034003094112,-0.13939003119591972,0.21276030418436448,0.6231164372560494,0.576277891331611,0.5667814676050473,1.1261899226847385,0.6973127050462334,0.9987858178442894,0.603744347209756,1.0350109642274725,0.814621240807848,0.832434132240226,0.669975839865049,0.5208098179934282,0.8691346975850063,1.25,1.1372069208888709,1.127439264269901,1.034875299784715,1.2130539559921765,1.0131643463677016,1.2228036880797282,76,51,66,49,49,62,85,46,76,86,84,83
-0.00034122337813969695,-0.0051292765282781125,0.9414243841898225,-0.00013651758147053853,0.01421407088776945,-0.7069677231062691,0.707102948684055,0.022033583358183784,-0.00021608204272257297,-0.4081335131939171,0.6210673497010148,-0.23262245857298122,-0.0016687136450516836,0.02267755038565237,-0.00020433754463851085,-0.385752776068947,0.5843116084962424,-0.2184435249979559,-0.002313795012263125,0.741861384934412,-0.012825125630539388,0.42885941896112184,-0.4806242605446854,-1.3891639009762244,0.13509875414342593,-0.39207832865114495,0.4942121947439012,-0.1720086692013096,-0.2897548761820321,0.5919112484463162,-1.2370558671597387,-1.169440062000212,-0.1620812973070254,0.1147836827715501,0.5359999507989568,0.5841176485321817,0.5573917358556579,0.9644914332194785,0.5874443682595305,0.8463581508464804,0.44966828654660845,0.9070167461136316,0.5154767637510956,0.7150253534930231,0.6598087384668215,0.48432393687328956,0.8269327758981235,1.25,1.165201967184275,0.9432524430121432,1.0608019912901656,1.078723826174453,1.0518766218415618,1.0745503774137917,62,53,61,37,36,42,83,40,74,84,82,82
-0.00035541141272837435,-0.005133600354961747,0.9414323162247873,-0.00013757328808559452,0.014223283791768125,-0.707005199049641,0.7070652924508083,0.02206931376702591,5.927790829668433e-06,-0.408283507783561,0.6213533238236663,-0.23284452120455965,-0.0017219671700436582,0.022712974222976454,1.7727366123891826e-05,-0.38572392025250224,0.5842411271952848,-0.21843960923440486,-0.0023662810560769448,0.7418066381338019,-0.014183632927779622,0.4255346706113393,-0.47988079971036124,-1.38354555250434,0.12826569969587578,-0.3939930517664187,0.49062015485086646,-0.17276111725280044,-0.28916415939552487,0.5951564226476851,-1.2358435453451992,-1.1739480250669814,-0.16470153697206508,0.10730440580497727,0.5359999507989568,0.5841176485321817,0.5573917358556579,0.9644914332194785,0.5874443682595305,0.8463581508464804,0.44966828654660845,0.9070167461136316,0.5154767637510956,0.7150253534930231,0.6598087384668215,0.48432393687328956,0.8269327758981235,1.25,1.165201967184275,0.9432524430121432,1.0608019912901656,1.078723826174453,1.0518766218415618,1.0745503774137917,62,53,61,37,36,42,83,40,74,84,82,82
-0.0006480468320764025,-0.006562525475790228,0.9415514167189132,0.00040072705020271354,0.015969839931575254,-0.7069509875266158,0.70708210616981,0.024275935484129423,-0.000154214476722584,-0.4107064878285552,0.6218266239091107,-0.23410037381043708,-0.0021668237211754605,0.024907891588055286,-0.00014075954737388858,-0.3868336099857809,0.5826162612104145,-0.21899920773100362,-0.0028005359380608693,0.8349113363485713,-0.0073828252916824195,0.3941437586575145,-0.4501643882258219,-1.2975836134278882,0.0543616456329353,-0.39940109930485784,0.47900009323886605,-0.23020629165330903,-0.19269292172425653,0.5914863966728195,-1.3439795603012632,-1.2531075721886435,-0.18675371265217164,-0.004996247138760049,0.4524908679195187,0.5812182203123061,0.5471656423287129,0.814569980487717,0.5075603516897773,0.7010899640666921,0.34324884253489396,0.7805929839873813,0.32472459853263447,0.6140157145774977,0.6536643068351754,0.44267032782421334,0.7567826176463752,1.132420573581433,1.1805462736492784,0.7745219259974891,1.0839136761516595,0.9712980078627461,1.0961686451208779,0.9396054379137608,48,52,56,27,25,29,83,34,67,81,81,80
-0.0006532423785071455,-0.006568029135860219,0.9415623872923383,0.00041325607568507044,0.01599147641732674,-0.7069876242563015,0.7070449780953412,0.024301938577272808,7.353440935250333e-05,-0.41085391149748307,0.6220262433143788,-0.23426318449024305,-0.002227287387925992,0.024933532143554187,8.71216781294051e-05,-0.3867309787123178,0.5823426576090621,-0.218885925324587,-0.002859835635972708,0.8348176750566971,-0.008788644331588519,0.39096051701235796,-0.4493176007460741,-1.291325415110564,0.04672749769509238,-0.4004949341566813,0.47361111841060766,-0.2295987902904252,-0.19367708895039065,0.5949765484521266,-1.347141254371043,-1.2579825156479716,-0.19174269200858912,-0.012916959018740848,0.4524908679195187,0.5812182203123061,0.5471656423287129,0.814569980487717,0.5075603516897773,0.7010899640666921,0.34324884253489396,0.7805929839873813,0.32472459853263447,0.6140157145774977,0.6536643068351754,0.44267032782421334,0.7567826176463752,1.132420573581433,1.1805462736492784,0.7745219259974891,1.0839136761516595,0.9712980078627461,1.0961686451208779,0.9396054379137608,48,52,56,27,25,29,83,34,67,81,81,80
-0.0008521612941506168,-0.008124059504770229,0.9418413962599053,0.0005525189251240922,0.017764442781675834,-0.7069631013026002,0.7070270805931724,0.02705057694398421,0.00013916660243980163,-0.4119293470182897,0.6217763225517203,-0.23568140580282165,-0.0026636698889787374,0.027665612185497193,0.00015399746350272216,-0.3857339606800879,0.5786790300484596,-0.21901357678417382,-0.0032800838548745987,0.9260305385335484,-0.010256187875488456,0.36514616871676514,-0.4113976613220575,-1.1998802344845798,-0.03839586283494756,-0.39608332110535227,0.4359832961955759,-0.3100535496561571,-0.12117272666934409,0.5913637099307149,-1.5226995484134682,-1.3152634868346615,-0.20459369053794152,-0.13318981884715902,0.3861962990650586,0.5626531181522574,0.4752376393410057,0.6931549206156087,0.471847581615102,0.5797773812016148,0.3092823092834241,0.6791687944679223,0.25945373509763914,0.5424053876935923,0.6393622935461705,0.41106880297565834,0.6918895656345592,1.0433272661270077,1.1951119538283819,0.6566769720169203,1.1002760157160587,0.9120357807169454,1.1310757537595402,0.8638056663265994,37,49,48,21,21,24,81,29,61,79,80,80
-0.0008352206280488955,-0.008122923530869039,0.941857691466858,0.0005864858005705804,0.017788234995296418,-0.7069812535374578,0.707008303965918,0.02701770214828057,0.0002609430806622626,-0.4120734776915428,0.6218551023975009,-0.23573164734368438,-0.002679360457902993,0.0276327592278984,0.0002759004100871559,-0.38556050347052523,0.5782025907846653,-0.21878209250007535,-0.003295076932848948,0.9259534013018514,-0.011476551439044797,0.3626089938131145,-0.410665489766536,-1.1937689505652902,-0.045667889456306766,-0.3961537490429474,0.4292150889938575,-0.30854298217703746,-0.1233253326300384,0.5941073112155414,-1.5282443424771694,-1.318612628968311,-0.20988261968062719,-0.1392508108189015,0.3861962990650586,0.5626531181522574,0.4752376393410057,0.6931549206156087,0.471847581615102,0.5797773812016148,0.3092823092834241,0.6791687944679223,0.25945373509763914,0.5424053876935923,0.6393622935461705,0.41106880297565834,0.6918895656345592,1.0433272661270077,1.1951119538283819,0.6566769720169203,1.1002760157160587,0.9120357807169454,1.1310757537595402,0.8638056663265994,37,49,48,21,21,24,81,29,61,79,80,80
-0.0008277696440538102,-0.009735041478752407,0.9423152163230634,0.00026097916317829693,0.019450811849525053,-0.7069540824473847,0.7069918833475027,0.03005527259545312,0.0003212781308281396,-0.4114209470513715,0.620641986877807,-0.23709620424655345,-0.002905366296346371,0.030649763639706146,0.00033683760536229023,-0.3820580495608417,0.5722815077502971,-0.21832869112024134,-0.0035008115084726944,1.0119030770028894,-0.0183142602928519,0.34460509035089565,-0.3683761672354021,-1.096668649721061,-0.13491199740022813,-0.3802572238965106,0.369775639632003,-0.4047263240877914,-0.07017307652770727,0.5859331192285744,-1.73993437770239,-1.3298696223619468,-0.19390609853930824,-0.22948202154592803,0.33676031924121724,0.5329633746064595,0.4132992901264758,0.6059226053827076,0.44163277321713407,0.4930325887886731,0.29001439794018224,0.6160793657051171,0.24140795565652132,0.5049568702245162,0.5985890111185077,0.42126021681036624,0.660583193415809,1.0015256793373013,1.184604024533825,0.6205140815281558,1.0719905117265378,0.9125663957161366,1.0884372903201485,0.8844999305477411,29,44,41,17,18,22,75,31,59,77,79,79
-0.000802240055792044,-0.009731407287005563,0.942339703268397,0.00029255332815568717,0.019470320918946852,-0.706963157043922,0.7069822597479768,0.030007036640498388,0.00038393889462199856,-0.411479477598816,0.6205816248623987,-0.23706790936778402,-0.002894257636538367,0.030601724739327672,0.000399592209850746,-0.3817669499195074,0.5716274666566632,-0.2180197516771938,-0.003489367047738306,1.0119022798840527,-0.019448525382230176,0.342633216918144,-0.36779948762703196,-1.0908268845265234,-0.14141803939447184,-0.37948494134226846,0.3626095542224462,-0.40298263073816576,-0.07214637078904418,0.5874068819581104,-1.7451605985881657,-1.3307651163928218,-0.19783984559351486,-0.23247365515364068,0.33676031924121724,0.5329633746064595,0.4132992901264758,0.6059226053827076,0.44163277321713407,0.4930325887886731,0.29001439794018224,0.6160793657051171,0.24140795565652132,0.5049568702245162,0.5985890111185077,0.42126021681036624,0.660583193415809,1.0015256793373013,1.184604024533825,0.6205140815281558,1.0719905117265378,0.9125663957161366,1.0884372903201485,0.8844999305477411,29,44,41,17,18,22,75,31,59,77,79,79
-0.0006264629684272677,-0.011286838484353738,0.9429766151381256,-0.0004960570663125213,0.02081063573250867,-0.7069404897246643,0.7069666295912764,0.03305344476675847,0.0004286392767221982,-0.4086799883107059,0.618087969624441,-0.23819185793477488,-0.002924842891622015,0.03362518159656725,0.00044412826704111005,-0.3755945607513723,0.5635395929927681,-0.216949134024554,-0.0034971974981709356,1.0896888931777358,-0.03039624516964425,0.33131568941296463,-0.32391460738996436,-0.9861460381883436,-0.23118448728852892,-0.3462110739433298,0.29246683031707305,-0.5112651725187355,-0.03798098151598686,0.5671278938148017,-1.9541568484016498,-1.2720430079620546,-0.1444597681288177,-0.2737906090815279,0.29518802508199155,0.5024621227716541,0.3908575673516524,0.5523839149927883,0.4159703943736055,0.44655632958371755,0.27841919833480283,0.5928998398955981,0.21842523317345724,0.5021470995683155,0.5273033416554119,0.49170481210692596,0.7096835115179067,1.003052667899871,1.1233382903064288,0.6453995619617441,0.957683453586163,0.9638088087690847,0.8879501846795461,1.002373158862192,22,39,38,14,16,20,66,41,61,74,73,71
-0.0006040799967543173,-0.01128472761263,0.943009346794586,-0.0004722655713303196,0.020823455702647355,-0.7069463885143398,0.706960369769313,0.03300957552097576,0.000465309036655405,-0.40861865133046155,0.617873156799348,-0.23809849705993683,-0.0029073055417761355,0.03358154925428732,0.00048086099658648895,-0.37518847088653057,0.5627439617420383,-0.21658933358003163,-0.00347954171830987,1.0897030369513179,-0.031516537994268706,0.32972870975333457,-0.32349315579352894,-0.9806221877806908,-0.23671632569458287,-0.3446103214118773,0.2857219559629244,-0.5096366468624177,-0.03876225168677249,0.5676951474411617,-1.9576188337045564,-1.2704123709684763,-0.14631465974270075,-0.27392144664301327,0.29518802508199155,0.5024621227716541,0.3908575673516524,0.5523839149927883,0.4159703943736055,0.44655632958371755,0.27841919833480283,0.5928998398955981,0.21842523317345724,0.5021470995683155,0.5273033416554119,0.49170481210692596,0.7096835115179067,1.003052667899871,1.1233382903064288,0.6453995619617441,0.957683453586163,0.9638088087690847,0.8879501846795461,1.002373158862192,22,39,38,14,16,20,66,41,61,74,73,71
-0.0004200130435311243,-0.012638860179381187,0.9437793735722726,-0.0015843689306522918,0.021573029494196053,-0.7069360447965328,0.7069466194423523,0.035636748291773324,0.0004938062733852987,-0.4034698174501959,0.6138112223898726,-0.23871462005676744,-0.0028954626624220848,0.03618710855350319,0.0005084862377314868,-0.36672310210046766,0.5531482413612538,-0.21499541610131784,-0.003446179448557187,1.1564017008015672,-0.04551913103474685,0.3233713072426757,-0.2794233328126415,-0.8689239177206873,-0.32647255457994895,-0.2775785081212146,0.22410361178120197,-0.6239241020315598,-0.022409608264955316,0.5384584705337998,-2.138227659534914,-1.1478472002389346,-0.06054784906350344,-0.27260899607899286,0.25615975774705774,0.4799716529508226,0.37468874989471435,0.5348987963939348,0.38728079430237033,0.4440016387976959,0.26176420196142924,0.6050912614267513,0.18005139449485125,0.5332551674774542,0.450762677800779,0.6087316080940373,0.8486037438219737,1.0303700726598959,1.1209542054547894,0.6886463250053332,0.8879103562660156,1.0375954826904108,0.7080627289613347,1.1754661088889136,15,35,37,12,15,19,56,59,69,75,71,66
-0.0004035266821395564,-0.01263846468748991,0.9438169133844815,-0.0015634937063385053,0.021581936047400628,-0.7069404592753195,0.7069419796302083,0.03559801283180116,0.0005185978493545697,-0.4033095358982909,0.6134564356734573,-0.23856452622221816,-0.0028795426757905716,0.036148622228941316,0.000533323112324377,-0.3662578087337207,0.5522801463577165,-0.2146128585990953,-0.003430285110230215,1.1563490309766427,-0.04659534506991591,0.3219516267767808,-0.27916263058749374,-0.863853450154627,-0.3308067722688078,-0.2749503382191101,0.21855171295983303,-0.6225929970885221,-0.022004247769015245,0.5388639377189269,-2.1400085668692728,-1.14484396397,-0.06064124983780705,-0.27138650468467185,0.25615975774705774,0.4799716529508226,0.37468874989471435,0.5348987963939348,0.38728079430237033,0.4440016387976959,0.26176420196142924,0.6050912614267513,0.18005139449485125,0.5332551674774542,0.450762677800779,0.6087316080940373,0.8486037438219737,1.0303700726598959,1.1209542054547894,0.6886463250053332,0.8879103562660156,1.0375954826904108,0.7080627289613347,1.1754661088889136,15,35,37,12,15,19,56,59,69,75,71,66
-0.0003816638817455138,-0.013756276044943547,0.944545498897474,-0.0027357367891909954,0.021628191039144273,-0.7069288518668823,0.7069486088074349,0.03743610705655421,0.0004537578112828513,-0.3967271570526054,0.608778765519042,-0.23890849197499062,-0.002965054294374259,0.03797082204747386,0.0004671752865958531,-0.35761972645054235,0.5441526862065056,-0.21359103928126502,-0.003500772652400404,1.209980401584501,-0.05994022544330587,0.3231007735958712,-0.23594584043145395,-0.7599546614589575,-0.4128002315751351,-0.16317076442294332,0.20150966218161973,-0.7346843601409223,-0.019039265324053804,0.5031862719421826,-2.27335795240811,-1.0092323598452495,0.029010863798594192,-0.2622985184080453,0.22289523082732496,0.46938198988739466,0.3780119789635592,0.5616124743124021,0.39629688596549273,0.4866686121904188,0.2794169507082905,0.6474985996399476,0.1839944248876643,0.5968160183978692,0.40895654442837104,0.7334515187179668,1.0579544517089519,1.0629799265772055,1.2659402946675777,0.7175881949666516,0.9863903673235779,1.1062182945870924,0.7190642722749407,1.25,10,34,38,14,18,21,50,79,82,85,78,68
-0.0003684913384013928,-0.013751324237356375,0.9445884262226533,-0.0027137513466205577,0.021641855505049778,-0.7069364768915553,0.7069406504679755,0.037408824302830664,0.0004961662494704478,-0.39652105886217165,0.6083236128345695,-0.23871645380756443,-0.002965575410693345,0.037943641085202394,0.000509632626971755,-0.35712091074240887,0.5431994065731913,-0.21317086012179642,-0.0035008607293950437,1.2099064166375728,-0.06113781096147775,0.3211214476444941,-0.23599779991017905,-0.7546989855393523,-0.4167677833118968,-0.15824616311740794,0.1974267828629687,-0.7333307049766633,-0.017993197793750373,0.50386518261965,-2.2744455722341956,-1.0050549401363993,0.03025754281869106,-0.26101103935937214,0.22289523082732496,0.46938198988739466,0.3780119789635592,0.5616124743124021,0.39629688596549273,0.4866686121904188,0.2794169507082905,0.6474985996399476,0.1839944248876643,0.5968160183978692,0.40895654442837104,0.7334515187179668,1.0579544517089519,1.0629799265772055,1.2659402946675777,0.7175881949666516,0.9863903673235779,1.1062182945870924,0.7190642722749407,1.25,10,34,38,14,18,21,50,79,82,85,78,68
-0.00035571212705658,-0.013747073864154184,0.9446284611616569,-0.0026915299673152824,0.021653079618944054,-0.7069411721713115,0.7069356964381587,0.03737658086009006,0.0005225530347144802,-0.39631611243527415,0.607875122356331,-0.2385219056485947,-0.002956799215287992,0.03791159569229988,0.0005360617746654805,-0.356650538440664,0.5423023707619533,-0.21277339085081604,-0.00349200236496973,1.2098067396702783,-0.06220440509399796,0.3194221426694168,-0.23599931141966526,-0.7499338701546057,-0.42019504848148637,-0.15395967743162764,0.19359271340954368,-0.7322491472103612,-0.01703685207288544,0.5045000980963205,-2.2752980969599137,-1.001569023410398,0.03118348630842195,-0.2599155051338667,0.22289523082732496,0.46938198988739466,0.3780119789635592,0.5616124743124021,0.39629688596549273,0.4866686121904188,0.2794169507082905,0.6474985996399476,0.1839944248876643,0.5968160183978692,0.40895654442837104,0.7334515187179668,1.0579544517089519,1.0629799265772055,1.2659402946675777,0.7175881949666516,0.9863903673235779,1.1062182945870924,0.7190642722749407,1.25,10,34,38,14,18,21,50,79,82,85,78,68
-0.0004986118689132514,-0.014606803073753534,0.945244611426738,-0.00365859090729769,0.0211117588614013,-0.7069337300916982,0.7069551680332992,0.038194429356995234,0.00040513637319513805,-0.389404880166398,0.6031775753889616,-0.23860874783186284,-0.0031173686205706536,0.0387223818822386,0.0004173189949692715,-0.34883588748580635,0.536063214919511,-0.21223549930102426,-0.0036472484550711666,1.250309299716158,-0.07411531818906913,0.3290128109024152,-0.19462101937615944,-0.6568514709459191,-0.49779370584080396,0.003935343657397422,0.23476033862198697,-0.8286459925553391,-0.022182425760297653,0.48183605445657646,-2.357475756598671,-0.895490007599144,0.09921987084033286,-0.2543844919816812,0.20157336366045867,0.46986858768285067,0.4285577962054512,0.6382638269481966,0.47682744230335483,0.570061726667708,0.37281677955219533,0.7148412910701079,0.2669671157280869,0.688883541430618,0.42170090371984853,0.8279692833076516,1.1935067570620306,1.0807293054781035,1.309,0.7224454462749519,1.1155365289236738,1.1554786244750133,0.8058220063042859,1.25,6,34,43,22,26,28,52,93,89,87,87,73
-0.0004922916171590968,-0.01459093665595573,0.9452890417121523,-0.0036438320958983457,0.02113371512277061,-0.7069421414648045,0.7069461770134441,0.03820244196033749,0.0004578678912908978,-0.389169636938943,0.6026514363458667,-0.23839044627713596,-0.003141836033258512,0.0387301140668256,0.0004700847002627752,-0.34836077081228245,0.5351248015371206,-0.21182792564508518,-0.003670566805459746,1.2502171761840124,-0.07534826798500578,0.3259410030171383,-0.19509397734446857,-0.651760121019423,-0.501855262580777,0.01224828280148843,0.23379947040488186,-0.8277059608463198,-0.020951880429320845,0.4826828641018905,-2.35780746267068,-0.8912444329122502,0.10090896152122211,-0.2537348981141988,0.20157336366045867,0.46986858768285067,0.4285577962054512,0.6382638269481966,0.47682744230335483,0.570061726667708,0.37281677955219533,0.7148412910701079,0.2669671157280869,0.688883541430618,0.42170090371984853,0.8279692833076516,1.1935067570620306,1.0807293054781035,1.309,0.7224454462749519,1.1155365289236738,1.1554786244750133,0.8058220063042859,1.25,6,34,43,22,26,28,52,93,89,87,87,73
-0.0007786333026171204,-0.0152140840775819,0.9458563434542411,-0.0041491694846145545,0.02038484126170215,-0.7069573169808648,0.7069502065962929,0.03817783983335983,0.00045724638380691807,-0.382549878231772,0.597091014163339,-0.23769970829760312,-0.0034666493247373174,0.038705640847906946,0.00046856083877246373,-0.34123779350247085,0.5286613258877765,-0.2106923354288026,-0.00399538897092911,1.2789450269794376,-0.0881650013623151,0.33389908423954734,-0.15884765633373302,-0.5600521210894469,-0.5891455221491071,0.22754016138090863,0.3353801705502936,-0.8984396867141642,-0.024128793084424872,0.47238874619380794,-2.4151789506872157,-0.808935425914029,0.14243507385645254,-0.2575617859544827,0.19430272342237825,0.47796014353460664,0.4997826583974075,0.7590969155078735,0.5859788327399235,0.6832578565592498,0.49785995133353295,0.8002929952201856,0.3823698217596937,0.8020635095732862,0.4717225636807817,0.87266,1.3022913316497073,1.0683981267070968,1.309,0.7112232409840161,1.242287575191258,1.180820377608304,0.8775558763192939,1.25,5,35,51,32,36,37,59,100,95,87,95,77
-0.0007690065171426636,-0.01518656572054568,0.9458964616748055,-0.004131795082115318,0.02040193344659399,-0.706958962481152,0.7069481697752774,0.038167747021599585,0.0004742524738698348,-0.3823239917372274,0.5965504798748072,-0.23744642997174653,-0.00347000381938408,0.03869552110271004,0.0004855893721130028,-0.34085085493249145,0.5278495525565386,-0.21031995649229973,-0.003998268298635688,1.2788579154053656,-0.08917311435779461,0.33041253449139757,-0.15960188824516042,-0.5560986311628819,-0.5932651179933701,0.23676918738898897,0.3377349319324855,-0.8979477011533634,-0.02331382577617315,0.47324617398320806,-2.4153031779588248,-0.8059912541040056,0.14310813253745377,-0.2576173382510544,0.19430272342237825,0.47796014353460664,0.4997826583974075,0.7590969155078735,0.5859788327399235,0.6832578565592498,0.49785995133353295,0.8002929952201856,0.3823698217596937,0.8020635095732862,0.4717225636807817,0.87266,1.3022913316497073,1.0683981267070968,1.309,0.7112232409840161,1.242287575191258,1.180820377608304,0.8775558763192939,1.25,5,35,51,32,36,37,59,100,95,87,95,77
-0.0011070432359945052,-0.01562677988107559,0.946291986427218,-0.004213082316263364,0.019687943276710484,-0.7069660895581897,0.7069608072883057,0.03760852300800166,0.0004430483642988247,-0.37715239313843835,0.591502662640067,-0.2364125903199175,-0.003801398416034027,0.03814133422929521,0.00045393621999091746,-0.33580108902681804,0.5229638813281164,-0.2092831969763215,-0.004334882352494449,1.299834001540112,-0.09991914726368857,0.344075057152806,-0.12797257631093725,-0.48255383527462026,-0.6830210237773643,0.4596628667658603,0.48806279930864394,-0.9428424905587138,-0.030678798688286525,0.4675951811081911,-2.455887287090165,-0.7510845314184418,0.16113764075756234,-0.26241230566955076,0.19832500921652438,0.5218526871280799,0.5736053384612022,0.908823109529568,0.6970102220335703,0.8132932110533593,0.625216382505464,0.8962495481586907,0.5007647202609197,0.9274907759631104,0.5250759001041392,0.87266,1.309,1.0327362242534708,1.309,0.6957562029660125,1.309,1.1832235301820213,0.9075997820769065,1.25,6,42,60,44,47,47,66,100,94,87,98,79
-0.0010966257231244077,-0.015592763792114881,0.9463257530654487,-0.004203288364493528,0.019696268777699928,-0.7069657472208198,0.7069609760231971,0.037595113011304075,0.000448931359505991,-0.3769434041847228,0.5910243475717472,-0.23618475431604494,-0.003799102086461597,0.03812795140370818,0.0004598232137625548,-0.33550409908226475,0.5223386826916475,-0.2089927760504511,-0.00433228541653035,1.2998221503132705,-0.1007478881803302,0.3403078346386149,-0.12892625932245444,-0.4796839810637504,-0.6888533289313125,0.4689233834589364,0.49406943675073134,-0.9424731470427175,-0.030290125526278053,0.4682630458246836,-2.4562234511726357,-0.7490534014733764,0.1611502575269392,-0.26255264836236647,0.19832500921652438,0.5218526871280799,0.5736053384612022,0.908823109529568,0.6970102220335703,0.8132932110533593,0.625216382505464,0.8962495481586907,0.5007647202609197,0.9274907759631104,0.5250759001041392,0.87266,1.309,1.0327362242534708,1.309,0.6957562029660125,1.309,1.1832235301820213,0.9075997820769065,1.25,6,42,60,44,47,47,66,100,94,87,98,79
-0.0013857120517898345,-0.015949012093064246,0.9465232009191534,-0.003860902316773787,0.019276035252336544,-0.7069710096205919,0.7069692492989297,0.03677650903592548,0.0004235118335765612,-0.3740563475617562,0.5873278140542856,-0.23517167359940438,-0.00405050593105271,0.037316621790274764,0.00043455375420672877,-0.33310594880570993,0.5194348809369402,-0.208250635068718,-0.0045912815934522665,1.3172131839948265,-0.11101192750711936,0.36320847615658,-0.09893533835203838,-0.43223213405167515,-0.779866158965939,0.6558945088469268,0.6607274326236084,-0.9605806229896192,-0.03949302331482641,0.46115950044455145,-2.4816056484734146,-0.7159513981445448,0.17124322066397663,-0.2587757806986766,0.20955868132064573,0.6005634759213501,0.6477689685943739,1.0713576466131185,0.8064466770968672,0.9495762159510779,0.7505988113868042,0.9961834184831644,0.6167919574587676,1.0574468226960092,0.5585647367393384,0.87266,1.309,1.0007356735046786,1.309,0.684026499561828,1.309,1.1677556107727454,0.9319422556736143,1.25,7,55,70,55,57,57,70,100,93,86,98,80
-0.0013748163891666105,-0.015915397404820855,0.9465502666224644,-0.003863455000943966,0.019269934065684467,-0.7069703864411486,0.706970024860894,0.036759574114119814,0.00043145805050856116,-0.37385615418439233,0.5869539994093693,-0.2350169702227867,-0.004047609868192176,0.037299741635243557,0.00044247415932362297,-0.33287776413286785,0.5190137377139534,-0.20807416120459263,-0.00458811422770392,1.31722782590231,-0.11166669311866857,0.35929143856108847,-0.09994926553878172,-0.4301127374693473,-0.7887705865802341,0.6648097021107625,0.6708111858174886,-0.9601437719117029,-0.03925132625975594,0.46154866396733957,-2.482218985768501,-0.7145519394680039,0.17123174791693108,-0.2585449668850193,0.20955868132064573,0.6005634759213501,0.6477689685943739,1.0713576466131185,0.8064466770968672,0.9495762159510779,0.7505988113868042,0.9961834184831644,0.6167919574587676,1.0574468226960092,0.5585647367393384,0.87266,1.309,1.0007356735046786,1.309,0.684026499561828,1.309,1.1677556107727454,0.9319422556736143,1.25,7,55,70,55,57,57,70,100,93,86,98,80
-0.001607939066392085,-0.016332651957152926,0.946525956228048,-0.0025838732051228015,0.019491343504549535,-0.7069062293141508,0.7070339412535274,0.03540032061731766,3.779406224567027e-05,-0.374793694982899,0.5847457717506258,-0.23379948510638066,-0.004135268753852193,0.035952492813796255,5.0254235247371615e-05,-0.33434465842563005,0.5178062498680742,-0.20732530502027766,-0.004688297137610208,1.3353976325635908,-0.13069831951773114,0.4127024552368677,-0.05306798720007307,-0.42166356870671123,-0.8238416591535335,0.6981317917356382,0.6981318292449114,-0.9560119757507844,-0.05016623921259065,0.45175122781702315,-2.488221388886079,-0.7009097030603335,0.1818393385370995,-0.24310492590410887,0.22495302637530382,0.6806135169361993,0.7225893486717787,1.2336307508280124,0.9145875393498237,1.0835571053854771,0.8739663449131797,1.0943847353657683,0.7291209990512723,1.1850161578567446,0.5623631491503311,0.87266,1.309,0.9888728625650909,1.309,0.7000231490147031,1.309,1.1396253450935432,0.9460368191277272,1.25,10,68,79,67,68,66,71,100,93,87,97,81
-0.0016330848122070645,-0.016381305273342726,0.9465261704065938,-0.002708127681061651,0.019457650444404947,-0.7069456052101082,0.7069950333331628,0.035575871039127065,0.00022899562758009243,-0.37433245456923775,0.5846391680184744,-0.23390132469826294,-0.004183017322104643,0.036126540999830994,0.00024133624877808533,-0.33397700017490595,0.5177882996206808,-0.20741592431297576,-0.004734870932481001,1.3351947014816659,-0.13127205163635344,0.41402425611793403,-0.0495765206191312,-0.4205764485403585,-0.8301279005532366,0.6981319895867819,0.6981319914622456,-0.9550604183478355,-0.04996239957943629,0.4511977528259201,-2.489688133241239,-0.6997129253891815,0.183215267709277,-0.24114284636948305,0.22495302637530382,0.6806135169361993,0.7225893486717787,1.2336307508280124,0.9145875393498237,1.0835571053854771,0.8739663449131797,1.0943847353657683,0.7291209990512723,1.1850161578567446,0.5623631491503311,0.87266,1.309,0.9888728625650909,1.309,0.7000231490147031,1.309,1.1396253450935432,0.9460368191277272,1.25,10,68,79,67,68,66,71,100,93,87,97,81
-0.001723040092273161,-0.016676933002399225,0.9464605682781952,-0.0014581540290568738,0.02002521098736722,-0.706832672552118,0.7070957769104331,0.03463182407249071,-0.00013384569837672988,-0.3763333981914606,0.5830227255094996,-0.23297868790056062,-0.004213123052789662,0.03519032171903915,-0.00012007203482424162,-0.3363565272650786,0.5169762199805112,-0.20690363850302973,-0.004771880365660589,1.3498943160920371,-0.16305000885043128,0.4689892486684347,-0.00029717012595075615,-0.4475524948496817,-0.8434447704085319,0.6981319999986983,0.6981319999989327,-0.9281007685111322,-0.05862925447939149,0.44501962725522065,-2.4725766601374577,-0.7010830114851271,0.19301448368728272,-0.2117205905047863,0.242038211502709,0.7544393036860626,0.7983547372726758,1.25,1.0218028185938626,1.2045116339545079,0.9954988916238859,1.1833081699240968,0.8367744432040243,1.25,0.5300824992365326,0.87266,1.1679276304238217,0.9905636851845454,1.309,0.726763565377311,1.167214087465729,1.1049757597860128,0.8834078605814757,1.25,13,81,85,78,78,74,66,100,85,87,89,77
-0.001758331805904365,-0.016740693668134854,0.9464351112715428,-0.0016450591776828983,0.019968941381348915,-0.706910184805888,0.7070194663360515,0.03487929938386404,0.0001221133822522312,-0.3758638994411918,0.5831818057246222,-0.23311194510205174,-0.004262413384185419,0.03543587984269452,0.00013578784343253085,-0.33602723549541114,0.517252193300512,-0.20702745846637188,-0.004820114681123157,1.3498095369883871,-0.16228302452446258,0.47266520258075595,0.0051048973043038735,-0.4507814344497554,-0.8486366900854831,0.6981319999999349,0.6981319999999467,-0.9265799598426634,-0.05792250572794906,0.44319168557649957,-2.4728552104726336,-0.7021356255692003,0.19614662305356584,-0.20622605918650763,0.242038211502709,0.7544393036860626,0.7983547372726758,1.25,1.0218028185938626,1.2045116339545079,0.9954988916238859,1.1833081699240968,0.8367744432040243,1.25,0.5300824992365326,0.87266,1.1679276304238217,0.9905636851845454,1.309,0.726763565377311,1.167214087465729,1.1049757597860128,0.8834078605814757,1.25,13,81,85,78,78,74,66,100,85,87,89,77
-0.0016765525892751562,-0.016750848175550514,0.9463802787816784,-0.000906841537787693,0.020460604931753563,-0.7068992212010559,0.7070177029958954,0.03440470890553491,0.00021048294822964667,-0.3775790075794851,0.582298208305837,-0.23229103707440216,-0.004143588556224391,0.03496490075463069,0.0002252184329869093,-0.3381748301270452,0.5171003102953093,-0.20649115397836357,-0.004704734279314717,1.3593948570407637,-0.20670681097168636,0.5251795494266852,0.06362759555286325,-0.5310360624249946,-0.8558860280827209,0.698132,0.698132,-0.8783235607534409,-0.06515162735692015,0.43871191007671123,-2.420579006347867,-0.7285530071235149,0.20215469174845205,-0.15263710813803108,0.25768459955464756,0.8126347245065206,0.8721413588341244,1.25,1.1246230446221144,1.25,1.1109870489756704,1.25,0.9353198342953664,1.25,0.46332981636000903,0.87266,0.9326833050207186,0.9941045393578214,1.168791027351491,0.7523456241686628,0.9892656227333134,1.070222615367315,0.8100742741339674,1.2327674673467448,16,90,90,86,87,79,58,100,73,79,78,73
-0.0016871152667203677,-0.01678361891820363,0.9463558839500251,-0.0010063262693826003,0.020404037029569885,-0.7069322575519382,0.7069861708780836,0.03448997826885691,0.000335977091434932,-0.37734869688318123,0.5825026573361268,-0.2324444929750727,-0.004178123607395491,0.03504940880091285,0.0003506131902815395,-0.33802657714260187,0.5173916156115168,-0.20665033556408938,-0.0047384730642133464,1.3593886677329894,-0.20313658597860604,0.5260092044115035,0.06833961314871666,-0.5384630385340552,-0.860083257775011,0.698132,0.698132,-0.8786971589798335,-0.06369657604622946,0.4360991896251244,-2.4188731788379862,-0.7332518352358984,0.20495417648639275,-0.1456820061056432,0.25768459955464756,0.8126347245065206,0.8721413588341244,1.25,1.1246230446221144,1.25,1.1109870489756704,1.25,0.9353198342953664,1.25,0.46332981636000903,0.87266,0.9326833050207186,0.9941045393578214,1.168791027351491,0.7523456241686628,0.9892656227333134,1.070222615367315,0.8100742741339674,1.2327674673467448,16,90,90,86,87,79,58,100,73,79,78,73
-0.0013966073946096384,-0.01627278418765865,0.946397365404946,-0.0004561640237423464,0.020699836032643765,-0.7069086290494532,0.707001767238263,0.03374353537794177,0.0003880987406768396,-0.3791906707909714,0.5816941158003245,-0.2310651316917842,-0.0037989288681292747,0.03430839186179737,0.00040356679161097193,-0.34025575898997384,0.5172634586583522,-0.20553370217898057,-0.004364247772425505,1.3619353076108924,-0.2567917064839559,0.5658310161149802,0.13205945442979633,-0.6841466903302785,-0.8490419736557596,0.698132,0.698132,-0.8203298724048748,-0.07351076019417765,0.4233101138610455,-2.3061193602488865,-0.7881511307502103,0.1783603057414373,-0.08608532399962274,0.2683086979642174,0.8458073947477209,0.9218568182310876,1.25,1.1961162860931498,1.25,1.1886676397246583,1.25,0.9976554204476501,1.25,0.3876557259322838,0.87266,1.0426838679515527,0.9929895968517086,1.309,0.7643232079598616,1.1262717873533032,1.0297543030464995,0.9843187313146307,1.1213966813267553,17,96,93,92,92,83,48,100,79,88,84,79
-0.001402723618854421,-0.0162813497572454,0.9463738909418592,-0.000527223777069779,0.020643249752892584,-0.706925882142258,0.7069861211028956,0.033776620853488516,0.00041770490762875956,-0.3790378196879125,0.5818717498603919,-0.23117718970053633,-0.0038193583281592946,0.034341203681881344,0.0004330630325987778,-0.3401640178314301,0.5175205182824405,-0.20567384416671175,-0.004384399531935533,1.3622170856282052,-0.2513243835079333,0.5646169096851205,0.13616762442097524,-0.6942277191238996,-0.851615967329839,0.698132,0.698132,-0.8236125873523126,-0.0728113784236886,0.42021273363003614,-2.3013200034507397,-0.7952333205929824,0.17871341565669685,-0.08106816663026176,0.2683086979642174,0.8458073947477209,0.9218568182310876,1.25,1.1961162860931498,1.25,1.1886676397246583,1.25,0.9976554204476501,1.25,0.3876557259322838,0.87266,1.0426838679515527,0.9929895968517086,1.309,0.7643232079598616,1.1262717873533032,1.0297543030464995,0.9843187313146307,1.1213966813267553,17,96,93,92,92,83,48,100,79,88,84,79
-0.0010546970396097656,-0.015320284398885888,0.9464760065832124,-0.00021738471629276834,0.02063255724339151,-0.7068796908415242,0.7070327807119507,0.03285266812050333,0.00034430093171405814,-0.38045169619453595,0.5808800248238423,-0.22923018092745545,-0.0033349287025454346,0.03342400753791728,0.0003601140089526994,-0.3420388265749528,0.5173697588374843,-0.20407863332296183,-0.0039068333700662435,1.3575511644387606,-0.3078400357268003,0.586643527657795,0.19251113484286897,-0.8924794737444265,-0.8126422949980522,0.698132,0.698132,-0.772334019317612,-0.09572947575338911,0.38950261284322873,-2.127704714901111,-0.8609374894063855,0.10765675586409866,-0.045921436438601033,0.27172856591374517,0.8498037274958898,0.9155161592316399,1.25,1.1967464895794597,1.25,1.1822292946469766,1.25,0.9857108408326064,1.25,0.3477108814873726,0.87266,0.8370640456868077,0.9824470838580233,1.1946170657189792,0.7467652829512613,1.0202967914356091,0.9654138659090963,0.893745742447011,1.0192337812013894,18,96,93,92,92,82,42,100,68,81,77,72
-0.0010693269804703555,-0.015315308205328422,0.9464583853762455,-0.0002909371709239833,0.02058554176212801,-0.7068979484837987,0.7070158705823497,0.032914355084241245,0.0003477093568982912,-0.38028687368280817,0.5809908288461851,-0.22932047754576507,-0.0033640722861738976,0.03348523344297559,0.0003633856132219324,-0.34193154042545654,0.5175553848718277,-0.20420590317392553,-0.003935553730963507,1.3582263788495235,-0.3020877869901839,0.5843520390584841,0.1953277135834633,-0.9028948244246369,-0.813289403624615,0.698132,0.698132,-0.7774142066921412,-0.0966114155776975,0.38718391208155634,-2.120652957607639,-0.8680145780171683,0.1062933215655664,-0.0451414503206606,0.27172856591374517,0.8498037274958898,0.9155161592316399,1.25,1.1967464895794597,1.25,1.1822292946469766,1.25,0.9857108408326064,1.25,0.3477108814873726,0.87266,0.8370640456868077,0.9824470838580233,1.1946170657189792,0.7467652829512613,1.0202967914356091,0.9654138659090963,0.893745742447011,1.0192337812013894,18,96,93,92,92,82,42,100,68,81,77,72
-0.00080987956584488,-0.01405085554524196,0.9465902076474683,-0.0002763451268653249,0.020326118626111358,-0.7068588852789462,0.707062436307553,0.03216649107342927,0.00029533904489170904,-0.38101822475749547,0.5798343404453632,-0.22720776649239607,-0.0029827556624298875,0.03274283164655495,0.00031093391727246106,-0.3432060686073395,0.5173643222603311,-0.20248598916040844,-0.0035602397989873396,1.3480010985583661,-0.35971489731751677,0.588602788183133,0.2248640817690459,-1.107783147827928,-0.7496005177996371,0.698132,0.698132,-0.7407506609089447,-0.1338132876698917,0.37914055511636346,-1.9549316603362692,-0.9211399732793982,0.03932243559428028,-0.03598230836705136,0.26853789460158933,0.8287175408645666,0.884266265867484,1.25,1.163468837783752,1.25,1.1361241011676413,1.25,0.938869642007705,1.25,0.36985897006884055,0.87266,0.654866489623949,0.960199659862178,1.02569046968951,0.6932064427351277,0.9209340975621432,0.8713850553093576,0.8422749530614395,0.9283001113171987,17,93,91,89,89,79,45,100,57,69,69,67
-0.0008281527333095409,-0.014031058894715074,0.9465816236742957,-0.0003432969012855443,0.02030293609838097,-0.7068783067334402,0.7070436566455326,0.03226207291981958,0.00027857656163732437,-0.3808909282016021,0.5798667885413425,-0.22720577425928581,-0.003024682032408535,0.03283766087068563,0.0002940591345506955,-0.3431159880084383,0.517439698029717,-0.20251996134080869,-0.0036012924645624717,1.3489998255089402,-0.35436917693178066,0.5859850955555824,0.22622431382140104,-1.1180257360320496,-0.7482721281490817,0.698132,0.698132,-0.74567306467499,-0.13537864725702153,0.37820003367201765,-1.9475484572745452,-0.9270416945352242,0.03800076681749983,-0.037892468675357435,0.26853789460158933,0.8287175408645666,0.884266265867484,1.25,1.163468837783752,1.25,1.1361241011676413,1.25,0.938869642007705,1.25,0.36985897006884055,0.87266,0.654866489623949,0.960199659862178,1.02569046968951,0.6932064427351277,0.9209340975621432,0.8713850553093576,0.8422749530614395,0.9283001113171987,17,93,91,89,89,79,45,100,57,69,69,67
-0.00066217801229334,-0.012864518826325054,0.9467309221257072,-0.00041397331315637457,0.020022255873083615,-0.7068619093659005,0.7070680158113796,0.03171240880598048,0.00043121843355016417,-0.3812049437709177,0.5786211908304807,-0.225321324558704,-0.0027499110938304203,0.03229213043845126,0.0004465171523070125,-0.3439445779400214,0.5170620781203799,-0.20091843717169658,-0.0033315723736605336,1.3331477196801846,-0.40596585107476946,0.577273492000848,0.2294342927527836,-1.2873523804655531,-0.6761269445293091,0.698132,0.698132,-0.7216675772929172,-0.16547614967350388,0.3825735755225338,-1.8433492986827438,-0.9554061360916584,0.0009989784781846837,-0.04561422530029126,0.2612663816988829,0.7916722119059937,0.8500473580061758,1.25,1.1227035315107707,1.2059153499120092,1.0818755155577657,1.198621959307129,0.8845237019321531,1.25,0.4326609605571347,0.87266,0.9506888022627004,0.9250961056895577,1.2914285594649273,0.6153697148312562,1.183655333365611,0.7665950157807202,1.1650452889773235,0.865686049156113,16,87,88,85,84,76,53,100,72,84,81,82
-0.0006853937951760054,-0.012833820126248537,0.9467296234982724,-0.000496608735445963,0.020023358581285813,-0.7068676910026354,0.7070621513753165,0.03188349839601015,0.0003142647857645635,-0.3810924049708367,0.5785967125525875,-0.22521765559663676,-0.002809643658636016,0.03246183890153986,0.00032943802944529314,-0.3438228097505123,0.5170295272538913,-0.20086913843240234,-0.0033896941824347548,1.334560878860534,-0.4010300092143084,0.574531793206468,0.2292604783246123,-1.2982834900569151,-0.6724818287888649,0.698132,0.698132,-0.725498260228203,-0.16726964369429864,0.38221332740430053,-1.8367183280297261,-0.9596206355193557,0.0001013653694729085,-0.04890092411913635,0.2612663816988829,0.7916722119059937,0.8500473580061758,1.25,1.1227035315107707,1.2059153499120092,1.0818755155577657,1.198621959307129,0.8845237019321531,1.25,0.4326609605571347,0.87266,0.9506888022627004,0.9250961056895577,1.2914285594649273,0.6153697148312562,1.183655333365611,0.7665950157807202,1.1650452889773235,0.865686049156113,16,87,88,85,84,76,53,100,72,84,81,82
-0.0006964082099998368,-0.012812009576935169,0.9467308973996849,-0.0005501757336346591,0.020015189993100514,-0.7068838334894699,0.7070462045916325,0.03197594916087306,0.00028035254355278616,-0.38098781790253755,0.5785641251858861,-0.22515922137841957,-0.0028523650015319186,0.03255349102978016,0.0002954442864797085,-0.34371556279237037,0.5169796910344199,-0.20082940344396844,-0.0034312223549483045,1.3355835200826327,-0.3965923847342274,0.572294686385937,0.22962102834280693,-1.3069227630740141,-0.6699455423732523,0.698132,0.698132,-0.7286958892301574,-0.16873350435273907,0.3820196263365839,-1.831290063779368,-0.9633725218031082,-0.00017681748534940727,-0.05190207815577438,0.2612663816988829,0.7916722119059937,0.8500473580061758,1.25,1.1227035315107707,1.2059153499120092,1.0818755155577657,1.198621959307129,0.8845237019321531,1.25,0.4326609605571347,0.87266,0.9506888022627004,0.9250961056895577,1.2914285594649273,0.6153697148312562,1.183655333365611,0.7665950157807202,1.1650452889773235,0.865686049156113,16,87,88,85,84,76,53,100,72,84,81,82
-0.0005371427489247519,-0.01201719967544311,0.9468473925390292,-0.0005889201358555459,0.019616675527930498,-0.7070633574178514,0.7068778167486232,0.031170665698212672,0.0012188334248537129,-0.38073463714239286,0.5777808618871185,-0.2243002227526367,-0.002604114904474119,0.0317541417364483,0.0012338532308474024,-0.34393760767364223,0.5166922659217381,-0.1998405743818574,-0.003188602923934547,1.3142699844714558,-0.43443876098512985,0.5577756526209867,0.22031506050602687,-1.406897073739505,-0.6134101607592454,0.698132,0.698132,-0.7140725768410551,-0.1802359514581574,0.39187426435740225,-1.7944000888290559,-0.9723631672196489,-0.004470551851363562,-0.05898491213928849,0.25244304419835073,0.7470825838092738,0.8159738011649735,1.25,1.078374088372292,1.1120140967006529,1.0241094980931758,1.1346725457353424,0.8267022353572275,1.25,0.4870786860248211,0.87266,1.161566219459568,0.8776157411126373,1.309,0.5849346022484553,1.309,0.6825098869816614,1.2608917029133815,0.840174606386297,15,79,86,80,79,73,61,100,82,84,86,87
-0.0005915914784216284,-0.011950443038853526,0.9468475258873325,-0.0007185323266989764,0.019711996858861776,-0.7069476751066422,0.7069907393682354,0.031599360995778716,0.0007969611863937094,-0.3807747540210279,0.5776604571362268,-0.22401178643601205,-0.0026632890714475806,0.0321798819971253,0.000811791738879997,-0.3438647233986956,0.5165599393225526,-0.1996917348409461,-0.0032458115814709984,1.3157414619651344,-0.431075851798019,0.5545567189938536,0.21797677843465826,-1.420947469165715,-0.6055833872437971,0.698132,0.698132,-0.7159403435524297,-0.18183230189213237,0.3920078864230166,-1.7890166380894639,-0.9746695043814819,-0.0038134390573145976,-0.062523645292569,0.25244304419835073,0.7470825838092738,0.8159738011649735,1.25,1.078374088372292,1.1120140967006529,1.0241094980931758,1.1346725457353424,0.8267022353572275,1.25,0.4870786860248211,0.87266,1.161566219459568,0.8776157411126373,1.309,0.5849346022484553,1.309,0.6825098869816614,1.2608917029133815,0.840174606386297,15,79,86,80,79,73,61,100,82,84,86,87
-0.0006426640249798101,-0.011325070715125755,0.9468398390473681,-0.0013479952681058204,0.01940566992356861,-0.7071015093716742,0.7068444371485667,0.032157186164648154,0.001284540518499574,-0.37993771498930845,0.5777625455270402,-0.2235867158483744,-0.002772742510614971,0.03273341325117619,0.0012985647978391848,-0.3430658062495421,0.5165094079777598,-0.19909925989379984,-0.003350967829838466,1.2956383813750276,-0.4347442049020326,0.5275920214654556,0.19706773225342533,-1.4848655043773165,-0.5515112422161154,0.698132,0.698132,-0.7150771295508352,-0.18508839955265283,0.40573655965346167,-1.7816529774472873,-0.9758459640674739,0.012099735748804616,-0.0701108679366206,0.24353767622297487,0.6998400028896452,0.7820164134387841,1.25,1.0306751125799132,1.0133123590149171,0.9630038454647725,1.0673075315440492,0.7656084160611527,1.1744517671608856,0.5042801798935791,0.87266,1.2369565193509189,0.8712978761132206,1.309,0.560048720389139,1.2970189886854053,0.6689886467335361,1.174275951418686,0.8410059939754845,13,72,84,74,73,68,63,100,86,83,85,82
-0.0006564749662962414,-0.011269561179627238,0.9468525826218165,-0.0013729767608895071,0.019485504908134704,-0.7069953171555187,0.7069484079856576,0.03235437646027591,0.000882807698136448,-0.38010972092888756,0.5776380870422042,-0.22335220940020747,-0.0028225018660170075,0.032929092212512195,0.0008967344539132517,-0.34306913798633365,0.5162680733784718,-0.1989472908128669,-0.003398984072579326,1.2965093873126494,-0.4306092118272998,0.5249511275265785,0.19509932467633959,-1.4953303633883552,-0.5428748541458751,0.698132,0.698132,-0.7155846067502979,-0.1858085343655682,0.406245403338444,-1.779303946437007,-0.9759960824280053,0.015579228530363127,-0.07285015143989731,0.24353767622297487,0.6998400028896452,0.7820164134387841,1.25,1.0306751125799132,1.0133123590149171,0.9630038454647725,1.0673075315440492,0.7656084160611527,1.1744517671608856,0.5042801798935791,0.87266,1.2369565193509189,0.8712978761132206,1.309,0.560048720389139,1.2970189886854053,0.6689886467335361,1.174275951418686,0.8410059939754845,13,72,84,74,73,68,63,100,86,83,85,82
-0.0008333970193714505,-0.010825079512750111,0.9466900563540834,-0.002383256210393622,0.01929420594209117,-0.7071894524506019,0.7067567700768891,0.03386337215618178,0.0014617972195305872,-0.37922831351924813,0.578932983854712,-0.22366006628412038,-0.003186988682756611,0.0344260408571546,0.0014744442289128406,-0.341675252646025,0.5164451872351845,-0.19871731956127878,-0.0037508876868048283,1.2732900169086292,-0.39586094307922987,0.49126951974533206,0.1680085138873866,-1.5007855763075013,-0.4996557820668858,0.698132,0.698132,-0.719403459086792,-0.18042918639461117,0.4212921491758687,-1.7931267987611184,-0.9690921258550085,0.04040787740338987,-0.07773789818136821,0.2350832489664368,0.6519070220778049,0.748145611496786,1.1593207486571222,0.9798593627159077,0.9133606339721956,0.8988080699424205,0.9990531324725247,0.7015285653077183,1.0908640659252915,0.49251584043038893,0.87266,1.2811272073406363,0.8642499398876946,1.309,0.5351607615880128,1.2875879275393287,0.6581755291659753,1.0992955246488734,0.8514101285394254,12,64,79,67,67,62,61,100,88,83,85,78
-0.0007773372077465436,-0.010797562228785335,0.9467091022616076,-0.0022398225007086393,0.019283661198535824,-0.7070819551392906,0.7068650736331106,0.03356603052951937,0.001075477116400884,-0.37954558053614995,0.5788920539457689,-0.2235432635734221,-0.003162384542297761,0.034130925370274526,0.0010882181232110106,-0.34178041247469365,0.5162148766043317,-0.19861674531947981,-0.0037268979183533906,1.2730687406243029,-0.3919877542155119,0.49019333721401875,0.16707682486256867,-1.5044962484247366,-0.49119832195866214,0.698132,0.698132,-0.7184365927147693,-0.1798244698407946,0.42234898596707293,-1.7934830314206076,-0.9670861260809993,0.04474102222756285,-0.07907356690242913,0.2350832489664368,0.6519070220778049,0.748145611496786,1.1593207486571222,0.9798593627159077,0.9133606339721956,0.8988080699424205,0.9990531324725247,0.7015285653077183,1.0908640659252915,0.49251584043038893,0.87266,1.2811272073406363,0.8642499398876946,1.309,0.5351607615880128,1.2875879275393287,0.6581755291659753,1.0992955246488734,0.8514101285394254,12,64,79,67,67,62,61,100,88,83,85,78
-0.0010214722622326601,-0.010470168356113703,0.9463778794851921,-0.0035112878040119795,0.019238845315559285,-0.7073041397375831,0.7066387985378089,0.035810792531943136,0.0017960893632731803,-0.3791181325586477,0.5815933159316802,-0.2245830909111713,-0.003678117379776867,0.03635698277903294,0.0018071903625170441,-0.34027546042520346,0.5168158636695541,-0.19870252190470108,-0.004223519190144051,1.242792185769271,-0.3224350889515118,0.45097193319694295,0.12977987539135322,-1.4431606931499246,-0.4569569272845803,0.698132,0.698132,-0.7193855203568243,-0.16697904102986694,0.44217512506454393,-1.8178125784831947,-0.954225097419256,0.06467358874358516,-0.0780596920597484,0.22716287500771642,0.6038474961685489,0.7143313931291376,1.0600074650547802,0.926249061466779,0.8131713259850463,0.8318565417042173,0.930629610996482,0.6348422049427705,1.007061924811151,0.47446175322203166,0.87266,1.287351313252636,0.8722712985969353,1.309,0.5315936227562018,1.309,0.6598469262708551,1.0990862596715594,0.8641961488401481,10,56,74,61,61,56,59,100,89,83,86,79
-0.0008852952991167954,-0.010471321993153527,0.9463970652962985,-0.003186805916518946,0.01910222737505101,-0.7071752695816909,0.7067730097205357,0.0349221852053333,0.0013482917446870275,-0.37959646561202476,0.5817121079460615,-0.22459682132583508,-0.0035364710424293355,0.03547565826896931,0.0013597126546872273,-0.34052296254553194,0.5167438047187701,-0.1987084789796426,-0.004086355524649188,1.24148161822051,-0.3202832577772892,0.4512438249015773,0.1289906819356143,-1.4387018038163262,-0.4484831567136465,0.698132,0.698132,-0.7173455355451173,-0.1649506404708725,0.4443569756136003,-1.8202094163534115,-0.9504995847551345,0.06727320602381849,-0.07771888609630227,0.22716287500771642,0.6038474961685489,0.7143313931291376,1.0600074650547802,0.926249061466779,0.8131713259850463,0.8318565417042173,0.930629610996482,0.6348422049427705,1.007061924811151,0.47446175322203166,0.87266,1.287351313252636,0.8722712985969353,1.309,0.5315936227562018,1.309,0.6598469262708551,1.0990862596715594,0.8641961488401481,10,56,74,61,61,56,59,100,89,83,86,79
-0.0009626164810791856,-0.010151702555454877,0.9459565894512003,-0.004071562012870326,0.01890992378490318,-0.7072588412568026,0.7066900088647841,0.03611521998147406,0.0016461207879926493,-0.3805823542291857,0.5859344204955232,-0.2262255774539017,-0.003844520443930133,0.036658464336851035,0.0016562511050326745,-0.33989896348450793,0.5181840530484456,-0.19913175947371226,-0.004381206208909761,1.1986329550443906,-0.23158780660017966,0.4055115267921992,0.07402528240560692,-1.3083092561237406,-0.408769070776653,0.698132,0.698132,-0.7065253574329783,-0.14065675963990323,0.47897449572411943,-1.855174183496964,-0.9316510844358487,0.0739435884644429,-0.06979870483900619,0.21972723134215247,0.5558065318358878,0.6805434070601468,0.960659632659895,0.8702424406079545,0.7129515620024497,0.7625750512744791,0.8621836882194898,0.56602460557492,0.9232318497023326,0.4645678482116187,0.87266,1.2422565257838651,0.9063520112880707,1.309,0.5697211431174739,1.309,0.6891664331224275,1.1025434427604948,0.8881882301362255,9,48,69,54,54,50,58,100,87,84,87,79
-0.0008561535326174168,-0.010163280086156901,0.9459551344494234,-0.003814952176383878,0.018803538845337007,-0.7071615959104962,0.7067915890388784,0.03538865956924621,0.0012366276957286849,-0.38105701534581565,0.5861982377275589,-0.22628080062999473,-0.0036060131225915445,0.03593859155466152,0.001247216482174485,-0.3402940079532,0.5184613371978907,-0.1992539017786108,-0.004150160914704533,1.1972210600929631,-0.2339815723783925,0.4072428361565441,0.07288484405423504,-1.2995514830376322,-0.4016574802056599,0.698132,0.698132,-0.7042378721537563,-0.13834255999339334,0.4815738304365682,-1.8585397782404678,-0.9273401509604816,0.07279899061622773,-0.0684370240068571,0.21972723134215247,0.5558065318358878,0.6805434070601468,0.960659632659895,0.8702424406079545,0.7129515620024497,0.7625750512744791,0.8621836882194898,0.56602460557492,0.9232318497023326,0.4645678482116187,0.87266,1.2422565257838651,0.9063520112880707,1.309,0.5697211431174739,1.309,0.6891664331224275,1.1025434427604948,0.8881882301362255,9,48,69,54,54,50,58,100,87,84,87,79
-0.000989499179574121,-0.00963567598781392,0.9454484888505508,-0.004813156851014945,0.018625219983449293,-0.7072811037203686,0.7066706269697305,0.03686008591882947,0.001783938817118115,-0.3826337324869112,0.5912240671101394,-0.2279781629063967,-0.003981126155651337,0.03739720622885498,0.0017930467830786167,-0.3404868475468532,0.5210205867461087,-0.19981497019025596,-0.00451064083415041,1.1424465394380912,-0.1498721232200129,0.353144470279414,0.0033986534482891495,-1.1442606239599686,-0.36492658402912875,0.6981317179224067,0.698132,-0.6791225317798941,-0.11570096342682115,0.521287112103658,-1.8843876396215142,-0.9096746058013043,0.053076261498103204,-0.061767475303636014,0.21271755273383025,0.5079605295073208,0.6467509704015633,0.8613241659227602,0.8123138457235415,0.6127469911109918,0.6914785231424219,0.793740331076498,0.4956394910992682,0.8394098205613657,0.4671293981416007,0.87266,1.1598696198002894,0.970234011517499,1.309,0.6623234437596799,1.309,0.761661772836788,1.0613146992112314,0.9452217590936922,8,40,64,47,48,44,58,100,84,86,88,79
-0.0008761704524093515,-0.009643759223259555,0.945439351285497,-0.004552010294268124,0.01850571304237582,-0.7071668600268718,0.7067898201493906,0.03609123272293539,0.0012806174510831382,-0.3831685539540868,0.5915982763322358,-0.22807577763659148,-0.003706069995457289,0.03663567918357562,0.0012902695836113074,-0.34102484373482345,0.5215734705140318,-0.20007357779799917,-0.0042441947776444035,1.1410996500241593,-0.15453895528465694,0.353590859034749,0.0011893819603039316,-1.1327030969001906,-0.35916073380812374,0.6981319858961204,0.698132,-0.6769947406189705,-0.11359044242782473,0.5247840454087643,-1.8882722141416441,-0.9052831142033362,0.04840908894965853,-0.06084418181433482,0.21271755273383025,0.5079605295073208,0.6467509704015633,0.8613241659227602,0.8123138457235415,0.6127469911109918,0.6914785231424219,0.793740331076498,0.4956394910992682,0.8394098205613657,0.4671293981416007,0.87266,1.1598696198002894,0.970234011517499,1.309,0.6623234437596799,1.309,0.761661772836788,1.0613146992112314,0.9452217590936922,8,40,64,47,48,44,58,100,84,86,88,79
-0.0009851098055966474,-0.008791898105826219,0.9449225391660794,-0.005342938249409286,0.018197847102777363,-0.7072829692077691,0.7066760876386922,0.03700629143469107,0.001863978193935802,-0.38539348445451216,0.5966476277328937,-0.22930298345279293,-0.003992925247755897,0.03754262489648159,0.0018723123570326934,-0.34238969454866847,0.5250345902491742,-0.20048690832767513,-0.00452135735171191,1.0745898677546972,-0.09053279467015381,0.29857447010132215,-0.06330780301655518,-0.9989081048892186,-0.3235228035067301,0.6586517110804763,0.698132,-0.6336959874829013,-0.10152828184842674,0.5603755487300622,-1.8885402531794073,-0.8897803533513605,-0.004903592775429764,-0.06453621652937083,0.20614176297755382,0.4699554178131374,0.6129230861058718,0.762104597774604,0.7530061963839576,0.5126768367518763,0.6191593744160503,0.7253314441862333,0.4243217948443984,0.7556655109319901,0.4829740206899808,0.87266,1.0286493787302935,1.0560944194185165,1.309,0.8050770299663647,1.1805359936599842,0.8810696080759939,0.9780038857348199,1.0539789494654053,7,34,59,41,42,38,60,100,80,89,84,77
-0.0008779259068911285,-0.008799740388260523,0.9449032527860175,-0.005116488143959471,0.018081671061232544,-0.70716166128248,0.7068021360557062,0.036304786772286074,0.0012782795387465463,-0.38592042409187166,0.5970986304007527,-0.2294175072798331,-0.0037150787751484304,0.03684796293065162,0.0012871759511648363,-0.3430157550284847,0.5258393282071131,-0.20086885758152961,-0.004252162211000867,1.0734611647395351,-0.09518002370455303,0.2980090735615768,-0.0652218338991144,-0.9885321058568912,-0.3191190031532908,0.6586211280714079,0.698132,-0.6323482584752692,-0.10000174759186277,0.564581151550808,-1.8916667475353384,-0.8859482992641029,-0.013092845148049835,-0.06568213619460318,0.20614176297755382,0.4699554178131374,0.6129230861058718,0.762104597774604,0.7530061963839576,0.5126768367518763,0.6191593744160503,0.7253314441862333,0.4243217948443984,0.7556655109319901,0.4829740206899808,0.87266,1.0286493787302935,1.0560944194185165,1.309,0.8050770299663647,1.1805359936599842,0.8810696080759939,0.9780038857348199,1.0539789494654053,7,34,59,41,42,38,60,100,80,89,84,77
-0.0011492232877526117,-0.007609245042906999,0.9444178877233836,-0.005960757786779071,0.017858931656739286,-0.7075438079004348,0.7064186349668587,0.03767266111827836,0.0029938003379696735,-0.38796125464861525,0.6011556923240007,-0.2299426965285542,-0.004208786649572168,0.03820281052392024,0.003000651676419705,-0.3448702469647583,0.5290198175651595,-0.20058825121199148,-0.0047323002778642004,0.9972054775381162,-0.05004822584748487,0.2532012252767794,-0.11408017907374218,-0.9133561372431871,-0.28646378068006656,0.5779341851903306,0.6971373915732993,-0.5770977662133606,-0.10784677129882907,0.5885278456609554,-1.8628367715385938,-0.8726422031262264,-0.08327151435980217,-0.07465672744856411,0.20028520595273175,0.46128498860837247,0.5790285302327541,0.6634967238960405,0.6929159937676569,0.41331788660965585,0.546266029819065,0.6571067244386389,0.3527513225539622,0.6723197995971849,0.5129505916450515,0.87266,0.9316117950330417,1.1582489245101797,1.104812196255162,0.9695830386130903,0.962460000869851,1.048801997471371,0.8653146081847036,1.2050734728940173,6,32,54,34,35,32,64,100,77,81,76,75
-0.0009471476885954392,-0.007641193422740614,0.9443929345751658,-0.005570377841242772,0.017579652294403864,-0.7072707821445748,0.7067021773282682,0.03634855577296795,0.0018902437440258511,-0.3885938827300264,0.6017007483472311,-0.2300189133833043,-0.0038713583684483635,0.036891071423356195,0.0018980205596289502,-0.3455610605972107,0.5300806420598231,-0.20111423196806766,-0.004406155606693355,0.995863339606761,-0.05299690726201621,0.25263091470547344,-0.11417665556684375,-0.904963283475905,-0.2802286368716509,0.5662339784066053,0.6943995397959533,-0.5756187932078733,-0.10669488007678471,0.5942749153312367,-1.8644593887427616,-0.8690282079101584,-0.0968716298361255,-0.07849624405483042,0.20028520595273175,0.46128498860837247,0.5790285302327541,0.6634967238960405,0.6929159937676569,0.41331788660965585,0.546266029819065,0.6571067244386389,0.3527513225539622,0.6723197995971849,0.5129505916450515,0.87266,0.9316117950330417,1.1582489245101797,1.104812196255162,0.9695830386130903,0.962460000869851,1.048801997471371,0.8653146081847036,1.2050734728940173,6,32,54,34,35,32,64,100,77,81,76,75
-0.000767216796104763,-0.006383912391769929,0.9439152864105158,-0.005485342457233212,0.01696396172525777,-0.7072982142162493,0.706690435188715,0.0350486733997993,0.0020346978184757193,-0.3919279663972753,0.6057794814097601,-0.2300823154071806,-0.003577004666468974,0.03560218822511255,0.00204208233156415,-0.34939200504373985,0.5349759602412814,-0.20138679538587276,-0.004122360425997188,0.9070667583989287,-0.024180223633025986,0.22031428497856068,-0.1483963394951589,-0.8598842838344505,-0.2214955189526315,0.4505751508462147,0.6503809376055191,-0.5092424031982752,-0.1306654779323862,0.6248873575631668,-1.8133158506418896,-0.8471050434025719,-0.20172893349886067,-0.08659585691641843,0.19626079085689818,0.45372177882778025,0.5450357821359192,0.5672357331761101,0.6326717483915754,0.32596194970583586,0.4734744902773485,0.5896018570143834,0.28162037652905575,0.5904425210285452,0.557159921224408,0.87266,0.831754352676513,1.25,0.9866732677420337,1.1121399698463066,0.8376083440673345,1.2267169082489173,0.751135046346187,1.25,5,31,49,27,28,26,70,100,74,77,73,70
-0.0006890470468122981,-0.006428442059652535,0.9438792182686326,-0.005263788229511494,0.01687135825596508,-0.7071659756793065,0.7068266637907825,0.03443405481500643,0.0012856131210346308,-0.39245505751077886,0.6062277615232092,-0.2301387604478566,-0.003321410755614763,0.03499339647679409,0.0012936852491018968,-0.3502618035152239,0.5362105439014426,-0.2019595513446147,-0.0038752005133657463,0.9063280666875018,-0.02530382950866705,0.22300257256578776,-0.1459685511458531,-0.8545546077419024,-0.21171674661467732,0.4369752852269681,0.6394853656269659,-0.5094183329551202,-0.1296087609728875,0.6299870056312855,-1.814766739061975,-0.8439751297496061,-0.21500430056878572,-0.0896905520445852,0.19626079085689818,0.45372177882778025,0.5450357821359192,0.5672357331761101,0.6326717483915754,0.32596194970583586,0.4734744902773485,0.5896018570143834,0.28162037652905575,0.5904425210285452,0.557159921224408,0.87266,0.831754352676513,1.25,0.9866732677420337,1.1121399698463066,0.8376083440673345,1.2267169082489173,0.751135046346187,1.25,5,31,49,27,28,26,70,100,74,77,73,70
-0.0003931175424886801,-0.0052965172558145784,0.9434369461271291,-0.004872499356702227,0.016536547702996097,-0.7073151675152066,0.7066880890060481,0.03298734669477269,0.002063135702455669,-0.39619634310286267,0.6095880199866931,-0.2299268131236041,-0.002977148360950768,0.03355737970763145,0.0020708605192147544,-0.35514337657267775,0.5412637214599207,-0.202168320230955,-0.003539692691001956,0.8090206318362619,-0.0028996419228946952,0.20644733061949105,-0.1743508526552529,-0.8378578546752459,-0.13860256712365265,0.3180596958748398,0.5754266010330789,-0.43768923832038614,-0.16574673640192514,0.6589431189711491,-1.7414880926284948,-0.8135447836954494,-0.3093701732762811,-0.07004245606615332,0.19680381514707115,0.4488674771259159,0.5109131117295659,0.47760414000043105,0.5729084633974659,0.25628093595702367,0.40145578252841513,0.5241971966389302,0.21159963444134283,0.512443198251558,0.6108756578136497,0.87266,0.7328557593044448,1.25,0.9166735743250998,1.2364767719727772,0.7688560723733862,1.25,0.6757653064334245,1.25,5,30,45,21,22,20,77,100,69,75,70,66
-0.00032919246876240754,-0.005352506178838174,0.9433964810298899,-0.0046622675998561425,0.016434034482291627,-0.7071769662860382,0.7068301946903071,0.03239441878507415,0.0012858758732085514,-0.39664981058475207,0.6099948578867922,-0.22996050914221025,-0.002736786398664785,0.03296978199173738,0.0012943092816241363,-0.3560375459202453,0.5426276307204064,-0.20280249336063869,-0.003307169223151492,0.8082189854644155,-0.002536459367743478,0.2107596869874208,-0.1720854516410702,-0.8340959292831801,-0.1266052635567264,0.3031325961015257,0.5629960222332692,-0.43828990661004125,-0.163754112458654,0.6628880109456764,-1.7415419655192748,-0.8090404903307706,-0.32032905740731316,-0.06968083508530189,0.19680381514707115,0.4488674771259159,0.5109131117295659,0.47760414000043105,0.5729084633974659,0.25628093595702367,0.40145578252841513,0.5241971966389302,0.21159963444134283,0.512443198251558,0.6108756578136497,0.87266,0.7328557593044448,1.25,0.9166735743250998,1.2364767719727772,0.7688560723733862,1.25,0.6757653064334245,1.25,5,30,45,21,22,20,77,100,69,75,70,66
-3.0572127446388544e-05,-0.004449690627067629,0.9430379424281611,-0.004228919689807034,0.016621158803864767,-0.7076728420302323,0.7063320762722926,0.03172771911410264,0.0034975388241738556,-0.4002502895757032,0.6122886868472666,-0.22971139253282838,-0.002546830982561498,0.03230596311834056,0.0035048114067116973,-0.36079990930368333,0.5461179248830361,-0.20242240714235565,-0.0031173245706022875,0.7081586381794783,0.013834477662728238,0.2022484583207962,-0.20241095893023378,-0.835837559790495,-0.06582469638912244,0.20662056432869638,0.5144157497141939,-0.3650498784691976,-0.2075898279187283,0.689340856760599,-1.6546542508154325,-0.767360080169323,-0.373111730842956,-0.020437838516857897,0.2063143236806985,0.4485764609264384,0.4776838230074309,0.40174165000659934,0.5155321430482613,0.19668773329852102,0.3329130550644611,0.4634113494160159,0.147514163727717,0.44149579977743747,0.6607954254528513,0.87266,0.6545524699849302,1.25,0.8672737577233598,1.25,0.7523162153707666,1.25,0.6811238512094826,1.25,7,30,40,15,16,15,84,100,65,72,69,66
0.00012961718142066433,-0.0045044910626000105,0.9429958100214484,-0.0038375802392887222,0.016352060938383393,-0.7073352338867104,0.7066786752006933,0.030468527529425176,0.002101818641872957,-0.40082919224531044,0.6126745750694208,-0.2296012359561879,-0.00218384309664132,0.031057291543823844,0.0021104713305221305,-0.3617435910811694,0.5476249144757723,-0.20311120759395646,-0.00276556743877777,0.7065406496730133,0.015728777480932352,0.20725482693566438,-0.2009964144449243,-0.8343011211987444,-0.05143860344969477,0.1884947696870701,0.5023817698776553,-0.36513424099178765,-0.20458603889625732,0.6922703791310291,-1.6508941459354474,-0.7570215188805636,-0.38027652782364796,-0.014062710217130384,0.2063143236806985,0.4485764609264384,0.4776838230074309,0.40174165000659934,0.5155321430482613,0.19668773329852102,0.3329130550644611,0.4634113494160159,0.147514163727717,0.44149579977743747,0.6607954254528513,0.87266,0.6545524699849302,1.25,0.8672737577233598,1.25,0.7523162153707666,1.25,0.6811238512094826,1.25,7,30,40,15,16,15,84,100,65,72,69,66
0.0007346110916423516,-0.004021437831042698,0.9426252803639683,-0.0024101998487361365,0.016402280854204716,-0.7073567884122747,0.7066622460599841,0.02760557381224619,0.0021678799845606432,-0.40554842647466155,0.6147267626470239,-0.22901329905845813,-0.0012767685544915674,0.028213886175233162,0.00217806458204009,-0.3683737396791976,0.5528454903390595,-0.20372497375824491,-0.00187824915785425,0.6045334590341536,0.03248399029685816,0.21628679758851527,-0.22961147794393588,-0.8449134616820457,0.022403967183202055,0.08256109116800335,0.4535372140061731,-0.29185170186894516,-0.24223195468838388,0.7183989364513259,-1.538754219622291,-0.6718120045780571,-0.39485413860891894,0.07236634568472192,0.22880892993185734,0.4532049693829722,0.45445268781193043,0.346625382685741,0.47203974236574653,0.15340131637432658,0.28336718931091426,0.41034321724572675,0.11837515882738583,0.3781152762753385,0.6873438381444473,0.8401420123625161,0.5894517586987118,1.171204643174074,0.8250082711451194,1.2180928786223166,0.7534536988041689,1.25,0.7190936287129593,1.2429403545114428,11,31,37,11,11,12,87,95,59,69,69,68
0.0007603802066594267,-0.004073660397152331,0.9425773210267481,-0.0022543227491922135,0.0162657919754898,-0.7072015490519914,0.7068212723587319,0.027091479633229137,0.0013378641152753485,-0.40581142698241796,0.6150759164823213,-0.22904878511440357,-0.0010599447169311526,0.02770388714994514,0.001348752995918758,-0.3692458173665903,0.5544499674612076,-0.20450568446570777,-0.001668281807324177,0.6034787900551588,0.03395546726216205,0.22165592699097558,-0.22836392733087835,-0.8444452776776916,0.033828643540796705,0.06911858528060805,0.4460841625521041,-0.2927642320958574,-0.23646808558945678,0.717712055253939,-1.533870375608695,-0.6569695063482902,-0.3934383902182065,0.08197944420569493,0.22880892993185734,0.4532049693829722,0.45445268781193043,0.346625382685741,0.47203974236574653,0.15340131637432658,0.28336718931091426,0.41034321724572675,0.11837515882738583,0.3781152762753385,0.6873438381444473,0.8401420123625161,0.5894517586987118,1.171204643174074,0.8250082711451194,1.2180928786223166,0.7534536988041689,1.25,0.7190936287129593,1.2429403545114428,11,31,37,11,11,12,87,95,59,69,69,68
0.0007356829059515721,-0.00412037335973496,0.942531031267781,-0.0021927683928220304,0.016206442808564498,-0.7071236400331466,0.7069007714556135,0.026918995587471337,0.0008803658898972875,-0.40600456465115653,0.6154255270947374,-0.22916128856735152,-0.0009687338796517497,0.027532966233388585,0.0008915235723273896,-0.3700567041816295,0.5559485182625916,-0.20523400663583014,-0.0015806571150138711,0.6027749471159948,0.03482925693876256,0.2263403376257195,-0.22721492845232025,-0.84352031829814,0.043068028294900855,0.05828842896199371,0.43988411194618565,-0.29363121633909495,-0.2311338415965323,0.716676320094675,-1.5303644533599077,-0.6443580921314492,-0.3920591506533961,0.09027497840784772,0.22880892993185734,0.4532049693829722,0.45445268781193043,0.346625382685741,0.47203974236574653,0.15340131637432658,0.28336718931091426,0.41034321724572675,0.11837515882738583,0.3781152762753385,0.6873438381444473,0.8401420123625161,0.5894517586987118,1.171204643174074,0.8250082711451194,1.2180928786223166,0.7534536988041689,1.25,0.7190936287129593,1.2429403545114428,11,31,37,11,11,12,87,95,59,69,69,68
0.0011400195995894976,-0.00394567022702532,0.9422309048494578,-0.0006360731428025933,0.016583801895103112,-0.7073125643207128,0.7067060982330057,0.02464547680531667,0.00194698977228165,-0.41057608305238036,0.6167575565475958,-0.22873057095586397,-0.0005166466289563663,0.025272530929522294,0.0019595310324075814,-0.3768021328793457,0.5605976151746281,-0.20580727448391348,-0.0011389243644547783,0.5048208770704264,0.04759608220267328,0.23963540274605694,-0.2545775649588708,-0.8582012601993345,0.09660974676082376,-0.010701478583922586,0.41499198785431674,-0.22069543076672124,-0.2594198485515626,0.717680027716397,-1.4111841924881894,-0.5474509715918982,-0.36052331665906445,0.17634595580201984,0.2647048548582369,0.460546819054534,0.46251698162077026,0.3135049676023454,0.46739508961363174,0.12927508907194082,0.2768693808656169,0.36721571254992635,0.16036055496726614,0.3153978382626571,0.6750119350618011,0.7494248505720353,0.5502307721077728,1.0539137265112584,0.7840652205411152,1.101085604142889,0.7279303703421468,1.1423224198399424,0.7295694264959871,1.033551659533295,17,32,37,10,10,12,85,81,54,64,65,63
0.001153615051374852,-0.003987515884759307,0.9421884072993469,-0.0005552982957667924,0.01644675355972816,-0.7071691266063014,0.706852900054905,0.024269102590714763,0.0011935221780607164,-0.4106825517886823,0.6170833786439264,-0.2288149706481862,-0.00035017987480504844,0.02489894958081073,0.0012065232846367544,-0.3774711028127828,0.5620804075690832,-0.2065816520376027,-0.0009772866542257124,0.5040732951245382,0.04898864818928599,0.2436188463501159,-0.2542488246977826,-0.8592499670816991,0.10499015585061662,-0.019036643694065936,0.411914259086252,-0.22148831553069653,-0.25293927911986863,0.7138406361035328,-1.4041176921992309,-0.5305926316333516,-0.35246732918297374,0.18538324728058037,0.2647048548582369,0.460546819054534,0.46251698162077026,0.3135049676023454,0.46739508961363174,0.12927508907194082,0.2768693808656169,0.36721571254992635,0.16036055496726614,0.3153978382626571,0.6750119350618011,0.7494248505720353,0.5502307721077728,1.0539137265112584,0.7840652205411152,1.101085604142889,0.7279303703421468,1.1423224198399424,0.7295694264959871,1.033551659533295,17,32,37,10,10,12,85,81,54,64,65,63
0.0014272255462605757,-0.004086118061672467,0.9418754674873857,0.001184483298173452,0.0166158697092864,-0.707076270114633,0.7069410570294384,0.02150660695512382,0.0007100083927391626,-0.41487266170005366,0.6183041942042119,-0.22852282035709842,0.0002785824875078351,0.022151974205234917,0.0007252527129338012,-0.3851430919715802,0.5692157093974097,-0.20881671565409932,-0.0003660715262848621,0.41017447967996074,0.06343209223155723,0.2690957037924174,-0.27806884810872723,-0.8818530572493009,0.16439091697065542,-0.07141382949886663,0.398429009114111,-0.15552123988067043,-0.2604243350681028,0.6795121538896491,-1.262035081939176,-0.38732816121724717,-0.26752746782842196,0.26647888774377526,0.31006116246212656,0.4677598634272986,0.4979703434087216,0.29571619662023,0.49697395239205056,0.12069447451048355,0.2948183992530042,0.3343002951138238,0.2243242889655654,0.23989937159091376,0.6249399747118256,0.6307387177051754,0.5405658717485141,0.9295960531933897,0.7294480039399259,0.946853615764368,0.641421450450966,0.9842952828161301,0.6685175474618378,0.8013126514757858,24,33,39,12,10,14,79,63,50,56,56,54
0.0013859738842432884,-0.004103793424969514,0.9418441015208177,0.0011515075159072613,0.016594982009373618,-0.7070413269488833,0.7069765502397605,0.02157311650374433,0.0004960574077077646,-0.4149147184880755,0.6185597222443532,-0.22865638041074327,0.0002678192699337074,0.022218298188071448,0.0005112762072209437,-0.38567320941043953,0.5703365935330074,-0.2093940670996486,-0.0003773183583022406,0.41017398502125196,0.06415693817116001,0.2715110633123001,-0.2783669312543884,-0.8833414027420701,0.16919980550431826,-0.07459617466013921,0.39828288674865736,-0.1564797276305143,-0.25500088875422683,0.6748100948267156,-1.2559899793552016,-0.3747978973585123,-0.2590695493976116,0.27029076746470926,0.31006116246212656,0.4677598634272986,0.4979703434087216,0.29571619662023,0.49697395239205056,0.12069447451048355,0.2948183992530042,0.3343002951138238,0.2243242889655654,0.23989937159091376,0.6249399747118256,0.6307387177051754,0.5405658717485141,0.9295960531933897,0.7294480039399259,0.946853615764368,0.641421450450966,0.9842952828161301,0.6685175474618378,0.8013126514757858,24,33,39,12,10,14,79,63,50,56,56,54
0.001544009835694979,-0.004197000485532585,0.9416935149018579,0.0028014029053603793,0.017003497310563373,-0.707229411196838,0.7067740750474268,0.019494328253256414,0.0016175533151285043,-0.41859818698578755,0.6186964396724283,-0.2280957442814149,0.0004231847223057508,0.020149073404269403,0.00163455370234341,-0.3913883241530724,0.5735272826225726,-0.2096873570584492,-0.00022911774563016987,0.3221658548798986,0.07351186389770928,0.2910858241054284,-0.29563431293530545,-0.9027272426994052,0.205113327865805,-0.09250214725341349,0.393445183116187,-0.09648097462541397,-0.28088716815517156,0.6315802191184893,-1.1414936020557716,-0.2767390494001731,-0.19658546032628557,0.3086879293836444,0.35927428119378074,0.47429071095533615,0.5174898439636384,0.2834861684060227,0.5194374219693538,0.11933969758520799,0.31298293089642765,0.3102626432709768,0.2878462103170148,0.14314566569649903,0.5581540782196366,0.5119588432041908,0.4939089796926233,0.8065208797700159,0.6453430482005645,0.7829337934002173,0.5536870127189122,0.829080220283131,0.6044415713393427,0.5785535388768238,32,35,40,13,11,15,70,45,44,47,47,45
0.0015587905134721608,-0.004228696155494266,0.9416692119372085,0.0028005402951130653,0.01690593704812157,-0.7071053736558447,0.70690051408498,0.01931659211450295,0.0009582247721668436,-0.4185339949974093,0.6188772406400578,-0.22816596101074602,0.0005398809528656521,0.019972542236439267,0.000975425339762866,-0.39173770817458387,0.5745881995540758,-0.21032011596755892,-0.00011487667310369424,0.3220811505337804,0.07495671982859713,0.2936169758058637,-0.29646442320370303,-0.9055972825134033,0.21096034556648932,-0.0943295440403216,0.39388941176006276,-0.09736049259387314,-0.2755658693314111,0.6247989968793389,-1.132649174960178,-0.26146292014872013,-0.1851802451801416,0.3089403024275841,0.35927428119378074,0.47429071095533615,0.5174898439636384,0.2834861684060227,0.5194374219693538,0.11933969758520799,0.31298293089642765,0.3102626432709768,0.2878462103170148,0.14314566569649903,0.5581540782196366,0.5119588432041908,0.4939089796926233,0.8065208797700159,0.6453430482005645,0.7829337934002173,0.5536870127189122,0.829080220283131,0.6044415713393427,0.5785535388768238,32,35,40,13,11,15,70,45,44,47,47,45
0.001589415430922906,-0.004332608097461637,0.9416274989306105,0.004308938217853375,0.01716451393442653,-0.7072061098992992,0.706785915701445,0.017361082802920442,0.001532562274752828,-0.4211901807894086,0.6181868962988007,-0.2274020071965239,0.0006824206169805762,0.018025364482164068,0.0015514803234881048,-0.39652484926114157,0.5772492246455626,-0.2106918697542397,1.980441988733923e-05,0.23832301415820012,0.08375480707035902,0.31578740985018766,-0.3058871225161973,-0.9297604589892117,0.2511749597421917,-0.10234980601334272,0.3905055182782579,-0.048652688096261686,-0.2966145065308107,0.5648281403773656,-1.043648481928782,-0.16536903832034278,-0.11882685978342948,0.32525491973230974,0.4073490612806992,0.48191725873448327,0.5163896931229364,0.27004066672078775,0.5314467358463539,0.1302439213397229,0.32726806685156584,0.2927508211345679,0.3392590722247126,0.08081179869352846,0.503778170840828,0.470776403239983,0.4531402176677232,0.6915315811516826,0.5690111780843476,0.6323570480741483,0.49528045941884047,0.6963650174423394,0.591419599977043,0.38626928873437705,40,36,39,15,11,17,63,38,39,39,41,39
0.0016029577255806434,-0.004364024831845848,0.9416091438212588,0.004291295055188732,0.017093101570568307,-0.707086474769833,0.7069074393886502,0.017258818235560403,0.0008948894643479753,-0.42106125935870153,0.6182331934343689,-0.22740854338052854,0.0007717702300689186,0.0179238124270573,0.0009139330805610288,-0.3967772426501792,0.5781158383273122,-0.21123885710117563,0.00010747103641510414,0.238393253059982,0.08541251018723278,0.3184660786299329,-0.30687136281133415,-0.9334293341342897,0.25741276892060366,-0.10305487831257709,0.39150118088188324,-0.04904200537168554,-0.29262682371275384,0.5572988904506665,-1.0363046911390912,-0.15068188197013857,-0.10751368330340924,0.32280158000904724,0.4073490612806992,0.48191725873448327,0.5163896931229364,0.27004066672078775,0.5314467358463539,0.1302439213397229,0.32726806685156584,0.2927508211345679,0.3392590722247126,0.08081179869352846,0.503778170840828,0.470776403239983,0.4531402176677232,0.6915315811516826,0.5690111780843476,0.6323570480741483,0.49528045941884047,0.6963650174423394,0.591419599977043,0.38626928873437705,40,36,39,15,11,17,63,38,39,39,41,39
0.0014540041968135048,-0.004323697803596359,0.9417109838208817,0.005552151559663194,0.017312156315989907,-0.7074454929957866,0.7065340312374897,0.015837305166891552,0.0024565209965164356,-0.42276591437707617,0.6167476298024754,-0.22654637522846238,0.0006528180802418562,0.01650705308655864,0.0024766453940179263,-0.40031234764186835,0.579099874911955,-0.21087353677203197,-1.5364831765025125e-05,0.16073474323825207,0.08921116346753934,0.33701560069961917,-0.30646211493602904,-0.9589463891801985,0.29564165231801276,-0.10653500282196415,0.3891925737741623,-0.01417828413445261,-0.3129719505401799,0.5018524936926549,-1.0030445877598035,-0.08427670617279208,-0.05727799726623408,0.32685010530452047,0.44991847949488184,0.49285604000818767,0.5063412217539668,0.2522197729537894,0.5195800677291194,0.13147962317678114,0.33976841166032207,0.277603911407965,0.38976930220315636,0.06291424133913626,0.48260212593296586,0.4395385351943735,0.4097013287800746,0.5929413001919792,0.484735459330971,0.5115053717579376,0.4419181694564202,0.5958122010052309,0.569884488482168,0.23762529484202774,48,38,38,14,11,19,60,33,34,31,35,34
0.0015013213431497201,-0.00435685619273016,0.9416932748531307,0.005583223962937443,0.017209989294361447,-0.7071911946563068,0.7067908163518068,0.01557723258748762,0.0014295630052945068,-0.42263327352219815,0.6166053005684302,-0.22633468807387122,0.0007643273069703073,0.016248538906783475,0.0014500022373134783,-0.4004593429693738,0.5797990692620542,-0.21130458689781373,9.402084638274183e-05,0.15998411406926408,0.09167763004123586,0.3405092358176817,-0.3067059964988025,-0.9641635390193207,0.304177311496404,-0.1068931776448055,0.3907597599100423,-0.012426295634197235,-0.3116609189281838,0.49305169179575964,-1.0001766953036568,-0.06922459483452029,-0.04466446945352401,0.32416431566614906,0.44991847949488184,0.49285604000818767,0.5063412217539668,0.2522197729537894,0.5195800677291194,0.13147962317678114,0.33976841166032207,0.277603911407965,0.38976930220315636,0.06291424133913626,0.48260212593296586,0.4395385351943735,0.4097013287800746,0.5929413001919792,0.484735459330971,0.5115053717579376,0.4419181694564202,0.5958122010052309,0.569884488482168,0.23762529484202774,48,38,38,14,11,19,60,33,34,31,35,34
0.001300113910336612,-0.00418479983360649,0.941909505800474,0.00659514633166209,0.01706894969583716,-0.7074292908643881,0.706547205378561,0.014045681275050598,0.002339059783185979,-0.42297356140411474,0.6143496452863598,-0.22521816221663463,0.0006509011504490826,0.014721776220420082,0.0023602120915465893,-0.4026505603502561,0.5802369879237308,-0.2109561185370418,-2.3946740871272714e-05,0.08894088867388397,0.0915309199362441,0.3578830927285395,-0.29627089494684933,-0.9998629775898424,0.35467311665456114,-0.11040751413576363,0.3918161192976497,0.009504581455059093,-0.3292837618702209,0.43365353279018193,-1.020780255125931,-0.018085927741264073,0.0028119302116576417,0.3215633400013509,0.48354565092659396,0.5081861394930799,0.4911567525418609,0.2284807643992511,0.5010458578968309,0.11845039997143933,0.3572383197147443,0.25967176162779826,0.4351197804073444,0.05602550532133097,0.4986960687649934,0.419567256162578,0.4264613416145407,0.5219632188296087,0.4862645073820583,0.43419159685784126,0.4610126648851838,0.532230275234098,0.5868936470673562,0.14181565499330928,53,40,37,12,12,21,62,30,33,29,35,32
0.0013332251445465414,-0.004191950865861211,0.9418914454305363,0.006648673808582703,0.017018868685945574,-0.707190009885182,0.7067874101622313,0.013854513188237045,0.0013758756975722811,-0.42286509748637807,0.6139447001070126,-0.22480415732842599,0.0007303181081140677,0.014531726924207356,0.0013973323927715356,-0.40282994607088224,0.580663463475866,-0.21116992326790066,5.383326723076215e-05,0.08799583059040358,0.0943328778876005,0.3620826802630723,-0.29585369234385855,-1.0066598173525212,0.3653330991518084,-0.1106870274206779,0.39494102942716725,0.013529870248023566,-0.3303216840899943,0.42534828709198924,-1.0257149665003864,-0.006759742955431334,0.015003520026609422,0.3208978010921691,0.48354565092659396,0.5081861394930799,0.4911567525418609,0.2284807643992511,0.5010458578968309,0.11845039997143933,0.3572383197147443,0.25967176162779826,0.4351197804073444,0.05602550532133097,0.4986960687649934,0.419567256162578,0.4264613416145407,0.5219632188296087,0.4862645073820583,0.43419159685784126,0.4610126648851838,0.532230275234098,0.5868936470673562,0.14181565499330928,53,40,37,12,12,21,62,30,33,29,35,32
0.0010973669903843813,-0.003870506488802294,0.9421955635347239,0.00727267028809446,0.01652520739386886,-0.7074033933789441,0.7065794115479349,0.012429711041820782,0.002094126573369221,-0.4216915498483603,0.6111122711097589,-0.22360979247021381,0.0005619666249032134,0.013110795383481757,0.0021155625852834602,-0.40345023479297293,0.580477393897023,-0.21078728268325456,-0.00011810067721587966,0.026469748523696348,0.0862587737450947,0.3764833058417332,-0.27730575090328524,-1.055496334676281,0.4307651060373161,-0.11401872937262329,0.3999885638957919,0.01985801726364814,-0.3498622651091626,0.3716641780188393,-1.1028574602279897,0.023419330463887313,0.053565481686569945,0.31711408818247283,0.5072094706969563,0.5252000279205411,0.4621757697520053,0.20359140060807712,0.484040573942582,0.09785193687293964,0.38433773285119494,0.24309032215574997,0.4661255720223162,0.06405430785983147,0.5376588164398073,0.4118395665532778,0.49699013159421657,0.49350993633909357,0.4894746391153738,0.41155849000389044,0.4864969503318388,0.5093433975069073,0.6701218541102709,0.11042307223615677,57,43,34,10,13,23,67,29,36,29,36,36
0.0011236839643260857,-0.0038377092406854485,0.9421734390305783,0.007387327929641501,0.016521128470239035,-0.7071907705632035,0.7067911245412983,0.012222611306372082,0.0012657920861049712,-0.42168221772886877,0.6104387958687137,-0.22296545632252918,0.000625895084402214,0.012904684481140679,0.0012875924016154021,-0.4037443737513809,0.5806171341496891,-0.21072254468952176,-5.555947615351527e-05,0.02521757823174818,0.08921835225694033,0.3814221638612061,-0.27630828384736933,-1.0640065591362642,0.44422389210820346,-0.11372662110754689,0.4050290364202941,0.026148870402186275,-0.35315883714692603,0.36502498473421896,-1.1162243840502084,0.029252992005734287,0.06416634338382088,0.3201134908801638,0.5072094706969563,0.5252000279205411,0.4621757697520053,0.20359140060807712,0.484040573942582,0.09785193687293964,0.38433773285119494,0.24309032215574997,0.4661255720223162,0.06405430785983147,0.5376588164398073,0.4118395665532778,0.49699013159421657,0.49350993633909357,0.4894746391153738,0.41155849000389044,0.4864969503318388,0.5093433975069073,0.6701218541102709,0.11042307223615677,57,43,34,10,13,23,67,29,36,29,36,36
0.0009108646490830081,-0.00336904203339139,0.942480968299944,0.007790790849583916,0.015696774618076375,-0.707192376308302,0.7068039740521731,0.01061368160575771,0.0011260206955470474,-0.41914415056687643,0.606450514523512,-0.22106102365695307,0.000501530880481653,0.011299925681729935,0.0011474683791760554,-0.40320897793248495,0.5799349768181976,-0.21015300589064492,-0.00018407028710979524,-0.02657650704924476,0.07229360641829649,0.3964634249510311,-0.251784671856141,-1.138786216821353,0.5455224147476996,-0.11106408117615733,0.41568127832740903,0.02180001506148678,-0.3784758461983918,0.3166823822669206,-1.2651609240416628,0.03673096180496096,0.09517332187605979,0.321677975220615,0.5236363350838018,0.53347362161328,0.4054409626226639,0.2031015477735661,0.47326663901672855,0.09789960181481162,0.3920720896182377,0.2581009129411258,0.44243984836984124,0.08313438686897363,0.5696473855032845,0.4113007659598947,0.4775737974513852,0.5166076236599866,0.4423560027525755,0.44324687988931716,0.5367220807769694,0.5292348189987777,0.7864070160649785,0.15373624505778427,60,44,30,10,14,22,72,29,36,26,39,43
0.0009167509376201913,-0.0033596900151939895,0.9424525713365691,0.007861483058572835,0.01568205727821983,-0.7071000847681419,0.7068958482580935,0.010478337869174828,0.0007082369106003639,-0.41898048015723277,0.6058344582294177,-0.22049846220983826,0.0005416777736595685,0.011165054295928581,0.0007299238414329698,-0.40339421378855533,0.5800332429749273,-0.21001841062859028,-0.00014476547154977,-0.02725699630131046,0.07497575141265742,0.40150694136005494,-0.25163711042093817,-1.1473861107133485,0.559242383205321,-0.1088391783834478,0.42165852350512967,0.028757544618030574,-0.38237778025480235,0.31295106947645307,-1.2815140398116434,0.036164350457967495,0.10107612632162341,0.32892059064778456,0.5236363350838018,0.53347362161328,0.4054409626226639,0.2031015477735661,0.47326663901672855,0.09789960181481162,0.3920720896182377,0.2581009129411258,0.44243984836984124,0.08313438686897363,0.5696473855032845,0.4113007659598947,0.4775737974513852,0.5166076236599866,0.4423560027525755,0.44324687988931716,0.5367220807769694,0.5292348189987777,0.7864070160649785,0.15373624505778427,60,44,30,10,14,22,72,29,36,26,39,43
0.0006870520060395847,-0.0029453703207086204,0.9427314393704708,0.007872523341900552,0.014588005327999441,-0.7071791582702747,0.7068400466759984,0.00907877334344304,0.0009006409473774734,-0.4152715928596072,0.602224922370667,-0.2193587656173948,0.0003577876382650388,0.009768515499361436,0.0009211031358082906,-0.40146255325219604,0.5792456898192766,-0.20991855933804948,-0.0003313363046391952,-0.06611891122835165,0.04132411212448646,0.4065009707949969,-0.22762636524999133,-1.2366880531902145,0.6785147390738617,-0.09437477389866396,0.41726701447294334,-0.002537510629146658,-0.4008430073286575,0.27742217542726366,-1.476883740999367,0.018984342584876867,0.09521440093454576,0.3144069889957072,0.5391882135567448,0.5159113856414272,0.33642631558226316,0.2791505523779123,0.44525265589894036,0.1699184317367926,0.3663478912126035,0.3554902153892393,0.3445096334799497,0.16659736687622026,0.5621835547703009,0.40536306857814736,0.3607758926690266,0.5793714001643083,0.39829966873544875,0.5116814580261714,0.638945229668114,0.588679406871473,0.850911697411641,0.25968264375568445,62,41,27,9,15,19,71,28,31,25,46,49
0.0006896291924196426,-0.002920483729837437,0.9426981324099196,0.00799897473646741,0.014605445970272043,-0.7071024229005995,0.7069150308766089,0.00890547886774897,0.0005879846892537569,-0.41529383985467283,0.6015897018230568,-0.21868181611473503,0.00039968633038809623,0.009595703844007776,0.0006088008330187122,-0.4018283182767434,0.5792879571193749,-0.20961523164141665,-0.00029025162798524654,-0.06690732464205441,0.04381569047225241,0.41198384921567854,-0.22805924143999834,-1.2455674840438504,0.6942766310462697,-0.08939546788848007,0.42160470156133867,0.005269597266826613,-0.4055662285001454,0.2758181818854367,-1.4958961427810689,0.014923952521658604,0.09521969434319494,0.32250359683313773,0.5391882135567448,0.5159113856414272,0.33642631558226316,0.2791505523779123,0.44525265589894036,0.1699184317367926,0.3663478912126035,0.3554902153892393,0.3445096334799497,0.16659736687622026,0.5621835547703009,0.40536306857814736,0.3607758926690266,0.5793714001643083,0.39829966873544875,0.5116814580261714,0.638945229668114,0.588679406871473,0.850911697411641,0.25968264375568445,62,41,27,9,15,19,71,28,31,25,46,49
0.00043639985462568047,-0.002647774487176816,0.9428955420708411,0.00792815691766991,0.013429633339874134,-0.7070972557976001,0.7069443118943312,0.007529789620638843,0.0004597138354669012,-0.41113014568457096,0.5979032108979149,-0.21746218586826244,0.00021544050127750644,0.008222657372592593,0.00047931040244357433,-0.3995678584698204,0.5787530559272719,-0.2096693883832544,-0.0004771716069962349,-0.09415765452640898,-0.004792991746440236,0.4094747829281612,-0.21025060588321817,-1.3563670810041655,0.8490025642286002,-0.06004759744432331,0.3838204315071731,-0.04415191556310535,-0.41129304988830145,0.24665010251872022,-1.7446426716473167,-0.013042965388972337,0.030131397838740408,0.26841100339319096,0.5595909379796334,0.4620515372158484,0.3661560271679318,0.4741618271167226,0.48558180439184817,0.3514877216288108,0.4034529453381797,0.5570208970228404,0.34142671879581193,0.4024877608085343,0.5002838995052877,0.38532508306234065,0.4354994244262382,0.644777352083408,0.5216176698176526,0.5795113057571483,0.6445765519529661,0.6673850294901573,0.7936038812355772,0.38593246636868095,66,33,34,17,23,25,62,25,37,35,49,50
0.00042361855885632104,-0.002669800869823644,0.9428692901025117,0.007986886581890328,0.013435052518432647,-0.7070616129321523,0.7069791966701275,0.007460080307911119,0.0003133507136144482,-0.41103527958034464,0.5974896551592769,-0.21702104377410109,0.00023014269358084339,0.008153129683187986,0.00033317510912607646,-0.39979109722414913,0.5789157904515913,-0.2095157329203817,-0.00046287882984357104,-0.09447480858615757,-0.0027738805287648004,0.4147164177617727,-0.21189164955440642,-1.3633670509167373,0.863021056543578,-0.05380514899347481,0.3840142424151832,-0.03713032085100646,-0.41538828276441564,0.2468794371027463,-1.7594042511265073,-0.016131731570008582,0.023538656925377262,0.2733978527374015,0.5595909379796334,0.4620515372158484,0.3661560271679318,0.4741618271167226,0.48558180439184817,0.3514877216288108,0.4034529453381797,0.5570208970228404,0.34142671879581193,0.4024877608085343,0.5002838995052877,0.38532508306234065,0.4354994244262382,0.644777352083408,0.5216176698176526,0.5795113057571483,0.6445765519529661,0.6673850294901573,0.7936038812355772,0.38593246636868095,66,33,34,17,23,25,62,25,37,35,49,50
0.00017932613190964195,-0.0026440607070506356,0.9430700989745181,0.007643105826781108,0.012308799671698567,-0.7070761527499896,0.7069889607315214,0.006571190815350961,0.0002881374864554274,-0.40663415588059765,0.5947932680601419,-0.21689456260813325,-1.006980689598725e-05,0.007265643811333697,0.00030634889173161706,-0.39680739308441815,0.5785439697631413,-0.21031425503137488,-0.0007043450270819399,-0.11002050705361742,-0.06722672634889543,0.3931784875124668,-0.20461390280666406,-1.47449935443691,1.015037508522378,-0.03740568146471729,0.3013446924819517,-0.11213306830818998,-0.39927623559295206,0.22170772682757398,-1.990935321622352,-0.0044342793124969755,-0.10253569247631707,0.1608332871120274,0.5819590427666077,0.3846102660138938,0.6174295611411063,0.7529975133709289,0.7653642619520913,0.60537438873801,0.6456721998441981,0.8050762445682014,0.5667494233599807,0.6458469945687854,0.39898078347603955,0.3576658032084353,0.400439180599006,0.6652650653142225,0.6421487116969794,0.5886356689204182,0.6386753319525855,0.7168783259266343,0.6498036036231789,0.48063664084912494,70,20,59,44,45,43,49,21,36,42,49,44
0.00016353090367160096,-0.002653084209206517,0.9430638982507216,0.0077094889103755315,0.01234006786893976,-0.7070556111149187,0.7070082384927634,0.006529873225495666,0.0002072047186315488,-0.40663121049951895,0.5943944977888107,-0.21641284061293686,5.677197440793698e-06,0.007224421123167783,0.00022569415698509715,-0.39707796948755164,0.578625420679379,-0.21005916805488284,-0.0006889050405688448,-0.1102020860636959,-0.06572063591143498,0.3982097046133365,-0.20718484344891808,-1.4794176243827941,1.0281601899030017,-0.032313531724849444,0.2960740803103771,-0.10587207887386325,-0.4023331503993473,0.2241316759131778,-2.0009099530287013,-0.0027010781292158303,-0.11461331713776626,0.1591064934268766,0.5819590427666077,0.3846102660138938,0.6174295611411063,0.7529975133709289,0.7653642619520913,0.60537438873801,0.6456721998441981,0.8050762445682014,0.5667494233599807,0.6458469945687854,0.39898078347603955,0.3576658032084353,0.400439180599006,0.6652650653142225,0.6421487116969794,0.5886356689204182,0.6386753319525855,0.7168783259266343,0.6498036036231789,0.48063664084912494,70,20,59,44,45,43,49,21,36,42,49,44
-3.9147904641798585e-06,-0.002756515941259313,0.9433183811717275,0.00715499895754705,0.01138611885201551,-0.707053532572062,0.7070321522850099,0.006125275126331414,0.00012381043767465354,-0.4020835087864561,0.5917659940768479,-0.21622113577882301,-0.00015219329253190493,0.006820304395764837,0.0001408322067055582,-0.3936242726203005,0.5778150985107663,-0.2106351046636273,-0.0008472920680923035,-0.11732178234055596,-0.13795486473091695,0.36498351425533937,-0.21867655835443553,-1.5828044641954526,1.1722629592304483,-0.042256886443666604,0.18435417854714498,-0.18611542425368,-0.3692139475326747,0.2233778986193962,-2.1683356456999645,0.07262469583387665,-0.2842768678482996,0.02646247018169956,0.5930597905948972,0.31586686059254554,0.8772000385913973,0.9889856108347697,1.0597959660560237,0.8108082025377235,0.8595945359073875,0.9837245077908504,0.8133257352639702,0.8109402541489293,0.29524884980642346,0.3491879885399205,0.2627608024176105,0.6182712025396491,0.7396222088282092,0.49062183530606346,0.5666384378728464,0.6848100127696333,0.34760466074909624,0.51026686866743,71,9,83,71,64,61,35,20,27,46,45,29
-2.66999000036649e-05,-0.002763107053149813,0.943331589559649,0.007165868364933869,0.011399450181185341,-0.707051281539945,0.7070340784848101,0.006153306394136425,0.00011384283948131907,-0.4019210622368784,0.5913883993197097,-0.21591253709461833,-0.00016162928066774097,0.00684829586625282,0.0001309761658019422,-0.3936407905154646,0.577736234104636,-0.21045943971351308,-0.0008567842202423835,-0.11744218001116181,-0.13728083872582897,0.3686907880185315,-0.22105990763105107,-1.584654046041175,1.1807823518848635,-0.04038991473000625,0.17778823155983042,-0.18327577901339084,-0.37036246038607806,0.22739465902142122,-2.1710689641128322,0.07789249714898423,-0.2956442073212817,0.02304983876338853,0.5930597905948972,0.31586686059254554,0.8772000385913973,0.9889856108347697,1.0597959660560237,0.8108082025377235,0.8595945359073875,0.9837245077908504,0.8133257352639702,0.8109402541489293,0.29524884980642346,0.3491879885399205,0.2627608024176105,0.6182712025396491,0.7396222088282092,0.49062183530606346,0.5666384378728464,0.6848100127696333,0.34760466074909624,0.51026686866743,71,9,83,71,64,61,35,20,27,46,45,29
-4.85890998219778e-05,-0.0027786352445635263,0.9433433750147672,0.007158024621511171,0.011401851008598,-0.7070498246934536,0.7070355761049455,0.006194640645036296,0.00010824701376826727,-0.40170268656869823,0.5910581673445542,-0.2157210044821061,-0.00018171564349550947,0.0068895660202458004,0.00012541657484187334,-0.393572420291523,0.5776560438301308,-0.21038043570952428,-0.000876851014064299,-0.11755167526327004,-0.13674198971342671,0.3717649696525807,-0.22294830523058978,-1.5860659195556446,1.1875977129933457,-0.038798623052856904,0.17259462838017636,-0.1812396182070407,-0.3713575550464826,0.23068874567832,-2.173011610868283,0.08199207187706524,-0.30475959148523957,0.020846930862960356,0.5930597905948972,0.31586686059254554,0.8772000385913973,0.9889856108347697,1.0597959660560237,0.8108082025377235,0.8595945359073875,0.9837245077908504,0.8133257352639702,0.8109402541489293,0.29524884980642346,0.3491879885399205,0.2627608024176105,0.6182712025396491,0.7396222088282092,0.49062183530606346,0.5666384378728464,0.6848100127696333,0.34760466074909624,0.51026686866743,71,9,83,71,64,61,35,20,27,46,45,29
-9.052688063218047e-05,-0.0028928343755151463,0.9436372907164631,0.006282079598951564,0.010459267976351584,-0.7070516543574913,0.7070566436005291,0.006158064010877988,5.991602983129751e-05,-0.3968929880393633,0.5891154839902997,-0.21636447303302653,-0.0002809520364119187,0.006852812904060581,7.506510405900592e-05,-0.3890170202857238,0.576141429201611,-0.21121972517289483,-0.0009756228161590129,-0.11958138863205849,-0.21144976284115463,0.31892839394893335,-0.24567955760981366,-1.6637492347466105,1.2768360302231483,-0.06964838283328727,0.09456107196331173,-0.26742057459368895,-0.321217891367954,0.2517666380641835,-2.247007265699121,0.16847720425157175,-0.43313505687187653,-0.056448721509592216,0.5804626149192402,0.28233343079495804,0.9233848714445011,1.0571744553395894,1.1025988918708305,0.8520254618205086,0.9385672986213821,1.0077730766681687,0.9542526598755177,0.8395635927951126,0.222856327438298,0.4110146977688466,0.3053897363592862,0.5414191632198141,0.7374299880212417,0.32086443637270606,0.4597444562908072,0.5748322700187691,0.11302956439437763,0.48269004689403505,69,3,88,75,70,70,26,29,27,42,36,16
-0.00010419830983978602,-0.0028367711157591545,0.9436623843967921,0.0063538618312867536,0.010505503082156552,-0.7070576499055243,0.7070493211614705,0.006128362370836568,7.647682990250015e-05,-0.3969208307163835,0.5885955026085153,-0.21584225820278727,-0.0002666748049271496,0.00682315224373467,9.185547920673357e-05,-0.3891612548646499,0.575804647437194,-0.2107675778684516,-0.0009615114059720609,-0.11969520942522006,-0.21171330935810953,0.3213083585236158,-0.248143310061765,-1.6642007121963391,1.2828501391733471,-0.06952975632645386,0.08797477507710305,-0.2672643374742503,-0.32053443026151685,0.25732743143060044,-2.2460836227226157,0.17711736612425086,-0.44418207940271853,-0.05902393588181024,0.5804626149192402,0.28233343079495804,0.9233848714445011,1.0571744553395894,1.1025988918708305,0.8520254618205086,0.9385672986213821,1.0077730766681687,0.9542526598755177,0.8395635927951126,0.222856327438298,0.4110146977688466,0.3053897363592862,0.5414191632198141,0.7374299880212417,0.32086443637270606,0.4597444562908072,0.5748322700187691,0.11302956439437763,0.48269004689403505,69,3,88,75,70,70,26,29,27,42,36,16
-0.0001307583343425124,-0.0030850317983950825,0.9439391202782894,0.004902055965830918,0.009324734518765228,-0.7070410386764928,0.7070940452307092,0.006607110490377295,1.609185090403894e-05,-0.3911942728740433,0.587948904948202,-0.21727387407527443,-0.00039387916593389583,0.007300919824370414,2.877891209503418e-05,-0.38332745267560525,0.5750124607480992,-0.21218641592624193,-0.0010874960264361676,-0.11969051020302808,-0.27578082069015625,0.2646773036470939,-0.2811305623541292,-1.7179429281186096,1.3337237913646312,-0.09048478031448486,0.05537827943859659,-0.33410598686205395,-0.2720823677495021,0.29880091692554583,-2.2700404463111674,0.2301585097859699,-0.5063275110000095,-0.08036774473968865,0.5443537598241174,0.2869961302515384,0.6365557866556711,0.9456172332489016,1.0140659660059894,0.7216478133534979,0.9225829450130872,0.8923782420714883,0.9320858439111759,0.7519344856834167,0.18997526680852092,0.47017805201252183,0.3005359058963199,0.5130251782906355,0.6691863925377869,0.18909117027592318,0.38351486246875716,0.4650928257973261,0.02837198505395722,0.44740526645853385,63,4,66,65,65,66,21,38,26,35,29,10
-0.00010157252423745628,-0.0029022167573532582,0.9439757865726432,0.005208241490619963,0.009468157776881184,-0.707053807245527,0.7070771823984227,0.00630911869734763,2.370579584265047e-05,-0.39172054239990844,0.586957334316134,-0.21648810328291676,-0.00032738238505986917,0.007003368634683169,3.680845380644966e-05,-0.38394359954840707,0.5741533459774129,-0.21143771716227316,-0.0010214171277858042,-0.11949317889283269,-0.27872393966054926,0.2638411519304867,-0.28564485001390594,-1.7188415047411971,1.3401141102779743,-0.08974146439990903,0.04911458057507879,-0.3383736819827716,-0.2678239459320905,0.3073781045826069,-2.2661716176069526,0.24394472835287886,-0.5178711764933559,-0.08064189031084572,0.5443537598241174,0.2869961302515384,0.6365557866556711,0.9456172332489016,1.0140659660059894,0.7216478133534979,0.9225829450130872,0.8923782420714883,0.9320858439111759,0.7519344856834167,0.18997526680852092,0.47017805201252183,0.3005359058963199,0.5130251782906355,0.6691863925377869,0.18909117027592318,0.38351486246875716,0.4650928257973261,0.02837198505395722,0.44740526645853385,63,4,66,65,65,66,21,38,26,35,29,10
-6.761155542307579e-05,-0.0027729301566465055,0.9442632952255041,0.003935913311962026,0.00837547738882189,-0.7070488452323755,0.707104158112844,0.006560671210608226,-3.216059043833721e-05,-0.3868253912768073,0.5857396127052271,-0.21666770669832644,-0.00032966208914842366,0.007254282761495572,-2.1199472609030214e-05,-0.3789144648462443,0.5727302589467812,-0.21156476913710429,-0.0010229825842513287,-0.11784043657368826,-0.33329878211018643,0.20885947044377812,-0.3350480129653717,-1.7531827468769943,1.3759296494970756,-0.09076171068326266,0.0415378663655946,-0.38853991544147404,-0.2252749025094548,0.3778793082837511,-2.2477499839628217,0.28740312378932126,-0.5364246391103487,-0.06846883678063927,0.49688890249760087,0.3150313016664458,0.3005289420326044,0.7545804310093789,0.8167671056698825,0.5167683684840952,0.776116013743152,0.7286437736738993,0.745004647161727,0.6293803977615182,0.1802873106498433,0.4956098205019843,0.2775260784499723,0.5757209218607147,0.6148856215832768,0.14115502169149063,0.3697974123061227,0.4401991684961922,0.009308888098436954,0.4534819182286786,55,8,37,45,52,53,20,42,27,30,28,10
-3.4701190058706124e-05,-0.002625168998057614,0.9442953093412777,0.004190751381886663,0.008437849754661853,-0.7070660795652254,0.7070847187025293,0.006211659916329874,1.6993828344966599e-06,-0.38700248479896593,0.584707168421057,-0.21599510407940292,-0.00025421119662849393,0.006905797917805685,1.2902803846752057e-05,-0.37919205214546486,0.5718401038055463,-0.21092045267047424,-0.0009480284795435136,-0.11776411739889113,-0.3372276278504008,0.20632514148833167,-0.33941764915052763,-1.7530058082027318,1.3796283652214438,-0.08669750882187514,0.03903740217004811,-0.3952736154945432,-0.21920683460401233,0.3862407366164336,-2.240339809690216,0.30086328833468795,-0.5411579844475847,-0.06378331808211356,0.49688890249760087,0.3150313016664458,0.3005289420326044,0.7545804310093789,0.8167671056698825,0.5167683684840952,0.776116013743152,0.7286437736738993,0.745004647161727,0.6293803977615182,0.1802873106498433,0.4956098205019843,0.2775260784499723,0.5757209218607147,0.6148856215832768,0.14115502169149063,0.3697974123061227,0.4401991684961922,0.009308888098436954,0.4534819182286786,55,8,37,45,52,53,20,42,27,30,28,10
2.6132149707014987e-05,-0.0022495641410673235,0.9445207780355159,0.002917730967324055,0.007292479169302904,-0.7070519208542901,0.7071180154753703,0.006351399226782022,-8.162619151653793e-05,-0.38237346614306383,0.5834313487854902,-0.21571199822820977,-0.0002147043219864181,0.007045124811263208,-7.254419473020619e-05,-0.37444067712958096,0.5703895197863382,-0.21060004578029512,-0.0009080607664888253,-0.1146760053948226,-0.3802713387011396,0.15532305947282696,-0.3951525519729146,-1.7704473917814787,1.39848259471292,-0.06730394738365299,0.052437025402951545,-0.4295708492146083,-0.18611932079278215,0.4683520103259064,-2.1884023190981994,0.3292783987297582,-0.5161379496797414,-0.029239583403638116,0.4534669956635741,0.34765424555314545,0.24663690973561878,0.5953660599418362,0.6863375511109175,0.3401016561010516,0.6490201427752512,0.5960121197444007,0.5802899494963405,0.5390406372418426,0.17378737290285853,0.477163025485282,0.38101125746994136,0.6861004655853267,0.6723996658637562,0.1860647518996725,0.43028980859525284,0.5102103461796041,0.027350827815200377,0.5027768405423738,48,14,29,31,40,41,19,39,35,35,33,12
6.458702593517921e-05,-0.0021475256242306927,0.944543045826307,0.0031166896307153083,0.00727643377253127,-0.7070730087412959,0.7070962452642717,0.00595984007152798,-2.981761017523044e-05,-0.38224003937864515,0.5824527134307785,-0.21522539069438024,-0.00013140056057634822,0.006654153052205423,-2.0679188503216457e-05,-0.37443015840324384,0.5695840716931586,-0.2101458038569475,-0.0008253139875318855,-0.1146194052005146,-0.38445298523501453,0.15115566192008767,-0.3989366506006235,-1.769707573429541,1.3992877845729768,-0.05998045088372141,0.0533225235599003,-0.4375319693103536,-0.17858413444104798,0.4750471806882129,-2.178545964132189,0.34024656732045067,-0.5138312844086658,-0.021593993628318518,0.4534669956635741,0.34765424555314545,0.24663690973561878,0.5953660599418362,0.6863375511109175,0.3401016561010516,0.6490201427752512,0.5960121197444007,0.5802899494963405,0.5390406372418426,0.17378737290285853,0.477163025485282,0.38101125746994136,0.6861004655853267,0.6723996658637562,0.1860647518996725,0.43028980859525284,0.5102103461796041,0.027350827815200377,0.5027768405423738,48,14,29,31,40,41,19,39,35,35,33,12
0.00014671812600159273,-0.001590020724444018,0.9446601516426271,0.0018752293617766566,0.0061192905056736665,-0.7070420656291679,0.7071425282284944,0.006004905926696277,-0.0001592430069206193,-0.3781002405248061,0.5814453787467252,-0.21473719667303875,-5.259038782472941e-05,0.006698467744863002,-0.00015198652430270092,-0.37021916321412285,0.5685070771884091,-0.20966995949797432,-0.0007459180296245434,-0.1096986734078711,-0.4152644427755911,0.10678388271147862,-0.4511151472659801,-1.7746032290565006,1.402931756316571,-0.02622387008376129,0.07630660796514045,-0.45669685151465594,-0.15473353659340913,0.5518316555159812,-2.097638046882243,0.3565863720359218,-0.464916083334013,0.024867220908308767,0.42387577595405124,0.3717718858356113,0.26563106618568527,0.5138603532442998,0.643104401635494,0.23075979788321277,0.6060981680521657,0.5126006705833192,0.563685375685057,0.4909503673578126,0.16327816951794752,0.4333381570335548,0.23425987243851595,0.7484304055974802,0.7693554634322594,0.29081662107756895,0.5179637706687249,0.6022919278394776,0.07102116481495603,0.5501294208381096,43,18,29,25,35,39,18,32,29,43,40,15
0.0001830988034900395,-0.0015306839947884956,0.9446717618003007,0.0020078134797002897,0.006043693894473772,-0.7070702716729995,0.7071146111949682,0.0056250595107995,-8.575356627820387e-05,-0.37774752114386023,0.5806275021117444,-0.21445176940542704,2.9112271320667066e-05,0.006319711220445727,-7.871423206337999e-05,-0.37000992117454745,0.5678868435050595,-0.20942347183244894,-0.0006649676671575227,-0.10953638901993674,-0.41898837643799003,0.10165227576263616,-0.4542688801178904,-1.773696742996344,1.401150132003861,-0.016924211256723984,0.07891680935466577,-0.4650438140747545,-0.1462659204082702,0.5565050329284056,-2.0854709802184703,0.3646028686452786,-0.4587654924075176,0.03323751401660074,0.42387577595405124,0.3717718858356113,0.26563106618568527,0.5138603532442998,0.643104401635494,0.23075979788321277,0.6060981680521657,0.5126006705833192,0.563685375685057,0.4909503673578126,0.16327816951794752,0.4333381570335548,0.23425987243851595,0.7484304055974802,0.7693554634322594,0.29081662107756895,0.5179637706687249,0.6022919278394776,0.07102116481495603,0.5501294208381096,43,18,29,25,35,39,18,32,29,43,40,15
0.0002471062692939212,-0.0008384689519392089,0.94468384386616,0.0008186155063585845,0.004968941157122966,-0.7070340250785859,0.7071615988397584,0.005728890326526823,-0.00022807271981435193,-0.3743001697578972,0.5800441016563851,-0.21393261640345904,0.00010533872612895594,0.006423435209581515,-0.0002231182311099748,-0.36654513002513045,0.5673287080583198,-0.2089675872172831,-0.0005888703352291993,-0.10287125582353182,-0.43785275228060805,0.0674483041963082,-0.49368135753689685,-1.7715169685809735,1.392651512243808,0.02084952180765953,0.1009693021119459,-0.4764775740396572,-0.12815588038853812,0.6140817734888584,-1.998840824462888,0.37572293008617913,-0.4110894702831549,0.07894196773882982,0.4062806056192133,0.38622685978026106,0.2609796066494877,0.4963054563819517,0.6373671553183382,0.1767224058394748,0.6107272873739377,0.46059166528966394,0.5540056749337413,0.46505291011733296,0.15524445387760266,0.3933876751751597,0.13891712561799846,0.6967306813739247,0.7067207278461837,0.31741647734886747,0.4533241928241759,0.6279619774050688,0.0,0.5497618544976396,40,20,28,24,34,38,17,26,23,40,37,12
0.0002701178857763575,-0.0008064700030626299,0.9446880926696495,0.0008942526087136138,0.004884269490550882,-0.7070679496236616,0.7071281770929558,0.0054418875637597605,-0.00013127944695568594,-0.37390806710906266,0.5794378355946072,-0.21379258869758094,0.00016313891168842864,0.006136854027849871,-0.00012650542832261583,-0.3662893457828552,0.5669002667599331,-0.2088555889136595,-0.0005314933130123625,-0.10264668260004844,-0.440573951379647,0.06245885135009782,-0.4960253484077438,-1.7708268248805932,1.3889863310968869,0.030023074323895983,0.10381194895592469,-0.48394719981994605,-0.11999823468782289,0.6169917565296906,-1.9865115138444898,0.3814789370052116,-0.40495905583874103,0.0862754317999081,0.4062806056192133,0.38622685978026106,0.2609796066494877,0.4963054563819517,0.6373671553183382,0.1767224058394748,0.6107272873739377,0.46059166528966394,0.5540056749337413,0.46505291011733296,0.15524445387760266,0.3933876751751597,0.13891712561799846,0.6967306813739247,0.7067207278461837,0.31741647734886747,0.4533241928241759,0.6279619774050688,0.0,0.5497618544976396,40,20,28,24,34,38,17,26,23,40,37,12
0.00026638738330247454,-8.133417313996676e-05,0.9446470338056889,-0.00017441515973603842,0.004035578290268866,-0.7070301927132474,0.7071718251451226,0.00577670436430659,-0.0002657950983261634,-0.3713127653438098,0.5791768202213635,-0.21332716091654919,0.00017286946062575564,0.006471272035402223,-0.00026281813538544575,-0.3636862265937585,0.5666793104747582,-0.20846467740191127,-0.0005215573990977035,-0.0949359933338932,-0.4485866016644083,0.041967169757031325,-0.5156548790731701,-1.7679397010402809,1.372560704214486,0.059186402984076666,0.11952380065412371,-0.4956737607630325,-0.10546080349906589,0.6426359566488893,-1.9243969858081045,0.39510134643599726,-0.379148460610894,0.12135856751006084,0.3875471489995172,0.40114286244682507,0.19444022046085035,0.5106978515462711,0.6467787211366699,0.1558697704420072,0.6255914188551325,0.43093336385034064,0.5562783205126407,0.4554294962343941,0.16023373934381624,0.37602650113313674,0.12805986867365474,0.5446210744523529,0.5511469303387297,0.23144048501813683,0.3501904009425109,0.5529187973220007,0.0,0.4976649980560852,37,23,24,24,34,38,18,24,18,28,29,10
0.0002680296353963301,-6.005083574898945e-05,0.9446495454010141,-0.00013998002656759987,0.003996736177114934,-0.7070650039881711,0.7071372473860578,0.005656525090280562,-0.00015853335874147225,-0.3710514837613612,0.578777026826411,-0.2132378208345392,0.00018564785704150617,0.006351279303253995,-0.00015569008613355487,-0.36350664613757044,0.5663658885922341,-0.2083730986007125,-0.0005089453970541439,-0.09463807594096228,-0.4499309510220135,0.03824859976685491,-0.5169420485749611,-1.7678378431715402,1.3681089904098316,0.06579202364813845,0.12199634815587099,-0.5009493790227726,-0.09944840621776987,0.6439863182383683,-1.9153475897608276,0.39983535891521443,-0.3758336873162294,0.1270415021049122,0.3875471489995172,0.40114286244682507,0.19444022046085035,0.5106978515462711,0.6467787211366699,0.1558697704420072,0.6255914188551325,0.43093336385034064,0.5562783205126407,0.4554294962343941,0.16023373934381624,0.37602650113313674,0.12805986867365474,0.5446210744523529,0.5511469303387297,0.23144048501813683,0.3501904009425109,0.5529187973220007,0.0,0.4976649980560852,37,23,24,24,34,38,18,24,18,28,29,10
0.00028984944183504507,0.0005604705298240182,0.9446026265843814,-0.0009376317227289061,0.0035665570301542673,-0.7068075610720963,0.7073962624505576,0.006152143975811795,-0.0005566192217182459,-0.37002874311395134,0.579072739699214,-0.2129508578453015,0.00020415441149303367,0.006846343132389937,-0.0005545862383714215,-0.3622928444344712,0.5666387102502268,-0.20818757951964387,-0.0004901852629716093,-0.08806820253502116,-0.4488899411608621,0.03741781984894978,-0.5146805725400526,-1.7676382151367398,1.3596345000578693,0.07062691764079607,0.12509135772607546,-0.5076510449601345,-0.09686281592694755,0.6417167078214892,-1.9059248038580159,0.4075737751590245,-0.3758653898810338,0.13488922918462595,0.3513880807818145,0.42534372002802606,0.12083884814620852,0.5353829856350231,0.6088539556746021,0.15784908726017013,0.6037899701164031,0.4339558290558356,0.5594328809625728,0.48093599972242707,0.1770986115597422,0.3862587993055726,0.15308443439533448,0.3628359833249718,0.4211816333607952,0.0960003519760839,0.5114224860717604,0.39813787671378886,0.09142687375086544,0.4245972252536556,31,27,19,21,32,39,20,25,14,17,35,13
0.00022962801033491172,0.0005643419746075671,0.9445991592552094,-0.0010223609221933136,0.0035234219028225117,-0.7069586078596881,0.7072454079379599,0.006309910426770757,-0.000455626646011308,-0.3696321928979106,0.5789540313320357,-0.21289669149340626,0.00015372620437237276,0.00700380716016519,-0.0004539868941225061,-0.3619224356954714,0.5664133309894114,-0.2080921730986065,-0.0005403364741846341,-0.08625878029746292,-0.44870686797724085,0.035311755645895455,-0.5141259128997873,-1.7680720385928543,1.3531821224952465,0.07413370426703463,0.12790195360670936,-0.5122431708860078,-0.09379800325562036,0.6408690515158637,-1.8991054509270044,0.4138372841898564,-0.37578311627942557,0.14105255820046844,0.3513880807818145,0.42534372002802606,0.12083884814620852,0.5353829856350231,0.6088539556746021,0.15784908726017013,0.6037899701164031,0.4339558290558356,0.5594328809625728,0.48093599972242707,0.1770986115597422,0.3862587993055726,0.15308443439533448,0.3628359833249718,0.4211816333607952,0.0960003519760839,0.5114224860717604,0.39813787671378886,0.09142687375086544,0.4245972252536556,31,27,19,21,32,39,20,25,14,17,35,13
0.00016942197084113476,0.0010385212372714607,0.9445627568091298,-0.0017958310192786747,0.003329792441431633,-0.7069168292878029,0.7072865642318724,0.0072516464272777085,-0.0006780160329678449,-0.3686386648717152,0.5791649468005131,-0.2127558130709993,6.319424340526485e-05,0.007944110827816543,-0.0006775143739311955,-0.3606059760992115,0.5661579869567092,-0.20787782402244698,-0.0006296666666870238,-0.07488835455040523,-0.44132282289844144,0.042650022717564046,-0.4918648722278587,-1.7709964345313278,1.3334758602071386,0.07149308301312375,0.1274099365616164,-0.5340404217948252,-0.09124175624864705,0.6183897180474709,-1.9180990070920336,0.43821790429717156,-0.39306252404619973,0.14018932033829315,0.291811266764988,0.4510614432621354,0.08107502925131423,0.564632050997985,0.6313199385260282,0.18550447502984352,0.6266100628197665,0.4805276886705692,0.5749983555503889,0.5617480951219284,0.18599575903434115,0.42201591819654105,0.21188150511553994,0.21884618913574574,0.400515783099876,0.0,0.8874536036007686,0.19993413297369309,0.7529522482567784,0.3576999156686655,21,31,17,23,35,42,21,31,14,13,51,47
0.00011722254470617824,0.001095048033918916,0.9445714885276995,-0.0017590221244026913,0.003476486894018554,-0.7070216164903843,0.707181202871913,0.007496874102099644,-0.00039625858413130217,-0.36889513491817383,0.578974624793055,-0.21260657702837726,-2.9999691628956792e-05,0.008188898514317455,-0.00039569690637495574,-0.3607789254628582,0.5656877260807812,-0.20755170310642684,-0.0007223381290047047,-0.0744017123741015,-0.439427227411358,0.04285110211440928,-0.4888341753057633,-1.77250543506209,1.3277208219864587,0.06982913010141174,0.12883930516402273,-0.5346443795225195,-0.09125260941567524,0.6166945946097885,-1.9207330673369285,0.4454068296715057,-0.3966681823225585,0.14241486829480185,0.291811266764988,0.4510614432621354,0.08107502925131423,0.564632050997985,0.6313199385260282,0.18550447502984352,0.6266100628197665,0.4805276886705692,0.5749983555503889,0.5617480951219284,0.18599575903434115,0.42201591819654105,0.21188150511553994,0.21884618913574574,0.400515783099876,0.0,0.8874536036007686,0.19993413297369309,0.7529522482567784,0.3576999156686655,21,31,17,23,35,42,21,31,14,13,51,47
7.808030149648081e-06,0.0015512211571462407,0.9445747888400249,-0.0023393684683528284,0.0038344115269782412,-0.7070321971909667,0.707167092545125,0.00906085170133356,-0.0003971428160190647,-0.3692344438288321,0.5791505179674018,-0.21217344911932376,-0.00025151320825634135,0.009749856162850878,-0.0003969466967106426,-0.36030175789222335,0.5645044317693935,-0.2066403579961453,-0.0009410718819588039,-0.06104938743518149,-0.4233852879637248,0.06122097608459055,-0.4431003685728642,-1.7775347207136472,1.3013469448267279,0.05747460047885904,0.11345216736944425,-0.5556475102249645,-0.09954388134864076,0.5794514319986236,-1.9819384447473563,0.48752461178858414,-0.43316710416845305,0.12471181756616775,0.22316523326260848,0.45612064661818386,0.11719716630204478,0.5981081118230595,0.7397657970657707,0.24426939678522724,0.6754701712569123,0.5628731779909952,0.5147248584560439,0.6874270205365974,0.1670466146256836,0.4747081588058282,0.21224261373777756,0.17478259454893075,0.47036808346147896,0.0,0.5693167852363719,0.0,0.39176292199453944,0.30235196461625125,10,32,21,33,41,42,18,39,12,18,28,26
-1.5614374595082214e-05,0.0015634226364572982,0.9445913731390687,-0.0023150209557830028,0.003924877980564698,-0.7070708498193312,0.707128028964049,0.009202046898379139,-0.00019844736355322404,-0.3694925856528581,0.5791687723296515,-0.21204089186131847,-0.000326722783741939,0.009890650192335211,-0.00019805459097287334,-0.36033589065162214,0.564091078737036,-0.20627384101698032,-0.0010157187417086824,-0.06108794070193956,-0.4210312865047047,0.06224141503612522,-0.44064013265566304,-1.7789023503343002,1.2976948434991615,0.05383408423412375,0.11248567300579719,-0.5518552162117467,-0.10207824943710106,0.5792493644094205,-1.9893572226838097,0.493922701080304,-0.4376254591288746,0.12523111992102479,0.22316523326260848,0.45612064661818386,0.11719716630204478,0.5981081118230595,0.7397657970657707,0.24426939678522724,0.6754701712569123,0.5628731779909952,0.5147248584560439,0.6874270205365974,0.1670466146256836,0.4747081588058282,0.21224261373777756,0.17478259454893075,0.47036808346147896,0.0,0.5693167852363719,0.0,0.39176292199453944,0.30235196461625125,10,32,21,33,41,42,18,39,12,18,28,26
-9.48752838541516e-05,0.0019054403387091154,0.9446315867684497,-0.002851262371990769,0.004425773435832701,-0.7070749570892709,0.707119005464842,0.010888624779874137,-0.00019026160028002458,-0.37027239620174657,0.5797150009925658,-0.21171204226169174,-0.0005553728230733481,0.011573168147028705,-0.0001899023599771623,-0.35971943252244154,0.5623255075571878,-0.20506325904050454,-0.0012403669400679726,-0.045896451618526915,-0.40041025016892173,0.08482550382820572,-0.3817832072212143,-1.7804061364026302,1.269263101948627,0.049008252387800155,0.06749465377999292,-0.5617933096911761,-0.12038209798617201,0.5372361209083949,-2.075336858525524,0.544970127091218,-0.48408343704808526,0.10364301756595637,0.17426458082693883,0.42688671325983674,0.32293043496816937,0.6301982241424178,0.863155077394626,0.32710106502208874,0.744557999952849,0.6527480089778784,0.5327677930104809,0.8070508315440914,0.1240913913803476,0.5302527299251258,0.20614466022411213,0.16586144879711687,0.5011275043992391,0.0,0.35543501062499877,0.0,0.050104039501627215,0.25451475002046803,2,27,36,44,47,46,13,47,12,19,16,6
-9.247146086876075e-05,0.0018717226586763805,0.9446483626967854,-0.0028600499202800483,0.004440722819712398,-0.7070848095346877,0.7071090242816784,0.010927079109718943,-8.861192163499798e-05,-0.3703233287101885,0.5798333615471044,-0.2117325948635896,-0.0005831982052548813,0.0116114456529569,-8.816576269254601e-05,-0.35949941264457985,0.5619752515726807,-0.20485172387766093,-0.0012678292725662676,-0.04594729732087903,-0.39878220298325023,0.08556498031257348,-0.38136162462597784,-1.7811056994683379,1.267212577162785,0.047129061419795455,0.0635238124299024,-0.557180888157332,-0.12323688266290919,0.5378723166605914,-2.0830421678132827,0.5499660907738397,-0.4877377860392811,0.1050224353093034,0.17426458082693883,0.42688671325983674,0.32293043496816937,0.6301982241424178,0.863155077394626,0.32710106502208874,0.744557999952849,0.6527480089778784,0.5327677930104809,0.8070508315440914,0.1240913913803476,0.5302527299251258,0.20614466022411213,0.16586144879711687,0.5011275043992391,0.0,0.35543501062499877,0.0,0.050104039501627215,0.25451475002046803,2,27,36,44,47,46,13,47,12,19,16,6
-0.0001338049133118936,0.0021317267089527286,0.9446841139057668,-0.0033578041200020927,0.004814251089003203,-0.7070766769454013,0.7071125236182662,0.012310396066384333,-0.00018873227658896006,-0.3708543392960465,0.5804604075580124,-0.21165843218148442,-0.0007261883312253297,0.012990956434530038,-0.00018844071090208867,-0.35863585082894417,0.5603151689386587,-0.20391805658931003,-0.0014071201855270954,-0.029532153491540824,-0.38151105607472263,0.10328150552267616,-0.32552048000902484,-1.777867383440514,1.2416412326232389,0.06541851558306172,-0.006983769354924717,-0.5608360828420998,-0.13870086665641365,0.5006501858516824,-2.1565040655662298,0.5937185213260462,-0.5277321347559113,0.09338622056120549,0.16477098453376332,0.37489052740953743,0.46372064793940815,0.6498761831401232,1.1238936889809983,0.41224200457220267,0.9661170241581397,0.7208689165415642,0.7505695596685409,0.8641366505659477,0.08024135528080661,0.5785583210789743,0.14888087870507621,0.16624592737803867,0.40874515014936946,0.0,0.22363909015452493,0.0,0.0,0.21455431105869033,0,18,46,65,63,59,7,55,9,14,9,3
-0.0001228457988114534,0.0020951240844607434,0.9446990582581017,-0.0033700432482366145,0.004821639428417842,-0.7070850098403676,0.7071040824806313,0.012329999783715798,-8.387858027464763e-05,-0.37086759037129907,0.5805705403510147,-0.21171728642655654,-0.0007373151176946498,0.013010436322663667,-8.35345849868327e-05,-0.35839282215563734,0.559981573516283,-0.20375220288045431,-0.0014179594401641806,-0.029632371558541475,-0.38045927056218737,0.10392280142212675,-0.32641309497821525,-1.7784674884691842,1.239981265510806,0.06657428262984863,-0.014358594539797764,-0.5567590462718361,-0.14115793843253752,0.5012986608727034,-2.163429232970256,0.5983119563508592,-0.5308282216720048,0.09550144339130516,0.16477098453376332,0.37489052740953743,0.46372064793940815,0.6498761831401232,1.1238936889809983,0.41224200457220267,0.9661170241581397,0.7208689165415642,0.7505695596685409,0.8641366505659477,0.08024135528080661,0.5785583210789743,0.14888087870507621,0.16624592737803867,0.40874515014936946,0.0,0.22363909015452493,0.0,0.0,0.21455431105869033,0,18,46,65,63,59,7,55,9,14,9,3
-0.00011015717810279907,0.0020551005869049463,0.9447120636557311,-0.0033866356471119285,0.004815377182085502,-0.7070853432155443,0.7071037125141861,0.012331349358246547,-4.1828887964286e-05,-0.37082469438781157,0.5806583013309234,-0.2117998106045465,-0.0007339364366076836,0.013011744276218184,-4.1474791238789884e-05,-0.3581162387637706,0.5596777566094814,-0.2036501431911237,-0.0014144346998195437,-0.029587782065908955,-0.3796989557223777,0.10429574669788931,-0.3278062207653566,-1.7789840958468839,1.2388469927027386,0.06747849076029434,-0.020096230701136805,-0.553566316836207,-0.14314380123829776,0.5021010189597032,-2.1689554905378046,0.6021397069991808,-0.5330550333283777,0.09798815223757948,0.16477098453376332,0.37489052740953743,0.46372064793940815,0.6498761831401232,1.1238936889809983,0.41224200457220267,0.9661170241581397,0.7208689165415642,0.7505695596685409,0.8641366505659477,0.08024135528080661,0.5785583210789743,0.14888087870507621,0.16624592737803867,0.40874515014936946,0.0,0.22363909015452493,0.0,0.0,0.21455431105869033,0,18,46,65,63,59,7,55,9,14,9,3
-0.0001418111405753403,0.002279303535923144,0.9447099874347005,-0.003786308769601219,0.004952522037517455,-0.7070354225905655,0.7071506540996412,0.013188631516437406,-0.0004012926858495664,-0.3709581225570325,0.581124162453988,-0.21178865616260248,-0.0007954417484805917,0.013866521244937759,-0.00040125058739861317,-0.35734938108423153,0.5587460325864897,-0.20320545163334677,-0.0014736770385968632,-0.013528403980563472,-0.37010965741747404,0.11291078115228038,-0.28765295966000404,-1.7762508907966255,1.2200336215381058,0.09581892533600485,-0.08432721980384798,-0.5554575733894509,-0.14876999685740777,0.47883697386807544,-2.2074537272344386,0.6288743541769013,-0.5562138750744573,0.09405705583044038,0.1855625334074111,0.3251119569068221,0.4578698854077026,0.6498714882044353,1.1880196513332704,0.4785032638178885,0.8967613223286068,0.7616594602755291,0.8082935670580351,0.853675696808208,0.05605585659702316,0.6173891567689225,0.11850600616140787,0.16837006289088585,0.37479870563759,0.0,0.18992358760936934,0.0,0.0,0.18755386681747405,3,10,45,72,60,62,4,61,7,12,7,2
-0.0001312579997285677,0.002258244131076305,0.9447218141853362,-0.003789623159197007,0.004967580361721616,-0.7070750879940554,0.7071108695529017,0.013207256614456675,-0.0001840258878708492,-0.3709867690272636,0.5812027521999852,-0.21184491661876256,-0.0008113853478280347,0.013885025428379058,-0.00018393938865819841,-0.35719496578765353,0.5584546107947743,-0.20303771449323152,-0.001489346158356595,-0.013806179346033827,-0.36927807617525915,0.11345861189178147,-0.28851704399779554,-1.7769685680718585,1.2179596128279926,0.10029584213351937,-0.09517045996414839,-0.552281729501669,-0.15045935819784642,0.47905716102663937,-2.213012529760679,0.6333821767693506,-0.5590798324673681,0.09579407025961513,0.1855625334074111,0.3251119569068221,0.4578698854077026,0.6498714882044353,1.1880196513332704,0.4785032638178885,0.8967613223286068,0.7616594602755291,0.8082935670580351,0.853675696808208,0.05605585659702316,0.6173891567689225,0.11850600616140787,0.16837006289088585,0.37479870563759,0.0,0.18992358760936934,0.0,0.0,0.18755386681747405,3,10,45,72,60,62,4,61,7,12,7,2
-0.00015270403465649982,0.0024191498507070155,0.9446914910561076,-0.004085168220730878,0.00481356428521651,-0.7069180351092635,0.7072672992841811,0.013447306162788351,-0.0006610954180726971,-0.37074130193459087,0.5816464331780562,-0.211874829198746,-0.0008335729807845787,0.014124295608722845,-0.0006613573441410951,-0.3563967071252793,0.5582053295217736,-0.2029110749039475,-0.0015107890216947669,-0.0009594621423098105,-0.36769765708807495,0.11510844476145572,-0.2734237824144865,-1.7794052953493091,1.203408660681551,0.12158137017455342,-0.1371109127407522,-0.5480080510356001,-0.14908189426575053,0.47445863030711427,-2.227091316215527,0.6455770247044365,-0.5692620229509052,0.09424304922158522,0.20833007424699684,0.29347330890507717,0.21504569978294305,0.6343705995255892,0.9219523401010491,0.5164309527064534,0.6947386934653922,0.7920180227173377,0.6864277846332456,0.829085386457717,0.05780914455040658,0.6432270371953854,0.0995847695674897,0.17336828444286964,0.3765593239738318,0.0,0.2103687933462514,0.0,0.0,0.17697912631915064,7,5,28,53,48,55,4,65,6,12,8,2
-0.00014541619532765267,0.002396315936493713,0.944699964597186,-0.004092896639033464,0.0048089709690173725,-0.7070350085335233,0.7071503508472036,0.01344833466876907,-0.00035755595460766696,-0.3706835237967431,0.5817317128694329,-0.2119873456121581,-0.0008485334479815095,0.014125340003336562,-0.0003578527172455695,-0.35625336367855853,0.5579877197318647,-0.20281329751300156,-0.0015256192415822277,-0.0009655656008233425,-0.3670639684124483,0.11489143295427975,-0.27473928349211013,-1.7806460290843704,1.1996371876840612,0.1285214955179716,-0.15001497709963524,-0.5453655351844349,-0.14961185606183253,0.47489188230663437,-2.23098100995216,0.6497626459133012,-0.5718069417413935,0.09487366335359991,0.20833007424699684,0.29347330890507717,0.21504569978294305,0.6343705995255892,0.9219523401010491,0.5164309527064534,0.6947386934653922,0.7920180227173377,0.6864277846332456,0.829085386457717,0.05780914455040658,0.6432270371953854,0.0995847695674897,0.17336828444286964,0.3765593239738318,0.0,0.2103687933462514,0.0,0.0,0.17697912631915064,7,5,28,53,48,55,4,65,6,12,8,2
-0.00015164510586468483,0.002505706584591723,0.9446517566054743,-0.004329077457636888,0.0043427578991062496,-0.7069505860368884,0.7072363596735513,0.013111537120130488,-0.0005382001868371818,-0.3699115631028651,0.5822278668545537,-0.21220738599577563,-0.0008500885649880587,0.013789518753320266,-0.0005390114948269099,-0.3552252624203135,0.5581671078572396,-0.2029131493621009,-0.0015278333343277481,0.007914257650520897,-0.37272246996354186,0.11074485726415387,-0.2884413240861711,-1.7891207822155641,1.1840374797992708,0.14293413336930644,-0.17112399982588758,-0.5335090538954472,-0.14256493779931395,0.49213202580226995,-2.227974892319513,0.6500684904674207,-0.5707177275993287,0.09455232355925139,0.21785918799045043,0.279232347233307,0.2881147117691416,0.6099872066845683,1.0826840218804594,0.5230454887721241,0.8109471307461822,0.8192945169596955,0.8146363029992927,0.8344427182299448,0.07966302297986579,0.6452290258405317,0.062801781048784,0.1824722010739524,0.37050688864705833,0.0,0.23825892790031802,0.0,0.0,0.1812707425968183,9,3,33,65,56,62,7,65,5,11,10,2
-0.00012814031558799926,0.0024593702155264094,0.9446559886386009,-0.0043535343439238304,0.004297682572771672,-0.707032610125041,0.7071544844537104,0.0130481511067166,-0.0003192313053241012,-0.369698086377254,0.5822850846912926,-0.21238897325655176,-0.0008281479971181913,0.013726377973336892,-0.0003201792262366917,-0.3550064389938748,0.558101282793399,-0.20297571094365208,-0.0015061790482790412,0.008239490401225092,-0.3728428567306973,0.109026880192644,-0.2930275579939138,-1.791223508643671,1.1786925753006583,0.14923255106988992,-0.1784632160452349,-0.5320571187188691,-0.14124971520031923,0.4946186047995739,-2.2280362507182954,0.651701423658919,-0.5708896665961279,0.09395699478901967,0.21785918799045043,0.279232347233307,0.2881147117691416,0.6099872066845683,1.0826840218804594,0.5230454887721241,0.8109471307461822,0.8192945169596955,0.8146363029992927,0.8344427182299448,0.07966302297986579,0.6452290258405317,0.062801781048784,0.1824722010739524,0.37050688864705833,0.0,0.23825892790031802,0.0,0.0,0.1812707425968183,9,3,33,65,56,62,7,65,5,11,10,2
-8.189918578169909e-05,0.002557030268723791,0.9445820889775599,-0.004603662985345613,0.0036363435781143648,-0.7069747959429028,0.7072144096340175,0.012379476454641065,-0.00039920239600829124,-0.36854641758214834,0.5828165938459702,-0.21271782133450257,-0.0007630720205681819,0.013059628490154084,-0.00040083714762171094,-0.35385109232739487,0.5586914295289156,-0.20329817586254462,-0.0014426483229354648,0.01384240329212932,-0.3840837344256674,0.0988622021548504,-0.3332841278650561,-1.8030301664027677,1.1640103731347795,0.1543796481987187,-0.16812235305589607,-0.5133971757199255,-0.13246130639589956,0.5335376390809459,-2.1992778445690018,0.6380694902308497,-0.5542234752553489,0.09499940234924736,0.22824143612557138,0.27334327472452025,0.801840980093657,0.5760637219790987,1.309,0.49639822063169514,1.0691350832571052,0.8212902049662422,1.0797624803389612,0.848686664414736,0.11093928826901914,0.6133968470046793,0.04271469942111866,0.19487812357017573,0.3255093509242087,0.0,0.19998427628310286,0.0,0.0,0.19546827175015258,11,2,67,81,73,77,11,60,4,9,8,2
-4.187733119477047e-05,0.0024876739432273367,0.9445789119565237,-0.004644597215997157,0.003514532152220505,-0.7070245652920096,0.7071650018589004,0.012196922051208009,-0.00028630688430713816,-0.3681270918440041,0.5828717564339734,-0.2129772149798344,-0.0007003219068870959,0.01287766856967597,-0.0002881919847412592,-0.3535186878101678,0.5588233143407192,-0.20354537527666125,-0.0013806077252507029,0.014638752550219652,-0.3850018768414678,0.09545389142108478,-0.33997931600533304,-1.8055017081279163,1.1575783253878078,0.159021013805934,-0.16626011378354255,-0.5139493208098265,-0.12926019990627025,0.537566486597478,-2.1933986512467034,0.6361926175200932,-0.5510543519841075,0.09282950137477833,0.22824143612557138,0.27334327472452025,0.801840980093657,0.5760637219790987,1.309,0.49639822063169514,1.0691350832571052,0.8212902049662422,1.0797624803389612,0.848686664414736,0.11093928826901914,0.6133968470046793,0.04271469942111866,0.19487812357017573,0.3255093509242087,0.0,0.19998427628310286,0.0,0.0,0.19546827175015258,11,2,67,81,73,77,11,60,4,9,8,2
0.00012168408966684057,0.002559626791030011,0.9444510766969864,-0.004997067286600556,0.002598434713676538,-0.7070147398308926,0.7071763819001798,0.011144217548369738,-0.0002769797176510746,-0.3663400786886102,0.5835925002575859,-0.2136454743126746,-0.0004674247590135083,0.011827897600034953,-0.0002800104560520148,-0.35206413715332907,0.5600963354724336,-0.20437750149708211,-0.001150433698874269,0.019294569933647036,-0.3994119188340106,0.07483949648778264,-0.4016193302284905,-1.8188907439450597,1.1427661217234084,0.16094901763534333,-0.1173787706411599,-0.4941309633143903,-0.11785731887003467,0.5940541357992339,-2.1234610706204813,0.6067987868954926,-0.5139722686415581,0.08988894316577246,0.2590619784937365,0.27083132705187996,0.8605753236805457,0.53672921917361,1.2938141802063083,0.442874374267064,1.0655666877882324,0.7713951162826637,1.0852436694015568,0.8187470158999912,0.1421567010557952,0.5505833111633832,0.03361666454961514,0.22033188320821342,0.2676280195559396,0.0,0.1331996538812678,0.0,0.0,0.2140493960327346,16,1,70,79,71,77,15,51,4,5,4,3
0.00014074174019455658,0.0025396849677685887,0.9444396309613806,-0.00501427817633713,0.0025141512024140942,-0.7070455356946774,0.7071457745842298,0.01100471840648173,-0.00020871250946612698,-0.3660608319045246,0.5835745131208531,-0.2138467886156391,-0.00040192567326605117,0.011688852859578212,-0.00021196583558265628,-0.3519542260250564,0.5603173678600082,-0.2046499735641068,-0.0010856217444696228,0.01990877500896252,-0.4000520633139257,0.07132226759239604,-0.40434721089177583,-1.8206573541623454,1.1374016678606687,0.16434315736739333,-0.10953746767454624,-0.49754360936409575,-0.11352096573186408,0.5949535557336378,-2.1139278865338995,0.6030950173513667,-0.5099637080572331,0.08536454821827734,0.2590619784937365,0.27083132705187996,0.8605753236805457,0.53672921917361,1.2938141802063083,0.442874374267064,1.0655666877882324,0.7713951162826637,1.0852436694015568,0.8187470158999912,0.1421567010557952,0.5505833111633832,0.03361666454961514,0.22033188320821342,0.2676280195559396,0.0,0.1331996538812678,0.0,0.0,0.2140493960327346,16,1,70,79,71,77,15,51,4,5,4,3
0.00028718557511137174,0.002736081287557623,0.9442695931647891,-0.005324694698582941,0.001721587431370974,-0.7070203351024497,0.7071710751400276,0.010103225238752555,-0.00023246790217665406,-0.364858930686315,0.5844072447631845,-0.21424576227719283,-0.00019914862152623116,0.010789675497606743,-0.00023667728276948746,-0.35121398357427847,0.5619391511940188,-0.20534061659581287,-0.0008849715791496686,0.02289313882626677,-0.4107140748918891,0.04890792290678908,-0.4592116717623296,-1.829754339858676,1.137396997327116,0.16322728456996072,-0.04767113408433657,-0.4787462657140431,-0.10374769685719987,0.6443600670923237,-2.0252282140269187,0.5706449843475534,-0.4705315020160422,0.07912805425046279,0.3040179599270962,0.2751951214207638,0.6839570092776598,0.5094419649764136,1.0160820481848456,0.3797660348618135,0.9172917699461562,0.6743606916313583,0.9171617429168827,0.7292137196677845,0.16642239761870783,0.4741489116802579,0.02400417642779377,0.2764057690564097,0.21777684335634134,0.028128258550562474,0.08058546439612982,0.04949106241503429,0.0,0.2318588317131936,23,2,57,57,59,65,18,39,5,2,2,3
0.00029655426576457477,0.0027247911193165994,0.9442530267817963,-0.0053455506182186014,0.0016105697129779571,-0.7070486156419296,0.7071429037136824,0.00993840649925609,-0.00018959135452788027,-0.36457881350126853,0.5844573944927828,-0.21445865639681602,-0.00014049347095009912,0.010625338597653513,-0.00019404492524392722,-0.35115283691688276,0.5623163498028447,-0.2056688863433528,-0.0008270111697589008,0.023518177692170114,-0.411464403700607,0.04574999261403318,-0.46055654738161045,-1.8311153440933594,1.1347044359359302,0.1656349101787443,-0.037283606080102116,-0.483106690947036,-0.09845073537452954,0.6444075025639606,-2.012433201665507,0.5657953079021364,-0.46642868308197394,0.07295745229265223,0.3040179599270962,0.2751951214207638,0.6839570092776598,0.5094419649764136,1.0160820481848456,0.3797660348618135,0.9172917699461562,0.6743606916313583,0.9171617429168827,0.7292137196677845,0.16642239761870783,0.4741489116802579,0.02400417642779377,0.2764057690564097,0.21777684335634134,0.028128258550562474,0.08058546439612982,0.04949106241503429,0.0,0.2318588317131936,23,2,57,57,59,65,18,39,5,2,2,3
0.00034084044685092803,0.003002834922926738,0.9440971608736547,-0.005596734989457395,0.001061871497460643,-0.7070422625420939,0.7071483493339548,0.009431494048599269,-0.00017889705643635967,-0.3639711846169659,0.5852070342137838,-0.214685228919382,-4.3746774845762576e-05,0.010119723191900933,-0.00018412875347826539,-0.3510885396811719,0.5639678979480528,-0.20624577666756538,-0.0007316402725504727,0.02563488862240178,-0.4143587997751449,0.02663961045926557,-0.4965829293560213,-1.8362382164965638,1.1500106214097574,0.16606201456639397,0.013506880203239825,-0.4756574963509288,-0.08494773423512329,0.6739806277280626,-1.9517249212928693,0.5423404246963887,-0.4433529359924542,0.055441589518967486,0.3391147160422801,0.2896419097712216,0.3160877145560929,0.5079376482408271,0.8134737566378318,0.32525822422478545,0.7944314814602879,0.567668347937802,0.7404986957252682,0.61898300016849,0.17752380867211304,0.407487823682879,0.013779339537910192,0.3374564176334365,0.18940023317986635,0.0705827904667326,0.06535699543358126,0.1360319131048804,0.0,0.24366593174305767,29,4,32,40,48,52,20,29,6,2,3,4
0.00033508424458992983,0.003002889234224324,0.9440818574506291,-0.005613341513973262,0.0009872309353542075,-0.7070636997610344,0.7071268911958907,0.00934059730028427,-0.0001435121870489878,-0.36382923596800487,0.5853042261028896,-0.2148358106449911,-2.1406400469030345e-05,0.010029088962977401,-0.00014891007540520756,-0.35114817833848416,0.5643720565882431,-0.20651094222111652,-0.0007096909650893214,0.02603254038595696,-0.4149585878988267,0.02489235832760397,-0.49678362456889064,-1.8373560924103194,1.1506977830103404,0.16785754932942887,0.021978969798684862,-0.47871719638064425,-0.08070787824620168,0.6735856823389179,-1.941476611681135,0.5383010636067299,-0.4411142649698534,0.04846714394108487,0.3391147160422801,0.2896419097712216,0.3160877145560929,0.5079376482408271,0.8134737566378318,0.32525822422478545,0.7944314814602879,0.567668347937802,0.7404986957252682,0.61898300016849,0.17752380867211304,0.407487823682879,0.013779339537910192,0.3374564176334365,0.18940023317986635,0.0705827904667326,0.06535699543358126,0.1360319131048804,0.0,0.24366593174305767,29,4,32,40,48,52,20,29,6,2,3,4
0.00028635544463067854,0.003235788218162985,0.9439950636915374,-0.005601217840760284,0.000881639463308587,-0.7070527801086833,0.7071380453710141,0.009213360216969788,-0.00013990846317739949,-0.36414897696009957,0.585556170650517,-0.21471519281632923,-4.125727595169787e-05,0.009902244291644192,-0.00014544624622708373,-0.3518158888265718,0.5652101347009887,-0.20662621424574174,-0.000730056138077221,0.02725125762787896,-0.4085476895681395,0.015591502850159474,-0.5073945647730822,-1.8384751943870774,1.1710761402412058,0.16953656468995218,0.04137227141214878,-0.4772138692218029,-0.06854562269895625,0.6756665618437053,-1.928270267818749,0.5307089268870169,-0.4434177989772087,0.033273945450399266,0.3532159641074281,0.307878907485188,0.17288875523088423,0.5249459341613895,0.7136482887131996,0.2909799751689094,0.737987358917866,0.491686014910882,0.6730565379810368,0.5396306108888942,0.1698698243171246,0.36873755239120287,0.011569159292939692,0.3873713070773788,0.23240319118024436,0.06908811667526343,0.13631906340006475,0.17160763120004283,0.0,0.2447344921242987,31,7,23,32,43,47,19,23,7,4,8,4
0.00026773673536239904,0.003217491227177072,0.94398323913247,-0.005655100628085482,0.0008243650499046632,-0.70706293821922,0.7071275285660669,0.009229330729581592,-0.0001294854669153235,-0.36403366801892856,0.5857493581526244,-0.21481858428650674,-5.658612783146323e-05,0.009918206626505905,-0.0001351320308675167,-0.3518512409266213,0.5656413080720621,-0.20682913093598485,-0.0007454661953502676,0.027746531821927455,-0.40838120137625206,0.014994501847807082,-0.507743187402403,-1.839601495432615,1.1762963612199782,0.17059158713786016,0.04691663737535596,-0.47782555533465015,-0.06584646510643807,0.6751194828272543,-1.922611822703888,0.5281923286628298,-0.4443883375686173,0.026724751372754284,0.3532159641074281,0.307878907485188,0.17288875523088423,0.5249459341613895,0.7136482887131996,0.2909799751689094,0.737987358917866,0.491686014910882,0.6730565379810368,0.5396306108888942,0.1698698243171246,0.36873755239120287,0.011569159292939692,0.3873713070773788,0.23240319118024436,0.06908811667526343,0.13631906340006475,0.17160763120004283,0.0,0.2447344921242987,31,7,23,32,43,47,19,23,7,4,8,4
0.0001811571319101644,0.00329434279371718,0.943949788062437,-0.005483719703902235,0.0010050856956869722,-0.707054248156828,0.7071373337509025,0.009332965117871324,-0.00015939087687730864,-0.3647899793236114,0.5857791750687844,-0.2146815725393104,-0.00012769049386498463,0.010021730740113602,-0.00016482350951123402,-0.3528613873369927,0.5661055650789276,-0.20688773417925982,-0.0008166219516237541,0.02971766795780185,-0.3942860039748026,0.014855912595331878,-0.497256933719514,-1.8379391873899282,1.1986863242728498,0.17571008506069863,0.04627787211255536,-0.4824639594556637,-0.05725727844757836,0.6540293674550456,-1.9371531333476357,0.5331699058286151,-0.4655485374304153,0.011612191060292019,0.35346751841251806,0.3189418165752942,0.031759651678785694,0.5409893671648642,0.6851390509668656,0.2818688241480771,0.734176851375157,0.4642238787226356,0.7075543494568138,0.5126917854969195,0.1423651457283609,0.36200131451679063,0.016382061784946736,0.39710596824683975,0.3495493764148384,0.026668386624378076,0.2776469948605505,0.14100713994396916,0.0,0.2333636109610318,31,9,13,30,42,48,15,22,8,11,15,3
0.0001405211438758869,0.0032878813148146256,0.9439416023339469,-0.0055527719095487624,0.0010289196757358292,-0.7070690678883146,0.7071219423013053,0.009529463485217696,-0.00012559687632197398,-0.3648294189204081,0.585980901856974,-0.21472617270065011,-0.00018490112778671565,0.010217794139285535,-0.00013102898945555348,-0.35297787408740056,0.5664153688406237,-0.20698099578723553,-0.0008734994613989748,0.030055654037335656,-0.39319737345198713,0.01651563112506334,-0.4956806663033435,-1.8390942803687873,1.2059329145753042,0.17644764165123555,0.046264691475024454,-0.4809735114902975,-0.057323380884313435,0.6518004647304412,-1.9382269490681903,0.5337183972655505,-0.47069752041870594,0.007004776564008313,0.35346751841251806,0.3189418165752942,0.031759651678785694,0.5409893671648642,0.6851390509668656,0.2818688241480771,0.734176851375157,0.4642238787226356,0.7075543494568138,0.5126917854969195,0.1423651457283609,0.36200131451679063,0.016382061784946736,0.39710596824683975,0.3495493764148384,0.026668386624378076,0.2776469948605505,0.14100713994396916,0.0,0.2333636109610318,31,9,13,30,42,48,15,22,8,11,15,3
-1.6954610286933952e-05,0.0032698350517701633,0.9439511349596067,-0.005374126403872925,0.001540183046613173,-0.70708238324956,0.707109079208929,0.010224049393389223,-0.00011594753517646194,-0.36612201532759625,0.5860713272615541,-0.21452227374090332,-0.000389679516576768,0.01091083332848646,-0.00012077087894083314,-0.3543287103361889,0.5665914434662483,-0.20685281512641734,-0.0010769564087104286,0.033257871783091406,-0.3720238830830397,0.02806480421745043,-0.4668574893890448,-1.8348435111631294,1.23182935999353,0.1884679446429351,0.02216354928864783,-0.48472224598466573,-0.05616895267729497,0.6175647467760682,-1.9840304856070843,0.5505925672506015,-0.510393139825721,-0.004724113422430746,0.3510500977721658,0.3177191436211021,0.0,0.5443545539489271,0.7457902896712196,0.29961795870287966,0.8143202238717565,0.48165120074330925,0.7546614317399639,0.5217757530146521,0.10196325191223,0.37740149769779663,0.027055081773449938,0.34883358198201053,0.3673922438771194,0.0,0.28133030280737426,0.06788365623181589,0.0,0.2130083507671513,31,9,11,35,47,51,10,24,7,11,14,3
-4.023000056119333e-05,0.0032433834865998714,0.9439485552446593,-0.005420944556683235,0.0015596303942679679,-0.707089079304602,0.7071019833385533,0.010364645980651557,-7.374707080872464e-05,-0.3661737406300784,0.5862889200139356,-0.21460322522745412,-0.0004520807703695217,0.011051031864478807,-7.853808693303573e-05,-0.3543467417684974,0.5667421506049112,-0.20690313200380797,-0.0011388460334352747,0.033250615588459105,-0.3713490158407416,0.03080981223347905,-0.4660324256419611,-1.8360113922258021,1.2379983458201216,0.18930569651127693,0.018189403462049183,-0.48151333883498215,-0.05867779031385698,0.6173147222705059,-1.9893180790451983,0.5527086055004448,-0.5156663679185193,-0.005076199400584323,0.3510500977721658,0.3177191436211021,0.0,0.5443545539489271,0.7457902896712196,0.29961795870287966,0.8143202238717565,0.48165120074330925,0.7546614317399639,0.5217757530146521,0.10196325191223,0.37740149769779663,0.027055081773449938,0.34883358198201053,0.3673922438771194,0.0,0.28133030280737426,0.06788365623181589,0.0,0.2130083507671513,31,9,11,35,47,51,10,24,7,11,14,3
-0.00015924100621468227,0.0031522438222060206,0.9439883735822078,-0.00519800277336903,0.0021651682717088727,-0.7070878894488473,0.7071032522965065,0.011085802117047142,-0.00010539881126461634,-0.36757453311327487,0.5863031108590132,-0.21442576335047697,-0.0006216564644450238,0.011770423681905541,-0.00010944514525014672,-0.3555273889863831,0.5664015206303183,-0.2066271336386392,-0.0013068226866423183,0.036897932261040566,-0.3492605475986839,0.04515493041903003,-0.43250421382563337,-1.8277154226158068,1.2553780724799708,0.20982900441323282,-0.019697272379135388,-0.4835289284251101,-0.0631408708613352,0.581160173218356,-2.044687687450542,0.5750161727526348,-0.5549209633176654,-0.0019825744348686085,0.3534859490894191,0.3073799353053353,0.0,0.5362861498896988,0.8086512897415239,0.3427781272356311,0.8854914346425065,0.5316156749913008,0.7869459562847019,0.5353710912161707,0.061720601937051076,0.40185397067061135,0.126192104574633,0.2632680038248863,0.4094644003341163,0.0,0.2590421341001413,0.0,0.0,0.19087353541464486,31,7,11,40,53,53,5,28,10,14,11,2
-0.00017338268931288417,0.0031143970292587097,0.94398760341546,-0.00524526981875406,0.0021895519364124962,-0.7070917655824609,0.7070989520939224,0.011223907531961726,-6.260874691718249e-05,-0.3676159564183758,0.5865168299813821,-0.21451972567097768,-0.0006747557923582991,0.01190809505286217,-6.66129170731562e-05,-0.355463307268956,0.5664320870598318,-0.20663985099998622,-0.0013593528044355163,0.03684555870219738,-0.34863680810446523,0.04766065420389925,-0.43222416193122615,-1.8286919423761505,1.260493764265356,0.21204595270340196,-0.026067703738333933,-0.479783047162357,-0.06647973325882363,0.581161734504266,-2.0524758816459863,0.5787914385746923,-0.5598141972507944,0.00143431108217362,0.3534859490894191,0.3073799353053353,0.0,0.5362861498896988,0.8086512897415239,0.3427781272356311,0.8854914346425065,0.5316156749913008,0.7869459562847019,0.5353710912161707,0.061720601937051076,0.40185397067061135,0.126192104574633,0.2632680038248863,0.4094644003341163,0.0,0.2590421341001413,0.0,0.0,0.19087353541464486,31,7,11,40,53,53,5,28,10,14,11,2
-0.0002321013310367554,0.0029798079748716106,0.9440280345457509,-0.005095996976634586,0.002734176006802043,-0.7070837737603474,0.7071061391200069,0.011897056234645143,-0.00011517117905404467,-0.36877681724940015,0.5866370101428618,-0.21447544412944058,-0.0007880896484923979,0.012579415731321247,-0.00011853048732306307,-0.3562003371500198,0.5658692496000831,-0.2063635306380828,-0.0014709114405060265,0.040908181009259637,-0.33060899108848313,0.05854606749062371,-0.40570346132225,-1.819831357881319,1.2730847286706302,0.23758737231722354,-0.0655743431455967,-0.47838840720954157,-0.07347185446582438,0.5546589771171607,-2.100570779648498,0.6022622929949125,-0.5893769124371269,0.015185153196209271,0.3620108527411527,0.2953148407054414,0.0,0.5260044239928465,0.8132561838932783,0.4008916223010005,0.8433999748439825,0.5979629004292936,0.845420699598649,0.5379284698092404,0.034459571311865805,0.4300406890244694,0.20089519852630372,0.22035424087593145,0.4275712662990539,0.0,0.2309556325519328,0.0,0.0,0.17413751213074738,33,5,11,42,52,56,1,32,13,15,9,2
-0.00023457642221226413,0.002937025104898248,0.944027489229063,-0.0051320418211402334,0.0027457269016022048,-0.7070885710083612,0.7071010365427844,0.011981285793895765,-6.902362897079756e-05,-0.36878975545124976,0.5868308285336831,-0.21459191565491337,-0.0008196634966683082,0.01266334547339148,-7.235733334942399e-05,-0.35607724684888153,0.5658277471277474,-0.20637133300802601,-0.0015020398134023324,0.040890251923109015,-0.3302977642746988,0.06034311911741858,-0.4061473867539847,-1.820698040343967,1.2771810894386628,0.2410881868125456,-0.07246660736694152,-0.4750774290633365,-0.07655716660771586,0.5550162203940308,-2.1082212404031435,0.6070743464296833,-0.5928976880552904,0.02077814317844437,0.3620108527411527,0.2953148407054414,0.0,0.5260044239928465,0.8132561838932783,0.4008916223010005,0.8433999748439825,0.5979629004292936,0.845420699598649,0.5379284698092404,0.034459571311865805,0.4300406890244694,0.20089519852630372,0.22035424087593145,0.4275712662990539,0.0,0.2309556325519328,0.0,0.0,0.17413751213074738,33,5,11,42,52,56,1,32,13,15,9,2
-0.00022853646207396153,0.002896121257065194,0.9440268952697948,-0.005148964481093227,0.0027444115097247203,-0.7070877257323849,0.7071017638846901,0.012002207868663878,-5.295455728553647e-05,-0.36879539659326727,0.586994511350073,-0.21471789275723563,-0.0008314507304288115,0.01268416775648525,-5.628550206482096e-05,-0.35595748901879154,0.565783308949995,-0.20640442302588383,-0.0015135861306724099,0.04096526914954835,-0.3302282410696751,0.06184415865471287,-0.40728595124041744,-1.8216787563950587,1.2808120153644598,0.24378180578106504,-0.07793873615962986,-0.4724256508164346,-0.07916019305459385,0.5559228738557875,-2.1144110313046784,0.611349183935912,-0.5953148709115479,0.026152951956074026,0.3620108527411527,0.2953148407054414,0.0,0.5260044239928465,0.8132561838932783,0.4008916223010005,0.8433999748439825,0.5979629004292936,0.845420699598649,0.5379284698092404,0.034459571311865805,0.4300406890244694,0.20089519852630372,0.22035424087593145,0.4275712662990539,0.0,0.2309556325519328,0.0,0.0,0.17413751213074738,33,5,11,42,52,56,1,32,13,15,9,2
-0.0002318708911745861,0.002782963083881816,0.9440523247712338,-0.0050097725961457135,0.0030538168581355175,-0.7070478483820208,0.7071413695149544,0.012257652269686442,-0.0001925305990463649,-0.3694665546475229,0.5869999601135251,-0.21474385761368353,-0.000839856931992735,0.012938912873247912,-0.0001955079349140547,-0.35633383834594295,0.5653612070113281,-0.20630244638645143,-0.0015213702108515176,0.04451836603075475,-0.32125747959671525,0.06470011308683858,-0.397416668330005,-1.8170131182375404,1.2866276604178164,0.2579813886810559,-0.09765348895826165,-0.47129135154819807,-0.08073106329788782,0.5456071432900087,-2.1358681191796163,0.6255641705108681,-0.6073283977964445,0.03769327996063001,0.369599038183341,0.2894400624432285,0.0,0.5283133462402486,0.7454152707748436,0.45307864245171287,0.7223937845290929,0.6618307809450732,0.8049350997915924,0.5401513996843967,0.02837512664661081,0.46370814265531757,0.2102946866662117,0.22362394069661765,0.3885418295935213,0.0,0.18225029991285385,0.0,0.0,0.16857581102975722,34,4,11,38,46,54,0,37,14,12,7,2
-0.00023890446172225083,0.002749303596206605,0.9440515940519271,-0.005047032128102146,0.0030655099681167323,-0.7070750517758762,0.7071138531180632,0.012346617669812215,-0.00012000667498017966,-0.36946304847729977,0.5871565548923982,-0.2148339562280847,-0.0008603590351085716,0.013027594297868947,-0.0001229508541447479,-0.35622516454554887,0.56530589307965,-0.20628833092258078,-0.0015415560546725422,0.044610885259528804,-0.3207507195288884,0.06563462030440197,-0.3975544214380001,-1.8174055384417414,1.2894573508408562,0.2617489965760625,-0.10384243469462741,-0.4690262341497449,-0.08261293153172554,0.545501900088995,-2.142078081440072,0.6309567837954825,-0.60987906576795,0.04356221412658186,0.369599038183341,0.2894400624432285,0.0,0.5283133462402486,0.7454152707748436,0.45307864245171287,0.7223937845290929,0.6618307809450732,0.8049350997915924,0.5401513996843967,0.02837512664661081,0.46370814265531757,0.2102946866662117,0.22362394069661765,0.3885418295935213,0.0,0.18225029991285385,0.0,0.0,0.16857581102975722,34,4,11,38,46,54,0,37,14,12,7,2
-0.00025111934326627744,0.00267253055806189,0.9440508990518264,-0.005053257297815715,0.0031308688556667273,-0.7070442971884271,0.7071442738679374,0.012468179129737215,-0.0001442447875819252,-0.3695324046500661,0.5872643769265485,-0.21494368937258737,-0.0008809673268086503,0.013148810242599179,-0.00014713974623951152,-0.3561538530853874,0.5652127501136074,-0.20632074842327283,-0.0015618230992588559,0.0456097680161919,-0.32128503458741364,0.06376430948823555,-0.40329538098288786,-1.8192598772494954,1.2924195202014284,0.26211299037039376,-0.10666727757818205,-0.4650190681534285,-0.08328688523064945,0.5496052471177809,-2.144175775606542,0.6368091723537831,-0.6103995967596854,0.04988073962974849,0.366655086614247,0.29514261161485467,0.0,0.5542095468436667,0.7003795801545454,0.47656726607176,0.6800764093121906,0.7038191615979745,0.7983722080184883,0.5569264310770763,0.04685566760440041,0.50028478089656,0.1668031411950304,0.26656473006903963,0.4014608265299534,0.0,0.20497661607550743,0.01923461046111375,0.0,0.18137748693387026,34,5,11,36,45,54,3,43,12,13,8,2
-0.00023698587511015719,0.0026266571907548825,0.9440520913451617,-0.005055200077461649,0.0030973604796903113,-0.7070520569937535,0.7071366487540693,0.012413814902730318,-0.0001415028206810856,-0.36948434176403094,0.5873953070694196,-0.2150649927308609,-0.0008827187875218077,0.013094531636000486,-0.00014439273352814564,-0.3560087034314832,0.5651766632492297,-0.20636911265314256,-0.0015635040592356592,0.04630260532812948,-0.32133366678174036,0.06319952534737333,-0.4066627130713115,-1.8202808295962352,1.2944495719705849,0.26287228022707676,-0.10949821764341,-0.4630697031162148,-0.08392188136837095,0.5518087771285954,-2.1469078412538343,0.6425134221339759,-0.6110059892384965,0.055484602204997,0.366655086614247,0.29514261161485467,0.0,0.5542095468436667,0.7003795801545454,0.47656726607176,0.6800764093121906,0.7038191615979745,0.7983722080184883,0.5569264310770763,0.04685566760440041,0.50028478089656,0.1668031411950304,0.26656473006903963,0.4014608265299534,0.0,0.20497661607550743,0.01923461046111375,0.0,0.18137748693387026,34,5,11,36,45,54,3,43,12,13,8,2
-0.00021654551458846012,0.002538028748704429,0.944026061340536,-0.005181553839680475,0.0028040468158975073,-0.707048842117502,0.7071401725835965,0.012151417511582292,-0.00010473276488160005,-0.3688541096576319,0.5878280449964931,-0.21548570344585147,-0.0008790639169125706,0.012832798503465774,-0.00010793328415898538,-0.35525743169869084,0.5654040689248581,-0.20667150010950724,-0.0015601699127281098,0.046499071124023614,-0.3301596654850641,0.055385602362204245,-0.43583305705605907,-1.8293913187059194,1.2985123741673268,0.24775042179870377,-0.09647266030209328,-0.4537903525338051,-0.08509664765211475,0.5756616964121768,-2.1313844231488153,0.6523602046878101,-0.59828038079008,0.06575078509859819,0.3526132495568369,0.3117407102546132,0.0,0.5919199509670047,0.6818596645688308,0.45798397758090553,0.6948262566339648,0.7053048818503809,0.7949437355957482,0.5802177801317705,0.08646703198913298,0.5248315103756287,0.0743413744641949,0.3542232896118629,0.4361603108007983,0.08618254332105792,0.29076598907596857,0.15025417357371545,0.0,0.22160235200397138,31,8,12,34,46,54,8,47,10,17,16,3
-0.00018532073349403848,0.0025061893576455996,0.9440258565053011,-0.005135552059813822,0.002729567679041271,-0.7070465044371655,0.7071431369450671,0.011922852587066449,-0.00013964335160122443,-0.3687565689992415,0.5878548544464082,-0.21561377995391542,-0.0008312497738946544,0.01260489302075307,-0.00014290609238816536,-0.35515475726554774,0.5654305140981173,-0.2067946470639084,-0.0015129287461559367,0.04740623677797782,-0.3304083557146631,0.05423466608502,-0.439749228220468,-1.8299442302760176,1.298587850620007,0.24441909283447005,-0.09395186258775437,-0.45416428273050946,-0.08379026119040656,0.5785971036733103,-2.129435216102828,0.6577217139208454,-0.5958332222282925,0.06955130289126614,0.3526132495568369,0.3117407102546132,0.0,0.5919199509670047,0.6818596645688308,0.45798397758090553,0.6948262566339648,0.7053048818503809,0.7949437355957482,0.5802177801317705,0.08646703198913298,0.5248315103756287,0.0743413744641949,0.3542232896118629,0.4361603108007983,0.08618254332105792,0.29076598907596857,0.15025417357371545,0.0,0.22160235200397138,31,8,12,34,46,54,8,47,10,17,16,3
-0.00014055517327086006,0.0025240099009092055,0.9439644637592596,-0.005389271877901698,0.0022946621973086528,-0.7070548719290892,0.7071344273583093,0.01161503511408589,-5.594086104193389e-05,-0.3678524870626567,0.5883887922627113,-0.2160246264386001,-0.0007856294955981848,0.012297884035134043,-5.9770473395918716e-05,-0.3542664150741363,0.5659653119686111,-0.20715941628202156,-0.0014679536719804675,0.0462173824101388,-0.3431461889909049,0.04295501362994398,-0.4791300484687805,-1.8389514061983387,1.301558653526751,0.22022358607958217,-0.06413567451662906,-0.4432247845906401,-0.08837297470281179,0.6152071543740025,-2.087891558800544,0.6682388889962492,-0.5672638997494865,0.0737811143310717,0.3398705483281487,0.3320781419101846,0.0,0.6078500335622088,0.678683025703861,0.40178351172870835,0.6685418773516105,0.656359444266105,0.7070376621850534,0.5824054892626216,0.13177338826983057,0.5190178797237595,0.0,0.4202107416044958,0.5121200243606124,0.2401171188683926,0.48524338504988646,0.313560006560307,0.3529680924470599,0.28744795236164844,29,11,13,32,43,50,14,46,8,26,31,24
-9.16303937026148e-05,0.0024993738150206183,0.9439635572088226,-0.005300114451099455,0.0021371996385473086,-0.7070419579584148,0.7071485069282406,0.011167062920690375,-0.00013321057459397535,-0.36766086548171706,0.5883690590837648,-0.216153011712436,-0.0007031117146690258,0.011851129711219311,-0.00013715810789699358,-0.3541626186059483,0.5661165506852354,-0.20735545871702732,-0.0013865133128181317,0.047325755958356315,-0.3437413428821661,0.04069542177977718,-0.48332806113532417,-1.8385773315085223,1.3005672609807601,0.21424192778771434,-0.05652753295825672,-0.44545927016753945,-0.0847926374537794,0.6189561935703031,-2.079614997860233,0.6736899155780428,-0.5614433662875268,0.07471949361938768,0.3398705483281487,0.3320781419101846,0.0,0.6078500335622088,0.678683025703861,0.40178351172870835,0.6685418773516105,0.656359444266105,0.7070376621850534,0.5824054892626216,0.13177338826983057,0.5190178797237595,0.0,0.4202107416044958,0.5121200243606124,0.2401171188683926,0.48524338504988646,0.313560006560307,0.3529680924470599,0.28744795236164844,29,11,13,32,43,50,14,46,8,26,31,24
1.5738531647334566e-05,0.0025720319838302883,0.9438702614915478,-0.005401664321095047,0.0014506599243542906,-0.7070444918449571,0.7071469466525689,0.010147394644807049,-0.00012065906020727501,-0.36659095080837156,0.5888264028917841,-0.21656471270399624,-0.0005212815619428557,0.010834087111980188,-0.00012534113273483493,-0.35347503065572833,0.5671997127249725,-0.20796606968869075,-0.0012071706002146198,0.046551929444148224,-0.356702592451865,0.025469938180254222,-0.5254337285231362,-1.841166910037776,1.301553582601083,0.18605954771384256,-0.008936915546583218,-0.4366474990985486,-0.08372692981046245,0.6592913535658174,-2.000701414820247,0.694341307796368,-0.5187735950976577,0.06784860194134988,0.3424394984541592,0.3475086676402366,0.0,0.5816017302354932,0.7048159453137272,0.3309447861804633,0.6991179863580339,0.5706229372886868,0.6841270043468041,0.5473446520234437,0.15933067108224935,0.4795900454365203,0.030350071414997515,0.4240561208256598,0.7102980943074114,0.33401317099857825,0.7649189935533225,0.40454200461148543,0.7907387487355033,0.3486725928118065,30,14,12,32,42,47,17,40,9,41,49,49
1.996624102861531e-05,0.002586334895633983,0.9438665918713912,-0.005355405487527579,0.0013518145019587513,-0.7070619394362916,0.70713004888083,0.00990120248291805,-0.00012549263571384284,-0.3664319927344895,0.588734030144974,-0.21661061202904552,-0.000457994712184982,0.010588564694027839,-0.0001302908836581529,-0.3535335533213917,0.5674492140543245,-0.20814115215135717,-0.0011448074968609032,0.04708766369556051,-0.3570654185002078,0.02332287703893196,-0.525826668628115,-1.8393589375770152,1.299820962023065,0.18171604382987314,-0.001451137791097381,-0.44009030428953394,-0.07740799210706531,0.6601451325833395,-1.9900581279794736,0.6993860172038507,-0.5143082391746753,0.06539312546652003,0.3424394984541592,0.3475086676402366,0.0,0.5816017302354932,0.7048159453137272,0.3309447861804633,0.6991179863580339,0.5706229372886868,0.6841270043468041,0.5473446520234437,0.15933067108224935,0.4795900454365203,0.030350071414997515,0.4240561208256598,0.7102980943074114,0.33401317099857825,0.7649189935533225,0.40454200461148543,0.7907387487355033,0.3486725928118065,30,14,12,32,42,47,17,40,9,41,49,49
2.3573849373850726e-06,0.002717580459684492,0.9437873054747272,-0.005482278877163066,0.001006173631077448,-0.7070921540975964,0.7070994398573347,0.009601746631100503,2.7158310890412982e-05,-0.36588456176645046,0.5889630575264859,-0.2167126200357676,-0.0004468727420292796,0.010289861127792241,2.1913881352358166e-05,-0.35338215305763426,0.5682791191870945,-0.2084319208286134,-0.0011345307696609545,0.04453293776362539,-0.3647348851745691,0.01498519150690951,-0.5516429985615232,-1.838166045569028,1.2999439348288357,0.16863323902503322,0.028969391066975866,-0.4369124823450008,-0.07751280489900259,0.6833112124658067,-1.9419151258264389,0.7198386058669853,-0.4923585076458112,0.048157532503559315,0.3605302899366859,0.3535036990879119,0.0,0.532993839328553,0.6283288107072529,0.27327514579716866,0.6782374780524119,0.4851371206783788,0.6729489384326512,0.4912218620496066,0.15540596664658224,0.42347547596346,0.09741851925979189,0.379014068480238,0.48073924875584967,0.3284016669273824,0.40704952787447196,0.3888801442157279,0.1844718946111324,0.35954566243917335,33,15,11,25,39,45,17,31,12,26,29,16
2.1757995517937002e-05,0.0027298239739829166,0.9437872059270584,-0.0054098178029446,0.0008778413453364201,-0.7070721756431103,0.7071201465785206,0.00926069250647114,-5.1728153060321934e-05,-0.3657503188521452,0.5888898737979597,-0.21672349683982042,-0.0003996108459203531,0.009949594916997184,-5.70694693194678e-05,-0.353460470042336,0.5685907785497042,-0.20860801969271908,-0.0010880582479729116,0.045154010281949444,-0.36566207874796,0.0125120732110505,-0.5534950322749933,-1.8364034903385167,1.2985098952854128,0.16518187247120253,0.03752937953735562,-0.43941922091933266,-0.07138580297193015,0.6851005008168327,-1.9291792075483103,0.7266556934496344,-0.4886449866981626,0.04184500538474536,0.3605302899366859,0.3535036990879119,0.0,0.532993839328553,0.6283288107072529,0.27327514579716866,0.6782374780524119,0.4851371206783788,0.6729489384326512,0.4912218620496066,0.15540596664658224,0.42347547596346,0.09741851925979189,0.379014068480238,0.48073924875584967,0.3284016669273824,0.40704952787447196,0.3888801442157279,0.1844718946111324,0.35954566243917335,33,15,11,25,39,45,17,31,12,26,29,16
-3.746992447185429e-05,0.0027329441777805288,0.9437695898083338,-0.0052275644431942405,0.000716982053409312,-0.7071569320930425,0.7070369381436036,0.008813583032043519,6.301429018322099e-05,-0.3656710833536647,0.588754431486739,-0.21671133366565332,-0.0004037836569053745,0.009503449916857271,5.764378843108946e-05,-0.35370941820852747,0.5689047489874821,-0.20873396622099613,-0.0010931011337552584,0.04359808690104209,-0.3670555087302281,0.01146054283085301,-0.5613438028942905,-1.834694511642844,1.2967623893051765,0.16146876829942966,0.04862757887190911,-0.4411002952579328,-0.06664529664023044,0.6886115327390085,-1.9173069835494994,0.7380679995440204,-0.48632875203545245,0.031319015320522364,0.37957406609738664,0.3506740665848236,0.0,0.5015577367865021,0.5722482053414365,0.24309321067566197,0.6346582472396103,0.435853089219216,0.6643351626154061,0.4487300499006139,0.12702256713931695,0.3761429669541223,0.06978233011189044,0.30908893552894934,0.3054204890607063,0.2278285610377196,0.20017062508733832,0.27636299976308953,0.0,0.303794662502596,36,14,10,20,34,44,13,24,8,13,14,5
-3.770982465706731e-05,0.002762532491112036,0.9437722539907325,-0.005180654210682786,0.0007025361998033608,-0.7071023865164044,0.7070918485229774,0.008700512335332622,1.4811719085686826e-05,-0.3656890230804071,0.5885968328189357,-0.21662801943559967,-0.0003900793136497678,0.009390703266477961,9.43685822374549e-06,-0.3539568186663274,0.5691811968568186,-0.20882961451659277,-0.0010799609693312583,0.043753563356911294,-0.367697945674674,0.010196617449925512,-0.5637165959893365,-1.8333116903896185,1.2947579326091845,0.15887810226970905,0.05626041569778479,-0.4424081142157949,-0.06096695040113858,0.6897326625199361,-1.9079110416591567,0.746413612872803,-0.4856751689781845,0.023456900134846533,0.37957406609738664,0.3506740665848236,0.0,0.5015577367865021,0.5722482053414365,0.24309321067566197,0.6346582472396103,0.435853089219216,0.6643351626154061,0.4487300499006139,0.12702256713931695,0.3761429669541223,0.06978233011189044,0.30908893552894934,0.3054204890607063,0.2278285610377196,0.20017062508733832,0.27636299976308953,0.0,0.303794662502596,36,14,10,20,34,44,13,24,8,13,14,5
-7.11664884574068e-05,0.002593813682627967,0.943825379703092,-0.004667302425802762,0.0007611401280035888,-0.7070958905173782,0.7071018586930783,0.0080733124360888,-1.6883644912834142e-05,-0.36613141776356506,0.5880511425687601,-0.21648646763021553,-0.00039292099452124064,0.008764653766504683,-2.191602057743239e-05,-0.354719887477689,0.5691829000239667,-0.2088959098802854,-0.001083703440668335,0.04389944963898194,-0.36464441421883836,0.014518287343363277,-0.5589631193344924,-1.83095107037919,1.2892358158925554,0.15851170041615983,0.05810321000214805,-0.4472235864191157,-0.05180044608480841,0.6798590372419665,-1.9115287817479922,0.75455080555521,-0.49307322628176986,0.018552331578310807,0.38480792455168217,0.34198665532643674,0.0,0.5072779225102196,0.6262301744547774,0.23875097112304028,0.6637006132592587,0.43471384300326926,0.6999814356455804,0.4426496107659922,0.09237486678737869,0.3567641050303312,0.017860285848215855,0.23580132978058482,0.2842625257638948,0.07724856939924186,0.1912513991977016,0.11732208824325628,0.0,0.21458467106102874,37,13,10,24,36,46,9,21,4,8,10,3
-0.00013835336416504962,0.0026621220381880606,0.9438253664718472,-0.004688107719176363,0.0009344862274304596,-0.707108480028408,0.7070889235827538,0.008398510843820418,-2.557820600558048e-06,-0.3663647009376958,0.587790135716009,-0.2162613845102049,-0.0004275552750564766,0.009089415058390624,-7.389573851371347e-06,-0.3551956508013972,0.5693061481005559,-0.20883841808401435,-0.0011184708226058763,0.043663368993437215,-0.363326276044505,0.016045627260463775,-0.5564692921964701,-1.8303746204041527,1.285454842172804,0.15741858976716402,0.05997822609382393,-0.4479177419445447,-0.04695310620452436,0.6762288614130554,-1.9107941007848692,0.7604205463413916,-0.4970501824418734,0.015167769000319775,0.38480792455168217,0.34198665532643674,0.0,0.5072779225102196,0.6262301744547774,0.23875097112304028,0.6637006132592587,0.43471384300326926,0.6999814356455804,0.4426496107659922,0.09237486678737869,0.3567641050303312,0.017860285848215855,0.23580132978058482,0.2842625257638948,0.07724856939924186,0.1912513991977016,0.11732208824325628,0.0,0.21458467106102874,37,13,10,24,36,46,9,21,4,8,10,3
-0.0003714968531774468,0.002500250822141205,0.9439246410351353,-0.004243994961414098,0.001766607744355739,-0.7071278048579662,0.707070813427197,0.009259584290556504,3.2339855004178504e-05,-0.3677883791038979,0.5866264568042061,-0.21546900617554648,-0.0006780975869664296,0.009948804552347158,2.873476275169032e-05,-0.3571029809355826,0.5689212567224021,-0.20841525874497724,-0.0013679708939173944,0.04389013493684454,-0.35004156389349983,0.032422934990182,-0.5287959758140454,-1.8288428697591883,1.267227005769623,0.16294328269270036,0.04245332332389521,-0.4548804637963794,-0.03563177083025849,0.6451268049594703,-1.9466471260940594,0.7649611737919971,-0.5241224588641429,0.024839064497823755,0.3738248642748547,0.32988897542940815,0.010044806177540364,0.538816353706315,0.723429323280886,0.2541391813453776,0.7451863708434445,0.4703942459469663,0.779640688714262,0.46969112260450785,0.06516106477175237,0.3669646731169658,0.06774300014739766,0.1798826124295371,0.355618165476703,0.0,0.2460395707991237,0.009512969447872653,0.0,0.14341668914939498,35,11,12,32,42,51,5,22,5,10,10,1
-0.0004121788289141889,0.0024968005546503937,0.9439258179943956,-0.004304945603726694,0.0018512463611676344,-0.7071201045937487,0.707077929233818,0.009548512536537787,3.9452702164235766e-05,-0.36784855706177244,0.5866246031508074,-0.2153700271375371,-0.0007772770896641498,0.010237018288833803,3.5958930712160576e-05,-0.3571698714919172,0.5689385613308258,-0.20834445768465748,-0.0014663339506521891,0.043520210784292745,-0.34873462194222465,0.033510870957647154,-0.5277866010504835,-1.830042550923691,1.264924313585669,0.16305269193343697,0.04040713091983592,-0.45346719318545176,-0.036846428686163,0.6448461094423411,-1.9504991617920633,0.7659919063622768,-0.5268016711953193,0.027415482529542567,0.3738248642748547,0.32988897542940815,0.010044806177540364,0.538816353706315,0.723429323280886,0.2541391813453776,0.7451863708434445,0.4703942459469663,0.779640688714262,0.46969112260450785,0.06516106477175237,0.3669646731169658,0.06774300014739766,0.1798826124295371,0.355618165476703,0.0,0.2460395707991237,0.009512969447872653,0.0,0.14341668914939498,35,11,12,32,42,51,5,22,5,10,10,1
-0.0005473379934249607,0.0022450757972184,0.9440380164939582,-0.003818684057261849,0.0027040001502980685,-0.7071294666409144,0.7070686129672235,0.010258797027279712,2.5223799861356808e-05,-0.3693601198471679,0.5856652525876809,-0.2148209284625759,-0.0009646800112106753,0.010945704363950232,2.2942304025349192e-05,-0.35868453369379194,0.5679816958329205,-0.20784921651181704,-0.0016523260213586173,0.045019833111943734,-0.33135441208049754,0.05302691782460662,-0.49236777536504345,-1.8276911332486823,1.2477516130726176,0.18195839096489244,0.005717958733327553,-0.4609038142382875,-0.03574848427962261,0.6081226084369004,-2.0102204729829225,0.7568793462744794,-0.5581507879660362,0.05219160754115361,0.3553675885559942,0.3157243544591202,0.0,0.569064663699275,0.8075860105792766,0.28576217374373214,0.7961861133171954,0.5235930421917061,0.7913728792126304,0.5097064347179683,0.0479231633347977,0.391731052282398,0.1894030257066695,0.17513527323088124,0.4748568434048056,0.0,0.31020277847763333,0.0,0.0,0.11659823911593041,32,9,12,39,47,53,3,26,11,18,14,0
-0.000569048820633909,0.0022242546361920445,0.9440391467702244,-0.0038815763546687526,0.00279804448535985,-0.7071191346482677,0.7070782373445991,0.010543247407661799,4.089022140823339e-05,-0.3694478905131645,0.5857286035334364,-0.21477693883057225,-0.0010443150098477943,0.011229355789248899,3.872902925437689e-05,-0.3586530055796901,0.56785726612115,-0.207741497154794,-0.001731042541291959,0.04464967417663713,-0.3299631874208385,0.05452738503654888,-0.49187170612116976,-1.8295837297718431,1.2462064603745253,0.18445605997502204,0.0006594474511824721,-0.4585728523241217,-0.04002489431112376,0.6076546120244632,-2.0185953968749777,0.7555475948519413,-0.5609347193815591,0.058208876263497446,0.3553675885559942,0.3157243544591202,0.0,0.569064663699275,0.8075860105792766,0.28576217374373214,0.7961861133171954,0.5235930421917061,0.7913728792126304,0.5097064347179683,0.0479231633347977,0.391731052282398,0.1894030257066695,0.17513527323088124,0.4748568434048056,0.0,0.31020277847763333,0.0,0.0,0.11659823911593041,32,9,12,39,47,53,3,26,11,18,14,0
-0.0006477844209128881,0.001983702602017987,0.9441336378085263,-0.0034756339127580884,0.003564900002083549,-0.7071256320189553,0.7070704010200626,0.011181147878842144,5.37066311607267e-06,-0.37087371131531865,0.585088091299566,-0.21437349422613433,-0.00117108732084971,0.011865649989931573,4.2936093095802155e-06,-0.3597745414151293,0.5667161778884222,-0.20718092787183964,-0.0018562870848146471,0.04740331551427687,-0.3125037360681209,0.07204709186150263,-0.4573426086058589,-1.8257978755179194,1.2335779795682236,0.21741676027964624,-0.042272850619395744,-0.4610530163424755,-0.0441169267928644,0.575168249017001,-2.079876453066798,0.7377785908477309,-0.5898958195435584,0.08848807798338279,0.34004757707417854,0.3010355762078733,0.0,0.5758428069290276,0.9019714617583677,0.3290065369595998,0.8475305059583375,0.5781501932866879,0.8019074073249878,0.5428377755624814,0.03786409781726854,0.4142917628789762,0.28281838798091713,0.17225677150873706,0.5279697781769935,0.0,0.31188344328084133,0.0,0.0,0.12568949338328994,29,6,12,47,52,54,1,30,16,21,14,0
-0.0006530325824389685,0.0019480165552658074,0.9441339771315949,-0.0035381710569017052,0.0036391300299207043,-0.7071165013656299,0.7070788439591642,0.01141241732471142,3.576593464823119e-05,-0.37092501941342254,0.5851985527453742,-0.21439959127297362,-0.001225829458525367,0.012096199327244532,3.477667828485188e-05,-0.35964793107844084,0.5665383927496075,-0.20709121276477374,-0.0019101820065295365,0.04702328079648236,-0.3114611157453818,0.07346793824719434,-0.45749647152857975,-1.8280215643528037,1.2330844510755887,0.22269198437336463,-0.048994700954961355,-0.4584122873076874,-0.04934791729976327,0.5745920460308268,-2.089241814939791,0.735032406746082,-0.5925743266540339,0.09542851912227435,0.34004757707417854,0.3010355762078733,0.0,0.5758428069290276,0.9019714617583677,0.3290065369595998,0.8475305059583375,0.5781501932866879,0.8019074073249878,0.5428377755624814,0.03786409781726854,0.4142917628789762,0.28281838798091713,0.17225677150873706,0.5279697781769935,0.0,0.31188344328084133,0.0,0.0,0.12568949338328994,29,6,12,47,52,54,1,30,16,21,14,0
-0.0006742361479881307,0.0017761904448661274,0.9441918528251935,-0.003321928173152837,0.004118107866868187,-0.7071177456761814,0.7070760211820534,0.011839944176406707,-1.0251919406614474e-05,-0.37183563381492496,0.5849871009116071,-0.21424992653879332,-0.0012918986548793362,0.012522513183706964,-1.0572772616491597e-05,-0.3601001331317458,0.5655766960789826,-0.2066680287457075,-0.001974919809970322,0.05017518229717442,-0.2986918938723057,0.08460051983805682,-0.4337555160215323,-1.8260135566046878,1.2281302763446398,0.2611519912064827,-0.08925186965654112,-0.4566012881269025,-0.056583138058893874,0.5562853476332817,-2.1358515574248296,0.7126976678366315,-0.611846638284931,0.12328341217807513,0.3328076546309332,0.2886830782400535,0.04178630643210532,0.5576435606867819,0.9271727420668119,0.37251059644151796,0.8154694010111472,0.6235425244863388,0.8148262646350799,0.5623016437474908,0.03764523352906845,0.4279739661173666,0.27736578741146917,0.16553519440004155,0.4980725149831333,0.0,0.2611499158778973,0.0,0.0,0.15468004930409274,28,4,14,50,51,55,1,32,16,19,11,1
-0.0006622494911020564,0.001737031642739434,0.9441909472854406,-0.0033625808746110385,0.004156218433153803,-0.707111514898908,0.7070818371274772,0.011955174011074265,2.571520939086222e-05,-0.3718453364101626,0.5850980239350642,-0.21432597044365506,-0.0013098006584861953,0.012637345573447634,2.543332253226632e-05,-0.3599389538028052,0.5654067319089654,-0.20662066406662902,-0.0019923101043817742,0.04984320680194493,-0.2981573687481877,0.08568953180957498,-0.43460625942697056,-1.8283579608478704,1.2288169485681986,0.2679514193257595,-0.09596829722076668,-0.4544999062140459,-0.06130003343184686,0.5558672735243221,-2.14360341699984,0.70919596756074,-0.6137548936971151,0.12922432495605585,0.3328076546309332,0.2886830782400535,0.04178630643210532,0.5576435606867819,0.9271727420668119,0.37251059644151796,0.8154694010111472,0.6235425244863388,0.8148262646350799,0.5623016437474908,0.03764523352906845,0.4279739661173666,0.27736578741146917,0.16553519440004155,0.4980725149831333,0.0,0.2611499158778973,0.0,0.0,0.15468004930409274,28,4,14,50,51,55,1,32,16,19,11,1
-0.0006406687893736464,0.0017015798004399595,0.9441905192236578,-0.003377859193795738,0.0041741496884729005,-0.7071005049667294,0.7070926689037587,0.011985128727481965,2.0319892880332773e-05,-0.371860338889654,0.5851943863794141,-0.214407575047143,-0.0013066427312249719,0.012667160755965919,2.005812410475215e-05,-0.35979203277936384,0.5652475205832915,-0.2065969416994846,-0.00198886183991311,0.0498033925823129,-0.29780431715507044,0.08651259247385829,-0.43613192372115106,-1.830695180650536,1.2297376483709967,0.2734486201637717,-0.10113164319732475,-0.45274423244078144,-0.06540605483992026,0.5557447328985595,-2.149819924198125,0.7068521076567423,-0.6149874505980163,0.1341189313141951,0.3328076546309332,0.2886830782400535,0.04178630643210532,0.5576435606867819,0.9271727420668119,0.37251059644151796,0.8154694010111472,0.6235425244863388,0.8148262646350799,0.5623016437474908,0.03764523352906845,0.4279739661173666,0.27736578741146917,0.16553519440004155,0.4980725149831333,0.0,0.2611499158778973,0.0,0.0,0.15468004930409274,28,4,14,50,51,55,1,32,16,19,11,1
-0.0006353879476053213,0.0017317373235870158,0.944211969244805,-0.0032348962623755632,0.004198659426504411,-0.7069536568744743,0.707240011408432,0.011806338087945126,-0.00023650256382287533,-0.3721780616724476,0.5850935400225746,-0.21433003276949236,-0.001298356885181397,0.012488782986261639,-0.00023665156543673397,-0.3599131896421009,0.5649962061838519,-0.20650666313460347,-0.00198073115543206,0.05326512420140183,-0.2947485822468728,0.08787574376129083,-0.43088321113139755,-1.8306744987708579,1.2297119306347384,0.2848969014412684,-0.11193161602792727,-0.45063004602039936,-0.06387787532294797,0.5554615173407579,-2.159412024742826,0.6947895874998478,-0.6181311429153606,0.144471708389565,0.3310862363896912,0.2826544666575699,0.1221351914481273,0.5349265558556877,0.8733495106489398,0.39899450176396023,0.7176665777033587,0.6523171046388536,0.7928751364596994,0.5757556277328905,0.058589167099707885,0.43159822084894917,0.25862522730171744,0.16369116677884693,0.4694132312810053,0.0,0.2340226821931699,0.0,0.0,0.20511290883679567,28,3,19,47,46,54,4,32,15,18,9,2
-0.0006471841588427982,0.0016857486831630406,0.944209344090389,-0.003289584278185488,0.004202248578930226,-0.7070771243559483,0.7071162987477234,0.011898802865515264,-0.00012044140878271752,-0.3720731141094368,0.5852005067410337,-0.2143843553991133,-0.0013019908905727128,0.012581063740567026,-0.00012058410155289392,-0.35976429513179603,0.5649003388450258,-0.20645846379693533,-0.001984283673009805,0.052991188615787464,-0.2938234529874011,0.08865474993390378,-0.4298322586354053,-1.832167217844483,1.2304914858794491,0.29322502872445694,-0.11968994923531535,-0.44918517796903984,-0.06600209405530348,0.5553900077403007,-2.166353538406045,0.6869104651570134,-0.6196713739661398,0.15170277067976654,0.3310862363896912,0.2826544666575699,0.1221351914481273,0.5349265558556877,0.8733495106489398,0.39899450176396023,0.7176665777033587,0.6523171046388536,0.7928751364596994,0.5757556277328905,0.058589167099707885,0.43159822084894917,0.25862522730171744,0.16369116677884693,0.4694132312810053,0.0,0.2340226821931699,0.0,0.0,0.20511290883679567,28,3,19,47,46,54,4,32,15,18,9,2
-0.0006812395401420672,0.001757076283446472,0.9441847814360707,-0.0034622928608171255,0.0038376201503847285,-0.7070952010609697,0.707099470963084,0.011661040203413174,-5.847238855064151e-05,-0.3714104931926983,0.58553936107351,-0.21455172804932843,-0.001341931572562615,0.01234391718615561,-5.8986963762419325e-05,-0.3590160017799094,0.5650682915411324,-0.20651371320841586,-0.002024625834504161,0.05373236327563034,-0.29812990348377866,0.08436234710700798,-0.4409332462659278,-1.8405730872641386,1.234359695095004,0.3008847711376622,-0.12685410788638657,-0.43944599852518096,-0.06444592650520514,0.5722128317757651,-2.1659671803390856,0.6556377021033791,-0.6142000647742242,0.17473384840319317,0.32934376947767013,0.28648501058009185,0.12147318806284586,0.5288896277793182,0.8844538014956108,0.392380183864446,0.7835689885281881,0.654832717502923,0.8571635889653323,0.5907721613643694,0.1123982089907612,0.4195334927681982,0.24137831996582246,0.17957430874381858,0.4693425803528847,0.0015815301016946616,0.2450713144899948,0.028506113606972985,0.0,0.2922698171193645,27,4,19,47,50,58,11,30,14,18,11,5
-0.0006480109130807385,0.0017024182907566972,0.9441790446565242,-0.0034808622103136787,0.0037845874944588925,-0.7071052081839866,0.7070896584273099,0.011564978312964621,-9.775712701888493e-06,-0.3712032446551352,0.5855833599243273,-0.21470875014509117,-0.0013104193204632256,0.012248122030710785,-1.040596008868819e-05,-0.35879529947468003,0.5650715806092419,-0.20663072325351448,-0.0019933795505940135,0.053446958344862974,-0.2982728743616298,0.0842698042357137,-0.4432356906165849,-1.8426854075401105,1.2354275283735383,0.3046898826292224,-0.12995049141739895,-0.4397318169992272,-0.06618692383242536,0.5736054234600766,-2.1679915849143057,0.6476899854975475,-0.6130739682159272,0.18024868220660462,0.32934376947767013,0.28648501058009185,0.12147318806284586,0.5288896277793182,0.8844538014956108,0.392380183864446,0.7835689885281881,0.654832717502923,0.8571635889653323,0.5907721613643694,0.1123982089907612,0.4195334927681982,0.24137831996582246,0.17957430874381858,0.4693425803528847,0.0015815301016946616,0.2450713144899948,0.028506113606972985,0.0,0.2922698171193645,27,4,19,47,50,58,11,30,14,18,11,5
-0.0006452641335803484,0.0019111392053483382,0.9441125113151188,-0.0038427383527461527,0.003105384837521173,-0.7070883401753605,0.707107961442251,0.011097560662162644,-1.6318358877852283e-05,-0.3699637075222122,0.5861431346947594,-0.21498818505427603,-0.0013005912193266443,0.011781912723530887,-1.778377889834715e-05,-0.3575975430312318,0.5657147401102728,-0.20690991365950034,-0.001984460392033004,0.05324943734619621,-0.3092057899497441,0.07425121679085377,-0.47172620303450435,-1.85485362802754,1.2417828594082794,0.295756049291489,-0.11783582223196226,-0.42680548250960665,-0.06492104187000221,0.6050361775702928,-2.143200730247663,0.615499046263267,-0.5949527695769569,0.20253609673091358,0.32696450173476643,0.30082241914632724,0.023976617678904782,0.5383591036222313,0.9284247714590225,0.34852438817837345,0.8965280241674927,0.6214739515302288,0.8639773543651181,0.6003936117518998,0.19536889270254404,0.38517426916167574,0.21419548009112652,0.24346894515703135,0.5225036862124276,0.12342504212522867,0.3350381505083969,0.1770318701691459,0.09087077694459501,0.42154078721427063,27,6,13,49,56,59,22,25,14,24,19,13
-0.00059377792131817,0.0018581056445359499,0.9441050351544907,-0.003825146265051241,0.0029781399475723304,-0.7070865929708122,0.7071103513451288,0.010803848770220928,-3.465376696835674e-05,-0.36965405590532535,0.5861416645267613,-0.21517209074672292,-0.001228970946329744,0.011488978626986529,-3.632325240773346e-05,-0.3573694258954599,0.5658510251134763,-0.2071380090584133,-0.0019136076553409047,0.05348178821756158,-0.3098263698425041,0.0731180691068731,-0.4752795222130412,-1.8562990575252654,1.2424702870659876,0.2950494087207033,-0.11556269397995073,-0.4289013183520696,-0.06445194274620787,0.6074812752783546,-2.139535431278436,0.6077174140862712,-0.5912280692806459,0.20668435350660735,0.32696450173476643,0.30082241914632724,0.023976617678904782,0.5383591036222313,0.9284247714590225,0.34852438817837345,0.8965280241674927,0.6214739515302288,0.8639773543651181,0.6003936117518998,0.19536889270254404,0.38517426916167574,0.21419548009112652,0.24346894515703135,0.5225036862124276,0.12342504212522867,0.3350381505083969,0.1770318701691459,0.09087077694459501,0.42154078721427063,27,6,13,49,56,59,22,25,14,24,19,13
-0.0005406914937791207,0.002184579942605795,0.9439938785950346,-0.004345149808587849,0.002194964031199313,-0.7070765880272418,0.707120216419949,0.010361954664192072,-2.1708022269532358e-05,-0.36822112646463095,0.5868859153703464,-0.21545414209760538,-0.0011592541548636828,0.011048201782944269,-2.4463928866454157e-05,-0.3560934835152457,0.566857161645147,-0.20749737557553444,-0.0018448564187047655,0.05266668557952834,-0.3230876794507289,0.05957690836158136,-0.5113928992160339,-1.8661764224583666,1.2506013298305199,0.27859220323999545,-0.08816371428104308,-0.41381026547009503,-0.06687406572053489,0.6465468199538927,-2.0866960166192916,0.58173752414115,-0.562804534387362,0.22595406084460792,0.3304572895404425,0.3216907625070628,0.0,0.5449758998892833,0.9138002911374192,0.2830582485800187,0.880840847770935,0.5567568897935375,0.7671377433649202,0.5904273017574679,0.27671968397567337,0.33489457099748166,0.22999249005751227,0.3635683671123399,0.7927462438944397,0.3205417773538899,0.7081309189752101,0.3986647043485034,0.6005278450246706,0.5687110774461134,28,9,11,47,54,53,33,17,18,45,46,44
-0.00047699191187883716,0.00213467728424734,0.9439848087334048,-0.004303811342757396,0.0019714365625480143,-0.7070693930200139,0.7071283222302113,0.009865311712250462,-7.469486047653578e-05,-0.3677842653701373,0.5868952932258139,-0.2156730151072841,-0.0010570243304232824,0.010552759851477937,-7.773968260341979e-05,-0.3558263581818146,0.5671617112090965,-0.20782689953111447,-0.0017437717667144715,0.053290403022617464,-0.3241865659999364,0.05739013021094442,-0.5150216926961472,-1.8663454363327507,1.2511556764782616,0.27552005845538957,-0.08124649545628657,-0.41766837652245214,-0.06396154041430431,0.6494808586601426,-2.0761089543565463,0.5757977351340253,-0.5571834305057791,0.22824276878225389,0.3304572895404425,0.3216907625070628,0.0,0.5449758998892833,0.9138002911374192,0.2830582485800187,0.880840847770935,0.5567568897935375,0.7671377433649202,0.5904273017574679,0.27671968397567337,0.33489457099748166,0.22999249005751227,0.3635683671123399,0.7927462438944397,0.3205417773538899,0.7081309189752101,0.3986647043485034,0.6005278450246706,0.5687110774461134,28,9,11,47,54,53,33,17,18,45,46,44
-0.0003560084952807287,0.0024795556522769725,0.9438435491300511,-0.004739008080074922,0.0009645483492497329,-0.7070617147079832,0.7071353074504936,0.008843721350027088,-9.403121108154235e-05,-0.36606095363716523,0.5876177652081513,-0.21609167991557177,-0.0008435262962267635,0.00953353861464905,-9.847709296958513e-05,-0.3546541619398263,0.5688005534679268,-0.20857721573068624,-0.0015326572608352189,0.05285304780796726,-0.33717932442328086,0.04122074593016151,-0.5501142833859548,-1.8699158655493984,1.2601680233253214,0.2585648160212503,-0.03928402591961478,-0.4096398231511068,-0.06137261302426646,0.6852518166527117,-1.9930579488959432,0.5612936382961509,-0.5246553706093072,0.24036346934184136,0.3436403198861163,0.34121811704361354,0.0,0.5372898276559969,0.8445964504061022,0.22376849759191406,0.799989150850706,0.4850612599424408,0.6437838234067104,0.55893491234704,0.3120044818644671,0.2906159431201747,0.23347686537619372,0.4649830707673144,0.9896852696986629,0.4478821427700562,0.9786270206376595,0.574501390499176,0.9553273114558483,0.6834482458007035,30,13,11,40,46,46,38,11,21,61,65,66
-0.0003490537761612577,0.0024916382210904866,0.9438346208436389,-0.004711291582142075,0.0008640195390515834,-0.7070757114271043,0.7071216270994098,0.00862055229218069,-9.391158179737876e-05,-0.3658551821785813,0.5875300033206606,-0.21617834018377574,-0.0007786565481846267,0.00931090258505308,-9.853979257245881e-05,-0.3547005483004343,0.5691144656893922,-0.20881871399122987,-0.001468558591045375,0.05319950245132269,-0.3379670770393825,0.03950726622504088,-0.5502770385697972,-1.8687665387804053,1.2598982859480239,0.2565908461327177,-0.032716181761857525,-0.41420716891469583,-0.05631240532548775,0.6855073028375405,-1.9818142018697371,0.5598686009317664,-0.5216160377945834,0.23911588312363669,0.3436403198861163,0.34121811704361354,0.0,0.5372898276559969,0.8445964504061022,0.22376849759191406,0.799989150850706,0.4850612599424408,0.6437838234067104,0.55893491234704,0.3120044818644671,0.2906159431201747,0.23347686537619372,0.4649830707673144,0.9896852696986629,0.4478821427700562,0.9786270206376595,0.574501390499176,0.9553273114558483,0.6834482458007035,30,13,11,40,46,46,38,11,21,61,65,66
-0.00034770880074956015,0.0028526788065481785,0.9437371076481418,-0.005092499379680962,0.000353821633984955,-0.707090756801376,0.7071043790745288,0.008431890208713027,3.551843700846756e-06,-0.3650096066879991,0.5879690521684545,-0.21621073986387657,-0.0007497514643627257,0.009122699461783453,-1.8807237382256157e-06,-0.3542664871958496,0.5702014329647802,-0.20908493117267257,-0.0014402361069890315,0.05145548948479385,-0.34472746157195544,0.031139797706844163,-0.5682931638467856,-1.8691346564495153,1.2651362420263528,0.2501754203098885,-0.008503196521230822,-0.41216484702881406,-0.0560151632064545,0.7025667863419286,-1.936732730846201,0.5676008622385262,-0.5086398840804136,0.23540926933657427,0.35723256012821275,0.351523815037742,0.0043012592217849055,0.5222376282212535,0.7656539517013373,0.19116273647170026,0.7712961124808443,0.4369057060177401,0.6675322218326243,0.5236096751794777,0.2812353045361882,0.27386302504911786,0.1719078627379709,0.5035443141743533,0.7897272082609249,0.4346867729465709,0.6974150860601556,0.6211302787472186,0.6341007367166458,0.7166049811858332,32,14,11,33,43,46,33,8,19,48,50,50
-0.0003320928562914738,0.002857189772592774,0.9437318938148483,-0.005045219786729148,0.00022659189944116402,-0.7070779031995227,0.7071176233275335,0.008137398818768895,-5.356250642989745e-05,-0.36483336698677,0.5879323049100482,-0.21625576725324316,-0.000708669600744128,0.008828804861184198,-5.9161760922961954e-05,-0.35430915212896774,0.5705491810117818,-0.20929303024494422,-0.0013997472461547817,0.051941888273722925,-0.34585372515865437,0.029251048431659512,-0.5693895392049756,-1.8682021611028363,1.2654335830991663,0.24897564994205443,-0.0016206187055676077,-0.41522377094740315,-0.0512345031365284,0.7039312463597891,-1.924905982764175,0.5704708841688572,-0.5070370124155872,0.2324891274572876,0.35723256012821275,0.351523815037742,0.0043012592217849055,0.5222376282212535,0.7656539517013373,0.19116273647170026,0.7712961124808443,0.4369057060177401,0.6675322218326243,0.5236096751794777,0.2812353045361882,0.27386302504911786,0.1719078627379709,0.5035443141743533,0.7897272082609249,0.4346867729465709,0.6974150860601556,0.6211302787472186,0.6341007367166458,0.7166049811858332,32,14,11,33,43,46,33,8,19,48,50,50
-0.0003593441538513442,0.002989949221229557,0.9437103135952526,-0.005143500928901959,-3.451165137454962e-05,-0.70713632740842,0.7070585249231286,0.007917445041757735,2.5707452512505985e-05,-0.3644133736105068,0.5880254202596092,-0.2162758716607544,-0.0006988487985955486,0.008609306414597588,1.9821210235915223e-05,-0.3541618761367229,0.5710267328364487,-0.20944464462228002,-0.0013904359709467865,0.05088286265986371,-0.3467109748608763,0.028420645655039826,-0.5709935848387618,-1.8679569499224684,1.266098586626153,0.24867015102815404,0.004385996257351048,-0.4198876182305456,-0.04852881846337319,0.7035228601513175,-1.9176801417468752,0.582650207908225,-0.5078664075145055,0.22368297670903453,0.3565016860506476,0.3493380170424219,0.02935994613034113,0.5152332205072723,0.7363516887027746,0.18867804211532985,0.7599473882724316,0.42976125308457885,0.7244122578090242,0.5075696193881054,0.2086959650713849,0.29024005155917265,0.09764415542548972,0.4713914834483246,0.48409700043729903,0.2951543227741355,0.2498222927001411,0.5185427051082577,0.28390773523354945,0.6498075917005197,32,14,12,31,42,49,24,11,14,26,23,29
-0.0003665237501221944,0.0030278659931335813,0.9437052863780916,-0.0050926007252271146,-4.0058035690186925e-05,-0.7071024442917746,0.7070927782758095,0.007831122833650722,-1.9078216372320644e-06,-0.36444770157388706,0.5878967125123672,-0.21622329872168358,-0.0006910625431540616,0.008523191669859195,-7.884705017527015e-06,-0.3543991538839277,0.5712673086668522,-0.2095450953522883,-0.0013829629982093222,0.050943286792443976,-0.34731871539509207,0.02782369761440723,-0.5710532146485832,-1.86778111925179,1.2662073400051779,0.24859084632851078,0.00879423708412845,-0.4217573490216235,-0.04473880031604877,0.7035320957079942,-1.9110108568330568,0.5910626741570271,-0.5088951348505392,0.2176053522161325,0.3565016860506476,0.3493380170424219,0.02935994613034113,0.5152332205072723,0.7363516887027746,0.18867804211532985,0.7599473882724316,0.42976125308457885,0.7244122578090242,0.5075696193881054,0.2086959650713849,0.29024005155917265,0.09764415542548972,0.4713914834483246,0.48409700043729903,0.2951543227741355,0.2498222927001411,0.5185427051082577,0.28390773523354945,0.6498075917005197,32,14,12,31,42,49,24,11,14,26,23,29
-0.00038122089511943505,0.0029102449585261475,0.9437462511428879,-0.004916892388498373,-8.251463918212967e-05,-0.707081707787237,0.7071147543880391,0.007526585451259775,-4.912169560897128e-05,-0.3644040198494427,0.5876768686548139,-0.21621097493132418,-0.0006898692799552917,0.0082191573669261,-5.505060494006226e-05,-0.35458190288032054,0.5714504142898318,-0.20969987921453237,-0.0013822256532435616,0.0513762645135348,-0.34459663024572496,0.03236972808287284,-0.560297390783751,-1.8675663101224897,1.2631609603942182,0.2515581161864036,0.004288105842940874,-0.4313176042323223,-0.040211277522572336,0.6926983470493275,-1.9213746788830595,0.6086537664198108,-0.5162122797423635,0.20262106887879083,0.34034730246662354,0.33679388192273313,0.02976885932079088,0.5233536004716249,0.8116721405174607,0.2105113780194931,0.8034306957895435,0.4595648357308382,0.7721027687545311,0.5164372358917606,0.1365708795045425,0.32881263087970325,0.05898774794098583,0.39914618832925103,0.33498079898917643,0.11273170650423225,0.06946106735647585,0.32258837661471723,0.34795822954896527,0.5085386523687514,29,12,13,37,46,52,14,16,10,12,8,29
-0.0004415046446182718,0.00301040324258626,0.943740983357109,-0.0048400691611319695,0.00010706854764500068,-0.7071167263614363,0.7070802624644005,0.0077432493291789885,-4.255998879519848e-06,-0.3648047194500901,0.5873822190487261,-0.21601051360004583,-0.0007257330316269652,0.008435544908145406,-1.0027278434984816e-05,-0.35518126142209533,0.5714448016109027,-0.20961963159861785,-0.0014180723746552999,0.05086857389270715,-0.3434570035311663,0.034601900192463446,-0.5556543174012472,-1.868469442252252,1.2618091285464847,0.2530352267617769,0.002046465535890182,-0.43185199135124785,-0.03760819347753306,0.6891078340738059,-1.924250318656832,0.6200245667969216,-0.5198881395666082,0.19350526088823902,0.34034730246662354,0.33679388192273313,0.02976885932079088,0.5233536004716249,0.8116721405174607,0.2105113780194931,0.8034306957895435,0.4595648357308382,0.7721027687545311,0.5164372358917606,0.1365708795045425,0.32881263087970325,0.05898774794098583,0.39914618832925103,0.33498079898917643,0.11273170650423225,0.06946106735647585,0.32258837661471723,0.34795822954896527,0.5085386523687514,29,12,13,37,46,52,14,16,10,12,8,29
-0.0006079310297851724,0.002929739359183953,0.9438279019514648,-0.0044218953302650466,0.0007884114364879878,-0.7071402761659904,0.7070590180974853,0.008341273919558339,6.555746058861984e-05,-0.3661265765820867,0.5864145184795717,-0.21532910693023288,-0.0009178546270235095,0.009032476424438095,6.0793465744660265e-05,-0.3568631067586644,0.5710432458752683,-0.20919422820676797,-0.0016094220785915052,0.04988645774777013,-0.3328701027054204,0.051786702497230705,-0.5223040221037355,-1.872958886607841,1.2525911109056456,0.2644395154149793,-0.029097741156125196,-0.4395698529705031,-0.03498202163845654,0.6587056460047886,-1.96889137247068,0.6597644803354527,-0.5412703277580106,0.15918747155277024,0.3244697281019657,0.3181107431453721,0.004162121573815917,0.5378924287601867,0.930102835721645,0.2512066442295917,0.9135121721845,0.5069275563895279,0.8145497346683939,0.5324931218194484,0.08780983595573986,0.37046890155588874,0.05497696386661035,0.3209145796821159,0.3379514191892408,0.020171695189802025,0.17480387011251253,0.11606098313893527,0.09288776669466225,0.3516697856497326,27,9,11,47,54,54,8,23,8,10,9,11
-0.0006327803434994906,0.0029337826303617157,0.9438339819581972,-0.004429349746789532,0.0008558762799886988,-0.7071292877608768,0.7070698824921107,0.00849626531750687,6.233453281337628e-05,-0.3662583180861475,0.5863802177223584,-0.2151699546017268,-0.0009808150100361927,0.009187118634276539,5.772261003690847e-05,-0.35701445020802636,0.5710539976587417,-0.2090671591653477,-0.0016719648222906372,0.049395403454584694,-0.33162685933936836,0.053687151247552814,-0.5215028878344847,-1.8751078403261339,1.2527394939075442,0.2659442789930131,-0.03350883377003048,-0.4359375792040306,-0.035424209121587356,0.6584047924612709,-1.9733085696231838,0.6651978063838454,-0.5430911268166653,0.15529036207977617,0.3244697281019657,0.3181107431453721,0.004162121573815917,0.5378924287601867,0.930102835721645,0.2512066442295917,0.9135121721845,0.5069275563895279,0.8145497346683939,0.5324931218194484,0.08780983595573986,0.37046890155588874,0.05497696386661035,0.3209145796821159,0.3379514191892408,0.020171695189802025,0.17480387011251253,0.11606098313893527,0.09288776669466225,0.3516697856497326,27,9,11,47,54,54,8,23,8,10,9,11
-0.0007410038039354229,0.0027048588043409767,0.9439420068444148,-0.00405073235526801,0.0014682126650769872,-0.7071371947183642,0.707063238872448,0.008975187638261977,5.7965006323766006e-05,-0.36723502913251505,0.5855538995637773,-0.21479579450683867,-0.0011230153014228457,0.009665062446315174,5.4250313662280506e-05,-0.35803190088541065,0.5702908931018426,-0.20875198294697564,-0.0018133001890281322,0.04917980737597357,-0.31922740093350965,0.07251418382812758,-0.4863452928060346,-1.8800322445812316,1.2453456103531784,0.28149799143398135,-0.07532011331331255,-0.4425716822002729,-0.03793280081361616,0.6240923138976656,-2.031557494485615,0.6897093755163739,-0.5656798407438507,0.1367933188301897,0.32440871139131605,0.2970290856434577,0.0,0.5427429780041593,0.9520146241756853,0.3039575191750996,0.9555103790410899,0.550914819001507,0.8503288272546449,0.5347905074404948,0.059503771987630474,0.3988101164551333,0.11341739400746328,0.24584747113500297,0.41846179952094986,0.0,0.26963825488180165,0.0,0.0,0.2347223497837094,27,5,11,50,58,56,4,27,9,14,11,3
-0.0007554875705151693,0.0026931334347497075,0.9439490913230415,-0.004070343319386124,0.001540002592266301,-0.7071251606395355,0.7070750086714899,0.009143855753006812,5.4679826747706844e-05,-0.3673360572456635,0.5855386426808092,-0.21469107069705193,-0.0011753890786087523,0.00983331339910612,5.110056161074031e-05,-0.35806535533132244,0.5701772639036975,-0.20861863625105917,-0.0018651826339764173,0.04877201694506982,-0.31780470599713534,0.07472770869727093,-0.486049365162028,-1.882470748807864,1.2463048745989385,0.2837364919176935,-0.08178506496160907,-0.43868637918413644,-0.040314065734143235,0.6235516993178921,-2.0388916033263786,0.6926679059605434,-0.5671940078756352,0.1359157289174192,0.32440871139131605,0.2970290856434577,0.0,0.5427429780041593,0.9520146241756853,0.3039575191750996,0.9555103790410899,0.550914819001507,0.8503288272546449,0.5347905074404948,0.059503771987630474,0.3988101164551333,0.11341739400746328,0.24584747113500297,0.41846179952094986,0.0,0.26963825488180165,0.0,0.0,0.2347223497837094,27,5,11,50,58,56,4,27,9,14,11,3
-0.0008241900289985731,0.0024691894487584944,0.9440498918731084,-0.003766034436570675,0.0020403515848734324,-0.7071280574051036,0.7070725312020792,0.009519763504325823,4.53229284013546e-05,-0.3680677385394638,0.5848514480685085,-0.2144298754900042,-0.0012728796216639041,0.010208377503542393,4.248840472265136e-05,-0.35865485325983915,0.5692556209188544,-0.20828368899950314,-0.001961870409412867,0.04862339591575435,-0.3071263312848845,0.09149062444637451,-0.4559655769100625,-1.8878113947771102,1.2424364275390565,0.2996117642530377,-0.12436479873072691,-0.4414641346005265,-0.04567551472597897,0.5914339237208964,-2.092496649178508,0.704248114508873,-0.5860453256653105,0.13568488217585106,0.3394234996935429,0.277508310998187,0.0,0.5338062464621252,0.8557817768899434,0.3558607138828527,0.8354425126386573,0.5796591089648534,0.7828368229069765,0.5251283996080393,0.040721149442905696,0.40990272232246217,0.1804854404265297,0.1927086094967767,0.45895558492219823,0.0,0.2691295786713079,0.0,0.0,0.1744906358716571,29,2,11,44,51,52,2,29,11,17,11,2
-0.000831220133479403,0.0024479847310787586,0.944056527283256,-0.0037919257842350834,0.0021014247440983946,-0.7071166479049708,0.7070836241693959,0.009671278762494157,3.8015640522476795e-05,-0.36811935199954504,0.5848416376305579,-0.2143699383620923,-0.0013114965709725417,0.010359494753984332,3.5280525146142176e-05,-0.35859872613613547,0.5690805545111388,-0.208166189799668,-0.0020000223826840717,0.04837060651682578,-0.30581717367460554,0.09361617267725186,-0.45613488772173694,-1.8901283672976146,1.2440449188266633,0.3020503248099568,-0.13126968749042192,-0.4382090006435193,-0.04875728373864085,0.5907275932718095,-2.100154958317766,0.705602179351667,-0.5870886816815308,0.1377825436246269,0.3394234996935429,0.277508310998187,0.0,0.5338062464621252,0.8557817768899434,0.3558607138828527,0.8354425126386573,0.5796591089648534,0.7828368229069765,0.5251283996080393,0.040721149442905696,0.40990272232246217,0.1804854404265297,0.1927086094967767,0.45895558492219823,0.0,0.2691295786713079,0.0,0.0,0.1744906358716571,29,2,11,44,51,52,2,29,11,17,11,2
-0.0008158448443251502,0.002264176087939532,0.9441231117889658,-0.003615652737238837,0.002088548894038651,-0.7070922263174243,0.7071090075089324,0.009388373786623409,-9.783625908367153e-06,-0.3680679304222252,0.584666414843938,-0.2144124182951503,-0.0013166169410403104,0.010077056545778606,-1.2372120089302702e-05,-0.3584911254904883,0.5688444845397589,-0.20818358833577075,-0.0020052997107572017,0.048678447309317745,-0.3031121942257099,0.09954911008207283,-0.44382665583610537,-1.8923929322679418,1.241789036548815,0.3066497353271064,-0.14679002164886928,-0.44158674394781283,-0.049326462067836224,0.5773804826737262,-2.118424230114608,0.7066015588103289,-0.5936171122874407,0.14195334652194494,0.3525723913990477,0.26486729265172,0.0,0.530419801567773,0.7456932319115163,0.3920171379267387,0.6910087677742477,0.591939699367491,0.7097823669667397,0.5322682885052065,0.02811741132926133,0.4121403304166278,0.20609249233277002,0.156040254203342,0.42095561322266195,0.0,0.2048594870294061,0.0,0.0,0.1552825805951125,31,0,11,37,42,49,0,29,12,14,8,1
-0.00084496450809666,0.0022918279046741986,0.9441221368984061,-0.0036248284589133427,0.0022544711742706093,-0.707122724079624,0.70707795261101,0.009661634795668164,2.9201739730824237e-05,-0.3682553765240699,0.5844937959146624,-0.2143434019039465,-0.0013362065769357595,0.01034983195906293,2.6746245717604437e-05,-0.3586167633861255,0.568534780714192,-0.20805857303802075,-0.0020245600820405006,0.04811310951922855,-0.3011325540926813,0.10300497237872859,-0.4397929675444126,-1.8947555951289066,1.2420270325449547,0.30956435142979605,-0.157239382077491,-0.44023214271148176,-0.05224073259473272,0.5724196481408415,-2.129460980704721,0.7068110418757086,-0.5961686097936211,0.1465216897248466,0.3525723913990477,0.26486729265172,0.0,0.530419801567773,0.7456932319115163,0.3920171379267387,0.6910087677742477,0.591939699367491,0.7097823669667397,0.5322682885052065,0.02811741132926133,0.4121403304166278,0.20609249233277002,0.156040254203342,0.42095561322266195,0.0,0.2048594870294061,0.0,0.0,0.1552825805951125,31,0,11,37,42,49,0,29,12,14,8,1
-0.0008578773339743584,0.002285703844441969,0.9441270761639154,-0.0036476574140224837,0.002348355003566559,-0.7071183519764117,0.7070819019903781,0.009859318789789006,3.665094661256534e-05,-0.36834541465168213,0.5844221536968925,-0.2142796104648387,-0.0013625810041453183,0.010547054054057809,3.429513453142204e-05,-0.35860956167352764,0.5683046713272052,-0.20793565834425776,-0.002050552980632756,0.04778105782187415,-0.29969555474600346,0.10531254831298216,-0.43910460073812463,-1.8969285348550198,1.243267919603885,0.3116544867785724,-0.16480745898017124,-0.4380905274748942,-0.055378873790243976,0.5706816458503944,-2.137308988948902,0.7069735202792778,-0.5971343054106756,0.15081539752046974,0.3525723913990477,0.26486729265172,0.0,0.530419801567773,0.7456932319115163,0.3920171379267387,0.6910087677742477,0.591939699367491,0.7097823669667397,0.5322682885052065,0.02811741132926133,0.4121403304166278,0.20609249233277002,0.156040254203342,0.42095561322266195,0.0,0.2048594870294061,0.0,0.0,0.1552825805951125,31,0,11,37,42,49,0,29,12,14,8,1
-0.0008948679244833004,0.002257628680682933,0.9441545318049035,-0.0035921211343527197,0.002196329303070538,-0.7071420997881004,0.7070589250625615,0.009611312820110091,7.688048464142639e-05,-0.36812024116029907,0.5843823559711874,-0.21428471706605362,-0.0013999122512096621,0.010299503817808286,7.451663997430515e-05,-0.35836666800549827,0.5682100202959588,-0.20789509579266013,-0.0020880483250742647,0.046866170920192386,-0.3005867406081348,0.10769853790156637,-0.4381259488103524,-1.9016736127645741,1.24265924690573,0.3106930298815089,-0.1732792859926675,-0.43556170785282394,-0.05511751441217887,0.5690963298318765,-2.1443278953293197,0.7016267809394673,-0.5982942970968406,0.160235386722094,0.34676161436050545,0.2639653763074594,0.010722238273409443,0.5579999132868079,0.7588265378268009,0.4035472192977262,0.7403982345735234,0.591295803773199,0.7445243849114557,0.5837619504306253,0.027492984882775316,0.41646520394319214,0.22049910320384697,0.13577553296440867,0.4123033878019953,0.0,0.18600359556268262,0.0,0.0,0.16120078264911503,30,0,12,38,46,52,0,30,12,14,7,1
-0.00089001410253255,0.0022307044044503825,0.9441555211587936,-0.0036168537488475224,0.00223639801756656,-0.7071287798238112,0.7070719946637363,0.009688061899004572,7.151050113209906e-05,-0.36804850376193265,0.5842936209379053,-0.21428939678141984,-0.0014067386199250248,0.01037612664892541,6.91482289232885e-05,-0.35824533903296335,0.5680506956297814,-0.2078692123347576,-0.0020948168132236588,0.04640101444315063,-0.29979760704519987,0.1095703660831702,-0.43853739885307597,-1.9043962753896302,1.2429715513079473,0.31047074174887557,-0.1795307820467596,-0.43426165726793947,-0.05674901694322545,0.5685783708105047,-2.1498440982830167,0.6985853141984018,-0.5985230663502181,0.16727058359051103,0.34676161436050545,0.2639653763074594,0.010722238273409443,0.5579999132868079,0.7588265378268009,0.4035472192977262,0.7403982345735234,0.591295803773199,0.7445243849114557,0.5837619504306253,0.027492984882775316,0.41646520394319214,0.22049910320384697,0.13577553296440867,0.4123033878019953,0.0,0.18600359556268262,0.0,0.0,0.16120078264911503,30,0,12,38,46,52,0,30,12,14,7,1
-0.000997005114057316,0.002366200885535538,0.9441426193115566,-0.003704777733783418,0.001824526542041877,-0.7072013136053911,0.707000175218967,0.00934471363125005,0.00018870922761702526,-0.3674164075629752,0.5844222115914571,-0.21431939625923457,-0.0014787861068888224,0.010033151026608837,0.00018715189570606507,-0.3576969439333728,0.5682347075145567,-0.20787414960447909,-0.002166411482141471,0.04411267624003016,-0.3037657620999831,0.10808412689390197,-0.45042793066287395,-1.911002087770595,1.243991614323531,0.3033162384956629,-0.17836519760670516,-0.4281425769861959,-0.05419657831490336,0.5793650845121749,-2.147411519053894,0.6871642342238644,-0.5951845850731552,0.17964605193054067,0.3227433880322331,0.2757073406496391,0.09010251791445213,0.6134691298156507,0.8597101116104546,0.38893385672345804,0.9821522541141301,0.5788014105371921,0.8882971735881351,0.6673161413445812,0.046518469992915104,0.4274898466894484,0.21057898334806907,0.14056696790661619,0.40663251635629294,0.0,0.17903318686253025,0.0,0.0,0.1910634970504319,26,2,19,45,61,62,3,32,11,14,6,2
-0.0009616124412149924,0.002288510004352778,0.9441429425115418,-0.0037445454556678417,0.001750616551867423,-0.7071380895065873,0.7070633890182637,0.009238281192363806,0.00012621630861193994,-0.36706312825187526,0.5843627924225832,-0.21441726463866861,-0.0014717165564413516,0.009927284115120588,0.00012381569690068304,-0.3573546635550065,0.5682582291269813,-0.20800229308893076,-0.002160171670044463,0.04374085455369879,-0.3041491581832885,0.10808082039945664,-0.4556570300017827,-1.9137783263335382,1.2441040145826958,0.29949453638669693,-0.17862716235702003,-0.4274685205251842,-0.053879096424836764,0.5836253482486311,-2.1478091163532724,0.6809473745047455,-0.5935180326683813,0.18760281747096189,0.3227433880322331,0.2757073406496391,0.09010251791445213,0.6134691298156507,0.8597101116104546,0.38893385672345804,0.9821522541141301,0.5788014105371921,0.8882971735881351,0.6673161413445812,0.046518469992915104,0.4274898466894484,0.21057898334806907,0.14056696790661619,0.40663251635629294,0.0,0.17903318686253025,0.0,0.0,0.1910634970504319,26,2,19,45,61,62,3,32,11,14,6,2
-0.0010422129880589322,0.0024621840295971182,0.9440814975615385,-0.004051826810984406,0.0009125447690648185,-0.7071326221550945,0.7070687411034366,0.00854064663475031,0.00015090546270069165,-0.3654109184494811,0.5846608410466252,-0.21468590795724785,-0.001537051953224094,0.009231207153439553,0.00014715550748258934,-0.35597076901118907,0.5689976323972064,-0.2083910220363768,-0.002227110166547823,0.04038367398701159,-0.31170063202241804,0.10019714340189148,-0.4892212013210407,-1.9216568849123135,1.2480411265875122,0.281606915312776,-0.15752942666295902,-0.41892691380791247,-0.05071092977911588,0.6141200750805654,-2.125106134173541,0.6595283651938217,-0.580049655984862,0.20558124500118363,0.29914648418539225,0.2956714463782089,0.17406460100124532,0.6574866128036281,0.9021456456177167,0.35099928251099394,1.1100118462561186,0.5500405137660129,0.910547782809865,0.7277369704077332,0.08464106852569653,0.4420866548157615,0.1736506263559648,0.165848899879795,0.3989638363290027,0.0,0.1891878091566061,0.0,0.0,0.24648509227063403,22,5,26,48,68,65,8,34,10,13,7,4
-0.0010120214405151687,0.0024113024926646844,0.9440817067119184,-0.004059846326230973,0.0008155125647443861,-0.7071005588120283,0.7071008784570851,0.008357808350516029,4.194171167299675e-05,-0.36503736030273387,0.5845177685235913,-0.2148117702106758,-0.0014920146971955579,0.009048765008828086,3.793468938438711e-05,-0.3557184988801907,0.5691005165122032,-0.20863705119133602,-0.0021826267775311146,0.04068318890489696,-0.312005451314881,0.09894655682347142,-0.4927405191221116,-1.9218841441495707,1.2474398010973025,0.2775530254940919,-0.15258028789555192,-0.42107387405268526,-0.04952551032760536,0.6170737701704639,-2.1210905609713215,0.6551273623881944,-0.5777896346759103,0.20937045653159408,0.29914648418539225,0.2956714463782089,0.17406460100124532,0.6574866128036281,0.9021456456177167,0.35099928251099394,1.1100118462561186,0.5500405137660129,0.910547782809865,0.7277369704077332,0.08464106852569653,0.4420866548157615,0.1736506263559648,0.165848899879795,0.3989638363290027,0.0,0.1891878091566061,0.0,0.0,0.24648509227063403,22,5,26,48,68,65,8,34,10,13,7,4
-0.0010947795146449978,0.002764248700665063,0.9439683776538919,-0.0045325702520924585,-0.00016093323184283035,-0.7071146541102178,0.7070843626116985,0.007713810426525004,9.712152536170169e-05,-0.3632160657372409,0.585023882475261,-0.21503468412099316,-0.00155267178233802,0.008406084866701649,9.185049779002167e-05,-0.35429555175562394,0.5702381082491693,-0.20906524660879194,-0.002244411485855643,0.037619029662155655,-0.32053605446782496,0.08613894400616623,-0.5324632916565458,-1.9241253242817165,1.2546918125344773,0.26098176979195814,-0.11612165901347886,-0.4127366379170321,-0.04994267502518251,0.6574799955125322,-2.0791499109692353,0.6381421802656039,-0.5550258381568034,0.21485685155169026,0.29361052669086896,0.3157989149247654,0.0,0.6512637460753974,0.857155019398705,0.2979701671761331,0.9911220247389047,0.5000555668058956,0.8286166521071551,0.7152828070109848,0.12559150187243673,0.45292062906788355,0.39311906027663157,0.20251879106297146,0.7101767241112278,0.0,0.5528565152476432,0.0,0.24002986113243913,0.3126835632964793,21,9,14,43,59,60,13,36,23,33,27,18
-0.0010467215436204063,0.0027203844466850502,0.9439666058989028,-0.004501560000130645,-0.0003438991717638248,-0.7070877275297482,0.7071114221024445,0.007315965775632038,-4.699959348444669e-06,-0.362759942755273,0.5848838235811771,-0.21517919779715636,-0.0014817892532943818,0.008008956027624178,-1.0256288106606556e-05,-0.3540625466894178,0.5705078255009155,-0.20938760000830287,-0.0021743183032450633,0.03809105394547475,-0.32181439742075835,0.08333593072258892,-0.5358624854207116,-1.9228332443061902,1.2543788148959791,0.2573218086126979,-0.10649824346445494,-0.4158208142797066,-0.04682317747309835,0.6612084166057877,-2.0698797208942348,0.634512574648064,-0.5510815721563128,0.21400013353592776,0.29361052669086896,0.3157989149247654,0.0,0.6512637460753974,0.857155019398705,0.2979701671761331,0.9911220247389047,0.5000555668058956,0.8286166521071551,0.7152828070109848,0.12559150187243673,0.45292062906788355,0.39311906027663157,0.20251879106297146,0.7101767241112278,0.0,0.5528565152476432,0.0,0.24002986113243913,0.3126835632964793,21,9,14,43,59,60,13,36,23,33,27,18
-0.0010831834934110446,0.0031102557357397297,0.9438154050633666,-0.0048674875946175,-0.0015599450043252922,-0.7070836066604702,0.7071114815417165,0.006066828506521949,-2.508845475112776e-05,-0.3606548601286309,0.5852827306072907,-0.21543739442587037,-0.001442055591339672,0.006761970379658464,-3.217846035726009e-05,-0.3528430935250761,0.5723740665692449,-0.21019185793563244,-0.0021367246795066844,0.03590795111556268,-0.3315177328914334,0.06451034167016856,-0.5768865262301709,-1.9170729371717214,1.2643807730062497,0.2448763557753887,-0.052996598461157354,-0.4088805225896875,-0.04082906902550714,0.7052738155108117,-1.9978075923946588,0.6184584253794453,-0.5181796525113024,0.20349482046643896,0.30783077130441794,0.32834860019147555,0.0,0.5939118341557821,0.7544728140077009,0.24474968521543727,0.8084586053921037,0.43400583273890525,0.7384228883794087,0.6342662288363199,0.14604505028314332,0.45202140925731726,0.775882890114963,0.2350768610613745,1.1349118478290836,0.0,0.9696013471169437,0.1207099206743637,0.5588929109985908,0.35841998615816084,24,11,13,34,45,53,16,35,44,59,54,36
-0.0010728804225779395,0.00312026987159454,0.9438103600919346,-0.004845248194571759,-0.0016641306714047484,-0.7070890837873274,0.7071059198082276,0.0058446577941463195,-4.688736876435428e-05,-0.36036897824216085,0.5850896006127042,-0.21548443369133177,-0.0013840090948947492,0.006540142367675296,-5.416638158046636e-05,-0.3528799280394924,0.5727105343200865,-0.21045608647199482,-0.0020792210151667455,0.0360654584319876,-0.33284396566491403,0.06189375647409064,-0.5767529351891535,-1.9148962418550572,1.2636906454869787,0.24349240424045865,-0.04451896128885806,-0.4122806728287754,-0.0357231474036722,0.7057316498671499,-1.987111043965985,0.6161371112283048,-0.5151773058939972,0.19820951019720898,0.30783077130441794,0.32834860019147555,0.0,0.5939118341557821,0.7544728140077009,0.24474968521543727,0.8084586053921037,0.43400583273890525,0.7384228883794087,0.6342662288363199,0.14604505028314332,0.45202140925731726,0.775882890114963,0.2350768610613745,1.1349118478290836,0.0,0.9696013471169437,0.1207099206743637,0.5588929109985908,0.35841998615816084,24,11,13,34,45,53,16,35,44,59,54,36
-0.0012028414025864738,0.00356292552733516,0.9436708955096461,-0.005159515884210515,-0.0024319648137253436,-0.7071118573942989,0.7070786986434892,0.0053270900668088966,6.283076409371624e-05,-0.3592590373171789,0.585449714829107,-0.2154043153815365,-0.0014754852833903638,0.006023433989317859,5.4607706807863405e-05,-0.3524378368682855,0.5741346727504807,-0.21075879891379312,-0.0021714753830699494,0.03337388477309462,-0.33755762047554855,0.04933758427269191,-0.6047670154784216,-1.9084791657538294,1.2727123894556829,0.24067864062451189,-0.010977445053772258,-0.4069048021677762,-0.032715722574213256,0.7345580912882246,-1.939573584227658,0.610547871252485,-0.49401751648451353,0.1812406656141422,0.33070257811351783,0.33082482097432747,0.01619932581226293,0.5176184223696327,0.7153107322790166,0.20586494503154124,0.7649582460081998,0.3699668925031375,0.7077978403407595,0.5344039082845318,0.14098548040795192,0.43365989102786745,0.5382886534069745,0.23654656791789389,0.7836326232327159,0.0059944729423146844,0.5401736264524208,0.22339627994898748,0.0,0.3637337021523814,28,11,12,30,41,48,15,33,31,37,32,7
-0.001172223260081889,0.0035464776165187615,0.9436669325399792,-0.005135225640615578,-0.0026121992535227674,-0.7070918363495301,0.707098254021695,0.004966799752917879,-5.207926061390528e-06,-0.35888054770891775,0.5853637873644896,-0.21547904276791993,-0.0014288266624309142,0.005663593286873134,-1.3678956591182826e-05,-0.3523890129032502,0.574624143499109,-0.21107628675842185,-0.0021253661005431017,0.033601196862155125,-0.3393249250645176,0.04611107815231412,-0.6065345510304198,-1.9060329036924133,1.2733774136930354,0.24060799401162566,-0.0018135676262582296,-0.40938694622347993,-0.027342975731658135,0.7364664385404268,-1.9266195804564348,0.6089581318038138,-0.4903310590698174,0.1729411527351419,0.33070257811351783,0.33082482097432747,0.01619932581226293,0.5176184223696327,0.7153107322790166,0.20586494503154124,0.7649582460081998,0.3699668925031375,0.7077978403407595,0.5344039082845318,0.14098548040795192,0.43365989102786745,0.5382886534069745,0.23654656791789389,0.7836326232327159,0.0059944729423146844,0.5401736264524208,0.22339627994898748,0.0,0.3637337021523814,28,11,12,30,41,48,15,33,31,37,32,7
-0.0013004532710408738,0.003854332334833256,0.9435720252264473,-0.005188206699061967,-0.003232806941650953,-0.7071153887552021,0.7070717491571176,0.004249035302380403,6.236163770118615e-05,-0.35809159737205315,0.585395923528406,-0.2153905153778593,-0.001489271899160783,0.004946773273646709,5.321544704434227e-05,-0.352397099620093,0.5759405357855822,-0.2114629275860284,-0.002186804429704727,0.03138391818236886,-0.3411674625898207,0.037658612094376515,-0.6238820207050108,-1.8993093938601529,1.2808820439835504,0.24154190011171645,0.022050965214474555,-0.40968860318006733,-0.017436258030576378,0.7507139486675737,-1.900281534216836,0.6059402863881386,-0.48275706763125614,0.1511630582309343,0.350330952307174,0.3270234415036063,0.022171371273689486,0.45770961182249204,0.7002648422095192,0.18624699045351947,0.7542381893963552,0.32596620830921075,0.6979554225432804,0.4608863815871558,0.13252984887422994,0.3979112108038324,0.22300605923482658,0.23587804572785623,0.4421493208625543,0.015318493045366432,0.21162722809681686,0.2826943997908555,0.0,0.34167336872570375,31,10,10,29,39,46,14,27,15,16,15,6
-0.0013006062917262072,0.003857502722203386,0.9435674547884069,-0.005193655157764497,-0.003306463306898354,-0.7070992266207166,0.7070875313275488,0.0041364756678493346,1.1966139911402248e-05,-0.35787725559594613,0.5852858393313557,-0.21538862333956277,-0.0014761338656569662,0.004834347034881981,2.667948811790637e-06,-0.35251225744446074,0.5763978113224871,-0.21170824939911015,-0.002173934656004715,0.031411913208918264,-0.342521385403811,0.03546804474803056,-0.6246721791324132,-1.8973458608635922,1.2817132522093704,0.24219095378584454,0.028624005902204375,-0.4111154652941297,-0.012901381733844365,0.7513924761241961,-1.8911275218191532,0.6046187459180409,-0.48180009116849226,0.14232778625586645,0.350330952307174,0.3270234415036063,0.022171371273689486,0.45770961182249204,0.7002648422095192,0.18624699045351947,0.7542381893963552,0.32596620830921075,0.6979554225432804,0.4608863815871558,0.13252984887422994,0.3979112108038324,0.22300605923482658,0.23587804572785623,0.4421493208625543,0.015318493045366432,0.21162722809681686,0.2826943997908555,0.0,0.34167336872570375,31,10,10,29,39,46,14,27,15,16,15,6
-0.001426211097018267,0.0040040982603746205,0.9435096855335735,-0.0049501922618856295,-0.0035556985975441838,-0.7071621478362707,0.7070251404806241,0.003559642501973652,0.00010170729982217221,-0.3579141595443001,0.5850980188578134,-0.21524475162087137,-0.0015432460290279227,0.004258110485687788,9.233031579451224e-05,-0.3529982710785108,0.5768860143427283,-0.2117991420607334,-0.0022414228749810983,0.029774355677896717,-0.3410249686889537,0.034368046230943985,-0.6291843522515231,-1.8943576734148624,1.2848881050290417,0.24261900243166015,0.03607429771068079,-0.41098763015858325,-0.006861419120200355,0.7527979700789705,-1.8859882088476017,0.6013504401129985,-0.48483414428195204,0.132158995043841,0.3618309791084422,0.3220890466423679,0.052991739108929396,0.4305040303076426,0.7005495054105196,0.1817944024589404,0.7548129961322072,0.3073560679278143,0.6730810424037348,0.42383859171433746,0.14338207927032792,0.35395122768806203,0.16088019184546243,0.259739794562041,0.3968759163981344,0.032240664420635334,0.19728102307115145,0.3183834508409962,0.0,0.32205782270204975,33,10,12,28,39,44,15,20,12,14,15,6
-0.001431973628517769,0.004006077720268655,0.9435064944845711,-0.004986774354873612,-0.003582375184349692,-0.707121682869318,0.7070652192588998,0.003552429869562821,6.771944348950667e-05,-0.3577857707087516,0.5850164345881463,-0.21516368384468418,-0.0015579367999260765,0.004250969259281109,5.8287165308876504e-05,-0.3532039796484715,0.5773953066988586,-0.21196661841632838,-0.00225642988522417,0.029446722660169962,-0.34111287037673543,0.03363175092881829,-0.6301545636633641,-1.892887497612011,1.286500964504425,0.2428073007704897,0.04101759122255119,-0.411175465557758,-0.0032431725330176898,0.7531279582352387,-1.8804414454735807,0.5985465671421829,-0.4872903897909838,0.12345906433596543,0.3618309791084422,0.3220890466423679,0.052991739108929396,0.4305040303076426,0.7005495054105196,0.1817944024589404,0.7548129961322072,0.3073560679278143,0.6730810424037348,0.42383859171433746,0.14338207927032792,0.35395122768806203,0.16088019184546243,0.259739794562041,0.3968759163981344,0.032240664420635334,0.19728102307115145,0.3183834508409962,0.0,0.32205782270204975,33,10,12,28,39,44,15,20,12,14,15,6
-0.001533858334069055,0.0039543233525906945,0.9434759892919765,-0.004530760666810072,-0.003667710247954799,-0.7071551857037278,0.7070343438911886,0.002883809917437661,0.00011177754106220781,-0.3581239403561264,0.5846569908474423,-0.21502551056315006,-0.0016208433608582498,0.003582932304599897,0.00010252969293804376,-0.35399384306002746,0.5777524855684297,-0.21208688349472954,-0.002319675607734331,0.028134330021368576,-0.3376992643345914,0.03670526953853626,-0.6277707805843686,-1.890947508276642,1.2884803236313163,0.24205832823502355,0.04371973891826519,-0.4118860364398038,0.0026546092390545726,0.74731166016726,-1.8839138244965588,0.5922771646578201,-0.497073432815053,0.11279278313688121,0.36645924321888074,0.31825991643654,0.07549938296960064,0.4310063098864278,0.6915418611409768,0.18777645738362714,0.738757834516159,0.30973852962324916,0.6389337279483434,0.40890887075985277,0.1721147540675023,0.31945540588763227,0.21459358969350642,0.30582178388897113,0.46241409446136517,0.05747002707674408,0.2869333856649292,0.34935752109681295,0.0,0.3220026964776255,34,9,13,28,38,41,19,15,16,18,21,6
-0.001566723759795595,0.003978082134109672,0.9434714639941394,-0.004591070818356212,-0.0035924456879421127,-0.7071309517525463,0.7070585785324001,0.0030849333055751054,8.83132084313313e-05,-0.3581616514763404,0.5845554690897369,-0.2149000194763516,-0.0016536681471242577,0.0037839723607321868,7.915891930098773e-05,-0.3543602480465289,0.5782157731006334,-0.21220636621024133,-0.002352745392369164,0.027604302000856066,-0.33646224636688943,0.038483309840838614,-0.6259602715807844,-1.890614405772194,1.2900156057032859,0.24086155690533786,0.045788324430633146,-0.4113093359988677,0.0042639088973828315,0.745108054044323,-1.8833245403805716,0.5866686659100048,-0.5033890654714132,0.10392969857586669,0.36645924321888074,0.31825991643654,0.07549938296960064,0.4310063098864278,0.6915418611409768,0.18777645738362714,0.738757834516159,0.30973852962324916,0.6389337279483434,0.40890887075985277,0.1721147540675023,0.31945540588763227,0.21459358969350642,0.30582178388897113,0.46241409446136517,0.05747002707674408,0.2869333856649292,0.34935752109681295,0.0,0.3220026964776255,34,9,13,28,38,41,19,15,16,18,21,6
-0.0016501242079243602,0.0037963291271261605,0.9434621502863303,-0.004037006724015783,-0.003540891268368404,-0.7071322478524461,0.7070609229146259,0.002461958153679791,7.900871812846925e-05,-0.35870693242157653,0.5841141495976502,-0.21477166708439216,-0.0017170655917683143,0.00316146493384964,7.024095657371927e-05,-0.35531654664770806,0.5784610955203624,-0.21234147476972046,-0.0024163497911812264,0.026942661970027326,-0.3309034862416027,0.04569708322282373,-0.6172101599160982,-1.889064573772356,1.291282953465551,0.23884734648445294,0.04446540907146129,-0.4138977846856069,0.009120190689341381,0.7353055306969845,-1.8975209401056725,0.5764937640836979,-0.5174350414634336,0.08952439477713972,0.3665999167565915,0.31545340954604056,0.07942031749408346,0.4452012646791154,0.7134407167052599,0.20452682727397598,0.7433094612191424,0.32884421261251806,0.671829780956395,0.40130401742330796,0.20343416389576496,0.31228458975611967,0.2980697731165444,0.35510596370112024,0.5886888229227876,0.08616760330266084,0.40238068485892453,0.38508172307808874,0.0677619369697818,0.3399324726100095,34,8,14,30,38,43,23,14,22,27,28,10
-0.0017113152580260761,0.0038418688989093814,0.9434559206488673,-0.0041038177958347,-0.0033595122468704575,-0.7071437705834096,0.7070498992872002,0.0028614155603517207,9.69853981590597e-05,-0.3589384042964042,0.5840013379546074,-0.2146101439811602,-0.0017747009638932837,0.003560733427697272,8.844580634242126e-05,-0.3558506421658275,0.5788311160267384,-0.21239263955440726,-0.00247412872171054,0.026039678759039998,-0.3283967896652044,0.049912402358066515,-0.6126066184026433,-1.8894784399533575,1.2930555701856652,0.2361497086321512,0.04406666759245965,-0.4125226257697037,0.008111447014479453,0.7318050660526689,-1.9032130677757646,0.567080047973371,-0.5259346704875336,0.07838288179715194,0.3665999167565915,0.31545340954604056,0.07942031749408346,0.4452012646791154,0.7134407167052599,0.20452682727397598,0.7433094612191424,0.32884421261251806,0.671829780956395,0.40130401742330796,0.20343416389576496,0.31228458975611967,0.2980697731165444,0.35510596370112024,0.5886888229227876,0.08616760330266084,0.40238068485892453,0.38508172307808874,0.0677619369697818,0.3399324726100095,34,8,14,30,38,43,23,14,22,27,28,10
-0.001889503320586448,0.0036521206907232295,0.9434529574212611,-0.0036726755765170804,-0.0028252530619644256,-0.7071452345350704,0.7070531427506606,0.0032364933512631427,0.00011567858705193072,-0.3601825506504527,0.5835335133239653,-0.21421206627700423,-0.001988296525231973,0.003935670728842926,0.00010815566160996488,-0.35783184110469846,0.5795792378555997,-0.2125256069165207,-0.002687690730572091,0.023273416804620375,-0.3153163063193172,0.07071318618965862,-0.5878524472257001,-1.8877872785928786,1.2997238282781722,0.2268989911950573,0.03555575187861951,-0.40953517058118355,0.00046430306781147963,0.7092596934211343,-1.9417627170508651,0.5280051712542307,-0.5588166919227664,0.037146536975870934,0.3643225587887117,0.31307674234372235,0.05380310777159652,0.46392883953923225,0.7388159190736654,0.2368634586235322,0.7481794010711047,0.3634616664085193,0.7159619495295209,0.39633065808651885,0.2325911282340991,0.3392974083817326,0.38686844281329413,0.40461905217131466,0.6910005298201782,0.12282862821323719,0.48653419565807643,0.4381942302446099,0.09514627510662048,0.3736693641651483,33,8,13,33,40,45,27,18,28,34,34,12
-0.0019032236129203405,0.003642492094271764,0.9434542283346798,-0.0037396952302770014,-0.002792516367170002,-0.7071290232086931,0.7070691345744371,0.0034181077581719233,8.027183144112992e-05,-0.3601968725463235,0.5836505863468651,-0.21421446241944794,-0.0020428143181381105,0.004117136619343987,7.277667729374643e-05,-0.35793774699788605,0.5798687311035194,-0.21262827610292753,-0.002742033746655233,0.02285808767822993,-0.3140766858838728,0.07344098061175643,-0.585945898678677,-1.8886042921145618,1.30231997480142,0.22393850293950734,0.03461748539768374,-0.4070046497983433,-0.004413507499329855,0.7081430707118114,-1.9454065655808392,0.517236308925783,-0.5633724371123956,0.02777800018497799,0.3643225587887117,0.31307674234372235,0.05380310777159652,0.46392883953923225,0.7388159190736654,0.2368634586235322,0.7481794010711047,0.3634616664085193,0.7159619495295209,0.39633065808651885,0.2325911282340991,0.3392974083817326,0.38686844281329413,0.40461905217131466,0.6910005298201782,0.12282862821323719,0.48653419565807643,0.4381942302446099,0.09514627510662048,0.3736693641651483,33,8,13,33,40,45,27,18,28,34,34,12
-0.0019602941819357603,0.003399883902463373,0.9434498671935079,-0.00325816046697049,-0.002360051329258146,-0.7071329732670393,0.7070691427764412,0.0034071538196089554,7.877027271997294e-05,-0.36138936040733305,0.5834171264022342,-0.21407890321876477,-0.0021124513234422756,0.0041062527100491795,7.215059628098595e-05,-0.3595112980427682,0.5802647423977207,-0.21276557048807979,-0.002811731563539732,0.020801704011041495,-0.30072180583276387,0.09472281658559911,-0.5596949362681335,-1.8809225830165825,1.3101293755936427,0.21801298770564786,0.021325012984154453,-0.4014895192575917,-0.018910769691171028,0.6792977280860659,-1.97873674257834,0.47353130383632613,-0.5903498887421469,-0.0055568119369369,0.3643608862190855,0.31072906506027975,0.037132996846900634,0.4894254731903452,0.7636306613126703,0.2911029947012362,0.7485271579245646,0.41310442411549064,0.761217237476305,0.39608676577684515,0.2689172070079252,0.39328632390549645,0.46446253504455337,0.48210134733733745,0.7700777504899047,0.2106011315762769,0.5543932951073167,0.5294265085105243,0.17276740248799305,0.43777028976930055,33,8,12,36,41,48,32,26,34,41,40,18
-0.0019629908453666907,0.0033840818202611716,0.9434511762409908,-0.003329682178969417,-0.0023450341103847883,-0.7071193930433429,0.7070824407476277,0.003552142594176526,4.726041973080172e-05,-0.361371035729491,0.5835759430797173,-0.21414078032510997,-0.002140856134575181,0.004251108895285563,4.063099919071764e-05,-0.35951085724346277,0.5804707380640916,-0.21286934710664876,-0.0028399869919828896,0.02057395603489736,-0.2998169188601962,0.09719206855011317,-0.558087637398508,-1.88094324787006,1.3131311551104254,0.2153234639936021,0.019496501600579665,-0.39914655626100415,-0.024195630297211293,0.6773797764242832,-1.982541396096103,0.4616853073302911,-0.5938189143247835,-0.013869510724292676,0.3643608862190855,0.31072906506027975,0.037132996846900634,0.4894254731903452,0.7636306613126703,0.2911029947012362,0.7485271579245646,0.41310442411549064,0.761217237476305,0.39608676577684515,0.2689172070079252,0.39328632390549645,0.46446253504455337,0.48210134733733745,0.7700777504899047,0.2106011315762769,0.5543932951073167,0.5294265085105243,0.17276740248799305,0.43777028976930055,33,8,12,36,41,48,32,26,34,41,40,18
-0.0019534653613396125,0.003368732549182704,0.9434528794501738,-0.003372338828458517,-0.002351815809336667,-0.707109827208446,0.7070917822733246,0.003601547723696529,1.7937565791718098e-05,-0.36134312198137164,0.5837095677432839,-0.21422083467306094,-0.002151237640961437,0.004300455578303282,1.1272686967466785e-05,-0.3594911953848752,0.5806315897008322,-0.2129772727636282,-0.002850269649858999,0.020498193850185885,-0.2992585014122942,0.09896494904180568,-0.5573308224269083,-1.8809776675756447,1.3157781429107742,0.2130143044202613,0.018082846120164735,-0.3973679455776758,-0.028649653340866877,0.6760419686544704,-1.9850360426846212,0.4512321439170333,-0.5963195210392932,-0.02140970719344414,0.3643608862190855,0.31072906506027975,0.037132996846900634,0.4894254731903452,0.7636306613126703,0.2911029947012362,0.7485271579245646,0.41310442411549064,0.761217237476305,0.39608676577684515,0.2689172070079252,0.39328632390549645,0.46446253504455337,0.48210134733733745,0.7700777504899047,0.2106011315762769,0.5543932951073167,0.5294265085105243,0.17276740248799305,0.43777028976930055,33,8,12,36,41,48,32,26,34,41,40,18
-0.0019654251094297784,0.003160481157319098,0.9434261210464426,-0.0029375551162105257,-0.002006572295283655,-0.7071285087908253,0.7070761037489719,0.0034692774057757518,5.733784074364823e-05,-0.3624711418095461,0.5836839315212423,-0.214155830547305,-0.0021419605928151785,0.004168346662649057,5.144675621769767e-05,-0.36081208864420533,0.5809034880463773,-0.21302108954027643,-0.0028411704881438076,0.018819849824862955,-0.28637941015950474,0.12082880806057053,-0.5312410090073844,-1.8647464203074875,1.3221681225943822,0.21193940527006408,0.0015419134312294638,-0.38650529360248703,-0.04540407067539518,0.6457689386500571,-1.9977781581877663,0.40314980717821564,-0.6116742889899454,-0.04040838254680018,0.3749994185015693,0.30928852265556117,0.05551333845233324,0.5345472783559369,0.7563484669949416,0.37302806911144176,0.7529344633517006,0.47856675016942973,0.7836028304623843,0.40324484100481817,0.31930020248389873,0.46175091297883863,0.5599427614502505,0.6223089083177367,0.882892237960559,0.38559939646087654,0.6602023800263163,0.6718026498131727,0.33802496736391985,0.5565818332695625,35,7,15,37,43,49,39,37,43,53,50,30
-0.001964498081040017,0.003138740317812443,0.9434260072157447,-0.003023723054910515,-0.0020204238059961482,-0.7071167366721385,0.7070874738705792,0.003585042917314686,3.355691989167523e-05,-0.3623690834547126,0.5838718472149732,-0.21428686982129463,-0.002156467168571846,0.004284005104494537,2.758937279753741e-05,-0.36069464810131313,0.5810804847657074,-0.21316310434187632,-0.0028555621278352735,0.018636743032306786,-0.2859607180747483,0.12282192345928702,-0.5299171298011033,-1.863649340308335,1.3250230907989005,0.20975060360275943,-0.0009250294446958994,-0.3851768625495922,-0.04970671267491649,0.6432025839086011,-1.9996676232213935,0.3909671929938479,-0.6132310426351786,-0.047033687454298825,0.3749994185015693,0.30928852265556117,0.05551333845233324,0.5345472783559369,0.7563484669949416,0.37302806911144176,0.7529344633517006,0.47856675016942973,0.7836028304623843,0.40324484100481817,0.31930020248389873,0.46175091297883863,0.5599427614502505,0.6223089083177367,0.882892237960559,0.38559939646087654,0.6602023800263163,0.6718026498131727,0.33802496736391985,0.5565818332695625,35,7,15,37,43,49,39,37,43,53,50,30
-0.001982496613272562,0.00300389272052664,0.9433691093917077,-0.0027482576180039857,-0.0018717524553090524,-0.7071341676263263,0.7070715753007145,0.003411095667785591,7.177497569825871e-05,-0.36316656952810444,0.5841822697449243,-0.21434184698573241,-0.0021660464208051035,0.004110269547846104,6.628940701508377e-05,-0.3616316470622397,0.5816012123406229,-0.21328686139123215,-0.0028653414783714297,0.016775858988907898,-0.27349874206857394,0.14812621244730967,-0.5054352982370276,-1.8372700930357446,1.3278605802944843,0.21236274330434773,-0.018538442683752775,-0.3690566222603708,-0.07039378998441422,0.614542068479454,-1.990202091146277,0.3342095810903761,-0.6094873376126346,-0.05446688291285649,0.4033503897913326,0.31255759415771667,0.11001897615444252,0.616993141561645,0.7476477737809473,0.4850549593038411,0.7761857571000617,0.5620077390281013,0.8379234283571971,0.4170479955603718,0.3765872317885712,0.5386470480422253,0.6312833564249064,0.8272693975509557,1.016392996044381,0.5923076496803964,0.7869629557916163,0.84884557664313,0.5177750831232918,0.7351307698044807,40,8,21,39,47,53,46,49,52,66,61,44
-0.0019772843025713223,0.0029767462020301814,0.9433668904309552,-0.0028537380622727327,-0.001914797648306145,-0.7071203947084606,0.7070848160697478,0.0035042205333557816,4.526163584485454e-05,-0.3629722016948269,0.5844007657878078,-0.21455238283072994,-0.002172094964107417,0.0042033103259224896,3.961690266525326e-05,-0.36141988992199386,0.5818074446309356,-0.2135060335485201,-0.002871299061944659,0.016545521424078134,-0.2735625847754848,0.14974014777227743,-0.5043102802537172,-1.8348883414542974,1.3302427468363243,0.21034667496176668,-0.021318426267518266,-0.36883254512392455,-0.07381182935770535,0.6110497597321526,-1.9899562229084211,0.3207062783454742,-0.6076521760378419,-0.06025329545461719,0.4033503897913326,0.31255759415771667,0.11001897615444252,0.616993141561645,0.7476477737809473,0.4850549593038411,0.7761857571000617,0.5620077390281013,0.8379234283571971,0.4170479955603718,0.3765872317885712,0.5386470480422253,0.6312833564249064,0.8272693975509557,1.016392996044381,0.5923076496803964,0.7869629557916163,0.84884557664313,0.5177750831232918,0.7351307698044807,40,8,21,39,47,53,46,49,52,66,61,44
-0.002004210311857876,0.0029557765477384148,0.9432727450739895,-0.0027401840886857516,-0.002041825530690459,-0.7071389817720687,0.707066321357498,0.0031697727768957144,8.109777806843095e-05,-0.36333438270492385,0.5850288225235966,-0.2147146381488371,-0.002184287016452608,0.0038692295145960525,7.55503280573555e-05,-0.3619656545959097,0.5827169189577379,-0.21375616825823954,-0.002883844416691144,0.014684806641286045,-0.26225368515703645,0.17947949412967057,-0.4853749444801771,-1.796409504590615,1.3235760090492106,0.2170100970458655,-0.03285494980143324,-0.34870530593965393,-0.09762716183033154,0.5872547401630327,-1.9510164761495952,0.2569353314091264,-0.5716479092642639,-0.05483122747787742,0.449319098523162,0.32779199723972197,0.21600081376280444,0.7483761345843895,0.7414862902825091,0.6210328021084948,0.8263908511653794,0.6600402738453911,0.9743695866333921,0.43361772387313924,0.425463554334468,0.6251859875965404,0.6484723013763426,1.0506878344547972,1.1701221899719871,0.7711005047049271,0.942849760647123,1.0132438199351912,0.6881551195406519,0.9368692765187631,47,10,31,42,53,61,53,62,59,80,74,59
-0.0019952032385194764,0.002928837292918238,0.9432680227438781,-0.0028680553096143142,-0.002111512479630533,-0.7071234658500605,0.7070811267584423,0.003248916726121214,5.459164381944599e-05,-0.36304264641352985,0.5852617427154966,-0.21499834938313359,-0.002180838418659038,0.003948308748628681,4.8793804638608054e-05,-0.36167745296107223,0.5829734259153738,-0.21406165726239867,-0.002880330045564101,0.014397890598992663,-0.26292506011732153,0.18032327184243577,-0.4844048288622518,-1.7925016776735831,1.3241837832199324,0.21523015156601213,-0.03468377316208485,-0.3501212287240226,-0.09950971001021086,0.5824388545305982,-1.9475018620746205,0.24265195499003148,-0.563857529197904,-0.059705090729601576,0.449319098523162,0.32779199723972197,0.21600081376280444,0.7483761345843895,0.7414862902825091,0.6210328021084948,0.8263908511653794,0.6600402738453911,0.9743695866333921,0.43361772387313924,0.425463554334468,0.6251859875965404,0.6484723013763426,1.0506878344547972,1.1701221899719871,0.7711005047049271,0.942849760647123,1.0132438199351912,0.6881551195406519,0.9368692765187631,47,10,31,42,53,61,53,62,59,80,74,59
-0.0020403789615702776,0.0030085289282285876,0.9431283613780551,-0.003049284519113484,-0.002610027562029709,-0.7071184691218723,0.707083701019043,0.002816911772639156,4.6757697457017196e-05,-0.36257787059943564,0.5863573154588378,-0.2155545745861436,-0.0021963241947044357,0.0035167705699808037,4.0345997822517125e-05,-0.3615808166798776,0.5846818004161543,-0.21484738882099483,-0.002896301332049546,0.012272970722284638,-0.2542755828426998,0.2144803717112401,-0.47319049630652266,-1.7348776290937087,1.297873142708267,0.22335819973430995,-0.02850215951863843,-0.3310064404139275,-0.12373216481350438,0.5544928690751099,-1.868785941884996,0.16096986420059795,-0.47856758246203185,-0.039498374768969224,0.504638914868034,0.3638941677238097,0.39367805432946024,0.9196750781262784,0.8917182632681392,0.7625802959888813,1.0109732425714555,0.75754261254251,1.228260241819932,0.4506440739514597,0.45801089055797123,0.7182961354178455,0.6805549262332099,1.2228674711372425,1.309,0.8646784793055831,1.1774306514949582,1.1137052945658963,0.9180728745995937,1.094616480183848,57,16,48,57,67,75,57,76,66,91,89,75
-0.002029948183164517,0.0030242865684538215,0.9431224854529958,-0.003128401313388029,-0.002627516485767008,-0.7071068252222695,0.7070949349178107,0.002900486296829549,1.3915468380114246e-05,-0.3624750599593184,0.586495367977014,-0.21575416305558176,-0.002193589029472825,0.003600282467773994,7.306968675857979e-06,-0.36148982839949495,0.5848546966260884,-0.2150788259972555,-0.002893485549506152,0.01226718742456332,-0.2555589420788662,0.2134060827954164,-0.4726380174941932,-1.7306559504949426,1.2956855122014919,0.22135247548916223,-0.027497210568648005,-0.33407850954706053,-0.12365607653490164,0.5490534692299226,-1.8629122444410555,0.14937232668060055,-0.4666778577570914,-0.04361065199336171,0.504638914868034,0.3638941677238097,0.39367805432946024,0.9196750781262784,0.8917182632681392,0.7625802959888813,1.0109732425714555,0.75754261254251,1.228260241819932,0.4506440739514597,0.45801089055797123,0.7182961354178455,0.6805549262332099,1.2228674711372425,1.309,0.8646784793055831,1.1774306514949582,1.1137052945658963,0.9180728745995937,1.094616480183848,57,16,48,57,67,75,57,76,66,91,89,75
-0.0020966388085334247,0.0032473036136633354,0.9429332132229596,-0.0034443908537864004,-0.003337061671223766,-0.7070946942850669,0.7071026046515155,0.0023773096731847347,-1.8294831156923436e-05,-0.36173272570732695,0.5878522401859986,-0.2163853041254506,-0.0022191424696770944,0.003077644162160789,-2.5898219500666217e-05,-0.36134907602809274,0.5872192720395847,-0.21610988330615924,-0.0029196038175102555,0.010831822491248809,-0.2498161048301736,0.24641662553747087,-0.47137582907490155,-1.653682450443283,1.2352939733735167,0.22788139855853737,0.013595803041168347,-0.318463306386215,-0.14161471974386317,0.5181303863389315,-1.7396339393224804,0.06614030732821978,-0.3425821481166847,0.0052773193106086065,0.5570827253115924,0.426474815556366,0.5263456620415502,1.0896488193470666,1.211199229502667,0.8789974833748562,1.309,0.8310313238539355,1.309,0.4678337781211206,0.4822774074256323,0.8019531960379138,0.8240532793383057,1.25,1.309,0.858879526872723,1.3004243878554342,1.1244674834258839,1.1446157039372467,1.1480713860430254,65,27,62,84,88,80,60,89,74,91,97,89
-0.002086344097449831,0.003292477357021572,0.9429264376664309,-0.0034862405050950685,-0.0033201774672912796,-0.7070908882390557,0.7071062850222943,0.002457961750998968,-3.598569771949888e-05,-0.3617944705366233,0.5879576894623898,-0.21647842203296677,-0.002221544979284888,0.0031582443656043703,-4.3697521847879686e-05,-0.3614190727902086,0.5873444842628808,-0.2162261750772337,-0.002921929562457329,0.011021694239727018,-0.25130962278860275,0.24379123145178253,-0.4703678694792716,-1.6493644708545567,1.2299610106168992,0.2254783198924929,0.017549763530803814,-0.3224501948411897,-0.14054793546163644,0.5130808307293577,-1.7326699004352322,0.0588073212383412,-0.3301838993308163,0.003351350852442225,0.5570827253115924,0.426474815556366,0.5263456620415502,1.0896488193470666,1.211199229502667,0.8789974833748562,1.309,0.8310313238539355,1.309,0.4678337781211206,0.4822774074256323,0.8019531960379138,0.8240532793383057,1.25,1.309,0.858879526872723,1.3004243878554342,1.1244674834258839,1.1446157039372467,1.1480713860430254,65,27,62,84,88,80,60,89,74,91,97,89
-0.002159732140093277,0.0035562588621519346,0.9426887246750149,-0.0037625441473217278,-0.004142424781991801,-0.7070788718128009,0.7071125459319771,0.0017070253414095495,-5.959960039275314e-05,-0.36111344602151535,0.5894957265255756,-0.21702793127441686,-0.0022290642239497613,0.0024079392778219785,-6.829944795356398e-05,-0.36151577234384163,0.5901799870388723,-0.21728077918060787,-0.0029301217489369627,0.010262548059690114,-0.2456306493394468,0.2745325684320535,-0.47861057589643574,-1.5584636972002628,1.136261448271495,0.22891202202943256,0.09056843770557549,-0.30559619935344395,-0.15262294585281788,0.4873932878879995,-1.5774906366301975,-0.003619312362187015,-0.21087415817316232,0.09098774572751422,0.595473807843208,0.5100154190820951,0.47719720775868235,1.1918079582878942,1.0374392408157722,0.9323870266535462,1.1442112064298047,0.8578332543460299,1.309,0.47827279309016263,0.5127774724365463,0.8513081053180002,0.8264853607443748,1.2445647848061514,1.309,0.7834813555464455,1.1985435852970683,1.051623592733254,1.1205695872475274,1.0764169634155683,72,40,61,72,79,81,64,97,74,89,89,85
-0.0021525785241702376,0.003610562721303528,0.9426777618910798,-0.0038022857941815594,-0.004117568074043129,-0.7070802555674454,0.7071110948377008,0.0018024217288253165,-6.534112345787647e-05,-0.3612139858294501,0.5896251777996707,-0.2171398606245554,-0.002240927497104906,0.0025032963231955575,-7.415858441621729e-05,-0.36163054000764305,0.5903326332329079,-0.21741615448637933,-0.0029419121725869,0.010553551744649139,-0.2475560242991686,0.2705082526091722,-0.4767992335529611,-1.553282654690068,1.1271227325415285,0.22576677106740287,0.09738173193577596,-0.31093593945915526,-0.1508582801290637,0.4828519131024534,-1.569300594822383,-0.007988019436465505,-0.19863721959458766,0.0926284376040208,0.595473807843208,0.5100154190820951,0.47719720775868235,1.1918079582878942,1.0374392408157722,0.9323870266535462,1.1442112064298047,0.8578332543460299,1.309,0.47827279309016263,0.5127774724365463,0.8513081053180002,0.8264853607443748,1.2445647848061514,1.309,0.7834813555464455,1.1985435852970683,1.051623592733254,1.1205695872475274,1.0764169634155683,72,40,61,72,79,81,64,97,74,89,89,85
-0.002191886701720877,0.003935625398383495,0.9423825022109417,-0.004001002465625707,-0.004855189666448065,-0.7070719842880282,0.7071135892822059,0.0010273232858677415,-8.527363591074569e-05,-0.3611306591675819,0.59155571531644,-0.21781616732695144,-0.002225086042841181,0.0017287459877942508,-9.502889463855874e-05,-0.3624317326082462,0.5937340272140289,-0.21867936987190534,-0.0029266167404269484,0.010754989335620763,-0.2437332116401856,0.28948397808690074,-0.4890510347805843,-1.442021884077652,0.9904448323322508,0.2173108523809265,0.20083639877135467,-0.30125818106730806,-0.1550878729312405,0.45985902143535146,-1.391164430342543,-0.04747662110230961,-0.09085739965426459,0.21014976192164486,0.6138492974333202,0.5928214658855374,0.44670045887334725,1.1711960997873856,0.9020627948381246,0.8945958835990112,1.0095915875756991,0.8263698112212465,1.309,0.4647176410946711,0.5526903599028533,0.8437160365182262,0.6707130320345064,1.1071122958631954,1.2328639316945025,0.680437648834122,0.9604181576312353,0.9223276469767518,0.8816779425867765,0.9064211961396198,75,54,59,61,69,80,69,96,62,82,73,68
-0.0021804818622083257,0.003998712765308387,0.942369627148031,-0.003999151182296664,-0.00482361495166105,-0.7070773825129524,0.7071084179015634,0.0010628380260225806,-7.429153145431744e-05,-0.36136911292269436,0.5917196904393123,-0.21785098475011735,-0.002227575357414684,0.001764256106942134,-8.406995282903275e-05,-0.36268153923700147,0.5939106401002978,-0.21872368881568585,-0.002929084506661513,0.01100250339774774,-0.24565074009486754,0.2849257658672834,-0.48661159615215055,-1.4370620921929211,0.9799880516455479,0.21348114629944265,0.20780516864586718,-0.30587227026747504,-0.1533723608804919,0.4569318350611764,-1.3845937136939175,-0.048733592861106186,-0.08250086268633254,0.21269196357859696,0.6138492974333202,0.5928214658855374,0.44670045887334725,1.1711960997873856,0.9020627948381246,0.8945958835990112,1.0095915875756991,0.8263698112212465,1.309,0.4647176410946711,0.5526903599028533,0.8437160365182262,0.6707130320345064,1.1071122958631954,1.2328639316945025,0.680437648834122,0.9604181576312353,0.9223276469767518,0.8816779425867765,0.9064211961396198,75,54,59,61,69,80,69,96,62,82,73,68
-0.002166613270610619,0.004210807279704616,0.9420456296593253,-0.003977716825226418,-0.00537947575624575,-0.7070712345648016,0.7071106761041402,0.0001610496851478694,-8.026944769723199e-05,-0.36206345937628087,0.5939499992010153,-0.2185461401760924,-0.0021332466658616194,0.0008628884964560564,-9.052674813899583e-05,-0.3642501874256776,0.5975917988241456,-0.21998690553144346,-0.00283518859755923,0.011195874755920801,-0.23887476143013758,0.29632721254263455,-0.5021907487445192,-1.3172452114645734,0.8291339494034227,0.1929336967332879,0.31375078772649295,-0.291085285213065,-0.15274644232957832,0.4458653480751175,-1.207842054364871,-0.0623381191420995,-0.009969957905394396,0.3297161577877611,0.613943318320125,0.6453426991347141,0.4315412620288103,1.026427321519763,0.8159516703900583,0.7698554217231395,0.8569330658777288,0.7445392114834515,1.0592320850812893,0.41094179536599074,0.5895948756973755,0.7713716939641019,0.5005657352728997,0.9266087389190298,0.8045865924465543,0.5775425220010211,0.7097055201197743,0.772711818850307,0.6378979797570398,0.6977296729311812,75,63,54,52,57,65,74,84,48,52,55,50
-0.002156578139282217,0.0042698688424624275,0.9420315296154856,-0.003969709860265209,-0.005352710743089864,-0.7070776780449372,0.7071044810365065,0.00018133253464364682,-6.53856746799424e-05,-0.3623216354538617,0.5941545346835889,-0.2186091612060086,-0.0021358853029456587,0.0008831793683949303,-7.566598169853087e-05,-0.36452733042963664,0.5978200023545998,-0.22006171462092167,-0.0028378242231068052,0.01139400778077355,-0.24102253209761845,0.29145588959545937,-0.49935895042185313,-1.3118946848343627,0.8177209866207285,0.1884973826979368,0.3201702342262151,-0.2955027823397261,-0.15080022182311228,0.4439395009557489,-1.2014875866305164,-0.062146303333456776,-0.004328169857478042,0.3323917601202852,0.613943318320125,0.6453426991347141,0.4315412620288103,1.026427321519763,0.8159516703900583,0.7698554217231395,0.8569330658777288,0.7445392114834515,1.0592320850812893,0.41094179536599074,0.5895948756973755,0.7713716939641019,0.5005657352728997,0.9266087389190298,0.8045865924465543,0.5775425220010211,0.7097055201197743,0.772711818850307,0.6378979797570398,0.6977296729311812,75,63,54,52,57,65,74,84,48,52,55,50
-0.002107705256882113,0.004277438747663908,0.9417217323280729,-0.0036798317427286426,-0.005585933103169835,-0.7070642447832911,0.7071176775747776,-0.0006844898345729385,-8.30450672537577e-05,-0.3637842038276906,0.5962833577210883,-0.21915521085013256,-0.001997952439375865,1.7569568036763765e-05,-9.311827664824953e-05,-0.3667182345575962,0.6011678236564771,-0.22108023701611784,-0.0027001344537086005,0.010702349394995219,-0.2275768538213755,0.2986387184371589,-0.5171670807948088,-1.19448409591651,0.6840254037500367,0.15994314872625592,0.40827501981589637,-0.2738588240258846,-0.1509612879840268,0.4378821949067755,-1.0458915074250115,-0.06189027427318872,0.035292212581761614,0.42282236069673856,0.6030277848320572,0.6504645423576166,0.4206682796679061,0.8129331147220877,0.6719976641771443,0.5992421656844815,0.6580588189988943,0.6384250953710808,0.7529090164512066,0.31622368443146953,0.6084952905133173,0.6521903501019274,0.4060066587398202,0.7488389260888483,0.5702124183953252,0.4847784206105089,0.5213026727942527,0.6361478072163711,0.5249697142724479,0.5139347566303123,73,63,47,37,42,46,77,66,38,35,41,39
-0.002101413347919504,0.004322552381966655,0.9417072101738216,-0.0036967783129438383,-0.005574651024602213,-0.7070727655067828,0.7071091580333618,-0.0006436779497708288,-7.066452988468906e-05,-0.3639652884714552,0.5965492375690697,-0.21935028569144743,-0.0020068210004915107,5.8400387244241945e-05,-8.08458775487942e-05,-0.36692838900636865,0.6014721671749795,-0.22129684756891677,-0.0027090007139917356,0.010988211124764665,-0.2304876068806836,0.2929891339120794,-0.5140118182739358,-1.1873270057640453,0.6707181258929907,0.15436768993145256,0.4142576790496846,-0.27889884828688866,-0.1484645212352944,0.4362829111663066,-1.037837503498934,-0.061011059765866855,0.039541895200922675,0.42529745023205373,0.6030277848320572,0.6504645423576166,0.4206682796679061,0.8129331147220877,0.6719976641771443,0.5992421656844815,0.6580588189988943,0.6384250953710808,0.7529090164512066,0.31622368443146953,0.6084952905133173,0.6521903501019274,0.4060066587398202,0.7488389260888483,0.5702124183953252,0.4847784206105089,0.5213026727942527,0.6361478072163711,0.5249697142724479,0.5139347566303123,73,63,47,37,42,46,77,66,38,35,41,39
-0.0020450310117134454,0.00416160506970608,0.9414304675745083,-0.0031202964347764126,-0.005389286606183467,-0.7070723235416313,0.7071138158892634,-0.0013116064596666818,-5.890209780239146e-05,-0.36640447598971776,0.5985857522080401,-0.21991295149431073,-0.0018911579758240397,-0.0006094384739675482,-6.82523257357606e-05,-0.36996527927025635,0.6044967807496735,-0.22224141073740225,-0.0025934395890120513,0.00924212927737389,-0.21423504384029854,0.28769448669330105,-0.5255970781006396,-1.0673256142151162,0.5517753154915858,0.11596225508111944,0.48495642537480865,-0.2594963878386782,-0.14431355934977125,0.4286669343979537,-0.9035881114058459,-0.06089362826273744,0.06541469906117027,0.4859123472093974,0.5878699667976294,0.6152067447123513,0.4353299878624546,0.6030326193940853,0.5672357419027564,0.437838715402625,0.505212953659015,0.5396836863514474,0.5882350198639765,0.20094302927445462,0.6044835639611458,0.5821654104973635,0.3952950495215555,0.6007137574965931,0.48040833432967156,0.4043313782773547,0.42473508881127064,0.5329758362573187,0.4735293459757387,0.3938880785249991,71,58,43,25,29,33,76,55,34,28,33,33
-0.0020340856229905295,0.00419696825792024,0.9414185003605947,-0.0031266086843465784,-0.005387405522427895,-0.7070793039115364,0.7071068223117705,-0.0013082984029956935,-5.034544706015832e-05,-0.3665930504481752,0.5988768061080393,-0.22011661393884385,-0.0018899003720954694,-0.0006061197079121616,-5.9787179822518796e-05,-0.37018263223915515,0.6048277383343704,-0.22246546637860273,-0.002592179045140615,0.009460203971519962,-0.21729852562417817,0.28242298009393974,-0.5224513999367002,-1.0594415771377628,0.5399048915292227,0.11017673214032168,0.4882425595262227,-0.26372955089970773,-0.1422674350477412,0.427595394945147,-0.8959690835231567,-0.060048178891963296,0.06819941318623363,0.486240721025557,0.5878699667976294,0.6152067447123513,0.4353299878624546,0.6030326193940853,0.5672357419027564,0.437838715402625,0.505212953659015,0.5396836863514474,0.5882350198639765,0.20094302927445462,0.6044835639611458,0.5821654104973635,0.3952950495215555,0.6007137574965931,0.48040833432967156,0.4043313782773547,0.42473508881127064,0.5329758362573187,0.4735293459757387,0.3938880785249991,71,58,43,25,29,33,76,55,34,28,33,33
-0.0020048109316677686,0.0038307170011170413,0.9412208376033203,-0.002183774960257148,-0.004789048472973491,-0.7070865097986655,0.7071074626974242,-0.0018778335509171498,3.84411321841589e-06,-0.36974172989250925,0.6001388333366052,-0.22020404874483587,-0.001798750837005139,-0.0011756789430200222,-3.9108585274019765e-06,-0.37381131796238026,0.6068704682945278,-0.22283063152847946,-0.0025010289038768646,0.005821750239164099,-0.19434545061837225,0.27511907779001255,-0.5290226663846777,-0.9540521591019817,0.4630434611703754,0.0783652435708691,0.5337593741990292,-0.24018196695775934,-0.135583295116565,0.4186099924602347,-0.8015564394823103,-0.06973457680977038,0.08522416959568191,0.5198952247913846,0.5708330749306268,0.5619976946582561,0.42998598167906565,0.44394916547373464,0.4781652371750085,0.3242032512317713,0.3807416739136783,0.47058899851155017,0.4873753745443676,0.10112976992794011,0.582187384192646,0.5256725583622259,0.4012858747257335,0.48915677975200067,0.4497569143660247,0.33786886511562153,0.3680015208656981,0.46697952671873194,0.41107039995192396,0.34126638412407745,68,49,38,16,19,25,73,47,31,24,28,28
-0.0019969441455719703,0.0038253478418942997,0.9412094087969858,-0.0022398886821780183,-0.004826944358069591,-0.707087718077561,0.7071058212535973,-0.001853621263829221,-1.5704435528755883e-05,-0.3697406235603431,0.6005107796151129,-0.22055774991568544,-0.0018024686456026,-0.0011514443918056692,-2.3648210706101155e-05,-0.373838158791127,0.6072901001465059,-0.22321853006124176,-0.0025047424493209723,0.0060302562946145805,-0.19788225840094065,0.26997032881779226,-0.5260711625498619,-0.9442503468011363,0.4520613314127067,0.07239776557755173,0.5351507154999444,-0.2439470307300614,-0.13391178092612058,0.41774795186962377,-0.7937919421407508,-0.06995188332320719,0.08770266718376926,0.5195376469391474,0.5708330749306268,0.5619976946582561,0.42998598167906565,0.44394916547373464,0.4781652371750085,0.3242032512317713,0.3807416739136783,0.47058899851155017,0.4873753745443676,0.10112976992794011,0.582187384192646,0.5256725583622259,0.4012858747257335,0.48915677975200067,0.4497569143660247,0.33786886511562153,0.3680015208656981,0.46697952671873194,0.41107039995192396,0.34126638412407745,68,49,38,16,19,25,73,47,31,24,28,28
-0.001988520078536041,0.003296164683889058,0.9410771849597623,-0.0011074501490676613,-0.003972547752527287,-0.7071075312818963,0.7070940047991815,-0.002290962818013564,5.646677467005602e-05,-0.3732033184057978,0.6013989416428411,-0.22072046294122608,-0.0017566176359495647,-0.0015888524168097334,5.054093576449103e-05,-0.37771125111079923,0.6088286815807578,-0.22360860789704864,-0.0024588253367616507,0.0010602051549536973,-0.17543814021349896,0.256223796133471,-0.5231669975360492,-0.8453562628465965,0.40149874802007746,0.04409526051793158,0.5650166641790798,-0.2232299141884718,-0.1248345915789024,0.4071082883006188,-0.7236272896818982,-0.08886828477891097,0.10402654618251893,0.5390404597644711,0.5510555798056803,0.5116971485361468,0.41173448027901527,0.3456137025848225,0.41362505583136056,0.2651587539101568,0.2994830534783468,0.4355130379944037,0.4383227562907268,0.07931704636224295,0.5480464401890244,0.48402456927334125,0.37670528585917606,0.40960686283431036,0.41863797305564615,0.28511498820380016,0.30064062565143956,0.42895316564090546,0.32683150764576446,0.33589500245137105,64,41,34,9,13,22,69,40,28,21,24,23
-0.0019768874027723126,0.0032845488534374136,0.9410668062628486,-0.0011473215822965992,-0.004014823126740122,-0.7071036340843958,0.7070975997081946,-0.00230410695576468,2.6351742041346926e-05,-0.373210564340773,0.6017478014607734,-0.22104011333186588,-0.0017529823279609374,-0.0016019921733324675,2.0274499432125877e-05,-0.3777478667289195,0.6092339442900676,-0.22396589795836708,-0.00245517791951414,0.0010838646329150298,-0.1788330411967705,0.2520442284759318,-0.5206337967600204,-0.8356907414224108,0.39370260145571373,0.03902922482245054,0.5641843210166467,-0.22597677467313976,-0.12399104908482732,0.40678028854478027,-0.7177452927931091,-0.09018344335297761,0.10632755901719051,0.5380943862091478,0.5510555798056803,0.5116971485361468,0.41173448027901527,0.3456137025848225,0.41362505583136056,0.2651587539101568,0.2994830534783468,0.4355130379944037,0.4383227562907268,0.07931704636224295,0.5480464401890244,0.48402456927334125,0.37670528585917606,0.40960686283431036,0.41863797305564615,0.28511498820380016,0.30064062565143956,0.42895316564090546,0.32683150764576446,0.33589500245137105,64,41,34,9,13,22,69,40,28,21,24,23
-0.0019621093722220753,0.003296411391105204,0.9410581217726615,-0.0011418990263091131,-0.0040284312977147884,-0.7071026732258401,0.7070984919548092,-0.002348999302146665,1.3236032656922163e-05,-0.37335203167899184,0.6020118692711341,-0.2212305354813387,-0.0017406027754368468,-0.0016469023844003562,7.09467272165593e-06,-0.37792138583880136,0.6095536284617994,-0.22418526715516968,-0.002442776297647171,0.0010793327203341403,-0.18171050721478188,0.24863556111957677,-0.5184958266222294,-0.827741484696328,0.3872870497130743,0.0347472900527445,0.5627213042410516,-0.22829124304548137,-0.1234342892267423,0.40665571289463254,-0.7130680680811176,-0.09105943456905013,0.10819732811415138,0.5368043695500537,0.5510555798056803,0.5116971485361468,0.41173448027901527,0.3456137025848225,0.41362505583136056,0.2651587539101568,0.2994830534783468,0.4355130379944037,0.4383227562907268,0.07931704636224295,0.5480464401890244,0.48402456927334125,0.37670528585917606,0.40960686283431036,0.41863797305564615,0.28511498820380016,0.30064062565143956,0.42895316564090546,0.32683150764576446,0.33589500245137105,64,41,34,9,13,22,69,40,28,21,24,23
-0.0019763024221828226,0.0027718315626751953,0.9409938691682653,0.00021643442446780186,-0.002962356880882272,-0.7071404541602933,0.7070668679041789,-0.0027878771818989076,0.00016758866975240274,-0.3770925369616255,0.6019580026736515,-0.22075988295558704,-0.0017076736230283848,-0.002085962592866894,0.0001638948353979215,-0.3820145978816575,0.6100238339502713,-0.22385530083230507,-0.0024096937369764587,-0.005083574751349687,-0.15668120553418818,0.23942194253698867,-0.5117547178612322,-0.7574833985776425,0.37182857262709523,0.01974019807228134,0.579622827814988,-0.20714026906678462,-0.1166539095160837,0.3941381244639646,-0.672821375692409,-0.11264395147759979,0.117006022372865,0.5481470933544687,0.5281771407454229,0.4742640248710732,0.3970377782329643,0.29362088521997953,0.36965865863058917,0.24247038120544157,0.2431818559483708,0.4231839448918532,0.37122252600025357,0.075218568219601,0.5074207602562028,0.4602529230617907,0.3804366950801848,0.35453079044612557,0.396467788605848,0.242433572211517,0.23451030973288461,0.40476847853522424,0.24210146223480128,0.35109355647054036,61,35,32,5,9,18,63,37,26,19,19,19
-0.0019725235032408313,0.002707871087745386,0.9409829290460385,0.00010697910503920493,-0.0030575155987487353,-0.707122703125298,0.707084240298571,-0.002765700269173306,9.727038119404186e-05,-0.3768583942754002,0.602386286393925,-0.22112919116603807,-0.0017084946945105917,-0.0020637573507556062,9.340712765804496e-05,-0.3818136956972606,0.6105340960958944,-0.22428481975807998,-0.002410511410939221,-0.005232530534458456,-0.1594127767319484,0.23612133191291035,-0.5096422162181291,-0.7477272905192988,0.36738477154831306,0.015627235708849208,0.578184802250101,-0.20862733680525253,-0.11617247369334205,0.39388914897787114,-0.6682648399194219,-0.11554471676235657,0.11898663029962128,0.5477414737572536,0.5281771407454229,0.4742640248710732,0.3970377782329643,0.29362088521997953,0.36965865863058917,0.24247038120544157,0.2431818559483708,0.4231839448918532,0.37122252600025357,0.075218568219601,0.5074207602562028,0.4602529230617907,0.3804366950801848,0.35453079044612557,0.396467788605848,0.242433572211517,0.23451030973288461,0.40476847853522424,0.24210146223480128,0.35109355647054036,61,35,32,5,9,18,63,37,26,19,19,19
-0.0019973546868712927,0.002176156251756755,0.9409478407339257,0.0013092368644276732,-0.002146927589223532,-0.7071520069490929,0.7070570809125887,-0.003182611592959875,0.0002009612757813889,-0.3799305636714209,0.6023020877485493,-0.22100522194066738,-0.0017070526866888361,-0.002480889858184005,0.00019912066471148773,-0.38523733839930185,0.6109852327245358,-0.22432743234323366,-0.002408863524744221,-0.011932681960849408,-0.14051293214067317,0.2259344070572421,-0.4977763478221151,-0.6908653643571422,0.36583810312906023,0.004128010884055872,0.5845696721738353,-0.1925580854071348,-0.11001543254928728,0.3805616025870428,-0.6413092652201117,-0.13956521815860476,0.1234949732651522,0.5543726205669931,0.5052015566589995,0.45009432141702027,0.3999264552246476,0.26814557949232604,0.36171974927521255,0.23237914926979814,0.2093854573923853,0.41817483248533693,0.3002006106937192,0.07591005021594863,0.46821881520740305,0.44931386253540595,0.4058914495558961,0.31895503744437803,0.39154335957463854,0.20726544958321907,0.1932625770013597,0.3842112837468879,0.12297345563456767,0.3646880045541406,57,31,31,5,7,14,58,35,27,18,16,13
-0.0019925049068792024,0.002123831090536533,0.9409372660294214,0.0012340153576684046,-0.0022254020542340257,-0.7071314771780183,0.7070775054941496,-0.003190213496997692,0.00012262536381905047,-0.3797735635341062,0.6026591919439851,-0.22130193541721271,-0.0017038214814117597,-0.002488483952870009,0.00012066977644373974,-0.3851279913880145,0.6114517180816914,-0.22469600177933408,-0.002405615660946345,-0.0121992321755986,-0.14276261903706322,0.22355236421647234,-0.4961217283324001,-0.6824576469556263,0.36405510399653707,0.0008199704310811427,0.5819576835704676,-0.19344966861907228,-0.10988151761450704,0.3807138437915116,-0.638374097796709,-0.1430003279124785,0.12469771746970852,0.5540161597257434,0.5052015566589995,0.45009432141702027,0.3999264552246476,0.26814557949232604,0.36171974927521255,0.23237914926979814,0.2093854573923853,0.41817483248533693,0.3002006106937192,0.07591005021594863,0.46821881520740305,0.44931386253540595,0.4058914495558961,0.31895503744437803,0.39154335957463854,0.20726544958321907,0.1932625770013597,0.3842112837468879,0.12297345563456767,0.3646880045541406,57,31,31,5,7,14,58,35,27,18,16,13
-0.002016875787079271,0.001778154354898565,0.94093293045646,0.002386221986786573,-0.0014428081411200985,-0.7072007953398126,0.707007255493206,-0.0037255125178181176,0.00030451233934050025,-0.3824230107021173,0.6020789097415173,-0.221014801415906,-0.001698972883213262,-0.0030241646297747065,0.0003041555389226568,-0.38811737664124996,0.6113356108421157,-0.22452007070360794,-0.002400444346862075,-0.017985574229012008,-0.12881106020123056,0.21802699958726665,-0.4862094440481895,-0.652075427473062,0.36996521864773996,-0.0045840435017655105,0.5795549873811582,-0.1837233892400136,-0.10350293770094977,0.37165432011836497,-0.6313532705386394,-0.15835736540462753,0.12511169369252859,0.5547664651509455,0.4883484305089395,0.43573726044340744,0.3987920784773139,0.25627020218212393,0.38876477795217107,0.22265934085227168,0.24163406306111718,0.41330450866093926,0.29056134922117227,0.08500858250628898,0.4419475608010237,0.4454666681718199,0.4275929083817787,0.30188742778254046,0.38965014857512276,0.18194724094153755,0.1726389811616313,0.36552027353460037,0.07994279925896047,0.3649819616334077,54,28,31,6,9,14,55,34,27,17,15,11
-0.002023577021745142,0.0017097753275643307,0.9409247328196351,0.002293598758468686,-0.0015180985994897574,-0.7071585390178032,0.7070496697372715,-0.0036931329528544906,0.00020891918332769266,-0.3822792446750643,0.6024408724141905,-0.22116654932864963,-0.0016981711247466957,-0.002991759760425652,0.0002086186874238496,-0.3880447309482154,0.6118697416487309,-0.22476986550578515,-0.0023996235081443725,-0.01865733422773286,-0.12940453573114677,0.21629030906055072,-0.4841073904410062,-0.6442409933066666,0.3706076161339364,-0.007272812727696703,0.5757305553828235,-0.1830832663689903,-0.10300665937979382,0.3715645993875358,-0.6303742035248785,-0.1622209171760863,0.12534328759994645,0.5544138151756325,0.4883484305089395,0.43573726044340744,0.3987920784773139,0.25627020218212393,0.38876477795217107,0.22265934085227168,0.24163406306111718,0.41330450866093926,0.29056134922117227,0.08500858250628898,0.4419475608010237,0.4454666681718199,0.4275929083817787,0.30188742778254046,0.38965014857512276,0.18194724094153755,0.1726389811616313,0.36552027353460037,0.07994279925896047,0.3649819616334077,54,28,31,6,9,14,55,34,27,17,15,11
-0.0020527933937389974,0.001471699420912293,0.9409288863693028,0.0031256838953926005,-0.0010358150444692838,-0.707265174252982,0.7069406838457383,-0.00416332213651422,0.0003575695259201971,-0.38382984080115823,0.6018834200942167,-0.2210681524074684,-0.0017121890247079688,-0.0034622529319434867,0.00035806926802728356,-0.3898340893834024,0.6115851818703323,-0.22472945306831565,-0.0024133478854267156,-0.022303401993528822,-0.12236900335028851,0.21431933922320645,-0.47904239052709063,-0.6332199212298298,0.37439279976895923,-0.010041434975479026,0.5705831506667154,-0.1792954551808952,-0.09925738338928987,0.368556472314258,-0.6323010343152254,-0.16725077878685157,0.12470267081237804,0.5530756962829687,0.48349557743035426,0.42776459642029735,0.4053201858384259,0.25412425878027306,0.40390114589009185,0.21545697789452928,0.2682138916792491,0.41223016251322786,0.31677453652333776,0.08954859404310044,0.43681920750001124,0.4446192584600991,0.4464805299343034,0.3031293342650895,0.4023148684928318,0.17079971828929463,0.19148895596219054,0.3531315687114479,0.10922619524830914,0.3525095159127446,53,27,31,7,10,15,54,34,28,17,16,12
-0.0020575283701478888,0.0014285622528866363,0.9409296499570348,0.0031370539250168334,-0.0010379314120452228,-0.7071984307558863,0.707007398212684,-0.004202397897194013,0.0002986056022281922,-0.3840272443715118,0.6020610813966526,-0.22102806801267325,-0.0017069180798210935,-0.003501439723503863,0.000299435295880712,-0.39015035163408535,0.6120247814659807,-0.22480065765196766,-0.002408003859027461,-0.023739699115753403,-0.12056211246174924,0.21316437685318387,-0.4759901197047528,-0.6261944263766835,0.37637651163373065,-0.012713673826291901,0.5646836833517798,-0.17718969451223457,-0.09796831266942538,0.3683034421180792,-0.6340600932497152,-0.17018563675612336,0.12404752998924794,0.5522344338581211,0.48349557743035426,0.42776459642029735,0.4053201858384259,0.25412425878027306,0.40390114589009185,0.21545697789452928,0.2682138916792491,0.41223016251322786,0.31677453652333776,0.08954859404310044,0.43681920750001124,0.4446192584600991,0.4464805299343034,0.3031293342650895,0.4023148684928318,0.17079971828929463,0.19148895596219054,0.3531315687114479,0.10922619524830914,0.3525095159127446,53,27,31,7,10,15,54,34,28,17,16,12
-0.0020952989155280247,0.0012334415424199493,0.9409435828159318,0.003703638522656277,-0.0007987114852708299,-0.7072551942107281,0.7069481843696916,-0.004635227919800375,0.00037443529316996053,-0.38495262423373555,0.6017400313259684,-0.22094609507792062,-0.0017221770858565737,-0.0039346181151569525,0.000375865034906566,-0.3913204159038643,0.612043858289637,-0.22481970137201085,-0.0024229546610777283,-0.02691006142902918,-0.11616519979370672,0.21271021604866058,-0.4727351040343964,-0.6206126735720215,0.3770630509150349,-0.016803007013422314,0.5559877918894436,-0.17482994441031804,-0.09544347361914593,0.368501019183283,-0.6398436161288935,-0.17015534177362973,0.12277467190461082,0.5502153097151812,0.49181409589803954,0.4234470881831764,0.4116648590951532,0.26158446795505885,0.41958959637700355,0.21698123501681976,0.28675766591583846,0.4206254318347697,0.349958149978948,0.11548601932345076,0.4508661060122522,0.44437924078136487,0.4598788117366257,0.31887992720001845,0.42661868304660794,0.17450741721241508,0.2252535371659122,0.35150444188304486,0.18112950182710064,0.33504196405281256,55,26,32,9,12,18,56,34,30,19,17,16
-0.002102361669010751,0.0012172383497788923,0.9409398855019326,0.003754781784257734,-0.0007892030964130138,-0.7071941702721138,0.7070089704560779,-0.004709907708716902,0.00029813453986374087,-0.3851663599246948,0.6018129673029502,-0.22088113257490746,-0.001719604228977258,-0.0040094333667539004,0.0002998459850153296,-0.391689952212008,0.6124377443566686,-0.22489584434306353,-0.0024202317861047387,-0.028271674273470736,-0.11439490742066437,0.21263414438904793,-0.47033942648792737,-0.6163397444151804,0.37714358091566863,-0.020256712145732558,0.5482566061631026,-0.17259766307381477,-0.09455633670333695,0.3692976815839067,-0.6438669996883938,-0.16977899000427107,0.12142883348561857,0.5493143422875444,0.49181409589803954,0.4234470881831764,0.4116648590951532,0.26158446795505885,0.41958959637700355,0.21698123501681976,0.28675766591583846,0.4206254318347697,0.349958149978948,0.11548601932345076,0.4508661060122522,0.44437924078136487,0.4598788117366257,0.31887992720001845,0.42661868304660794,0.17450741721241508,0.2252535371659122,0.35150444188304486,0.18112950182710064,0.33504196405281256,55,26,32,9,12,18,56,34,30,19,17,16
-0.0021507166162161185,0.0010732224118555301,0.9409566495343363,0.004160208005012382,-0.0007017213126992544,-0.7072226529495733,0.7069783019382725,-0.005119057402535293,0.000317761859511108,-0.38569337886326077,0.6015889428842232,-0.2208228903970087,-0.001742460908061094,-0.004418960722444367,0.00031986681678180737,-0.3924720156939311,0.6126048174206381,-0.2249752615082905,-0.0024427647136138334,-0.030653122894584342,-0.11188510879746681,0.21387774884622548,-0.46940080391821676,-0.6143540194936158,0.37239252593802025,-0.025766326470361735,0.5387658060059716,-0.1711666344032503,-0.09389665482523488,0.3714854657962989,-0.6509861919064447,-0.16441870676399958,0.11927508217683402,0.5479667827057301,0.5088030086639047,0.4207722663847399,0.4084526504200277,0.27653345734448553,0.4486471991210217,0.22823142666231117,0.31760133389659245,0.4384581153008652,0.3788802802664264,0.17429394599160364,0.4740999290148007,0.4442596508210182,0.4772910017526845,0.34135771720383434,0.4611495510584177,0.18844689070919574,0.257985581584154,0.3602779327801401,0.26226505909687403,0.3199255365015957,57,26,32,11,14,21,59,34,31,22,19,20
-0.0021568216688393304,0.0010746077761131733,0.9409505945390784,0.004238163997997261,-0.0006895531778818184,-0.7071716586476167,0.7070288591620014,-0.0052277658214956195,0.00023771555175546632,-0.3858927985224848,0.6015660131536126,-0.22074182418351945,-0.0017425775910349368,-0.004527840178094854,0.0002400380630123468,-0.39286128018278005,0.6129505086599669,-0.22505756574726762,-0.0024426739704360226,-0.03164487938427005,-0.11031442581198118,0.21461530375245072,-0.46767298389040124,-0.6121080458298526,0.36880915809069165,-0.03011406502356938,0.5309717200406119,-0.16905412654303298,-0.09348250565763623,0.37255723897575876,-0.6558999401004104,-0.1604749261522137,0.11725557304504176,0.5476654745555849,0.5088030086639047,0.4207722663847399,0.4084526504200277,0.27653345734448553,0.4486471991210217,0.22823142666231117,0.31760133389659245,0.4384581153008652,0.3788802802664264,0.17429394599160364,0.4740999290148007,0.4442596508210182,0.4772910017526845,0.34135771720383434,0.4611495510584177,0.18844689070919574,0.257985581584154,0.3602779327801401,0.26226505909687403,0.3199255365015957,57,26,32,11,14,21,59,34,31,22,19,20
-0.0022125837851283353,0.000971286894861088,0.9409650940106521,0.004542976294549256,-0.0006927558040839782,-0.7071750882520933,0.7070235328554692,-0.005616018337725113,0.00021199505125341314,-0.38617679686154294,0.6013785040857057,-0.22068324702593065,-0.001770847831408927,-0.0049164965299690975,0.00021457333353696207,-0.3934078774097033,0.613195951074063,-0.2251664894962214,-0.0024705988125678932,-0.03299832610770499,-0.10907810269876744,0.21699836746987167,-0.4679872018452352,-0.6118260160872696,0.35852054842215353,-0.03615321261207206,0.5225668576626227,-0.1676712006420341,-0.09410016270163957,0.37565625147384335,-0.6617876643283012,-0.1509088334311159,0.11436999727891106,0.5481176257925109,0.5273696292604027,0.41915244375925653,0.41807815869806897,0.2938114751742973,0.49218154006546194,0.24544596686722792,0.36537738342873954,0.4615626530390723,0.4150579362406629,0.24540290959458122,0.4964554848844532,0.4451110747900186,0.49961453083056284,0.36295213498669204,0.5008548316102001,0.2059111351701953,0.2945671242005945,0.3747425583955533,0.32693792037025854,0.31059037247126997,61,25,33,15,18,25,62,34,33,24,22,23
-0.0022186199203261567,0.0009754152845315588,0.9409584000158261,0.00462223198700909,-0.000690967672572907,-0.7071423851410764,0.7070557295377251,-0.0057398509751078386,0.00014687821087650774,-0.3863086580528693,0.6012997858160257,-0.22060129072838813,-0.0017736637656751918,-0.0050405255937963035,0.0001496141168554428,-0.393761242787992,0.6135194088977866,-0.22526032682480207,-0.002473173484903083,-0.033556046121781764,-0.10783517581325049,0.21802609048043536,-0.4664173204338787,-0.6106827705327799,0.35100618123788874,-0.040854314671369046,0.5158513827699276,-0.16581229331249223,-0.09379985658513604,0.3765407210108799,-0.6661594048305832,-0.14406785559764315,0.11186306466527708,0.5489318753765916,0.5273696292604027,0.41915244375925653,0.41807815869806897,0.2938114751742973,0.49218154006546194,0.24544596686722792,0.36537738342873954,0.4615626530390723,0.4150579362406629,0.24540290959458122,0.4964554848844532,0.4451110747900186,0.49961453083056284,0.36295213498669204,0.5008548316102001,0.2059111351701953,0.2945671242005945,0.3747425583955533,0.32693792037025854,0.31059037247126997,61,25,33,15,18,25,62,34,33,24,22,23
-0.002278922057684455,0.0008945528327293412,0.9409688669043799,0.004849470398387259,-0.0007547872659073212,-0.7071301794163334,0.7070663492853156,-0.006099340072003582,9.941166877314644e-05,-0.38640202816158037,0.6011374345343332,-0.22055501002730515,-0.0018060480673205508,-0.005400429445111429,0.00010229832983964983,-0.39412294952903865,0.6138168769853235,-0.22539945421737115,-0.0025051982527808563,-0.03400706614134898,-0.10754124504265554,0.2206901137455767,-0.4667395974941497,-0.6109031092242448,0.33674429872346456,-0.04643127974465861,0.509199234599022,-0.1644855599920122,-0.09472866807594167,0.3792134790586483,-0.6698431416259132,-0.13238749682735643,0.10835861400857309,0.5513679181397699,0.5416843485463622,0.41932554551446927,0.43202478804478284,0.30831000381043056,0.5245408170620628,0.2647457042893798,0.4044518845355587,0.4861655995733477,0.44845659171341135,0.3035629264111625,0.5127809456417577,0.4476934814045619,0.5202535030210014,0.3804979386836373,0.532291737003707,0.22232279773925587,0.3210268392596042,0.3903533591840438,0.3659163934616329,0.3075602539970051,63,26,35,17,21,28,64,35,34,27,24,25
-0.0022859257949380827,0.0008962774537476923,0.9409624313259479,0.004915080711662919,-0.0007636900068357861,-0.7071154114122002,0.7070806557264364,-0.006215789648823296,5.756658088481156e-05,-0.38645108098299263,0.6010276463921962,-0.22048843800613277,-0.0018122735966681735,-0.00551707718688252,6.0554360872479065e-05,-0.39441500363359494,0.6141253506438027,-0.22551205767490917,-0.0025111737009538906,-0.03418596281373812,-0.10669960676198088,0.2215208307843737,-0.4649229055180303,-0.6101759246604209,0.326260924767927,-0.050827591893954326,0.5039141955009269,-0.16309020347797593,-0.09416940148408393,0.37952209301185585,-0.6729821198037961,-0.12399219572600305,0.10549181882819396,0.5533956607733664,0.5416843485463622,0.41932554551446927,0.43202478804478284,0.30831000381043056,0.5245408170620628,0.2647457042893798,0.4044518845355587,0.4861655995733477,0.44845659171341135,0.3035629264111625,0.5127809456417577,0.4476934814045619,0.5202535030210014,0.3804979386836373,0.532291737003707,0.22232279773925587,0.3210268392596042,0.3903533591840438,0.3659163934616329,0.3075602539970051,63,26,35,17,21,28,64,35,34,27,24,25
-0.0023467333716260955,0.0008337592761719274,0.9409679038439456,0.005062318994919512,-0.0008591414589835579,-0.7070944227915121,0.7071004964356103,-0.006504421725344963,3.8010862841434854e-06,-0.3863937117281667,0.6008972961195359,-0.22046338710127125,-0.0018476468242550174,-0.005806071063145284,6.852387048101429e-06,-0.3946189426418859,0.61445234648717,-0.22567661226365834,-0.002546218827478097,-0.033951595456550125,-0.10701171394015117,0.2236658754206804,-0.46467479683382734,-0.6102132538907283,0.31029995535775334,-0.05550677199405844,0.4991093347175166,-0.16207621356117552,-0.09495055027252232,0.38120865386538333,-0.6744872895543733,-0.11217085733063471,0.10152126643876053,0.5573688623865718,0.5489226129268181,0.422115681216585,0.4366191229545626,0.318066499048834,0.5320333235546567,0.2836828582860762,0.4217449558301689,0.5095910073678878,0.46431898171357683,0.3410664915648466,0.5224497206319558,0.4517668355326214,0.5297969110110288,0.3952870908201664,0.5518376967500841,0.23648510614828488,0.33520172276589383,0.4055255674581543,0.3846996792314735,0.3097997034135316,64,26,35,19,23,30,65,35,35,28,25,26
-0.002353911363859986,0.000832151145426591,0.9409622008660371,0.005109953297934645,-0.0008774244006060151,-0.707094418679474,0.7071001354660117,-0.006604365175343703,-1.4848201732930746e-05,-0.3863691843960536,0.6007773052559235,-0.22042021206723847,-0.0018574891023912235,-0.0059061876457651725,-1.1748521824366785e-05,-0.3948416183950669,0.6147413173463706,-0.22580578467943538,-0.0025558350171132485,-0.033847561737238394,-0.1065658618573097,0.22399151652735255,-0.46256543578729037,-0.6094698649627229,0.2984283948828826,-0.059268432207845556,0.495242871724425,-0.16126227134189214,-0.09407610183470563,0.3809371285445988,-0.6762754233396135,-0.10359646246614944,0.09841716405252032,0.5603401255024311,0.5489226129268181,0.422115681216585,0.4366191229545626,0.318066499048834,0.5320333235546567,0.2836828582860762,0.4217449558301689,0.5095910073678878,0.46431898171357683,0.3410664915648466,0.5224497206319558,0.4517668355326214,0.5297969110110288,0.3952870908201664,0.5518376967500841,0.23648510614828488,0.33520172276589383,0.4055255674581543,0.3846996792314735,0.3097997034135316,64,26,35,19,23,30,65,35,35,28,25,26
-0.0024069909304500533,0.000789565599759449,0.940962970371171,0.0051848902327524095,-0.0010053339174855064,-0.7070772856631894,0.7071165521441047,-0.006843152753753421,-5.2951825951209724e-05,-0.38617697106542126,0.6006897114124441,-0.22042232136614748,-0.0018904109847243647,-0.006145290643660533,-4.9871248015439495e-05,-0.3949001430184755,0.6150881871972864,-0.22598732576175173,-0.002588469352325729,-0.03334452665543678,-0.10717944758918459,0.22514576273990405,-0.4616732587403806,-0.609007358415092,0.28299050595092556,-0.06309619494657903,0.4921127880336986,-0.16095844033030327,-0.09405305418682529,0.38083896012065377,-0.6766516377211793,-0.0938423532242058,0.0939414246425642,0.5646727719861908,0.548667463243469,0.42788612369611373,0.4354089640111073,0.3241694267508676,0.5258161116932025,0.2998520597154497,0.4277947033498942,0.5288361683443297,0.4735261520232075,0.3631363021293625,0.5271916231299918,0.4561490605784063,0.5308200579251329,0.4090424146275691,0.5593757214295699,0.24871084085253234,0.3361362418605817,0.42024480170484846,0.3762005366394993,0.3147974362733248,64,27,35,18,24,31,66,36,36,29,25,25
-0.002414020283354465,0.0007875674911001585,0.9409580689593403,0.005214134607894155,-0.0010248992099994726,-0.7070810743172566,0.7071125205540172,-0.006916186647326989,-5.9179836276847566e-05,-0.3861052551793677,0.6005675482563622,-0.22040011288383185,-0.0019009358946206645,-0.0062184599799369935,-5.609635607060777e-05,-0.3950624675065934,0.6153485737351461,-0.2261253588010861,-0.0025988048402889757,-0.03303999216680927,-0.10708450698271009,0.22489692221549445,-0.45945377667455634,-0.6080398821431243,0.2713518821846841,-0.06621637312315895,0.4895045585242957,-0.16068424869835587,-0.09281692597960603,0.3799020578295001,-0.6775183565257217,-0.08659911834893845,0.09055828869729887,0.5679054081736366,0.548667463243469,0.42788612369611373,0.4354089640111073,0.3241694267508676,0.5258161116932025,0.2998520597154497,0.4277947033498942,0.5288361683443297,0.4735261520232075,0.3631363021293625,0.5271916231299918,0.4561490605784063,0.5308200579251329,0.4090424146275691,0.5593757214295699,0.24871084085253234,0.3361362418605817,0.42024480170484846,0.3762005366394993,0.3147974362733248,64,27,35,18,24,31,66,36,36,29,25,25
-0.0024557652174805123,0.0007764112084727741,0.9409519512128298,0.0052280588886028335,-0.001144031878689367,-0.7070771186702204,0.7071161904838115,-0.007065177680665762,-6.896289711674948e-05,-0.3858763964137851,0.6005131274136801,-0.22040772663859992,-0.0019287972786208682,-0.0063676529166327225,-6.594557271042461e-05,-0.3950614570310475,0.6156749887642705,-0.2262887504300413,-0.002626462614761055,-0.03263056746537386,-0.10781823416235586,0.2250092965266874,-0.458124607901912,-0.607043168054417,0.25810076211904226,-0.06943173366739454,0.48774811158055204,-0.16042897135507259,-0.09255680438192007,0.37805051914347715,-0.6762208665464927,-0.08028642103302212,0.08526094656152926,0.5720624351375522,0.5417813364928955,0.43688624559658035,0.44513044794471573,0.3283224377059881,0.5376215362069847,0.31047433425595117,0.44271812366577923,0.5405467342132659,0.4832474090640132,0.37570339705536127,0.5297799115041143,0.4591992328857767,0.5207465759879822,0.42087610474858733,0.5543609890628624,0.2588509420072316,0.3300050398246658,0.43355468258055724,0.36404220655096386,0.31898904518485316,63,28,36,20,25,32,66,36,36,29,25,25
-0.002458689418317303,0.0007700560770528088,0.9409484828647323,0.00523848929134922,-0.0011706175083634619,-0.707074464702221,0.7071187235893716,-0.007121848017669117,-7.649977968618911e-05,-0.38576796090253107,0.6004145478774686,-0.2204023956548828,-0.0019369927381765071,-0.006424421916248031,-7.351532264672652e-05,-0.3951548551695824,0.6159124914879249,-0.2264258671826293,-0.002634522414168759,-0.03218573483144763,-0.1080047115219377,0.22430363898774422,-0.4560519676415413,-0.6058265269491772,0.2479615681583583,-0.07205539437640016,0.48617719270939,-0.1604907545639707,-0.09129210729772294,0.3766394189681777,-0.675907582075774,-0.07542806396122506,0.08139227005544286,0.5750006832423541,0.5417813364928955,0.43688624559658035,0.44513044794471573,0.3283224377059881,0.5376215362069847,0.31047433425595117,0.44271812366577923,0.5405467342132659,0.4832474090640132,0.37570339705536127,0.5297799115041143,0.4591992328857767,0.5207465759879822,0.42087610474858733,0.5543609890628624,0.2588509420072316,0.3300050398246658,0.43355468258055724,0.36404220655096386,0.31898904518485316,63,28,36,20,25,32,66,36,36,29,25,25
-0.0024731583697969787,0.0007677423852360246,0.940941301286281,0.005188675522368694,-0.0012625797747412419,-0.7070727979343138,0.7071205993039504,-0.007169111986948452,-8.21065969098502e-05,-0.38551009592627306,0.6004037607321598,-0.22042921112060873,-0.001947615471395747,-0.006471728774382327,-7.926513667674232e-05,-0.3950776462669476,0.616202630788635,-0.22658159732973437,-0.002645091484881114,-0.03170728343625034,-0.1087080894915404,0.22355054193723217,-0.45476883191814915,-0.6044341704254769,0.2377541910023832,-0.07492714542782268,0.48554758173987,-0.16104340867185574,-0.09084146917865826,0.37498379609165466,-0.6746399903787476,-0.0724940725395777,0.07537694570572946,0.5778274145920389,0.5301854387558153,0.4488426759972451,0.45387034125371,0.3313085040699327,0.5451223330135256,0.3143188320858429,0.4507492736721237,0.5430084425833877,0.48638517944654114,0.38150146809694907,0.5328375363673907,0.4595971330486463,0.5210737379562687,0.4286786253495668,0.5594726046563482,0.266346886798452,0.3292132886627911,0.44313911453465277,0.3716119438629586,0.3194345230231322,61,30,37,20,26,32,67,37,36,30,25,25
-0.002475172628725859,0.0007640468759454157,0.9409387052737246,0.0051947400430749,-0.0012853769859672978,-0.7070732090089782,0.7071201026584066,-0.00721054322416872,-8.347398892329071e-05,-0.38541090578154386,0.6003236879135935,-0.2204365626102536,-0.0019512856123058819,-0.006513248571397936,-8.065498762935389e-05,-0.39513986051077843,0.6163886667807691,-0.22670270615743934,-0.00264865775594329,-0.0312602891475354,-0.10911351633180079,0.22258107221697312,-0.45306482568388395,-0.6030632858289351,0.22984330047518892,-0.07720959793098568,0.4848300117572393,-0.16142975890419273,-0.08971347735608558,0.37412645796341887,-0.6740202069961783,-0.07017357297192647,0.07095642086822582,0.5798642121835039,0.5301854387558153,0.4488426759972451,0.45387034125371,0.3313085040699327,0.5451223330135256,0.3143188320858429,0.4507492736721237,0.5430084425833877,0.48638517944654114,0.38150146809694907,0.5328375363673907,0.4595971330486463,0.5210737379562687,0.4286786253495668,0.5594726046563482,0.266346886798452,0.3292132886627911,0.44313911453465277,0.3716119438629586,0.3194345230231322,61,30,37,20,26,32,67,37,36,30,25,25
-0.0024805131257739847,0.0007650692917324827,0.9409374027334181,0.005205857283637686,-0.001293052792358137,-0.7070814402814728,0.7071117760820402,-0.007233454310149069,-6.92889861121433e-05,-0.38536033188980295,0.6002412803972973,-0.22042334560124488,-0.0019549642772826023,-0.006536276316717147,-6.65225630972897e-05,-0.39523555419572115,0.6165378951500814,-0.22678502676058573,-0.002652258107552696,-0.03102220352025729,-0.10938067090236345,0.22165161182918736,-0.45132732958449334,-0.6017605681076031,0.22360922650997314,-0.07902590623242318,0.4840544862473264,-0.1616657864870046,-0.088529698960477,0.3737039248826967,-0.6737380997227534,-0.06830339513049971,0.06759843731846701,0.5813986876529149,0.5301854387558153,0.4488426759972451,0.45387034125371,0.3313085040699327,0.5451223330135256,0.3143188320858429,0.4507492736721237,0.5430084425833877,0.48638517944654114,0.38150146809694907,0.5328375363673907,0.4595971330486463,0.5210737379562687,0.4286786253495668,0.5594726046563482,0.266346886798452,0.3292132886627911,0.44313911453465277,0.3716119438629586,0.3194345230231322,61,30,37,20,26,32,67,37,36,30,25,25
-0.0024690036605112572,0.0007647110260621018,0.9409319650620871,0.005135642647788993,-0.0013252724651636445,-0.7070946700508475,0.7070990004328751,-0.007192362852176681,-4.030861184969803e-05,-0.38518349255393275,0.6002509417720701,-0.22044373895698915,-0.0019486878057919943,-0.006495063272613794,-3.757538857892504e-05,-0.3951762536291069,0.6167253417225655,-0.22687972646347124,-0.0026459948902180157,-0.031058881779391867,-0.10993485313916534,0.22053449392373137,-0.4501553736799097,-0.6002459185444909,0.21792558607021606,-0.08113605531379953,0.4842553904690241,-0.1623545611088258,-0.0882698924739279,0.37202538668830976,-0.6726268776162794,-0.06969830264690788,0.06114102211720064,0.5828545921577405,0.5169380406673278,0.46187440375006344,0.44849245822953987,0.333333688140838,0.5397727941364079,0.3132023885965734,0.4487397713845475,0.5382024952284498,0.4802983611335034,0.38219181562928284,0.5372325721298852,0.45724580802706705,0.5259003761894888,0.4321867807793066,0.5728250715658056,0.27139476296765497,0.33326768851517385,0.4470561744281962,0.3916574342945489,0.31560890092910077,59,33,36,20,25,32,67,36,36,30,26,26
-0.0024685545799445967,0.0007636676910775197,0.9409305897020157,0.005137012128690674,-0.0013404672985457143,-0.7070835376777035,0.7071100939733468,-0.007215474243361787,-4.949455847592383e-05,-0.38512335885633103,0.6002063876658608,-0.22044878857828962,-0.0019463090100910218,-0.006518193331369724,-4.678690504432205e-05,-0.3952069541498988,0.6168427688138678,-0.22695720557173946,-0.0026436041117842944,-0.03075032892821227,-0.11041507915476098,0.21963755307335656,-0.44900042353652336,-0.5989646229214338,0.21340630029487734,-0.08278111857288176,0.48421372650492783,-0.16276906939638153,-0.08755745969322938,0.37173123825518306,-0.6719399579641171,-0.07061679351303199,0.0564243377382443,0.5839007141196362,0.5169380406673278,0.46187440375006344,0.44849245822953987,0.333333688140838,0.5397727941364079,0.3132023885965734,0.4487397713845475,0.5382024952284498,0.4802983611335034,0.38219181562928284,0.5372325721298852,0.45724580802706705,0.5259003761894888,0.4321867807793066,0.5728250715658056,0.27139476296765497,0.33326768851517385,0.4470561744281962,0.3916574342945489,0.31560890092910077,59,33,36,20,25,32,67,36,36,30,26,26
-0.002428084986955723,0.0007544623046150191,0.9409283101662402,0.0050828899730905866,-0.001338542299683645,-0.707111407599774,0.7070826187768302,-0.00718028407417352,-3.586569865948283e-06,-0.38501165038578217,0.6002118097552066,-0.22047833247633647,-0.0019182736794688647,-0.006483269348572767,-9.74794181908118e-07,-0.39517830007292487,0.6169537000152411,-0.2270275703915797,-0.002615450292470215,-0.031169416442776942,-0.1109901595665847,0.218443857895254,-0.44774179357021715,-0.5975535055732376,0.21005764270404476,-0.08422596580113226,0.4848793592760715,-0.16340849009246528,-0.08672485107926084,0.3687493902687311,-0.6708067993101233,-0.07656855121014228,0.04836276087481296,0.5850300379080653,0.5053960561508417,0.47273975902213644,0.4429560993092887,0.3349023115327142,0.5387025233324999,0.31073312295079064,0.4480495809318463,0.5311602836828704,0.4712216018255817,0.37997426136822265,0.5416659527760461,0.4532735957291606,0.5240675012222145,0.4332325646138092,0.5840319877724939,0.27506824471079006,0.3434129907510441,0.44538632193970434,0.41657811801914996,0.30970475750222304,57,34,36,20,25,31,68,36,36,31,26,28
-0.0024287722073949463,0.000756112857086387,0.9409275947515058,0.00507475062821707,-0.0013399505972435275,-0.7070853963458477,0.7071086859266363,-0.007170037124170212,-3.2353843708530076e-05,-0.3849833366067203,0.6001874232720483,-0.22048283582167455,-0.0019080619588228165,-0.006472728549891555,-2.9728227348327393e-05,-0.39519116132565074,0.6170254438092909,-0.22708233505000147,-0.0026053156932814344,-0.030809719213788493,-0.11150790875616286,0.21762067756331524,-0.4469017149696642,-0.5964492814467276,0.20726730795220963,-0.0853654718793624,0.4852536870098026,-0.16382843787404355,-0.08595938164259073,0.3684084477230126,-0.6700600846037371,-0.08072946935334673,0.042487485738573444,0.5858581344589311,0.5053960561508417,0.47273975902213644,0.4429560993092887,0.3349023115327142,0.5387025233324999,0.31073312295079064,0.4480495809318463,0.5311602836828704,0.4712216018255817,0.37997426136822265,0.5416659527760461,0.4532735957291606,0.5240675012222145,0.4332325646138092,0.5840319877724939,0.27506824471079006,0.3434129907510441,0.44538632193970434,0.41657811801914996,0.30970475750222304,57,34,36,20,25,31,68,36,36,31,26,28
-0.002374305517923799,0.0007443108784861755,0.940926498982995,0.005027548117616386,-0.0012971947017662144,-0.7071262659905322,0.7070682322040204,-0.007100057978651815,2.8965247785455163e-05,-0.3849488412807659,0.600195314289815,-0.22050724340265096,-0.0018688209479962334,-0.006402657409162758,3.159398175695788e-05,-0.39520319151276745,0.6170642356785782,-0.22711597176742462,-0.0025661722124664145,-0.03156925838018633,-0.11212348748093529,0.21663594294075633,-0.44544503395951246,-0.5954059928137595,0.20564527504939306,-0.08562656624051303,0.4858540368150182,-0.1640454754779229,-0.08502672263521832,0.3643551986173723,-0.668455160439664,-0.09078128643716646,0.03301428432247015,0.5874349468659991,0.4978581187378184,0.47870203063975186,0.44248784492427107,0.336984340977357,0.5400664108764709,0.30975169813245546,0.44893667943075743,0.5265228391405664,0.47011230545959914,0.37701641697828286,0.5441106703658997,0.44868901720989945,0.5224915736274187,0.43350624969381435,0.5896763127602734,0.2780332536773093,0.349953751749233,0.43988948600036454,0.434978583270858,0.305114105237165,56,35,36,20,25,31,68,35,36,32,27,28
-0.0023767983023121686,0.0007462463484622384,0.9409262524120465,0.005006762492473038,-0.0012868511121051334,-0.7070870597680957,0.7071076058508133,-0.007051123077153993,-1.7149247755639844e-05,-0.3849473653346263,0.6002013000174058,-0.22051169888904207,-0.0018568949302626935,-0.006353643879890377,-1.4527428591948808e-05,-0.3951924299232306,0.6170978860227052,-0.22714707358484335,-0.0025543306415388594,-0.031162956699757206,-0.11256091486307794,0.2159543670045795,-0.4448376328933197,-0.5946120535942853,0.20413552522828918,-0.08590430826352122,0.4862657457168078,-0.16443855173964916,-0.08435809081130795,0.3640026569943014,-0.667561245105051,-0.09790433685129514,0.02614705764090819,0.5885066936904592,0.4978581187378184,0.47870203063975186,0.44248784492427107,0.336984340977357,0.5400664108764709,0.30975169813245546,0.44893667943075743,0.5265228391405664,0.47011230545959914,0.37701641697828286,0.5441106703658997,0.44868901720989945,0.5224915736274187,0.43350624969381435,0.5896763127602734,0.2780332536773093,0.349953751749233,0.43988948600036454,0.434978583270858,0.305114105237165,56,35,36,20,25,31,68,35,36,32,27,28
-0.002313346105510859,0.0007366065339947136,0.9409260492098733,0.004966243963439873,-0.0012290233221637292,-0.7071337064595645,0.7070613460735414,-0.00697704854082791,4.748957618074e-05,-0.3849610581615583,0.6002236177067368,-0.22053422331118794,-0.0018121049618079164,-0.006279485682421731,5.011978970792207e-05,-0.3952170142325017,0.617086738977044,-0.22715201544190453,-0.0025096245337177855,-0.03207821778417489,-0.11313873995685012,0.21525688457857897,-0.4433603032967938,-0.5940157012299212,0.20342733156762355,-0.08484829812466488,0.486488546433404,-0.16434118627409455,-0.08321389638843052,0.3597723011717329,-0.6657243186565268,-0.11100003136731848,0.015929350725757435,0.5908417011660039,0.49510320378000794,0.47896372530779585,0.44048780232124074,0.34017182706362803,0.535072081408719,0.3110593162613421,0.443947935016612,0.52552727715529,0.4777737074639086,0.37438282858342475,0.5432513749619727,0.44293126327403276,0.5268817224680077,0.4332570341299221,0.5968519721804604,0.2796362076955722,0.36123632797899524,0.4321454339293269,0.4529757552923078,0.30418141001154547,55,35,36,19,25,32,68,34,36,32,27,29
-0.0023187467825058696,0.0007378990044152657,0.9409258542119109,0.004934083032983678,-0.0012093849192277733,-0.7070887631228127,0.707106550159304,-0.006894982788543539,-7.219459568087368e-06,-0.3849777874104668,0.600259107324686,-0.2205431512025902,-0.0018005935174299703,-0.006197296604844778,-4.5929440744433016e-06,-0.3951835168813774,0.6170887516695757,-0.22716489185756233,-0.0024982217457118813,-0.03166491947333424,-0.11341727934877548,0.21469908519093084,-0.44295529187322547,-0.5935505959823928,0.20261830268696548,-0.08415374832752223,0.4866839219386543,-0.16474846915005836,-0.08258275334780554,0.35969525699927335,-0.664867216105427,-0.12037022779426285,0.008481206218202437,0.5924148548486199,0.49510320378000794,0.47896372530779585,0.44048780232124074,0.34017182706362803,0.535072081408719,0.3110593162613421,0.443947935016612,0.52552727715529,0.4777737074639086,0.37438282858342475,0.5432513749619727,0.44293126327403276,0.5268817224680077,0.4332570341299221,0.5968519721804604,0.2796362076955722,0.36123632797899524,0.4321454339293269,0.4529757552923078,0.30418141001154547,55,35,36,19,25,32,68,34,36,32,27,29
-0.002255263183871428,0.0007344660221119961,0.9409266975726539,0.004904329144469445,-0.0011618894635646402,-0.7071437126097523,0.7070518844363642,-0.006849676132399669,6.825314027718811e-05,-0.3850077790134,0.6002975634028075,-0.22056764786153163,-0.001756454334711494,-0.0061519416754165,7.088658123888397e-05,-0.3952028931068654,0.617049187780222,-0.22714890009288333,-0.0024541527790157493,-0.03280384927108371,-0.11382847496176351,0.2142706078404222,-0.44155715689736846,-0.5932418796462281,0.20211296094868675,-0.08198222749272877,0.4865196788498757,-0.16459423123466252,-0.08113064590279509,0.3553470720934889,-0.663272270564829,-0.13551209515151508,-0.00214620797619252,0.5955252677626683,0.49692679359566166,0.4745800167321467,0.4353922612101657,0.3438840638428036,0.5275206176939927,0.3139673053211987,0.43619242485903503,0.5262231224747675,0.4837999628519021,0.3719575277814997,0.5385234001913678,0.43400500370751055,0.5309955158748358,0.43190901162885176,0.6034155271786803,0.2787327467349236,0.37586127953949666,0.42270199839885375,0.4548354385168928,0.3070391772221759,55,35,36,19,24,32,67,33,36,33,28,29
-0.0022632843384026535,0.0007356116293036758,0.9409262335118938,0.004863113119203791,-0.0011345029184840927,-0.7070922484218474,0.7071036806972897,-0.0067418871572726136,6.65808606592815e-06,-0.385036740459084,0.6003524851220217,-0.2205806358514028,-0.001746612366873103,-0.006044000427069719,9.289564209775632e-06,-0.3951517264979214,0.6170280696860218,-0.22714928302529355,-0.0024444323263609355,-0.03241743490620179,-0.11392039419384731,0.2137898796836073,-0.4412844756436273,-0.5930047719652756,0.20148079320987922,-0.08045601192428065,0.4864486591792183,-0.16503850074800128,-0.08047551333267704,0.35546078426827094,-0.6627099348724609,-0.14637490112528814,-0.009945808414353694,0.5976797370096779,0.49692679359566166,0.4745800167321467,0.4353922612101657,0.3438840638428036,0.5275206176939927,0.3139673053211987,0.43619242485903503,0.5262231224747675,0.4837999628519021,0.3719575277814997,0.5385234001913678,0.43400500370751055,0.5309955158748358,0.43190901162885176,0.6034155271786803,0.2787327467349236,0.37586127953949666,0.42270199839885375,0.4548354385168928,0.3070391772221759,55,35,36,19,24,32,67,33,36,33,28,29
-0.0022077935690400542,0.0007463818681297913,0.9409258910504772,0.004838342858489611,-0.0010892266993375338,-0.7071533894306341,0.7070427765279463,-0.006696537513950794,9.02257230136019e-05,-0.3850949728316294,0.6004017636026098,-0.22059829769184744,-0.0017092946972242892,-0.005998595548115914,9.286468217954011e-05,-0.3951823290294278,0.6169644773221842,-0.2271091093257602,-0.002407192348848259,-0.03376291222983401,-0.11412432730337972,0.21361332174710798,-0.44000005412171356,-0.5927795336917411,0.20066025059551632,-0.07747418072744552,0.48603084031119764,-0.16462281622773364,-0.07943107524008117,0.3513827809402458,-0.6608795490471444,-0.1620370484017391,-0.02094200321081647,0.6015914840404732,0.502463658661396,0.467660013140792,0.43712680432738277,0.34692194030559365,0.5278779040451685,0.31748662213150514,0.43478753953093474,0.5263381658524128,0.4924104749034461,0.3694117207213707,0.5298869176405541,0.4204415439447795,0.5321352682362657,0.42922426763361776,0.6106946671702179,0.27517597515886943,0.3934580032173688,0.4121959715131814,0.44870308456367053,0.31229507918492416,56,33,36,19,24,32,66,31,36,33,28,29
-0.00221469025511984,0.0007444792678232995,0.9409252895163044,0.0047927349944217506,-0.00106507490645324,-0.7070967274330998,0.7070997902418851,-0.006588253043393959,2.258448463440296e-05,-0.3851225741394312,0.6004767015354092,-0.2206152928356559,-0.0017013802685496913,-0.005890160096782548,2.5218332330057856e-05,-0.3951094124462722,0.6169352602714263,-0.22710211272130842,-0.0023994040275566297,-0.03342589412617739,-0.11405399114557084,0.21316600934626398,-0.43977843069163525,-0.5926416301003824,0.1998221063489702,-0.07534539161747765,0.48575593237253856,-0.16507210940437497,-0.0789458244128129,0.35171140253587907,-0.6603772589527834,-0.17333453525304662,-0.02900300818158473,0.604248103422614,0.502463658661396,0.467660013140792,0.43712680432738277,0.34692194030559365,0.5278779040451685,0.31748662213150514,0.43478753953093474,0.5263381658524128,0.4924104749034461,0.3694117207213707,0.5298869176405541,0.4204415439447795,0.5321352682362657,0.42922426763361776,0.6106946671702179,0.27517597515886943,0.3934580032173688,0.4121959715131814,0.44870308456367053,0.31229507918492416,56,33,36,19,24,32,66,31,36,33,28,29
-0.0021635703418054052,0.0007617213847685595,0.9409240262234286,0.004769773902189299,-0.0010247421041228177,-0.7071593258879992,0.7070374013941363,-0.006547591571270224,0.00010639053702437658,-0.3851899611395913,0.6005376604490679,-0.2206332498272039,-0.0016677994397307472,-0.0058494484182011084,0.00010902787750208206,-0.39513658518141537,0.6168612832138678,-0.22705202587645185,-0.0023658979898014652,-0.03487920230681018,-0.11405300111757546,0.21315104138374305,-0.4385492763921383,-0.5923972138900598,0.1984221025151419,-0.07187785237140892,0.4852142440956486,-0.16470422850262978,-0.07842320812840822,0.3481899517521089,-0.6586388394328704,-0.1880727899987109,-0.040229359238680415,0.6083219608141937,0.5099493060100296,0.46042548376493536,0.44741283246084124,0.34876149988390315,0.537647192546989,0.32117434576133647,0.447253780606107,0.5255647231943916,0.5055591571694406,0.36721915084855283,0.5183501865651164,0.4032021589779607,0.5323242175810866,0.426024668962338,0.6140096233784084,0.27011511374003155,0.4088709534818532,0.4023472530771025,0.4452575951807235,0.3183435526142956,58,32,37,20,25,33,65,28,36,33,29,29
-0.002168030122540299,0.0007586558321680932,0.9409232346310088,0.004728466663191527,-0.0010056168816548474,-0.7071015939443522,0.7070954434721378,-0.00645569261497636,3.6879614565546996e-05,-0.38522088880768696,0.6006214748361336,-0.22065317997155456,-0.0016593122246441458,-0.005757422779941802,3.950963169026142e-05,-0.3950576418624642,0.6168266537067906,-0.22704101151472858,-0.0023575217489618184,-0.03461947855255972,-0.11385805880014421,0.21269297853360328,-0.43827426343288856,-0.5922846683556774,0.19717271922270577,-0.06938663796256667,0.48481689577554915,-0.1651699237547682,-0.07809022852110448,0.34873615847988915,-0.6582755365378998,-0.19875743620195474,-0.048446069306014826,0.6110703076388573,0.5099493060100296,0.46042548376493536,0.44741283246084124,0.34876149988390315,0.537647192546989,0.32117434576133647,0.447253780606107,0.5255647231943916,0.5055591571694406,0.36721915084855283,0.5183501865651164,0.4032021589779607,0.5323242175810866,0.426024668962338,0.6140096233784084,0.27011511374003155,0.4088709534818532,0.4023472530771025,0.4452575951807235,0.3183435526142956,58,32,37,20,25,33,65,28,36,33,29,29
-0.002115206513535891,0.0007736862932537078,0.9409226149576269,0.004702902496440464,-0.0009585960068925708,-0.7071583248336519,0.7070389433547972,-0.006404385511799274,0.00010987037858414982,-0.3852977229992764,0.6006880291790689,-0.22067340630706175,-0.0016240451640692408,-0.00570605803359783,0.00011250647540565122,-0.39508069606532986,0.6167427723366276,-0.2269893546536781,-0.0023223289185284124,-0.036010896561166454,-0.11363639221065099,0.2126623802437707,-0.43699815417869287,-0.5920564320528413,0.1951441232757377,-0.06585241036371722,0.48430159127070616,-0.16505276941510294,-0.07791554467548313,0.3460717239444265,-0.6571702246944795,-0.2112311774290628,-0.05954718975760628,0.6147258030840712,0.5168375271557055,0.45429417700926433,0.46527634716817323,0.3500001164208122,0.5528351698708913,0.3252992220089148,0.4677325839310899,0.5251349882259655,0.5231496674751757,0.3665710926439948,0.5060918491104418,0.3852975243134516,0.5391951076072903,0.4242028070226437,0.6135501654528208,0.265003541779777,0.4268289603148882,0.39510460792022417,0.4458758257083649,0.3240342771802394,59,31,38,21,26,34,63,25,37,33,30,29
-0.002118287263831272,0.0007720334831213546,0.9409216581212886,0.004672685782806482,-0.0009423639417991137,-0.7071059003398285,0.7070915949595055,-0.006333667883288985,4.535708675339161e-05,-0.3853427785114006,0.6007711926700037,-0.2206922508824897,-0.0016139261923138195,-0.005635240820525478,4.799037775455021e-05,-0.3950139079067695,0.6166986316887021,-0.22697150333485666,-0.002312302640951853,-0.035851649150207755,-0.11333153680408128,0.21215064508861967,-0.43655947433165004,-0.5919860316437808,0.19342845137201828,-0.0632980974958779,0.48390003602314446,-0.1654716656892716,-0.07762275034800019,0.34683858598651474,-0.6571777684635932,-0.22031416806831586,-0.06770087480914673,0.6172374246001108,0.5168375271557055,0.45429417700926433,0.46527634716817323,0.3500001164208122,0.5528351698708913,0.3252992220089148,0.4677325839310899,0.5251349882259655,0.5231496674751757,0.3665710926439948,0.5060918491104418,0.3852975243134516,0.5391951076072903,0.4242028070226437,0.6135501654528208,0.265003541779777,0.4268289603148882,0.39510460792022417,0.4458758257083649,0.3240342771802394,59,31,38,21,26,34,63,25,37,33,30,29
-0.0020612683054199742,0.0007852559561502709,0.9409221207017913,0.0046303176126088336,-0.000866649977011105,-0.7071509901482533,0.7070468769529845,-0.00622248926310332,0.00010040418536368777,-0.3854457549732639,0.6008428716626013,-0.2207094180454076,-0.00157548100563988,-0.005523940689972132,0.0001030557230793308,-0.3950404380468157,0.6165954963630063,-0.2269135634208176,-0.002273965748282743,-0.037034982277788946,-0.1128328251928724,0.21190336096024498,-0.43507618396908554,-0.5919333217382456,0.19086485904860748,-0.06023264622773231,0.4836445490434868,-0.16536997717911492,-0.07795450990617277,0.3449752748295736,-0.6565685557356579,-0.2294228507645988,-0.07846582785204906,0.6205129411812309,0.5207412701870562,0.44955293773634414,0.4757120896448679,0.35181152383828707,0.5609653673122864,0.3301818416778928,0.48104777060772475,0.526104440085632,0.5341243327183011,0.36829864571755755,0.4953498711631923,0.36943726361497364,0.5407230910075338,0.4259707557417438,0.6067050888462542,0.260719465324478,0.4351058526799134,0.3910966687325294,0.44153875233032913,0.328910674750434,59,30,39,22,27,35,62,23,37,32,30,29
-0.0020623654160006008,0.0007834049788226089,0.9409211071244523,0.004612197687632032,-0.0008585268682954807,-0.7071079133532859,0.7070900858004365,-0.006180155052095044,4.482615411002397e-05,-0.3854991772608797,0.6009315937804933,-0.22072890974085077,-0.0015639384696059838,-0.005481533505425147,4.747876114764703e-05,-0.39497877399145637,0.6165419714519499,-0.22688785435422668,-0.002262511839098012,-0.03695322345207045,-0.11239596294360396,0.21131025296599543,-0.434368756050303,-0.5920232638592401,0.18872069733158853,-0.058002462118068705,0.4834392332038198,-0.16564028489338864,-0.07770847965561999,0.3457908829990851,-0.6569039775142125,-0.23608324410932838,-0.08637903993679913,0.6228177537622882,0.5207412701870562,0.44955293773634414,0.4757120896448679,0.35181152383828707,0.5609653673122864,0.3301818416778928,0.48104777060772475,0.526104440085632,0.5341243327183011,0.36829864571755755,0.4953498711631923,0.36943726361497364,0.5407230910075338,0.4259707557417438,0.6067050888462542,0.260719465324478,0.4351058526799134,0.3910966687325294,0.44153875233032913,0.328910674750434,59,30,39,22,27,35,62,23,37,32,30,29
-0.0019951587038602174,0.0007989758435324197,0.9409227491784365,0.004533743849434767,-0.0007519035105626133,-0.7071324878356124,0.7070661386710837,-0.005985220029477844,6.80574796107896e-05,-0.38561553880301697,0.6010224834942078,-0.22074529283979333,-0.0015185206877158582,-0.005286391521126568,7.073050486319474e-05,-0.3949824688428392,0.6164214831488986,-0.22682573520144453,-0.002217255019373279,-0.03766795786781697,-0.11157201230667066,0.21068987350206328,-0.43253730148717,-0.5924472367766382,0.18576622568628365,-0.05593497661186016,0.48369422340539675,-0.16538596101275943,-0.07843139302120873,0.3446156833826291,-0.6567022654966027,-0.24118262148568273,-0.0965957384627683,0.6258786310192039,0.5204910946920753,0.4458388072749302,0.476371230690176,0.35521271676481847,0.5592533389424201,0.3353363661910389,0.48314253222926085,0.5286772822958744,0.5309306768931242,0.37217860863784985,0.48725458030683705,0.3563440130060224,0.5435840696239879,0.4327649996338462,0.6086525621322145,0.257676387780517,0.44263366718327524,0.3894661559653775,0.4397510464840964,0.3332511515205112,59,30,39,22,27,35,61,21,37,32,31,29
-0.0019949453936155682,0.000794844549343996,0.9409215714622754,0.004525276371657375,-0.0007566612611775026,-0.7071051021419062,0.7070935750396695,-0.005972623583898895,2.7108541785629298e-05,-0.385664364611682,0.6011259497009313,-0.22077372511832397,-0.0015051917535268964,-0.0052737461021705396,2.9777944403403533e-05,-0.3949097669658395,0.616356089163119,-0.22679512533386034,-0.002204019300598171,-0.037603788745440694,-0.11096619963904926,0.21002269847543759,-0.4314881403237175,-0.592916086142478,0.18327247236682187,-0.054414535979398035,0.4839171329560201,-0.1654446350561858,-0.07815534635963448,0.34531511028136413,-0.6573404688476111,-0.24491483062867164,-0.10412125305011925,0.6281203866175048,0.5204910946920753,0.4458388072749302,0.476371230690176,0.35521271676481847,0.5592533389424201,0.3353363661910389,0.48314253222926085,0.5286772822958744,0.5309306768931242,0.37217860863784985,0.48725458030683705,0.3563440130060224,0.5435840696239879,0.4327649996338462,0.6086525621322145,0.257676387780517,0.44263366718327524,0.3894661559653775,0.4397510464840964,0.3332511515205112,59,30,39,22,27,35,61,21,37,32,31,29
-0.001915207014187668,0.0008193476233545438,0.9409232861195271,0.004413036348248886,-0.0006300296078973083,-0.7071121684253082,0.707087342156357,-0.005715778703012135,2.5764540702730425e-05,-0.38578819988394397,0.6012402499019505,-0.22079119038625322,-0.0014507267816481395,-0.005016642528877826,2.84462418661588e-05,-0.394885115894455,0.6162191897928709,-0.22672643457509917,-0.0021497479126492687,-0.03783814680243224,-0.1098217007666565,0.20903206853513423,-0.4291028062623192,-0.5941278833639494,0.1800875898148327,-0.053624650429346984,0.4848239027812823,-0.16468643608126904,-0.07885991486708556,0.34379031467759985,-0.6571152319104189,-0.2465080218255358,-0.11391548632482365,0.6312678604938958,0.5164813054553735,0.4427569572416361,0.4732173509186522,0.3605661040929369,0.5578794157552502,0.3397370655469562,0.48110960762312294,0.5325593832445004,0.5277134242164606,0.37734140601165045,0.48163872163915755,0.34512809090039387,0.536969795357705,0.44442210606779375,0.6096256879099564,0.25613555003033256,0.44853232154965544,0.38906322925426207,0.4369175393500686,0.3376388830800862,59,29,39,22,27,34,60,19,37,32,31,29
-0.0019146610400557287,0.0008101149480286607,0.9409219849881505,0.00440561582641631,-0.0006487914148563248,-0.7070978589651227,0.7071016811363341,-0.0057222122538278415,-2.1384858001891273e-06,-0.38581746776899484,0.6013669397488143,-0.22083528130661773,-0.0014349944561331306,-0.005023040351902925,5.273804753026515e-07,-0.3947816230632835,0.6161451476531303,-0.22669573006305663,-0.0021341151555444825,-0.03769823392793119,-0.10900508122151914,0.20835209043899694,-0.4276634156517419,-0.5952042258183314,0.1773326938102339,-0.0530391070107403,0.4856327037271215,-0.16446969154574154,-0.07837639591604886,0.34388052299084354,-0.6578309984323497,-0.24754740157182875,-0.1211081545463479,0.6336074631655783,0.5164813054553735,0.4427569572416361,0.4732173509186522,0.3605661040929369,0.5578794157552502,0.3397370655469562,0.48110960762312294,0.5325593832445004,0.5277134242164606,0.37734140601165045,0.48163872163915755,0.34512809090039387,0.536969795357705,0.44442210606779375,0.6096256879099564,0.25613555003033256,0.44853232154965544,0.38906322925426207,0.4369175393500686,0.3376388830800862,59,29,39,22,27,34,60,19,37,32,31,29
-0.001834133259297946,0.0008256157159210977,0.9409255160490912,0.004249508144649633,-0.0005294683305729275,-0.707103842898303,0.7070967520094176,-0.005414448463732612,7.390839359495816e-08,-0.3858670642577904,0.6015270966797264,-0.2208882004902418,-0.0013794511762029208,-0.0047149811188274635,2.7176457087889157e-06,-0.3946582513132562,0.6160140995939796,-0.22664697381391058,-0.002078791203083107,-0.03777360663159906,-0.10755360892603598,0.207219091613634,-0.4246418771140188,-0.5972561201886537,0.1740123475706085,-0.05340871198223974,0.4871922637593408,-0.16427827111136223,-0.07915968798755658,0.34009328272417594,-0.6588415799685805,-0.2469992576246055,-0.13136920165417726,0.6363686654861732,0.5102978133550679,0.44001106563605846,0.4574612514699332,0.3672883444267482,0.55447054338001,0.3431377872345896,0.4710698454471208,0.5372033465915607,0.5197681269560217,0.38300615135167837,0.4774710150117352,0.33464023289223477,0.5390451140113739,0.4590401897576887,0.6129955696297071,0.2557730713246321,0.4571510017420987,0.3891673992306674,0.4442904733356084,0.3423120457855323,58,29,38,22,27,34,59,17,38,33,31,30
-0.0018332362367482022,0.0008196569397166467,0.9409231192057941,0.004246869918576614,-0.000547769921513066,-0.7070887760940084,0.7071118205530756,-0.005425081587362325,-2.8235141778882078e-05,-0.38590541311812615,0.6016577846626264,-0.22094712075405265,-0.001364229212962318,-0.004725575876216286,-2.561860716454447e-05,-0.394543999283271,0.6159123840296938,-0.2266178539816364,-0.0020636772042029595,-0.03745676984928448,-0.10652947130466763,0.20662704749281516,-0.42286560399868783,-0.5990164399535447,0.17105847411161146,-0.053708966381578876,0.4886016351448459,-0.16397405636152,-0.07857586457077145,0.3388503144677514,-0.6601946239128724,-0.24621257431006993,-0.13876928853542678,0.6386781156741291,0.5102978133550679,0.44001106563605846,0.4574612514699332,0.3672883444267482,0.55447054338001,0.3431377872345896,0.4710698454471208,0.5372033465915607,0.5197681269560217,0.38300615135167837,0.4774710150117352,0.33464023289223477,0.5390451140113739,0.4590401897576887,0.6129955696297071,0.2557730713246321,0.4571510017420987,0.3891673992306674,0.4442904733356084,0.3423120457855323,58,29,38,22,27,34,59,17,38,33,31,30
