-0.0010610603087450612,-0.004073331315635594,0.9549630506683613,0.013354714728419046,0.012096022038979417,-0.706498407693577,0.7074852208857761,-0.0008928337926836285,-0.0031393229309357226,-0.17444164519369695,0.193734332264359,-0.054149716900157664,-0.0006957839231772223,-0.0002016752035579189,-0.00311987332199791,-0.17630307933835426,0.1976849979109348,-0.05675886663150845,-0.0014026158274374465,-0.02207786838070252,-0.17645347872620282,0.15055616458148086,-0.27437450469639707,-0.34671037374449387,0.12820000354855715,-0.06367965622166372,0.3701031398269257,-0.17124664274842494,-0.1313677392016162,0.2416954672482777,-0.37489678489336264,-0.13784972830047998,-0.053282601591095005,0.33221656359418233,0.5966239449136872,0.3700613933554868,0.44462721716148823,0.40582738724570167,0.5361271853014272,0.2864172219919444,0.4950466725655358,0.5088868281012318,0.47200706980214924,0.4231081539690853,0.5310834979224289,0.3344691382656617,0.6014884218850908,0.3752383889827524,0.7371679617406397,0.25833162801494697,0.602404457943,0.5323130911071052,0.5387244970277826,0.4503555884793975,42,38,33,32,39,35,38,34,38,38,44,39
-0.0011671649880888304,-0.0036457170674838346,0.9543457111025384,0.013284771625023669,0.01212776943770517,-0.7069499480646929,0.7070347961611684,-0.0006946831387786405,-0.00027524952812951005,-0.19155820464441298,0.22160910052786328,-0.06410570888487958,-0.0009141889890703046,-4.120874424022988e-06,-0.0002512787072071322,-0.19452480096709326,0.2266411794093123,-0.06615871684961026,-0.0016057657964383691,-0.020202554169188112,-0.1610782868001523,0.16608264026864328,-0.28863591570184105,-0.4311267837051249,0.17539021469944852,-0.06335495307743673,0.47783886210958354,-0.15410900898913665,-0.1387968415877661,0.25705036117422225,-0.457211774763796,-0.1718275688407693,-0.07494141367520159,0.43339331275033816,0.5966239449136872,0.3700613933554868,0.44462721716148823,0.40582738724570167,0.5361271853014272,0.2864172219919444,0.4950466725655358,0.5088868281012318,0.47200706980214924,0.4231081539690853,0.5310834979224289,0.3344691382656617,0.6014884218850908,0.3752383889827524,0.7371679617406397,0.25833162801494697,0.602404457943,0.5323130911071052,0.5387244970277826,0.4503555884793975,42,38,33,32,39,35,38,34,38,38,44,39
-0.0011829493256720043,-0.003648346561119515,0.9541738275992303,0.01327013656198306,0.012098169935595978,-0.7069843062992395,0.707001222351432,-0.0007004199220641156,-0.0001222548629215536,-0.19599110008651732,0.22920093434203317,-0.06709817116568347,-0.0009373258242769937,-9.735197235762046e-06,-9.824681710064086e-05,-0.19914162730017854,0.23448995586446122,-0.06920286715087617,-0.0016287457761402285,-0.020454068230634323,-0.15729652461681184,0.1686720064486105,-0.2903922063170964,-0.44706408738770015,0.18410079502057314,-0.061835720638157565,0.4970663144741825,-0.15072129503940856,-0.14019338280445223,0.2586522686242867,-0.4734320612453159,-0.17736061266652536,-0.08073489309871618,0.4502265210519759,0.5963792322992651,0.3716749677022481,0.4448155207344859,0.40163312543371027,0.5361179001498065,0.28391929803984384,0.491314355773316,0.5092450743834961,0.4687123419599895,0.4224884748181647,0.5342617424903106,0.333496623353158,0.6090920709444516,0.37832067534835945,0.751315338857918,0.2600382284108395,0.6228266951469258,0.5341963799098234,0.5595887912246534,0.4504647500974635,43,38,33,32,39,35,38,34,38,39,45,39
-0.0011918055197254556,-0.0036274975470904805,0.9539987961290046,0.01323567720854773,0.012055238321734055,-0.7069875089992721,0.7069993990074118,-0.0007048056484254256,-5.69099960245037e-05,-0.2005392794086651,0.23702095591505049,-0.07019622498485718,-0.0009526359221078122,-1.3981718816610337e-05,-3.293071661824749e-05,-0.20385185690734914,0.24257024966397284,-0.07238064979588979,-0.0016440921696252871,-0.020478087441176532,-0.1539076085327813,0.17101141120174734,-0.29198340374964654,-0.46143974284523226,0.19143361578308335,-0.060091977295556175,0.5140256146363998,-0.14719004985188153,-0.14132970221484695,0.2604105899656799,-0.48760035410322516,-0.18159846737821436,-0.08578741618581241,0.46526106239538695,0.5963792322992651,0.3716749677022481,0.4448155207344859,0.40163312543371027,0.5361179001498065,0.28391929803984384,0.491314355773316,0.5092450743834961,0.4687123419599895,0.4224884748181647,0.5342617424903106,0.333496623353158,0.6090920709444516,0.37832067534835945,0.751315338857918,0.2600382284108395,0.6228266951469258,0.5341963799098234,0.5595887912246534,0.4504647500974635,43,38,33,32,39,35,38,34,38,39,45,39
-0.0012067545239175168,-0.0036429977947718887,0.9538129112396402,0.01321443802657656,0.01202883618068671,-0.7070115411659574,0.7069762134512857,-0.0006964601892912101,1.00903934323525e-05,-0.20520944397197102,0.24505234763412664,-0.0734156735958889,-0.000969006889302214,-5.478884160971245e-06,3.4033254561212066e-05,-0.2086914227936388,0.2508548340096884,-0.07568202411776773,-0.0016605809098319386,-0.02097196249547162,-0.1505589215188038,0.17300025168822766,-0.29313733723866253,-0.474034929229734,0.19826631294439204,-0.05828946514300638,0.5287394450464333,-0.1441179323318269,-0.1428620867386283,0.2608940105699689,-0.5001405598104013,-0.18569108154882333,-0.09172445828637295,0.47781143401606707,0.5960561544014286,0.37262049982451606,0.45000014345058265,0.3979788684922859,0.5404630194956941,0.28170064422135493,0.4946120157686192,0.5095994460348211,0.47077814856923494,0.4221150616247006,0.5360567089062316,0.33258957574089654,0.6102538319077493,0.38122061844036437,0.7546164895117251,0.2613578107717486,0.6292902078724214,0.5357991157619297,0.5644686969066445,0.452059431255072,43,38,33,32,39,35,38,34,39,39,45,40
-0.0012103021165466652,-0.0036401501652491316,0.95362255316883,0.013182942174142835,0.01197851082338553,-0.7069992783247354,0.7069899191377419,-0.0007195921514553717,1.3522599183350604e-05,-0.20998391757549117,0.2532987779285907,-0.07672010807209226,-0.000977839754595902,-2.8449080941268585e-05,3.740419645627663e-05,-0.21361386186918807,0.2593595119736903,-0.07908576088604305,-0.0016695711067221265,-0.021006757922291956,-0.1476710525458551,0.17479992959377502,-0.2942853352279722,-0.485394929232171,0.20395802954288564,-0.05645890824205777,0.5417173378583799,-0.14110242483081822,-0.14382773186821893,0.2619207768794177,-0.5111411781063894,-0.18873248316132185,-0.09664307793094824,0.4890097102303349,0.5960561544014286,0.37262049982451606,0.45000014345058265,0.3979788684922859,0.5404630194956941,0.28170064422135493,0.4946120157686192,0.5095994460348211,0.47077814856923494,0.4221150616247006,0.5360567089062316,0.33258957574089654,0.6102538319077493,0.38122061844036437,0.7546164895117251,0.2613578107717486,0.6292902078724214,0.5357991157619297,0.5644686969066445,0.452059431255072,43,38,33,32,39,35,38,34,39,39,45,40
-0.0012175254324979555,-0.003655668846090357,0.9534219294099235,0.013165577351322932,0.011934452969691776,-0.7070184282102143,0.7069718371876484,-0.0007509278424169768,4.6467982839799164e-05,-0.21487244177665357,0.26173617372977026,-0.08012195914401932,-0.0009855429914607926,-5.961546303049267e-05,7.029123719252065e-05,-0.21866547745699555,0.2680478032742026,-0.08257971836009387,-0.0016774500965321248,-0.021513198258875467,-0.14479838047987514,0.17633742323802465,-0.29521650529703064,-0.4953274590833441,0.20916603148240587,-0.054713381382422564,0.5529618732930222,-0.13842960031535453,-0.14467763292458644,0.2621883939160548,-0.5207909103354816,-0.1916726359510983,-0.10177665599630924,0.49876570961195194,0.5956345177607317,0.3728523144557659,0.45063197009309713,0.39539236035400044,0.5416673839460328,0.28014604455001857,0.4955499557086409,0.5099277948269987,0.4687337047900339,0.42185283463123463,0.5362578755558165,0.3320621197876513,0.6094398277979115,0.3841045132298972,0.7562734178371059,0.26216068840760476,0.6300085330326647,0.5366700001520899,0.5624814824736163,0.45504990457537786,43,38,33,32,39,35,38,34,39,39,46,40
-0.0012202040688778257,-0.003663254576679268,0.9532145863242513,0.013131544290042105,0.01188442799668208,-0.7070036685499477,0.7069880731473948,-0.0007726890654890423,3.277911139424142e-05,-0.2198584690626221,0.27036522526354345,-0.08359953651582877,-0.0009893327134059115,-8.12009703473909e-05,5.653146935512775e-05,-0.2237933489749024,0.27692894550103164,-0.08616067706835266,-0.0016814283624563553,-0.021564282054053946,-0.14238721018854578,0.17773432794836427,-0.29610640665451926,-0.5042760251634008,0.2134996735302408,-0.053019180097607296,0.5628857677626314,-0.1359662390499946,-0.14522856602889764,0.2629394519439735,-0.5293194382517851,-0.1937958312113571,-0.10602316212611296,0.5074269812945762,0.5956345177607317,0.3728523144557659,0.45063197009309713,0.39539236035400044,0.5416673839460328,0.28014604455001857,0.4955499557086409,0.5099277948269987,0.4687337047900339,0.42185283463123463,0.5362578755558165,0.3320621197876513,0.6094398277979115,0.3841045132298972,0.7562734178371059,0.26216068840760476,0.6300085330326647,0.5366700001520899,0.5624814824736163,0.45504990457537786,43,38,33,32,39,35,38,34,39,39,46,40
-0.0012250124649173723,-0.003670775812444756,0.9529973378696996,0.013112451397095907,0.011826329463530669,-0.707020569038186,0.706972500530748,-0.0008242780655763052,5.422770911342137e-05,-0.22494660774656713,0.279163473318188,-0.08715342435655522,-0.0009928505080018329,-0.00013260814922213157,7.790776021860368e-05,-0.22903870584204153,0.2859712057787344,-0.08980768999663699,-0.00168514182600448,-0.022055798820413607,-0.13998756158735257,0.17898541411504382,-0.29691120987721414,-0.5121577599024353,0.21733670178477868,-0.05143505116519448,0.5713874961326882,-0.13369700142223606,-0.14543263580926885,0.2633173257347047,-0.5367469811671709,-0.19584903014046923,-0.11004267198397653,0.5153706463814777,0.5951980283681004,0.3727932001540008,0.4489197671903057,0.3940608399410077,0.5393939355156775,0.27949622356291604,0.4933313978832608,0.5102643728465996,0.46520192632886825,0.4214736618512389,0.5357016042166208,0.33224407036217174,0.6092316449247337,0.38753211298801127,0.7553360014958598,0.26273186485861244,0.6270758911971237,0.536668123923144,0.557495862198832,0.4582919496540663,43,38,33,32,39,35,38,34,39,39,45,40
-0.0012290248893858653,-0.003683780763928208,0.9527716942065574,0.01307490385324093,0.011781276552438694,-0.7070066030648249,0.7069879147727779,-0.0008332831553195932,3.8126142479726226e-05,-0.23012666962274614,0.2881233361465376,-0.09077476664578708,-0.0009955913935350128,-0.00014142189038835956,6.17312734770527e-05,-0.23435331047722532,0.29517021432718,-0.09352939851835676,-0.00168808744897014,-0.02213765537000675,-0.13798736087208185,0.18009963531100498,-0.29760262207888477,-0.5192216482105959,0.22055022564642826,-0.049939393039507986,0.5789176836476344,-0.1317435951611458,-0.14564956025869127,0.26397585797067663,-0.5433920661790942,-0.19728758786863665,-0.11342486980814093,0.5223581948884607,0.5951980283681004,0.3727932001540008,0.4489197671903057,0.3940608399410077,0.5393939355156775,0.27949622356291604,0.4933313978832608,0.5102643728465996,0.46520192632886825,0.4214736618512389,0.5357016042166208,0.33224407036217174,0.6092316449247337,0.38753211298801127,0.7553360014958598,0.26273186485861244,0.6270758911971237,0.536668123923144,0.557495862198832,0.4582919496540663,43,38,33,32,39,35,38,34,39,39,45,40
-0.001235713341863645,-0.003681428811302719,0.9525355703505615,0.013051019460062574,0.01172683948167157,-0.7070206959633452,0.7069751676023219,-0.0008699092230135973,5.4053884438899036e-05,-0.2354090321226471,0.29722377669309147,-0.09444976092040855,-0.0010003318430508177,-0.00017784821573592542,7.758382120160354e-05,-0.23978054013643768,0.30449700600474183,-0.09729314421775948,-0.001693040184290422,-0.022595380410167357,-0.1360153172951586,0.1812000227957069,-0.29829570038192466,-0.5255036877963206,0.22323775796946974,-0.04851399927565371,0.5852600521098312,-0.12969689785913627,-0.14580425433941133,0.26443228619980047,-0.548788897595869,-0.19867556675319917,-0.11654287222528807,0.5291034046481079,0.5948839389159115,0.3728050160330369,0.45160952900713913,0.3937542641312486,0.5406792657900161,0.27965272723694234,0.49324592910979065,0.5106853375355344,0.46580235449813934,0.42118614503691165,0.5352165597641991,0.3329732863769475,0.6107983746343715,0.3919171654671844,0.7547045413724882,0.26349562966593143,0.6246438446976397,0.5362970581975237,0.5496418107516874,0.4610725994916973,43,38,33,32,39,35,38,34,39,39,45,39
-0.001239655199300986,-0.0036979820995219365,0.952291050391053,0.013012323794094657,0.01168493549534339,-0.7070076870608853,0.7069895841868992,-0.0008718348864890662,3.7363181379075335e-05,-0.24075621550624662,0.3064592900745512,-0.09818631556499866,-0.0010040553864727945,-0.00017956528904856286,6.081863029841245e-05,-0.24524893391016006,0.3139482250326809,-0.10112218563702528,-0.0016969848046623312,-0.022680218001802314,-0.134357198212303,0.1821125860766835,-0.29883106862276115,-0.5310911654146921,0.22552167907999848,-0.047209334089184964,0.5909156688160282,-0.12816563963289754,-0.1459586719062595,0.26500162317387715,-0.5538271960278883,-0.19963002603864038,-0.1191675488469516,0.5349086822754229,0.5948839389159115,0.3728050160330369,0.45160952900713913,0.3937542641312486,0.5406792657900161,0.27965272723694234,0.49324592910979065,0.5106853375355344,0.46580235449813934,0.42118614503691165,0.5352165597641991,0.3329732863769475,0.6107983746343715,0.3919171654671844,0.7547045413724882,0.26349562966593143,0.6246438446976397,0.5362970581975237,0.5496418107516874,0.4610725994916973,43,38,33,32,39,35,38,34,39,39,45,39
-0.001242905007024919,-0.003695100008757697,0.9520364507269703,0.012993029632826258,0.011637970057587361,-0.7070150829186973,0.7069833175962263,-0.0009076369746114818,4.1611472552075045e-05,-0.2462057494957086,0.3157947300272622,-0.1019580148066723,-0.0010071724110868453,-0.00021515265537909453,6.499859961584704e-05,-0.2508232260417137,0.3234835587585823,-0.10497573056842241,-0.001700329433140703,-0.022982936690815022,-0.13272117447896628,0.18308433346549874,-0.2994708848603158,-0.5360609607445851,0.227253740574804,-0.04596391200433926,0.5956756051650968,-0.12642108452812395,-0.14596667140256148,0.26552080410767637,-0.557842825911902,-0.2006529837377708,-0.12146191186810397,0.5405487620154801,0.5947678047074839,0.37300892284954734,0.4532804199665359,0.39409697698317026,0.5435135932287923,0.28034939286116844,0.49397392339409,0.5111425352597405,0.46852311336248825,0.4214380920410833,0.5349344272906142,0.333563155304244,0.6071948282343638,0.39664390978066677,0.7527469102702813,0.2644611807147197,0.621977976438266,0.5361087022646486,0.5417889810350192,0.46334323794195686,43,38,33,32,39,35,38,34,39,39,45,39
-0.0012470711394528163,-0.0037125527447103104,0.9517733814521934,0.012955362301530833,0.011602723901942008,-0.7070058282434276,0.7069938431241931,-0.0009009954070489218,2.7141127377003107e-05,-0.25169075662744667,0.32523462765450134,-0.1057796403938372,-0.0010106332057457485,-0.00020828629630122365,5.046106786346019e-05,-0.25641170586302725,0.3331054308501093,-0.10887735101154049,-0.0017040263173334262,-0.02303736355672936,-0.1313554615483222,0.18382720577187173,-0.2999039694058776,-0.5404679925053519,0.2287713307978283,-0.044850397994737785,0.5999390859997882,-0.12522929289602067,-0.14604937168207233,0.2660209899355488,-0.5617139071848403,-0.20134883890129102,-0.1234252598720676,0.5453360555809539,0.5947678047074839,0.37300892284954734,0.4532804199665359,0.39409697698317026,0.5435135932287923,0.28034939286116844,0.49397392339409,0.5111425352597405,0.46852311336248825,0.4214380920410833,0.5349344272906142,0.333563155304244,0.6071948282343638,0.39664390978066677,0.7527469102702813,0.2644611807147197,0.621977976438266,0.5361087022646486,0.5417889810350192,0.46334323794195686,43,38,33,32,39,35,38,34,39,39,45,39
-0.0012459474292928153,-0.003715943794048955,0.951501319489796,0.012941382370382195,0.011580882031261031,-0.7070041125519279,0.706996172994156,-0.0009125582431500456,1.7547577175833498e-05,-0.25728501254839625,0.33472575331863635,-0.10961761569090707,-0.0010113403302294964,-0.00021961884211503714,4.082018266629807e-05,-0.2621011721094807,0.342756841982511,-0.11278624656425014,-0.0017049761613673123,-0.02309034850437416,-0.1299825018093713,0.18463979612036743,-0.30051607905797156,-0.5443470510937041,0.2297686689760031,-0.043831097408613504,0.6036345692201951,-0.12373936377032252,-0.14606835036240562,0.266721524042457,-0.5647979528719423,-0.20209266427605846,-0.1251085145720124,0.5499272813002828,0.5947585719157408,0.37335729056824546,0.45108355658375815,0.3946804056455269,0.5439581111359828,0.2813512031251669,0.4948579850201027,0.5113945346237898,0.4715652047954218,0.42217093834070313,0.5345690077051242,0.33346915187073156,0.6060879578760414,0.40013795422340426,0.7534421447245208,0.26519206351893115,0.621915772903725,0.5360110598196458,0.540634079215682,0.46497001570450947,43,38,33,32,39,35,38,34,39,39,45,39
-0.0012504738838826333,-0.0037326245748409265,0.9512208607176321,0.012907224543793772,0.011553469186013595,-0.7070015822149264,0.7069997762729028,-0.0008979031592684753,9.19342206756495e-06,-0.26287084945371114,0.3442926764791077,-0.11349108012157623,-0.0010148235371387976,-0.0002047227004607906,3.24133587299812e-05,-0.26776673743800905,0.3524587647136256,-0.1167211976554346,-0.0017087104628350212,-0.0230956239784099,-0.12887425007985862,0.18522378904993492,-0.3008779550024459,-0.5478080613728994,0.2306948923059785,-0.042926268245643565,0.6069337975905726,-0.12278188303658169,-0.1461556583835644,0.2672276161210285,-0.5678387841121636,-0.20262229339221682,-0.1265808493708822,0.5537994691203487,0.5947585719157408,0.37335729056824546,0.45108355658375815,0.3946804056455269,0.5439581111359828,0.2813512031251669,0.4948579850201027,0.5113945346237898,0.4715652047954218,0.42217093834070313,0.5345690077051242,0.33346915187073156,0.6060879578760414,0.40013795422340426,0.7534421447245208,0.26519206351893115,0.621915772903725,0.5360110598196458,0.540634079215682,0.46497001570450947,43,38,33,32,39,35,38,34,39,39,45,39
-0.0012476395700054914,-0.003746132500226696,0.950933213636471,0.012892937329882309,0.011562230954239127,-0.7069928686027749,0.7070086072511338,-0.0008663291181601189,-8.536512207277947e-06,-0.26855926767593313,0.35386296726744537,-0.11736638126764923,-0.0010153883751441216,-0.00017290175425319087,1.4660320506477961e-05,-0.27351299518286687,0.36213414075652245,-0.12064942787635205,-0.001709533160687979,-0.022919381766456887,-0.12772749749149054,0.18584478814718094,-0.3013857033115605,-0.550826928267159,0.23123230751654855,-0.04214777636880135,0.6099043977797521,-0.12164171708568453,-0.14652087071569692,0.2678955121828938,-0.570453562601658,-0.20317614376931678,-0.12803892503402944,0.5573777185695225,0.5946066410043548,0.37360432447057274,0.447020150832435,0.39503578086117175,0.5408264319525443,0.2823988108287377,0.4927159947890077,0.5112161183410046,0.4711326773001926,0.4227363290252405,0.5340785003721437,0.3329261101272661,0.6061568460216178,0.40143797144339854,0.7536904003573244,0.2655512173724065,0.621365872016299,0.5356588523765933,0.5393994333028213,0.46565009197419527,43,38,33,32,39,35,38,34,39,39,45,39
-0.0012510194840997608,-0.0037600125061986096,0.9506371906381562,0.012867672665813372,0.01154178701510396,-0.7069963716907217,0.7070058985389147,-0.0008533945700351683,-1.0282839699672056e-05,-0.27420472899062553,0.3634704108818263,-0.12125655928418749,-0.0010190787141814615,-0.00015971210609804756,1.287928130360831e-05,-0.2792068303808668,0.3718173897720677,-0.1245770153766936,-0.0017134885543918052,-0.022862861177146684,-0.12684303048185558,0.18627928624729403,-0.3016701032907902,-0.5535531821219726,0.2317687587956563,-0.04145418192802339,0.6125352241150049,-0.12086280763268456,-0.146751175874479,0.268337139041288,-0.5729842324335789,-0.20361037671418497,-0.12927709821606137,0.5604317855086839,0.5946066410043548,0.37360432447057274,0.447020150832435,0.39503578086117175,0.5408264319525443,0.2823988108287377,0.4927159947890077,0.5112161183410046,0.4711326773001926,0.4227363290252405,0.5340785003721437,0.3329261101272661,0.6061568460216178,0.40143797144339854,0.7536904003573244,0.2655512173724065,0.621365872016299,0.5356588523765933,0.5393994333028213,0.46565009197419527,43,38,33,32,39,35,38,34,39,39,45,39
-0.0012432242608722398,-0.0037777508058049673,0.9503360698681803,0.012873705890049967,0.0115644141849311,-0.7069820563254265,0.7070197338512464,-0.0008367951822269901,-3.5073916769908246e-05,-0.279943544192129,0.37302221803910357,-0.12512558748758001,-0.0010162915884652979,-0.00014285880314915774,-1.1907652735347296e-05,-0.2849663103211602,0.3814173782287869,-0.12847760582845902,-0.0017109670556659034,-0.022470061905951813,-0.1259178996245394,0.18667571157840604,-0.3019972962900525,-0.5559492735904964,0.23211865360421205,-0.04088767349815484,0.614935608336553,-0.11977867511596449,-0.1468714540714402,0.2688685288341649,-0.5752155678711169,-0.20424818803609424,-0.1303999005957141,0.5632065299110456,0.5941156973390612,0.37341027876433597,0.44597429718476245,0.3947834149779796,0.5385385496492751,0.28311099243001403,0.4912790826691332,0.5105752072597335,0.4702561205899635,0.4225744584637643,0.5338764959645179,0.33272647936742294,0.6063686417263473,0.4014947644572584,0.7507471469199313,0.26617506786023937,0.6175616825654822,0.5352847148714894,0.5361216875142834,0.46545321010792406,43,38,33,32,39,35,38,34,39,39,45,39
-0.0012462389667688674,-0.003789290343218865,0.9500277549373431,0.01285450377948834,0.011551379421139974,-0.7069912285427168,0.7070111244738034,-0.0008230996302773613,-2.928284289057631e-05,-0.28558923575052797,0.38257610337426495,-0.12899231123487248,-0.0010181097498410663,-0.00012889855739721005,-6.132473910648587e-06,-0.29062837274756576,0.39098706044911324,-0.1323562517511923,-0.001713057237051943,-0.022360085074385087,-0.125218554983184,0.1869768059367571,-0.3021939494609757,-0.5581218438530434,0.2324654793698804,-0.040374681203580426,0.6170531769099172,-0.11905026623624773,-0.1470119883264738,0.2692089974131483,-0.5773558721228704,-0.2047346334224356,-0.13138952737051832,0.5655850108031503,0.5941156973390612,0.37341027876433597,0.44597429718476245,0.3947834149779796,0.5385385496492751,0.28311099243001403,0.4912790826691332,0.5105752072597335,0.4702561205899635,0.4225744584637643,0.5338764959645179,0.33272647936742294,0.6063686417263473,0.4014947644572584,0.7507471469199313,0.26617506786023937,0.6175616825654822,0.5352847148714894,0.5361216875142834,0.46545321010792406,43,38,33,32,39,35,38,34,39,39,45,39
-0.0012434869059663896,-0.0038098629125852797,0.9497157186176467,0.012861599719484832,0.011590087355568645,-0.7069742923631634,0.70702729725616,-0.0007793692131068365,-5.459278734202168e-05,-0.29130117016563145,0.39202741462066043,-0.13282201330980567,-0.0010182424396551716,-8.490136176855206e-05,-3.142034212126889e-05,-0.29632207032952984,0.4004238679201921,-0.13619311087719604,-0.0017134635267006479,-0.021832395328202418,-0.12447265084800518,0.1871990990548374,-0.30230989205953357,-0.5600489669482536,0.2328291936769477,-0.039959039881545116,0.6189685390850468,-0.11809047924541553,-0.14746197703057165,0.2694017859321515,-0.5792521013468422,-0.2054081379161045,-0.1325978460170857,0.5675419477117829,0.5933716460256435,0.3727531273943751,0.44776278842915856,0.3939472626399342,0.538907756599242,0.2831911990357894,0.4916774191643159,0.5095398517675117,0.4691406981183064,0.4216066908468259,0.5344509012746417,0.3333890238047725,0.6076830317327316,0.40262512694731256,0.7496466470133787,0.26795467537874285,0.6144957150283813,0.5356253158750162,0.5348894152492053,0.4649332067105849,43,38,33,32,39,35,38,34,39,39,45,39
-0.0012445965327040629,-0.003819426599548022,0.949398451309558,0.012851019685338135,0.011580420836485559,-0.7069865124037983,0.7070154287039364,-0.0007738446685662049,-4.428248940610125e-05,-0.2968871760966862,0.4014338916094583,-0.136630233092713,-0.00102051411278677,-7.910528022590633e-05,-2.1112235752720006e-05,-0.30189016977330585,0.4097852415688557,-0.13998744221864293,-0.0017160154253723504,-0.021664176243525138,-0.12391547412093437,0.18740005122400896,-0.30243396596239835,-0.5617987260867684,0.23313996352676672,-0.0395823944073996,0.6206601436378779,-0.11741547455585162,-0.14772882643005483,0.2695658659057528,-0.5810472752759478,-0.20593299686840177,-0.13357877919248567,0.5692482685884661,0.5933716460256435,0.3727531273943751,0.44776278842915856,0.3939472626399342,0.538907756599242,0.2831911990357894,0.4916774191643159,0.5095398517675117,0.4691406981183064,0.4216066908468259,0.5344509012746417,0.3333890238047725,0.6076830317327316,0.40262512694731256,0.7496466470133787,0.26795467537874285,0.6144957150283813,0.5356253158750162,0.5348894152492053,0.4649332067105849,43,38,33,32,39,35,38,34,39,39,45,39
-0.0012442791271694625,-0.003842782712822712,0.949079683782478,0.012871598356740708,0.011613409114129837,-0.7069669542754865,0.7070340700750799,-0.0007556529956707662,-7.283587907065826e-05,-0.30249870808995877,0.4106894178756588,-0.14038546726956513,-0.0010218898004151669,-6.064262672747781e-05,-4.963350593508796e-05,-0.3074507090830602,0.4189739573968043,-0.14372784565506053,-0.001717667433091523,-0.020997979323634623,-0.1232917009339714,0.18747569756540655,-0.3024537154612599,-0.5633348756142992,0.23361179607104168,-0.03929406618887343,0.622187707561835,-0.1166213247117316,-0.14807187133175992,0.2695518196616636,-0.5829013699206069,-0.2066967170486136,-0.13478919261708658,0.5702808604878938,0.5926579459879179,0.37205447209480175,0.44898078390095536,0.39301478558047115,0.5392605400009475,0.2827257459042213,0.49260776692209146,0.5081883386079373,0.46837078102537416,0.42001027308661176,0.5358374606455961,0.334706101618205,0.6074007770860992,0.4065152476838514,0.7495443881725044,0.2710796524978537,0.6157424735262509,0.5370576988654817,0.5379494835734344,0.46472653354721005,43,38,33,32,39,35,38,34,39,39,45,39
-0.0012442670937349474,-0.0038503801534376086,0.9487577070122303,0.012868671684377987,0.011607760603914509,-0.706982554828063,0.7070186166938089,-0.0007578085631563964,-5.751385330725521e-05,-0.30796351535627525,0.419848970538094,-0.14409792647260522,-0.001023248191578861,-6.252497503057182e-05,-3.430288500622984e-05,-0.31287023728141694,0.4280387231757962,-0.1474041875078788,-0.0017193047173619603,-0.02078833887298408,-0.12284794974593886,0.18760261608175632,-0.3025611825601069,-0.5647386446766587,0.23397611802039786,-0.03902594225377348,0.6235337731838123,-0.11596518992952046,-0.14828925894814113,0.26961248056571946,-0.5845108393018639,-0.20728574466980165,-0.13576514047783483,0.5712742707910424,0.5926579459879179,0.37205447209480175,0.44898078390095536,0.39301478558047115,0.5392605400009475,0.2827257459042213,0.49260776692209146,0.5081883386079373,0.46837078102537416,0.42001027308661176,0.5358374606455961,0.334706101618205,0.6074007770860992,0.4065152476838514,0.7495443881725044,0.2710796524978537,0.6157424735262509,0.5370576988654817,0.5379494835734344,0.46472653354721005,43,38,33,32,39,35,38,34,39,39,45,39
-0.0012491819950203732,-0.003873865639183683,0.9484364177111433,0.01290704926811765,0.011631740593348153,-0.7069637482596582,0.7070363281590377,-0.0007731007584377286,-8.349903355352404e-05,-0.3134183229342382,0.4288087271320598,-0.14773838304630582,-0.0010268453183695317,-7.754419275174744e-05,-6.0246465773850606e-05,-0.3182525235893426,0.4368941893990428,-0.1510114052528991,-0.0017231781156627133,-0.020077484219893162,-0.122307992584766,0.18758870674030745,-0.3026035860009901,-0.5659044100693581,0.23458311122088393,-0.038838609200956144,0.6247742907303631,-0.1151305856440756,-0.14834838637910222,0.2694829299496863,-0.586143746764722,-0.20815213207838013,-0.13689437346846497,0.5716030643440286,0.5921031581785866,0.3716181397818032,0.44797048261014594,0.3924512362182947,0.5373280416399694,0.28204985842474023,0.49094446814494086,0.5066972951013123,0.46705260365451295,0.4179588130838176,0.5374545605574464,0.3360027939859742,0.6053976277970001,0.4124645864117095,0.7478892226296681,0.27456185488161644,0.6190477082505077,0.5390499660266944,0.5430631586554376,0.4651212921174261,43,38,33,32,39,35,39,34,40,40,45,39
-0.001249192794202921,-0.003881494088230759,0.9481143190097093,0.012906810369420577,0.011628562666433835,-0.7069804458898713,0.7070196884852358,-0.0007771850503003325,-6.461205282745233e-05,-0.3186949948624974,0.437631259713543,-0.15131965434724345,-0.0010283162084310507,-8.1357358701592e-05,-4.134401976341412e-05,-0.32346444760115955,0.44558790240863827,-0.15454047855442438,-0.001724922470876675,-0.019850236380366974,-0.12196059273944462,0.18767357433478848,-0.30274681026611017,-0.5669983492087395,0.23504081586874692,-0.03865316720604425,0.6258532243493373,-0.1144529449262043,-0.1484382083452863,0.26948067514106433,-0.5875074652601914,-0.20880401577646435,-0.1378239306043083,0.5720124562552824,0.5921031581785866,0.3716181397818032,0.44797048261014594,0.3924512362182947,0.5373280416399694,0.28204985842474023,0.49094446814494086,0.5066972951013123,0.46705260365451295,0.4179588130838176,0.5374545605574464,0.3360027939859742,0.6053976277970001,0.4124645864117095,0.7478892226296681,0.27456185488161644,0.6190477082505077,0.5390499660266944,0.5430631586554376,0.4651212921174261,43,38,33,32,39,35,39,34,40,40,45,39
-0.0012492022112413966,-0.00388978558005976,0.9477932822917985,0.012902477233582182,0.01162300344287276,-0.7069888487179872,0.7070114565271339,-0.0007790750813284161,-4.298793410119416e-05,-0.323843881574089,0.44626169092390505,-0.15483239096240592,-0.001028974131507858,-8.297494979049374e-05,-1.9718466695677475e-05,-0.32853603268324777,0.4540751974533416,-0.15799282368809642,-0.0017258522586724835,-0.019749159482452688,-0.1216965285481595,0.18779668453719237,-0.30288393676172165,-0.5679801416505791,0.23541408371491895,-0.03846932841216631,0.626819097777232,-0.11391798137728042,-0.1485239809651481,0.269558914242094,-0.5886607702435445,-0.2092994456579642,-0.13858434225053584,0.57245955201549,0.5921031581785866,0.3716181397818032,0.44797048261014594,0.3924512362182947,0.5373280416399694,0.28204985842474023,0.49094446814494086,0.5066972951013123,0.46705260365451295,0.4179588130838176,0.5374545605574464,0.3360027939859742,0.6053976277970001,0.4124645864117095,0.7478892226296681,0.27456185488161644,0.6190477082505077,0.5390499660266944,0.5430631586554376,0.4651212921174261,43,38,33,32,39,35,39,34,40,40,45,39
-0.0012638227990928405,-0.00391260468489494,0.947476406380692,0.012953966168274352,0.01163768823233503,-0.7069713161556875,0.7070278050446202,-0.0008161160723199822,-6.470719578626909e-05,-0.328952768793673,0.45462363210775303,-0.15824435503181056,-0.001038271686238824,-0.00011974286727404763,-4.139686133201948e-05,-0.33355149997436245,0.4622966627375819,-0.16135261661741035,-0.0017354211086951232,-0.019185037292436403,-0.12127174960980171,0.1877751832693368,-0.3029774692794491,-0.5686741379163884,0.23609627664438076,-0.03831668686011353,0.6277434550685078,-0.11313424050971496,-0.14842510030508116,0.26913446764868587,-0.5896921998478163,-0.2101939090152203,-0.13951846842500143,0.5724679518192535,0.5915344426418242,0.37118899822532275,0.4451002712019487,0.3922849761537497,0.5352790774580056,0.28144760638640076,0.49036421598182284,0.5054745087007189,0.465303661570967,0.41573759363132823,0.5385708906003145,0.33680639593346995,0.604015641188686,0.41796075912593356,0.7459494287924165,0.27702145140334317,0.6192037232323435,0.5406528240518484,0.5420213367183372,0.46582767922558577,43,38,33,32,39,34,39,34,40,40,45,39
-0.0012637093540210774,-0.003920513202744525,0.9471621102722025,0.012954573624561929,0.011636255435145708,-0.7069826531149794,0.7070164812620415,-0.0008199688088415654,-5.292610031083355e-05,-0.33385099317229505,0.4627949912056659,-0.16157229516875024,-0.0010414542067852064,-0.00012333319895321666,-2.9599263864982407e-05,-0.33836363909862305,0.47030984643254925,-0.16461609239704417,-0.001738865360096533,-0.018972451927516926,-0.12104584319250297,0.18784055528673754,-0.3031642566421849,-0.5693850846001282,0.23661122244571625,-0.03817307331652701,0.6285235969692627,-0.11256865355849438,-0.14842926606709916,0.2689762599271865,-0.5905830077296035,-0.21083155225919162,-0.14027131760399789,0.5725445987183244,0.5915344426418242,0.37118899822532275,0.4451002712019487,0.3922849761537497,0.5352790774580056,0.28144760638640076,0.49036421598182284,0.5054745087007189,0.465303661570967,0.41573759363132823,0.5385708906003145,0.33680639593346995,0.604015641188686,0.41796075912593356,0.7459494287924165,0.27702145140334317,0.6192037232323435,0.5406528240518484,0.5420213367183372,0.46582767922558577,43,38,33,32,39,34,39,34,40,40,45,39
-0.0012883035788646727,-0.0039423210994968426,0.9468534225151412,0.01301167925786815,0.011643693401332662,-0.7069717179004398,0.7070262447008364,-0.0008643836169453602,-6.727119131710154e-05,-0.3386714333446054,0.47067393511798833,-0.16479208721349684,-0.0010582065718049496,-0.0001674782513718539,-4.3898028468554946e-05,-0.3430910025683129,0.4780416072876056,-0.1677778582159424,-0.0017558812833022466,-0.018454965723246314,-0.1206756332632626,0.18784493276756395,-0.3034170872743618,-0.5697771829879772,0.23742078009632364,-0.03794265341025226,0.6292719205229331,-0.11177927321485663,-0.14844176558371977,0.2684654238453715,-0.5912347249357277,-0.21165304071506308,-0.14110320787491867,0.5724290667798237,0.5907388866621802,0.3704325201676309,0.44315089550710374,0.39235375085292457,0.5330901902299094,0.28114063787756005,0.4885350062059777,0.5051023172377311,0.46139056357482566,0.41390962303925194,0.5389597848642439,0.33735134008582013,0.6048974164333786,0.42138799236490476,0.7475844183290998,0.2782750254119419,0.6183130119018807,0.5416049535186889,0.5392005879411416,0.46618042772070634,42,38,33,32,39,34,39,34,40,40,45,39
-0.0012873048752826356,-0.0039509523496138515,0.9465493193017435,0.0130129328937416,0.011640880456866837,-0.7069819696984585,0.7070160167923918,-0.000872355854725508,-5.452200703337148e-05,-0.3432647149467918,0.47833460872125794,-0.16791877458921806,-0.0010635846851964434,-0.0001751989509492364,-3.113097228235437e-05,-0.34759718239968806,0.4855432719308636,-0.17083794896099566,-0.0017615101331079118,-0.01823595937411687,-0.12052322028802304,0.1879048422583706,-0.30371313037312164,-0.5702554003371888,0.23804839545367704,-0.03774504516891379,0.6298787949838127,-0.11127086850738517,-0.14848256855324385,0.26824449326070293,-0.5918530570652507,-0.21223867924191112,-0.14174588396267276,0.5723577325877223,0.5907388866621802,0.3704325201676309,0.44315089550710374,0.39235375085292457,0.5330901902299094,0.28114063787756005,0.4885350062059777,0.5051023172377311,0.46139056357482566,0.41390962303925194,0.5389597848642439,0.33735134008582013,0.6048974164333786,0.42138799236490476,0.7475844183290998,0.2782750254119419,0.6183130119018807,0.5416049535186889,0.5392005879411416,0.46618042772070634,42,38,33,32,39,34,39,34,40,40,45,39
-0.001318359942765876,-0.003971329089775585,0.9462523889305711,0.013080763410954255,0.011631579195490831,-0.7069773344072557,0.7070195532150555,-0.0009494409371016825,-5.8504825851231e-05,-0.34775609365661886,0.48567828233098514,-0.17092893643781112,-0.001084935546196667,-0.0002520247568856315,-3.5070634818833034e-05,-0.3520065923666866,0.49275101493290213,-0.17378929439245322,-0.0017831117344342194,-0.017856902665113403,-0.12020919133793938,0.1879676261310942,-0.30415515504196294,-0.57039440631582,0.23896447930200457,-0.03735281935475312,0.6304545835569012,-0.11061084734406798,-0.14834944929978092,0.2675763879611794,-0.5923460804320793,-0.2130547692021521,-0.14235044623142004,0.5721567556807559,0.589724099875193,0.36954603253395796,0.4432722657032874,0.3925529627337472,0.5315792412431654,0.2811547139579774,0.4874271933698593,0.5058909355335984,0.46253719253350833,0.4130219573083339,0.5389342157907021,0.3382104784101143,0.6053641698352394,0.4235114733792824,0.7472003237206134,0.27957245081799686,0.616116183425688,0.542584292668568,0.5392367686165354,0.4657483103778513,42,38,33,32,39,34,39,34,40,40,45,39
-0.0013170879558699032,-0.003979299901244293,0.9459619509229333,0.013082537777252172,0.011630133356839274,-0.7069836431100419,0.7070132357871821,-0.0009581631863444098,-4.793936494362532e-05,-0.35202164756147397,0.4927805629686667,-0.17383463461777582,-0.001091153396901387,-0.00026050966762699803,-2.4487527179031543e-05,-0.3561916094434712,0.49970922341417207,-0.17663323110916118,-0.001789563684912643,-0.01765750449975153,-0.12012228163852506,0.188033690487021,-0.3045693889589323,-0.5706764481525743,0.23969686668065043,-0.03703524192322299,0.630898237708028,-0.11018592966809669,-0.14833222863998813,0.26726915923271555,-0.5928059908970386,-0.21361027057385112,-0.1428155706712136,0.5720031099991435,0.589724099875193,0.36954603253395796,0.4432722657032874,0.3925529627337472,0.5315792412431654,0.2811547139579774,0.4874271933698593,0.5058909355335984,0.46253719253350833,0.4130219573083339,0.5389342157907021,0.3382104784101143,0.6053641698352394,0.4235114733792824,0.7472003237206134,0.27957245081799686,0.616116183425688,0.542584292668568,0.5392367686165354,0.4657483103778513,42,38,33,32,39,34,39,34,40,40,45,39
-0.0013538290508032682,-0.00400004833819917,0.9456803646143921,0.013152091990033915,0.011602639159728602,-0.7069844819341394,0.7070115582825581,-0.0010576799681132959,-4.4115202859086686e-05,-0.3561465372486877,0.49956040158176196,-0.17662397442500868,-0.0011162139217538321,-0.00035978158970985114,-2.063019721653114e-05,-0.360251803930614,0.5063760029973858,-0.179368998129581,-0.001814859296650367,-0.017434657727184978,-0.11983042209491612,0.18816504207954227,-0.3052897144225163,-0.5706187170094148,0.24069308018010388,-0.03650340287365485,0.6313262722432633,-0.10999036722038882,-0.14804714232243132,0.2663444032677913,-0.5937514981367092,-0.2144884342215262,-0.14332346952870245,0.5714030737313189,0.5886590825123336,0.36902595932344867,0.4432698571489197,0.3927207848679727,0.528364920719645,0.2811188910750802,0.4851361345673514,0.5074604752233319,0.4646674017921525,0.41313431287893104,0.538807627060055,0.33931595250503505,0.6032444500053998,0.4258327787377274,0.7432291237136731,0.28182324487466126,0.6122888334556971,0.5441275389731202,0.5391210532871281,0.46475554091937815,42,37,33,31,39,34,39,34,40,40,45,39
-0.0013531082191803932,-0.004004223436788031,0.94540624324514,0.013157616092578628,0.011607342276702837,-0.7069856445077607,0.7070102157705911,-0.001063466612403021,-3.876112213259735e-05,-0.3600811048152321,0.506071816257478,-0.17929331516105135,-0.0011237478491942742,-0.00036534573502696263,-1.525675741685554e-05,-0.36411738115876746,0.512768063847895,-0.1819866976922932,-0.0018226091448335822,-0.01725042080112397,-0.11979599963279125,0.18824706938165928,-0.3058626295479022,-0.5707545937652082,0.24152000961557857,-0.036074631937080305,0.6316293778615395,-0.10966152853850723,-0.1479788629839795,0.26592765472780633,-0.5943600891587251,-0.21506563233536152,-0.1437188023534512,0.5710312418894349,0.5886590825123336,0.36902595932344867,0.4432698571489197,0.3927207848679727,0.528364920719645,0.2811188910750802,0.4851361345673514,0.5074604752233319,0.4646674017921525,0.41313431287893104,0.538807627060055,0.33931595250503505,0.6032444500053998,0.4258327787377274,0.7432291237136731,0.28182324487466126,0.6122888334556971,0.5441275389731202,0.5391210532871281,0.46475554091937815,42,37,33,31,39,34,39,34,40,40,45,39
-0.0013940828388411411,-0.004015780595657916,0.9451411315864298,0.013231731464739395,0.01158009077844011,-0.7069910033869162,0.7070039207175368,-0.0011642059011813138,-2.9086546813222332e-05,-0.36387283344317145,0.5122604707958067,-0.18183749786315911,-0.0011522380373346212,-0.00046585534131414426,-5.545794212374849e-06,-0.36786280392691284,0.5188695262447721,-0.18448576413791087,-0.0018513158380060854,-0.0171718303650141,-0.11952922158364689,0.18849197536585605,-0.3069856985898439,-0.5705736606016049,0.24255702512164432,-0.03543970050225115,0.631922816676878,-0.10940596901086119,-0.14786491220474468,0.2650974091549642,-0.5951033699418748,-0.21584778754156314,-0.14428347939047909,0.570208746362753,0.5877248601236186,0.36909996128373324,0.44419941950853187,0.3927481778105828,0.5290871903239978,0.28072545895509565,0.48420248813728956,0.5089661271357961,0.4613096152041182,0.41386614688758483,0.5385033987181399,0.339761831769042,0.5996934031092922,0.42842835386147704,0.7400405817032046,0.28441370618370254,0.612501048039447,0.5458790466906664,0.541725835022682,0.4639162469886791,42,37,33,31,39,34,39,34,40,40,45,39
-0.001392676466376234,-0.004019416722501155,0.9448854798565454,0.013238801864147267,0.011584863683319208,-0.70698747713777,0.7070072363342624,-0.0011729437505553458,-2.9630845710502546e-05,-0.3674626207262547,0.518183890132594,-0.1842642181450544,-0.001160576488931015,-0.0004743869625107173,-6.0681012635908415e-06,-0.37139741331195847,0.5247017887618792,-0.18687294903938392,-0.0018598547373750267,-0.01699991745667811,-0.11953179275515968,0.1886118654161415,-0.3077717728566383,-0.5706145658436016,0.24346679056573167,-0.03492140751976957,0.6321037317748608,-0.10907495422980397,-0.14785110219158548,0.26471745582038414,-0.5955655020133427,-0.2163827734443418,-0.14470123983993238,0.5696330605391666,0.5877248601236186,0.36909996128373324,0.44419941950853187,0.3927481778105828,0.5290871903239978,0.28072545895509565,0.48420248813728956,0.5089661271357961,0.4613096152041182,0.41386614688758483,0.5385033987181399,0.339761831769042,0.5996934031092922,0.42842835386147704,0.7400405817032046,0.28441370618370254,0.612501048039447,0.5458790466906664,0.541725835022682,0.4639162469886791,42,37,33,31,39,34,39,34,40,40,45,39
-0.0014344064285175136,-0.0040274680557461145,0.9446390200986762,0.013317161405678192,0.0115547501005481,-0.7069998549804715,0.7069938797612049,-0.0012831259549064074,-1.0283562801872952e-05,-0.3709088555939127,0.5237865918274686,-0.18656826060551063,-0.001189772292847345,-0.0005843595392172844,1.3316850774499942e-05,-0.37481945076660744,0.5302463818848508,-0.1891408103645767,-0.0018892462033932953,-0.017121593246597424,-0.11930114655551487,0.18904677091189218,-0.30932231757548884,-0.5703919305024586,0.24453474089829466,-0.03409290997840337,0.6321917159041153,-0.10883360063206379,-0.1478948458609938,0.2638367754231328,-0.5960038158220119,-0.21722393928130276,-0.14546651286596718,0.5686098744223316,0.5870737824994546,0.36967572795067366,0.4450910035036207,0.39285267939954593,0.5323433114831034,0.2803658513160147,0.48342831244098244,0.5097209471306987,0.45909964439865786,0.4148450322518583,0.5376695676679996,0.3388445565273639,0.5980459344684571,0.43022429766177916,0.7383321836181825,0.286263903543803,0.6115898465435659,0.5472271913647846,0.5411957087156813,0.4638496888576543,42,37,33,32,39,34,39,34,40,40,45,39
-0.0014321837053212108,-0.004030707473870756,0.9444031196608754,0.013325132649391645,0.011559900550149778,-0.7069895264180893,0.7070039738744559,-0.0012941767850965851,-1.8746862507403755e-05,-0.374156483239962,0.5291293779599443,-0.18875685876933718,-0.0011974757373939137,-0.0005952219552356,4.877108769430504e-06,-0.37802607992049847,0.5355289838899782,-0.1913036495731499,-0.001897131996595253,-0.016956498627341186,-0.11932280719056616,0.189233522959837,-0.3103457873997596,-0.5703897932780221,0.24552748248510553,-0.03342126702312991,0.6322086699723307,-0.10854856765721807,-0.14791886233314575,0.26344713026535216,-0.5962389055808397,-0.2178192870285833,-0.14600163265573285,0.5678339772740469,0.5870737824994546,0.36967572795067366,0.4450910035036207,0.39285267939954593,0.5323433114831034,0.2803658513160147,0.48342831244098244,0.5097209471306987,0.45909964439865786,0.4148450322518583,0.5376695676679996,0.3388445565273639,0.5980459344684571,0.43022429766177916,0.7383321836181825,0.286263903543803,0.6115898465435659,0.5472271913647846,0.5411957087156813,0.4638496888576543,42,37,33,32,39,34,39,34,40,40,45,39
-0.0014716584958718905,-0.00404286831846509,0.9441768544953543,0.013399522082819653,0.011541348870973231,-0.7070047931814574,0.7069876042001266,-0.001384411692404242,3.284470327364258e-06,-0.37726834958049765,0.5341623884518935,-0.1908312060345875,-0.0012252284424838446,-0.0006852655847969571,2.6951182533953196e-05,-0.38112898586433314,0.5405266152752791,-0.1933517203311089,-0.0019250606935614135,-0.017190076279274862,-0.11915785115981307,0.18989843616247976,-0.3123362480242644,-0.5702260590867165,0.24666251457789257,-0.032240644028601724,0.6319504173067254,-0.10846716343228097,-0.14833190178337963,0.26280811902181406,-0.5964892301223966,-0.2186200330470399,-0.14704292942209582,0.5665979526218922,0.5867697112371721,0.3705619537849588,0.44861141987135583,0.3934114116529869,0.5349772576704581,0.28078822099499734,0.48514203378022314,0.509533350416048,0.4628353994895041,0.4158672628681051,0.5361485655847641,0.3369802307269686,0.599377760314069,0.43061555684684505,0.7379078242638527,0.2870918004744865,0.6122081992442548,0.5479855543780685,0.5410883011535136,0.46454467896579843,42,37,33,32,39,34,39,34,40,40,45,39
-0.001468883787231442,-0.004044167347461777,0.9439612015101845,0.013410662039433365,0.01154939263331625,-0.7069908316678384,0.7070012232033858,-0.0013955898946005666,-1.0738599867042887e-05,-0.38019431287291394,0.538944650185327,-0.19278962080494236,-0.001232388051891649,-0.000696270853287196,1.2957104460505279e-05,-0.3840255391897153,0.5452721934325724,-0.1952955330977168,-0.0019323862134896105,-0.017035606548943226,-0.11918237053956485,0.19016107463756893,-0.31361339470777533,-0.5702326189769419,0.24777248946505445,-0.031295709132529916,0.6317090522860778,-0.1082765215996018,-0.14847971280905145,0.262558553096606,-0.5965605933492747,-0.2192488650350501,-0.14775291310772995,0.5656466011472031,0.5867697112371721,0.3705619537849588,0.44861141987135583,0.3934114116529869,0.5349772576704581,0.28078822099499734,0.48514203378022314,0.509533350416048,0.4628353994895041,0.4158672628681051,0.5361485655847641,0.3369802307269686,0.599377760314069,0.43061555684684505,0.7379078242638527,0.2870918004744865,0.6122081992442548,0.5479855543780685,0.5410883011535136,0.46454467896579843,42,37,33,32,39,34,39,34,40,40,45,39
-0.0014992922587068267,-0.00406653456431933,0.9437564029179885,0.013489100790694911,0.011549764509722999,-0.7070074902522218,0.7069830661528484,-0.0014743658687968622,1.2146479278892437e-05,-0.3830016164017829,0.5434261811875983,-0.19464338560960073,-0.0012541574707674373,-0.0007748778738610925,3.5900738286422454e-05,-0.38683455032000513,0.5497348478304942,-0.19713092206584493,-0.0019543117690177113,-0.017339303067608378,-0.11906744548294705,0.19097106051333484,-0.31598972825075294,-0.5701696487160423,0.2491064912478511,-0.02972773043629212,0.6310506687849802,-0.10836060252755718,-0.1489513284279534,0.26219160283767123,-0.5967970821277514,-0.22020614073183442,-0.14896959519001904,0.5642939257102588,0.5867282945740224,0.37151968575869815,0.45090462542884363,0.39458623640573554,0.5364722019879614,0.2822360065161117,0.4882755281060837,0.5087394263192546,0.4670560419531394,0.41685691691386345,0.5342903833433358,0.3353324304735757,0.6049067888514618,0.42995740191256426,0.7413463497830842,0.2871525815656872,0.612952268010965,0.5481404348958905,0.541127623421561,0.4654176402977685,43,37,33,32,39,35,38,34,40,40,45,39
-0.0014971213269049525,-0.0040649187992345395,0.943561185768454,0.013502921993992754,0.01156430284244072,-0.7069913832838562,0.7069986718232021,-0.0014790479135602889,-5.162915230702961e-06,-0.3856298869841588,0.5476766330221818,-0.19638077243042604,-0.0012596025285678673,-0.0007794019811953358,1.8631946572921498e-05,-0.38944114764050825,0.5539640823638433,-0.19886152001448643,-0.0019599057757640433,-0.017197694515701387,-0.11907631213568834,0.191282304616831,-0.31750720469218907,-0.5702074568891462,0.2504220543686662,-0.028474769927991986,0.6305142215551129,-0.1082464422694769,-0.14911352648708173,0.262113187788131,-0.5968221304575405,-0.22099349248311975,-0.14982156213010714,0.5632584968576427,0.5867282945740224,0.37151968575869815,0.45090462542884363,0.39458623640573554,0.5364722019879614,0.2822360065161117,0.4882755281060837,0.5087394263192546,0.4670560419531394,0.41685691691386345,0.5342903833433358,0.3353324304735757,0.6049067888514618,0.42995740191256426,0.7413463497830842,0.2871525815656872,0.612952268010965,0.5481404348958905,0.541127623421561,0.4654176402977685,43,37,33,32,39,35,38,34,40,40,45,39
-0.001515935628135093,-0.004099802675695577,0.9433780944403739,0.013587456758257071,0.011598208895972864,-0.7070068641425663,0.7069810157455025,-0.0015307800895982245,1.5574687991585702e-05,-0.3881751062565511,0.5516332016894422,-0.19802209362858098,-0.0012735698787052067,-0.0008309844606369114,3.945666854165816e-05,-0.3919899389910098,0.5579064521874028,-0.2004892317697716,-0.001974011890181931,-0.017510872338779158,-0.11895433236759538,0.1921049771024252,-0.3202286257255106,-0.5701960827263505,0.2521309586219609,-0.026685919149532427,0.6296098180977266,-0.10829404318666308,-0.14954103009666236,0.2620372878410266,-0.596870687017513,-0.2222663342765695,-0.15116200515501166,0.5620364970481828,0.5867897825235702,0.3723060438531842,0.45228170766195974,0.39619010672185573,0.5357031051997776,0.28420901396902865,0.4885633678063226,0.5080142856482822,0.46902405776439565,0.4179430004007946,0.5326503672584069,0.33471971518637056,0.6110568055367143,0.42899918997328057,0.7429812346000123,0.286630832839096,0.6141995152010253,0.5476346472053089,0.5409695140446229,0.46593986026325773,43,37,33,32,39,35,38,34,41,40,45,39
-0.0015148802582801546,-0.00409701094742538,0.9432029724375849,0.013600761604995482,0.011617674955291596,-0.706990164499759,0.7069971401731417,-0.001525247832838982,-3.7315807801635876e-06,-0.3905217857407069,0.5553945336138294,-0.1995538002846598,-0.0012773880061386902,-0.0008253071521653576,2.020474168857545e-05,-0.3943163109298892,0.5616500293006867,-0.20201729124670142,-0.0019779650178053127,-0.017365808639153848,-0.1189424556911772,0.19243159108382918,-0.321976612563182,-0.5702524473280693,0.25376910966903055,-0.025240520107376718,0.6288860864712226,-0.10821406857266416,-0.14968705711631416,0.2621396430423334,-0.5967993712020165,-0.2233198051053396,-0.15212829294944266,0.5610642195128068,0.5867897825235702,0.3723060438531842,0.45228170766195974,0.39619010672185573,0.5357031051997776,0.28420901396902865,0.4885633678063226,0.5080142856482822,0.46902405776439565,0.4179430004007946,0.5326503672584069,0.33471971518637056,0.6110568055367143,0.42899918997328057,0.7429812346000123,0.286630832839096,0.6141995152010253,0.5476346472053089,0.5409695140446229,0.46593986026325773,43,37,33,32,39,35,38,34,41,40,45,39
-0.001522266737564809,-0.004150126269956197,0.9430416050211878,0.013688797366651097,0.011685480119399136,-0.7070036274482036,0.7069808605302662,-0.001545314358413487,1.394034117127042e-05,-0.39281888305810614,0.5588691244144455,-0.20100435445006395,-0.0012838742747339868,-0.0008452404576528646,3.7992109830952924e-05,-0.39661115512346357,0.5651033137739904,-0.20345469074080988,-0.0019845762729706483,-0.017646071536265254,-0.11876327325994662,0.19321002950795427,-0.32503397019137265,-0.5702159390702576,0.2560070415205219,-0.023467962847829777,0.6280159414662096,-0.10830868539935741,-0.1500495152038966,0.2621457150827688,-0.5967502254618942,-0.22512276372366738,-0.15362860038260454,0.5600561220492415,0.5868099061698455,0.3727943695245997,0.4504158634251152,0.3977344002239591,0.5341128659051154,0.2859174731405746,0.48615387096077434,0.5078737779168504,0.4640791385677678,0.4192552960120765,0.5314590055109956,0.33504651063551394,0.6167268043177906,0.4283086417280827,0.7472684613746112,0.2857183921594459,0.6159446175602169,0.546676496352549,0.5380611846455621,0.4660701229119803,43,37,33,32,39,34,38,34,41,40,45,39
-0.0015224225772625184,-0.004146618041377675,0.942885630907622,0.01370041260511421,0.011708683680757151,-0.7069866915411517,0.7069971876921505,-0.0015292095660225287,-7.200026708536887e-06,-0.39490344439440156,0.5621837101989392,-0.2023507373814962,-0.0012864119913748775,-0.0008290024736020767,1.691791780994547e-05,-0.39867049177984754,0.5683929207558646,-0.20479619622670223,-0.0019872361430407458,-0.01746595935624859,-0.11874836343899736,0.19355498917882283,-0.32701959917497686,-0.5702776129116623,0.25807520979360316,-0.02200773347925657,0.6273061139922613,-0.1082794880897777,-0.15018581133852296,0.2623418594254672,-0.5966338455533443,-0.22658135522114012,-0.15472781973623137,0.5592234665517123,0.5868099061698455,0.3727943695245997,0.4504158634251152,0.3977344002239591,0.5341128659051154,0.2859174731405746,0.48615387096077434,0.5078737779168504,0.4640791385677678,0.4192552960120765,0.5314590055109956,0.33504651063551394,0.6167268043177906,0.4283086417280827,0.7472684613746112,0.2857183921594459,0.6159446175602169,0.546676496352549,0.5380611846455621,0.4660701229119803,43,37,33,32,39,34,38,34,41,40,45,39
-0.0015209067441817833,-0.004220047915463038,0.9427452850514846,0.013789997812634855,0.011809809555771543,-0.7069962607145318,0.7069841947980545,-0.0015127799199751535,4.36649706059539e-06,-0.39697148071497673,0.5652199930221643,-0.20363135481657113,-0.0012873160296286463,-0.0008124527510298427,2.8626226258655983e-05,-0.40072314766632194,0.5713909281102693,-0.206060850957387,-0.001988254507202837,-0.017635789929863234,-0.11851995919994891,0.19437729131085701,-0.33050911655798343,-0.5702308310463515,0.26090822705010125,-0.020437903758454928,0.626708013591256,-0.10844534114997038,-0.15065564482830276,0.2623614646901087,-0.596512101893247,-0.22900657499855245,-0.1564156757330381,0.5584905199867145,0.5866950635050644,0.37298558779744817,0.4485933731668902,0.3985409081446595,0.5347251448600076,0.28675722958352545,0.4868736098377118,0.5082381241248506,0.4601461961780312,0.42041676899604746,0.5305740712203568,0.3356770980942595,0.623166912178017,0.42783301332697554,0.7551140130682986,0.28474924573239846,0.6196501784550036,0.5458248105841608,0.536915986856866,0.4661120020873819,43,37,33,32,39,34,38,34,41,40,46,39
-0.0015220608298158439,-0.004215983220686421,0.9426071091951431,0.01379962360960605,0.01183559021846085,-0.7069803093804586,0.7069995271149231,-0.0014872058596788974,-1.7807683717709393e-05,-0.39881592903109403,0.5681309638334899,-0.20481216780289527,-0.0012893432398550508,-0.0007867566031990643,6.528157056576792e-06,-0.40253281901536453,0.5742608238588796,-0.20723168937496791,-0.0019903922316883964,-0.01738051638996778,-0.11852756731829718,0.19480180849085826,-0.3327905013045753,-0.5703390579214503,0.2634699411749816,-0.01910882554702989,0.6261947688316531,-0.10847056887897655,-0.15086779662064356,0.2626146569304931,-0.5963755905339324,-0.2309477314385289,-0.15764853454171274,0.5578490988948578,0.5866950635050644,0.37298558779744817,0.4485933731668902,0.3985409081446595,0.5347251448600076,0.28675722958352545,0.4868736098377118,0.5082381241248506,0.4601461961780312,0.42041676899604746,0.5305740712203568,0.3356770980942595,0.623166912178017,0.42783301332697554,0.7551140130682986,0.28474924573239846,0.6196501784550036,0.5458248105841608,0.536915986856866,0.4661120020873819,43,37,33,32,39,34,38,34,41,40,46,39
-0.0015144021225796643,-0.004301539692576282,0.9424863838322344,0.013895985551513643,0.011980227582791637,-0.7069798798369191,0.7069956331112605,-0.001424042937835784,-2.198329467308247e-05,-0.4007130414457431,0.5707609785442452,-0.20592806430034935,-0.0012869307564761946,-0.0007234829942945811,2.529071165267522e-06,-0.4043920249765109,0.5768269602654318,-0.20832779030253584,-0.001988085720253446,-0.017254275821985705,-0.11829089879697512,0.19587849121018716,-0.3370189863184699,-0.5704704352264444,0.26683656621006285,-0.017944041015682664,0.6260108157645319,-0.10816049030582743,-0.15187821751674752,0.263262174937496,-0.5953421960148133,-0.23368261161038684,-0.159339496554278,0.5578126734773692,0.5864580477926435,0.37282000841131147,0.4468300844768928,0.398013713990802,0.5359004670315931,0.2865333387470796,0.4889504294745374,0.5086390175273874,0.46179307140692055,0.42057948604221096,0.530011080363541,0.3362986447474797,0.6255852752961654,0.42665879943946505,0.7576760167838862,0.2838311065527406,0.6197567308058378,0.5455637704145863,0.5369609290851048,0.4663209616320769,43,37,33,32,39,34,39,34,41,40,45,39
-0.0015153332843043314,-0.004301231902732238,0.942364487974518,0.013899526249539582,0.012000864424719824,-0.7069699644925059,0.7070051285023063,-0.001394837551479821,-4.07254373424924e-05,-0.40232457590961185,0.5733218874149348,-0.20696357230648035,-0.0012887852169426136,-0.000694167375987733,-1.6130461161601663e-05,-0.40595751686338455,0.5793227178318643,-0.2093439709423862,-0.0019900413753153826,-0.016883379336961348,-0.11831933976568196,0.19650189816446967,-0.33973795625200387,-0.5707676294939079,0.26989422195471935,-0.016896703658656267,0.6258241281343544,-0.10819003293611308,-0.15234372071529775,0.26379294998026187,-0.5947999724300957,-0.23595701105453584,-0.1605441468913914,0.5575494853333739,0.5864580477926435,0.37282000841131147,0.4468300844768928,0.398013713990802,0.5359004670315931,0.2865333387470796,0.4889504294745374,0.5086390175273874,0.46179307140692055,0.42057948604221096,0.530011080363541,0.3362986447474797,0.6255852752961654,0.42665879943946505,0.7576760167838862,0.2838311065527406,0.6197567308058378,0.5455637704145863,0.5369609290851048,0.4663209616320769,43,37,33,32,39,34,39,34,41,40,45,39
-0.0015164640174652841,-0.004300620932672607,0.9422495648005723,0.013898920935264613,0.012011595251000007,-0.706971024658392,0.7070038980584369,-0.0013751123995438747,-4.590649313339113e-05,-0.40380164681191316,0.5757262584822249,-0.2079419221191986,-0.0012916499984806315,-0.0006743392665919457,-2.127252351744028e-05,-0.4073940528042172,0.581659285197972,-0.21029812719383068,-0.0019930004316509858,-0.016590065080553967,-0.11840667657070912,0.1969090760029283,-0.34163576301041876,-0.5710633003029285,0.2725322533535131,-0.01598976080755216,0.625695731444322,-0.10829635663541708,-0.15258649782023817,0.2642480520511475,-0.5944483121348906,-0.23781991572207004,-0.16144216012338805,0.5572210533045722,0.5864580477926435,0.37282000841131147,0.4468300844768928,0.398013713990802,0.5359004670315931,0.2865333387470796,0.4889504294745374,0.5086390175273874,0.46179307140692055,0.42057948604221096,0.530011080363541,0.3362986447474797,0.6255852752961654,0.42665879943946505,0.7576760167838862,0.2838311065527406,0.6197567308058378,0.5455637704145863,0.5369609290851048,0.4663209616320769,43,37,33,32,39,34,39,34,41,40,45,39
-0.0015029603180359934,-0.004403163022850392,0.9421585028776355,0.013996011438996857,0.0121843480703883,-0.7069516514891719,0.7070183984753379,-0.0012794365425001526,-7.487039940378102e-05,-0.40541508239095264,0.5778369782286213,-0.20886003294366878,-0.0012859030591660266,-0.0005785749211659529,-5.00571998353469e-05,-0.4089408794556822,0.5836796191075783,-0.21119234315511762,-0.001987345574158973,-0.01591636124026355,-0.11814228640968043,0.19843137479258213,-0.346664695504849,-0.5717621243693447,0.2758232345039882,-0.015765729031533324,0.6260905583111227,-0.10787195864551509,-0.15427308957617464,0.2663410116428254,-0.5931096128568368,-0.24004569597520847,-0.1625570359892402,0.5577959043931322,0.5863592097971031,0.372128159895821,0.445935376342443,0.3960081561473353,0.5342470119114238,0.2856629255958175,0.4865218736335573,0.5090250319980509,0.46156214689358915,0.419190526843535,0.53046964817121,0.33747792881646727,0.628308337995127,0.42355259333645945,0.7603753080984356,0.2828129512802972,0.6216404472142227,0.5461601843265778,0.5368077764432424,0.4665498790167685,43,37,33,32,39,34,39,34,41,40,46,39
-0.0015042640203336921,-0.004403902897122651,0.9420580884724411,0.013997609368770385,0.012200610432751169,-0.7069571704797196,0.7070125678828747,-0.0012514228241132556,-7.71279073716528e-05,-0.40672517281690385,0.5799259836287912,-0.20970896334275727,-0.0012875774164095924,-0.000550469528381212,-5.223555464128881e-05,-0.41019848714369794,0.5856769597830792,-0.21200798971106036,-0.0019890996180467503,-0.015444857207824967,-0.11813305541108986,0.19938282856384223,-0.34971663485134385,-0.5725218369996589,0.27894318171636484,-0.015403104144434483,0.6263962886914677,-0.10797400562667418,-0.155078198463279,0.2674492633087023,-0.5924872912409609,-0.2421287410949336,-0.1633588258868544,0.5579872434326709,0.5863592097971031,0.372128159895821,0.445935376342443,0.3960081561473353,0.5342470119114238,0.2856629255958175,0.4865218736335573,0.5090250319980509,0.46156214689358915,0.419190526843535,0.53046964817121,0.33747792881646727,0.628308337995127,0.42355259333645945,0.7603753080984356,0.2828129512802972,0.6216404472142227,0.5461601843265778,0.5368077764432424,0.4665498790167685,43,37,33,32,39,34,39,34,41,40,46,39
-0.0014851703793504478,-0.004524458101688806,0.9419929692652139,0.014083266926721415,0.012399823670396234,-0.7069019407560758,0.707062622488919,-0.0011067498198384313,-0.00016558033416328748,-0.4081704569906001,0.5817311524149411,-0.2105058970022372,-0.00127851156185532,-0.0004057270425973734,-0.00014048329609605664,-0.4115348160770817,0.5873638411656738,-0.2127864144541549,-0.001980121888400651,-0.013725050503247585,-0.11783934779914114,0.20199029945074587,-0.3569895169251794,-0.5746352992204504,0.28239932691647046,-0.01669086942193756,0.627360287571866,-0.10765884851212708,-0.15820865708852627,0.2717381626156523,-0.5914270652623714,-0.243898878897127,-0.16417868058355128,0.5591298386797909,0.5870759816143121,0.3710356361439501,0.44494195238550033,0.39275654666434606,0.5316854270748567,0.28511037180792864,0.48192942367936964,0.5102430449231402,0.4572856888004751,0.4162507378847071,0.5333097177432252,0.3406825802159316,0.6256434471201344,0.41849297110139044,0.761043018710371,0.282269316124886,0.6221888645717845,0.5482633322551698,0.532601096613623,0.46595945158411134,43,37,33,32,39,34,39,34,41,40,46,39
-0.0014868598413700545,-0.004522470318498697,0.9419042572386449,0.014088095055931293,0.012414909865072392,-0.7069311889666429,0.707033018788335,-0.0010813350295293506,-0.0001505081127446637,-0.4093113102042687,0.5835409154926805,-0.21124219930909302,-0.0012805668226880886,-0.00038023268651438184,-0.00012532180848766225,-0.41261833754897065,0.5890502766054413,-0.21347497841422933,-0.001982234865935565,-0.012946896245148037,-0.11772452784205517,0.20369264756756505,-0.3611510435250841,-0.5764679820101564,0.2859605279298852,-0.017390486410141688,0.6282320603457673,-0.1078290292219525,-0.15971647810097492,0.2737360331991424,-0.5911084393270702,-0.2459944922517878,-0.16479632098749017,0.5598546082047379,0.5870759816143121,0.3710356361439501,0.44494195238550033,0.39275654666434606,0.5316854270748567,0.28511037180792864,0.48192942367936964,0.5102430449231402,0.4572856888004751,0.4162507378847071,0.5333097177432252,0.3406825802159316,0.6256434471201344,0.41849297110139044,0.761043018710371,0.282269316124886,0.6221888645717845,0.5482633322551698,0.532601096613623,0.46595945158411134,43,37,33,32,39,34,39,34,41,40,46,39
-0.0014459998983586137,-0.004657627317735611,0.9418718433208176,0.01416313541059218,0.012631508572866343,-0.7068266061582005,0.7071322361577043,-0.0009207829134026124,-0.00031772118917300916,-0.4105904980007182,0.5850546376199537,-0.21192456563005282,-0.0012570278952822255,-0.00021965276462848504,-0.0002923235283345787,-0.41373944430654613,0.5904210956043681,-0.2141484249722958,-0.0019587729460463082,-0.009643733686938282,-0.11761001267638017,0.2079116027253737,-0.37116682374954263,-0.5814714729731268,0.28936297857005044,-0.02135116013912903,0.6297124763972839,-0.10738910665961778,-0.1641872001498505,0.2813370318053053,-0.5908559330359124,-0.24709936606936683,-0.1650098692073461,0.561535900907806,0.5895959228949266,0.3703225469714627,0.44284949459857686,0.3879299520643571,0.52586859374381,0.2852765184260722,0.4776330513794904,0.5132011860190528,0.45896905886402367,0.4106442080018794,0.5399551810432413,0.34836309357555034,0.6053630353712257,0.4137039708934895,0.7526364483819226,0.28407014684709375,0.618382371286355,0.5531211158888918,0.5309792319529147,0.4623523970723072,42,38,32,31,39,34,40,34,40,40,46,39
-0.0014506904585578023,-0.004649572073202459,0.9417935739319051,0.014174211897253737,0.012650602598220987,-0.7068942917644477,0.7070640100032201,-0.0008937381262527086,-0.0002660576482131824,-0.4115806327685987,0.5865948169697716,-0.2125525594398141,-0.0012559616026890882,-0.0001925402181164802,-0.00024056179591887974,-0.4146752872077892,0.5918030784699702,-0.21470894127895843,-0.0019577291722318825,-0.008448725906807196,-0.11727240062678328,0.21082776208071438,-0.376603848856951,-0.5853310508197408,0.29330818087613764,-0.023953082118285687,0.6312870456692328,-0.10746611056380899,-0.16641307221725268,0.2846727695478295,-0.5912458774974002,-0.2491709648289706,-0.16533552448726863,0.5628380358943198,0.5895959228949266,0.3703225469714627,0.44284949459857686,0.3879299520643571,0.52586859374381,0.2852765184260722,0.4776330513794904,0.5132011860190528,0.45896905886402367,0.4106442080018794,0.5399551810432413,0.34836309357555034,0.6053630353712257,0.4137039708934895,0.7526364483819226,0.28407014684709375,0.618382371286355,0.5531211158888918,0.5309792319529147,0.4623523970723072,42,38,32,31,39,34,40,34,40,40,46,39
-0.0013666280353092407,-0.004820224889560604,0.941806357214901,0.014187560485255839,0.012860996920362787,-0.7067184737721256,0.7072356797524354,-0.0007017311496838762,-0.000544011590598816,-0.4125752083540083,0.5878642955834901,-0.213158746658242,-0.00120221367675177,-5.703677780805624e-07,-0.000518344092206591,-0.41544283220584444,0.5928977471655081,-0.21532157172114227,-0.0019040465663427515,-0.0028379963074300863,-0.117911880499773,0.21724128653172198,-0.38967047894765844,-0.5956342596273545,0.29672321382005606,-0.03211830176742364,0.6328480630378938,-0.10789262097209905,-0.17194205583721053,0.29704529755438697,-0.5943612614599041,-0.24955544650194358,-0.1644892353784661,0.5641249199193856,0.5947263007778715,0.3711621550614271,0.4378662828781602,0.3796095311877872,0.5162042169833269,0.28405305134707043,0.4729630913532217,0.5168416635860327,0.4683048075796488,0.3963869449548957,0.5507623819446379,0.36392043492905224,0.5784383995060698,0.41226372519474375,0.7409190233690259,0.29006774392876944,0.6168462895583822,0.5612008209550268,0.5456581490938879,0.45066556768119803,43,38,32,31,39,34,42,35,39,40,46,39
-0.001381305814417206,-0.004789414132133773,0.9417374144481008,0.014219534596751215,0.012909523188040782,-0.7068461231805506,0.7071065741396664,-0.0006489365811698831,-0.0004290422999386184,-0.4134711163313279,0.5891075288543863,-0.21367643518247542,-0.0011972825772328189,5.228621786431979e-05,-0.0004032636746096674,-0.4162904216354704,0.593929346646561,-0.21574091948589655,-0.0018990832857196816,-0.0011387079186434617,-0.1172536781687727,0.222016809644014,-0.3964467078170832,-0.6029885137231934,0.30123412606331657,-0.037712484017318124,0.6351002551646618,-0.10786264518652967,-0.17493732879766727,0.302407814001961,-0.5968764461946381,-0.2517412901999398,-0.16442775947082058,0.5657152009660835,0.5947263007778715,0.3711621550614271,0.4378662828781602,0.3796095311877872,0.5162042169833269,0.28405305134707043,0.4729630913532217,0.5168416635860327,0.4683048075796488,0.3963869449548957,0.5507623819446379,0.36392043492905224,0.5784383995060698,0.41226372519474375,0.7409190233690259,0.29006774392876944,0.6168462895583822,0.5612008209550268,0.5456581490938879,0.45066556768119803,43,38,32,31,39,34,42,35,39,40,46,39
-0.0012772356105598829,-0.004938139039314275,0.9417501325704831,0.014145363463368029,0.013218029349028394,-0.7067898047718479,0.7071586556517505,-0.00018808386970869321,-0.0006264741985805506,-0.41489880734324686,0.5911016946546833,-0.21465523725381,-0.001110381874194883,0.0005130750195071601,-0.0006005038323520636,-0.41731926404865677,0.5953494380179092,-0.2165780435225138,-0.001812131230836353,0.00953119112946332,-0.1188116775819852,0.23844501799064197,-0.41992951708173154,-0.6347904948946498,0.31115615398335145,-0.06135074135190211,0.63816091980401,-0.11096232576255101,-0.1871984694817183,0.3277933118449127,-0.6142174258382072,-0.2543179311761652,-0.16228862924338833,0.5670549044074473,0.6026034254777273,0.37475144212144595,0.42967887354388473,0.36494999592815747,0.508425546306576,0.27626995626066575,0.456482680264925,0.5168157716265794,0.4669092248564616,0.3597694921890954,0.5637632173696959,0.3901753705069254,0.5557171971581245,0.4156605897047302,0.7275000419617751,0.3000455643696183,0.6181375539521777,0.569905467339777,0.58050174520107,0.42268045230923784,43,38,31,30,38,32,45,36,38,40,46,39
-0.0013017437523838605,-0.0048898077555588,0.9416937789385847,0.014201082242331544,0.01328043134902835,-0.7068828376422993,0.7070633728691521,-0.00015038391642254118,-0.0003867542246239168,-0.41570120742317196,0.592005050755604,-0.21497137384674225,-0.0011292984901334394,0.0005508622179852193,-0.00036064509850739906,-0.4180459546608381,0.5960021373095983,-0.216728409784697,-0.0018310572533304728,0.010368293704170774,-0.11690992402427108,0.24440145352317438,-0.4237650369224997,-0.6442979709653031,0.31703482320865084,-0.06826235973611389,0.6414481360995055,-0.11006717325401238,-0.19005407365714616,0.3315434034749558,-0.6194093673685513,-0.25756672997502217,-0.16250955133885017,0.5692111195924431,0.6026034254777273,0.37475144212144595,0.42967887354388473,0.36494999592815747,0.508425546306576,0.27626995626066575,0.456482680264925,0.5168157716265794,0.4669092248564616,0.3597694921890954,0.5637632173696959,0.3901753705069254,0.5557171971581245,0.4156605897047302,0.7275000419617751,0.3000455643696183,0.6181375539521777,0.569905467339777,0.58050174520107,0.42268045230923784,43,38,31,30,38,32,45,36,38,40,46,39
-0.001191252024755117,-0.004974091571218039,0.9417588933550722,0.013990039065074539,0.013705935145700508,-0.7068757222259002,0.7070665735815489,0.0006856946467447652,-0.0004348994115714049,-0.41712716317515,0.5939470688346784,-0.2159285868821636,-0.0010503266077330695,0.0013867462908926864,-0.00040866065103223087,-0.41875593827215324,0.5967839687303292,-0.21728235089066755,-0.0017518697428754847,0.025177948360391847,-0.11921540593099413,0.27292171210847915,-0.44959373595459523,-0.706710669375226,0.338321062117652,-0.11005604321908596,0.6451013896523512,-0.11647012096688968,-0.2074555794445601,0.3700038685626082,-0.6692793559864422,-0.2643122061724024,-0.15557995559475032,0.5705068041645819,0.612010086920861,0.38240347170767225,0.4313528886426426,0.3429760912060386,0.5083655069803074,0.2567089779560753,0.42680894138836784,0.5075510403582179,0.46004947003088564,0.2846359913172366,0.5745312879892628,0.4264343588243048,0.5446816199241046,0.4250828456647304,0.7065291430541923,0.3120676889633281,0.6099348380803622,0.5734502310505776,0.621254694542947,0.3732072184325127,44,39,30,30,37,29,49,37,38,39,46,39
-0.001226215121877587,-0.004936803777176659,0.9417143591895405,0.014028234890410947,0.013765783308071012,-0.7069266497296566,0.7070137365976551,0.0007562034178081902,-0.00022000231281859003,-0.4177380086003601,0.5945619636515825,-0.21605452036259998,-0.0010933198386668794,0.0014572889050782393,-0.000193603901300279,-0.41922721419905395,0.5970909403287031,-0.21721553246357972,-0.0017948872737704328,0.025349865107471652,-0.11619706787857326,0.27967021787456536,-0.4508459115676808,-0.7173975678473982,0.34530783723421227,-0.11693765500371502,0.6492942528368192,-0.11407197296511515,-0.2106765849399642,0.3727450525048869,-0.6776764434815938,-0.2681335283231703,-0.1558533203827271,0.5740519427029128,0.612010086920861,0.38240347170767225,0.4313528886426426,0.3429760912060386,0.5083655069803074,0.2567089779560753,0.42680894138836784,0.5075510403582179,0.46004947003088564,0.2846359913172366,0.5745312879892628,0.4264343588243048,0.5446816199241046,0.4250828456647304,0.7065291430541923,0.3120676889633281,0.6099348380803622,0.5734502310505776,0.621254694542947,0.3732072184325127,44,39,30,30,37,29,49,37,38,39,46,39
-0.0011190067755905292,-0.004934171687022013,0.9418649969037965,0.013556346081572811,0.01427619195113745,-0.7069300033903034,0.7070094667901391,0.0021254401676664247,-0.00020831883539458026,-0.41860674478775645,0.595902991775955,-0.21671357960306353,-0.0010636917316750132,0.00282583484877225,-0.0001819787518457576,-0.41886485109381355,0.5964121319075534,-0.21712531000523194,-0.001764558999617183,0.043639328941285194,-0.12058503611053781,0.3208841402140163,-0.4733548243056641,-0.81541292149717,0.38351451828406696,-0.17469323051324187,0.6520677735332772,-0.12320955961219396,-0.23694599941473488,0.4212703716772583,-0.7755311424783757,-0.2815926140575671,-0.14109949778016131,0.579539714464901,0.6185945335102273,0.3952273831064556,0.4366363319009873,0.3167418901396791,0.5020658457649889,0.22535443464997,0.3978414674469227,0.48743289186986705,0.4755504896094257,0.16887200213046688,0.577873192081104,0.466700413664753,0.5228476557014106,0.44626078425483107,0.6760366702255246,0.3260237081814177,0.591835843550351,0.5671701175228814,0.6485303684805566,0.31144838505819666,45,39,29,28,35,25,53,37,38,39,45,37
-0.001150614187765283,-0.00492165135429283,0.9418279161279696,0.013568661621026646,0.014308675724100075,-0.7069546686257304,0.706983910516442,0.002191757167166556,-6.466777964027619e-05,-0.41897103029662425,0.5963056313561843,-0.216743626618341,-0.0011117384840404608,0.0028921422842250904,-3.819558234293137e-05,-0.4190279789070265,0.5964420008306643,-0.2169510133651294,-0.0018125990456922653,0.04351151899331366,-0.1169929229926259,0.3278599954974319,-0.47309325259296553,-0.8263712064809636,0.39145343081174905,-0.18046778246654765,0.6569294349472027,-0.11963023742267925,-0.24118561286233456,0.42308981830349185,-0.7867573390100622,-0.28582192875152407,-0.14147212201157044,0.5850917154142831,0.6185945335102273,0.3952273831064556,0.4366363319009873,0.3167418901396791,0.5020658457649889,0.22535443464997,0.3978414674469227,0.48743289186986705,0.4755504896094257,0.16887200213046688,0.577873192081104,0.466700413664753,0.5228476557014106,0.44626078425483107,0.6760366702255246,0.3260237081814177,0.591835843550351,0.5671701175228814,0.6485303684805566,0.31144838505819666,45,39,29,28,35,25,53,37,38,39,45,37
-0.0010235165893483634,-0.004817358906000784,0.9420648342111694,0.01276004139448621,0.014822098359598355,-0.7069598290851626,0.7069832295066889,0.004058420646967225,-3.564071146549332e-05,-0.418878610889597,0.5968199326352535,-0.21703413641435915,-0.0011086658331296688,0.004757110050095292,-9.582536827518938e-06,-0.4170842003545127,0.5939173306523001,-0.2160869035746659,-0.0018078134869199387,0.06553028768221061,-0.12628724326871338,0.3804888576276167,-0.4884006239099041,-0.9584298115584727,0.4513544968439823,-0.24702288786785134,0.6586036456733156,-0.13358213725009543,-0.2817930650056807,0.47787001631727805,-0.9437251874670882,-0.3080265876003076,-0.118421012582278,0.5962058105824674,0.6134326873408691,0.4124573607486062,0.4146216911941269,0.29172776148692636,0.4758212599895801,0.1900114823904998,0.3699149602312445,0.4617234327697659,0.48699141956222136,0.0803395300512313,0.5706003527281659,0.5010931039596823,0.44692434970979306,0.4874106651018429,0.5957304236031288,0.3452638949694915,0.5300798463360696,0.5523560769912188,0.6094643845804871,0.2613013231905078,47,39,28,26,33,22,57,36,37,37,42,34
-0.0010423557035933138,-0.004828073394847657,0.9420306025057692,0.01275974246085764,0.014827581834507034,-0.7069706430301235,0.7069723061640023,0.004089006282015418,4.763431400663302e-05,-0.4190534652368679,0.5970841613872742,-0.21704282183861634,-0.0011426431771541662,0.00478768371541768,7.378193135148762e-05,-0.4170222915631593,0.5937709932975346,-0.2158894531450875,-0.001841769423236179,0.06531708511301286,-0.1226922226276461,0.38708426260638806,-0.4873678611806639,-0.9688125550767451,0.45998984342293375,-0.25091400700009514,0.6639174262350854,-0.1293874007860652,-0.2871250378434205,0.4787956569057144,-0.9569122417981403,-0.3126312228703394,-0.11926446932712581,0.6033299010703601,0.6134326873408691,0.4124573607486062,0.4146216911941269,0.29172776148692636,0.4758212599895801,0.1900114823904998,0.3699149602312445,0.4617234327697659,0.48699141956222136,0.0803395300512313,0.5706003527281659,0.5010931039596823,0.44692434970979306,0.4874106651018429,0.5957304236031288,0.3452638949694915,0.5300798463360696,0.5523560769912188,0.6094643845804871,0.2613013231905078,47,39,28,26,33,22,57,36,37,37,42,34
-0.000861461154268425,-0.004650096008590838,0.942341503867215,0.011659048898768783,0.015231806080524785,-0.706958454160306,0.7069949099912757,0.006172676812438924,-3.3813781658445296e-05,-0.41783562622430415,0.59681840472283,-0.21717880525036293,-0.0010921743283189506,0.006868458631313779,-8.606177659510996e-06,-0.4137146187742052,0.5901053590390155,-0.21476943072283788,-0.001788388557696521,0.09150381885256686,-0.14392283356040098,0.4412427782468751,-0.4926480524618354,-1.1160620530369163,0.5315370726177451,-0.31048161173718175,0.6585487904143137,-0.15421245996229951,-0.3399025497441475,0.5266755941873095,-1.1392841845481445,-0.3422583373494891,-0.09457590522601146,0.6112973660671944,0.5864871075246894,0.4296279099297265,0.3653716936553781,0.2712895457936985,0.43246492517555074,0.16160601319484305,0.32716455137363004,0.43798594265167695,0.45323244086539854,0.07059184872555045,0.5536354207862233,0.5207921814413369,0.4322929927909368,0.5457995731231771,0.5441518077763692,0.37274187874734593,0.4819651331158655,0.5359572774987456,0.5571941471310397,0.24235679517772177,49,37,25,23,30,20,60,35,38,36,40,31
-0.0008691438097098073,-0.0046624816557199215,0.9423059458250675,0.011680014430490354,0.01524981685762986,-0.7069710875413706,0.7069815427076466,0.0061760177072731764,6.274304244476783e-05,-0.41800910619568327,0.5969704535100843,-0.21709877640580602,-0.0011133423773300988,0.006871800682229127,8.809793578593772e-05,-0.41362256413013976,0.5897957362114811,-0.21445594531162304,-0.0018095267376946856,0.09133570460056324,-0.14013425226149973,0.44827582892018397,-0.4913216026155577,-1.1269695429164865,0.5415388771745501,-0.3130599806695869,0.6638133870015378,-0.14965406976325918,-0.34680218546061164,0.5270353547141773,-1.1543536127708713,-0.3480482319822349,-0.09594043362070097,0.6188286157298378,0.5864871075246894,0.4296279099297265,0.3653716936553781,0.2712895457936985,0.43246492517555074,0.16160601319484305,0.32716455137363004,0.43798594265167695,0.45323244086539854,0.07059184872555045,0.5536354207862233,0.5207921814413369,0.4322929927909368,0.5457995731231771,0.5441518077763692,0.37274187874734593,0.4819651331158655,0.5359572774987456,0.5571941471310397,0.24235679517772177,49,37,25,23,30,20,60,35,38,36,40,31
-0.0006893130080424131,-0.004480125000031994,0.9426603254901279,0.010445852698557405,0.015554575120311142,-0.7069548626610795,0.7070104394661233,0.008311722815629951,-4.454996392802351e-05,-0.41601701521737494,0.5961380995843404,-0.21712310436086557,-0.0010595107471347604,0.009003486820122197,-2.04291813430177e-05,-0.40947323162189797,0.5854564809840145,-0.21318525483058248,-0.0017517303705943843,0.12171318606645427,-0.1733384776362118,0.5046108974201293,-0.48221263727611174,-1.2844520883932575,0.62050284442406,-0.354202835949435,0.6468641603738905,-0.18621735900662034,-0.40701940829087835,0.5597079691305727,-1.3510426111638116,-0.39022071667479424,-0.07541946754330688,0.6183887452294385,0.5354395779360189,0.43855092318384,0.36582694533746823,0.2535282113874245,0.4322176643804207,0.14406026185777535,0.3154470740008558,0.4174485573503508,0.39644658285543627,0.0679677636484695,0.5300186550924947,0.5241609985102438,0.4830212667528323,0.601409882068751,0.5519669034746092,0.407568117555117,0.49230545844235357,0.5273942645827946,0.5556020054274928,0.2564324916226206,50,34,24,22,29,18,60,34,43,37,40,31
-0.0006855297693209594,-0.004496014543084077,0.9426243993490752,0.01048502293594256,0.015592659076486525,-0.7069698800240571,0.7069940042289804,0.008304646509135764,6.75802581967265e-05,-0.4162209906629706,0.5962222349370917,-0.21697538708597944,-0.0010720579881972915,0.008996410668942955,9.191316290134081e-05,-0.4093853268067064,0.5850314247782122,-0.21278012915751468,-0.0017642040901294388,0.12162870567050746,-0.16938498543208594,0.5117483979197528,-0.4807634908897856,-1.2955745461489478,0.6311559850200501,-0.3545307547495866,0.6513240926965769,-0.1816042977579591,-0.4150776224808086,0.5594100599879689,-1.3667381033984294,-0.3973920395839566,-0.07776444488255971,0.6251859443038491,0.5354395779360189,0.43855092318384,0.36582694533746823,0.2535282113874245,0.4322176643804207,0.14406026185777535,0.3154470740008558,0.4174485573503508,0.39644658285543627,0.0679677636484695,0.5300186550924947,0.5241609985102438,0.4830212667528323,0.601409882068751,0.5519669034746092,0.407568117555117,0.49230545844235357,0.5273942645827946,0.5556020054274928,0.2564324916226206,50,34,24,22,29,18,60,34,43,37,40,31
-0.0005265762178814808,-0.004417793662190278,0.9430228287161391,0.009294268669452294,0.015850358209379387,-0.7069514061384877,0.70702340277628,0.010325775147065896,-5.348741404882177e-05,-0.4137442974062026,0.5948639093131085,-0.2169645639469344,-0.0010254263568117228,0.01101274638304416,-3.043203340772965e-05,-0.4048327966568751,0.5802971560210747,-0.21151912261793432,-0.0017129491091805926,0.1558087753476028,-0.21373006858774915,0.5670989682835113,-0.45327295994119293,-1.4547401383207348,0.706155909112516,-0.3627490368889489,0.611725862768569,-0.2289268047458033,-0.4754887393936681,0.5716543149530638,-1.5613363070001955,-0.45196173560286546,-0.06545390334824491,0.612658369482772,0.4709004961497998,0.43005240891039653,0.3899540103978949,0.23335066061798204,0.4744517350321252,0.13579206123242507,0.3422108603221479,0.39322380621168995,0.326089411101109,0.07219255126907828,0.49745801946009116,0.5180777057622951,0.49654674815103994,0.6333160454115954,0.5953769246164299,0.44648022450168434,0.55394540871467,0.5360475197477198,0.6105836293232061,0.2976801807209142,49,30,24,24,29,15,59,32,44,41,43,35
-0.000511227687803994,-0.004436370068236427,0.9429928551337947,0.009344483284929352,0.01591018026246603,-0.7069679517344745,0.7070048528946006,0.010322139974376851,7.151540502102396e-05,-0.4139679791140086,0.5948791567596937,-0.21675781362680008,-0.0010312830003508786,0.01100907561641196,9.483980278380828e-05,-0.40474606177899364,0.579770062555887,-0.21103976792166984,-0.0017186324646049466,0.15580878665892145,-0.20966556556752086,0.5737861367121048,-0.4520916559658272,-1.4654657914063531,0.7157056945499783,-0.3598531378562746,0.6137594442761846,-0.22461690137591808,-0.48388873529522736,0.5707267017592871,-1.57601902819596,-0.460129829844166,-0.06881696140619697,0.6176549246775024,0.4709004961497998,0.43005240891039653,0.3899540103978949,0.23335066061798204,0.4744517350321252,0.13579206123242507,0.3422108603221479,0.39322380621168995,0.326089411101109,0.07219255126907828,0.49745801946009116,0.5180777057622951,0.49654674815103994,0.6333160454115954,0.5953769246164299,0.44648022450168434,0.55394540871467,0.5360475197477198,0.6105836293232061,0.2976801807209142,49,30,24,24,29,15,59,32,44,41,43,35
-0.00037318514480269777,-0.004523272629124752,0.9434871143438933,0.008316739869737681,0.016201964775822777,-0.7069519714790592,0.7070270420551211,0.01216899705491208,-4.419672510407843e-05,-0.4111254959941997,0.5927260548406548,-0.2166173198984942,-0.0009840691258475006,0.012850661129470546,-2.1982714473528498e-05,-0.3999993072040676,0.5745122978231317,-0.20974585201608656,-0.0016664735308960078,0.19284154602947517,-0.26210878582694075,0.6224299582496268,-0.40594773070825235,-1.6165039905112628,0.7756523262571343,-0.3284925740098263,0.539110123538286,-0.2798687517189206,-0.5327385146523238,0.564307050551514,-1.7601255603062207,-0.5269099171083333,-0.06261213042633487,0.589535078928038,0.40954896153637543,0.4252763503188991,0.3704344574831006,0.2076697289245048,0.522924642174716,0.13119849426751615,0.3612169897308831,0.358166991956438,0.23761416836804627,0.07874850535840579,0.44505143688947796,0.5224317611939528,0.5194078735451176,0.6383731980057727,0.6354366640859999,0.48392344489648065,0.6006468415730717,0.565039297398999,0.6686636664268146,0.36050909291292044,49,26,22,25,28,12,60,28,45,44,46,40
-0.0003484872565760954,-0.004541020964176437,0.9434719263758604,0.00836846428861265,0.016279261703771364,-0.7069676566216498,0.7070089723155739,0.012180018160990418,8.772375479905507e-05,-0.4113119685720949,0.5926134391706226,-0.21633652135784837,-0.000987966319760689,0.012861561922304643,0.00011024650466753513,-0.3998597391681618,0.5738322345176856,-0.20918332149861174,-0.001670021227588411,0.19286544733796596,-0.2580000567635595,0.6283829522351403,-0.40548732217937,-1.6261975668494757,0.7824992776743571,-0.3221624770362547,0.5370245008343845,-0.27604034427580115,-0.5408410904128275,0.5629283318039712,-1.772798610088678,-0.5357130485927009,-0.06654050970952353,0.592072339873292,0.40954896153637543,0.4252763503188991,0.3704344574831006,0.2076697289245048,0.522924642174716,0.13119849426751615,0.3612169897308831,0.358166991956438,0.23761416836804627,0.07874850535840579,0.44505143688947796,0.5224317611939528,0.5194078735451176,0.6383731980057727,0.6354366640859999,0.48392344489648065,0.6006468415730717,0.565039297398999,0.6686636664268146,0.36050909291292044,49,26,22,25,28,12,60,28,45,44,46,40
-0.00032172429277838217,-0.004579943216644998,0.9434580215034258,0.008386776682344362,0.01630701931293731,-0.7069743217710827,0.7070014508148666,0.012162113382673723,0.00014995410090676978,-0.4113417594512501,0.5925774978239813,-0.21622789345547538,-0.0009714922994006997,0.012843670095771944,0.0001726298864168588,-0.39959796440060086,0.573301244030472,-0.20884101120867712,-0.0016534281672403693,0.1929291511827184,-0.25457976168536245,0.6330720556124582,-0.4051126699328763,-1.634226065037706,0.7881745821836272,-0.3165464028406479,0.5360714420678199,-0.2726777300795699,-0.5474496171998665,0.5615602552847974,-1.7832812426875808,-0.5430435516277983,-0.0703354232893865,0.5946969976040135,0.40954896153637543,0.4252763503188991,0.3704344574831006,0.2076697289245048,0.522924642174716,0.13119849426751615,0.3612169897308831,0.358166991956438,0.23761416836804627,0.07874850535840579,0.44505143688947796,0.5224317611939528,0.5194078735451176,0.6383731980057727,0.6354366640859999,0.48392344489648065,0.6006468415730717,0.565039297398999,0.6686636664268146,0.36050909291292044,49,26,22,25,28,12,60,28,45,44,46,40
-0.0001712778946610902,-0.004800078603646962,0.944088577906172,0.007528935380385364,0.016616877890180203,-0.7069562239010597,0.7070219883347169,0.013760143991054444,-2.1837470218583337e-05,-0.40804065162662584,0.5894618989412971,-0.21597271406159171,-0.0008707762003836091,0.014436400604965673,-1.8478516283798206e-07,-0.3946809156999163,0.5675559005342953,-0.20763526167071455,-0.0015479348309046024,0.23180437197066975,-0.31267249173877193,0.6660697515336284,-0.34624822234337466,-1.76410951026217,0.8292654745590268,-0.25376210758791673,0.424842631793761,-0.3330800046573757,-0.5749151392488291,0.5460334724661363,-1.9412653386798413,-0.6143768645913801,-0.06410492287953809,0.5531845591119536,0.36178580998740056,0.3835270797735211,0.32665439163327203,0.1776513835137876,0.5469488898889078,0.11869666592889572,0.36082942191718526,0.31188497917058305,0.14917489687086716,0.08194367089338556,0.36488441518151377,0.5825298526984725,0.5456926018933222,0.6267550385940833,0.6314765818263948,0.5097006751314367,0.5735446184565253,0.6040289231442937,0.6279021649716028,0.4318115262634816,44,23,20,26,26,9,67,23,46,45,46,41
-0.00014440293605353223,-0.00480545174346999,0.9440943648199465,0.007576898972603907,0.016702161354827983,-0.7069699781541171,0.7070057131288294,0.013786922573242245,0.00011437033632542585,-0.4081328235660283,0.5891488855691251,-0.21559428887607787,-0.0008763683778896773,0.014462968538057775,0.00013634151382206666,-0.39446383262251505,0.5667049779428256,-0.20698917731587937,-0.0015530230309150144,0.23176877276874147,-0.30896273693294113,0.6711461146515749,-0.346833867397846,-1.7718089413183922,0.83315390042838,-0.24507998619992877,0.4182603713900031,-0.3302666424839292,-0.5817341002515135,0.5446631906212495,-1.9505988546022575,-0.6228712069411748,-0.06757467402340862,0.5531082690688056,0.36178580998740056,0.3835270797735211,0.32665439163327203,0.1776513835137876,0.5469488898889078,0.11869666592889572,0.36082942191718526,0.31188497917058305,0.14917489687086716,0.08194367089338556,0.36488441518151377,0.5825298526984725,0.5456926018933222,0.6267550385940833,0.6314765818263948,0.5097006751314367,0.5735446184565253,0.6040289231442937,0.6279021649716028,0.4318115262634816,44,23,20,26,26,9,67,23,46,45,46,41
8.984314853313798e-05,-0.005053132115890108,0.9448554109069727,0.006950019930138228,0.017136834729666872,-0.706968681590071,0.7070030476378563,0.015124074877679769,0.00012341680244385992,-0.4044872073245754,0.5843272678240005,-0.2142221830405338,-0.0007126430781217416,0.0157948718466284,0.00014502492004536913,-0.38893808088823256,0.5587761596506494,-0.2043955740805644,-0.0013840823324192772,0.27183082751090093,-0.3623818930105981,0.6961746793936986,-0.28433513411892336,-1.8913213613791047,0.8768883732768791,-0.1508293562411795,0.2648290519909753,-0.3883345124672482,-0.6002704679613111,0.5255243350950359,-2.091621078869828,-0.7075389451696077,-0.06657885525763993,0.5042932721091403,0.3279848910286524,0.32164044466472785,0.2786205220640204,0.173148931462479,0.5379262183345054,0.0986937964376391,0.3443268800539734,0.28792077078266,0.0759978490039702,0.10293446655444104,0.2662247050241661,0.6489676170914125,0.4807973682199411,0.6068598035577972,0.5912758546598488,0.5142485842831135,0.5057751591176674,0.6350916735794043,0.5475398932802181,0.49263710590681753,37,21,18,24,25,7,74,17,43,43,45,41
0.00011715163366751546,-0.005071570612952022,0.9448777843301154,0.006959480943563538,0.017175750402704373,-0.7069735215290813,0.7069971704892963,0.015135638819001243,0.00019144622744526635,-0.40429390745017685,0.5838630735200442,-0.21390806788858174,-0.00069762701982891,0.015806319556508127,0.00021321108883970254,-0.38846118113049094,0.5578311129879028,-0.20385589852703317,-0.0013687759493797183,0.2718373907525313,-0.35954067143333474,0.700325177352408,-0.28572552140925733,-1.8966743280818361,0.8795938674733514,-0.14226391943747932,0.2568818443754818,-0.38648841577295634,-0.6051682851487186,0.5242771480998859,-2.0973277121627447,-0.7145214468995975,-0.06949549305245885,0.5030723899152645,0.3279848910286524,0.32164044466472785,0.2786205220640204,0.173148931462479,0.5379262183345054,0.0986937964376391,0.3443268800539734,0.28792077078266,0.0759978490039702,0.10293446655444104,0.2662247050241661,0.6489676170914125,0.4807973682199411,0.6068598035577972,0.5912758546598488,0.5142485842831135,0.5057751591176674,0.6350916735794043,0.5475398932802181,0.49263710590681753,37,21,18,24,25,7,74,17,43,43,45,41
0.0003135571581945012,-0.0052583308362691705,0.9457151413728184,0.006446821950555915,0.017490366189577864,-0.7069625079660298,0.7070053308905629,0.01615939543534271,0.0001065473661438395,-0.4000527016360959,0.5779610251732613,-0.21214261487187736,-0.0005246831496599229,0.016825652202264976,0.0001278619533954141,-0.38268740552355274,0.5494083356451097,-0.2011224155726501,-0.0011916688128217816,0.31318529452506866,-0.4133064118741235,0.7082354710115927,-0.22530743444592555,-1.9938276470318925,0.9344879013517513,-0.05346853535462619,0.09256451747114823,-0.44525011628048644,-0.5977254301838718,0.5028204849539676,-2.2103642083074737,-0.7921318211858153,-0.07836125422543487,0.4506205934778859,0.30494570714428626,0.26967433083744036,0.23519985441376254,0.17755480571962845,0.5031283847603105,0.07383318694589172,0.31782203078050714,0.26623481048053516,0.030765267790754447,0.1570769885056729,0.17152598469763453,0.7265270907169582,0.4314110604666115,0.582833827967646,0.5683694030650968,0.49978121850077456,0.4565221945191902,0.6496423613802333,0.49148883633863794,0.5367087115548992,31,19,16,22,23,7,83,11,40,42,43,40
0.0003298217087949953,-0.005263678195124033,0.945748606489672,0.00645236007070435,0.017532740649856292,-0.7069707160272907,0.7069960231392279,0.016195604716120318,0.00019096833147655347,-0.3997645271656517,0.5773133521842992,-0.21174183493969068,-0.0005250605551465293,0.01686163801601951,0.0002124330129990446,-0.3821467688345668,0.5483259827972304,-0.2005132894263851,-0.0011916379896814238,0.3131526983258908,-0.41106358073005483,0.7124595595200559,-0.2268482866286228,-1.9976797986761965,0.9382967647473556,-0.04584305939696856,0.08314285149598542,-0.44425885578224933,-0.6014624200522947,0.5020853968692983,-2.214232216581799,-0.7981238405032537,-0.08126510370936788,0.44859460171984733,0.30494570714428626,0.26967433083744036,0.23519985441376254,0.17755480571962845,0.5031283847603105,0.07383318694589172,0.31782203078050714,0.26623481048053516,0.030765267790754447,0.1570769885056729,0.17152598469763453,0.7265270907169582,0.4314110604666115,0.582833827967646,0.5683694030650968,0.49978121850077456,0.4565221945191902,0.6496423613802333,0.49148883633863794,0.5367087115548992,31,19,16,22,23,7,83,11,40,42,43,40
0.0004512510824577692,-0.005326004611226742,0.9466025353029497,0.006085727547141365,0.017705973231322537,-0.7069695668481483,0.7069961060590763,0.016870904415852764,0.0001797234158866666,-0.39491507765671857,0.5700444943485513,-0.20909308824042477,-0.0004225241215864564,0.017533631806161316,0.00020089394517169954,-0.37595701154501676,0.5388316121443779,-0.19697063127609868,-0.0010858874634398408,0.3556123849339675,-0.4609509020299948,0.7119863607218896,-0.17320058263630206,-2.0791593804416935,1.0157410875252324,0.02698711319757796,-0.09094680691625967,-0.4992057487989497,-0.5718764152880912,0.48591154253655283,-2.301387889295277,-0.8775936724036134,-0.10751536730543367,0.3930744595749274,0.2928274672686692,0.25431515416720996,0.23511298937689076,0.18239858308610327,0.4822975659784928,0.049591471206901515,0.3138761380477208,0.24695623517556364,0.056028507287644407,0.1775735505557949,0.1008187173486497,0.8227029180960377,0.4311170597541131,0.5621923075964996,0.5777566215403632,0.48224898473876365,0.43065357011795347,0.6562028009657386,0.4153702105504297,0.5776484111267396,29,19,16,20,22,9,94,6,39,41,43,39
0.0004551245557937195,-0.005332337069319918,0.9466383034104785,0.006076530843137385,0.017731224588169264,-0.7069758385230921,0.7069892808183788,0.016918614382641552,0.00023503199109670825,-0.39452568056166576,0.5693491318850973,-0.20874193870671198,-0.0004310625666371401,0.01758109055756803,0.00025626897271454745,-0.3753628041530951,0.5377844862137734,-0.19645581156833497,-0.0010940602170815593,0.35554064893417037,-0.4594946519102191,0.7157275191161322,-0.1742656889421918,-2.081170781847275,1.0203649797592267,0.03161993144761893,-0.09928268388433867,-0.49908133620905115,-0.57422459750413,0.4858258927747164,-2.3033916577551423,-0.881950911126398,-0.11026991880196334,0.39099983762934476,0.2928274672686692,0.25431515416720996,0.23511298937689076,0.18239858308610327,0.4822975659784928,0.049591471206901515,0.3138761380477208,0.24695623517556364,0.056028507287644407,0.1775735505557949,0.1008187173486497,0.8227029180960377,0.4311170597541131,0.5621923075964996,0.5777566215403632,0.48224898473876365,0.43065357011795347,0.6562028009657386,0.4153702105504297,0.5776484111267396,29,19,16,20,22,9,94,6,39,41,43,39
0.0004915048973946161,-0.005280821517587407,0.9473352144823506,0.005823999819653728,0.017626803544847282,-0.706949981915181,0.7070198723466115,0.01709927432746021,2.659406925261819e-05,-0.3901480960968293,0.5631134528794811,-0.20653526886527224,-0.00035820469373488176,0.017760594255986424,4.7309267756894555e-05,-0.3703245072189931,0.5304899879078356,-0.19387112982603505,-0.0010204225370167627,0.39909949187365434,-0.5085971593483136,0.6986436666658208,-0.12521249158782005,-2.140673188720062,1.1000770374447488,0.06744896056216443,-0.24611299282064064,-0.5488242257988932,-0.5210177387452736,0.474184921006711,-2.356531424983894,-0.9485679940730705,-0.14314145479486057,0.337141810201829,0.29526977630415496,0.29009432529327733,0.2850943496853953,0.18705595928846513,0.5041160665840141,0.03302011101128348,0.35579013276790206,0.23404746586854822,0.20467854874585184,0.17289133831817716,0.06479686691673872,0.87266,0.4837537639866018,0.5573704428387837,0.5778646574210616,0.479516087109467,0.3907722207512299,0.6712184444792989,0.33880975466207913,0.631628617457536,33,19,18,21,23,15,100,4,41,41,42,38
0.0004803785803385325,-0.0052668166936163194,0.9473713309084569,0.005825543328976243,0.01767112310214272,-0.7069688951563592,0.7069998413964667,0.017178289786702668,0.0001556570549706236,-0.3898075440870208,0.5623566984294919,-0.2061008134485482,-0.0003962340317807938,0.01783919894100208,0.00017649553017384754,-0.3698313892708231,0.5294482385461338,-0.1932824707940406,-0.001057846515036206,0.39897673618617363,-0.507405818657792,0.702659113305723,-0.1259728774631951,-2.1416230138425685,1.1064461078620458,0.07031412867601557,-0.25588055376752,-0.5497718661434753,-0.5226494829180204,0.47482328681514896,-2.3572933825885594,-0.9530431546641925,-0.14638184051214959,0.3342508486294297,0.29526977630415496,0.29009432529327733,0.2850943496853953,0.18705595928846513,0.5041160665840141,0.03302011101128348,0.35579013276790206,0.23404746586854822,0.20467854874585184,0.17289133831817716,0.06479686691673872,0.87266,0.4837537639866018,0.5573704428387837,0.5778646574210616,0.479516087109467,0.3907722207512299,0.6712184444792989,0.33880975466207913,0.631628617457536,33,19,18,21,23,15,100,4,41,41,42,38
0.0004531407403927669,-0.005108158802549327,0.9479104908841415,0.005653929386070365,0.01743414346106973,-0.7069493958023014,0.7070266158349617,0.017110377547510797,-8.761254365903591e-06,-0.38585429970878965,0.5566879171611434,-0.20385638625800517,-0.0003901912806434035,0.0177712227219193,1.1622738553682165e-05,-0.3655114753889664,0.5231972426849311,-0.19083008400363308,-0.0010519443002976118,0.4428383531118911,-0.5508096822626365,0.6798356338599099,-0.08485331743422238,-2.181754651485468,1.18926279376826,0.085791041828786,-0.3854684554399565,-0.5931986390584773,-0.45643855820042656,0.4681067694614297,-2.3882937462449854,-1.0173494409004162,-0.1782954739095356,0.2753720470878081,0.31351035194308785,0.37973835393987687,0.2557947570405881,0.18834326178485855,0.48908703639509093,0.02672270127070014,0.36320841040740864,0.22938532491732846,0.3836720817277768,0.17763531775802296,0.06867736216245283,0.87266,0.49658128821693687,0.5761639126048095,0.6002375095036013,0.4984799359170726,0.39611795481057827,0.706314738082231,0.35131273491800585,0.698917962899109,44,20,17,20,23,22,100,4,42,43,43,41
0.0004326524051833335,-0.005089228570047948,0.9479421809338785,0.00565418860617316,0.01747498043376671,-0.7069714777187248,0.7070035253817687,0.01719738513424991,0.00013551388125815228,-0.3855366348651376,0.5559810417978365,-0.20346001812353542,-0.0004397699819065183,0.017857794283894286,0.00015600230543213938,-0.36508473332624997,0.5222726205077204,-0.1903036107709942,-0.0011009058855718445,0.4426797104799495,-0.5501070631070912,0.6835569984400306,-0.08534371081769913,-2.1816153664620312,1.1960003825560608,0.08676432787879924,-0.394524720002793,-0.5947295299560861,-0.45744221094093257,0.4690592803891469,-2.3877530578155106,-1.0216233978855063,-0.1809469854811007,0.27177306687629765,0.31351035194308785,0.37973835393987687,0.2557947570405881,0.18834326178485855,0.48908703639509093,0.02672270127070014,0.36320841040740864,0.22938532491732846,0.3836720817277768,0.17763531775802296,0.06867736216245283,0.87266,0.49658128821693687,0.5761639126048095,0.6002375095036013,0.4984799359170726,0.39611795481057827,0.706314738082231,0.35131273491800585,0.698917962899109,44,20,17,20,23,22,100,4,42,43,43,41
0.0004344439057188095,-0.004931063409356984,0.9482741893014996,0.0054951876250887745,0.017144937190820025,-0.706913738143761,0.7070705911472372,0.016936873229224922,-0.0002759119959011081,-0.3825175165056996,0.5520864089112486,-0.20193026738068307,-0.00038070553227335913,0.017598177473604423,-0.0002559682645528762,-0.3618564880041443,0.5181228263343652,-0.18877087238420667,-0.0010429092440583506,0.486492534019583,-0.586449020579002,0.6528143461716538,-0.05237724148569949,-2.2018180448922524,1.2663945090375077,0.09185841587991114,-0.487569785985135,-0.6261208090802574,-0.38407092383638086,0.46893077152351875,-2.4027059227827343,-1.0808112409937582,-0.19048482595824498,0.2179179743603927,0.3419573163417107,0.518806459264819,0.2646202762026853,0.1828243561571273,0.5102513875969648,0.025559578950586078,0.3789552072512145,0.2309608161798112,0.4875343391326392,0.17220898439381746,0.11671217420950061,0.87266,0.5022782523349566,0.613455847860043,0.6591781335547834,0.5337627615838116,0.44535540343200525,0.7627048339576574,0.37801489366341,0.7649471108075722,59,22,17,21,24,26,100,7,44,47,48,45
0.0004015548113799944,-0.004896820076865632,0.948300297839409,0.005502722570496532,0.01719813809260935,-0.7069552408484384,0.7070277445244901,0.017045149928083893,-2.0421600115901864e-05,-0.3822852235937353,0.5514389350384266,-0.20155642212634006,-0.00044656228527663447,0.017705937501323137,-3.508111272500377e-07,-0.3615710897438355,0.5173190840679592,-0.18825994602432677,-0.0011081136272102627,0.48633667164726185,-0.5864142811441784,0.6559573159991423,-0.052748241186112536,-2.2009253917660896,1.273788609213746,0.09197360472177114,-0.49618521557367506,-0.6282449590119643,-0.3841644490552988,0.4698996370047637,-2.400490327906219,-1.0858697522522769,-0.19140904896106922,0.21332202635053688,0.3419573163417107,0.518806459264819,0.2646202762026853,0.1828243561571273,0.5102513875969648,0.025559578950586078,0.3789552072512145,0.2309608161798112,0.4875343391326392,0.17220898439381746,0.11671217420950061,0.87266,0.5022782523349566,0.613455847860043,0.6591781335547834,0.5337627615838116,0.44535540343200525,0.7627048339576574,0.37801489366341,0.7649471108075722,59,22,17,21,24,26,100,7,44,47,48,45
0.0004629019440316668,-0.004797913601785189,0.9484544238090538,0.005318244588046432,0.01694944002496808,-0.7068400462954328,0.707150324690878,0.01688708606708345,-0.0007135120200340954,-0.38031382043921486,0.5491755103775654,-0.20057755076718387,-0.0003534378787376185,0.017548395557490336,-0.0006938780413429562,-0.35930695432300785,0.514757646146538,-0.18736210083892169,-0.0010153697294710948,0.5293692253849905,-0.6120721975675997,0.6224973466592411,-0.02886793889425363,-2.203979018370893,1.3309403217000075,0.09711515112411885,-0.5569443670969211,-0.6459295635417609,-0.3112697688462554,0.47563486618666306,-2.4026828771778885,-1.141628568836282,-0.17285293126651774,0.1706241373874165,0.37073091910984435,0.6934547420011626,0.3290702763838826,0.17141225904357457,0.5507002133166817,0.022940014276267788,0.4079570641789239,0.26725030412586925,0.549167587340628,0.16608577596587568,0.20853914723809325,0.87266,0.45114061139700584,0.6562212578225783,0.6214833850348359,0.5728754330413719,0.39014835281010446,0.8280232576147697,0.37737573663803714,0.8122041430534073,79,24,19,22,26,28,100,13,43,47,48,47
0.0004208467188944216,-0.004754896296553927,0.9484738813463457,0.005332226178978991,0.016998535703535496,-0.7069221485009098,0.7070669650795244,0.016985374622591372,-0.000279623035890458,-0.38013542702742253,0.5486324438625237,-0.20030332914440185,-0.0004197955726978539,0.017646257653267574,-0.000259879977791005,-0.3591330836368878,0.5140906735456459,-0.1869097586534652,-0.001081277057284101,0.529220957476607,-0.6129654353171881,0.6245487607801117,-0.029033272653468806,-2.2023213402545037,1.3389912877752301,0.09719010669891817,-0.564588563996879,-0.6482387680963321,-0.30984541688493905,0.4762474450320899,-2.3983089791308383,-1.1480394406000909,-0.16977111480499452,0.165540836236725,0.37073091910984435,0.6934547420011626,0.3290702763838826,0.17141225904357457,0.5507002133166817,0.022940014276267788,0.4079570641789239,0.26725030412586925,0.549167587340628,0.16608577596587568,0.20853914723809325,0.87266,0.45114061139700584,0.6562212578225783,0.6214833850348359,0.5728754330413719,0.39014835281010446,0.8280232576147697,0.37737573663803714,0.8122041430534073,79,24,19,22,26,28,100,13,43,47,48,47
0.0005059404880670016,-0.004700434912665472,0.9484921512918527,0.005101971558067429,0.016985776145562497,-0.7068450166496151,0.7071460780719631,0.01723649856573766,-0.0007134723959848964,-0.379063735575507,0.5473677535785244,-0.19961227814374372,-0.00036830329149891913,0.017896224181508148,-0.0006938920393967709,-0.35757251872263507,0.5121432864764508,-0.1860951460606177,-0.0010282477129467597,0.5704238007219061,-0.6273694387091602,0.5928141883436299,-0.013510348998910241,-2.1891790960139197,1.3909827722072157,0.10599708544314632,-0.6053156830427726,-0.6538915452771246,-0.24252346949697662,0.48572699168458133,-2.3811326768197283,-1.2053639965537128,-0.12270627812285519,0.13552005318607074,0.39090022319857115,0.8724379688138546,0.39366182276741674,0.1783165983048927,0.5952219742854378,0.018703978008629912,0.43780704640334756,0.30849992181298636,0.5659715824722443,0.18634431873925694,0.32960769816715674,0.87266,0.3547652230712534,0.6919350750948049,0.5716601690098545,0.5987056165658334,0.33236320653691287,0.877191233405321,0.362389170309815,0.8294076527774514,100,25,22,23,29,29,100,21,41,46,48,47
0.0004734445562299317,-0.004669975878396917,0.9485024831377606,0.005112639494921147,0.01697766657929555,-0.7069265610921546,0.7070646766578977,0.017234472706893603,-0.0002797462387899854,-0.37887789762348134,0.5470452306627346,-0.19950145204776287,-0.000408777018582787,0.017894223634148353,-0.0002601438763392849,-0.35739203210862813,0.5116976401056291,-0.18579642197770588,-0.0010687427050127573,0.5702158473737545,-0.6287291185845484,0.594350635358787,-0.013538553462359703,-2.186813823470992,1.3981843588512557,0.10618789632193579,-0.6104115299847783,-0.655845472119627,-0.24064052477522901,0.4854897506574925,-2.3744381187270047,-1.2119326505429953,-0.11462956140934376,0.13205020949293875,0.39090022319857115,0.8724379688138546,0.39366182276741674,0.1783165983048927,0.5952219742854378,0.018703978008629912,0.43780704640334756,0.30849992181298636,0.5659715824722443,0.18634431873925694,0.32960769816715674,0.87266,0.3547652230712534,0.6919350750948049,0.5716601690098545,0.5987056165658334,0.33236320653691287,0.877191233405321,0.362389170309815,0.8294076527774514,100,25,22,23,29,29,100,21,41,46,48,47
0.0005887184865967412,-0.004697100912829342,0.9483981807557186,0.004812219880593634,0.017242493722471757,-0.706674172185485,0.7073126277085762,0.018007991665932043,-0.001294084922432579,-0.3789007559481922,0.5469805929087106,-0.1991576191573056,-0.00036713372006358424,0.01866425215322329,-0.001274460835446892,-0.35661930756593396,0.5107005683178923,-0.18542680012112514,-0.00102362940358162,0.6084543284492346,-0.6291032133451706,0.5653277161746478,-0.004960287199111623,-2.163049803652399,1.4353810212501195,0.11802476200575852,-0.6278778294762805,-0.6472896926116116,-0.18726006841544388,0.4951487083414968,-2.345728227089231,-1.2589814256135827,-0.06341242001301038,0.12250715056151551,0.39719148938018745,0.8727,0.42012733231954297,0.2018010244080888,0.6296096031255365,0.018813689405410273,0.46402916979128317,0.3387066929697488,0.5706467610329765,0.22708224952292058,0.45193723202749364,0.87266,0.3055960168235794,0.7043359186829049,0.5825121550598572,0.5906802785058981,0.35537198678570925,0.8847669048367723,0.36841301714344077,0.8152263028262832,100,25,24,25,31,31,100,29,40,46,49,47
0.000577444428770209,-0.004692385894897255,0.948399371013885,0.0048359673508482585,0.01711845436522322,-0.7068500500704914,0.7071397165025247,0.017776416000158363,-0.0006644810065799658,-0.3786085441395297,0.5469461279632148,-0.19928347414937658,-0.0003771720941985506,0.018433799146681522,-0.0006448988779228143,-0.3563811766078949,0.5104954124599772,-0.18528535770539387,-0.001034269271155534,0.6085797196336761,-0.6310204008125309,0.565019869976707,-0.0045689497760938785,-2.159341318963559,1.4427589703523391,0.11885670036500073,-0.6308937665739675,-0.648500022736252,-0.1833490057446473,0.494198589295706,-2.336410110236558,-1.266879423554511,-0.05047530515378366,0.12172445250060045,0.39719148938018745,0.8727,0.42012733231954297,0.2018010244080888,0.6296096031255365,0.018813689405410273,0.46402916979128317,0.3387066929697488,0.5706467610329765,0.22708224952292058,0.45193723202749364,0.87266,0.3055960168235794,0.7043359186829049,0.5825121550598572,0.5906802785058981,0.35537198678570925,0.8847669048367723,0.36841301714344077,0.8152263028262832,100,25,24,25,31,31,100,29,40,46,49,47
0.0006752061821866853,-0.004774433417087359,0.9481954941111517,0.00455167931134166,0.0172519414231525,-0.7068505270074584,0.7071378827370635,0.01831776569455422,-0.0006443168244959918,-0.37887915637308767,0.5479938779562561,-0.19966818821504526,-0.0003680047236542306,0.01897276127829373,-0.0006247144947749601,-0.3557683688053792,0.510082049515948,-0.18510022167734413,-0.0010219580369414173,0.6434839687103836,-0.6222421975257824,0.5374955868207933,-0.0010669477830918365,-2.116062391827759,1.4853634472178152,0.13731749097576565,-0.6321323648230752,-0.6292511012121387,-0.1355807735016073,0.500621394546896,-2.275739002440794,-1.3235400380194953,0.015733202052357564,0.13399699085054886,0.3903672694581822,0.8727,0.40858540016293443,0.2258807125059701,0.6551413440745532,0.029266169589631477,0.5194738295375504,0.3617927563978235,0.6068624302783215,0.2792745143880352,0.5511056533019201,0.87266,0.413303827982531,0.6721497521681631,0.6393735509198458,0.5333268568764797,0.427050599676599,0.8424662586007505,0.3960781089437553,0.7785922083460651,100,25,25,26,34,34,100,35,43,46,50,46
0.0006702710538497994,-0.004777472464613299,0.9481865007667487,0.0045636803069933046,0.017118403082025127,-0.7069280865494418,0.7070635145059613,0.018072464507030695,-0.00025096399263838353,-0.37867277512003755,0.5481353212144731,-0.19991680470750012,-0.00033497078647663406,0.018728677141342787,-0.00023154848563592556,-0.3555823133438312,0.510130488243608,-0.18516127861619971,-0.000990284796583924,0.6433444806590479,-0.6242161224776566,0.5381221579061034,-0.0005411941513895189,-2.112304174234998,1.4909563025008912,0.13788286190040705,-0.6319830179759693,-0.6309926619848272,-0.13294356502611693,0.49838773448688023,-2.265638565169589,-1.3302378788940794,0.028430042053200398,0.13684189005536074,0.3903672694581822,0.8727,0.40858540016293443,0.2258807125059701,0.6551413440745532,0.029266169589631477,0.5194738295375504,0.3617927563978235,0.6068624302783215,0.2792745143880352,0.5511056533019201,0.87266,0.413303827982531,0.6721497521681631,0.6393735509198458,0.5333268568764797,0.427050599676599,0.8424662586007505,0.3960781089437553,0.7785922083460651,100,25,25,26,34,34,100,35,43,46,50,46
0.0006838616691068854,-0.00481340569345575,0.94792796517502,0.004163117396383184,0.017653349600342098,-0.706709605919476,0.707271207248373,0.01957553360767409,-0.0010208942199597683,-0.38002238437350727,0.5497278702099273,-0.2001308802845722,-0.0004821339816810337,0.02022473626669878,-0.0010011752113717797,-0.35579457877254755,0.5101705417640622,-0.18506370574105527,-0.0011306663110188357,0.6739723460737966,-0.6016482436530561,0.5142189484660211,-0.003265491864925929,-2.059794683835161,1.5259223364066201,0.1618874824881539,-0.6136477181642193,-0.599038210522171,-0.10370123212856455,0.5047952454944895,-2.1932859932388764,-1.378323724787041,0.05900183762933364,0.16502248491908347,0.3790096091639992,0.8727,0.353760663913683,0.2514089191632516,0.6564830659370238,0.0509087235532592,0.5655921129862758,0.3845803161639296,0.6062587732499342,0.34275843119502236,0.6198453760785466,0.87266,0.6998118420021642,0.5920238765973147,0.7673136201936436,0.4347646844443799,0.5270307910394205,0.7670605038188731,0.4164089607080466,0.7362364795188504,100,24,24,27,37,37,100,39,50,47,51,45
0.0007412320386311416,-0.004871778014139531,0.9479061923723386,0.0042163066583586145,0.01728155770989188,-0.7068611759293103,0.7071285940231204,0.018816136983692243,-0.0005297588781304375,-0.3795479496968827,0.5502277499812088,-0.2006484412549904,-0.00039628313466227253,0.019468929690250082,-0.0005102850168215834,-0.3553931908543358,0.5105690813663529,-0.18534477712597106,-0.0010472846625189855,0.6743079300051118,-0.6039197838919361,0.5135518634790478,-0.002159025294124161,-2.053639467849224,1.5324193112732027,0.1638757735230215,-0.6095772638591599,-0.6006845004302067,-0.09982951883869587,0.5017177107606401,-2.18046242023065,-1.3870440976125487,0.06968057165245145,0.17229410045863508,0.3790096091639992,0.8727,0.353760663913683,0.2514089191632516,0.6564830659370238,0.0509087235532592,0.5655921129862758,0.3845803161639296,0.6062587732499342,0.34275843119502236,0.6198453760785466,0.87266,0.6998118420021642,0.5920238765973147,0.7673136201936436,0.4347646844443799,0.5270307910394205,0.7670605038188731,0.4164089607080466,0.7362364795188504,100,24,24,27,37,37,100,39,50,47,51,45
0.000753447952180328,-0.004893271448295601,0.9478861556188163,0.004237618961766102,0.01709092027813552,-0.7069327104037304,0.7070615857128832,0.018439009894127136,-0.0001960989132252834,-0.37933002448400893,0.550557364003748,-0.20105124385823375,-0.000319016810918334,0.019093718585197608,-0.00017690808630659667,-0.35523324201108725,0.5108787748812633,-0.18559700239806315,-0.0009721741460483253,0.6742730457371817,-0.6062800615077452,0.5138868511320904,-0.0011101540146942767,-2.049074783973453,1.53760083721878,0.16494120389123,-0.6061789212741645,-0.6030970326980634,-0.09700254997941295,0.4986649685121128,-2.169719837032356,-1.394159805477548,0.07958273658425932,0.17857391289414096,0.3790096091639992,0.8727,0.353760663913683,0.2514089191632516,0.6564830659370238,0.0509087235532592,0.5655921129862758,0.3845803161639296,0.6062587732499342,0.34275843119502236,0.6198453760785466,0.87266,0.6998118420021642,0.5920238765973147,0.7673136201936436,0.4347646844443799,0.5270307910394205,0.7670605038188731,0.4164089607080466,0.7362364795188504,100,24,24,27,37,37,100,39,50,47,51,45
0.0008275505162021247,-0.004924919733233425,0.947545793791562,0.003715562595895986,0.01717142386317064,-0.706881056735722,0.7071142117262929,0.019328928073074066,-0.00043331990880626564,-0.3804304389704652,0.5536554116232234,-0.20219586972332468,-0.00040798324452377146,0.019979465048890963,-0.00041427214813823224,-0.35519588953395953,0.5121845394639775,-0.18613363592599536,-0.0010559281617611106,0.700895709736004,-0.5772626371499399,0.4883810525607945,-0.007688657771607724,-1.9719161871830482,1.570791042693867,0.20304591424104676,-0.5594152413852391,-0.5660037257862779,-0.07672911461889115,0.5021474205842338,-2.0620703688295756,-1.4535099027500553,0.0850417404487705,0.2332829339951273,0.3741187428143055,0.857554342004915,0.29367440574149195,0.27673311428426745,0.6355969202179179,0.07802714332526402,0.5563198942554232,0.40962618362912995,0.5990686974101259,0.40716210161122557,0.6634912959220669,0.87266,0.5558607504891011,0.49307269645488394,0.7866961996687415,0.33011442833553445,0.620731671726002,0.6885038625051392,0.4357269979074057,0.7028456780277359,98,24,22,27,38,39,100,42,41,43,51,45
0.0008552397667296739,-0.00495429188497364,0.9475164516222245,0.00374238399898659,0.016932555980470113,-0.7069446660614968,0.707056236969289,0.018840278356994554,-0.00014263871830377442,-0.38020351621722287,0.5541353805004517,-0.2027251670764549,-0.000284765637065466,0.019493374666445004,-0.00012396686418957622,-0.35506855819426025,0.5127245670209883,-0.18654722878862767,-0.0009356638391103235,0.7008642258340069,-0.5803723747709819,0.48730327683520314,-0.006410088825902806,-1.9661631546311604,1.5707995521346934,0.20521294891222217,-0.5521005291851843,-0.5695411919709531,-0.0736974617043883,0.49855902180180756,-2.0509124653235324,-1.4612943191700853,0.09040269688690193,0.24237669814608798,0.3741187428143055,0.857554342004915,0.29367440574149195,0.27673311428426745,0.6355969202179179,0.07802714332526402,0.5563198942554232,0.40962618362912995,0.5990686974101259,0.40716210161122557,0.6634912959220669,0.87266,0.5558607504891011,0.49307269645488394,0.7866961996687415,0.33011442833553445,0.620731671726002,0.6885038625051392,0.4357269979074057,0.7028456780277359,98,24,22,27,38,39,100,42,41,43,51,45
0.0009451196892298991,-0.004859636173728402,0.9471413823266004,0.002989197559366911,0.016916933688806243,-0.7068827645205784,0.7071220822999833,0.019931579892315737,-0.0003713157664147688,-0.3814119848490765,0.5581039758226487,-0.20419370934106404,-0.0003857851356315545,0.020579386235066558,-0.0003531028370892703,-0.35502196710763007,0.5147199749030084,-0.18734202366041286,-0.0010301253822978427,0.7231008734283441,-0.54705112287236,0.45070124106802534,-0.01464487435998226,-1.8713722315860117,1.5707999999972009,0.25537803327046965,-0.48735282030184235,-0.528083457022657,-0.06228289523993858,0.5008131694281327,-1.9214886776323457,-1.5192121214971928,0.055864860007000604,0.3031839351566803,0.37707147338953695,0.7155044201927567,0.29251466936012677,0.29450865567065276,0.6783345009055303,0.10159675022260371,0.6401143035609773,0.43319664573780314,0.7969123971788278,0.4517539637293879,0.6888730781817524,0.87266,0.3734766536357893,0.40947368548573687,0.6960260483216631,0.25299372175729373,0.5976334258997482,0.6271230499935126,0.4029394520189505,0.6794027471275059,82,24,23,30,42,49,100,44,31,37,48,43
0.0009888654437067385,-0.00489133583586562,0.9471032032667813,0.0030585293387066725,0.016640594719858837,-0.7069401051329873,0.7070710174800087,0.019290229753828235,-0.0001362463643607508,-0.3812302695239139,0.5586611512539819,-0.204788874726405,-0.00021899785066551263,0.019941460198295607,-0.00011843390831018407,-0.35498444883792823,0.5154223249147629,-0.18786072255627773,-0.0008672475176554297,0.7233449858741765,-0.5512126892072601,0.4489723732764914,-0.012830108610966529,-1.8642555403774537,1.57079999999986,0.25878963937908644,-0.47687346612521203,-0.5330487760561932,-0.059255917160968695,0.49688897109308383,-1.9097210955697816,-1.5267864495885926,0.056092656387734384,0.31317199118868205,0.37707147338953695,0.7155044201927567,0.29251466936012677,0.29450865567065276,0.6783345009055303,0.10159675022260371,0.6401143035609773,0.43319664573780314,0.7969123971788278,0.4517539637293879,0.6888730781817524,0.87266,0.3734766536357893,0.40947368548573687,0.6960260483216631,0.25299372175729373,0.5976334258997482,0.6271230499935126,0.4029394520189505,0.6794027471275059,82,24,23,30,42,49,100,44,31,37,48,43
0.0011080848272613767,-0.004646453327679732,0.9466729619855943,0.0021346776478460695,0.01659068155177612,-0.7069214440832887,0.7070942400643534,0.020560603433049225,-0.00025476829480634887,-0.3826712703039501,0.5633420378394103,-0.20650208817888768,-0.00030289412679264876,0.021205565911353936,-0.00023771180986740435,-0.355116997927857,0.5179881848245804,-0.18882465976941165,-0.0009435707126784531,0.741337060249652,-0.5192742499411641,0.412675693327141,-0.012264780140328264,-1.7566166745992993,1.5708,0.3130873854928544,-0.419222732381229,-0.49129676352785756,-0.059041413422417734,0.5097094735768994,-1.7609128732296935,-1.570561803793511,-0.011133825935958519,0.3769281573165639,0.37491756255965075,0.6223445043078311,0.3354672047984147,0.29513419912786,0.7469594159239605,0.11441238876073273,0.7632165994009271,0.44829951208073193,1.0498129619872962,0.4599230383798712,0.7009749119624006,0.87266,0.27526406192621755,0.35207767782256993,0.5758784727322922,0.21121428319579502,0.5138002004716299,0.5848592912912317,0.3405466539737863,0.6571311677748131,71,24,25,33,47,58,100,45,25,30,43,39
0.001155840381073329,-0.004674777469746405,0.9466301238766744,0.0022913116334767392,0.01632092857138295,-0.7069677814362105,0.7070536989456522,0.0197816434393488,-5.5851512808872803e-05,-0.3826816390019468,0.5639175790729689,-0.20707539601566033,-0.0001053925237324508,0.020430842519830777,-3.9116993809271296e-05,-0.3553142700660175,0.5187943146623458,-0.18935560510862112,-0.000750885215664999,0.7414122817455111,-0.5240027551233418,0.41161957492810247,-0.009968235786779871,-1.7479854396483603,1.5708,0.316556447799037,-0.4092419125268343,-0.4972115551996865,-0.05480117408022155,0.5067423478360484,-1.7482836544958034,-1.5707880901896756,-0.014950529391392284,0.3867256198770928,0.37491756255965075,0.6223445043078311,0.3354672047984147,0.29513419912786,0.7469594159239605,0.11441238876073273,0.7632165994009271,0.44829951208073193,1.0498129619872962,0.4599230383798712,0.7009749119624006,0.87266,0.27526406192621755,0.35207767782256993,0.5758784727322922,0.21121428319579502,0.5138002004716299,0.5848592912912317,0.3405466539737863,0.6571311677748131,71,24,25,33,47,58,100,45,25,30,43,39
0.0012269484702376616,-0.004350187677766413,0.9461645059547359,0.0014276130492781095,0.016294387966118228,-0.7069929600654636,0.7070314061338898,0.021042650327924815,-2.2424374748309804e-05,-0.38457322166609514,0.5689345561124874,-0.2088308232472389,-0.00021075574343749594,0.02168561385130081,-6.499340253529948e-06,-0.3560696964247458,0.5219213863452676,-0.19040377741382739,-0.0008491142477785913,0.752624754155299,-0.49707543304125845,0.3816465209503428,0.0033347889444769064,-1.6382766576898604,1.5708,0.36152465706932396,-0.3836096765030947,-0.4569859643929127,-0.05633917535540725,0.5238795775549036,-1.5907786305684475,-1.5707999999255637,-0.09791902846306892,0.4454078726907641,0.3530195796599937,0.6004076354724395,0.3353932028381301,0.27547664302911046,0.7231152163754047,0.11441043399197048,0.7184297927319633,0.44986887723754015,0.9628069897784399,0.4330200969573176,0.7048513929508352,0.839521914332575,0.19595633562218026,0.3140945834569004,0.455317376283246,0.19383809059555857,0.4206482607413857,0.5552516131268624,0.2729726016979817,0.6312599515596372,69,22,24,32,45,54,96,45,20,25,38,36
0.0012706056897929662,-0.004365417889549312,0.9461203643651107,0.0015906468143492356,0.016029271819241,-0.7070249316616668,0.7070051472913567,0.02026390107584278,0.00012713336257620406,-0.38468116496249327,0.5695708102051399,-0.20936131685589043,-1.2649379649827872e-05,0.02091122366933039,0.0001428138424058249,-0.35639674692130463,0.5228625782248485,-0.19093627885844308,-0.0006560805613022675,0.7521397391071823,-0.5015354547757566,0.38148773919327583,0.0054422910613079805,-1.6287729954432881,1.5708,0.3632345941437226,-0.3779267405181018,-0.46365313164165634,-0.05124298973059443,0.521798743053437,-1.5775730075097096,-1.570799999996278,-0.103577160756448,0.4543528017863437,0.3530195796599937,0.6004076354724395,0.3353932028381301,0.27547664302911046,0.7231152163754047,0.11441043399197048,0.7184297927319633,0.44986887723754015,0.9628069897784399,0.4330200969573176,0.7048513929508352,0.839521914332575,0.19595633562218026,0.3140945834569004,0.455317376283246,0.19383809059555857,0.4206482607413857,0.5552516131268624,0.2729726016979817,0.6312599515596372,69,22,24,32,45,54,96,45,20,25,38,36
0.0011296797793366312,-0.0039667431334883905,0.945685434072833,0.0003497262018382325,0.01643842500338966,-0.707027384890119,0.7069950020264868,0.023065707236169998,0.00011166169632995205,-0.3864012291096452,0.5738960054240505,-0.21064156792997252,-0.00036274583848585837,0.023698665512312134,0.00012631548618740273,-0.35709905775880213,0.5255282561809032,-0.1917132684060433,-0.000993794728704378,0.7570539813480631,-0.4776035588928843,0.3611922602842064,0.024484769621087518,-1.5424291245474913,1.5708,0.387842939625894,-0.39181753150733517,-0.4295617566990669,-0.06390599329582704,0.5448373875491043,-1.4543058077498154,-1.5707999999999995,-0.1692654503385227,0.49663133313953306,0.31102077939145806,0.6365221454343388,0.30477504885002626,0.24429423282048315,0.6398935368638925,0.10498916414299762,0.5824194082634062,0.4377356100770633,0.7068043814772318,0.38817066787479215,0.7056896222306904,0.7742239197543573,0.12459957889865078,0.28758723836260386,0.3439610939493404,0.18927105263527996,0.33088904909080086,0.5344114655601929,0.2073774560879658,0.6058327471061686,73,20,21,29,40,43,89,45,16,21,34,32
0.001257887476793678,-0.003999708295307284,0.9456479989585421,0.0006509866393842174,0.015975478418482906,-0.7070660581939971,0.7069667245745728,0.02167860178082901,0.0002422753508520852,-0.3865013712021917,0.5747381036027251,-0.21124372203064834,-0.0001701856010668767,0.022318973901485593,0.00025686889638430483,-0.35736300573782354,0.5265797459953818,-0.19226569200576304,-0.000806559311272766,0.7560742895112422,-0.4809716274272437,0.3605271005254898,0.02676926315562941,-1.530427392039913,1.5708,0.38771553409396103,-0.3927291833739354,-0.43601983146631434,-0.05961238266815282,0.5446814958729315,-1.4386377293769352,-1.5708,-0.17657067008754138,0.5054416390932511,0.31102077939145806,0.6365221454343388,0.30477504885002626,0.24429423282048315,0.6398935368638925,0.10498916414299762,0.5824194082634062,0.4377356100770633,0.7068043814772318,0.38817066787479215,0.7056896222306904,0.7742239197543573,0.12459957889865078,0.28758723836260386,0.3439610939493404,0.18927105263527996,0.33088904909080086,0.5344114655601929,0.2073774560879658,0.6058327471061686,73,20,21,29,40,43,89,45,16,21,34,32
0.0011567734988743778,-0.003677136719119181,0.9452590969240195,-0.0002675239892010893,0.016016776989552867,-0.7071138562838831,0.7069182311534472,0.02327528809361894,0.0004041598603306086,-0.38781688173901696,0.5788525554751458,-0.21279349287359078,-0.00030512581019649665,0.023907692145648102,0.0004176369766988685,-0.3580933736515881,0.5296701670464861,-0.19341598968583953,-0.0009354368957400309,0.754759099156031,-0.4652444857182529,0.3472204538366256,0.04783206749985419,-1.4597085029957273,1.5708,0.393205009798816,-0.43145836840992585,-0.42142413437598847,-0.06968646441804725,0.5671497724807933,-1.3529115686343385,-1.5708,-0.21807135880005987,0.5357787519787751,0.2628429725187944,0.6969095601689616,0.26317386949168,0.2177693733471428,0.5404937896504067,0.09255940044919204,0.4353815274352659,0.415648093147286,0.44669386152877466,0.3447867655852276,0.7066867288323548,0.7230382560820379,0.09088144090632469,0.26643522663854163,0.28372267797296047,0.19192487812281492,0.2792169010694268,0.5224490574068401,0.17050716620007536,0.5874842839395238,80,17,19,24,33,31,83,45,14,19,32,30
0.0012396566226731342,-0.0036801075479966205,0.9452260677737889,-3.0080954787064647e-05,0.015727034696006784,-0.707118026087626,0.7069206155267697,0.022323758884899132,0.0004553937819641117,-0.3881636023503752,0.5796510763674436,-0.21327827229025412,-0.00016302717593028927,0.022961449931694716,0.00046886298716566926,-0.3585692229151434,0.5306682578751107,-0.19389494055226927,-0.0007975486103953504,0.7533686831254067,-0.46779682206641315,0.3467173201466255,0.049265844022485565,-1.449073237894921,1.5708,0.38952422342023296,-0.4379625932442898,-0.42670778326853787,-0.06644007815912473,0.5683538706280866,-1.341282966043218,-1.5708,-0.22219176450847858,0.5417629894647699,0.2628429725187944,0.6969095601689616,0.26317386949168,0.2177693733471428,0.5404937896504067,0.09255940044919204,0.4353815274352659,0.415648093147286,0.44669386152877466,0.3447867655852276,0.7066867288323548,0.7230382560820379,0.09088144090632469,0.26643522663854163,0.28372267797296047,0.19192487812281492,0.2792169010694268,0.5224490574068401,0.17050716620007536,0.5874842839395238,80,17,19,24,33,31,83,45,14,19,32,30
0.001049790892243836,-0.0034016157618549396,0.9449430227867999,-0.0009207228198169086,0.01597947102027993,-0.7071660252489104,0.7068663392106455,0.024258259985353203,0.0005991973054134166,-0.38896983900042054,0.5822824825569803,-0.21418042425478911,-0.000282069272940652,0.024886575579654024,0.0006117935658021702,-0.3591207437643563,0.5328194592643297,-0.19463840558568313,-0.0009118028225375558,0.7496842692812488,-0.4574568533745771,0.34031754428210026,0.0632940397784385,-1.4109473460171595,1.5708,0.3836427115265558,-0.4744560403942744,-0.4230056372313177,-0.07129735987486992,0.5862725173601023,-1.3129356735453444,-1.5670400090690395,-0.2298246517719234,0.553017472028568,0.2235909365204624,0.7477232330911572,0.19668717479316036,0.20762475178968087,0.4537315003117139,0.08278325280341116,0.30929262417930337,0.3892993373954719,0.24372158156625753,0.3131243200191317,0.7078411070529165,0.6806938544416687,0.12630638873405362,0.24231586720676251,0.31037596749930874,0.19876683931666675,0.31345087112217984,0.5188750419777762,0.22465269011762065,0.5771124990532684,86,14,16,21,27,22,78,45,15,20,33,32
0.001111581005391817,-0.0034122672476686513,0.944921636696111,-0.0007014516093628267,0.015745675409796128,-0.7071698055133935,0.7068680554684015,0.023510924454556707,0.0006312169213687609,-0.38943956026343196,0.5831659608113308,-0.21462669400369086,-0.0002666941190029377,0.024142883310838515,0.0006438387370033993,-0.3596200558468654,0.5337451886897037,-0.19505219758797201,-0.0008978069848669877,0.7476120766112851,-0.4581856697353592,0.3393926712291431,0.06537332808344483,-1.4005531971781828,1.5708,0.37766047031110406,-0.4862905039778245,-0.4252852766526133,-0.06976973517891483,0.5898919076840391,-1.3056347031436233,-1.5658963441283529,-0.23031338204285987,0.5564079668627532,0.2235909365204624,0.7477232330911572,0.19668717479316036,0.20762475178968087,0.4537315003117139,0.08278325280341116,0.30929262417930337,0.3892993373954719,0.24372158156625753,0.3131243200191317,0.7078411070529165,0.6806938544416687,0.12630638873405362,0.24231586720676251,0.31037596749930874,0.19876683931666675,0.31345087112217984,0.5188750419777762,0.22465269011762065,0.5771124990532684,86,14,16,21,27,22,78,45,15,20,33,32
0.0010612664722033482,-0.003223084124419548,0.94472954219267,-0.0011438869795399934,0.015695605459114456,-0.7072539622359563,0.706784388900456,0.024124321033124275,0.0008648138360842546,-0.39012480113115455,0.5854144281365604,-0.21550294384995272,-0.0002904458075124436,0.024753545598896386,0.0008769302114434157,-0.36025071959724286,0.5357942757571036,-0.1957967936634535,-0.0009201601526883835,0.7403084870974057,-0.4526242145426139,0.3368894602313777,0.07552362053830432,-1.376674758774601,1.5708,0.3635721153444657,-0.5233143487288566,-0.42813158942108787,-0.069179265405329,0.6057585974985886,-1.3059610863947009,-1.5625069347643596,-0.21862499626187243,0.5583179560413105,0.1992433316557537,0.7711450542340843,0.11409311568066541,0.21202703939521747,0.4146948204897854,0.07784252239698805,0.24032548500114193,0.3653209133007913,0.15543003473696723,0.291919320098979,0.7069530486229166,0.647636541737379,0.16271894857231603,0.2088645813304201,0.3079032373749608,0.20579973080404046,0.35004056442622716,0.5192539965916154,0.34716890439475084,0.5678269111003456,88,13,13,19,24,18,74,45,15,20,34,36
0.001076082836559154,-0.0032158002212192053,0.9447082511425263,-0.001036189799235857,0.01564292756738137,-0.7072102023952962,0.7068295089735759,0.023870001302571577,0.0008180651862253212,-0.39071134659786655,0.586195155292317,-0.2158487220152508,-0.00028932210983433933,0.024500482680205212,0.0008301865083141413,-0.3608200501908672,0.5365978677411944,-0.19614259617715776,-0.0009195808569548628,0.7379611657645367,-0.4527423178221868,0.3364040824804033,0.07674660932190115,-1.3694344674963284,1.5708,0.3558864558314122,-0.5359270859640073,-0.4283190513632604,-0.06848877958222893,0.6098916310052134,-1.3049596214515669,-1.5616350690451817,-0.21446468911458275,0.5583712590748212,0.1992433316557537,0.7711450542340843,0.11409311568066541,0.21202703939521747,0.4146948204897854,0.07784252239698805,0.24032548500114193,0.3653209133007913,0.15543003473696723,0.291919320098979,0.7069530486229166,0.647636541737379,0.16271894857231603,0.2088645813304201,0.3079032373749608,0.20579973080404046,0.35004056442622716,0.5192539965916154,0.34716890439475084,0.5678269111003456,88,13,13,19,24,18,74,45,15,20,34,36
0.0011346479802381956,-0.003097980723693114,0.9446203101948099,-0.0012382325282107697,0.015504511432480455,-0.7073850570530946,0.7066572422068825,0.023882534649552863,0.0010690063169263276,-0.39085593387792034,0.5872326643265845,-0.2162283661064461,-0.00024721007125728153,0.02451314485013648,0.0010809461075162552,-0.3610616946733035,0.5376018422217628,-0.19644976158741295,-0.0008777261549807583,0.7319027251201417,-0.45135760185206925,0.33709993188481097,0.08115615555262734,-1.3629801081361876,1.5708,0.3473422128502663,-0.5537819664283629,-0.4319554539749005,-0.06669478839884757,0.615893571355791,-1.3157808483809215,-1.5609488863794467,-0.2018492203840512,0.5548032387854518,0.18762073038111796,0.7700499735748592,0.10245176956986321,0.21905733034200575,0.4113424095158472,0.07645770835528568,0.21706469666165007,0.3494373786367379,0.1288486004159235,0.2750636806747961,0.7014342477149406,0.6307525756194361,0.18625949573761,0.17244507508173473,0.2819796176489937,0.2094867650288173,0.30628866819052586,0.517625106980668,0.3599717322161702,0.5525687889938058,88,12,13,19,22,16,72,45,14,19,32,36
0.001099546028966956,-0.0030849567807028143,0.9445921041991302,-0.0012575311414278949,0.015594497859271942,-0.7072956071357874,0.7067447590031098,0.02407241178142088,0.0010468761015430357,-0.39144079730232295,0.5879745105308314,-0.21654170588551852,-0.00024874754579922055,0.024702165242184076,0.0010587571133351748,-0.361593687505826,0.538339215158078,-0.1967578122974231,-0.0008789497958714431,0.7284239155274643,-0.4506388608872125,0.3374693081522363,0.0831484128453034,-1.3579540443165472,1.5708,0.3392839428989493,-0.5678506450937589,-0.4314859300490177,-0.06648866818077487,0.6208715474214715,-1.3212222122217752,-1.5607617391433335,-0.1930854061742572,0.5516436842329568,0.18762073038111796,0.7700499735748592,0.10245176956986321,0.21905733034200575,0.4113424095158472,0.07645770835528568,0.21706469666165007,0.3494373786367379,0.1288486004159235,0.2750636806747961,0.7014342477149406,0.6307525756194361,0.18625949573761,0.17244507508173473,0.2819796176489937,0.2094867650288173,0.30628866819052586,0.517625106980668,0.3599717322161702,0.5525687889938058,88,12,13,19,22,16,72,45,14,19,32,36
0.0011959575884138197,-0.0030362138107997137,0.9445619765624578,-0.001236140970092236,0.0154939399737834,-0.707532296957109,0.7065100555138537,0.023806596455194066,0.001396691002710184,-0.39176066852100766,0.5887518651394541,-0.21686900976461235,-0.00019661684308202538,0.02443741737065399,0.0014085198061511864,-0.3620631447492081,0.5391031119345007,-0.19699203173139115,-0.000827264003265559,0.7199984856391223,-0.45087569706766994,0.3402652223365703,0.08699637744559609,-1.356012199587809,1.5708,0.3308198742905351,-0.5845310884822191,-0.433891307216058,-0.06433648166560933,0.6240112347199266,-1.3363959473503466,-1.5611991189914547,-0.17853074675058378,0.5445040168763056,0.18637631062444598,0.7609095010225934,0.11083409727500143,0.21954626687865944,0.4196261086649553,0.07621250704867298,0.20855989920289944,0.34326651399357044,0.1070586010370873,0.25970184237745636,0.6901554413963626,0.6363349850520013,0.21795710096148732,0.16218163150879703,0.31207385870223386,0.2104402994857056,0.2818132179581086,0.512476464227101,0.24058506782079103,0.5327283485693859,87,12,13,19,22,14,73,44,15,20,31,30
0.0011580424772835358,-0.0030067161046374246,0.944531468951224,-0.0012969496802634228,0.01565820218853259,-0.7073559253783954,0.7066829087064609,0.024144902732742116,0.001290960168630799,-0.3924054863883511,0.5893749488429442,-0.21708746293126793,-0.00018837295767999023,0.024774321817558797,0.0013028089935290458,-0.3626020547728961,0.5397251141883761,-0.1972274539829302,-0.0008184401594647262,0.7160807351443274,-0.45019747656688885,0.34171152152088075,0.0887024003344819,-1.3538004249980025,1.5708,0.3235803737188969,-0.5977553182878566,-0.43204093656595804,-0.06447782083388406,0.6279872526156919,-1.3447928351632878,-1.561842179261088,-0.16856686749325642,0.538707333598956,0.18637631062444598,0.7609095010225934,0.11083409727500143,0.21954626687865944,0.4196261086649553,0.07621250704867298,0.20855989920289944,0.34326651399357044,0.1070586010370873,0.25970184237745636,0.6901554413963626,0.6363349850520013,0.21795710096148732,0.16218163150879703,0.31207385870223386,0.2104402994857056,0.2818132179581086,0.512476464227101,0.24058506782079103,0.5327283485693859,87,12,13,19,22,14,73,44,15,20,31,30
0.0012502507503792237,-0.0030157630760965547,0.9445302820348196,-0.0010625904141902962,0.015673707758670018,-0.7076525482048142,0.7063859262513241,0.023755613935628434,0.001698385226100319,-0.39302166337135647,0.5898623887016583,-0.21730436443879997,-0.0001374753629396967,0.024386556310695338,0.001710363117656613,-0.3634070934668871,0.5402046607958986,-0.1973422116550387,-0.0007681408432852534,0.7057212743961122,-0.45101583900256437,0.34615978354496724,0.09146710133300641,-1.354685542419122,1.5708,0.316841581217234,-0.6123891052277245,-0.4312778317030933,-0.06241090981475796,0.6276807095422543,-1.359160139089316,-1.5635098553216735,-0.15580405184489088,0.5297218239920632,0.1965854220977691,0.7603685885808154,0.1245815671007702,0.21477804481550347,0.4140354525516745,0.07558143089773689,0.19649977879137376,0.3424328312964166,0.0845850434567075,0.2485644251815825,0.6756615815159784,0.666225589814765,0.21201778042353564,0.1619580461049703,0.3186783416714131,0.21339565678146136,0.2608534891577386,0.5087040397686704,0.16317098884858255,0.5163784270226146,87,13,13,19,21,13,76,43,15,21,30,27
0.0012309721673472115,-0.0029796236151088916,0.9445008462504864,-0.0011400693232441021,0.01583341294955616,-0.7073940064358425,0.7066411557041912,0.02408125916395362,0.0014899948858727557,-0.3936522845538649,0.5903964111543685,-0.21741706819281187,-0.00011445421527438163,0.024710939271502242,0.0015020853679483582,-0.36389309745284876,0.540762576212576,-0.19750342358363174,-0.0007446751371492968,0.7016861875406226,-0.4502353110494573,0.34849730697836795,0.09265616660476458,-1.3544996191177587,1.5708,0.3115032786523454,-0.6240026555751159,-0.42810476236046957,-0.06256897682490935,0.6299762653133953,-1.367648709817028,-1.5649467542131914,-0.14694132054718034,0.5227218476405848,0.1965854220977691,0.7603685885808154,0.1245815671007702,0.21477804481550347,0.4140354525516745,0.07558143089773689,0.19649977879137376,0.3424328312964166,0.0845850434567075,0.2485644251815825,0.6756615815159784,0.666225589814765,0.21201778042353564,0.1619580461049703,0.3186783416714131,0.21339565678146136,0.2608534891577386,0.5087040397686704,0.16317098884858255,0.5163784270226146,87,13,13,19,21,13,76,43,15,21,30,27
0.0012689113758166197,-0.003034435971119116,0.944502308914215,-0.0007435550004003181,0.01593603516934575,-0.7077362717747162,0.706296580427421,0.02364455788457566,0.0019275611834437152,-0.3944876016775188,0.5906647970496998,-0.2175384059474113,-8.868239454683965e-05,0.02427600246622596,0.001939931661057137,-0.3649555304684555,0.5410425974546704,-0.1975259310978317,-0.0007196874255511006,0.6899482608544849,-0.4500651693294982,0.35411185669126777,0.09336585703191835,-1.3561555904412959,1.5708,0.30790695780795163,-0.6360282433536606,-0.4246089949749592,-0.06097405261150795,0.6295950883617687,-1.3793913183243822,-1.5668645785501047,-0.13664381538703937,0.5149663451732408,0.21756218531163854,0.7734793535688103,0.1401709701526312,0.21309330466849213,0.42184958831882596,0.07398352960765851,0.21115804868729574,0.33822808005562066,0.1308244178489362,0.24909268398628365,0.6642116282109499,0.7137952454362175,0.18558236034771378,0.19835843227170005,0.3173770590877112,0.22286566494979618,0.2479146652810038,0.5126583013552201,0.1449877647288702,0.5101789040731295,89,14,14,19,22,15,82,42,15,21,30,26
0.001279574369146182,-0.003005604874307304,0.9444760114865708,-0.0008086154838954874,0.016037090332978052,-0.7074263354585809,0.706604654509362,0.023832569534050517,0.001646875758422161,-0.39503906672002803,0.5911348964956231,-0.2175816368279207,-5.633423034332199e-05,0.02446344414573402,0.0016594159608547526,-0.3653632445457333,0.5415941971344871,-0.19765100089753326,-0.0006873767789382772,0.6857174331065541,-0.4488819817857595,0.35721225084814057,0.0937991846631063,-1.3569948270788583,1.5708,0.3052830444615849,-0.6456427677218404,-0.4206799472430647,-0.061089766806239315,0.6316714713865784,-1.386780230099976,-1.5683727331849564,-0.1292876068208036,0.5089349545832627,0.21756218531163854,0.7734793535688103,0.1401709701526312,0.21309330466849213,0.42184958831882596,0.07398352960765851,0.21115804868729574,0.33822808005562066,0.1308244178489362,0.24909268398628365,0.6642116282109499,0.7137952454362175,0.18558236034771378,0.19835843227170005,0.3173770590877112,0.22286566494979618,0.2479146652810038,0.5126583013552201,0.1449877647288702,0.5101789040731295,89,14,14,19,22,15,82,42,15,21,30,26
0.0012789953984220818,-0.0030153838549272565,0.9444554758144246,-0.000882722292092039,0.016072843885787655,-0.7072522164722173,0.7067780321896787,0.024003403931741794,0.0012517724177764343,-0.395382009685585,0.59167218932922,-0.21768211353565625,-4.7136605158853324e-05,0.024633555527784155,0.001264347551402648,-0.3655777290767176,0.5421482515800556,-0.19786782771278105,-0.0006777801442552992,0.6837292597693817,-0.4476904814167806,0.35864117204459345,0.09375174666111157,-1.3574757108953153,1.5708,0.3031502557044904,-0.6532852560485928,-0.4172505711691127,-0.062108026388826315,0.6340812345649738,-1.3918396999296403,-1.5695735298415439,-0.12387903585963954,0.5039193520980191,0.21756218531163854,0.7734793535688103,0.1401709701526312,0.21309330466849213,0.42184958831882596,0.07398352960765851,0.21115804868729574,0.33822808005562066,0.1308244178489362,0.24909268398628365,0.6642116282109499,0.7137952454362175,0.18558236034771378,0.19835843227170005,0.3173770590877112,0.22286566494979618,0.2479146652810038,0.5126583013552201,0.1449877647288702,0.5101789040731295,89,14,14,19,22,15,82,42,15,21,30,26
0.001223078356354113,-0.003118689011002542,0.9444491023167664,-0.0002807842259957376,0.01621807974302013,-0.7077239513520662,0.7063028413735045,0.023431468058589068,0.0018126136983112754,-0.3963610181401954,0.5917059004547619,-0.2177794436132158,-8.116613441399063e-05,0.024064076612881683,0.001825604870952961,-0.3668939143099558,0.5422305197110501,-0.19785606110515205,-0.0007130067299875733,0.6714851322243867,-0.44495848418884665,0.3643333261698897,0.0911972685670118,-1.3574279660190893,1.5708,0.3048578409288203,-0.6607577193517367,-0.4122778364470572,-0.06152696801453149,0.6361853810886452,-1.3990901908636186,-1.5704135514534665,-0.11676475445538576,0.5006033459939405,0.24290303960036472,0.7915183174991991,0.16242854323807668,0.22409091226463496,0.4391104757420294,0.07176603643312215,0.25320135485175727,0.32409023243605833,0.17749171206716885,0.2715531865038585,0.6617277279793892,0.7629359766371453,0.18226728196647576,0.24384226235738665,0.33103202646312424,0.2400431256347543,0.2577604864705243,0.5265133270961431,0.16014991117984298,0.5155665173078794,91,15,15,20,23,18,87,42,17,22,31,27
0.001280958194212848,-0.0031056285237191505,0.9444296644458924,-0.0002810629280912919,0.01620542465229694,-0.707416471294601,0.7066110962591547,0.023304019081745876,0.001580155404906002,-0.3967651904894125,0.5920740131655037,-0.21779898939283168,-4.072160072336774e-05,0.02393757151277432,0.0015933274428988097,-0.3672338702436508,0.5427972032054323,-0.19797453761902944,-0.0006736359297714715,0.6672446368845071,-0.44325468011390784,0.3677818747606888,0.09055503513636287,-1.3581267525755525,1.5708,0.3063081291856544,-0.6669437562740137,-0.408497562615591,-0.0615882140810621,0.6389597744279889,-1.4040227900233229,-1.5707806775726734,-0.11138040655404383,0.49787994793345614,0.24290303960036472,0.7915183174991991,0.16242854323807668,0.22409091226463496,0.4391104757420294,0.07176603643312215,0.25320135485175727,0.32409023243605833,0.17749171206716885,0.2715531865038585,0.6617277279793892,0.7629359766371453,0.18226728196647576,0.24384226235738665,0.33103202646312424,0.2400431256347543,0.2577604864705243,0.5265133270961431,0.16014991117984298,0.5155665173078794,91,15,15,20,23,18,87,42,17,22,31,27
0.0010689129926990653,-0.0032412476588477256,0.9444014016624477,0.0004885312940108032,0.016499750649826058,-0.707899546471907,0.706120210495732,0.022854831492473845,0.002249703200546715,-0.39809729168010594,0.5918609286530078,-0.217776051437257,-0.0001449233147118522,0.023490486187027503,0.0022634980045320554,-0.3689934547331246,0.5427647712106417,-0.1978566225131886,-0.0007794265936941467,0.6522243638345825,-0.43604972072301096,0.37550915881136626,0.08464686401545653,-1.3541971684252532,1.5708,0.31532718692241685,-0.6718514472466087,-0.40129901303746346,-0.06302551256508734,0.6445518863640974,-1.4073255842629762,-1.5689178467826101,-0.1052153506896558,0.4993118165508049,0.2656664789162082,0.7995946453532314,0.1696782918850107,0.2588532545684905,0.448454462411724,0.07305113981465809,0.2826789012670977,0.30586589708581524,0.17019606126090736,0.32536125973717694,0.6691508750875088,0.7988504805934123,0.1814601719071835,0.28521284881495945,0.3469212072673078,0.2646132076192147,0.28341967136152174,0.5488752097843339,0.1956089278345708,0.5316670574844795,92,17,17,20,23,20,92,43,18,24,33,29
0.0011724573913106423,-0.00324782404961848,0.9443880763344488,0.0005377779448411862,0.016359681345776755,-0.7075166088628978,0.706507126506373,0.022431690135932575,0.001932085016870595,-0.398389060389418,0.5921902626428135,-0.21772348955422954,-0.00010876189371513149,0.023069574700397808,0.0019461176003678835,-0.36928464021956675,0.5434817123142374,-0.19797980013795863,-0.0007452829286721762,0.6469215416615096,-0.43327528993215625,0.38047360371894956,0.08313724476549104,-1.3537609316811838,1.5708,0.32213958372100815,-0.6761720040435786,-0.3970210499935084,-0.06344892853284047,0.6487856782734325,-1.4102040147700003,-1.5674308657827827,-0.09989969804917638,0.5000990301884553,0.2656664789162082,0.7995946453532314,0.1696782918850107,0.2588532545684905,0.448454462411724,0.07305113981465809,0.2826789012670977,0.30586589708581524,0.17019606126090736,0.32536125973717694,0.6691508750875088,0.7988504805934123,0.1814601719071835,0.28521284881495945,0.3469212072673078,0.2646132076192147,0.28341967136152174,0.5488752097843339,0.1956089278345708,0.5316670574844795,92,17,17,20,23,20,92,43,18,24,33,29
0.0009517622019018119,-0.00346633699080972,0.9443337722625388,0.0015772782844763462,0.016464111792098,-0.7076220252344074,0.7063975613061432,0.02128860783405139,0.002315427434512812,-0.40009102329083723,0.5920882832637182,-0.21756006280156892,-0.00028646516978200244,0.02193197412952422,0.002330483629752888,-0.371649581493482,0.5443263983039235,-0.19802150029439308,-0.0009276632938938254,0.6219928136254051,-0.4160901941198011,0.39591412491282557,0.06999808471890329,-1.3411157253263797,1.5654899147994907,0.35569284937997814,-0.6795461624466547,-0.38427953447794116,-0.0718101059296263,0.6617215601890251,-1.4075441649535667,-1.5533750023094068,-0.08899539606668673,0.5103316121914301,0.2843380985205062,0.7853245192296605,0.1893636161721595,0.33102290711778254,0.48943777776157177,0.08944573306363417,0.3413793505599128,0.3070517872260216,0.15810436784321308,0.41484256261096675,0.6814492678485169,0.8202256239356958,0.1720891151807905,0.32309256732903335,0.3760779098062542,0.30125258172042,0.33704613435952385,0.5822860738352001,0.25165026329221735,0.5616330081110518,90,18,20,22,25,23,94,43,19,26,36,32
0.0010486624208374954,-0.003528670830704581,0.9443118579145654,0.0015969236191329284,0.016231944525543367,-0.7073640854111582,0.7066611808231085,0.020772392246695238,0.0017142146407944626,-0.3999495085466514,0.5924070123965667,-0.21761673489729608,-0.0001835779270508677,0.02141882086147558,0.0017294256363431636,-0.37166812216332573,0.5452465979135006,-0.1984458656271288,-0.0008278108319765118,0.6190132881902035,-0.41527655665569985,0.3994914278734286,0.06940741607336792,-1.3414954313377718,1.5653955003868707,0.36689241739297934,-0.680999712908882,-0.38155426692659744,-0.07218807178246292,0.6644594113400993,-1.4076240521877719,-1.548621029416457,-0.08400795684061996,0.5134188051300451,0.2843380985205062,0.7853245192296605,0.1893636161721595,0.33102290711778254,0.48943777776157177,0.08944573306363417,0.3413793505599128,0.3070517872260216,0.15810436784321308,0.41484256261096675,0.6814492678485169,0.8202256239356958,0.1720891151807905,0.32309256732903335,0.3760779098062542,0.30125258172042,0.33704613435952385,0.5822860738352001,0.25165026329221735,0.5616330081110518,90,18,20,22,25,23,94,43,19,26,36,32
0.00078851650350714,-0.0038214456401558213,0.9442356305550561,0.002789657463057046,0.016085193314896037,-0.7073692151110932,0.7066556996730282,0.01904919235409366,0.0017635243659304852,-0.4013330004693507,0.5922041929460481,-0.21753332865084335,-0.00036810009981532815,0.019703722005076866,0.0017798424495877956,-0.3743728179522032,0.547212127680882,-0.1991293967646726,-0.0010201294921190688,0.5873110847008135,-0.39117784463008415,0.4162213107028135,0.04647551485099007,-1.321341344528718,1.5372681540114723,0.43568314529266644,-0.6691663296439818,-0.3707744830832592,-0.09051456882864578,0.6792498849467165,-1.3968074271099176,-1.5051516788069939,-0.06697474024301528,0.532497618545329,0.30020733021133944,0.7435788702424804,0.27581487038485447,0.449840541817134,0.6347662307604311,0.13787907359208232,0.48483670588087924,0.3569621911737863,0.16380655049569628,0.5327888504079064,0.6886340378873992,0.8348258790872815,0.1827565152091023,0.36859447029912434,0.4342074793540344,0.3667700078188446,0.390864670841708,0.6405689880110605,0.2897457394084228,0.6156420123745061,85,19,29,30,33,28,96,44,22,31,41,36
0.000851844295412915,-0.0038640834398249234,0.9442106657813457,0.002805182321452629,0.015939509224210523,-0.7072234232909829,0.7068048475685618,0.018710228282907044,0.0012391762380339923,-0.40116319760250285,0.5923278167564843,-0.21760896495378584,-0.00024963846675469766,0.019366680865251056,0.0012555812002380418,-0.37454579011007477,0.5481106280786378,-0.19965579166380631,-0.0009042962584640055,0.5858391084991751,-0.3922860219797522,0.41718086874686855,0.04654902857727487,-1.3234766981257762,1.5323675015754206,0.4496642998631819,-0.6661116611199139,-0.36898492352716633,-0.08980174540227673,0.679712623528298,-1.3953758808770045,-1.4966633815426604,-0.061875970849969666,0.5361234311575203,0.30020733021133944,0.7435788702424804,0.27581487038485447,0.449840541817134,0.6347662307604311,0.13787907359208232,0.48483670588087924,0.3569621911737863,0.16380655049569628,0.5327888504079064,0.6886340378873992,0.8348258790872815,0.1827565152091023,0.36859447029912434,0.4342074793540344,0.3667700078188446,0.390864670841708,0.6405689880110605,0.2897457394084228,0.6156420123745061,85,19,29,30,33,28,96,44,22,31,41,36
0.0005233313389628172,-0.004122127652778069,0.9441247334218019,0.0041736096278627,0.015685184230915302,-0.7071981261161722,0.7068290927770947,0.016630583189578517,0.0011988460746060027,-0.40244054501064425,0.5916555224524506,-0.21729473595612478,-0.0004751764810235443,0.017295854342920157,0.001216469430766279,-0.37798540468781083,0.5510353361235201,-0.2007141868290138,-0.0011386792299995431,0.5477835318053111,-0.3625832717277863,0.4355611770482127,0.005671752115050603,-1.3022858023654935,1.477225506232201,0.5522269393366454,-0.6143377834832638,-0.3616579711698543,-0.12066022158796112,0.6910663020776149,-1.3751279327092893,-1.4052507875867426,-0.0395004726195768,0.555947562788244,0.31223097324149846,0.6765372655615816,0.4113267713657494,0.6092012936490414,0.837179464310242,0.2298573143069453,0.6518527074314828,0.4669979312156942,0.17188157807943585,0.6534710552537484,0.676939825753554,0.844322800232682,0.21618372426841342,0.4324715312467695,0.5289996969685953,0.4867575978023317,0.45377185232401995,0.7441577785020743,0.3202396608603697,0.6992535199010974,78,20,40,41,44,33,97,43,26,40,47,40
0.0005527711798283596,-0.004143488292963138,0.9440987349789971,0.004182997430862847,0.015626284555151755,-0.7071184294943076,0.7069100709658892,0.01647989644368978,0.0008165411694287326,-0.40233551356078084,0.591641731048895,-0.21730810752490168,-0.00038264339797331495,0.017146001564755577,0.0008342147028423207,-0.37832336234908065,0.5518757848998802,-0.20119505917929487,-0.0010477860962003237,0.5473206935152067,-0.3644228922279912,0.43535537607477,0.0061541516602703905,-1.306172894434886,1.468651876961835,0.5665453995440073,-0.6053964726526584,-0.35986704997197555,-0.11862644789991533,0.6898023962193249,-1.3729724251779185,-1.3934653976883493,-0.0346152935379172,0.5584426096136086,0.31223097324149846,0.6765372655615816,0.4113267713657494,0.6092012936490414,0.837179464310242,0.2298573143069453,0.6518527074314828,0.4669979312156942,0.17188157807943585,0.6534710552537484,0.676939825753554,0.844322800232682,0.21618372426841342,0.4324715312467695,0.5289996969685953,0.4867575978023317,0.45377185232401995,0.7441577785020743,0.3202396608603697,0.6992535199010974,78,20,40,41,44,33,97,43,26,40,47,40
0.00014051517027711084,-0.004358824446197034,0.9439965909290617,0.005593921289492569,0.015270207256033431,-0.7070465200787265,0.7069800189959596,0.014272781611860423,0.0004918034731230874,-0.4032118259475524,0.5903480210994037,-0.216647745240352,-0.0006274076202764567,0.014947223822401764,0.0005107110331730796,-0.3825798113519327,0.5562665236503332,-0.20287937352182625,-0.0013016782542396397,0.5034039349185273,-0.33078256324568595,0.46235455003472914,-0.06192789206488649,-1.2966316746289641,1.3564739755205837,0.6883474422971787,-0.4616532626514433,-0.3529410560544513,-0.15808155453709458,0.6926925179862038,-1.3458595476801356,-1.2334193907952484,-0.008065797139457593,0.5724852527535785,0.3204881084793911,0.5892135736156923,0.4843824490364627,0.7854788936019993,0.9050399251162989,0.3612325231612259,0.6853078766654109,0.6205204083466943,0.19378200444004573,0.7386286801515114,0.6341690663568613,0.8378360920814274,0.28618931689821897,0.511439791011294,0.6909262486072134,0.6739779147464571,0.5925462449157903,0.9001384035315219,0.4009293388661361,0.7894476065147553,68,20,50,49,51,37,96,40,31,53,59,47
0.00013013733399590098,-0.00437252116878869,0.9439720049634206,0.005575996448930107,0.015274132741526432,-0.7070281987090639,0.7069983984160161,0.014318252295153497,0.0003606318538010622,-0.4031589799438699,0.5903269682728097,-0.21665161325266286,-0.0006165896181728067,0.014992610110994108,0.0003795252815314151,-0.38293924625988385,0.5569602420038096,-0.20323860532809035,-0.001291076966935617,0.5035428142259913,-0.33192938851278125,0.4617600329289947,-0.06012842880662998,-1.301062897628645,1.3432664274864388,0.6972593722324227,-0.4464350745824074,-0.35127399336619636,-0.15524319991254498,0.6905708759489158,-1.3439438022602115,-1.2224712355121363,-0.0048446834299091905,0.5733014220808798,0.3204881084793911,0.5892135736156923,0.4843824490364627,0.7854788936019993,0.9050399251162989,0.3612325231612259,0.6853078766654109,0.6205204083466943,0.19378200444004573,0.7386286801515114,0.6341690663568613,0.8378360920814274,0.28618931689821897,0.511439791011294,0.6909262486072134,0.6739779147464571,0.5925462449157903,0.9001384035315219,0.4009293388661361,0.7894476065147553,68,20,50,49,51,37,96,40,31,53,59,47
-0.0005313549738168681,-0.004579050887910638,0.9438704678968518,0.006788633621775682,0.014803174471143113,-0.7070116769205333,0.7070143344919829,0.012553589330348476,0.00021085988653938873,-0.40315357336970986,0.588545604440666,-0.21590218723045407,-0.00119922809421194,0.013233864632691753,0.00023063300399293955,-0.38731495678636024,0.5624444555806577,-0.20549988047136453,-0.0018798855539307496,0.45604136771972104,-0.29533920633014143,0.5067260660273072,-0.1374813405412866,-1.289350139264306,1.0862294589905663,0.6981319999999999,-0.12082567174241265,-0.3455729689488463,-0.20455491203934942,0.6883047034582379,-1.3349310219679298,-0.998223043543299,0.021803803831643362,0.5886260246146408,0.3343226876881269,0.4886820589221044,0.44514228127704425,0.9446748601725797,0.8841212639132283,0.5350050258588575,0.7196794659296838,0.7879538839277286,0.19875675131359022,0.7614904600440585,0.5607783203763502,0.8002489431098653,0.3270186418481633,0.5814322500384782,0.8064863309774726,0.9050634434279696,0.678597330037588,1.0853399853963281,0.3872269508949463,0.8316301201403561,56,21,55,55,59,38,92,36,36,67,69,48
-0.0005496925970863199,-0.004588644831407546,0.9438488504965962,0.006774356858769221,0.014802597339488733,-0.7070133107128974,0.707012849724772,0.012597946494498712,0.00021129337166644936,-0.40315097573391134,0.588612665394104,-0.21594534834378268,-0.0012263808346270318,0.013278113979273323,0.000231048309779527,-0.3875383692545097,0.56288454061617,-0.20570931849218346,-0.0019069241210896248,0.4560560878652288,-0.2958571547870844,0.5058363790828275,-0.1333378938275355,-1.2916811322307578,1.0684687826218515,0.698132,-0.10202008269628005,-0.3446407295689739,-0.20292443030857266,0.6870837969928802,-1.3343576293118349,-0.9926981303257622,0.022816030150403507,0.5890489921337885,0.3343226876881269,0.4886820589221044,0.44514228127704425,0.9446748601725797,0.8841212639132283,0.5350050258588575,0.7196794659296838,0.7879538839277286,0.19875675131359022,0.7614904600440585,0.5607783203763502,0.8002489431098653,0.3270186418481633,0.5814322500384782,0.8064863309774726,0.9050634434279696,0.678597330037588,1.0853399853963281,0.3872269508949463,0.8316301201403561,56,21,55,55,59,38,92,36,36,67,69,48
-0.001202671849004297,-0.0045308544931221125,0.9437068057294576,0.007551069934292869,0.01427183857819188,-0.7070106514150443,0.7070185533294868,0.011399231743089103,0.00018539186287804606,-0.4030789691983365,0.5876026581543329,-0.21533530422222788,-0.0018815255857494951,0.012083237264342954,0.0002054968210473864,-0.39054439242501743,0.566960465905311,-0.20716496750090738,-0.0025658957601027666,0.4054974709073404,-0.2655621456869268,0.5646157518141467,-0.2119074614543476,-1.3162469934279017,0.7362394945916679,0.5455409659488141,0.30888299350984183,-0.3469986036997235,-0.2786937529135568,0.686676372559775,-1.375980182158582,-0.7814075010668924,0.05020219806714387,0.6192036210646283,0.36961947598888184,0.3921259941121855,0.47792567328187974,1.046660914811487,0.9959057104192333,0.741052322890647,0.917448727405788,0.9454342878367075,0.36290245418953404,0.7240946078851613,0.4748949264890841,0.7303118459265542,0.34302598144270685,0.6104630008919545,0.8461648730851143,1.1258286744361605,0.7038945510950144,1.25,0.3261137933507594,0.7823820599170769,45,24,60,68,73,43,84,30,38,77,77,44
-0.0012104131531567497,-0.004535297157045571,0.9436814429633519,0.007539116241177904,0.01427147017866357,-0.7070140880085062,0.7070152517610507,0.011427354994848211,0.00019526389247641776,-0.40315333907551565,0.5877772609110494,-0.21541426910067654,-0.001897118912405528,0.012111306321838497,0.00021535514203818433,-0.3907271168080928,0.5673104510961683,-0.20732033784772724,-0.0025814164560596666,0.4054927267244399,-0.26566560640935905,0.5631787102677187,-0.20625354635214013,-1.3192180590511977,0.718962227619699,0.5391733468881202,0.32765212873723476,-0.3459008578114937,-0.2780718361637485,0.6856348874342443,-1.3769589686806138,-0.777813717646455,0.05046546116158901,0.6201999143872573,0.36961947598888184,0.3921259941121855,0.47792567328187974,1.046660914811487,0.9959057104192333,0.741052322890647,0.917448727405788,0.9454342878367075,0.36290245418953404,0.7240946078851613,0.4748949264890841,0.7303118459265542,0.34302598144270685,0.6104630008919545,0.8461648730851143,1.1258286744361605,0.7038945510950144,1.25,0.3261137933507594,0.7823820599170769,45,24,60,68,73,43,84,30,38,77,77,44
-0.001667748525026457,-0.0042424756037009155,0.9436411112142327,0.007992441519980974,0.013780101041123193,-0.7070040707326684,0.707030037311911,0.010541083083910975,0.00017996198779341975,-0.4029843098950529,0.5869028733601421,-0.21468926467579336,-0.002348878864600844,0.011227673178826631,0.00020006803362947222,-0.3923116346826285,0.5693397275796809,-0.20774128737562525,-0.0030358477315647414,0.3528625080602829,-0.2454809892694201,0.6298225404738975,-0.28313856252385217,-1.3807826204482858,0.5282501832259049,0.2540513407518361,0.5955661337395514,-0.3596405093862779,-0.370435602801617,0.6872369296774442,-1.4607633600397172,-0.620959829062849,0.10035494429645278,0.6597146669151439,0.43142104374993295,0.36260447412634106,0.5712801584718177,1.053125780167153,1.1332075163612185,0.9332921194970455,0.9378817158379061,1.0758318592371297,0.3976363912598133,0.6458355539355385,0.39888342901036333,0.6507211232109523,0.38005277500462364,0.5848797203701263,0.8640773617312575,1.25,0.7291763259885604,1.25,0.36980170581608257,0.657184068704441,42,27,64,81,79,41,75,25,38,83,78,40
-0.0016645468265669304,-0.00425162298152504,0.9436131409690871,0.007987311381253784,0.013786588551479843,-0.7070090618826858,0.7070249778110925,0.010557877373253624,0.0001760761473899303,-0.4030847217370832,0.5870842975148324,-0.21475141105518145,-0.002354342919258419,0.011244436084984457,0.0001961935563548774,-0.39249239030447863,0.5696500541181114,-0.2078666741313046,-0.003041238716510053,0.3530051585489286,-0.2451649318716409,0.628589379160941,-0.2764335196277507,-1.3844177703005847,0.5175366301791673,0.24206663823798863,0.6116062356792232,-0.3570397361612858,-0.371017394764665,0.684908795747854,-1.4645567278737792,-0.616659550935288,0.10147168085148055,0.6621500637905201,0.43142104374993295,0.36260447412634106,0.5712801584718177,1.053125780167153,1.1332075163612185,0.9332921194970455,0.9378817158379061,1.0758318592371297,0.3976363912598133,0.6458355539355385,0.39888342901036333,0.6507211232109523,0.38005277500462364,0.5848797203701263,0.8640773617312575,1.25,0.7291763259885604,1.25,0.36980170581608257,0.657184068704441,42,27,64,81,79,41,75,25,38,83,78,40
-0.0019343710582070993,-0.004005773362141167,0.9437620467439507,0.00849732875876135,0.013383778722951123,-0.7069978700719902,0.7070379633263901,0.009483477341264963,0.0002618524959388564,-0.40253137563486807,0.585291235497758,-0.2138338897041602,-0.0025695196367280927,0.010172656031276357,0.0002820422548616445,-0.3933066121942212,0.5701096258906478,-0.20777261862883725,-0.0032590491051585277,0.2992448650589498,-0.23882665849180262,0.6921391278339596,-0.34149264572294413,-1.4696191162847654,0.4797871215051853,-0.022084916545449473,0.6981299368647637,-0.37974271041605145,-0.4638756482568,0.6652705219303754,-1.5650011828863881,-0.5223721565100813,0.1624533637029154,0.6914333163326913,0.49996136265951924,0.36843567151713164,0.6283611167517072,0.9567395533467457,1.1442439662598645,1.0797404804637398,0.9662215344737491,1.1604180109779123,0.5825854414351485,0.5450531830685617,0.3424323949641036,0.5893178832184376,0.45171131660911545,0.5232259994500116,0.9313745175212331,1.25,0.7819436157556835,1.25,0.4686867728864478,0.5201315045062869,42,32,62,87,83,44,68,22,38,86,80,39
-0.0019354331407573575,-0.004026315313278564,0.9437442226749377,0.008520785154312734,0.013402673361586178,-0.7069989966927323,0.7070361965575643,0.009484986220258708,0.00018313544475879735,-0.4026131684038111,0.5853123555971491,-0.2137565467356417,-0.0025779176893047043,0.010174160915592631,0.00020342094053198124,-0.39348026980299594,0.5702902030007133,-0.2077985739205688,-0.003267405912783487,0.29974228204900044,-0.2371603544035346,0.6937934820203416,-0.3360832700858299,-1.4697548975119028,0.47958228441559714,-0.03815162876555729,0.6981318968432382,-0.37559092577968406,-0.4667225997065096,0.6612290924961592,-1.5718421765982769,-0.519351070885624,0.1654532033227956,0.6947436387373298,0.49996136265951924,0.36843567151713164,0.6283611167517072,0.9567395533467457,1.1442439662598645,1.0797404804637398,0.9662215344737491,1.1604180109779123,0.5825854414351485,0.5450531830685617,0.3424323949641036,0.5893178832184376,0.45171131660911545,0.5232259994500116,0.9313745175212331,1.25,0.7819436157556835,1.25,0.4686867728864478,0.5201315045062869,42,32,62,87,83,44,68,22,38,86,80,39
-0.0021627636709842537,-0.00395166411613913,0.9440493671854024,0.009119336020728808,0.012933096889835129,-0.7070196226022746,0.7070168498492216,0.008110408899324281,0.00044352213882838614,-0.4010327957684343,0.5822453110448941,-0.21273894349359732,-0.0027193955973668906,0.008802371729988451,0.000463864713704509,-0.3933681475083741,0.5695855549211352,-0.20757254986019028,-0.0034116469747766612,0.24657201302729528,-0.2566136781503553,0.7490532061118467,-0.3666577462887858,-1.5656132522383377,0.5300436922221763,-0.22526572368911807,0.6981319999999678,-0.4047396503054328,-0.5484431388837299,0.6109192194210957,-1.6845508146070474,-0.48742813142965385,0.21538820438641812,0.6980059389470322,0.5416464923548864,0.3892616382836288,0.6292440264604137,0.8030626233035904,1.0105718866566669,1.1360465823689139,1.0049726958833438,1.1777795689923707,0.7547919998213056,0.4427881462753693,0.30517322826557625,0.5513448157693208,0.48634657276348703,0.463500439747684,0.9582665680892543,1.25,0.8032174514615348,1.25,0.48731627769589503,0.42863137928671524,45,34,56,84,85,47,63,19,37,87,81,36
-0.002161906519098609,-0.0039662104176371215,0.9440293081711738,0.00915066546929542,0.013006351157295325,-0.7070030440792152,0.7070316794980024,0.008183984073363699,0.0002536850505289778,-0.4011316416105095,0.5820486231147639,-0.21244623258990977,-0.002729585168894418,0.00887581175390603,0.000274214111718046,-0.3935698317574194,0.5695965360928223,-0.20744623249503488,-0.003421738412957715,0.24727823322012332,-0.2551440176519686,0.7536569208957185,-0.3624730889421475,-1.5674608256068046,0.5374739967487717,-0.23998856617989378,0.6981319999999984,-0.3993868107437897,-0.5540030211069296,0.6058449333906878,-1.6932825549777928,-0.4882992310007576,0.21889761634384036,0.6981256969473516,0.5416464923548864,0.3892616382836288,0.6292440264604137,0.8030626233035904,1.0105718866566669,1.1360465823689139,1.0049726958833438,1.1777795689923707,0.7547919998213056,0.4427881462753693,0.30517322826557625,0.5513448157693208,0.48634657276348703,0.463500439747684,0.9582665680892543,1.25,0.8032174514615348,1.25,0.48731627769589503,0.42863137928671524,45,34,56,84,85,47,63,19,37,87,81,36
-0.002386658569142427,-0.004081994313032734,0.9444960439002503,0.009979150607524028,0.012713496181048327,-0.7070190916123092,0.7070097507557535,0.006727783980239481,0.00042598621679407076,-0.3990405736155997,0.577348523978945,-0.2108741587736507,-0.0028527895612964747,0.007421962244957841,0.0004469749291990103,-0.3931589821536468,0.5676187452269595,-0.20685102683768128,-0.0035473295361141527,0.19793628525167264,-0.2975784018880707,0.7947391623145429,-0.34862566951028967,-1.678405755496148,0.6301965212650364,-0.3469582367709263,0.6444659626284946,-0.4296190567715413,-0.6137627533649876,0.5198933322477283,-1.814316549204872,-0.5191368215275777,0.23165535036981771,0.6663458810629537,0.537037199973417,0.4294775847212522,0.5915636943600876,0.6585256596672178,0.805880719180323,1.0700795245485906,0.921006127300373,1.1163417103941427,0.867217907187296,0.3665397116240439,0.28679498105524603,0.5240413823699583,0.5113078877530745,0.4351136019417923,0.9656900991698094,1.206271859591668,0.8318364006046493,1.25,0.5455175802759322,0.40029515602913146,49,34,49,74,80,48,60,18,37,85,82,37
-0.0023865120217285416,-0.004098579865520773,0.944482786516251,0.010005087972323152,0.012788972886921964,-0.7070006574785968,0.7070264568684799,0.0068164811766129475,0.00024077674922497964,-0.3990301111892937,0.5769658943683499,-0.2104524728653997,-0.002871865796905663,0.007510511219950221,0.0002619774371398467,-0.3932563400998287,0.5674538579062721,-0.2066007204467872,-0.0035662553590952795,0.1986118465552008,-0.29550353312957317,0.8002745809265914,-0.34557384683412384,-1.6815436586049732,0.6405671926899806,-0.3547685066283501,0.6433835094522762,-0.4242596042260499,-0.6202201927663159,0.5147847991160043,-1.823211808420227,-0.5250235428821913,0.2321129464507987,0.6669138739656276,0.537037199973417,0.4294775847212522,0.5915636943600876,0.6585256596672178,0.805880719180323,1.0700795245485906,0.921006127300373,1.1163417103941427,0.867217907187296,0.3665397116240439,0.28679498105524603,0.5240413823699583,0.5113078877530745,0.4351136019417923,0.9656900991698094,1.206271859591668,0.8318364006046493,1.25,0.5455175802759322,0.40029515602913146,49,34,49,74,80,48,60,18,37,85,82,37
-0.002381962469929434,-0.004132875859581799,0.9444713553982638,0.01001046685105076,0.012814708264944763,-0.7069966792246712,0.7070298928410287,0.006849198632787576,0.00016016720118408224,-0.3988955331059294,0.5766835653324718,-0.2102219367064644,-0.002880426457846102,0.007543170729295871,0.0001814710057887448,-0.3932252385620136,0.5673558470435853,-0.20648718624899406,-0.0035747308817895085,0.1990922989454661,-0.2936910159262963,0.8045804170060633,-0.3427644190937905,-1.683707099885499,0.6491253363378109,-0.3609038796156067,0.6430605675678727,-0.4197118554340999,-0.625439628061494,0.510619681238035,-1.8306754445014817,-0.530162227187679,0.23225446191781207,0.6679526615036937,0.537037199973417,0.4294775847212522,0.5915636943600876,0.6585256596672178,0.805880719180323,1.0700795245485906,0.921006127300373,1.1163417103941427,0.867217907187296,0.3665397116240439,0.28679498105524603,0.5240413823699583,0.5113078877530745,0.4351136019417923,0.9656900991698094,1.206271859591668,0.8318364006046493,1.25,0.5455175802759322,0.40029515602913146,49,34,49,74,80,48,60,18,37,85,82,37
-0.002576537835194724,-0.004451014341755729,0.9451605982774653,0.011084738392739865,0.012760628696832753,-0.7070006969280209,0.7070108269845091,0.00534939426104222,0.0002482959967341268,-0.39616190902047127,0.5698999403110654,-0.20786580129551152,-0.0029663873433921953,0.006045084140718518,0.00027054871053452386,-0.39230058109118104,0.5635246310070465,-0.2052380018848554,-0.003662481989559379,0.1553838880581632,-0.3507329539900206,0.8274921953436222,-0.29535002382797615,-1.7944996802717124,0.7350452331020764,-0.3925652509385367,0.5098003498386828,-0.45255065228556707,-0.6593167714191737,0.40794221923968754,-1.9446286248845168,-0.6141413016246663,0.19422666847493028,0.5900128321244404,0.49395037890248067,0.4599596815675169,0.5387565936327267,0.5520535328920319,0.7016614197703801,0.8967196613193615,0.7968456208816463,0.9937114213971021,0.7688595106720126,0.3295571447053727,0.28405177725671654,0.5072475014213573,0.5854764222614444,0.43836235781145455,0.9344988837751057,1.0431604475571021,0.8878973012032106,1.246761368936249,0.7991045132660402,0.4236561088143952,53,31,43,63,70,43,58,18,40,77,84,47
-0.0025733959546898463,-0.004477836680546705,0.9451693424138072,0.011086729511699134,0.012790807633482148,-0.7069937975706722,0.7070171496261018,0.005396594621416487,0.0001633190119458391,-0.3958944979441003,0.569365511124666,-0.20749357654340791,-0.0029803169678796573,0.006092204556629777,0.00018569043847011793,-0.39212915622376376,0.5631657952290652,-0.20498100520527535,-0.0036763029262565296,0.15579151591593446,-0.34844553970863823,0.8317896561680135,-0.29427180438014666,-1.7961099427888605,0.7400696733563621,-0.3936661641444029,0.5034675354251048,-0.4488039090260578,-0.6648701564833542,0.4050015256911558,-1.9503736166522672,-0.621401770779864,0.19126367493013346,0.5878707765345843,0.49395037890248067,0.4599596815675169,0.5387565936327267,0.5520535328920319,0.7016614197703801,0.8967196613193615,0.7968456208816463,0.9937114213971021,0.7688595106720126,0.3295571447053727,0.28405177725671654,0.5072475014213573,0.5854764222614444,0.43836235781145455,0.9344988837751057,1.0431604475571021,0.8878973012032106,1.246761368936249,0.7991045132660402,0.4236561088143952,53,31,43,63,70,43,58,18,40,77,84,47
-0.002706319091806968,-0.004900313135337279,0.9461205233332426,0.012216858363674357,0.013005387331116601,-0.7069890179703049,0.7069993894915849,0.004154507835965809,0.0001805792986150595,-0.3920875593877771,0.5600191459374987,-0.2040075602391889,-0.0030345131325154426,0.004850781129123993,0.00020426028404070616,-0.3899824054672178,0.5565429667140894,-0.20255997656641417,-0.003731196109828422,0.11836727664429945,-0.4165564129203714,0.826854239540844,-0.22898391583717326,-1.8971937188311747,0.7945086850464764,-0.3678865170893822,0.3228281968925868,-0.48908127146945285,-0.6701631635837879,0.30011097940601744,-2.0595585295170973,-0.7400443727106445,0.12182000457192081,0.45514479162621185,0.4354427535854259,0.4784427619793681,0.48584629158669534,0.46587313632595395,0.6604430783834587,0.6790202931285164,0.6784317681047438,0.8626363480876409,0.5871254442453137,0.3161183712644042,0.28353034268939065,0.5260232037355979,0.6409387447397418,0.4496024265472845,0.8457132516878684,0.8807366865211759,0.9077357257723443,1.1541602987511654,1.1232942731026934,0.4771941097992601,55,28,37,52,60,35,60,18,42,68,81,62
-0.002697174181122338,-0.00492171879865688,0.9461490605593135,0.012213327798450736,0.013013717485011124,-0.7069840744938416,0.7070042405766707,0.0041661889457823694,0.0001311219403352066,-0.3916316544986582,0.5592628748760952,-0.20360057769702922,-0.003035879424500402,0.004862413812389925,0.00015486896072368166,-0.389597811687447,0.5559155427254314,-0.20223121870692135,-0.003732493983539625,0.11866085022876863,-0.4146664790714453,0.8298130991359053,-0.22940472806419507,-1.8980413486534282,0.795174771234729,-0.3657979854044244,0.3146092086466906,-0.4864354826100225,-0.6751527259325606,0.2985322132241509,-2.063016475607742,-0.7470632986485852,0.11793444735250498,0.4504051272157224,0.4354427535854259,0.4784427619793681,0.48584629158669534,0.46587313632595395,0.6604430783834587,0.6790202931285164,0.6784317681047438,0.8626363480876409,0.5871254442453137,0.3161183712644042,0.28353034268939065,0.5260232037355979,0.6409387447397418,0.4496024265472845,0.8457132516878684,0.8807366865211759,0.9077357257723443,1.1541602987511654,1.1232942731026934,0.4771941097992601,55,28,37,52,60,35,60,18,42,68,81,62
-0.002696906116441383,-0.005319658934368818,0.9472167025306729,0.013199819361063087,0.013409438713223745,-0.706981930431171,0.7069812598407732,0.0032539281607946585,0.00019719032389965392,-0.3873829680365149,0.5490536193054467,-0.1998663846820908,-0.0029623595285323385,0.0039500027783035555,0.00022217570694730014,-0.38645309467374583,0.54750576947723,-0.19918060024916795,-0.003658869403176082,0.08741223927461829,-0.49339778176985166,0.7875627637750883,-0.16512779099644773,-1.9815767758277518,0.8331401092863909,-0.30806801429364067,0.12673497081996946,-0.5377172477270195,-0.6494397622197412,0.20442711846562778,-2.154892272580175,-0.8715137303202761,0.06787012529684473,0.28608472344079366,0.37790741628807223,0.5414924059618741,0.45587928503592556,0.37718176074497056,0.6555186668055418,0.4951799110006331,0.6090884406596077,0.7871994828118465,0.4911440290916139,0.29811835435627365,0.26696242079239907,0.6062345044466853,0.5255041864492861,0.4485651511928854,0.7217565997257747,0.7618038339112541,0.7905675842957602,1.1080291434992067,0.9647869785483649,0.5320250943272335,62,24,33,45,55,31,69,17,38,58,75,58
-0.0026844629368624772,-0.005317834575259198,0.9472573943284949,0.013200325857076912,0.013427698240002534,-0.7069731739126139,0.7069896602392199,0.0032700462592597573,0.000136557478910841,-0.38687904359278397,0.5481054119197092,-0.19931287055105376,-0.0029563683188786683,0.0039660586357843095,0.00016164105601288234,-0.3859934631097709,0.5466466376781481,-0.19869070029803415,-0.0036528106024837624,0.08769927900167382,-0.49215202766940974,0.7899936100410082,-0.16675666900288288,-1.9820435666051222,0.8324219629259348,-0.30427704335973577,0.11755647081297983,-0.5357097192799419,-0.654291607576989,0.20322048431192136,-2.1562761893731532,-0.8788722973838135,0.06530590488493157,0.27862278609328445,0.37790741628807223,0.5414924059618741,0.45587928503592556,0.37718176074497056,0.6555186668055418,0.4951799110006331,0.6090884406596077,0.7871994828118465,0.4911440290916139,0.29811835435627365,0.26696242079239907,0.6062345044466853,0.5255041864492861,0.4485651511928854,0.7217565997257747,0.7618038339112541,0.7905675842957602,1.1080291434992067,0.9647869785483649,0.5320250943272335,62,24,33,45,55,31,69,17,38,58,75,58
-0.002501407717069774,-0.00566514840059352,0.948214160585492,0.013801123818652285,0.013980835497327163,-0.7069561442705564,0.7069844943831849,0.0029671169577561627,0.00014941979276266403,-0.382689659524567,0.5385542767779593,-0.19581152326220538,-0.0027266328287148494,0.0036623543735833253,0.00017548228611355648,-0.38222205163391854,0.5377913498753609,-0.19547703265815075,-0.0034223500235812856,0.06309992942359612,-0.5733634795162067,0.7186826106305638,-0.12066374308360465,-2.0483873515314777,0.8795416243625,-0.2549695198652806,-0.058593276838332084,-0.5899034254509582,-0.6119291866887232,0.11771877468812444,-2.2059819002822882,-0.9941860824701577,0.05920860342510689,0.11269155235836929,0.31937169117006037,0.6905056766173603,0.49122766526936945,0.30766901418934317,0.7937460732097371,0.3975920337168739,0.7327966450026797,0.798970611605827,0.5260185524331413,0.2610805477667768,0.2277777021433165,0.7352634759141561,0.36898920268940166,0.4382692444958607,0.7007567807124864,0.7055612009043288,0.7245001351368622,1.112514735669941,0.646346368174366,0.5554087451194196,79,20,31,46,60,31,84,15,32,55,72,47
-0.002487494395375072,-0.005637892129884317,0.9482561882581967,0.013802444916315465,0.014013336616661182,-0.7069500864453133,0.7069898826618133,0.0030010463658606034,9.711563613603138e-05,-0.3822449442967555,0.5375925360284375,-0.1952010013013216,-0.0027151297916561757,0.003696206219963525,0.00012330086838765374,-0.3817749048321354,0.536837594794367,-0.19489345390014198,-0.0034107705017402254,0.06350027560064089,-0.573108871445731,0.72057294877236,-0.12292148893793521,-2.048033192834062,0.8793356143069395,-0.25181929755259214,-0.06728413609568831,-0.5887486913707828,-0.6163199914385615,0.11640501208897132,-2.204544099413739,-1.001421439803725,0.060130187572052414,0.10413144050043045,0.31937169117006037,0.6905056766173603,0.49122766526936945,0.30766901418934317,0.7937460732097371,0.3975920337168739,0.7327966450026797,0.798970611605827,0.5260185524331413,0.2610805477667768,0.2277777021433165,0.7352634759141561,0.36898920268940166,0.4382692444958607,0.7007567807124864,0.7055612009043288,0.7245001351368622,1.112514735669941,0.646346368174366,0.5554087451194196,79,20,31,46,60,31,84,15,32,55,72,47
-0.0021781893088106347,-0.005991165179454902,0.9489180280736352,0.0138974895928449,0.014608857395986713,-0.7069436598104073,0.7069823922294441,0.0033774181330123556,0.00019404175823585802,-0.37885502195337417,0.53085190714677,-0.1931030150627366,-0.0023876059242133553,0.004071484049096547,0.00022063835044399131,-0.37817592339665973,0.5297484842571423,-0.1926681947171072,-0.0030822156847772754,0.04416916224769053,-0.6455326530225871,0.6357249309843558,-0.10122532359545922,-2.0977652421991566,0.9294587440845928,-0.247522817357113,-0.20286910659002677,-0.6384577275175426,-0.5589971595691557,0.05658332766935464,-2.221159873867049,-1.0914430984527392,0.09526316219959058,-0.028165087070239375,0.2506313226216106,0.8727,0.5537935301631615,0.27148006593484625,1.197164845001163,0.3841517156595174,1.1058711747788097,0.8730983664962241,0.44292494518214054,0.21139669628256721,0.18159269475728743,0.846143981493968,0.29199672545130495,0.43372493944908924,0.9585604989885825,0.6980205145977335,0.9150661609905981,1.1295127328745629,0.39552374001344426,0.5345225034072049,100,16,32,61,77,25,97,12,29,65,80,36
-0.0021667280861866456,-0.005923981148800463,0.9489571087584748,0.013918163196606418,0.014681260359763458,-0.7069349756575004,0.7069891693085623,0.0034477414806084227,0.00011388706695803912,-0.378641977938449,0.5299724715051232,-0.1924115054874127,-0.00237949682838849,0.004141697139493449,0.00014069511024020773,-0.37788486607439803,0.528757252034929,-0.19196445539213197,-0.0030739975837970773,0.044688408696583706,-0.6461974375534307,0.6366170729916202,-0.10350625817958915,-2.096195106453795,0.9300802763483832,-0.24712881793501848,-0.2112594725998621,-0.6381924126267787,-0.5625848689887083,0.05513487251661953,-2.2173275772326386,-1.0983404028634864,0.09989468302121414,-0.037104904944305864,0.2506313226216106,0.8727,0.5537935301631615,0.27148006593484625,1.197164845001163,0.3841517156595174,1.1058711747788097,0.8730983664962241,0.44292494518214054,0.21139669628256721,0.18159269475728743,0.846143981493968,0.29199672545130495,0.43372493944908924,0.9585604989885825,0.6980205145977335,0.9150661609905981,1.1295127328745629,0.39552374001344426,0.5345225034072049,100,16,32,61,77,25,97,12,29,65,80,36
-0.0018097445203407285,-0.006219676188940248,0.9493760048391992,0.013704680719453308,0.015296935373597345,-0.706939878344761,0.7069753842252556,0.0042694508482546845,0.00020234479798497869,-0.3759628696867691,0.5250447504851838,-0.1907025808341148,-0.0020183481534670426,0.004962051516732171,0.00022947321610363843,-0.37453293176099783,0.5227096238594274,-0.18984154019709876,-0.002711604017977365,0.029408981850294492,-0.6985754083491108,0.5629964566338632,-0.11123650950670982,-2.122638442880135,0.9654972808562631,-0.2887682316450894,-0.29740562020199485,-0.6739311307665025,-0.507657982478746,0.030210707179674803,-2.2063417899244357,-1.169332005189215,0.15582802788967107,-0.13195722964540588,0.17610607772071804,0.8727,0.4987172745154051,0.2554684851902203,1.309,0.4059572310154038,1.309,0.9580359577351883,0.2856625939832596,0.1647643086493744,0.1574033738024421,0.8525240325746333,0.2797757554959154,0.43728377051366085,1.309,0.7010214598935514,1.2440656293667272,1.1206959490853718,0.1515629087133234,0.5000667979996322,100,11,29,66,88,18,98,10,28,78,92,26
-0.0018046443513614764,-0.006154684479510671,0.9494081547491043,0.013708594069026239,0.015360057135596907,-0.7069320051128148,0.706981812524634,0.004360325251651322,0.00013135293561626908,-0.37581070421663276,0.5243762396743372,-0.19018283783791867,-0.0020233934183743773,0.005052790323776181,0.0001586176094420011,-0.37423379467093487,0.5218138463018268,-0.189258583663207,-0.0027164915648854346,0.029849088138055528,-0.6997364840452416,0.5626188241130384,-0.11280602978639198,-2.1197506866149896,0.9654594999610921,-0.2922432380492324,-0.30263287818750156,-0.674583845982208,-0.5099516210042631,0.029300680715489705,-2.201344035570662,-1.1741851123002647,0.16228519483593423,-0.13839792757731784,0.17610607772071804,0.8727,0.4987172745154051,0.2554684851902203,1.309,0.4059572310154038,1.309,0.9580359577351883,0.2856625939832596,0.1647643086493744,0.1574033738024421,0.8525240325746333,0.2797757554959154,0.43728377051366085,1.309,0.7010214598935514,1.2440656293667272,1.1206959490853718,0.1515629087133234,0.5000667979996322,100,11,29,66,88,18,98,10,28,78,92,26
-0.0014664397086887862,-0.006437285419971122,0.9496506963999043,0.013346626754052616,0.015694015212666976,-0.7069692290215567,0.7069441807225364,0.004991438032999546,0.0003510805764241406,-0.37361817994457946,0.5215067864156333,-0.18930799136134072,-0.0016648149217447072,0.0056828162378174275,0.0003783709443879987,-0.3713267355727073,0.5177079816784829,-0.18785776530237408,-0.002356968870668181,0.01606254909065661,-0.7229102961863042,0.5204325178104785,-0.15006792604554853,-2.1205254648971503,0.9822223159946472,-0.3567016279311788,-0.3135851964677314,-0.691717951806277,-0.47486464086795466,0.04051149035263254,-2.180168635766447,-1.214565505962154,0.20374124734686144,-0.17471518117557575,0.11559261530751633,0.8727,0.3593188219962916,0.2500551370756497,1.309,0.41449960541294983,1.309,1.0288922151157696,0.20503368834204766,0.13261997767680295,0.17488878038062208,0.7192741917507244,0.3618757293504633,0.43577862474667967,1.309,0.6895811058994088,1.309,1.097622635287483,0.027449910156836097,0.507699847130243,100,7,24,67,91,13,82,11,31,78,94,21
-0.0014742187798030344,-0.006385721074164807,0.949677678593773,0.013324582812871483,0.01575526856610417,-0.706950893885049,0.7069615694225557,0.005138810422367319,0.0002406612476331884,-0.3734673591864895,0.5209867809570718,-0.18897682650781653,-0.001686214970807879,0.005829983526323652,0.00026798459335098865,-0.3709768807359183,0.5168904648409832,-0.18744850930815382,-0.002378128094787513,0.01637379127101688,-0.7247635942548357,0.5183240653838964,-0.15127566897855954,-2.1167796997739723,0.9820660837833727,-0.3635896289847534,-0.3137145973168349,-0.6932499461030712,-0.47536180859965976,0.040531379695485745,-2.1754317202750117,-1.217648229603561,0.20946882771633227,-0.17790635898354326,0.11559261530751633,0.8727,0.3593188219962916,0.2500551370756497,1.309,0.41449960541294983,1.309,1.0288922151157696,0.20503368834204766,0.13261997767680295,0.17488878038062208,0.7192741917507244,0.3618757293504633,0.43577862474667967,1.309,0.6895811058994088,1.309,1.097622635287483,0.027449910156836097,0.507699847130243,100,7,24,67,91,13,82,11,31,78,94,21
-0.0012728221016843312,-0.006480780344689216,0.9498798632296415,0.013020128813927744,0.015600838437349137,-0.7069884734590411,0.706933086283118,0.00510341625906576,0.0003794560920242462,-0.371138900111082,0.5186483814553507,-0.1880100738351684,-0.0014216409273969436,0.005794392838437414,0.00040661094576733783,-0.36814967181130237,0.5136748501898246,-0.18607007566924047,-0.0021134563099520754,0.003409251515149922,-0.721389631253657,0.5182723324603575,-0.22148230440296018,-2.0885806300660863,0.9908961030166117,-0.4368631615400531,-0.24707374917651123,-0.6906053154363101,-0.4680020552544035,0.08251217138376751,-2.1344974402512022,-1.2378976979382375,0.21908086330047397,-0.15730891979907213,0.08583820731293196,0.8727,0.31008872121101555,0.2429152045452511,1.309,0.39955872307789864,1.309,1.0991690668179201,0.28904322693120255,0.1168825532510803,0.2293071865267167,0.5007893119500803,0.4482919897116558,0.42039548470581944,1.309,0.6818558161178302,1.309,1.1060858590034512,0.21026157777030138,0.5803569963195558,100,5,22,66,94,16,57,15,34,77,94,31
-0.001294124700519318,-0.006471991569123677,0.9498988211020476,0.012944597750883021,0.015621777551744908,-0.7069687768690844,0.7069537085180484,0.005290296660238054,0.0002720671166271222,-0.3707833203641411,0.5182346635250296,-0.1879305824400235,-0.0014663995232665492,0.005981029137614073,0.00029906531965002633,-0.36761057705860145,0.5129912763018128,-0.18592473221565556,-0.0021579187051328007,0.003569074232381619,-0.7237885313368123,0.5155715778220061,-0.22211514399189125,-2.084371407120226,0.9921925078546657,-0.44449056360414313,-0.24023944027930638,-0.6930639904403515,-0.4674683701615354,0.0832830096447507,-2.1305965123074686,-1.2395523723753479,0.22100388472477298,-0.15561308593749856,0.08583820731293196,0.8727,0.31008872121101555,0.2429152045452511,1.309,0.39955872307789864,1.309,1.0991690668179201,0.28904322693120255,0.1168825532510803,0.2293071865267167,0.5007893119500803,0.4482919897116558,0.42039548470581944,1.309,0.6818558161178302,1.309,1.1060858590034512,0.21026157777030138,0.5803569963195558,100,5,22,66,94,16,57,15,34,77,94,31
-0.0012867193561288282,-0.00638110206638286,0.950061388234596,0.012591492381335329,0.014763968278483683,-0.7069925339031238,0.7069547627433614,0.00450700847507791,0.0002694960690659781,-0.3671798433349904,0.5156985540966765,-0.18710806586325274,-0.0013795472059221776,0.00519855973779625,0.0002954761649577578,-0.3639822446376057,0.5103884074491555,-0.18500755822587786,-0.002071809248486191,-0.008247922384862317,-0.7039975068766879,0.5655475080485644,-0.3210327290508425,-2.0325781709366626,1.000518155719129,-0.516338621544224,-0.08665511488953398,-0.6775214631690045,-0.49444698453899105,0.15490243717807983,-2.068014687344753,-1.2337550192238633,0.18930756223171274,-0.060400679283372186,0.08748825904105992,0.8727,0.31807330583291676,0.22898089722305634,1.309,0.3804944392984871,1.309,1.1880466864833839,0.4374785754381222,0.11316178181186243,0.29942175751501676,0.29683629657428245,0.4575720275175573,0.3994323001535305,1.2619711366958624,0.7214223604473715,1.309,1.1680702150970637,0.6173626103109997,0.6766464969928176,100,6,21,65,98,21,34,19,33,77,97,51
-0.0013076707440307707,-0.006380320641224778,0.9500725242178701,0.012551130537404375,0.014776485900921578,-0.7069816805410678,0.7069660727121068,0.00462432609703484,0.00020506763162635663,-0.3668463274826176,0.515280430223556,-0.18709487188124443,-0.0014316416326414926,0.00531574162419101,0.0002308872760754918,-0.3635517569898281,0.5098290567657074,-0.18496545292821023,-0.0021236918934611176,-0.00819093993336748,-0.7064435037988722,0.5626929411553131,-0.32046901087300594,-2.029466011812882,1.0047463647010653,-0.5215078424056596,-0.07508887334822706,-0.6805326537489289,-0.49269533044019126,0.15558235107089066,-2.0658810387448168,-1.2338947071165258,0.18717053763134206,-0.054138381701880206,0.08748825904105992,0.8727,0.31807330583291676,0.22898089722305634,1.309,0.3804944392984871,1.309,1.1880466864833839,0.4374785754381222,0.11316178181186243,0.29942175751501676,0.29683629657428245,0.4575720275175573,0.3994323001535305,1.2619711366958624,0.7214223604473715,1.309,1.1680702150970637,0.6173626103109997,0.6766464969928176,100,6,21,65,98,21,34,19,33,77,97,51
-0.0012978478135972546,-0.006124395957961149,0.9500264722479312,0.012309081603215965,0.01338531151607382,-0.7070167269584646,0.7069629889510781,0.0028518968121290893,0.000217860159961326,-0.36315717104338685,0.5134880593779717,-0.18646038428014283,-0.0012846861663645167,0.0035449982953482946,0.00024230155675884063,-0.3606216365737074,0.5092502772048975,-0.1847027800842051,-0.0019782866818288626,-0.01732887656496958,-0.6766652744456446,0.6685797630079233,-0.4349592788111437,-1.9797265925496326,0.9971022342678837,-0.573927211857763,0.1308919250996825,-0.6509072368047529,-0.5634101961066816,0.25901976745550614,-1.98115932834394,-1.1817431752523933,0.13807905512608737,0.12027318734863729,0.10942853126849283,0.8727,0.3339052223843424,0.22130548895149965,1.1657709794270101,0.38034441952263187,1.309,1.25,0.5869926770491144,0.11718665069330153,0.3662762629001017,0.2432250703006502,0.4664306904821498,0.38997010233359836,1.1408710302139229,0.8317480869444982,1.2508094245168007,1.25,0.7430410470334782,0.7306884356192571,100,7,22,60,100,27,28,23,33,77,98,58
-0.0013226931367939948,-0.006133631744769626,0.9500269445729761,0.012276348384952994,0.013394737497412925,-0.7070098850979355,0.7069702218987092,0.0029542371325780646,0.0001754533772161128,-0.36285465119382443,0.5131467770940408,-0.18653235355188644,-0.0013326786927681147,0.0036472801082804507,0.00019972433106552298,-0.3603415458515661,0.5089592222142094,-0.18481847736693444,-0.0020261823624112517,-0.01746697646963432,-0.6784867772708331,0.6660251430045857,-0.4339607539236053,-1.9787807656110854,1.0030472024208843,-0.5766343572673506,0.14571374004079352,-0.6546562841308563,-0.559760228658839,0.2598542210098258,-1.9795091801394058,-1.1790940040331728,0.13457860230877544,0.1314821246025091,0.10942853126849283,0.8727,0.3339052223843424,0.22130548895149965,1.1657709794270101,0.38034441952263187,1.309,1.25,0.5869926770491144,0.11718665069330153,0.3662762629001017,0.2432250703006502,0.4664306904821498,0.38997010233359836,1.1408710302139229,0.8317480869444982,1.2508094245168007,1.25,0.7430410470334782,0.7306884356192571,100,7,22,60,100,27,28,23,33,77,98,58
-0.001140833497350603,-0.00570558187912064,0.9495580015662491,0.012090486516502708,0.011985289043403619,-0.7070372289649091,0.70697137837395,0.0008734792840596345,0.00014511139094198385,-0.36082750744709724,0.5136149073213093,-0.18658353048495474,-0.0010142144284191234,0.0015679158089511843,0.00016790673618866288,-0.35941065557061147,0.5112143604934255,-0.18550160489925288,-0.0017089726214485374,-0.022830475035835605,-0.6458585077635015,0.8120787549998703,-0.5435528442358017,-1.95246887651223,0.9642082893465724,-0.6204971648462548,0.36800102712349425,-0.6261149505523574,-0.6796930016141469,0.38743696214481166,-1.9103445224996325,-1.0436584518790868,0.1301462711566556,0.3593481054124024,0.13971191365277166,0.8727,0.3497098245329743,0.23780692253063654,0.9512505888423323,0.4149315482228797,1.309,1.25,0.7300673340249961,0.12901781008690436,0.41996695401457723,0.2299627671003508,0.4898299008846173,0.4053428227588242,1.1469335011838953,0.9895994344060498,1.2097405531270202,1.25,0.6897279055427941,0.7210168942821945,100,9,23,53,100,33,26,27,35,83,96,55
-0.0011629754642629678,-0.005715930322043455,0.9495441629755896,0.012085570058023657,0.011985551393951051,-0.707036365520879,0.7069723215127882,0.0009080355390135583,0.0001335409414762653,-0.36075689537400296,0.5135881905333894,-0.18674107721759692,-0.0010347124355163373,0.0016024894098098073,0.0001562355239820278,-0.35947903607694615,0.5114206475123714,-0.1857635604659098,-0.0017295006946557428,-0.023212210328025597,-0.6459607958643144,0.8105478357856789,-0.5416102816838878,-1.9542748458488677,0.9695993365386966,-0.6217555941524999,0.38281365480268964,-0.628919310745249,-0.6741223999921131,0.38801179636582184,-1.90956925766675,-1.0355565484041145,0.1297457124377669,0.37328932388808966,0.13971191365277166,0.8727,0.3497098245329743,0.23780692253063654,0.9512505888423323,0.4149315482228797,1.309,1.25,0.7300673340249961,0.12901781008690436,0.41996695401457723,0.2299627671003508,0.4898299008846173,0.4053428227588242,1.1469335011838953,0.9895994344060498,1.2097405531270202,1.25,0.6897279055427941,0.7210168942821945,100,9,23,53,100,33,26,27,35,83,96,55
-0.0010699325769723115,-0.005181755955745102,0.948800278229145,0.012099015536839043,0.010962758185501648,-0.7070722856608981,0.7069527668849444,-0.0007810396018745284,0.00017034158258628763,-0.3614508623412022,0.516561772600369,-0.18748362339762978,-0.0008281070277551597,-8.582220109337643e-05,0.0001920147860356437,-0.36149289468577317,0.5165357450921088,-0.18729557026040544,-0.0015236501070892393,-0.026490288818448702,-0.6100122254496119,0.9667697291533186,-0.6177269603842407,-1.9599300081330278,0.9095097236766572,-0.6634050282973311,0.572645104603523,-0.61449245094892,-0.7995759690425162,0.49874020615926234,-1.9149045299103444,-0.8416791649950404,0.198870450526107,0.5609698352114078,0.1711677733219552,0.8727,0.36824471504367096,0.2522297824170496,0.7582048515472404,0.48304971561963983,1.309,1.25,0.8542129004253256,0.15261438232118735,0.45469658012160413,0.2429918594059987,0.5232333560128088,0.456778914998866,1.172156353761894,1.1359659394308255,1.1750937777995856,1.25,0.6275274078746147,0.6919830454692959,100,11,24,48,100,39,28,29,38,90,95,52
-0.0010913988681310314,-0.005201375374382929,0.9487705132774917,0.01211093585275244,0.01096258097441411,-0.7070672302420028,0.7069576217631806,-0.0007774567704781602,0.0001618452815099224,-0.3616823632834346,0.5169674650038394,-0.1877241623492379,-0.0008400966538369141,-8.220950173655446e-05,0.00018351432153177263,-0.3619240847338747,0.5172783612143824,-0.18767883886159756,-0.0015356869289690845,-0.027200146849731138,-0.6074499533628698,0.9675730238512973,-0.613872623729261,-1.9641381659480364,0.9132484830686096,-0.6641417943506236,0.5838265586426431,-0.6143416868087743,-0.794432494434637,0.49840743471472215,-1.916479224172255,-0.8303189416411454,0.20208506136403148,0.5715853126001049,0.1711677733219552,0.8727,0.36824471504367096,0.2522297824170496,0.7582048515472404,0.48304971561963983,1.309,1.25,0.8542129004253256,0.15261438232118735,0.45469658012160413,0.2429918594059987,0.5232333560128088,0.456778914998866,1.172156353761894,1.1359659394308255,1.1750937777995856,1.25,0.6275274078746147,0.6919830454692959,100,11,24,48,100,39,28,29,38,90,95,52
-0.001114077420304896,-0.005215474668779966,0.9487427441448482,0.012108430801318643,0.010964539534599319,-0.707062931898306,0.7069619332833239,-0.0007453784466138881,0.00015241361175924212,-0.36190770884512874,0.517378863013978,-0.18793425180178056,-0.0008596069752017446,-5.0098369180505394e-05,0.00017408148771675257,-0.3623298283311922,0.5179945099547166,-0.1880215137471606,-0.0015552361759400455,-0.02785400029172433,-0.6050429965680199,0.9682276961092745,-0.6100658309540553,-1.9677948322435135,0.9175896292221064,-0.6643456803805952,0.5934793908718078,-0.6141940457216524,-0.7896118008093087,0.4979375384175984,-1.9174706849728946,-0.8212132856900443,0.20447009554689266,0.5802116258416333,0.1711677733219552,0.8727,0.36824471504367096,0.2522297824170496,0.7582048515472404,0.48304971561963983,1.309,1.25,0.8542129004253256,0.15261438232118735,0.45469658012160413,0.2429918594059987,0.5232333560128088,0.456778914998866,1.172156353761894,1.1359659394308255,1.1750937777995856,1.25,0.6275274078746147,0.6919830454692959,100,11,24,48,100,39,28,29,38,90,95,52
-0.0012496022956270077,-0.00488871912958691,0.9481958514870098,0.012527080571590743,0.010484946646151481,-0.7070902909063954,0.706934550472736,-0.0019586765011329363,0.00019550125169714603,-0.3639916169689639,0.5202519970479318,-0.1885696341020177,-0.0009026923835445619,-0.0012632140763946804,0.00021707077290908627,-0.3658392343865125,0.5231842110207908,-0.18953173605144685,-0.0015984555641684788,-0.029942848086626825,-0.569652359650124,1.0977571752521618,-0.6339195930301638,-1.9879462829800556,0.8697091696691509,-0.6846093436929983,0.6952425152320971,-0.6048586819302001,-0.867821170998028,0.5494356915478519,-1.9471608423223257,-0.6916061637958463,0.27119071769645303,0.6524996239304158,0.2007203339885464,0.8727,0.4080387630412098,0.2669669237418692,0.6928922572898298,0.5473172067209562,1.1928835872526058,1.25,0.8805413492712928,0.19030672228676715,0.4671059758230389,0.2709029728176743,0.6011817849888079,0.5591310611750254,1.2028163432921684,1.21637184435351,1.1770152107731062,1.25,0.6858545836003057,0.7153712428441834,100,13,26,48,96,41,31,30,45,95,95,55
-0.0012830826194113077,-0.004928137186854448,0.948152385906868,0.012534517433436922,0.010515722617880313,-0.7070795723371204,0.7069446823013025,-0.0018809160181643486,0.00018541756484844995,-0.3643816628196268,0.5208674983137213,-0.18885803906518478,-0.0009444892205280955,-0.0011853739959456241,0.00020703948699316962,-0.3664191785034795,0.5241273571712481,-0.1899656453919064,-0.0016403405892631388,-0.03083409762202272,-0.5642091858820895,1.1023877525391714,-0.6282525097214652,-1.9940485310566785,0.8709047685445565,-0.6846454591218222,0.6979875257616048,-0.6029821521696177,-0.8655847254367923,0.5487831271459129,-1.9499623366917707,-0.6813660807487798,0.27528168918591345,0.6567276016276783,0.2007203339885464,0.8727,0.4080387630412098,0.2669669237418692,0.6928922572898298,0.5473172067209562,1.1928835872526058,1.25,0.8805413492712928,0.19030672228676715,0.4671059758230389,0.2709029728176743,0.6011817849888079,0.5591310611750254,1.2028163432921684,1.21637184435351,1.1770152107731062,1.25,0.6858545836003057,0.7153712428441834,100,13,26,48,96,41,31,30,45,95,95,55
-0.0015467528403359631,-0.005040635835496454,0.9480089656368419,0.013371385954538103,0.01076294470086949,-0.7070668773857096,0.7069383254308982,-0.00247714791980659,0.00012902030652220528,-0.36690951034986363,0.5221034173652105,-0.18931279086372704,-0.0011649980262422902,-0.0017817101885223771,0.00015152490275309292,-0.3700967904416869,0.5272674802183394,-0.19118118867165013,-0.00186074014809945,-0.031155013194656283,-0.5396534655366199,1.1734513050371707,-0.5961153566153535,-2.0139483891350123,0.8580570828930212,-0.6641280512146477,0.6981319990970359,-0.604292167587377,-0.8862782332263898,0.5256899238996504,-1.9753980539846199,-0.6238755569379577,0.2848755996472195,0.6399454195130166,0.22804548801044996,0.8187141338968835,0.482470981892971,0.28659802937580475,0.7963029456573238,0.5436988861088303,0.974526037947541,1.25,0.7820173733698726,0.23511723052697314,0.46017609366811785,0.37203170427470944,0.6965026453805053,0.7138886641844305,1.1875123364795932,1.228773857312209,1.2386350199458545,1.25,0.9715303024595403,0.8351409371972052,94,15,30,52,87,39,43,29,55,95,97,71
-0.001585755860036798,-0.005062746500616809,0.9479679223988805,0.013341452069549328,0.010885884906357146,-0.7070589580354406,0.7069449292754835,-0.002193752028939101,0.00014322916972404852,-0.36741102680479565,0.5226508669662103,-0.189420546964443,-0.001230316589018645,-0.0014981279946275365,0.00016592080573707776,-0.37074113741750414,0.5280602106160351,-0.19140711527623036,-0.0019262243390795616,-0.03198343239279313,-0.5321558518733107,1.180296244770469,-0.5885361561657382,-2.0209677720261268,0.8592725779270156,-0.6606901031674743,0.6981319999548518,-0.6008322776196238,-0.8866467110936461,0.5238316263067924,-1.978139307858854,-0.6166459559448398,0.28571685575470257,0.6365334235775211,0.22804548801044996,0.8187141338968835,0.482470981892971,0.28659802937580475,0.7963029456573238,0.5436988861088303,0.974526037947541,1.25,0.7820173733698726,0.23511723052697314,0.46017609366811785,0.37203170427470944,0.6965026453805053,0.7138886641844305,1.1875123364795932,1.228773857312209,1.2386350199458545,1.25,0.9715303024595403,0.8351409371972052,94,15,30,52,87,39,43,29,55,95,97,71
-0.0019407500546556068,-0.005588399619480353,0.9481812889853466,0.014331375592827496,0.011981547146417157,-0.7070173843753538,0.7069494128950309,-0.0015922283016845437,7.829294980859708e-05,-0.37047911322274635,0.5226551363487678,-0.18951821505410507,-0.0016958729530677035,-0.000896426173951518,0.00010294697737470276,-0.37442669945406915,0.5291214978889575,-0.19200174671297546,-0.002392060950386607,-0.030623062435521507,-0.518055511122702,1.1877360634557068,-0.5018822593377449,-2.0471717253178796,0.9036001257198382,-0.5860052641701925,0.627782794202335,-0.6071863442463542,-0.8592580650654571,0.4461103154472542,-2.0093567403815857,-0.6187146430659461,0.2360072682597452,0.5430304565489911,0.25772900073081834,0.7224270068714045,0.5018065247447275,0.30774001418331426,0.7221522135073243,0.4436298138538509,0.8552038111081454,1.25,0.8047009289658524,0.2696233672232821,0.44167907680218943,0.47922603084107807,0.6334171436085172,0.8737944299818583,1.0746653509782667,1.232000080981228,1.2659638915190647,1.25,1.2003998127697344,1.031084470829322,83,16,31,45,83,42,55,28,59,90,98,87
-0.0019567218032971127,-0.005609757248404049,0.9481583048185787,0.014295502860996281,0.012056903139705788,-0.7070148941110922,0.7069513485309383,-0.0014017247068853036,9.13524172586375e-05,-0.37075125087418614,0.5229796619266848,-0.18950779431580494,-0.0017351732086130778,-0.0007058405887553488,0.00011615387408908792,-0.37472741099131535,0.5294965624207776,-0.19202333119050108,-0.002431450756925956,-0.031103037841189778,-0.5114632894108234,1.1940097169085013,-0.49562269922911145,-2.052666272369229,0.9070321787663271,-0.5793455724151034,0.6222521260116329,-0.6036352804317651,-0.8616169726539158,0.44448617790382244,-2.011024004269707,-0.6177689474503708,0.23257183851423277,0.534618444214902,0.25772900073081834,0.7224270068714045,0.5018065247447275,0.30774001418331426,0.7221522135073243,0.4436298138538509,0.8552038111081454,1.25,0.8047009289658524,0.2696233672232821,0.44167907680218943,0.47922603084107807,0.6334171436085172,0.8737944299818583,1.0746653509782667,1.232000080981228,1.2659638915190647,1.25,1.2003998127697344,1.031084470829322,83,16,31,45,83,42,55,28,59,90,98,87
-0.002272008525093032,-0.006289950234531865,0.948759413205467,0.015425948112874729,0.013388589204300111,-0.7069856881022265,0.7069328275179747,-0.0007009449615411412,8.477737562019442e-05,-0.3727239212355883,0.5203934194478181,-0.18867183927206382,-0.0021772485991227533,-5.311340704265179e-06,0.00011191976371042214,-0.3767015099285066,0.5269245124714435,-0.1912346965802186,-0.0028734092492219174,-0.02822892328814134,-0.5228553613684077,1.1385215317072852,-0.38638868151174977,-2.0716444661166573,0.9854563765406533,-0.4704179072523967,0.47679679639652733,-0.6187465381574402,-0.7900557139025611,0.3452892226099833,-2.0519939847885635,-0.6939807014123133,0.14739502977807964,0.3897807212787697,0.29927914666183625,0.6920573179556146,0.40198358754751073,0.3125543216653691,0.6399817632575808,0.3005772178397146,1.0861872467550624,1.25,0.8066094290496157,0.277149942542875,0.4139981374122669,0.5750192122349502,0.5911292644559737,0.9449842110558494,1.1150293013364594,1.25,1.2486301365995904,1.25,1.2078019984735375,1.215880883234924,79,19,28,36,91,42,66,26,60,93,98,95
-0.0022713491173020923,-0.006305581728469261,0.9487597480635558,0.015410848282847516,0.01342727532721777,-0.7069820733950117,0.7069360380759918,-0.0006208413247588988,9.158582458347836e-05,-0.372699594973107,0.5202741296868528,-0.18850030554700486,-0.0021824900570558566,7.479252608305227e-05,0.00011883326267195647,-0.37665562436048156,0.5267732889838724,-0.19105228550992745,-0.0028786440968998866,-0.02855313185658066,-0.5189028666395188,1.1436074228578454,-0.38360164007784614,-2.074834997282311,0.9882302754966621,-0.46371041062003326,0.46840936086143975,-0.6164068811282352,-0.7937048024024095,0.3447144251618083,-2.053201231564835,-0.6982777546398938,0.1431469390370317,0.380824116178645,0.29927914666183625,0.6920573179556146,0.40198358754751073,0.3125543216653691,0.6399817632575808,0.3005772178397146,1.0861872467550624,1.25,0.8066094290496157,0.277149942542875,0.4139981374122669,0.5750192122349502,0.5911292644559737,0.9449842110558494,1.1150293013364594,1.25,1.2486301365995904,1.25,1.2078019984735375,1.215880883234924,79,19,28,36,91,42,66,26,60,93,98,95
-0.002398243706763925,-0.006869042508230585,0.9494944242287509,0.016373328465713776,0.014805578409261739,-0.7069511458078542,0.7069178073891493,0.00018843146694742755,6.594403931885605e-05,-0.37350300371592837,0.5158891346945622,-0.18696948521036016,-0.002451951827322992,0.0008834783759552185,9.52876158521245e-05,-0.37679662444556455,0.5213101805006024,-0.18913495585216833,-0.0031476295663815886,-0.022966274721760462,-0.5603056620163483,1.032932020542112,-0.27696246446815237,-2.083941636283765,1.067731163592415,-0.3540396615094877,0.2930445038662612,-0.6450463129765253,-0.7023455378573416,0.2510971040062683,-2.114250828807139,-0.8114729935031251,0.08142226863885359,0.22532789841890294,0.35485856327965004,0.7267240947562772,0.310457142762819,0.28473015183038164,0.6494595643210258,0.23048826828483374,1.2160286951692754,1.238245322830469,0.8365262224778056,0.2567296252011264,0.3702817760801361,0.6668837534756922,0.5242072497354217,0.861753159126254,1.218338167195392,1.25,1.2016388045524327,1.25,1.0665574762980048,1.25,83,23,23,34,96,42,76,24,54,97,96,91
-0.0023735585019997968,-0.006856375574451159,0.9495136363154963,0.016410519591094366,0.014822927526985724,-0.7069458791543493,0.706921848306419,0.0001212785841603033,7.449083772199152e-05,-0.3733605718988644,0.5153957554055597,-0.18656023029077054,-0.002407126506489507,0.0008162783442727086,0.00010399739879996632,-0.37663045986270766,0.5207799636059552,-0.18869820958232034,-0.003102751694633437,-0.023116711494543085,-0.5589812095863855,1.0363598173493624,-0.27726401155870933,-2.085073795345999,1.0698364080322926,-0.3473456965619444,0.2827634953444721,-0.643012284670332,-0.7066024076433898,0.25027166458347944,-2.115350964677192,-0.8190456823002972,0.07837978857539354,0.21589145882049748,0.35485856327965004,0.7267240947562772,0.310457142762819,0.28473015183038164,0.6494595643210258,0.23048826828483374,1.2160286951692754,1.238245322830469,0.8365262224778056,0.2567296252011264,0.3702817760801361,0.6668837534756922,0.5242072497354217,0.861753159126254,1.218338167195392,1.25,1.2016388045524327,1.25,1.0665574762980048,1.25,83,23,23,34,96,42,76,24,54,97,96,91
-0.0021996532378289837,-0.007156748988822926,0.9500566514338948,0.016776631853370586,0.016210075051497644,-0.7068797603387835,0.7069489249683212,0.0014955276575082364,-6.602529032197587e-05,-0.37367618509862666,0.5113305149419857,-0.18490602476628654,-0.002389881933253825,0.0021895721665570527,-3.500741161100125e-05,-0.37561329717882463,0.5145905920860022,-0.186311912407224,-0.003084557940869489,-0.014026006850190464,-0.6152059030705372,0.8982501567176391,-0.18726589205192917,-2.0894646626915825,1.1424687135706157,-0.25017080569948336,0.10278687372957536,-0.6774032463233722,-0.6288422939940714,0.1574031219614368,-2.1809204357277627,-0.9202783688344869,0.05867221938668682,0.06392321447004,0.406068111782783,0.8125793626626474,0.25803003512020234,0.2365052123412679,0.6673111235229816,0.26587248885446735,1.2353232227836102,1.25,0.8646132825313747,0.227747743566706,0.30852302124563646,0.7454678662718526,0.3565159279373439,0.6626360496820046,1.2818854132742876,1.25,1.140294547961989,1.25,0.7930087065073546,1.143356658321443,93,26,19,36,97,42,85,20,40,99,94,76
-0.002153768147791207,-0.007122393908128975,0.9500825730676647,0.016844497241740863,0.01621803160544076,-0.7068813338545983,0.7069455553375108,0.0013359133685760685,-4.2001553355544186e-05,-0.3735680220307792,0.5107695498259577,-0.18441333396373286,-0.002301623321801783,0.0020299468814679415,-1.0782200267954295e-05,-0.37544928098253444,0.5139289046688964,-0.18575249048463432,-0.0029963023883017477,-0.01367399242696207,-0.6158520809738823,0.8999587046815118,-0.1898773706264647,-2.089533976881623,1.144112686922163,-0.24400325003183412,0.09195678612420162,-0.6748480229026277,-0.6331766436878674,0.1555303040135763,-2.181560144837005,-0.9278467379090927,0.058361813262202585,0.05420759378181674,0.406068111782783,0.8125793626626474,0.25803003512020234,0.2365052123412679,0.6673111235229816,0.26587248885446735,1.2353232227836102,1.25,0.8646132825313747,0.227747743566706,0.30852302124563646,0.7454678662718526,0.3565159279373439,0.6626360496820046,1.2818854132742876,1.25,1.140294547961989,1.25,0.7930087065073546,1.143356658321443,93,26,19,36,97,42,85,20,40,99,94,76
-0.0018624095211750838,-0.007373438585149105,0.9503065258983884,0.016489917568805464,0.017356158796068732,-0.7068023465430642,0.7070058622752978,0.00329157716260325,-0.00025424731970391214,-0.37339387022141274,0.5087345916983584,-0.18377102679703994,-0.0021572889965018197,0.003984046970796801,-0.00022247860602277457,-0.37375047637806763,0.5094927579499189,-0.18433301264799137,-0.002850392972306849,-0.0021292203639968884,-0.6674697602242923,0.7636241564647794,-0.12808535231692192,-2.093157684674918,1.203713802400352,-0.1804645565240176,-0.05234856594321567,-0.6972209323864414,-0.560097899469789,0.09023189758604414,-2.2078007090106526,-1.0110733660901337,0.06798940901369392,-0.059659555368240295,0.42624265185926574,0.8727,0.2589708723067824,0.23856076514115795,0.8421423778514581,0.4627584828293687,1.2485615975198647,1.25,0.8070478383044242,0.2224587152547549,0.2466806127800887,0.7625058576962838,0.2931859404437363,0.4619684071835759,1.309,1.2477569658281102,1.1583810633878484,1.25,0.4422854216376248,0.8801189970456025,100,27,19,51,98,40,87,16,30,100,94,52
-0.001797617194193454,-0.007303383506564867,0.9503305077348528,0.0165973290263071,0.01737345232804806,-0.7068176023069297,0.7069876723765981,0.0030596454972767403,-0.00019446306768516853,-0.37349392087813293,0.5082888812793158,-0.18329884523600823,-0.002055064090539638,0.0037522250220933867,-0.00016245316831528132,-0.37372040572639104,0.5088041830810122,-0.18372204454411956,-0.002748244904541432,-0.00130600948096928,-0.6694268275771305,0.7627970010609709,-0.13156949941798557,-2.092342437508573,1.205813469074217,-0.17484895655942234,-0.06393513786560864,-0.6954348408312382,-0.5633627754140772,0.08771091941478618,-2.2064686937629205,-1.0192925023194888,0.07091855733418859,-0.06953718361461135,0.42624265185926574,0.8727,0.2589708723067824,0.23856076514115795,0.8421423778514581,0.4627584828293687,1.2485615975198647,1.25,0.8070478383044242,0.2224587152547549,0.2466806127800887,0.7625058576962838,0.2931859404437363,0.4619684071835759,1.309,1.2477569658281102,1.1583810633878484,1.25,0.4422854216376248,0.8801189970456025,100,27,19,51,98,40,87,16,30,100,94,52
-0.0015417138569039073,-0.007526267788696379,0.950333288750249,0.01588474468906318,0.018218641008289568,-0.7067580080188501,0.7070423425136578,0.005139450903466096,-0.0003558074202587946,-0.3732318853660904,0.507922304730123,-0.18316886519879624,-0.001875878007243987,0.005829803687323298,-0.0003237334522734999,-0.3720236245070469,0.5061666352498021,-0.18284953247792984,-0.00256709337728197,0.009930850600768154,-0.700329937697126,0.660305865578422,-0.11324345801724289,-2.092627719163714,1.2453710382872936,-0.14518998016576382,-0.1485971977880305,-0.7035101640716197,-0.5055193035308408,0.06701114823777482,-2.208730328155889,-1.0850204763729656,0.09179186016451327,-0.13877793041752956,0.4085229871888831,0.8727,0.3497773338684414,0.290807929337894,1.309,0.7356720923986328,1.2801976275277316,1.25,0.655989294838342,0.2731385737832001,0.21201964792583528,0.6728237459654057,0.31546011161036824,0.3432428560555597,1.309,1.0269482673948982,1.2802074188248354,1.25,0.21040286217325035,0.6331935058448128,100,26,25,79,99,36,77,13,26,91,99,33
-0.0014788912216920534,-0.00745993186515524,0.9503514214188438,0.015978413549089934,0.018226788637010872,-0.7067847642617957,0.7070132753236201,0.004922478048137972,-0.0002665581373016121,-0.3733860920665995,0.5076954142389012,-0.1829281443775597,-0.0018045638461886794,0.005613026318921117,-0.0002343288612295915,-0.3719616928934016,0.5055404707566932,-0.18240300127691228,-0.0024957936001027553,0.01094438979144736,-0.7032012507989783,0.6566139245744804,-0.11703710352186021,-2.0911797096140456,1.2472249704992673,-0.14126538141126224,-0.15806974220348768,-0.7029695001600266,-0.5068599905748793,0.06525658964437238,-2.206211249566361,-1.0932732784627883,0.09654103552083458,-0.14714427896527138,0.4085229871888831,0.8727,0.3497773338684414,0.290807929337894,1.309,0.7356720923986328,1.2801976275277316,1.25,0.655989294838342,0.2731385737832001,0.21201964792583528,0.6728237459654057,0.31546011161036824,0.3432428560555597,1.309,1.0269482673948982,1.2802074188248354,1.25,0.21040286217325035,0.6331935058448128,100,26,25,79,99,36,77,13,26,91,99,33
-0.001311281379543445,-0.007529654539772615,0.950293939199554,0.015494988811717549,0.018659782942687664,-0.7067419030834768,0.7070555849777308,0.0060990449295063335,-0.00034959993442593997,-0.37344084274831363,0.507893527247794,-0.1826883108660778,-0.0016311088842678146,0.00678805712466111,-0.00031726831652787417,-0.3710015227926193,0.5041260102342245,-0.18158793026658032,-0.0023211645224752897,0.01874530744038438,-0.7081789007781363,0.6056616673461066,-0.14336095160099968,-2.0836954176641918,1.2617719493554158,-0.13384272201249156,-0.17398259671081825,-0.6963319684559262,-0.47894486979944684,0.08084084709750432,-2.192095283619656,-1.1341389168330824,0.10749965956572163,-0.16868988949627325,0.3701537212729173,0.8727,0.47284674770528373,0.40048016092984284,1.309,0.9732808764259367,1.2953034522037428,1.25,0.6284253448681807,0.39368710386163186,0.21329485529051243,0.5032367173469818,0.3828813952167458,0.30053366314823104,1.309,0.7829017491551507,1.309,1.2468293407839677,0.17254002099304322,0.5285411553408651,100,24,34,89,99,40,58,14,27,81,100,28
-0.0012764274917147459,-0.007535345707106341,0.9503030615240793,0.01542615444515286,0.018596415370818097,-0.7067768283485094,0.7070238482569108,0.0060659642743324865,-0.0002593466491995081,-0.3732132293966151,0.5079818616011524,-0.18278924596951818,-0.0016017979808869809,0.006754986324992366,-0.00022712413806334964,-0.3705149340555322,0.5037395096965369,-0.18146650994953356,-0.002291706052480308,0.019815629314866964,-0.7115563996932671,0.6000351051144107,-0.1486564717580102,-2.0816104186679327,1.2618042785044405,-0.1319997553538859,-0.17651472705431412,-0.6969107985769364,-0.4787973799904245,0.08138666228427421,-2.1889101841614935,-1.1413656955181588,0.11084639937764618,-0.17291813501184305,0.3701537212729173,0.8727,0.47284674770528373,0.40048016092984284,1.309,0.9732808764259367,1.2953034522037428,1.25,0.6284253448681807,0.39368710386163186,0.21329485529051243,0.5032367173469818,0.3828813952167458,0.30053366314823104,1.309,0.7829017491551507,1.309,1.2468293407839677,0.17254002099304322,0.5285411553408651,100,24,34,89,99,40,58,14,27,81,100,28
-0.0011887938735491601,-0.007515503404166441,0.9502577265786113,0.015008888756317458,0.018250779724666932,-0.7068145375288117,0.707004138485535,0.006042517362650116,-0.00012532356550131165,-0.37228977010647835,0.508585444467323,-0.18291529172635113,-0.0014622386412367924,0.006731639601417261,-9.352228847173775e-05,-0.3687286151995116,0.5028644826040163,-0.18091605337922745,-0.002152248293149883,0.02485607469927734,-0.7020680881530718,0.595794816502709,-0.22734353879243008,-2.0605202821273405,1.2449455748120202,-0.13738319401837829,-0.11565228000619708,-0.6780742969292932,-0.4892714655976863,0.13317378854671474,-2.1504110336224924,-1.1628440524766537,0.10450119779496185,-0.14072281849200322,0.3298975799026205,0.8727,0.582663003867107,0.5364124244610806,1.309,1.0940256076922314,1.160035600612154,1.25,0.666318572230665,0.555997470856056,0.23466531242375424,0.3481027166310916,0.464662218164274,0.29800602496561535,1.009908225208596,0.6174078317919188,1.2673416369772965,1.1980832808867936,0.35495040250489,0.5905292551657231,100,21,44,94,94,48,40,15,30,63,96,37
-0.0011842208799294908,-0.0075649563429468734,0.9502560819621824,0.014865323651417553,0.018202373533462723,-0.7068267204119456,0.7069962397793778,0.006185308970383485,-8.954613177028225e-05,-0.37188496037772867,0.5087231803504357,-0.183267533541398,-0.0014619876056367882,0.006874236674406979,-5.8070067686670035e-05,-0.36810145016439594,0.5026201447972528,-0.18110531445871006,-0.002151805083898281,0.025687431184500637,-0.7056708846727229,0.59172317858781,-0.23189880829777376,-2.0579678072665497,1.2410943780523795,-0.13744102885043755,-0.10838315606820005,-0.6803401115343704,-0.48980387655022334,0.13441690644600804,-2.147308742211441,-1.1655638570565547,0.10390917149946531,-0.1376406035124474,0.3298975799026205,0.8727,0.582663003867107,0.5364124244610806,1.309,1.0940256076922314,1.160035600612154,1.25,0.666318572230665,0.555997470856056,0.23466531242375424,0.3481027166310916,0.464662218164274,0.29800602496561535,1.009908225208596,0.6174078317919188,1.2673416369772965,1.1980832808867936,0.35495040250489,0.5905292551657231,100,21,44,94,94,48,40,15,30,63,96,37
-0.0011874315646656767,-0.007472489275454808,0.9501256004583858,0.014404985585208044,0.017139373938265916,-0.7068716381191232,0.7069874295021663,0.00525884155143024,-2.813556691125023e-06,-0.3697748885727619,0.5096445153063089,-0.1840072424263778,-0.0013770786755809947,0.005949218899596058,2.736383162332009e-05,-0.36565602359634997,0.5029292028097084,-0.18147094457603555,-0.0020682540327298985,0.027745137892142585,-0.6900997494900433,0.6364977940643581,-0.3448573095562909,-2.028128473039502,1.1824480398842077,-0.16324540479198135,0.04220344845942556,-0.6556142440463123,-0.5411160562567313,0.2227801111183917,-2.0851235888134796,-1.1428753111463783,0.07997307903053252,-0.024071986987522075,0.29541144467953934,0.8727,0.6845209251589792,0.6580383550134148,1.210435962114185,1.0839262687022126,0.9582567942454431,1.25,0.6912650170150255,0.6865512055913003,0.25909526192257204,0.28689333035859593,0.3548238137742428,0.31186876506183203,0.775037854051025,0.6036862539256034,1.0965407318641105,1.226867381810378,0.6250744523306917,0.7534284700698314,100,19,52,90,87,54,33,16,26,54,91,54
-0.001195324866512204,-0.007498450441572615,0.9501189577384292,0.014323456668280603,0.017135620537915505,-0.7068777994210497,0.7069830166160328,0.005392822852858001,2.563415350544121e-06,-0.3695549481155825,0.5097074942566964,-0.1843399998794372,-0.0013966351929389346,0.0060830444328670834,3.247129985565064e-05,-0.3653235567491648,0.5028007651351178,-0.1817311593959956,-0.002087642502105936,0.028338768755443472,-0.693263386152693,0.6314687222701577,-0.34690462508050407,-2.025778230134126,1.1768239287695355,-0.16514039541401157,0.055164268661723,-0.6590802903920496,-0.539276443080232,0.2239393214604371,-2.0828625549352036,-1.1409816110534068,0.07739054221871501,-0.014833666462380444,0.29541144467953934,0.8727,0.6845209251589792,0.6580383550134148,1.210435962114185,1.0839262687022126,0.9582567942454431,1.25,0.6912650170150255,0.6865512055913003,0.25909526192257204,0.28689333035859593,0.3548238137742428,0.31186876506183203,0.775037854051025,0.6036862539256034,1.0965407318641105,1.226867381810378,0.6250744523306917,0.7534284700698314,100,19,52,90,87,54,33,16,26,54,91,54
-0.0011432501488804947,-0.007208654192249071,0.9497345426058929,0.013961794635591263,0.015596769465436042,-0.7069155539319674,0.706988124852076,0.003534287444366901,-1.16639084994987e-06,-0.36755649247699823,0.5115530177893836,-0.1854825137330276,-0.0012139243349618813,0.0042268800579257524,2.697054185867877e-05,-0.3638371418089649,0.5054512441207395,-0.18306873552023084,-0.0019071086266040302,0.02872031924105206,-0.6781447569677903,0.7090563386175944,-0.4665254280517562,-1.9965250055954835,1.0822213329948445,-0.22232951686953742,0.2639565908652035,-0.63443943920939,-0.6222586065810051,0.3347214797189662,-2.0001445973018814,-1.0506538808514385,0.07117984209209219,0.17541408345268844,0.2723924193480337,0.8727,0.7824883155619383,0.6778327711054595,1.0498280765386185,0.9889409129526261,0.832383142446129,1.25,0.6961571400017805,0.7135775592452626,0.28549984203051115,0.32421899410162425,0.3889958944517201,0.3408990272231177,0.8521232002586202,0.7446094609858441,1.0584156898703763,1.25,0.7399215153416336,0.9179706942985357,100,17,57,80,82,55,37,18,28,62,90,65
-0.0011536478881088378,-0.007197735838163729,0.949721948381524,0.013940828203974628,0.015610280087275196,-0.7069239815545635,0.7069798135503067,0.0036016953548973648,1.212856472641586e-05,-0.36760439950517604,0.5116910776100829,-0.18569592578436064,-0.0012279774325838109,0.004294249462982329,4.014484687380622e-05,-0.3639230771330251,0.505643283042541,-0.18330752319662727,-0.001921128650260927,0.02904092570315216,-0.6800679981804338,0.7037167946191337,-0.46644249028897194,-1.9946618887011773,1.077055512415329,-0.22590452650628268,0.27714587444090655,-0.6377251092018753,-0.6177301758057523,0.3352658347194767,-1.9978954305268424,-1.044469139194271,0.07090345180197961,0.18733175972610416,0.2723924193480337,0.8727,0.7824883155619383,0.6778327711054595,1.0498280765386185,0.9889409129526261,0.832383142446129,1.25,0.6961571400017805,0.7135775592452626,0.28549984203051115,0.32421899410162425,0.3889958944517201,0.3408990272231177,0.8521232002586202,0.7446094609858441,1.0584156898703763,1.25,0.7399215153416336,0.9179706942985357,100,17,57,80,82,55,37,18,28,62,90,65
-0.0011615336853356205,-0.007174175409985829,0.9497110162701303,0.013938299966906266,0.01562780840190896,-0.7069311182622691,0.7069723399334962,0.003643595084568087,2.94025210560501e-05,-0.367726873913169,0.5118259024625731,-0.1858130879514769,-0.001241898643841001,0.004336125334549799,5.7371150680409885e-05,-0.36407783953258804,0.5058231206827853,-0.1834432897537731,-0.0019350222473685883,0.0292638928793407,-0.6817141653160341,0.6988487187984052,-0.466021125045177,-1.9927852559604087,1.072991593261826,-0.22877677229711824,0.28802621968217185,-0.6404082260602784,-0.6135168691547304,0.3354830507834278,-1.996099462979596,-1.0392589477368488,0.07066394260704599,0.1972196994320198,0.2723924193480337,0.8727,0.7824883155619383,0.6778327711054595,1.0498280765386185,0.9889409129526261,0.832383142446129,1.25,0.6961571400017805,0.7135775592452626,0.28549984203051115,0.32421899410162425,0.3889958944517201,0.3408990272231177,0.8521232002586202,0.7446094609858441,1.0584156898703763,1.25,0.7399215153416336,0.9179706942985357,100,17,57,80,82,55,37,18,28,62,90,65
-0.0010625553224143931,-0.006661360192853287,0.9490761895172424,0.01371263493046522,0.014038917809867699,-0.7069594416222608,0.7069817680330459,0.0014463977049532018,9.043184401582076e-06,-0.3672301735314789,0.5152908886054407,-0.18703165777897304,-0.0009986540429517286,0.0021409030979179654,3.539040734834609e-05,-0.3647266948769816,0.5111543336081906,-0.1852989307087285,-0.001693635150884889,0.028972665658159792,-0.6668597098647999,0.7959111654304244,-0.5633594890911963,-1.9734018262600073,0.9688852125432349,-0.30540058588636987,0.47270743176889574,-0.6211401908971911,-0.7179128778471078,0.440141402282242,-1.939087815640792,-0.891038616051813,0.1264890528762969,0.3807540946385532,0.27111216798181836,0.8255597166489332,0.815558116097026,0.600671058016443,1.0869082771756464,0.885640791193246,0.9198392001624895,1.238519706042175,0.7315471114312995,0.6336994069817959,0.31974901390104904,0.41577928954715837,0.5318539735207218,0.3823784785927837,1.0357779142606764,0.9665650501771266,1.1046753100819282,1.25,0.7626044251657902,1.006170969134593,95,17,55,77,85,53,48,20,36,78,92,69
-0.001071976437758701,-0.006649510713779232,0.9490555376857218,0.013709871603399088,0.014036297187638396,-0.7069660405220807,0.7069752749074109,0.0014557274288400993,2.2714146930438827e-05,-0.36743585874458135,0.5156534894545507,-0.18726599215608938,-0.000996282947142418,0.0021502541661578495,4.899891016234281e-05,-0.3650995841661851,0.5117861857759072,-0.18564401173726722,-0.0016913121895838462,0.029018414373350024,-0.6672888509719164,0.7920383953912511,-0.5622373171622267,-1.9725068669827317,0.9644441411387682,-0.3101218258181139,0.48319492259402186,-0.6227467548336107,-0.7126535404673345,0.4400376229520937,-1.937241790654585,-0.8815766350192735,0.13044515846454893,0.3912645160098747,0.27111216798181836,0.8255597166489332,0.815558116097026,0.600671058016443,1.0869082771756464,0.885640791193246,0.9198392001624895,1.238519706042175,0.7315471114312995,0.6336994069817959,0.31974901390104904,0.41577928954715837,0.5318539735207218,0.3823784785927837,1.0357779142606764,0.9665650501771266,1.1046753100819282,1.25,0.7626044251657902,1.006170969134593,95,17,55,77,85,53,48,20,36,78,92,69
-0.0011288319122365717,-0.006177298948933949,0.948488776659574,0.013738591908549426,0.012920478928442506,-0.7070001463115418,0.7069618840023042,-0.00021715511776317786,5.6780417071558715e-05,-0.3681799315072039,0.5190911088243276,-0.18836387959705647,-0.0009581322986705978,0.0004782589267628163,8.201328553933961e-05,-0.3672080011469775,0.5174396980845167,-0.1875472752050611,-0.0016540080883920586,0.028875133412859928,-0.6555635038680719,0.8783741542525748,-0.612231060482683,-1.964419244932777,0.868617722100222,-0.3735336369757617,0.5988926831006692,-0.6148839122791954,-0.7946257490190738,0.5017288754174692,-1.927606563361172,-0.73944489992938,0.2093474138154709,0.4956328661061106,0.2968991284273542,0.7463352338235698,0.7002054312017815,0.5034027941519553,1.122529923610075,0.8304148124756072,1.0775729473390416,1.25,0.815636830446291,0.5191705436734314,0.3598063099096662,0.5098105872410811,0.6396071632402253,0.42489189791791604,1.2125526974310037,1.1693881830284145,1.1582272824274553,1.25,0.7736199660199973,0.9979792226571262,86,19,47,76,91,52,58,23,41,93,94,69
-0.001134809749129561,-0.006178458298445024,0.9484621129364996,0.013753314073422555,0.01291355023941138,-0.7069994188641143,0.7069624518303753,-0.000247036752743851,6.006218087488349e-05,-0.3684961423809244,0.519604554856346,-0.18861891236495923,-0.0009491967341527378,0.00044840014040339405,8.52832031977692e-05,-0.36776368747006755,0.5183501756907237,-0.18796603599272732,-0.0016451234709009086,0.028649875000254253,-0.6542615783214673,0.8765618493492097,-0.6102608538773188,-1.964950140065847,0.8628026219697674,-0.37879945436513257,0.6063496208019646,-0.614456642551675,-0.7905668684726662,0.5011225168691399,-1.9272933864270838,-0.7276862026997445,0.21589386368553679,0.5025375260558445,0.2968991284273542,0.7463352338235698,0.7002054312017815,0.5034027941519553,1.122529923610075,0.8304148124756072,1.0775729473390416,1.25,0.815636830446291,0.5191705436734314,0.3598063099096662,0.5098105872410811,0.6396071632402253,0.42489189791791604,1.2125526974310037,1.1693881830284145,1.1582272824274553,1.25,0.7736199660199973,0.9979792226571262,86,19,47,76,91,52,58,23,41,93,94,69
-0.0013143442287034692,-0.006035343625778597,0.9482480451104315,0.014196915602306107,0.012482338260740508,-0.7070208103405551,0.7069400346311626,-0.001363135713596229,3.7661684715833244e-05,-0.3695110923933168,0.5210081016934012,-0.189155003915334,-0.0010578422778792624,-0.0006675927303260897,6.275681148797153e-05,-0.3697999036665564,0.5214145762819913,-0.18912571965249128,-0.0017538734358375585,0.02943309641690561,-0.6516094856544961,0.923499849839434,-0.60309418938106,-1.9622544410449732,0.8058035687102683,-0.3928604942005468,0.6328063818208535,-0.6150889398555597,-0.820610467280016,0.501097617447148,-1.9352966776301814,-0.6558829911607098,0.24676286107963558,0.5169783453099721,0.34154060152950455,0.6699517892279566,0.641411519527522,0.47206937805644544,1.0408545010960748,0.8205998574339084,1.085989588217274,1.25,0.782186600494146,0.4540142611038295,0.3954810143533555,0.575866351420637,0.6736099295269665,0.4557174668343269,1.309,1.25,1.1794080222710053,1.25,0.9075789777522227,0.9407645547032415,77,22,43,73,91,48,66,25,44,100,95,72
-0.0013251018441095992,-0.006024318325716549,0.9482216259617118,0.014267733332182734,0.012548704129294855,-0.7070208282328619,0.7069374160809103,-0.001361479226924783,7.848723636387725e-05,-0.3700356398105204,0.521406465244328,-0.18923431300919696,-0.0010651802092557718,-0.0006659186777306663,0.00010373192262861751,-0.3706140716776871,0.5222854918431735,-0.18938897305635657,-0.0017612418747959956,0.028794079351806515,-0.6480545160140481,0.9257304424357142,-0.5997997505555033,-1.9642798036787101,0.7966177149392378,-0.39569580423969053,0.6345736970286017,-0.6126335353079457,-0.8197508530800942,0.49979049691636723,-1.9369472008770865,-0.6425435266437132,0.2524706101074585,0.5176839437408326,0.34154060152950455,0.6699517892279566,0.641411519527522,0.47206937805644544,1.0408545010960748,0.8205998574339084,1.085989588217274,1.25,0.782186600494146,0.4540142611038295,0.3954810143533555,0.575866351420637,0.6736099295269665,0.4557174668343269,1.309,1.25,1.1794080222710053,1.25,0.9075789777522227,0.9407645547032415,77,22,43,73,91,48,66,25,44,100,95,72
-0.0015615509240780251,-0.006302313758792585,0.948311971468403,0.015006683871114717,0.013034798695671704,-0.7070065827049303,0.706927567346225,-0.001458661456085468,2.3100497453885233e-05,-0.3718447699361422,0.5215259715864098,-0.18960688621332358,-0.001292633058328414,-0.0007631437130936243,4.9212430421228596e-05,-0.37322360819311445,0.5237387157993397,-0.1903259578356945,-0.0019886802478491224,0.03031201087209252,-0.6514792760702098,0.9268978711506629,-0.536490496494614,-1.9672864444585143,0.7689203808269538,-0.35886249610286325,0.5904290469730489,-0.6210048301101209,-0.8050018732721524,0.4485475960903508,-1.9621565649860553,-0.6078367420175339,0.237312156844493,0.4742447810241328,0.3897352682827425,0.6021969033883527,0.7037805985481517,0.5351859379624728,1.068410457458262,0.8247832371180136,1.1524400498805223,1.25,0.9287339739893058,0.4778442100390429,0.41808004365366114,0.6032049182978421,0.735112487480566,0.4622265413799459,1.309,1.25,1.1405556841246727,1.25,1.309,0.9170289320874521,69,25,48,74,94,55,69,27,47,100,94,87
-0.0015683269769820381,-0.0062203512203758814,0.9483091835441759,0.015143824365372361,0.013147730330094679,-0.7070122474662658,0.706916885994002,-0.0014875738829505441,8.194267370789435e-05,-0.3725557315196099,0.5216421210516785,-0.18932492846783902,-0.0013169218409350269,-0.0007920697773373491,0.00010843800276382027,-0.37417575560197264,0.524237616186833,-0.19018666605958753,-0.0020129778067146317,0.029533369542849155,-0.6457192922066598,0.9296068208195664,-0.530718294024271,-1.9690712786109177,0.7626543052430607,-0.3529480353793849,0.5807492686096134,-0.6163701577332964,-0.8048128133935981,0.4449310784870211,-1.9649895905262469,-0.5999015853743643,0.23529154777693992,0.4659994007144642,0.3897352682827425,0.6021969033883527,0.7037805985481517,0.5351859379624728,1.068410457458262,0.8247832371180136,1.1524400498805223,1.25,0.9287339739893058,0.4778442100390429,0.41808004365366114,0.6032049182978421,0.735112487480566,0.4622265413799459,1.309,1.25,1.1405556841246727,1.25,1.309,0.9170289320874521,69,25,48,74,94,55,69,27,47,100,94,87
-0.001754545692574901,-0.006583284997658922,0.9487008587198369,0.016202928003080992,0.014365322355366016,-0.7069776364777065,0.7069043246141226,-0.0010154159010929886,0.00010161898852694437,-0.3754278725695293,0.5201832803957382,-0.18815565261592562,-0.0015952699280349825,-0.0003201381949024092,0.00013053157291760157,-0.3777513413908178,0.523957924680544,-0.18954399294436514,-0.0022912087978910205,0.03030649041091581,-0.6399268512355255,0.8998564746608527,-0.41706065605719245,-1.9784809992842207,0.7712005564829123,-0.23653662124274683,0.4314731612934797,-0.6162466374311573,-0.7656471891003106,0.3523772773739199,-2.009624035497165,-0.6062254622027172,0.15744502419452758,0.34862528541402693,0.4288806821170702,0.5625301946130395,0.6845826923612074,0.6406607486964842,1.0464411953119535,0.8439823475821417,1.2467882033734985,1.25,1.3014173580267712,0.5792417658341165,0.4242742695288666,0.5969700698842966,0.6925742757534091,0.43024495363347653,1.1538672754230483,1.25,1.1220971866753355,1.25,1.309,0.9771835373531513,64,27,52,74,98,73,68,27,44,94,93,89
-0.0017503002059222038,-0.006613243124345008,0.9487062739248885,0.016191255177745438,0.014335919484818658,-0.7069733435558884,0.7069094823028627,-0.0010504694632867495,9.939130450351271e-05,-0.37532771475323573,0.5201718422841977,-0.18808107087829778,-0.0015847874596392761,-0.00035521350351009587,0.0001283460305117865,-0.37776313266336037,0.5241366734747082,-0.18954718562618247,-0.0022806959623001984,0.02991198188932734,-0.6355749470474631,0.9038674769936281,-0.41586449355985206,-1.9807093535942466,0.7701260135668371,-0.22972106519118105,0.42056220906786573,-0.6127518342860826,-0.7681140497459342,0.3517845204133602,-2.011935025488725,-0.6056652163748438,0.15287601547870305,0.3408108535176968,0.4288806821170702,0.5625301946130395,0.6845826923612074,0.6406607486964842,1.0464411953119535,0.8439823475821417,1.2467882033734985,1.25,1.3014173580267712,0.5792417658341165,0.4242742695288666,0.5969700698842966,0.6925742757534091,0.43024495363347653,1.1538672754230483,1.25,1.1220971866753355,1.25,1.309,0.9771835373531513,64,27,52,74,98,73,68,27,44,94,93,89
-0.0018415938719745207,-0.006982075802188331,0.9492603603733978,0.016969579347615144,0.01571020648517578,-0.7069337244432888,0.706901642404159,-2.2727642889214237e-05,5.97319888649254e-05,-0.37675436427943765,0.5169061719378505,-0.18672551344961563,-0.001777395510994483,0.0006720810768743293,9.073640803769957e-05,-0.3790237308140986,0.5206300357446085,-0.18818325900743282,-0.0024727841898401783,0.03301243846291013,-0.6508478039815131,0.8399763421601746,-0.2970019178823833,-1.9924430462739076,0.8356006319775519,-0.10822211634388015,0.25776199023368795,-0.6287575255962587,-0.7095765191066853,0.24649290651855357,-2.0638029412583583,-0.6731293613215816,0.06427480947368709,0.21214705913467974,0.44911248644631085,0.5761516953000455,0.5793970041444352,0.6910513712612889,1.0859778770579933,0.9102036300613106,1.2964054356401593,1.25,1.309,0.7055474215298843,0.41121180652792055,0.5819446961601563,0.5204201994178593,0.35705098479948155,1.0784117351242577,1.25,1.179158003855657,1.25,1.309,1.0853454919101182,66,29,50,78,100,78,67,26,34,91,95,93
-0.0018301855113493708,-0.00699354362212353,0.9492753218476684,0.01698241439731951,0.015696355266723593,-0.7069320545367968,0.7069033118474982,-8.101664630720412e-05,6.706744935475867e-05,-0.37659507760482785,0.5166188642481949,-0.18646528538980633,-0.001757058323661746,0.0006137743818268946,9.810967038585844e-05,-0.3788819369823295,0.5203718350660894,-0.18792760296895805,-0.00245248978381298,0.03282928057311553,-0.6478804441977057,0.8441098102587813,-0.2967235100169012,-1.9939794646779907,0.83952536072254,-0.10138390230804618,0.24673963898972742,-0.6256753789271013,-0.7132861507834529,0.24559009301937426,-2.066088765171042,-0.6778787931447661,0.059155249058664996,0.20407487224979964,0.44911248644631085,0.5761516953000455,0.5793970041444352,0.6910513712612889,1.0859778770579933,0.9102036300613106,1.2964054356401593,1.25,1.309,0.7055474215298843,0.41121180652792055,0.5819446961601563,0.5204201994178593,0.35705098479948155,1.0784117351242577,1.25,1.179158003855657,1.25,1.309,1.0853454919101182,66,29,50,78,100,78,67,26,34,91,95,93
-0.0017485061308727492,-0.007114714338414249,0.9497437218964979,0.017321062555711544,0.017060197516210986,-0.7068889812316687,0.7069065699693997,0.0013929031625277018,1.6266662595486822e-05,-0.377457207813318,0.5131985572465728,-0.18484636515771316,-0.0017876936492053027,0.002086898886392694,4.8690888157094104e-05,-0.37885572539468665,0.5155318439640957,-0.18584934917387355,-0.0024824244561073247,0.037655195811592906,-0.6767865432022766,0.7655200998774968,-0.1872012570954721,-2.014443492205695,0.9397210583222928,-0.01576490654163973,0.09255016701530239,-0.6506048079480586,-0.6533424087922011,0.1418515300260954,-2.1272268393953935,-0.7748056935397641,0.002170554767796699,0.06950965357858206,0.4388805809729567,0.6621606394470538,0.47162606442643884,0.6222421669271404,1.1427104501658922,1.0284043519566057,1.309,1.25,1.309,0.7771458190883525,0.37466157511826076,0.5912857244967687,0.3840277100161632,0.29313352820629895,1.1069492995643515,1.25,1.2355322957747066,1.25,1.1985910931593076,1.134014033008565,76,28,43,85,100,81,68,24,26,92,97,91
-0.0017322134642694252,-0.007108204051113614,0.9497614535399573,0.017355792463055037,0.017064482655178893,-0.7068906597711583,0.7069039362091473,0.001322047792132485,3.345078079779729e-05,-0.3773592293365365,0.5128352036877397,-0.18448553366366569,-0.0017598562465600707,0.002016032235138045,6.604203128514685e-05,-0.3786914461263964,0.5150532671601074,-0.1854270362083711,-0.0024545776970005526,0.03769968342685598,-0.6747430726583251,0.7694426114971155,-0.18693164799433762,-2.015277142963245,0.9472186784828599,-0.011346804327238683,0.08218396503744038,-0.6474452492637759,-0.6576090323829497,0.13995085234518856,-2.128969383231921,-0.7827509559709666,-0.0007898354085272069,0.06075799073260861,0.4388805809729567,0.6621606394470538,0.47162606442643884,0.6222421669271404,1.1427104501658922,1.0284043519566057,1.309,1.25,1.309,0.7771458190883525,0.37466157511826076,0.5912857244967687,0.3840277100161632,0.29313352820629895,1.1069492995643515,1.25,1.2355322957747066,1.25,1.1985910931593076,1.134014033008565,76,28,43,85,100,81,68,24,26,92,97,91
-0.0015003131283307953,-0.007053944976709113,0.9500068872752898,0.017212092196199402,0.018215962252135176,-0.7068512965290158,0.7069180767222655,0.0030212301074349223,-1.7623159816408192e-05,-0.37791290092413476,0.5105781067254705,-0.18322779858948424,-0.0016218773035775636,0.0037139099223884734,1.5746595598530098e-05,-0.37789599516058725,0.5106216796949289,-0.18341227239305274,-0.0023153400894625528,0.04325031512572819,-0.7075052383856631,0.6948455360551133,-0.10022220021679881,-2.0426660438879414,1.0535280121238157,0.01747720054010209,-0.0484145764571417,-0.6707452079219893,-0.6051951422395832,0.05292769029312676,-2.1745380599878454,-0.889026429565143,-0.007983729696581364,-0.06516722835014416,0.39165933670343356,0.8177189907906277,0.41045433363255496,0.4595310810631046,1.2098260219004904,1.1540043186759146,1.309,1.25,1.2042533252252126,0.7337774415024844,0.3166274750805647,0.6281885385952701,0.38200197616654347,0.26375131167470234,1.0976441639238064,1.1920436213701446,1.2426019788027123,1.25,0.9628795605687378,1.03734430363111,94,25,34,92,100,75,72,20,25,90,97,78
-0.0014852254814806275,-0.007034394014818699,0.9500219101035661,0.01724452974336465,0.01823581401618571,-0.7068571261736495,0.706910945210658,0.0029801272421778185,8.407259742503675e-06,-0.37792061045755143,0.5103203759403632,-0.1828984203100334,-0.0015991946777168837,0.0036728055610057934,4.195540814022957e-05,-0.3777611131060286,0.5101174326053299,-0.18296650915490803,-0.002292652657063654,0.04348034606919126,-0.7059712122533727,0.6980806381704343,-0.09962107791302909,-2.042622450844601,1.0619958264488472,0.01807361759611634,-0.05732342373597495,-0.6680443350467161,-0.6092693172771421,0.050244440296260635,-2.174371176604179,-0.8983214479165544,-0.006853962077607573,-0.07397667696235104,0.39165933670343356,0.8177189907906277,0.41045433363255496,0.4595310810631046,1.2098260219004904,1.1540043186759146,1.309,1.25,1.2042533252252126,0.7337774415024844,0.3166274750805647,0.6281885385952701,0.38200197616654347,0.26375131167470234,1.0976441639238064,1.1920436213701446,1.2426019788027123,1.25,0.9628795605687378,1.03734430363111,94,25,34,92,100,75,72,20,25,90,97,78
-0.0012377298529915846,-0.0069945670103292975,0.9500688991381522,0.016749281122907935,0.019041760296442944,-0.7068391732307929,0.7069195542160981,0.004665983761855906,-5.702212705225985e-06,-0.37812170487448,0.5096907379320194,-0.182602395644417,-0.0014260065264163051,0.005356947278310149,2.7879628621116622e-05,-0.376590622091439,0.5072575141402891,-0.1818756107892853,-0.0021178790170291763,0.048131536595490965,-0.7343552773086938,0.6368446933466974,-0.04504067284420835,-2.0677582124523783,1.1413165093962403,0.0007936283776363235,-0.14256357974180753,-0.6865184099753657,-0.5616358479049358,-0.0017003598328449872,-2.1979955439690717,-0.9926862607140178,0.026610460501444694,-0.16683591143098048,0.3199832545399592,0.8727,0.4129845025425861,0.31345043478986684,1.309,1.2331363601374463,1.290546487514262,1.25,0.7734542819141055,0.5894393581343764,0.254364232825776,0.6427421236426575,0.34282916066295943,0.25914683640196845,1.309,1.1529434464700288,1.2585601524722272,1.25,0.5399041127093279,0.8189385657853976,100,20,28,99,99,53,74,16,23,96,98,53
-0.0012248937363361747,-0.006946833098485244,0.950081842964665,0.016802756332858857,0.019098858470260764,-0.7068458699482105,0.7069100488194436,0.004654499646282868,2.72924542237098e-05,-0.37835298905252907,0.5095519183469498,-0.18229034571334804,-0.0014160540359129733,0.005345437632934218,6.110301124826931e-05,-0.3766107012870293,0.5067570433236169,-0.18140078502091614,-0.002107860250373696,0.04837413297402461,-0.7331525350325099,0.6385721423388565,-0.04385057238521183,-2.067040822851995,1.1494050742319384,-0.0021655600745241824,-0.1499977612659431,-0.6845549008022306,-0.5646416876521256,-0.00480355978092111,-2.196124650792558,-1.0030950044145788,0.032072587349900934,-0.17547992142231353,0.3199832545399592,0.8727,0.4129845025425861,0.31345043478986684,1.309,1.2331363601374463,1.290546487514262,1.25,0.7734542819141055,0.5894393581343764,0.254364232825776,0.6427421236426575,0.34282916066295943,0.25914683640196845,1.309,1.1529434464700288,1.2585601524722272,1.25,0.5399041127093279,0.8189385657853976,100,20,28,99,99,53,74,16,23,96,98,53
-0.001020729113654984,-0.0069994485576022,0.9500335184313965,0.016277192079269788,0.01964177287552463,-0.7068449709979864,0.7069083680019469,0.006032601433171049,5.6773417761421065e-05,-0.37850118476967326,0.5098921612924185,-0.18239319327521333,-0.0012663780792194026,0.006721758297204518,9.049177186292993e-05,-0.37554288281165216,0.5051001477322156,-0.18076405323886582,-0.001956608451474013,0.05089449620307381,-0.748505690420018,0.5973959381103915,-0.02330681865575205,-2.0819443263340522,1.1975615004127673,-0.036000086039376634,-0.1900757195310063,-0.6943072928979075,-0.5319945006396207,-0.02376339726403792,-2.206373035233123,-1.0761669181762739,0.07879097854561774,-0.23152018939317237,0.25385012864130857,0.8727,0.45700847815538087,0.24367548742071235,1.309,1.2469148270107306,1.2760455590504072,1.25,0.5047066161897189,0.42246508740618804,0.21361901529248534,0.5751434796776923,0.2818159406717417,0.273370624033899,1.309,1.1159317849127268,1.29201930105685,1.25,0.2164523653468804,0.5895924147831301,100,16,27,100,99,36,66,14,22,95,99,32
-0.0010121966824076165,-0.00694870707317509,0.9500446324944728,0.016328651714222212,0.01971555731155859,-0.7068494041046818,0.7069006944755012,0.006057846705004274,8.50716508448123e-05,-0.3788186081073005,0.5098692458998798,-0.18221393975283368,-0.0012670504504657398,0.006746924759144424,0.00011896905272285383,-0.37560106920322445,0.5046392930238769,-0.1803953797980784,-0.0019571198999447565,0.05106370642451262,-0.74789536559578,0.5973167087470069,-0.022178373232942767,-2.0808903526704965,1.2038551667094726,-0.041590131232986924,-0.19462407980633262,-0.6930812346590386,-0.5336612617129655,-0.026433748574175107,-2.2038624888571836,-1.0867061688901591,0.08718472137045873,-0.2386613040227872,0.25385012864130857,0.8727,0.45700847815538087,0.24367548742071235,1.309,1.2469148270107306,1.2760455590504072,1.25,0.5047066161897189,0.42246508740618804,0.21361901529248534,0.5751434796776923,0.2818159406717417,0.273370624033899,1.309,1.1159317849127268,1.29201930105685,1.25,0.2164523653468804,0.5895924147831301,100,16,27,100,99,36,66,14,22,95,99,32
-0.0009185563111207619,-0.007079182880669688,0.9499995696106384,0.016163188401881707,0.020079688552166998,-0.7068668202795466,0.7068768321541001,0.0067398482519035255,0.00019270641717414132,-0.37937017732379885,0.5103901923129186,-0.18223077567283877,-0.0011959898744269906,0.007427886713859224,0.00022693836953112262,-0.3750897854316853,0.5033758467222857,-0.1796762533332449,-0.0018851263887135763,0.050653482173662084,-0.7460803305828605,0.5762453641353836,-0.0341398886604506,-2.0808659739788813,1.2281531053468013,-0.07793441280281,-0.19399534644757185,-0.6896594130457284,-0.5169088509329692,-0.021636652529815437,-2.1977309597353205,-1.1488313253634286,0.12858280828698432,-0.26448965190855056,0.21875747404986687,0.8727,0.47516911771457243,0.21505742839551645,1.309,1.2097157258184106,1.295372584695414,1.25,0.46750818694916096,0.30269187621472343,0.20653222803781,0.4279320084021487,0.25361703991970475,0.28369164601886,1.309,1.0221512473990844,1.2797823264322197,1.25,0.11961627991177153,0.4437385565928965,100,14,27,98,99,30,49,13,21,91,99,22
-0.000916552683042723,-0.007075025280239728,0.9500037829722188,0.016120580008917532,0.020095318509208104,-0.7068622948545096,0.7068818863057712,0.0068301539465060335,0.00018753688038261428,-0.3794128227944836,0.5105299646180458,-0.1822845389262314,-0.0012038923582711623,0.007518029784079801,0.00022174972153767762,-0.3748773414979444,0.5030993790340337,-0.17956155587024988,-0.0018928291017536207,0.050735581421975116,-0.7461476390702826,0.5755467401365139,-0.033999585311897305,-2.0791897788331815,1.2308203640280473,-0.0836620428985409,-0.19360072240985987,-0.6892555499317424,-0.5184266355453991,-0.02321990078337228,-2.194711498375111,-1.1576840754267526,0.13590187654986563,-0.2678762398521836,0.21875747404986687,0.8727,0.47516911771457243,0.21505742839551645,1.309,1.2097157258184106,1.295372584695414,1.25,0.46750818694916096,0.30269187621472343,0.20653222803781,0.4279320084021487,0.25361703991970475,0.28369164601886,1.309,1.0221512473990844,1.2797823264322197,1.25,0.11961627991177153,0.4437385565928965,100,14,27,98,99,30,49,13,21,91,99,22
-0.0009582730463011786,-0.007321790846237578,0.9499878761262296,0.016260089421273664,0.020133056589139442,-0.7068894102347937,0.7068505013242163,0.006710118826348597,0.00031827558156127296,-0.3797135525589233,0.5109365100261838,-0.18238161230732508,-0.0012318594312005918,0.007398201617123981,0.0003529525834767573,-0.37450656733980026,0.5023437139989663,-0.17910472224952792,-0.0019210150393496818,0.04722279565560952,-0.7285201541678219,0.5770105109452214,-0.08015699101083464,-2.064725671191277,1.2271672290185507,-0.11201160740485339,-0.14711726778072737,-0.6724857582148563,-0.5212111045191499,0.007967929050387594,-2.17229737767545,-1.205265483516963,0.15189911742770054,-0.25481109464386326,0.2171295530966542,0.8727,0.43521399328036703,0.21485184606292407,1.309,1.1365916574209578,1.309,1.25,0.515218071049365,0.24578753652848948,0.22302019640176776,0.274461472269688,0.2926520965854288,0.27410085233964093,1.309,0.8620142603823524,1.1831129723005538,1.196111329358074,0.19647019546055244,0.40015669033292445,100,14,25,95,100,30,31,14,22,84,93,24
-0.0009621653470410007,-0.007369980320862662,0.949984922907565,0.016128511552199704,0.020090637386654075,-0.7068754109746089,0.7068687224400201,0.006857463012095229,0.00027140403205402235,-0.3794219694602597,0.5111491382956066,-0.18266785754741888,-0.0012461095966901528,0.007545321541276214,0.0003058446107480513,-0.3740151372569148,0.5022476896848896,-0.17928198273302368,-0.0019350508438735843,0.04727466748582372,-0.7295192689387413,0.575435435750939,-0.08123340842616451,-2.062774227876477,1.2258844403407616,-0.1162440910782812,-0.1413295074446128,-0.6733202141816054,-0.5224994783525122,0.007779259426470629,-2.1695872227030164,-1.2122320438911671,0.15496815736971611,-0.25346505049998574,0.2171295530966542,0.8727,0.43521399328036703,0.21485184606292407,1.309,1.1365916574209578,1.309,1.25,0.515218071049365,0.24578753652848948,0.22302019640176776,0.274461472269688,0.2926520965854288,0.27410085233964093,1.309,0.8620142603823524,1.1831129723005538,1.196111329358074,0.19647019546055244,0.40015669033292445,100,14,25,95,100,30,31,14,22,84,93,24
-0.0009611689542620225,-0.007393085111621645,0.949982975968875,0.0160549142147067,0.020077119237066524,-0.7068658771894732,0.7068803156672674,0.006954078235951907,0.0002325736729697219,-0.37928991127290557,0.5112933698369083,-0.18288737589466206,-0.0012584134281490237,0.007641778451105022,0.0002668491131215244,-0.3736921188728993,0.5020909965175314,-0.17939200921738235,-0.0019471610100440385,0.047424403964934,-0.7305588358749232,0.5738449173367618,-0.08159948568968853,-2.0609351149516857,1.2247603569409882,-0.11986003365033496,-0.13654629336165588,-0.674177236992859,-0.5238248305354991,0.007013335067252599,-2.16709653158509,-1.2181797162621577,0.1577389002376729,-0.2523200168423028,0.2171295530966542,0.8727,0.43521399328036703,0.21485184606292407,1.309,1.1365916574209578,1.309,1.25,0.515218071049365,0.24578753652848948,0.22302019640176776,0.274461472269688,0.2926520965854288,0.27410085233964093,1.309,0.8620142603823524,1.1831129723005538,1.196111329358074,0.19647019546055244,0.40015669033292445,100,14,25,95,100,30,31,14,22,84,93,24
-0.0011026799377374785,-0.00760819498156185,0.9499684421068813,0.01639070566423142,0.019661805351365184,-0.7069130724467948,0.7068370860261836,0.005962850093278914,0.00038818697071353484,-0.37904532188179374,0.5114662677286518,-0.1829050874410426,-0.0013452854956035045,0.006652121244106291,0.0004228239252985016,-0.3733718874488152,0.502055118746217,-0.1791783796242141,-0.0020355111415202324,0.0414371797848973,-0.7013523463544483,0.6016495673899311,-0.16191004074154436,-2.0371028664195086,1.1899506352674436,-0.13932718423584356,-0.04618449978683871,-0.6466801431650585,-0.5507883877737622,0.07063573838510512,-2.1368053932446913,-1.240867822503075,0.14125530338670494,-0.1924243279495369,0.23249529220487214,0.8727,0.4228564687643015,0.22975837159164972,1.309,1.0316466152014505,1.2943935247982152,1.25,0.5737044382561305,0.23060733464640482,0.2464277494780598,0.23828486349300268,0.2849453683804451,0.24703194755851518,1.1035990877052708,0.693905769986463,0.9586761968646973,1.084383204627031,0.33094800631293325,0.42268785250526636,100,15,25,91,99,31,27,16,21,70,80,30
-0.0011100472898095636,-0.0076990101772677995,0.9499592599104039,0.016213516258344985,0.01957750812199528,-0.7068927595453279,0.706863826750715,0.006120703505351612,0.00031118817128485056,-0.37848913062014844,0.5116579115380078,-0.18335709284358928,-0.0013586367947302975,0.006809786542123775,0.00034542936710570604,-0.37272718813776906,0.5021332476124836,-0.1796119218529509,-0.0020487104037154383,0.041456185197182416,-0.7032447174221739,0.5990604187790448,-0.16422842649008174,-2.035336452403522,1.184671595562602,-0.14170138513512942,-0.03559664368309683,-0.6488673116123586,-0.551167456107478,0.07220705174698512,-2.135596741031004,-1.2445689065151686,0.13861206148052996,-0.1856010556066581,0.23249529220487214,0.8727,0.4228564687643015,0.22975837159164972,1.309,1.0316466152014505,1.2943935247982152,1.25,0.5737044382561305,0.23060733464640482,0.2464277494780598,0.23828486349300268,0.2849453683804451,0.24703194755851518,1.1035990877052708,0.693905769986463,0.9586761968646973,1.084383204627031,0.33094800631293325,0.42268785250526636,100,15,25,91,99,31,27,16,21,70,80,30
-0.001296960630203673,-0.00793115793063185,0.9498244275440184,0.01625307789346843,0.018436066469076178,-0.7069118318806157,0.7068745368587901,0.0045435916418968166,0.00030160233182042627,-0.3764274337504765,0.5121606625947047,-0.18425622729896357,-0.0014574179058987374,0.005234927222613579,0.0003349739310076269,-0.3713043629200248,0.5036607237405664,-0.1807981313664758,-0.002149613147072674,0.03344470874684402,-0.6723641222288202,0.6506603139327048,-0.2790059165429997,-2.0060910351090597,1.105345064852231,-0.16730440073055605,0.1107516161706276,-0.6173502991509107,-0.6038624485474006,0.17376533960078935,-2.0935353117231923,-1.2300040481791368,0.08989300635039224,-0.059247018412225766,0.2468587061769622,0.8727,0.43504527230157675,0.27362114859473025,1.2484635100159025,0.9095088144860917,1.242538326644892,1.25,0.6370164488584424,0.23298208198654585,0.2690593117156226,0.2297194856559153,0.27865523666284253,0.2151152947868663,0.76045582013683,0.6027126830889021,0.7784540219025385,1.0380812776344108,0.4511611539223018,0.4628863281970772,100,16,28,84,97,34,26,17,19,53,71,36
-0.0013023353885907923,-0.007981352976381757,0.9498136589383598,0.016170147889809076,0.018408919085708613,-0.7068979189880962,0.7068910596022677,0.0046424773552393,0.00022842334322572354,-0.3761154263121757,0.512204799646712,-0.18464444876845626,-0.001470572932202454,0.00533373312086714,0.00026148723842106135,-0.3710359220845295,0.5038014811599324,-0.1812568715848771,-0.0021626823334392866,0.033599731871869334,-0.6748360116473205,0.64596835055659,-0.2808011241799598,-2.004697753342332,1.0976140758966701,-0.16892248582058106,0.1228400320843628,-0.6207783009885287,-0.6018683686175613,0.17551788311457872,-2.093680418072364,-1.2289980956061335,0.0837830834199228,-0.04859835451078808,0.2468587061769622,0.8727,0.43504527230157675,0.27362114859473025,1.2484635100159025,0.9095088144860917,1.242538326644892,1.25,0.6370164488584424,0.23298208198654585,0.2690593117156226,0.2297194856559153,0.27865523666284253,0.2151152947868663,0.76045582013683,0.6027126830889021,0.7784540219025385,1.0380812776344108,0.4511611539223018,0.4628863281970772,100,16,28,84,97,34,26,17,19,53,71,36
-0.0014261416470625653,-0.007983992739118075,0.9494009657116204,0.016157341675830512,0.016700194327844833,-0.706913147216681,0.7069185569155686,0.002205006200520704,0.0001336857337503389,-0.3738018582266579,0.5136778218617625,-0.1859737410680274,-0.0014351606625453413,0.0028987915045271427,0.0001651753946284896,-0.37044969203959355,0.5081167239692228,-0.18361518366667742,-0.0021296839679209975,0.025012137290715657,-0.6480120868835745,0.7151740708372142,-0.41684847122115415,-1.9774057136470582,0.9776253845613236,-0.217313138662366,0.30110783392156243,-0.5874704488745878,-0.6723879703132675,0.3057665305599353,-2.0214295146486445,-1.1489690064660614,0.028027306555580386,0.14154609266423362,0.2507156394777744,0.8727,0.45071745631985977,0.32191826617506025,1.0375701928695493,0.8134303153927496,1.1885547692819318,1.25,0.7074001845239851,0.2389304346033766,0.29169143245854606,0.24063390213326183,0.36636204583283716,0.18719874467457076,0.7302268396653359,0.6417742862125491,0.8002691889291884,1.065442542518538,0.5327222573702964,0.4865589967867473,100,16,30,72,95,37,28,19,21,54,73,40
-0.0014341921769366974,-0.007984340842635681,0.9493862385397657,0.016132252682841092,0.01670803510654705,-0.7069113395946458,0.7069207522337697,0.002269076433195244,0.0001014889014820032,-0.3737912904228605,0.5137833524762757,-0.18622487190260553,-0.0014472113091548078,0.002962850239152529,0.0001328247198492969,-0.3706221700452704,0.5085326450022157,-0.18401607275826817,-0.0021417180832094787,0.025181308773822072,-0.6500965832544746,0.7096567761773127,-0.41810884498111245,-1.976027300439041,0.9696835781581492,-0.2194225937762477,0.31154749052289676,-0.5913426809949884,-0.6677918664855247,0.3075330912625795,-2.0207412343897713,-1.1427979532625239,0.023168369441973546,0.15361125207904927,0.2507156394777744,0.8727,0.45071745631985977,0.32191826617506025,1.0375701928695493,0.8134303153927496,1.1885547692819318,1.25,0.7074001845239851,0.2389304346033766,0.29169143245854606,0.24063390213326183,0.36636204583283716,0.18719874467457076,0.7302268396653359,0.6417742862125491,0.8002691889291884,1.065442542518538,0.5327222573702964,0.4865589967867473,100,16,30,72,95,37,28,19,21,54,73,40
-0.0014549373687419269,-0.007646084602627897,0.9486333803735653,0.016046189633737985,0.014728920913966928,-0.7069360579308249,0.7069419981046348,-0.0005923120869993151,4.013273464218741e-05,-0.3726956351889029,0.5174531697944164,-0.1878970000945664,-0.0012814387727018766,0.00010290173990244135,6.957909875429191e-05,-0.3718789920958085,0.516071865351137,-0.1871291753089595,-0.001977326629667372,0.016660024504112015,-0.6276955486058386,0.7922603022401061,-0.5575240484029987,-1.9560426879764632,0.8389467304609831,-0.2984634936788424,0.477076850645792,-0.5612580394355269,-0.7571965601253342,0.4487941543604813,-1.9385317272867981,-0.9863239734814087,0.020852120066662476,0.36040239377857564,0.2423748855154187,0.8727,0.46529490001812196,0.3332769300335632,0.8554505657577923,0.800283710068565,1.134204291350325,1.25,0.7762103313359296,0.24199396740617093,0.3159818952435445,0.2594263508816753,0.49860199551831086,0.16744817997998246,0.8474352458877634,0.8005926158928756,0.913813276387054,1.1531163736923165,0.6006994457967267,0.48205474704630913,100,15,31,65,93,39,30,20,26,64,81,42
-0.0014682238717385276,-0.007631268660220418,0.9486101249103045,0.01602926113143671,0.014726847232719205,-0.7069401376741348,0.7069383456168151,-0.000553761105339439,2.8080559479805745e-05,-0.3728740128310733,0.5178283859312448,-0.18820402649340573,-0.0012858654092461994,0.0001414823694769327,5.740691266296526e-05,-0.3723588893692485,0.5169452307514273,-0.18765718447692017,-0.0019817746356369276,0.01671261207376004,-0.6292729367725272,0.7870945682599512,-0.558647958966557,-1.9543863875811214,0.8313091778298538,-0.30213274399503165,0.48573719278401395,-0.5648319383426218,-0.7504200046931027,0.4507071986651923,-1.936139115849718,-0.9745793469547801,0.020480562911298194,0.37301339290896146,0.2423748855154187,0.8727,0.46529490001812196,0.3332769300335632,0.8554505657577923,0.800283710068565,1.134204291350325,1.25,0.7762103313359296,0.24199396740617093,0.3159818952435445,0.2594263508816753,0.49860199551831086,0.16744817997998246,0.8474352458877634,0.8005926158928756,0.913813276387054,1.1531163736923165,0.6006994457967267,0.48205474704630913,100,15,31,65,93,39,30,20,26,64,81,42
-0.0015504271473541697,-0.007034258486954268,0.9477425081213623,0.01579841618912944,0.012950833060914506,-0.706989450655153,0.7069289940519262,-0.0028072399609294614,8.097298279516901e-05,-0.37336986208320144,0.5233718159875791,-0.19031397213511514,-0.0012324913900188359,-0.0021118751824182034,0.00010832630335318386,-0.37531334758639623,0.5265043537647228,-0.191290612200612,-0.001928521913665227,0.0081666084342217,-0.6117262547434242,0.864785367822435,-0.6838481364223212,-1.9409765770014997,0.7115714380574945,-0.40019121331809726,0.6172719663661391,-0.5509254017312063,-0.827807033331322,0.582914458361124,-1.9126665736792499,-0.769398134324478,0.09000584747315522,0.5370131179546092,0.22622854789924632,0.8727,0.4719975228511408,0.29719319022637647,0.815747973013058,0.8959616560985741,1.076154553162531,1.25,0.7929497143786371,0.23949606963400916,0.3408621920492544,0.27691179236644037,0.6240097491270976,0.15597988326451553,0.9841357160892665,1.0198650231586046,1.0331068100135465,1.25,0.669610455186144,0.45498979543593915,100,14,30,67,91,40,32,22,30,78,89,44
-0.0015643229247358941,-0.007014715655875925,0.9477126781795924,0.015806583303253123,0.012935486527319991,-0.7069858314230244,0.7069327119886825,-0.0028285442329410247,5.803700388693981e-05,-0.37374528417569575,0.5239942917370681,-0.19064077055971926,-0.0012335001225915773,-0.0021331693891917854,8.533432795373834e-05,-0.37602540270027374,0.5276907339479793,-0.19186318723335818,-0.0019295214217526868,0.007900827875068291,-0.6126489776611862,0.8609268093695559,-0.6843511387629027,-1.9390331606181077,0.7053791306716539,-0.4048387254896484,0.6230464352280042,-0.5525701179304153,-0.8208916195959745,0.5844078960889376,-1.910953005604032,-0.7550447607433547,0.09317672522535263,0.5466780357493934,0.22622854789924632,0.8727,0.4719975228511408,0.29719319022637647,0.815747973013058,0.8959616560985741,1.076154553162531,1.25,0.7929497143786371,0.23949606963400916,0.3408621920492544,0.27691179236644037,0.6240097491270976,0.15597988326451553,0.9841357160892665,1.0198650231586046,1.0331068100135465,1.25,0.669610455186144,0.45498979543593915,100,14,30,67,91,40,32,22,30,78,89,44
-0.0016861347908690922,-0.006482216478422295,0.9469590277001233,0.01564675951038074,0.011647786712839801,-0.7070356397441385,0.7069088428596104,-0.004394977430855487,0.00015438535894318176,-0.3751335597975704,0.5294170220381335,-0.19244850381136636,-0.001272823536743326,-0.003700051229323535,0.0001803025995690728,-0.3793710914134876,0.5362924262896257,-0.19487907408063376,-0.0019684211803845057,0.00018902514844828058,-0.5949387889487238,0.9222743333706903,-0.7787880743852925,-1.9301692653482805,0.6207531602153541,-0.487244924404169,0.6980170936711003,-0.5410781827188591,-0.8732668983144833,0.6884210085005641,-1.9191634392928896,-0.5850596588370052,0.1819288896509151,0.638755250461145,0.21267357043667998,0.8727,0.4571679488891356,0.23344114721305168,1.0252073276459728,1.0625679067006872,1.0540604825214124,1.25,0.7236482748355488,0.23256356075856388,0.3638917766227345,0.2876656036460184,0.6615182710158574,0.15980916182332985,1.0803130619047951,1.2318820181839767,1.1000382495120595,1.25,0.7299944665287253,0.4185729508143631,100,14,27,82,90,37,33,23,32,91,92,45
-0.0016981402550132593,-0.006481547410224014,0.9469230779286905,0.015679666165039807,0.011608121854546143,-0.7070227918959586,0.7069216161043649,-0.00449390596361846,0.00010984332358999472,-0.37557039294741495,0.5301880590264062,-0.1928752640544655,-0.0012701699946298384,-0.0037990488858335807,0.00013569153252800828,-0.3801437717887141,0.5376365194612137,-0.195554880421355,-0.0019656876311352272,-0.00035088910996840315,-0.5953335010207201,0.9206100460380008,-0.7795206717184372,-1.9281773946903884,0.6142239539954678,-0.4926644999355751,0.6981262546835549,-0.541642713033027,-0.8677251106603944,0.6902652254894308,-1.9184481432888532,-0.5695737339641385,0.1874278928956597,0.6452878545251819,0.21267357043667998,0.8727,0.4571679488891356,0.23344114721305168,1.0252073276459728,1.0625679067006872,1.0540604825214124,1.25,0.7236482748355488,0.23256356075856388,0.3638917766227345,0.2876656036460184,0.6615182710158574,0.15980916182332985,1.0803130619047951,1.2318820181839767,1.1000382495120595,1.25,0.7299944665287253,0.4185729508143631,100,14,27,82,90,37,33,23,32,91,92,45
-0.0018420094784016203,-0.006105239422148555,0.9463666490159885,0.01580808963214529,0.010919949903375137,-0.7070657050693888,0.7068867997855228,-0.005569894071899759,0.0002009838029461864,-0.3776643838396436,0.5344116800290146,-0.19407401685266823,-0.0013444586494878747,-0.004875699446448023,0.00022636623524552053,-0.3837907957321683,0.5443681806065493,-0.19770924290627537,-0.0020393071276070614,-0.007018817702788458,-0.574442099416507,0.9602620629257004,-0.836711813793034,-1.9148794335908583,0.5552979091706003,-0.5382178584906067,0.6981319999640917,-0.5273470393873455,-0.8892161187414481,0.7514203073128515,-1.9253937690046956,-0.4589609659555476,0.24944116542311615,0.6821516276735289,0.2144057399061143,0.8727,0.42401386640446903,0.1934420492083423,1.1897946162759636,1.2258400984659468,1.1327580068123673,1.25,0.7069543925264407,0.22676280190992804,0.38389621691031794,0.2904819018336215,0.5326833190746845,0.19250292244442918,1.085605406342325,1.25,1.0624382898237879,1.25,0.7534184780598636,0.386837890824738,100,14,24,94,93,36,33,24,28,91,91,44
-0.0018580349598145477,-0.006133999695832954,0.9463276861891928,0.015789730384552485,0.0108760734722171,-0.7070462040222181,0.7069073919672804,-0.005591296935625913,0.0001519083111856941,-0.37801983725388233,0.5352912561715831,-0.1945847303939712,-0.0013546055132599047,-0.0048970938824822435,0.00017717013291793126,-0.38444730892377615,0.5457718702200955,-0.19845435033762882,-0.0020494178057831607,-0.007811757562657717,-0.5740974434426076,0.959765872060773,-0.8374245013407466,-1.9132028553541003,0.5477715627164369,-0.5424224884667233,0.6981319999982045,-0.527179704513386,-0.8851596230627643,0.7534602742018702,-1.924908851986305,-0.4442637720574012,0.2551956661803997,0.6848918332420769,0.2144057399061143,0.8727,0.42401386640446903,0.1934420492083423,1.1897946162759636,1.2258400984659468,1.1327580068123673,1.25,0.7069543925264407,0.22676280190992804,0.38389621691031794,0.2904819018336215,0.5326833190746845,0.19250292244442918,1.085605406342325,1.25,1.0624382898237879,1.25,0.7534184780598636,0.386837890824738,100,14,24,94,93,36,33,24,28,91,91,44
-0.0019680919322853587,-0.0058249620116696,0.9459723515645055,0.0162176996077117,0.011067561272580366,-0.7070712720039,0.7068696567357372,-0.005814382083808376,0.00019220952857924552,-0.38063292857503467,0.5370149649260678,-0.1947639612488975,-0.0014502062302681358,-0.005120136784266342,0.00021794727268446007,-0.38770123206616103,0.5485140310696597,-0.19903912684824254,-0.0021449424620112924,-0.0109286579811252,-0.5559438375112226,0.9672071583228471,-0.8527737565900465,-1.9058604907515235,0.5298510806319912,-0.5443342101128568,0.6981319999999955,-0.5126501697241089,-0.8866154064736815,0.7708812033942385,-1.9233131320106696,-0.4019700823483363,0.27376672412472697,0.688567677678406,0.23926456916202465,0.8520660669055563,0.40013308475479126,0.1881544520663778,1.224415298931081,1.25,1.1725571686246143,1.25,0.7053113046620282,0.22951791758060244,0.40211630238383245,0.2875091348785771,0.41999215656897604,0.23769806634518964,1.0879928596794206,1.25,1.0259297194233732,1.25,0.7446161543235255,0.3694890126272953,98,15,23,97,95,36,33,26,26,92,89,43
-0.001973702924061403,-0.0059099268738160675,0.9459283339038156,0.016114896161400126,0.010924997172675222,-0.7070548526734579,0.7068906491596839,-0.0058693018848737216,0.0001648567274899078,-0.38081883530336086,0.5382107832303884,-0.1952561001128564,-0.0014642561440991752,-0.005175076050251535,0.00019048632633775515,-0.3881503419832589,0.5501665185011686,-0.19972815570088956,-0.0021590548347368665,-0.01196203895283432,-0.5531805551605908,0.9675283876111092,-0.853744861135291,-1.9047224053296576,0.5231965155859651,-0.5439578420624086,0.6981319999999998,-0.5102542144437242,-0.8839699039237523,0.772979417783502,-1.922602836273505,-0.3865668140628462,0.2788368177685838,0.6880379063161014,0.23926456916202465,0.8520660669055563,0.40013308475479126,0.1881544520663778,1.224415298931081,1.25,1.1725571686246143,1.25,0.7053113046620282,0.22951791758060244,0.40211630238383245,0.2875091348785771,0.41999215656897604,0.23769806634518964,1.0879928596794206,1.25,1.0259297194233732,1.25,0.7446161543235255,0.3694890126272953,98,15,23,97,95,36,33,26,26,92,89,43
-0.002099360546378976,-0.005862891315249475,0.9456274264282309,0.016588584701171815,0.011415607816781333,-0.7070240985594831,0.7069026996779232,-0.0056883160972482595,9.080722355628271e-05,-0.38372595754176314,0.540044163766295,-0.19570555172024431,-0.0015922261958594985,-0.0049935869190669184,0.00011718077846682374,-0.3914944932066341,0.5527517093494758,-0.20052521649787222,-0.0022873811024368878,-0.01326135812352976,-0.5348382618851318,0.9580426498676107,-0.8430188901527212,-1.8959624260382013,0.5173526893400898,-0.5155894277509174,0.6805021511711986,-0.49339534454158684,-0.8710116487507522,0.7662770205511096,-1.9172307461548583,-0.3599060470092735,0.27801103894452406,0.6772926149482704,0.2862926229366445,0.7168493272811123,0.41446441957522967,0.23942249527939136,1.2179788737155763,1.25,1.1753828043237158,1.25,0.6840984856668266,0.24514951396713042,0.42113615008048827,0.28215189909945804,0.37815200672944665,0.292094376622954,1.1031892145837325,1.25,1.0205190242092654,1.25,0.7507305488387448,0.36806147292550406,82,18,25,97,95,36,32,27,26,92,89,43
-0.0020936265306222826,-0.005902471854279619,0.9455942573385243,0.016517016508911717,0.011269938281880842,-0.7070250163816779,0.7069057949028679,-0.005803751377834752,8.44425585599515e-05,-0.38406236064702837,0.5412842736223945,-0.19617081529541616,-0.0016077019938837706,-0.005109106470911602,0.00011076456229623762,-0.39204124317627,0.5543395970835777,-0.2011366647646092,-0.002302942077325797,-0.014081768076587809,-0.5300950841247687,0.9571158611084497,-0.8406997905985423,-1.8940161639428348,0.5130117922444284,-0.5066153305789652,0.6737809606259034,-0.4890293125197094,-0.867505542314495,0.7642919810464246,-1.9149459198894754,-0.34896094481707207,0.2782848575212612,0.6725546575778647,0.2862926229366445,0.7168493272811123,0.41446441957522967,0.23942249527939136,1.2179788737155763,1.25,1.1753828043237158,1.25,0.6840984856668266,0.24514951396713042,0.42113615008048827,0.28215189909945804,0.37815200672944665,0.292094376622954,1.1031892145837325,1.25,1.0205190242092654,1.25,0.7507305488387448,0.36806147292550406,82,18,25,97,95,36,32,27,26,92,89,43
-0.0022206272730874383,-0.005969629717331693,0.9453236094390791,0.0169437170819844,0.011815965054090093,-0.7069839550298208,0.7069278469205177,-0.005457552806098092,-2.9210348266369777e-05,-0.3876406583007021,0.544382635889718,-0.1971009635896292,-0.0017848284256937834,-0.004762188172614015,-1.9377628078127296e-06,-0.3959801107844063,0.5580780705420023,-0.2023972426030033,-0.002480850048086035,-0.013586005377792722,-0.5045782218548606,0.9348407368400918,-0.8059358802544218,-1.8771927645139252,0.5119106884722066,-0.43569330939890605,0.6273080903894734,-0.4637505827738305,-0.8448528066070279,0.7343589858344521,-1.8978331052393984,-0.32988757654108875,0.25799523054058116,0.64705251772381,0.34743688224810204,0.5728598385245053,0.45615045684180794,0.349711325516131,1.2059393307359318,1.25,1.1703071250595283,1.25,0.6870057504150435,0.27220355726967543,0.4427089955937913,0.27779313127881994,0.3308569524858567,0.36106040751704044,1.0875658648779203,1.25,0.9950922648147562,1.25,0.748128018577926,0.37732906653383885,66,22,31,96,95,37,32,28,27,92,88,44
-0.0022041637811772564,-0.006015006426872235,0.9452948571987375,0.016869179569467443,0.011672955423560633,-0.706989550744405,0.7069264092043509,-0.005585390891040675,-9.789673481015244e-06,-0.38788486431086944,0.5455344489715668,-0.197628724467628,-0.0017729369018937625,-0.004890164842694944,1.73463338715757e-05,-0.3963612134604957,0.5594486580384431,-0.20300656202179845,-0.002468894521068756,-0.014075481011300314,-0.5000286813656085,0.9346930699115898,-0.8041943015064649,-1.8754543936586943,0.5080640904784991,-0.42352378512465955,0.6173762359962905,-0.45975585185478535,-0.8426995279909784,0.7314375477877664,-1.8947584566219056,-0.323801969168088,0.2560013680054319,0.6406565510406471,0.34743688224810204,0.5728598385245053,0.45615045684180794,0.349711325516131,1.2059393307359318,1.25,1.1703071250595283,1.25,0.6870057504150435,0.27220355726967543,0.4427089955937913,0.27779313127881994,0.3308569524858567,0.36106040751704044,1.0875658648779203,1.25,0.9950922648147562,1.25,0.748128018577926,0.37732906653383885,66,22,31,96,95,37,32,28,27,92,88,44
-0.002326366575594976,-0.006100721651624359,0.9450766938553941,0.017188095658661234,0.012392408825515273,-0.7069443162783537,0.7069517177663984,-0.0048120405319607125,-0.00014550519985696386,-0.3913965924548542,0.5483870792513392,-0.19854336227823588,-0.0019590438723483036,-0.004115681789744251,-0.0001174005679113529,-0.3998540156637736,0.5623259309205872,-0.2040302848236536,-0.002656096361011611,-0.01049321536710882,-0.4759673496798525,0.9052933538433272,-0.7619793834334305,-1.854445202454002,0.5142381330111779,-0.340655309102925,0.5657734562984724,-0.43612797457321617,-0.8217530929954201,0.6958443374950265,-1.8738629228903356,-0.3167583277956096,0.23009421948470477,0.6147065975357446,0.4118634601107376,0.4541575526354182,0.5316702427103643,0.5122661171456506,1.1747877168619558,1.25,1.1485350502121103,1.25,0.7281518526242249,0.30582358157810063,0.46636429815740393,0.27731332281415416,0.32042051187746134,0.4493029804075198,1.0607050033436323,1.25,0.9712620104469237,1.25,0.7667688331209261,0.3906821443085345,52,26,41,95,94,40,32,30,30,91,87,45
-0.0022969298347473278,-0.0061416901939623375,0.9450555831152921,0.017129995815137262,0.012235606795403503,-0.7069620654948447,0.7069381098236146,-0.005003299377639529,-8.442405605890095e-05,-0.39159465430034907,0.5494490883420712,-0.1990342248435811,-0.0019347067812881234,-0.004307144512014709,-5.6456477235010465e-05,-0.4001156430105103,0.5634672980882612,-0.2045272588313435,-0.002631645417214555,-0.01081206722910005,-0.4716465418769062,0.9045142732337498,-0.7605739674298633,-1.8520974369622227,0.5117850994454117,-0.32689505808669617,0.5551704993651351,-0.4324141415874575,-0.820228404509525,0.6926496654015891,-1.8706484051474834,-0.313277930489118,0.2274937343656726,0.608276041710457,0.4118634601107376,0.4541575526354182,0.5316702427103643,0.5122661171456506,1.1747877168619558,1.25,1.1485350502121103,1.25,0.7281518526242249,0.30582358157810063,0.46636429815740393,0.27731332281415416,0.32042051187746134,0.4493029804075198,1.0607050033436323,1.25,0.9712620104469237,1.25,0.7667688331209261,0.3906821443085345,52,26,41,95,94,40,32,30,30,91,87,45
-0.0023692395794815586,-0.006217108525710121,0.9448850581661214,0.017305249523374186,0.012968923346598975,-0.7069167366478584,0.7069660973577919,-0.0040490601188934916,-0.00021254998317553033,-0.3947714865502964,0.5521039085850087,-0.19987930220865777,-0.002080603136022892,-0.0033517715652100965,-0.00018370966259851604,-0.4029508474053533,0.5656173616673572,-0.20526989164776208,-0.0027786503313554987,-0.005290060162828525,-0.4493636428649299,0.8697072132164219,-0.7185314534205837,-1.8279987879232271,0.527555289483796,-0.2466772759393515,0.5090264254997265,-0.4108759226398464,-0.802389334528665,0.657730489022489,-1.8463670103588847,-0.31053310280725266,0.20299766136220485,0.5869014721557827,0.46963144979738225,0.3630987600971521,0.6021915277742567,0.7222737844163719,1.1157757088443672,1.25,1.0876214710678889,1.25,0.7623847580261341,0.3437334506550027,0.4900890822785384,0.28195506086641814,0.4240579708746669,0.5510040402328689,1.027393230361048,1.25,0.9514145450722646,1.25,0.814549909201319,0.40509163497287715,42,30,52,93,92,43,32,31,38,89,86,47
-0.0023275954606171725,-0.006256593590686982,0.9448701990172303,0.01726287223710464,0.012796246766821251,-0.7069415165844501,0.7069455010395682,-0.004305410674671148,-0.00012742348121035264,-0.39489526528491864,0.5530525363104654,-0.2003436466893862,-0.00203849001498167,-0.0036083712920327595,-9.873769543702249e-05,-0.40307800075325695,0.5665350766209025,-0.20568116099508502,-0.0027363632674291347,-0.005460503734345108,-0.4459857678753238,0.8681347169114003,-0.7175428777137469,-1.8251848703643707,0.5273362316401878,-0.2338933471112479,0.4999021853111222,-0.4077261660659494,-0.8010458223974437,0.654696079698625,-1.8429905004793206,-0.3082140202828602,0.20077451032974902,0.5813031407335955,0.46963144979738225,0.3630987600971521,0.6021915277742567,0.7222737844163719,1.1157757088443672,1.25,1.0876214710678889,1.25,0.7623847580261341,0.3437334506550027,0.4900890822785384,0.28195506086641814,0.4240579708746669,0.5510040402328689,1.027393230361048,1.25,0.9514145450722646,1.25,0.814549909201319,0.40509163497287715,42,30,52,93,92,43,32,31,38,89,86,47
-0.002300450777655712,-0.006300024778729227,0.9448525153566782,0.017214684516643066,0.01267839411162293,-0.7069500613103457,0.7069402547408385,-0.004453335932817246,-8.066164342530035e-05,-0.3950131987969159,0.553870899001399,-0.20080852789863396,-0.001993179538531614,-0.003756456764011602,-5.2138218096575306e-05,-0.403201109583199,0.5673476569474715,-0.2061176520698717,-0.002690869718639268,-0.00562796815213825,-0.4439087382631856,0.8677767388375395,-0.7181341026884503,-1.8235559613236088,0.526361648268692,-0.2243244874661348,0.4924485896248173,-0.40562787034949843,-0.8003184882234262,0.6530591967241568,-1.8405345355219533,-0.30592458446437987,0.1995683874665837,0.5763997985371989,0.46963144979738225,0.3630987600971521,0.6021915277742567,0.7222737844163719,1.1157757088443672,1.25,1.0876214710678889,1.25,0.7623847580261341,0.3437334506550027,0.4900890822785384,0.28195506086641814,0.4240579708746669,0.5510040402328689,1.027393230361048,1.25,0.9514145450722646,1.25,0.814549909201319,0.40509163497287715,42,30,52,93,92,43,32,31,38,89,86,47
-0.0023332933695992047,-0.006325821892454033,0.9447235441330618,0.017249971798610368,0.013434249042359516,-0.70689693144878,0.7069785624288153,-0.0032960312629630472,-0.00024141005486061047,-0.39775396377039746,0.5560344053795877,-0.20145133961098885,-0.0021000132305029123,-0.0025980426272866103,-0.0002121326295167183,-0.40536824403268473,0.5686396635876336,-0.20652859080073704,-0.002798762240852831,0.0009271124825456303,-0.4261098688914446,0.8317168466487393,-0.682550055141967,-1.8008925061848526,0.5522995647048092,-0.16326700144395231,0.4616652636313125,-0.3887777104841804,-0.7855868403014248,0.6229728826240281,-1.8150634224627358,-0.3052866169194847,0.1806133321925884,0.5625686750619919,0.5144362333576417,0.3258459900303333,0.6615533172272374,0.9601662019004175,1.0355527493338765,1.25,0.9926379828206018,1.25,0.8047447716366626,0.39345391914691913,0.5125596204393122,0.2902612922161694,0.6349030994803726,0.6550290059572486,1.0020777531596459,1.25,0.9315811994112543,1.25,0.8659492448073138,0.42631293626824357,37,33,64,90,88,46,33,33,50,88,86,50
-0.002289631874588691,-0.006355907305779401,0.9447132274757405,0.01722402228204236,0.013274443385021512,-0.7069247686009428,0.706954378830593,-0.0035602597328864933,-0.0001510255403727261,-0.39782744129988357,0.5567991599654891,-0.2018381306163246,-0.0020539582612604337,-0.002862487329668371,-0.00012189083854803719,-0.4053940663764334,0.5692851657534413,-0.20682240209934694,-0.0027525426302263123,0.000938391969068811,-0.42424132776866236,0.829703649264587,-0.681780962588217,-1.7981513442470953,0.5546606420865398,-0.1541472186352616,0.455969908760602,-0.38659131324030677,-0.7842383115552656,0.6204091952314523,-1.8116334093598783,-0.30376757223678097,0.17925634347639366,0.5585214493738239,0.5144362333576417,0.3258459900303333,0.6615533172272374,0.9601662019004175,1.0355527493338765,1.25,0.9926379828206018,1.25,0.8047447716366626,0.39345391914691913,0.5125596204393122,0.2902612922161694,0.6349030994803726,0.6550290059572486,1.0020777531596459,1.25,0.9315811994112543,1.25,0.8659492448073138,0.42631293626824357,37,33,64,90,88,46,33,33,50,88,86,50
-0.00231186727142347,-0.006339148245640673,0.9446246878360091,0.017043553970356683,0.014061687814551594,-0.7068215339334845,0.7070467490709382,-0.002063093362691232,-0.00037372032997579725,-0.3997597065760035,0.558086486301392,-0.20217217539303367,-0.0021091847764063212,-0.001364388683102235,-0.00034408193968366225,-0.4066971297517073,0.569675228014034,-0.20693865902096698,-0.0028085520449189793,0.007344971233481874,-0.411078896432188,0.799434386711191,-0.6556957642168607,-1.7817428800604238,0.58256032633644,-0.11746669792041163,0.44175348917099155,-0.37665698461799896,-0.7744172500999817,0.5987880751437126,-1.7934692923152087,-0.30404892353463964,0.1672711280531411,0.5516251594447202,0.5458741859486997,0.3159140542955195,0.7338362154650452,1.1983030440195583,0.9716121758547513,1.25,0.8957637793946294,1.25,0.8620643862384697,0.4772470630887655,0.5343756252240032,0.2988535481237375,0.7844691595431968,0.7604671385970292,0.9493003579361539,1.2032709055692037,0.8975276614965724,1.20266703037466,0.8980951203962734,0.47471921546663953,36,35,76,87,84,52,34,34,60,84,82,53
-0.002258366692082661,-0.006353477602055136,0.9446211845815231,0.017042332606212258,0.013853923437361934,-0.7068896039176218,0.7069828255183568,-0.0024278197570933037,-0.00024469012354327445,-0.3998349605778579,0.5588756992760884,-0.20250793291385838,-0.002088120739267574,-0.0017292677695444356,-0.0002151529477550628,-0.4066539433591366,0.5701822349890298,-0.20710925385577122,-0.0027874398120441624,0.007688475296609147,-0.408877912692165,0.7950066137283066,-0.6526331961378388,-1.777811897230871,0.5892156091370581,-0.1080348208985094,0.4377137219940443,-0.37406365840645933,-0.7724713572902171,0.5947409273027661,-1.7889330806694144,-0.3030204222906576,0.16547799522659898,0.5481849912068558,0.5458741859486997,0.3159140542955195,0.7338362154650452,1.1983030440195583,0.9716121758547513,1.25,0.8957637793946294,1.25,0.8620643862384697,0.4772470630887655,0.5343756252240032,0.2988535481237375,0.7844691595431968,0.7604671385970292,0.9493003579361539,1.2032709055692037,0.8975276614965724,1.20266703037466,0.8980951203962734,0.47471921546663953,36,35,76,87,84,52,34,34,60,84,82,53
-0.0022130521421836855,-0.006299619940377403,0.9445663702693726,0.016682829443065386,0.014349749706797187,-0.7068240054271063,0.7070470940730245,-0.0011876698412988497,-0.0003673101182744239,-0.40104968028762455,0.5603030106071368,-0.2029475442917026,-0.002086226100125116,-0.0004886754759695239,-0.0003376490861252969,-0.4071538371414385,0.57052359177883,-0.20721066358771456,-0.0027859466012860033,0.01366740705432814,-0.3979845130296888,0.7679874571378089,-0.6324772134389246,-1.7653224273271186,0.6219327427321478,-0.08083299444033812,0.4313217353171504,-0.36642701616497897,-0.7653000239525862,0.578165529812395,-1.7730634507073535,-0.3044524102213796,0.15744736819380759,0.5427464839605902,0.5691102255193983,0.319954177354621,0.787905259054768,1.25,0.9456985568653983,1.25,0.8523811075621874,1.25,0.8862150656036759,0.626196393607105,0.556359094350423,0.3044892686383047,0.8269208203927473,0.8805622146825004,0.9141845951854158,1.2042597654901523,0.8666004096979404,1.1888239426858207,0.9113766047650521,0.5832703348135698,37,36,80,86,83,59,35,35,67,83,81,58
-0.0021592841634661027,-0.006324978118058753,0.9445599696566694,0.01667999754345328,0.014147299547816976,-0.7068883727031546,0.706986888233821,-0.0015464749385932868,-0.00023524640127615588,-0.4010583380248036,0.5610225386735032,-0.20331402986473482,-0.002051587064916837,-0.0008475716508147973,-0.00020573281060795617,-0.4069975048484434,0.5708877246424608,-0.20737705000260664,-0.0027512423206010935,0.014054697538628452,-0.3968753735469762,0.7644148588593969,-0.6300536193963521,-1.762545610667456,0.6305677837728355,-0.07395584808077546,0.430001832013497,-0.36460476727559965,-0.7639028921048137,0.5750252075489823,-1.7690458222460415,-0.304071635192123,0.15654139635735725,0.5399331882136235,0.5691102255193983,0.319954177354621,0.787905259054768,1.25,0.9456985568653983,1.25,0.8523811075621874,1.25,0.8862150656036759,0.626196393607105,0.556359094350423,0.3044892686383047,0.8269208203927473,0.8805622146825004,0.9141845951854158,1.2042597654901523,0.8666004096979404,1.1888239426858207,0.9113766047650521,0.5832703348135698,37,36,80,86,83,59,35,35,67,83,81,58
-0.0020781911018935293,-0.006238983256542804,0.9445410901125925,0.016094998955419545,0.014407266556038722,-0.7068391854906563,0.7070443745154293,-0.0003704205758942099,-0.00032668587182316244,-0.40146966806445933,0.5624657902371337,-0.20391172148479494,-0.002001301880650575,0.00032864311316135723,-0.00029748858859735184,-0.4066391295004282,0.571138831619958,-0.20757807784063087,-0.002701092536364083,0.019556228654514327,-0.39160287940341826,0.7444588751069366,-0.6174475395721689,-1.7594231264047266,0.6642250064178685,-0.057667658473181165,0.4295937769431385,-0.36296535709174726,-0.7605706346688405,0.566033061173331,-1.7634414533777507,-0.3071853897406936,0.15317235012324185,0.5331524341958229,0.5897113764249461,0.3337596095648485,0.8172050087792079,1.25,0.9456568434962755,1.25,0.8332655809159373,1.25,0.8903109344790862,0.857224771482261,0.575742284690759,0.30528791385072485,0.8277950034551939,1.0303355325939987,0.9359359006147353,1.25,0.8776653957298566,1.2435265146140786,0.9848625759095522,0.7775397137205887,38,38,81,86,82,68,35,37,73,86,83,69
-0.0020365654212103775,-0.006254922423227578,0.9445301626215642,0.016120799451604863,0.014272804358234713,-0.7068978439410496,0.7069878677263769,-0.000655746486516818,-0.00019929273039680885,-0.4015607645968435,0.5630301128234659,-0.2042353376438179,-0.001971487110663006,4.3300585589736446e-05,-0.00017022147443004941,-0.4065243986923186,0.5712863724004821,-0.2076794927693417,-0.002671222335513924,0.01988446612956875,-0.391580279817308,0.7426729186917662,-0.6159308485137037,-1.75890028670259,0.6739006674367825,-0.05331742635184373,0.4304974528846056,-0.3621486610310066,-0.7604489575988456,0.5644480569353946,-1.7615743478047319,-0.30782625249537393,0.1529334267138401,0.5306115544628306,0.5897113764249461,0.3337596095648485,0.8172050087792079,1.25,0.9456568434962755,1.25,0.8332655809159373,1.25,0.8903109344790862,0.857224771482261,0.575742284690759,0.30528791385072485,0.8277950034551939,1.0303355325939987,0.9359359006147353,1.25,0.8776653957298566,1.2435265146140786,0.9848625759095522,0.7775397137205887,38,38,81,86,82,68,35,37,73,86,83,69
-0.0019325997867206876,-0.0061418058113312905,0.944565455279624,0.015328018216503484,0.01431769917676463,-0.7068650788261712,0.7070373509821879,0.000478401138072142,-0.0002662457235063158,-0.40116460005051724,0.5643829230841929,-0.2049404739624488,-0.0018950832792719381,0.0011773487634297042,-0.0002378913954993719,-0.40532252478580216,0.571371998884089,-0.20794709541930598,-0.0025947292399672523,0.024700682310899853,-0.3939497643262204,0.7307018576187649,-0.6090777357963795,-1.7693983552472468,0.7067562469431242,-0.04684520449053107,0.43117019611178214,-0.3692005624867379,-0.7605613570486459,0.5611600895777544,-1.7742871703752074,-0.3141371486308017,0.15229646214967693,0.5186805817891427,0.6064632211185128,0.39808492342428337,0.8241237906400862,1.25,0.9820440087939214,1.25,0.8636993583218605,1.25,0.90008308532088,1.1468903653714322,0.5837448636572483,0.32021574984961737,0.7526767131277661,1.2147353102004388,0.9832098712809612,1.25,0.923070136220489,1.25,1.0932705608045263,1.045526634057262,46,39,81,88,83,80,37,37,77,88,85,84
-0.001909906883125755,-0.00612707958074437,0.9445508649846956,0.015416222606078778,0.014299926715496134,-0.7069161023376268,0.7069847780767771,0.0002989171772391667,-0.00014365914454837742,-0.40147793272853094,0.5647127864187036,-0.2051320312566858,-0.0018815080380081156,0.000997892263285575,-0.0001153348014419729,-0.40538950580583816,0.5712255215505422,-0.20789741621299476,-0.0025810967088311,0.024863965890240744,-0.39461565842292984,0.7312229353257212,-0.6082226231121329,-1.7718615713219446,0.7170568136195897,-0.044481434668895835,0.4328454587863133,-0.36907382192783783,-0.7623350231565384,0.5609785754353858,-1.7762969050251143,-0.31636353668702094,0.15192588191349227,0.5157658431617325,0.6064632211185128,0.39808492342428337,0.8241237906400862,1.25,0.9820440087939214,1.25,0.8636993583218605,1.25,0.90008308532088,1.1468903653714322,0.5837448636572483,0.32021574984961737,0.7526767131277661,1.2147353102004388,0.9832098712809612,1.25,0.923070136220489,1.25,1.0932705608045263,1.045526634057262,46,39,81,88,83,80,37,37,77,88,85,84
-0.0017885020645530974,-0.00599960102458884,0.9446567230136453,0.014515480795629886,0.014160700715105558,-0.7069002418349963,0.7070225056291725,0.001294865589308489,-0.00017812998079020802,-0.4004018835082623,0.5658109461872207,-0.2058267985160265,-0.0017878070992897804,0.001993500816267728,-0.00015078040541115754,-0.40351014490495757,0.5710400592891509,-0.20812885121300598,-0.0024871025686444372,0.028505879171491028,-0.40588091331003107,0.7266980721473494,-0.603400911292026,-1.7986638222065088,0.7485812156416319,-0.04598766068384526,0.4286026647029364,-0.3833435518246964,-0.7639623909126754,0.5605288357392126,-1.8085314807504822,-0.3298646231000182,0.15234894227784204,0.49704997263904505,0.6087470193513325,0.4519096820052509,0.8270620873424037,1.25,1.0057379005872955,1.25,0.9186719239587557,1.25,0.925789184662171,1.25,0.569036869330937,0.3132507953033775,0.7614168333295631,1.25,1.0392034196236881,1.25,0.9843254333789583,1.25,1.00851361986979,1.25,52,39,82,88,85,85,36,36,79,90,88,89
-0.0017862601285540004,-0.005946339947751609,0.9446413213906594,0.014675394780758199,0.01427824340352169,-0.7069386584715346,0.7069784280385124,0.0012365440898515297,-7.127799578140139e-05,-0.4009765009487533,0.5658528097413272,-0.20582543349689209,-0.0017918560218648859,0.0019351985295311522,-4.3822464702485776e-05,-0.4038049362076832,0.5705640276388295,-0.20787823001779449,-0.0024910632280043875,0.028479069722790195,-0.4067190579334923,0.72977780406138,-0.6027577362799471,-1.804505658312098,0.7593749974040247,-0.045038517483562954,0.42919933680400085,-0.38347497370117256,-0.7677556544710408,0.5610997735793283,-1.8147736804646712,-0.3348265386712295,0.1513933752851351,0.49332969344187433,0.6087470193513325,0.4519096820052509,0.8270620873424037,1.25,1.0057379005872955,1.25,0.9186719239587557,1.25,0.925789184662171,1.25,0.569036869330937,0.3132507953033775,0.7614168333295631,1.25,1.0392034196236881,1.25,0.9843254333789583,1.25,1.00851361986979,1.25,52,39,82,88,85,85,36,36,79,90,88,89
-0.0016525906686518004,-0.005843539778146301,0.9448231888357115,0.013654490147213752,0.014040206444209476,-0.7069337728656742,0.7070085348026058,0.0022515069123098053,-9.718329691306631e-05,-0.3992614457371471,0.5666363364520279,-0.2064916676965173,-0.0016942823163723691,0.0029495534030002353,-7.089376814457228e-05,-0.40125979827286823,0.5700091226441701,-0.2080581611805726,-0.002392982866195481,0.03125091396456673,-0.4272237929038842,0.7309318814962005,-0.5954712737830313,-1.8479653458997762,0.7892662087348945,-0.05179382885536445,0.41524237870531455,-0.40595167177425495,-0.7715045942633898,0.5598981565955504,-1.8690787781794826,-0.3552278218731646,0.15289973260695489,0.4663912979898547,0.58275520961149,0.45831195112729406,0.8192328719305151,1.25,1.0329583872139572,1.25,0.9481076348319261,1.25,0.881854692080126,1.25,0.5257422668125507,0.2777206477549846,0.8342552698682807,1.25,1.1099184187812592,1.25,1.026314564523438,1.25,0.9063856437827567,1.25,53,37,81,89,86,84,32,33,82,92,89,85
-0.001665377966480536,-0.005742186806711093,0.9448099830872921,0.013919955319030584,0.0143046583908399,-0.706963203073127,0.7069686280824791,0.002275919267014093,2.607126702475047e-06,-0.40016543892609285,0.5663399597635543,-0.20625373554647686,-0.0017152782835275857,0.0029739376829461487,2.9182602557479775e-05,-0.40184928870193576,0.5691459057690466,-0.2075566124709184,-0.0024138203164334425,0.03096947713664812,-0.4278264975862793,0.7364448209278599,-0.594443544322137,-1.857152374037877,0.8003515885949363,-0.05150472364549683,0.4131844031818025,-0.40602373882929593,-0.7776882854891916,0.5604674489556202,-1.8802484835530786,-0.3629463718515329,0.15135250305976095,0.46143055928820087,0.58275520961149,0.45831195112729406,0.8192328719305151,1.25,1.0329583872139572,1.25,0.9481076348319261,1.25,0.881854692080126,1.25,0.5257422668125507,0.2777206477549846,0.8342552698682807,1.25,1.1099184187812592,1.25,1.026314564523438,1.25,0.9063856437827567,1.25,53,37,81,89,86,84,32,33,82,92,89,85
-0.0015398424329798185,-0.00556047336293769,0.9450546268895954,0.01337309840632254,0.014411035122357363,-0.706978084706016,0.7069621418796984,0.0031168879860046387,6.93251951740783e-05,-0.3993573531059197,0.5659900305578279,-0.20625719507093437,-0.0016355320601315357,0.003814091061400517,9.530550270195497e-05,-0.39991872135298195,0.5669319150870671,-0.20681258807961295,-0.002333232901092903,0.03199859274207571,-0.456656232676172,0.7481272504908536,-0.5773734872021788,-1.9266811705488114,0.839294521060451,-0.05909837447026939,0.3828208263819551,-0.43072937055273625,-0.7900144882612844,0.5537344566743532,-1.9584225610253136,-0.40197229832547166,0.1491331311255737,0.42456336662556227,0.5222253411033195,0.4170049470143714,0.8229884190550789,1.25,1.0407483327176759,1.25,0.9625448238714979,1.25,0.895941035033462,1.25,0.45729752213280367,0.2651220060027561,0.8282867848785282,1.25,1.0848022756337274,1.25,0.9874706214108073,1.25,0.8417044223822552,1.25,48,33,81,90,87,84,30,29,82,91,88,82
-0.001542860317933379,-0.005499365086189408,0.9450462682134282,0.013580079393152106,0.014612747285786213,-0.7069768245660207,0.7069553158347308,0.003115146438227536,0.00010109407136798949,-0.40006014893505587,0.5656808637883052,-0.2058057299276573,-0.001647480388959743,0.0038123234415313907,0.00012751332849204555,-0.4003309662689241,0.5661363706069275,-0.2061418886215916,-0.002345112051257494,0.03173335962814387,-0.45495858329869215,0.7550337707388902,-0.5755425287128099,-1.935260297262412,0.8485392399464784,-0.0577140167216563,0.3792861103501034,-0.4288610450617391,-0.797256589310897,0.5527173255610217,-1.9680737271085655,-0.41084259876734713,0.14635251989672507,0.4211783072916061,0.5222253411033195,0.4170049470143714,0.8229884190550789,1.25,1.0407483327176759,1.25,0.9625448238714979,1.25,0.895941035033462,1.25,0.45729752213280367,0.2651220060027561,0.8282867848785282,1.25,1.0848022756337274,1.25,0.9874706214108073,1.25,0.8417044223822552,1.25,48,33,81,90,87,84,30,29,82,91,88,82
-0.0014271092700476628,-0.005383098517070118,0.9453793021993196,0.013344795437256154,0.014906696451582041,-0.7069801060587034,0.7069503776594672,0.003780044272628431,0.00013332400279857803,-0.39938640507262924,0.5641381961935522,-0.20513537390662098,-0.0015638307153462284,0.004476317234308081,0.00015969922808596452,-0.39846666498532196,0.5626251056349435,-0.20467123398295586,-0.002260561368532554,0.03192234099453173,-0.48636396351998246,0.7718349138634355,-0.5430093716163071,-2.0216141219872488,0.8896674659418985,-0.058832979963345806,0.33605416236718905,-0.4546143607957019,-0.8131035375905473,0.5300176124774163,-2.065439452111186,-0.4602243716785355,0.13446081922496395,0.37850412169779213,0.4333168552900342,0.35678059839176257,0.7892483771806403,1.25,1.075018657978748,1.25,1.0249103075138684,1.25,0.9837083722219158,1.25,0.3731525983535715,0.26096920448714583,0.805087344862244,1.25,1.0814416267057199,1.25,0.9888853503958889,1.25,0.8833520274987045,1.25,41,28,80,91,89,88,30,24,81,91,88,84
-0.0014263574489492834,-0.0053701660235323315,0.9453777636782845,0.013471858514907122,0.015028047852199551,-0.7069735860958981,0.70695191871061,0.0037720273526898303,0.00013471221476583513,-0.399724880556053,0.56381628065359,-0.20470215114152585,-0.0015694276004953253,0.004468283110015166,0.00016145691456161387,-0.39858136379286496,0.5619374242528513,-0.20407828349884374,-0.002266133158463674,0.0317432883052255,-0.4834654108738592,0.7779890680180516,-0.5405736991213026,-2.0289719661926084,0.8966033415909631,-0.05633729178237557,0.3325392551933444,-0.45161592072715684,-0.8196991845993592,0.5277084030054761,-2.0737868075021413,-0.4679574966376562,0.13072411173560725,0.3764783136664222,0.4333168552900342,0.35678059839176257,0.7892483771806403,1.25,1.075018657978748,1.25,1.0249103075138684,1.25,0.9837083722219158,1.25,0.3731525983535715,0.26096920448714583,0.805087344862244,1.25,1.0814416267057199,1.25,0.9888853503958889,1.25,0.8833520274987045,1.25,41,28,80,91,89,88,30,24,81,91,88,84
-0.0013279549206179297,-0.005328045705401055,0.9458078126995362,0.013357105808734613,0.015275129519378577,-0.7069853375371681,0.7069370485764895,0.004202297652381771,0.00016645105980267493,-0.3984821255669372,0.5613772192657263,-0.2039266069077672,-0.0014828681340191346,0.004897733120202822,0.0001931144367030399,-0.39648380216067686,0.5580719391675831,-0.2027177814164193,-0.002178775142056632,0.03166937624708623,-0.5185720578654731,0.7856284661154518,-0.4936220517911684,-2.114005423700377,0.9312768012125926,-0.048382654359544655,0.2913135566507139,-0.48069576285563953,-0.8250333812246539,0.4894223533693704,-2.1819148675824636,-0.5079274376819057,0.10937738989786885,0.3324690099385841,0.33089744412450295,0.31377449007208463,0.8012977463639737,1.25,1.1489433176307369,1.25,1.0968843522872431,1.25,1.0757765322998416,1.25,0.28618938671138905,0.284546482106548,0.7840207146451894,1.25,1.0892858868557607,1.25,1.0174306291912765,1.25,0.9858874332463232,1.25,36,21,81,94,92,91,33,18,80,92,89,88
-0.0013256037245833244,-0.005311010541615151,0.9458167631936787,0.013499990200047768,0.015404819895554558,-0.7069752397499287,0.7069416186426685,0.004181320879035888,0.00016288826907903025,-0.3987602470649724,0.5608553253298055,-0.20337016384136627,-0.001487115441931997,0.004876739687472599,0.00018996580385518123,-0.39659494455129785,0.5572821616832385,-0.2020447967000265,-0.0021829957014851973,0.03142646663332435,-0.5154431924000634,0.7910076524282378,-0.49055805269191477,-2.1213076126915986,0.9373148231187662,-0.04479604814065429,0.28832677347022023,-0.47688766745577765,-0.8311883492770109,0.4864208204195327,-2.1911485455819397,-0.514325407262837,0.10428129346843133,0.3306640447807076,0.33089744412450295,0.31377449007208463,0.8012977463639737,1.25,1.1489433176307369,1.25,1.0968843522872431,1.25,1.0757765322998416,1.25,0.28618938671138905,0.284546482106548,0.7840207146451894,1.25,1.0892858868557607,1.25,1.0174306291912765,1.25,0.9858874332463232,1.25,36,21,81,94,92,91,33,18,80,92,89,88
-0.001241713385688388,-0.0052335556251253725,0.9463198650190313,0.013536267692311076,0.015591602889890602,-0.7069851183979553,0.7069269507807129,0.0043049288729186935,0.00018689853246626976,-0.3971776645137733,0.55749728699809,-0.2021620579953771,-0.0013915771412976248,0.004999765462810879,0.00021398912571600923,-0.39447985251872286,0.5530285705812902,-0.2004569125487851,-0.0020869045454695663,0.03089315735784797,-0.5520294848107195,0.7874808859862439,-0.4299540693937154,-2.1998640062762496,0.9717858217502593,-0.024800550414267174,0.2541750177106808,-0.5062060599162328,-0.8231295902882831,0.43068976519601954,-2.3021704474391473,-0.5430246848358532,0.06597771422515054,0.2864990899398881,0.2327733929678849,0.3092309267902454,0.8523070183354403,1.25,1.2136126358857395,1.25,1.13434007796613,1.25,1.1393391023695696,1.25,0.21300294897311636,0.3785707548502314,0.7599238263275296,1.25,1.0998765273035698,1.25,1.067562367068133,1.25,1.1020880165454792,1.25,35,15,83,96,93,94,43,14,79,92,91,92
-0.0012399767982096497,-0.005213754907485088,0.9463404446421172,0.013684724506396618,0.015724924591368407,-0.7069725653525935,0.706933693425737,0.004282339589388505,0.0001771217044880784,-0.39736284330965654,0.5567737183597931,-0.20149057435833698,-0.0013965101564173841,0.004977150386857151,0.00020465035368184413,-0.39455198970939875,0.552129415484032,-0.1997108810537206,-0.002091803481807736,0.03064039267734533,-0.5489826374007825,0.7918989927918014,-0.4262952155120578,-2.2069772120390154,0.9777581718428909,-0.01993597723037126,0.25243806217036935,-0.5016404413180732,-0.8285016279627772,0.4271899638626398,-2.311948125285772,-0.5477554250589886,0.0588831465950611,0.2849214457032435,0.2327733929678849,0.3092309267902454,0.8523070183354403,1.25,1.2136126358857395,1.25,1.13434007796613,1.25,1.1393391023695696,1.25,0.21300294897311636,0.3785707548502314,0.7599238263275296,1.25,1.0998765273035698,1.25,1.067562367068133,1.25,1.1020880165454792,1.25,35,15,83,96,93,94,43,14,79,92,91,92
-0.0011228809177228109,-0.005063990786090716,0.9468871543879251,0.013842467826251708,0.015919506947404273,-0.706960734894455,0.706938098209825,0.004193719690886728,0.0001525499280593976,-0.3953794863203025,0.5520366156993288,-0.19927561013367115,-0.0012538140458913103,0.0048880972382892695,0.00018042837006984069,-0.3921979084451592,0.5467886138800546,-0.19724211789291643,-0.0019487078597661327,0.029810653523126715,-0.5825470524648072,0.777814466691478,-0.3520481757540669,-2.281301312034181,1.0219659561223917,0.015672244697967994,0.22249435513936583,-0.5219177675574853,-0.8091136736819883,0.3566221337231866,-2.4119492435581855,-0.5714059090098562,-0.007210907357803546,0.24375190403164398,0.15454363436975688,0.32463859743374246,0.9110346424047089,1.25,1.2960720253931508,1.25,1.1969340775674642,1.25,1.1963677356784845,1.25,0.1689111324122966,0.4792791761168014,0.8474870996198403,1.25,1.1994074185570505,1.25,1.1737603986109395,1.25,1.2006262866934732,1.25,37,10,85,100,96,96,55,11,82,96,95,96
-0.001120858527350964,-0.005083802021659779,0.9469137650993371,0.013909979391585312,0.01597358868775839,-0.7069544498623745,0.7069418383131307,0.004172598034928494,0.0001394467763053049,-0.39518471798750215,0.5513154500599788,-0.19876985772524614,-0.001255413495964813,0.004866956775801048,0.00016756723342723333,-0.39194045680293255,0.5459702520019044,-0.19669755254064664,-0.0019502829279125933,0.029756582240015643,-0.5799900317079504,0.7809556591477722,-0.34899507385700856,-2.2868435459214207,1.0272843941530763,0.020573930002078692,0.22205712349027862,-0.5179835605184367,-0.8130801100737315,0.3538965876305959,-2.419138230256861,-0.5743331715977297,-0.014573873156040078,0.24306385492548746,0.15454363436975688,0.32463859743374246,0.9110346424047089,1.25,1.2960720253931508,1.25,1.1969340775674642,1.25,1.1963677356784845,1.25,0.1689111324122966,0.4792791761168014,0.8474870996198403,1.25,1.1994074185570505,1.25,1.1737603986109395,1.25,1.2006262866934732,1.25,37,10,85,100,96,96,55,11,82,96,95,96
-0.0011171778426461044,-0.005121345069551165,0.9469381144143213,0.013947353369249989,0.01599466423624244,-0.7069504968971025,0.7069445784408452,0.004144191008439811,0.00012797577361268195,-0.39487514610637053,0.5506718854086571,-0.19841022817218684,-0.0012528879105723465,0.004838547457970122,0.0001562336587234476,-0.3915786499303533,0.5452444671518873,-0.19630418684752207,-0.001947752412769752,0.02974442130264376,-0.5776548278542144,0.7837768539987134,-0.34646938189577875,-2.29166833860843,1.0317757373814895,0.024818127961210502,0.22182953239831216,-0.5145389660648522,-0.8166905159289369,0.35159585813804844,-2.4252640215761323,-0.576864140580002,-0.02086916336944209,0.24279620011349087,0.15454363436975688,0.32463859743374246,0.9110346424047089,1.25,1.2960720253931508,1.25,1.1969340775674642,1.25,1.1963677356784845,1.25,0.1689111324122966,0.4792791761168014,0.8474870996198403,1.25,1.1994074185570505,1.25,1.1737603986109395,1.25,1.2006262866934732,1.25,37,10,85,100,96,96,55,11,82,96,95,96
-0.0009062733597619764,-0.0049384864698273495,0.947388658371023,0.01361073321501173,0.015962613858091744,-0.7069570191597311,0.7069453415653553,0.004346131097367754,0.00012648687695592146,-0.39230161944263714,0.547295733403756,-0.19745033594965816,-0.0010154733315598653,0.005039870254963563,0.00015407207941937404,-0.388704638217977,0.5413703250435205,-0.19516102808637437,-0.0017097793986605295,0.02952971093530275,-0.6142239685322661,0.7479116136933093,-0.2765994538686041,-2.342202255812888,1.0688765988363833,0.051843873001293346,0.19044778046112748,-0.5415487427995623,-0.7758342838615099,0.2843879609229471,-2.494962536016516,-0.5862155011075479,-0.08068776740447581,0.20332831766837417,0.10413531416633695,0.36845180708606634,0.9057058205858124,1.25,1.309,1.25,1.193700261716199,1.25,1.1914715286212798,1.25,0.158115241244453,0.5720598232286225,0.991968649052462,1.25,1.309,1.25,1.3026464537926108,1.25,1.2844367355748532,1.25,42,7,85,100,96,96,66,10,88,100,100,99
-0.0009110127288202112,-0.004902764325907694,0.947423477365696,0.013722816870856431,0.016073899905735652,-0.7069522903731479,0.7069453820311096,0.004353560106915454,0.0001239389787357887,-0.3923239191576817,0.5464652922727252,-0.19678740673964198,-0.0010239393586127426,0.005047236317432074,0.0001518612964063031,-0.38865311434016275,0.540421305713564,-0.19445039639040504,-0.0017181654404098852,0.029491277726503267,-0.6126493101440079,0.7496275329555219,-0.2733280037716244,-2.3464725738759817,1.0747466135743555,0.05640145784850462,0.18932414031248368,-0.5383653644470422,-0.7780715008816192,0.2818979691166494,-2.5011538381363128,-0.5880040063218739,-0.08874535899024336,0.20160935521249224,0.10413531416633695,0.36845180708606634,0.9057058205858124,1.25,1.309,1.25,1.193700261716199,1.25,1.1914715286212798,1.25,0.158115241244453,0.5720598232286225,0.991968649052462,1.25,1.309,1.25,1.3026464537926108,1.25,1.2844367355748532,1.25,42,7,85,100,96,96,66,10,88,100,100,99
-0.0005820695209063784,-0.004675822129312257,0.9477690245015151,0.013201268149374775,0.0162025353995639,-0.7069393109303568,0.7069653563132978,0.004941773993846839,9.119908438066603e-05,-0.39014505245913783,0.5435654723487118,-0.19559274598475454,-0.0006921905208501909,0.005634430280814069,0.00011862806634054087,-0.3858887440156355,0.5365820373675797,-0.19293390498070942,-0.0013854675165892282,0.029461342218783586,-0.6454226470201069,0.7002036265742807,-0.20817262332262093,-2.383466727541629,1.1162509940999656,0.07553935975451721,0.14871672430120764,-0.5611840272356643,-0.7262571682721068,0.2172517978202167,-2.5476918254815804,-0.5944827989845295,-0.15055900614781273,0.15719318738787605,0.07839402898732575,0.40401522933664846,0.9700717482569412,1.25,1.309,1.25,1.1698699549884888,1.25,1.1791103389137851,1.25,0.16898864248437767,0.6624641783839145,1.1273791638571085,1.25,1.309,1.25,1.309,1.25,1.309,1.25,46,5,87,100,95,95,76,11,93,100,100,100
-0.0005900578248584645,-0.004631732914813681,0.9478048201291638,0.013288331775390837,0.01629803805518843,-0.7069395553840025,0.7069612855225167,0.004967974740466233,8.95761113813751e-05,-0.39014716553156065,0.5428199428187906,-0.19499002471712665,-0.0007035212132294404,0.005660543646965587,0.00011728293589638033,-0.38576156612998563,0.5356217163381316,-0.19224489562010344,-0.0013966763594490301,0.029602954333086847,-0.6444905107814048,0.7011049014013174,-0.20546671056017632,-2.3859587915186933,1.1225154971846236,0.0783705988445904,0.14616840226669364,-0.5588143308664241,-0.7276271705405577,0.21526204361899548,-2.5516359228665944,-0.5959763011868605,-0.15799582936556716,0.15410029242784787,0.07839402898732575,0.40401522933664846,0.9700717482569412,1.25,1.309,1.25,1.1698699549884888,1.25,1.1791103389137851,1.25,0.16898864248437767,0.6624641783839145,1.1273791638571085,1.25,1.309,1.25,1.309,1.25,1.309,1.25,46,5,87,100,95,95,76,11,93,100,100,100
-0.00019211907008739976,-0.004497548914720821,0.9480350894053107,0.012607583505155288,0.01654942536928854,-0.7069303309120981,0.7069771372502933,0.005902644224543849,6.776568177078077e-05,-0.3882956645647504,0.540754613572806,-0.19413618802743718,-0.00031940870683895686,0.006593742667996198,9.499847668723247e-05,-0.38299880677996195,0.5320771119842304,-0.19086859596016903,-0.001011202853423092,0.030338760194324674,-0.6713014207402129,0.6398569875554591,-0.15368422193821035,-2.4036740469358477,1.1630142237594947,0.08441648133963439,0.09955532556100995,-0.5770967698213256,-0.6631391150772805,0.1648687562449255,-2.5727441616658346,-0.6077103802825012,-0.20873375907770392,0.1060705375125962,0.06601967949727099,0.39125953413167924,1.1247734047371734,1.25,1.309,1.2290200272765566,1.1482811222592375,1.25,1.1830341706848262,1.25,0.18049828604982437,0.7489008416440628,1.2038029430117356,1.25,1.309,1.25,1.309,1.25,1.309,1.25,45,4,93,99,94,95,86,11,96,100,100,100
-0.00020355744315621413,-0.004447927570621777,0.9480663382348681,0.012656485388554371,0.016619220640329117,-0.7069347209276788,0.706970236452585,0.00595225371330885,7.569877367673186e-05,-0.38827835731679716,0.5401880399382439,-0.1936821818044604,-0.0003352966620659169,0.006643228997340111,0.00010310925023800201,-0.3827847766685475,0.5311796699631139,-0.19027783645026936,-0.0010269104872236354,0.030525429889330307,-0.6712554059028634,0.6397970195322704,-0.1519845038601811,-2.403715865077649,1.1687119432501074,0.08464904149436514,0.09585661017352565,-0.5761466888349184,-0.6632792901480586,0.16375417922794186,-2.5736942326393564,-0.6097824965364358,-0.21377115395828405,0.10156387239579538,0.06601967949727099,0.39125953413167924,1.1247734047371734,1.25,1.309,1.2290200272765566,1.1482811222592375,1.25,1.1830341706848262,1.25,0.18049828604982437,0.7489008416440628,1.2038029430117356,1.25,1.309,1.25,1.309,1.25,1.309,1.25,45,4,93,99,94,95,86,11,96,100,100,100
0.0001490854580737954,-0.004440944161230927,0.9481889975613625,0.011998281828810922,0.016957184174561,-0.706938507057088,0.7069699020311428,0.007040095385324722,8.317328148118227e-05,-0.38697116074711424,0.5389675539171468,-0.19320439917977036,-1.0560162483166862e-05,0.007729255360415618,0.00011025599013926864,-0.38033836601709936,0.5280852424041077,-0.1891096959721393,-0.000700491646456,0.0320811446064083,-0.6893995258849849,0.5688903194961041,-0.11861742587678473,-2.3961575766909875,1.2045333389733526,0.08313639125705514,0.05121492377800171,-0.5910564627339226,-0.5840900493773121,0.13339124436748953,-2.5753002749085425,-0.6316943966958521,-0.2486343864957018,0.05385458015729179,0.05763263940315239,0.32973742849045745,1.1690050570776631,1.25,1.309,1.25,1.1173021039949913,1.25,1.1396625118799644,1.25,0.17721769537460577,0.7999936450735298,1.1985657509785685,1.25,1.309,1.25,1.309,1.25,1.309,1.25,38,4,95,100,93,94,92,11,96,100,100,100
0.0001346481950621729,-0.004390809312451958,0.9482117204470221,0.012008305811698618,0.01699786819124459,-0.7069437991410796,0.7069634629345878,0.007107899587093893,0.00010454633269712443,-0.38693663163239483,0.5386128066021586,-0.19292920411073436,-3.2988181648268845e-05,0.007796898315140838,0.00013169987364314387,-0.3800579864042279,0.527316327381285,-0.18865816638734528,-0.0007226819235542248,0.032111024434302526,-0.6904994447239267,0.5678624180975822,-0.11806285887991361,-2.3936012633002233,1.208885235264656,0.08144303731183365,0.04740948052756466,-0.5915677184506165,-0.582727299750796,0.13329425978963763,-2.5736925913945616,-0.6346299582235356,-0.2507923403377875,0.04864308842167588,0.05763263940315239,0.32973742849045745,1.1690050570776631,1.25,1.309,1.25,1.1173021039949913,1.25,1.1396625118799644,1.25,0.17721769537460577,0.7999936450735298,1.1985657509785685,1.25,1.309,1.25,1.309,1.25,1.309,1.25,38,4,95,100,93,94,92,11,96,100,100,100
0.00034801573636573,-0.004572985514720382,0.9482436772110635,0.011587479100112284,0.017374027208793667,-0.706952238695992,0.706952902044669,0.008062631289221044,0.00011724587794344954,-0.38629563373430653,0.5380593726884254,-0.19275672204730246,0.00014402472012875082,0.008749865668715898,0.00014441756884705446,-0.378241924003557,0.5248180710658148,-0.18774278250396487,-0.0005440121385124244,0.03444065588282833,-0.6973466970037928,0.4897307201726354,-0.10473534225333996,-2.3570894704084506,1.2394486377228844,0.08352773766969636,0.011278693404255438,-0.6003289347706836,-0.4903151065428106,0.12551850621411045,-2.5523004074773996,-0.6709235527013001,-0.27411353336670524,0.010982873658164543,0.052459483500241204,0.2836178709513782,1.0471144560709102,1.25,1.2063783683092708,1.25,1.0682580378546853,1.25,1.084450975761886,1.25,0.16021059627793482,0.7685377330444687,1.1757014490852522,1.25,1.309,1.25,1.309,1.25,1.309,1.25,32,3,90,96,91,91,88,10,95,100,100,100
0.00033270651638505174,-0.004533552302993329,0.9482544203409035,0.011551188139725905,0.01737574963002986,-0.7069570482010517,0.7069486440868338,0.00814153543962669,0.0001514124754182501,-0.3861911567408285,0.5379179231060114,-0.19269264587412363,0.0001176281161075156,0.00882858634548659,0.0001785247129920874,-0.3778839493506432,0.5242489046141676,-0.18749112738760498,-0.000570149356157257,0.03425073787123725,-0.6997413194086378,0.487823756830657,-0.10527509574422601,-2.3521666888653376,1.24221585002967,0.08148946561173633,0.008162941936839842,-0.6023728295055689,-0.4875502335617124,0.1262490228717056,-2.548264480130608,-0.6749992799317193,-0.27406890781087406,0.0063144163559759325,0.052459483500241204,0.2836178709513782,1.0471144560709102,1.25,1.2063783683092708,1.25,1.0682580378546853,1.25,1.084450975761886,1.25,0.16021059627793482,0.7685377330444687,1.1757014490852522,1.25,1.309,1.25,1.309,1.25,1.309,1.25,32,3,90,96,91,91,88,10,95,100,100,100
0.00035585798265298644,-0.00493197086504343,0.9482094107308341,0.011495938034636694,0.01772452975425309,-0.706960340303093,0.706937593916345,0.008727581870180499,0.0001501369815236704,-0.38616810616874536,0.5378152132988252,-0.19276059712061666,0.00010846566624603675,0.009413479907083435,0.00017770333930444405,-0.37688408020991104,0.5225270774989393,-0.18691484583554008,-0.0005782242244010042,0.03703326261361296,-0.6934863612225558,0.4070884306194655,-0.1106093626197511,-2.285784422205296,1.2688494502599912,0.09655664654002019,-0.016106814087620012,-0.6025129383904505,-0.38781831234746394,0.13554593705465176,-2.4955627687484188,-0.7266601683548313,-0.29509697710864113,-0.014036417440058391,0.053422992513804675,0.24375570275313402,0.9850798344948404,1.25,1.1870250405524365,1.25,1.0694418772330205,1.25,1.095236813833238,1.25,0.14406488698029316,0.63470395741272,1.1526241821166079,1.25,1.309,1.25,1.309,1.25,1.309,1.25,28,3,88,95,91,92,73,9,94,100,100,100
0.00034091771734560717,-0.004912644513644302,0.9482054422246778,0.011398667196376867,0.017680180600994053,-0.7069641685630244,0.706936451152475,0.008827851543273004,0.0001899858989300138,-0.3859302626259832,0.5378775572071972,-0.19292721387409376,7.96019031755889e-05,0.009513535038862656,0.00021733389354791234,-0.3764287281091248,0.5222218063808677,-0.18691677878594284,-0.0006068279281850631,0.03670951624204861,-0.6971619272303391,0.40449645831351194,-0.1120171305083825,-2.2787871530986274,1.2703275701026564,0.0955948075055476,-0.01831937432481557,-0.6061593383087699,-0.3842266841650616,0.1364571779823176,-2.4887580862511034,-0.732168952781656,-0.29414805611218375,-0.01737690558796145,0.053422992513804675,0.24375570275313402,0.9850798344948404,1.25,1.1870250405524365,1.25,1.0694418772330205,1.25,1.095236813833238,1.25,0.14406488698029316,0.63470395741272,1.1526241821166079,1.25,1.309,1.25,1.309,1.25,1.309,1.25,28,3,88,95,91,92,73,9,94,100,100,100
0.00020712103836554045,-0.005431017548269847,0.9480830517131552,0.01158243294303538,0.017949058979641705,-0.706965481430931,0.7069253755482253,0.009123269629065253,0.0001766169540196438,-0.38634637317406806,0.5382652141544595,-0.1932397375010342,-9.560641674827977e-05,0.009808386739400885,0.00020465206166257158,-0.3761321986484098,0.5214257732659507,-0.18674189171031283,-0.0007814402894252405,0.0398236665226896,-0.6782055899053919,0.3283581998346269,-0.13244295869238565,-2.1831929561890475,1.29431888752401,0.12814214977154473,-0.028621849298435007,-0.5994883458391527,-0.29080901223781874,0.15837356104251535,-2.4096919522987346,-0.7962579008925036,-0.31473241293089593,-0.01824545664773262,0.061235208418778934,0.22059589916416258,0.9469004953080766,1.25,1.2075010513506161,1.25,1.0808461727248169,1.25,1.0467596655405649,1.25,0.14721330387125825,0.43467260087304466,1.0992613161955342,1.25,1.309,1.25,1.2426859989529035,1.25,1.2079772469837302,1.25,25,4,86,96,91,90,50,9,92,100,97,96
0.00019929174779828872,-0.005433904070957126,0.9480643886419146,0.011435751992945253,0.01785122709674068,-0.7069677825045211,0.7069279395865878,0.009206780640139266,0.0002175605965288962,-0.3859729404563773,0.5385159324700974,-0.19362270763479808,-0.00011683756953325697,0.009891741928912545,0.00024522730968878936,-0.37560142350398124,0.5214097822035325,-0.18699936980681203,-0.0008024923819143562,0.03943404239410338,-0.6831355427191069,0.325366295753992,-0.1342961312043528,-2.174222183311074,1.295041920124963,0.12900964036614931,-0.02991553392930339,-0.6043845085512819,-0.2872129564829568,0.15898626391889917,-2.4006069386734614,-0.8031130386089441,-0.3136240210294127,-0.01996267279058709,0.061235208418778934,0.22059589916416258,0.9469004953080766,1.25,1.2075010513506161,1.25,1.0808461727248169,1.25,1.0467596655405649,1.25,0.14721330387125825,0.43467260087304466,1.0992613161955342,1.25,1.309,1.25,1.2426859989529035,1.25,1.2079772469837302,1.25,25,4,86,96,91,90,50,9,92,100,97,96
-3.6825734852707765e-05,-0.005916588513927468,0.9478838977513286,0.011666233725619488,0.017896274915132567,-0.7069744953914805,0.7069163212154493,0.009219391007896998,0.00019903854833419482,-0.38647260863838667,0.539467954289077,-0.19415341986448106,-0.00039727340794097886,0.00990443738174065,0.00022730575073651123,-0.3756862242336075,0.5216648238697659,-0.187223899187185,-0.001082879368190591,0.04269953003636557,-0.6553588261218041,0.261636218732843,-0.16384220413579192,-2.0517669146227333,1.3164818273042698,0.17933485697373994,-0.02464950515684215,-0.591891944827963,-0.21129783451759598,0.1905998944075223,-2.2958587016221643,-0.8765182064137482,-0.3342116235002693,0.0007995152127664566,0.07593559310955157,0.21254010510877996,0.886777393235376,1.25,1.242609256825693,1.25,1.1054884589804324,1.25,0.965532757737742,1.25,0.18084176684661687,0.23905510347184655,0.9682700623233998,1.25,1.2861041184224533,1.25,1.1872213377334082,1.25,1.130258608057049,1.25,24,5,84,97,92,87,27,12,87,99,95,93
-3.31727366724627e-05,-0.0059383084359493415,0.9478524457309033,0.01148301650540664,0.017741219010312687,-0.70697473185332,0.7069229929779427,0.009254465920023396,0.00023851852315199434,-0.38596499613683594,0.5398691001264603,-0.19472333905161657,-0.0004020904268243874,0.009939493441979749,0.0002662747227986328,-0.3750971646615037,0.5219268214538955,-0.1877174135189127,-0.001087676506704517,0.04225921753089662,-0.6615597827103127,0.2585616130782744,-0.16561908247567708,-2.04077527738345,1.3169502839923386,0.18215769066299714,-0.02482963853878824,-0.5979945361764465,-0.2082729482928987,0.19066311334283043,-2.2845036697502032,-0.8846786562071095,-0.3330751044250488,0.0009639621665810364,0.07593559310955157,0.21254010510877996,0.886777393235376,1.25,1.242609256825693,1.25,1.1054884589804324,1.25,0.965532757737742,1.25,0.18084176684661687,0.23905510347184655,0.9682700623233998,1.25,1.2861041184224533,1.25,1.1872213377334082,1.25,1.130258608057049,1.25,24,5,84,97,92,87,27,12,87,99,95,93
-0.00032568539573056766,-0.00628152328620703,0.9475850914760466,0.01145833157742977,0.017165033130774044,-0.7069790844263035,0.7069332659161174,0.00876962005265314,0.00023429729284146663,-0.385537105750823,0.5417901263141641,-0.19608831856716397,-0.0007100915635933715,0.00945598501948043,0.00026167172411915005,-0.3747092325169342,0.5239036356630832,-0.18903524041201486,-0.0013969090551408082,0.044448457952135506,-0.6389678259913568,0.2122110666360117,-0.2029565957805541,-1.8850207717896843,1.3346389717279434,0.24873148737127324,0.0007536597384677844,-0.5880581023181998,-0.15541224785770405,0.22211685171260395,-2.1279011073054983,-0.971548148901027,-0.3551444907647351,0.046562912975819735,0.0988867600397396,0.2136999287566078,0.9444515191148483,1.25,1.309,1.25,1.2141513841192453,1.25,1.0489523052265528,1.25,0.2366186151094162,0.1525282852291865,0.9406796531617783,1.25,1.309,1.25,1.2707219034060966,1.25,1.2311348514578442,1.25,24,6,86,100,96,90,17,15,86,100,99,97
-0.0003181234236175485,-0.006251537605452538,0.9475512777901521,0.011362722401599787,0.017106398733674037,-0.706971217774287,0.7069440974368,0.00881472239627956,0.00023239970095307493,-0.3854032464138051,0.5421056994200101,-0.19654838837699687,-0.0007022280556541166,0.009501053840654073,0.00025937375040746715,-0.37457526310566985,0.5242277419830098,-0.18949691421879955,-0.001389059165029243,0.04429822198104055,-0.6455750578308956,0.21014930506301813,-0.20404971756156762,-1.8748719037961172,1.3347017218057355,0.25129092605669023,0.0019856092409873062,-0.595150086399274,-0.15458093123790367,0.22077696360803398,-2.11559905435851,-0.9792663429276287,-0.35278610456736365,0.04773489832437742,0.0988867600397396,0.2136999287566078,0.9444515191148483,1.25,1.309,1.25,1.2141513841192453,1.25,1.0489523052265528,1.25,0.2366186151094162,0.1525282852291865,0.9406796531617783,1.25,1.309,1.25,1.2707219034060966,1.25,1.2311348514578442,1.25,24,6,86,100,96,90,17,15,86,100,99,97
-0.0005936859809065196,-0.006273660851297039,0.9472413929263604,0.01133002925130129,0.016209804453826627,-0.7069699181561669,0.7069670483827355,0.007834526822196899,0.00017303987216333764,-0.38512955202077004,0.5443930286639299,-0.19752922354211297,-0.0009595125449292047,0.008523157155147716,0.0001995222359962393,-0.37487797631005665,0.5274721311848865,-0.19079753954815915,-0.0016485242435772005,0.04591025326295435,-0.6256520443751151,0.18723926815792094,-0.2403792395363175,-1.7196036086138589,1.3438804062195935,0.3136231097774643,0.04403612238957448,-0.5818171110822207,-0.13647442957011208,0.24162020630402628,-1.919112675216548,-1.0575119545870462,-0.3743615748756378,0.11138700353920658,0.1305343964871323,0.21949480584566441,1.0705889076174313,1.25,1.309,1.25,1.309,1.25,1.221596888895083,1.25,0.2883151628337331,0.1418089965622129,1.0875439609958077,1.25,1.309,1.25,1.309,1.25,1.309,1.25,25,8,91,100,100,97,16,18,92,100,100,100
-0.00057996258228628,-0.006238065153944284,0.9472039551238098,0.011222709288169385,0.016146650053022366,-0.7069652844277348,0.7069748390871571,0.007882785849714148,0.0001648807951140572,-0.3849864910387406,0.5447418258407909,-0.19801747213935295,-0.0009396154257697871,0.00857139113233321,0.00019091950529789118,-0.3748213352081268,0.5279705736511536,-0.1913515179003101,-0.0016286696212387522,0.04600546458519571,-0.6322878115803757,0.18520486674098546,-0.24102596476006483,-1.7091196789515963,1.343477413703108,0.3156675502348912,0.046967137302205406,-0.5904369327189887,-0.13657576502094668,0.2394239443902044,-1.903648565336044,-1.0652215652378987,-0.3704387665107244,0.11430701738459696,0.1305343964871323,0.21949480584566441,1.0705889076174313,1.25,1.309,1.25,1.309,1.25,1.221596888895083,1.25,0.2883151628337331,0.1418089965622129,1.0875439609958077,1.25,1.309,1.25,1.309,1.25,1.309,1.25,25,8,91,100,100,97,16,18,92,100,100,100
-0.0007857312085483358,-0.005949187895385625,0.946823818642011,0.011115170742706215,0.015058136517159627,-0.7069563838826569,0.7070094601853286,0.006633887633267289,8.168385295525072e-05,-0.3848544067673028,0.5474981516316447,-0.1992591367090915,-0.0010812251779424317,0.007325121396537641,0.00010661850197599655,-0.3759022891597855,0.5327497140857526,-0.19335622753436213,-0.0017729283112872403,0.04678892781364394,-0.6271843679733637,0.17816745988193225,-0.2733211346575925,-1.566107810477219,1.3409139678761894,0.35363358606496803,0.10055599107372226,-0.5902146681402606,-0.14604275690260698,0.2435273193298292,-1.670101275122062,-1.1355540174384764,-0.37732637859055274,0.1862147911887364,0.16779052631276115,0.22714697505823078,1.1916961524960115,1.25,1.309,1.25,1.309,1.25,1.309,1.25,0.31624402624390147,0.16660748978588183,1.1708907457081028,1.25,1.309,1.25,1.309,1.25,1.309,1.25,26,11,96,100,100,100,19,20,95,100,100,100
-0.0007721823460125307,-0.0058759430887502535,0.9467930641359501,0.011078013933230865,0.015078840715659186,-0.7069572567585671,0.707008729285834,0.006705751522516556,7.668434765312765e-05,-0.3850538525681874,0.5477883645535135,-0.19950350343357742,-0.0010640435456568287,0.007396904409168588,0.00010141216330618034,-0.3762312223802569,0.533255304068119,-0.19370120345207759,-0.0017556970608772948,0.0471327489439744,-0.6321395351217595,0.17656798379950728,-0.27339220529022007,-1.5580076056026653,1.3396831053179064,0.3528293812108143,0.10401009552292628,-0.5982949177849312,-0.1470318817930735,0.24127759173772567,-1.6550833874629776,-1.1413615642969595,-0.3707817321607351,0.18914407094601046,0.16779052631276115,0.22714697505823078,1.1916961524960115,1.25,1.309,1.25,1.309,1.25,1.309,1.25,0.31624402624390147,0.16660748978588183,1.1708907457081028,1.25,1.309,1.25,1.309,1.25,1.309,1.25,26,11,96,100,100,100,19,20,95,100,100,100
-0.0008979799513814009,-0.005531674215805696,0.9465046879488541,0.01123637444118488,0.014460897433937681,-0.7069573762292138,0.7070190199209142,0.0056769498261591295,6.107779330920346e-05,-0.3860907582297015,0.5499569226875085,-0.19982217911758401,-0.0011505118837671741,0.006369920807047695,8.560830148868639e-05,-0.3783201458340018,0.5371638119698889,-0.19467935033270872,-0.001843895158350795,0.04680406347008223,-0.6271260709437995,0.18082234594295243,-0.29884669423191457,-1.4743888299024221,1.3300273524899875,0.3469578479291222,0.14664820450464555,-0.5963203163484931,-0.17028470026740725,0.25132146035987,-1.4876812477981642,-1.1781301725600046,-0.35696918527982646,0.24303495994750274,0.2038846682822897,0.2337093606858519,1.199933548060064,1.25,1.309,1.25,1.309,1.25,1.309,1.25,0.3269311310394683,0.20299229888903753,1.1442458337621642,1.25,1.309,1.25,1.309,1.25,1.309,1.25,27,13,96,100,100,100,23,21,94,100,100,100
-0.0008813881676285288,-0.00549116878976495,0.9464788145102389,0.011173137671708808,0.014441496936652223,-0.7069606586017356,0.7070171365322057,0.00572249119269421,5.206593701867139e-05,-0.3861551547038444,0.5503007826512574,-0.20010995749424113,-0.0011244784447413628,0.006415431583005219,7.636080061782465e-05,-0.37853643456350466,0.5377580417322566,-0.1950817932335817,-0.0018178703632035016,0.04718389571433559,-0.6305196530414369,0.17973216967915498,-0.2986038225854008,-1.4672242109789617,1.328362807428633,0.34333520895964,0.15054315833613768,-0.6034807752967143,-0.17156061106666698,0.24962088164398924,-1.4730135348209095,-1.1823931111424661,-0.3492066417010548,0.24664995804666098,0.2038846682822897,0.2337093606858519,1.199933548060064,1.25,1.309,1.25,1.309,1.25,1.309,1.25,0.3269311310394683,0.20299229888903753,1.1442458337621642,1.25,1.309,1.25,1.309,1.25,1.309,1.25,27,13,96,100,100,100,23,21,94,100,100,100
-0.0010172775418080247,-0.0053763580809551405,0.9463725166581323,0.011473875953536742,0.014541610068355923,-0.7070051478961926,0.7069657789423099,0.005585840847379037,0.00017264243171778403,-0.38726267094102607,0.550746108403838,-0.20023367593217792,-0.0012278218570546328,0.006279071480903383,0.00019708796848019915,-0.38000471150105114,0.5387376238245508,-0.1953899752770268,-0.0019213832359862432,0.04598766376243966,-0.6289250031973912,0.1846515261445402,-0.3139464565398009,-1.4536439941978796,1.3214186803871135,0.319394901559615,0.16554640255417255,-0.6122430749111979,-0.18334661710197722,0.2655624428717398,-1.4498312974811003,-1.1876193154914794,-0.3271542399391919,0.25993312626913506,0.23094533510934603,0.2351513342605571,1.0342565631115905,1.25,1.309,1.25,1.309,1.25,1.2617145209359415,1.25,0.33948427205809734,0.2212400129246111,1.0521714079522237,1.25,1.309,1.25,1.309,1.25,1.2430529718814276,1.25,27,15,90,100,100,98,25,22,90,100,100,97
-0.000999198329374743,-0.005340251579629758,0.9463582331809018,0.011473050835646117,0.014520960028790775,-0.7069903393913888,0.7069810257932072,0.005532913412755178,0.00015174791830382793,-0.38750347763372217,0.5510965792999176,-0.20029830900726234,-0.0012262530018719716,0.006226229801762033,0.0001762096353023745,-0.3803859893220767,0.5393393261805381,-0.1955622387319105,-0.0019199404464944026,0.04604524510972104,-0.6296663525479999,0.18531559859439664,-0.3153139677948644,-1.448313052014125,1.318840394235148,0.3096810099387563,0.1701672637757261,-0.6162709247830328,-0.18593812032752835,0.2673092837803738,-1.4407638496002886,-1.1902917921650285,-0.3178775293563567,0.26354918253551984,0.23094533510934603,0.2351513342605571,1.0342565631115905,1.25,1.309,1.25,1.309,1.25,1.2617145209359415,1.25,0.33948427205809734,0.2212400129246111,1.0521714079522237,1.25,1.309,1.25,1.309,1.25,1.2430529718814276,1.25,27,15,90,100,100,98,25,22,90,100,100,97
-0.0009865613644372512,-0.005302069780717723,0.9463435215541183,0.011475374352042654,0.01451569936708164,-0.706985138964173,0.7069862965709984,0.005505045916102153,0.0001342353428666142,-0.3877489937302761,0.5514159541830727,-0.20036558933397167,-0.001216320260886824,0.00619841346891721,0.00015870198463335686,-0.3807652351777399,0.5398881299462692,-0.19573084809139332,-0.001910091987394981,0.04613092465308525,-0.6305618465502263,0.1854858519836065,-0.31525042756316146,-1.4434379448459616,1.3166667597646875,0.301179481893388,0.1738169712921394,-0.6197185368834633,-0.18763076940879625,0.2675911929607407,-1.4327514752796229,-1.1927404584133496,-0.30952026759641094,0.26610262876839386,0.23094533510934603,0.2351513342605571,1.0342565631115905,1.25,1.309,1.25,1.309,1.25,1.2617145209359415,1.25,0.33948427205809734,0.2212400129246111,1.0521714079522237,1.25,1.309,1.25,1.309,1.25,1.2430529718814276,1.25,27,15,90,100,100,98,25,22,90,100,100,97
-0.0010372263714451533,-0.005400943580189824,0.9463354662465203,0.011772336200124781,0.014882162985652581,-0.7070175784567647,0.7069413533514601,0.005655801065313731,0.00024163272061440396,-0.3888722602164848,0.5517656773621616,-0.20081838313261235,-0.001236447952927579,0.006349021714796218,0.0002663087167564711,-0.38226267190497154,0.5408082535601905,-0.19640540021988703,-0.0019301950832643232,0.04399612747786003,-0.6370743718614957,0.18983558064118045,-0.319819485621966,-1.467411029363258,1.303289875922027,0.24252144381263044,0.17650044934222123,-0.64650541555151,-0.1880437692333316,0.27338971740270746,-1.483593149603061,-1.1965769931917698,-0.26611277500624425,0.25431892080538643,0.24396611964775447,0.2287082767938948,0.9705198091825131,1.25,1.2788818063513605,1.25,1.203074739287926,1.25,1.1030567266402136,1.25,0.35735866016666934,0.21063024366820016,1.058754580451236,1.25,1.309,1.25,1.2842036468532492,1.25,1.2133782905270745,1.25,26,16,87,99,96,92,24,23,90,100,99,96
-0.001058082875647364,-0.005311609156200739,0.9463362431590833,0.011936517132126255,0.015073171204526267,-0.7070054375375225,0.7069466955584215,0.005726894746371604,0.00022935049447654046,-0.38973625252684807,0.5518049380706893,-0.20052618554681811,-0.0012672195769780103,0.0064200015643066126,0.0002544287840873534,-0.3831995009382583,0.5409812844435412,-0.19618006903695512,-0.001960884811615701,0.04370556367435937,-0.6348828200395119,0.1908879711049732,-0.31867172335179106,-1.4682061655270842,1.3005721123330165,0.23061869058669976,0.1773096784861674,-0.6446177409596101,-0.18897240049541764,0.27401411989930957,-1.4881845291110616,-1.1978132079266357,-0.25956257585609166,0.2522545373735354,0.24396611964775447,0.2287082767938948,0.9705198091825131,1.25,1.2788818063513605,1.25,1.203074739287926,1.25,1.1030567266402136,1.25,0.35735866016666934,0.21063024366820016,1.058754580451236,1.25,1.309,1.25,1.2842036468532492,1.25,1.2133782905270745,1.25,26,16,87,99,96,92,24,23,90,100,99,96
-0.001148305604145905,-0.0054046254565466205,0.9464438743278957,0.0126528986688999,0.016099904854098505,-0.7069909914577647,0.706926046497462,0.006306755695859039,0.0002738992369328218,-0.39272362138765005,0.5515879842428743,-0.1998262959092519,-0.0013892764553317407,0.006998920030889681,0.00030063916695182694,-0.3863849231068745,0.541096818600559,-0.19565621120279938,-0.0020821807475142184,0.040003378650501104,-0.6348347648898658,0.19932354034505087,-0.3043301448630427,-1.5393342527432052,1.2737979474639423,0.14925439640352908,0.1563240857478252,-0.6545117996199568,-0.18135278076869563,0.2632799227489245,-1.6176713096622333,-1.2027713736114427,-0.22136235413869076,0.2033055475515515,0.24159699226780482,0.2165752365262208,0.9295320432430728,1.25,1.2196135490929942,1.25,1.1383318379516587,1.25,1.0614678693063864,1.25,0.3616871290714928,0.18591987211846445,1.1156658578212466,1.25,1.309,1.25,1.309,1.25,1.2856719748996595,1.25,25,15,86,97,93,91,21,23,93,100,100,99
-0.0011638358152906553,-0.005422661133920781,0.946450604301584,0.012679806379538534,0.01612887403354823,-0.7069821453585889,0.7069337508400315,0.006335513825498158,0.0002487948930499739,-0.3929685859185528,0.5517655323957074,-0.19967521530048016,-0.0014278656764437987,0.00702760638389436,0.0002757636583452443,-0.3866259541336054,0.5412806396585411,-0.19551987549340244,-0.0021206421675960293,0.03978019842862671,-0.6308594835626263,0.2002084214150272,-0.3029405365808935,-1.5424984597245133,1.2713418185507843,0.14230095446106852,0.155096091295881,-0.6490453714907355,-0.1823131427086256,0.2641181064808799,-1.6265290303471924,-1.203248569479492,-0.22153155100376226,0.19922290104689402,0.24159699226780482,0.2165752365262208,0.9295320432430728,1.25,1.2196135490929942,1.25,1.1383318379516587,1.25,1.0614678693063864,1.25,0.3616871290714928,0.18591987211846445,1.1156658578212466,1.25,1.309,1.25,1.309,1.25,1.2856719748996595,1.25,25,15,86,97,93,91,21,23,93,100,100,99
-0.0011379204920511743,-0.005699826204038382,0.9465925976757822,0.013141897638307944,0.017067803142752098,-0.7069693469262183,0.7069160651230543,0.0070281404623265785,0.0002698582522383554,-0.3947955786697063,0.5512585643707476,-0.19948815822295343,-0.001442873770658465,0.007718967783114763,0.0002979501097955209,-0.3882407321082983,0.5404301550752658,-0.1952425136433135,-0.002134502809351283,0.03747565923307544,-0.6347461914763589,0.21054776690418614,-0.27605232203837515,-1.6388274985255715,1.2363652783863315,0.09722047252297605,0.11756768992347132,-0.652187666712632,-0.17906446942789409,0.24578721937159168,-1.773864404374477,-1.19856577675614,-0.207794856006902,0.13937515756578878,0.22335037778966002,0.20581390287756668,0.929704656306095,1.25,1.2514312504227012,1.25,1.1690545546152498,1.25,1.127255105853877,1.25,0.3317744546203376,0.16836269760144243,1.0998212701794516,1.25,1.309,1.25,1.309,1.25,1.309,1.25,24,14,86,98,95,93,19,21,92,100,100,100
-0.0011479148086766785,-0.0057382487330512695,0.9466037095521261,0.013173137025848623,0.017104322803387556,-0.706961535995051,0.7069224124512219,0.007054172073986579,0.0002526961517155386,-0.39497915516003873,0.551347662725035,-0.19932999730861334,-0.0014726063868011066,0.007744916960485748,0.00028103103655659694,-0.3883597314165511,0.5404229519848449,-0.19505249812525666,-0.002164091544937891,0.03728124536267632,-0.6299987086206801,0.21115818320356125,-0.27524713923059,-1.645203805990062,1.2330448440568544,0.09520919475024837,0.11525954680229082,-0.6458340922819141,-0.18003770840687702,0.2471286912625007,-1.785305338834167,-1.1979766562529577,-0.21119653740214836,0.13468522775972513,0.22335037778966002,0.20581390287756668,0.929704656306095,1.25,1.2514312504227012,1.25,1.1690545546152498,1.25,1.127255105853877,1.25,0.3317744546203376,0.16836269760144243,1.0998212701794516,1.25,1.309,1.25,1.309,1.25,1.309,1.25,24,14,86,98,95,93,19,21,92,100,100,100
-0.0010294255911550874,-0.006020763680652927,0.9467423651172384,0.013517258970085985,0.018040514564975272,-0.7069391406744584,0.706915040812279,0.007815819736420968,0.00024621399120723614,-0.39661649939118004,0.5508104076214052,-0.1989677586713459,-0.001406032269428563,0.008504987351193287,0.0002757251045532271,-0.38936433221335176,0.5388617528029495,-0.19433073159007766,-0.0020959971062962154,0.036521551360692246,-0.6313063249712204,0.22466676545815678,-0.23930365648104865,-1.7609082692933082,1.1854952327697588,0.09057599201559173,0.06950717335366918,-0.6393974977941883,-0.18466298086017358,0.2213862305805206,-1.9423820557473073,-1.178621054177506,-0.21148617827909014,0.0676928840161208,0.19026043615500426,0.203074992588997,0.9500454215405377,1.25,1.308100572798508,1.25,1.2253089249613947,1.25,1.155942559170132,1.25,0.2688333439373669,0.16486905458443288,1.0145395785518105,1.25,1.293572452104907,1.25,1.2046901113238166,1.25,1.1558601272695606,1.25,23,12,86,100,97,94,19,17,89,99,96,94
-0.0010283481104450258,-0.006085257061804865,0.9467529686510124,0.013514925445262744,0.018039356132467602,-0.7069348151562874,0.7069194406298938,0.007819204084996072,0.00023547336564607617,-0.3965969966481411,0.5508870938149417,-0.1989416224349986,-0.0014157896805552241,0.008508335062217398,0.0002651005265545415,-0.3892453263804319,0.5387797317212002,-0.1942412110507039,-0.0021056594584404793,0.036446490605745986,-0.6271718619493574,0.2247127848745229,-0.23933654514143662,-1.7679980988594923,1.1820185153107658,0.09329935435826076,0.06781615609515687,-0.6340138190253385,-0.185446760137366,0.22273211946270108,-1.952132332266718,-1.177163661814618,-0.21585918897297018,0.06413853456508986,0.19026043615500426,0.203074992588997,0.9500454215405377,1.25,1.308100572798508,1.25,1.2253089249613947,1.25,1.155942559170132,1.25,0.2688333439373669,0.16486905458443288,1.0145395785518105,1.25,1.293572452104907,1.25,1.2046901113238166,1.25,1.1558601272695606,1.25,23,12,86,100,97,94,19,17,89,99,96,94
-0.0008270030676454943,-0.006201645372077274,0.94682033819178,0.013630113513739711,0.01880228290087392,-0.7069242547109373,0.7069079093239129,0.008559594631520239,0.00023600630204575286,-0.3977656523089175,0.5505426905478056,-0.19890346091050057,-0.0012338809179060462,0.009247144569285288,0.00026616249446744915,-0.3896852438795234,0.5372419287741392,-0.19376913822681696,-0.001922309745877284,0.03733213605510176,-0.6354334000002525,0.23898315013450605,-0.20216679079377053,-1.867935479199976,1.1366871946841128,0.1126591465859935,0.030446728580894557,-0.6348012413361419,-0.1936241306579053,0.19182970565460458,-2.0788689188906053,-1.1480463657393059,-0.21011487883732555,0.00994339790478432,0.14880940747220706,0.20951731701737344,1.0050149153979495,1.25,1.309,1.25,1.2768401376456702,1.25,1.1991068728598568,1.25,0.19649768439627135,0.16771371437238086,0.9992326744926774,1.25,1.265975445598713,1.25,1.1320078642998601,1.25,1.0273493876902378,1.25,24,9,88,100,99,96,19,13,88,98,93,89
-0.0008255538025457168,-0.006244799535902501,0.9468330219066573,0.013660428459487886,0.018849533563358587,-0.7069205162506754,0.7069098043475046,0.008586669051053916,0.00023860948547119073,-0.397926160437779,0.5505910675223755,-0.19876574339870587,-0.001243240632451089,0.009274119833348506,0.0002689913110168038,-0.3897095377407959,0.5370688675853045,-0.19353988612417225,-0.0019315158164314881,0.03725260505013531,-0.6312389958053402,0.2389527659018319,-0.2023470568364201,-1.8765524825228448,1.1323907954201882,0.11785176747246506,0.02895281380977887,-0.6291754679606284,-0.19420971720451077,0.19282512834060456,-2.0887743367978553,-1.1453988999656066,-0.21338439474755677,0.006453519577646366,0.14880940747220706,0.20951731701737344,1.0050149153979495,1.25,1.309,1.25,1.2768401376456702,1.25,1.1991068728598568,1.25,0.19649768439627135,0.16771371437238086,0.9992326744926774,1.25,1.265975445598713,1.25,1.1320078642998601,1.25,1.0273493876902378,1.25,24,9,88,100,99,96,19,13,88,98,93,89
-0.0005836296254414298,-0.006297388808849067,0.9468463125711237,0.013638109258088574,0.019506869611590396,-0.7069134733904627,0.706899444866704,0.009330655535951858,0.00024489523893423337,-0.39912117734163133,0.5507835053594103,-0.1986937960595488,-0.0010280314298796874,0.010016398953522894,0.00027575520260460375,-0.38997857038959893,0.5357411815646648,-0.1928983831192927,-0.0017146560768530339,0.038736659411076624,-0.6341569940222341,0.251865244593157,-0.17185010911567772,-1.9625298593869973,1.0875218280780474,0.14704159369097647,0.0020714581128604024,-0.6231242650580087,-0.20235197825021334,0.1697222333908539,-2.1925451757940104,-1.1127708812683805,-0.20506578924479552,-0.03467125955061642,0.11000855653880812,0.2210191415077712,1.0302050081458884,1.25,1.309,1.25,1.309,1.25,1.2739832954595431,1.25,0.13994252400683765,0.1685633406522517,1.0265318056554336,1.25,1.3021962461120586,1.25,1.1255490116034674,1.25,0.983862659327792,1.25,25,7,89,100,100,99,19,9,89,100,93,88
-0.000579380492823882,-0.0063440735498527506,0.9468572847113275,0.013655763019445606,0.01953770526839162,-0.7069106243887345,0.70690110152378,0.009347130152466526,0.00025105919430621606,-0.39923950748417975,0.5508801872055245,-0.1986371272389732,-0.0010302125871026419,0.010032800823341684,0.0002820828760038928,-0.389940483407113,0.5355815077713909,-0.1927323293200476,-0.00171671184827906,0.0386491719769119,-0.630539351901307,0.2516486352213236,-0.17219852156279788,-1.9704696798071715,1.0832168798562107,0.15281718573679343,0.001534411512484587,-0.6182348300387658,-0.20258423601024161,0.1705777243195922,-2.2007265695536073,-1.1096502722730277,-0.2072620505154163,-0.03710096767382483,0.11000855653880812,0.2210191415077712,1.0302050081458884,1.25,1.309,1.25,1.309,1.25,1.2739832954595431,1.25,0.13994252400683765,0.1685633406522517,1.0265318056554336,1.25,1.3021962461120586,1.25,1.1255490116034674,1.25,0.983862659327792,1.25,25,7,89,100,100,99,19,9,89,100,93,88
-0.0003685972622099815,-0.006388623652048665,0.9468128687594398,0.013465149029132472,0.019826619973074593,-0.7069096354769628,0.7068977027632033,0.009819014958648547,0.0002032154478393323,-0.3995701585085252,0.5513338488870587,-0.1989177300426406,-0.0008290932684848552,0.010503633873309147,0.00023417927373577804,-0.3896854985257153,0.5350783844192081,-0.19267031565068515,-0.0015146582833815004,0.040430568825134565,-0.633241956095684,0.2590097509652702,-0.1542304899598943,-2.014718070429315,1.0546803581805178,0.16967972842442916,-0.011806367849771049,-0.6146736919085761,-0.20258283780704464,0.15989230425056847,-2.252801585730391,-1.09313541459276,-0.2021429521020301,-0.05725418971508895,0.08365918119510957,0.2318979009084995,1.0432121616628387,1.25,1.309,1.25,1.309,1.25,1.304492558355615,1.25,0.1103784790737683,0.16582006704055208,1.0557786020903681,1.25,1.309,1.25,1.1285335944375476,1.25,0.9831314710909616,1.25,27,5,90,100,100,100,19,7,90,100,93,88
-0.00037324842035028026,-0.006399675485784608,0.9468244537098701,0.013543385303592446,0.01994237272383342,-0.7069146106853654,0.7068879767574354,0.00988376784197246,0.00025175832622600626,-0.3999643330434867,0.5513715940823649,-0.19883679636720863,-0.0008330372841080664,0.010568188755415132,0.00028294346580313615,-0.3899093740088038,0.5348227791246576,-0.19245707013563026,-0.0015183778232364493,0.040120762025437545,-0.6299905101070518,0.2590966989155846,-0.15376861286080018,-2.022936915642711,1.049050942298452,0.1752279166593449,-0.01264021633195405,-0.6100166476902684,-0.20249975450972524,0.1603960660153936,-2.2614928973741897,-1.0897139222404486,-0.20319385810980606,-0.06001772950181255,0.08365918119510957,0.2318979009084995,1.0432121616628387,1.25,1.309,1.25,1.309,1.25,1.304492558355615,1.25,0.1103784790737683,0.16582006704055208,1.0557786020903681,1.25,1.309,1.25,1.1285335944375476,1.25,0.9831314710909616,1.25,27,5,90,100,100,100,19,7,90,100,93,88
-0.0002428641119059159,-0.006416935518514532,0.9467799051804304,0.013570642792798699,0.020211197042444964,-0.7068933390709864,0.7069010909210519,0.010093381361653976,0.00020383601021188927,-0.4006987061128749,0.5516528998321383,-0.19873287059149464,-0.0007264039098849499,0.010777293157185803,0.0002353658507228869,-0.39024780162260003,0.5344802036189809,-0.19212521150194556,-0.0014112361458306396,0.04117820612113787,-0.623492900143205,0.2601229445238599,-0.15113928813261054,-2.0375483863490214,1.031809592923878,0.1866344281828387,-0.01670326980017245,-0.5988579441893086,-0.1970945381598619,0.16304949177013164,-2.2783621316379636,-1.085299251975823,-0.20709112889655346,-0.06694173363765467,0.07418693027868593,0.23797138490605196,1.0489787295114281,1.25,1.309,1.25,1.309,1.25,1.309,1.25,0.10809120763573722,0.15947436403956602,1.0552369740635965,1.25,1.2981328752673205,1.25,1.1086408552220919,1.25,0.992382501524695,1.25,27,5,90,100,100,100,18,7,90,100,92,88
-0.0002499796200822972,-0.006468033457742937,0.9467855946193622,0.01354295675327941,0.020232089773393226,-0.706914503751679,0.7068798591354104,0.010176433148680733,0.0002624385081248178,-0.40076028256132723,0.5518774044728758,-0.19881559676375188,-0.0007223636866730235,0.010860129817483646,0.00029402231581025063,-0.39014782867490516,0.5344085668256511,-0.1920738890505219,-0.0014069882452371744,0.04073415791263848,-0.6206700285591518,0.2597434516447224,-0.15131635599811896,-2.043288127842981,1.0255624170937088,0.1915460654337189,-0.017392987410110014,-0.59489853829083,-0.1960614344336461,0.16447220909863758,-2.284751143692034,-1.083137924125775,-0.20924682898531027,-0.06899317701957951,0.07418693027868593,0.23797138490605196,1.0489787295114281,1.25,1.309,1.25,1.309,1.25,1.309,1.25,0.10809120763573722,0.15947436403956602,1.0552369740635965,1.25,1.2981328752673205,1.25,1.1086408552220919,1.25,0.992382501524695,1.25,27,5,90,100,100,100,18,7,90,100,92,88
-0.00023272724829041078,-0.00650715415537846,0.9467597808723597,0.013754121531226132,0.020563487600311153,-0.7069042860436732,0.7068764372163642,0.010343949603191136,0.000274199045788709,-0.40187263728663103,0.5520328838557157,-0.19862488453567087,-0.0007157361694301873,0.01102719505289783,0.00030635677696166377,-0.39090621833868716,0.5339873357648395,-0.19165019104478515,-0.0013999068329863622,0.04082550348868375,-0.6028544609162226,0.2548274034753581,-0.16418408887452648,-2.032255964957995,1.0141078496838543,0.20435052352375266,-0.013278022096839924,-0.5748462275029448,-0.18880444478864428,0.18189843540125641,-2.2745529427328655,-1.0867695376611453,-0.22392148636690412,-0.06353979411414731,0.08080136162460153,0.23809223150346004,1.0476194670899748,1.25,1.309,1.25,1.309,1.25,1.309,1.25,0.13155635657734507,0.14559449353674098,1.0317805517682488,1.25,1.2557361224760377,1.25,1.0975631806465138,1.25,0.9853697860434741,1.25,27,5,90,100,100,100,17,8,89,98,92,88
-0.00022455199475011878,-0.006634618030031827,0.9467556364725018,0.013531599785032317,0.02033691181784482,-0.7069175068413467,0.7068740654078243,0.010328724164676582,0.0003011509521560326,-0.4012074451222943,0.5525658864906037,-0.1989689375337515,-0.0007116982568752364,0.011011995883375258,0.000333080890376803,-0.3901016160492019,0.534275091208022,-0.1918804666332668,-0.0013958085888027092,0.040399849005309005,-0.6010040428305911,0.2532198755521752,-0.16666767414537279,-2.0318766178715473,1.009030027286728,0.20850093330432237,-0.012826088152722853,-0.572702160568385,-0.1873050630101989,0.18519058330278682,-2.275016924834998,-1.0866770660066427,-0.2285625663947081,-0.06276983265026671,0.08080136162460153,0.23809223150346004,1.0476194670899748,1.25,1.309,1.25,1.309,1.25,1.309,1.25,0.13155635657734507,0.14559449353674098,1.0317805517682488,1.25,1.2557361224760377,1.25,1.0975631806465138,1.25,0.9853697860434741,1.25,27,5,90,100,100,100,17,8,89,98,92,88
-0.0002795411154635888,-0.0068708953761912085,0.9467154338389722,0.013373569263083,0.020045992949804685,-0.7069134765218834,0.7068894132207428,0.010205303005163513,0.0002820444450833864,-0.40070805547423555,0.5535060577684348,-0.19952836733579193,-0.0007839061100453255,0.010888850955945955,0.000313883852721797,-0.3892522668878304,0.5346434587183001,-0.19218502384287192,-0.0014680456993805449,0.04033203355355592,-0.5760947466971503,0.2422814605902654,-0.19774858044646798,-1.9816295041233432,1.0016712199104232,0.22777309454350755,0.003944316497471541,-0.548282875303307,-0.18172212671958973,0.22013362680228446,-2.223746401319305,-1.098054953079065,-0.2580885161885227,-0.03592249570348179,0.10023329901094574,0.23504822020834926,1.0417340248660323,1.25,1.309,1.25,1.309,1.25,1.309,1.25,0.17753590380382936,0.12160375614418756,1.077401835259176,1.25,1.3085611128282317,1.25,1.1659368904257048,1.25,1.003907032748661,1.25,27,6,90,100,100,100,14,11,91,100,95,88
-0.00025754133663099903,-0.006987144329070208,0.9467005128734416,0.01316199703734607,0.019785193402981675,-0.7069157238052406,0.7068984845031909,0.01009874204102443,0.00027562124770858946,-0.39985110709348204,0.5539272960601843,-0.2001492508743147,-0.0007580716769380755,0.010782597263313688,0.000306945255265669,-0.38833067646077,0.534955895187072,-0.19274754778537298,-0.0014424483752897479,0.040195400283040396,-0.5780518083336034,0.24017940224651313,-0.2003495431714736,-1.9760835064423923,0.998676367570667,0.23030970812136367,0.005236852600532989,-0.5506729259947429,-0.18052700020727558,0.22232825425576885,-2.218965435959817,-1.098822861343219,-0.26264101805123347,-0.032537330957699964,0.10023329901094574,0.23504822020834926,1.0417340248660323,1.25,1.309,1.25,1.309,1.25,1.309,1.25,0.17753590380382936,0.12160375614418756,1.077401835259176,1.25,1.3085611128282317,1.25,1.1659368904257048,1.25,1.003907032748661,1.25,27,6,90,100,100,100,14,11,91,100,95,88
-0.0004065719044122676,-0.00705377431381468,0.9466228953273067,0.013116012055008812,0.01922478758824065,-0.7069062418179292,0.7069242838160331,0.009509443049943939,0.0001982581824328181,-0.3992302720118034,0.5546977189029066,-0.20058211509809903,-0.0008921111588873637,0.010194729092188711,0.0002293651765275639,-0.38770340866003694,0.5357305239484514,-0.19314291847357642,-0.0015776658114612144,0.0413242310957448,-0.5537238698360191,0.2313684022271714,-0.24019421972022942,-1.890702612971046,1.0004942809003354,0.2509714768882618,0.037394057869919894,-0.5262819206531357,-0.18042607100622596,0.2612182707105681,-2.1233612423254327,-1.1135652532128064,-0.2925584132219028,0.012905864824110257,0.12941375548101178,0.23435883260710402,1.0304106253850658,1.25,1.309,1.25,1.309,1.25,1.309,1.25,0.2335297837591142,0.09779842507807349,1.2999991383831857,1.25,1.309,1.25,1.309,1.25,1.1791964883656636,1.25,27,8,89,100,100,100,11,15,100,100,100,95
-0.00037729006412151394,-0.007163951474368169,0.9465982971925255,0.012838807852777643,0.018870232715006176,-0.7069151027822114,0.7069300649913091,0.00934692457647014,0.00019781342335765582,-0.3980760729346148,0.5551486719479866,-0.20130652690573245,-0.0008529499567608168,0.01003266318463305,0.00022820753672414643,-0.38660112263972596,0.5362582288755163,-0.19388014888628002,-0.0015389723806740684,0.041388393922171786,-0.5586779339400954,0.22883602405277476,-0.243033845740255,-1.8792469547665593,0.9994080115885815,0.2525072982004059,0.0407203224285643,-0.5320698060666511,-0.17873290565080843,0.2625512158209543,-2.111162037598707,-1.115065938718663,-0.29522091112974563,0.019268093949749193,0.12941375548101178,0.23435883260710402,1.0304106253850658,1.25,1.309,1.25,1.309,1.25,1.309,1.25,0.2335297837591142,0.09779842507807349,1.2999991383831857,1.25,1.309,1.25,1.309,1.25,1.1791964883656636,1.25,27,8,89,100,100,100,11,15,100,100,100,95
-0.0005206768662890993,-0.007124787336439493,0.9464080443886309,0.012476044972053967,0.01756598288672925,-0.7069198817329196,0.7069653919095287,0.00808858771597386,0.0001072887502848845,-0.39589814452627176,0.5565052741237203,-0.20241006123074523,-0.000939139396380281,0.00877721185621331,0.0001363561289632954,-0.38499225533951614,0.5385569891240116,-0.1952880201362184,-0.0016278776012273641,0.04382631166523237,-0.5471462259659238,0.22269756111133587,-0.2856235378665015,-1.7560032883881527,1.0055608023677773,0.27407069302069403,0.09248084750300635,-0.5151807963780323,-0.18360773827633328,0.29846691750718524,-1.9469661358071615,-1.1311011298425384,-0.3180510218678838,0.08881641708968183,0.1656279237432,0.2393789056813228,1.0626299444289493,1.25,1.309,1.25,1.309,1.25,1.309,1.25,0.2779692699069312,0.09616840972975843,1.309,1.25,1.309,1.25,1.309,1.25,1.309,1.25,27,11,91,100,100,100,11,18,100,100,100,100
-0.0005021101412985023,-0.007126924349574096,0.9463833476162047,0.0123313946676512,0.01738776097836754,-0.706928421407159,0.7069637964425706,0.008004601749284425,0.00011998536164259126,-0.3952851430493742,0.5566733683366791,-0.20295515176949275,-0.0008937030337250312,0.008693477412617348,0.00014845389119651423,-0.38454596233419697,0.538990211192936,-0.19592931211527004,-0.0015828336597491224,0.04402731897448561,-0.5540534911802518,0.22017168132296272,-0.2869214171272285,-1.743776235109672,1.005300602646816,0.27361541106895293,0.09663185128451202,-0.523817760751206,-0.1813106082162506,0.29741568354170744,-1.930673327267609,-1.132156074759293,-0.3154225463098774,0.09569369054615856,0.1656279237432,0.2393789056813228,1.0626299444289493,1.25,1.309,1.25,1.309,1.25,1.309,1.25,0.2779692699069312,0.09616840972975843,1.309,1.25,1.309,1.25,1.309,1.25,1.309,1.25,27,11,91,100,100,100,11,18,100,100,100,100
-0.0004938929125352579,-0.007075928410819263,0.946364219858783,0.012284084813482778,0.017336822683002944,-0.706933544050176,0.7069607486531422,0.007982863539174158,0.00013291462720143704,-0.3951210023201956,0.5567069649955416,-0.20323747530412803,-0.000863874692428807,0.008671840271570913,0.00016104654514551928,-0.3845314172076399,0.5392641861418683,-0.19630497129962046,-0.0015532284082464063,0.04418790527947727,-0.5600311875386821,0.21798427874061704,-0.28760843342998005,-1.7339669580849868,1.0048680060653123,0.27249509291562424,0.09962108710502848,-0.5312971467638467,-0.17918848733795006,0.2960391941368861,-1.9174871966351916,-1.1328259668929266,-0.31206026298123707,0.10105457187295025,0.1656279237432,0.2393789056813228,1.0626299444289493,1.25,1.309,1.25,1.309,1.25,1.309,1.25,0.2779692699069312,0.09616840972975843,1.309,1.25,1.309,1.25,1.309,1.25,1.309,1.25,27,11,91,100,100,100,11,18,100,100,100,100
-0.0006137136368454116,-0.00665583640440911,0.9460941148383457,0.011974807286562786,0.016061249723388644,-0.7069329118385957,0.706996816405263,0.006658216930133758,4.583246793562264e-05,-0.3938028981254198,0.5582588791550925,-0.20371729155050758,-0.0009202636246796961,0.007349836464626093,7.271457032679154e-05,-0.38430867691330645,0.542638518196532,-0.19746998260596457,-0.0016121661212972675,0.04693535644584563,-0.5582801633400081,0.216425116322725,-0.3208400070556502,-1.6115304545463196,1.0097388671444711,0.28303327435583786,0.15649827639179717,-0.5238321457585808,-0.1924366330593231,0.31463190765363824,-1.7193213649741215,-1.1340862641411507,-0.30829583883037454,0.17254653985296162,0.2036654025683617,0.24692033375285014,1.1142079319371783,1.25,1.309,1.25,1.309,1.25,1.309,1.25,0.2942181805232433,0.1286003971429974,1.309,1.25,1.309,1.25,1.309,1.25,1.309,1.25,28,13,93,100,100,100,15,19,100,100,100,100
-0.0006047907799620466,-0.00659696138435665,0.9460754232562684,0.011925633775131641,0.016019128029697436,-0.7069423155653378,0.7069892002423718,0.006651796485561615,6.454215993486214e-05,-0.3936973606226052,0.5583354448148585,-0.20395573001132836,-0.0008893118921366933,0.007343476324204521,9.111830901814108e-05,-0.3844060307956446,0.5430392329395842,-0.19783928729509187,-0.0015813773113783397,0.04720778716915459,-0.5637230698309039,0.21447312532486593,-0.3210971493033459,-1.6023036037442941,1.0094588393315937,0.28087264988107224,0.16002199290209831,-0.5316808093209507,-0.19035051345514464,0.3125848067190404,-1.7035374550541247,-1.1336171801673876,-0.30105695618658784,0.17772666200788337,0.2036654025683617,0.24692033375285014,1.1142079319371783,1.25,1.309,1.25,1.309,1.25,1.309,1.25,0.2942181805232433,0.1286003971429974,1.309,1.25,1.309,1.25,1.309,1.25,1.309,1.25,28,13,93,100,100,100,15,19,100,100,100,100
-0.000698518459011207,-0.006120254225197825,0.9458495027633644,0.011752226070976356,0.015302797280606557,-0.706931052486919,0.7070192335484962,0.005950893463186485,1.025732826125348e-05,-0.39362126675968656,0.5596362849093319,-0.20393809410753344,-0.0009731025250550081,0.0066438519075215,3.619914293896194e-05,-0.3851497134753392,0.5457175317599964,-0.19836861099248826,-0.0016662981653321177,0.04908385995453367,-0.5607790749543475,0.21639185495242239,-0.34230371274647925,-1.5268347828508613,1.0108046838339926,0.2785350655850454,0.1974366784422588,-0.5288598023497387,-0.20972907093519413,0.323712086268808,-1.565309236596696,-1.1134843229636688,-0.28117414705260796,0.22185119958380678,0.23399653716097504,0.24951501003203497,1.140618044738846,1.25,1.309,1.25,1.309,1.25,1.309,1.25,0.2826508538260182,0.17944127974823157,1.108384064929246,1.25,1.309,1.25,1.309,1.25,1.309,1.25,29,15,94,100,100,100,21,18,92,100,100,100
-0.0006792312164783361,-0.006092719835473155,0.9458323405999596,0.011681350351690477,0.015206173282612489,-0.7069437033184369,0.707009843415546,0.0058796146135803385,2.1325366898478386e-05,-0.3934084761524364,0.5598332135086507,-0.2042155346579026,-0.0009306261599219492,0.006572721929382222,4.694634123146581e-05,-0.38514568474666233,0.5462458209790192,-0.19877851064513585,-0.001624051331900893,0.049494893654163444,-0.5650655841421132,0.21483864132821257,-0.34257833963207485,-1.5186659589870897,1.0105668616499888,0.2756661263261443,0.2009607398777769,-0.5357997972280252,-0.20799823462301759,0.32178205630100903,-1.5491641737776947,-1.1106560043919547,-0.2722931851858777,0.22636736707005606,0.23399653716097504,0.24951501003203497,1.140618044738846,1.25,1.309,1.25,1.309,1.25,1.309,1.25,0.2826508538260182,0.17944127974823157,1.108384064929246,1.25,1.309,1.25,1.309,1.25,1.309,1.25,29,15,94,100,100,100,21,18,92,100,100,100
-0.0007817085000485569,-0.005848398868655309,0.9457446808564477,0.011383250207432263,0.015272829187641447,-0.7069397956488366,0.7070171763339996,0.006555370429446216,1.915083310254392e-05,-0.3936013422363196,0.5603678563599029,-0.20440833820094154,-0.001011954524491425,0.007247629297766599,4.42992473337336e-05,-0.38553761465639175,0.547122690515784,-0.19915990033440006,-0.0017048302326253691,0.050877044527444744,-0.5631800274299913,0.21431890374170096,-0.35147337374050375,-1.5029361796096663,1.010327421092911,0.26459337047165543,0.20885546478072717,-0.5528178946064796,-0.2178737782213832,0.3322913779296297,-1.5377712082476662,-1.084040365289069,-0.24566488734432512,0.23005333687706345,0.24617441493713282,0.24259347055093847,1.1244527877535824,1.25,1.309,1.25,1.309,1.25,1.309,1.25,0.2566598643909242,0.2187467577282596,1.0326806704233797,1.25,1.2912484065795367,1.25,1.2603279964715721,1.25,1.1920652372729308,1.25,28,16,93,100,100,100,25,16,89,99,98,96
-0.0007668322234792874,-0.005794373554476239,0.9457375363372562,0.011480626225540677,0.015247092644750129,-0.7069571338765716,0.7069988205424219,0.006360970569234956,4.774140285636002e-05,-0.3938751200998174,0.5605002648461999,-0.20441772182494095,-0.0010233885791341366,0.0070534898922859105,7.290012388727413e-05,-0.3859444241353627,0.5474537443728983,-0.19924148743133527,-0.001716329540466925,0.051092803142980335,-0.5647495454643828,0.21365657527334744,-0.3522334453680988,-1.4979805826318229,1.010089369581108,0.25988023019817075,0.2106125839117824,-0.5561481607599564,-0.21766224769224066,0.33305409846685335,-1.5310777669253255,-1.0754451291718374,-0.23590674069175863,0.23148969939739,0.24617441493713282,0.24259347055093847,1.1244527877535824,1.25,1.309,1.25,1.309,1.25,1.309,1.25,0.2566598643909242,0.2187467577282596,1.0326806704233797,1.25,1.2912484065795367,1.25,1.2603279964715721,1.25,1.1920652372729308,1.25,28,16,93,100,100,100,25,16,89,99,98,96
-0.0007843449488232077,-0.005694274130912863,0.945754361697205,0.011533467826688253,0.01574962871548163,-0.7069870190279778,0.7069570589796452,0.007054826736077585,0.00015233909013418875,-0.3949883640034333,0.5606593073120724,-0.2045537626445532,-0.00106001456234307,0.007746264175866386,0.00017755201654293581,-0.3871433654179224,0.5477164212969131,-0.19944969542739868,-0.0017520294140869726,0.0512779862189864,-0.5692773933125223,0.2087565386731049,-0.34929483694860547,-1.5251565418647304,1.0080467557705188,0.23040389726739197,0.19425552408920935,-0.5844340584785401,-0.21169992298548274,0.3340620039441807,-1.5970679906684235,-1.031805237081303,-0.1975504490531324,0.20694097665927005,0.23523582564964615,0.22871251794397718,1.1175850742266173,1.25,1.309,1.25,1.309,1.25,1.2641835858688604,1.25,0.2287198832334206,0.23002603528573556,1.0484780992687859,1.25,1.2554190310575355,1.25,1.2188602126279557,1.25,1.1455175330150447,1.25,26,15,93,100,100,98,26,15,90,98,97,94
-0.0007965711869542107,-0.005612334062250844,0.9457593408347227,0.011745214937577709,0.01590067955665163,-0.706988083735226,0.7069491267213648,0.006979894554563192,0.00018318934750510382,-0.39580627523757406,0.5606127489057809,-0.2041986191087352,-0.0010845064174687645,0.007671416919036384,0.00020883568510260848,-0.3880000590244784,0.5477276522094628,-0.1991083489922976,-0.0017765227312487324,0.05097950264090454,-0.5672850985841524,0.20922399643255613,-0.34846978795044825,-1.527633102314493,1.0076395077974267,0.22522575007745516,0.19137151936479818,-0.5809703714928414,-0.2101912663597634,0.3344237720233474,-1.603908769045229,-1.0225499100619273,-0.19301698007092877,0.2043390676840432,0.23523582564964615,0.22871251794397718,1.1175850742266173,1.25,1.309,1.25,1.309,1.25,1.2641835858688604,1.25,0.2287198832334206,0.23002603528573556,1.0484780992687859,1.25,1.2554190310575355,1.25,1.2188602126279557,1.25,1.1455175330150447,1.25,26,15,93,100,100,98,26,15,90,98,97,94
-0.0008193921828362223,-0.005623518267911429,0.9458610740357082,0.012282137765670062,0.01701591302827215,-0.7069676461401847,0.7069344772372658,0.007884503575113833,0.00024269869549703674,-0.3987501254180067,0.5603613469649511,-0.20328192795409555,-0.001167083882360533,0.008574287468818165,0.0002699393034440348,-0.3906474477572747,0.5470007811600167,-0.19804821782998852,-0.001857511963568986,0.04869361651990487,-0.5635938060765247,0.20903281427698248,-0.32952528249663565,-1.6145678728841588,1.0002640896719965,0.18784879157054832,0.1428636058666181,-0.5840566420809706,-0.19897604674583821,0.3184601262978842,-1.7394447838558575,-0.9650393950239611,-0.18420933543232956,0.1578997503933392,0.2044864229017923,0.21531207193338242,1.0734445455263744,1.25,1.309,1.25,1.309,1.25,1.239158060216092,1.25,0.20193848653997587,0.21929068958964368,1.0771138384793046,1.25,1.309,1.25,1.250847437787909,1.25,1.1643853625338518,1.25,25,13,91,100,100,97,25,13,91,100,98,94
-0.0008311435144041299,-0.005666339116433409,0.9458664077745352,0.0123143127517578,0.0170227824711102,-0.7069648817256505,0.706936516658342,0.007862359558974307,0.0002333151076356742,-0.3988999862057928,0.5605095879855454,-0.20318305100427056,-0.00118899257597645,0.008552163345006315,0.00026075287718846883,-0.39075525146820744,0.5470833192264877,-0.19792296364822584,-0.0018793939404406948,0.04853058533169975,-0.5594084473820572,0.21034232073399672,-0.32904206397378344,-1.6199359731380882,0.9998712457588143,0.18612225900350662,0.13951987066096566,-0.5781762661275787,-0.19851441934705055,0.31922610928469647,-1.7495230655604022,-0.9586095157115224,-0.18752135794719882,0.1565065897488999,0.2044864229017923,0.21531207193338242,1.0734445455263744,1.25,1.309,1.25,1.309,1.25,1.239158060216092,1.25,0.20193848653997587,0.21929068958964368,1.0771138384793046,1.25,1.309,1.25,1.250847437787909,1.25,1.1643853625338518,1.25,25,13,91,100,100,97,25,13,91,100,98,94
-0.0007602127344200522,-0.005840572131989321,0.9459811967245645,0.012637864649606558,0.0180478393590087,-0.7069416357590107,0.7069286268796474,0.008845180066234222,0.0002455479596047067,-0.4008648716142933,0.5601240304219096,-0.20289306533886223,-0.0011764489238571439,0.00953287589085195,0.0002740312841879907,-0.39208460812891927,0.5456703672851367,-0.197277783414669,-0.001864883177389463,0.04667958936798712,-0.5606182200298926,0.21490601075659188,-0.3009965283983137,-1.7344375655038111,0.9855356694516265,0.16759586185299258,0.08709496049055879,-0.5785435137499076,-0.19606641142136144,0.29510737977200635,-1.8997676100066232,-0.908536502981709,-0.2063692790776047,0.11572444146243709,0.16282811891702825,0.2095049251796843,1.037086300334434,1.25,1.309,1.25,1.2914212465353614,1.25,1.223378224289546,1.25,0.17358030704040192,0.20177402416456044,1.0809594445932713,1.25,1.309,1.25,1.2776156048856238,1.25,1.152979705685239,1.25,24,10,90,100,99,97,23,11,91,100,99,94
-0.0007673447528203432,-0.005901328364817332,0.945988021321105,0.012671477236655869,0.018069469090569848,-0.7069401258596026,0.7069289825725318,0.008838295959364384,0.0002381636477366599,-0.4009957327719172,0.5602329967634034,-0.20279510561131525,-0.0011936711739237394,0.009525975341860057,0.000266863814900175,-0.3921143452649372,0.5456143963441794,-0.19711238731984174,-0.0018820296467090194,0.04661582102578052,-0.5555498837890489,0.21630688656979033,-0.30079946305219946,-1.7424610003470742,0.9844843547121639,0.16866380822648283,0.0842373160521754,-0.5722611033911479,-0.196385596874844,0.2962438432464451,-1.9120697947220258,-0.902961644343355,-0.21269581974331206,0.11555895049680891,0.16282811891702825,0.2095049251796843,1.037086300334434,1.25,1.309,1.25,1.2914212465353614,1.25,1.223378224289546,1.25,0.17358030704040192,0.20177402416456044,1.0809594445932713,1.25,1.309,1.25,1.2776156048856238,1.25,1.152979705685239,1.25,24,10,90,100,99,97,23,11,91,100,99,94
-0.0006096262415233475,-0.006021456961912736,0.9460781947026656,0.012907900140447978,0.01893569984348798,-0.7069211394852492,0.7069210195872512,0.009606506530849672,0.000246357439577695,-0.40261391940652846,0.5598971996329113,-0.20254933345777404,-0.0010728152138004964,0.010292341509338927,0.00027589051553369987,-0.39294447360424106,0.5439945520733435,-0.19639074369151704,-0.001759434454454154,0.04549345038465988,-0.561914678711365,0.22584251096450353,-0.26734823040207367,-1.8643007143609214,0.9625944412849654,0.16780141284127317,0.04016841321222043,-0.5705518150008538,-0.2018419755251169,0.26678022723575034,-2.0547218801891654,-0.8540223165586507,-0.2365568526902616,0.0842939800816544,0.1203225797534686,0.21364414803371404,1.0618115071828116,1.25,1.309,1.25,1.309,1.25,1.279595872908229,1.25,0.14295042443972467,0.18693200600498847,1.0826668303873273,1.25,1.309,1.25,1.2631829711553995,1.25,1.1323804048286983,1.25,24,8,91,100,100,99,21,9,91,100,98,93
-0.0006120971753615927,-0.006085569284148753,0.9460857307097723,0.012941224253604881,0.018967594533302528,-0.7069205001792777,0.7069201945755393,0.009609648914994894,0.00024310893117260657,-0.4027443595646271,0.5599864131269672,-0.2024513642887231,-0.0010824635877657125,0.010295443339185275,0.00027286102932271526,-0.3929469315762977,0.5438730414840449,-0.1962055135738766,-0.0017689907479798979,0.04548742326122098,-0.5568696171287569,0.2270329610439491,-0.2672384787039232,-1.873365883517692,0.960865030562216,0.17094295723283123,0.03865751117321688,-0.5646211458948387,-0.2024084080162611,0.267720971242144,-2.0666558299396343,-0.8488430565567108,-0.24281806078903495,0.08523381161407895,0.1203225797534686,0.21364414803371404,1.0618115071828116,1.25,1.309,1.25,1.309,1.25,1.279595872908229,1.25,0.14295042443972467,0.18693200600498847,1.0826668303873273,1.25,1.309,1.25,1.2631829711553995,1.25,1.1323804048286983,1.25,24,8,91,100,100,99,21,9,91,100,98,93
-0.000452284649950837,-0.006104588655650232,0.9461356933492856,0.013114667887468626,0.019556306236272275,-0.7069125133903753,0.7069089437718958,0.010045410716752036,0.00026066191043696847,-0.4039768336043033,0.5598020781800755,-0.2022336767743313,-0.0009268134610402207,0.010730085907105575,0.0002909823385995047,-0.3934814484151159,0.5425398964097984,-0.19553773670486632,-0.0016123317775142935,0.0448093256219208,-0.5660957873382353,0.23913580474288398,-0.23434001214817846,-1.9848831430078624,0.9348669430528752,0.17978864145766238,0.009662405850502721,-0.5616974059677763,-0.2063909984913921,0.23758729873879403,-2.1930375818137136,-0.8034661008577231,-0.25832376612910185,0.06015302579283908,0.08413450416359769,0.22388087061580372,1.0997249280047414,1.25,1.309,1.25,1.309,1.25,1.309,1.25,0.11377520395741463,0.17596030782159147,1.079697588997372,1.25,1.309,1.25,1.2398370107484105,1.25,1.1374207237222405,1.25,26,5,92,100,100,100,20,7,91,100,97,93
-0.0004546508540347167,-0.006163923038602709,0.9461434699437259,0.013141241180327778,0.019592711932227655,-0.7069113992604052,0.7069085563317773,0.010065908769173583,0.0002595031542422027,-0.40409760560462626,0.5598796334434719,-0.20214813340645843,-0.0009371857537903661,0.010750500718011986,0.00029001914129117063,-0.3934782485975751,0.5424138510906422,-0.19536862959321674,-0.0016225748340878564,0.044780087340018745,-0.561721820224264,0.2400022064732158,-0.23414712752132796,-1.9934421309168175,0.9327371425690614,0.1836617370324947,0.009668941854331724,-0.5564177638619158,-0.20675121247875924,0.2382864142371657,-2.2033467535650626,-0.7987312481117639,-0.262956354156737,0.06146878133592548,0.08413450416359769,0.22388087061580372,1.0997249280047414,1.25,1.309,1.25,1.309,1.25,1.309,1.25,0.11377520395741463,0.17596030782159147,1.079697588997372,1.25,1.309,1.25,1.2398370107484105,1.25,1.1374207237222405,1.25,26,5,92,100,100,100,20,7,91,100,97,93
-0.00029009204451690404,-0.00611736314818353,0.9461475135467168,0.013168047647444942,0.019850510924197238,-0.7069160395645977,0.7068962248756937,0.01021413520670496,0.00027416603297308553,-0.40464688207167143,0.5599276772542263,-0.20220811546698486,-0.0007610148916222463,0.01089833642935503,0.0003047651734396127,-0.39356404737309286,0.5416882338148447,-0.1951157381288499,-0.0014460477460082966,0.04467503289002466,-0.5742312463700185,0.24957341202371183,-0.20675434293087983,-2.0738320059002056,0.9098498559131989,0.19093340361607236,-0.0056282064606562356,-0.5548556064571637,-0.2066553294585912,0.21791549465636245,-2.287597629168372,-0.7664338307400843,-0.2665239473811739,0.045002328228817175,0.05675301091343977,0.23382343540576223,1.0606500254721944,1.25,1.309,1.25,1.309,1.25,1.309,1.25,0.09142559966051149,0.1676259766708831,1.1163949167563898,1.25,1.309,1.25,1.2789805570804385,1.25,1.2018266368865322,1.25,27,4,91,100,100,100,19,6,93,100,99,96
-0.0002951469107983108,-0.006145240733683073,0.9461565288168442,0.01323176034639544,0.01993469725049782,-0.7069131410412052,0.7068955646960334,0.01025399298465965,0.00027984677660707546,-0.4049392388706993,0.5599436163512941,-0.20204445204841018,-0.0007705809867845323,0.010938059738239234,0.0003107029820152026,-0.3937450195330039,0.5415223545293116,-0.19487724367632303,-0.0014554704678981776,0.04453825888779239,-0.5703446247125188,0.2502981784335692,-0.2060921851509634,-2.0822483009044923,0.9072008080212094,0.19447523993791194,-0.004921818712785149,-0.550100765250483,-0.20667964652000623,0.21834881627056607,-2.2968356721713605,-0.7618220414498945,-0.2692288228741364,0.04591945419332827,0.05675301091343977,0.23382343540576223,1.0606500254721944,1.25,1.309,1.25,1.309,1.25,1.309,1.25,0.09142559966051149,0.1676259766708831,1.1163949167563898,1.25,1.309,1.25,1.2789805570804385,1.25,1.2018266368865322,1.25,27,4,91,100,100,100,19,6,93,100,99,96
-0.00015787573822860376,-0.006111688257079189,0.9461258500025796,0.012976704535487375,0.019646050901773543,-0.7069135655695609,0.7069079491964242,0.01003540519929904,0.00024003375957339058,-0.40424296629621337,0.5604187310549824,-0.20230717934838954,-0.0006427087624158116,0.01071999177105583,0.0002705212555682852,-0.3928869117617331,0.5417365159681204,-0.19502977546387026,-0.00132789126053071,0.04480013207134365,-0.5807268126375037,0.2538976847590533,-0.19164449705228137,-2.1194950196932716,0.8949600392383498,0.19638007863342377,-0.010926856217428726,-0.5526290817734707,-0.20241943334157134,0.20701450312709083,-2.337265806519377,-0.745912358523838,-0.2700623305738803,0.03601555786889105,0.03843942815189595,0.24021058997648312,1.0066764513925557,1.25,1.309,1.25,1.309,1.25,1.309,1.25,0.08015134865128128,0.161884489203645,1.1555236452430682,1.25,1.309,1.25,1.309,1.25,1.2432217103135106,1.25,28,2,88,100,100,100,19,5,94,100,100,97
-0.00017419677532371357,-0.006082842907992804,0.9461360709725717,0.013157386122890441,0.019897872922982184,-0.7069154678566018,0.70689566355201,0.010159665188129139,0.00026501803413578025,-0.4049387617049637,0.5601990863558249,-0.2021421116299828,-0.0006360037758896184,0.01084397149489197,0.00029575816153650224,-0.39349666886997975,0.5413669872438235,-0.1948021368688487,-0.0013210720455432141,0.04459990475869864,-0.5783493790712599,0.254645169670304,-0.1897093700085005,-2.1292078254457945,0.8912323003598966,0.19893304056710392,-0.010506918361842527,-0.5485198824832561,-0.2016645627453622,0.2064885254677852,-2.348311387877933,-0.7403266158144416,-0.2718101406868787,0.03539170803836502,0.03843942815189595,0.24021058997648312,1.0066764513925557,1.25,1.309,1.25,1.309,1.25,1.309,1.25,0.08015134865128128,0.161884489203645,1.1555236452430682,1.25,1.309,1.25,1.309,1.25,1.2432217103135106,1.25,28,2,88,100,100,100,19,5,94,100,100,97
-0.00012125093932840383,-0.005993692306929676,0.9461252209327855,0.013196026296327067,0.01981009607994697,-0.7068817460319998,0.706931129679576,0.0099279009726192,0.00020831151214943682,-0.40509320011208694,0.560272142198501,-0.20198606670211205,-0.0006026474726140216,0.010612628189722091,0.0002391831865947063,-0.393576076644394,0.5413546157278157,-0.19461261275563418,-0.0012879180637347463,0.045182355515823426,-0.5784362133222307,0.25326343396732787,-0.18723018768827565,-2.1386662376312535,0.8870582520422183,0.201079323938303,-0.01031413687754348,-0.5444539435787921,-0.19581074056828324,0.20542236200564037,-2.3586455951305743,-0.7350774513340028,-0.27609073430867387,0.034106343502113286,0.03070569970338388,0.24378277280983246,0.9921171067586367,1.25,1.309,1.25,1.309,1.25,1.309,1.25,0.08290544330434328,0.1580954317574429,1.1641372465273885,1.25,1.309,1.25,1.309,1.25,1.2650531961686666,1.25,28,2,88,100,100,100,18,5,94,100,100,98
-0.000126874386040541,-0.006013859402475718,0.9461281568308325,0.01323932648622977,0.019905144142617768,-0.7069024965428453,0.7069069004135874,0.009993382332100606,0.00022802452848954974,-0.40531505049623373,0.5602775668313845,-0.20190501840680947,-0.0005846076040605644,0.010678033508188297,0.00025900742509211343,-0.3937473620932183,0.5412546529825809,-0.19448605526329202,-0.0012699150676276554,0.0451011210186605,-0.5768272901701883,0.25243332900617266,-0.18623697629482783,-2.14532123995399,0.8835784645005134,0.20346144132700722,-0.009169366492788917,-0.5406661128769248,-0.1927858130351942,0.20584062936613803,-2.366674447350288,-0.7302263387970179,-0.27975588510798444,0.03426719474364627,0.03070569970338388,0.24378277280983246,0.9921171067586367,1.25,1.309,1.25,1.309,1.25,1.309,1.25,0.08290544330434328,0.1580954317574429,1.1641372465273885,1.25,1.309,1.25,1.309,1.25,1.2650531961686666,1.25,28,2,88,100,100,100,18,5,94,100,100,98
-0.00018826851009975102,-0.006018737850815085,0.9461431646725759,0.013429037558434609,0.01993920241797746,-0.7068879629073543,0.7069168954367127,0.009834255074237956,0.00019311555481699594,-0.40579355671887496,0.5602281480547974,-0.20160517073818732,-0.0006225615103004757,0.010519245105902781,0.00022449130424709928,-0.3941700729696857,0.5411283945150549,-0.19414782730671726,-0.0013081997948694163,0.04597307754112751,-0.5636564896941189,0.24270657468279047,-0.19596331680827614,-2.132225398680773,0.8825020549254076,0.213634424874267,0.0010907752392519598,-0.526202020708111,-0.17956391708138825,0.21605651809952955,-2.359052383605839,-0.7270369075619992,-0.2969715659225111,0.044223726048314635,0.03622120193907376,0.24567210917840882,0.9926837628068816,1.25,1.309,1.25,1.309,1.25,1.309,1.25,0.10319678081436953,0.15212342120260136,1.1364270379659096,1.25,1.309,1.25,1.309,1.25,1.2308316703134803,1.25,28,2,88,100,100,100,17,7,93,100,100,97
-0.00019079886484000782,-0.006122294449791557,0.9461372656791744,0.013243730353544552,0.01976809408984903,-0.7069014157156928,0.7069117445067149,0.009856663555156903,0.00021389463461900173,-0.4051734223680817,0.5605221438683959,-0.2018462405583688,-0.0006277806532912198,0.010541631381070808,0.00024504901129653825,-0.3935351288571495,0.541383387109901,-0.19436490318462374,-0.0013134491751936265,0.045939729647999764,-0.5632184043166408,0.24053977120707445,-0.19756376042677024,-2.130759801238173,0.8807876328518773,0.21657254901892675,0.00387645900981848,-0.5250066673101083,-0.17697565541196206,0.21838187737185424,-2.35973141012857,-0.7242029271552237,-0.30252751531044586,0.047361917399514786,0.03622120193907376,0.24567210917840882,0.9926837628068816,1.25,1.309,1.25,1.309,1.25,1.309,1.25,0.10319678081436953,0.15212342120260136,1.1364270379659096,1.25,1.309,1.25,1.309,1.25,1.2308316703134803,1.25,28,2,88,100,100,100,17,7,93,100,100,97
-0.00019385845222064454,-0.006192333386538771,0.9461325765427709,0.01314573383269667,0.019680981944801272,-0.7069068423860815,0.7069105776683698,0.009876719266143724,0.00022775497600614677,-0.4047894208342599,0.5606664771032157,-0.20210059295779426,-0.0006328767316757389,0.010561656638071282,0.00025870530403494194,-0.393132962463316,0.5414909759201365,-0.19459827657696496,-0.0013185281063756585,0.04590548761006145,-0.5635133649481202,0.23911123106417323,-0.19851723485418052,-2.1302225199477487,0.8789908745325817,0.21886897908447664,0.006071657279504611,-0.5246626473918639,-0.17543713993510313,0.22006214914711963,-2.361062551775234,-0.721320123908004,-0.30703029291809214,0.050059805513286544,0.03622120193907376,0.24567210917840882,0.9926837628068816,1.25,1.309,1.25,1.309,1.25,1.309,1.25,0.10319678081436953,0.15212342120260136,1.1364270379659096,1.25,1.309,1.25,1.309,1.25,1.2308316703134803,1.25,28,2,88,100,100,100,17,7,93,100,100,97
-0.000374698875207028,-0.00634544386343412,0.9461401103024564,0.013140762208597124,0.019157328781377915,-0.7068965315420367,0.7069353653739345,0.009312227877390958,0.0001584583064735437,-0.4038222046344782,0.5608574458793849,-0.2023313061759462,-0.0008008267316650806,0.009998458408145821,0.00018926972665027749,-0.39234373534779265,0.5419900891531533,-0.19491904439067056,-0.0014875486459155983,0.047672741612833226,-0.5449845025740988,0.22205775733803074,-0.2230540577134335,-2.0705004943648335,0.8861487632879784,0.24024729576550405,0.031070049534643308,-0.5103299225877054,-0.15853811860817077,0.23933878945116177,-2.3136155669296175,-0.7269213525127588,-0.3357886729212478,0.07666396386152509,0.05640167613501331,0.24602410718195103,1.0362689102858473,1.25,1.309,1.25,1.309,1.25,1.309,1.25,0.1449383370044537,0.13882231933303013,1.0740092642591497,1.25,1.309,1.25,1.2810483359117386,1.25,1.164091920326714,1.25,28,4,90,100,100,100,16,9,91,100,99,94
-0.00037107786058706145,-0.006422830776701757,0.9461252326083834,0.012954998891012138,0.018960967076962282,-0.7069065201808694,0.706934099797863,0.009288529533167198,0.00017388905859842504,-0.403037017915322,0.56102719809041,-0.20277252020906164,-0.0007983630776008153,0.009974868057091984,0.0002042408513281306,-0.39162605575055504,0.5422599549578556,-0.19539116363671413,-0.0014852383172087105,0.04779582122682006,-0.5485723889392655,0.21972229522116465,-0.22491142211879384,-2.0632931038397926,0.8859360484661734,0.24272119025103484,0.03396112806713933,-0.5133273166846796,-0.15659655159246202,0.24069105912134514,-2.3086511873545543,-0.7262583825109401,-0.3404002349608708,0.08053068705651405,0.05640167613501331,0.24602410718195103,1.0362689102858473,1.25,1.309,1.25,1.309,1.25,1.309,1.25,0.1449383370044537,0.13882231933303013,1.0740092642591497,1.25,1.309,1.25,1.2810483359117386,1.25,1.164091920326714,1.25,28,4,90,100,100,100,16,9,91,100,99,94
-0.0006543959928758752,-0.006593244786137115,0.9460761531488016,0.012734817741998656,0.01777018289784498,-0.7069246691228643,0.7069508874047647,0.008155803181813708,0.00012232756666755588,-0.40040661403425215,0.5613268300908238,-0.20355971883926327,-0.0010458159346871964,0.008844660863843713,0.0001516679214946527,-0.3897311824917521,0.543756125243717,-0.19658330207922173,-0.0017350140792360075,0.05105436335257184,-0.5369622575936754,0.1994411108076841,-0.2576888719058197,-1.947624363086175,0.9002879255897309,0.27658454433915197,0.07654689559654962,-0.5018345927617139,-0.1357136601044878,0.2656291762614748,-2.195403367829327,-0.7495791193717501,-0.37127736754144425,0.1266557115027296,0.09026226790088719,0.24623167918989072,1.090810676303473,1.25,1.309,1.25,1.309,1.25,1.309,1.25,0.2067538324929357,0.12131623060321402,1.0810127818552122,1.25,1.309,1.25,1.309,1.25,1.2393246518931949,1.25,28,6,92,100,100,100,14,13,91,100,100,97
-0.0006514348920919703,-0.006594750871251493,0.9460576926834701,0.012616751114988192,0.01764487846675798,-0.7069308778376587,0.7069499344471809,0.008136370603460103,0.00014664501775532067,-0.39984029938882004,0.5612945215794107,-0.2039394375507468,-0.0010353841545385077,0.008825328794845499,0.0001755100445055172,-0.3893306328236854,0.5439889624954173,-0.19706200127604145,-0.0017247685547955908,0.05113281174092813,-0.5434684928974831,0.19708014248293937,-0.25892476635777234,-1.9370147999772651,0.9007715399708129,0.2782340806764147,0.07942521232753195,-0.5080988108837978,-0.13373331519816298,0.265434601061589,-2.1852170536203794,-0.751316671583179,-0.37263706969954313,0.12995531602136032,0.09026226790088719,0.24623167918989072,1.090810676303473,1.25,1.309,1.25,1.309,1.25,1.309,1.25,0.2067538324929357,0.12131623060321402,1.0810127818552122,1.25,1.309,1.25,1.309,1.25,1.2393246518931949,1.25,28,6,92,100,100,100,14,13,91,100,100,97
-0.000990016677907719,-0.0064666431504478315,0.9459059088682107,0.012350000786592494,0.015954133191191103,-0.7069589312202563,0.7069667691501502,0.006371577219775742,0.0001163245765822897,-0.396573687149861,0.5615634518534508,-0.2046615752133396,-0.001288319577229136,0.0070639488798962796,0.00014353933306567637,-0.3876278814737741,0.5468111315464501,-0.19870620813202813,-0.0019810627434552405,0.054804324237548954,-0.5451604087214021,0.18102569695549478,-0.2923664231683084,-1.7767203769558377,0.9160698736193845,0.31482499727911356,0.1385982362704315,-0.5043492933134907,-0.11262177296079759,0.2836375754686187,-2.005261591796676,-0.7928751923622458,-0.38473605402358724,0.18694353851527262,0.13433814960563623,0.24949951150827726,1.1494271578059747,1.25,1.309,1.25,1.309,1.25,1.309,1.25,0.2752328554391919,0.11585741666162891,1.1188802830645221,1.25,1.309,1.25,1.309,1.25,1.309,1.25,29,9,94,100,100,100,13,18,93,100,100,100
-0.000990371311571443,-0.006397567737007531,0.9458882350762866,0.012296466459390077,0.015920223198649556,-0.706959036387149,0.7069683615809635,0.006399035833397388,0.0001286870738798434,-0.39635228811691137,0.5614212948563616,-0.20483100639185772,-0.0012815096568390358,0.00709140957575445,0.00015556935706538606,-0.3876463849808628,0.5470650872867867,-0.19904106275355643,-0.001974325139484317,0.0548735769690582,-0.5524684201220781,0.1787354498649638,-0.29286783639672975,-1.765188307235258,0.9164473122566614,0.31475531833115905,0.14145826646695442,-0.5120761911924084,-0.11084468360430065,0.28180361855730746,-1.9915807473878455,-0.7963319907736939,-0.38115966216976366,0.18869377985473273,0.13433814960563623,0.24949951150827726,1.1494271578059747,1.25,1.309,1.25,1.309,1.25,1.309,1.25,0.2752328554391919,0.11585741666162891,1.1188802830645221,1.25,1.309,1.25,1.309,1.25,1.309,1.25,29,9,94,100,100,100,13,18,93,100,100,100
-0.001258819006447249,-0.005852455841608651,0.9456424786307552,0.011938099830336195,0.014078534409615588,-0.7069711571383762,0.7070014565867201,0.0044597688050852825,5.731940704153893e-05,-0.39339950883495817,0.5619501905627433,-0.2051969223218521,-0.0014467752666209508,0.00515511022289945,8.218024878347432e-05,-0.38688041808180385,0.5512035060888723,-0.20079300849898266,-0.002142531229949561,0.05851130974380136,-0.5671753898977379,0.16899191473887068,-0.3201383927779081,-1.590594519230407,0.9252194124845537,0.33606517075216114,0.20437032985226256,-0.5185683569040234,-0.10324671577946876,0.2808797901214456,-1.7657192631441565,-0.8392397846660229,-0.35952041925046757,0.24345136263162412,0.18239565093295992,0.25785972589179273,1.2027893779552248,1.25,1.309,1.25,1.309,1.25,1.309,1.25,0.3284970578976501,0.13908743484640806,1.0899194588275272,1.25,1.309,1.25,1.309,1.25,1.309,1.25,30,12,96,100,100,100,16,21,92,100,100,100
-0.0012556805891626836,-0.005752666794077712,0.9456291799293612,0.011924795997591955,0.01410187184713015,-0.7069717320714999,0.7070006410906899,0.00451067671701542,6.326175769112936e-05,-0.3934427817678572,0.561821698583818,-0.20519147167512644,-0.001439103389442075,0.005205983274992947,8.796040884495484e-05,-0.38717706950837905,0.5514939750845409,-0.20097099185462844,-0.002134853250605503,0.05872130584936132,-0.5734576771737072,0.16688917311133783,-0.32016633370419023,-1.580167157227664,0.925060364820726,0.33380515940964006,0.2065698520800079,-0.5260573391548563,-0.10227968235321863,0.2781580581471073,-1.7509431096919226,-0.8427220466116772,-0.35165241181465196,0.2436787131481883,0.18239565093295992,0.25785972589179273,1.2027893779552248,1.25,1.309,1.25,1.309,1.25,1.309,1.25,0.3284970578976501,0.13908743484640806,1.0899194588275272,1.25,1.309,1.25,1.309,1.25,1.309,1.25,30,12,96,100,100,100,16,21,92,100,100,100
-0.001429938423127393,-0.0050565333346275255,0.9453809184274138,0.011612930172206923,0.012536435426365483,-0.7069732134471417,0.7070338415576997,0.0028094513292082233,-2.1123538443150693e-05,-0.39152455624650934,0.5626360901840463,-0.2051467350341669,-0.0015193965530056197,0.00350664080496059,1.9883107254101155e-06,-0.38736153995300804,0.55579319865594,-0.20229789611876262,-0.002216957051293399,0.062261374059973326,-0.5889191594898269,0.16299250117788983,-0.3399810688531505,-1.4372696660054274,0.9269964746039551,0.3269636484179291,0.24991308207442733,-0.5345466777802932,-0.10807540269299895,0.26370037081255854,-1.5452721982643256,-0.8681922994454414,-0.30739582536756993,0.27989733188867433,0.22657923690584955,0.2696751336888963,1.1957607276179336,1.25,1.309,1.25,1.309,1.25,1.309,1.25,0.3517759103949001,0.18851945277284737,1.0244458404933277,1.25,1.309,1.25,1.309,1.25,1.309,1.25,31,14,96,100,100,100,22,22,89,100,100,100
-0.0014230095750109794,-0.004971729078997792,0.945372223786455,0.011593328905071587,0.012560163041689524,-0.7069774039487884,0.7070295519531674,0.002866335318029403,-9.443980933557588e-06,-0.3915817436302555,0.5625711405979835,-0.205147514169805,-0.0015083145593596248,0.003563498277818709,1.3490525797317918e-05,-0.3876540141089247,0.5561131698698782,-0.20246824727168253,-0.0022058727149277453,0.06259021846809158,-0.5940304887289888,0.16119187752106412,-0.3398630609213619,-1.4277054393913262,0.926759799608412,0.32289865671900764,0.2510500782675779,-0.5412772256019301,-0.10780348068821587,0.2609081411426525,-1.5306058100212605,-0.870757534414721,-0.297583219932437,0.2793364846320834,0.22657923690584955,0.2696751336888963,1.1957607276179336,1.25,1.309,1.25,1.309,1.25,1.309,1.25,0.3517759103949001,0.18851945277284737,1.0244458404933277,1.25,1.309,1.25,1.309,1.25,1.309,1.25,31,14,96,100,100,100,22,22,89,100,100,100
-0.00153876948785302,-0.004443473898146256,0.9452046609851659,0.011528981236740237,0.011718705923259277,-0.7069722749076458,0.7070501799978801,0.0018285638808849772,-7.187292331693921e-05,-0.3911468396319541,0.5631968581192611,-0.20475460115622615,-0.0015838401926350136,0.00252656359851152,-4.9623161626225095e-05,-0.3883817355922534,0.5586728455348008,-0.20284143665354465,-0.002282196241050304,0.06562662270831722,-0.5990403305558737,0.16158444245468387,-0.3536494569521763,-1.3492979283708404,0.9266811310641475,0.30071710486469416,0.2639021223206649,-0.545250803053843,-0.11619807704754283,0.25628753164645823,-1.4281418054690473,-0.8698319392125932,-0.2575854199465439,0.28982556571846174,0.260943094361536,0.2805381327664791,1.0894641896921444,1.25,1.309,1.25,1.309,1.25,1.309,1.25,0.348516316030583,0.24251128299646207,0.9697397866332118,1.25,1.309,1.25,1.309,1.25,1.309,1.25,32,17,92,100,100,100,28,22,87,100,100,100
-0.0015274946554204125,-0.004406734794029861,0.9451996855565921,0.011458496308314489,0.01166827365842531,-0.7069798992076293,0.7070445363402184,0.0018419978323885615,-5.386890443868773e-05,-0.3909664791129894,0.5632481603442752,-0.20487888833063328,-0.0015628877970993932,0.0025400004147235816,-3.185683360849656e-05,-0.38843482777437344,0.5591016346262433,-0.20312402804110397,-0.0022612621202602293,0.0660113305901535,-0.6034886918441409,0.16013221437930186,-0.35374943732631464,-1.3388806514366594,0.9268463467117883,0.29465298588804323,0.2637112564799762,-0.5506385796510298,-0.11610215010756542,0.25378571424950397,-1.4141920444256193,-0.8703027869763311,-0.24733523218054274,0.28895543376151334,0.260943094361536,0.2805381327664791,1.0894641896921444,1.25,1.309,1.25,1.309,1.25,1.309,1.25,0.348516316030583,0.24251128299646207,0.9697397866332118,1.25,1.309,1.25,1.309,1.25,1.309,1.25,32,17,92,100,100,100,28,22,87,100,100,100
-0.0015783237021830085,-0.004135991755511199,0.9450889385097043,0.01131546316839037,0.011572118578228673,-0.7069417674877444,0.7070865461499036,0.001983326662700301,-0.0001785569763831924,-0.391091603752401,0.5635476842738927,-0.2048243229638247,-0.0015980437461512798,0.0026813669077110506,-0.00015687898408615097,-0.38889219282855686,0.5600105161534216,-0.20337748734521555,-0.0022963951147926334,0.0692288596941077,-0.6037752427954182,0.16023345130243363,-0.36173127704437513,-1.3104744731550022,0.9263939963557706,0.27467712240488257,0.2597457389795125,-0.5601955756746522,-0.12209222642733614,0.2621463044543272,-1.3976995268207058,-0.8547467114452632,-0.2180954795750918,0.2835325385222799,0.284413584010655,0.2866004292035263,1.043424219166956,1.25,1.309,1.25,1.309,1.25,1.309,1.25,0.33432790622259034,0.28028575815664064,0.959778686446597,1.25,1.309,1.25,1.309,1.25,1.309,1.25,33,18,90,100,100,100,32,21,87,100,100,100
-0.0015672409661212465,-0.004099243665282537,0.9450933525582412,0.011341253897687174,0.011514887274711633,-0.7069781163913137,0.7070507239759172,0.0018473724119669232,-0.0001123645483665818,-0.3911213855962607,0.5636341809122147,-0.20483149438708217,-0.0015983423839762393,0.002545487039135026,-9.075810610931986e-05,-0.38912584711723,0.5603878669979067,-0.20348910428266034,-0.0022967694646256896,0.06949190270614859,-0.6064379852973208,0.15940031778887204,-0.36258700631154944,-1.3003088996125824,0.9266864955765152,0.2658546909538639,0.25671119903407585,-0.5626735130546895,-0.12223000315772438,0.262197390912287,-1.3898309204919925,-0.8499039153003853,-0.2069432600534333,0.28095675587805524,0.284413584010655,0.2866004292035263,1.043424219166956,1.25,1.309,1.25,1.309,1.25,1.309,1.25,0.33432790622259034,0.28028575815664064,0.959778686446597,1.25,1.309,1.25,1.309,1.25,1.309,1.25,33,18,90,100,100,100,32,21,87,100,100,100
-0.0015152380055386155,-0.003957166687959427,0.9450005572097734,0.011232887819052323,0.0117495200216313,-0.706965860158945,0.7070608485697879,0.0023022591149938687,-9.667936887405321e-05,-0.39172346519041934,0.5639519268671607,-0.20477185576079102,-0.0015640111246409591,0.0030001945371926396,-7.508310607091975e-05,-0.38989951332556194,0.5610035181359767,-0.20358909339328105,-0.002262310485354592,0.07106516815200656,-0.6058629368223988,0.15905453431836078,-0.3656700179124416,-1.2863610505238432,0.9266898612363088,0.24291992226020362,0.24238221645328248,-0.5674056525730135,-0.12887565445666346,0.2663316677014821,-1.3907015366114222,-0.8218829730084052,-0.18375354642879335,0.26745519991204564,0.3001596303628824,0.2872603556469978,1.0656950393014242,1.25,1.309,1.25,1.309,1.25,1.309,1.25,0.3224629659813152,0.2974108415107465,0.9788220088216922,1.25,1.309,1.25,1.309,1.25,1.309,1.25,33,19,91,100,100,100,34,21,87,100,100,100
-0.0015063731424974213,-0.003917455541263114,0.9450093926509983,0.011334751761762882,0.01173451132890758,-0.7069835007964698,0.7070418334497178,0.002120963797314197,-6.195578352938504e-05,-0.3920003222556635,0.5640434711290204,-0.20471696677451998,-0.0015583164124027946,0.002818983915893722,-4.0281256094465834e-05,-0.3902954069997133,0.5612692819626185,-0.2035950853257235,-0.002256669937911692,0.0713559140138637,-0.6064145310725485,0.15862826671665378,-0.3659623439227943,-1.2801694623254187,0.9272396642444577,0.23360592542260197,0.2362673553279901,-0.566900472250628,-0.12853785649678093,0.26600655686277613,-1.388709387253535,-0.8125753650460328,-0.17560685886524893,0.2629448672815064,0.3001596303628824,0.2872603556469978,1.0656950393014242,1.25,1.309,1.25,1.309,1.25,1.309,1.25,0.3224629659813152,0.2974108415107465,0.9788220088216922,1.25,1.309,1.25,1.309,1.25,1.309,1.25,33,19,91,100,100,100,34,21,87,100,100,100
-0.0014148189285322242,-0.0038007545840948917,0.9449399156644992,0.01120837822998388,0.012247197941253002,-0.7069754364496368,0.7070432169654741,0.0029759297518973785,-2.901024804562188e-05,-0.3930984119109669,0.5644219150418448,-0.20456248827034576,-0.001497592640936609,0.0036734297658762784,-7.063259438285013e-06,-0.3913315305092905,0.5615549826320433,-0.203460408686217,-0.002195590009648608,0.07222676284145092,-0.6007588052765946,0.1588109502491513,-0.36498753116821725,-1.2776375770281885,0.9290549142897938,0.21640461646603965,0.21802102263183537,-0.5649627663765953,-0.1369565781988595,0.2684843461210115,-1.3995773293382896,-0.7736976801258623,-0.16287651874847925,0.24648739110783555,0.31274619443668716,0.2846077518899393,1.08856778858832,1.25,1.309,1.25,1.309,1.25,1.309,1.25,0.31696435853278465,0.3035809992955669,0.9932627234263532,1.25,1.309,1.25,1.309,1.25,1.309,1.25,33,20,92,100,100,100,35,20,88,100,100,100
-0.0014045356780918398,-0.0037870584071593707,0.9449493332116606,0.011331659397991843,0.012207363330295951,-0.7069861072597179,0.7070312708201528,0.002727609430383074,-1.643245612608083e-05,-0.39340624291847576,0.5646071777345909,-0.20452443969633435,-0.0014921671220969003,0.00342524698298049,5.646952541006458e-06,-0.3916645029214213,0.5617695683607591,-0.20342575776489252,-0.0021901882547999585,0.07249948240184022,-0.5991123489180314,0.15891755531342258,-0.3648982506307582,-1.2757236995906853,0.9301523553022982,0.20957635274029493,0.21098714654178935,-0.5621065595849946,-0.1362769524828295,0.2682490696429042,-1.4018582851342631,-0.7605391037189931,-0.1589715023253028,0.24148571613840372,0.31274619443668716,0.2846077518899393,1.08856778858832,1.25,1.309,1.25,1.309,1.25,1.309,1.25,0.31696435853278465,0.3035809992955669,0.9932627234263532,1.25,1.309,1.25,1.309,1.25,1.309,1.25,33,20,92,100,100,100,35,20,88,100,100,100
-0.0013167672114322113,-0.0036842857068186533,0.9449233185635386,0.011174722419142656,0.012755039412901277,-0.7069971473631607,0.7070130608190935,0.0037055507662094936,2.2007498017964075e-05,-0.39477454071311385,0.565424572289468,-0.20449081762641452,-0.0014649297942741616,0.00440237360532481,4.442319314227831e-05,-0.3926220561981951,0.5619029418096023,-0.20318365055055215,-0.002162181975485479,0.07366767256194764,-0.5843447297837348,0.16018430810114037,-0.3616444397850393,-1.2838014200539638,0.9383051683240032,0.20065727471305858,0.18829769837276059,-0.5562828957105342,-0.14679975637959428,0.2774474493747657,-1.4372731414478723,-0.692075591578261,-0.1508689961263134,0.21766152613538228,0.3268888068051074,0.28068573526132023,1.1031401708317514,1.25,1.309,1.25,1.309,1.25,1.309,1.25,0.31771230193043426,0.3118435974140183,0.9944561446622819,1.25,1.309,1.25,1.309,1.25,1.308777167136336,1.25,32,21,92,100,100,100,36,20,88,100,100,100
-0.0013027227177057688,-0.0037092177196548625,0.9449289472968329,0.011281214063287439,0.012678179873837092,-0.7070080746088242,0.7070018248931667,0.0034039650159605715,5.176181890096535e-05,-0.3949422500372609,0.5656402592862944,-0.20454148411090828,-0.001445032278151351,0.004101022547660281,7.427271778281502e-05,-0.3927658158606746,0.5620619342304791,-0.20318268551910948,-0.0021424001844622094,0.07355719214059017,-0.5819349486538457,0.1609343689430764,-0.3616798151064473,-1.2852738380322721,0.9403876456865198,0.19856684915887696,0.18318793973074346,-0.5518428860888448,-0.1447124608505626,0.278042396533933,-1.4430746366010483,-0.6780879722253018,-0.1509652657568519,0.2144868536010998,0.3268888068051074,0.28068573526132023,1.1031401708317514,1.25,1.309,1.25,1.309,1.25,1.309,1.25,0.31771230193043426,0.3118435974140183,0.9944561446622819,1.25,1.309,1.25,1.309,1.25,1.308777167136336,1.25,32,21,92,100,100,100,36,20,88,100,100,100
-0.001270350574716569,-0.003624294656255557,0.9449306469123325,0.010898576141234698,0.01328320835325568,-0.7070122574200163,0.7069925355134874,0.00488433014224832,8.209824156333096e-05,-0.395989880135372,0.5665384484354102,-0.2047404320183143,-0.0014935005509238808,0.005579877799666712,0.00010468855805643477,-0.39308036650600436,0.5617559362067687,-0.20298002961067005,-0.002189533458288392,0.07445858809332655,-0.5630474191126894,0.16207538118752077,-0.3577083128801679,-1.3039627979352555,0.9573609607727956,0.20622198262212652,0.16776391382864955,-0.5504824539016137,-0.15932229315169186,0.29542472772453965,-1.5023455720247776,-0.596681722332223,-0.14674015545122335,0.18876932725014714,0.34855202546707875,0.27583883375548435,1.0958421289244147,1.25,1.309,1.25,1.309,1.25,1.309,1.25,0.3276796678490636,0.330365799381053,0.983011549518057,1.25,1.309,1.25,1.309,1.25,1.309,1.25,32,22,92,100,100,100,38,21,88,100,100,100
-0.0012489942002866608,-0.0036579165108065388,0.9449347485533934,0.011060478609734734,0.013205911607138163,-0.7070212194179492,0.7069825068587651,0.004488048603825909,0.00011346145188490404,-0.3962218305450628,0.5667085179269582,-0.2047767094981407,-0.0014721999409976656,0.005183997504512583,0.00013619844927316758,-0.3932295872220064,0.5617723329468064,-0.2029151424581903,-0.0021684066325354406,0.0741256911982601,-0.5600485636166828,0.16344767703105842,-0.3579121300284213,-1.3086611940892334,0.9610679415654938,0.20827837738820482,0.16438240464968973,-0.544601473181115,-0.15727780080343876,0.2972071553905362,-1.5120878886044522,-0.5801316663694503,-0.1488456628611837,0.18656030601356066,0.34855202546707875,0.27583883375548435,1.0958421289244147,1.25,1.309,1.25,1.309,1.25,1.309,1.25,0.3276796678490636,0.330365799381053,0.983011549518057,1.25,1.309,1.25,1.309,1.25,1.309,1.25,32,22,92,100,100,100,38,21,88,100,100,100
-0.0011851714011667984,-0.0036479846504240735,0.9449558464127646,0.010789479113167652,0.013805019096565471,-0.7070097386373576,0.706986731176862,0.0057482494649283,0.00012702294461692002,-0.3975003458204911,0.5677921574548893,-0.20506498861233635,-0.0015161821132778,0.00644254127650927,0.0001500013910955043,-0.3933394707155825,0.5609465832682854,-0.20248879532897648,-0.0022106343851339607,0.07440406815819024,-0.5354120555570047,0.16473775573338312,-0.3545092653415531,-1.3462274071363831,0.9965031839597701,0.2305912826025824,0.15056473831087216,-0.5384709212062639,-0.17866495480560807,0.31834643068447194,-1.5917506502179986,-0.46136392677747046,-0.15345215099638246,0.1546243422778201,0.3846329902007548,0.2691847310756709,0.986485033982206,1.25,1.309,1.25,1.309,1.25,1.309,1.25,0.34948191943924883,0.39909355792565715,0.9682548430523226,1.25,1.309,1.25,1.309,1.25,1.309,1.25,31,24,88,100,100,100,46,22,87,100,100,100
-0.001171032451887864,-0.003702865525656933,0.9449581484026341,0.010892158041091966,0.013725687512432121,-0.7070140413448377,0.7069823984631853,0.005439169758611589,0.00013975023461337057,-0.397577691621231,0.5679472827253593,-0.20513266482567413,-0.0014704377443802443,0.006133874663313212,0.0001628343629583836,-0.39333263727107065,0.5609522160388908,-0.2024596275537921,-0.0021652484689530546,0.07415662312901858,-0.5325436469302756,0.16674513111194722,-0.3553062856977705,-1.3525593834119074,1.0015448160486078,0.23498127772942023,0.14855097613942023,-0.5325220280391706,-0.1760600228276817,0.319942670949844,-1.6008115749149794,-0.44519784429810233,-0.15704510039165895,0.15416344263775048,0.3846329902007548,0.2691847310756709,0.986485033982206,1.25,1.309,1.25,1.309,1.25,1.309,1.25,0.34948191943924883,0.39909355792565715,0.9682548430523226,1.25,1.309,1.25,1.309,1.25,1.309,1.25,31,24,88,100,100,100,46,22,87,100,100,100
-0.0011729307253315047,-0.0037628618553726583,0.9449585044009956,0.010934232731979594,0.013662967161700594,-0.7070161874528299,0.7069808176765233,0.005270144267506812,0.00014951277143911555,-0.3975519841425105,0.5680945480245482,-0.20524277352040524,-0.0014386763121810922,0.005965086649217785,0.00017263352691452045,-0.3932495229267901,0.5609980715267807,-0.2025023018935372,-0.002133777850871473,0.0738860112299345,-0.5301861883532736,0.1686500775680583,-0.3561177604499834,-1.3579484076002006,1.0057639396626838,0.23899793116555396,0.14692191479920336,-0.5275321144770778,-0.17326586660625792,0.32118801296488236,-1.608330349230558,-0.43183053621279627,-0.16053590249366514,0.154789994397871,0.3846329902007548,0.2691847310756709,0.986485033982206,1.25,1.309,1.25,1.309,1.25,1.309,1.25,0.34948191943924883,0.39909355792565715,0.9682548430523226,1.25,1.309,1.25,1.309,1.25,1.309,1.25,31,24,88,100,100,100,46,22,87,100,100,100
-0.001127486136449542,-0.0037733656582301625,0.9450010271183205,0.01044253563309265,0.014462652943532358,-0.7069818504663583,0.7070066818853619,0.0072142517056460725,0.00010243302015412845,-0.3986187401139463,0.5690056334091796,-0.2056623791774375,-0.0015565044033587665,0.007906168848404943,0.0001255927664539891,-0.39293309938966287,0.5596825682856599,-0.20214517153784672,-0.002248595389947118,0.07453234798501324,-0.5077526070390581,0.16575899004277192,-0.3542775122196096,-1.4045327357312496,1.0536342642022865,0.2601411688399665,0.13435291471805783,-0.5328719786484822,-0.20167404040853826,0.33855657029675745,-1.688394008086586,-0.3042733774756059,-0.17917294053326593,0.1160224444734276,0.438442398610951,0.26007826626388025,0.8022206415658433,1.25,1.210683100736267,1.25,1.1832126480541352,1.25,1.163671313430276,1.1356231393124412,0.37373775489188765,0.49633296277096306,1.013751422768195,1.25,1.309,1.25,1.309,1.25,1.309,1.2385152030927051,30,28,81,96,95,90,57,24,89,100,100,100
-0.0011135365744545489,-0.0038173289859314416,0.9450060051815327,0.010566278049826442,0.014399389786004432,-0.7069921344709016,0.7069958508635267,0.006898057168728405,0.00011686977177738014,-0.3987521237783841,0.5691066705578595,-0.20566295696513354,-0.0015127328902344022,0.007590501266764701,0.0001401883423283015,-0.3929548620761479,0.5595823871537605,-0.2020276786656133,-0.0022052410351350764,0.074515402928196,-0.5048281063287803,0.16814426402435897,-0.3554069163693108,-1.4116869416967903,1.0602376119708954,0.2647997682738432,0.1322342563663412,-0.5272778127442931,-0.1994499076616677,0.3407603659229332,-1.696798250131342,-0.2873451514233535,-0.18431454787904855,0.11542030853551012,0.438442398610951,0.26007826626388025,0.8022206415658433,1.25,1.210683100736267,1.25,1.1832126480541352,1.25,1.163671313430276,1.1356231393124412,0.37373775489188765,0.49633296277096306,1.013751422768195,1.25,1.309,1.25,1.309,1.25,1.309,1.2385152030927051,30,28,81,96,95,90,57,24,89,100,100,100
-0.0010095099307121662,-0.0038802596029177184,0.9451005774607687,0.010199550219426682,0.015258698450351963,-0.7069692879989323,0.7070060587598979,0.008646855537625961,0.00010097610224801786,-0.4000906817769731,0.5699638219711344,-0.2059303486463997,-0.0015253451971941024,0.009335884161011417,0.00012462402741581248,-0.3924679492100061,0.5574615456361607,-0.20116818733986278,-0.0022143526960603,0.07535027443654613,-0.48074304013556196,0.16521097959442413,-0.35775287537884937,-1.478512123799091,1.130908671995089,0.27975087486828565,0.10998040931554137,-0.5331437273321018,-0.2293809837745582,0.3580907400906091,-1.7968463409149198,-0.11708026445783601,-0.2401820684608273,0.06468194779217223,0.5037139078177696,0.2497624104535052,0.6835328244562551,1.25,1.0010223002010874,1.1084630759844838,0.9489530723215921,1.1468471073859214,1.0712903903503928,0.9434722672314317,0.3794139146852236,0.559934724209045,1.0411284654287603,1.25,1.309,1.25,1.309,1.25,1.309,1.2065113711249191,29,32,76,83,82,79,64,24,90,100,100,98
-0.0010185537356021815,-0.00393811607885808,0.9451088119033839,0.01026153606899191,0.015206128825130475,-0.7069834292041912,0.7069921536724008,0.008471064898271836,0.00013328301453057647,-0.4000882345944903,0.5700410030722933,-0.2059538428260485,-0.0014993832432409315,0.009160480958259012,0.00015703219907575483,-0.3923497661563274,0.5573256530417815,-0.20106973799188826,-0.002188849457425863,0.075308080037656,-0.4780032812772392,0.1681692899329953,-0.35907282031596205,-1.4850192630386945,1.1381197950742346,0.28333766719675724,0.1069165931071247,-0.5279047138251892,-0.2269031316166081,0.3611939986745002,-1.8043222140890594,-0.10070480024350346,-0.24763131871917807,0.06570492199024935,0.5037139078177696,0.2497624104535052,0.6835328244562551,1.25,1.0010223002010874,1.1084630759844838,0.9489530723215921,1.1468471073859214,1.0712903903503928,0.9434722672314317,0.3794139146852236,0.559934724209045,1.0411284654287603,1.25,1.309,1.25,1.309,1.25,1.309,1.2065113711249191,29,32,76,83,82,79,64,24,90,100,100,98
-0.0009483367413088385,-0.004067278030149327,0.94525591093891,0.009918228668945967,0.01611597701465807,-0.7069710649871308,0.7069892625039612,0.010299783341846853,0.0001590598214091184,-0.40124778769440056,0.5705355589716016,-0.20612574925537863,-0.0015470435375467652,0.010984945879368609,0.00018319565263982647,-0.3914648121819485,0.5544631039309078,-0.19993973512849197,-0.0022322749680817743,0.07556714170983368,-0.45633389246234274,0.16625885238942728,-0.36558468819852713,-1.5628541957739253,1.2212335549065432,0.28105337767088545,0.07208458919494261,-0.5359387763061744,-0.2529410725873113,0.3805649512139777,-1.9170930916299873,0.08885600621479228,-0.3395251001683202,0.025973753579602667,0.563520494430621,0.24204711268189416,0.5073140333724434,1.0439982754112296,0.7103324598403833,0.9735570835067113,0.7803504617611705,1.0445726283614758,1.0953301191350497,0.7534022464978201,0.352512718591922,0.5773248532633586,0.7991834545081078,1.25,1.068652237919541,1.1664679941170866,0.9217567410517782,1.2341827722904797,1.0532231782660606,1.1257809135011798,28,36,61,66,72,72,66,22,81,87,85,85
-0.0009681318036816344,-0.004128348447233683,0.9452665581423403,0.009941795882685161,0.016074079896904868,-0.7069822545097088,0.7069786959014138,0.010217225986604812,0.00019169636071026072,-0.401144336484414,0.5705537745340626,-0.2061701613694294,-0.0015468200653180665,0.010902616740669181,0.00021587406629168285,-0.39124668597406403,0.5542741707749862,-0.1998719812399066,-0.002232380609756579,0.07543113848376298,-0.45410426500995443,0.169219120726128,-0.36670385189480015,-1.5676555251473432,1.2278302750429826,0.2828602031159442,0.06832004357610257,-0.5318520690067188,-0.2511727968227755,0.3842073576879415,-1.9235198393692257,0.10301272357725719,-0.34700128375788597,0.029975591969250006,0.563520494430621,0.24204711268189416,0.5073140333724434,1.0439982754112296,0.7103324598403833,0.9735570835067113,0.7803504617611705,1.0445726283614758,1.0953301191350497,0.7534022464978201,0.352512718591922,0.5773248532633586,0.7991834545081078,1.25,1.068652237919541,1.1664679941170866,0.9217567410517782,1.2341827722904797,1.0532231782660606,1.1257809135011798,28,36,61,66,72,72,66,22,81,87,85,85
-0.0009069865325570998,-0.004254993800647009,0.9454433753209559,0.009695446176241134,0.017002736852755645,-0.7069618979691455,0.7069807494428845,0.011943900241233039,0.00020364180341313697,-0.40214190904336894,0.5704410424285259,-0.20611346385630686,-0.0016192810614691368,0.012624542415386224,0.0002282459969690451,-0.3903488839896016,0.5510588246490943,-0.19862160100532744,-0.0023000435209183856,0.07507033831916425,-0.43994497946039135,0.16578316795121506,-0.3756650226216508,-1.643154643672413,1.3025183417737167,0.2620293675510044,0.028712490090231434,-0.5456555634106092,-0.2743731963802027,0.40316415111177,-2.033835236201538,0.2758891110537567,-0.43459849657517813,0.012975481981808545,0.5982310091823386,0.24132625679423547,0.36097559324203976,0.822730860817362,0.4561667233104365,0.8546532557222499,0.7254009170171088,0.9446597892544888,1.072822091301943,0.5853366301150059,0.2999096992139968,0.5703960444859275,0.5039262969344448,1.0884947203791855,0.6739996790022295,0.9325592121109019,0.48576033412103464,1.068575312532759,0.6215166684636714,0.9599831954016995,28,38,47,52,65,64,65,19,63,63,61,62
-0.0009225368189853841,-0.004309850567290097,0.9454565678709481,0.009719608194380345,0.016969517513195306,-0.7069709905497378,0.7069721233634599,0.011870075586251375,0.00022907052248309008,-0.4020326786979298,0.5704029314008499,-0.2061150739956541,-0.0016193392514219603,0.012550944704982438,0.00025372903905760146,-0.3901217255379458,0.5508113660823216,-0.19851453870028016,-0.002300412301763135,0.0749892955163739,-0.43793352005584857,0.16858619776343176,-0.3766781661312297,-1.64701889400756,1.3084793670386765,0.2623384963416643,0.02459396472944205,-0.5421208379922025,-0.2735258126311557,0.4067640050817678,-2.040064333283961,0.28948610192478036,-0.44070047290051023,0.01913035340343445,0.5982310091823386,0.24132625679423547,0.36097559324203976,0.822730860817362,0.4561667233104365,0.8546532557222499,0.7254009170171088,0.9446597892544888,1.072822091301943,0.5853366301150059,0.2999096992139968,0.5703960444859275,0.5039262969344448,1.0884947203791855,0.6739996790022295,0.9325592121109019,0.48576033412103464,1.068575312532759,0.6215166684636714,0.9599831954016995,28,38,47,52,65,64,65,19,63,63,61,62
-0.0008720223879012402,-0.004450881512922074,0.9456361537430676,0.009611697390300225,0.017842285898152354,-0.7069442992716782,0.7069788015453373,0.013315824887745204,0.00023069423732052983,-0.40283992687533204,0.5698003781160388,-0.20595420261588118,-0.0016886248337128014,0.013992166952901166,0.0002557732535695012,-0.3894690931642546,0.547830502604805,-0.19745306017837716,-0.0023651324449168263,0.07443164396220905,-0.43278691160215743,0.16282849825424048,-0.38740980706825007,-1.7131357436647647,1.362043074806073,0.2354878874481997,-0.009984560174268041,-0.5600872816752982,-0.2916660245850989,0.4219238745955075,-2.1342035885219723,0.42470949095347266,-0.49633175900720805,0.016410940575003575,0.5981557505849926,0.2492350592200151,0.2828096613346572,0.6410730914589141,0.37066972786626945,0.744158337007435,0.6566239489142448,0.8377034208783372,0.9737278116141413,0.454458813917605,0.24151562501807686,0.5753875639735837,0.3728665039825846,0.756989282083104,0.5344869597769879,0.6050001377865047,0.31734604458690324,0.8059225983557246,0.2708597235588099,0.7316776184261173,29,38,36,44,59,55,66,15,45,45,44,40
-0.0008787032478910438,-0.0044915622298081935,0.9456523490233202,0.009664839043577442,0.017827936150704094,-0.706953029963094,0.706969708689749,0.013215647650520261,0.0002473641135532232,-0.40282018812632897,0.5697068583182576,-0.20584759903634178,-0.001680036959397774,0.013892310727487475,0.0002725834502364591,-0.3893196135895668,0.5475094175365155,-0.1972333989585728,-0.0023568955719525603,0.07449485133122932,-0.43058810548289633,0.16554714788286617,-0.3885594379195544,-1.7172316314766296,1.3675698820841247,0.23486081785505908,-0.014465258820018322,-0.5564889009360245,-0.29149309370463594,0.42534761776387464,-2.1410762589272045,0.4393207167295465,-0.500765573535428,0.023637792234152404,0.5981557505849926,0.2492350592200151,0.2828096613346572,0.6410730914589141,0.37066972786626945,0.744158337007435,0.6566239489142448,0.8377034208783372,0.9737278116141413,0.454458813917605,0.24151562501807686,0.5753875639735837,0.3728665039825846,0.756989282083104,0.5344869597769879,0.6050001377865047,0.31734604458690324,0.8059225983557246,0.2708597235588099,0.7316776184261173,29,38,36,44,59,55,66,15,45,45,44,40
-0.0008472298936562801,-0.004718872833908752,0.9458202898276195,0.009656465410442973,0.018554802632580764,-0.7069349174487233,0.7069692316266736,0.014308198617466484,0.00027031785140965947,-0.4032801079303806,0.5689169700864782,-0.20577839165985637,-0.001733966571346838,0.014981124994232672,0.00029589793022546094,-0.38873305407981096,0.5450089302648766,-0.1965128339171217,-0.002407191866091075,0.07426328951076815,-0.43184523445871553,0.159513181106851,-0.40190614723184787,-1.7716832219499983,1.4018793983163804,0.21337029859897655,-0.040720809688559886,-0.5736774869121571,-0.3032609607733733,0.4426993353933978,-2.2177820594875346,0.5371160542005909,-0.5262871643886039,0.02578655788899678,0.5699454702862327,0.263485882002059,0.255382004125784,0.502264603860206,0.44539308509055586,0.6357082634975488,0.6111741614756183,0.726618685596103,0.8853781104141745,0.3639336732514286,0.19512980004831332,0.6118358332483419,0.3153782382151572,0.4808964854681619,0.5304705033825434,0.28024119117419105,0.26941659806679835,0.5304076889827641,0.0772401220056622,0.5087141714049782,30,36,30,42,52,48,70,12,31,31,32,23
-0.0008441304477986988,-0.004737306892661096,0.9458388911186563,0.009758822907998977,0.018576070666418934,-0.7069409126689201,0.7069612726089599,0.014176025712225667,0.00027697425618090807,-0.4034088844312213,0.5687360416645272,-0.2055601637691607,-0.0017198291446863846,0.014849378677884066,0.0003028001895337572,-0.388725992274494,0.5445943831109158,-0.19618281886143787,-0.00239340120241754,0.07439574569642916,-0.4296109719538018,0.16196078453437676,-0.4033130093567769,-1.7763939419528956,1.4066092739349494,0.2126614876673506,-0.04533723257395236,-0.5702189995102018,-0.30348437924787036,0.44602875739329795,-2.2255069951250723,0.5521378983056158,-0.5284257852916767,0.033068520949632,0.5699454702862327,0.263485882002059,0.255382004125784,0.502264603860206,0.44539308509055586,0.6357082634975488,0.6111741614756183,0.726618685596103,0.8853781104141745,0.3639336732514286,0.19512980004831332,0.6118358332483419,0.3153782382151572,0.4808964854681619,0.5304705033825434,0.28024119117419105,0.26941659806679835,0.5304076889827641,0.0772401220056622,0.5087141714049782,30,36,30,42,52,48,70,12,31,31,32,23
-0.0008276525060204686,-0.005072125835308601,0.9459784188205851,0.009786793787234844,0.019074675794590826,-0.7069246460556263,0.7069638747558633,0.014878987766835687,0.00028500587147259197,-0.4034150100899744,0.5680283143857954,-0.20563657145987327,-0.001745623134819134,0.01554981790568862,0.00031110648750899743,-0.38807471682693806,0.5428145885958864,-0.19585052577020873,-0.0024169681081270076,0.07482276677651022,-0.434547207853634,0.15614853081985736,-0.41995625092116856,-1.8162477133483372,1.4262483377326878,0.20028057759358125,-0.06042425104030659,-0.5826150250040436,-0.30916212549829647,0.46644635817157426,-2.278117885071928,0.6135298969988923,-0.5353816978829394,0.03484421110860562,0.5309774691703703,0.27948468693656037,0.2433480636530382,0.3980471544992702,0.5002434253199339,0.532166596896339,0.5954390583378009,0.6227768049102576,0.8210924329820524,0.30873811562265224,0.17061466102870568,0.6739844946377371,0.2645857535900808,0.343904789627671,0.5144550829135632,0.1030065922857797,0.24780800821041443,0.33729267084301434,0.019121425859121917,0.35030782669458504,32,34,25,40,48,44,77,11,24,24,23,15
-0.0008162885944251161,-0.0050658156603507224,0.9459986702641168,0.009947205020210754,0.019140797977978276,-0.7069295858932189,0.7069549091376998,0.01471929629487129,0.00028997025097726487,-0.4036922187828177,0.5677281713235026,-0.20536917126348417,-0.0017311269898457604,0.015390626518072445,0.0003163844271551254,-0.38822466302190917,0.542296343640535,-0.19547995726829634,-0.002402746727026977,0.07501546792397738,-0.4327101000963234,0.15797742250186586,-0.42197404529159965,-1.8216037226725261,1.4299975071096278,0.20010921004755067,-0.06463891975049472,-0.5799004384083208,-0.30948850358192287,0.4701228472220206,-2.2860968788984417,0.6277838020321932,-0.5356155020655256,0.04087509928348419,0.5309774691703703,0.27948468693656037,0.2433480636530382,0.3980471544992702,0.5002434253199339,0.532166596896339,0.5954390583378009,0.6227768049102576,0.8210924329820524,0.30873811562265224,0.17061466102870568,0.6739844946377371,0.2645857535900808,0.343904789627671,0.5144550829135632,0.1030065922857797,0.24780800821041443,0.33729267084301434,0.019121425859121917,0.35030782669458504,32,34,25,40,48,44,77,11,24,24,23,15
-0.0008046354184038377,-0.005432060898452086,0.9460909948774988,0.009917670667981732,0.01941711675415247,-0.7069006783759507,0.7069766943097183,0.01517320486397691,0.00023368050204785741,-0.4033955375672085,0.5673389261587769,-0.20547444867590364,-0.0017329214328515273,0.015842915110335688,0.00026028527484632806,-0.3875438311492346,0.5413069403030721,-0.19537483167282094,-0.0024033655646727384,0.0766733349691281,-0.43838447636104966,0.15257438484557775,-0.44198787806648004,-1.8457942023139813,1.4403875788183913,0.19473758313750453,-0.06815505628727747,-0.58416158553207,-0.3106210558107528,0.4986051949470634,-2.313271472412364,0.6549150633405803,-0.5326097783479733,0.03908975469889576,0.49717916820550007,0.29269813837109643,0.2458135157544054,0.3200708002552392,0.49833900930662034,0.4454300860706981,0.5646517121320086,0.5399753134161631,0.7723830686324014,0.2820934567494551,0.1711947386588985,0.7420064245795422,0.2045344718160997,0.3112898568022381,0.47467225738311464,0.033995924596073514,0.2320786297525435,0.28307648727070206,0.012487918064482026,0.275693072583004,34,32,22,37,43,41,85,11,20,19,20,12
-0.0007812874669879505,-0.0054279839756032145,0.9461110852670492,0.010122263591155381,0.019481626553476745,-0.706918503184641,0.7069541964383603,0.014936303707887472,0.0002641071471922623,-0.4036612033889115,0.5669639871934088,-0.20529833830098357,-0.0017148365684763066,0.015606722885450244,0.00029100349564573135,-0.38771118034475954,0.5407444193926315,-0.19510032164015803,-0.002385561589443131,0.07687060729006039,-0.4375620889086671,0.15328646863778428,-0.44567228044126067,-1.851520277588658,1.443311475292462,0.19517863280050557,-0.07092029928553588,-0.5827378475044455,-0.3106000731437737,0.5046597027378348,-2.320521046155446,0.6662558859157628,-0.5313333765830692,0.04215978143950909,0.49717916820550007,0.29269813837109643,0.2458135157544054,0.3200708002552392,0.49833900930662034,0.4454300860706981,0.5646517121320086,0.5399753134161631,0.7723830686324014,0.2820934567494551,0.1711947386588985,0.7420064245795422,0.2045344718160997,0.3112898568022381,0.47467225738311464,0.033995924596073514,0.2320786297525435,0.28307648727070206,0.012487918064482026,0.275693072583004,34,32,22,37,43,41,85,11,20,19,20,12
-0.0007645211719771751,-0.005714588602648795,0.946167228566574,0.010277403152084698,0.019588674388793907,-0.7068856419877887,0.706981858304476,0.014847635743732346,0.00017757345750249107,-0.4034878027202341,0.5664842745270109,-0.20525704871563005,-0.0016913172119697483,0.015518281541563721,0.0002048192506453545,-0.3873105739030467,0.5399282721205934,-0.19493215270949613,-0.0023622360735501328,0.07949011858404705,-0.44174875937617186,0.14804041473318472,-0.47277469668098865,-1.8665713697208934,1.4512251346210923,0.19423458156736487,-0.06624577034477702,-0.5784952218918027,-0.30705297631487155,0.543386261219208,-2.3330736088346944,0.6744197594380501,-0.5239761489633704,0.037751160556321786,0.4749182266345982,0.30113586282669286,0.20856602530857396,0.26431734813106283,0.4325342322001474,0.3856891325643678,0.5259086490501432,0.4870581958594027,0.7212162632426498,0.27853021000187594,0.19623349390739697,0.7921573698048169,0.16159219891381352,0.34847821549301194,0.4523546449714006,0.06541022797576708,0.24574141620300552,0.3212685586343591,0.022566042577442966,0.27846407947651786,35,30,19,32,40,39,91,12,20,20,22,12
-0.0007337427556763942,-0.0057473649379731545,0.94618344257955,0.010394630447533764,0.019559260055453356,-0.706916823710626,0.7069497799411363,0.014584119335329385,0.00023924595385314948,-0.4034173153617461,0.5662058794347221,-0.20519600468635413,-0.0016525218082856917,0.015255617020719224,0.00026664443299797967,-0.3872243690575292,0.5395805822602596,-0.19480883680838748,-0.002324084566308099,0.07955564809961854,-0.44170531504477334,0.1479764400422355,-0.4770120271849274,-1.8701710133055889,1.4529842016814138,0.19568237042001352,-0.06667262425908983,-0.5776220792263245,-0.3059801141082135,0.5500937232684193,-2.3365607320336785,0.679673947599545,-0.5220609908060619,0.037807970526201495,0.4749182266345982,0.30113586282669286,0.20856602530857396,0.26431734813106283,0.4325342322001474,0.3856891325643678,0.5259086490501432,0.4870581958594027,0.7212162632426498,0.27853021000187594,0.19623349390739697,0.7921573698048169,0.16159219891381352,0.34847821549301194,0.4523546449714006,0.06541022797576708,0.24574141620300552,0.3212685586343591,0.022566042577442966,0.27846407947651786,35,30,19,32,40,39,91,12,20,20,22,12
-0.0007020283541589504,-0.005931049619748548,0.9461717120101802,0.010472697043597618,0.01953379855599365,-0.7068737029459852,0.7069924479186726,0.014401072255090606,0.00011954622108929764,-0.40314599434573517,0.5659198221938723,-0.20515197915172992,-0.0016073913107771997,0.015073136821397052,0.0001471493332812691,-0.3868390554215099,0.5391612495650302,-0.19472724995251872,-0.0022795224949659705,0.08304853972130789,-0.44398486845422946,0.14164902332335438,-0.5090887665944529,-1.8734844847705885,1.4594830113454464,0.19841346356612546,-0.05346919119689292,-0.5647786436605253,-0.30206559342754413,0.599936939299635,-2.3280024175720757,0.664539571818334,-0.507536134158858,0.027883447536648336,0.4616810910821126,0.30762265824441015,0.1812447459176098,0.2305536395919672,0.4412099846591309,0.35387552403175676,0.5368675365168306,0.4636939705817914,0.7066466386194366,0.29532459709596004,0.24292462932321188,0.8022144631002912,0.1657293448260334,0.46575480300266875,0.47785945549005904,0.19306624491380286,0.2844534473307705,0.46406364004401,0.053548481687023065,0.3465117792047287,35,29,16,31,39,39,92,15,25,26,29,16
-0.0006538498477357769,-0.006003109771052885,0.9461806122143085,0.010508677541860063,0.019364622132239353,-0.7069187982417596,0.7069514776831731,0.014023795449531841,0.00020366344884175443,-0.40269883646517524,0.5658095157201477,-0.20527271845645642,-0.0015449669539725017,0.01469707963127689,0.00023123452149454224,-0.3864597884686152,0.5391023881164316,-0.19482282558188507,-0.002218089755376029,0.08302613073784644,-0.4447843076051561,0.14037998469969037,-0.5134897701154618,-1.8741106475896043,1.460393918462786,0.20037918885418635,-0.05131032526769773,-0.5648822758634318,-0.3000490933059436,0.606930550235049,-2.326038001209921,0.661842808325624,-0.5043322624509649,0.023451174256435267,0.4616810910821126,0.30762265824441015,0.1812447459176098,0.2305536395919672,0.4412099846591309,0.35387552403175676,0.5368675365168306,0.4636939705817914,0.7066466386194366,0.29532459709596004,0.24292462932321188,0.8022144631002912,0.1657293448260334,0.46575480300266875,0.47785945549005904,0.19306624491380286,0.2844534473307705,0.46406364004401,0.053548481687023065,0.3465117792047287,35,29,16,31,39,39,92,15,25,26,29,16
-0.0005208135396399739,-0.006175716096371901,0.9460867470487514,0.010547604851163354,0.018949837108143353,-0.7069249768139235,0.7069559596340576,0.013182575038378243,0.00016010340048115291,-0.4018367442837381,0.5658699988587481,-0.20551724989739084,-0.0013698599410568954,0.013858502133951846,0.0001876255895109746,-0.385741307348402,0.539392026361139,-0.1951233706203344,-0.0020452923768501667,0.08713831354010092,-0.44609655779251556,0.12942818408444712,-0.5513867350513727,-1.86242059567759,1.466716576007038,0.20890675284733912,-0.02636853756705216,-0.5425910705703163,-0.29320154874343984,0.6726469518302044,-2.2777249300651845,0.6081533750697982,-0.47209985329343046,0.0007598879779383335,0.4526545623500633,0.3193556166876495,0.17258991995635775,0.22174649002024732,0.4834898876569928,0.3444529626391374,0.5739203180313096,0.4635158160983941,0.6803434097811607,0.3317338233553512,0.303502319852887,0.7616513444945073,0.10861061762113072,0.6832795771817908,0.4754134289032666,0.4198713012449217,0.34432492528521114,0.6543138834761827,0.13760421914147825,0.4569890875473912,37,29,15,32,40,39,87,19,31,35,39,24
-0.0004814175058340699,-0.006213089385424674,0.946085683158463,0.010534425306840199,0.018776155124716868,-0.7069501011433313,0.7069356663626611,0.012869396154859318,0.0002400082891108467,-0.40134545204244837,0.5658084739798047,-0.20574815738230878,-0.0012806081729338223,0.013546366400099461,0.0002673106182651833,-0.3854111603695407,0.5395574700493831,-0.19539900840420293,-0.001957255505755192,0.08681913393408572,-0.44744730151685475,0.12747423059664895,-0.5527478834704335,-1.8603899992327975,1.4665010164306547,0.21078411721693455,-0.02332171582838701,-0.5450086877241591,-0.28970364083157746,0.6747146745823699,-2.2699157979143187,0.5987197563748561,-0.4678370795455885,-0.00803006287198127,0.4526545623500633,0.3193556166876495,0.17258991995635775,0.22174649002024732,0.4834898876569928,0.3444529626391374,0.5739203180313096,0.4635158160983941,0.6803434097811607,0.3317338233553512,0.303502319852887,0.7616513444945073,0.10861061762113072,0.6832795771817908,0.4754134289032666,0.4198713012449217,0.34432492528521114,0.6543138834761827,0.13760421914147825,0.4569890875473912,37,29,15,32,40,39,87,19,31,35,39,24
-0.0003667534755752839,-0.006228522784371293,0.9459118987188363,0.010654178465692799,0.018345526750701835,-0.70693526474426,0.7069600141382979,0.011910138863742266,0.0001462416305018752,-0.4010401341308616,0.5661515128093754,-0.20581184277701273,-0.0011090188532715912,0.01258994075043927,0.00017357007565006242,-0.38549948613281604,0.5405722474449431,-0.19571367388522468,-0.00178827023800811,0.09060354534536083,-0.44539648230994655,0.11551715561473444,-0.5848327147271231,-1.8356055049659352,1.4712112003254054,0.22286584116591432,0.007478378694651953,-0.5138664147933178,-0.27974782691128536,0.7324609506451754,-2.1838497397881094,0.5169318484972099,-0.42238765365902997,-0.029942017413651614,0.44692761347549426,0.3432535374705819,0.17925528000984653,0.23996037084827096,0.5119779196529152,0.34956578250980713,0.6007855254354351,0.47801615987694934,0.6416382203440636,0.3832514922846312,0.36159258458591226,0.6826063251494803,0.06488491877750184,0.9028972978400268,0.5046430862049464,0.6851129059346707,0.47967300966251386,0.8274318004378537,0.3259339720779264,0.5654598257556208,39,28,16,34,42,40,78,23,39,47,51,35
-0.0003311908382518958,-0.006268460040895229,0.945900836848502,0.010572736702401065,0.018108113043822757,-0.7069603901850013,0.7069422325693122,0.011604596238071687,0.0002160211926897479,-0.40039704060419856,0.5662672638800256,-0.206171332590937,-0.0010170193441445155,0.012285362736122482,0.00024297889423762072,-0.38509753219001447,0.5410493469029318,-0.19617727378808736,-0.0016974832896594835,0.09027945608661955,-0.4471395713970172,0.11268670394368216,-0.5854148133134918,-1.8316848156840955,1.4705170927771456,0.22469334054380466,0.012072158483686563,-0.5179337145428701,-0.2743164043945198,0.7323592886045946,-2.1700382025777407,0.5014333376923513,-0.4152970876763208,-0.041760054673368435,0.44692761347549426,0.3432535374705819,0.17925528000984653,0.23996037084827096,0.5119779196529152,0.34956578250980713,0.6007855254354351,0.47801615987694934,0.6416382203440636,0.3832514922846312,0.36159258458591226,0.6826063251494803,0.06488491877750184,0.9028972978400268,0.5046430862049464,0.6851129059346707,0.47967300966251386,0.8274318004378537,0.3259339720779264,0.5654598257556208,39,28,16,34,42,40,78,23,39,47,51,35
-0.00032248063199630126,-0.006255744197540289,0.9458930243766379,0.01053006110765519,0.018005791101754355,-0.7069706441644286,0.7069352287088266,0.011486839244859713,0.0002613280904721449,-0.40008881760417475,0.56625254431435,-0.20637352421492522,-0.0009594917162148417,0.012168023832328064,0.00028802853601702267,-0.3850064752233995,0.5413762574221249,-0.19649541962949263,-0.0016406891842342221,0.08991053216589466,-0.4486768540156191,0.11050863104891843,-0.5850423178263842,-1.8286086521682414,1.4695617862560895,0.22596531283313837,0.015613683422740157,-0.5219046861384251,-0.2696402175931518,0.7307608902850273,-2.1583829976242566,0.4884542682221358,-0.4097541957742887,-0.053297621025271275,0.44692761347549426,0.3432535374705819,0.17925528000984653,0.23996037084827096,0.5119779196529152,0.34956578250980713,0.6007855254354351,0.47801615987694934,0.6416382203440636,0.3832514922846312,0.36159258458591226,0.6826063251494803,0.06488491877750184,0.9028972978400268,0.5046430862049464,0.6851129059346707,0.47967300966251386,0.8274318004378537,0.3259339720779264,0.5654598257556208,39,28,16,34,42,40,78,23,39,47,51,35
-0.00024518503267895945,-0.006169565500303402,0.9456659404329808,0.010644512535222831,0.017440331219162268,-0.7069672721373998,0.7069510628936462,0.010359416960986885,0.0001981008080748125,-0.39991320987943124,0.5670333593185198,-0.2065269822086789,-0.0008002587766234027,0.011043680469237519,0.0002246536963009993,-0.3856920194182006,0.5435869234587991,-0.19719861695070137,-0.0014844684788186335,0.09256249824092054,-0.444024164649157,0.09845304263462204,-0.6076845732897088,-1.792526912881206,1.470296709677126,0.2419475123157074,0.055432595056513836,-0.49057578506661487,-0.249490694759064,0.7695419403881743,-2.03508247541231,0.37857199320440893,-0.34761277142449826,-0.07657086171455238,0.4454376607996518,0.3795118276562605,0.2626162717022529,0.2783685925131413,0.6577155650949046,0.35793414758092945,0.7123617716149695,0.4957624931783025,0.6565012173612446,0.4357376444158429,0.39945579228526235,0.5948274949679021,0.16959060654339053,1.0359767596223561,0.5974071614155197,0.8558435702721101,0.574253291946005,0.9193480994175635,0.3763439852507207,0.6229599423086694,43,28,21,39,47,43,68,25,48,57,59,39
-0.0002489573306083096,-0.0061554940978934556,0.945651977472096,0.010559091712958957,0.017335935348938604,-0.7069763099346568,0.7069458735426284,0.01032123324396019,0.00023310795761947387,-0.39960244617764973,0.5671549904367246,-0.20680291626858896,-0.0007654661973832474,0.01100568383793788,0.000259342245965904,-0.3856194238344046,0.5440887605585126,-0.1976166535776521,-0.001450128974654694,0.09225198187005976,-0.44553642636467167,0.09609058730811322,-0.6067537375640215,-1.7889772060423716,1.4688764221261819,0.24302934202079093,0.060021841015968615,-0.49555081645334403,-0.2440855664353403,0.7667132286415258,-2.0208588181038087,0.36412391461972665,-0.33994287445579374,-0.08795965787183749,0.4454376607996518,0.3795118276562605,0.2626162717022529,0.2783685925131413,0.6577155650949046,0.35793414758092945,0.7123617716149695,0.4957624931783025,0.6565012173612446,0.4357376444158429,0.39945579228526235,0.5948274949679021,0.16959060654339053,1.0359767596223561,0.5974071614155197,0.8558435702721101,0.574253291946005,0.9193480994175635,0.3763439852507207,0.6229599423086694,43,28,21,39,47,43,68,25,48,57,59,39
-0.00024763334188941444,-0.006013497765972952,0.9454478230349235,0.010693569643015781,0.016971636260037923,-0.7069656244498972,0.7069633773945527,0.009555482885008106,0.00018442750266767542,-0.3999463941813605,0.5680115944453636,-0.20690102024319967,-0.0006958235968240551,0.010241934461680396,0.00021059317780048426,-0.3868965828499441,0.546502518835682,-0.19833613794659002,-0.0013825733747213056,0.0936429206881231,-0.43721200191258686,0.09023625736013355,-0.6167549604518519,-1.7527500457236278,1.4646092539850353,0.2581172611814492,0.10293568489344689,-0.47213058294402765,-0.2219831635128241,0.7773380134740745,-1.905694132882059,0.2676837363735913,-0.28024406410272323,-0.0972399279613673,0.44017809364547433,0.41777815405294366,0.3264047397370668,0.3210740940491019,0.7620666892232507,0.35527970250151003,0.792890425543947,0.5035717507501947,0.6904972292237807,0.47165823957119934,0.4113908773091752,0.5262918360874187,0.3356992812290524,1.0451503847037635,0.7082751704378875,0.8841006253948236,0.6341922617826203,0.9023428241899607,0.339231059690218,0.6103444843090978,48,28,25,43,50,45,60,26,55,62,60,37
-0.0002653523222151978,-0.005997758477167822,0.9454306418394093,0.010590118191097191,0.01689838404629151,-0.7069730455829865,0.7069592681565453,0.009616023094473947,0.00020576153879297792,-0.3997237724675664,0.568222787601615,-0.20717617900778923,-0.0006966127422340656,0.010302406178647984,0.00023163436323328529,-0.38687570462525994,0.5470384641030216,-0.19874402590560764,-0.0013834535046390335,0.09348485829058807,-0.438411592869405,0.0881594538094192,-0.615306961904612,-1.7495554799385078,1.4626252091155028,0.2588109297129061,0.10850172382062924,-0.47713265771582875,-0.21708483947853724,0.773994489553717,-1.8923440205678612,0.2553169950198257,-0.2719292274846934,-0.10570549782380262,0.44017809364547433,0.41777815405294366,0.3264047397370668,0.3210740940491019,0.7620666892232507,0.35527970250151003,0.792890425543947,0.5035717507501947,0.6904972292237807,0.47165823957119934,0.4113908773091752,0.5262918360874187,0.3356992812290524,1.0451503847037635,0.7082751704378875,0.8841006253948236,0.6341922617826203,0.9023428241899607,0.339231059690218,0.6103444843090978,48,28,25,43,50,45,60,26,55,62,60,37
-0.00030435715377128504,-0.00585365265310229,0.9453227620522551,0.01084907818048911,0.01697468413192302,-0.7069618303640929,0.7069647289713296,0.009379509860344921,0.0001826974513950739,-0.4008143861413719,0.568592040025494,-0.2069512123876143,-0.0007065102463283411,0.010066538717419683,0.00020891239828466519,-0.3885482059158619,0.5483827446244597,-0.19892572597756106,-0.00139410001678324,0.09433373935765563,-0.4267657369487936,0.09195729642569829,-0.613338300885299,-1.72292468505589,1.4550123358891982,0.2689215199675324,0.14226399986375274,-0.46657022144352384,-0.2004968599846574,0.7654326968841622,-1.834601960928439,0.20437728228675162,-0.23430601050455876,-0.10359567154522419,0.4115020896891122,0.44087908768624534,0.28093036060927973,0.3559956278340318,0.6698235947943976,0.33322772047530325,0.7220798870631215,0.49564637642316733,0.6952963959745746,0.4883967237693422,0.40064226711076806,0.4893688896159955,0.44572892134522457,0.9581745368777966,0.7434411288579128,0.7886619552786165,0.6423547129085924,0.7875070098260479,0.32956696218241516,0.5443183907268258,51,26,25,39,47,46,56,26,55,60,56,34
-0.0003343257412600011,-0.005864588852341524,0.9453025142704091,0.010700286200507551,0.016895347731106243,-0.7069687040229695,0.7069620234725158,0.009520233229991258,0.000201132238138108,-0.4005517709959836,0.5689279524291048,-0.20721499823602932,-0.0007383337532293937,0.010206997776270424,0.00022708773235051032,-0.3884219704822733,0.5489376816463808,-0.19928548199509,-0.0014257494213233933,0.09422203601054038,-0.42733800070838174,0.09057132059476972,-0.6112476879761567,-1.7200202333120742,1.452405171638006,0.2693130845499384,0.1493481147001133,-0.4701842127173548,-0.19650293641238134,0.7619694878614356,-1.8246310822915175,0.19484360296211922,-0.2258681505903323,-0.1074811986732673,0.4115020896891122,0.44087908768624534,0.28093036060927973,0.3559956278340318,0.6698235947943976,0.33322772047530325,0.7220798870631215,0.49564637642316733,0.6952963959745746,0.4883967237693422,0.40064226711076806,0.4893688896159955,0.44572892134522457,0.9581745368777966,0.7434411288579128,0.7886619552786165,0.6423547129085924,0.7875070098260479,0.32956696218241516,0.5443183907268258,51,26,25,39,47,46,56,26,55,60,56,34
-0.00031441063867142303,-0.005820010620072341,0.945274330356408,0.010933451163808167,0.017245614384918156,-0.7069517804606761,0.7069669218100759,0.009662157502901829,0.00014551094046104748,-0.4016731431556571,0.5689551909449007,-0.20712844262420352,-0.0007188355505945632,0.010348680352191681,0.00017179548805295217,-0.38974635063793295,0.5493251081663597,-0.1993847252282228,-0.0014061283297159075,0.09574318789642132,-0.4155271649934183,0.10060113027403755,-0.5988582831193484,-1.7031173049308166,1.4428003473256354,0.27691531262721203,0.16746889688674257,-0.4749357884699023,-0.18754021989315298,0.7453414698543073,-1.816309771905728,0.1845380167712375,-0.20889166781976234,-0.10712476483183589,0.34646590322534,0.43730224482379315,0.31658426072828527,0.3841951132713682,0.6614569575992347,0.299563722596374,0.6844293302798345,0.4818167190429221,0.6778005348741751,0.5060159709212113,0.3633726807966064,0.4793775428734437,0.39194782217549573,0.8162825760895902,0.6611876707489446,0.6080755126482739,0.6184998319450141,0.5965554669204853,0.45950562543596424,0.45010606748288623,50,22,27,37,45,46,55,23,48,50,47,36
-0.0003751452699206801,-0.005816208376459861,0.9452562127931293,0.010787748280733457,0.017260481539929096,-0.7069719118748062,0.7069486658054607,0.009982430395731873,0.00021142523542231793,-0.4016504652973059,0.5692983866646968,-0.2072381934960767,-0.000783663642950052,0.010668246378328488,0.00023762548871308607,-0.38977276339491074,0.5497242031417617,-0.19952187544245698,-0.0014704089259327004,0.0953434794760552,-0.4149154839256586,0.10089802074699179,-0.5950600844111519,-1.7006830919946223,1.439138471204867,0.27751178338656496,0.17465889006256646,-0.4764786039613893,-0.18495087093923673,0.7413870035070286,-1.8128484963652491,0.18093798872830427,-0.2016600962607209,-0.10779076151287649,0.34646590322534,0.43730224482379315,0.31658426072828527,0.3841951132713682,0.6614569575992347,0.299563722596374,0.6844293302798345,0.4818167190429221,0.6778005348741751,0.5060159709212113,0.3633726807966064,0.4793775428734437,0.39194782217549573,0.8162825760895902,0.6611876707489446,0.6080755126482739,0.6184998319450141,0.5965554669204853,0.45950562543596424,0.45010606748288623,50,22,27,37,45,46,55,23,48,50,47,36
-0.00041264686131769286,-0.0058381209247339,0.9452655434076412,0.010729407518802185,0.017944104784021104,-0.7069679002950012,0.7069365437366152,0.011148185769439238,0.0002538678452848947,-0.4029435008297994,0.569664966666401,-0.20730887166748066,-0.0008690534220245161,0.011831205324540304,0.00028038227675133254,-0.3908950679950468,0.5498165037433553,-0.1995558728485126,-0.0015534597083249476,0.09624499342636203,-0.4019425875580999,0.11667555753214634,-0.563727727844592,-1.6883992657832338,1.4203840048143495,0.290472437965921,0.18247483365382117,-0.49410484447176634,-0.18055784104344808,0.7036961087951993,-1.8441283241921136,0.20894611491712506,-0.2069576152725948,-0.11240212553766234,0.25787059929303263,0.4114913384609199,0.4348818222171275,0.41068344300346427,0.7931034080725677,0.2761900812674482,0.7583864879624955,0.4810851032004249,0.7015887093537421,0.547984830066429,0.291577165752418,0.4812537979992765,0.2212026628786184,0.6389401769399294,0.6152739224352605,0.37471712894835174,0.664013411167801,0.35291008642936983,0.554096030629117,0.34348797882235604,47,16,33,41,48,49,55,19,34,38,39,35
-0.00045814198733847846,-0.005818758424858138,0.9452538870354693,0.01070020727193624,0.018035911730691585,-0.7069653130199985,0.706937237411437,0.011404586468024046,0.00028141300517485506,-0.4032739660192798,0.5699415059711627,-0.20730874806555993,-0.0009644059414099955,0.012086835497464817,0.0003080134722645023,-0.3910974612398447,0.5498845850032723,-0.19948126131441052,-0.00164787800303208,0.0959498580754198,-0.40130803345725535,0.11690817067931594,-0.5606885587524213,-1.6886368269063698,1.416840356211938,0.29162825375843426,0.18603782493270404,-0.4924595617301844,-0.18051086025482704,0.7017211086471778,-1.847842027282355,0.21367660882614622,-0.2058310603221828,-0.11138543167952238,0.25787059929303263,0.4114913384609199,0.4348818222171275,0.41068344300346427,0.7931034080725677,0.2761900812674482,0.7583864879624955,0.4810851032004249,0.7015887093537421,0.547984830066429,0.291577165752418,0.4812537979992765,0.2212026628786184,0.6389401769399294,0.6152739224352605,0.37471712894835174,0.664013411167801,0.35291008642936983,0.554096030629117,0.34348797882235604,47,16,33,41,48,49,55,19,34,38,39,35
-0.0004603899468578004,-0.005858815156014219,0.9453074577688707,0.010633613248379142,0.019049457326669995,-0.7069372814674121,0.7069396894476268,0.013057747753525266,0.0002925786369113415,-0.40530876813049155,0.5705119019286964,-0.2072360752778728,-0.001086776470693326,0.013735201449638518,0.00031981179334848785,-0.3922334681860941,0.5490100332663752,-0.19892623809609297,-0.0017657356679227298,0.0970380126340245,-0.3876724993284283,0.13402187318610273,-0.5193270859544294,-1.6858648774731553,1.3950102714297545,0.31893654034702,0.166698220017578,-0.5075738590469956,-0.18519432253471338,0.6519268358350018,-1.9170244231985885,0.28733805291451314,-0.2630635935590535,-0.10796674807605462,0.1773421897101505,0.379372236222686,0.47627164220305723,0.4294505321178463,1.0403407634307502,0.28291271430034115,0.9270409522549937,0.5032791986609754,0.7996937364215134,0.6125895973190469,0.19538299496290013,0.4816905753712343,0.07988127640282768,0.44305567906976123,0.4102868692908261,0.1352206927951997,0.3809639415939198,0.10502995248761672,0.09930750656251787,0.24183319640212347,43,11,35,51,56,55,55,12,21,21,19,13
-0.0004759361812770435,-0.005876350522432901,0.9453021875882393,0.010635091158791608,0.019101729535922474,-0.7069336590988924,0.7069418790804733,0.013168060448100805,0.00029304763695388764,-0.40559167479466146,0.570813189869599,-0.20726082464400858,-0.0011510426481453522,0.013845059866165051,0.00032039589661808757,-0.3922709591052147,0.5489118021022714,-0.19879291779027403,-0.0018292037762945683,0.0970819318811099,-0.38689804722634946,0.13403743095804904,-0.5186150425782601,-1.6878769518894403,1.3929041386074064,0.3220034066288792,0.16616826486732766,-0.5037681432199872,-0.18651964650090957,0.6529854356086993,-1.9241003420515577,0.29663930234091074,-0.26836273060584875,-0.10375244669324402,0.1773421897101505,0.379372236222686,0.47627164220305723,0.4294505321178463,1.0403407634307502,0.28291271430034115,0.9270409522549937,0.5032791986609754,0.7996937364215134,0.6125895973190469,0.19538299496290013,0.4816905753712343,0.07988127640282768,0.44305567906976123,0.4102868692908261,0.1352206927951997,0.3809639415939198,0.10502995248761672,0.09930750656251787,0.24183319640212347,43,11,35,51,56,55,55,12,21,21,19,13
-0.0004296018281410678,-0.006019845244697141,0.9453836430298402,0.01057809015690774,0.02013147873442117,-0.7069072720661994,0.7069405464906656,0.01477549496524822,0.00030315480781010205,-0.4076433349151176,0.5715497886440358,-0.20731371925967082,-0.0012267856078223983,0.015447085917023184,0.0003312034105424231,-0.39282824565375246,0.5472157577092643,-0.1979381749153998,-0.0018996356711582763,0.09858245223194582,-0.37397408126212545,0.14800989655948285,-0.479551809318224,-1.696489281131707,1.3793803330794776,0.36484090379629214,0.1186832479292288,-0.5101606785931995,-0.19672705963517564,0.6047558284352529,-2.007500581476075,0.39373915809521254,-0.37053640743616423,-0.06930789182897172,0.13275707328954708,0.3551438897057661,0.4643374647503554,0.42734663369767606,1.2581455320551234,0.3217639703425377,1.0358375347079245,0.5393538103961741,0.887484600648284,0.6687979869660482,0.10513568453370255,0.4770667007638645,0.0728682467623416,0.2929961882474595,0.3803321673112829,0.0,0.24029495919252453,0.0,0.0,0.1696898372380127,41,8,35,61,61,61,55,7,15,15,9,7
-0.0004282775574624107,-0.006062941673583977,0.94538150043759,0.010582903668327254,0.02014595508583853,-0.7069082408614392,0.7069390933070617,0.014796229770971621,0.0003041091122438498,-0.407786373663755,0.5718103790750733,-0.20741294067287314,-0.0012547627856478707,0.015467665979820014,0.00033222588248779276,-0.39270415086626703,0.547034126942721,-0.19785172735014858,-0.0019271421544279673,0.09878612800925761,-0.3732366209868139,0.1481501955038829,-0.4805565776633828,-1.6993472083691346,1.379340041241341,0.3691135589467184,0.11553067646071799,-0.5068118226738609,-0.1985745476695402,0.6076648612096749,-2.014628589728208,0.40375669197390385,-0.3779872230328443,-0.06145913675195045,0.13275707328954708,0.3551438897057661,0.4643374647503554,0.42734663369767606,1.2581455320551234,0.3217639703425377,1.0358375347079245,0.5393538103961741,0.887484600648284,0.6687979869660482,0.10513568453370255,0.4770667007638645,0.0728682467623416,0.2929961882474595,0.3803321673112829,0.0,0.24029495919252453,0.0,0.0,0.1696898372380127,41,8,35,61,61,61,55,7,15,15,9,7
-0.0003709077589990519,-0.0062544417684435305,0.9454537810653475,0.010641042080742166,0.02096541172773426,-0.7069008758138627,0.706921757698909,0.015886406207036834,0.00035466718828742566,-0.4094097360536464,0.57228378081807,-0.20754445484117096,-0.0012623210391347756,0.01655382971764166,0.00038341491792523707,-0.3929571553004114,0.5452486792928029,-0.19709111556709852,-0.0019308761263479226,0.09996074001939023,-0.3639410885193093,0.1567714206639123,-0.45167019262309105,-1.716679737304674,1.3797930379509904,0.4053419582071808,0.05889771260557986,-0.5085072005754115,-0.20526029090507567,0.5770525831253523,-2.083328902272758,0.47916882485645906,-0.4694472501947998,-0.00735441040747499,0.13226633906376384,0.3437632259720418,0.42844555408125545,0.405544521733831,1.2319353118126863,0.3775327726374854,0.9950545657029132,0.5738573116453126,0.8241063548008588,0.6875983507826195,0.04586644989095506,0.4700500582918268,0.11421354339905301,0.2167533299230943,0.42095936568055375,0.0,0.22301864305873345,0.0,0.0,0.1391633392155773,39,8,33,62,61,59,54,3,13,16,9,6
-0.0003670133575592163,-0.0062961384517342765,0.9454529689013558,0.010648009959079743,0.020978011288811597,-0.7069000857904225,0.706922068997545,0.015895882985374588,0.0003530614942336379,-0.4095098905356871,0.572475015723161,-0.20763138952650986,-0.0012789017861787543,0.016563204661641958,0.0003818664824888181,-0.3928203780676302,0.5450492175193419,-0.19701317832739573,-0.0019471045841824258,0.10010799480231138,-0.3631097587572325,0.15734971458200314,-0.4531055286980308,-1.7196903345254289,1.3813928558323387,0.40929098460532365,0.054175683527652896,-0.5061488828400527,-0.20737722745743986,0.5800763752344456,-2.089618513049796,0.4882831253154078,-0.4761791385570873,0.0020257832661436,0.13226633906376384,0.3437632259720418,0.42844555408125545,0.405544521733831,1.2319353118126863,0.3775327726374854,0.9950545657029132,0.5738573116453126,0.8241063548008588,0.6875983507826195,0.04586644989095506,0.4700500582918268,0.11421354339905301,0.2167533299230943,0.42095936568055375,0.0,0.22301864305873345,0.0,0.0,0.1391633392155773,39,8,33,62,61,59,54,3,13,16,9,6
-0.0003503114720265078,-0.006456939718432719,0.9454911673872906,0.01084326442315208,0.021360549017552136,-0.7069170996196978,0.7068906314470372,0.016145387433715967,0.00040041384709313567,-0.41029810361967894,0.5724880060909986,-0.20778275693875217,-0.001253833420848506,0.016811850098106942,0.0004296001840444136,-0.3930511097772725,0.5441138289069116,-0.19676083390158644,-0.0019214237334285811,0.10064547920269996,-0.3616137574986915,0.15847280009097675,-0.4386945838731037,-1.7384728402261145,1.3857656337691404,0.4153545594892961,0.01821202702588043,-0.5087597194375985,-0.20244725583613232,0.5694382695036383,-2.134833860903356,0.5109417859894323,-0.519918921667716,0.03239413684619842,0.16090162448867693,0.3425326990362157,0.34084438969088404,0.385764495881469,0.9713441281882301,0.4301812665690713,0.8415799455000028,0.6033799137352933,0.7200871922962421,0.6757474080819453,0.022246280805185085,0.46455955789767167,0.17038989752763387,0.18075242344220727,0.4351219446156169,0.0,0.19856836047412996,0.0,0.0,0.14211509240642767,39,10,28,54,56,55,53,1,14,17,8,6
-0.00035925857125633883,-0.0064741775829012475,0.9454919748666754,0.010858393348330145,0.02143986644419673,-0.7069116657917438,0.7068934319883644,0.01626263217595653,0.00041762306051165433,-0.4105304050785953,0.5725876368174982,-0.20775560453927275,-0.0012823850159954695,0.016928570328447138,0.0004469308816911101,-0.39308489872776586,0.5438897666983127,-0.19659937035837047,-0.0019493954831490978,0.1004553499474964,-0.360106012258921,0.15955386614403158,-0.4393967937419648,-1.7418448886572195,1.3880103336409235,0.4173265292171215,0.01135720001419228,-0.5065112222919891,-0.20492369132255864,0.5716187163686932,-2.1421868263644264,0.5174865455196637,-0.5269549443157288,0.04137673975832875,0.16090162448867693,0.3425326990362157,0.34084438969088404,0.385764495881469,0.9713441281882301,0.4301812665690713,0.8415799455000028,0.6033799137352933,0.7200871922962421,0.6757474080819453,0.022246280805185085,0.46455955789767167,0.17038989752763387,0.18075242344220727,0.4351219446156169,0.0,0.19856836047412996,0.0,0.0,0.14211509240642767,39,10,28,54,56,55,53,1,14,17,8,6
-0.00041854498742851224,-0.006642921483266278,0.9454915447610108,0.010944640578420914,0.0213321901549124,-0.7068678516248365,0.7069391719554734,0.016056989286802686,0.00034099443643733344,-0.41040453605132815,0.5727520860555037,-0.20789680573292865,-0.0013336301400463614,0.01672357383759575,0.0003704081391593667,-0.3928030977646033,0.5438460751255189,-0.19665428225865922,-0.0020007885987078687,0.10131219627492241,-0.36579195972618633,0.15543971717365238,-0.44177007115295475,-1.7565044026116672,1.3903285335988775,0.4073998869431492,0.002811488995064967,-0.5031797479143123,-0.1981798111640325,0.5809337179512889,-2.155301428165313,0.5089259812914323,-0.5315416161752852,0.050540149716754926,0.19194254958149135,0.346452708536195,0.28864523950187027,0.3859950713289499,0.8575973905509154,0.46215986980251966,0.8378822734934351,0.6323493948053783,0.7663054482045216,0.6646385619259266,0.02861188055964384,0.4658735639316207,0.2099355851726139,0.18582611303104732,0.44773906940462405,0.0,0.20158619183046084,0.0,0.0,0.1700269650363279,40,12,26,51,57,56,53,2,15,17,8,7
-0.00040376119206546145,-0.006659757380319262,0.9454849503721797,0.011067413958857426,0.021442011460262145,-0.7069174322435687,0.7068843586351016,0.01601329258220438,0.00040047830762078525,-0.4107132981358653,0.5727071643367437,-0.2079396157009292,-0.001340783846201455,0.01668005989305223,0.0004300425912582041,-0.39302442754826294,0.5436000466502734,-0.19659449464749074,-0.002008069436591837,0.10079621629252353,-0.3654329999402834,0.155041855044238,-0.4436964603526755,-1.7636591666698669,1.3922719255080196,0.4017958549684709,-0.004251356318303581,-0.5011820748407175,-0.19740898613203842,0.5860042218774596,-2.1644176292311057,0.5047299682833427,-0.5347332788083119,0.05787907793946303,0.19194254958149135,0.346452708536195,0.28864523950187027,0.3859950713289499,0.8575973905509154,0.46215986980251966,0.8378822734934351,0.6323493948053783,0.7663054482045216,0.6646385619259266,0.02861188055964384,0.4658735639316207,0.2099355851726139,0.18582611303104732,0.44773906940462405,0.0,0.20158619183046084,0.0,0.0,0.1700269650363279,40,12,26,51,57,56,53,2,15,17,8,7
-0.00042657382019004606,-0.006845692946435401,0.945443758723992,0.011407605678003113,0.021212563966258435,-0.7069422735673317,0.7068610298397576,0.015189016761178342,0.0004672487167695672,-0.4107645063084813,0.5728762648201154,-0.20818099805753085,-0.001374963631217312,0.015858657029283182,0.0004971601990468208,-0.3930461181076733,0.5436748090194602,-0.19670722919384803,-0.0020444755041559687,0.09937624114296859,-0.37208660388928894,0.14657681650482407,-0.46950819115173137,-1.7935456726656507,1.3970931871939332,0.35710429504755586,-0.006038336910390123,-0.48621016476639156,-0.18983486425961163,0.6292254188695583,-2.171879826867687,0.4409313524620648,-0.4993861577883741,0.07975288980478096,0.20927600779499272,0.3524385770052973,0.38364869431580007,0.3975876267605126,0.9524035533461997,0.46062784596505785,1.0571160828027562,0.6533431749794547,0.9524392627826955,0.6653609100700958,0.06036893169784407,0.4848459997591461,0.264186841136245,0.2350569992144868,0.47150869103424226,0.0,0.2195174776726478,0.05015989003769103,0.0,0.230653228079086,40,13,31,55,67,63,56,4,19,18,10,9
-0.0003883346915591716,-0.0068764203571106295,0.9454401597256896,0.01144872082853463,0.021185269571644714,-0.7069339408993439,0.7068695172017875,0.015026631829380714,0.00046188361302034457,-0.4107538576049856,0.5728915067515774,-0.20824503333635022,-0.0013105431008062368,0.015696911045761396,0.0004918416175494018,-0.39307023487585524,0.5437532135351594,-0.19678235153946477,-0.0019808907235058996,0.09892566015035437,-0.3699543834618515,0.14765691700068423,-0.47071789430391514,-1.7951483144063394,1.3975503514553875,0.3498867379204085,-0.007917197824371072,-0.4869119852025087,-0.19089578840582086,0.62952682111596,-2.1748497361187327,0.43058251829951266,-0.4932687295861868,0.08203690553584972,0.20927600779499272,0.3524385770052973,0.38364869431580007,0.3975876267605126,0.9524035533461997,0.46062784596505785,1.0571160828027562,0.6533431749794547,0.9524392627826955,0.6653609100700958,0.06036893169784407,0.4848459997591461,0.264186841136245,0.2350569992144868,0.47150869103424226,0.0,0.2195174776726478,0.05015989003769103,0.0,0.230653228079086,40,13,31,55,67,63,56,4,19,18,10,9
-0.00038532824040701184,-0.006964401616861534,0.9453872656740869,0.011574171545978233,0.020561837366987364,-0.7069399730879065,0.70687985106918,0.013907733679953899,0.0004111500273362684,-0.40993193062467104,0.573196894047534,-0.2085568051504745,-0.0012827333842073457,0.014581711114593231,0.00044097972256090535,-0.39256889946803375,0.5445795630547333,-0.1972427570866045,-0.0019561144298246144,0.09802542797030254,-0.37990021603724267,0.1344167467775321,-0.5080542160034253,-1.8140390993033402,1.4010978015877502,0.2991622352998665,0.01616031187689436,-0.4660958381001637,-0.18347789344862983,0.6823873471116559,-2.146582805168915,0.3329590619275328,-0.4098048111129457,0.11666984444799575,0.22027585813922437,0.3597888566171462,0.6051769658196706,0.39745064459416984,1.0493385465900191,0.42454908034623934,1.1766653071646662,0.6472434412299523,0.9679391129906368,0.6561630249120856,0.11000003933205837,0.5393913960616158,0.3187918404326703,0.33499683856500223,0.4994249706205038,0.13667697806977122,0.2750096801877394,0.2111224788771401,0.0,0.33740454644806717,41,14,39,57,71,63,62,7,26,25,19,13
-0.00033269124243374287,-0.006994170427555202,0.9453762582042916,0.0115968333916132,0.02046302870411351,-0.7069370095385678,0.7068853106807406,0.01363671709638748,0.0004011900203203194,-0.4097040275030994,0.5731672250529665,-0.20870126571714126,-0.0011790327414096032,0.014311692836749448,0.00043093418300457146,-0.3925216689820288,0.5448479845712271,-0.19749057034352832,-0.0018537340035709752,0.097690162179556,-0.3787734679264359,0.13436449921739008,-0.5088109987112179,-1.8131961413068414,1.4002886702355921,0.2902932574329978,0.019168355875108813,-0.469210733176182,-0.18222513674241322,0.6801731796657899,-2.145061342081305,0.3159781744218972,-0.39455700929290966,0.11936810921346483,0.22027585813922437,0.3597888566171462,0.6051769658196706,0.39745064459416984,1.0493385465900191,0.42454908034623934,1.1766653071646662,0.6472434412299523,0.9679391129906368,0.6561630249120856,0.11000003933205837,0.5393913960616158,0.3187918404326703,0.33499683856500223,0.4994249706205038,0.13667697806977122,0.2750096801877394,0.2111224788771401,0.0,0.33740454644806717,41,14,39,57,71,63,62,7,26,25,19,13
-0.00030837698992815314,-0.006995111351122039,0.945367924360136,0.011599868521056307,0.02043128298335692,-0.7069308025419675,0.7068923865365339,0.01354071625863506,0.00038824652613906225,-0.40960175098801566,0.5731143700203003,-0.20876666791155285,-0.0011081714845683082,0.014216096871775916,0.000417924665617051,-0.3925818895509899,0.5450692637596967,-0.19766419422156425,-0.001783653145111533,0.09746240861780522,-0.3778171479532626,0.13450143700132322,-0.5084635869980741,-1.8117780694935952,1.3994241134910728,0.2831338554606229,0.021381512718284916,-0.471860529506575,-0.1815088528377693,0.6766295637731211,-2.143945308048065,0.3025998713683627,-0.3824078459826701,0.1204798115091347,0.22027585813922437,0.3597888566171462,0.6051769658196706,0.39745064459416984,1.0493385465900191,0.42454908034623934,1.1766653071646662,0.6472434412299523,0.9679391129906368,0.6561630249120856,0.11000003933205837,0.5393913960616158,0.3187918404326703,0.33499683856500223,0.4994249706205038,0.13667697806977122,0.2750096801877394,0.2111224788771401,0.0,0.33740454644806717,41,14,39,57,71,63,62,7,26,25,19,13
-0.00019628975263083414,-0.006946248606238321,0.9452829849340266,0.011573833484792868,0.01958875409723015,-0.7069233065307153,0.7069241584321919,0.012175625044994351,0.0002829758758442013,-0.4083126550544282,0.5734518020890794,-0.20905795755531015,-0.0009328056642352588,0.01285511734158272,0.00031216199907467123,-0.3920368164800521,0.5466495867422941,-0.1984181948844096,-0.001611895989018955,0.09715418374036437,-0.38888277533770177,0.11527867672945297,-0.5478134992222887,-1.8149661171176166,1.4016341512161217,0.2355789653482405,0.06344408134730783,-0.4494194352111384,-0.1739102174232968,0.7221210887725876,-2.065976626204057,0.1950082535076835,-0.26423903294139006,0.19434786152766836,0.2428895482052468,0.3678834144352156,0.6180220829688657,0.3783183715137468,0.9325683925427672,0.37008300925827275,1.000333279118985,0.6063254535540066,0.8836742676385001,0.6178643139311317,0.1588793987508537,0.6366726888089697,0.3996957401508265,0.4728289104403283,0.6392375199579453,0.33762539168496825,0.5474583165909799,0.3994055268028049,0.3658335601353333,0.4781768174345954,42,15,39,50,62,58,73,10,34,38,37,33
-0.00017895683124302686,-0.006936444556704412,0.9452678130336838,0.011565620374801775,0.019532275906836507,-0.7069266668681204,0.7069224952524658,0.012062664464028119,0.00028280132655643327,-0.40813113608652674,0.5733805946540567,-0.20915876980684095,-0.0008555050018099978,0.012742603073824715,0.00031184100241810894,-0.39210109403345583,0.5469787898833618,-0.1986756341315166,-0.0015354625435926327,0.09715256932268776,-0.3888787976140309,0.11421664111464071,-0.5472468361532404,-1.8121940358598387,1.400313532244019,0.22958126238936255,0.067759941239971,-0.4540913736021559,-0.17060352168270926,0.7178900959216197,-2.061232259987863,0.1831678882157365,-0.24960639132001153,0.20003103967656546,0.2428895482052468,0.3678834144352156,0.6180220829688657,0.3783183715137468,0.9325683925427672,0.37008300925827275,1.000333279118985,0.6063254535540066,0.8836742676385001,0.6178643139311317,0.1588793987508537,0.6366726888089697,0.3996957401508265,0.4728289104403283,0.6392375199579453,0.33762539168496825,0.5474583165909799,0.3994055268028049,0.3658335601353333,0.4781768174345954,42,15,39,50,62,58,73,10,34,38,37,33
-8.062068176219296e-05,-0.006752819639200892,0.945169371362559,0.011522954507025413,0.018988139602595346,-0.7068954609728861,0.7069692209211038,0.011219532054155386,0.00019116994241679872,-0.407634689364291,0.5737626871296335,-0.2090804009677202,-0.0007520365826994686,0.011901687656601285,0.00021994219444418817,-0.3921652269274874,0.5483301448005514,-0.19898823698436582,-0.0014336397531082626,0.09726624455033607,-0.3972277760333747,0.09709849436310002,-0.5781996649506348,-1.8065661409059441,1.4021014536787817,0.2078937406645527,0.10112366378589896,-0.42838354372190623,-0.16906302247712482,0.7500554800201348,-1.9683476330386944,0.13602171474116867,-0.17158045950339504,0.2783811855992798,0.27997547352222113,0.3753779018765106,0.4262638576096775,0.3548209776142084,0.7847688151224717,0.3224577299935592,0.8207221090213643,0.5484089974345412,0.7894299961426028,0.5609100141950594,0.18363628332515508,0.7458836822394939,0.6999986969518827,0.6118166957130937,1.0051944574181022,0.5140990706527414,1.018252277843238,0.5657969971871674,0.9788102103959487,0.5990085271841633,43,18,30,43,53,53,85,12,51,59,62,61
-4.4825658327523014e-05,-0.00677766244835263,0.945147531422488,0.011508997786668843,0.018800522830404735,-0.7069086907932883,0.706961233868003,0.010883007919481862,0.00017113311730590974,-0.40720074749217633,0.573799674766925,-0.2093057635041042,-0.0006480737795132,0.011566181929603831,0.00019966580370815086,-0.39202997890835684,0.5488463195130678,-0.19939461036962033,-0.0013309750202208299,0.09774572619990128,-0.39797659471678243,0.09464819943373812,-0.5788731043921258,-1.8032558182794451,1.4008826224569033,0.20380789523793943,0.10652538927798959,-0.43403732396430295,-0.16261257719011452,0.7473607952387324,-1.9586858052108467,0.12920883589632273,-0.15719989427662528,0.2897079836974932,0.27997547352222113,0.3753779018765106,0.4262638576096775,0.3548209776142084,0.7847688151224717,0.3224577299935592,0.8207221090213643,0.5484089974345412,0.7894299961426028,0.5609100141950594,0.18363628332515508,0.7458836822394939,0.6999986969518827,0.6118166957130937,1.0051944574181022,0.5140990706527414,1.018252277843238,0.5657969971871674,0.9788102103959487,0.5990085271841633,43,18,30,43,53,53,85,12,51,59,62,61
1.2069268064801384e-05,-0.006546856334339437,0.9450321757940813,0.011414332899624562,0.018628603947439547,-0.7069013747759465,0.7069746349476076,0.010704439021466616,0.0002052097159764177,-0.4072018837702471,0.5740539538891201,-0.2092786469529237,-0.0005440918666006409,0.011388169710399706,0.00023344531494898344,-0.3924704125616545,0.5498277808711739,-0.19965434670899185,-0.0012278186347568307,0.09729431775737102,-0.4007322800864037,0.08638831314611244,-0.5939544858357988,-1.7937157664910546,1.3992732503308136,0.2006312673628894,0.12486444835958384,-0.4248188981820949,-0.16311252341627533,0.7547275936496219,-1.9043038613093686,0.1395577955248643,-0.12882844056731566,0.32472509167426306,0.31135598732759606,0.3778018936814966,0.18881957959102033,0.3440313783583182,0.7372054514129726,0.2990269465849231,0.7633175143382775,0.5044262552253248,0.728264810333414,0.5120698635979102,0.17332370873377373,0.8095603968423026,0.6982328600811774,0.6754249148694079,1.0265960512251995,0.5833934067057742,1.0460799121567905,0.6420724931685449,1.0118971326109987,0.6365314829458371,43,20,21,40,49,48,93,11,54,63,66,64
4.3921732307086825e-05,-0.006575094946398178,0.9450160819667953,0.011411772168936159,0.018410072385441848,-0.7068925455937067,0.7069892288251474,0.010325479860849678,0.0001286817796929588,-0.4068412704362483,0.5742086754077903,-0.20943485960563038,-0.00047759389466443635,0.011010199188746047,0.00015674906447506708,-0.3923676644588563,0.5504278874043562,-0.19999615428720388,-0.001162266843461871,0.09831215462726221,-0.4019917883007518,0.08327338481537616,-0.5956507768591554,-1.7901602420964433,1.3976876981144015,0.1993632115733123,0.13029393468438968,-0.42816850814920526,-0.1565095363626098,0.7534535466010498,-1.892232718969521,0.1442189053412151,-0.11984687697583725,0.3334744692543892,0.31135598732759606,0.3778018936814966,0.18881957959102033,0.3440313783583182,0.7372054514129726,0.2990269465849231,0.7633175143382775,0.5044262552253248,0.728264810333414,0.5120698635979102,0.17332370873377373,0.8095603968423026,0.6982328600811774,0.6754249148694079,1.0265960512251995,0.5833934067057742,1.0460799121567905,0.6420724931685449,1.0118971326109987,0.6365314829458371,43,20,21,40,49,48,93,11,54,63,66,64
0.00010118664163942355,-0.00643048856437135,0.9448953386208799,0.011298921339812733,0.01827990766905469,-0.7068928449295966,0.7069941195933026,0.010192062205649596,0.00010577223744155492,-0.4067960282536407,0.5746361656942445,-0.20969336281118925,-0.000311181922028936,0.010877411581362142,0.0001334130499371686,-0.3929924906242888,0.5519651897931043,-0.2007217506714686,-0.0009971522845254274,0.0995798573659324,-0.4017623431218698,0.08126049034208947,-0.5953854913724278,-1.7750188022230358,1.3871655242849892,0.20705131802228957,0.1437289030134648,-0.4408962989373684,-0.14635397024461286,0.7325593361928983,-1.8755144535011032,0.2211085156434384,-0.13505869771052628,0.31689441617358505,0.3133141943884562,0.3753769855786533,0.23559454317080852,0.3534136924583866,0.749050494900775,0.29968152359423733,0.7611159909263968,0.49452062160233845,0.7430637537670466,0.48975328965710097,0.13601413692644881,0.7952050026581255,0.49479347765094905,0.6138097308191773,0.8305682443701501,0.5182777903077437,0.805910861016505,0.5746140165958072,0.7183920412602426,0.5723040209709153,43,20,23,41,49,48,91,9,43,52,54,50
6.337047164952836e-05,-0.006399327062505389,0.9448917012345049,0.011306555788180208,0.018315550263827165,-0.7069058944334503,0.7069800271789761,0.01028385139825611,0.00011506506189784542,-0.40697402728928045,0.5747203513957135,-0.20966288981753994,-0.0003465347929340286,0.010968980245543216,0.00014271746804965445,-0.393331226461061,0.5523030697142536,-0.20080658171933966,-0.0010323588404830995,0.1001379404856567,-0.4027591858689233,0.07938157545257911,-0.5952155546636675,-1.7729634940333239,1.3846785449110506,0.2078479685449084,0.14670311409318373,-0.44020461883338563,-0.14163406609121454,0.732332453138353,-1.8703211590434392,0.23600993998918482,-0.13750103048694162,0.3135374070889202,0.3133141943884562,0.3753769855786533,0.23559454317080852,0.3534136924583866,0.749050494900775,0.29968152359423733,0.7611159909263968,0.49452062160233845,0.7430637537670466,0.48975328965710097,0.13601413692644881,0.7952050026581255,0.49479347765094905,0.6138097308191773,0.8305682443701501,0.5182777903077437,0.805910861016505,0.5746140165958072,0.7183920412602426,0.5723040209709153,43,20,23,41,49,48,91,9,43,52,54,50
-3.934127404479666e-06,-0.006279186418091902,0.9448480130764447,0.011202427349192627,0.01880904797784713,-0.7069207252548901,0.7069538977477624,0.011277429759660543,0.000191972647211724,-0.4082959516316928,0.5754264734659614,-0.2096013321660682,-0.00047133685269564173,0.01196008602959195,0.00021984030713107059,-0.39488621507656607,0.5533835943132279,-0.2009714634287648,-0.001154983817085353,0.10180970182342433,-0.39772705739518366,0.08864744515882622,-0.574689988495372,-1.7608533153905064,1.3619972326624625,0.22794006671146028,0.14893151833966392,-0.4491105882824033,-0.1341432149277821,0.6995623438662102,-1.8981802088675483,0.38909604863962516,-0.22827503110519445,0.2359075629888061,0.2805510132963588,0.36853367175463114,0.48993496970558736,0.38440710096231545,0.8321108536295253,0.3133732650569899,0.8363776949584609,0.5169307539177008,0.8215491856472993,0.4979631090189721,0.08955191889532549,0.7207972533224773,0.27817429373416297,0.49559795226307074,0.627421815454869,0.35806227220131837,0.537796330931572,0.4172243436279934,0.3805927100620206,0.4448418577528985,42,18,34,44,53,51,83,6,30,38,37,32
-2.393900851508811e-05,-0.006290974393817373,0.9448520994257684,0.011200104091456936,0.018801571352253625,-0.7069290104911093,0.7069458484983754,0.011299368978230544,0.00021309516626481383,-0.408379158169143,0.5756028836997074,-0.20963307446909227,-0.0005177196560732343,0.011981920748921888,0.00024100227744743786,-0.3949643539663373,0.553542264872502,-0.2009937791222449,-0.001201081873829331,0.10188017491302737,-0.3977965957892006,0.08786937414055711,-0.5744472304225842,-1.7609728757824634,1.360017072808035,0.22935882624873438,0.1500534689145533,-0.44577472458304707,-0.1321549830958796,0.7020283443875931,-1.8965118937325047,0.4022340434105314,-0.23672377471498773,0.23055237060178854,0.2805510132963588,0.36853367175463114,0.48993496970558736,0.38440710096231545,0.8321108536295253,0.3133732650569899,0.8363776949584609,0.5169307539177008,0.8215491856472993,0.4979631090189721,0.08955191889532549,0.7207972533224773,0.27817429373416297,0.49559795226307074,0.627421815454869,0.35806227220131837,0.537796330931572,0.4172243436279934,0.3805927100620206,0.4448418577528985,42,18,34,44,53,51,83,6,30,38,37,32
-5.8705679700078354e-05,-0.006321756887597251,0.9448958071555214,0.011036558065059328,0.01954625597314106,-0.7069214385539846,0.7069357948047855,0.012723612557141153,0.0002649389200529619,-0.4097193190850581,0.5761274015624331,-0.20968089389487127,-0.0006383123799873797,0.01340213246399725,0.00029317092455615645,-0.3957530265789584,0.5531701584912017,-0.20075931764733418,-0.0013180113809123596,0.10325682757886233,-0.385921554030719,0.10917730612333686,-0.5381259667733332,-1.7545594641865998,1.3357971537558007,0.2638423025931388,0.13314979926532539,-0.4558501691897314,-0.13680091506289047,0.6620239523927282,-1.954676883931887,0.542236404138672,-0.3569956293375614,0.1700644909212911,0.22604113444416715,0.36030879020131534,0.6288880141995918,0.4331200170569943,0.9486179167453315,0.33210305648525684,0.9585274773591349,0.5548294965206214,0.9263762261560792,0.5328867808322357,0.04942192992336279,0.6289373895641308,0.13474512548061626,0.36520192547903657,0.4916913992516244,0.16985964904758546,0.33564912046635004,0.22253614678701963,0.07936362919997868,0.31275561048800166,41,14,41,50,59,57,72,3,20,26,22,16
-7.084929525722795e-05,-0.006348396634568985,0.9449030189007525,0.011029597576370608,0.019540491321113764,-0.706924681888109,0.7069328195193858,0.01274746534035041,0.0002736033336886924,-0.4097768073105102,0.5763012146475508,-0.20972721472489414,-0.0006823906068112826,0.013425840417886635,0.0003018786423563294,-0.39567877293291526,0.553123152712243,-0.2007127736522748,-0.0013616785715005757,0.10327798690114572,-0.38556432296489374,0.1090282584150004,-0.5381531249032511,-1.756081288974122,1.334291970754273,0.26668361347205716,0.13293572810371115,-0.45191719129020486,-0.13670235750893886,0.6651617635984763,-1.9557906187203904,0.5538481247699106,-0.36752829531061254,0.1679033995711248,0.22604113444416715,0.36030879020131534,0.6288880141995918,0.4331200170569943,0.9486179167453315,0.33210305648525684,0.9585274773591349,0.5548294965206214,0.9263762261560792,0.5328867808322357,0.04942192992336279,0.6289373895641308,0.13474512548061626,0.36520192547903657,0.4916913992516244,0.16985964904758546,0.33564912046635004,0.22253614678701963,0.07936362919997868,0.31275561048800166,41,14,41,50,59,57,72,3,20,26,22,16
-9.178265010972438e-05,-0.006462350853716519,0.9450053657761129,0.010820351212090422,0.020448234015451858,-0.7069196323311878,0.7069154285698076,0.014475358647631165,0.00034029324204715486,-0.4110748867164082,0.5765988423826454,-0.20974696609705892,-0.0008167867494620538,0.015148141006664902,0.00036894618762605124,-0.3958348584349515,0.551544492587489,-0.20005015699810294,-0.001490849730655865,0.10516317875230896,-0.3697760030831031,0.13418973824822078,-0.49250727432173186,-1.7508436428855831,1.3137178308762554,0.32402197077040007,0.09867273049122022,-0.46148133958686566,-0.14890510603826235,0.6242140260468518,-2.0239745883003333,0.6584336254040171,-0.4748139926903312,0.1515793301372772,0.16852494340870783,0.3533301435470936,0.708654570110686,0.484855058017964,1.1291343018594993,0.3570047510275962,1.1373370351846073,0.5910152508225872,0.9883172806309497,0.5842220279480973,0.022786163502704487,0.5515406417113946,0.13341130995965716,0.2565595777721046,0.46929667819355714,0.010232655964932516,0.27306526122797004,0.038454664876265865,0.0,0.21525139556193684,40,11,46,57,67,61,63,1,15,18,12,9
-9.372662373210561e-05,-0.00649485405737308,0.9450111153192116,0.01081493465758794,0.020450378744302534,-0.7069174266844946,0.7069176550683531,0.014496468815986364,0.00033970467982946873,-0.4111243100417809,0.5767482363780714,-0.20980284240859212,-0.0008499569759271358,0.0151690939258899,0.0003684001198199703,-0.3956641464043429,0.5513330795354979,-0.19995482978064882,-0.00152354738269101,0.10514147238383525,-0.3693838472256662,0.13431960245190025,-0.492972695831655,-1.7534043254422944,1.3130196897459954,0.3290922158384435,0.09705799862101439,-0.458119794701631,-0.15021723066335013,0.6271322355462421,-2.0273204695721367,0.6676159497286088,-0.4833682354817607,0.15406203947712535,0.16852494340870783,0.3533301435470936,0.708654570110686,0.484855058017964,1.1291343018594993,0.3570047510275962,1.1373370351846073,0.5910152508225872,0.9883172806309497,0.5842220279480973,0.022786163502704487,0.5515406417113946,0.13341130995965716,0.2565595777721046,0.46929667819355714,0.010232655964932516,0.27306526122797004,0.038454664876265865,0.0,0.21525139556193684,40,11,46,57,67,61,63,1,15,18,12,9
-9.419290893554278e-05,-0.0066407333112850145,0.9451177848216555,0.010657342914993154,0.021320364146097417,-0.70692236430991,0.7068894071586851,0.01605543887522723,0.0003972096382651748,-0.4122442538476617,0.5768030482354886,-0.2097880402658297,-0.0009256455184408079,0.016722503508394927,0.0004262590148457118,-0.39562091513165665,0.5494635003366263,-0.1992251036867484,-0.001594306541908464,0.10771847219867961,-0.3533039228909401,0.15534228191534313,-0.44676994906398065,-1.7458434260078302,1.3026000220925549,0.3970892934544874,0.055821562719523744,-0.4670378817132911,-0.16280578945090773,0.590062820447259,-2.081680637441329,0.7220972363047959,-0.5488644889606321,0.16869093567594054,0.1250624576695722,0.34869981994813765,0.7894705226878341,0.5186613700441007,1.309,0.39266002995671073,1.2394090211092363,0.6212848451057752,0.9218972400565638,0.6349050193425498,0.008930605436359705,0.4989707661359648,0.17466902597450346,0.1864776793474018,0.48013719743037425,0.0,0.25733335204268376,0.0,0.0,0.1597975728370966,40,8,51,66,72,61,57,1,14,18,10,6
-9.581964451217894e-05,-0.006667710301957397,0.9451209120228518,0.010647622089831617,0.021348449598692927,-0.7069149490784924,0.7068961215149769,0.01612547762742702,0.00040795119423732554,-0.41233534854551895,0.576940175697046,-0.20982798972169814,-0.0009670917035619167,0.016792147053929746,0.00043705621516416677,-0.39542908759412154,0.5491406885094342,-0.19907189197774144,-0.0016349711380106876,0.1075241456419293,-0.3530841116253437,0.15576922517320413,-0.44710736350998426,-1.7490743746902497,1.3030106489946625,0.40549000269851637,0.05216457308923516,-0.46414213612041366,-0.16524687255033543,0.5920186827313711,-2.086677177727719,0.7293538376801314,-0.5555995945013963,0.1739799755977276,0.1250624576695722,0.34869981994813765,0.7894705226878341,0.5186613700441007,1.309,0.39266002995671073,1.2394090211092363,0.6212848451057752,0.9218972400565638,0.6349050193425498,0.008930605436359705,0.4989707661359648,0.17466902597450346,0.1864776793474018,0.48013719743037425,0.0,0.25733335204268376,0.0,0.0,0.1597975728370966,40,8,51,66,72,61,57,1,14,18,10,6
-9.955207453194145e-05,-0.0068159641045093915,0.9452021799657869,0.010589375229540425,0.02200058037277136,-0.7069211176606877,0.7068708319069856,0.017203330745789946,0.00039737284954787183,-0.41320636736695737,0.5769404842888167,-0.2098160419816467,-0.0010193320796862803,0.017865884787129187,0.00042678042293366224,-0.3953609059701366,0.5475899833848341,-0.19848677103089607,-0.0016835644749191737,0.11044320204743424,-0.3402063428084472,0.16812512362711252,-0.41088695877826226,-1.742946474253418,1.3019878069748643,0.4648419514379482,0.015589735308793973,-0.47002852140492846,-0.1727343018861681,0.5676449905442783,-2.1262778311425974,0.7486376918758142,-0.5921847001609765,0.19286706463305495,0.10486838735875961,0.3461630711468265,0.6895268785195493,0.5280736078141945,1.3019827748912474,0.43833364714525924,1.0449959754248397,0.6565156512341586,0.7371789922215124,0.6740984471845999,0.0036332519038765956,0.4687929325382003,0.21740362214909487,0.15210116825463843,0.45534807662478854,0.0,0.20554807177919543,0.0,0.0,0.13315446730693367,40,7,47,67,66,55,54,0,14,17,8,5
-0.00010476461099583849,-0.006838023780870878,0.9452025833774117,0.010566613267012206,0.02204626075016194,-0.7069194743262562,0.7068713927506837,0.01732557243387366,0.0004551796138650316,-0.41330425271512605,0.5770727265376684,-0.20986022709774096,-0.0010635591351807387,0.01798747231005034,0.00048464001290408876,-0.39516272964792476,0.5472284319252659,-0.19831289997199297,-0.001726825351860137,0.10989573837420157,-0.3400364740263495,0.16880748310008184,-0.4103726679187288,-1.7461951471922876,1.3037537550912022,0.4759702894590176,0.009803475937639652,-0.4676329295182474,-0.17584777955216765,0.5684559382325576,-2.132226111530329,0.7527943005293667,-0.5976608161565814,0.19887889751841467,0.10486838735875961,0.3461630711468265,0.6895268785195493,0.5280736078141945,1.3019827748912474,0.43833364714525924,1.0449959754248397,0.6565156512341586,0.7371789922215124,0.6740984471845999,0.0036332519038765956,0.4687929325382003,0.21740362214909487,0.15210116825463843,0.45534807662478854,0.0,0.20554807177919543,0.0,0.0,0.13315446730693367,40,7,47,67,66,55,54,0,14,17,8,5
-0.0001254049826873944,-0.006976413896017374,0.9452372385126943,0.010601426129877157,0.022329497084527746,-0.7068920992855079,0.706889357178118,0.01772394025466145,0.0003389383472753013,-0.4137265726557962,0.5771202133418818,-0.20993343515821422,-0.0011108180924314748,0.018384270028690166,0.00036857853963651044,-0.3949969134256046,0.5463509330910747,-0.19805245132892807,-0.0017724669848932816,0.11262221754105381,-0.3335765706795697,0.1722529011524952,-0.39272911193889815,-1.7453637316053798,1.3066504828581182,0.5102923176547999,-0.013286351062229326,-0.4698920990961234,-0.17514189661737561,0.5637901327898883,-2.1587864050459045,0.7474148455109585,-0.6159712904648978,0.20760498006755718,0.1029273892443242,0.34424736285325247,0.444900081936745,0.5333976823375257,1.0497043850545298,0.48319908962367175,0.8629013239746786,0.7065996979892042,0.672179318045692,0.7088230467433809,0.004215354116001744,0.45595477052607436,0.21270552741528403,0.14299458126980014,0.4296705134167677,0.0,0.18412225280208036,0.0,0.0,0.11940540923154558,39,7,38,59,61,54,52,0,14,16,7,5
-0.00013420849053585561,-0.006996591463523097,0.9452361713363991,0.010573420180938299,0.022390378305732796,-0.7069281116586628,0.7068518364492811,0.017878120509622487,0.0004661348209449054,-0.41381506763420445,0.5772339375427238,-0.20999431428884444,-0.0011452106581851713,0.018537708131006827,0.000495818209338717,-0.3948448361379597,0.5460124622189904,-0.1978973689034118,-0.0018060480117587279,0.11160362354648834,-0.3331541286427815,0.17285615926803996,-0.3913110017450068,-1.7481500236483,1.3091166370478466,0.5216209364937163,-0.020432384938429998,-0.4679728876521456,-0.17787623140736952,0.5645610293560167,-2.1655119592325405,0.746108402356026,-0.6208317989968252,0.2113287210369823,0.1029273892443242,0.34424736285325247,0.444900081936745,0.5333976823375257,1.0497043850545298,0.48319908962367175,0.8629013239746786,0.7065996979892042,0.672179318045692,0.7088230467433809,0.004215354116001744,0.45595477052607436,0.21270552741528403,0.14299458126980014,0.4296705134167677,0.0,0.18412225280208036,0.0,0.0,0.11940540923154558,39,7,38,59,61,54,52,0,14,16,7,5
-0.00021224522356681736,-0.007095042482362392,0.9452176158483204,0.010583545117985564,0.02224887869329229,-0.7068176210385702,0.7069666375148149,0.01775473967021124,0.0003242815433765331,-0.4136287518159521,0.5774385110987715,-0.21014103882207238,-0.0012128778802622771,0.01841474146266899,0.0003539755191218462,-0.3943944440135934,0.54590214699107,-0.1979250297941944,-0.0018736253263000587,0.11336667876320243,-0.3336125450858215,0.17049549562398159,-0.3921924204709342,-1.7524049729341111,1.3113017818077808,0.5294719136241673,-0.02777768489666506,-0.46761148072716996,-0.17251267250268662,0.5753030857949094,-2.179527946027671,0.7291760885601981,-0.6259090443021166,0.20916777127821118,0.1061601055381606,0.3417314707365027,0.428026448167974,0.5575687820549803,1.1150661975968466,0.5081666790719201,0.8654998399782179,0.760313191830357,0.7211525761782445,0.7481628029899182,0.013072812803410367,0.456973606476926,0.20959617099297856,0.15360925490140917,0.4250152839693858,0.0,0.1840121923394496,0.0,0.0,0.11405200445013466,39,7,39,63,63,57,52,1,14,16,7,5
-0.0002047974220402001,-0.007140201331164855,0.9452132696759212,0.010599267016593144,0.022297624184127514,-0.706928083593042,0.706854409423839,0.01779162744322114,0.00045505564082135025,-0.4136619459947932,0.5775194521891518,-0.21028117687220504,-0.0012354893925185287,0.018451503147451857,0.0004847542106421717,-0.39429701329527467,0.5456473861766739,-0.19789528926884895,-0.0018960900957044739,0.1121719457770416,-0.33357132293652664,0.16974618946604264,-0.39306634988566963,-1.7557124342323114,1.3132919482873564,0.5363374131344112,-0.033977507433110135,-0.466080918552737,-0.17260911132584753,0.5806014344595182,-2.187830534906327,0.7170395739683406,-0.6290370438895586,0.20660156845862612,0.1061601055381606,0.3417314707365027,0.428026448167974,0.5575687820549803,1.1150661975968466,0.5081666790719201,0.8654998399782179,0.760313191830357,0.7211525761782445,0.7481628029899182,0.013072812803410367,0.456973606476926,0.20959617099297856,0.15360925490140917,0.4250152839693858,0.0,0.1840121923394496,0.0,0.0,0.11405200445013466,39,7,39,63,63,57,52,1,14,16,7,5
-0.00026502633923515756,-0.007331334164785291,0.9451357230092665,0.010732226395404977,0.021834534372119494,-0.7069834126613628,0.7068115213032714,0.016969150659942762,0.0006043273055304091,-0.4130188147941436,0.5779827762247999,-0.21092487128047918,-0.0013136917843179793,0.01763226347020619,0.0006339093202234488,-0.39353339303925977,0.5458238718703698,-0.1982940812337082,-0.001976781714892446,0.10946444122094769,-0.3401859756671953,0.15946804640093495,-0.4194100012878379,-1.7727522891097682,1.3160760402194942,0.5252898478357405,-0.0364727959969752,-0.4583006288831853,-0.1624839962882087,0.6272866418961096,-2.208915934066086,0.6272749726761353,-0.6134334295471991,0.16896087786723119,0.11001082546683572,0.34017130346485236,0.6410644782590554,0.590391391608108,1.309,0.49675863984887825,1.01439918426678,0.7874333656582602,0.8862146118180704,0.7781585027535908,0.038766380680672057,0.4703884252739109,0.2094758829009311,0.18924289174779904,0.44104253777069463,0.0,0.20293451103750398,0.0,0.0,0.1304380630390685,39,7,48,70,70,65,54,2,16,17,8,5
-0.00021707174827483654,-0.007341742835451638,0.9451364532434297,0.010775101763082008,0.02182492624318646,-0.7069651807652405,0.7068294015970522,0.01682412252677359,0.000601479954647248,-0.41306906084433087,0.5779896380050239,-0.21098249814142922,-0.0012517265406573122,0.01748783386368366,0.000631103528705091,-0.39356406414491374,0.5458138142914166,-0.19832835707830296,-0.0019155597668191685,0.10847513130405076,-0.33957299113506934,0.15945140845282663,-0.42065136123385205,-1.7741602624409856,1.3161222351971198,0.5247560971743126,-0.03847612254657824,-0.4573977069590327,-0.16402664682015403,0.6272760196544042,-2.210778633811066,0.6083047600380342,-0.6096944107585083,0.1567149515931175,0.11001082546683572,0.34017130346485236,0.6410644782590554,0.590391391608108,1.309,0.49675863984887825,1.01439918426678,0.7874333656582602,0.8862146118180704,0.7781585027535908,0.038766380680672057,0.4703884252739109,0.2094758829009311,0.18924289174779904,0.44104253777069463,0.0,0.20293451103750398,0.0,0.0,0.1304380630390685,39,7,48,70,70,65,54,2,16,17,8,5
-0.00018046877428651385,-0.007342487034459713,0.9451375419349418,0.010792465424771913,0.0218155257318827,-0.7069441366456753,0.7068504744211456,0.016734560474003117,0.0005651623438711328,-0.4131003013235648,0.5780066654816606,-0.21100539464556434,-0.001195547577608828,0.017398653980037707,0.0005948119664374742,-0.39357677111864475,0.5458241419930596,-0.19834832750124276,-0.0018599168673838747,0.10788631185239901,-0.3389416265095709,0.1596347460329001,-0.4212168090501922,-1.775127122514174,1.31625817592161,0.5245424392456828,-0.04024719255645838,-0.45659913472231023,-0.1657422369379872,0.6254489678839027,-2.2114154227176663,0.591976566361439,-0.6065008253756483,0.1451345012989552,0.11001082546683572,0.34017130346485236,0.6410644782590554,0.590391391608108,1.309,0.49675863984887825,1.01439918426678,0.7874333656582602,0.8862146118180704,0.7781585027535908,0.038766380680672057,0.4703884252739109,0.2094758829009311,0.18924289174779904,0.44104253777069463,0.0,0.20293451103750398,0.0,0.0,0.1304380630390685,39,7,48,70,70,65,54,2,16,17,8,5
-0.0001532468684440487,-0.0073797402504215594,0.9450304503857887,0.010932050439773707,0.020809762131073786,-0.70692616882612,0.7068966232074216,0.014941937422654022,0.00042346024272845817,-0.4116037581248315,0.5782659506751936,-0.2115790780045169,-0.0009963713333323134,0.015612936690001142,0.0004526275482065691,-0.39324088781161787,0.5480190668130518,-0.199628840372934,-0.0016679757484386892,0.10384887617054693,-0.34804852677483017,0.14206467029292308,-0.4629397085860364,-1.7844589684953998,1.3091273152394984,0.459324098497681,-0.011765690588324761,-0.442381553896609,-0.1470468331193505,0.6625308215642569,-2.187403240006111,0.32463894697354573,-0.4789330058537371,-0.0047087493837194815,0.1244407539367193,0.34367669254772787,0.6509161463015701,0.5968741989484845,1.309,0.45041211096722344,1.1547246858713829,0.7645940306998936,1.036250235262851,0.7680618166640348,0.09192359445598303,0.49454798836500974,0.14500134339045068,0.2605616177469276,0.45357141871272094,0.0005482777312214986,0.23314720758707705,0.0,0.0,0.1911722834227087,39,8,49,68,75,70,57,6,16,17,9,8
-0.00014349630821771994,-0.007350359009256252,0.9450342079712273,0.010896146744376252,0.020796184584256555,-0.7069191961601015,0.7069045499876341,0.014963966006169597,0.0003964851039122508,-0.4115463160671704,0.5782450077353939,-0.2115450370747609,-0.0009804345614603258,0.015634895934525987,0.00042559869391552775,-0.393271117767454,0.5481541768626994,-0.1996729468955036,-0.0016520236466148878,0.10382162861683579,-0.3479062225722966,0.14182720159814494,-0.46233888754527375,-1.7831730887229669,1.3081124328110085,0.4566084816378008,-0.010782510940133975,-0.4425514250485362,-0.14745624443716582,0.6572181545161931,-2.1825601399806858,0.3083185599647365,-0.47160978118420205,-0.019483596959769194,0.1244407539367193,0.34367669254772787,0.6509161463015701,0.5968741989484845,1.309,0.45041211096722344,1.1547246858713829,0.7645940306998936,1.036250235262851,0.7680618166640348,0.09192359445598303,0.49454798836500974,0.14500134339045068,0.2605616177469276,0.45357141871272094,0.0005482777312214986,0.23314720758707705,0.0,0.0,0.1911722834227087,39,8,49,68,75,70,57,6,16,17,9,8
-0.00021470824209528813,-0.0072067186663167405,0.9449362141438693,0.010899806204148158,0.019521889528079723,-0.70693370583363,0.7069263226180623,0.013093392912661254,0.0003342407269654337,-0.40926974129118243,0.5780388402236172,-0.21184403286210998,-0.0009108559358792107,0.013770702487893752,0.00036241681645340814,-0.3930059907439785,0.5512537844689454,-0.2012425662665383,-0.001588858270545965,0.1000214170071473,-0.3613117601941483,0.11533091603938131,-0.5085411061856789,-1.7777107852335265,1.303705953961604,0.3726393014089227,0.0430876034452907,-0.4271454652007484,-0.11884058911039452,0.6870913755088428,-2.093188901133955,-0.02222313875101964,-0.23659042208328426,-0.14243306383479706,0.16296207293711884,0.35535891426961175,0.4808223787881222,0.5638304649057753,1.2147086502961146,0.3915466931535099,1.1290688345592568,0.6947223920901786,1.0225073905596,0.7042241128910222,0.17441015873984766,0.5238186172708801,0.11184816847699516,0.3663227933779598,0.49851223323488075,0.16430665713956275,0.3158394763765817,0.1578709562356976,0.014371756645914627,0.30061545800362577,41,10,41,62,71,67,60,11,19,26,18,13
-0.00021060503630295058,-0.0071642152766822394,0.9449419368385474,0.010857461218431553,0.01951532015342613,-0.7069288717418506,0.7069319897366325,0.013143750091181202,0.0003130348996360578,-0.4092060071948479,0.5779762006224938,-0.21177528689053743,-0.000906785290260272,0.013820901136521528,0.00034114937120305523,-0.39304880576148454,0.5513761201620256,-0.20126607068403887,-0.0015846416564389777,0.100115673635372,-0.3614400108107495,0.1148423116706936,-0.5077736150216525,-1.7757508700042612,1.3025839690388081,0.3694020611209594,0.044691467963489655,-0.428610520047093,-0.11923646868700448,0.681580305168742,-2.0861573140017238,-0.035374907310641905,-0.22627978410183858,-0.1534729689171628,0.16296207293711884,0.35535891426961175,0.4808223787881222,0.5638304649057753,1.2147086502961146,0.3915466931535099,1.1290688345592568,0.6947223920901786,1.0225073905596,0.7042241128910222,0.17441015873984766,0.5238186172708801,0.11184816847699516,0.3663227933779598,0.49851223323488075,0.16430665713956275,0.3158394763765817,0.1578709562356976,0.014371756645914627,0.30061545800362577,41,10,41,62,71,67,60,11,19,26,18,13
-0.0003051726897359751,-0.007081113198369634,0.9448463872048415,0.010967757210893487,0.018240251451576397,-0.7069625442739993,0.7069306631646277,0.011139805383707044,0.00032298738449097845,-0.4069439563271283,0.5776168821049597,-0.2120087047271842,-0.0008795706504006537,0.011822863600327818,0.0003502672254471111,-0.3926273325562837,0.5540105560318217,-0.20260508695001958,-0.0015631544402316799,0.09719672257903425,-0.3738850112196341,0.08532639968858982,-0.5559159896271006,-1.7653312087340343,1.314864559599516,0.3103967203803652,0.09531477845604285,-0.406561898590412,-0.08784025467461992,0.7224045713415987,-1.9690461602919938,-0.3176370762378556,-0.008418619592238222,-0.148873494511436,0.22947822879341212,0.3742488571100417,0.4644382575146581,0.517882438325582,0.9594226741857753,0.3462702605428377,0.9210561484367351,0.6001740929652302,0.8484297170422573,0.6074620992293679,0.27104076656211923,0.5478469839621065,0.22129547948823947,0.5452417571675934,0.5616481924755441,0.4124742817157044,0.48630276499926195,0.42088202141475156,0.37606686187208904,0.4246930263762976,43,15,38,50,59,57,63,17,30,38,35,31
-0.00029996081760874893,-0.007028200146423243,0.9448475300141636,0.010926421575180123,0.018240947165597935,-0.7069527942208242,0.7069410356609899,0.011197300593949482,0.00028974300255976687,-0.40687925667408054,0.577510210499131,-0.21193465458419747,-0.0008666253558088642,0.011880218184731556,0.000316944282732014,-0.3927216024864576,0.5541817516588883,-0.2026665753550769,-0.0015501427765689216,0.09721949739548975,-0.3742490361537985,0.08485327035128046,-0.554969721363254,-1.7629344157175968,1.314304081980553,0.30687649071011197,0.09721936491984474,-0.40997168945162804,-0.08787121912681436,0.7161082830969764,-1.9609480173742813,-0.3319251256246765,0.005828680143510383,-0.15248614819640474,0.22947822879341212,0.3742488571100417,0.4644382575146581,0.517882438325582,0.9594226741857753,0.3462702605428377,0.9210561484367351,0.6001740929652302,0.8484297170422573,0.6074620992293679,0.27104076656211923,0.5478469839621065,0.22129547948823947,0.5452417571675934,0.5616481924755441,0.4124742817157044,0.48630276499926195,0.42088202141475156,0.37606686187208904,0.4246930263762976,43,15,38,50,59,57,63,17,30,38,35,31
-0.00037707035668339795,-0.006930815225286181,0.9447442976061525,0.011107962411102864,0.017207322426515886,-0.7069692324371163,0.7069476823734967,0.009435595103476323,0.0002520383642646031,-0.40525066463413595,0.5771631305251698,-0.21191651909039727,-0.0008369599306814638,0.010122961944831265,0.00027867654599470545,-0.3928005733517299,0.5566340479017922,-0.20371397363965935,-0.0015247614183298546,0.0952904578671741,-0.3824767628787395,0.0577715312040875,-0.5955299060504776,-1.7466497792497815,1.3368005471805973,0.27808369548182066,0.1341418046577878,-0.38528835747483464,-0.05843578361586907,0.7383782986028158,-1.8341563897424997,-0.5516099632119424,0.13912625522034358,-0.09870497375837706,0.31291795228837593,0.4134022034658197,0.3075889210299691,0.4913369054272518,0.8480004184061443,0.3242954046162766,0.8332006372144706,0.505046388161851,0.7422697860370219,0.5141314116037808,0.3575837901868841,0.5566902618493426,0.3038866239008836,0.682410315947835,0.6183909932128597,0.6055947540093667,0.5990027937775705,0.6284495176783209,0.5703936010249747,0.5119792199232078,47,20,31,45,52,49,64,23,39,48,48,42
-0.0003740891031466496,-0.006881798924001958,0.9447398387960897,0.01106583735034873,0.017204494992211286,-0.7069633733582185,0.7069542710287328,0.009490290583113627,0.00023303727365699134,-0.4051645357458009,0.5770631266670482,-0.21189546137111598,-0.0008225743913845161,0.010177554955543226,0.0002595637633691402,-0.3929040809378956,0.5568567789393868,-0.20384238657362747,-0.001510364880463062,0.09529637558732422,-0.3831915223106558,0.05727189091966723,-0.5949438238479274,-1.7443136320778994,1.3372288820471976,0.2757715771938419,0.13558217818496285,-0.3899381326292544,-0.05773130328613025,0.7330206034228488,-1.8256823957312776,-0.5659463929844502,0.1512307768488633,-0.09621718041871934,0.31291795228837593,0.4134022034658197,0.3075889210299691,0.4913369054272518,0.8480004184061443,0.3242954046162766,0.8332006372144706,0.505046388161851,0.7422697860370219,0.5141314116037808,0.3575837901868841,0.5566902618493426,0.3038866239008836,0.682410315947835,0.6183909932128597,0.6055947540093667,0.5990027937775705,0.6284495176783209,0.5703936010249747,0.5119792199232078,47,20,31,45,52,49,64,23,39,48,48,42
-0.00046547358221692397,-0.006702974703722582,0.9446606287858729,0.011482845900923402,0.016766413396893765,-0.706960551725824,0.7069609677594221,0.008307232241084248,0.00023404162941768135,-0.4052931012767773,0.5767729204160997,-0.21132236707925836,-0.0008763915768588154,0.008997027859007582,0.0002608161785703807,-0.3939209913756635,0.5580293242233274,-0.2038030737162681,-0.0015663398460608708,0.09327549502435808,-0.38367240833356164,0.040184039175274334,-0.6218212062092627,-1.7330861651405678,1.3570492313262492,0.2729413169937678,0.15222925632345063,-0.36729680511709717,-0.03921390639693262,0.7409680299282237,-1.7663274229398467,-0.6497225727569184,0.17995517560233623,-0.0837031211476105,0.389909871021112,0.47146770197675913,0.10785756040877273,0.4871546514805141,0.7981240571054398,0.31688925701507126,0.8280394019103505,0.42620012691204096,0.6962026407353801,0.44855819605581626,0.41908533584951735,0.5473079652025667,0.3453283499787677,0.7415057507036689,0.6705784322425926,0.6890587114009944,0.6656037202756332,0.729938633445954,0.6341132681806751,0.5355863688527579,54,25,24,43,49,45,63,27,43,53,55,46
-0.0004522643739933237,-0.006726955677710862,0.9446501793958961,0.011353666765871854,0.01664722847056448,-0.7069559790033456,0.7069704433614177,0.008298748008634931,0.00018984100688363486,-0.40481083062323964,0.5768325392312655,-0.2114978182012652,-0.0008411718222250231,0.008988619575135309,0.00021634310368551736,-0.3936773848698067,0.5584942981303279,-0.20416177396447063,-0.001531390414156428,0.09351472603833512,-0.384844452225586,0.0387953515020563,-0.6230220293895055,-1.7304342979025702,1.3596670403060063,0.2724423151542986,0.1537744806117212,-0.3712380720174268,-0.037399911843319186,0.7378632488973099,-1.7563770741336884,-0.6649776939206284,0.18820319430616692,-0.081832571803635,0.389909871021112,0.47146770197675913,0.10785756040877273,0.4871546514805141,0.7981240571054398,0.31688925701507126,0.8280394019103505,0.42620012691204096,0.6962026407353801,0.44855819605581626,0.41908533584951735,0.5473079652025667,0.3453283499787677,0.7415057507036689,0.6705784322425926,0.6890587114009944,0.6656037202756332,0.729938633445954,0.6341132681806751,0.5355863688527579,54,25,24,43,49,45,63,27,43,53,55,46
-0.0004899044641643776,-0.006530013105811771,0.9445527537911775,0.01175115546688334,0.01653640898204867,-0.7071488219691617,0.7067736562088306,0.007607414011542723,0.00047354112118922506,-0.4052729184547108,0.5765543859080364,-0.21137300512813215,-0.0008413412874265954,0.00829854468685625,0.0005001421193546708,-0.39457889413316527,0.5587174232617063,-0.2041489262853216,-0.0015322646142658476,0.08956862548906708,-0.38149249404018365,0.03365747919274202,-0.63186149533559,-1.7249753334428877,1.3686709403152404,0.27494714454790825,0.15835717267683186,-0.3684766045523856,-0.033411786237664755,0.7305232107251193,-1.746297318734144,-0.6706130433038149,0.18561082391120767,-0.09603122172889672,0.43663996218583145,0.49026706222901056,0.044158365965198294,0.4856925455328872,0.7576212134453735,0.31093442050006936,0.8108009943279127,0.37249741047901913,0.6615238386161713,0.41454296811821567,0.4566120789756679,0.5240973114458385,0.38004832441503106,0.7325805208814054,0.722179999149016,0.6750173019492511,0.7251032336598888,0.737360314477502,0.6775000764434442,0.50536934388664,56,28,21,41,46,42,60,29,44,55,57,46
-0.0004575343843123482,-0.006545998810271591,0.9445483755142056,0.011642676203226779,0.016427447851892422,-0.7069785158442069,0.7069483468985711,0.007526944951230981,0.0003140280145565465,-0.4050457722293472,0.5766508080190861,-0.2113333009609675,-0.0007993265204507416,0.0082183339022208,0.0003405336180499406,-0.39455225164048385,0.559321248652069,-0.20433629175030776,-0.00149087526414909,0.09018120176952532,-0.38145429715185664,0.031041903553841264,-0.6360939424737919,-1.7218456224025376,1.374537194101544,0.27659887391779747,0.16053919501292588,-0.36887903181697695,-0.03148962358979735,0.7271489020026208,-1.7377881115044551,-0.6742430080508832,0.18530515573763848,-0.10736746034305228,0.43663996218583145,0.49026706222901056,0.044158365965198294,0.4856925455328872,0.7576212134453735,0.31093442050006936,0.8108009943279127,0.37249741047901913,0.6615238386161713,0.41454296811821567,0.4566120789756679,0.5240973114458385,0.38004832441503106,0.7325805208814054,0.722179999149016,0.6750173019492511,0.7251032336598888,0.737360314477502,0.6775000764434442,0.50536934388664,56,28,21,41,46,42,60,29,44,55,57,46
-0.000492502309388521,-0.0064428623956934205,0.9444458952863402,0.011726190844562195,0.016348134116074227,-0.7069074466276083,0.7070198702028352,0.0073178243566747415,2.6605459050895163e-06,-0.40537277191952986,0.5769089541911617,-0.2112453173724265,-0.0007572912919920062,0.008009760418553395,2.9083810376828158e-05,-0.39598534527728135,0.5615201873903658,-0.20515458518530083,-0.0014498378411265571,0.09111032091244099,-0.3786190725394674,0.02923492855628759,-0.6468778262273761,-1.7153322534411484,1.3982686255645764,0.28400118248265604,0.1641136874390383,-0.3725606927272706,-0.03725359259972425,0.7046380914135236,-1.7283709483212293,-0.581313354958553,0.13739853786428297,-0.23318514616252628,0.4438244355187409,0.46053071839218435,0.033671363168372645,0.4725695719667745,0.7189448044876418,0.3015566355294099,0.7819249581859796,0.3459521568333693,0.634179660505421,0.4025483324602248,0.47811127159453676,0.4942757519082837,0.4146238728556919,0.6875349516975408,0.7736614874029021,0.6051704819214994,0.7839867505379455,0.6932167227244219,0.71935897111914,0.4477161183249603,53,28,20,40,44,40,57,30,43,54,58,45
-0.0005127966373899668,-0.0064498055062061285,0.9444507442516517,0.011732723891965922,0.016343901939044548,-0.7069278550356213,0.706999453913662,0.007328211298060231,3.607492128684027e-05,-0.4053826387770694,0.5769426794178004,-0.2112592668564637,-0.0007856158315696339,0.008020123857591151,6.250743634715584e-05,-0.39615718907133307,0.5617977313554937,-0.20526854188308302,-0.0014781083498401188,0.0915764101109745,-0.3792090800904068,0.0293222837924137,-0.6476264978047005,-1.7151521827526883,1.4003742314538803,0.2845489728382361,0.16374555128650045,-0.37127450826586034,-0.03665920764880105,0.7076523699501869,-1.7249313529741026,-0.5718611341359278,0.13289700731836535,-0.24678373536319598,0.4438244355187409,0.46053071839218435,0.033671363168372645,0.4725695719667745,0.7189448044876418,0.3015566355294099,0.7819249581859796,0.3459521568333693,0.634179660505421,0.4025483324602248,0.47811127159453676,0.4942757519082837,0.4146238728556919,0.6875349516975408,0.7736614874029021,0.6051704819214994,0.7839867505379455,0.6932167227244219,0.71935897111914,0.4477161183249603,53,28,20,40,44,40,57,30,43,54,58,45
-0.0005908630565852265,-0.006399481051364385,0.9444025110007397,0.012113468555889127,0.016517828994606087,-0.7069340160130857,0.7069828302076787,0.007107165554919436,6.976950804518532e-05,-0.4065565033538716,0.5770632066408112,-0.21098846555473558,-0.0008503690063765056,0.007799501434094192,9.67423787040969e-05,-0.398115254466715,0.5632011892549076,-0.2055257020772341,-0.0015432880410215287,0.08999732016728436,-0.37058038941259025,0.041526681995542186,-0.6449519381125177,-1.7228121492592294,1.4090838333878457,0.2825603840654546,0.1617437165808235,-0.36633919429508705,-0.04773874654080431,0.6941257790734948,-1.7417407610401465,-0.3954728851468789,0.023475684933624685,-0.40289313519259295,0.4219272031106622,0.3992410120675119,0.002309314946483777,0.4505121881465328,0.6860987377093671,0.2932047376397803,0.7543098700687347,0.3432495319399485,0.6268846554709827,0.3990729281338986,0.4881188498991321,0.464945493828519,0.4490616100986152,0.635757577775564,0.8248676150607012,0.5151448632138901,0.8420102040672045,0.6354568749987379,0.759649827088259,0.3870716864046889,46,27,18,38,43,40,53,31,43,52,58,44
-0.0006158710186801353,-0.006431277704899259,0.9444109506787414,0.012123190591023441,0.016495815361999854,-0.7069491193007745,0.706968074983089,0.007089582673538123,0.00010698189227270864,-0.4065006131102365,0.5770875043425816,-0.21103208590039035,-0.0008828802809538438,0.007781944389062459,0.00013396512467060156,-0.3981614421262451,0.5633746067726703,-0.20562139538741156,-0.0015757989396321865,0.09004876959898334,-0.3702833029128335,0.04213053956714474,-0.6451680459008913,-1.7236490588290108,1.4099432889115684,0.28251321899832343,0.16149042664728622,-0.3636528745917589,-0.04638582064108615,0.6988937019705305,-1.7403460653389133,-0.38320117678262317,0.01436206460513922,-0.4144489539232181,0.4219272031106622,0.3992410120675119,0.002309314946483777,0.4505121881465328,0.6860987377093671,0.2932047376397803,0.7543098700687347,0.3432495319399485,0.6268846554709827,0.3990729281338986,0.4881188498991321,0.464945493828519,0.4490616100986152,0.635757577775564,0.8248676150607012,0.5151448632138901,0.8420102040672045,0.6354568749987379,0.759649827088259,0.3870716864046889,46,27,18,38,43,40,53,31,43,52,58,44
-0.0006998983132512842,-0.00644662684824857,0.944396457047136,0.012516358522457319,0.016809425360154426,-0.7069360932081634,0.7069668621003227,0.007068993321756128,0.00010581777452109413,-0.4077172034492109,0.5769677631558103,-0.21070838306101886,-0.000966695895759437,0.007761409508839564,0.00013347472605357088,-0.3998083720591652,0.5639752561878874,-0.205603847168555,-0.001659725355894837,0.08695087497103847,-0.35665979850506085,0.06396895507952927,-0.6313871439436572,-1.73960999999872,1.4046390546347143,0.27468520965144383,0.15630678854142568,-0.3553800119772673,-0.05976884170219206,0.6828612413629936,-1.7737903265868227,-0.20017631439123454,-0.14290302017064663,-0.5409435920409629,0.3922183831161399,0.3851427659686773,0.0,0.432143959126109,0.6733741180917296,0.29378175221713587,0.7408585302571519,0.3567573418794797,0.6603887986437218,0.3942510895561213,0.48640387192282997,0.4441544598270005,0.48370712878898847,0.5981291343138997,0.8764010792197119,0.42959681688910223,0.8969525231481627,0.5894220008349653,0.7975001018978518,0.343645477334056,44,25,17,37,43,41,51,31,42,51,58,44
-0.0007256205495304415,-0.006490672801451829,0.9444043055455078,0.01252110136629335,0.0167822926889452,-0.7069493396706279,0.7069541765998272,0.007052533327918252,0.0001368953335551909,-0.40762189006983085,0.5769858068652414,-0.21076685148041313,-0.0010021693989822576,0.007744972720427003,0.0001645561884154843,-0.3997746594240492,0.5640779490580057,-0.20568803878933145,-0.0016951895855450093,0.08690309687887832,-0.3558257427157321,0.06479458737796054,-0.6313800576534686,-1.7410520760999397,1.4047423140397544,0.2743254170428514,0.15628163955928734,-0.3523202510486082,-0.05849014740939517,0.6881876682273261,-1.7742121984788515,-0.18854481059921785,-0.15511966880129094,-0.5480597722991406,0.3922183831161399,0.3851427659686773,0.0,0.432143959126109,0.6733741180917296,0.29378175221713587,0.7408585302571519,0.3567573418794797,0.6603887986437218,0.3942510895561213,0.48640387192282997,0.4441544598270005,0.48370712878898847,0.5981291343138997,0.8764010792197119,0.42959681688910223,0.8969525231481627,0.5894220008349653,0.7975001018978518,0.343645477334056,44,25,17,37,43,41,51,31,42,51,58,44
-0.0007967102398843415,-0.006553309399891418,0.9443992635512057,0.012923480586315508,0.017268996326033383,-0.7069322742174667,0.7069522792134885,0.007265890432260677,0.00013913919249670362,-0.40902976878604574,0.5767370984582197,-0.2103701927301644,-0.0010902195191916828,0.007957968602229035,0.00016764138807711808,-0.40134485333166353,0.564110637024592,-0.20542680863993867,-0.0017829653734524544,0.08280316207398176,-0.3376726527112605,0.09422233078506068,-0.6072931635526707,-1.7615529756836117,1.3873609436467398,0.2652421618204404,0.14558580166857063,-0.3406548909791089,-0.07486690971886178,0.6648865713049423,-1.8172474088426038,-0.034890584880976114,-0.33495713557667567,-0.6163004732540652,0.3719751119737136,0.3726363299608316,0.0,0.4307491618010852,0.6909444349380192,0.3101333754599278,0.7584665462152844,0.3762407577521115,0.7475174151391157,0.3870976569039586,0.47409924833639244,0.44135772678031227,0.5215535289676418,0.5890002420212209,0.9291515265595529,0.3726602496982302,0.9319020083810634,0.5729956164136643,0.8227886486688957,0.33622537582548107,43,24,17,39,44,44,51,30,43,50,59,45
-0.0008177675779742997,-0.006603119979081492,0.9444024722829552,0.01292231625663415,0.017244963872384816,-0.7069428276487305,0.70694233385731,0.007258345258600754,0.00016220175370411507,-0.40893517384109446,0.5767803697480374,-0.21045319731423978,-0.0011234480244636791,0.00795043261695924,0.00019069945349282872,-0.40126939759165003,0.5641720934306332,-0.2055102906398121,-0.0018161582914753937,0.08273064734297579,-0.3364513946186094,0.09511725241566327,-0.607190439480256,-1.7634369380651773,1.3868544295811929,0.2648274370853449,0.1455596785191992,-0.3380074293862193,-0.07440148426991489,0.6700769514924341,-1.8196993858807733,-0.025310808867674277,-0.34775642709679844,-0.6174251299477845,0.3719751119737136,0.3726363299608316,0.0,0.4307491618010852,0.6909444349380192,0.3101333754599278,0.7584665462152844,0.3762407577521115,0.7475174151391157,0.3870976569039586,0.47409924833639244,0.44135772678031227,0.5215535289676418,0.5890002420212209,0.9291515265595529,0.3726602496982302,0.9319020083810634,0.5729956164136643,0.8227886486688957,0.33622537582548107,43,24,17,39,44,44,51,30,43,50,59,45
-0.0008462526911682471,-0.006622765001925726,0.9443882329931662,0.01333420848319374,0.017935776291499943,-0.7069118942036291,0.706948428562073,0.00771207368863084,0.00016610916698930433,-0.4107950291932503,0.576522255021608,-0.2099229115872232,-0.0011692042280793894,0.008403358071987051,0.00019561385233780084,-0.40303852467848056,0.5637920913699144,-0.2049607077460199,-0.0018613042935143407,0.07775335438156543,-0.3151325239797751,0.12898459106433488,-0.5743983550101339,-1.7830077684080496,1.3610179404951175,0.25622564629281025,0.13027603468444848,-0.3265763693918695,-0.09648746890090565,0.6321490404447103,-1.8691534338437692,0.07981827126812482,-0.5037584424863587,-0.6218821041105477,0.3670215533972883,0.3625432479761811,0.054738028292012325,0.45775491184322753,0.7032619390543364,0.348355291953794,0.8006738784228483,0.395307153379918,0.809929115100079,0.3844300869485642,0.45958245482963705,0.4623716480539567,0.5685592599811287,0.6169389229084318,0.9634988557472229,0.3693499098859113,0.9087187824735301,0.5991176189890592,0.7952821200311249,0.3802370643203417,42,23,20,41,46,46,53,29,46,52,59,46
-0.0008642951561087791,-0.006680188090721837,0.9443859500437087,0.013325139860301344,0.017923558983117337,-0.7069217249690082,0.7069390790216108,0.007734657746622214,0.0001702081669580868,-0.41074693835388265,0.5766414018907519,-0.2100218899808371,-0.0012070367706885792,0.008425887936022704,0.00019971807486309913,-0.40295405922711414,0.5638410285798922,-0.20503284868863733,-0.0018990000888446752,0.07785744271049377,-0.3132065109848219,0.13013663028348804,-0.5741952708938658,-1.7856802927928204,1.359698130421286,0.2554104587913534,0.13012290429302845,-0.32380752844087707,-0.09758541055152994,0.6370050834211469,-1.8743922914239612,0.08964584199143022,-0.5175177997979669,-0.6175650435463302,0.3670215533972883,0.3625432479761811,0.054738028292012325,0.45775491184322753,0.7032619390543364,0.348355291953794,0.8006738784228483,0.395307153379918,0.809929115100079,0.3844300869485642,0.45958245482963705,0.4623716480539567,0.5685592599811287,0.6169389229084318,0.9634988557472229,0.3693499098859113,0.9087187824735301,0.5991176189890592,0.7952821200311249,0.3802370643203417,42,23,20,41,46,46,53,29,46,52,59,46
-0.0009125845374694815,-0.006731456763905522,0.9443490615032121,0.013792027938902288,0.018693239601806987,-0.7068990786722648,0.7069328365062866,0.008250169801162678,0.0001992412675641123,-0.4129706981360685,0.5766349504083165,-0.20951349070381597,-0.0012869278764694222,0.008940438740533354,0.00022992674479096548,-0.4049357208726908,0.5634507197403027,-0.2043904303072869,-0.001978109185060304,0.07234705964395412,-0.2855222755367234,0.1682217981772558,-0.5349755985152094,-1.8050497069042557,1.3259246399458582,0.2436326501679077,0.11524348976085078,-0.3029157742023235,-0.12404791192803943,0.5902234354952325,-1.925921607622344,0.16411135687962156,-0.6499355253920776,-0.5649267869886182,0.3754278619263489,0.3540002452601043,0.11147276560818371,0.5241442346227784,0.7362200908771742,0.41707863481539065,0.8701971318605728,0.4206740741610227,0.8615021458732323,0.3944766384553566,0.4562337963135906,0.5025258447426446,0.6175689431351704,0.6880339500573323,0.9477537344194992,0.43476320091451565,0.8229755036186142,0.6754928430838956,0.6712929700383591,0.48473077312192947,41,24,25,45,50,49,58,29,51,54,58,45
-0.0009220203173251086,-0.006796519072555503,0.9443396288707125,0.013773577485024719,0.018678563122802184,-0.7069059281760365,0.7069267349255556,0.008274183747507975,0.0001940437866204456,-0.4129326439271149,0.5768337536039799,-0.20968298631467902,-0.001318263814167211,0.008964390652848264,0.00022470591015394137,-0.40482520359276636,0.5635239267989093,-0.2045127885667393,-0.002009273965415839,0.07250230027967446,-0.28320593738549843,0.16927102981075257,-0.5345123635853308,-1.8078559493990918,1.323985385976951,0.2423463123480197,0.11535658898848712,-0.30064965804733046,-0.1264305980050721,0.5938301544329785,-1.9328491947627158,0.1733021978237387,-0.6606258366453327,-0.5551405710191081,0.3754278619263489,0.3540002452601043,0.11147276560818371,0.5241442346227784,0.7362200908771742,0.41707863481539065,0.8701971318605728,0.4206740741610227,0.8615021458732323,0.3944766384553566,0.4562337963135906,0.5025258447426446,0.6175689431351704,0.6880339500573323,0.9477537344194992,0.43476320091451565,0.8229755036186142,0.6754928430838956,0.6712929700383591,0.48473077312192947,41,24,25,45,50,49,58,29,51,54,58,45
-0.0009248048671344091,-0.006852991145304252,0.944330138085125,0.013769323698603944,0.018659957350519,-0.7069116187295704,0.7069216187256527,0.008259092757358139,0.00019977258885497937,-0.4129081892848727,0.5770086050612365,-0.2098508818417609,-0.0013341663153480549,0.008949322172522063,0.00023041564400059917,-0.4047424694878168,0.5635958881420949,-0.2046350613924511,-0.0020251170565900338,0.07255557266026351,-0.28143103730162583,0.16999249231559835,-0.5341935716528395,-1.8100920323622751,1.3224954147935803,0.24148690668732195,0.11556536487182568,-0.29883956155133223,-0.12841590043871248,0.5972403266750285,-1.9390349254194896,0.18172539153501507,-0.6691229672828243,-0.5458472027768619,0.3754278619263489,0.3540002452601043,0.11147276560818371,0.5241442346227784,0.7362200908771742,0.41707863481539065,0.8701971318605728,0.4206740741610227,0.8615021458732323,0.3944766384553566,0.4562337963135906,0.5025258447426446,0.6175689431351704,0.6880339500573323,0.9477537344194992,0.43476320091451565,0.8229755036186142,0.6754928430838956,0.6712929700383591,0.48473077312192947,41,24,25,45,50,49,58,29,51,54,58,45
-0.0009375793124461414,-0.006666278485595688,0.9442666352662535,0.014583655677553774,0.019302101143382093,-0.7069212555135234,0.7068784084845933,0.00797998744240545,0.00042307532992141015,-0.41563012055716775,0.5766171624660436,-0.20892651645805477,-0.0013015101106128935,0.008670808670192893,0.00045514111637893096,-0.4075487966325946,0.5632915395033877,-0.2036492303102766,-0.0019932452846240746,0.06475789044776646,-0.2563670375156759,0.20616357428628038,-0.494598838722245,-1.815735344982891,1.2901198785329984,0.2323686676308716,0.1077068173067722,-0.2726747601746752,-0.1467847037614285,0.5337321376080516,-1.9611398764427173,0.21213425871431754,-0.6981283738709103,-0.48241313269756647,0.39323374586178006,0.3469084314571832,0.14159803861552436,0.6391629158590689,0.7739877068933925,0.5266058906330224,0.9516988766607071,0.4737963028114775,0.9257251310786228,0.4237991821798275,0.4735181584152334,0.5485600556813013,0.6548557383957568,0.810990659257727,0.9451301554879012,0.5677135432387823,0.7091111307897151,0.8034804463998715,0.5292602920792105,0.653262217882101,40,25,31,51,55,52,63,30,57,59,59,46
-0.0009622007251378393,-0.006747186632222055,0.9442443638705973,0.014462317409951532,0.019293000114772054,-0.7068936416642272,0.7069087641954872,0.008192837055569335,0.0002984454550797413,-0.4155138773359636,0.5769712407901474,-0.2090889835208948,-0.0013411148446313594,0.008883277211613288,0.0003304273527485344,-0.4073540725427666,0.5635633319032562,-0.20382889546512856,-0.0020325280619483857,0.06519033938989431,-0.2520723007468069,0.2084315464876147,-0.4918789635629342,-1.8192729040490774,1.285618026978651,0.22905663910406407,0.10837323170971205,-0.2697850767673098,-0.1493096587693564,0.529916946481591,-1.9698788952974837,0.22134786595907674,-0.6981318186935455,-0.4663433321950879,0.39323374586178006,0.3469084314571832,0.14159803861552436,0.6391629158590689,0.7739877068933925,0.5266058906330224,0.9516988766607071,0.4737963028114775,0.9257251310786228,0.4237991821798275,0.4735181584152334,0.5485600556813013,0.6548557383957568,0.810990659257727,0.9451301554879012,0.5677135432387823,0.7091111307897151,0.8034804463998715,0.5292602920792105,0.653262217882101,40,25,31,51,55,52,63,30,57,59,59,46
-0.0010839343342062225,-0.006630735939367027,0.9440938793391102,0.014935066853720666,0.019786240280448404,-0.7068644717301419,0.7069144694227906,0.008372402572782532,0.0002660204012595943,-0.4179309830431218,0.57764716845511,-0.20857697874702558,-0.0014842850609265638,0.009062633766030165,0.0002990311879234878,-0.40976526497190663,0.5642574312010392,-0.2033417246338744,-0.002175612519115744,0.05917124007141033,-0.2123749382578458,0.2504992174986076,-0.44799856367446156,-1.8214338040971185,1.236503690643479,0.21166036816158024,0.1170675136595653,-0.22865338674481117,-0.17726987980752823,0.4592383177751092,-1.9896440827180846,0.25441906424230704,-0.6981319999988668,-0.3578361381322941,0.41602627981625434,0.34437421338328744,0.18948680151076527,0.8010679737679487,0.8252622340045771,0.6765758286114044,1.0752746628734304,0.5758960481978597,1.0861949611103563,0.47777347184445956,0.5115508201316595,0.5893710808540384,0.6868045139522886,0.9900283490697274,0.9639274737049278,0.7533220049854596,0.6261973099049624,0.9726313346915145,0.520938038606926,0.8799334161862381,39,26,39,59,64,61,68,33,66,67,63,55
-0.001095105722163072,-0.006727053081513536,0.9440648848882061,0.014842690246359884,0.01974409738242541,-0.7068634919320321,0.7069185730608983,0.008474815379920288,0.0002084360628653483,-0.41779403495829665,0.5780873125124338,-0.20895514021394399,-0.0015214513562093826,0.00916484729327323,0.00024127484543556813,-0.4095608001561392,0.564596260990874,-0.20370630214265079,-0.002212478361796246,0.05973357080911145,-0.20871760994106422,0.2509510429674899,-0.4457413218904593,-1.8241066974674762,1.231303747387039,0.20776231148701213,0.12011666269476727,-0.22674329199938995,-0.17986802803962912,0.45739090633637225,-1.9982713762854563,0.2639315667783243,-0.6981319999999434,-0.3395939210196268,0.41602627981625434,0.34437421338328744,0.18948680151076527,0.8010679737679487,0.8252622340045771,0.6765758286114044,1.0752746628734304,0.5758960481978597,1.0861949611103563,0.47777347184445956,0.5115508201316595,0.5893710808540384,0.6868045139522886,0.9900283490697274,0.9639274737049278,0.7533220049854596,0.6261973099049624,0.9726313346915145,0.520938038606926,0.8799334161862381,39,26,39,59,64,61,68,33,66,67,63,55
-0.0012634522173777009,-0.006488616283505294,0.9438838017736181,0.01525701507776504,0.019995583617959427,-0.7068680344478663,0.7068981411791254,0.008427280719029973,0.00028475995581075036,-0.42012872410530056,0.5792599478603361,-0.20863670903297346,-0.001708523106453338,0.009117604561665441,0.0003183867530219273,-0.4119687334601944,0.5658710687110186,-0.2033924000510658,-0.0023998644972746883,0.054083423389041214,-0.16494980815724877,0.2920308689192421,-0.4038505093719731,-1.80808724405586,1.1715086682143596,0.1953986732856231,0.15075138703609356,-0.17682310805405146,-0.21780447021351257,0.4066039027092433,-1.9927764123605392,0.2877349427909848,-0.698132,-0.21706526011954064,0.43958766621281714,0.3522907127110684,0.3446331155245283,0.9803371553252873,0.9364308236307233,0.8375370822739757,1.1893161691681144,0.7196750938799075,1.309,0.5530375931575376,0.5631471685036196,0.6218113934878093,0.6613628319926748,1.203242779588308,1.0055165753848503,0.9604748197454012,0.7340014981452091,1.1541533436140963,0.6129390209619425,1.1337290207417143,40,28,52,69,74,72,71,36,73,77,74,69
-0.0012658259961746232,-0.006587942731053187,0.9438505206584455,0.015168328988334664,0.019917897660878495,-0.7068675250404394,0.7069027522875229,0.008456998888542722,0.00023528810503258265,-0.4199432762739788,0.579750691776038,-0.20911241852566362,-0.0017298676656975877,0.009147280520488585,0.00026868107857281476,-0.41175349667582795,0.5663205829188921,-0.20387038726967968,-0.002421064246484589,0.054479009146634165,-0.161927919049182,0.2911717886630567,-0.4007036748266216,-1.8094821898657583,1.164455416234748,0.1913244112702822,0.15636575430059352,-0.17576503890732795,-0.22065146049820938,0.40546349468802206,-2.0000992261149446,0.2959651485198497,-0.698132,-0.19823159581484806,0.43958766621281714,0.3522907127110684,0.3446331155245283,0.9803371553252873,0.9364308236307233,0.8375370822739757,1.1893161691681144,0.7196750938799075,1.309,0.5530375931575376,0.5631471685036196,0.6218113934878093,0.6613628319926748,1.203242779588308,1.0055165753848503,0.9604748197454012,0.7340014981452091,1.1541533436140963,0.6129390209619425,1.1337290207417143,40,28,52,69,74,72,71,36,73,77,74,69
-0.0014699805233369097,-0.0062150264677816765,0.9436411355732555,0.015542961781702332,0.019811818290480485,-0.7068919074507747,0.7068732130839885,0.00796616596626339,0.00034576241622464953,-0.42189923131587176,0.5811655333745819,-0.2088158017331424,-0.001924467061787084,0.008657664718756524,0.00037966756995906625,-0.4140892124916573,0.5683170284013112,-0.20373064319098405,-0.0026168721210996105,0.047729031659894776,-0.11487153475059687,0.33056022743654206,-0.35960402620416126,-1.7710785229004913,1.0897722703184296,0.1888077786089877,0.20918447813135452,-0.11812928852812837,-0.2581836836193014,0.36262793153933237,-1.9651866224103478,0.29950779057086396,-0.6303438304734456,-0.05730243638593386,0.4610940670414968,0.37518067094438895,0.5798767427959308,1.1114163825183683,1.0162600194086715,0.9478048638399362,1.0994195302922276,0.8525101223004948,1.309,0.6239922085681151,0.6176017378718154,0.6453944045138045,0.6416106092352971,1.25,1.0571477605286799,1.1375991050984404,0.88605018434924,1.25,0.7009597974110784,1.25,43,29,67,77,76,75,74,39,75,86,84,77
-0.0014636317643068639,-0.0063086033239043784,0.943600552497094,0.015450736340493154,0.01970114601481562,-0.706884642263735,0.7068855933769691,0.00793899299233486,0.0002823360925343861,-0.4216394602569001,0.5816591688675998,-0.20936786340449107,-0.0019300363695273124,0.008630578722165291,0.0003159235115350872,-0.41386909333675315,0.5688920860318799,-0.20433567760178153,-0.002622440512698042,0.047903450192377295,-0.11279676091909963,0.32820164448442674,-0.3556336918521925,-1.7710803693861519,1.0801682099019028,0.18498042050800712,0.21742818798966343,-0.11860804364233285,-0.2595353823508005,0.3591222671221392,-1.9715775497478645,0.3053705462246009,-0.6195251402126494,-0.03777464312605461,0.4610940670414968,0.37518067094438895,0.5798767427959308,1.1114163825183683,1.0162600194086715,0.9478048638399362,1.0994195302922276,0.8525101223004948,1.309,0.6239922085681151,0.6176017378718154,0.6453944045138045,0.6416106092352971,1.25,1.0571477605286799,1.1375991050984404,0.88605018434924,1.25,0.7009597974110784,1.25,43,29,67,77,76,75,74,39,75,86,84,77
-0.001662556731284006,-0.005924185185024766,0.943320253720739,0.015602539719169285,0.019247547669932783,-0.7068979787028916,0.7068814188877581,0.007257093905442706,0.0002976495250655058,-0.4229127168830156,0.5837371405061199,-0.20970570013578857,-0.002106906488273672,0.007950284986111215,0.00033107387609626474,-0.41589835718791035,0.572197397331288,-0.20511912456675968,-0.0028008989226635276,0.04105848617984559,-0.06468891242966016,0.3601452895137283,-0.3131227704254345,-1.7076938292474915,0.974647918312696,0.1903911138428931,0.2992480128475284,-0.06014743968215826,-0.2894798365969578,0.3146428139606224,-1.9148701386624434,0.29154095974306005,-0.4619275127884884,0.14371077806855764,0.47907188336154194,0.41214286987068943,0.6425073419516792,1.1208393627900084,0.972837955495012,0.9432185138114844,0.9350766401173933,0.9028645903698445,1.1585281597372066,0.6493953362045524,0.6620457618756876,0.6547896253236912,0.703538957713213,1.25,1.087690830452363,1.2229983533778492,0.9288056721149778,1.25,0.6912894865311385,1.25,47,30,69,75,72,70,75,42,77,90,85,76
-0.0016475127807184698,-0.00595958523477475,0.943278821521088,0.015584827318478364,0.019187118367080116,-0.7068923403362407,0.7068890908906232,0.0071786783098983144,0.00025460691867996874,-0.42291303306878114,0.5841307608391816,-0.2101207419448873,-0.00209635231287084,0.00787203511621275,0.0002878305333663174,-0.4159908957785533,0.5727537908603245,-0.20561330891428573,-0.0027904396460753248,0.04117224382475718,-0.06432576243635778,0.35635504743053653,-0.30978054539063166,-1.7068783333859292,0.9640123048019534,0.1872488611449166,0.3080565541958916,-0.06182113414061113,-0.2889211741209734,0.3103454128539081,-1.9208554816489096,0.2951960304495916,-0.4453722474299006,0.16070140116965298,0.47907188336154194,0.41214286987068943,0.6425073419516792,1.1208393627900084,0.972837955495012,0.9432185138114844,0.9350766401173933,0.9028645903698445,1.1585281597372066,0.6493953362045524,0.6620457618756876,0.6547896253236912,0.703538957713213,1.25,1.087690830452363,1.2229983533778492,0.9288056721149778,1.25,0.6912894865311385,1.25,47,30,69,75,72,70,75,42,77,90,85,76
-0.001808870054000953,-0.005514764991546552,0.9429791740778389,0.015648643795629916,0.01869789287872239,-0.7069025489189509,0.7068905821137679,0.006524193579406828,0.0002688465740014532,-0.4242118270360736,0.5864207657663242,-0.21037172948273664,-0.002212646133437328,0.007219012380993822,0.0003018718044226612,-0.41820765562082857,0.5765439806521391,-0.20643219429502957,-0.002908310202027124,0.03501350175198154,-0.022082982093011586,0.3825173716476461,-0.27508454095278156,-1.6219515823833042,0.8435806723061887,0.20063470423462007,0.3996338011657632,-0.006290137769502983,-0.3090087959677155,0.26999368558746006,-1.8370241352631935,0.26778461438433604,-0.2768874370845372,0.3387183647996885,0.4937166967689311,0.4555891589543665,0.5433693417661151,0.9853271214699093,0.8453453188282555,0.8064921952837593,0.8263019440932827,0.8389678682881757,0.9701478795189132,0.6076123458980258,0.6838771604643812,0.6412568484492103,0.7851773967003635,1.25,1.0904425514576424,1.170308582409454,0.9042163566021604,1.25,0.632227701723283,1.25,52,31,60,65,65,61,73,44,80,88,85,74
-0.0017921220268839846,-0.005527815388103858,0.9429414611881134,0.015627646792436913,0.018650803201261335,-0.706898270673329,0.7068965688944413,0.006469926819362858,0.00023159464754249972,-0.4242546960598382,0.5868078895004656,-0.21077018726165567,-0.0022044966683207263,0.0071648546279937005,0.00026440879531556313,-0.4183480739716108,0.5771011917759824,-0.20691458436248705,-0.002900187504117479,0.03512383147771413,-0.02299464083284425,0.3779735533755103,-0.2720904385877374,-1.6200457837046007,0.831058848907702,0.1977722050709688,0.40881082074274905,-0.009028030142921332,-0.30796166613423875,0.2655307332846367,-1.840796724607009,0.2682114010147075,-0.25966374570520384,0.3533103435046625,0.4937166967689311,0.4555891589543665,0.5433693417661151,0.9853271214699093,0.8453453188282555,0.8064921952837593,0.8263019440932827,0.8389678682881757,0.9701478795189132,0.6076123458980258,0.6838771604643812,0.6412568484492103,0.7851773967003635,1.25,1.0904425514576424,1.170308582409454,0.9042163566021604,1.25,0.632227701723283,1.25,52,31,60,65,65,61,73,44,80,88,85,74
-0.001862322764144104,-0.005144448261876495,0.9426088180629428,0.015585731539909735,0.018167132040511933,-0.706896320302872,0.7069120402341778,0.0058751031398492784,0.00020137196591899582,-0.4255219598720382,0.5895000935496426,-0.2113250066421026,-0.0022252306335339765,0.0065712803821169445,0.00023385404755038206,-0.42049102386008796,0.5812433929049928,-0.20804247247680277,-0.002922290308737696,0.030206085145032834,0.010070371331099748,0.3949217494499434,-0.24696503333434414,-1.52012434950823,0.7038043126774214,0.2074215247425575,0.5026031098539593,0.03571977515163157,-0.32083880950934945,0.22574291033678298,-1.7331219589618085,0.235801409361288,-0.14070498197576473,0.5016822578029319,0.5070309584210624,0.49206959464723904,0.46441713903070897,0.7598166718381034,0.7463092458710078,0.5903727340384043,0.7258601305966011,0.6983077085261492,0.7720799223946225,0.5211663014931481,0.6771417952545948,0.6038627677995039,0.7467042662406116,1.1981977744857244,0.9889286694679233,0.9798733253499236,0.797245161654013,1.1382986243359934,0.5864948742398607,1.16630677805408,56,32,48,52,56,50,69,43,76,77,76,69
-0.0018423390818296163,-0.005135880887287576,0.9425808834217922,0.015562417268143156,0.018137173012850845,-0.706898206644059,0.7069114368627001,0.005846678666912205,0.00018171705568141382,-0.4256244537344609,0.5898888066430003,-0.21168779733556264,-0.002215217163266726,0.006542906811891729,0.00021400380689822246,-0.42067251414169027,0.5817637439625644,-0.20847128088013664,-0.002912241587436028,0.030384639465116395,0.007985498141958987,0.39008711416036085,-0.2444672908911324,-1.517003836289495,0.6904056353026876,0.20423424644502308,0.5111570168173445,0.0322794524767214,-0.3201665806258851,0.22252204427435684,-1.733182333256093,0.23407760058716814,-0.12855431181770496,0.5117023772450113,0.5070309584210624,0.49206959464723904,0.46441713903070897,0.7598166718381034,0.7463092458710078,0.5903727340384043,0.7258601305966011,0.6983077085261492,0.7720799223946225,0.5211663014931481,0.6771417952545948,0.6038627677995039,0.7467042662406116,1.1981977744857244,0.9889286694679233,0.9798733253499236,0.797245161654013,1.1382986243359934,0.5864948742398607,1.16630677805408,56,32,48,52,56,50,69,43,76,77,76,69
-0.0018639392986126645,-0.0048669275586882485,0.942235995965719,0.015507929805568112,0.01765899943101119,-0.706888827902686,0.7069341191643022,0.005218223316431501,0.0001294183907909209,-0.42682516716785324,0.5927821267078166,-0.21253095020425,-0.002170484788750845,0.005915640740721107,0.00016132343855561435,-0.42272812995571235,0.5860817686048566,-0.20988331186828688,-0.0028688329744435545,0.026668315397483853,0.029145797708544467,0.39562837639507165,-0.22971685748386153,-1.4101861560766915,0.5740977292127273,0.20216767928897725,0.5924441779235843,0.061846349271347904,-0.3176213657517762,0.18669928028265195,-1.61367128319803,0.19202251149705468,-0.09351144438600302,0.6063520439791859,0.5188668214769993,0.5076614062534678,0.4640634131512073,0.5362970320175849,0.6890232986704715,0.38160518428774876,0.6273641497763831,0.5526148918659971,0.6219133294427721,0.43585465128889656,0.6463753406399491,0.5553305369156376,0.514044511660324,0.9031764370739447,0.7461414324634285,0.7142173969490437,0.5992188829922599,0.8915520904700568,0.5956810307852973,0.8660443041650236,58,33,39,42,46,41,64,41,56,57,59,57
-0.0018451013248853721,-0.004844266766370199,0.9422213555072585,0.01548317549314626,0.01765024600185663,-0.7068975199033016,0.7069261888254555,0.005226479511708347,0.00012967587896541182,-0.42697887621865926,0.5931530946173584,-0.2128358646136412,-0.002166291551381499,0.005923881959407548,0.00016142407340066404,-0.42293634077757253,0.5865353021592715,-0.21023195670674744,-0.002864532255808407,0.026911557490234963,0.026175742459271782,0.3911847801465218,-0.22783480011080004,-1.4056708697129248,0.5618618164658452,0.19850796787117556,0.5987602840840921,0.0581801455104694,-0.3176912716127979,0.18561523685732978,-1.6096124037040658,0.18888737144349096,-0.08940028532353318,0.6101478566152196,0.5188668214769993,0.5076614062534678,0.4640634131512073,0.5362970320175849,0.6890232986704715,0.38160518428774876,0.6273641497763831,0.5526148918659971,0.6219133294427721,0.43585465128889656,0.6463753406399491,0.5553305369156376,0.514044511660324,0.9031764370739447,0.7461414324634285,0.7142173969490437,0.5992188829922599,0.8915520904700568,0.5956810307852973,0.8660443041650236,58,33,39,42,46,41,64,41,56,57,59,57
-0.0017979326980965009,-0.004700685995595523,0.9418822187497359,0.01548701006383929,0.017185057530894218,-0.7068819400121107,0.706953144983214,0.0044370801068384855,0.00010586284596527633,-0.4279835297427512,0.59573316938378,-0.2135450743237586,-0.002031614645195271,0.005135699209240296,0.00013742227450503177,-0.4246235798473821,0.5902551168447171,-0.21136568925461355,-0.0027312030817326152,0.02348047229734361,0.039421775391779226,0.39046552885613284,-0.22449685774604886,-1.3056798966076024,0.48375943802130056,0.19050005911426596,0.6501406343203774,0.07660283478050596,-0.3068136036315627,0.1630731654101014,-1.4907681146785798,0.14549281583754475,-0.11528766294302953,0.6519200060733767,0.5248259864085462,0.497488894334559,0.467835471090495,0.3767731704404324,0.624433689602407,0.2381619050471997,0.5435882235076076,0.4507608452050644,0.5399891975103627,0.3811707805635737,0.6014266546828627,0.5485680318359829,0.42696061050036616,0.6266586702394344,0.6587718034516266,0.46521315752260484,0.540662981868095,0.6600880609603106,0.6152154539053186,0.5983708275087158,57,33,33,33,39,36,63,38,41,44,47,47
-0.0017887709937731034,-0.004699281566180093,0.9418807649414837,0.015400176178763918,0.017161048176696655,-0.706893455271481,0.7069441108697964,0.004531656730004678,9.05971675351762e-05,-0.4279829419326549,0.5961631912517361,-0.21396088836772792,-0.0020382711642092043,0.005230169121324004,0.00012189274699959966,-0.424671757713553,0.5907590336314166,-0.21183373864075913,-0.0027376804072862665,0.02392573255574083,0.0350948397712358,0.3862892615880427,-0.22329799450692622,-1.2977713042552315,0.4723576680023398,0.18637737797562443,0.6540582137741306,0.07178256790886615,-0.30700382246634295,0.16369021746577042,-1.4808531275011398,0.14040573305948448,-0.11787329263599061,0.6507055119738459,0.5248259864085462,0.497488894334559,0.467835471090495,0.3767731704404324,0.624433689602407,0.2381619050471997,0.5435882235076076,0.4507608452050644,0.5399891975103627,0.3811707805635737,0.6014266546828627,0.5485680318359829,0.42696061050036616,0.6266586702394344,0.6587718034516266,0.46521315752260484,0.540662981868095,0.6600880609603106,0.6152154539053186,0.5983708275087158,57,33,33,33,39,36,63,38,41,44,47,47
-0.001708732317155261,-0.004646599196510806,0.9415786735920255,0.015258702552470572,0.016595897099900014,-0.7069036075318346,0.7069505200891661,0.003787942949785957,6.686925528640825e-05,-0.4285244236010837,0.5991215374821641,-0.21544093435050984,-0.0018960071912306785,0.004487450903270974,9.745739625933253e-05,-0.4259175833986588,0.5948710562777794,-0.21376338935515943,-0.0025963569770547,0.021433877602844917,0.030914412648747572,0.37130752990396726,-0.22793939936535665,-1.186572302386496,0.4091735811661726,0.16785632359567537,0.6835923182490158,0.06810613950304195,-0.28871474623668325,0.1562046744115241,-1.3411191674153093,0.08116137414380467,-0.16990466302709747,0.6596565933747005,0.5225119765263745,0.46856775888475427,0.4666953347566297,0.28814693054713336,0.592377017791517,0.1635714197388676,0.5041280569959753,0.3987478518340684,0.5080014312983413,0.3562337169239427,0.5510504659909721,0.556220794460495,0.4695323150958689,0.4264912652845661,0.6524270603817292,0.29156236536036106,0.5343950158319929,0.5008009794761299,0.576662038299975,0.4271207968191142,54,33,29,29,35,34,64,35,35,37,40,39
-0.0016955846978706853,-0.004607337738206704,0.9415865906916004,0.015264760959641056,0.0166189997426198,-0.7069144298027441,0.7069390248508429,0.003801966987954661,8.171439819564388e-05,-0.4287527784661201,0.599363144437317,-0.21560026042310573,-0.0018909309199036674,0.004501443757585157,0.00011224617031727319,-0.42619434435771875,0.5951805211789684,-0.2139550369022706,-0.002591196180572634,0.02160337587710476,0.02681190007007645,0.36829255063047867,-0.22737526501223168,-1.1786097092046184,0.40250154323122633,0.1642021405852998,0.6831073954288323,0.0633386655530357,-0.2890501133028565,0.1583665766599555,-1.3305875076409472,0.07585693618498912,-0.17405340122029603,0.6539358772193826,0.5225119765263745,0.46856775888475427,0.4666953347566297,0.28814693054713336,0.592377017791517,0.1635714197388676,0.5041280569959753,0.3987478518340684,0.5080014312983413,0.3562337169239427,0.5510504659909721,0.556220794460495,0.4695323150958689,0.4264912652845661,0.6524270603817292,0.29156236536036106,0.5343950158319929,0.5008009794761299,0.576662038299975,0.4271207968191142,54,33,29,29,35,34,64,35,35,37,40,39
-0.0016419925148335496,-0.004605771806342697,0.9413301580138795,0.01514767982276379,0.015942787590631554,-0.7069144753493368,0.7069570707344247,0.0028775919297139765,4.869859431411316e-05,-0.4287490446691353,0.6017525190047405,-0.21682546278935075,-0.0017508344776659408,0.0035780558984608996,7.853817501224607e-05,-0.4269686530837803,0.5988535361133729,-0.2156651979880946,-0.002452075973970504,0.01889201036035634,0.016442994889418895,0.3493278386660374,-0.23954402391901436,-1.0714703199989541,0.37107269596004944,0.14505070273016465,0.6916045695297507,0.0512790549707671,-0.2631365293774561,0.15857453871467295,-1.1868714147247181,0.0078104328007520185,-0.2167846561279517,0.6544595176970759,0.5163009780370574,0.4322301783911575,0.46496634178643403,0.2452145711149985,0.5851177047402819,0.1289047127513751,0.49469039850532626,0.37840096049395117,0.5001492299002038,0.34135034318774465,0.5034654951053332,0.5275892440401811,0.440853867678554,0.30183162087970794,0.5779186055482408,0.19331719708030087,0.46806318419800275,0.4129026378740213,0.47322119064300655,0.33568083309885877,50,33,28,28,34,33,60,32,29,30,34,32
-0.0016341818705403093,-0.004565147671813286,0.9413432651720004,0.015164218314866347,0.015977345008354404,-0.7069235351888007,0.7069468765936738,0.002898986850046219,6.0216402578106946e-05,-0.4289540607401426,0.6018784121316372,-0.216911876037678,-0.0017501451633392673,0.0035994176107024974,9.003076261855822e-05,-0.4272352760412829,0.5990709146950245,-0.21579500719646966,-0.0024513156623929724,0.01906252981709483,0.012238525373229609,0.34719202258648474,-0.23970294692912428,-1.062684292439668,0.3676355337861275,0.1418708790612716,0.6886218973640013,0.04604229434503965,-0.26331159611032623,0.16082329119386346,-1.1752914383231945,0.0016925836490581181,-0.21995700521867323,0.6475773407266122,0.5163009780370574,0.4322301783911575,0.46496634178643403,0.2452145711149985,0.5851177047402819,0.1289047127513751,0.49469039850532626,0.37840096049395117,0.5001492299002038,0.34135034318774465,0.5034654951053332,0.5275892440401811,0.440853867678554,0.30183162087970794,0.5779186055482408,0.19331719708030087,0.46806318419800275,0.4129026378740213,0.47322119064300655,0.33568083309885877,50,33,28,28,34,33,60,32,29,30,34,32
-0.0016094991925435878,-0.004575161521762579,0.9411357515475733,0.015010808229493603,0.015209104554551644,-0.7069235573443539,0.7069670733821697,0.0019267956991023086,2.080003127733349e-05,-0.4283462919686386,0.6036939304820986,-0.21798494833871515,-0.0016452331131795099,0.0026280222197057985,4.978679019809252e-05,-0.42747008648462,0.6022776010828466,-0.21739640773842925,-0.0023471654901079555,0.016768077113337932,-0.002880677827930633,0.3247212316269696,-0.2569279080610375,-0.9590299273987087,0.35783410602356613,0.12163222029855886,0.689785589355662,0.02756362293677512,-0.23479799414970082,0.16314134974396585,-1.0309304772989434,-0.07158637255383524,-0.2462833695210753,0.651495725703509,0.5131206041674883,0.3961998456590819,0.4512745654170964,0.22101576429566858,0.5687625210258159,0.10345928706051573,0.4718463249780406,0.3692095156008809,0.47235908525898396,0.31127224643008544,0.46595768880156685,0.47436623135206996,0.38010063193271326,0.22376806125960108,0.47894843622354843,0.13600136984297048,0.39207233396433294,0.35597267675436817,0.3786264046734313,0.2651459781000322,45,33,26,26,33,30,54,30,23,24,29,25
-0.001603168397520788,-0.004531971081597928,0.9411502398476622,0.015037442854238147,0.01525077511613535,-0.7069317501146173,0.7069574172824322,0.0019446614426897667,3.1756493037547345e-05,-0.4285292872304859,0.6037208264890876,-0.21801109032195518,-0.0016440209330895092,0.002645862172115917,6.0740281681546406e-05,-0.42772969213325873,0.6024213214845509,-0.21747634293692247,-0.002345901185927259,0.016963468442256133,-0.007207448988970601,0.3231209793004975,-0.25759176086896907,-0.9499370868272823,0.3564748968328782,0.11867680413951646,0.6859692808699577,0.021990994067585798,-0.2349667826168016,0.16518028806194276,-1.0190425172147484,-0.07813141656033878,-0.24772943091141325,0.6448029340775826,0.5131206041674883,0.3961998456590819,0.4512745654170964,0.22101576429566858,0.5687625210258159,0.10345928706051573,0.4718463249780406,0.3692095156008809,0.47235908525898396,0.31127224643008544,0.46595768880156685,0.47436623135206996,0.38010063193271326,0.22376806125960108,0.47894843622354843,0.13600136984297048,0.39207233396433294,0.35597267675436817,0.3786264046734313,0.2651459781000322,45,33,26,26,33,30,54,30,23,24,29,25
-0.001595559149266785,-0.004488267672501029,0.9411633696739966,0.01507657741303605,0.015294099676054761,-0.7069374749552488,0.7069499231434321,0.0019427921332949981,4.694432142957341e-05,-0.42873642578782933,0.603720727898555,-0.21796651998469807,-0.0016390051302001313,0.0026439752959932206,7.597661255784502e-05,-0.4280019301583641,0.6025206724301292,-0.21747379675457987,-0.0023408502725431567,0.017042462375805867,-0.010699416788984813,0.32184763391688453,-0.2579990823059551,-0.9423129438895906,0.35540524973645626,0.1160509510934457,0.6821657887002385,0.017517835278335732,-0.23523771143810165,0.1669758472883851,-1.0091295387399521,-0.08366615193615509,-0.248630646239048,0.6381378572518174,0.5131206041674883,0.3961998456590819,0.4512745654170964,0.22101576429566858,0.5687625210258159,0.10345928706051573,0.4718463249780406,0.3692095156008809,0.47235908525898396,0.31127224643008544,0.46595768880156685,0.47436623135206996,0.38010063193271326,0.22376806125960108,0.47894843622354843,0.13600136984297048,0.39207233396433294,0.35597267675436817,0.3786264046734313,0.2651459781000322,45,33,26,26,33,30,54,30,23,24,29,25
-0.0015856393221109746,-0.004525759544140337,0.9409884500661707,0.014885975625455178,0.014478017108911858,-0.7069265698945111,0.7069820503573295,0.0009690455114415459,9.045437549324035e-06,-0.4276250313711363,0.6049481077026876,-0.21867197124204146,-0.0015511151217473282,0.0016707851849233654,3.729807270868406e-05,-0.4275989754814358,0.6049292943209083,-0.21861059584966405,-0.0022535119894510794,0.01486201055174922,-0.02045529403790905,0.2988845005650691,-0.27480194388099977,-0.8598331930397494,0.3608801975266065,0.0980647563104176,0.6906731011673533,0.004864185626610862,-0.20761986142098424,0.16695975674017924,-0.894279913801006,-0.14775343700646934,-0.2606736785891473,0.6531949449162585,0.5148297003842112,0.36349619774777,0.4323191203698391,0.1983934610297876,0.5431153440000723,0.07020951689960857,0.4442566663079973,0.3536003816018261,0.4290948689228749,0.24383914694467188,0.43874887842760124,0.41584628401049617,0.3287369010434592,0.1648054286065514,0.40503168291307123,0.08269520094264805,0.338531339739801,0.28356965623079183,0.3222676985446021,0.17610270050861543,42,33,24,24,31,26,48,28,19,19,24,19
-0.001582016159962799,-0.004499219098424183,0.9410019435601128,0.0148825944280603,0.01449894690104856,-0.7069341343753452,0.7069741286474577,0.0010051824650809695,8.582852699032443e-07,-0.42765476251162116,0.6049439315108235,-0.21877577048615252,-0.0015491244889443004,0.0017069028953945534,2.9019494449862084e-05,-0.42772359806614013,0.6050755067463303,-0.21878971863853372,-0.0022514780581972564,0.015223589797392677,-0.025364842743650837,0.29736324657115076,-0.2760556949416197,-0.8499974579233667,0.36093973948245195,0.09499922157855448,0.6877606466652557,-0.0014528869373410212,-0.20761826781086015,0.16886309614093745,-0.8814813070299147,-0.15535150384277974,-0.26125766801207584,0.6482942974245602,0.5148297003842112,0.36349619774777,0.4323191203698391,0.1983934610297876,0.5431153440000723,0.07020951689960857,0.4442566663079973,0.3536003816018261,0.4290948689228749,0.24383914694467188,0.43874887842760124,0.41584628401049617,0.3287369010434592,0.1648054286065514,0.40503168291307123,0.08269520094264805,0.338531339739801,0.28356965623079183,0.3222676985446021,0.17610270050861543,42,33,24,24,31,26,48,28,19,19,24,19
-0.0015664593896703672,-0.004468756752067402,0.9408898226050236,0.014672376054745967,0.013790997104159064,-0.7069352189946737,0.706991602442868,0.00022515335684416272,-1.750628141248097e-05,-0.426533803177164,0.605782754617429,-0.21936711081775528,-0.001479358702773446,0.0009271473374196793,9.839043306944963e-06,-0.4272783902926566,0.6070298289120226,-0.21980312424941376,-0.0021819522249668976,0.013555398792813467,-0.03744528590173939,0.27105244476924995,-0.29165212665564755,-0.7705722651172682,0.3761123546272898,0.07276533816702556,0.6981319351790416,-0.01839888177441317,-0.1815074328842491,0.16782927999292643,-0.7736327152693618,-0.22430461312570185,-0.26939516377340095,0.668608681576761,0.5143522132074506,0.33564651992576455,0.3898583838081782,0.166726425247759,0.5041607993727427,0.03288774524081223,0.414600747243103,0.31158969564108435,0.3858317695974871,0.13113221538917166,0.4129004649391026,0.36448508384865747,0.27602490330703944,0.10789175140881929,0.3568290749117367,0.029614711841254745,0.29578014548402315,0.17378462400928665,0.27240529987791345,0.07935988546873314,38,33,22,21,28,20,42,26,15,15,18,14
-0.001560696775550876,-0.004435003021625862,0.9409004725687923,0.01468184274010484,0.013810685990973294,-0.7069432169136572,0.7069830241992969,0.00023591746115604647,-2.1282029127737363e-05,-0.4265679891687699,0.6057280671263413,-0.2194212995094363,-0.0014722772003320933,0.0009379018529873084,5.992230998314689e-06,-0.42741383946285716,0.6071346173361559,-0.21993297274455595,-0.0021748388871512896,0.013906994804637703,-0.04255658589421615,0.2698306400089764,-0.2929834016405365,-0.7612012895906803,0.3772906919991636,0.06929989239409776,0.697025788635161,-0.02466002775429074,-0.18174295123589332,0.16988836845438263,-0.7615233201983849,-0.2324987588590515,-0.2692911974909382,0.6647529272403913,0.5143522132074506,0.33564651992576455,0.3898583838081782,0.166726425247759,0.5041607993727427,0.03288774524081223,0.414600747243103,0.31158969564108435,0.3858317695974871,0.13113221538917166,0.4129004649391026,0.36448508384865747,0.27602490330703944,0.10789175140881929,0.3568290749117367,0.029614711841254745,0.29578014548402315,0.17378462400928665,0.27240529987791345,0.07935988546873314,38,33,22,21,28,20,42,26,15,15,18,14
-0.0015294610598672429,-0.004363957956294229,0.9408498934241335,0.014502422552184641,0.013291801132537,-0.7069450158330054,0.7069948743460901,-0.0003209742329804774,-2.2196476296199823e-05,-0.4256550645565822,0.6061431948877009,-0.21970670131140083,-0.0014016929225787102,0.00038108784309010067,4.454762204651603e-06,-0.4270402899226468,0.6084387584074444,-0.22055977547749553,-0.0021043080614385717,0.011949014238342557,-0.051976489608079754,0.24280485396749413,-0.3044334875518687,-0.6895583108296183,0.4017134969210224,0.04328175361209637,0.6981319930861789,-0.041488250616169155,-0.15906988856407772,0.1641542793335682,-0.6755848254465167,-0.30316392507206114,-0.2767273853045023,0.6888583144897182,0.49998776949110185,0.31485257995104154,0.33272009146236065,0.11853017897154797,0.46482317242789295,0.0,0.3809653029507364,0.2222846972016848,0.34036451141304813,0.05556628301519249,0.3788913282005915,0.32407926304170953,0.2650517739536558,0.04792864366864896,0.35702313807126596,0.0,0.2715361433637128,0.07370534157818313,0.20786756199521833,0.026437252671536467,36,32,17,18,23,15,37,24,12,14,13,9
-0.0015231160653951196,-0.0043318098288757925,0.940857991653256,0.01451670185576789,0.013300553128381527,-0.7069521796512293,0.7069872533080684,-0.00033597128340426914,-2.7872262387874903e-05,-0.42566118566820743,0.6060530980961142,-0.21972279206421202,-0.0013907987568026448,0.00036608264712046333,-1.277120329439032e-06,-0.4271372547402259,0.6084916457560601,-0.22064221433133582,-0.0020933872122246887,0.012265968256207701,-0.05665022553447228,0.24201591318359555,-0.30572324805372314,-0.6811589195185203,0.4039961720102533,0.03941367031197849,0.6981319996543089,-0.04668284026948659,-0.1595782735494945,0.1662240677945914,-0.6660422545828791,-0.31142962407457464,-0.27653274559508734,0.6865966031294959,0.49998776949110185,0.31485257995104154,0.33272009146236065,0.11853017897154797,0.46482317242789295,0.0,0.3809653029507364,0.2222846972016848,0.34036451141304813,0.05556628301519249,0.3788913282005915,0.32407926304170953,0.2650517739536558,0.04792864366864896,0.35702313807126596,0.0,0.2715361433637128,0.07370534157818313,0.20786756199521833,0.026437252671536467,36,32,17,18,23,15,37,24,12,14,13,9
-0.0014864668148404459,-0.004247194176437673,0.9408493670630204,0.014412131961051861,0.013009434133724447,-0.7069588021054165,0.7069881874554436,-0.0006680550670782945,3.014497567633252e-05,-0.4251540673087191,0.6061480946484361,-0.219684465761236,-0.0013317904906016056,3.3981590858321544e-05,5.644962935174749e-05,-0.4269436010718857,0.6090903278278492,-0.2207794788423707,-0.0020343707099189853,0.009788294337256595,-0.05925706582463285,0.2185846863790618,-0.3107698337225915,-0.6324532023717087,0.4305768417577946,0.01714103957668116,0.6981319999999568,-0.055294097417462905,-0.13967357509586625,0.15858379163292094,-0.614098945685266,-0.3691998444829201,-0.28346433395566634,0.6981305580753911,0.46701322902658793,0.30272563088245696,0.25964502318365773,0.053894763737265,0.3797466268005313,0.0,0.3074504291538233,0.1108790569565328,0.24715515035041347,0.009336150141353108,0.33746223830649186,0.2953543375064141,0.29751013329189235,0.0,0.3928176070082271,0.0,0.2735921935824397,0.08672397063496534,0.12963625005405602,0.04834781939510044,35,30,12,15,16,10,34,21,11,15,14,7
-0.001481289244704251,-0.004245382629584792,0.9408573362543846,0.014382224070113029,0.012973768008549286,-0.7069580577596065,0.7069901962143632,-0.0006823712113647714,-9.819663364345492e-06,-0.424973935628064,0.6060894788732349,-0.21975732525394318,-0.0013187137359534423,1.965757606749087e-05,1.6361731466275125e-05,-0.4268350412786072,0.6091564548648758,-0.2209194871419856,-0.0020212638446147633,0.010172946649252912,-0.06354104986878288,0.21762104805186014,-0.3122187535302081,-0.6237736921730361,0.43470600108542845,0.012551640716429576,0.6981319999999979,-0.05992275059041472,-0.13981062473858855,0.16061700596193193,-0.6055678992982207,-0.37937641080783835,-0.28406442588891256,0.6981319279037695,0.46701322902658793,0.30272563088245696,0.25964502318365773,0.053894763737265,0.3797466268005313,0.0,0.3074504291538233,0.1108790569565328,0.24715515035041347,0.009336150141353108,0.33746223830649186,0.2953543375064141,0.29751013329189235,0.0,0.3928176070082271,0.0,0.2735921935824397,0.08672397063496534,0.12963625005405602,0.04834781939510044,35,30,12,15,16,10,34,21,11,15,14,7
-0.0014487620342887024,-0.004153400329994364,0.9408795060546454,0.014285222864171946,0.01279726430191791,-0.7069686369058771,0.7069848010145308,-0.0008437637400282167,3.0513868892608712e-05,-0.42452570683527,0.6059529680950474,-0.21968958338047267,-0.0012725999008614697,-0.0001417763206075981,5.643237628624208e-05,-0.4265994533726436,0.6093563378979007,-0.2209769119679892,-0.0019751009305307553,0.0080917628699454,-0.0669205628679808,0.1986669191839514,-0.3138292173058583,-0.5861640291083107,0.4642543031378555,-0.008169171222013574,0.698132,-0.06797150498087552,-0.12457923224407516,0.1544035897271593,-0.5700379936259458,-0.43476156601903093,-0.29364723215492416,0.698131999990988,0.4251357291410659,0.29825931587331095,0.17837453450941262,0.00325644404501728,0.2591328039547824,0.0,0.20227339777014106,0.0,0.11978463437141891,0.0,0.29953761247076416,0.27791329719781976,0.3167259465569622,0.0,0.4158711549523371,0.0,0.28334261507504616,0.1100696866958592,0.09540287341324868,0.05484817602110568,34,27,7,10,8,5,32,19,12,16,15,6
-0.001446686647314258,-0.004147306161772986,0.9408871926043466,0.014273878838338128,0.012771297024279113,-0.7069676491261747,0.7069864874551972,-0.000868536271887884,-1.2633640521048526e-06,-0.42438720018158527,0.6058518930109503,-0.21970457522802125,-0.0012633011250041738,-0.0001665590018256249,2.4576438400896277e-05,-0.42651506173282033,0.6093498963731963,-0.2210420276175036,-0.0019657747676274486,0.008342493948557227,-0.07034998207789361,0.1982313527202357,-0.3151728215929185,-0.5792383669981468,0.46910332915823416,-0.012419820640179668,0.698132,-0.07133421235789247,-0.12478747806163422,0.15672263232888844,-0.5642098747891215,-0.4447679153738948,-0.29503796493932666,0.6981319999995493,0.4251357291410659,0.29825931587331095,0.17837453450941262,0.00325644404501728,0.2591328039547824,0.0,0.20227339777014106,0.0,0.11978463437141891,0.0,0.29953761247076416,0.27791329719781976,0.3167259465569622,0.0,0.4158711549523371,0.0,0.28334261507504616,0.1100696866958592,0.09540287341324868,0.05484817602110568,34,27,7,10,8,5,32,19,12,16,15,6
-0.0014248343994188763,-0.004015635516099368,0.9409079070941503,0.014233018534055444,0.012727574893738564,-0.7069933774022105,0.706962371226468,-0.0008997371793763505,8.141529697588184e-05,-0.42429772286390843,0.6056499299290173,-0.21951005623348166,-0.0012395939453670687,-0.00019778770407702877,0.00010716999164337045,-0.4265316338899163,0.6092860316556942,-0.22088486486748846,-0.0019420430497888743,0.006533935639257019,-0.07114137969426582,0.18654845016553098,-0.3136458300172617,-0.5607139486281218,0.4897846599424432,-0.024529329624478707,0.698132,-0.07448285734724153,-0.11536964854604073,0.15172374107267178,-0.5488477403419915,-0.47969199298661713,-0.3034450325711015,0.6981319999999989,0.3914002251226825,0.29855991393038195,0.13688022166116598,0.0,0.19223045909490033,0.0,0.14679386634541897,0.0,0.05611074720199838,0.0,0.2753003124147815,0.26875923725732725,0.30727968359310076,0.0,0.4118695164032421,0.0,0.2829842815263192,0.12648077330626661,0.0833783751717562,0.011257932180724064,34,25,5,7,6,2,31,18,12,16,16,4
-0.00142205032483418,-0.004025281192523317,0.9409162424735352,0.014212353757052678,0.012680652565149641,-0.7069773972606468,0.7069796106068188,-0.0009433220014094207,3.1351750481553e-05,-0.4241149508363528,0.6055720232115156,-0.21949911138748066,-0.001230440329545433,-0.00024138508634569177,5.7035306359429164e-05,-0.4263799357526096,0.609283348055069,-0.22091721904012238,-0.0019328664837973616,0.006722882579019166,-0.07354813134302834,0.18567815583514055,-0.31456996883613836,-0.5548069466799004,0.49581576975665553,-0.028570804200963022,0.698132,-0.07679618066702412,-0.11485497041345955,0.15350207848291075,-0.5446151671477785,-0.4905990176258859,-0.30613210018512554,0.698132,0.3914002251226825,0.29855991393038195,0.13688022166116598,0.0,0.19223045909490033,0.0,0.14679386634541897,0.0,0.05611074720199838,0.0,0.2753003124147815,0.26875923725732725,0.30727968359310076,0.0,0.4118695164032421,0.0,0.2829842815263192,0.12648077330626661,0.0833783751717562,0.011257932180724064,34,25,5,7,6,2,31,18,12,16,16,4
-0.0013967311468541675,-0.00391357408618166,0.9409327372762114,0.014186742788057217,0.012682906877338043,-0.707010595080185,0.7069468853079204,-0.000933320048915815,6.918684253697649e-05,-0.42411255769656764,0.6054254130797462,-0.21938722820297646,-0.0012089094510184157,-0.00023140345364932582,9.482351599505605e-05,-0.4264256290849553,0.6091800389470009,-0.2208193941825576,-0.0019113178311227148,0.006013424339071115,-0.073674329909476,0.1803164276611906,-0.3132912916793896,-0.5481770943406199,0.5054893562866543,-0.034310190569681646,0.698132,-0.07799783690994114,-0.10979529351052131,0.15194107612379054,-0.5408769921148066,-0.5066151086576257,-0.3102397690304944,0.698132,0.37625886554310095,0.30109257866124345,0.13165699226201505,0.0,0.1858161297477259,0.0,0.14577817198722087,0.0,0.05738452339668888,0.0,0.2660387227390736,0.26325281073374773,0.3012217155725985,0.0,0.40615410415502873,0.0,0.2842013868801974,0.11389151269876753,0.08802657094225252,0.0,35,24,5,7,6,2,30,17,12,16,15,3
-0.0013983772847645066,-0.003921334790842269,0.9409437098534642,0.01417030596825426,0.012647728836343167,-0.7069868900859769,0.706971551500206,-0.0009593900090733625,4.127585522921149e-05,-0.423973610662786,0.6053316313771758,-0.21932665576553143,-0.0012006734287470409,-0.00025748684775677924,6.686681746705388e-05,-0.42630505225695126,0.609142121627405,-0.22078724113019726,-0.001903061726538914,0.0060240331474745515,-0.0751329137116315,0.1786449905527904,-0.3134715188471249,-0.5431803017965618,0.5122093935799262,-0.038544530018514704,0.698132,-0.0794069941031796,-0.1081161423199943,0.1532091204905036,-0.5384587768249832,-0.5183055049090106,-0.3136715768295666,0.698132,0.37625886554310095,0.30109257866124345,0.13165699226201505,0.0,0.1858161297477259,0.0,0.14577817198722087,0.0,0.05738452339668888,0.0,0.2660387227390736,0.26325281073374773,0.3012217155725985,0.0,0.40615410415502873,0.0,0.2842013868801974,0.11389151269876753,0.08802657094225252,0.0,35,24,5,7,6,2,30,17,12,16,15,3
-0.001373373218246019,-0.0038519916241233788,0.9409654283563867,0.014123962075811418,0.012685472520515464,-0.7069868312482452,0.7069718614794924,-0.000867174026758069,3.3367866237725804e-05,-0.4239598080119406,0.6051880263097661,-0.2192165299861045,-0.0011813262510414905,-0.00016528576667801945,5.893342225179568e-05,-0.42629490853972146,0.6090072451023757,-0.2206913152614274,-0.0018837050964627994,0.00590913020649283,-0.07565230311172882,0.17549920604326258,-0.313195336681755,-0.5389350300512427,0.5185817847603199,-0.044175602108332136,0.698132,-0.08005558465705923,-0.1055142588717013,0.15398804474881134,-0.5373946955314683,-0.5305299601337217,-0.3175097015303312,0.698132,0.3780985647477506,0.30432824456151575,0.14696204627214116,0.0,0.21527069017681763,0.0,0.1755073599741139,0.0,0.09767593787116854,0.0,0.2660821814374482,0.25825514768712454,0.3082173966403197,0.0,0.41322942459651846,0.0,0.295334161500261,0.06577365788590986,0.10633645360578212,0.0,35,24,6,8,7,4,30,17,12,16,14,4
-0.001378825661039471,-0.003850684355667425,0.9409744044381491,0.014122741089627305,0.012667385606782445,-0.7069802638119598,0.7069787776916486,-0.0008810625313640889,1.6420515074061706e-05,-0.4238699558839641,0.6050757389384834,-0.21914319556788245,-0.0011791399072964396,-0.0001791808090146491,4.19653715743237e-05,-0.42620984893182684,0.6089117090329828,-0.22063088235189454,-0.0018814965761057038,0.005963291998011562,-0.0767963292681362,0.17475786215906758,-0.31353181330134705,-0.5355355654348891,0.5230880637210028,-0.048377569551126286,0.698132,-0.08071149194313829,-0.10476723193632229,0.15597780423787386,-0.5368800275740496,-0.5397749643847467,-0.32077925383685474,0.698132,0.3780985647477506,0.30432824456151575,0.14696204627214116,0.0,0.21527069017681763,0.0,0.1755073599741139,0.0,0.09767593787116854,0.0,0.2660821814374482,0.25825514768712454,0.3082173966403197,0.0,0.41322942459651846,0.0,0.295334161500261,0.06577365788590986,0.10633645360578212,0.0,35,24,6,8,7,4,30,17,12,16,14,4
-0.0013487995769422235,-0.0038159506191879646,0.9409971943773374,0.014072872284454087,0.012739905695016991,-0.7069704790753581,0.7069882536396962,-0.0007384775245219642,-2.238588187515039e-06,-0.4238725494037162,0.6049337938479796,-0.21904596441804772,-0.0011601294683034422,-3.661062133619909e-05,2.331101428928152e-05,-0.4261833779914114,0.608734817038344,-0.22053517627971878,-0.0018624812866210026,0.006168630210571168,-0.07728835635833489,0.17349261316975795,-0.31443292332257416,-0.5329515652790789,0.5250478392915588,-0.05407165579459251,0.698132,-0.08110671250775449,-0.10425929795481266,0.1583706745585209,-0.5381024910643101,-0.5475012292575538,-0.3236208475104351,0.698132,0.3885643268875795,0.30710684363727575,0.16081081500769567,0.036151493488749104,0.23817386055257583,0.0,0.1951538681386983,0.0,0.12730920256237196,0.0,0.26916455506951786,0.25334188876312785,0.31959141066959396,0.0,0.4295279549234648,0.0,0.3091754427733245,0.0,0.12636295485511073,0.0,35,25,8,9,7,5,29,17,12,16,12,5
-0.0013560791491458472,-0.003807854397979936,0.9410044676425249,0.01408395445002075,0.01273713618116044,-0.7069739316151279,0.7069846303885271,-0.0007431263204288851,-6.376016892618967e-06,-0.4238322998662357,0.6048157822580197,-0.21896776205085874,-0.0011609063498365505,-4.12627115082761e-05,1.917983307895423e-05,-0.4261293262255296,0.6085919980818886,-0.22045092972261313,-0.001863237704697172,0.006268263171596737,-0.07807628457805564,0.1734557408776514,-0.31484601217708313,-0.5307313399874781,0.5264724411432253,-0.05839789884375619,0.698132,-0.08118139095332859,-0.10430403321183906,0.16058765557042645,-0.5391016465510654,-0.5536556185038981,-0.3261475301957225,0.698132,0.3885643268875795,0.30710684363727575,0.16081081500769567,0.036151493488749104,0.23817386055257583,0.0,0.1951538681386983,0.0,0.12730920256237196,0.0,0.26916455506951786,0.25334188876312785,0.31959141066959396,0.0,0.4295279549234648,0.0,0.3091754427733245,0.0,0.12636295485511073,0.0,35,25,8,9,7,5,29,17,12,16,12,5
-0.0013179038556156715,-0.0037872916737356366,0.9410236656679971,0.014047462311490783,0.012817985668646678,-0.7069653844385204,0.7069924421460968,-0.0006166114513579044,-1.837726819438023e-05,-0.42386177725655594,0.6046828012523578,-0.21887645240322937,-0.0011378051164364026,8.523133537569053e-05,7.2070818004864206e-06,-0.4261121593271889,0.6083925497091986,-0.2203452578462983,-0.0018401276472852942,0.006533907924242079,-0.07847180092430897,0.17331608498766185,-0.31607827907828195,-0.5290041688534476,0.524778191867848,-0.0638372285295348,0.698132,-0.08079271264431655,-0.10446634552190019,0.16317264396756526,-0.5406921743311535,-0.5580324619202864,-0.3278575483805782,0.698132,0.39989189770545813,0.3086494005367734,0.1730937965114085,0.0748751572359786,0.2586451589617752,0.0,0.21586694700917644,0.0,0.15353727752305693,0.0,0.27199244224335417,0.24942608550664588,0.3244925744618743,0.0,0.4339157475695635,0.0,0.3115318641563196,0.0,0.13581750813291912,0.0,35,25,10,10,8,6,29,17,12,17,12,5
-0.0013271612993850978,-0.00378287372141967,0.9410300400193065,0.014051623046360841,0.012821049672574632,-0.7069703278205703,0.7069873606765068,-0.0006017303069508161,-1.6382843135277453e-05,-0.42382834190724294,0.6045859171025745,-0.21880829310056493,-0.0011380780926728193,0.00010011146301497936,9.217339869732562e-06,-0.42604659165247166,0.6082386093272306,-0.22025634903862323,-0.0018403853084382922,0.006666248858412824,-0.07900745238085892,0.1736144046457289,-0.3162514465245866,-0.5274220797645358,0.5235389117268886,-0.06806238553023823,0.698132,-0.08040166019939395,-0.1047215090908508,0.1649971554356765,-0.5420154720221487,-0.5617035119440402,-0.3294501492602029,0.698132,0.39989189770545813,0.3086494005367734,0.1730937965114085,0.0748751572359786,0.2586451589617752,0.0,0.21586694700917644,0.0,0.15353727752305693,0.0,0.27199244224335417,0.24942608550664588,0.3244925744618743,0.0,0.4339157475695635,0.0,0.3115318641563196,0.0,0.13581750813291912,0.0,35,25,10,10,8,6,29,17,12,17,12,5
-0.0012905916542120446,-0.0037703096007999652,0.9410430678848407,0.013978093040519647,0.012891247036773393,-0.7069603503553368,0.7069975188713526,-0.0004343869668105323,-2.825472260103131e-05,-0.423802760912879,0.6045142578621999,-0.2187505849795268,-0.0011169201512893003,0.00026743770704338796,-2.650214890618024e-06,-0.425950176522025,0.6080627756020909,-0.22017029056493406,-0.001819219283043719,0.0070168435355768225,-0.07952186370702596,0.17415123019672388,-0.3170288830579037,-0.5260942753900658,0.5197938465383668,-0.0724901484859168,0.698132,-0.07981036771414309,-0.10573666544357198,0.16744176837460706,-0.5433225426977811,-0.5635420539897342,-0.3303805702440422,0.698132,0.40803809981609407,0.30907555758023286,0.1814224553420479,0.10074791806754253,0.2724123510080915,0.0,0.22997924300848963,0.0,0.16768823256530174,0.017663203269080652,0.2738762808247868,0.24706472484186762,0.32788350485240403,0.0,0.43669424192556844,0.0,0.3123160056826556,0.0,0.13912820573773466,0.0,35,26,11,10,9,7,28,17,13,17,12,5
-0.0012999521615206853,-0.0037701187743018377,0.941048280732979,0.013973208978507758,0.012893953473275405,-0.7069697492476326,0.7069881675413057,-0.0004046339097467563,-1.9037704267795985e-05,-0.4237599490841069,0.6044506639594677,-0.2187133641010624,-0.0011194482494194535,0.0002971926366676237,6.566846830771494e-06,-0.4258558516433225,0.6079054232446771,-0.22009630094409427,-0.0018217376011911205,0.0071295425638322595,-0.0799881925730497,0.17455589819630457,-0.3167819485674962,-0.5248266743782624,0.5170010965740005,-0.07603896209860883,0.698132,-0.07934973339006314,-0.10628075770333117,0.1688690894532802,-0.5444294713884791,-0.5653148451828378,-0.3312311493318736,0.698132,0.40803809981609407,0.30907555758023286,0.1814224553420479,0.10074791806754253,0.2724123510080915,0.0,0.22997924300848963,0.0,0.16768823256530174,0.017663203269080652,0.2738762808247868,0.24706472484186762,0.32788350485240403,0.0,0.43669424192556844,0.0,0.3123160056826556,0.0,0.13912820573773466,0.0,35,26,11,10,9,7,28,17,13,17,12,5
-0.0012647008270879354,-0.003758614201724757,0.9410550837940448,0.013863592120505431,0.012925205981645031,-0.7069592085355397,0.7070002951418433,-0.00023918170156452445,-3.0645464084139216e-05,-0.42364679040990955,0.6044531936844145,-0.21870160217694776,-0.001100541299608058,0.00046262761571184795,-5.087660350561579e-06,-0.4256535051477874,0.6077746667381051,-0.22004335526155896,-0.0018028209570027647,0.0075160081729410055,-0.08083512541484272,0.1754476154606858,-0.3167234540888885,-0.5237948803442869,0.5129054830319503,-0.07877257050160892,0.698132,-0.07899023473688746,-0.10765576632472969,0.17114171941043815,-0.5453540015390892,-0.5655798889589476,-0.331496765351268,0.698132,0.4121576877160389,0.30910325595546195,0.18372019875559092,0.11337323717738783,0.27422861044088687,0.0,0.23207402208331826,0.0,0.1658872447634613,0.00550319766446332,0.27523578759233525,0.24584425100253304,0.3272070850475011,0.0,0.43795920420753637,0.0,0.31261841888214864,0.0,0.1325739184378428,0.0,35,26,12,10,9,7,28,18,12,17,12,5
-0.0012732597085721158,-0.003759183727953817,0.9410592100967795,0.013853098414295172,0.012928428965144003,-0.7069739133501644,0.7069857376433935,-0.0002015248345753324,-1.1995626346764459e-05,-0.423599874029458,0.6044171450394596,-0.21869720985735774,-0.0011035992256420441,0.0005002875614490152,1.3538553132883692e-05,-0.42554138813912357,0.607616205089542,-0.21998804860896762,-0.001805870782131945,0.007534278420851933,-0.08135723384742684,0.17582585286856414,-0.3160787272318154,-0.5227605451294908,0.5098065430957308,-0.08108850064094542,0.698132,-0.07869155834213436,-0.10830395644309568,0.1723229833200358,-0.5461010303401012,-0.5661444284902001,-0.33174928465677705,0.698132,0.4121576877160389,0.30910325595546195,0.18372019875559092,0.11337323717738783,0.27422861044088687,0.0,0.23207402208331826,0.0,0.1658872447634613,0.00550319766446332,0.27523578759233525,0.24584425100253304,0.3272070850475011,0.0,0.43795920420753637,0.0,0.31261841888214864,0.0,0.1325739184378428,0.0,35,26,12,10,9,7,28,18,12,17,12,5
-0.0012774899616785707,-0.0037589386638050668,0.9410636872355099,0.013854454742006491,0.012926713013909309,-0.7069802251688172,0.706979430672992,-0.0001994698489674196,5.46887514416271e-06,-0.4235683728985669,0.6043728292803754,-0.21868737506456834,-0.0011089985085354337,0.0005023400062110367,3.0993462091743985e-05,-0.4254536341183859,0.6074708640404713,-0.2199310511942574,-0.0018112648726541626,0.00747414339569606,-0.08172308072959604,0.17598935092480977,-0.3152436402571526,-0.5217998409373447,0.5073723344249101,-0.08304346956674506,0.698132,-0.07843940929856713,-0.10863202059879992,0.1730263386205239,-0.5467054861723393,-0.5667513847356466,-0.3319921496468141,0.698132,0.4121576877160389,0.30910325595546195,0.18372019875559092,0.11337323717738783,0.27422861044088687,0.0,0.23207402208331826,0.0,0.1658872447634613,0.00550319766446332,0.27523578759233525,0.24584425100253304,0.3272070850475011,0.0,0.43795920420753637,0.0,0.31261841888214864,0.0,0.1325739184378428,0.0,35,26,12,10,9,7,28,18,12,17,12,5
-0.0012404514837808034,-0.0037406397269542065,0.9410653458490742,0.01374356902253373,0.012906614138534677,-0.706969329261896,0.7069928578882452,-0.00010987525640694306,-6.264516649257408e-06,-0.4234006144704157,0.6044208628890533,-0.21870208533848304,-0.0010879864405320858,0.0005919177869760101,1.9178157073435542e-05,-0.4252046251319647,0.6073988155177167,-0.21990363674801852,-0.001790243614152984,0.007721860112269311,-0.08284425403589527,0.17686131440805622,-0.31446775777334496,-0.5211795328874788,0.504617248211449,-0.08359076455414827,0.698132,-0.07811457933516146,-0.10918771087379352,0.17476956531655788,-0.5466248800277488,-0.5664691630201867,-0.3315804720925403,0.698132,0.4131006716575989,0.309088822082548,0.18194825323250371,0.11752733023664455,0.26580341744931973,0.0,0.21687391472111459,0.0,0.1472404088345417,0.0,0.2767291960200967,0.24482813776531445,0.32594259400443126,0.0,0.43502141365070196,0.0,0.3100539367990233,0.0,0.12557970344669322,0.0,35,26,12,10,8,6,28,18,12,17,12,5
-0.0012490613655451008,-0.003742969338661833,0.9410687118805028,0.01372282225042334,0.01291161759215435,-0.7069826976379989,0.7069798013530066,-5.884817492884832e-05,1.1874529340398883e-05,-0.4233446600417513,0.6044061012265803,-0.21871921805540878,-0.0010883148444276606,0.0006429473254990243,3.72751417846712e-05,-0.42508610437005095,0.6072671853978984,-0.2198712221758771,-0.0017905647748526344,0.007616125155091678,-0.08339162052642037,0.17710382246551837,-0.31370641368257873,-0.5204911879326216,0.5024952289903997,-0.08421708748493922,0.698132,-0.07801824420362384,-0.10946144904767291,0.17563298211398698,-0.546638701500711,-0.5664770721410697,-0.33128375959200174,0.698132,0.4131006716575989,0.309088822082548,0.18194825323250371,0.11752733023664455,0.26580341744931973,0.0,0.21687391472111459,0.0,0.1472404088345417,0.0,0.2767291960200967,0.24482813776531445,0.32594259400443126,0.0,0.43502141365070196,0.0,0.3100539367990233,0.0,0.12557970344669322,0.0,35,26,12,10,8,6,28,18,12,17,12,5
-0.0012234071303846873,-0.0037317172410572174,0.9410688147082947,0.013576704203906113,0.01285375866827491,-0.7069773625639435,0.7069890118051267,4.2268044592501034e-05,8.248697499753057e-06,-0.42307375460626645,0.6045146997303835,-0.218781260951177,-0.0010743405343100773,0.0007440489288027748,3.351128113197717e-05,-0.42473028484638975,0.6072439430876386,-0.21988531345943,-0.0017765830848720599,0.007730007838413247,-0.08470389994087218,0.17795865456479837,-0.3128591017256646,-0.5200650358950495,0.5008271857539965,-0.08332551875597283,0.698132,-0.07872987061435818,-0.11008254643288286,0.17717014358706437,-0.5471303770976367,-0.5659363461017063,-0.3305737011688755,0.698132,0.412288639769816,0.3086865236899633,0.1815768471676793,0.11726665658621295,0.25700151259200205,0.0,0.20485370998958202,0.0,0.13430621008032473,0.0,0.2787814588743468,0.2434057991446942,0.32853198193598254,0.0,0.43842580052976454,0.0,0.31464769575014995,0.0,0.1332765007282331,0.0,35,26,12,10,8,5,28,18,13,17,12,5
-0.0012315694378073998,-0.003727873658327795,0.9410713259908948,0.013559672839293989,0.012865114998922723,-0.7069894253688283,0.7069770692923582,9.731248612322859e-05,2.7373293271497697e-05,-0.4230347769787227,0.6045016796614033,-0.21881627557673264,-0.0010777239607931883,0.0007990945248849667,5.257622445132263e-05,-0.42462216528255764,0.6071042007090581,-0.21986651643557012,-0.001779954566015338,0.007542883709708563,-0.08531641320530209,0.17811597337420243,-0.31224326203405767,-0.5195583380425508,0.4995493981729538,-0.08282124276869332,0.698132,-0.07898355206562813,-0.11037905809370116,0.17796022630177735,-0.5472751214406025,-0.5657295183589764,-0.33009151068601905,0.698132,0.412288639769816,0.3086865236899633,0.1815768471676793,0.11726665658621295,0.25700151259200205,0.0,0.20485370998958202,0.0,0.13430621008032473,0.0,0.2787814588743468,0.2434057991446942,0.32853198193598254,0.0,0.43842580052976454,0.0,0.31464769575014995,0.0,0.1332765007282331,0.0,35,26,12,10,8,5,28,18,13,17,12,5
-0.0012111108144869254,-0.003700930250735446,0.9410690284411976,0.013429826520813747,0.012811605188882259,-0.7069850725454782,0.7069848723487456,0.00018734153027379427,2.5803545356093807e-05,-0.4228158463767789,0.6046038844963095,-0.21886774670129377,-0.0010684475166803454,0.0008891149293925698,5.087343281344984e-05,-0.42431675756918913,0.6070705537699794,-0.21986685557646637,-0.0017706706348257421,0.007548375314576264,-0.08663975877839104,0.1788034444392908,-0.3117210378120507,-0.5191157778291726,0.4988354286653123,-0.08107488497088487,0.698132,-0.07917687854813081,-0.11117872105188045,0.17985762296151728,-0.546384046163475,-0.5648247855056873,-0.32953645014931926,0.698132,0.4111964301772104,0.307384926946996,0.18272201004979036,0.1134824424286851,0.25465285792417836,0.0,0.2013401702190997,0.0,0.1297278623864932,0.0,0.28138648495599594,0.24166254683450974,0.3289115561417063,0.0,0.4398357647659882,0.0,0.31719088481640095,0.0,0.13442611419993675,0.0,35,26,12,10,8,5,28,18,13,17,12,5
-0.0012148112238071548,-0.003702068551272678,0.9410714457187701,0.01341001704388153,0.012811975015512365,-0.7069950082042239,0.7069753058724144,0.0002250671463307121,4.147045482854949e-05,-0.42276355846471586,0.6046109257892309,-0.21890716069633595,-0.0010702457836872957,0.0009269217199609793,6.635443512966839e-05,-0.4241939867751312,0.6069509772546788,-0.21985301773849783,-0.0017725879709748875,0.007312745414994464,-0.08726934877544419,0.1788472504647438,-0.31140621321938805,-0.5186467661140057,0.49832490512359945,-0.07986835541569573,0.698132,-0.07948102776876975,-0.11151093564349143,0.18078359984399744,-0.5457394002423601,-0.5643780593405895,-0.3290467141870138,0.698132,0.4111964301772104,0.307384926946996,0.18272201004979036,0.1134824424286851,0.25465285792417836,0.0,0.2013401702190997,0.0,0.1297278623864932,0.0,0.28138648495599594,0.24166254683450974,0.3289115561417063,0.0,0.4398357647659882,0.0,0.31719088481640095,0.0,0.13442611419993675,0.0,35,26,12,10,8,5,28,18,13,17,12,5
-0.001198075315310213,-0.0036783462465767532,0.941069781240683,0.013291971924531246,0.012736462702798285,-0.7069990909233941,0.7069748166898678,0.00026951052933276755,5.185293906726428e-05,-0.42252309926840786,0.6047209468075537,-0.21896935929126465,-0.0010616672613673493,0.0009712911616795773,7.666712298217107e-05,-0.42388048883149243,0.606937539579356,-0.21986272953477512,-0.001763937298337864,0.00706716028418488,-0.08845328317142431,0.17935646914990147,-0.3112230500683894,-0.5180180737218553,0.4981457687345784,-0.07776686399917047,0.698132,-0.08006765237275167,-0.11211297910658463,0.1818606382392259,-0.5444489507461683,-0.5637446806996661,-0.32864935089510106,0.698132,0.4111358323455812,0.3049809802484691,0.18636323810834857,0.10448844663389296,0.2582576958678325,0.0,0.2033898499860568,0.0,0.12839366289309867,0.0,0.28429935221111186,0.2400021103973324,0.3350912259709501,0.0,0.4567754068870696,0.0,0.3329079237964603,0.0,0.14768124409701044,0.0,35,26,11,10,8,5,28,18,13,17,13,6
-0.0011985551776812447,-0.00367992151533638,0.9410720905578998,0.013272922760532707,0.01273287767941203,-0.7069987759930091,0.7069755540977221,0.0002942489179407537,5.491575002147861e-05,-0.4224659081806818,0.6047271854664542,-0.21901270367263856,-0.0010600774549352255,0.0009960195533112951,7.968956738750807e-05,-0.4237557491673318,0.606832898019002,-0.21985915053648358,-0.001762305480042387,0.006857615961468162,-0.08907662155071126,0.1793042225855001,-0.31117954226092615,-0.5174801653768746,0.4980653743584677,-0.07626042032930495,0.698132,-0.08061336631140487,-0.1123415104667198,0.18240453694778982,-0.543447414815702,-0.5634020353855751,-0.3282331772839985,0.698132,0.4111358323455812,0.3049809802484691,0.18636323810834857,0.10448844663389296,0.2582576958678325,0.0,0.2033898499860568,0.0,0.12839366289309867,0.0,0.28429935221111186,0.2400021103973324,0.3350912259709501,0.0,0.4567754068870696,0.0,0.3329079237964603,0.0,0.14768124409701044,0.0,35,26,11,10,8,5,28,18,13,17,13,6
-0.0011859160765952408,-0.003654227621635771,0.9410716109920768,0.013172704478155007,0.012650180012968493,-0.7070066116774111,0.706971077093538,0.00030656575263072946,6.63810415906265e-05,-0.4222353052032135,0.6048221679750903,-0.21907047758841125,-0.001051945966210886,0.001008426959910754,9.095749418717494e-05,-0.42346706015137436,0.6068250188699928,-0.21987093927078213,-0.0017542526409278804,0.006506402214444661,-0.09013337566148248,0.17968014698734466,-0.31122716116739474,-0.5167251874903965,0.4979811221473649,-0.07413119915692913,0.698132,-0.08147303416406315,-0.11269737019268944,0.1826991370635112,-0.5419915262463819,-0.5630339727011915,-0.3278888130604823,0.698132,0.41289046420248865,0.3016051818625542,0.1925833821229461,0.08954731122610023,0.265791008158338,0.0,0.20925574452237705,0.0,0.13091274896237962,0.0,0.28734046625966436,0.23859952890384473,0.3404283555570861,0.0,0.4654661691776201,0.0,0.3402331579335431,0.0,0.15448378702970597,0.0,35,26,11,10,8,5,27,18,13,18,13,6
-0.00118504687833289,-0.003654442986457611,0.9410739809619084,0.01315551796735545,0.012647769068505815,-0.7069995056486882,0.7069785465607222,0.0003271210817828194,5.867139035530611e-05,-0.42218307054278664,0.6048191650487308,-0.21910610057110727,-0.001048646925649915,0.0010288953582642322,8.322830288145989e-05,-0.4233545230903985,0.6067305729683236,-0.21986993459158208,-0.0017508895776308746,0.0063592403069669,-0.09074208643886238,0.17956442586025853,-0.3113441111340146,-0.5161356544434365,0.4979803878908425,-0.07258818729049317,0.698132,-0.08215963828410965,-0.11281625099741956,0.1828580886621813,-0.5408096204988363,-0.5627949845739397,-0.327492434939952,0.698132,0.41289046420248865,0.3016051818625542,0.1925833821229461,0.08954731122610023,0.265791008158338,0.0,0.20925574452237705,0.0,0.13091274896237962,0.0,0.28734046625966436,0.23859952890384473,0.3404283555570861,0.0,0.4654661691776201,0.0,0.3402331579335431,0.0,0.15448378702970597,0.0,35,26,11,10,8,5,27,18,13,18,13,6
-0.0011776850442377414,-0.0036242269884415625,0.9410750562767013,0.013074178506414473,0.012564527083902955,-0.7070108173861072,0.7069702275305301,0.00031719575662934803,7.1721197265073e-05,-0.42197542720965725,0.604890971544399,-0.21914856210650324,-0.0010428521353686685,0.0010190653408783993,9.60595488292983e-05,-0.42310477425003085,0.6067221467425598,-0.21987460884048124,-0.001745191486351744,0.005954887798465487,-0.09166927764666764,0.17984178892533642,-0.3114595437120924,-0.5154042935931978,0.4976899594693756,-0.0706393850479176,0.698132,-0.08310348462891198,-0.11295213350409723,0.18263636195336339,-0.5393178216403878,-0.5625235820256933,-0.32703367619823515,0.698132,0.41634473259157323,0.2976267038326331,0.20268398647667274,0.07376125320077077,0.278049153626795,0.0,0.219723723230356,0.0,0.14054576215620446,0.0,0.29051466166368145,0.2371999842832555,0.3430368548439468,0.0,0.46436181209342076,0.0,0.33880706685503104,0.0,0.15575419473894014,0.0,34,27,11,11,8,5,27,18,13,18,13,6
-0.0011764038364450269,-0.003623029695552393,0.941077582390675,0.01305908342543633,0.012564357604700769,-0.7069999526837482,0.7069813746933133,0.0003364000089156109,5.857796269971735e-05,-0.42192937749105575,0.6048762737690735,-0.21917107103071243,-0.0010395896286364632,0.0010381770784936139,8.293282009748658e-05,-0.42300845598508785,0.6066365466813398,-0.21986997829437105,-0.001741842914082826,0.005851361244580399,-0.0922231708701578,0.17969233287284653,-0.31159562827018195,-0.5148457607758473,0.497525642788897,-0.06922282424107587,0.698132,-0.08382374714854553,-0.1129853179357527,0.1825208320501625,-0.5380763536415848,-0.5622883792271683,-0.3265463994391718,0.698132,0.41634473259157323,0.2976267038326331,0.20268398647667274,0.07376125320077077,0.278049153626795,0.0,0.219723723230356,0.0,0.14054576215620446,0.0,0.29051466166368145,0.2371999842832555,0.3430368548439468,0.0,0.46436181209342076,0.0,0.33880706685503104,0.0,0.15575419473894014,0.0,34,27,11,11,8,5,27,18,13,18,13,6
-0.0011739442909552422,-0.003590827728005127,0.9410810639231791,0.012996422989799705,0.012484318397725779,-0.707011555851886,0.7069723436425999,0.0003096314456015897,6.996887071889724e-05,-0.4217466013914754,0.6049210179482891,-0.2191956180851333,-0.001036755703095466,0.0010114928713204538,9.409593868703266e-05,-0.422797744352013,0.6066240938406448,-0.21986588518069805,-0.0017391136113806076,0.005464637783403865,-0.09294371793332357,0.17985669371292345,-0.3117281085770629,-0.5142235919646698,0.49684392128226706,-0.06766071552400751,0.698132,-0.08479110551962891,-0.11290252286725277,0.18229059197952435,-0.5368582180959083,-0.5618303836123805,-0.32580215384199446,0.698132,0.4207289473127055,0.29362204586393215,0.21292728895004243,0.06740790565766101,0.29212853271641553,0.0,0.23245303778368134,0.0,0.15390149283136312,0.0,0.29387436811389295,0.23537323542165567,0.3432982702593105,0.0,0.4582223022902654,0.0,0.33258643414824296,0.0,0.1528161423827179,0.0,34,27,11,11,9,6,27,19,13,18,13,6
-0.0011730281414046738,-0.003588362405887236,0.9410838245877708,0.012984475440354347,0.012486136556654369,-0.707000942492913,0.7069831448525209,0.00032681903765494194,5.694323654122764e-05,-0.42170531043032605,0.6048921646448071,-0.2192040417974422,-0.0010344759940134859,0.001028598169498401,8.112318159782267e-05,-0.42271866106694694,0.6065444238776273,-0.21985534206672183,-0.0017367338099758415,0.005368130789915085,-0.09338726136989996,0.17968606327899522,-0.31179669367575724,-0.5137495675600746,0.4963727683255612,-0.06652270462568399,0.698132,-0.08546222910777772,-0.11285835126510753,0.18213077408482645,-0.5357734641066503,-0.5614384372011678,-0.3251433987282634,0.698132,0.4207289473127055,0.29362204586393215,0.21292728895004243,0.06740790565766101,0.29212853271641553,0.0,0.23245303778368134,0.0,0.15390149283136312,0.0,0.29387436811389295,0.23537323542165567,0.3432982702593105,0.0,0.4582223022902654,0.0,0.33258643414824296,0.0,0.1528161423827179,0.0,34,27,11,11,9,6,27,19,13,18,13,6
-0.001176209917396502,-0.003558428977217804,0.9410901327178893,0.012940221956369,0.012421291623941302,-0.7070116814658999,0.7069743591113289,0.00030172517527431815,6.748979447217533e-05,-0.4215588917137415,0.6049042930191152,-0.2192091616009863,-0.0010358618963345648,0.0010035057160647034,9.162089757903754e-05,-0.42255505618964245,0.6065176630049722,-0.2198404477989355,-0.0017380812804850831,0.00500226355202436,-0.09380587878903655,0.17969902681439237,-0.31191642166823175,-0.5132159730579169,0.4952298351622991,-0.06556370098526633,0.698132,-0.0863139908196424,-0.11278881370174884,0.18206431436376277,-0.5349629379955589,-0.5606694638310629,-0.3243069550493381,0.698132,0.42544960915374463,0.29034007637860443,0.21854333960393968,0.07630100396839537,0.29838696925480185,0.0,0.23893080984916576,0.0,0.16528997564013634,0.0,0.2972865217081269,0.23308580690399186,0.34242541364709556,0.0,0.45805445397610106,0.0,0.33208941673715253,0.0,0.15774870464824167,0.0,33,27,11,11,9,6,27,19,13,17,13,6
-0.0011748631976726189,-0.003555964363595212,0.9410931741764893,0.01293313605537827,0.012421716971187005,-0.7070020615817397,0.7069841015598801,0.0003095679389817477,5.5691004917987884e-05,-0.42151878404126986,0.6048617579747034,-0.21920477571893818,-0.0010348260154404761,0.001011339374420092,7.980450389424215e-05,-0.4224889203143007,0.6064426236696207,-0.21982364130728105,-0.0017370211355570225,0.004901082486771999,-0.09409588743039823,0.1795066757514617,-0.3118708523168086,-0.512816312684291,0.49439218092399134,-0.0648682259098745,0.698132,-0.08685000269917881,-0.11275333749706573,0.18194693019455663,-0.5341707016106978,-0.5600614384499509,-0.323614458322416,0.698132,0.42544960915374463,0.29034007637860443,0.21854333960393968,0.07630100396839537,0.29838696925480185,0.0,0.23893080984916576,0.0,0.16528997564013634,0.0,0.2972865217081269,0.23308580690399186,0.34242541364709556,0.0,0.45805445397610106,0.0,0.33208941673715253,0.0,0.15774870464824167,0.0,33,27,11,11,9,6,27,19,13,17,13,6
-0.0011793923208877287,-0.0035330368830876497,0.9411023963650945,0.012914944024410664,0.012379395825312622,-0.7070137330483327,0.7069735044970976,0.00028041156322746315,6.919096889009276e-05,-0.4214221126016975,0.6048328972622486,-0.2191915811228216,-0.001037321812273121,0.0009821038217105666,9.33677904084665e-05,-0.42238661396033,0.606391939050581,-0.2197963902674155,-0.0017394003158319796,0.00450118626654235,-0.09419572273541729,0.17933443526986925,-0.311871608286537,-0.5123565763609357,0.49285504955624604,-0.06466904835787332,0.698132,-0.08734831739580412,-0.1125919964938835,0.18148731171232055,-0.5336504486206973,-0.5594174648434805,-0.3230175620538071,0.698132,0.43062288722970343,0.2886264946657039,0.21574992268283025,0.09493010735211473,0.297291862415638,0.0,0.24059451005204432,0.0,0.17082530481612887,0.0,0.300385022182485,0.23083204578759908,0.34931157530425416,0.0,0.4700234507473801,0.0,0.34409537958198877,0.0,0.17319123824354735,0.0,33,27,12,11,9,7,26,19,13,18,13,7
-0.0011773974817920413,-0.003532500553976613,0.9411058820132255,0.012910883229142828,0.012377207902050337,-0.7070014360948008,0.7069859144132097,0.0002791466024100366,5.3706156614673863e-05,-0.42137889098042197,0.6047787774778245,-0.21917513480017645,-0.00103603035867475,0.0009809000616232088,7.779935594840604e-05,-0.4223260792272888,0.6063226965137479,-0.21977509822699073,-0.0017381566545822266,0.004438562688485215,-0.09432166027961353,0.17912221688941438,-0.3116861567164613,-0.5120178902057959,0.49167879629416505,-0.06454053079878296,0.698132,-0.0876598353251013,-0.11251292146575781,0.18117497376367622,-0.5331374053353763,-0.5588575955085027,-0.3225142681702753,0.698132,0.43062288722970343,0.2886264946657039,0.21574992268283025,0.09493010735211473,0.297291862415638,0.0,0.24059451005204432,0.0,0.17082530481612887,0.0,0.300385022182485,0.23083204578759908,0.34931157530425416,0.0,0.4700234507473801,0.0,0.34409537958198877,0.0,0.17319123824354735,0.0,33,27,12,11,9,7,26,19,13,18,13,7
-0.0011722465611114085,-0.0035211839582191557,0.9411182638099759,0.012914028830006835,0.012364739752939776,-0.7070070625824103,0.7069804484770505,0.0002509370323325706,5.637151482562674e-05,-0.4213334990320807,0.6047102841701618,-0.21914663623606337,-0.001031594444163428,0.0009526868461936483,8.042420473206247e-05,-0.4222780451116125,0.6062442535463578,-0.21974020976563702,-0.0017337470499606956,0.004194854348138971,-0.09420874646592085,0.17876024794974946,-0.3115534509238764,-0.5117510065798587,0.4899091693611383,-0.0651482868148408,0.698132,-0.08765803571907224,-0.11183530133882914,0.18037458925089467,-0.532903583843465,-0.5586189237629051,-0.32208533425550134,0.698132,0.43678770430701275,0.28922995970787346,0.21852543252581424,0.11300801830476175,0.3080757457182279,0.0,0.25268382982195586,0.0013372101863542356,0.18147682234824752,0.017800944653648048,0.3027843612117866,0.2287850014678125,0.35030018215246134,0.0,0.4725080665639342,0.0,0.34729982154194294,0.0,0.1764895091040887,0.0,33,28,13,12,10,8,26,19,13,18,13,7
-0.0011727602033579476,-0.0035230206105225487,0.9411223750827654,0.012907636754694432,0.012364940204665043,-0.7069965292051785,0.7069910953180208,0.00025937981337719737,3.991860725771465e-05,-0.42128682595194095,0.6046489075061995,-0.21912125615637426,-0.0010294156518628264,0.0009611281015409334,6.395226135878084e-05,-0.42221905445730773,0.6061744916352747,-0.21971474214582068,-0.0017315690342776331,0.00421634527650128,-0.0941977129783442,0.1785482529021101,-0.3112601834612691,-0.5115283176667189,0.48851148886958107,-0.06561391534851017,0.698132,-0.08768089974355937,-0.11154560202851277,0.17989726207754825,-0.5326953828802857,-0.5583005871694965,-0.3217687806109887,0.698132,0.43678770430701275,0.28922995970787346,0.21852543252581424,0.11300801830476175,0.3080757457182279,0.0,0.25268382982195586,0.0013372101863542356,0.18147682234824752,0.017800944653648048,0.3027843612117866,0.2287850014678125,0.35030018215246134,0.0,0.4725080665639342,0.0,0.34729982154194294,0.0,0.1764895091040887,0.0,33,28,13,12,10,8,26,19,13,18,13,7
-0.0011556973068945163,-0.0035274220135315384,0.9411377200737069,0.0128913592667858,0.0123967832650062,-0.7069894873415625,0.7069978765240031,0.00031041287192188147,2.2848486002308753e-05,-0.42126290356041324,0.6045714912732326,-0.21909216301622528,-0.0010180656041891356,0.001012138484354483,4.688298237032681e-05,-0.42217272338941825,0.6060694998920872,-0.21968245659136776,-0.0017202161372951825,0.004341291403650147,-0.09400041225646483,0.17806563756360344,-0.3110621593089159,-0.5116205726205401,0.486704956353642,-0.06694797559235192,0.698132,-0.08751756873996805,-0.11085139292788401,0.17933283494598012,-0.5333036219705964,-0.5581505711446553,-0.3214924941116144,0.698132,0.4442273971364413,0.29234301622819314,0.21825328333555075,0.12529483953282897,0.31445457506841673,0.0,0.25915839048161665,0.027951701043430727,0.1874722028617732,0.060856122905245766,0.3043533074895744,0.22630487114743605,0.34675676234518493,0.0,0.463364356425906,0.0,0.3398875478350632,0.0,0.16924588656282913,0.0,33,28,13,12,11,10,26,19,13,18,13,6
-0.0011598043781325463,-0.0035282087406047634,0.9411420757449641,0.012885504267115518,0.012403482135513611,-0.706988735064822,0.7069986180341085,0.0003357439448561683,1.4752764256031953e-05,-0.42122724832245584,0.6045093479428103,-0.2190653987189308,-0.0010179309275761504,0.001037462000378088,3.878788402164178e-05,-0.4221180530544499,0.6059782226569195,-0.21964829605994224,-0.0017200646117610191,0.0044480711777124815,-0.09388827190635587,0.17789299141975043,-0.310717781071685,-0.5116058118885931,0.4852529109660712,-0.06793530772054612,0.698132,-0.08730212411050277,-0.11056461883810796,0.17896422113100016,-0.5337054105846163,-0.5579383221468279,-0.3213767168938466,0.698132,0.4442273971364413,0.29234301622819314,0.21825328333555075,0.12529483953282897,0.31445457506841673,0.0,0.25915839048161665,0.027951701043430727,0.1874722028617732,0.060856122905245766,0.3043533074895744,0.22630487114743605,0.34675676234518493,0.0,0.463364356425906,0.0,0.3398875478350632,0.0,0.16924588656282913,0.0,33,28,13,12,11,10,26,19,13,18,13,6
-0.001136507486862955,-0.003543316941527045,0.9411590266336363,0.012833802094050079,0.012475384944115498,-0.7069735026363169,0.7070135252344503,0.000489698243959011,-1.0397868957188364e-05,-0.42121065549444214,0.6044479381387355,-0.21904504033650282,-0.001005369418721268,0.0011913723530698908,1.3648686390848736e-05,-0.4220459901087087,0.6058441438713311,-0.21961461018946754,-0.0017074828371908954,0.004872210001347696,-0.09365071884445265,0.1774035473721085,-0.3104955088214607,-0.5120690412431315,0.4835315452820683,-0.06980973241435355,0.698132,-0.0871877460601473,-0.11057337560271419,0.17884932830521727,-0.5354493552850518,-0.5575521792359718,-0.3214656584669778,0.698132,0.452567714766484,0.29713778474927194,0.20856665362710466,0.13317262745780067,0.309419195456658,0.0,0.2530884669557383,0.0510622688942034,0.1827555029181361,0.09719024764692355,0.30535737795495416,0.223040983273159,0.34813152329039576,0.0,0.46078259558318596,0.0,0.34020950872217853,0.0,0.17680763026684967,0.0,34,29,13,12,12,11,26,19,13,18,13,7
-0.001141173807975664,-0.003541038479609568,0.9411631198090623,0.01283528233643379,0.01248496323679432,-0.7069825990875406,0.7070042332318427,0.0005146806801909788,-6.441494232031625e-06,-0.42119678624433887,0.6043923964934992,-0.2190211980590831,-0.001007973757346531,0.0012163470589815516,1.7615080828952225e-05,-0.4219957245517446,0.6057204720408935,-0.21956624366907823,-0.0017100610607716238,0.005026182401431898,-0.09345736749426539,0.1773033562871569,-0.3101279417902327,-0.51227842118672,0.4821378783447035,-0.07118491486514822,0.698132,-0.08677727420541109,-0.11057854633740699,0.17870157153185762,-0.5366283427591788,-0.5572720166638145,-0.32166732949421484,0.698132,0.452567714766484,0.29713778474927194,0.20856665362710466,0.13317262745780067,0.309419195456658,0.0,0.2530884669557383,0.0510622688942034,0.1827555029181361,0.09719024764692355,0.30535737795495416,0.223040983273159,0.34813152329039576,0.0,0.46078259558318596,0.0,0.34020950872217853,0.0,0.17680763026684967,0.0,34,29,13,12,12,11,26,19,13,18,13,7
