0.0013141252249388757,-0.003939416199618965,0.9552463005957974,0.0067987932045607945,0.016506899646226862,-0.7065429831651171,0.7074449177251668,0.01296886061614792,-0.002571152748572972,-0.17602118425035893,0.20252980760615708,-0.057935182590675836,0.0009450663172948545,0.013640212105234488,-0.002554848399315211,-0.17091974745537603,0.19493320184323373,-0.056322175900553384,0.0002593414569935945,0.0482362011455222,-0.14452601758802075,0.2453970770881979,-0.3887729443065727,-0.44023497483182444,0.10450714315262523,-0.11498879365936286,0.1623252633788062,-0.2025347262501616,-0.2477425252896941,0.3016654577197133,-0.5343214373203462,-0.05515069414282297,-0.052009399039914514,0.296679980663778,0.5123043485829156,0.4509971627857844,0.5615529324049703,0.7495919134880362,0.7500071273170856,0.7181019413586224,0.6168711081403455,0.8901332076013555,0.6089627595001714,0.7573932559917704,0.6523717508977335,0.3875679009643234,0.6934292776473759,0.7410035671179925,0.7220050473447962,0.9011542375160602,0.6956651316856434,1.0822358736884248,0.793497468511083,0.8878820295722556,68,35,50,57,52,54,95,25,63,59,63,66
0.001164953754029207,-0.0037618525673558316,0.9547218877289261,0.006670670737556998,0.016435901651210255,-0.706916428438423,0.7070746258300371,0.013173547411377468,-0.0002403712572903001,-0.19105740657694797,0.2280602313389883,-0.06756122615476662,0.0006839596891136851,0.01384300813082533,-0.0002194845477764725,-0.18325375518447382,0.21529414301795705,-0.06311645629946441,1.2872859404940314e-05,0.050005777704509445,-0.1294739616839852,0.26717861792677594,-0.39748694262523726,-0.5047651128609857,0.14785991038945162,-0.12730092213945562,0.22533095720455948,-0.18354465855934912,-0.2595557823840194,0.3061959670247438,-0.6118450942669921,-0.0756576548265009,-0.058076492175538764,0.3842403506300895,0.5123043485829156,0.4509971627857844,0.5615529324049703,0.7495919134880362,0.7500071273170856,0.7181019413586224,0.6168711081403455,0.8901332076013555,0.6089627595001714,0.7573932559917704,0.6523717508977335,0.3875679009643234,0.6934292776473759,0.7410035671179925,0.7220050473447962,0.9011542375160602,0.6956651316856434,1.0822358736884248,0.793497468511083,0.8878820295722556,68,35,50,57,52,54,95,25,63,59,63,66
0.0011728653013205633,-0.003637235795463324,0.9544573198875059,0.005861015841989403,0.01577868644677935,-0.7069732271223701,0.7070399830840515,0.013385986260538676,4.307579831484406e-05,-0.1999349198785505,0.24726685784995847,-0.0755826380427132,0.0006591347593830202,0.014054891748803682,6.292696455128433e-05,-0.18987036502492743,0.23061954780466698,-0.06949975852278271,-1.0568816660020202e-05,0.0502052843727783,-0.13203081379038056,0.2900518859505284,-0.39889250585674446,-0.555244237671617,0.18040065962444365,-0.1257232633253443,0.2465562099255006,-0.1889987797228282,-0.2778399303029742,0.3039223870334518,-0.6698563581589251,-0.10053730918475554,-0.0686588606063502,0.40546774024031307,0.505571793353225,0.46453535018094655,0.6224591288064558,0.699883068888938,0.8036169398740237,0.6744446768749641,0.7056105239089902,0.8580779495071595,0.6687177367270415,0.7125114685049131,0.628792247983535,0.3922097088297575,0.7502644237554146,0.7351278027447523,0.8097534302575733,0.8851272018809079,0.7221401358289005,1.0614436615896612,0.7938609856876885,0.8651127957632956,67,37,52,59,56,56,92,25,66,63,64,66
0.0011443979565703762,-0.0035669177567545884,0.954246336107514,0.005913327616846972,0.015864686728150147,-0.7069815567087547,0.7070292941209573,0.0134717572380578,9.963438964747603e-05,-0.205939462259848,0.25678031641603066,-0.07935897763677224,0.0006240395617942564,0.014140528243788834,0.00011948933824731191,-0.1946639710612356,0.23808731858188714,-0.0724439653234409,-4.543822114810647e-05,0.05034756543115383,-0.12806529964898564,0.29692412216926084,-0.40079926927656034,-0.5725536954514991,0.1929155000842654,-0.12542913463487596,0.25858981382035745,-0.18427997236552535,-0.28289835446440426,0.3051783686981325,-0.6882140201435727,-0.10938344804392339,-0.07182519831748725,0.4177645871256716,0.505571793353225,0.46453535018094655,0.6224591288064558,0.699883068888938,0.8036169398740237,0.6744446768749641,0.7056105239089902,0.8580779495071595,0.6687177367270415,0.7125114685049131,0.628792247983535,0.3922097088297575,0.7502644237554146,0.7351278027447523,0.8097534302575733,0.8851272018809079,0.7221401358289005,1.0614436615896612,0.7938609856876885,0.8651127957632956,67,37,52,59,56,56,92,25,66,63,64,66
0.0011608119939881972,-0.003460321952230937,0.9539574687341623,0.005115141349199499,0.015183919619734252,-0.70699532414594,0.7070367002848835,0.013628015131030203,0.0001299013764626761,-0.21562543144190613,0.2773675590711476,-0.08797793865011329,0.0006217928233753121,0.014296544227591093,0.0001484707478479102,-0.20186304099835062,0.25449027694566967,-0.07937614982096958,-4.7356630956497063e-05,0.05046510289985206,-0.13474439656588583,0.3215544739848797,-0.403345559125166,-0.6245515969460597,0.22217465439924206,-0.1214709288674793,0.26806717839074456,-0.19535689975032441,-0.30356571790611797,0.3021114570695466,-0.7429459251669174,-0.13932284096570272,-0.08268298480004929,0.41732288453396565,0.493934112433852,0.4841394468447075,0.6747724235285499,0.661645645144668,0.8495158179824809,0.6423449041581961,0.7673114210787862,0.8365962014541644,0.7317558877164231,0.6803058328423653,0.6090929261557851,0.4067104802139795,0.812813655661435,0.7388900606602902,0.9457536569098838,0.8662552970182973,0.7539481331279664,1.0376717012188454,0.859051092738194,0.8357450218312592,65,40,54,61,59,58,89,28,71,71,65,68
0.001136915631696455,-0.0033706378799173474,0.953714981067779,0.005208331419079657,0.015333778819965027,-0.7069943940786891,0.7070337157818122,0.013744236808316806,0.0001358393012596637,-0.22219659812642661,0.287439325678599,-0.09192622058054392,0.000592782016425286,0.014412580068655978,0.00015446750815575062,-0.2071489841542303,0.26241142457192285,-0.08246246623891026,-7.62220621008916e-05,0.05075001750618757,-0.13097636580652347,0.32872849186574904,-0.40545947835849816,-0.6409730853994691,0.23373147604605324,-0.12037484049174109,0.27628931333553897,-0.191173468862888,-0.3092992492023918,0.3034899776378807,-0.7579324808333912,-0.15027208775466486,-0.08580932758742664,0.42205240423095036,0.493934112433852,0.4841394468447075,0.6747724235285499,0.661645645144668,0.8495158179824809,0.6423449041581961,0.7673114210787862,0.8365962014541644,0.7317558877164231,0.6803058328423653,0.6090929261557851,0.4067104802139795,0.812813655661435,0.7388900606602902,0.9457536569098838,0.8662552970182973,0.7539481331279664,1.0376717012188454,0.859051092738194,0.8357450218312592,65,40,54,61,59,58,89,28,71,71,65,68
0.0011496623628975086,-0.00331598619247555,0.9534221430842502,0.0043388672382073355,0.014490096378057697,-0.7070037291129553,0.7070480452970778,0.013765601746190913,0.00012495678732695172,-0.23193642097228379,0.3089491473608142,-0.10108151865780729,0.0005977409549084227,0.014434153678706365,0.00014211162366309574,-0.2144017591652641,0.2797514010090648,-0.08992686199637047,-7.137148191935325e-05,0.05103692533280623,-0.1452608029256405,0.3558963987191006,-0.40909818047552876,-0.700225494853221,0.2564918034874422,-0.11804787195317554,0.27819595532392644,-0.20948522994658872,-0.3310882737344269,0.3006965011861814,-0.8144802464757438,-0.182106057855756,-0.09310329920408845,0.40972575901333125,0.4713555558456723,0.5077455136701213,0.7156389065382692,0.6400843013511355,0.8837183197488204,0.6235275757412955,0.8247243933422826,0.826876864275536,0.7777588049015915,0.6618436352950141,0.5926186237198705,0.4319320761549169,0.8647851101962337,0.7653424540630875,1.0304995673637474,0.8447219308526743,0.8035170721342246,1.0111364134032244,0.9295887838970551,0.8024084477200042,61,44,56,62,62,60,87,31,75,75,67,71
0.0011223454980676896,-0.0031855683039679256,0.953145449858045,0.004482833076961238,0.01472309840187126,-0.7070012804170084,0.7070447822237028,0.013934380209200544,0.0001250316406121361,-0.23894314580091205,0.31923367828113813,-0.10506804207866784,0.0005662981664747465,0.014602618122086288,0.00014232398069640427,-0.22015535764995736,0.2879468387142015,-0.09307180242521779,-0.00010261789728615087,0.05147033549361709,-0.14181921977187795,0.3637603796518629,-0.4110743906484541,-0.7173517675976527,0.26632124051786027,-0.11734970571334305,0.28459829052714186,-0.20597744978859564,-0.33743735615626064,0.3020401591775819,-0.8281328190257738,-0.19413329929625814,-0.09523999573702328,0.41076558204147684,0.4713555558456723,0.5077455136701213,0.7156389065382692,0.6400843013511355,0.8837183197488204,0.6235275757412955,0.8247243933422826,0.826876864275536,0.7777588049015915,0.6618436352950141,0.5926186237198705,0.4319320761549169,0.8647851101962337,0.7653424540630875,1.0304995673637474,0.8447219308526743,0.8035170721342246,1.0111364134032244,0.9295887838970551,0.8024084477200042,61,44,56,62,62,60,87,31,75,75,67,71
0.001120871182860314,-0.003196307979598577,0.9528655332040452,0.0035148347012675177,0.013728569684104163,-0.7070151535509062,0.7070563944699458,0.013894475832459771,0.00011947378876472766,-0.2482374386160417,0.34091149205964016,-0.11449548726596026,0.0005591996783287862,0.014563099955455128,0.00013509290814547732,-0.22717737898627077,0.3058168740146051,-0.10092733835634331,-0.00011000669779727544,0.05167979493677603,-0.16567537211263103,0.39362836868211837,-0.4145161189031642,-0.7880614252566222,0.2815149878185634,-0.11883280366435163,0.2828034754159373,-0.23219239972104128,-0.3614445850980003,0.3005488729047463,-0.8903920155809948,-0.22515265273364182,-0.09730964924554628,0.3947921260392541,0.43145129030587004,0.5230336030799181,0.7092072460716226,0.633446639672876,0.8713292396798789,0.6089501756762645,0.7950303388332322,0.8213547385153347,0.7486783907042499,0.6482202409257696,0.5743739465571954,0.4562090300915049,0.8911866883378593,0.8287239724028603,1.0787394730511972,0.8262476207203143,0.9748939533538613,0.9878151319518584,0.9954821364630667,0.77737346238269,54,46,55,61,60,58,84,35,78,77,76,74
0.0010905960757173713,-0.0030097969397421417,0.9525558481350284,0.003730206985425339,0.014053644297402485,-0.7070111185529879,0.7070529392345813,0.014097774994783352,0.00011799757071975738,-0.2555132424674792,0.35100268945800067,-0.11833955374033564,0.0005231981862571618,0.014765997248636724,0.00013385665870073213,-0.2333376542081423,0.3140570310289248,-0.10401910657404376,-0.0001457284580706589,0.052195591344361233,-0.16256626228123727,0.4023667085251182,-0.4159287907999979,-0.80716409453118,0.2894288303212211,-0.11913649039972904,0.28908509005866334,-0.22941674823660826,-0.3685928031030967,0.3018050658978161,-0.9044415164952817,-0.23744915263999053,-0.09814872776569604,0.39529576416156387,0.43145129030587004,0.5230336030799181,0.7092072460716226,0.633446639672876,0.8713292396798789,0.6089501756762645,0.7950303388332322,0.8213547385153347,0.7486783907042499,0.6482202409257696,0.5743739465571954,0.4562090300915049,0.8911866883378593,0.8287239724028603,1.0787394730511972,0.8262476207203143,0.9748939533538613,0.9878151319518584,0.9954821364630667,0.77737346238269,54,46,55,61,60,58,84,35,78,77,76,74
0.0010853331913501618,-0.003111810514430674,0.9523009463876664,0.002675117628845379,0.0129796821247996,-0.7070364450966959,0.7070529236928715,0.014075782346241199,0.00014939224925108492,-0.2639680172385737,0.37199404821120285,-0.1276905325462581,0.0005070225133875467,0.014744290590998348,0.00016344825019254361,-0.23992147813965248,0.33190396244659953,-0.1120345754921792,-0.00016212098352463532,0.05159156975082166,-0.196778220860979,0.43379269707742996,-0.41669212256656196,-0.8914470057576519,0.29858913676059434,-0.12345117095140982,0.28576614764398856,-0.26244238632978745,-0.395151117767808,0.30144104386490866,-0.9729580130624177,-0.2664848128655216,-0.09597395850979508,0.3812400855318654,0.372999445711709,0.5139493388562127,0.6637777742654892,0.6388714807805709,0.8253580351272192,0.5888645426718784,0.695897243022866,0.8141113428668779,0.6710471578665081,0.6349155785845244,0.5510822484366509,0.4619393649048227,0.8705677874338188,0.9360280889058255,1.1228366826794056,0.8185903900529172,1.1322301494333942,0.9769961238980721,1.1118941140412244,0.7725167259465191,44,45,53,58,54,54,80,36,79,80,84,80
0.0010564239889134873,-0.0028676442245810473,0.9519660795110014,0.0029752920481688613,0.013396235558367284,-0.7070259893648994,0.7070544101217939,0.01428728301004857,0.00013418734132568237,-0.27130085122487946,0.3814891269741715,-0.1312198748594779,0.0004711829021485293,0.014955373663672071,0.00014860597986991362,-0.24635676107930873,0.33992635925689324,-0.11496225200693767,-0.00019761443893612896,0.05210571478407814,-0.19391072968275214,0.44323091441187523,-0.41721440325239745,-0.9131948711485899,0.3050294297603962,-0.1243605045359589,0.2928668109751607,-0.2604124050669766,-0.4030419014647787,0.30254868459357986,-0.9881846556871018,-0.2786135185832323,-0.0959625990730907,0.3830670539085336,0.372999445711709,0.5139493388562127,0.6637777742654892,0.6388714807805709,0.8253580351272192,0.5888645426718784,0.695897243022866,0.8141113428668779,0.6710471578665081,0.6349155785845244,0.5510822484366509,0.4619393649048227,0.8705677874338188,0.9360280889058255,1.1228366826794056,0.8185903900529172,1.1322301494333942,0.9769961238980721,1.1118941140412244,0.7725167259465191,44,45,53,58,54,54,80,36,79,80,84,80
0.0010698473516399434,-0.0031188801207514983,0.9517548727322056,0.001840902455013201,0.012344151442658612,-0.7070713435750178,0.7070320700635374,0.014397469821660996,0.00021916767786202818,-0.2785271141418171,0.40096994993872687,-0.1402041867977915,0.00046554794138774377,0.015065369746818272,0.0002317246508124548,-0.25221630365160996,0.3570851685324609,-0.12292065872784097,-0.00020306617625629828,0.0501304512702688,-0.23842420002266035,0.47381948545478525,-0.4125141970313614,-1.0116378199348945,0.31166828056252865,-0.12662065111346973,0.2860000548495456,-0.3014441555688554,-0.43042409737950327,0.30267974265686154,-1.0689218017616773,-0.3054515776845895,-0.09318949046175301,0.3674100255554187,0.30731925020724343,0.47272902524723664,0.6337976428387444,0.6590406016097262,0.7603104342101389,0.5655225179823524,0.6417464307576872,0.809016447527626,0.5965741157635428,0.6307737115566778,0.5277163214630188,0.4390605593254224,0.7500046314962553,1.0754082067411468,1.1659526856554354,0.8233497022102418,1.1148252548936086,0.9834237352008542,1.135626158732047,0.7892475219693068,32,38,52,53,51,50,77,33,75,82,83,82
0.0010430288066418934,-0.0028111531404747224,0.9514099050184248,0.002256919808377505,0.012872856481647467,-0.7070512314577845,0.7070415489722027,0.01460124781826885,0.00018854243458118577,-0.28579393343457427,0.40948637609350413,-0.1432436500281988,0.00043147428309377623,0.015268735963150796,0.00020163749764981072,-0.25883432206027324,0.3645606655854737,-0.12553504823204997,-0.0002367171687910105,0.05041430779760528,-0.2355661750135047,0.4835407605523489,-0.41203412757600894,-1.0360951411853578,0.3174867103473006,-0.12638577699538595,0.2933084651612154,-0.2997057568315823,-0.43875926344596905,0.30384677754012646,-1.0867024410215236,-0.3172486729265306,-0.09381650733482962,0.36980793702093,0.30731925020724343,0.47272902524723664,0.6337976428387444,0.6590406016097262,0.7603104342101389,0.5655225179823524,0.6417464307576872,0.809016447527626,0.5965741157635428,0.6307737115566778,0.5277163214630188,0.4390605593254224,0.7500046314962553,1.0754082067411468,1.1659526856554354,0.8233497022102418,1.1148252548936086,0.9834237352008542,1.135626158732047,0.7892475219693068,32,38,52,53,51,50,77,33,75,82,83,82
0.0010789801630034207,-0.0032826062500663894,0.9512713413641581,0.0010607033349489547,0.01194391804251356,-0.7071211013327479,0.706990781962672,0.014966943230571347,0.00033872273019597835,-0.2914855063012181,0.42677565890110236,-0.15162580637623396,0.0004354135858088597,0.015633293061081428,0.0003499852874826691,-0.2636440480945607,0.38030767982273306,-0.1331968605110569,-0.00023178045364070373,0.046498465231000596,-0.28942896245110866,0.5101648795360699,-0.3998278747330894,-1.147587428142827,0.3253254714786354,-0.11933192846525859,0.2769502801232883,-0.3510581747788826,-0.4655034522340028,0.3015033077843706,-1.1887143844846295,-0.34169687824631095,-0.09747056684933643,0.34114325434460235,0.25666326778296555,0.4077664044114361,0.6533444054365775,0.7009759940665369,0.80020928922926,0.5549933480307987,0.6664925466505038,0.8152852862283544,0.5594400193592135,0.6489646849382691,0.5152607967094539,0.3923043580350931,0.6182849470075086,1.2111406649796164,1.2437550829329198,0.83503240389767,0.9399177122235277,1.003271593274595,1.0274210160027397,0.8197128898346911,24,28,54,55,53,48,75,25,70,87,74,77
0.0010567356166133006,-0.0029008328059937517,0.950937973144322,0.001647031054275687,0.012614951556541392,-0.7070864559199634,0.7070126548658643,0.01512416457352043,0.00028767527021445627,-0.2986657688601775,0.43398932104710886,-0.15401458577403854,0.0004041113252879429,0.01579019836840142,0.0002997307000191076,-0.2703971602625555,0.38687076356008065,-0.13532520202844614,-0.00026260113511561054,0.046344847409975735,-0.286308236764293,0.5196860990079941,-0.39860625666342275,-1.174313487362022,0.33120653933379013,-0.11528610869182704,0.2822881823446597,-0.34861950854906265,-0.47402387863143114,0.30285705230673216,-1.2108435648276383,-0.3529641298071154,-0.10137414319065965,0.34077402317299227,0.25666326778296555,0.4077664044114361,0.6533444054365775,0.7009759940665369,0.80020928922926,0.5549933480307987,0.6664925466505038,0.8152852862283544,0.5594400193592135,0.6489646849382691,0.5152607967094539,0.3923043580350931,0.6182849470075086,1.2111406649796164,1.2437550829329198,0.83503240389767,0.9399177122235277,1.003271593274595,1.0274210160027397,0.8197128898346911,24,28,54,55,53,48,75,25,70,87,74,77
0.0010852148752151644,-0.0031787743837588174,0.9506072894431299,0.001292550636628302,0.012640381275581952,-0.7071197883073441,0.7069796001712049,0.015673615210834036,0.00041508143585608054,-0.30977414325899466,0.45433554963976885,-0.16319747162836382,0.0003840181082067114,0.01633788474217265,0.0004265804082409342,-0.28078905804766857,0.4060108531831829,-0.14392951227805229,-0.00028081576450248596,0.03919570433747124,-0.3444012839958985,0.5485217114530092,-0.37772028164344784,-1.3240431377735553,0.34776716859883716,-0.0836714232384941,0.2510780084503181,-0.40302315082393375,-0.5057416345843669,0.29597897775734927,-1.3552125130122252,-0.38552518973172106,-0.12668904662146804,0.2860098473222192,0.2388458472211787,0.33870363864355785,0.6499846291731958,0.7653699517254527,0.8565336647317024,0.5722479348154024,0.6999383958262263,0.8351453616068589,0.5556826570922275,0.6906785951130017,0.5184737907827427,0.3350288304501913,0.6342953234749505,1.25,1.309,0.8501155829266362,0.922538997622522,1.0295325066051562,1.0025265122169185,0.8545246685896095,21,18,56,59,55,49,76,16,72,91,74,76
0.0010811360801482974,-0.00299408869209261,0.9503339026509722,0.0016488228819841759,0.013034651020733907,-0.7070888945703648,0.7070025986028137,0.01573866463944114,0.0003343265742521576,-0.3153432472775415,0.4606234915778881,-0.1649463900421154,0.000369680947948543,0.016402887049130777,0.00034669267352624054,-0.28617939229710726,0.4120623987408899,-0.14559930243944247,-0.0002950513833805391,0.03894167886984794,-0.3381204865247992,0.5555703744598235,-0.3766842106022352,-1.3446090192887907,0.35336100252605773,-0.07476015391243312,0.2546842836592088,-0.39691613940307946,-0.5122022906708485,0.29689245813435405,-1.3729732979695306,-0.39440770011871645,-0.13524142739087053,0.2833794912698426,0.2388458472211787,0.33870363864355785,0.6499846291731958,0.7653699517254527,0.8565336647317024,0.5722479348154024,0.6999383958262263,0.8351453616068589,0.5556826570922275,0.6906785951130017,0.5184737907827427,0.3350288304501913,0.6342953234749505,1.25,1.309,0.8501155829266362,0.922538997622522,1.0295325066051562,1.0025265122169185,0.8545246685896095,21,18,56,59,55,49,76,16,72,91,74,76
0.001131794098196545,-0.003684532998968206,0.9502290173716054,0.001173822972037161,0.012945138071136697,-0.707149158074755,0.7069449156575887,0.01627589324927013,0.0005200640859463618,-0.32269265536596536,0.47657338243759534,-0.1731123691218599,0.0003665318578283869,0.016938093422448317,0.0005315863261266258,-0.2933912822005517,0.4277268985875064,-0.15355561918476252,-0.0002959602752421082,0.02982046338396451,-0.40372578083093363,0.5724251100509959,-0.35336700902193013,-1.4917023154806577,0.3681707146613444,-0.026540832793727778,0.2008632898591635,-0.4572888585070201,-0.5382058532765213,0.292880015821008,-1.5276678411112965,-0.41266804584528133,-0.1700950217510078,0.2059409420919942,0.2517332886047347,0.28396133429487813,0.6254070946328294,0.8379192046604074,0.9010998617832142,0.6136676959246501,0.7283834578159645,0.857967566158617,0.5628889121342019,0.7389446894658774,0.5266768731737012,0.34138599153771665,0.7249157852982246,1.25,1.309,0.8719268665957005,1.0012905922137039,1.057730194353363,1.0625700970888985,0.8850242187283941,23,9,56,63,58,51,77,17,78,92,79,81
0.0011415727999772992,-0.0034835948115273067,0.950017073680452,0.0016172156470511219,0.013356532268219218,-0.7071084658957271,0.7069770895283034,0.016213351213726426,0.00041865207008830575,-0.3274868907388856,0.48119634435346853,-0.17418499041968433,0.00037734744472906986,0.016875957065273502,0.00043114617983274,-0.29818294069399254,0.4324172669378976,-0.15467776789643897,-0.00028545813725610887,0.02928314174143006,-0.39792337076697126,0.5785004915202836,-0.35340664303416924,-1.510113813877624,0.3724239742083906,-0.013561703596658788,0.19923874025615046,-0.4508352319692073,-0.5438429586118577,0.2948393407733733,-1.5457767098321151,-0.4185720965753692,-0.18175559225404608,0.19854779345658863,0.2517332886047347,0.28396133429487813,0.6254070946328294,0.8379192046604074,0.9010998617832142,0.6136676959246501,0.7283834578159645,0.857967566158617,0.5628889121342019,0.7389446894658774,0.5266768731737012,0.34138599153771665,0.7249157852982246,1.25,1.309,0.8719268665957005,1.0012905922137039,1.057730194353363,1.0625700970888985,0.8850242187283941,23,9,56,63,58,51,77,17,78,92,79,81
0.0012376087303230037,-0.0040957537247213,0.9500123980827045,0.0018329060300077246,0.01373338782088668,-0.7071132613130376,0.7069645466285327,0.016351741971065002,0.00047238942628742976,-0.33621381777792525,0.49543786847859794,-0.1809716690975427,0.00044330398565001596,0.017013724004745778,0.0004853101657494076,-0.30726985470483426,0.44727907739488215,-0.16166056837970888,-0.00021848488058969927,0.01791183613867612,-0.4654729767597717,0.592764397776967,-0.33531263730936844,-1.670027079292799,0.38396207493628653,0.05584652235350644,0.11956603567115548,-0.506430400283722,-0.5740588225586771,0.3013474278462135,-1.712809904542733,-0.42682740509797357,-0.23024773010112196,0.10783919032125477,0.27359130346452115,0.25359098215397247,0.5963332254201826,0.8930624634981477,0.9419410375187796,0.6563722549828147,0.7598636997347984,0.8667929107877891,0.5739928539150225,0.7682277625693146,0.519614764874649,0.346510042602123,0.8000580040896972,1.25,1.309,0.9008672443005084,1.0266554971395225,1.0814538352838374,1.0851408869619068,0.9006065881033694,27,4,56,67,60,52,76,18,83,92,81,82
0.0012536578985068462,-0.004025129167684131,0.9498692303491445,0.0020630815561550383,0.013915076209814668,-0.7070849546247946,0.7069886712613015,0.01625344354723904,0.0003772199475145447,-0.3391765304766609,0.4987095352035716,-0.1816609506409197,0.00047915768756214255,0.016915956369665607,0.0003908196420121119,-0.31038762639370016,0.45086013782801404,-0.1624988074099937,-0.0001832982928904413,0.017571382378126846,-0.4601486256954412,0.5972856539221305,-0.33641738923083014,-1.6820349614596617,0.38632760038861785,0.0686201183383115,0.11576047346184724,-0.500682377081648,-0.5784065060159168,0.30322619803589357,-1.725232173579712,-0.42983806541428937,-0.2414859589520542,0.10176036112028614,0.27359130346452115,0.25359098215397247,0.5963332254201826,0.8930624634981477,0.9419410375187796,0.6563722549828147,0.7598636997347984,0.8667929107877891,0.5739928539150225,0.7682277625693146,0.519614764874649,0.346510042602123,0.8000580040896972,1.25,1.309,0.9008672443005084,1.0266554971395225,1.0814538352838374,1.0851408869619068,0.9006065881033694,27,4,56,67,60,52,76,18,83,92,81,82
0.0013187973487768542,-0.004772271342848414,0.9502110780616314,0.002259163192384335,0.013998849378981423,-0.707101112196227,0.7069702578811886,0.016008411306671275,0.00046911118899401307,-0.34325663530841677,0.5066860010709254,-0.18656063375086887,0.0005517640167982718,0.01667151842240719,0.0004826493264489994,-0.3153423556783842,0.4602763927459284,-0.1679101894891144,-0.00011099522250225782,0.005663678462886745,-0.5362762341810012,0.6046207056943211,-0.3270663616628489,-1.8235626933265587,0.3857316503160135,0.12485491851043955,0.030264419117027846,-0.5620350592068177,-0.6023357549230292,0.30973217872156406,-1.8723800676456703,-0.4302388154623208,-0.281125123622735,0.029032829144329923,0.2779589724643445,0.3121935184757506,0.5555920221441715,0.9086837100822113,0.9408455467071803,0.6746431120842696,0.7817750344032333,0.8519031840531139,0.5849814643388713,0.7641948477200237,0.48310209295049217,0.34458094763318614,0.8056485031233452,1.1791683012982437,1.309,0.9227743901787386,0.9038134822509225,1.086283039151058,0.9302369468213683,0.891136998814055,27,13,54,67,60,53,70,18,81,93,74,74
0.001336269634329804,-0.004673637333144797,0.9501308883842075,0.002515333840452596,0.014197717487239261,-0.7070734715226786,0.7069930719481571,0.01589490579756417,0.0003664108400449225,-0.345385885047462,0.5083833096729653,-0.1866037159127426,0.000592544651762532,0.016558543475444894,0.00038064930605297007,-0.3176982632881613,0.46239857604784423,-0.16815806310866782,-7.0906364561915e-05,0.0054775101855102796,-0.5326960054957857,0.6080409474285121,-0.3290920295003094,-1.832477712028275,0.386356693322586,0.13592855210713953,0.024432338347789007,-0.5579994079381991,-0.6061162111676426,0.3116268614306342,-1.8829495839308066,-0.43176833486229715,-0.2909784747503291,0.024437793570342328,0.2779589724643445,0.3121935184757506,0.5555920221441715,0.9086837100822113,0.9408455467071803,0.6746431120842696,0.7817750344032333,0.8519031840531139,0.5849814643388713,0.7641948477200237,0.48310209295049217,0.34458094763318614,0.8056485031233452,1.1791683012982437,1.309,0.9227743901787386,0.9038134822509225,1.086283039151058,0.9302369468213683,0.891136998814055,27,13,54,67,60,53,70,18,81,93,74,74
0.0013745417903939501,-0.005339058963455721,0.9507478578972824,0.002785204283502987,0.014128701667586596,-0.7070893374131031,0.7069775748515555,0.015337097573042855,0.00045450053903474516,-0.34627833378332246,0.5111053003771427,-0.18927435842970747,0.0006548871749372019,0.016002227908576843,0.00046863116812313906,-0.31969760556392507,0.46693407948481247,-0.17149500408232812,-9.75049842527779e-06,-0.005801544261190192,-0.6132098469056007,0.6131435532164794,-0.3305610490630211,-1.9539669051316146,0.3745288616637294,0.1712750375722954,-0.05093672302881347,-0.6227551827575923,-0.6303593158346282,0.31992329281137827,-2.0171890054023747,-0.42691542189854736,-0.3146793431944118,-0.02802984853004927,0.25170004008248426,0.3863043262191108,0.48957510026711865,0.8808574894853527,0.8355566920783227,0.6584787888501554,0.7211275307034783,0.8210129245079778,0.5190823521863281,0.738156437689153,0.4188033255489801,0.33933637285728335,0.7395209273717159,1.0796039869895875,1.067148043357002,0.9179070246874229,0.7333597056726657,1.0604073374397047,0.7003179002187798,0.8575932977538195,23,25,50,60,56,48,61,17,75,79,64,60
0.0013963374109939365,-0.005214847160878602,0.9507184445294675,0.0030721581451681203,0.014349381221225643,-0.7070610194789243,0.7070002629676483,0.015204517391537485,0.0003458336650949838,-0.347772279327914,0.511533407067477,-0.18878287857220302,0.0007024053346194575,0.01587018906632971,0.00036069711856238923,-0.3214407420768323,0.46782262859801327,-0.1712284397503553,3.7053773679036756e-05,-0.005814220782322195,-0.6115205548414462,0.6153309363839087,-0.33318812224735245,-1.9604735714253474,0.3735247011452485,0.17941987303029586,-0.05640541307510376,-0.6200242118836844,-0.6338242078409382,0.32143498491268435,-2.0267768501643357,-0.4273927408611416,-0.32225551053086415,-0.030398551416116273,0.25170004008248426,0.3863043262191108,0.48957510026711865,0.8808574894853527,0.8355566920783227,0.6584787888501554,0.7211275307034783,0.8210129245079778,0.5190823521863281,0.738156437689153,0.4188033255489801,0.33933637285728335,0.7395209273717159,1.0796039869895875,1.067148043357002,0.9179070246874229,0.7333597056726657,1.0604073374397047,0.7003179002187798,0.8575932977538195,23,25,50,60,56,48,61,17,75,79,64,60
0.0014102449753421278,-0.005165032401747855,0.9506866686839947,0.0032139690903603612,0.014452157825613881,-0.7070449695171398,0.7070135901221256,0.015124927391701721,0.00027639703733707007,-0.3487379056474819,0.5121245744092859,-0.18855194367411843,0.000737721779042471,0.015790938032034352,0.0002917160807492776,-0.32265566437827,0.46885590868586313,-0.17120442136510927,7.185728656190622e-05,-0.005769599724258963,-0.609603953726026,0.6172149099712922,-0.3351506208166814,-1.9651259477968817,0.3728526905428597,0.18655147409038095,-0.06034902519181014,-0.6171568237435825,-0.6367646952169045,0.3222358284948583,-2.0340603489289966,-0.42790499964827344,-0.3290958849843637,-0.0317221653516502,0.25170004008248426,0.3863043262191108,0.48957510026711865,0.8808574894853527,0.8355566920783227,0.6584787888501554,0.7211275307034783,0.8210129245079778,0.5190823521863281,0.738156437689153,0.4188033255489801,0.33933637285728335,0.7395209273717159,1.0796039869895875,1.067148043357002,0.9179070246874229,0.7333597056726657,1.0604073374397047,0.7003179002187798,0.8575932977538195,23,25,50,60,56,48,61,17,75,79,64,60
0.001417580825058635,-0.005779778342557382,0.951459849762699,0.003372307761736809,0.014120572782274628,-0.7070725539392131,0.7069919663125879,0.01437942419981778,0.00040119745607179345,-0.34671135899906624,0.5111172186869514,-0.18992595501398934,0.0007628566914664778,0.015047308637465801,0.00041593631332010803,-0.3217702150510495,0.4696923466167082,-0.17324481306373385,9.558526416506097e-05,-0.01525595308432054,-0.6909745716964721,0.620398002830946,-0.34546800091937957,-2.061977388980284,0.3524376438944257,0.1955792071828678,-0.11359062466564489,-0.6826016259956542,-0.6641622767512655,0.33109143636098015,-2.1536362284929647,-0.4161333407186778,-0.3284060102435303,-0.06847230807985401,0.2044350404086136,0.4505415184046125,0.4729242926839498,0.8238806400953447,0.7775987931157687,0.6195797805996244,0.6056426545706876,0.7953934545841095,0.36662450844575206,0.7185185689043659,0.34064728965845625,0.33353976789226725,0.5937158424074293,0.9949544710703113,0.8719963219732836,0.8838092775827882,0.6245834213989357,1.0144810925685763,0.5141828988167146,0.8185105063330534,14,35,48,56,49,40,49,16,63,67,57,49
0.0014470468570034944,-0.005641006293343536,0.9514681066814334,0.0036792640642860828,0.014349515767443964,-0.7070450052277055,0.7070133768152759,0.014218864977548968,0.00029787463015556494,-0.34769527691490937,0.5106021496894668,-0.18909920953414885,0.000819425143588463,0.01488732817362857,0.0003133287975053484,-0.32299777204146696,0.4696241937873274,-0.17263570124801644,0.0001514120716367451,-0.015079622542396698,-0.6913654762259205,0.6209766039619298,-0.3483721462382,-2.06616575114128,0.34998153164205925,0.199603188490383,-0.11684540700739977,-0.6809189579054202,-0.667087765916019,0.3319370551322042,-2.1619150125957898,-0.41551021468008514,-0.33222570640114135,-0.06913146144061555,0.2044350404086136,0.4505415184046125,0.4729242926839498,0.8238806400953447,0.7775987931157687,0.6195797805996244,0.6056426545706876,0.7953934545841095,0.36662450844575206,0.7185185689043659,0.34064728965845625,0.33353976789226725,0.5937158424074293,0.9949544710703113,0.8719963219732836,0.8838092775827882,0.6245834213989357,1.0144810925685763,0.5141828988167146,0.8185105063330534,14,35,48,56,49,40,49,16,63,67,57,49
0.001411741151945647,-0.006068483518941341,0.9523082053145798,0.004094858582062367,0.013918353204423098,-0.7070497348717746,0.7070149814501974,0.012973134371460214,0.00033357888987387794,-0.3447173538524619,0.5069048569163016,-0.18867509096740873,0.0008512365224481068,0.013644885971395482,0.0003488984933346476,-0.3212932079275088,0.46801919808152,-0.1729849108580302,0.00018016666892205544,-0.02255968147238643,-0.7693215073567407,0.6213356882329518,-0.3656186124411341,-2.145291222978571,0.32213699406070284,0.19056423914360346,-0.15747547831026315,-0.73739676539399,-0.6930394661677961,0.3404518237338363,-2.257943028466532,-0.40308140329753356,-0.3159045574885546,-0.0980140127463044,0.15992506041230853,0.49620356406022026,0.603794263626363,0.754738069147419,0.9575037195797926,0.579107916533781,0.7207156853598853,0.7924669563075355,0.4844917415542226,0.7249058718280733,0.26406842054649715,0.3268736398939076,0.5424861528047283,0.9319586006820594,0.8813377255556852,0.8378904852675657,0.6394040592751707,0.9784509343694257,0.46146273293939555,0.7983969131540503,7,42,53,65,55,46,38,15,58,66,57,46
0.001444169004097074,-0.00592265433710758,0.9523407901555204,0.004389751586145286,0.014153059684542514,-0.7070244104286049,0.7070338775763587,0.012836202313465182,0.00023151181295432075,-0.3453225944568579,0.5057823417754065,-0.18763223822444217,0.00091216074319596,0.013508391225149846,0.0002475102499780138,-0.32216016562153715,0.4673691734815759,-0.17217216845890587,0.00024043144364553122,-0.022143511410931804,-0.7709841806203699,0.6204880145303658,-0.3689518055618711,-2.1479411021064925,0.3182324734657869,0.19154908928014866,-0.15955269132331967,-0.7364627582247872,-0.6954430700407161,0.34082138709156573,-2.264305115034402,-0.4021886563859683,-0.3167533210908844,-0.09855718151072704,0.15992506041230853,0.49620356406022026,0.603794263626363,0.754738069147419,0.9575037195797926,0.579107916533781,0.7207156853598853,0.7924669563075355,0.4844917415542226,0.7249058718280733,0.26406842054649715,0.3268736398939076,0.5424861528047283,0.9319586006820594,0.8813377255556852,0.8378904852675657,0.6394040592751707,0.9784509343694257,0.46146273293939555,0.7983969131540503,7,42,53,65,55,46,38,15,58,66,57,46
0.001363145891120645,-0.0060216012654851474,0.9532163169799471,0.005095959222549677,0.01380255637608823,-0.7070184514628954,0.7070420284029064,0.011316931959900025,0.00019504008629496868,-0.34177338326414786,0.49904815762795146,-0.1851274071019323,0.000939892328599691,0.011992776513687296,0.0002114576553122408,-0.3202822434027913,0.46340485939420123,-0.1707423881785731,0.00026440257845959815,-0.027783653280221875,-0.8450247615622871,0.6131905580308213,-0.39376525247774097,-2.212583995923283,0.2800461838813707,0.1683016216971286,-0.20044762887605583,-0.7860466742771097,-0.7150997796050395,0.34690373102701366,-2.353387253649845,-0.38847722991985234,-0.288852748134378,-0.1340009596667814,0.13597334858182972,0.5297422211189176,0.7102444777927902,0.6829746419815286,0.9857150470761037,0.5475458099463824,0.7194936581775164,0.8100075676499561,0.5264793019023754,0.7532320681691044,0.19758258105931104,0.3248535609110643,0.7793577533892212,0.8782086294595397,1.1581159478744705,0.7966850069572318,0.7342178317059938,0.972966891693503,0.5116825226770151,0.8088935065351156,3,47,57,66,56,49,28,15,72,81,62,49
0.0013863902636510256,-0.005924832606927612,0.9532589373431569,0.0052459941302319965,0.013937247125292509,-0.707004142067922,0.7070525976099343,0.011262413597957531,0.00013155879104031172,-0.34174991177736586,0.4977825505410445,-0.18413488668961359,0.0009839130245252467,0.011938392016920136,0.0001484251154357155,-0.320518223157839,0.4625913536854652,-0.16996487595756307,0.0003081024705559894,-0.0272950902835117,-0.8465318973238796,0.6112412173360717,-0.3965708762490943,-2.212598478318823,0.2756119126894591,0.16738624670170224,-0.20210866725587096,-0.7847692439921652,-0.7165178319996358,0.3465262440184128,-2.3568594168338306,-0.38758840427390484,-0.2881508895797949,-0.13516654731594835,0.13597334858182972,0.5297422211189176,0.7102444777927902,0.6829746419815286,0.9857150470761037,0.5475458099463824,0.7194936581775164,0.8100075676499561,0.5264793019023754,0.7532320681691044,0.19758258105931104,0.3248535609110643,0.7793577533892212,0.8782086294595397,1.1581159478744705,0.7966850069572318,0.7342178317059938,0.972966891693503,0.5116825226770151,0.8088935065351156,3,47,57,66,56,49,28,15,72,81,62,49
0.0012752381146798261,-0.00597213529967858,0.954043001880891,0.00568998611195896,0.013448166736676178,-0.7070102962190905,0.7070524817222992,0.00997150807787573,0.00016491881740654952,-0.3372042101073488,0.49056786546937675,-0.18156728965634705,0.000948481480368103,0.010650094125826988,0.00018170719780838184,-0.3175338446701654,0.4579453836531581,-0.1683832832103829,0.00027011170302634115,-0.03289189739144523,-0.9112261752112726,0.5965563838231448,-0.4214718035823961,-2.2608425684941564,0.23644837275695413,0.13950258538216898,-0.2490169769414875,-0.8249005039976626,-0.7307478916514789,0.3503749470389251,-2.426212010679134,-0.37244002129996734,-0.25613694704569956,-0.17509519164405515,0.1348079747869806,0.5582069704226182,0.8799442197743079,0.6167455229740183,0.9373924476886946,0.5187561414224842,0.637807222635936,0.8278485152500599,0.5060318795973432,0.7843447524741147,0.14179512119465956,0.33635499270238034,1.0584653444875955,0.8201248398980394,1.309,0.7642354091718401,0.7131135372836811,0.9922451266592704,0.5435329314769045,0.844829608940876,2,51,64,63,52,49,20,17,89,89,62,52
0.001297377131679662,-0.005877068255450407,0.9540915373144169,0.005812340847313902,0.01357066076079717,-0.7069966735016443,0.7070627677356511,0.009942722474865951,9.8198464993864e-05,-0.33701356826870305,0.4891687640388574,-0.18058820260174738,0.0009872100478072233,0.010621354301367491,0.00011536191334995655,-0.31757905079074056,0.4569584374829931,-0.16760409359250517,0.0003086428241057503,-0.03233142212613824,-0.9129206043896195,0.5940104234190751,-0.42440721182620017,-2.259590578834943,0.23162497298102686,0.13754543531167424,-0.25204980523769377,-0.8237987079765505,-0.7317870282327071,0.35002800033489645,-2.4283579406124263,-0.3712817692657431,-0.25432304724233923,-0.17749387520654103,0.1348079747869806,0.5582069704226182,0.8799442197743079,0.6167455229740183,0.9373924476886946,0.5187561414224842,0.637807222635936,0.8278485152500599,0.5060318795973432,0.7843447524741147,0.14179512119465956,0.33635499270238034,1.0584653444875955,0.8201248398980394,1.309,0.7642354091718401,0.7131135372836811,0.9922451266592704,0.5435329314769045,0.844829608940876,2,51,64,63,52,49,20,17,89,89,62,52
0.001207452887473213,-0.0058341891268627296,0.9547502924571332,0.006089035950505544,0.013157752675433333,-0.7070042025853697,0.7070607150113424,0.008995754740499408,0.00016883821862934777,-0.3324707996838681,0.48198955902056234,-0.17783110575659708,0.0009529409374009149,0.009675983935713695,0.00018586041385740715,-0.3143866488376107,0.45199608882586617,-0.16569953136204968,0.00027278932410379985,-0.03931288204289368,-0.9665320217305022,0.5730254576099725,-0.44848616049870477,-2.2924974600337062,0.19532520409575696,0.1145681978455305,-0.3038822893934903,-0.8534420478643876,-0.7431753637794029,0.350973131749786,-2.4762097928513787,-0.3543131919839559,-0.22636891833790376,-0.21664985936777376,0.14998921513997018,0.5849946415747238,0.992802200849922,0.5672077904547856,1.051313194652433,0.4850499240289491,0.7300168940096134,0.8278317164560094,0.6259864915846138,0.8029162948991032,0.0949829995550964,0.3608624348199867,1.0151781945251153,0.7582724917824014,1.1817875518132968,0.738348240647301,0.6184214317550145,1.0161792019376579,0.5091644488987003,0.8924293627652793,5,56,69,68,57,56,13,20,84,81,57,51
0.0012274266605271865,-0.005746644210488322,0.9547986798606463,0.006177714160722565,0.013263534878799355,-0.7069900466096031,0.7070721239627668,0.008996765824468986,8.565918368344775e-05,-0.33217169307873523,0.48059855474388097,-0.17691935360705746,0.0009860482084037895,0.009676965640460994,0.00010297823808254529,-0.31428243462227295,0.4509515506831761,-0.16496628888654036,0.00030580677910458184,-0.03866147530224025,-0.9682549849862383,0.5702153756687429,-0.45152519087049947,-2.290273230654756,0.19058327853319107,0.11271968470665548,-0.3081968038196806,-0.8524907874043686,-0.7440413514783659,0.35065540937917244,-2.4772231083878293,-0.35284882082922875,-0.22441023650762054,-0.21970893787338225,0.14998921513997018,0.5849946415747238,0.992802200849922,0.5672077904547856,1.051313194652433,0.4850499240289491,0.7300168940096134,0.8278317164560094,0.6259864915846138,0.8029162948991032,0.0949829995550964,0.3608624348199867,1.0151781945251153,0.7582724917824014,1.1817875518132968,0.738348240647301,0.6184214317550145,1.0161792019376579,0.5091644488987003,0.8924293627652793,5,56,69,68,57,56,13,20,84,81,57,51
0.0011546426475748193,-0.00574708405546778,0.9552745539566835,0.0061664973036446614,0.012854207046505917,-0.7070423057126237,0.7070275253515849,0.00847294727959336,0.0003737451557121968,-0.32815724934064494,0.4753212846047342,-0.17503225816278203,0.0009343361448357984,0.009153828026463064,0.00039064475195301135,-0.311186783848738,0.4471092796389167,-0.16356459307539312,0.00025349894833329785,-0.048519699411834906,-1.007672024361062,0.5484656293133817,-0.470898498804306,-2.310073568087292,0.16644973081247794,0.09986816426826832,-0.34978688740322167,-0.8728374407401163,-0.7532158082102366,0.3497861383104909,-2.505756207755275,-0.3379262325405286,-0.20616416595332168,-0.2485926007235266,0.17331636089762284,0.6149799479027008,1.0843643201645246,0.5413996329854843,1.1777494882427126,0.44980650789672016,0.855034112744974,0.810007462930201,0.7669124213584878,0.8079982573485976,0.058192767919994934,0.39043762368033,0.9364474391652022,0.705004859751963,1.0512594210581792,0.7183982022725022,0.5935681875527106,1.0325160596949778,0.4177323042534937,0.9366584581984146,9,60,73,75,63,64,8,25,78,73,56,48
0.001177797133638791,-0.005650345441707544,0.9553231011621568,0.006281082770619264,0.012991330999123817,-0.7070066914412849,0.7070596237767697,0.008479063933411194,0.00021162603978137893,-0.32794715560572146,0.47388865012074693,-0.17417182908744705,0.0009677882355912272,0.009159915959386703,0.0002288035923280961,-0.31111806125919306,0.44596584138048256,-0.16287942914904063,0.00028688663254087377,-0.04780641629623366,-1.0099505152998998,0.5453252128682532,-0.47444739282697945,-2.3077053931157376,0.1619437208600453,0.09832082295294245,-0.3550051676464228,-0.8723364617083269,-0.7541324912338475,0.34969649822379617,-2.5066443056997096,-0.3360236336172283,-0.20420268663433136,-0.25210311732683544,0.17331636089762284,0.6149799479027008,1.0843643201645246,0.5413996329854843,1.1777494882427126,0.44980650789672016,0.855034112744974,0.810007462930201,0.7669124213584878,0.8079982573485976,0.058192767919994934,0.39043762368033,0.9364474391652022,0.705004859751963,1.0512594210581792,0.7183982022725022,0.5935681875527106,1.0325160596949778,0.4177323042534937,0.9366584581984146,9,60,73,75,63,64,8,25,78,73,56,48
0.0010865143800538118,-0.005740943409938435,0.9555967823328863,0.00595614116111136,0.012462553040010935,-0.7073604011745835,0.7067180993892298,0.00827908777085957,0.0010320026934885211,-0.32496964274312534,0.4718810555212937,-0.17346702812316026,0.0008999342767367971,0.008959897221488005,0.001048711304677214,-0.30874894169598477,0.44450141663589204,-0.16218619758069697,0.00021887215286512873,-0.06031918461582546,-1.0316980275778793,0.5299039691059316,-0.48537612480484427,-2.317982816904365,0.15367651218560724,0.09335590426083928,-0.3745663076986414,-0.8836901539675402,-0.760945204434717,0.3477793821529059,-2.5195454883287396,-0.3272779958728425,-0.19636272245240924,-0.26521019610256436,0.1957015000980966,0.6513196053381074,1.14376527480592,0.5392302759917179,1.2531029965934315,0.42182070311970543,0.9198065799587698,0.7874991383911215,0.8309499653308539,0.8084808234334816,0.03393293566336904,0.4217571469549941,0.9206103215326058,0.6732224838863163,1.0159522655016673,0.7053601477011453,0.5843190769811544,1.04398432150386,0.3674872246950129,0.9677638121205665,13,66,76,79,66,67,4,30,76,71,56,46
0.0011333687103469768,-0.0056509107521513675,0.9556457645197429,0.006149490739299991,0.012680967880245185,-0.7071517567169349,0.7069213321080499,0.008252429440673404,0.0007484600844359702,-0.3249017909722622,0.47027848330201505,-0.1727899747253277,0.0009325139762595037,0.008933392207461118,0.0007653312102783446,-0.30871350655345253,0.4432032536142458,-0.1616916033382444,0.0002514642864545067,-0.06024052209037875,-1.0359924463248906,0.5254604901426599,-0.49026527442075746,-2.3169851213245107,0.14979366551975923,0.09160840173491372,-0.3805688198289599,-0.8848385505758537,-0.7623535799373993,0.3476402873783196,-2.5217172469417863,-0.3245687949996735,-0.19413331827441724,-0.26943809416828063,0.1957015000980966,0.6513196053381074,1.14376527480592,0.5392302759917179,1.2531029965934315,0.42182070311970543,0.9198065799587698,0.7874991383911215,0.8309499653308539,0.8084808234334816,0.03393293566336904,0.4217571469549941,0.9206103215326058,0.6732224838863163,1.0159522655016673,0.7053601477011453,0.5843190769811544,1.04398432150386,0.3674872246950129,0.9677638121205665,13,66,76,79,66,67,4,30,76,71,56,46
0.0010137928545694101,-0.00564120003198942,0.9558139053600656,0.005980039914846946,0.012362274565810915,-0.7078282794230916,0.7062510461154173,0.008181241700950033,0.0014764962034998358,-0.32341732300768816,0.4693450323980249,-0.1723638124180688,0.0008894740615809201,0.008862056188779784,0.0014932271639910711,-0.3077353035124345,0.4424058514482649,-0.16119119174932195,0.0002082610566976307,-0.07121682585440434,-1.046407048296971,0.5152122918034795,-0.4973050907592921,-2.3210695795233884,0.14827465178440966,0.0891918245764851,-0.38823467967125597,-0.8894106504108397,-0.7670135112522348,0.34708575651235113,-2.5270897274042206,-0.3205328027533358,-0.19072769730231529,-0.27437767196063606,0.2119268836760918,0.6898698880774438,1.172753954497777,0.5588060895949504,1.309,0.4055006441564358,0.974511202648899,0.7720339766020637,0.8439228056747099,0.8117389342679346,0.022089637504818592,0.45720513312884936,0.9426617712333908,0.6692424786932998,1.0247195255733328,0.6990835422852456,0.5730850209045976,1.0584642449301669,0.3831682575326036,0.9858985859002435,16,72,78,82,69,68,2,35,77,71,56,47
0.001106191803706257,-0.0055976160025778,0.9558583375180941,0.006113391901415301,0.012556675137593709,-0.7074197259171149,0.7066557066438378,0.008146290169060743,0.0013349852843184595,-0.3231436760535262,0.46783041759368804,-0.17177729793652635,0.0009157343845481376,0.008827085282401897,0.001351786338550429,-0.30744238730821355,0.44121754657453016,-0.1607246371346437,0.00023464474319304524,-0.0734047128577193,-1.0520587089910525,0.5088110205687834,-0.5036594480090002,-2.320726783117662,0.1461095044632072,0.08707447648701828,-0.3933683775523742,-0.8917434181310083,-0.7691398888791997,0.3467021027647053,-2.5300791706044445,-0.31772118358908746,-0.18857890758711512,-0.2782205689208628,0.2119268836760918,0.6898698880774438,1.172753954497777,0.5588060895949504,1.309,0.4055006441564358,0.974511202648899,0.7720339766020637,0.8439228056747099,0.8117389342679346,0.022089637504818592,0.45720513312884936,0.9426617712333908,0.6692424786932998,1.0247195255733328,0.6990835422852456,0.5730850209045976,1.0584642449301669,0.3831682575326036,0.9858985859002435,16,72,78,82,69,68,2,35,77,71,56,47
0.001022707954971654,-0.005535567794128981,0.9559861552263146,0.006172091376612376,0.01244722629362237,-0.7079225316418102,0.7061534259914648,0.008005537905997163,0.0019126337885193277,-0.32229141479499585,0.4666032792662318,-0.1712557324433815,0.0008878367537797444,0.008686391508859404,0.0019294372390556962,-0.30699466043150564,0.44014897299197053,-0.1601538967245108,0.0002066864538965789,-0.08440289794179097,-1.0601697543550315,0.49793480023834724,-0.5119655302647775,-2.3223090652787945,0.14673986614965082,0.08435264396649714,-0.3980980645850867,-0.893869946483828,-0.7732301691190934,0.34675502737546576,-2.5328918146237016,-0.3156864038986276,-0.18637208971029115,-0.28036645937700216,0.22739304902946947,0.7226969482201642,1.2047657888001833,0.5964207013222926,1.309,0.3993512470630679,1.040497581264042,0.7671206827714819,0.8510803485772611,0.818119796926702,0.019637414999181518,0.4973837120671875,0.9747035204791762,0.6913020965349841,1.0581539952023322,0.6994423208929319,0.5606070163102669,1.0790883818219634,0.38718474883363313,0.9976860335227301,19,77,81,82,72,68,2,42,80,73,56,48
0.0011170147763075768,-0.005488258092845238,0.9560294147795866,0.006256772231796448,0.01263146347705297,-0.7074688451366995,0.7066039428793266,0.008017171719030262,0.001637759211530345,-0.3220560087546691,0.4651469624985044,-0.17058967817119025,0.0009261153919966642,0.008697974646283765,0.001654703089132668,-0.3066875495783345,0.43900188947660246,-0.1596366349199748,0.00024504795807646585,-0.08663769644058616,-1.0651358232377373,0.4909612373149419,-0.51877229857314,-2.320670357680041,0.14619883180473717,0.08199404261607926,-0.401019214125112,-0.8953234502034221,-0.7751139432249842,0.3464019607037558,-2.5346259325976965,-0.3143692550900496,-0.18506712862825647,-0.2821530424066781,0.22739304902946947,0.7226969482201642,1.2047657888001833,0.5964207013222926,1.309,0.3993512470630679,1.040497581264042,0.7671206827714819,0.8510803485772611,0.818119796926702,0.019637414999181518,0.4973837120671875,0.9747035204791762,0.6913020965349841,1.0581539952023322,0.6994423208929319,0.5606070163102669,1.0790883818219634,0.38718474883363313,0.9976860335227301,19,77,81,82,72,68,2,42,80,73,56,48
0.001024459141525374,-0.0053963684493084805,0.9561215805274941,0.006354775296784221,0.01259115317921475,-0.7078391743799657,0.7062328106974584,0.007931636871618634,0.0019716086158351976,-0.3214529157801089,0.4638933267171862,-0.16996866758240542,0.0008998669324898588,0.008612458992884788,0.001988634920263306,-0.30639119309621177,0.4378994314531454,-0.15902399744679938,0.00021877330671988282,-0.09594932570064468,-1.071717257630821,0.48026775960105766,-0.5268349923601889,-2.3206578495038355,0.14785579961704864,0.07920482963550875,-0.4040574598278257,-0.8954899790847445,-0.7784516616099134,0.34728864255765,-2.535607233216443,-0.31517786680634646,-0.18349574581737174,-0.28114026436219125,0.2525493522030897,0.7443048486714936,1.198197259613595,0.6406147418174016,1.309,0.3986375470253424,1.0780577299920757,0.7690813681998798,0.8806427878074187,0.8247229272657108,0.02312444321832603,0.5378911110366015,0.9755063021219236,0.7295557256613591,1.095552613708094,0.7079031447811786,0.5518822550058875,1.103372273442328,0.38986731989394835,1.0086450518891112,23,80,82,82,74,70,3,48,81,75,56,48
0.0011056723265879444,-0.005361383175536269,0.9561609041937953,0.006379740887167442,0.012733426713663091,-0.7074223659076653,0.7066475464925498,0.007990974521109471,0.00161416331472332,-0.32113778631088274,0.4625729787812262,-0.16928163138414712,0.0009302988886721848,0.008671760751044755,0.0016313457737509801,-0.30598970672335557,0.4368459394475254,-0.15850378969896947,0.0002492838922079034,-0.09768085127644172,-1.0761258611574367,0.4731927876516338,-0.5332329558472281,-2.318247094784541,0.14820431676353454,0.07678894671123142,-0.4057707799282765,-0.8962626918354917,-0.7800673455080257,0.3470977275805159,-2.5364883575582806,-0.31602431736389686,-0.18258639499425178,-0.28046147145618067,0.2525493522030897,0.7443048486714936,1.198197259613595,0.6406147418174016,1.309,0.3986375470253424,1.0780577299920757,0.7690813681998798,0.8806427878074187,0.8247229272657108,0.02312444321832603,0.5378911110366015,0.9755063021219236,0.7295557256613591,1.095552613708094,0.7079031447811786,0.5518822550058875,1.103372273442328,0.38986731989394835,1.0086450518891112,23,80,82,82,74,70,3,48,81,75,56,48
0.000985633154253191,-0.005260304109284097,0.9562227038878351,0.006445258067316308,0.012686754880384364,-0.7076405802002775,0.7064292704530751,0.007974818861795237,0.0017053476539697315,-0.320573567607578,0.4614045852118402,-0.1686448313276702,0.0008854299803628534,0.00865556775271071,0.0017225988828832948,-0.30562701020509075,0.4358218333272286,-0.15793059356111727,0.00020442796282802388,-0.1041870823345864,-1.081881629947277,0.4633214558028263,-0.5401479158423795,-2.317682599547391,0.14974316728456705,0.07430070724945526,-0.40867924282900286,-0.8956462013066662,-0.7831978934027509,0.34851839582544936,-2.536478588844435,-0.31951123975181017,-0.18086067142499285,-0.27638402881142127,0.28774807045317513,0.7543979393827903,1.1779872893532968,0.6748226279244836,1.309,0.3986566671072979,1.079490645307963,0.7713991392665897,0.9175602888515756,0.8311922781175545,0.029714928646904257,0.5722966556814718,0.9069028022934151,0.7681062527467908,1.1162689912508583,0.7242103668477998,0.5349827380043095,1.126283393792829,0.39497143057165074,1.0205207695385177,29,82,81,82,75,72,4,53,78,77,55,49
0.0010499378481733106,-0.005240728159264429,0.9562572615738761,0.006441676391341,0.012781462928995777,-0.7073060897567369,0.7067625021205478,0.008037748230987254,0.001322422906693246,-0.3201684992327709,0.46021586078669463,-0.16800100422500414,0.0008938887335051098,0.008718485947712077,0.0013397822669067704,-0.3051473137910196,0.4348529862691462,-0.1574564599474231,0.00021295936069821108,-0.1050071300971303,-1.0858690144666328,0.4565495759237284,-0.5456770306148754,-2.3151129288565064,0.150162789562436,0.07213432473922544,-0.41045004027953025,-0.8962089082706833,-0.7849172156165372,0.34837412198868006,-2.536924385525334,-0.3224516309625966,-0.17975913602520022,-0.27319526002053046,0.28774807045317513,0.7543979393827903,1.1779872893532968,0.6748226279244836,1.309,0.3986566671072979,1.079490645307963,0.7713991392665897,0.9175602888515756,0.8311922781175545,0.029714928646904257,0.5722966556814718,0.9069028022934151,0.7681062527467908,1.1162689912508583,0.7242103668477998,0.5349827380043095,1.126283393792829,0.39497143057165074,1.0205207695385177,29,82,81,82,75,72,4,53,78,77,55,49
0.0008970134737399998,-0.005127645619264069,0.9563026967738707,0.006486263706367151,0.012683777099158664,-0.707317650593211,0.7067522842841961,0.008013434305539914,0.0011298742596054664,-0.3196077735848646,0.4591351956916227,-0.16737984887026872,0.0008211088805425719,0.008694202866263684,0.0011472483743937391,-0.3046665892624529,0.43393573673686,-0.15696515836652908,0.00014017751208504734,-0.10729419702489658,-1.0908048237304073,0.4481322236744918,-0.5512571726229815,-2.3142942260239168,0.15090956867922103,0.07031552745653352,-0.4139324373008434,-0.8955715023896524,-0.7873626941231577,0.35010781360902166,-2.53671566174277,-0.3284719968301924,-0.17766666432781714,-0.26676896106759485,0.3183164301977196,0.75750441601183,1.2032266178394344,0.6893312532903395,1.309,0.3982713071351039,1.0542503394374443,0.7704577261213563,0.9196086596215937,0.8395214605469695,0.03733121389004963,0.5972454217537375,0.9046026503255044,0.7919896872969314,1.1011699384523452,0.7431170124891713,0.5157197659428508,1.1425887221772117,0.3837310738564942,1.0329041772873901,34,82,83,82,73,73,5,57,78,77,55,49
0.0009417890686885386,-0.005118600979992724,0.9563331396221986,0.006479136020791848,0.012724978145212576,-0.7071217286808961,0.7069476335309197,0.008034986903583266,0.0007722548907920865,-0.3191142636796691,0.4580597363899923,-0.1667993729711273,0.0008034404056810991,0.008715797636851406,0.0007896693340044486,-0.30414837054537414,0.4330409022227558,-0.1565493046256884,0.0001225203780297714,-0.10682074056442895,-1.0943623192267635,0.442011163722334,-0.55580037993601,-2.3118006801143465,0.15090204933165782,0.06874224477741953,-0.41638744063856686,-0.896147747925816,-0.7889810123448064,0.35002103058130896,-2.5370746746441433,-0.3333850424459167,-0.17620943404629555,-0.2615282948453499,0.3183164301977196,0.75750441601183,1.2032266178394344,0.6893312532903395,1.309,0.3982713071351039,1.0542503394374443,0.7704577261213563,0.9196086596215937,0.8395214605469695,0.03733121389004963,0.5972454217537375,0.9046026503255044,0.7919896872969314,1.1011699384523452,0.7431170124891713,0.5157197659428508,1.1425887221772117,0.3837310738564942,1.0329041772873901,34,82,83,82,73,73,5,57,78,77,55,49
0.0009696628566607086,-0.005104981844203534,0.9563616960096645,0.006469154650032431,0.012782070074852785,-0.7070244194067989,0.7070440149560653,0.008106670047934063,0.00045475942152270037,-0.3186406580040913,0.4570214718167853,-0.16625673334136973,0.0008065296229574859,0.008787392063699355,0.0004722087559544969,-0.30367445443967533,0.4321386850760011,-0.15615838268525206,0.00012564812503253181,-0.10580348253431038,-1.0973786690504046,0.4370889169572342,-0.5594029775789563,-2.3086162842879054,0.15045959489430707,0.06742615933903318,-0.41830566332145297,-0.8968219486309156,-0.7903232691292712,0.3491792263968881,-2.5375776290651206,-0.33748975352149974,-0.17514059479614813,-0.25707980662476104,0.3183164301977196,0.75750441601183,1.2032266178394344,0.6893312532903395,1.309,0.3982713071351039,1.0542503394374443,0.7704577261213563,0.9196086596215937,0.8395214605469695,0.03733121389004963,0.5972454217537375,0.9046026503255044,0.7919896872969314,1.1011699384523452,0.7431170124891713,0.5157197659428508,1.1425887221772117,0.3837310738564942,1.0329041772873901,34,82,83,82,73,73,5,57,78,77,55,49
0.0007881747786275125,-0.004969547112539196,0.956398604540632,0.006454415025910352,0.01261288270068802,-0.7068297466372909,0.7072418009318406,0.008092395601529292,2.770703969209756e-05,-0.3180334190942437,0.45608757765220426,-0.1656950390965986,0.0007174452867399219,0.008773107059041406,4.508604104706517e-05,-0.3030302718407197,0.43137963782725064,-0.15577594507073522,3.658771222468004e-05,-0.10242471748484241,-1.1008585946205804,0.4314982391753221,-0.5632547576140942,-2.307046818946051,0.15003723065061597,0.0667567122712233,-0.421835950047129,-0.8971687797565757,-0.7910862360646732,0.3506650725344555,-2.5390009573033376,-0.3450480515319093,-0.17284653717367762,-0.25062239168513945,0.32613101975047654,0.7586841015065455,1.2872890224516322,0.6873623211812261,1.309,0.4003100000544197,1.0994407011360543,0.7681036522062052,0.880385369196042,0.8492922238520079,0.0459399107991715,0.6163160847115652,1.0004612117531562,0.795241576032601,1.0893439365066822,0.7568346982712548,0.5289292205733997,1.1489605265771614,0.373187592205074,1.043947503783289,36,82,88,82,76,71,6,60,84,76,56,48
0.0008001427133165625,-0.004967228967767964,0.9564250411093264,0.006455402093849374,0.012600644523662873,-0.7068609789135988,0.7072107946225809,0.008072022899447749,-0.0001636537310734811,-0.3174509709835399,0.4551513822690971,-0.1652209530292427,0.0006726776636347844,0.008752724099585434,-0.00014630797424945775,-0.30252030365624943,0.4305641719682,-0.15542120143124397,-8.176551201373238e-06,-0.10047824457319432,-1.1037422606817355,0.42687984834168696,-0.5664225289519641,-2.3045385187472345,0.14937302966861055,0.06622596461765297,-0.42466834483957566,-0.8978615438404433,-0.792089225749637,0.35062973663880526,-2.5402130275190853,-0.35113613736963706,-0.17117298147784868,-0.2450254502867066,0.32613101975047654,0.7586841015065455,1.2872890224516322,0.6873623211812261,1.309,0.4003100000544197,1.0994407011360543,0.7681036522062052,0.880385369196042,0.8492922238520079,0.0459399107991715,0.6163160847115652,1.0004612117531562,0.795241576032601,1.0893439365066822,0.7568346982712548,0.5289292205733997,1.1489605265771614,0.373187592205074,1.043947503783289,36,82,88,82,76,71,6,60,84,76,56,48
0.0006065097306003157,-0.004819469121679761,0.9564911274912083,0.006395127062572449,0.012293727280247854,-0.7065908230827723,0.7074866609022541,0.007946549261005003,-0.0010461940048713553,-0.3160960022802202,0.45343580507646697,-0.16426406640168653,0.0004939653263736044,0.008627235488323653,-0.0010291066239938626,-0.30114968312652574,0.4292001812561033,-0.15484334048993545,-0.00018692021247121557,-0.08710693579789,-1.1086547098253812,0.4201320770264982,-0.5724002904427962,-2.299931387622911,0.1474557764896796,0.0672205729209831,-0.4310386307583487,-0.9002710220103065,-0.7914931909970645,0.3531783623699304,-2.5447677190829086,-0.36841459656786235,-0.166324534691984,-0.23329410944551565,0.30430766712963475,0.7584791649457763,1.29719161920172,0.6792739418287087,1.309,0.40788280041925157,1.0772805697827477,0.7682604787661431,0.8277365523785445,0.8564857728970277,0.05982210258990173,0.6385881963896797,1.0404930085014017,0.7821338915507358,1.078729838833726,0.7595942470782293,0.5426413474818157,1.1447236525514826,0.37242552909377574,1.0503058866012909,32,82,88,82,74,68,8,64,87,76,56,49
0.0006216255471100132,-0.004822462170949652,0.9565155977647046,0.006405508124684041,0.012281105503339839,-0.7067549037406965,0.7073228753205693,0.007899423170654353,-0.0008900208883670487,-0.315484019486794,0.4525497577392086,-0.16391516833132067,0.00046273825683666665,0.008580243909326596,-0.0008729809210052982,-0.30072289620753545,0.42842948319687607,-0.15452230879925202,-0.0002181952320486368,-0.08523233496408057,-1.1108878912806122,0.4170075269592061,-0.5746798672560945,-2.2971576532549527,0.14654449390728821,0.0677232822143174,-0.4336037749496784,-0.9011743448067923,-0.7922329685011682,0.3526944290660018,-2.5461154577874883,-0.37471680198185986,-0.1647622124989015,-0.22834454234746243,0.30430766712963475,0.7584791649457763,1.29719161920172,0.6792739418287087,1.309,0.40788280041925157,1.0772805697827477,0.7682604787661431,0.8277365523785445,0.8564857728970277,0.05982210258990173,0.6385881963896797,1.0404930085014017,0.7821338915507358,1.078729838833726,0.7595942470782293,0.5426413474818157,1.1447236525514826,0.37242552909377574,1.0503058866012909,32,82,88,82,74,68,8,64,87,76,56,49
0.00039927570970932336,-0.004628298152566846,0.9565892998204903,0.0062622257178053305,0.011871054319025472,-0.7063251247507497,0.7077603271901088,0.00776985716648147,-0.0019592097124632845,-0.31401923162634476,0.45099548470979156,-0.16303735518692034,0.0002890790445652792,0.008450371037132741,-0.0019425761315156956,-0.2991704864147173,0.4272968710335175,-0.1540794587775493,-0.00039183396193515096,-0.06385997611544178,-1.113863567577141,0.41575146318102074,-0.578817396575335,-2.291171429683945,0.14392946401762138,0.07123374071525601,-0.4379335999320683,-0.9044830669013642,-0.7887604886197866,0.35558577113874384,-2.551080844289077,-0.39353682280406044,-0.16029200232370872,-0.2200598720368976,0.26179774718965254,0.7542962477739229,1.2444747869032722,0.6740724330520987,1.309,0.4220357625901362,1.0365361900074979,0.7733498152317273,0.8090026943331204,0.8584089162932153,0.08962340758148717,0.6715041810577892,1.0250278379856976,0.7620802504315387,1.0923170699808693,0.7503861517440951,0.5603719204600234,1.1300111465490548,0.4018988692656189,1.0480168174741302,25,82,85,82,72,67,12,69,85,76,57,50
0.00040297601053554806,-0.004638456328639144,0.956611660570349,0.0062711200584619695,0.01182559408800311,-0.7066254076171028,0.7074612086098006,0.007690135361550579,-0.0015615574342710782,-0.31331840342231726,0.45017954908543134,-0.16277484925859936,0.0002452098222015152,0.008371039795446249,-0.0015450001878995236,-0.2987564135826139,0.4265956388304397,-0.15378769863385844,-0.0004357779487946169,-0.06161965738301394,-1.1158416126543138,0.41387413257217875,-0.5804410596626536,-2.288604859967518,0.14309340484600944,0.07281159624544775,-0.44000706584485033,-0.9053948792096662,-0.7890801208741147,0.35544219566259005,-2.5521462833496353,-0.40034180874556946,-0.15878522663234831,-0.21630948675149325,0.26179774718965254,0.7542962477739229,1.2444747869032722,0.6740724330520987,1.309,0.4220357625901362,1.0365361900074979,0.7733498152317273,0.8090026943331204,0.8584089162932153,0.08962340758148717,0.6715041810577892,1.0250278379856976,0.7620802504315387,1.0923170699808693,0.7503861517440951,0.5603719204600234,1.1300111465490548,0.4018988692656189,1.0480168174741302,25,82,85,82,72,67,12,69,85,76,57,50
0.0001467670322019062,-0.004379462221150615,0.956691352603223,0.006021156431373139,0.011277802117279086,-0.7060421068288935,0.7080544472279289,0.007551137175511632,-0.002898658714880267,-0.31166496270352906,0.44878962492357827,-0.1619390867082161,5.0035836321554386e-05,0.008231279966863231,-0.002882721980344118,-0.29694758798339405,0.4257062735115192,-0.15347468099774164,-0.0006308173772121358,-0.0317409290761545,-1.117252554573986,0.4182600238108151,-0.5826364643910865,-2.2816774805508886,0.13974997668737,0.07879349521771313,-0.44192161963794246,-0.9091682226090437,-0.78312648765418,0.3598145393717943,-2.5554560945301965,-0.4212574114344007,-0.15487349313444823,-0.21169275786401764,0.21704776696790576,0.7477234338040211,1.1781374400288458,0.6772916666774635,1.309,0.4442008157719334,1.0394461600160554,0.7859284031508504,0.8226188630392617,0.8579266643675967,0.15006302511403702,0.7140855024174705,0.9973090249510068,0.7449345721922593,1.1048800895630646,0.7331168431072508,0.5722782424578632,1.1043484448196148,0.40255350736145695,1.033604656456032,17,81,81,83,73,68,21,75,83,76,57,50
0.00013939652945104975,-0.004400123979557082,0.9567113097428056,0.006026064888268142,0.011189677634903826,-0.7064848826574887,0.707614010766337,0.0074280598504439625,-0.0022654349604312716,-0.3108396235052974,0.4480352158592597,-0.16176246600787322,-1.2229169148254262e-05,0.008109003857369124,-0.0022496069665246254,-0.2965188908199314,0.4250735456300926,-0.15321774951682196,-0.0006931981952921434,-0.02902857066775434,-1.1190335615551879,0.41761659259421857,-0.5836090973854712,-2.2794589928635305,0.1390155773034561,0.08143275719966926,-0.4433138252359091,-0.910226115117004,-0.7831197968692521,0.3602717229484636,-2.555609381132836,-0.428744297580166,-0.1534707539043336,-0.20937267334472093,0.21704776696790576,0.7477234338040211,1.1781374400288458,0.6772916666774635,1.309,0.4442008157719334,1.0394461600160554,0.7859284031508504,0.8226188630392617,0.8579266643675967,0.15006302511403702,0.7140855024174705,0.9973090249510068,0.7449345721922593,1.1048800895630646,0.7331168431072508,0.5722782424578632,1.1043484448196148,0.40255350736145695,1.033604656456032,17,81,81,83,73,68,21,75,83,76,57,50
-0.00016598869045657494,-0.0040568788321089806,0.9567914723107847,0.005652695171365822,0.010478423129714316,-0.7057539014018547,0.708357028864734,0.0072837375819556896,-0.003864727977382715,-0.3089370910661569,0.44680132146555984,-0.16096180783400316,-0.0002441543801629454,0.007963305699172682,-0.0038497924997485528,-0.29440739775747105,0.4244357584764179,-0.1530336512329823,-0.0009248387450597478,0.009417148769055165,-1.1190070896620856,0.4274925875691833,-0.5834261867713265,-2.272233505582649,0.1342315459042483,0.08972173454178185,-0.44331714353463525,-0.9147641576676163,-0.774308716259637,0.36674509210927525,-2.556646892346082,-0.4523820029684392,-0.15039700809892492,-0.2088222351363947,0.18746213231198922,0.7475905269814818,1.144761805448931,0.6930285587777644,1.309,0.47829530783751334,1.0117690428971948,0.8103317014719903,0.7922300453148698,0.8609635547193594,0.24809577809748326,0.7568950779367275,0.9846132207193197,0.7378889921612236,1.1242281289722655,0.7130812137859341,0.6142086432730133,1.0684781238733618,0.444476560340456,1.0066624974851859,12,81,80,84,72,67,36,82,82,77,58,51
-0.0001847076345094914,-0.004088376391084304,0.956809434598266,0.0056611955754665,0.01034627677501197,-0.7063433632723024,0.7077711201954496,0.007104456421608769,-0.0029889091963426952,-0.3079824258775137,0.44608810587025616,-0.16086713286408497,-0.0003289014174783164,0.00778540708269935,-0.002974102632362418,-0.29396865496161,0.42386178586086726,-0.15280985315781506,-0.0010097708373539795,0.01259302179900227,-1.1204985883828273,0.42808168958720555,-0.5836560533045473,-2.2705190982859405,0.13333371937337357,0.09334595172153919,-0.4441587244577796,-0.916178968123887,-0.773873379006898,0.3680206841375367,-2.555629134248055,-0.46077331301559515,-0.14918331095828824,-0.20811610494903876,0.18746213231198922,0.7475905269814818,1.144761805448931,0.6930285587777644,1.309,0.47829530783751334,1.0117690428971948,0.8103317014719903,0.7922300453148698,0.8609635547193594,0.24809577809748326,0.7568950779367275,0.9846132207193197,0.7378889921612236,1.1242281289722655,0.7130812137859341,0.6142086432730133,1.0684781238733618,0.444476560340456,1.0066624974851859,12,81,80,84,72,67,36,82,82,77,58,51
-0.0005355121180439581,-0.003669883327287115,0.9568782601741228,0.005114958214103593,0.009540902019745258,-0.7054727150713607,0.7086543986182254,0.007126879102262241,-0.004814977209011782,-0.3058456076314385,0.44500726178508926,-0.16010782419455338,-0.0005992252734243843,0.007805488026996571,-0.004801408180016109,-0.29156278385666207,0.42344934258089584,-0.15275003809433557,-0.001279491807778266,0.05923041054210779,-1.1190372092411756,0.44271780462990795,-0.580604312966405,-2.26403219735654,0.12613274038393632,0.10404611209406588,-0.44374641333746173,-0.9220519689966147,-0.7627124431609664,0.37766143882574865,-2.554802600677482,-0.4872768941593869,-0.1459123619638228,-0.21161836681308274,0.18192819939939828,0.7632476837149051,1.0613374233980923,0.7233340108504347,1.309,0.5276471976979936,0.9060407492692701,0.848737758928588,0.7233325796804481,0.8699315102017118,0.3675507197732004,0.7884058456641789,0.9512051753751954,0.7404912955292398,1.1370403815716457,0.6917775591298124,0.6985722568075202,1.0271724811172558,0.5511932339237852,0.9737515742719072,11,83,76,85,67,63,53,87,80,77,62,56
-0.0005659978992873239,-0.0037106656160308263,0.9568949838343711,0.005146362241224313,0.009368064213445217,-0.7062051958130702,0.7079265327244038,0.0068717345199484706,-0.0037010656647432955,-0.3047959276547339,0.44431956639363424,-0.16008668272548243,-0.0007115374040860112,0.007552449683659061,-0.0036875879645151726,-0.29114197457916735,0.42291286988691074,-0.15254982059195504,-0.0013920499755901183,0.06286346074609817,-1.1200332990007533,0.44443863347851537,-0.5800088960356163,-2.2630327658644944,0.12467079446370376,0.10868939471500012,-0.4445209332417053,-0.9240255543906302,-0.761905304761978,0.38003537443280316,-2.5526472028886724,-0.49661469735814384,-0.14455577773492034,-0.21251649283175217,0.18192819939939828,0.7632476837149051,1.0613374233980923,0.7233340108504347,1.309,0.5276471976979936,0.9060407492692701,0.848737758928588,0.7233325796804481,0.8699315102017118,0.3675507197732004,0.7884058456641789,0.9512051753751954,0.7404912955292398,1.1370403815716457,0.6917775591298124,0.6985722568075202,1.0271724811172558,0.5511932339237852,0.9737515742719072,11,83,76,85,67,63,53,87,80,77,62,56
-0.0009703524474899548,-0.003293772915909639,0.9569574708719032,0.0044469750981097345,0.008379738776570554,-0.7060712642649335,0.7080772374323508,0.006931214426999301,-0.004379125958577933,-0.30141333774071033,0.44274592340480357,-0.15943265778632115,-0.0011416361307721448,0.00761120415161523,-0.004367250591944302,-0.28811327674134923,0.4221424058953109,-0.1524141367627748,-0.0018213090383120576,0.12118938317914708,-1.117097890107668,0.46519201678425925,-0.5721470720644382,-2.258217157877818,0.11218512958041565,0.12872470315209147,-0.4467780457028493,-0.9346494395314849,-0.7480948147860288,0.39676530956404665,-2.547569866933638,-0.5349761301653773,-0.13666335711906805,-0.22161500836357786,0.20073459332853524,0.7951346571626239,0.9705109254566205,0.765417730113726,1.2432729706336416,0.5910090985369739,0.7841826288398969,0.8972401010490139,0.6422490157690915,0.8811562113134779,0.46934758944783783,0.8030266869742919,0.8552053819044722,0.7401672140670832,1.1239351405507332,0.6643112428780076,0.7661482114922095,0.9880887297654011,0.645583676744537,0.9465072377210172,14,88,73,83,62,59,68,89,73,76,64,60
-0.0009620969370904959,-0.0033125053528074893,0.956976465276018,0.004516086154579336,0.008259123238605705,-0.7065126673959871,0.7076377905808728,0.006620676883773193,-0.0030883696754567423,-0.3005947321899767,0.4419594624200733,-0.1594349027660412,-0.0012061807318440156,0.0073026248568215275,-0.0030765619674700917,-0.28782858571377085,0.4216260448665091,-0.15216850304980462,-0.0018867910356222387,0.12251762980288525,-1.1169675604367193,0.46710558618458903,-0.5716252264043086,-2.258352047961343,0.11057380112517376,0.1338720873018726,-0.4479727380629403,-0.9374614799631236,-0.7475045741376836,0.3989844285498905,-2.5443744457398254,-0.5432760492635361,-0.1346640532487038,-0.22374125972084774,0.20073459332853524,0.7951346571626239,0.9705109254566205,0.765417730113726,1.2432729706336416,0.5910090985369739,0.7841826288398969,0.8972401010490139,0.6422490157690915,0.8811562113134779,0.46934758944783783,0.8030266869742919,0.8552053819044722,0.7401672140670832,1.1239351405507332,0.6643112428780076,0.7661482114922095,0.9880887297654011,0.645583676744537,0.9465072377210172,14,88,73,83,62,59,68,89,73,76,64,60
-0.0013428832833448736,-0.002858804099738062,0.9570112841633517,0.0035642533680670836,0.00748723917928679,-0.706024570609351,0.7081387879810569,0.007361952292273547,-0.004510831256672289,-0.2975099741515606,0.44062725426833177,-0.1587010478424374,-0.0015704267219343172,0.008041185423832593,-0.004500817322616147,-0.28473594275098923,0.42096941919874614,-0.15211062146375637,-0.0022497189469167893,0.1868423465025111,-1.1104528404176341,0.48993397728528015,-0.5600762903763541,-2.2570383819178637,0.09560035401314973,0.15923195228138923,-0.4529709378493821,-0.9503849973123786,-0.7320274018261839,0.4191358926097496,-2.5380232321360383,-0.5790956496437271,-0.12044426107383685,-0.23525530061727662,0.24011004155827573,0.8318757315993428,0.9382780801110341,0.8115123119912093,1.113275611957348,0.662224151978534,0.7141049017521064,0.9489683963124246,0.612957032759823,0.8906655941097377,0.5134319883593366,0.8059702632975966,0.7900700607391867,0.7167291875420513,1.0915797032784866,0.6214359993456442,0.7609342497913867,0.9563929833171771,0.6164214764184467,0.9321875791532745,21,94,72,77,59,58,75,90,68,73,63,58
-0.0013364226671540482,-0.0028735786175931545,0.957030326352761,0.003673930140432801,0.007350775549645508,-0.7064996730788362,0.7076656557129488,0.006974295458692116,-0.0031885531284266437,-0.2967645351537194,0.4398968223502963,-0.15871430971599584,-0.0016453488092214052,0.007655754017941541,-0.00317849702767763,-0.2845207823826971,0.4204621943946564,-0.1518524698896996,-0.002325507412794937,0.18820186785720106,-1.1094045143046534,0.4924555593606362,-0.5590350954662257,-2.258115040856457,0.09357217930333875,0.16567073436633664,-0.4547052617673903,-0.9535628409824896,-0.7309698043507872,0.4220698442860281,-2.5340059130938175,-0.5866461907034496,-0.11696405487377964,-0.2378874827460787,0.24011004155827573,0.8318757315993428,0.9382780801110341,0.8115123119912093,1.113275611957348,0.662224151978534,0.7141049017521064,0.9489683963124246,0.612957032759823,0.8906655941097377,0.5134319883593366,0.8059702632975966,0.7900700607391867,0.7167291875420513,1.0915797032784866,0.6214359993456442,0.7609342497913867,0.9563929833171771,0.6164214764184467,0.9321875791532745,21,94,72,77,59,58,75,90,68,73,63,58
-0.00166951588416949,-0.0024268083641464586,0.9570351157716536,0.002462669450530734,0.006769944868223593,-0.7059241785811529,0.7082507728200383,0.008347883959090871,-0.004946623536701507,-0.29383555866844985,0.43897357112834046,-0.15807811134765298,-0.0019866222185611153,0.009024982824361672,-0.004938519970958024,-0.2812932909930523,0.4198592772746675,-0.15187927451303923,-0.002664113294445566,0.25968103475784005,-1.0990201264739068,0.5163228487505359,-0.5433054596232106,-2.2597318810780083,0.07784333317343615,0.19909744596626072,-0.4610941111756682,-0.968422258602338,-0.7119615863777431,0.4467429541717055,-2.527558722416716,-0.6189020453067817,-0.0941688544630269,-0.24916124568282863,0.2936653125760891,0.8573193421477803,0.8034445013439268,0.8528669025061877,0.9997796606802524,0.7326311528830056,0.6872038976450224,1.0004852274836635,0.6453107247028176,0.9027119264201725,0.48192296596113726,0.8095316076362911,0.725289407931199,0.6564687367838649,1.0269912112211437,0.5563189255976884,0.7494125809073938,0.9314154803987774,0.5546539600311021,0.9283403237031648,30,98,66,72,60,60,70,90,63,68,62,55
-0.0016623897417680543,-0.0024418997029358913,0.9570542616698405,0.002625545061276192,0.006608170791522496,-0.7064529660338671,0.7077242721384307,0.007844969276161897,-0.003495108197736912,-0.2931640785571628,0.4383227962867044,-0.1581448853464675,-0.0020728891741840223,0.008524868930512058,-0.0034868192534408373,-0.2811414250653225,0.41934227757558895,-0.15160251317144371,-0.0027513100838925733,0.2611196675997123,-1.0970920832963216,0.5193978284399969,-0.5417228152003489,-2.2616877357738194,0.07580681736448339,0.20744716497990479,-0.46302087219539484,-0.9719256063431233,-0.7100480625106356,0.45051172683834817,-2.5228535613942733,-0.625318029953791,-0.08873690909964106,-0.25150174519337287,0.2936653125760891,0.8573193421477803,0.8034445013439268,0.8528669025061877,0.9997796606802524,0.7326311528830056,0.6872038976450224,1.0004852274836635,0.6453107247028176,0.9027119264201725,0.48192296596113726,0.8095316076362911,0.725289407931199,0.6564687367838649,1.0269912112211437,0.5563189255976884,0.7494125809073938,0.9314154803987774,0.5546539600311021,0.9283403237031648,30,98,66,72,60,60,70,90,63,68,62,55
-0.0019289558118305763,-0.002021764972700204,0.9570316323331461,0.0012190840376859247,0.006170969094949562,-0.7058164518003097,0.7083668324692776,0.009648524398719237,-0.005430527585591146,-0.2903918080807949,0.4378355117032978,-0.15768779677447478,-0.002363105051425858,0.010322500673164153,-0.00542434132034126,-0.2777762911709399,0.4187678359493638,-0.15171066846342365,-0.003037709700835736,0.33950127326906065,-1.0825551318501048,0.5442278626320525,-0.5223476639190957,-2.265418719136095,0.062077635703049486,0.24944250334379783,-0.4672245992510567,-0.9894428808835712,-0.6864761592870329,0.4767410519479148,-2.5154068436385333,-0.6505944630300494,-0.05873445623683843,-0.2601486920987478,0.3522223307109752,0.8634635730665623,0.7213286798997708,0.8881134951376553,0.9279169504598623,0.7974438324827675,0.6922555960852874,1.0536478866862409,0.6900301965692395,0.9287540016424725,0.3861986901661339,0.8213692072948338,0.681091876777586,0.5641214636519603,0.9643657084268111,0.472552031407792,0.6804176386342481,0.9078751164930549,0.47128717384557917,0.928184273814744,40,99,63,70,61,63,56,92,57,62,58,50
-0.0019244126247092974,-0.0020388609293472836,0.9570503260516471,0.001432758874809946,0.005998163498770537,-0.7063988598677994,0.707787129025472,0.009058724605732075,-0.0038347994058648706,-0.2898165807890271,0.43727238420114856,-0.15781816702067672,-0.0024571823414150586,0.009736154001758958,-0.003828291951966759,-0.2776969806596351,0.41822632005665283,-0.1514107244159208,-0.0031328516180771466,0.34104702811656246,-1.0798977921080388,0.5478693536385563,-0.5202275700720413,-2.2682757215398053,0.0606481446807196,0.25980391520741664,-0.46850198340564075,-0.9932075575217936,-0.6834588445190939,0.481081134983049,-2.509924365620289,-0.6551369968677715,-0.051610696355495596,-0.26152861180589515,0.3522223307109752,0.8634635730665623,0.7213286798997708,0.8881134951376553,0.9279169504598623,0.7974438324827675,0.6922555960852874,1.0536478866862409,0.6900301965692395,0.9287540016424725,0.3861986901661339,0.8213692072948338,0.681091876777586,0.5641214636519603,0.9643657084268111,0.472552031407792,0.6804176386342481,0.9078751164930549,0.47128717384557917,0.928184273814744,40,99,63,70,61,63,56,92,57,62,58,50
-0.002137674862504024,-0.001695104263086159,0.9570248075067094,0.00020015679764572866,0.005511546651786488,-0.7063354738606572,0.7078557629607891,0.010458639248779903,-0.004186025948716791,-0.2868258318609924,0.43669596543377,-0.15772474678771872,-0.0027998658271057787,0.011132784834352549,-0.004181219917088218,-0.2742974968650077,0.41707310464314856,-0.1512510039314729,-0.0034719344562715074,0.4278413800009937,-1.058597050769692,0.5783400940754083,-0.49559914132527044,-2.277629403094958,0.050759106560332244,0.3196222443723921,-0.4664150999837092,-1.0164102139650637,-0.6516337087506128,0.5120570802663247,-2.4918925960261515,-0.6736348163765187,-0.010161280377595616,-0.2646163881990634,0.4089166112950854,0.8558908774214855,0.7104121166674442,0.9280025064997951,0.8939991991609856,0.8616693484155733,0.6928359878747457,1.1104263095935896,0.6422816534261038,0.9734656282539067,0.26067424384355875,0.8348766419885756,0.6551508037590991,0.46188962302114084,0.9108278732482252,0.3860573534033074,0.5824679284166117,0.8777230352284037,0.3754798203781808,0.9271114897367132,50,97,63,70,63,62,38,94,53,57,52,45
-0.0021204283802995004,-0.0016995848766266685,0.9570414012116005,0.0003962091260750594,0.0053868461769729994,-0.7066787107148101,0.7075139749355105,0.009930288776346831,-0.002802503345804773,-0.28646487292040823,0.4361819363901196,-0.15780508331904433,-0.0028244823080096804,0.01060677089091531,-0.0027975901503970763,-0.2742604823790487,0.4165878377001522,-0.1509157751878426,-0.0034983802949742388,0.4279331974997889,-1.0556317531532897,0.5825122115840066,-0.49392775681573947,-2.281366084573702,0.050663325395445186,0.3297010104990383,-0.4660765297272662,-1.0203035361744819,-0.6475512040327058,0.5157085028985606,-2.4856291371657746,-0.6752349435095956,-0.0031458869697284283,-0.2646448096620913,0.4089166112950854,0.8558908774214855,0.7104121166674442,0.9280025064997951,0.8939991991609856,0.8616693484155733,0.6928359878747457,1.1104263095935896,0.6422816534261038,0.9734656282539067,0.26067424384355875,0.8348766419885756,0.6551508037590991,0.46188962302114084,0.9108278732482252,0.3860573534033074,0.5824679284166117,0.8777230352284037,0.3754798203781808,0.9271114897367132,50,97,63,70,63,62,38,94,53,57,52,45
-0.0023731492441225652,-0.0014513914338324435,0.9569996531689667,-0.0008261152485099009,0.005092477836311573,-0.7063359429644224,0.7078579800211633,0.011660558876924501,-0.004161008650345783,-0.28406311240566695,0.43596390986204964,-0.15768459261030068,-0.003135197084929548,0.012331914111387947,-0.004157747481813699,-0.2710329656213532,0.4155018722838728,-0.15089568184988716,-0.0038047739179786957,0.5196749716955411,-1.0325393583010671,0.6140486157963384,-0.467863004466068,-2.2933404362405216,0.046756638408847445,0.388501056980141,-0.4550548156748479,-1.043871207620159,-0.6078077182138026,0.5470110798520001,-2.467728372306444,-0.6826791597988782,0.03553112721518285,-0.26130441264238957,0.4630032303503758,0.8438494145796636,0.757868491693796,0.9828097807298802,0.8807022337217416,0.9322266483485806,0.6497459728512781,1.1640171940547899,0.5565097686247477,1.0227483943493618,0.14589011740544378,0.8330739612173609,0.6472802764038156,0.4312286735597781,0.8713736408560496,0.34345409325492854,0.5165709455657559,0.8326104366746162,0.31253857006886987,0.9230396104118715,60,96,67,71,62,58,21,94,52,54,47,42
-0.002362340688144747,-0.0014617492814835678,0.9570142569997192,-0.0006063058841842358,0.0049882288479999835,-0.7066869296444857,0.7075085394790532,0.011139109359665167,-0.002780521607844417,-0.2838221855799178,0.4355329199894211,-0.15778926696512713,-0.003170704831816224,0.011812912284402238,-0.0027770786436718577,-0.27107658220038267,0.41502561011290273,-0.1505581197242412,-0.0038420178824143717,0.519698514286958,-1.0293961668847815,0.6185638230446164,-0.4656063203016424,-2.297807641317602,0.04750726048349463,0.39841926517196574,-0.4531031439583592,-1.0477096476722232,-0.6026189728280038,0.551094925715738,-2.4614208153680774,-0.6821985652057174,0.042018636743898295,-0.2599308848662306,0.4630032303503758,0.8438494145796636,0.757868491693796,0.9828097807298802,0.8807022337217416,0.9322266483485806,0.6497459728512781,1.1640171940547899,0.5565097686247477,1.0227483943493618,0.14589011740544378,0.8330739612173609,0.6472802764038156,0.4312286735597781,0.8713736408560496,0.34345409325492854,0.5165709455657559,0.8326104366746162,0.31253857006886987,0.9230396104118715,60,96,67,71,62,58,21,94,52,54,47,42
-0.0023536927734436166,-0.0014653173298270102,0.9570277510607835,-0.00043623841305701717,0.004913810644398396,-0.7068912233784821,0.7073050702995627,0.010736145701968217,-0.0017659027511903248,-0.283626604892197,0.4350985533265462,-0.1577972988766286,-0.003166193985316497,0.011411440361091561,-0.0017624127261187603,-0.2710825804966208,0.41460904613835364,-0.15024144269676612,-0.0038392175422548823,0.5189759682470625,-1.0264452425621102,0.6230906913609848,-0.46385081868605565,-2.302077746802651,0.04822810777242024,0.40698527227700354,-0.4513034924913282,-1.0514123155972217,-0.5975563893727189,0.55453277224294,-2.455449504008276,-0.681515431807671,0.047734484991261386,-0.2588380182983427,0.4630032303503758,0.8438494145796636,0.757868491693796,0.9828097807298802,0.8807022337217416,0.9322266483485806,0.6497459728512781,1.1640171940547899,0.5565097686247477,1.0227483943493618,0.14589011740544378,0.8330739612173609,0.6472802764038156,0.4312286735597781,0.8713736408560496,0.34345409325492854,0.5165709455657559,0.8326104366746162,0.31253857006886987,0.9230396104118715,60,96,67,71,62,58,21,94,52,54,47,42
-0.0026521132778411158,-0.001390435808618555,0.956972066342374,-0.001505914085595001,0.00485870249456735,-0.7063433392069213,0.7078511230413147,0.01266872681250894,-0.004073618740655252,-0.28192493283229264,0.435099186829305,-0.15766477793843836,-0.0035058767635131774,0.013337656768558678,-0.004071432773053315,-0.26828319980330495,0.41359858725625304,-0.15044048273792796,-0.004173432789751267,0.6140245253476113,-1.0033000326998918,0.6529278930909108,-0.4356546874471601,-2.3170301212629116,0.04796669565094742,0.462696018864849,-0.43726945035478604,-1.073385584612553,-0.5514069900314499,0.5867400146536749,-2.4412500769323078,-0.6811985933953847,0.07862474134126861,-0.25044226552700244,0.5150147227382151,0.8275500814012613,0.7081283184346246,1.0420710479445923,0.892244933823221,1.0000695249624234,0.6215020949644173,1.1949347330961346,0.48464438805060195,1.0508434305576124,0.06772465673695921,0.803439911127994,0.6705515192655269,0.4103598764134371,0.8595659125076548,0.33478280883883016,0.5311183521475912,0.7692106621908676,0.3348924504224404,0.9140096172012571,69,93,66,74,62,55,9,89,53,53,46,43
-0.0026437220554818494,-0.0014041815508429086,0.9569849387905498,-0.001264849494855715,0.004785309952363605,-0.7066948776418668,0.7075011313624595,0.012168677417758038,-0.0027218140326094728,-0.2818208579176207,0.4347399339184596,-0.15777450945900848,-0.0035493672000847408,0.012840064811929057,-0.0027193521989354406,-0.2684375748829098,0.4131527719717397,-0.15010381848804047,-0.004218486782052331,0.6140523164560753,-0.9999566388485455,0.6574399199509352,-0.4328301868395501,-2.3218582635261558,0.04919264090322244,0.4720823659888456,-0.4346616166142882,-1.0768649002683777,-0.545626489878819,0.5910960499902225,-2.4355820197041345,-0.6791880645897062,0.08361380084673384,-0.24792205725872302,0.5150147227382151,0.8275500814012613,0.7081283184346246,1.0420710479445923,0.892244933823221,1.0000695249624234,0.6215020949644173,1.1949347330961346,0.48464438805060195,1.0508434305576124,0.06772465673695921,0.803439911127994,0.6705515192655269,0.4103598764134371,0.8595659125076548,0.33478280883883016,0.5311183521475912,0.7692106621908676,0.3348924504224404,0.9140096172012571,69,93,66,74,62,55,9,89,53,53,46,43
-0.0028726153841245497,-0.0015548924952731536,0.9569379456187084,-0.001959211148542494,0.004973981267563474,-0.7062790264184579,0.7079133830091229,0.013804023816030953,-0.004362239226157192,-0.2808720360464233,0.43476103891992024,-0.1578879051884512,-0.0038540688466710267,0.01446948524872103,-0.004360463286511643,-0.266411729921347,0.41198778577620454,-0.1502657961390283,-0.004517762291889693,0.7110877011721672,-0.9768085235099153,0.6821918218680908,-0.401635559057692,-2.3431641263666947,0.05310712215154664,0.5360065838779655,-0.42684584748067406,-1.0953705723177845,-0.49532197059583993,0.6209360823395167,-2.4187684443233635,-0.6738746433293936,0.10450126463369123,-0.23514386472004412,0.56324385974418,0.7990737692912662,0.6348224652689304,1.0759325647349698,0.8403898229363604,1.0363277889681635,0.587328338770858,1.1789593068469637,0.4711441092067931,1.0423955657390618,0.02908729079459458,0.7485433720333156,0.7059255209323901,0.40041392568472967,0.859051162551364,0.3324049373593281,0.5797649544573407,0.6939843272560953,0.3851158704449041,0.8974694111327871,77,89,63,72,59,54,4,81,55,53,47,45
-0.0028628086338224634,-0.0015700202587772124,0.9569497180777586,-0.0017055573553761412,0.0049256593053544195,-0.7066478109241678,0.7075462530962886,0.01332132058448741,-0.0029354414756514154,-0.28087420338353103,0.43447271002874366,-0.15801313460575664,-0.003889833273321029,0.013989440687106093,-0.0029333276289110425,-0.2666580968979352,0.41156476657244595,-0.14990269256674854,-0.004555341196259102,0.7113654117062408,-0.9729785666585526,0.6867323205025366,-0.3986341054261555,-2.3484313412265845,0.05507396701368309,0.5467083379271022,-0.4251352317755585,-1.0985308401043228,-0.4892765903685765,0.6251877686359679,-2.4132133437290917,-0.6709242892734824,0.10790936016630076,-0.23184430507644405,0.56324385974418,0.7990737692912662,0.6348224652689304,1.0759325647349698,0.8403898229363604,1.0363277889681635,0.587328338770858,1.1789593068469637,0.4711441092067931,1.0423955657390618,0.02908729079459458,0.7485433720333156,0.7059255209323901,0.40041392568472967,0.859051162551364,0.3324049373593281,0.5797649544573407,0.6939843272560953,0.3851158704449041,0.8974694111327871,77,89,63,72,59,54,4,81,55,53,47,45
-0.0029185799870789396,-0.0019439133883009541,0.9568998645399558,-0.0021038757212895453,0.005415755360094267,-0.7066084097942379,0.7075809483789743,0.014742676457814291,-0.003002584424496354,-0.2805530955640277,0.434561663627375,-0.15854861841294268,-0.004064371777025341,0.01540629559812281,-0.003000543105452112,-0.2652971877475163,0.40996538334982796,-0.14981791617739584,-0.004725535729497672,0.8082883170126217,-0.9466358459905713,0.7068911233106271,-0.3649407252184787,-2.3842447591547566,0.07156655340798956,0.6374219056848613,-0.43473597755615545,-1.1173858711769573,-0.4349039758404756,0.6575008220226134,-2.393587054833248,-0.6577518023252295,0.12381861728327695,-0.2130402189695963,0.6075381170449385,0.7532785026538538,0.5877587369643997,1.0641811145283055,0.7640957741050343,1.0135499768659297,0.5596631771573735,1.1044755920556224,0.5214294884177026,1.0076930445953185,0.01830169706933774,0.6837201680981643,0.7400660635102838,0.4034861938604302,0.8614343223784998,0.3359293156244652,0.6309606101396277,0.6222971884318095,0.42572538862885223,0.8728850523550453,85,82,60,66,56,56,2,71,57,53,48,46
-0.0029059746192788526,-0.0019530973371284892,0.9569091882887006,-0.0019025663130218557,0.0054059862261494444,-0.7068294150690015,0.7073608227401075,0.01439073235321576,-0.001955186707517503,-0.28067996007451024,0.43437812028823974,-0.15859892142269552,-0.004056376277747415,0.015056037163757894,-0.001952905949704562,-0.2655322884093293,0.4096253053724777,-0.1494683197774135,-0.0047193137625063854,0.8080396104427188,-0.9426859972410597,0.7117210007223002,-0.36274328221192526,-2.389152675865687,0.07494010761963332,0.6486313271918585,-0.4357405346869545,-1.1199439850715613,-0.42967000566568614,0.6608777400730167,-2.3891334793917722,-0.6543243135663042,0.12565846095592256,-0.20992612464243882,0.6075381170449385,0.7532785026538538,0.5877587369643997,1.0641811145283055,0.7640957741050343,1.0135499768659297,0.5596631771573735,1.1044755920556224,0.5214294884177026,1.0076930445953185,0.01830169706933774,0.6837201680981643,0.7400660635102838,0.4034861938604302,0.8614343223784998,0.3359293156244652,0.6309606101396277,0.6222971884318095,0.42572538862885223,0.8728850523550453,85,82,60,66,56,56,2,71,57,53,48,46
-0.0027315752475825243,-0.002472208528681753,0.9568515806397616,-0.0026981905250028594,0.006177552849983271,-0.7067828782334071,0.7073984171913155,0.016557152079157644,-0.0019408954955371584,-0.2804816539374763,0.4353124792467992,-0.15957612119125092,-0.003983509928543572,0.017214770331937926,-0.0019387778632183926,-0.26376020944099454,0.40797850041735195,-0.14947053944380284,-0.004639753461555989,0.9024045901999768,-0.9152021631050599,0.7167720080044149,-0.32479881358912416,-2.4342445323038158,0.11623395262124635,0.6981319924690841,-0.4737833962120314,-1.1347938058341316,-0.37950739039098697,0.6900262743919923,-2.36666429003489,-0.6355336785404638,0.13254833616267436,-0.1897227237533639,0.6480062984660602,0.6923190737101824,0.6409998661701467,1.0231907480482796,0.783526454854317,0.9354417717235568,0.6429483692003657,0.9908118971841178,0.8274754860290312,0.9769254816965978,0.020911016660946823,0.6269824986288495,0.7676077954390674,0.42244259883877605,0.8824675469936712,0.3462717178927632,0.6758160257014875,0.5711586311960013,0.4458676575674656,0.8463080686235943,92,72,62,65,57,72,2,62,59,54,49,46
-0.0027329317374424397,-0.0024882120095473296,0.9568566803022374,-0.0025939461084842253,0.006172894144552639,-0.706915920488929,0.7072658963789769,0.016384454548918178,-0.001258294371717848,-0.28058324281337615,0.43532123946671425,-0.15968035052034915,-0.003982313116945834,0.017042923384279776,-0.0012560271042652438,-0.26381113071626494,0.4076971891633979,-0.14923331646170832,-0.004639511475771538,0.9022845370285602,-0.9115935638769896,0.7187963778368414,-0.3211537765478495,-2.4369200894990253,0.1223300194281179,0.6981319996234542,-0.4783405261954893,-1.1365113107819451,-0.3757710595907656,0.6923043470036314,-2.3634154494111486,-0.6323252057574432,0.133132018071051,-0.18744444716579817,0.6480062984660602,0.6923190737101824,0.6409998661701467,1.0231907480482796,0.783526454854317,0.9354417717235568,0.6429483692003657,0.9908118971841178,0.8274754860290312,0.9769254816965978,0.020911016660946823,0.6269824986288495,0.7676077954390674,0.42244259883877605,0.8824675469936712,0.3462717178927632,0.6758160257014875,0.5711586311960013,0.4458676575674656,0.8463080686235943,92,72,62,65,57,72,2,62,59,54,49,46
-0.00239652994358941,-0.0030804031414089924,0.9568095634451503,-0.0033042962663022988,0.0069834135721445825,-0.7069494491087147,0.707221881707538,0.018298029225317616,-0.0008757204147043602,-0.28101575750657914,0.4372086814554495,-0.1612766434218753,-0.0037588078223481252,0.018948635866301303,-0.0008733656193229257,-0.26179702470110305,0.4054281666771186,-0.14908164813966063,-0.00440832853043301,0.9941389890433762,-0.8819736242414001,0.7061561297595101,-0.28072019862986086,-2.474367784843232,0.21515873212036746,0.698132,-0.5563342997206017,-1.146505430610624,-0.33237250141924707,0.7173609663295156,-2.343922892329553,-0.6090714271550711,0.13128312386614044,-0.1715277046599689,0.6762850829379609,0.6208527713961516,0.8444384806555042,0.9980851728693686,0.9761851828410718,0.8437113939424159,0.8843739352290395,0.8890549519161197,1.309,0.9778493717361408,0.025510308305802278,0.5892048382427859,0.798653293294522,0.4577868426418928,0.9419966262554557,0.3630630593873026,0.7028236868791606,0.5486339965550621,0.4509148879648454,0.8298454511670217,97,61,72,74,67,97,3,56,62,58,50,46
-0.0023991012483066117,-0.003090346875953348,0.9568114400953305,-0.003231054143576402,0.006977501343673346,-0.7070101025217539,0.7071616432586687,0.018174493579205215,-0.0005503415137551946,-0.28115978923523083,0.43731264411060267,-0.16135718503759083,-0.003747872811854939,0.01882567719360629,-0.0005479090541674296,-0.2617900294170835,0.40518566348206403,-0.14890556063864993,-0.004398124930493187,0.9940111673145672,-0.8796400093297154,0.7080118606454466,-0.27806948035885987,-2.4742066500759625,0.22444703196611004,0.698132,-0.5645280438670365,-1.1473140315326023,-0.33036086400476905,0.7187197941640496,-2.3422605853177436,-0.6066982652326246,0.1311306896177524,-0.17048988890240907,0.6762850829379609,0.6208527713961516,0.8444384806555042,0.9980851728693686,0.9761851828410718,0.8437113939424159,0.8843739352290395,0.8890549519161197,1.309,0.9778493717361408,0.025510308305802278,0.5892048382427859,0.798653293294522,0.4577868426418928,0.9419966262554557,0.3630630593873026,0.7028236868791606,0.5486339965550621,0.4509148879648454,0.8298454511670217,97,61,72,74,67,97,3,56,62,58,50,46
-0.0019994155696577563,-0.0036939177935597423,0.9567736357211183,-0.0036142352288955617,0.0077978734058393616,-0.7070576088328676,0.7071037181811491,0.01952266533421778,-0.0001822177190768797,-0.28257115400915334,0.43982471565183884,-0.16308192690668588,-0.0033844197429585914,0.020167730155825632,-0.00017938809731000063,-0.260070579781253,0.4023867744514431,-0.1483711266003944,-0.004028933201594819,1.0791300504202128,-0.8526785544932094,0.7090532798763122,-0.2500131024623175,-2.487704780196458,0.38857747024830674,0.698132,-0.6820747975957042,-1.1497713300011296,-0.2952717946610051,0.7399108919379668,-2.327494183975943,-0.5856840164436609,0.12042743403123747,-0.1642081852478152,0.675472614717865,0.5419196712894085,0.9472009362855148,1.015832989700586,1.1102451618705251,0.8143625131995323,0.9569546913569927,0.846840943824167,1.309,1.0111334987033735,0.025997255167108695,0.5695233100467603,0.868783066100607,0.5043783023041263,1.0218658598864445,0.3812735455499311,0.7347629852978542,0.5474483333076584,0.48832502564367025,0.8316993573517826,97,49,78,82,70,98,3,53,68,63,52,48
-0.002008280955433774,-0.0037024627019955005,0.9567722245382655,-0.003567530478957874,0.007798384405216862,-0.7070770304348186,0.7070845288637212,0.019460706035131732,-7.538700703910522e-05,-0.28271248493803974,0.4399513779498005,-0.16314582022390098,-0.003385158907140218,0.020106069092736184,-7.251263870049467e-05,-0.260047959311522,0.4022094350444,-0.1482677044491527,-0.004030051453159595,1.078887906275318,-0.8514896837476658,0.7114432261617356,-0.24816603313829178,-2.4857400629785134,0.3995691827656218,0.698132,-0.6919048109141972,-1.1500909637515695,-0.29431488929335886,0.740694811759177,-2.3268472238110443,-0.584388186837607,0.12004816726108726,-0.1640441854466189,0.675472614717865,0.5419196712894085,0.9472009362855148,1.015832989700586,1.1102451618705251,0.8143625131995323,0.9569546913569927,0.846840943824167,1.309,1.0111334987033735,0.025997255167108695,0.5695233100467603,0.868783066100607,0.5043783023041263,1.0218658598864445,0.3812735455499311,0.7347629852978542,0.5474483333076584,0.48832502564367025,0.8316993573517826,97,49,78,82,70,98,3,53,68,63,52,48
-0.0015781818150675236,-0.004222760948451395,0.9567184996433254,-0.004031582233102414,0.008520996386891575,-0.7067961621130963,0.7073544544197568,0.020782863459833472,-0.0014711811893656683,-0.28355888879031493,0.4415881057413963,-0.16412867643690027,-0.003059769584872669,0.021421457937991297,-0.001468030517966709,-0.25887291426839265,0.40089969637039113,-0.14854881697206737,-0.0036973388690684436,1.1522554650831849,-0.8388478966288937,0.7140743749210845,-0.2357367222894052,-2.4938158217764,0.4985331153957709,0.698132,-0.6981319998770158,-1.1471299879828671,-0.2721040797220991,0.7544554750430326,-2.3194172779601865,-0.5772696839344804,0.11245521868137338,-0.1651376321547713,0.6332413540462564,0.45758520475340986,0.9750024255668728,1.0454610533106183,1.1755056231431786,0.8127851718880424,0.9108772660660566,0.863906258378038,1.073426743168004,1.043069847515631,0.0221120475324142,0.5593545331324508,0.9339813412920118,0.5540153615110899,1.124991605800258,0.39346138915611767,0.8156526954891916,0.5577252857290066,0.5378475039852404,0.8479607819788314,89,36,81,85,68,87,2,51,74,69,56,51
-0.0015686535021089253,-0.00423749230321847,0.9567148048814796,-0.003973303285887456,0.008527102352839213,-0.7068936906397791,0.7072572456469685,0.020681963030040308,-0.0010019208335256956,-0.2837063641719776,0.44175927377259155,-0.16429733072294006,-0.00303190787980142,0.0213211829904261,-0.0009987312746184342,-0.258895990958792,0.4007155199296333,-0.14841948484613504,-0.0036701842811203414,1.1527313616645054,-0.838759021218406,0.7156883225807211,-0.23289660441055354,-2.493888819432435,0.5086031508580628,0.698132,-0.6981319999938508,-1.1473128021451644,-0.2715763419903946,0.7553607457569943,-2.3185402871448226,-0.5756221232755488,0.11174693836403773,-0.1650992964773301,0.6332413540462564,0.45758520475340986,0.9750024255668728,1.0454610533106183,1.1755056231431786,0.8127851718880424,0.9108772660660566,0.863906258378038,1.073426743168004,1.043069847515631,0.0221120475324142,0.5593545331324508,0.9339813412920118,0.5540153615110899,1.124991605800258,0.39346138915611767,0.8156526954891916,0.5577252857290066,0.5378475039852404,0.8479607819788314,89,36,81,85,68,87,2,51,74,69,56,51
-0.0012243466561259642,-0.004648138608333046,0.9566596952823282,-0.004315955902801454,0.00922891642955763,-0.7067195700922294,0.7074204187573592,0.021882114784562114,-0.0018016208863003468,-0.28477097248276795,0.44326908877688653,-0.16513991793320146,-0.0027492795934517438,0.02251494573932903,-0.001798120426035543,-0.2582408311198724,0.3996175220066724,-0.14849825845783704,-0.003381222821753109,1.212756373247065,-0.8245542070160593,0.7247817586679937,-0.22208334199874488,-2.4901115655270423,0.5779324582249152,0.698132,-0.698132,-1.1450499143795885,-0.2560173703742794,0.7640672756540128,-2.3103711211618307,-0.5656211781348653,0.10501886488256501,-0.16909537124424642,0.5535654156299257,0.3715692531094548,0.9626492294673522,1.025615621244538,1.1600567540026883,0.7825919706662142,0.8036979580579013,0.8960674666844763,0.5308878639665728,1.0316198156707863,0.01659331643760813,0.5517203582644725,0.9514534659145841,0.6008441510450097,1.1722953168769379,0.39616743489487233,0.8570188313571718,0.570303751475082,0.5668400757613293,0.8676762044689309,76,23,79,84,63,57,2,50,76,72,59,54
-0.0012105839171039409,-0.004665681821357545,0.9566552260659004,-0.004249410779251733,0.009223627939425678,-0.7068463388362747,0.7072942248240262,0.021744582288247955,-0.0012310145447794987,-0.28492421320107875,0.44349220009869106,-0.16535436828999905,-0.002719507567130566,0.02237829450838321,-0.0012274630259871805,-0.2582703782108601,0.3994440978766116,-0.1483692384369045,-0.0033521987956502287,1.2133430772736027,-0.8244425460572595,0.7263651503567836,-0.21935228132381035,-2.489890915234562,0.5873930942133551,0.698132,-0.698132,-1.1450950014300756,-0.2554690221642983,0.7651040197120572,-2.3092372995348414,-0.5635371362814805,0.10428853038714303,-0.16955612387640928,0.5535654156299257,0.3715692531094548,0.9626492294673522,1.025615621244538,1.1600567540026883,0.7825919706662142,0.8036979580579013,0.8960674666844763,0.5308878639665728,1.0316198156707863,0.01659331643760813,0.5517203582644725,0.9514534659145841,0.6008441510450097,1.1722953168769379,0.39616743489487233,0.8570188313571718,0.570303751475082,0.5668400757613293,0.8676762044689309,76,23,79,84,63,57,2,50,76,72,59,54
-0.0009554190836563451,-0.004956976866515601,0.9565985151412373,-0.0045040351491142895,0.009794520774844823,-0.7066685837914768,0.707462574071814,0.0227135508868853,-0.0019241991737464614,-0.2859565915419839,0.44478818274738346,-0.16598737082894477,-0.0024993485111149787,0.023341925665256363,-0.0019204213242348055,-0.2578912482933653,0.39864708938047533,-0.14839031425467755,-0.00312735953425736,1.257271149696903,-0.8120319215774039,0.7402673990957606,-0.20908385170465044,-2.4785310520011246,0.6261299082472411,0.698132,-0.698132,-1.1428638583393278,-0.24335427037434218,0.7708761960693222,-2.3004861046028764,-0.5532947920540487,0.09877240015998111,-0.17576983504439483,0.4593110910375369,0.29331830621420757,0.8089017095826,0.9408734021620422,0.9785232957202135,0.713148950014204,0.6195450223675709,0.908104592383107,0.191228989170106,0.9726200162313154,0.011532367752307652,0.5456948620947035,0.9683932302087132,0.6415033238461769,1.2138198762811216,0.39201768770545303,0.8886710405672047,0.5744233393750269,0.5921023378738381,0.8826727104472432,59,10,69,71,53,38,1,49,78,74,60,55
-0.0009401586500304681,-0.004979444014943737,0.9565931442611451,-0.004426375636603014,0.009775458251917543,-0.7068282216555376,0.7073038333601485,0.022537903930647488,-0.001310575846901634,-0.28610845012932035,0.44505458489937927,-0.1662303111350179,-0.0024747460581216888,0.02316739139929071,-0.001306721136115465,-0.25792933503336046,0.39849032403440743,-0.14827294444304584,-0.003103368880734287,1.2578138508588694,-0.8117563679165025,0.7420480616739759,-0.20645484751013374,-2.477753836209633,0.6337501440167634,0.698132,-0.698132,-1.1428203625525237,-0.24248338841376083,0.7721288977476324,-2.298885710066388,-0.5508242657066985,0.09804553405795298,-0.1768512047679494,0.4593110910375369,0.29331830621420757,0.8089017095826,0.9408734021620422,0.9785232957202135,0.713148950014204,0.6195450223675709,0.908104592383107,0.191228989170106,0.9726200162313154,0.011532367752307652,0.5456948620947035,0.9683932302087132,0.6415033238461769,1.2138198762811216,0.39201768770545303,0.8886710405672047,0.5744233393750269,0.5921023378738381,0.8826727104472432,59,10,69,71,53,38,1,49,78,74,60,55
-0.000742158683875533,-0.005121049506986307,0.9565411310724877,-0.0046533311513503265,0.010155244917737874,-0.7066366663941164,0.707488402178628,0.02322291613478399,-0.0017703790128528968,-0.28688683546169813,0.44607072814759324,-0.16667595282149208,-0.0022826920930114096,0.023848650610525674,-0.0017664913124549742,-0.2576731699802803,0.39804081534388097,-0.14825786903789817,-0.0029088085972060985,1.2842579691395588,-0.8036699123594382,0.7531884438605279,-0.19804166667821593,-2.4684700030683686,0.6519910079466088,0.698132,-0.698132,-1.14206149405033,-0.2322586231881984,0.7759844612213017,-2.293489703648688,-0.541522844893788,0.09438665256427384,-0.18388356537746497,0.38692851704614784,0.23974273701719354,0.5247123305676563,0.8536971556313613,0.7654697147454967,0.6554336692709698,0.49712881545658,0.91093276753627,0.17179043698589672,0.9170631318141451,0.007612916757689027,0.542965420217326,0.8851961074797766,0.6709444277867358,1.223308638012269,0.3864729686580848,0.9114654420239787,0.5739983866087512,0.6188588112655644,0.8911477151356624,46,2,51,56,46,35,0,49,74,75,62,57
-0.0007341778213621485,-0.0051480797078387866,0.9565357913070421,-0.004579391660658884,0.010139931715474827,-0.7068295273297326,0.7072964231859592,0.02307596257099868,-0.0012178584165852993,-0.28704208713986035,0.4463720463579258,-0.1669166397665252,-0.002268482705042053,0.023702622457165153,-0.0012138752960298644,-0.2577209237037854,0.39789570463536866,-0.14816101818607752,-0.00289480302061101,1.2847942049648802,-0.8031341339738574,0.7550449163788008,-0.19552082101692955,-2.467426725508748,0.6574381177607495,0.698132,-0.698132,-1.1419214565739646,-0.2309594710049349,0.7774355690824597,-2.291726914181326,-0.5386171590962703,0.09366471578475252,-0.18551488108395411,0.38692851704614784,0.23974273701719354,0.5247123305676563,0.8536971556313613,0.7654697147454967,0.6554336692709698,0.49712881545658,0.91093276753627,0.17179043698589672,0.9170631318141451,0.007612916757689027,0.542965420217326,0.8851961074797766,0.6709444277867358,1.223308638012269,0.3864729686580848,0.9114654420239787,0.5739983866087512,0.6188588112655644,0.8911477151356624,46,2,51,56,46,35,0,49,74,75,62,57
-0.0005601756909796893,-0.005122539228786419,0.9565067901909974,-0.004837705794599372,0.01023916569410949,-0.7067332101849488,0.7073895148432803,0.0233927953244456,-0.0011203461793113049,-0.2872894801383807,0.4471401056139398,-0.16725494816260314,-0.0021148674380895354,0.024017859806828586,-0.0011164883815165416,-0.25738448467170827,0.3977823467446682,-0.1480917975123988,-0.00274036618716231,1.2934586641441532,-0.8005029699414973,0.7568699553355999,-0.19036001918999132,-2.465950818493704,0.6690004940863933,0.698132,-0.698132,-1.1417581029677797,-0.22344508885663403,0.7805010980541848,-2.289265479328991,-0.5319699158632245,0.0915657860222204,-0.19073262235736782,0.36768942108885644,0.22542767739202996,0.4745568562129728,0.8455939846134334,0.7151142780184123,0.6741145565735958,0.45873356158805206,0.937259767758958,0.14550314300369158,0.9239799938128461,0.005253336328747812,0.5441023713253064,0.8355667277215219,0.6818542715014422,1.2227654566424633,0.3840396829748318,0.920094594191934,0.5732392381973038,0.630469561754579,0.8954492187035425,43,0,48,54,45,34,0,49,71,75,62,58
-0.0005635158247465164,-0.0051517446275418455,0.9565031366352109,-0.004784001094503561,0.010246634799310778,-0.7068883949806407,0.7072346971483456,0.023332720155529233,-0.0007874700125613021,-0.2874638458172271,0.4474413363937958,-0.16746269999983598,-0.0020946308250492664,0.023958103523521825,-0.0007835720472881098,-0.2574121191849494,0.39764172077338117,-0.14803167237560894,-0.0027200669417219514,1.293979870886681,-0.7999558267300096,0.757795581764814,-0.1881346593641998,-2.4656534013423514,0.6739676401563592,0.698132,-0.698132,-1.1416822179399941,-0.2215328694324486,0.782108473763989,-2.2876290975335194,-0.5288214405309147,0.0908055625755782,-0.19261447767136744,0.36768942108885644,0.22542767739202996,0.4745568562129728,0.8455939846134334,0.7151142780184123,0.6741145565735958,0.45873356158805206,0.937259767758958,0.14550314300369158,0.9239799938128461,0.005253336328747812,0.5441023713253064,0.8355667277215219,0.6818542715014422,1.2227654566424633,0.3840396829748318,0.920094594191934,0.5732392381973038,0.630469561754579,0.8954492187035425,43,0,48,54,45,34,0,49,71,75,62,58
-0.0003893774340368996,-0.0049837586148152105,0.9565030584605514,-0.005008314437932298,0.010040857102092737,-0.7073798637832507,0.7067445268901181,0.023172522456394434,2.4746885116046615e-05,-0.28711735391897975,0.44800159240844084,-0.16770388076131215,-0.001998836098483446,0.023798583401155662,2.84983993164219e-05,-0.2571161237853507,0.39772123549704214,-0.1478839832050356,-0.0026245180495625656,1.2878282352824264,-0.8023696483959132,0.7532632093584264,-0.18563504215687862,-2.4703155180814824,0.6817458633008229,0.698132,-0.698132,-1.1414968531003369,-0.21981947163320814,0.7839201266054233,-2.285533185296356,-0.5247413567923127,0.08986075553307407,-0.19413963916775945,0.40352141460473545,0.2478580555267154,0.6534926013433643,0.9329577580455948,0.7922650217130799,0.7682988585563946,0.48179630741732005,0.9872178802818259,0.054484763564255426,0.9914745201612836,0.005507037388817707,0.5490238682033725,0.9046329841479039,0.6702888646663941,1.2445704658528667,0.38650576339472975,0.9278032248058022,0.5736298428839002,0.6300020753144324,0.8970487518764714,49,3,60,61,48,31,0,50,75,76,63,58
-0.0003827722680061474,-0.004978953354959768,0.9564965709809338,-0.005038192388147695,0.010047342890163685,-0.7072251913196776,0.706899000056694,0.023189325659504975,0.0002621742580328685,-0.287244018948164,0.4482886529171321,-0.16789486691267608,-0.0019335649774385325,0.023815375544839375,0.000265821132974319,-0.2569854372756983,0.39767024148846103,-0.14782862360119942,-0.0025594170539351467,1.2862228953135928,-0.8027813516337224,0.7514097047010507,-0.18397401642832753,-2.4729819530089414,0.6879364665252329,0.698132,-0.698132,-1.1420597158751715,-0.21779450440096143,0.7853498899391564,-2.2837457193556108,-0.5211638730488607,0.08904505573501692,-0.19565199022889523,0.40352141460473545,0.2478580555267154,0.6534926013433643,0.9329577580455948,0.7922650217130799,0.7682988585563946,0.48179630741732005,0.9872178802818259,0.054484763564255426,0.9914745201612836,0.005507037388817707,0.5490238682033725,0.9046329841479039,0.6702888646663941,1.2445704658528667,0.38650576339472975,0.9278032248058022,0.5736298428839002,0.6300020753144324,0.8970487518764714,49,3,60,61,48,31,0,50,75,76,63,58
-0.00038980246154821275,-0.00498659777041394,0.9564935346458581,-0.005026972707474452,0.010084132859385904,-0.7071365772463294,0.706987199976223,0.023227988256647483,0.0002780759187364148,-0.28747657143246375,0.44852230433886225,-0.16803162204341673,-0.0018992357088227212,0.023853914107716354,0.0002816848955919084,-0.25695377145721127,0.3975583961834616,-0.1477941843348857,-0.002525129454689455,1.2857361223320698,-0.8026335526787294,0.7508135350513081,-0.18252651591380328,-2.4746448368466822,0.6930687530775677,0.698132,-0.698132,-1.1426404923496423,-0.2160296621436227,0.7867061851548256,-2.2819987584810217,-0.5179543128645204,0.08834123056448992,-0.19701050275674473,0.40352141460473545,0.2478580555267154,0.6534926013433643,0.9329577580455948,0.7922650217130799,0.7682988585563946,0.48179630741732005,0.9872178802818259,0.054484763564255426,0.9914745201612836,0.005507037388817707,0.5490238682033725,0.9046329841479039,0.6702888646663941,1.2445704658528667,0.38650576339472975,0.9278032248058022,0.5736298428839002,0.6300020753144324,0.8970487518764714,49,3,60,61,48,31,0,50,75,76,63,58
-0.0002266339112625098,-0.004754392909170654,0.9565158674102676,-0.00509623686107389,0.009647512796964783,-0.7082953669624649,0.7058318687946843,0.022562925409595213,0.0017749357359393295,-0.2868625596668493,0.4490918699213363,-0.16830146274880758,-0.00181153281299998,0.023191490310424494,0.001778327919837573,-0.256793385153811,0.3976314437868911,-0.14753531710165588,-0.0024386728210672418,1.267661762140184,-0.809787950646132,0.7437538991024196,-0.17972129927922806,-2.48457362151288,0.6982272993995607,0.698132,-0.698132,-1.142778315628186,-0.2170637691037237,0.7880429352615603,-2.279745668189496,-0.5135756475386173,0.08755339062872398,-0.19722338843049209,0.46944405379559556,0.2902783440829614,0.8211163090862197,1.0487408236810887,0.9265953696969597,0.9046182448423709,0.6211165342793592,1.0151382352118907,0.16810964231319578,1.0502720621203872,0.010253791902174165,0.5579107182353847,1.0041647131594256,0.64011674702193,1.2558630777258277,0.3928893225871915,0.9243175404901818,0.572997387922855,0.6238374502233408,0.8930573845900243,61,10,72,73,56,38,1,51,81,77,62,57
-0.00020107194793100684,-0.004683951070533289,0.956504248028033,-0.005198940924493657,0.009681360859714555,-0.7077582714539998,0.7063692175156099,0.022644687291755644,0.0018911770796066212,-0.2870385406225272,0.4492687340916341,-0.16841146855464884,-0.001719920591855022,0.023272862821399176,0.0018944157383756052,-0.2566152715996692,0.39764099759066396,-0.14744651946365886,-0.002347622943222673,1.262380520630701,-0.8115287326414146,0.7409848632317848,-0.17876301762580157,-2.4902242236132364,0.7016419584346005,0.698132,-0.698132,-1.144344274422295,-0.2155520020167819,0.788739365916138,-2.278444193668682,-0.5102024107191736,0.08680712792398877,-0.19803289887275852,0.46944405379559556,0.2902783440829614,0.8211163090862197,1.0487408236810887,0.9265953696969597,0.9046182448423709,0.6211165342793592,1.0151382352118907,0.16810964231319578,1.0502720621203872,0.010253791902174165,0.5579107182353847,1.0041647131594256,0.64011674702193,1.2558630777258277,0.3928893225871915,0.9243175404901818,0.572997387922855,0.6238374502233408,0.8930573845900243,61,10,72,73,56,38,1,51,81,77,62,57
-6.650914003857996e-05,-0.004394572348073349,0.9565214368342791,-0.005154789770206235,0.008990983192310896,-0.7093251447138625,0.704805242205476,0.021507875543045084,0.003958412910158015,-0.2861296134442269,0.44985489446684634,-0.16871293754911004,-0.0016195072162410425,0.02214042922427498,0.0039610511795724265,-0.2564548915837653,0.39780429849694293,-0.1471042763995954,-0.002249365941697667,1.2324637434047223,-0.8234517543586415,0.7343678080511873,-0.1742037597977688,-2.5038266312375805,0.697223848506192,0.698132,-0.698132,-1.1460225108925806,-0.21934881093974298,0.7896935006734911,-2.2776740993297366,-0.5052643089493013,0.08678945876714433,-0.19737897081205985,0.541818651632303,0.34195589389837033,0.9587596410562352,1.1020666188088497,1.1099132526066733,0.9444839211524115,0.827377695231042,0.9771893143929755,0.5132692887664657,1.0314965605190105,0.022215196491207064,0.5696948933655239,1.0085824556554885,0.5998339021140776,1.2036970713393096,0.39990558108679375,0.888670708954647,0.5676511651713161,0.5984526834506344,0.878464861247025,73,18,81,85,67,56,2,53,80,74,60,56
-3.061234328120736e-05,-0.004270924087054892,0.9565033766995192,-0.005353291934943432,0.009106573142853637,-0.7083943411804341,0.7057378195722496,0.021773541915304232,0.0038877498773971244,-0.28638152678733436,0.44990863479992255,-0.16874664369638465,-0.0014937626284375583,0.022404499915640884,0.0038903740523781407,-0.2562417544176083,0.3978743746859331,-0.14700964803692865,-0.0021244243263074613,1.2227759738194095,-0.8263283709888796,0.732448935568941,-0.17330324981314207,-2.5116182642996727,0.6923110404336623,0.698132,-0.698132,-1.1490200183750219,-0.21834684570378454,0.7898455754700222,-2.2779479112710903,-0.5019427838283357,0.08652788084054815,-0.19776924228845785,0.541818651632303,0.34195589389837033,0.9587596410562352,1.1020666188088497,1.1099132526066733,0.9444839211524115,0.827377695231042,0.9771893143929755,0.5132692887664657,1.0314965605190105,0.022215196491207064,0.5696948933655239,1.0085824556554885,0.5998339021140776,1.2036970713393096,0.39990558108679375,0.888670708954647,0.5676511651713161,0.5984526834506344,0.878464861247025,73,18,81,85,67,56,2,53,80,74,60,56
5.567450990802636e-05,-0.003765916096287511,0.9564885720584605,-0.005575043501403096,0.008450682434581913,-0.7090867147114318,0.7050486053288079,0.020981097494242568,0.006096311761833161,-0.2855191608363243,0.4504836599260017,-0.16901657447121546,-0.0013102842776956656,0.021613120892668328,0.0060982502535487934,-0.2558328202952439,0.3982476207778606,-0.14652367590781784,-0.0019432081652417555,1.1666474910404165,-0.8436390343883682,0.7289369670983438,-0.16510403476132143,-2.5314575343656793,0.6546666713080758,0.698132,-0.698132,-1.1557418177707737,-0.22670060871494208,0.7895619713061662,-2.278524437718133,-0.4930311989848556,0.08768094579057271,-0.195997505642324,0.6104048028880467,0.4106363278403067,1.0453802969261288,1.0546422880275645,1.1884043742602874,0.878401148002681,0.9740143423174412,0.8864228732310646,1.0183536465661938,0.9346176185241188,0.04561880512338959,0.5810651113036749,0.9501232283185916,0.5566995557276095,1.129251675251696,0.4025405046585296,0.8517060142075161,0.5551480103824641,0.5736798989268473,0.8508997942661424,85,29,85,88,72,81,6,55,75,70,58,53
-6.3065257551069346e-06,-0.003700839591124097,0.9564841039672973,-0.005780681540600041,0.008709570377338398,-0.7082660368215971,0.7058682229636049,0.021714789819134914,0.004889317839256493,-0.28600937065222126,0.4504672473431268,-0.1688085193764938,-0.001277534945352476,0.022345937701378056,0.004891667846770257,-0.2557090501668769,0.39820452019828206,-0.14655673497106678,-0.0019096560294806476,1.1602782134312368,-0.8430753142327052,0.7296282109443528,-0.1655899728088135,-2.5364423172564763,0.6389451706649892,0.698132,-0.698132,-1.1585336250661828,-0.2252440798141898,0.7895642633862345,-2.2793460969082537,-0.49083006649968647,0.08780098921806032,-0.19616865379044682,0.6104048028880467,0.4106363278403067,1.0453802969261288,1.0546422880275645,1.1884043742602874,0.878401148002681,0.9740143423174412,0.8864228732310646,1.0183536465661938,0.9346176185241188,0.04561880512338959,0.5810651113036749,0.9501232283185916,0.5566995557276095,1.129251675251696,0.4025405046585296,0.8517060142075161,0.5551480103824641,0.5736798989268473,0.8508997942661424,85,29,85,88,72,81,6,55,75,70,58,53
-5.0480316556137183e-05,-0.003155514829781598,0.9564771280117855,-0.0058584823605562645,0.007925949863825364,-0.7095596147538088,0.7045764760575071,0.020750074018655754,0.007452777433229472,-0.28502733794986296,0.4510256687118538,-0.1689775171712251,-0.0013299569412024744,0.021380769303801804,0.007454079932446415,-0.2555485130163238,0.39850279864946186,-0.14595728279709289,-0.0019628749802913523,1.0915748432319339,-0.855923964995979,0.7311130812234871,-0.1597497534208157,-2.545414551698167,0.5793541434391808,0.698132,-0.698132,-1.1650738263778662,-0.2389836476644426,0.7870578065914517,-2.2794952581131827,-0.48182534383033127,0.08997705885098632,-0.19427045142010174,0.6644776338422465,0.5142782287004586,1.096167807362837,0.9476990445273878,1.191508826307395,0.7833106885255393,1.077640561394264,0.8154410917706798,1.309,0.8313186835886301,0.08712434043872659,0.5889400107087346,0.8806761235961317,0.5162252132942283,1.0394782915275846,0.39641822125509135,0.8038244769753785,0.53596776692755,0.5545042805944511,0.8134312753238384,95,45,84,86,76,93,12,56,69,64,55,51
-0.00019026334467732643,-0.0030075908029101213,0.9564768537212697,-0.0062854215896902335,0.008392541229929764,-0.7077275019576519,0.7064077021804949,0.02225692305263451,0.0033524908634289946,-0.2861563311001797,0.45111407048241514,-0.16818270189230178,-0.0014282662786620878,0.022887051669672368,0.0033540179265811763,-0.25511405067408605,0.3983653278702496,-0.14612974877992047,-0.0020590132208824427,1.0759022834384004,-0.8497210626194596,0.7345940090600166,-0.1661443817605159,-2.5523743173536215,0.5150860689284741,0.698132,-0.698132,-1.1707631091950095,-0.23454352713565993,0.7865060033561215,-2.281755689907776,-0.4782292329128952,0.09119879065475416,-0.1956341286424029,0.6644776338422465,0.5142782287004586,1.096167807362837,0.9476990445273878,1.191508826307395,0.7833106885255393,1.077640561394264,0.8154410917706798,1.309,0.8313186835886301,0.08712434043872659,0.5889400107087346,0.8806761235961317,0.5162252132942283,1.0394782915275846,0.39641822125509135,0.8038244769753785,0.53596776692755,0.5545042805944511,0.8134312753238384,95,45,84,86,76,93,12,56,69,64,55,51
-0.0003268811395308152,-0.0023041946707398806,0.9564931047669932,-0.006408869285183934,0.007653809348081543,-0.7077537256061565,0.7063887099094626,0.021494441198030775,0.0034239404080564882,-0.2857960392392392,0.4514306612545313,-0.16761844546989918,-0.001580579989794893,0.02212824029850452,0.0034245383331667698,-0.25473508504492687,0.3986189680860389,-0.14546642559798792,-0.0022140599771853413,0.9798375981107942,-0.8516156027913071,0.7432448957474088,-0.1821270841871958,-2.545635763424197,0.398325725633069,0.698132,-0.698132,-1.1798081861237153,-0.2497951733116105,0.777795872408705,-2.2847921629421672,-0.4670744206108807,0.09404694385766742,-0.20096499993431086,0.6860660651457698,0.6585723559513549,1.0392919252700568,0.8590047542465536,1.0914527654819892,0.7447319830993342,1.0499623098113895,0.8376810108507414,1.2780091068187784,0.8041694762086202,0.1538673541911941,0.593440342185002,0.8307811221790159,0.4851903095873333,0.9634963599263927,0.38204353245603345,0.743148053169918,0.5374851910858188,0.5291396898278978,0.7749574205524467,99,67,79,78,75,91,22,57,65,60,52,49
-0.0003478046217673658,-0.0022963283134695956,0.9564965924665836,-0.006488338803847101,0.007666594609785235,-0.7075396816066676,0.706602238701939,0.021674694418135514,0.0024754545766413082,-0.2858339735316413,0.45149766807735214,-0.16748005140602043,-0.0016162092736961508,0.022308182326093356,0.0024759006823978076,-0.2545248574020453,0.39859179905209813,-0.14558048195037218,-0.002249632998764597,0.9779635185447237,-0.8504710556874142,0.7429821581336564,-0.18542424758800008,-2.5459409943216373,0.3828912612854603,0.698132,-0.698132,-1.180188635678272,-0.24869259048779646,0.7777844321928895,-2.284939732917864,-0.4668396065152051,0.09428820372032845,-0.20204834638985564,0.6860660651457698,0.6585723559513549,1.0392919252700568,0.8590047542465536,1.0914527654819892,0.7447319830993342,1.0499623098113895,0.8376810108507414,1.2780091068187784,0.8041694762086202,0.1538673541911941,0.593440342185002,0.8307811221790159,0.4851903095873333,0.9634963599263927,0.38204353245603345,0.743148053169918,0.5374851910858188,0.5291396898278978,0.7749574205524467,99,67,79,78,75,91,22,57,65,60,52,49
-0.0004323102864659335,-0.0016153423831188805,0.9565590357517387,-0.006181448325787671,0.006894330919424282,-0.7081312063248203,0.7060201502271198,0.02011316491780089,0.004830732421664296,-0.28545589428565626,0.4510750786106697,-0.16693367884833837,-0.001679616062037687,0.02075206334272859,0.004830686087316854,-0.2549884458666823,0.39871046430388646,-0.1444860093347159,-0.002317422300013977,0.8742303196406247,-0.8515561120690737,0.7532028213207312,-0.2149019524117563,-2.521027278203384,0.3213795000526436,0.698132,-0.698132,-1.1833414482856626,-0.26889222076877045,0.7646648447423355,-2.2881931235780555,-0.4584734210526773,0.09193229809314213,-0.21374655378088425,0.6633733814778022,0.8184293834294207,0.7621463111437267,0.8336550249585811,0.8049799023934913,0.7844148623501672,0.7317332682493172,0.9572269627203038,0.8414173855334721,0.8732152337429377,0.2472145264515663,0.5970930632366845,0.830411374176981,0.47045599569590185,0.9676156511203646,0.3655281973294044,0.7430283933964014,0.5511313009152782,0.5409247114427241,0.7461614688432414,95,92,63,62,61,70,36,57,65,60,52,49
-0.0004562813273587114,-0.001615612893134481,0.9565580448905466,-0.0063265343451699456,0.006889238895028849,-0.7077660345009857,0.7063849897593926,0.020360416354014137,0.0035133436729878668,-0.28535165593358475,0.45107552519374927,-0.16673416486844422,-0.0016763318807256325,0.020999583320405878,0.003513245570205644,-0.2546137537939988,0.39878431487564237,-0.14469596892944098,-0.0023146099072824324,0.87137092893267,-0.8519811446620595,0.7541301814784589,-0.21860646614720564,-2.5182530126981018,0.3098025590706974,0.698132,-0.698132,-1.1835680192336728,-0.2684620001493154,0.7639557721328873,-2.2889941967546226,-0.458682654184655,0.09154978025803238,-0.21646094143310843,0.6633733814778022,0.8184293834294207,0.7621463111437267,0.8336550249585811,0.8049799023934913,0.7844148623501672,0.7317332682493172,0.9572269627203038,0.8414173855334721,0.8732152337429377,0.2472145264515663,0.5970930632366845,0.830411374176981,0.47045599569590185,0.9676156511203646,0.3655281973294044,0.7430283933964014,0.5511313009152782,0.5409247114427241,0.7461614688432414,95,92,63,62,61,70,36,57,65,60,52,49
-0.0004764025914805408,-0.0010209627246382997,0.9566425144621055,-0.006088907691847692,0.0062726658273605665,-0.7082172474069857,0.70594044319745,0.019062259716546005,0.0053928657808139935,-0.2848113266116743,0.45020857191249636,-0.16598822568102337,-0.0016504455979459043,0.019705336276308667,0.005392507916880472,-0.25506222270173695,0.39889617591050036,-0.14373154060684284,-0.0022921941333281137,0.7573880524481204,-0.8547247126847304,0.7580698599400094,-0.25541782828444437,-2.4781627842132297,0.282919174466554,0.6660603439870104,-0.698132,-1.1830545724687451,-0.29528587092942843,0.7456058212570688,-2.2929603307102138,-0.45032979721046307,0.08280651481266882,-0.23567858316937848,0.6036312847808117,0.8727,0.540070948732526,0.8568480159832792,0.6211480025657726,0.8538802319432492,0.4545001607675847,1.1015087766733274,0.5324458321233656,0.9815022411408099,0.35855632255268033,0.6019907450971073,0.852739929803105,0.4738530172855211,1.010544973679601,0.37372253562081026,0.7768537120580923,0.5783998539095394,0.5749686325932274,0.7324539670573432,84,100,52,53,50,56,52,58,66,62,55,50
-0.0005089928852124003,-0.0010284584455808056,0.9566392205555106,-0.006281382755825501,0.0062581342303016,-0.7078040498704398,0.7063531743919859,0.019379631663193352,0.003854618838946113,-0.2845810236249845,0.45016671303442407,-0.16577828734918565,-0.0016483490914123338,0.02002307754528523,0.003854150754257186,-0.2545605375043098,0.3989991356683318,-0.14403115182251922,-0.002290661508446546,0.7547423212267029,-0.856890997062372,0.7577156016974842,-0.2584099078394065,-2.472545969162809,0.27702419394089006,0.6610484838703341,-0.698132,-1.1828154641411386,-0.2959889092760969,0.7444359854847667,-2.294144662267678,-0.45079848933720296,0.08144216708315624,-0.23981395722771226,0.6036312847808117,0.8727,0.540070948732526,0.8568480159832792,0.6211480025657726,0.8538802319432492,0.4545001607675847,1.1015087766733274,0.5324458321233656,0.9815022411408099,0.35855632255268033,0.6019907450971073,0.852739929803105,0.4738530172855211,1.010544973679601,0.37372253562081026,0.7768537120580923,0.5783998539095394,0.5749686325932274,0.7324539670573432,84,100,52,53,50,56,52,58,66,62,55,50
-0.0004067377353934579,-0.0006505267797372887,0.956720943454246,-0.006123751852201087,0.005923788025719135,-0.7077801965424173,0.7063813430301347,0.01849175365524884,0.003928615023989009,-0.28395570736363746,0.4487492942702388,-0.16479810298563866,-0.0014678763768906403,0.019139039155248578,0.003928036127347616,-0.25476304294011975,0.3989793916456015,-0.1435577019698879,-0.0021140813133343067,0.6341467796013371,-0.8732533281339707,0.7455044634418782,-0.29481218926984143,-2.4262775765277755,0.26180643065505155,0.5986993487444574,-0.6686803676796629,-1.1772444910919695,-0.334165339976904,0.71761192363631,-2.2979968314273576,-0.4410278970699444,0.06297317481961058,-0.26936639131237583,0.5280027125399787,0.8727,0.6173338821915119,0.8871357180574567,0.7624758467597957,0.8930373569368578,0.5073546820907223,1.1904988915357284,0.5310453624782728,1.0554098663792992,0.47297316190300565,0.6089861469121483,0.8785152663558226,0.5190572019918069,1.058389736824399,0.4041272096614565,0.8149661353213346,0.6160196056315288,0.6133128006745495,0.7319930779617692,71,100,57,63,55,58,69,59,69,66,58,52
-0.0004359008134184522,-0.0006457049118584592,0.9567194901468451,-0.00627599085492697,0.005946254357929066,-0.7075155731371235,0.7066448667940268,0.0188079018622844,0.0026860604810864516,-0.2837805563717229,0.448647578689989,-0.16460974443231494,-0.001492524370030468,0.019454685037379363,0.0026852760032177736,-0.2544077370087941,0.3989786285014156,-0.14380277168380223,-0.0021388557513941954,0.6332610571468817,-0.8769723909337491,0.7426657940997854,-0.2968078149100046,-2.4212796257011635,0.2577969274624866,0.5908840995888869,-0.6651663962386684,-1.1763827141295613,-0.33630598598080735,0.7164871705288128,-2.2992104535680244,-0.4416074272967147,0.06095152735582526,-0.27389413036050003,0.5280027125399787,0.8727,0.6173338821915119,0.8871357180574567,0.7624758467597957,0.8930373569368578,0.5073546820907223,1.1904988915357284,0.5310453624782728,1.0554098663792992,0.47297316190300565,0.6089861469121483,0.8785152663558226,0.5190572019918069,1.058389736824399,0.4041272096614565,0.8149661353213346,0.6160196056315288,0.6133128006745495,0.7319930779617692,71,100,57,63,55,58,69,59,69,66,58,52
-0.0001819084847219801,-0.0004930311185036595,0.9567889823356781,-0.005911804717503351,0.006103161265261883,-0.707435578973168,0.7067267531305519,0.018178644436728224,0.0024131551021650487,-0.283838259884345,0.44674361013023933,-0.1634509712223139,-0.0011763034721312042,0.018828190122172652,0.0024127417890699083,-0.2552471903283812,0.3984916874756758,-0.14330727677717667,-0.0018258668582701917,0.515006403437693,-0.907031765658615,0.7099678328184624,-0.333880917694008,-2.3842837593003536,0.2342452116576243,0.5167147698375919,-0.6134918977930134,-1.1651152486368963,-0.3874215362101605,0.686218422681185,-2.3074174441547557,-0.43098116207620646,0.03768554815737063,-0.30958861268258947,0.4547556769700766,0.8727,0.7031409877371733,0.9005952260099389,0.8282718099535461,0.88236915405709,0.5821303991925685,1.2005165752966929,0.5525856750543188,1.0686648915566177,0.5753114327116117,0.6193371972868897,0.9050455450764903,0.5765878967133503,1.1061586130533205,0.4404507577078671,0.8527274856055382,0.65986763460243,0.6533617365560496,0.7406759513641008,58,100,62,66,60,60,84,61,72,69,61,54
-0.00019254308796026718,-0.0004745422103649825,0.9567899686904121,-0.006029520776041724,0.006151140949966191,-0.7072776162717463,0.7068834287668528,0.018458832117651477,0.0015612869310352353,-0.28375762502739366,0.44665149710134966,-0.16327149080489098,-0.0012020735224038486,0.019107483633286546,0.0015607164050015481,-0.25503363040031224,0.3984265151773453,-0.143422793552726,-0.0018511582442077973,0.5153054625609687,-0.9110028391863434,0.7055127977532442,-0.33609670378450474,-2.3808738080108096,0.22927325158691675,0.5092938959446798,-0.6078444578645629,-1.1636540401512923,-0.3906893528995705,0.6849662109197057,-2.3091167737008886,-0.4316056988983154,0.03564349405190164,-0.31374836804717987,0.4547556769700766,0.8727,0.7031409877371733,0.9005952260099389,0.8282718099535461,0.88236915405709,0.5821303991925685,1.2005165752966929,0.5525856750543188,1.0686648915566177,0.5753114327116117,0.6193371972868897,0.9050455450764903,0.5765878967133503,1.1061586130533205,0.4404507577078671,0.8527274856055382,0.65986763460243,0.6533617365560496,0.7406759513641008,58,100,62,66,60,60,84,61,72,69,61,54
0.00017464954968440582,-0.0005919723331544243,0.9568724974948021,-0.005250324788884597,0.006751743692171379,-0.7073572877681926,0.7068044393521832,0.017721245509563728,0.002124963032386076,-0.28481710984536857,0.4445418287931785,-0.16214508308971007,-0.0007521317071611868,0.018372729874871586,0.0021256608495508226,-0.2568652569599856,0.39747336967453356,-0.14259820564892695,-0.0014041452556372536,0.4027106660988427,-0.9436133811453862,0.6612647756224344,-0.3766109182663306,-2.355916180509618,0.1990968406398108,0.4383732782725265,-0.5668401823375953,-1.1460140883014918,-0.4467806486723269,0.6499607421372048,-2.320696524039328,-0.42116497774377104,0.010333526894498488,-0.34749815130431244,0.39233572160175145,0.8727,0.7440147138632883,0.8987829284745456,0.9080996094680927,0.8382457295835166,0.6422374791427359,1.157360220308357,0.5871229135178982,1.0444228529317159,0.6510890560705652,0.636349846530582,0.9324251010111786,0.6388577450393577,1.1538669612637826,0.4817115280489045,0.8901449885738065,0.7082995439608916,0.6954619055475411,0.7575681554361129,47,100,64,70,62,61,95,63,76,73,64,57
0.00017150984292382132,-0.0005717032045013819,0.9568743975945497,-0.005383586953577773,0.006822675774928049,-0.7072130575441741,0.7069470696776424,0.018052705335870407,0.0013311465139351926,-0.2847817944180572,0.4444993231061242,-0.16196314434234024,-0.0007705108632972419,0.018703025530221525,0.0013317183949049902,-0.2566686209010412,0.39739104589246155,-0.14266955792681402,-0.0014217038561908212,0.40346556205093276,-0.9474153383761924,0.6560054718191752,-0.3793767055735812,-2.3527829685860517,0.19360097830317338,0.4313497902177381,-0.5618776166364833,-1.143821844501823,-0.4508900869316243,0.6480334658482474,-2.3231180147985984,-0.4219293274364485,0.00808130369362189,-0.3514370333508659,0.39233572160175145,0.8727,0.7440147138632883,0.8987829284745456,0.9080996094680927,0.8382457295835166,0.6422374791427359,1.157360220308357,0.5871229135178982,1.0444228529317159,0.6510890560705652,0.636349846530582,0.9324251010111786,0.6388577450393577,1.1538669612637826,0.4817115280489045,0.8901449885738065,0.7082995439608916,0.6954619055475411,0.7575681554361129,47,100,64,70,62,61,95,63,76,73,64,57
0.0005840598824549645,-0.0009264527680028102,0.9569660907890131,-0.004446155517575641,0.007890510337474862,-0.7071712897109179,0.7069842562294623,0.01774942849483201,0.0012015345570221066,-0.28669319679863053,0.4423513027273451,-0.16073485672497728,-0.00029076976540480775,0.01840090900671802,0.0012038952972484463,-0.25895020343763575,0.3959277149313376,-0.1417989551905171,-0.000943348534586291,0.2977457624267225,-0.9835908719763324,0.5993466409887782,-0.4259364053008563,-2.3282422251573696,0.16004030238477238,0.35372730968620014,-0.530133857812472,-1.1172853617734517,-0.51165700034475,0.6085017911455954,-2.3439061176866542,-0.41477197086499024,-0.01953708324035227,-0.3850815485633426,0.34999565710457337,0.8727,0.7214366285140066,0.8900118112252331,1.0155680312668407,0.7804943205247661,0.7045870453823281,1.0930944745362925,0.6195089289586397,1.0149031742682322,0.6840057737769606,0.6638380055779756,0.9534750284272916,0.7029099759573794,1.1987478237261366,0.5280522886173815,0.923981669328928,0.7627328988520294,0.7362876002126413,0.785783008497513,40,100,63,75,63,62,100,68,79,77,67,60
0.0005916167295862959,-0.0009109015993350662,0.9569680582470641,-0.004559850652932517,0.007960328767878186,-0.7070860938801877,0.7070679576739352,0.018034364395336802,0.0006830212592646059,-0.2866913124017098,0.442365058994116,-0.1606188138994431,-0.0003090874112545342,0.01868469197367347,0.000685286464960656,-0.258785837180526,0.39581058715857004,-0.1418146294250073,-0.0009606239576209364,0.2989531997747428,-0.9868903237394794,0.5938850897403561,-0.428564358172127,-2.3250979925117536,0.15527137797648927,0.3477044261206749,-0.5267979170748988,-1.114581787533873,-0.516044672504505,0.6061854260361363,-2.346817054850152,-0.41579947289779345,-0.021578146913230317,-0.38806634897569725,0.34999565710457337,0.8727,0.7214366285140066,0.8900118112252331,1.0155680312668407,0.7804943205247661,0.7045870453823281,1.0930944745362925,0.6195089289586397,1.0149031742682322,0.6840057737769606,0.6638380055779756,0.9534750284272916,0.7029099759573794,1.1987478237261366,0.5280522886173815,0.923981669328928,0.7627328988520294,0.7362876002126413,0.785783008497513,40,100,63,75,63,62,100,68,79,77,67,60
0.001058741651877004,-0.0014896556414967434,0.9570504663416592,-0.003265693617243199,0.009250111515177408,-0.7072631018110777,0.706882363267559,0.017432167743141106,0.0017907674050454858,-0.28932227093258844,0.44038728400549887,-0.15981031882230184,0.00024373677507812127,0.01808470382744084,0.0017954284897403968,-0.26171314260286627,0.394044236417319,-0.14076086840859314,-0.0004097445559925005,0.1977570784888887,-1.0160850661224747,0.5409643927503555,-0.47079261564275904,-2.3044215923070173,0.1369004245137861,0.2827730099931201,-0.5095964871808769,-1.0877931788217587,-0.5698751799082208,0.5666799224033596,-2.3656127168708494,-0.4077413217120988,-0.04484333493592672,-0.40909574722004655,0.34531779073679314,0.8727,0.7609210551022417,0.877389354455361,1.11464920353196,0.717570820213948,0.7528719282046017,1.0242385215581293,0.6204044923044231,0.9933242462824861,0.6578083642512331,0.6997850861047311,0.92568556446448,0.7632888385786671,1.220465252314675,0.5780969956510872,0.9308349838895641,0.8262956609079756,0.7475356887363842,0.8286000191193836,39,100,65,79,64,61,96,73,79,79,69,62
0.001062424878861536,-0.0014751157049440818,0.957051175922595,-0.003387807490252537,0.0093520010972434,-0.7071390473712775,0.7070045477355358,0.01778786285536051,0.0010917286215628731,-0.2894125673151274,0.44044431311230636,-0.15965135884905968,0.00023356218968286426,0.01843907811386145,0.001096333559499758,-0.26157290362340213,0.3939168333456716,-0.14076792023184853,-0.0004188646232539396,0.19888593003515911,-1.019234386229648,0.5355622834345856,-0.47329203213560794,-2.3008339130972804,0.1331565826407979,0.27655806889788076,-0.5072971223155672,-1.0844988815327292,-0.574388405430525,0.5635974839517465,-2.3690684305424297,-0.4087143209327398,-0.047051962897248945,-0.4115607219114315,0.34531779073679314,0.8727,0.7609210551022417,0.877389354455361,1.11464920353196,0.717570820213948,0.7528719282046017,1.0242385215581293,0.6204044923044231,0.9933242462824861,0.6578083642512331,0.6997850861047311,0.92568556446448,0.7632888385786671,1.220465252314675,0.5780969956510872,0.9308349838895641,0.8262956609079756,0.7475356887363842,0.8286000191193836,39,100,65,79,64,61,96,73,79,79,69,62
0.001541287451771612,-0.0021565520254831078,0.9571076994512928,-0.0020788737070814934,0.010901214286864065,-0.7072400935896024,0.7068863358635202,0.017560868316016217,0.0017400852986315775,-0.29267211518747066,0.43884972525684995,-0.15891809530703493,0.0007641821505824377,0.018212785515373406,0.0017472936035263192,-0.2646966563270799,0.3919375754274363,-0.13971484400209047,0.00011140146466281594,0.10331980423650912,-1.044962351130196,0.4816994160123606,-0.5110895058072197,-2.2782695555884294,0.12463161159829868,0.2192610140243148,-0.49755097625331307,-1.0556359720914439,-0.6237772690831447,0.5245049936898927,-2.391257825130799,-0.3999180856349107,-0.06697518481452162,-0.4244252559154298,0.3916427560755396,0.8727,0.8585094821647151,0.8612637862572875,1.2693193219126089,0.653545161933788,0.8344501533325583,0.9579444675757988,0.6395597600977412,0.9769387985587903,0.567354389385307,0.7314258459548709,0.8367383672483856,0.8124210962060765,1.1907838165361166,0.6280626916295551,0.87235853015295,0.9015931441897054,0.6735414253538259,0.884021989585375,47,100,69,87,66,62,83,78,74,79,68,60
0.0015469450623794329,-0.0021456830572905102,0.9571069823957385,-0.0021770939072190587,0.011003799544578622,-0.7071223906924664,0.7070021932349813,0.017879201497033596,0.0010703632062101908,-0.29283356465598576,0.43896032958042447,-0.15877549195847185,0.0007579730978589347,0.018529939090974074,0.0010775482009368173,-0.26459610929739535,0.3918021638255476,-0.13970187568674658,0.0001061291841609404,0.1044358050350798,-1.047758673479612,0.4767107679456381,-0.5131298653365735,-2.2744991578460705,0.12208654499663595,0.21377148889426986,-0.4962509251469378,-1.0520526672291501,-0.6280064175467734,0.5211199951667835,-2.3949955925252193,-0.4006958987525037,-0.06899286651651895,-0.42593342566821346,0.3916427560755396,0.8727,0.8585094821647151,0.8612637862572875,1.2693193219126089,0.653545161933788,0.8344501533325583,0.9579444675757988,0.6395597600977412,0.9769387985587903,0.567354389385307,0.7314258459548709,0.8367383672483856,0.8124210962060765,1.1907838165361166,0.6280626916295551,0.87235853015295,0.9015931441897054,0.6735414253538259,0.884021989585375,47,100,69,87,66,62,83,78,74,79,68,60
0.0015567264553414336,-0.002138874753962792,0.9571062138869624,-0.002260299259291897,0.011083924450728599,-0.7070495685498988,0.7070735076916911,0.018131218125832835,0.0006153349441069424,-0.29295667416435445,0.4390822745593079,-0.1586967509713186,0.0007469890170537715,0.018780921532455506,0.0006224851462329703,-0.2644895515407924,0.39166285697703496,-0.13967865770425458,9.61121022106076e-05,0.10567413848539561,-1.0503260376999608,0.47199570990659656,-0.5149311666892109,-2.270993966311545,0.11967134469596702,0.2089848527389688,-0.49513257242449843,-1.04868988055733,-0.6320658079056704,0.5180109690000878,-2.3984831201285,-0.4015706622003893,-0.07079402300009446,-0.4272078209770549,0.3916427560755396,0.8727,0.8585094821647151,0.8612637862572875,1.2693193219126089,0.653545161933788,0.8344501533325583,0.9579444675757988,0.6395597600977412,0.9769387985587903,0.567354389385307,0.7314258459548709,0.8367383672483856,0.8124210962060765,1.1907838165361166,0.6280626916295551,0.87235853015295,0.9015931441897054,0.6735414253538259,0.884021989585375,47,100,69,87,66,62,83,78,74,79,68,60
0.0020240254353624623,-0.002863636992662098,0.9571370810752368,-0.0008490759952325163,0.01251280206959726,-0.7073860466623555,0.7067161310184777,0.01754920318228508,0.002468598375182692,-0.29621026152328694,0.4378635146514666,-0.15846474641892502,0.0012520246578697006,0.01820078669471799,0.0024782941326693133,-0.2676705218445689,0.3897925383118908,-0.13862058773065195,0.0006000534514528474,0.016617803572862085,-1.0675000171907878,0.4264863859739947,-0.5435897735409049,-2.2527218659153703,0.12124375007522677,0.17259832597573188,-0.4945919425789856,-1.0239753104117792,-0.6696966208177506,0.48438342160381737,-2.413977776666976,-0.3913344342246703,-0.08592717678869605,-0.43004818600480405,0.47893888927253997,0.8419383139553148,0.9538319133527394,0.8416804328316865,1.309,0.5951074370532757,1.0092443368677224,0.9015336371888587,0.7574116692153791,0.9619226663530395,0.43213910711078846,0.744291200196743,0.850299156657361,0.8475008440876998,1.1732489996868125,0.6762739215573944,0.7706323114064333,0.9881451300801793,0.530677534338415,0.9430335699972967,62,95,74,87,74,68,63,80,76,79,65,54
0.002025716624573143,-0.0028517150823024946,0.9571351449948864,-0.0009359441722190418,0.01263043905746789,-0.7072116743522298,0.7068884237824518,0.017879553803656464,0.0016096322955056357,-0.29647423672762924,0.4380092837439761,-0.15828293743229008,0.001267425728741551,0.01853012674773193,0.0016193968545401946,-0.267610257662206,0.38967039314596913,-0.13860832410624788,0.0006161013377971667,0.017304637880308865,-1.0698630130169828,0.42224368492445136,-0.5454635187755185,-2.2489190106975427,0.11980385322763012,0.16802461162730092,-0.49429151371098434,-1.020399025421036,-0.673246485110474,0.4807419748354732,-2.417671603661915,-0.39164216706672605,-0.08788611103438965,-0.4307195084916732,0.47893888927253997,0.8419383139553148,0.9538319133527394,0.8416804328316865,1.309,0.5951074370532757,1.0092443368677224,0.9015336371888587,0.7574116692153791,0.9619226663530395,0.43213910711078846,0.744291200196743,0.850299156657361,0.8475008440876998,1.1732489996868125,0.6762739215573944,0.7706323114064333,0.9881451300801793,0.530677534338415,0.9430335699972967,62,95,74,87,74,68,63,80,76,79,65,54
0.0024007219379162375,-0.003489430595214872,0.9571400092255715,0.0003013698028877214,0.01397234664214132,-0.7073504658144407,0.7067248412343019,0.01756791303424242,0.0023551275352131163,-0.29976905618271643,0.43724879532381744,-0.15794065019007258,0.0016808321872535305,0.018219490019809565,0.002367232457297824,-0.2705260580824155,0.38806200482303777,-0.13771434149028505,0.001028927516508679,-0.062011436227196355,-1.0830695411621962,0.37997411283396754,-0.5693059962743079,-2.2294300791099566,0.12480717675551413,0.14045078296532076,-0.49982865110197683,-0.9961217778058156,-0.703959994877592,0.4482113976312315,-2.432022125442132,-0.3799115645407729,-0.10397163419625281,-0.4298088836647329,0.5740930532673796,0.8171160318939412,1.0724660615878288,0.8170881328058481,1.309,0.5483669786327995,1.2418128107281305,0.8618012254938541,0.910148660916519,0.9495353054334111,0.29404376977109153,0.7423427320731091,0.9082690460318762,0.8756412588565023,1.275845823570809,0.7283981534882663,0.6712365959035197,1.080499550335371,0.40640874769289476,0.9938176421353786,79,91,80,86,86,75,43,80,80,86,62,49
0.002400791740656855,-0.0034807431484118194,0.9571369742407889,0.00023088726526528919,0.014075722736330775,-0.7071901032234217,0.7068832850077645,0.017854309812955025,0.0015496505632954384,-0.3000488564268445,0.437434275127562,-0.15779054104805668,0.0016902563191104193,0.018505019367223017,0.0015618159039397024,-0.2704883112330674,0.38797031839301577,-0.13771247983088242,0.0010388799656725909,-0.061399630975184284,-1.0850504862446049,0.3763313784453937,-0.5708610114829971,-2.2256394308952365,0.12400775092778211,0.13691441480934796,-0.5004843325259611,-0.9926813980003346,-0.7069658803915636,0.4447911831759593,-2.4355016473201982,-0.37982067904478034,-0.10600699471865632,-0.42988473456524734,0.5740930532673796,0.8171160318939412,1.0724660615878288,0.8170881328058481,1.309,0.5483669786327995,1.2418128107281305,0.8618012254938541,0.910148660916519,0.9495353054334111,0.29404376977109153,0.7423427320731091,0.9082690460318762,0.8756412588565023,1.275845823570809,0.7283981534882663,0.6712365959035197,1.080499550335371,0.40640874769289476,0.9938176421353786,79,91,80,86,86,75,43,80,80,86,62,49
0.002673941157986188,-0.00403186376434448,0.9571180017063673,0.0013613083234943297,0.0150415739571285,-0.7075082337823849,0.7065436978861763,0.0172434798995099,0.0029420202231745618,-0.30265167749984045,0.4369530350748248,-0.15777118174439578,0.0019599018025319714,0.017895958815751237,0.002955983710874921,-0.27298308618171424,0.38682523453953777,-0.13701084732447302,0.0013073452185193408,-0.12781100485892977,-1.0922838102835213,0.34293387711569645,-0.5892676343014699,-2.2097709711370963,0.13081834877473578,0.11997843897955383,-0.5090585521728708,-0.9734950632798383,-0.7321817647412437,0.4196744789505859,-2.4413345591333098,-0.3678165500399095,-0.1199815028189108,-0.42502460567889555,0.6446732431935266,0.797326432910632,1.2714091617056544,0.787015411662285,1.309,0.5144043025589764,1.309,0.8399100319249873,0.897190463885087,0.9422342528331147,0.19336630191880572,0.7521782907266279,0.8783819581075553,0.9082725017837951,1.309,0.7942583535251363,0.6184578916830887,1.169059467717094,0.37247635308159377,1.0281907585627468,91,88,89,85,89,74,28,81,79,90,61,48
0.002674709892726912,-0.004022074350394034,0.9571140161260707,0.0012904502186759264,0.015158668010399227,-0.7072726425918799,0.7067771633007703,0.017547702803899924,0.001996352183458603,-0.30299482261669825,0.43714190276393033,-0.1576021295666628,0.0019922202370025893,0.018199559772285934,0.0020104644533834376,-0.2729737249870205,0.38677984537087096,-0.1370346978307573,0.0013399719105453669,-0.12760785203222197,-1.0938890511389279,0.3395486252951425,-0.5909950340027864,-2.205871477081486,0.13054230480892332,0.11697394853211525,-0.5104947762889117,-0.9702833794062274,-0.7348754374225989,0.41616377822661277,-2.4443739035956518,-0.3671617660574437,-0.12234058218564847,-0.4246343281029843,0.6446732431935266,0.797326432910632,1.2714091617056544,0.787015411662285,1.309,0.5144043025589764,1.309,0.8399100319249873,0.897190463885087,0.9422342528331147,0.19336630191880572,0.7521782907266279,0.8783819581075553,0.9082725017837951,1.309,0.7942583535251363,0.6184578916830887,1.169059467717094,0.37247635308159377,1.0281907585627468,91,88,89,85,89,74,28,81,79,90,61,48
0.0027939272570104497,-0.004424560071596542,0.9570922709001071,0.0022557336485236426,0.015796973776666015,-0.7073927553096346,0.7066405430065921,0.016891248597342347,0.0024552208739733973,-0.30519014276152384,0.43694188489313995,-0.1574849759607061,0.002147213176136075,0.01754550064188903,0.0024708108242301532,-0.274993584391148,0.38610601066605615,-0.1365745371010231,0.0014928645842238197,-0.1794716280404269,-1.0981061088287476,0.3109619800023515,-0.6075369487709423,-2.1891820475600126,0.13752786132336964,0.10358152596156012,-0.5208701969543744,-0.9521936224045386,-0.755356401282656,0.3926885752292332,-2.4458372437194114,-0.3568118935059594,-0.1389357911224967,-0.41707503530700657,0.6805566192025844,0.7784648167639621,1.309,0.7554986661821456,1.309,0.49041808556918565,1.309,0.8309869401310573,0.881335770786923,0.9395016868163759,0.14583093329050864,0.7984085457735148,0.8169464557038174,0.9504963622593755,1.308127433415696,0.876783088159742,0.5489901048089927,1.2435051779639732,0.39711965162817536,1.0450983128055302,98,85,91,84,89,74,21,88,76,92,59,50
0.0027905390036540886,-0.004420792022434553,0.9570871111208752,0.002181106034135499,0.015898818958265032,-0.7072016410865332,0.7068297596852556,0.017182846079076726,0.0016587693009154443,-0.3054695059185618,0.43713977415106386,-0.15736995483195623,0.002164825121254822,0.017836359663370376,0.0016744482829041739,-0.2749875299965532,0.386117386333785,-0.1366298291275896,0.001510813866674468,-0.17910945703358083,-1.0994696787757747,0.3079207743875391,-0.6091038872284205,-2.1854101068728036,0.13749641754646735,0.10120469157752304,-0.5227825067140806,-0.9493374160514908,-0.7577535128280845,0.38951310303215714,-2.448272721768482,-0.35620766879897114,-0.14160066274703617,-0.41624043441789477,0.6805566192025844,0.7784648167639621,1.309,0.7554986661821456,1.309,0.49041808556918565,1.309,0.8309869401310573,0.881335770786923,0.9395016868163759,0.14583093329050864,0.7984085457735148,0.8169464557038174,0.9504963622593755,1.308127433415696,0.876783088159742,0.5489901048089927,1.2435051779639732,0.39711965162817536,1.0450983128055302,98,85,91,84,89,74,21,88,76,92,59,50
0.0027646858469070135,-0.004703191781966505,0.9570690744644689,0.0030038717530921958,0.016204778902874035,-0.7072501994747286,0.7067712057223032,0.016420011515445143,0.0017821264524397365,-0.3071020456447156,0.4370983886779936,-0.1572761386700473,0.0021739500582841674,0.017076413120704407,0.0017988978776332632,-0.27655600370177,0.38589556720099866,-0.13639609434325328,0.001517321652587428,-0.21565230071887337,-1.101453942281544,0.28468112010496555,-0.6234597143773918,-2.1693507178101075,0.1437463218829621,0.0911719915647245,-0.5339261877654714,-0.9318691764364074,-0.7752237679084185,0.3695469198558535,-2.443258778300619,-0.3505233163956493,-0.15860908192313075,-0.4043609563888803,0.6920758446256244,0.7582852675925261,1.309,0.727853375142195,1.309,0.4728818288232488,1.309,0.8286369677396483,0.9027877871561105,0.9387625486048026,0.14133196317105784,0.87266,0.771630098686506,0.9967002279279724,1.0005288258083784,0.9644566051742549,0.4712393867306595,1.25,0.4003700481073345,1.0491640834779898,100,82,90,84,89,75,20,100,74,76,55,50
0.002759095072379275,-0.004707172895714213,0.9570628374701219,0.0029239588706959957,0.016287031341839908,-0.7071133706426718,0.7069065455440016,0.01668978728669827,0.0011908830941329187,-0.30728421311349374,0.43728274372246645,-0.1572250185300012,0.0021789279391053397,0.0173453733391511,0.0012076801260128178,-0.2765440524656682,0.38596584188763516,-0.1364847221774892,0.0015227027555251215,-0.21506994837157933,-1.102576430253991,0.281973239531523,-0.624885436470043,-2.165911821017323,0.14384284740040704,0.08939754976049742,-0.5360772887979378,-0.929534319210256,-0.7774455943465607,0.36669699055287375,-2.4449079573073598,-0.3504449405850635,-0.16123870989394853,-0.4029654633146889,0.6920758446256244,0.7582852675925261,1.309,0.727853375142195,1.309,0.4728818288232488,1.309,0.8286369677396483,0.9027877871561105,0.9387625486048026,0.14133196317105784,0.87266,0.771630098686506,0.9967002279279724,1.0005288258083784,0.9644566051742549,0.4712393867306595,1.25,0.4003700481073345,1.0491640834779898,100,82,90,84,89,75,20,100,74,76,55,50
0.0026076212811069074,-0.004859964478590599,0.9570380699348052,0.0036636870718566947,0.01625725851105695,-0.7072961167394658,0.70672093657116,0.015700214376377482,0.0016417034941773705,-0.3082553913554447,0.4372266856216289,-0.15721830922735497,0.0020390101309217578,0.016359095089366924,0.0016591623944528912,-0.2777295215681925,0.38600929680212137,-0.1363550389840428,0.0013803364869445947,-0.23748715567937495,-1.1022816443581975,0.26687895626603597,-0.6352537850332544,-2.1551004427825498,0.1483092827408832,0.08391046653804177,-0.5452429225674955,-0.9165471516066056,-0.7903809668624332,0.35438607553557405,-2.439541634247118,-0.34976603156847336,-0.17189371441460613,-0.39101833217681625,0.6937603491531869,0.7368195067554791,1.309,0.7060170285450721,1.309,0.45924034411630743,1.309,0.82896022017041,0.934951587276488,0.9382700690497674,0.15753254562038219,0.87266,0.7277793470019717,1.0339608083431937,0.8212735981584095,1.0360899005911166,0.45666944794818093,1.25,0.36768531956511424,1.0469574986112784,100,79,89,83,89,76,22,100,73,68,54,48
0.002610655326162312,-0.004872074698769121,0.9570316136733306,0.0035770930479977142,0.01632844739293334,-0.707125013506723,0.7068909403042172,0.01593972174205534,0.0011306182599895953,-0.30838238088750425,0.43737206875436907,-0.15718146557563967,0.0020535660778698743,0.01659805149270247,0.0011481227045841745,-0.27771566925227775,0.3861622781326487,-0.13646620525575026,0.001394965246981159,-0.23709976160304214,-1.1029528925786998,0.26433846760546414,-0.6368923993111921,-2.1519288361711664,0.1485724083172458,0.08251855388203307,-0.5476967914762626,-0.9144214974017143,-0.792654357561148,0.35138844772874606,-2.440680501629979,-0.35025183696632617,-0.17433249402791814,-0.38882185730322516,0.6937603491531869,0.7368195067554791,1.309,0.7060170285450721,1.309,0.45924034411630743,1.309,0.82896022017041,0.934951587276488,0.9382700690497674,0.15753254562038219,0.87266,0.7277793470019717,1.0339608083431937,0.8212735981584095,1.0360899005911166,0.45666944794818093,1.25,0.36768531956511424,1.0469574986112784,100,79,89,83,89,76,22,100,73,68,54,48
0.0023443450045988485,-0.0048953995799833954,0.9569841452839175,0.00420392420970406,0.016062902392714806,-0.7073228193239761,0.7066956483887136,0.014932375286083,0.0013255591900366319,-0.30890155410167225,0.4373365239473023,-0.15714325755757283,0.0018431693151013222,0.015593782517195459,0.0013433985025489569,-0.2785233316195093,0.38636609024536156,-0.1364476061567289,0.0011825380525401852,-0.24744132295765306,-1.1009920417284869,0.2567373393297304,-0.6434171633653114,-2.145473751486096,0.15106478461785697,0.0800430905717874,-0.5543273934697595,-0.9059996809871322,-0.801826386051234,0.34278748064570413,-2.437209786219058,-0.3514899781606556,-0.18019435263961084,-0.3790436909614257,0.6926022533813185,0.7161371980397135,1.309,0.6891115250641598,1.309,0.448717867502435,1.309,0.8316120123493665,0.9721122301387402,0.9380896456383425,0.17405032420796399,0.87266,0.6639072427894022,1.0494495495304461,0.7491586355012286,1.0749846066050417,0.43607763455413134,1.25,0.34285090746543934,1.0446175095031909,100,76,89,83,89,78,25,100,69,65,53,47
0.0023685318052954576,-0.004916000400684077,0.9569779237057634,0.004124344441461863,0.016111403368860504,-0.7071237202994087,0.7068942330040182,0.015077659270851867,0.0009517911114207974,-0.3089797008579288,0.43744726684249297,-0.157115628945221,0.0018487555286794996,0.015738964140387172,0.0009696853430879485,-0.2785372527797564,0.38662021380135975,-0.13656440190882474,0.001187701758798101,-0.24722718713331399,-1.100996097815254,0.2544972087911599,-0.6452839831397,-2.1427021746879302,0.15144998507713192,0.07902758996992466,-0.5571782252783528,-0.9036304430853265,-0.8045870897596038,0.33918255997465585,-2.4380292096710163,-0.35250344370764997,-0.18242141598123482,-0.37584904608216496,0.6926022533813185,0.7161371980397135,1.309,0.6891115250641598,1.309,0.448717867502435,1.309,0.8316120123493665,0.9721122301387402,0.9380896456383425,0.17405032420796399,0.87266,0.6639072427894022,1.0494495495304461,0.7491586355012286,1.0749846066050417,0.43607763455413134,1.25,0.34285090746543934,1.0446175095031909,100,76,89,83,89,78,25,100,69,65,53,47
0.002009504014884988,-0.004803984247218884,0.9568975680961334,0.004652875658423466,0.0157516396626585,-0.7071295988155313,0.7068931793949015,0.014236278380413091,0.0007334554590703942,-0.3093541292422688,0.43737587161207175,-0.15700358426939914,0.001664340234568047,0.014899818539175307,0.0007515093536206855,-0.2790451486062137,0.38679872677318883,-0.13658390008469537,0.0010021148081931935,-0.2478409937442297,-1.0975062526458388,0.25289809173325856,-0.648397615955517,-2.1391180699246024,0.15263750868557305,0.07859536902570957,-0.5600475611560892,-0.8989822608112625,-0.8089015289342595,0.33426298112291564,-2.436327973270223,-0.35443390388989393,-0.18530246398280192,-0.3696588353522622,0.6860073522697328,0.6999538332634602,1.309,0.6766689768335833,1.309,0.4430028566799496,1.309,0.839162271786909,1.01456298341708,0.9389968066970054,0.18164882454603157,0.87266,0.6570639289653801,1.0403315568189457,0.7534202757489933,1.0816949786999392,0.44538470751014625,1.25,0.334356058383425,1.0463997786488037,99,73,88,83,89,81,26,100,68,65,54,46
0.0020543905896367727,-0.0048233415715173535,0.9568912345523644,0.004606968287607272,0.015712084994829723,-0.7070228283189268,0.7070011502566449,0.014137057182218655,0.000488723411807313,-0.30935110943811417,0.43750468077849863,-0.1569507249907683,0.0016137048871359444,0.014801401037691545,0.0005068231599124917,-0.2791230043496469,0.38718602377693273,-0.13668453586251544,0.0009503201747624906,-0.24712505177530622,-1.0960033553801647,0.2514767473539138,-0.6504205958661105,-2.1366155115582677,0.15333319387000477,0.07819134577145795,-0.5629362580711406,-0.8957320390084772,-0.8122598867754776,0.32979201018844656,-2.4366622040744805,-0.3563579001909333,-0.18767251356911954,-0.3648772130398629,0.6860073522697328,0.6999538332634602,1.309,0.6766689768335833,1.309,0.4430028566799496,1.309,0.839162271786909,1.01456298341708,0.9389968066970054,0.18164882454603157,0.87266,0.6570639289653801,1.0403315568189457,0.7534202757489933,1.0816949786999392,0.44538470751014625,1.25,0.334356058383425,1.0463997786488037,99,73,88,83,89,81,26,100,68,65,54,46
0.0017336155227122851,-0.004590573076544198,0.9567628002986307,0.005102381814673118,0.015308371747952122,-0.7065855826478495,0.7074435905769761,0.013212594579089423,-0.00025062801278392835,-0.30987842710900304,0.4374065276228757,-0.1566918812584691,0.0014284769804192268,0.013879470835240207,-0.000232373448466762,-0.27963464890983136,0.38755879853128655,-0.13673734075029131,0.0007635494113776135,-0.23994985132817723,-1.0878257122199637,0.2532928380551295,-0.6531484093423782,-2.131542472461567,0.15540119037299274,0.07919832284208755,-0.5633891969181533,-0.8910054296053325,-0.8150725018395802,0.3235128424195235,-2.435328492267654,-0.3599066615273601,-0.19161916890843878,-0.35726635510419963,0.6664032381526793,0.6922579959130089,1.309,0.6698975531214508,1.309,0.44618623251583206,1.309,0.8551066486286869,1.0518244714035123,0.9398514071652443,0.18404781450948282,0.87266,0.7249692272799207,1.0207520867509308,0.821229842754062,1.0750934540638422,0.47093688626470387,1.25,0.35036695844964266,1.0535602449778518,95,72,88,83,90,83,26,100,72,69,55,47
0.0017310857609287328,-0.004612737781454005,0.9567526024437513,0.004973255963182457,0.015191627772969686,-0.706725849488304,0.7073069028616706,0.013178858739873718,-0.000437104146956845,-0.309636266635537,0.43768414007363293,-0.15663612440276284,0.0013556811889257835,0.013846293605857094,-0.00041892769503098105,-0.279645967232723,0.38816793223232166,-0.13688253072768902,0.0006892996419796266,-0.23705891511585533,-1.0844767231402492,0.2533619437510848,-0.6545271044320429,-2.1293060316379253,0.1570515580295977,0.08001879574499061,-0.5648281002313652,-0.8870606725741091,-0.8182847509688435,0.31823242950428854,-2.4359082923860202,-0.362990094662071,-0.1947148839532858,-0.3510736943994952,0.6664032381526793,0.6922579959130089,1.309,0.6698975531214508,1.309,0.44618623251583206,1.309,0.8551066486286869,1.0518244714035123,0.9398514071652443,0.18404781450948282,0.87266,0.7249692272799207,1.0207520867509308,0.821229842754062,1.0750934540638422,0.47093688626470387,1.25,0.35036695844964266,1.0535602449778518,95,72,88,83,90,83,26,100,72,69,55,47
0.001476389908347322,-0.004246888071244683,0.9565600116555493,0.005455367309569461,0.014881214260489122,-0.7059826032854266,0.7080518005682809,0.012333689660746305,-0.0015617745513533477,-0.31050224668963083,0.4375279892061407,-0.15623996710376584,0.001190535251062137,0.013003223798840464,-0.0015434196838900207,-0.28040201343696675,0.3886426050272201,-0.136947002197555,0.0005229167429237475,-0.22198522419920874,-1.0689413999370252,0.25885561584073613,-0.657036409142313,-2.121118455524376,0.16238274110738016,0.08339060278995229,-0.5595298719819705,-0.8817017378497886,-0.8199863361422783,0.31095841331902174,-2.4340619033829642,-0.36777490129146295,-0.2007757551936736,-0.34144759521608664,0.6303868331480345,0.6938660375660414,1.309,0.6704814093894742,1.309,0.4631595769447695,1.309,0.8796446863680807,1.0167040137170862,0.9341505160564076,0.19305081620321524,0.87266,0.7926909867703216,1.0148008281608953,0.8582477351367935,1.079006569513276,0.45618421150954147,1.25,0.3916994618229369,1.065210684254057,89,72,88,83,90,81,28,100,76,71,54,50
0.0014062997700668425,-0.004284570582975638,0.9565444555943663,0.0051765564884980984,0.01468132730241558,-0.7064045268363113,0.7076371290122709,0.01248242120586573,-0.001563059854327795,-0.309957044611898,0.43806374203103665,-0.15622339635984087,0.0010901488940674448,0.013151792808138949,-0.00154503250159545,-0.2802906188634558,0.3895408466196783,-0.137137016453361,0.0004212433542736758,-0.21691775232546315,-1.062759702858043,0.26054283276098034,-0.6577302587823571,-2.118763810481857,0.16686682838907713,0.08604737283797344,-0.5569715172487792,-0.8768617798090531,-0.8232800416380596,0.3050947182876193,-2.4344740733921717,-0.37167014329526155,-0.20550257266380437,-0.3334682247243336,0.6303868331480345,0.6938660375660414,1.309,0.6704814093894742,1.309,0.4631595769447695,1.309,0.8796446863680807,1.0167040137170862,0.9341505160564076,0.19305081620321524,0.87266,0.7926909867703216,1.0148008281608953,0.8582477351367935,1.079006569513276,0.45618421150954147,1.25,0.3916994618229369,1.065210684254057,89,72,88,83,90,81,28,100,76,71,54,50
0.0009317334664748378,-0.004136866239385967,0.9562027576618388,0.004385057524890834,0.013952443991020034,-0.7066845953327725,0.7073775394345924,0.013142874806252987,-0.0014483292042053373,-0.3086861526944024,0.44028586529584596,-0.15689693318794387,0.0005529082133991436,0.013811033346980592,-0.0014318055229121558,-0.2802646209118433,0.3935226030818335,-0.13855909479456446,-0.00011612504251641274,-0.1818005580935791,-1.0218799962015817,0.2759459285180538,-0.6605423317064217,-2.106507389205297,0.20214641692931878,0.10331474991905758,-0.5205257286700985,-0.8579802012793455,-0.8340801543511432,0.2798084277195962,-2.438397474245237,-0.38666017912394357,-0.23423784808139947,-0.2973427855438297,0.585825278672333,0.6997065550150376,1.309,0.6794630569798086,1.309,0.4972892723013621,1.0650097008640436,0.905939773245396,0.8585722616579093,0.9099723739354213,0.22117796646970267,0.87266,0.8209184585622136,1.0354393989256057,0.8507475491954909,1.1053077737696195,0.46475027002503716,1.25,0.46046644664247965,1.0792864766920647,81,73,88,84,78,71,32,100,79,71,55,54
0.0008867416773222534,-0.004252096453259553,0.9561814764546128,0.004234153836189475,0.01389214834655466,-0.706791621626702,0.7072727081924677,0.013339988668979019,-0.0009922814546921219,-0.30831896314644736,0.44074620184972757,-0.15746055581933852,0.0004501211959026088,0.014007622665755885,-0.0009759897448773447,-0.2802026134245051,0.39433279739974164,-0.13914265374554965,-0.00021832380996887916,-0.1805206031703896,-1.021236958629821,0.27697080783995914,-0.6602555589109488,-2.1091704903935686,0.20759380871145433,0.10575814195522117,-0.5158985945233643,-0.854706193951746,-0.8373262022066222,0.2757412806377972,-2.44221331678199,-0.38921286592452836,-0.23870880546959075,-0.2916462280836704,0.585825278672333,0.6997065550150376,1.309,0.6794630569798086,1.309,0.4972892723013621,1.0650097008640436,0.905939773245396,0.8585722616579093,0.9099723739354213,0.22117796646970267,0.87266,0.8209184585622136,1.0354393989256057,0.8507475491954909,1.1053077737696195,0.46475027002503716,1.25,0.46046644664247965,1.0792864766920647,81,73,88,84,78,71,32,100,79,71,55,54
0.000495938619879829,-0.0038551787140036556,0.9557464112451827,0.003510634848703957,0.013459677700134006,-0.7066973339502538,0.7073792410770707,0.01425185743417902,-0.001463130541229586,-0.30854638821710806,0.4435550374792877,-0.15826069899411777,-6.743306117672524e-06,0.014916941836527593,-0.0014480355645314857,-0.28109501263509656,0.39841331976324135,-0.14064640547378104,-0.0006729914705733886,-0.13839368524746978,-0.971120672833289,0.29829331022515143,-0.6644364954257457,-2.0981070104836324,0.25507430560724054,0.122324269956511,-0.45614374979417843,-0.8375935629492804,-0.8447798190923209,0.2577383813646955,-2.445997891959739,-0.3988721480073649,-0.2737785471545639,-0.2545655206041536,0.5459565829426863,0.7018953287967324,1.0869927685647354,0.697877598311934,1.2393170946175338,0.5489741437729831,0.9031946583113355,0.9230982796546774,0.7693915568411906,0.8584117000933722,0.2740651254498526,0.87266,0.7294704139675214,1.067951549311389,0.8692173563783807,1.1484185494845396,0.5751929074021087,1.25,0.5457210333068372,1.0915784815480103,74,74,77,82,69,65,40,100,74,73,61,59
0.0004431935969612805,-0.003983664626108429,0.9557166524525368,0.0033615190764168033,0.013384072327447531,-0.7068141215525815,0.7072647060127393,0.014433797667564906,-0.0009669761663267258,-0.3082738817324215,0.44426114035434594,-0.15895534575092515,-0.00012141801990864111,0.015098348288737332,-0.0009520804600535915,-0.2810625269568854,0.3993455576091524,-0.1412971389633129,-0.0007869095696329617,-0.137301242376444,-0.9704249315974143,0.29996482734352614,-0.6634858781133827,-2.1025070941500563,0.26210436292447636,0.12470358076656006,-0.44796348614731857,-0.834847105222055,-0.8475752788680684,0.2548446183846212,-2.449778429981861,-0.4001365910069901,-0.2793077630581226,-0.24866041402515332,0.5459565829426863,0.7018953287967324,1.0869927685647354,0.697877598311934,1.2393170946175338,0.5489741437729831,0.9031946583113355,0.9230982796546774,0.7693915568411906,0.8584117000933722,0.2740651254498526,0.87266,0.7294704139675214,1.067951549311389,0.8692173563783807,1.1484185494845396,0.5751929074021087,1.25,0.5457210333068372,1.0915784815480103,74,74,77,82,69,65,40,100,74,73,61,59
0.00040782053075006427,-0.004080304680918363,0.9556896813068831,0.003292208999768766,0.013339807083799025,-0.7068835234892972,0.7071965038984757,0.01451824144872082,-0.0006211651223833946,-0.30821737250309766,0.4448667114169891,-0.15955418485985814,-0.0002069331686667909,0.0151825163689296,-0.0006063980886976552,-0.28120278943963334,0.4001729292166524,-0.14188590450175204,-0.0008719106403241885,-0.1364978825242189,-0.9701596834075141,0.3015134354206939,-0.6626044385229489,-2.1068819204446254,0.26796282810336636,0.12676025887912803,-0.44091105360990746,-0.832400567100269,-0.8501399351530748,0.25227851820658115,-2.453713325864047,-0.4011864876177953,-0.28410007727751146,-0.24356081162440277,0.5459565829426863,0.7018953287967324,1.0869927685647354,0.697877598311934,1.2393170946175338,0.5489741437729831,0.9031946583113355,0.9230982796546774,0.7693915568411906,0.8584117000933722,0.2740651254498526,0.87266,0.7294704139675214,1.067951549311389,0.8692173563783807,1.1484185494845396,0.5751929074021087,1.25,0.5457210333068372,1.0915784815480103,74,74,77,82,69,65,40,100,74,73,61,59
6.132171036596664e-05,-0.0034631852557000737,0.9551435972931388,0.0021279446995563452,0.013123523744565262,-0.7066736353247137,0.7074147426459507,0.016371639933972327,-0.0015868157146723154,-0.3093364365413146,0.4491421887900525,-0.16046233253952213,-0.0006213851210093843,0.01702990352431901,-0.0015735906392488888,-0.2823213273426718,0.4047880507823677,-0.14331098926446653,-0.0012813770201435962,-0.08572794544557559,-0.9074443383519598,0.32860894915258276,-0.6698476733546176,-2.0968364939789623,0.3197295309404389,0.13323419991253696,-0.3678151409820346,-0.8185052155783689,-0.857976201086982,0.2400164176761791,-2.4479628545171126,-0.40114138232980556,-0.32250400602412777,-0.19831573502953817,0.5132728492381398,0.69657128045334,0.681715133853473,0.7266072536895025,0.9013880680025962,0.6142913369729728,0.7844064847697577,0.9255692295431883,0.710413687463771,0.786028218530772,0.34544396058841975,0.87266,0.5822055356168668,1.0737905395972895,0.9133724760311703,1.1912579701340058,0.735107146773055,1.25,0.6647512491090816,1.0959226322361628,68,73,56,63,63,60,50,100,64,77,69,66
-2.091312366361229e-06,-0.0036052627602965017,0.9551037854777757,0.001959066208984801,0.013040420979804356,-0.706808285022284,0.7072822334147223,0.016588519238546037,-0.0010277387944780643,-0.3091803657828582,0.45018519789065076,-0.16134776988612073,-0.0007604739719081353,0.01724600990496109,-0.001014684773945037,-0.28228531308089116,0.40583170430887244,-0.1440423062497432,-0.001419281826485917,-0.08458997367387887,-0.9061412993270842,0.3305379500602695,-0.6681270344387292,-2.102538953187954,0.32699310301369605,0.13404095619465906,-0.357838689732322,-0.8166407065233728,-0.8602953437142401,0.23818784144173497,-2.4509210335951828,-0.4004988412788762,-0.32840978239590574,-0.19127516984417015,0.5132728492381398,0.69657128045334,0.681715133853473,0.7266072536895025,0.9013880680025962,0.6142913369729728,0.7844064847697577,0.9255692295431883,0.710413687463771,0.786028218530772,0.34544396058841975,0.87266,0.5822055356168668,1.0737905395972895,0.9133724760311703,1.1912579701340058,0.735107146773055,1.25,0.6647512491090816,1.0959226322361628,68,73,56,63,63,60,50,100,64,77,69,66
-0.00045247540184415976,-0.003025298540772465,0.9544049255324398,-0.00016856069655362264,0.012837189647109302,-0.7067698998745304,0.7073270013088739,0.020074559556386283,-0.00120612581664688,-0.31048583610107977,0.4580411837710186,-0.164379520381303,-0.001498037313305634,0.02071817711959522,-0.0011955849866087448,-0.2827082510835525,0.4123000539467777,-0.14672040502038858,-0.0021436413157078487,-0.02287836474544507,-0.8297575557386524,0.36325062439107375,-0.6762114804856986,-2.103405661853674,0.3882495805010928,0.1158376410750081,-0.26667810265930625,-0.804852575635355,-0.8728499927971034,0.22827049709352987,-2.4341253015254303,-0.3861001982254387,-0.37298443526486225,-0.11976345790641281,0.4739302655582143,0.6859041509510623,0.48212881009311753,0.7631253186810478,0.7438415248416129,0.6831391828967603,0.6438437231066387,0.918069322854566,0.5759104122576036,0.7167585963399474,0.4199303544601629,0.87266,0.4763943388494724,1.0114267925575249,1.0345385734121277,1.2145704725792341,0.9544001925571888,1.25,0.801680462162351,1.0866598731898562,62,71,47,56,55,51,61,100,55,84,81,73
-0.0005033815786503269,-0.003139175558669218,0.954357892187499,-0.00025954703446728054,0.012789078581738429,-0.7068688610978413,0.7072289483007672,0.020208921123763348,-0.0007450847062507855,-0.3107538304934527,0.45935401977396906,-0.1653804614982994,-0.0016240238197317443,0.020851872386353193,-0.0007346178862646167,-0.28288085909229094,0.4133048227228995,-0.14745543848810727,-0.002268337054021071,-0.02198517684130648,-0.8282258956759995,0.36499637678720065,-0.6735064842591225,-2.109721330084799,0.3941857117882034,0.11383922191687774,-0.25725605540946705,-0.8040145332973413,-0.8743233156742297,0.22739170818766732,-2.4369538926214043,-0.38335714471136423,-0.37779013249372984,-0.11154986384620233,0.4739302655582143,0.6859041509510623,0.48212881009311753,0.7631253186810478,0.7438415248416129,0.6831391828967603,0.6438437231066387,0.918069322854566,0.5759104122576036,0.7167585963399474,0.4199303544601629,0.87266,0.4763943388494724,1.0114267925575249,1.0345385734121277,1.2145704725792341,0.9544001925571888,1.25,0.801680462162351,1.0866598731898562,62,71,47,56,55,51,61,100,55,84,81,73
-0.0009432907361952049,-0.0023534379834923526,0.9535948291050184,-0.003041681289660077,0.012724421898447922,-0.7067318661912377,0.7073605209312538,0.02489403157920756,-0.001322432888506371,-0.31294938846913595,0.46963455193841264,-0.16913592054180554,-0.0024121776022463424,0.02551379921799231,-0.0013149937260894303,-0.28281299317261965,0.4200354760059035,-0.15012533190327718,-0.0030347002562394233,0.04791265579632405,-0.7427074739590289,0.3957791132832846,-0.684622595977716,-2.1106708475355562,0.45141677910883815,0.06310495161915526,-0.16963917093515946,-0.7962871144844021,-0.8898286756472024,0.21949069467169818,-2.401347238875164,-0.3514778207877921,-0.4087168169811507,-0.0244416541124688,0.41406894542002026,0.6733217756674623,0.49234361133980215,0.7994433951202535,0.7339093447607038,0.7410565640407294,0.6039462119910417,0.9085689721371852,0.5337314591036771,0.6763276427917708,0.482613645106029,0.8529479381433577,0.402642362073676,0.8630147441961195,1.289427644197271,1.2080932764724028,1.1379858089741586,1.25,0.9622357260609697,1.0614350047565715,51,69,48,57,52,48,70,97,47,99,91,80
-0.0009958259355397011,-0.0024668900410604764,0.9535385443732068,-0.003151299911263286,0.012670447477417962,-0.7068447541602495,0.7072482043708062,0.025051497172868843,-0.0008277999296201783,-0.31339215725110087,0.4713308631390389,-0.1703291094750483,-0.0025452219889619977,0.025670274453196057,-0.0008204156969251186,-0.28294747755967103,0.4210501203290925,-0.15088514144996049,-0.0031658483730500012,0.04904128409530678,-0.7405718342454242,0.3968802297822855,-0.6811268725873197,-2.116353862664806,0.45677778154027804,0.057512368512403406,-0.1607111043219583,-0.7961767657048888,-0.890542341121749,0.21897272654823313,-2.403071617275924,-0.3464035942539985,-0.41159634145135776,-0.014515557177961918,0.41406894542002026,0.6733217756674623,0.49234361133980215,0.7994433951202535,0.7339093447607038,0.7410565640407294,0.6039462119910417,0.9085689721371852,0.5337314591036771,0.6763276427917708,0.482613645106029,0.8529479381433577,0.402642362073676,0.8630147441961195,1.289427644197271,1.2080932764724028,1.1379858089741586,1.25,0.9622357260609697,1.0614350047565715,51,69,48,57,52,48,70,97,47,99,91,80
-0.0014376194649454103,-0.0016209593477138173,0.9527626566013763,-0.0065961889329578865,0.012619152402971333,-0.706668757769052,0.7074012398047786,0.030783824037787587,-0.0015362810618234275,-0.31582464762549056,0.48380809376754846,-0.1751057751584455,-0.0034399646788221697,0.03136703569978287,-0.0015323470507807254,-0.28168562507717027,0.4276312888028066,-0.1536699392312447,-0.0040264834223363456,0.1266561029279009,-0.6507660342770457,0.41976392522385525,-0.6938631110047697,-2.1123285977563637,0.5159202508105769,-0.017896612570299387,-0.07434790235643056,-0.7901199636634627,-0.9105565345740819,0.21178938111089946,-2.3453740735728994,-0.29743520266557283,-0.41837556851745233,0.0837523021940068,0.3416152318083199,0.6585837180447853,0.5700424756860586,0.8256042749047368,0.7687298676151746,0.7766266185424691,0.6246161288691181,0.8977261403391091,0.558138719322219,0.6717299044899496,0.5264277448762714,0.8028301978071023,0.3220690975290176,0.6523966043862818,1.309,1.176637442983158,1.2569976464593795,1.25,1.1340834796595018,1.0242891797396685,38,67,53,60,53,49,77,89,36,99,97,89
-0.0014841341885508837,-0.0017339737924691174,0.9526991106201445,-0.006723392629736483,0.012542095266240078,-0.7067987287293911,0.7072715524495506,0.030925185658243395,-0.0009977394439121758,-0.316359597811812,0.48580846660892885,-0.17648159469669764,-0.0035633742518422157,0.031507295148588896,-0.0009938627010471685,-0.28170858124242215,0.42858649722306047,-0.15444119401772685,-0.004147597219782394,0.12815118235261988,-0.6486025928625385,0.41990528794020676,-0.6900325982531366,-2.1166863325049934,0.5214490905367191,-0.02632280004021302,-0.06548327280399142,-0.7905390487358608,-0.9105379880779763,0.21122141751137147,-2.3457029293177776,-0.2903523351213228,-0.4182549031976652,0.09475993153625469,0.3416152318083199,0.6585837180447853,0.5700424756860586,0.8256042749047368,0.7687298676151746,0.7766266185424691,0.6246161288691181,0.8977261403391091,0.558138719322219,0.6717299044899496,0.5264277448762714,0.8028301978071023,0.3220690975290176,0.6523966043862818,1.309,1.176637442983158,1.2569976464593795,1.25,1.1340834796595018,1.0242891797396685,38,67,53,60,53,49,77,89,36,99,97,89
-0.001923093220702108,-0.0010855470029739575,0.9518971953858134,-0.010682654747376051,0.01233000149529973,-0.7067336541860958,0.7072915904995931,0.03721188831166273,-0.001237558951961721,-0.3191827504052722,0.5016952194509818,-0.1835751522893219,-0.0045804865138590264,0.03774585726829897,-0.0012371302266551889,-0.2790184654967895,0.4353521382075547,-0.15802937862672894,-0.005116407377375648,0.21309277710026686,-0.5597123090835471,0.43097098331385114,-0.6992891446293061,-2.1071852170787766,0.5903522973295965,-0.11647800854272825,0.03080154734298062,-0.7843204684807298,-0.93748473136006,0.199095146596139,-2.2599248791712316,-0.21800908891357904,-0.39283310325639453,0.2059762813234649,0.28685714968320214,0.6384149811880655,0.6344256646634896,0.8354926472214208,0.8066933968399291,0.7885911559975094,0.653417936157964,0.8789053998035209,0.5938064075423153,0.6848983613363693,0.5514416291829289,0.7436797677265381,0.2352847995884571,0.4348915524277074,1.309,1.1332612899554724,1.309,1.25,1.309,0.9854605518912243,29,64,57,62,54,51,80,80,25,98,100,97
-0.0019502090311522755,-0.0011577275461114157,0.9518360478447218,-0.010756624290130546,0.012268614614339002,-0.7068320107631719,0.7071932442337235,0.03726708344334222,-0.0008258120434264872,-0.3199148747426002,0.5036650671769933,-0.18482129757092872,-0.004645322840331559,0.037800547549409085,-0.0008254470397965896,-0.27912039670508226,0.4361269630621748,-0.1586332200318901,-0.005179945193660972,0.2142849126305552,-0.5585132542040276,0.4303449384264718,-0.6959422359060854,-2.109614343292344,0.5955118903518489,-0.12413176730154549,0.038857705727326046,-0.784911686505154,-0.9364549685664155,0.1984448401758576,-2.2599088448478852,-0.2107033577191069,-0.38975540761616045,0.21521945901867703,0.28685714968320214,0.6384149811880655,0.6344256646634896,0.8354926472214208,0.8066933968399291,0.7885911559975094,0.653417936157964,0.8789053998035209,0.5938064075423153,0.6848983613363693,0.5514416291829289,0.7436797677265381,0.2352847995884571,0.4348915524277074,1.309,1.1332612899554724,1.309,1.25,1.309,0.9854605518912243,29,64,57,62,54,51,80,80,25,98,100,97
-0.0022761956423524954,-0.0006581457901092644,0.9511369676952222,-0.01462653425532434,0.011985826445526631,-0.7066721782253576,0.7072883690421652,0.043174294019585696,-0.0014593254001158541,-0.3222740855936672,0.518950841699339,-0.191722332765187,-0.005495066628381057,0.043654111377175286,-0.001461752569096453,-0.27555870005497507,0.4417237247056625,-0.16185495438999722,-0.005976126164651441,0.30034308743173366,-0.48010133460121573,0.4307860137708382,-0.7066282809829924,-2.089988367525732,0.6614493501147023,-0.19567544947026647,0.1311827518065458,-0.7750571826582541,-0.9697260528313848,0.18321418998178626,-2.150369946159999,-0.1342138352147682,-0.3357198337416888,0.3117825075030658,0.2773287340714493,0.6125935330365102,0.6565903164195588,0.8294601871879365,0.8210779991091384,0.7860800373562637,0.6748470538073653,0.84843752739066,0.6399164530369712,0.6866823496312953,0.560577677325541,0.6803740752161183,0.20009451127865882,0.268054979450855,1.309,1.091634724783156,1.309,1.25,1.309,0.9552830673593102,27,60,58,63,54,53,82,70,18,97,100,96
-0.0022904196375041555,-0.0007212779689152318,0.9510796228410455,-0.014708369063649083,0.011907923692886633,-0.706775740087572,0.707184501001315,0.04319860625715769,-0.0010423609377890532,-0.3228819083376002,0.5207746787731419,-0.19291364162872235,-0.00552872130478263,0.04367822999059178,-0.0010448896960822567,-0.2755415908475746,0.4423539530462041,-0.162397000381873,-0.006009007410881028,0.3018060990515449,-0.4796199461601108,0.4294276060215512,-0.7043523829501483,-2.0912654872765333,0.66658110080207,-0.20206816347795392,0.13929047410069545,-0.7756230646649986,-0.9686758556858647,0.18188693725443048,-2.1489059297812596,-0.1275338689073122,-0.3304302050070154,0.3187438880907923,0.2773287340714493,0.6125935330365102,0.6565903164195588,0.8294601871879365,0.8210779991091384,0.7860800373562637,0.6748470538073653,0.84843752739066,0.6399164530369712,0.6866823496312953,0.560577677325541,0.6803740752161183,0.20009451127865882,0.268054979450855,1.309,1.091634724783156,1.309,1.25,1.309,0.9552830673593102,27,60,58,63,54,53,82,70,18,97,100,96
-0.002480044466363877,-0.0004809181467904638,0.9505101321356935,-0.018195282226164993,0.011494267561412714,-0.7066067936738935,0.70727904864476,0.04815442518588025,-0.00170846950445541,-0.32423541711240805,0.5342436197049811,-0.1994020925420096,-0.006165713369753352,0.048582590309801825,-0.0017129601509527658,-0.271361474940693,0.44676866209577326,-0.16540791067987598,-0.006594203287487913,0.386090353610619,-0.4146046961791118,0.42187952642301085,-0.7145879595062292,-2.0677680439342625,0.7252289765133089,-0.2516949817043583,0.22745318443137807,-0.7603763409978731,-1.004985502462176,0.1641656535754559,-2.017510646480237,-0.05644138848736963,-0.25763485503551825,0.3955707883997673,0.31158668494812475,0.5896480820596224,0.6717962357281717,0.8122701688590104,0.7821579421878283,0.780664202147509,0.6844605367668603,0.813060209598218,0.7114802232630798,0.6621483697824124,0.5591251270555687,0.6178855545881285,0.1365826255704084,0.2068330878942688,1.309,1.0660177681334104,1.309,1.233849056610852,1.309,0.9388889191692933,33,56,58,61,54,57,82,60,12,96,100,95
-0.0024811992861860227,-0.0005363460337278333,0.9504593727280198,-0.018286064335231913,0.011403808714289636,-0.7067136974594151,0.7071713532243639,0.04815558954329795,-0.0012894606996477881,-0.3246472109909652,0.5357942888765963,-0.20048082944884302,-0.006169327176194662,0.04858388461153182,-0.0012940937292021037,-0.2712328430978377,0.44726086974662965,-0.16588998411538844,-0.006597696782209434,0.387790935530695,-0.4146364317048469,0.4200493747548329,-0.7133299177561003,-2.0684460519850765,0.7300310324299282,-0.2564520780365094,0.23562646657693234,-0.7608525038050081,-1.00430618164718,0.16204769023431081,-2.0144605967493585,-0.05110278372804171,-0.250965233378302,0.39948375607765435,0.31158668494812475,0.5896480820596224,0.6717962357281717,0.8122701688590104,0.7821579421878283,0.780664202147509,0.6844605367668603,0.813060209598218,0.7114802232630798,0.6621483697824124,0.5591251270555687,0.6178855545881285,0.1365826255704084,0.2068330878942688,1.309,1.0660177681334104,1.309,1.233849056610852,1.309,0.9388889191692933,33,56,58,61,54,57,82,60,12,96,100,95
-0.002525335926032553,-0.0004796943378768668,0.9500237327852896,-0.021288185632727896,0.01089599885572419,-0.7065603538172207,0.7072485820240906,0.052047521949231304,-0.0018949359669600692,-0.3249867565756791,0.5468600206836254,-0.20619426160938198,-0.0065675183374406965,0.052431101491313546,-0.0019008355810877452,-0.2668380884966276,0.45056758805630304,-0.16858952219305817,-0.006950453969158568,0.46706606026273495,-0.36329025117052777,0.40780103532938977,-0.721098834785454,-2.046619309376089,0.7796633129721645,-0.2895926902560965,0.3171918457851027,-0.7437546445519585,-1.0388409226961122,0.14052229691794407,-1.8853193642858443,0.013347582643352195,-0.1726958962497433,0.4488292139399283,0.36106285970463947,0.5837738972093551,0.6596702291373832,0.7901120271810509,0.7185241277780335,0.7778051172132932,0.6756064989247855,0.7871558321272543,0.7743018137988739,0.6252576159090423,0.5549701613316859,0.5671926060902934,0.09154485800830026,0.17352885473405313,1.309,1.0656125026810974,1.309,1.2264193645180372,1.309,0.9360841052481683,42,55,57,57,53,59,81,52,8,96,99,95
-0.0025137239968213423,-0.0005268636256474161,0.9499817102134186,-0.021375445679470136,0.010799092192327516,-0.7066634193324345,0.7071444560393709,0.052016602421766096,-0.0014928482906706251,-0.32521363445877033,0.5480839838940076,-0.20710674841799023,-0.006544817292882213,0.05240076232880748,-0.001498911396921647,-0.2666405358660037,0.4509307332145311,-0.16899216739064185,-0.006928378026778391,0.4688595528848899,-0.36354081163325075,0.4058276385997918,-0.7204673423112793,-2.04703752342395,0.783989091710574,-0.2930254642943615,0.3251252521233304,-0.7437596345452844,-1.0387472183570556,0.13759280089269502,-1.8813937998885735,0.017596329644723418,-0.1657180207636339,0.44972535009764064,0.36106285970463947,0.5837738972093551,0.6596702291373832,0.7901120271810509,0.7185241277780335,0.7778051172132932,0.6756064989247855,0.7871558321272543,0.7743018137988739,0.6252576159090423,0.5549701613316859,0.5671926060902934,0.09154485800830026,0.17352885473405313,1.309,1.0656125026810974,1.309,1.2264193645180372,1.309,0.9360841052481683,42,55,57,57,53,59,81,52,8,96,99,95
-0.0023222770259171523,-0.0006737994432485974,0.9495805640232989,-0.02380993687880645,0.010148652524300514,-0.7065950848559859,0.7071445947012042,0.05452342646832584,-0.0017344415711011171,-0.32506926936603986,0.5576708064842668,-0.21256021924213833,-0.006551969112821858,0.05487678182718946,-0.0017414610675689675,-0.2625075141309017,0.4538718789382411,-0.17171326085022762,-0.006904550504135552,0.5434705592887776,-0.32438454990909166,0.3891843479685684,-0.7233490964069053,-2.031011395278289,0.8301039250670161,-0.32044987100089856,0.40417673833937495,-0.7181566058720992,-1.0755652914929794,0.10498722023704718,-1.714244188613953,0.07432852866944398,-0.07745916745088668,0.4879990340137531,0.3987897571894088,0.6028751208823853,0.5947517127717804,0.7701848526194534,0.665645608177681,0.7773570824676601,0.6415116665200015,0.7835402953152854,0.7738490928441991,0.6047613243849543,0.5543660330644006,0.5417524949270063,0.0327067371440879,0.1537341681159744,1.309,1.0864711332845456,1.309,1.2403238354366692,1.309,0.9419905088764273,48,58,53,54,51,58,81,49,4,97,100,95
-0.002308360857662837,-0.0007021015215535203,0.9495471324321054,-0.023885548842731502,0.010088976707733933,-0.7066693711560408,0.707068662136428,0.0545303871103795,-0.001443381106484962,-0.32523121476967454,0.5585444388909013,-0.2132121157686957,-0.006521837777704273,0.054883832024308084,-0.0014505361508927702,-0.2623799221116548,0.45415159514600634,-0.1720081966500753,-0.0068748775397731434,0.5450012012566919,-0.3247670678758565,0.38761416533699977,-0.7230874815493171,-2.031322449618849,0.8336218372496117,-0.32271728370090397,0.41071499148103463,-0.7178515640472766,-1.0762172513578367,0.10159303563523044,-1.709994742962648,0.07666455738397915,-0.071159176113937,0.4859755309144896,0.3987897571894088,0.6028751208823853,0.5947517127717804,0.7701848526194534,0.665645608177681,0.7773570824676601,0.6415116665200015,0.7835402953152854,0.7738490928441991,0.6047613243849543,0.5543660330644006,0.5417524949270063,0.0327067371440879,0.1537341681159744,1.309,1.0864711332845456,1.309,1.2403238354366692,1.309,0.9419905088764273,48,58,53,54,51,58,81,49,4,97,100,95
-0.001952507608090095,-0.000801577579587162,0.9492147895817178,-0.025869042738383977,0.009518160910295921,-0.7065697914451746,0.7071063053444,0.05626934233684758,-0.0018127827808925231,-0.3247797820384895,0.5658174895810025,-0.21732426417708184,-0.006294234420244337,0.056599976850236426,-0.0018205619129649407,-0.2589756004125319,0.45655984841343866,-0.17417672577443363,-0.0066238230527815274,0.6106626667586701,-0.2955146341079141,0.37137613952241316,-0.720911428422295,-2.02136483942176,0.8712013875174598,-0.3443576009913247,0.4725606728725012,-0.6913690915769259,-1.1086344692038206,0.065341935461715,-1.557882642635437,0.12221690092998004,0.008062584236824741,0.5054962092175577,0.4205512378882674,0.6408811837810111,0.562120722917229,0.7597693734153744,0.6652104801418663,0.779630722884233,0.622006477664951,0.8047287669674218,0.7153382735746132,0.6159711029316159,0.5582150949302863,0.5469243680129172,0.0,0.13916607938250294,1.309,1.1148908443668986,1.309,1.25,1.309,0.947466662664131,52,64,51,54,50,56,81,49,1,98,100,96
-0.0019305698226942363,-0.0008276615295566049,0.9491865358556669,-0.025936630252874432,0.009461783072440014,-0.7066352749302048,0.707039146084946,0.056259312039156684,-0.0015571519764608385,-0.32484142633781377,0.566469426356854,-0.21784660005478831,-0.006252274506968211,0.05659024408585685,-0.0015650604787784711,-0.2588474622601968,0.4567964818203946,-0.17443071422442968,-0.006582571277720074,0.6122314124559891,-0.29579435173321494,0.3700891007102272,-0.7209067966034135,-2.0216290043385863,0.874223384108854,-0.3462889107029411,0.47801828620766446,-0.6904429806127047,-1.1101659061664535,0.06131499029148736,-1.5534106132306504,0.12398441381282675,0.01384225981418205,0.5020706977631395,0.4205512378882674,0.6408811837810111,0.562120722917229,0.7597693734153744,0.6652104801418663,0.779630722884233,0.622006477664951,0.8047287669674218,0.7153382735746132,0.6159711029316159,0.5582150949302863,0.5469243680129172,0.0,0.13916607938250294,1.309,1.1148908443668986,1.309,1.25,1.309,0.947466662664131,52,64,51,54,50,56,81,49,1,98,100,96
-0.001490775524771401,-0.0008225057715037854,0.948939471481264,-0.02758799696819916,0.009065619957363082,-0.7064905645023034,0.7071264379354573,0.05765531740424031,-0.002096484773185969,-0.324236432697619,0.5716030254693093,-0.22061157327894182,-0.005908573702172279,0.0579669174938538,-0.0021047223881062605,-0.2561090055730011,0.45850544157508527,-0.1759331897138035,-0.006218701782168812,0.6666303503147653,-0.27472148624891407,0.3561714202083003,-0.713862478429913,-2.0165094127544716,0.9008222009782543,-0.36309385086193485,0.5189126126892551,-0.6675089243525274,-1.1342000468982112,0.02485092845216719,-1.4408779355447456,0.16038219752158583,0.07070843135432207,0.5121934476074055,0.43733106020974366,0.6834488741192343,0.5712660387581692,0.7627178279339385,0.6949263512665667,0.7870621690329459,0.6307660408346153,0.8414666038183783,0.6861633148916909,0.6509193664340401,0.5635506886266806,0.5738350237907647,0.0,0.1271772556709212,1.309,1.1369821399345066,1.309,1.25,1.309,0.9439048819931235,55,71,51,56,52,55,82,54,1,98,100,95
-0.0014574564806515728,-0.0008561351944108061,0.9489133778931542,-0.027652221296538684,0.008987056885422747,-0.7065640651585171,0.7070514898453835,0.057591584793331436,-0.0018160548732576412,-0.3241847486954548,0.5721518062399625,-0.22110554601997626,-0.0058514496094505914,0.05790422131543819,-0.0018244410478017187,-0.2559182839880736,0.4587114466853323,-0.17618102969602512,-0.006162857893798465,0.6684997954191374,-0.2747567414236684,0.354969619638095,-0.7140509225852216,-2.0167535546239272,0.9035527333434723,-0.36520043009743575,0.5237473070079868,-0.6658439766512761,-1.1365435977271494,0.0200055616950683,-1.4359636601356318,0.16251089863671195,0.07617852085520842,0.5086510991382979,0.43733106020974366,0.6834488741192343,0.5712660387581692,0.7627178279339385,0.6949263512665667,0.7870621690329459,0.6307660408346153,0.8414666038183783,0.6861633148916909,0.6509193664340401,0.5635506886266806,0.5738350237907647,0.0,0.1271772556709212,1.309,1.1369821399345066,1.309,1.25,1.309,0.9439048819931235,55,71,51,56,52,55,82,54,1,98,100,95
-0.0009042956197500299,-0.0008271330183809841,0.9486574223746304,-0.029045746661156342,0.008711997472333149,-0.7064872781897679,0.7070757890473637,0.05863965199426288,-0.002063496805971754,-0.3238074967954344,0.5765529540420407,-0.2235338238885708,-0.005340811964775215,0.058937266303940854,-0.002072147720328047,-0.25372083188779004,0.46011699800284606,-0.177438807142851,-0.005636625969069158,0.7139454642966968,-0.2606113619407599,0.34244666952353925,-0.7045371699080318,-2.0151881463586965,0.9233196463336503,-0.38161535918432704,0.5543294060419945,-0.6396451455081612,-1.1639443461843264,-0.019436711732587566,-1.3435837745531487,0.19715323360116546,0.12333071331406749,0.5132624133452364,0.45721484588613664,0.7187433324054379,0.6000767995860777,0.7773302043971793,0.7291790661554861,0.8010867796906389,0.6458060840511186,0.8804998540683265,0.7045297287696927,0.692501835862805,0.5672428279395194,0.6055463123959776,0.0,0.1172933513971222,1.309,1.144841968421475,1.309,1.25,1.309,0.9302428198543011,59,76,53,58,54,57,83,58,1,98,100,95
-0.0008649249794479562,-0.0008544891063184039,0.9486324686416783,-0.029078638089454968,0.008643415575033198,-0.7065488968879149,0.707013706006136,0.05853602987851585,-0.0018275435361080903,-0.3238103827590318,0.577027247432794,-0.2239360510710472,-0.005275231993394533,0.05883518830174891,-0.0018363260238023502,-0.25360507979966407,0.4603020754891757,-0.1776323893638151,-0.005572734430105988,0.7157765703942852,-0.26056919974157217,0.34143117391988914,-0.7048494475602005,-2.0153685549382594,0.9254854509579971,-0.3836520289248351,0.5581570533325407,-0.6369711409124763,-1.1669110086457293,-0.024953584643006968,-1.3393883304850474,0.1990798138252231,0.12801773647006365,0.5096766893613865,0.45721484588613664,0.7187433324054379,0.6000767995860777,0.7773302043971793,0.7291790661554861,0.8010867796906389,0.6458060840511186,0.8804998540683265,0.7045297287696927,0.692501835862805,0.5672428279395194,0.6055463123959776,0.0,0.1172933513971222,1.309,1.144841968421475,1.309,1.25,1.309,0.9302428198543011,59,76,53,58,54,57,83,58,1,98,100,95
-0.0008312091675588165,-0.0008735712737214195,0.9486094363155133,-0.02909787039186645,0.008596612160295348,-0.7065946016087454,0.7069678077362522,0.05845247228352891,-0.001644655754955756,-0.3238776625011876,0.5774568340493123,-0.22427069933392518,-0.00521827163526898,0.0587528570564381,-0.001653540837270893,-0.25355999860775025,0.46047662286546653,-0.17779080166385502,-0.005517242714828231,0.7172806609177838,-0.26063464900427463,0.3405615285411088,-0.7050939727814527,-2.01549737892489,0.9274604914419298,-0.3853847434199758,0.5615932572997918,-0.6342806025566078,-1.169627509978085,-0.030098164285267542,-1.3361259303228494,0.20045068574862396,0.13216738442197562,0.5060235018342222,0.45721484588613664,0.7187433324054379,0.6000767995860777,0.7773302043971793,0.7291790661554861,0.8010867796906389,0.6458060840511186,0.8804998540683265,0.7045297287696927,0.692501835862805,0.5672428279395194,0.6055463123959776,0.0,0.1172933513971222,1.309,1.144841968421475,1.309,1.25,1.309,0.9302428198543011,59,76,53,58,54,57,83,58,1,98,100,95
-0.0003707047089865891,-0.0007321365366296394,0.9484261706644992,-0.030174458913528882,0.00863193860937512,-0.7063872492007759,0.7071294406483736,0.0596056793865429,-0.002367036523595896,-0.3239461878863417,0.5802196697543687,-0.2254060594488457,-0.00481400701871437,0.05988928009905541,-0.00237581516038787,-0.2523469081054577,0.46134722140075435,-0.17839681023966178,-0.005097149581136276,0.7483909577667648,-0.25307146543614883,0.33309094421693386,-0.6963224913588368,-2.0152404522764926,0.9366757169678497,-0.3958810894740117,0.5761645100443704,-0.61411532264637,-1.1880182417596088,-0.05430569141941494,-1.293132476946071,0.22205725634446183,0.15519703794992237,0.5063438480809785,0.4791741247491238,0.7422281861143006,0.5912083453243815,0.7970163053558452,0.7407042606045681,0.8197788283738314,0.6418352680166137,0.9132579300723619,0.6863025398061225,0.7291847559288477,0.5687012425157785,0.6327962252738276,0.0,0.10889119675168134,1.309,1.138066862064621,1.309,1.244317646184069,1.309,0.9127368096643014,63,80,53,59,54,57,83,63,1,98,100,95
-0.000316816217215247,-0.0007641839774250089,0.9483999308526763,-0.03017607502556615,0.008526299618806346,-0.7064742993201372,0.7070436840188759,0.05938056134175221,-0.0020838167119463127,-0.3239336554696221,0.5807121928544655,-0.22579475956767714,-0.004743980162375024,0.059667267495932645,-0.0020927258998695722,-0.2522275704781982,0.46153984794569064,-0.1785624799919409,-0.005028912126477725,0.7505791328883367,-0.25263797753148837,0.3319806613737748,-0.6965095904936125,-2.0154053947490267,0.9384667810896108,-0.39822863314997126,0.5793945638241494,-0.6105130882308007,-1.1915808153164877,-0.060369479596746004,-1.2888126929716783,0.2245870471342076,0.15922521179548377,0.5037062948951258,0.4791741247491238,0.7422281861143006,0.5912083453243815,0.7970163053558452,0.7407042606045681,0.8197788283738314,0.6418352680166137,0.9132579300723619,0.6863025398061225,0.7291847559288477,0.5687012425157785,0.6327962252738276,0.0,0.10889119675168134,1.309,1.138066862064621,1.309,1.244317646184069,1.309,0.9127368096643014,63,80,53,59,54,57,83,63,1,98,100,95
7.610907847773043e-05,-0.0006238537719606061,0.948241817169764,-0.03101852531705451,0.00854701423871966,-0.7063297035903194,0.7071514331886567,0.060225258951766135,-0.0024824336243043513,-0.32394424036454583,0.5828042317194994,-0.22671676798544874,-0.004359415366865301,0.06049991210200551,-0.0024913330019169385,-0.2513112283508988,0.4622426477265179,-0.1790428332042432,-0.004634769181386574,0.7720478464202727,-0.24915978490359195,0.32720827047184536,-0.690875588189151,-2.01603687286646,0.9439519045996883,-0.4080285556869405,0.5894332293419824,-0.5935176862494935,-1.206147060950562,-0.07667326061185753,-1.2685838083806862,0.23989770449335265,0.1732608911325927,0.4998112075172956,0.4977884975539563,0.7555423081400916,0.5858375657902671,0.8124761526173307,0.7293647517346058,0.8383997025301276,0.626995571144947,0.9370801210190502,0.664871502294544,0.756569958003666,0.5700888665375765,0.6625860721788738,0.0,0.10086393882956886,1.309,1.1207182107599811,1.309,1.2241953525387448,1.309,0.8957599222169824,66,82,53,59,54,57,83,67,0,98,99,94
0.00013245551507540222,-0.000653776088493,0.9482144775438937,-0.03098138263224027,0.008434182793256398,-0.7064394603372741,0.7070447704135763,0.0599319007794837,-0.0021874977742464665,-0.3239920935309519,0.5833089412543163,-0.22708555585780002,-0.004289173890390196,0.06021041315659556,-0.00219652043063344,-0.25125363620944297,0.46242604667804166,-0.1791823679901933,-0.004566128422516049,0.7743434836272756,-0.24863184408810063,0.32609380399915905,-0.6908713968806488,-2.0161568361973874,0.9455766365605903,-0.4108266895133763,0.5924551618478006,-0.5891317024564106,-1.2099764321509388,-0.08286193402043056,-1.2650809855896656,0.24267450830507736,0.1767697849269883,0.4972330706387141,0.4977884975539563,0.7555423081400916,0.5858375657902671,0.8124761526173307,0.7293647517346058,0.8383997025301276,0.626995571144947,0.9370801210190502,0.664871502294544,0.756569958003666,0.5700888665375765,0.6625860721788738,0.0,0.10086393882956886,1.309,1.1207182107599811,1.309,1.2241953525387448,1.309,0.8957599222169824,66,82,53,59,54,57,83,67,0,98,99,94
0.00040922628098936193,-0.0004923986554739255,0.9480962264480226,-0.031499690020610274,0.008384426333484228,-0.7063178254953699,0.7071439742451019,0.060295687640591566,-0.0023564077855643562,-0.32403600017462864,0.5846450728998972,-0.22763582537435226,-0.004003693767798988,0.06056949148684504,-0.0023655359552929075,-0.25076452312125214,0.46299802760088704,-0.17945212014557432,-0.004278323821000774,0.785978203862777,-0.24793570895840586,0.32379640011043426,-0.6882627595056892,-2.016940453622534,0.9489267987752393,-0.41838212317842677,0.5988409521521997,-0.577980867845313,-1.2179097650850699,-0.09344947194106983,-1.2588777552508896,0.24933715567321385,0.1829844996865569,0.4918537108659907,0.5089518328892223,0.7635484213983164,0.589637025398811,0.8159973631098755,0.7088463643421876,0.8519325143111937,0.6141587792162838,0.9515476787876067,0.653623640663604,0.7731467985331353,0.5726350750234335,0.704993043872927,0.0,0.09302292499193669,1.309,1.097385645755001,1.309,1.2088523725239728,1.309,0.8773038944085372,68,83,54,58,54,57,84,74,0,97,99,94
0.0004476630507333365,-0.000518567661904564,0.9480688528921735,-0.03145300460601041,0.008288605124998258,-0.7064452992398494,0.707019834734682,0.060044307722620226,-0.002113165530157091,-0.3241352845082706,0.5851519342103096,-0.22795948443664968,-0.0039357228030100395,0.06032116410565951,-0.002122401170540486,-0.2507722282011801,0.4631965437636465,-0.1795763885466745,-0.0042115204949922415,0.7881843045269125,-0.24756185248699575,0.322857234424317,-0.6880528692731155,-2.0170377426819943,0.9505501455034521,-0.42156234958414357,0.6017237184326178,-0.5731726069320892,-1.2215031798041194,-0.09925574126439202,-1.2566806552302339,0.2514301323824888,0.1855711126416561,0.4890374535949191,0.5089518328892223,0.7635484213983164,0.589637025398811,0.8159973631098755,0.7088463643421876,0.8519325143111937,0.6141587792162838,0.9515476787876067,0.653623640663604,0.7731467985331353,0.5726350750234335,0.704993043872927,0.0,0.09302292499193669,1.309,1.097385645755001,1.309,1.2088523725239728,1.309,0.8773038944085372,68,83,54,58,54,57,84,74,0,97,99,94
0.0006209202342914162,-0.0003731320487800561,0.9479641009786687,-0.03160450696944394,0.008048547579831073,-0.7065089002367716,0.7069522967692391,0.059694322156462525,-0.0018719496474366322,-0.3242571238703772,0.586275501909428,-0.22846337335746633,-0.003723938295595005,0.0599759723240047,-0.0018814812953098128,-0.2506574312527153,0.4638330559751536,-0.17978175302892935,-0.0040035386586431765,0.7933675569711198,-0.2482959587072842,0.3216258842215549,-0.6875133063360956,-2.0179216554666453,0.9541246110830638,-0.42938224018495263,0.6077372707586278,-0.563940615740902,-1.2257657230219365,-0.11036478513504959,-1.2571615227668955,0.25182505680008316,0.186935091413789,0.480947405783742,0.5119330472378464,0.7696536267550238,0.6133208640956939,0.805968125269263,0.7080316271940642,0.8579757342995165,0.6099173149746722,0.9563991617827292,0.6526441095275071,0.7775255154671237,0.5729268766210744,0.755870674385562,0.0,0.08753519094464604,1.309,1.0720281322985645,1.309,1.1950191808519923,1.309,0.8566042196667143,68,84,55,58,54,57,84,82,0,96,99,93
0.0006499619977512813,-0.0003838713492442164,0.9479414970612551,-0.03155765664083098,0.008006428034014206,-0.7065726983343038,0.7068911043336573,0.05952308270760218,-0.001691086324661788,-0.3244541388294086,0.5866882619558605,-0.22870499219067014,-0.0036571515893536856,0.05980714304663922,-0.001700733364553439,-0.2507972335863827,0.464067974327585,-0.17988568796766424,-0.003939007277496895,0.7945417887187004,-0.24827271686934307,0.3211168199193831,-0.6872981994748426,-2.0178840282416113,0.9558120329614919,-0.4324028829682216,0.6103041021750327,-0.559510163120817,-1.2282402909077124,-0.11548545690807346,-1.2567936332768754,0.25177456854436625,0.18776056792580723,0.47765958611763754,0.5119330472378464,0.7696536267550238,0.6133208640956939,0.805968125269263,0.7080316271940642,0.8579757342995165,0.6099173149746722,0.9563991617827292,0.6526441095275071,0.7775255154671237,0.5729268766210744,0.755870674385562,0.0,0.08753519094464604,1.309,1.0720281322985645,1.309,1.1950191808519923,1.309,0.8566042196667143,68,84,55,58,54,57,84,82,0,96,99,93
0.0006864387204594156,-0.0002607475686545983,0.9478654025495645,-0.031493158526944405,0.0076818651773033885,-0.7067295206919515,0.7067407972488359,0.05892289610781205,-0.0013800252538855398,-0.3244201857030196,0.587213339824569,-0.22891601841994363,-0.0035958865627539935,0.059214150231322135,-0.0013899483950111698,-0.2508190229056283,0.4645100741733949,-0.17995775522758986,-0.003882432266655901,0.7934097094482276,-0.24976736627732232,0.3210319738972723,-0.6881424270041095,-2.018682215321234,0.9576664644445828,-0.4364592782041679,0.6131061406666961,-0.5565416822348235,-1.228185355428006,-0.1210475517462226,-1.2621492375377685,0.24804873252950835,0.18436824808018645,0.4708731355027242,0.507717239336239,0.7704388591121423,0.6238730549400814,0.7865674118232369,0.7041589335701064,0.8568721015269567,0.6048962645160723,0.9513058983263281,0.6601125479297161,0.7669987802498764,0.565284708145122,0.8007499224183579,0.0,0.08803370933889319,1.309,1.047435762459556,1.309,1.1803514861781095,1.309,0.8392077812471547,67,84,55,58,53,57,83,89,0,96,98,92
0.0007144630829141763,-0.000256739698333681,0.9478454373393527,-0.03144293513066069,0.007681241335499767,-0.7067362852121271,0.706736275796339,0.0587739552694284,-0.0012167953869939181,-0.3246754165492914,0.5875478969853456,-0.229096378078117,-0.0035265487866466623,0.05906814173248165,-0.0012268659494605934,-0.2510721459446504,0.46481133427235405,-0.1800524596735549,-0.0038169177249762895,0.7930765478868184,-0.2504758098794685,0.32103529797257857,-0.6881019806950557,-2.018793660141551,0.9594380236611577,-0.43957715787411683,0.6155067755390813,-0.5528553376935831,-1.228806879518999,-0.12533652920639873,-1.2652185394716249,0.2450563864717622,0.18186264961688778,0.46569030073898515,0.507717239336239,0.7704388591121423,0.6238730549400814,0.7865674118232369,0.7041589335701064,0.8568721015269567,0.6048962645160723,0.9513058983263281,0.6601125479297161,0.7669987802498764,0.565284708145122,0.8007499224183579,0.0,0.08803370933889319,1.309,1.047435762459556,1.309,1.1803514861781095,1.309,0.8392077812471547,67,84,55,58,53,57,83,89,0,96,98,92
0.000659084682865403,-0.0001777125260035376,0.9477624756420804,-0.03115676722813049,0.007238560758268312,-0.7070709629049671,0.7064187939959446,0.05779804136741707,-0.0006616983901329118,-0.3246360370165395,0.5879707073591919,-0.2292937179308152,-0.0035138325782305413,0.05810370403623706,-0.0006721897470704209,-0.2513041749944944,0.46532920345083373,-0.18011809850555283,-0.003811818002242335,0.7872595096276053,-0.2533153811849958,0.32160460207425207,-0.6892123813455873,-2.020068935350846,0.9608538344464128,-0.44392565775328396,0.6179429179306851,-0.5517448363735181,-1.2260169304316917,-0.13074199713486956,-1.2762433163488047,0.23657565286793933,0.17268783661090692,0.45481260921927225,0.4967539885464217,0.7544935397925684,0.6201964839641704,0.7619561051618444,0.6884419469499247,0.8473591408057303,0.6034350225064251,0.9338500227190918,0.6693912418320935,0.7372969590256546,0.547932801801427,0.8297118985726591,0.0,0.09702459844761677,1.309,1.0234556017622698,1.309,1.1652400764484923,1.309,0.8285883341400415,66,82,54,57,53,56,80,93,0,95,98,92
0.0006813528434732452,-0.00015023996177362305,0.9477495394406709,-0.031084559711011837,0.007336448991083652,-0.7069828058383906,0.7065091923766113,0.0577365284496376,-0.0005137543460514203,-0.32507137932492436,0.5881500558119793,-0.22938901560844857,-0.0034587060668983204,0.058044813861619984,-0.0005243449228045073,-0.2518018569039488,0.46566562090423247,-0.1801946123076614,-0.0037618963356391474,0.7846611816368703,-0.25467441778852284,0.3222942803742525,-0.6886892359489905,-2.020237131911487,0.9622691560461792,-0.44698407268391016,0.6198959490814838,-0.5490039277888857,-1.2243731103289934,-0.1336972550387702,-1.2828554040864506,0.2298875135689404,0.16547049690222143,0.4468912476404447,0.4967539885464217,0.7544935397925684,0.6201964839641704,0.7619561051618444,0.6884419469499247,0.8473591408057303,0.6034350225064251,0.9338500227190918,0.6693912418320935,0.7372969590256546,0.547932801801427,0.8297118985726591,0.0,0.09702459844761677,1.309,1.0234556017622698,1.309,1.1652400764484923,1.309,0.8285883341400415,66,82,54,57,53,56,80,93,0,95,98,92
0.0005573051440075536,-0.00010704387668727778,0.9476593835442367,-0.030609207680312448,0.006777449552630181,-0.7074409236124705,0.7060768245602463,0.05641203436375097,0.00021468873803423744,-0.3250260297951073,0.5884738253388225,-0.22954427737348052,-0.0034930960334505524,0.0567353664970502,0.00020351088943409588,-0.25223091771814293,0.46630207483558905,-0.180258536668526,-0.0038063306477161573,0.7740695977034383,-0.25951509677513446,0.3241880126026343,-0.6879964434930205,-2.0222967519290393,0.9616218031956281,-0.4521144764036969,0.6215491355257653,-0.5505925507998954,-1.2187828864120864,-0.13935467380022507,-1.3003307610982118,0.21567312828513416,0.14942290712292403,0.43054988452333837,0.47978889952484627,0.7074833058296113,0.6022321764925356,0.7318111972004188,0.670401944548631,0.8226452349642593,0.5909550282367471,0.8967553620292112,0.6557362220968029,0.6849250125140472,0.5255054430863475,0.8395314787368758,0.028026025889626903,0.1147875472834489,1.309,0.9968833565997379,1.309,1.148792198297453,1.309,0.8166354467577583,63,74,52,55,51,54,77,95,3,95,97,92
0.0005556197124529612,-4.902980210930391e-05,0.9476521335478095,-0.030519823037755904,0.007020832290664094,-0.7072612809604248,0.7062582592578373,0.05653341589358816,0.0003126315236828864,-0.32570901693752946,0.5884787298751157,-0.2295251055260637,-0.003462988582399343,0.05685795909274594,0.0003015343871335187,-0.25304508483486593,0.4666650242297234,-0.18030805878634198,-0.003782070779430743,0.7688814502817823,-0.26156495016511994,0.3260040345877564,-0.6857514208861211,-2.022665069574022,0.9614738115699945,-0.45558143299721904,0.6226621190305458,-0.5490291094094408,-1.2147104792737533,-0.14090535367751048,-1.3107977198182221,0.20448744871850905,0.1367028886284568,0.4188052927889444,0.47978889952484627,0.7074833058296113,0.6022321764925356,0.7318111972004188,0.670401944548631,0.8226452349642593,0.5909550282367471,0.8967553620292112,0.6557362220968029,0.6849250125140472,0.5255054430863475,0.8395314787368758,0.028026025889626903,0.1147875472834489,1.309,0.9968833565997379,1.309,1.148792198297453,1.309,0.8166354467577583,63,74,52,55,51,54,77,95,3,95,97,92
0.0003811584631069444,-5.301691608205929e-06,0.9475561029030616,-0.02990235742423691,0.00635668371283975,-0.7077811553863489,0.7057699892122178,0.05492768532812279,0.0011133437726313718,-0.3256865393170726,0.588718318584829,-0.22959438398694404,-0.003543275269814985,0.05526969176442434,0.001101486184947254,-0.2536661144542521,0.4674462334996571,-0.1803592933977401,-0.003873811692398665,0.7540966155475929,-0.2695828046985732,0.3308965142566889,-0.6799554438883795,-2.0259603008722387,0.9553858452636158,-0.46234975287671193,0.6229682029809613,-0.5530161090562353,-1.2064165417810644,-0.14586067152837437,-1.3366526332656155,0.18363598491668207,0.11495159714766971,0.3952315474165145,0.4602304606743175,0.6211988789134683,0.6016233881961475,0.693723566339201,0.6670774588427246,0.7732787716045249,0.5831826232920108,0.8311025769206482,0.6528234421081496,0.6120596717249102,0.5058205551315118,0.8256985663175758,0.09954082217692448,0.1407922375531711,1.309,0.9652241573460507,1.309,1.1279566496733622,1.309,0.7881026994264,59,61,51,54,49,52,74,93,8,94,97,91
0.00033524310224459993,8.565539873193635e-05,0.9475524312311528,-0.029778153305157665,0.006783818890670458,-0.7075464745503489,0.7060065351952249,0.05528978590276987,0.0011591713216861383,-0.3266980815835066,0.5885395919800144,-0.22942957852857118,-0.0035526492495196755,0.05563090417502433,0.001147704218047874,-0.2548879386653653,0.4678132143458199,-0.18035630276983985,-0.0038888698271899174,0.7460394696328165,-0.2723391090638252,0.3348021686708659,-0.6741336765514742,-2.0267820098606593,0.9511738849141207,-0.46703064797200466,0.6225820468452966,-0.5524010822520896,-1.1998917045183133,-0.14544298566242123,-1.3521888590769313,0.1671814993617244,0.0976524537255672,0.3783917093660671,0.4602304606743175,0.6211988789134683,0.6016233881961475,0.693723566339201,0.6670774588427246,0.7732787716045249,0.5831826232920108,0.8311025769206482,0.6528234421081496,0.6120596717249102,0.5058205551315118,0.8256985663175758,0.09954082217692448,0.1407922375531711,1.309,0.9652241573460507,1.309,1.1279566496733622,1.309,0.7881026994264,59,61,51,54,49,52,74,93,8,94,97,91
-0.00020193858894894997,0.0005097195771235106,0.9474536367019399,-0.028634174117101625,0.007521785993433865,-0.7073843740537052,0.7062087893482699,0.05529532000927284,0.0011941327777792755,-0.3307209923604219,0.5882494293019119,-0.22804068732755672,-0.003996579259267424,0.055638556978220025,0.0011836013482857764,-0.2602506643170527,0.47000960992311275,-0.17995712802607966,-0.0043441713621605515,0.7027543893124338,-0.28568468552219245,0.36113604226130713,-0.629698468664051,-2.0337259647809716,0.9042880356958646,-0.49104893483386336,0.6093389003971409,-0.5526720824920656,-1.1729806439444357,-0.13392989687720153,-1.4256137201605563,0.08797030485036786,0.0265127192155759,0.2976373121689326,0.44183102516686806,0.5035065888825714,0.6138610260458935,0.6488305825651921,0.6906272911596393,0.6958005866888907,0.6054943713974382,0.7375432947962812,0.6846860158529253,0.5297457815905916,0.4946529786461635,0.7828270490631655,0.1937797878718957,0.17506661197810777,1.309,0.930048730514833,1.309,1.1003059393860841,1.309,0.7358354028567421,56,43,50,53,47,51,72,86,15,93,96,89
-0.00025817494470647154,0.0005612074326333672,0.9474541787066327,-0.028593045086284914,0.00770706687584606,-0.7072323024940226,0.7063607500433963,0.05559921034015692,0.0007517672403113675,-0.3314617830119695,0.5884504120280616,-0.22772408572047928,-0.004118831455896999,0.05593830458029727,0.0007414240223138791,-0.261076172396335,0.4705686031233051,-0.1799437861378314,-0.0044621257524432205,0.6989844198519148,-0.28329467203166897,0.36347086207288487,-0.6244816402648133,-2.0337022061937082,0.8981517859121513,-0.4948337769648155,0.6053727031815206,-0.5517990153406978,-1.1710095311784283,-0.1292111022783092,-1.430135878623149,0.0773996871639597,0.015222729487996424,0.28846062992811955,0.44183102516686806,0.5035065888825714,0.6138610260458935,0.6488305825651921,0.6906272911596393,0.6958005866888907,0.6054943713974382,0.7375432947962812,0.6846860158529253,0.5297457815905916,0.4946529786461635,0.7828270490631655,0.1937797878718957,0.17506661197810777,1.309,0.930048730514833,1.309,1.1003059393860841,1.309,0.7358354028567421,56,43,50,53,47,51,72,86,15,93,96,89
-0.0006583148448726817,0.0009432083270192451,0.9473149711847207,-0.02727075749635001,0.007829240501784407,-0.70739352179592,0.7062502489202441,0.05423383537196587,0.0011048012382549282,-0.33460657596293886,0.5884434514256256,-0.2266770062716696,-0.00446261030591419,0.05459083630739405,0.0010946296350645766,-0.2659360548655474,0.4733073775150328,-0.17991573479610756,-0.004823024975592084,0.6573464101272233,-0.2974939443283048,0.39922364568667157,-0.5609425792167733,-2.043202908806272,0.8095559735638627,-0.5118002389495386,0.5727860879366381,-0.5578399901012819,-1.1514628422793398,-0.11406414300687005,-1.5120004843852715,0.003762483823832652,-0.03373831672752819,0.21128844077097889,0.42226148602229663,0.3807638221418861,0.6267140844431852,0.6040983785218769,0.7508899672126219,0.6003476572326948,0.6904034003231935,0.6341155283820564,0.7477326840490567,0.4534356844567934,0.49228985519884066,0.7156557751454897,0.30469720716538734,0.21718938298341256,1.309,0.8938590055888191,1.309,1.0643653340308534,1.309,0.6713220472236973,53,24,50,54,49,53,72,76,23,92,95,87
-0.00070645258190516,0.0009910074105262175,0.9473156854696774,-0.027214452997954174,0.008026672360032853,-0.7072491134583321,0.7063948170755863,0.05452272513671282,0.0007298268657317593,-0.33537548426207375,0.5886233880958139,-0.22636640339660719,-0.0045661820427379315,0.05487589556153069,0.0007198632643234007,-0.26683947197482355,0.4739132182389688,-0.17991495215738426,-0.004922860956993095,0.6532860924876034,-0.29368849289100596,0.40167631396047765,-0.5556372667893112,-2.0434371519850525,0.7969512159644753,-0.514285000327647,0.5641758079502298,-0.5575935379254544,-1.1495064025620105,-0.10949224511267401,-1.5173050184892047,-0.006183035419492507,-0.0417695540289911,0.20283421994893383,0.42226148602229663,0.3807638221418861,0.6267140844431852,0.6040983785218769,0.7508899672126219,0.6003476572326948,0.6904034003231935,0.6341155283820564,0.7477326840490567,0.4534356844567934,0.49228985519884066,0.7156557751454897,0.30469720716538734,0.21718938298341256,1.309,0.8938590055888191,1.309,1.0643653340308534,1.309,0.6713220472236973,53,24,50,54,49,53,72,76,23,92,95,87
-0.0011200495540092264,0.0015306790253404499,0.9471585033348227,-0.025431549339719563,0.008317963382558372,-0.7073115453958652,0.7063953747959152,0.0527381893261537,0.0009350684340124406,-0.3398569604193513,0.5883640475601224,-0.22460794143294122,-0.004902388093919461,0.05311387836062672,0.00092555514566808,-0.2737057556332271,0.47766252218893435,-0.17974006400934828,-0.005281342740040501,0.6023644459316152,-0.3061485329030544,0.4541682881445972,-0.45849691502059825,-2.053128359903235,0.6270209256600562,-0.49694585999051255,0.48816973263874236,-0.5609388281799644,-1.1324076369401133,-0.09409258515110572,-1.6110966825442814,-0.09147043102855558,-0.07432135726725815,0.12118400769295115,0.3944129252110125,0.32434176056120956,0.6727711242884581,0.5684406037719318,0.8465690215267062,0.508631756957699,0.7953156478060557,0.5466140484719126,0.8432234522434358,0.39274129248668366,0.4930887622106486,0.6434664440088814,0.40738803448289623,0.2639365434682165,1.2556325197316394,0.8564700998403447,1.112808352410004,1.0205910277675567,1.309,0.6219111041479759,48,15,51,57,52,56,72,64,31,88,84,86
-0.0011326021408215358,0.0015578985603313074,0.9471563221801395,-0.0253817622345819,0.00843241703138785,-0.7071836478630091,0.7065238486307763,0.05286324580549453,0.0005545286149663762,-0.3404522188533904,0.5885986772268867,-0.2243660530336423,-0.00496772081590851,0.05323713718109221,0.0005451422465395178,-0.2744841410235255,0.4783859271649194,-0.1798347174830937,-0.0053440208368047,0.5992275812017539,-0.30123140920406644,0.4558259395249773,-0.4558731833824373,-2.053165978241352,0.6082251305072546,-0.49429202091808383,0.47359614650623727,-0.5606843112927735,-1.1315538371925051,-0.09116910848571255,-1.6148340191984225,-0.09974998640418337,-0.07863581535144402,0.11508218647848431,0.3944129252110125,0.32434176056120956,0.6727711242884581,0.5684406037719318,0.8465690215267062,0.508631756957699,0.7953156478060557,0.5466140484719126,0.8432234522434358,0.39274129248668366,0.4930887622106486,0.6434664440088814,0.40738803448289623,0.2639365434682165,1.2556325197316394,0.8564700998403447,1.112808352410004,1.0205910277675567,1.309,0.6219111041479759,48,15,51,57,52,56,72,64,31,88,84,86
-0.0014010337074694802,0.0021504376197658895,0.9469860204839413,-0.023026601079303214,0.00861904716055846,-0.7070113192759054,0.7067747039081992,0.04986623240804167,-3.175753987435392e-05,-0.3460214754981708,0.5882452642735982,-0.22186819433616575,-0.005101976722751768,0.0502755886005052,-4.052215787784093e-05,-0.28413619849846844,0.4852202092592883,-0.1804732365947214,-0.0055121587964680335,0.541287433627864,-0.30251703594369495,0.5232767898282105,-0.3430656923512238,-2.0451745150273988,0.31468126817740444,-0.3609170012399967,0.3152338775992221,-0.5557736719125652,-1.1234426234535362,-0.09330024502340896,-1.6574591313952782,-0.21172321657033116,-0.08744679717609061,0.04611577633896054,0.3584876263933219,0.2882179654476896,0.6599411391438778,0.5434785295641198,0.8966390620145046,0.4384401558628622,0.8515838411598765,0.48814378192749686,0.8890513303579218,0.34620635531227595,0.48771559157545885,0.5907773188123091,0.4842197319902992,0.30836749495599125,1.0150561611038158,0.8207834137113406,0.8500773602160175,0.9774549447784826,1.0697672764187625,0.6180252856480433,41,10,50,58,53,57,71,56,38,74,69,73
-0.0013793465337898485,0.002151944314976251,0.9469797477282456,-0.023025812102586894,0.008609665848511895,-0.7069657185168682,0.7068204570277531,0.04982572274872595,-0.0002144378409856774,-0.34617345386792614,0.5884645504766095,-0.2218888606066021,-0.00509034653797155,0.05023540362429901,-0.0002231974231611597,-0.2845563324652124,0.48595443842876723,-0.18077165929172218,-0.005500336786211817,0.5407555800821063,-0.2995981312872067,0.5231625178839858,-0.34579678893015864,-2.0429954757698994,0.2985617700280232,-0.35297226397479753,0.3006115702167403,-0.5553695073638234,-1.1247046925163524,-0.09316682108083665,-1.6569502864050167,-0.2169737306909037,-0.08786097286033738,0.04291368847490536,0.3584876263933219,0.2882179654476896,0.6599411391438778,0.5434785295641198,0.8966390620145046,0.4384401558628622,0.8515838411598765,0.48814378192749686,0.8890513303579218,0.34620635531227595,0.48771559157545885,0.5907773188123091,0.4842197319902992,0.30836749495599125,1.0150561611038158,0.8207834137113406,0.8500773602160175,0.9774549447784826,1.0697672764187625,0.6180252856480433,41,10,50,58,53,57,71,56,38,74,69,73
-0.0013576270159266685,0.00215317105098783,0.9469732592998519,-0.02302530272679733,0.008592436630535091,-0.7069344828200059,0.7068519240032529,0.04977233328271976,-0.00034505867224984295,-0.3462874228029044,0.5886658960953329,-0.22193462396883265,-0.005070524028555386,0.0501825303931008,-0.00035382727188288375,-0.28493366259933894,0.4866415983758999,-0.18106477378993258,-0.005480713601999193,0.540504989542359,-0.29735263196658585,0.5228591665540575,-0.348629769665474,-2.04057941476951,0.2844968635087255,-0.3461290197118809,0.28743343109204433,-0.5549371342825513,-1.1259989195992317,-0.09321836713634063,-1.6562242574091415,-0.22136309693527714,-0.08818988563525308,0.04017317360706742,0.3584876263933219,0.2882179654476896,0.6599411391438778,0.5434785295641198,0.8966390620145046,0.4384401558628622,0.8515838411598765,0.48814378192749686,0.8890513303579218,0.34620635531227595,0.48771559157545885,0.5907773188123091,0.4842197319902992,0.30836749495599125,1.0150561611038158,0.8207834137113406,0.8500773602160175,0.9774549447784826,1.0697672764187625,0.6180252856480433,41,10,50,58,53,57,71,56,38,74,69,73
-0.0015177599964941297,0.0027999724574432764,0.9469141543289568,-0.02052296528775816,0.00834404649452127,-0.7070073450576126,0.7068591081810296,0.045739666764611865,-6.826143291835892e-05,-0.3501031047245061,0.5864892178762624,-0.21922194445014884,-0.004912206179257556,0.046194545078111174,-7.65901700685061e-05,-0.29361205209919516,0.49257193481701433,-0.18154121608506138,-0.005367628326221212,0.4885691845968464,-0.3162236465535422,0.5899402849364219,-0.231267428031592,-1.9903365729741433,0.033700074211460915,-0.10401610934815007,0.18545570573962425,-0.5444983513957854,-1.1294709490476362,-0.12321686100883841,-1.6667153571199507,-0.3238650579467882,-0.07341619137917209,-0.008573210933693728,0.3271017195205583,0.2646146911490789,0.44409862674422923,0.5175273859958488,0.6918747826957948,0.386750510915737,0.6893717536556321,0.4509024612205712,0.771190729500609,0.3084410518573166,0.46689575091463625,0.5753485907713867,0.5475403994257011,0.36033292810487044,0.8587773727516037,0.7945928895095122,0.6186445895531745,0.9480012221074319,0.7005008630842664,0.6752529824847942,36,6,38,44,43,50,68,54,43,64,55,55
-0.001494496635690947,0.0028046794720259756,0.9469097040336787,-0.020525081826405892,0.008325997401358313,-0.7069702140156797,0.7068963964244801,0.04568867575150716,-0.00022123352360881593,-0.35013803304582525,0.5865543223185437,-0.2191909881896617,-0.004896055441668729,0.04614396886743026,-0.00022956751214512613,-0.29394981689708566,0.49319621663510854,-0.1817985610982636,-0.005351473921151515,0.48841327976281906,-0.3147702021353519,0.5891775037395662,-0.23490657008760224,-1.9874752432711,0.023372627485761296,-0.09284072181013789,0.17687845477886488,-0.543424253133247,-1.1312315904799684,-0.12446366932708443,-1.6657642040049292,-0.3290703584347969,-0.07218428403675264,-0.011384843790693776,0.3271017195205583,0.2646146911490789,0.44409862674422923,0.5175273859958488,0.6918747826957948,0.386750510915737,0.6893717536556321,0.4509024612205712,0.771190729500609,0.3084410518573166,0.46689575091463625,0.5753485907713867,0.5475403994257011,0.36033292810487044,0.8587773727516037,0.7945928895095122,0.6186445895531745,0.9480012221074319,0.7005008630842664,0.6752529824847942,36,6,38,44,43,50,68,54,43,64,55,55
-0.0015096522466101136,0.0034658190376428834,0.9470088403097133,-0.017962890309145385,0.007800317730202114,-0.7070875286154026,0.7068548058064059,0.04095842422748212,0.00020231195066923002,-0.3524266729135168,0.5825461390548086,-0.21592540304670096,-0.004509330483062808,0.04146103365948502,0.00019448234675854462,-0.301210484489844,0.4973851161658813,-0.18167167527256184,-0.005012588873771513,0.43750013220687506,-0.35013995025812034,0.6586036079031096,-0.10762432167213777,-1.9159096218441554,-0.13403288599285107,0.18222679911523032,0.17365691701179573,-0.5340304434512974,-1.1387742852966534,-0.1685428151909509,-1.6631535679155944,-0.41524926252251154,-0.06601567269338379,-0.050913056078059495,0.3118101569055501,0.24683289275732523,0.1897155967224092,0.4753905214568342,0.388384488161454,0.33254245185109266,0.41742547537099317,0.41825762217840523,0.5497261625144363,0.2823126701035055,0.42457818371151634,0.5990266349751527,0.5976872693071723,0.3828863868584065,0.7909370355918224,0.7704198612032342,0.5152745673572521,0.9259514741026676,0.5422675503159161,0.7744789996245363,33,3,23,24,27,37,62,57,47,59,49,49
-0.0014914357519642068,0.0034726514790852305,0.9470051114271306,-0.017968020892234836,0.007797504069165317,-0.7070357071779559,0.7069065411572277,0.04094262676429123,8.432189927723129e-07,-0.35239486630577727,0.5824376234264514,-0.2157737848705657,-0.004504291466754797,0.0414452804613847,-6.972591033386593e-06,-0.3015343056397194,0.4979432865813951,-0.18187344314967227,-0.0050072536481204155,0.43706242042976623,-0.34938472903659595,0.6589772862886185,-0.11157580785090956,-1.9139071981936664,-0.13994748604587914,0.19674032307078979,0.17195873740389436,-0.5325720140162902,-1.1405653532889144,-0.1701018219079051,-1.6623207393530484,-0.42110453879776555,-0.06463184001650212,-0.053987649006467554,0.3118101569055501,0.24683289275732523,0.1897155967224092,0.4753905214568342,0.388384488161454,0.33254245185109266,0.41742547537099317,0.41825762217840523,0.5497261625144363,0.2823126701035055,0.42457818371151634,0.5990266349751527,0.5976872693071723,0.3828863868584065,0.7909370355918224,0.7704198612032342,0.5152745673572521,0.9259514741026676,0.5422675503159161,0.7744789996245363,33,3,23,24,27,37,62,57,47,59,49,49
-0.0013319940395711322,0.004109282453904491,0.9472695748206794,-0.015566808854415993,0.007092085409191474,-0.707177102973323,0.7068294856730984,0.03596625659060943,0.0004974254984360219,-0.3531469153258324,0.5770591347913816,-0.21229648351098915,-0.0038872082306206424,0.03651285616502899,0.0004901129220455475,-0.3070400085224046,0.5003321865443744,-0.1813089981716023,-0.004434624058596841,0.3872837693570745,-0.4004132060905831,0.7345757994713902,0.011960258731910322,-1.8399950492692847,-0.21752723112493272,0.4387344523699075,0.2346956045328215,-0.5309305090759294,-1.1514854772716518,-0.22891926219637265,-1.6447551112143588,-0.4722006396402889,-0.10432631749550682,-0.08947821630782993,0.3085950684371588,0.23602584893556136,0.04633159758990407,0.4180486888136491,0.1759468338797661,0.2614906739610567,0.1863076144650875,0.38410760246267317,0.29124665275196787,0.2802990052056633,0.36070618421870193,0.6408320353092749,0.6046939808557662,0.3670128005710895,0.8660860437140852,0.7081679635885836,0.6394768569582714,0.8704823710202261,0.6429810941238405,0.8538824659646918,33,2,14,9,13,23,52,64,47,62,55,57
-0.0013318794928442491,0.004122824936416563,0.9472682701900318,-0.015576946693259014,0.00711475254783943,-0.7071098414843416,0.7068963227403914,0.03602113090658627,0.0002472656875337759,-0.3530605263450923,0.5767470323974037,-0.2119667295029155,-0.003908911096014002,0.03656720407614661,0.00024001119909717596,-0.3073521163253424,0.5007791059372811,-0.1813929893099589,-0.00445558814294504,0.38637781778323704,-0.4000335026778695,0.7374006150644659,0.00834191038593586,-1.8378864285325245,-0.22077829142543073,0.45492503466502016,0.23892533857077247,-0.52893176364264,-1.1529417610501649,-0.23012254439714175,-1.6444353359701718,-0.4776986389775038,-0.10555603780667215,-0.09323392984987637,0.3085950684371588,0.23602584893556136,0.04633159758990407,0.4180486888136491,0.1759468338797661,0.2614906739610567,0.1863076144650875,0.38410760246267317,0.29124665275196787,0.2802990052056633,0.36070618421870193,0.6408320353092749,0.6046939808557662,0.3670128005710895,0.8660860437140852,0.7081679635885836,0.6394768569582714,0.8704823710202261,0.6429810941238405,0.8538824659646918,33,2,14,9,13,23,52,64,47,62,55,57
-0.0009926615665130365,0.004618451139853055,0.9476828164698732,-0.013411821684895846,0.006347025036173655,-0.7071712024424959,0.7068866449073128,0.031093597477775025,0.0004765641036621039,-0.35228436750629516,0.5700322634882742,-0.20821098051367606,-0.00310146437090867,0.03167737911945204,0.00046983872453014425,-0.3113475440482342,0.5019431214061477,-0.18068400327821554,-0.003686296157811113,0.33633058061765975,-0.4609089571491223,0.8199508192990366,0.10643162444372868,-1.7694518603676348,-0.2534586563035347,0.6525876030787904,0.3245881444710195,-0.5330952027180946,-1.1663061730373758,-0.29441037624440847,-1.5964418287195496,-0.4949275785012944,-0.21168396128388,-0.11965191509916252,0.3036755088745624,0.2524072300420998,0.03359095584973327,0.366005955032199,0.20424380468247258,0.2011646250029341,0.2160505556464863,0.3599224353914476,0.1770390434723716,0.3120299723981925,0.28590301308772187,0.6635145088011184,0.47702913255171525,0.3217590397874008,0.8059554192723084,0.56563414924131,0.650790063716406,0.7384312223265871,0.6363373063399065,0.8402213288503729,32,4,12,9,14,18,41,67,38,55,52,56
-0.0010086257545288814,0.004632959501776379,0.9476854526663387,-0.013427707721015023,0.00637527759537414,-0.7071185855553196,0.7069387232732305,0.03118724190862092,0.0002541260139063184,-0.35209204734460076,0.5695519350053724,-0.2078039629734379,-0.0031442189076832006,0.03177027897818154,0.0002474747932273535,-0.3115500653971741,0.5021969661810507,-0.18067678705328463,-0.003728051832917798,0.33561750864667617,-0.46103940761121914,0.824039170599407,0.10310500181499888,-1.7670434730271702,-0.2549605400312033,0.6660146279956395,0.33134768409183213,-0.5312208041780881,-1.1675183905008482,-0.2943428354531107,-1.596403776313,-0.4986034436275434,-0.21746383119425233,-0.12306551725877936,0.3036755088745624,0.2524072300420998,0.03359095584973327,0.366005955032199,0.20424380468247258,0.2011646250029341,0.2160505556464863,0.3599224353914476,0.1770390434723716,0.3120299723981925,0.28590301308772187,0.6635145088011184,0.47702913255171525,0.3217590397874008,0.8059554192723084,0.56563414924131,0.650790063716406,0.7384312223265871,0.6363373063399065,0.8402213288503729,32,4,12,9,14,18,41,67,38,55,52,56
-0.0005304472826114489,0.004816569417476788,0.9481986035412594,-0.01154531203749027,0.00549331107326721,-0.7072239980679044,0.7068739250108595,0.026335623526803947,0.0007583346598635171,-0.3499493976349957,0.562711972667236,-0.20494308232471717,-0.002179484903740728,0.026950512998514094,0.0007519409802468569,-0.313511643981513,0.5020247545505936,-0.18023925297191049,-0.002795865717908275,0.28693218904749324,-0.5354133822953658,0.8959930194631077,0.19420003422410492,-1.7253484866778488,-0.2687227044644292,0.6981319899633213,0.40146727579956343,-0.5448587709288399,-1.1827836775845377,-0.35756354628705894,-1.5293325803185536,-0.48726496769068417,-0.36956987790314605,-0.12323688316271737,0.2876431761651303,0.3085135964676757,0.24148481995677917,0.3369615295240334,0.4992673673890487,0.170480165956547,0.45323994578118215,0.3580013689370699,0.27332404119616327,0.3697211588711031,0.22207078964856036,0.6411560644115539,0.20963231676178734,0.2917676684402732,0.42251749091697915,0.3621665186571381,0.28468236471546204,0.539444977669652,0.27250321284895035,0.7110255300863502,29,13,22,26,27,25,32,64,19,28,27,33
-0.000576579293638186,0.0048532481577155985,0.9481984401498025,-0.011521918056283525,0.005606616057251661,-0.7071600298556291,0.7069374112573735,0.026544231667594235,0.0004511233479455924,-0.34989254560892646,0.5619784337360892,-0.204276523627717,-0.002253896417772707,0.02715772194591054,0.0004449368420962637,-0.3138374482713629,0.5020284862388681,-0.1800125941418722,-0.002868667527625379,0.2862511619379824,-0.536594065236391,0.9009709897071578,0.195105965536589,-1.722706318551581,-0.2701229530032317,0.6981319994981661,0.4100931841747106,-0.5430617434000117,-1.1845037047472289,-0.35670377998989555,-1.529238676018731,-0.4888442639374001,-0.3823950130096335,-0.12433281542064034,0.2876431761651303,0.3085135964676757,0.24148481995677917,0.3369615295240334,0.4992673673890487,0.170480165956547,0.45323994578118215,0.3580013689370699,0.27332404119616327,0.3697211588711031,0.22207078964856036,0.6411560644115539,0.20963231676178734,0.2917676684402732,0.42251749091697915,0.3621665186571381,0.28468236471546204,0.539444977669652,0.27250321284895035,0.7110255300863502,29,13,22,26,27,25,32,64,19,28,27,33
-7.872326753421829e-05,0.00471421423341877,0.9488862234823333,-0.009243908304996919,0.004949614688760732,-0.7071701565820636,0.7069656435169823,0.02143552477215827,0.0005342174352800143,-0.34720206856745134,0.5529083221742523,-0.2003311102588724,-0.0013042216590923728,0.022076659641620276,0.0005291412493188553,-0.3157023973766869,0.5005160388242171,-0.1790094707307762,-0.0019463203503985523,0.23599549564488123,-0.6073768196493664,0.9757731087065992,0.25664368001536236,-1.708637664336784,-0.28754585406851,0.698132,0.47111171299174814,-0.5559795222564472,-1.2061920754691888,-0.39569610612733136,-1.4690563861951866,-0.46422717492559445,-0.5580507942593863,-0.08773918779949494,0.2561801257394285,0.40126966934362873,0.36084341945778625,0.3251767784352412,0.6833124068250208,0.1448270199047615,0.5895895000832793,0.36841474501940025,0.3784217124587574,0.4249705948138885,0.18835261674964926,0.5833444676735483,0.20458199713163155,0.2696995857517167,0.2962782799058348,0.21159822072464873,0.08703827825331074,0.3701409105562077,0.06881807060674862,0.518451511654841,24,27,28,36,35,32,27,55,18,17,12,17
-0.00010957115700541282,0.004735635173833348,0.9488970115956017,-0.009213579327475437,0.005005253821810641,-0.7071341721632601,0.7070016406976267,0.021523067455601404,0.00031621431545457337,-0.346926541976721,0.5520532792009563,-0.1997236238885492,-0.0013608572251191295,0.022163665258282728,0.0003113094844888883,-0.3158156527361398,0.5003679520623835,-0.1787942255407729,-0.0020021268170086807,0.23570967966979434,-0.6078800334826459,0.9788895197872428,0.2567383859007265,-1.7078698631271674,-0.28955826467163087,0.698132,0.4781905325741717,-0.5552565045048665,-1.2073498946667705,-0.39363394780501565,-1.470927810671545,-0.46326898866480154,-0.5705004469221207,-0.08437478231738912,0.2561801257394285,0.40126966934362873,0.36084341945778625,0.3251767784352412,0.6833124068250208,0.1448270199047615,0.5895895000832793,0.36841474501940025,0.3784217124587574,0.4249705948138885,0.18835261674964926,0.5833444676735483,0.20458199713163155,0.2696995857517167,0.2962782799058348,0.21159822072464873,0.08703827825331074,0.3701409105562077,0.06881807060674862,0.518451511654841,24,27,28,36,35,32,27,55,18,17,12,17
0.0003178122742933283,0.004232348807648336,0.9498174026937594,-0.0066196782769218695,0.00418158737973053,-0.7071998576169036,0.7069703357094458,0.015755629379583462,0.0006415988549423821,-0.3430244226824111,0.5414775852043299,-0.19580482888324638,-0.00043979450848839405,0.016420528788336552,0.0006380706842206347,-0.31666747311002463,0.4975826700211075,-0.17777511060520076,-0.0011052311104261224,0.18718613098128684,-0.6637707099128434,1.042692463149785,0.27172497799687145,-1.7346269406707384,-0.3159533927915483,0.698132,0.5035466963656201,-0.5709631010664558,-1.222745055407488,-0.398291437863519,-1.4581500727196335,-0.4282630562138326,-0.6952389211692163,-0.022162229238406394,0.20822771068636736,0.5026064964073792,0.37184241459068446,0.3082125184450604,0.7246366722442457,0.1145774096415088,0.6266465576544257,0.36347124826611277,0.4309766480157901,0.4446351933161698,0.18207421364462012,0.522943535363869,0.19893173802439518,0.25666422771405417,0.2704146296929663,0.10536720245897958,0.0635222878705923,0.25144735131338053,0.0,0.3398650767209438,15,43,28,38,37,36,26,46,18,13,8,8
0.00028400476808608386,0.004262543442490609,0.9498431525396763,-0.006592923525319491,0.004205587642169494,-0.7071709326540123,0.7069993765211021,0.015807263444116003,0.00042575972544546385,-0.34252330651809765,0.5403448114319532,-0.19511493150946804,-0.0004875263565212258,0.01647185473434624,0.0004223772056937904,-0.31661155815648073,0.49724253744854935,-0.17751046211251842,-0.0011524697724390502,0.1867072188962877,-0.6642401872224792,1.0441337561936943,0.27123106521966234,-1.7351110319595413,-0.3189916361534444,0.698132,0.5085681045631145,-0.5719234536466503,-1.2226070542539809,-0.3962442284434506,-1.4610130133564792,-0.42375846834678604,-0.6979873460584608,-0.01500032341687345,0.20822771068636736,0.5026064964073792,0.37184241459068446,0.3082125184450604,0.7246366722442457,0.1145774096415088,0.6266465576544257,0.36347124826611277,0.4309766480157901,0.4446351933161698,0.18207421364462012,0.522943535363869,0.19893173802439518,0.25666422771405417,0.2704146296929663,0.10536720245897958,0.0635222878705923,0.25144735131338053,0.0,0.3398650767209438,15,43,28,38,37,36,26,46,18,13,8,8
0.0005953914600616822,0.003271479767183302,0.950761058123045,-0.0038312145514723243,0.002452648402058481,-0.7081459555390869,0.7060514230312896,0.008685554538911995,0.0028120372117482486,-0.3396593028781421,0.5356337130459509,-0.1946232059518298,-0.0002114733250224321,0.009368765552161103,0.002808526215867395,-0.3165024859812433,0.49582424427147986,-0.17744223335615028,-0.0008912637693367523,0.1478772194011005,-0.6940427118713637,1.090187689981683,0.2553068287830469,-1.7840590081288548,-0.3364458881042665,0.698132,0.4895426774679335,-0.5793673562625934,-1.241652534138337,-0.38676367634539516,-1.4824109186020171,-0.40005895388542917,-0.6981316383651461,0.005522986021809645,0.1543945483450515,0.5733059272280225,0.28910139875517155,0.28362457301570587,0.6077786583224484,0.07844546384038202,0.5023736345785781,0.32691605139473107,0.2839984574480681,0.4145338313195815,0.1818577753640803,0.4789802797557511,0.12386839066182027,0.24201908269410713,0.2013806793110385,0.04610437317458693,0.06749505867385935,0.16596602892589635,0.0,0.21677992001424845,6,54,23,30,29,27,26,39,12,8,6,4
0.0005683775291840109,0.003466544184999468,0.950904658635781,-0.0038311077693979276,0.0033410385224420104,-0.7072353147818125,0.706959949077966,0.009894791964526342,0.0007561076861281732,-0.33750664828396126,0.5282185934553936,-0.1908862374564935,0.0002622838353214249,0.010576488936052146,0.0007543974843646161,-0.3165807982032489,0.4932803033660502,-0.17631221881676373,-0.00041966861139803744,0.14095235378966622,-0.7005659467500354,1.0997419594963174,0.24219198245874834,-1.8059160541297374,-0.3556353281523091,0.698132,0.48930449221048783,-0.5900844072183372,-1.2380115427560263,-0.37847760934859165,-1.5036935158237532,-0.36460197754552043,-0.6981319999977398,0.0490705847580277,0.1543945483450515,0.5733059272280225,0.28910139875517155,0.28362457301570587,0.6077786583224484,0.07844546384038202,0.5023736345785781,0.32691605139473107,0.2839984574480681,0.4145338313195815,0.1818577753640803,0.4789802797557511,0.12386839066182027,0.24201908269410713,0.2013806793110385,0.04610437317458693,0.06749505867385935,0.16596602892589635,0.0,0.21677992001424845,6,54,23,30,29,27,26,39,12,8,6,4
0.00034444519280045206,0.0026753763651092086,0.952308010168161,-0.0013067428675213792,0.0025003193262164956,-0.707142528582207,0.7070654036909926,0.005044383426779275,0.00016633314463258687,-0.32682539545358974,0.5071232577744891,-0.18263919110314175,0.0003801322070896624,0.005733537897925142,0.000166471890179935,-0.3134802560025029,0.4849078268602265,-0.17341705128229506,-0.00030906575827994764,0.10006374062172677,-0.7201461282308779,1.1431529277390258,0.17044494073515307,-1.9257234177859053,-0.4186988613139189,0.698132,0.4156167427942537,-0.6117771132208873,-1.2381582792666306,-0.3152279992002731,-1.6415239525522856,-0.21627375107652544,-0.698132,0.15477528912619337,0.12148236849471135,0.5943822003891945,0.1538499532585517,0.2574461003123626,0.41513726145516605,0.05342323685989995,0.28947257792719316,0.27116772181190935,0.040178055339562625,0.34744812216848486,0.17624476158308153,0.4445741242456425,0.061041005632909526,0.21815699352071824,0.17248151755651636,0.015938591075307495,0.024668623274028013,0.10134755211200397,0.0,0.1446142904488822,0,57,15,17,16,12,25,33,7,6,2,2
0.000320957001091792,0.002691306069099346,0.9523592819073555,-0.0013173624541187256,0.002488253701169593,-0.707137458031263,0.7070704976158781,0.0050721737695179556,0.00013446637682367174,-0.32598801068102967,0.5057614590371681,-0.18205500747515665,0.0003461648670703645,0.005761250251697175,0.0001345837737644864,-0.3130366880450851,0.4842082762796567,-0.17313222053855612,-0.0003429403090724067,0.09979208740754007,-0.720880992491425,1.141901270457405,0.16919847856620276,-1.9262462481528364,-0.42139980043269504,0.698132,0.4158364709058956,-0.6141211661934949,-1.235035410737428,-0.3126911091625346,-1.6459295528347186,-0.20548422549111417,-0.698132,0.16430785131682626,0.12148236849471135,0.5943822003891945,0.1538499532585517,0.2574461003123626,0.41513726145516605,0.05342323685989995,0.28947257792719316,0.27116772181190935,0.040178055339562625,0.34744812216848486,0.17624476158308153,0.4445741242456425,0.061041005632909526,0.21815699352071824,0.17248151755651636,0.015938591075307495,0.024668623274028013,0.10134755211200397,0.0,0.1446142904488822,0,57,15,17,16,12,25,33,7,6,2,2
-7.958708183030457e-05,0.0017486548343407897,0.9535820991332249,0.000987833075968496,0.0015747831465034666,-0.707159667067822,0.7070514475739237,0.0006376099934458557,0.00019898230904929129,-0.3157424473800252,0.4867787978924773,-0.17525294358182586,0.00023959687583100658,0.0013289147734846395,0.00020050786780551852,-0.308960880527887,0.4754244629529246,-0.1703691968683033,-0.00045171137716208985,0.06559229028834986,-0.7185840898457097,1.199070599301924,0.09181752515598562,-2.0580893679366232,-0.4730243850181978,0.698132,0.28981269931374526,-0.6225177111089241,-1.2501659357137789,-0.23060992721829385,-1.8336243770620382,-0.028445883523291984,-0.6832273274653949,0.2214940110887191,0.1400255318660625,0.5760763930694683,0.028758732562906644,0.2528254981973403,0.26895919962972825,0.06245524592580053,0.14570305301621503,0.25158200346517184,0.0,0.2724413147470284,0.18162023605288388,0.4147965906384692,0.08123149801875552,0.19379643831295973,0.19080387932419773,0.009108751193110767,0.0,0.06211258543375648,0.0,0.10274824864989951,3,54,8,9,7,8,26,29,8,6,0,1
-0.00010934577770542556,0.001757343483045208,0.9536344646675894,0.0009644010117443026,0.0015509092191081512,-0.7071549389383213,0.7070562615141881,0.0006742127499465682,0.00017195103468345743,-0.31488218227494136,0.4854750317235527,-0.1747272516616379,0.00019929275718527748,0.0013654694258912344,0.00017342386713729523,-0.30844574214410875,0.47470209311887596,-0.17010423144266676,-0.00049196323766361,0.06516579255402198,-0.7188571213441736,1.198138995769738,0.0912464751508087,-2.0578061324054673,-0.47372468568368137,0.698132,0.28767702083329666,-0.6247998313749058,-1.2464508587260548,-0.22730156206613975,-1.838115726178538,-0.01735975139283278,-0.6829746102213549,0.230353401065634,0.1400255318660625,0.5760763930694683,0.028758732562906644,0.2528254981973403,0.26895919962972825,0.06245524592580053,0.14570305301621503,0.25158200346517184,0.0,0.2724413147470284,0.18162023605288388,0.4147965906384692,0.08123149801875552,0.19379643831295973,0.19080387932419773,0.009108751193110767,0.0,0.06211258543375648,0.0,0.10274824864989951,3,54,8,9,7,8,26,29,8,6,0,1
-0.0005570555016113427,0.0007204756999501834,0.9544475711972022,0.0028482626220100995,0.0009361294578752761,-0.7071669053157957,0.7070402952362437,-0.0026046628662339103,0.00020818278013454614,-0.3061218478496782,0.4695382999336478,-0.16924505329960773,-4.967476794946477e-05,-0.0019145620557801007,0.00021092618287402994,-0.3047724109259895,0.46718932858493156,-0.16796973618154548,-0.0007397333738273596,0.03795886979916768,-0.6933962046424994,1.273919046316211,0.03777751636008088,-2.181343360306645,-0.4985040519297561,0.698132,0.1308032328995377,-0.6235157439224377,-1.2812599352862966,-0.16027605188049743,-2.0406788745090756,0.16679960790449375,-0.5978111660331934,0.23272184361203296,0.22140414368746864,0.543470649402547,0.07940118868548159,0.28758765724162433,0.3761036359594286,0.11559998059695974,0.33041004347759106,0.2741015679246342,0.22761772526407867,0.23260226343472684,0.21873951461186386,0.40587765272815907,0.1270666367029298,0.18696513235419132,0.20198770482488212,0.029650944876526145,0.0,0.06612452142543829,0.0,0.08345103322851671,17,49,12,17,18,19,31,27,11,8,0,0
-0.000590131783349346,0.000716278893012055,0.954490847812565,0.002807806235499128,0.0009194309850907966,-0.707163252910542,0.7070441320057669,-0.0025275980921133792,0.00018760650957311183,-0.30534254184524917,0.4684314164631086,-0.16882713758447557,-9.392251984768766e-05,-0.0018374863645400437,0.00019028683074093474,-0.30429396407559384,0.4665894945375481,-0.1677793475737679,-0.000783987228611238,0.0374292954690933,-0.6924249069861707,1.2739661272949634,0.03895951341733998,-2.180512007715768,-0.49658353746636374,0.698132,0.12681473815016714,-0.6252761110053727,-1.2774520563851264,-0.15781864474979654,-2.044805253549473,0.1764428432998625,-0.5943742349441691,0.2396512726617024,0.22140414368746864,0.543470649402547,0.07940118868548159,0.28758765724162433,0.3761036359594286,0.11559998059695974,0.33041004347759106,0.2741015679246342,0.22761772526407867,0.23260226343472684,0.21873951461186386,0.40587765272815907,0.1270666367029298,0.18696513235419132,0.20198770482488212,0.029650944876526145,0.0,0.06612452142543829,0.0,0.08345103322851671,17,49,12,17,18,19,31,27,11,8,0,0
-0.0009897799565209415,-0.00017833872518943742,0.9548031732782412,0.004288226106367237,0.000797702449220516,-0.7071893233140942,0.7070107748671282,-0.004496200466709523,0.0003055356014277101,-0.30089930077103133,0.45904634131138,-0.16571116607291914,-0.00040182020129579145,-0.00380776753817075,0.000309536126552563,-0.3029539305374463,0.4623152700376873,-0.1666500092681431,-0.0010902061096973472,0.018129849646423807,-0.6535995999954142,1.3571820342790437,0.01869409207317333,-2.272979112426689,-0.4907213066387035,0.698132,-0.006302782104104853,-0.6139911445063159,-1.3270918699625023,-0.11613718749657227,-2.199019025549521,0.29970334167806834,-0.5265687464293625,0.1902953178347143,0.3416729498466833,0.5134843482368965,0.19965292552461175,0.3522720725946571,0.5056937220547694,0.20109638262918114,0.5975963027465583,0.3274081818839159,0.831572820981013,0.24805390764872792,0.2750387399197851,0.4299494519378214,0.12651937126267446,0.20403398119979785,0.23489979740875966,0.06991141466336794,0.044938196528281876,0.1115812727277802,0.0,0.10836751070962043,38,45,20,27,35,51,40,31,11,10,4,1
-0.0010243266421655279,-0.00019734334008039933,0.9548342514546089,0.004214920048766789,0.0007864054605229937,-0.7071821389493832,0.7070184144464766,-0.0043602955694143,0.0002660533481614217,-0.3001980429031473,0.4581810417137241,-0.16540429528495632,-0.0004428755432784225,-0.003671756301618717,0.0002699906852431313,-0.3025310047031089,0.46192566937457025,-0.16656465148455854,-0.0011313266427735022,0.017440899827798464,-0.650244434274644,1.3586066267629058,0.02262318415496897,-2.272395128191515,-0.4862814284309452,0.698132,-0.012663853931418539,-0.6141717323471038,-1.3234373038293876,-0.11504389633706483,-2.2033468111997254,0.3076380496764748,-0.5221690124220485,0.1936218273055197,0.3416729498466833,0.5134843482368965,0.19965292552461175,0.3522720725946571,0.5056937220547694,0.20109638262918114,0.5975963027465583,0.3274081818839159,0.831572820981013,0.24805390764872792,0.2750387399197851,0.4299494519378214,0.12651937126267446,0.20403398119979785,0.23489979740875966,0.06991141466336794,0.044938196528281876,0.1115812727277802,0.0,0.10836751070962043,38,45,20,27,35,51,40,31,11,10,4,1
-0.0010582904057363466,-0.00021442164406311237,0.9548639101338271,0.004146338962660687,0.0007803206635670368,-0.7071773035562664,0.7070236631879849,-0.004223865789676458,0.00023878152775654187,-0.2995305153734282,0.4573410776514649,-0.16511082210328903,-0.00048712112799476255,-0.003535218541928859,0.00024265154971077983,-0.30212099039360585,0.4615232467005798,-0.16647330449345712,-0.0011756556501834896,0.01676803216721198,-0.6471159032634347,1.3600722590602863,0.02652468600848737,-2.271480995593592,-0.481736725784462,0.698132,-0.018392768975678438,-0.6146806633917404,-1.319989394679293,-0.11372915881711183,-2.2070962534203553,0.3149614608186277,-0.5181399662043662,0.19715209949918075,0.3416729498466833,0.5134843482368965,0.19965292552461175,0.3522720725946571,0.5056937220547694,0.20109638262918114,0.5975963027465583,0.3274081818839159,0.831572820981013,0.24805390764872792,0.2750387399197851,0.4299494519378214,0.12651937126267446,0.20403398119979785,0.23489979740875966,0.06991141466336794,0.044938196528281876,0.1115812727277802,0.0,0.10836751070962043,38,45,20,27,35,51,40,31,11,10,4,1
-0.0013823827258363781,-0.0008045193384724179,0.9549211966734708,0.005115406213277136,0.0009954488110877533,-0.7072279449899052,0.7069663892479566,-0.004967081374753758,0.0004508629744583648,-0.29804498540131025,0.4527183089874402,-0.16362380923382974,-0.0008553069699745416,-0.004279081867076978,0.0004557319824586583,-0.3020976222822452,0.45925454257671816,-0.1658648948221818,-0.0015433844198247243,0.004634464469693145,-0.6133121341721396,1.4196632411693677,0.027252379511492255,-2.3129273996538005,-0.4492562814132965,0.6918136458411851,-0.09063055653499313,-0.603159216505445,-1.362468298493611,-0.08965816640255912,-2.2986295374871752,0.37119823439198774,-0.48575934526229025,0.14391493230474242,0.4515492278814827,0.4849581022570017,0.08483919830238293,0.4151912444889302,0.3345825323071638,0.2928783959762424,0.3835153860675327,0.3933318508190347,0.565772580030932,0.28209395416829186,0.3074666083559893,0.46376049380623113,0.16026964076652978,0.2289392013072262,0.2800004317305247,0.10448537485440945,0.10878064759686001,0.16318341559285676,0.0,0.1437569061804862,58,40,16,19,25,38,45,36,14,14,8,2
-0.001399409677432792,-0.0008332856711668742,0.9549344725820559,0.00506808621834265,0.0009816361373370097,-0.7072100380302769,0.7069846624940258,-0.004902918792000753,0.0003811923579709794,-0.2975073171369309,0.4520596560978037,-0.16338290448412113,-0.0008662177657095977,-0.004214880315270655,0.0003860684215279118,-0.30179969533184736,0.4590208387127986,-0.16582395757002666,-0.0015542806670601505,0.0037354933096258296,-0.608090038284837,1.4235217665012885,0.033373117538615014,-2.312863449495678,-0.44149916751066776,0.692043585917432,-0.0985851106811285,-0.6017466629312831,-1.3603208755748006,-0.08961272372356412,-2.3038076140659167,0.3769858234002263,-0.48207187817814556,0.14252365237224887,0.4515492278814827,0.4849581022570017,0.08483919830238293,0.4151912444889302,0.3345825323071638,0.2928783959762424,0.3835153860675327,0.3933318508190347,0.565772580030932,0.28209395416829186,0.3074666083559893,0.46376049380623113,0.16026964076652978,0.2289392013072262,0.2800004317305247,0.10448537485440945,0.10878064759686001,0.16318341559285676,0.0,0.1437569061804862,58,40,16,19,25,38,45,36,14,14,8,2
-0.0017010550646119876,-0.001074993530759392,0.9550204250045705,0.005453750760220811,0.0012906697647701293,-0.7072726222792409,0.7069186859522459,-0.004639520602563264,0.0005618077025318648,-0.29697818382004043,0.44966173012447824,-0.1624935285173204,-0.0011866093307099385,-0.003951169090122454,0.000567310117700155,-0.3019966558710091,0.45774473268725946,-0.1653626077140148,-0.001874872050771362,-0.004068531469744141,-0.5854269727966034,1.439412202836187,0.04403080947613669,-2.301740373739875,-0.3870187573212816,0.6838094924434397,-0.11053662533465315,-0.5944320896220976,-1.370735552472275,-0.08544960823662415,-2.3228424588470182,0.3888654885129329,-0.47232063742682173,0.12410333262886894,0.5126356644348217,0.44965195899145605,0.028861672082189267,0.4460281056856014,0.294317664290607,0.37257651752736576,0.2660957775523213,0.45781632125295896,0.3203336642938821,0.32808803998744523,0.2886827989873732,0.4671038727012903,0.2543678107507426,0.23674321416471608,0.31025311377326087,0.10917210749478982,0.08403177408382531,0.1797034980150512,0.0,0.16545761451479038,68,35,14,19,20,26,42,37,21,16,7,2
-0.0016951987690888145,-0.0011230938271133424,0.9550190110571262,0.005438519613493717,0.001220328481362006,-0.7072357683962396,0.7069557986209548,-0.004733829820451972,0.0004740249956798953,-0.2964378069926328,0.4491128521513263,-0.16230552064624484,-0.0012090840739262007,-0.004045560113375719,0.00047950869252592074,-0.30165315358574973,0.457572587842399,-0.1653508081832242,-0.0018973345803399429,-0.005154231278895795,-0.5809059887247223,1.4444689444528844,0.05116797958743934,-2.299068782980136,-0.3723760873954875,0.6824581677336542,-0.11597109404608724,-0.5929932077513589,-1.3702871758942092,-0.08588675285412839,-2.3256682462099136,0.39097519332355035,-0.4703795641975441,0.12120114265478599,0.5126356644348217,0.44965195899145605,0.028861672082189267,0.4460281056856014,0.294317664290607,0.37257651752736576,0.2660957775523213,0.45781632125295896,0.3203336642938821,0.32808803998744523,0.2886827989873732,0.4671038727012903,0.2543678107507426,0.23674321416471608,0.31025311377326087,0.10917210749478982,0.08403177408382531,0.1797034980150512,0.0,0.16545761451479038,68,35,14,19,20,26,42,37,21,16,7,2
-0.0018696695187478977,-0.0011892396192878624,0.9551702238611196,0.005480150425276757,0.0013294742391706594,-0.7071799879734408,0.7070110784559518,-0.004418252192820161,0.00030525293680006634,-0.29474337933733713,0.4459802178756792,-0.16104755990947653,-0.0014635681539442108,-0.0037296955517996206,0.00031091577177790465,-0.3007624350726007,0.4558553814777977,-0.1647491055855594,-0.0021521462655702582,-0.012635472951242179,-0.5647388227038052,1.4325790282764321,0.08921600734073529,-2.2210981780091554,-0.22928430637968478,0.6803117392082004,-0.07833894544227064,-0.5919295051132885,-1.348652246377344,-0.09948964334035874,-2.272333142852472,0.36521983610616304,-0.47588001585410944,0.14139584826949134,0.5235211782597552,0.4055333690799107,0.08153729715699745,0.4357863391019735,0.41139387927548854,0.4459263704435027,0.35377193874065094,0.5215691496644472,0.3522272176328808,0.38615842542029033,0.2385921461611088,0.4322558260045155,0.19131793114878762,0.22058923200641997,0.24988008055167463,0.08291012078673864,0.039592741721613804,0.1519286250047863,0.0,0.16552224405699176,70,28,16,29,27,30,34,32,16,12,4,2
-0.0018677519238612242,-0.0012088272800177312,0.9551605949255488,0.005500699144387948,0.0013595347688659584,-0.7071689289646571,0.7070219231969509,-0.004412691814854615,0.0002512066468329778,-0.2944612816408741,0.4454222768511594,-0.16086514346373806,-0.0014551606698979445,-0.003724141990768616,0.0002568707875148454,-0.3006309910090792,0.45556515396257435,-0.16469543142266282,-0.0021437082704171603,-0.013225547741643537,-0.5625774765460639,1.4381702750599434,0.0963766991015477,-2.2161134908763342,-0.2109485518133178,0.6793884323869389,-0.08121984534156408,-0.592415490453278,-1.3490386956295353,-0.09999164507826337,-2.26992039307391,0.3621080495538288,-0.4766605357921737,0.14094843555539516,0.5235211782597552,0.4055333690799107,0.08153729715699745,0.4357863391019735,0.41139387927548854,0.4459263704435027,0.35377193874065094,0.5215691496644472,0.3522272176328808,0.38615842542029033,0.2385921461611088,0.4322558260045155,0.19131793114878762,0.22058923200641997,0.24988008055167463,0.08291012078673864,0.039592741721613804,0.1519286250047863,0.0,0.16552224405699176,70,28,16,29,27,30,34,32,16,12,4,2
-0.0019445290798254403,-0.0009319480602777991,0.9552683467427326,0.005391898522867362,0.0016929280451066645,-0.7071240487858389,0.7070669282703556,-0.003639376211164562,9.163624489948759e-05,-0.29342580200372664,0.4423568316636799,-0.1591819646422463,-0.0016130931265111981,-0.002950188610632423,9.743696257761335e-05,-0.30001645711355973,0.45326758552417873,-0.1634312377172744,-0.0023022598189870306,-0.016741538988977192,-0.5650718463307103,1.401658737947307,0.14664961908920515,-2.082159039452117,-0.01058287726512962,0.6854928155705032,0.0094147221185989,-0.6046710550194153,-1.3093791699859691,-0.12707238762808465,-2.141337364408383,0.29691425222402584,-0.5104219224916465,0.20340024512380425,0.5065259474019979,0.36239657923248975,0.10479419341225733,0.39983871752314987,0.6329745630167964,0.5606277682750732,0.6051989220616607,0.6328790062402497,0.6169227000730345,0.46218155551847573,0.204271747403797,0.3983979482256285,0.03295932119343652,0.20488549243526083,0.15013234959192623,0.04796917021388027,0.02293036260550426,0.11015855013472449,0.0,0.17847745657540273,67,21,16,45,44,46,29,26,5,5,2,3
-0.0019432428724331977,-0.0009330109830612152,0.9552489648919442,0.005463415515270095,0.0017861554440784563,-0.7071252391326974,0.7070649594776728,-0.0036133582801483512,8.274486540205455e-05,-0.29343743555130525,0.44188718221591783,-0.1589518527995902,-0.0016010699173731968,-0.0029241522388571,8.866336950203337e-05,-0.30010687761432414,0.4529281019317451,-0.1632597147201311,-0.002290228647290421,-0.01703535210193612,-0.5643367166494614,1.4081373782087245,0.15230629495194484,-2.076804446527396,0.008146166312764797,0.6838214227729127,0.008078069182889636,-0.6059644687034996,-1.3118094851923663,-0.12700579950805316,-2.136935587061129,0.29096712361698396,-0.5135400323210467,0.20343086230981172,0.5065259474019979,0.36239657923248975,0.10479419341225733,0.39983871752314987,0.6329745630167964,0.5606277682750732,0.6051989220616607,0.6328790062402497,0.6169227000730345,0.46218155551847573,0.204271747403797,0.3983979482256285,0.03295932119343652,0.20488549243526083,0.15013234959192623,0.04796917021388027,0.02293036260550426,0.11015855013472449,0.0,0.17847745657540273,67,21,16,45,44,46,29,26,5,5,2,3
-0.0019390728588066,-0.0003463953966690441,0.9551684762942003,0.005240889356534573,0.0022882725114528094,-0.7070994996274784,0.7070909379381378,-0.002510562395227691,-1.2749205795172471e-05,-0.2936795148634874,0.44001141293192714,-0.15719401177143671,-0.0016777843338961287,-0.0018205688307291379,-6.616702945932026e-06,-0.30024584526636633,0.4509224981552292,-0.16154557446439638,-0.0023677032331751928,-0.016031080438895486,-0.5792396903621257,1.3661607634441724,0.21214716470821046,-1.9094131033537332,0.2194984634720097,0.6933638944593473,0.13094972784150935,-0.6263043094252383,-1.2669887165524514,-0.1696457394287881,-1.9627037236483753,0.20806667958271158,-0.5933730858807467,0.28495525591468945,0.4776180240946307,0.34264210500037695,0.10086996021548825,0.3679468222469406,0.8929863671427607,0.6709566887247311,0.9168053117770404,0.7505875278331902,0.9647261538239329,0.5820068909680511,0.2176607789610837,0.4109843552198006,0.0,0.2283779034197848,0.08150490384608043,0.030405607791795974,0.06705727773758162,0.09643607342384429,0.0,0.27831234055134946,62,18,15,64,65,68,31,28,4,1,4,6
-0.0019407469572012808,-0.00034324388239234487,0.955142737203796,0.0053189583194186004,0.002400519438030392,-0.7071059908509466,0.707083491457356,-0.002459733088260405,6.213145571773768e-06,-0.2939047818561735,0.439791490300352,-0.15700552384828798,-0.0016729499261433126,-0.0017696991274381776,1.2529701524109553e-05,-0.30047011876373814,0.4506916276051872,-0.161349017743888,-0.0023629015792820196,-0.016209795105320286,-0.5783671444000429,1.3728193254075112,0.2165429097419761,-1.904600188081158,0.23463204796584033,0.6914477329320241,0.13084382431756833,-0.6269912661507284,-1.2705873035259947,-0.16916594441485083,-1.9581198390811112,0.20168630543352478,-0.598763190226653,0.28443733004479044,0.4776180240946307,0.34264210500037695,0.10086996021548825,0.3679468222469406,0.8929863671427607,0.6709566887247311,0.9168053117770404,0.7505875278331902,0.9647261538239329,0.5820068909680511,0.2176607789610837,0.4109843552198006,0.0,0.2283779034197848,0.08150490384608043,0.030405607791795974,0.06705727773758162,0.09643607342384429,0.0,0.27831234055134946,62,18,15,64,65,68,31,28,4,1,4,6
-0.001894360840929105,0.0003039935042298999,0.9548511408171693,0.0047599836452821825,0.0027165475051767808,-0.7070709926273081,0.70712132927128,-0.001174576648768031,-0.00010531767614119431,-0.2948522032607107,0.44050514456730766,-0.1563208011918245,-0.0017112551045670229,-0.0004838363702586823,-9.920352205666945e-05,-0.30086398604355474,0.45053987674354057,-0.1604141141367823,-0.0024019132035580527,-0.012253875701408663,-0.5940960029315352,1.3278181616619351,0.27956856395250046,-1.7439155116296226,0.3750616275958175,0.6981319998955583,0.24086013336446113,-0.6454813955853809,-1.2265145697220516,-0.22850717228093817,-1.7784668648709476,0.14213505602670856,-0.69810754660066,0.36482960220283334,0.4371102411527813,0.3754813824478613,0.10941212517352408,0.3686752354102604,1.1307870239413824,0.7241128291225521,1.1961545088037684,0.815671641038222,1.268079405105407,0.6651943707528704,0.27530649088033354,0.4732330676085664,0.0,0.3540444719033498,0.13602115315004185,0.0442926166912617,0.2035605082803168,0.1312725660409708,0.15456016263777325,0.4257515860209246,55,23,16,80,82,86,40,38,7,4,13,18
-0.0018892962910905474,0.00029112665334183897,0.9548151597233461,0.004839541036234621,0.002818636643509268,-0.7070805815061977,0.7071108013507416,-0.001148326640509326,-7.438953659951345e-05,-0.29522017121877053,0.44058866399590224,-0.15626201285851654,-0.001710282856918645,-0.0004575566958876461,-6.810759989619167e-05,-0.3011582727131274,0.45048702027407794,-0.1602911124918601,-0.0024009761184305392,-0.012192716861523071,-0.5934338842089348,1.3344863635029849,0.2829821312451623,-1.7380317344724294,0.3868910168766728,0.6981319999947779,0.24372861729140538,-0.6464266321961973,-1.2308843532132383,-0.2293548135745814,-1.7718853864748219,0.13636665624297173,-0.6981307773300329,0.3657588423169677,0.4371102411527813,0.3754813824478613,0.10941212517352408,0.3686752354102604,1.1307870239413824,0.7241128291225521,1.1961545088037684,0.815671641038222,1.268079405105407,0.6651943707528704,0.27530649088033354,0.4732330676085664,0.0,0.3540444719033498,0.13602115315004185,0.0442926166912617,0.2035605082803168,0.1312725660409708,0.15456016263777325,0.4257515860209246,55,23,16,80,82,86,40,38,7,4,13,18
-0.0017513007888382383,0.0006332651473315901,0.9543530559502009,0.00411805913841956,0.0032149246548829904,-0.7070502709840132,0.707143988272424,0.0003773593597824855,-0.0001579923516773129,-0.2965978309763682,0.44308280098535824,-0.15686078539173254,-0.001626849306283976,0.0010685152301931821,-0.0001521286767331992,-0.3017257834695393,0.45168155298396245,-0.16046201529031665,-0.00231795049216112,-0.007571135841063056,-0.6073458845247519,1.302101868333496,0.3459121078025025,-1.6085903179102905,0.4543033905000752,0.698132,0.3064665516003722,-0.6714880381761913,-1.1986106116972581,-0.31210677334530806,-1.6264486048472588,0.10757146148969976,-0.6981319999996178,0.4350338144558993,0.3829391830682793,0.47803911968325935,0.21841669851341497,0.40952794777218143,1.1800373705459817,0.6785618562205412,1.2149027309089364,0.7935017620210431,1.201610617485013,0.6800037076221989,0.350517353471287,0.5460194235224045,0.08096627778562247,0.5219721985486103,0.39637947494569714,0.09447393937216722,0.40912369461083453,0.20529843733628267,0.40323170740219694,0.5539094200254938,46,39,23,82,83,83,51,49,17,20,25,36
-0.001759622081506239,0.0006310452406343602,0.9543134190722662,0.004205578891372626,0.003380952223551372,-0.7070601243018056,0.7071328467060247,0.0005106838769744016,-0.0001249912771761059,-0.2972966859102205,0.44345434861714933,-0.15687334140115905,-0.0016502356991862188,0.0012018590211047037,-0.00011887544136618172,-0.3022578767470159,0.45176234821324207,-0.16035290615151196,-0.0023413697563405256,-0.007306134249789779,-0.6065265912974803,1.3077380378681254,0.3495694338493754,-1.6012010134987142,0.46197745504153315,0.698132,0.309171099549679,-0.6713173221883818,-1.203728860931889,-0.3155418145873352,-1.6180800381417788,0.10411255264566717,-0.6981319999999809,0.43837581853754204,0.3829391830682793,0.47803911968325935,0.21841669851341497,0.40952794777218143,1.1800373705459817,0.6785618562205412,1.2149027309089364,0.7935017620210431,1.201610617485013,0.6800037076221989,0.350517353471287,0.5460194235224045,0.08096627778562247,0.5219721985486103,0.39637947494569714,0.09447393937216722,0.40912369461083453,0.20529843733628267,0.40323170740219694,0.5539094200254938,46,39,23,82,83,83,51,49,17,20,25,36
-0.0016137523491046052,0.000597491423447555,0.9538791121637051,0.003610026480534022,0.003930544335283372,-0.707042713071926,0.7071507055938846,0.002080414801799503,-0.000192765161316521,-0.2990762722698615,0.4466356396904839,-0.1580502682834068,-0.0015836319859404945,0.0027713699121521343,-0.000186709976512579,-0.3030145275550659,0.45327544128655817,-0.16095281234925132,-0.002274656460625322,-0.0027802904182601244,-0.6152390429130496,1.2942428677041495,0.4006557637849991,-1.5178730795009308,0.47506036351630804,0.698132,0.31965302899506837,-0.6821350677374701,-1.1975678662590168,-0.37636317579856887,-1.53201869547473,0.09960715946806106,-0.698132,0.4925899179889624,0.3204054671393091,0.6292825546036515,0.4525350072963017,0.46293881024768474,0.8936675516965216,0.541453397853092,0.801680462162351,0.6953312589263831,0.5663302650868217,0.6296773044472214,0.41393352532335803,0.5895994135534306,0.3511029987017937,0.6560875394219369,0.6967643749551344,0.18176335305154742,0.6175423966772476,0.2940759536424983,0.490920906200039,0.5945769965870096,35,62,37,61,57,48,60,56,38,40,39,41
-0.0016277261510209517,0.000595478576343276,0.9538418464988287,0.003711821752676717,0.0040806864974661915,-0.7070517496094224,0.7071402928353333,0.0021774478195892527,-0.00015027552752785718,-0.2999228825385825,0.44725585855482486,-0.15819347928405403,-0.0016169171724921443,0.0028683827006975846,-0.00014397029981020313,-0.3036219126328074,0.45348397587916284,-0.1609197335673314,-0.0023079180299423003,-0.0024637056012068795,-0.6138903473472679,1.297849183981318,0.4050162951612712,-1.5098423955053664,0.4783576959484013,0.698132,0.31913132841045516,-0.6805681270752026,-1.2030062870177214,-0.38131899002850966,-1.5244806614701505,0.09918832585848221,-0.698132,0.4991883341762779,0.3204054671393091,0.6292825546036515,0.4525350072963017,0.46293881024768474,0.8936675516965216,0.541453397853092,0.801680462162351,0.6953312589263831,0.5663302650868217,0.6296773044472214,0.41393352532335803,0.5895994135534306,0.3511029987017937,0.6560875394219369,0.6967643749551344,0.18176335305154742,0.6175423966772476,0.2940759536424983,0.490920906200039,0.5945769965870096,35,62,37,61,57,48,60,56,38,40,39,41
-0.0015411522655045598,0.0003042111930202403,0.9535673647565845,0.0034432521167332975,0.004694444914507367,-0.7070440875585113,0.7071455044404638,0.003418594384717564,-0.00022387297243006617,-0.3018223096905036,0.449962887469462,-0.15925137501273107,-0.001592250476555301,0.0041088899803558305,-0.00021713559370143055,-0.3045720772329165,0.4546357768619239,-0.16142698856552493,-0.0022827353683259654,0.001547369102865149,-0.6126366131352733,1.3023240413133683,0.42828555255903966,-1.478749590772205,0.46080328726964237,0.698132,0.29846917837177,-0.6738944426842681,-1.2120516638378227,-0.3969770028790082,-1.5028502581658547,0.10663398774039666,-0.698132,0.5326016638517221,0.2562086793259911,0.765732220991643,0.5154196565779704,0.48175506528709544,0.7273182659201798,0.3585686533038457,0.5990725545877728,0.5668562898700803,0.3354783399990424,0.5467627330708901,0.44078789423282866,0.586660375086181,0.24840672595701857,0.6875001323789635,0.6156528857757461,0.2986246045591071,0.5437838574634637,0.36917567366668474,0.41631024488555385,0.5465680590461226,24,83,41,45,42,33,64,56,32,38,37,36
-0.0015648093496419034,0.0002828128114768258,0.9535336850181025,0.0034948418880578255,0.004733655696940884,-0.7070675331445535,0.7071215469470553,0.0034381887757604494,-0.00014089754818376115,-0.3024650727120569,0.45081264747204475,-0.15959606252616404,-0.0016353508421392679,0.004128488645047516,-0.00013403237531683097,-0.3049485332426165,0.4550079098597315,-0.16155372238482268,-0.002325790924503854,0.0015608410224553487,-0.6107758019115381,1.303661091901162,0.4322548120311107,-1.4732719041939808,0.45893496294473923,0.698132,0.29401612519699427,-0.6716845015674844,-1.215810213155104,-0.40017263095384403,-1.5005744956331761,0.10916201842997024,-0.698132,0.5410375645312869,0.2562086793259911,0.765732220991643,0.5154196565779704,0.48175506528709544,0.7273182659201798,0.3585686533038457,0.5990725545877728,0.5668562898700803,0.3354783399990424,0.5467627330708901,0.44078789423282866,0.586660375086181,0.24840672595701857,0.6875001323789635,0.6156528857757461,0.2986246045591071,0.5437838574634637,0.36917567366668474,0.41631024488555385,0.5465680590461226,24,83,41,45,42,33,64,56,32,38,37,36
-0.0015657459663780495,-9.344389320165835e-05,0.953437424394488,0.0036554165642993528,0.0053583352041126605,-0.7070971754878216,0.7070866358450902,0.004147297063433237,-8.164499309217384e-05,-0.30487213514944467,0.4531874299838427,-0.16055763755823974,-0.0016815182322406379,0.004837028810478725,-7.388417443820387e-05,-0.306435019301373,0.4558188436038158,-0.16188783785829902,-0.0023714304343279177,0.0035426571460706636,-0.594724937769527,1.3239206972493875,0.42232720890514924,-1.494532104313356,0.41799383791974415,0.698132,0.2525031038528565,-0.6507190971381567,-1.233735268029153,-0.37215218056570515,-1.539053874024926,0.12978041486358577,-0.698132,0.552241584157962,0.19636615638384106,0.8200601318160217,0.4686558631053949,0.4418354932097532,0.7218140210581653,0.21814097139818492,0.548999616853416,0.4508242617434356,0.22987932290881294,0.46432765599995923,0.4183307951072952,0.5334057370320237,0.036580268526086555,0.5975611343621307,0.6127859206799575,0.3855202632325912,0.5290551809855162,0.42978849767420246,0.20858145401916156,0.4593409885276236,13,92,37,41,36,25,61,47,16,40,38,22
-0.001591603185159837,-0.0001458962684579106,0.9534085433495444,0.003556458782221083,0.0052078175535160524,-0.7071178834561398,0.7070675562729273,0.0041063251419862345,6.584434857938846e-06,-0.3049681012069537,0.4542428358958836,-0.16108464516458962,-0.0017232624428443937,0.004796112181790924,1.4241467123090576e-05,-0.3062745014146221,0.4564150402847813,-0.16219486357664495,-0.002413171384808137,0.0030231374219473386,-0.5922592018869618,1.3226847431794535,0.4230916839612726,-1.4969286834679891,0.41094106288672555,0.698132,0.24607034194723842,-0.6487386729059264,-1.2335477199612592,-0.3703198040256067,-1.5464469191234165,0.1355733332381289,-0.698132,0.5586263827508452,0.19636615638384106,0.8200601318160217,0.4686558631053949,0.4418354932097532,0.7218140210581653,0.21814097139818492,0.548999616853416,0.4508242617434356,0.22987932290881294,0.46432765599995923,0.4183307951072952,0.5334057370320237,0.036580268526086555,0.5975611343621307,0.6127859206799575,0.3855202632325912,0.5290551809855162,0.42978849767420246,0.20858145401916156,0.4593409885276236,13,92,37,41,36,25,61,47,16,40,38,22
-0.0016846926741341695,-0.0006895033085017041,0.9534574958760427,0.003471989005832035,0.005253662579070933,-0.7071701710833282,0.7070153417372391,0.004414870106912107,0.00022307508021048703,-0.30639896953818657,0.4580227739370713,-0.16329440739125856,-0.0018586280496923349,0.005104326765327819,0.00023094484958053956,-0.30647077985245047,0.45806338663919843,-0.16345139440759912,-0.0025482134187876544,0.00046574233096949487,-0.5596957038620072,1.3479442380951594,0.37818181588181926,-1.5957905197096225,0.3220816959830191,0.698132,0.17335233361343697,-0.6220285599463767,-1.247249214091393,-0.29797115804343766,-1.675384841021101,0.19353097272629774,-0.698132,0.5393707902174287,0.15815594232260952,0.7758497637657602,0.2759268681629549,0.36780934266176096,0.45481133551992275,0.11827822324073009,0.26560368196972145,0.37080724235803414,0.0,0.39883885330126734,0.3621320833109963,0.44319766160441093,0.0,0.4400638880258701,0.7650711164509263,0.3782050036521835,0.6725486820752915,0.40544804865942696,0.16153366057070165,0.37131117999960866,6,85,25,22,17,11,53,33,9,48,45,17
-0.0017022820764889743,-0.0007153075108537554,0.9534653443988832,0.003346410223888509,0.00508381601307668,-0.7071623547373296,0.7070250069097371,0.004370145709737509,0.00022532892555301773,-0.3062646405617922,0.45880740533487935,-0.16385589564247854,-0.0018852378826389857,0.00505965073951595,0.00023288085683589296,-0.30612311180216706,0.4585005211410117,-0.16385816314538967,-0.0025748516707349827,-0.0002500193692941869,-0.5590766395099176,1.3427949216079396,0.37696677558061126,-1.6015754773821549,0.31228876174058323,0.698132,0.1705099997075406,-0.6226437091822151,-1.2417887426496113,-0.29407716553949265,-1.6847465894985303,0.20284508821129696,-0.698132,0.5434416149365177,0.15815594232260952,0.7758497637657602,0.2759268681629549,0.36780934266176096,0.45481133551992275,0.11827822324073009,0.26560368196972145,0.37080724235803414,0.0,0.39883885330126734,0.3621320833109963,0.44319766160441093,0.0,0.4400638880258701,0.7650711164509263,0.3782050036521835,0.6725486820752915,0.40544804865942696,0.16153366057070165,0.37131117999960866,6,85,25,22,17,11,53,33,9,48,45,17
-0.001738458398475176,-0.0013584989918645322,0.95363597441399,0.003209880826940388,0.005157866916115693,-0.7071433364896407,0.7070441250249178,0.004736467923340849,0.0002012235052354023,-0.3071174287663383,0.46201207287239604,-0.16630445637510974,-0.0019716373665155836,0.005425450441691745,0.00020865669392948109,-0.30557953310620567,0.45940258198305417,-0.16535009073025564,-0.002660730496398844,-0.004687593528526563,-0.5241209589739504,1.3709531858545754,0.30955385587829654,-1.75822005231078,0.17224878105370042,0.698132,0.08021149050422208,-0.5995444898014787,-1.2638567276958137,-0.19711683159196625,-1.865564423284989,0.3144772283100793,-0.6981319999820266,0.4798478237189916,0.16867484973816163,0.6821381318509865,0.09581536452866503,0.31284133233421335,0.2456864208782752,0.08303126409011956,0.1773529583916353,0.3354248456574688,0.0,0.35154922703165103,0.3118145725885576,0.3598083432182448,0.0,0.29924158717633337,0.39977333748937016,0.28231290572295453,0.2994472393220959,0.3123902607156817,0.0,0.29525351856217263,8,71,14,8,11,10,45,20,5,25,22,6
-0.0017426441449016445,-0.001364682312847944,0.9536600313510214,0.0031276956710065435,0.005042846096693546,-0.7071348991250587,0.7070537615078699,0.0046918596901957725,0.0001758753693464447,-0.3069630537806237,0.46240262702864326,-0.1666395267451667,-0.0019778584760793945,0.005380877837349067,0.00018306957361295285,-0.30527204464994756,0.4595492866204702,-0.1655840674735348,-0.0026669709106271425,-0.005056087081901639,-0.5251975901572984,1.3654817806451078,0.3069581883119919,-1.7628378799732005,0.16136183975251203,0.698132,0.08099950911796513,-0.6011627545064145,-1.2585711057983828,-0.19306737847643957,-1.8708475606855535,0.3245570757949483,-0.6981319999991014,0.48257230123420164,0.16867484973816163,0.6821381318509865,0.09581536452866503,0.31284133233421335,0.2456864208782752,0.08303126409011956,0.1773529583916353,0.3354248456574688,0.0,0.35154922703165103,0.3118145725885576,0.3598083432182448,0.0,0.29924158717633337,0.39977333748937016,0.28231290572295453,0.2994472393220959,0.3123902607156817,0.0,0.29525351856217263,8,71,14,8,11,10,45,20,5,25,22,6
-0.001745362067332544,-0.0013635227276980694,0.9536821545118933,0.0030663252992253333,0.004951166731854843,-0.7071276025391136,0.7070619755894375,0.0046491007517034276,0.0001517297118307593,-0.30686226655870597,0.46272543810592603,-0.16691255001448133,-0.0019810441678698595,0.005338152615387512,0.0001587283661428826,-0.30503093105344514,0.45964817310758355,-0.16576446818565413,-0.002670176366844925,-0.005345854755299386,-0.526735848113218,1.360579615664569,0.3042405730076803,-1.766624542391595,0.15133356783852658,0.698132,0.08266817009212503,-0.6030607240632699,-1.253871572150399,-0.18914965449695495,-1.8749883189276824,0.33406481602563626,-0.698131999999955,0.4858400959189949,0.16867484973816163,0.6821381318509865,0.09581536452866503,0.31284133233421335,0.2456864208782752,0.08303126409011956,0.1773529583916353,0.3354248456574688,0.0,0.35154922703165103,0.3118145725885576,0.3598083432182448,0.0,0.29924158717633337,0.39977333748937016,0.28231290572295453,0.2994472393220959,0.3123902607156817,0.0,0.29525351856217263,8,71,14,8,11,10,45,20,5,25,22,6
-0.0017335360301052,-0.0020328149611692427,0.9537672275694302,0.0031588430820496285,0.00550203285266354,-0.7071142474126698,0.7070708524970356,0.005330253086783631,0.00010582131077899031,-0.3078153977723809,0.46393604669557054,-0.1681022026300153,-0.001996126298413976,0.006018426557982757,0.00011342844868187437,-0.30493989661550425,0.45913974765503707,-0.16628006028658915,-0.0026844575603258525,-0.005885541687501324,-0.4937662737138995,1.4108641032875573,0.23886615236916575,-1.9259088852069683,0.009386597247046987,0.6981319994785173,-0.021881045572624595,-0.5900308970059777,-1.2953775447552276,-0.11631469534906554,-2.0504445210020434,0.44334451334304176,-0.6354872509690398,0.3903499761777481,0.23828259456497508,0.6070153473007349,0.035729507782201915,0.314536588089968,0.20573243090808357,0.11810152610725817,0.13905059094589847,0.34267778825693396,0.0,0.3168836806881112,0.29733476260865205,0.33323279938342654,0.01972393097020288,0.25132774389974133,0.23174471336005195,0.17878444253753603,0.07203722569229704,0.2244281273294128,0.0,0.23939247561625704,20,59,10,7,10,9,43,16,6,13,8,5
-0.001740600877298986,-0.002046054858012166,0.9537915211815188,0.0030837285314097313,0.005413612552611389,-0.7071115876122721,0.7070745265401142,0.005319847164410621,9.976311399712316e-05,-0.307616429298103,0.4641554560972962,-0.16832358372181036,-0.002010360956972282,0.006008015652807968,0.00010719531677819926,-0.30461577314783594,0.45915428475402403,-0.16641438788819396,-0.002698660816953292,-0.006076259562997555,-0.49419762947637186,1.4062787033408297,0.2364821645832704,-1.9295732456618864,-0.0005399076293928617,0.6981319999739258,-0.02183637550131911,-0.5911787670886203,-1.2906480443314379,-0.11434867299882591,-2.054948617069603,0.4512067518864311,-0.6298937341700438,0.3904778511799481,0.23828259456497508,0.6070153473007349,0.035729507782201915,0.314536588089968,0.20573243090808357,0.11810152610725817,0.13905059094589847,0.34267778825693396,0.0,0.3168836806881112,0.29733476260865205,0.33323279938342654,0.01972393097020288,0.25132774389974133,0.23174471336005195,0.17878444253753603,0.07203722569229704,0.2244281273294128,0.0,0.23939247561625704,20,59,10,7,10,9,43,16,6,13,8,5
-0.0017653095997230228,-0.002634304564305305,0.9537797414307785,0.003205029520165182,0.006034571132175935,-0.707102741590979,0.707077806589591,0.006103986203311678,6.0358756073068405e-05,-0.3084760409815523,0.4647364762524696,-0.16912249422746495,-0.002055849951772578,0.00679114598407047,6.842811349651381e-05,-0.3046801337881938,0.4584251203504473,-0.16671526060470557,-0.0027432861294480054,-0.0038599296766535464,-0.4642468609099151,1.4634272360965883,0.19950703092204616,-2.063024333234458,-0.11623790924464573,0.6672273034132341,-0.13930053996437666,-0.5802388195372363,-1.3298261193575356,-0.0695990325364755,-2.2006379671756835,0.5298020887802111,-0.5729991176784088,0.2869935834520658,0.34045268544685897,0.5792649088999979,0.13883965045250243,0.36824621602682767,0.3746755552055692,0.1982151232868188,0.26768669752539165,0.38118946431321626,0.08196729392481131,0.2899910890680219,0.3163230372991393,0.36650526755125584,0.1033634772112275,0.24974476517476754,0.30386002508308324,0.11512642041101612,0.11641517153068874,0.20480037272764107,0.0,0.21014862006111232,38,55,17,19,18,13,46,21,11,16,10,4
-0.0017812564418186196,-0.0026544635883904693,0.9537986449719916,0.0031183772296838673,0.0059571559010019445,-0.707105162726865,0.7070764292932119,0.006141145157264494,7.578604501272956e-05,-0.3082821843150956,0.4649700530075848,-0.16931718515796942,-0.0020901907649308092,0.006828233801492281,8.372215323543053e-05,-0.30435499919593056,0.45843676334116545,-0.1668131805931049,-0.002777506706547452,-0.004065849190856155,-0.46291022655172165,1.4597079974669327,0.19897665735902895,-2.0661097258179466,-0.12458218004456888,0.6657046973793205,-0.1428775989551165,-0.5802490542923633,-1.3255964162344265,-0.06883836936679905,-2.205327952732478,0.5355877956663732,-0.5663479734654002,0.2836964503003163,0.34045268544685897,0.5792649088999979,0.13883965045250243,0.36824621602682767,0.3746755552055692,0.1982151232868188,0.26768669752539165,0.38118946431321626,0.08196729392481131,0.2899910890680219,0.3163230372991393,0.36650526755125584,0.1033634772112275,0.24974476517476754,0.30386002508308324,0.11512642041101612,0.11641517153068874,0.20480037272764107,0.0,0.21014862006111232,38,55,17,19,18,13,46,21,11,16,10,4
-0.0017865193444638698,-0.0030788649748821543,0.9537234236269767,0.003224463077426362,0.006478498580078172,-0.7070823875639127,0.70709414443264,0.006775561478222862,-1.3528806112924631e-05,-0.30916451393655864,0.46556395930577793,-0.169968702063478,-0.002124707844409378,0.007461773888404949,-5.118952842803337e-06,-0.3045371649788844,0.45789816519890464,-0.16704934152181433,-0.0028112214152049594,-9.711804574066734e-05,-0.43955021161012514,1.5052309583602912,0.18802452053737825,-2.15375351056741,-0.20218012333791854,0.6305410173748245,-0.24644771784130484,-0.5705839856832409,-1.3575268730042378,-0.0463525838416986,-2.3029988372470105,0.5853094972875441,-0.5281772432055144,0.19725859400905063,0.42597984018050045,0.578612993517793,0.18096578994326357,0.43624663478560194,0.4558386886775242,0.2809618638022783,0.38446887689118975,0.42943089716376137,0.3423299441370115,0.267160131690065,0.3489712186468228,0.4030576806224806,0.18801712956083091,0.26325378811812883,0.40030665774890206,0.0959363682057058,0.2305098231010959,0.2212199765447982,0.031524346389031815,0.20233722446088648,53,55,22,26,26,26,51,27,17,21,16,5
-0.0018063445926406396,-0.0030963023620885024,0.9537322822805795,0.0031462062696715584,0.006423220105130606,-0.7070909697567965,0.7070864191299271,0.0068394363447283136,2.5453799617540477e-05,-0.30905950696622864,0.46583452178212253,-0.17013365229931385,-0.0021633736543966164,0.0075255352972192924,3.379097787958519e-05,-0.3042987208117587,0.4579345216234871,-0.16710757331819528,-0.0028497317129359,-0.00023951343440427677,-0.4370347909907007,1.5025465813177779,0.18931633197343167,-2.156143004600273,-0.20825735090707448,0.6272641823951076,-0.2532329266426443,-0.5695569138527434,-1.3545563849709605,-0.04660458489189453,-2.307249250319855,0.5893393792645893,-0.5224868121644919,0.19175248580761584,0.42597984018050045,0.578612993517793,0.18096578994326357,0.43624663478560194,0.4558386886775242,0.2809618638022783,0.38446887689118975,0.42943089716376137,0.3423299441370115,0.267160131690065,0.3489712186468228,0.4030576806224806,0.18801712956083091,0.26325378811812883,0.40030665774890206,0.0959363682057058,0.2305098231010959,0.2212199765447982,0.031524346389031815,0.20233722446088648,53,55,22,26,26,26,51,27,17,21,16,5
-0.0018308594417840382,-0.003311906982938549,0.9537147879466935,0.0033168120158986692,0.006576303646573807,-0.7070514274706474,0.7071237726877238,0.006833141879790993,-0.00010285389748736875,-0.3095766913721715,0.466255375731591,-0.17058859381574945,-0.002189556869760152,0.007519299633468591,-9.431181799807668e-05,-0.30438450211282686,0.4576897571866467,-0.16731066998362046,-0.0028759516385933248,0.004085366354430671,-0.4251307591510892,1.5216965516824759,0.1947078278443965,-2.1846354346402213,-0.246672057074202,0.6127256693048477,-0.31413949932693075,-0.565473017679773,-1.3632426156755784,-0.04542154295073933,-2.3339107145923834,0.6117225389109144,-0.49858899593631095,0.1525435087519607,0.4561477341281748,0.5712728106356668,0.1419625680830959,0.4795052486148122,0.38118011807507185,0.33060522364784156,0.3271235186829156,0.4617949040026352,0.3498603766342513,0.26615373993678,0.37968883894899774,0.38584345457682917,0.256642672897792,0.26228809744300036,0.39940838914277815,0.08905289435559528,0.21810318501987924,0.2349509181025506,0.026124542029456643,0.2029310029257075,58,53,21,23,24,26,55,24,21,20,16,5
-0.0018566436271168563,-0.003313400448165315,0.9537162496022903,0.0032509834721308776,0.0065750738466009455,-0.7070674931401344,0.7071080254493666,0.006967126874322687,-4.901027641847209e-05,-0.30957819949439985,0.4664619025513263,-0.1706817748989267,-0.0022261829488794444,0.007653076436742865,-4.048834731213229e-05,-0.3042824165103761,0.45770205203774667,-0.16731339019016098,-0.0029123988251169427,0.004134309558016837,-0.42263728425848685,1.5203555558076118,0.19652130570973536,-2.185224905273614,-0.2503064337565975,0.6108768382136133,-0.3213229707314465,-0.5646423002726197,-1.361485461350719,-0.04617376085621379,-2.3356454653696925,0.6141640500098591,-0.49437199246716357,0.14806730958002987,0.4561477341281748,0.5712728106356668,0.1419625680830959,0.4795052486148122,0.38118011807507185,0.33060522364784156,0.3271235186829156,0.4617949040026352,0.3498603766342513,0.26615373993678,0.37968883894899774,0.38584345457682917,0.256642672897792,0.26228809744300036,0.39940838914277815,0.08905289435559528,0.21810318501987924,0.2349509181025506,0.026124542029456643,0.2029310029257075,58,53,21,23,24,26,55,24,21,20,16,5
-0.0019493740582838329,-0.003464649101832256,0.95377351245746,0.003439673591950262,0.0062929270939646,-0.7069531262624983,0.707224041575123,0.00641452105832967,-0.0001924403802561085,-0.30935552293607504,0.46661210478353343,-0.1708482921226822,-0.002298925839688698,0.007101250293551588,-0.00018393674979375345,-0.3039514798689459,0.45779777872668204,-0.16745991817538572,-0.002985511811555836,0.006219247159041506,-0.4249599712561273,1.5124210072934796,0.20505124521169477,-2.171340757920317,-0.25272065032136326,0.614468216848839,-0.3217135426655519,-0.5667065552496702,-1.352481168004101,-0.05533851353704721,-2.317448286786432,0.6152686384340604,-0.48898263098435424,0.15512839493669575,0.4210472255550991,0.5425341668124508,0.08703030209862912,0.48317314530434086,0.36370993076796926,0.3337101120272619,0.2987259820087092,0.46297259982200334,0.27734681568249997,0.24596368388324702,0.3968904898973885,0.3251192872896804,0.17727290013884633,0.24005239333308237,0.3681669606254946,0.07330340970474136,0.1895698093699901,0.22601233651150926,0.0,0.20427446139078387,52,49,18,22,22,22,58,15,16,18,14,4
-0.0019382667177882831,-0.003402542773709844,0.9537835822073857,0.003476293767849504,0.006310764964814733,-0.7069916187442056,0.7071852237233514,0.006338399744848801,-0.00020507235598966845,-0.30946235474111644,0.46659224701217156,-0.17090816994470215,-0.0023142656815569916,0.007025247908486779,-0.00019657232522430395,-0.3040278144561056,0.45769634415115734,-0.16748420293686966,-0.003000997305761381,0.007178712078619268,-0.4253444679426823,1.508515292252631,0.20950167625755572,-2.1622993345431882,-0.2544421719653285,0.6169098148500625,-0.32352842163074524,-0.5677073386454643,-1.3481045542304582,-0.06035134265814376,-2.306139860835682,0.6164905123503018,-0.4845692358095979,0.15891974463229505,0.4210472255550991,0.5425341668124508,0.08703030209862912,0.48317314530434086,0.36370993076796926,0.3337101120272619,0.2987259820087092,0.46297259982200334,0.27734681568249997,0.24596368388324702,0.3968904898973885,0.3251192872896804,0.17727290013884633,0.24005239333308237,0.3681669606254946,0.07330340970474136,0.1895698093699901,0.22601233651150926,0.0,0.20427446139078387,52,49,18,22,22,22,58,15,16,18,14,4
-0.002086794044931887,-0.0031052783188015667,0.9539411080586802,0.003847305423896858,0.0060190694167042485,-0.7070210554407845,0.7071564156590329,0.005497867351651797,-0.0001923763790625576,-0.30956424776400976,0.4659073493326982,-0.17052250273661612,-0.0024310850802265554,0.006185884868585368,-0.0001838778773339448,-0.30430258435791246,0.4572594763855003,-0.1671299931683318,-0.003119046122016492,0.011567297898813647,-0.44466267672417914,1.461393977215549,0.23793320540226112,-2.065771117684181,-0.23414353825104162,0.6581591620515165,-0.2712414276394309,-0.5810171797299393,-1.3061764632627548,-0.09882866699848367,-2.193542800101906,0.6039131676699204,-0.4786000278603694,0.2316321869891407,0.33879776425011787,0.5050361954390192,0.11211293492452272,0.46279150445881645,0.3498680037230825,0.3003279324626522,0.23901962965479975,0.43774308008626195,0.028901448135842223,0.2154568819014204,0.3913815500996861,0.30228654094924023,0.0,0.22046608157439926,0.22375011054824429,0.056636894158304585,0.10091748553102005,0.19710683921180241,0.0,0.2109773111166055,38,43,19,21,18,8,57,11,3,10,9,4
-0.0020925937520018547,-0.003054100025759235,0.9539369007133361,0.003890808492491186,0.006106207739781486,-0.7070378209068634,0.7071386679029703,0.005567777715837367,-0.0001408170953949824,-0.30976224648891465,0.4657143178661335,-0.1703101480065744,-0.002432247536797575,0.00625572362567134,-0.00013221644106410104,-0.30454034947695013,0.4571092171586677,-0.16692230248291937,-0.0031202148543709317,0.011969573287710743,-0.44602732301452086,1.4626704831439892,0.23751638697053842,-2.059064894929812,-0.23212853526249208,0.6638504802103157,-0.26786622937879173,-0.582613921138158,-1.3073035022753454,-0.09983923764946782,-2.186128945939234,0.6030927676412937,-0.4787837772450135,0.23785931579382028,0.33879776425011787,0.5050361954390192,0.11211293492452272,0.46279150445881645,0.3498680037230825,0.3003279324626522,0.23901962965479975,0.43774308008626195,0.028901448135842223,0.2154568819014204,0.3913815500996861,0.30228654094924023,0.0,0.22046608157439926,0.22375011054824429,0.056636894158304585,0.10091748553102005,0.19710683921180241,0.0,0.2109773111166055,38,43,19,21,18,8,57,11,3,10,9,4
-0.002186912577740363,-0.0025818254145000543,0.9540458745821093,0.004339503177003264,0.005777928730543803,-0.7070426762472892,0.7071339605879727,0.004506362616482883,-0.0001185347181464736,-0.3098231581533693,0.46435593079442905,-0.16919063885650246,-0.002499240443665611,0.005195532780996515,-0.00010987050233066665,-0.30510419554194057,0.4565748987274227,-0.16607006418243825,-0.003188310664518659,0.015798699037215484,-0.4868113754537924,1.401819143069442,0.27688044067946027,-1.9302548115532514,-0.18572417972191402,0.6981319543949662,-0.1617856948641319,-0.6026999037099222,-1.260737177014253,-0.14652333764187825,-2.0394562212339227,0.5711234734797965,-0.5074578060468058,0.35427399228267287,0.24783321076481324,0.4893697099207439,0.13248066549590873,0.4526117406968656,0.37193304953874046,0.2602499368491064,0.2615237130437969,0.4103954287703002,0.0,0.2117385801030941,0.37060370206066645,0.3578026195684992,0.0,0.2490875090850515,0.11840409638638393,0.06421528830338917,0.06252490201624762,0.16556022242151514,0.0,0.2317735898325262,22,41,19,21,18,6,54,20,4,4,6,4
-0.002176561938459371,-0.0025376453967588474,0.9540333088623693,0.004445040064180686,0.0058790358354353514,-0.7070514749627672,0.7071236739845789,0.004484482458580678,-8.766337774827792e-05,-0.31009077516103467,0.464047622862816,-0.16887897843737104,-0.0024778322305031007,0.005173680888794358,-7.880536886126306e-05,-0.3054737281020799,0.45642297579848584,-0.16581413277163598,-0.0031669702171065687,0.01611955916372636,-0.4896140517394869,1.404479256073472,0.2762438108914125,-1.9253832959842792,-0.18300739038371894,0.6981319977197483,-0.1548821910624927,-0.6039358775714951,-1.264536385328522,-0.1461710328720027,-2.0331459539633405,0.5689074074796721,-0.5122193131642737,0.3620098147283396,0.24783321076481324,0.4893697099207439,0.13248066549590873,0.4526117406968656,0.37193304953874046,0.2602499368491064,0.2615237130437969,0.4103954287703002,0.0,0.2117385801030941,0.37060370206066645,0.3578026195684992,0.0,0.2490875090850515,0.11840409638638393,0.06421528830338917,0.06252490201624762,0.16556022242151514,0.0,0.2317735898325262,22,41,19,21,18,6,54,20,4,4,6,4
-0.0021345346410289704,-0.0019332409466090732,0.9539744615442841,0.005069806277596606,0.005647364958779798,-0.707043304127695,0.7071295287438664,0.003132737717815585,-0.00012590358575675695,-0.31077834238407415,0.46255057506997427,-0.16732788794991052,-0.002358700377526511,0.0038231850956929785,-0.00011672262538797953,-0.3070400363927323,0.4563924179110015,-0.16481349066857529,-0.0030490489530166152,0.021423352400217713,-0.5440015614170223,1.3436964337910267,0.33774832964054535,-1.7858659032747213,-0.13279689592553018,0.698132,-0.02102426695893194,-0.6242751446285418,-1.2215609450491636,-0.19932126973411277,-1.8741189107119534,0.5239271855460533,-0.593275889520362,0.4967900225978487,0.19122167624054012,0.5212549380392106,0.149171702918336,0.4769524602376751,0.41591182112390856,0.2524845830345482,0.330540419572715,0.4116683323003647,0.0,0.25752590549241,0.36368385554894445,0.522374366041501,0.0,0.396372354002349,0.11526554060569259,0.12012362967203377,0.10303402886162105,0.15827539265661603,0.19798491435848076,0.2595034071681509,12,46,21,23,22,7,53,46,8,5,8,16
-0.0021170264110801627,-0.001897623572341831,0.9539545164337657,0.005181724436899767,0.005740142395646144,-0.7070525176503972,0.7071187579051862,0.0030791672892286496,-9.252799204731715e-05,-0.3110856142314193,0.46231704604578105,-0.16701039586893274,-0.002324496865881767,0.0037696578792548985,-8.310785464270463e-05,-0.30749945255525485,0.4563979994536244,-0.16458478853939756,-0.003014926181347761,0.02170351684237571,-0.5455784390294008,1.3474468145371346,0.33770316523118393,-1.7822027763058526,-0.13121147086051385,0.698132,-0.013322547187026083,-0.624271168227672,-1.2265093184354794,-0.19838128399869226,-1.868678785969046,0.5213053719126265,-0.6018949071530495,0.5035980551413,0.19122167624054012,0.5212549380392106,0.149171702918336,0.4769524602376751,0.41591182112390856,0.2524845830345482,0.330540419572715,0.4116683323003647,0.0,0.25752590549241,0.36368385554894445,0.522374366041501,0.0,0.396372354002349,0.11526554060569259,0.12012362967203377,0.10303402886162105,0.15827539265661603,0.19798491435848076,0.2595034071681509,12,46,21,23,22,7,53,46,8,5,8,16
-0.002034754323714298,-0.0014134625033699636,0.953720062209902,0.0054116035397793714,0.005465433977043915,-0.7070261142001083,0.7071456125987541,0.0022164537682895025,-0.00019850921195206157,-0.3116340681886172,0.46223220683932154,-0.1663663644089243,-0.0021835866628615625,0.0029076469991090297,-0.0001891859615677187,-0.30879374551916294,0.4575886587824849,-0.1644650678795954,-0.0028747022206326,0.02759160181948848,-0.5888381347426928,1.298836244806428,0.4098001211456531,-1.6584660695321587,-0.09546942525808289,0.698132,0.10363129312092846,-0.6411755835740939,-1.186982588305099,-0.2583575618176979,-1.7330239410809218,0.48848395490603175,-0.6979560243293521,0.614750922511809,0.1936891180172546,0.5968253908159524,0.24174991801686457,0.5518910776452564,0.5181233286689423,0.3004106087093192,0.43222647829314326,0.4578775648564114,0.1857288807384187,0.3339216284793111,0.39664275786336045,0.7189173591851541,0.3660753580499046,0.6529289647147252,0.23990856074942551,0.22841771438002278,0.19603998925322838,0.1996197293622388,0.5096155641504632,0.26818104458272657,13,57,28,31,29,19,58,76,39,15,14,33
-0.0020160610048153434,-0.0013854396145732155,0.9536867202486043,0.005528885820898733,0.005564187537832328,-0.7070390250944344,0.7071310262123535,0.0021600963272792105,-0.00015217217755362461,-0.31205504398913775,0.4621580582514637,-0.16609085120678418,-0.002147790573212103,0.002851332803099808,-0.00014259377917456883,-0.3093770464672667,0.45776486167700087,-0.16427896207993548,-0.002838978516761717,0.027955679361990653,-0.589438338449221,1.304084742260845,0.41160237583173737,-1.6523362570021938,-0.09397259765788768,0.698132,0.11372133182444658,-0.6415172123333915,-1.1923024106100675,-0.2594370734307752,-1.7261571554346113,0.4863133835978777,-0.6981232012164675,0.622973338836832,0.1936891180172546,0.5968253908159524,0.24174991801686457,0.5518910776452564,0.5181233286689423,0.3004106087093192,0.43222647829314326,0.4578775648564114,0.1857288807384187,0.3339216284793111,0.39664275786336045,0.7189173591851541,0.3660753580499046,0.6529289647147252,0.23990856074942551,0.22841771438002278,0.19603998925322838,0.1996197293622388,0.5096155641504632,0.26818104458272657,13,57,28,31,29,19,58,76,39,15,14,33
-0.0019429646158866966,-0.0011889129246403208,0.9532730920301066,0.005669824495390326,0.005558418035084229,-0.7070196465442485,0.707149331103117,0.0018517741842909714,-0.00022084993995138687,-0.3132490306183273,0.463302238063164,-0.16618103118923744,-0.0020324640250931033,0.002543462084386753,-0.00021126755829393138,-0.3111830266093127,0.4599537083013888,-0.16481904655324645,-0.002724088487105899,0.0337462216484213,-0.6162467816155288,1.2810935619204409,0.4783446635061902,-1.5488961468733762,-0.07075079237048512,0.698132,0.2166823519037541,-0.6643939489239998,-1.170566874928426,-0.3355533424602101,-1.6264901520485309,0.4774808641464999,-0.6981319999972504,0.6981210648193348,0.2446739902857783,0.6839695058351041,0.4280818798250174,0.6506807013854761,0.6975777332931489,0.3864826901420184,0.5906226477339973,0.5346835885705177,0.3828620918752187,0.42042011130156504,0.46556209247330976,0.8514130083326914,0.8537391307998717,0.9128941860029538,0.42687140672229673,0.3827209994584875,0.2819810488189804,0.2845638219526666,0.4028402300509746,0.24656583992847755,22,71,41,44,40,32,68,97,78,29,21,26
-0.0019209809112608514,-0.0011689541508150291,0.9532360479231049,0.00580144242481571,0.005696043699797503,-0.7070401688105449,0.7071266492222726,0.0018280105418434747,-0.0001620507494915143,-0.3138786729353531,0.4634353366766761,-0.1660109454541308,-0.0020058755411635027,0.002519728717598584,-0.00015215304932791028,-0.3119472995945884,0.46028224693364905,-0.164714677784522,-0.002697569284310014,0.03400918871312155,-0.6152386104470743,1.2871928924676206,0.48140245109310437,-1.543037583641407,-0.06997544899016796,0.698132,0.22692809128973512,-0.663655995582196,-1.1741359117046934,-0.33910605000029764,-1.6201649792609722,0.4759785055290025,-0.6981319999998625,0.6981314532409667,0.2446739902857783,0.6839695058351041,0.4280818798250174,0.6506807013854761,0.6975777332931489,0.3864826901420184,0.5906226477339973,0.5346835885705177,0.3828620918752187,0.42042011130156504,0.46556209247330976,0.8514130083326914,0.8537391307998717,0.9128941860029538,0.42687140672229673,0.3827209994584875,0.2819810488189804,0.2845638219526666,0.4028402300509746,0.24656583992847755,22,71,41,44,40,32,68,97,78,29,21,26
-0.0018331431608738142,-0.0011774736206694547,0.9528848984997803,0.005704989404227921,0.005763321402133539,-0.7070136512920628,0.7071534021052149,0.0019663762573250408,-0.00019241061508306175,-0.3149467310506778,0.46529579862754245,-0.16657090034672598,-0.0019126695581559228,0.002658271304550621,-0.00018247524920440129,-0.3133416144280579,0.46271800705553945,-0.1655364195044815,-0.0026045864498342353,0.037241699703587955,-0.6231543055182415,1.2784904299033033,0.5217224968812125,-1.4823629062110382,-0.06079671605754136,0.698132,0.2961658028585824,-0.6755913924217041,-1.1643069490031936,-0.39600380676878233,-1.5580217253751896,0.4772412491928702,-0.698132,0.6981319999965827,0.30318479210207167,0.7490558356082861,0.4744434970780558,0.717509559157203,0.5426094428630892,0.4792868206589251,0.4622296829725994,0.5986700467556777,0.31565831120022475,0.4896153562863159,0.5403182618875336,0.8611471197234378,0.7446083701550616,1.0598822115010107,0.657745549851454,0.49480109601313393,0.4585163379093488,0.38451641966001404,0.46884097272586145,0.22295616027151208,32,81,45,37,35,31,79,98,74,45,33,29
-0.0018192523379373378,-0.0011680690494275906,0.9528498734201419,0.005799258368994598,0.005917073394726282,-0.707033397957204,0.7071316221312001,0.0020362457765585765,-0.00015308626429066477,-0.31561495118932553,0.4656045528727569,-0.16656566807516165,-0.0018923334986219109,0.0027281260157298983,-0.00014290924255517303,-0.31408840678661887,0.46313268517680883,-0.16557210917785178,-0.0025842684971058493,0.03758069824612922,-0.621659381291161,1.2836798279240902,0.5251672448576372,-1.4771340926952221,-0.06102889658820709,0.698132,0.30655148457169035,-0.6742981821038307,-1.1672428306600346,-0.40074990247198233,-1.5516049281894844,0.47608237840297424,-0.698132,0.6981319999998291,0.30318479210207167,0.7490558356082861,0.4744434970780558,0.717509559157203,0.5426094428630892,0.4792868206589251,0.4622296829725994,0.5986700467556777,0.31565831120022475,0.4896153562863159,0.5403182618875336,0.8611471197234378,0.7446083701550616,1.0598822115010107,0.657745549851454,0.49480109601313393,0.4585163379093488,0.38451641966001404,0.46884097272586145,0.22295616027151208,32,81,45,37,35,31,79,98,74,45,33,29
-0.0018840581574881964,-0.0012124500837590493,0.9526735956877525,0.0057784664209957325,0.00611381528145179,-0.7070223384572331,0.7071411765064968,0.002445688365428455,-0.0001051922080011846,-0.31657709233473064,0.4666600465677038,-0.1667593266797264,-0.0019392855613549135,0.0031375111971373953,-9.469433007055559e-05,-0.31512211317621225,0.46431152183524044,-0.16582321267034017,-0.002631167224787539,0.03823645217213882,-0.6157980207450281,1.2819693439000315,0.5279499391575286,-1.4643936092762397,-0.06041139651000242,0.698132,0.3329396045315977,-0.6721138074931569,-1.1712131841655744,-0.4122369556440576,-1.5390578622272044,0.48877341128790736,-0.698132,0.6981319999999995,0.32726485544574213,0.7694998545212768,0.3783031871492544,0.7085690751572771,0.40561378512519636,0.4839322326292645,0.3534046341995687,0.6017035511686916,0.30131612043183886,0.5196654928693581,0.5899326143609288,0.7555201773651765,0.5099113625520912,1.039424325947113,0.5825659286541112,0.5090258261228606,0.4967519116046118,0.479956494766269,0.46493270929174807,0.2342600818780262,36,84,40,29,29,31,86,82,58,41,37,29
-0.0018671886333056018,-0.0012328792986846706,0.9526441242730619,0.005791369274204366,0.006110248646873581,-0.707014522926808,0.7071489159109148,0.0024079983543485724,-0.00012918147144906267,-0.3169176575346865,0.46721692897924016,-0.16692996350049588,-0.0019467696123206622,0.003099856645977591,-0.00011861159170389288,-0.3154920644187684,0.4649310600778671,-0.16602867400859558,-0.0026386886377939033,0.038957852785909616,-0.6142303604186411,1.2841149285714437,0.5291986714278029,-1.4619733836398667,-0.061447941157892205,0.698132,0.3431914546847383,-0.6705717853771126,-1.173063134157811,-0.4159848303982275,-1.5353260879110657,0.4929966762111471,-0.698132,0.698132,0.32726485544574213,0.7694998545212768,0.3783031871492544,0.7085690751572771,0.40561378512519636,0.4839322326292645,0.3534046341995687,0.6017035511686916,0.30131612043183886,0.5196654928693581,0.5899326143609288,0.7555201773651765,0.5099113625520912,1.039424325947113,0.5825659286541112,0.5090258261228606,0.4967519116046118,0.479956494766269,0.46493270929174807,0.2342600818780262,36,84,40,29,29,31,86,82,58,41,37,29
-0.001850627585925824,-0.0012567171966819887,0.9526123590669544,0.005797344849946381,0.006119473306473869,-0.7070226068795421,0.7071407046694451,0.0023926572806148394,-0.0001313154320212762,-0.31724218428490175,0.4677617042613438,-0.16713308390293868,-0.0019418506202737477,0.003084541590741135,-0.00012070017390787601,-0.31585396191541476,0.465531471202941,-0.16625900176948574,-0.002633801961734576,0.03950942686595332,-0.6128727195072647,1.2866463768233278,0.530389108384096,-1.4607452619232815,-0.06303931649800633,0.698132,0.3522949961749682,-0.6690207944251683,-1.174661340763448,-0.41900416400174223,-1.5326769316433844,0.4961881808251003,-0.698132,0.698132,0.32726485544574213,0.7694998545212768,0.3783031871492544,0.7085690751572771,0.40561378512519636,0.4839322326292645,0.3534046341995687,0.6017035511686916,0.30131612043183886,0.5196654928693581,0.5899326143609288,0.7555201773651765,0.5099113625520912,1.039424325947113,0.5825659286541112,0.5090258261228606,0.4967519116046118,0.479956494766269,0.46493270929174807,0.2342600818780262,36,84,40,29,29,31,86,82,58,41,37,29
-0.0020200430830293868,-0.0012700437168108609,0.9526121601244715,0.006184860614965165,0.006665354951778045,-0.7070478175422312,0.7071072791672482,0.0028348989849205576,-1.5986028241722406e-05,-0.3192389138842189,0.4682245186555882,-0.16710365491104417,-0.0020792325798537395,0.003526595140517718,-4.6001612369978675e-06,-0.31789537152141534,0.4660245898432907,-0.16622908497833863,-0.002771087484316621,0.03912255160442188,-0.5948426632466849,1.2947581361479379,0.5019427012203326,-1.484549824939065,-0.06960431752894314,0.698132,0.3589697027565535,-0.6525036027538024,-1.1931734782940762,-0.39480389512952935,-1.5569083148982845,0.5274750751522652,-0.698132,0.698132,0.3076353816946572,0.7267780516101026,0.325204162651205,0.619181924069986,0.5321007630769538,0.38369062585107927,0.3983445935103951,0.5260647163918566,0.265676776358795,0.5000628011956452,0.6004979300812915,0.5872957971069546,0.537546085623421,0.8884430656603094,0.8242521421532779,0.4478628743351142,0.7068333539428149,0.524537029697586,0.4400212583588901,0.2805823332297859,33,77,34,34,29,28,88,56,56,53,49,29
-0.0020060215599657727,-0.0013428430619362897,0.9525734795985419,0.006000297503919997,0.006372055055920304,-0.7070233226135243,0.7071360651421776,0.0026665607299081436,-6.776635998056027e-05,-0.31887439938121614,0.4691045551074459,-0.16739619622079466,-0.0021073814144918867,0.003358382542634442,-5.6499131287624315e-05,-0.31754127413575006,0.46695727358667816,-0.1665499530021473,-0.0027992829402909225,0.03986696428066122,-0.5927213579112163,1.2944528166423734,0.49639064928726967,-1.4928204264936242,-0.07304386744920098,0.698132,0.3639632754906625,-0.6496675500381949,-1.1942378454182325,-0.39119636687189635,-1.5640054866548778,0.5391284015198067,-0.698132,0.698132,0.3076353816946572,0.7267780516101026,0.325204162651205,0.619181924069986,0.5321007630769538,0.38369062585107927,0.3983445935103951,0.5260647163918566,0.265676776358795,0.5000628011956452,0.6004979300812915,0.5872957971069546,0.537546085623421,0.8884430656603094,0.8242521421532779,0.4478628743351142,0.7068333539428149,0.524537029697586,0.4400212583588901,0.2805823332297859,33,77,34,34,29,28,88,56,56,53,49,29
-0.0021646907344417105,-0.0017491807449267708,0.9527268451375487,0.0056230456876802835,0.005510754002442592,-0.7070326655202883,0.7071370608551046,0.0021209256891572123,-0.00011643777531007975,-0.3176453945245478,0.4718445899159488,-0.1694422708156994,-0.0022946239295284034,0.002813064647422403,-0.0001061096922396368,-0.3166111555268247,0.47019263559796703,-0.16877549964893068,-0.002986843504158937,0.04211327094912051,-0.5698357811895781,1.2902889927782024,0.40577708305584004,-1.6118270375298132,-0.11805842100567895,0.698132,0.3472877778355522,-0.6223928823310952,-1.2072238302697857,-0.31503616998902073,-1.6863281450719296,0.6535332442915386,-0.698132,0.6858559463849676,0.27526465533816324,0.6170898851620831,0.22247443194466912,0.4817902336715232,0.5381633562199738,0.2577522136098699,0.36659241184080793,0.40671526241613,0.08262341555051352,0.4395475498199601,0.5724615892957853,0.42216795382768224,0.37532487004718873,0.6864671767144632,1.1927095430195969,0.3564818852902837,1.1615129694640896,0.5238537420220765,0.6564010354621801,0.3252095382653011,27,61,25,31,24,17,84,30,40,72,74,42
-0.00216214292512672,-0.0017537136973818394,0.9527452207020949,0.005548772576592906,0.00536551041241406,-0.707038249613719,0.7071331812353858,0.002007504712235896,-0.00011268099612237069,-0.31736975322084354,0.4721315015640506,-0.16980282391324356,-0.0022808691882620865,0.0026996929377250886,-0.00010265892154919716,-0.31641924364014634,0.47061244407585023,-0.16918310807510595,-0.0029731474305026524,0.04259262430477231,-0.5729261523846815,1.28427101933391,0.4004661483222704,-1.618777662973428,-0.12565743094431642,0.698132,0.3499789871171719,-0.6230251230028828,-1.2021481532873297,-0.31154618308532955,-1.693338073605969,0.6675570695205495,-0.698132,0.6923469502748807,0.27526465533816324,0.6170898851620831,0.22247443194466912,0.4817902336715232,0.5381633562199738,0.2577522136098699,0.36659241184080793,0.40671526241613,0.08262341555051352,0.4395475498199601,0.5724615892957853,0.42216795382768224,0.37532487004718873,0.6864671767144632,1.1927095430195969,0.3564818852902837,1.1615129694640896,0.5238537420220765,0.6564010354621801,0.3252095382653011,27,61,25,31,24,17,84,30,40,72,74,42
-0.002270626501471922,-0.0020970059825156065,0.953189452224564,0.005578730139304908,0.004637131213160481,-0.7070654763175781,0.7071108731902959,0.0009784883882671127,-4.4165955346474227e-05,-0.31519583047482,0.4715912670103712,-0.17075743150530376,-0.0023300949478753793,0.0016707958615508683,-3.49566788836184e-05,-0.3151648537896262,0.47156164338299794,-0.17067064084698896,-0.0030225237652311797,0.043537848262093205,-0.5671365465697097,1.2782212320455764,0.2797865420003656,-1.7701478749412425,-0.21771584689944004,0.698132,0.2936418641156577,-0.6079260846822396,-1.2075898864498413,-0.2089502718984225,-1.8519834899561867,0.7928052193001094,-0.698132,0.6259482625915276,0.27328716238906864,0.4769372584198903,0.03242367964599946,0.3503290498982894,0.2715637544724793,0.17053271782032453,0.1320931151355034,0.31504753322848933,0.0,0.3734274702574681,0.5139324789756385,0.3159559247442748,0.21244233176408325,0.50060528443375,1.040380940910131,0.2581030422428132,1.020054155762997,0.47968066293128386,0.49675503574397295,0.33348306214487,27,39,11,12,8,10,75,13,25,61,65,34
-0.002263384115611087,-0.0020746991555131845,0.9532233394013164,0.005554152191566398,0.004552754064354085,-0.7070654334314516,0.7071116578520378,0.0008772399276402821,-4.674242358788679e-05,-0.3148883094025787,0.47138887237371074,-0.17077497143173168,-0.002312145285293953,0.001569541787003574,-3.769212438633427e-05,-0.3149851659496402,0.4715719095908064,-0.1707724390303553,-0.0030045649304872037,0.0438069716779658,-0.5714300035634935,1.2724748234762617,0.27375969367221825,-1.7737718171239967,-0.22631537965477722,0.698132,0.2953465809559087,-0.609951360979469,-1.2029733389001647,-0.2049951742928825,-1.8551469957953408,0.802451104802038,-0.698132,0.6279502223263788,0.27328716238906864,0.4769372584198903,0.03242367964599946,0.3503290498982894,0.2715637544724793,0.17053271782032453,0.1320931151355034,0.31504753322848933,0.0,0.3734274702574681,0.5139324789756385,0.3159559247442748,0.21244233176408325,0.50060528443375,1.040380940910131,0.2581030422428132,1.020054155762997,0.47968066293128386,0.49675503574397295,0.33348306214487,27,39,11,12,8,10,75,13,25,61,65,34
-0.0022863343378059535,-0.002540337086195246,0.9535763670967266,0.005839266417546311,0.004466259484448536,-0.7070931382600156,0.707082208317764,0.00033541339320795763,3.4910711259288204e-05,-0.31311792039273695,0.468942181520212,-0.17037174474723957,-0.0022884469654780044,0.0010275242333068523,4.417608240633656e-05,-0.31398500314299904,0.4703658727194261,-0.1708376700981811,-0.0029806640516959475,0.04337044702393386,-0.5632070244831224,1.3032521326436783,0.17754200156637057,-1.913735266734851,-0.3084307003551926,0.698132,0.20766519095573238,-0.6003672933359995,-1.2369858727643073,-0.11290901902270534,-2.0146116871065254,0.8566981593461668,-0.6833205710060045,0.5306651129941633,0.3192556616813878,0.37429406113766833,0.0,0.2936617346511225,0.1525929671312654,0.14778235102057846,0.04870824733892979,0.3028384489653059,0.0,0.3441749840491723,0.443936991802202,0.2974692402275182,0.12089248211412232,0.3720082732295014,0.6542947023077033,0.1650358033411684,0.5778592294470879,0.40476943846631275,0.14874156652418202,0.30177163391331685,35,23,8,4,3,10,65,11,15,37,40,14
-0.002282581112055341,-0.002545323212201209,0.953614071406307,0.0057971577308964595,0.004364726952849513,-0.7070886985846384,0.7070876285544483,0.00023920672657063547,2.4233602205813563e-05,-0.31261698108683167,0.46858470536331137,-0.1703555190874462,-0.002277154525914144,0.000931296367140536,3.333348387010155e-05,-0.3136103569911943,0.47022428745997386,-0.17090947898463077,-0.0029693540031287225,0.04341654374511893,-0.5659306425850865,1.2978137707311692,0.17223818548467262,-1.9176986851391211,-0.31635322465123056,0.698132,0.20573014687875674,-0.6021491252239325,-1.2324198083261555,-0.10980201975217352,-2.019859871896816,0.8611192655045848,-0.67876891565169,0.5267848601981091,0.3192556616813878,0.37429406113766833,0.0,0.2936617346511225,0.1525929671312654,0.14778235102057846,0.04870824733892979,0.3028384489653059,0.0,0.3441749840491723,0.443936991802202,0.2974692402275182,0.12089248211412232,0.3720082732295014,0.6542947023077033,0.1650358033411684,0.5778592294470879,0.40476943846631275,0.14874156652418202,0.30177163391331685,35,23,8,4,3,10,65,11,15,37,40,14
-0.002228739054840746,-0.0031018504134422884,0.953889237232416,0.00596570028367326,0.0044058397398315675,-0.7071119637947862,0.7070627056029712,-2.879432656345873e-05,8.750162497530854e-05,-0.31038833218238443,0.4656099633369354,-0.1699345370641713,-0.0021707855564942913,0.0006630298705967437,9.674533928010633e-05,-0.3120664692945911,0.46835688416469035,-0.1709279159640861,-0.00286269682425026,0.04203939012499227,-0.5587489891802662,1.3368300779179005,0.10356951468973435,-2.0525192171353512,-0.3909881694199968,0.698132,0.09740194392212474,-0.5960910892806327,-1.2658111364367648,-0.03259990095409256,-2.1775195935354597,0.8641792058337927,-0.64276283447706,0.41649173049467003,0.39403106462396864,0.35754394432006104,0.07196671439051647,0.30843566751657414,0.27707258955042663,0.18345653186549218,0.1787486283812851,0.35863618881925163,0.04034286678082845,0.362658483340044,0.389900271710226,0.35748412315994893,0.11931889326052422,0.33936934212685355,0.41019859053726027,0.13046283798780053,0.2831220752707641,0.3293623397809114,0.0,0.2501572737434764,48,20,12,13,12,12,57,20,14,22,22,5
-0.002233481043699201,-0.0031162229135743283,0.9539205389036953,0.005928126458161353,0.004336167190287997,-0.7071065724751142,0.7070688439842975,-7.13456445312447e-05,7.61688833195273e-05,-0.309914106740472,0.4651967768547856,-0.16986854434611975,-0.00217555629662143,0.0006204601186240294,8.530240112090444e-05,-0.31168770145491964,0.4681097493179261,-0.1709327171777957,-0.002867448789014557,0.04189164256151369,-0.5597747281505483,1.332902840208065,0.10030104903656804,-2.0552945892428243,-0.396587956889088,0.698132,0.09306282175463712,-0.5977309371920962,-1.2622753274982401,-0.031018156501672327,-2.182621006683814,0.8626490918035701,-0.6356598505157857,0.4095585982166883,0.39403106462396864,0.35754394432006104,0.07196671439051647,0.30843566751657414,0.27707258955042663,0.18345653186549218,0.1787486283812851,0.35863618881925163,0.04034286678082845,0.362658483340044,0.389900271710226,0.35748412315994893,0.11931889326052422,0.33936934212685355,0.41019859053726027,0.13046283798780053,0.2831220752707641,0.3293623397809114,0.0,0.2501572737434764,48,20,12,13,12,12,57,20,14,22,22,5
-0.002090229842931602,-0.003624022927067421,0.9540877934004237,0.005996008302821963,0.004609899546306478,-0.7071196777622182,0.7070534336470357,6.571285672247357e-05,0.00011076219283217377,-0.3081444191609915,0.4624609407474619,-0.16938573137276136,-0.002018734073029968,0.0007572737094140689,0.00012014732149314631,-0.31026886175059426,0.4659419937352395,-0.170703012503416,-0.002710368741415065,0.04011650880218435,-0.5509981050341224,1.372260103917604,0.06030654424901894,-2.164254423850075,-0.447735008817213,0.697829551178141,-0.01291179282198918,-0.5922755912715824,-1.2957798886278198,0.02494452528626817,-2.3152598083078115,0.824272481681424,-0.5981454113069048,0.30088023265165864,0.4625459889929384,0.41707485617756,0.20558673082212708,0.36421110206267937,0.4426361280975205,0.24060976422970676,0.3348051839598407,0.425997380739483,0.24623766566922506,0.3963051850060859,0.37020300937099365,0.4507721985718486,0.2254027453636652,0.36786552481038265,0.44165802813141036,0.13615842329571118,0.3063932134127203,0.2838903866607846,0.07855498325094466,0.19883165211843953,60,30,21,25,23,24,54,34,22,24,22,8
-0.0020953730393567104,-0.0036408349196319282,0.9541078458937577,0.005966378328472337,0.004567170693252973,-0.7071147569690701,0.7070588828082667,5.2479646283855856e-05,0.00010133444904891394,-0.30777116966022,0.4621066752690304,-0.16931201363605564,-0.0020251311729889056,0.0007440288444616066,0.000110665111024575,-0.30994068427966615,0.46566931055932387,-0.17066570990781377,-0.002716749991662171,0.039867808892890405,-0.5506448729502981,1.370050092444475,0.05922959968331853,-2.1659330316779544,-0.45021486505826197,0.6974538577682622,-0.018466030160289436,-0.5933332609398452,-1.293639826059873,0.024835095897378125,-2.319108471788426,0.81825427451127,-0.5915311053473171,0.2925880662847613,0.4625459889929384,0.41707485617756,0.20558673082212708,0.36421110206267937,0.4426361280975205,0.24060976422970676,0.3348051839598407,0.425997380739483,0.24623766566922506,0.3963051850060859,0.37020300937099365,0.4507721985718486,0.2254027453636652,0.36786552481038265,0.44165802813141036,0.13615842329571118,0.3063932134127203,0.2838903866607846,0.07855498325094466,0.19883165211843953,60,30,21,25,23,24,54,34,22,24,22,8
-0.0019674336543369472,-0.003957928898758019,0.954236224982492,0.006003218165230377,0.004892787666391411,-0.7071262028606758,0.7070449456918251,0.00032599568150477176,0.00012939930441069501,-0.3067036643379695,0.4600162193877437,-0.16881486260723924,-0.0018772846287040752,0.001017322909801046,0.0001390233050017233,-0.3090012097960658,0.46377784998361193,-0.17026983608015983,-0.0025686735751798495,0.03805145013014332,-0.5420561184523759,1.4019088670959134,0.04450578996833267,-2.229424215437106,-0.470726652851521,0.6936026964772313,-0.09393418283580704,-0.5912842679331981,-1.3130155685029494,0.05047579220641999,-2.394409758417768,0.7640558269133461,-0.5634039909871623,0.2210726101006013,0.4994624602928366,0.4978874315426056,0.2125667388331654,0.41367762514843065,0.5481881260177013,0.2788322305022873,0.4290832799366417,0.4563930576078351,0.3311075992197356,0.4022009857591392,0.37892176674274625,0.5170041101061621,0.23222403313252718,0.402427930921776,0.43997254621946696,0.15040325959842077,0.3167820588924138,0.2789545955361446,0.17692338050284195,0.187631708502113,66,42,23,32,29,29,55,45,23,24,22,13
-0.0019810021457122382,-0.003974564646917208,0.9542469502728992,0.00596666408596973,0.004893244549914239,-0.7071217242265987,0.7070497310686591,0.0004015309627181573,0.0001245673892716022,-0.3064357883714167,0.4597196248116523,-0.16873266388220776,-0.001897790654735779,0.0010928494157051143,0.00013417409867926808,-0.30872953714311646,0.46348096587836973,-0.1701936432971354,-0.0025891671452778838,0.0377084293540745,-0.5406032000529966,1.4013356088611832,0.04514648021333404,-2.230903721034168,-0.47068301243567057,0.6929919272415661,-0.10031383932612217,-0.5920326834500096,-1.3120379232760166,0.0495086362665098,-2.3975498337984518,0.7554450333051032,-0.558048162022585,0.21290352375264365,0.4994624602928366,0.4978874315426056,0.2125667388331654,0.41367762514843065,0.5481881260177013,0.2788322305022873,0.4290832799366417,0.4563930576078351,0.3311075992197356,0.4022009857591392,0.37892176674274625,0.5170041101061621,0.23222403313252718,0.402427930921776,0.43997254621946696,0.15040325959842077,0.3167820588924138,0.2789545955361446,0.17692338050284195,0.187631708502113,66,42,23,32,29,29,55,45,23,24,22,13
-0.001905781129335728,-0.004077186502556829,0.9543888342071858,0.006279273439394431,0.004779131129066873,-0.7071775180100803,0.7069920004157249,-0.0002667066246607647,0.00018507858998637164,-0.306282526777148,0.45917823767627675,-0.16863881446595969,-0.001875953063100477,0.0004246070070101502,0.00019475232777514887,-0.3086588075424962,0.46301678437026944,-0.1701003193570418,-0.002567410428815962,0.03650478868442072,-0.5407539960663182,1.4082183285626766,0.04571409625529272,-2.237972426474554,-0.4720716702351966,0.692803204331992,-0.11224501349721103,-0.5916220172265324,-1.3119422101061258,0.050660435610420565,-2.400002325753389,0.7404281852374218,-0.5514314197544301,0.20749613268888595,0.49540027627198985,0.5453644538140086,0.18368059723486319,0.4202557187393197,0.4649309290559111,0.2772320602841813,0.3688163801868692,0.4379168450665905,0.29913671034158107,0.3664712947173658,0.3897735433532387,0.5126296168689636,0.2252334833328068,0.39562275254190993,0.4253419746987741,0.14753886013663273,0.282948188117388,0.2579564694922307,0.10945036533743528,0.18100556599691653,65,49,21,27,25,26,57,44,23,23,20,9
-0.0018856634962636915,-0.004094059448900534,0.9543910948775973,0.006250996719392206,0.004864113392379071,-0.7071412775377949,0.7070279195640983,-0.00018699069134565815,0.0001786856649606816,-0.3061034219000057,0.45872559934194196,-0.1684976706062563,-0.001830333872042124,0.000504217970175225,0.00018843333239296166,-0.308500592778403,0.46262929534283437,-0.16998058414120357,-0.002521699522870775,0.03604588224267114,-0.5394383497692787,1.4116429353651216,0.046756368340533955,-2.241650693363195,-0.47179530866120534,0.6927273893667452,-0.12127261491150756,-0.5925077152972402,-1.311793767211115,0.05010427735228852,-2.4017111171727614,0.727384928325346,-0.5455818097058447,0.20205370768972403,0.49540027627198985,0.5453644538140086,0.18368059723486319,0.4202557187393197,0.4649309290559111,0.2772320602841813,0.3688163801868692,0.4379168450665905,0.29913671034158107,0.3664712947173658,0.3897735433532387,0.5126296168689636,0.2252334833328068,0.39562275254190993,0.4253419746987741,0.14753886013663273,0.282948188117388,0.2579564694922307,0.10945036533743528,0.18100556599691653,65,49,21,27,25,26,57,44,23,23,20,9
-0.0019714959781544404,-0.004105027113970029,0.9545612793087545,0.0064444655050434115,0.004863751187173757,-0.7071111866699541,0.7070562795668773,-0.0004112654121039379,0.00018487070695041052,-0.3054354814421515,0.4570642310488137,-0.16790531428717737,-0.0018254774670717687,0.0002798047302358882,0.00019483702332225575,-0.3080452343421668,0.4613474393371975,-0.16951125486707658,-0.002516688383102896,0.033421039836355165,-0.5424204190605704,1.4021232077521393,0.06582625948915527,-2.2172862910602684,-0.4605018505509941,0.6981313244236708,-0.12200753735335394,-0.6002236804710187,-1.2924143604782246,0.029450789272316324,-2.35645255537149,0.6810787001882485,-0.527292257992626,0.2237602533728059,0.45089952906742786,0.5388951553220426,0.12457149655098619,0.38147013943687574,0.37735421672836006,0.24048595057257027,0.30049600766961926,0.38554228056110507,0.16725474513898392,0.31990310902070757,0.3766781983491851,0.43607130773559294,0.17662339331100918,0.33642820053785527,0.37572201971848,0.11870781858281597,0.2133206512568569,0.21212429786778486,0.01554388486496898,0.16935099029038422,58,48,17,21,20,18,55,32,18,20,15,3
-0.0020078911914368784,-0.0040788579944610985,0.9545660652302509,0.006377545589985523,0.004988121428183903,-0.7070948188338355,0.7070723886103967,-7.58525044005193e-05,0.00012267248694805636,-0.3053076386165963,0.45660234440350744,-0.16765014548244825,-0.0018564913583627117,0.0006152308704777479,0.00013269536287254362,-0.30792100573284464,0.460917168393749,-0.16930143748778884,-0.0025476600003999203,0.03347823734284034,-0.5418412043516849,1.4022861582892463,0.06860907565549122,-2.213643795753654,-0.4571498815381589,0.6981319662211836,-0.12403919477659196,-0.6025155732985419,-1.292014196916362,0.026375039575130838,-2.350565939886889,0.670160442986011,-0.5232585188002368,0.22453693782211917,0.45089952906742786,0.5388951553220426,0.12457149655098619,0.38147013943687574,0.37735421672836006,0.24048595057257027,0.30049600766961926,0.38554228056110507,0.16725474513898392,0.31990310902070757,0.3766781983491851,0.43607130773559294,0.17662339331100918,0.33642820053785527,0.37572201971848,0.11870781858281597,0.2133206512568569,0.21212429786778486,0.01554388486496898,0.16935099029038422,58,48,17,21,20,18,55,32,18,20,15,3
-0.002193128340089833,-0.0038571106395073203,0.9547384324031025,0.006670384545267644,0.004891350374063659,-0.7070621798418447,0.7071030013363233,-0.00044022617503744,5.397921304319998e-05,-0.3045829542013651,0.4542988386381494,-0.1664866459378383,-0.0020470458928620256,0.00025081519744583674,6.413766447168796e-05,-0.3075122933403311,0.4591762431925712,-0.16835905082937708,-0.0027381517518054225,0.031405559822137795,-0.5577410643003107,1.3669699664860255,0.1069175460347697,-2.1433797468341127,-0.43385563958923845,0.6981319999997888,-0.08638732038752894,-0.6179171543331776,-1.2565191862988376,-0.017271192458177223,-2.2447236821797087,0.6228630237976679,-0.5183966604608966,0.2913865390739815,0.37752114001802084,0.4929906659800402,0.08098970010418423,0.32512756015033495,0.32895827860578214,0.19052303839425933,0.2594885020563389,0.32285399827357825,0.004959771948562366,0.2608711518897688,0.33505326505971916,0.33595349716125167,0.01525742397483915,0.2595365684239388,0.2208860077924291,0.0800183545622793,0.10155674727614801,0.1511080933635462,0.0,0.15481407313735338,45,41,13,16,16,8,49,17,5,10,8,2
-0.0022140164934199157,-0.003810690654973603,0.9547404520054203,0.006677944882223202,0.005018306146952956,-0.707056786685014,0.7071074331798733,-0.00022720930666672017,3.3557289233879147e-06,-0.304596182428751,0.45378159426277676,-0.166123895743257,-0.0020819400585128495,0.000463850092009288,1.362719695702723e-05,-0.30754953773142685,0.4587106932610296,-0.16804562040834492,-0.002773034099933499,0.03178618595714027,-0.5587183448524778,1.367434556293098,0.10886184935170866,-2.138205306552947,-0.4305999208839017,0.6981319999999894,-0.08422320466401102,-0.6199757897965684,-1.258276937170472,-0.019681571897443177,-2.236596890269233,0.615819962397515,-0.5185018043611423,0.2960938046741344,0.37752114001802084,0.4929906659800402,0.08098970010418423,0.32512756015033495,0.32895827860578214,0.19052303839425933,0.2594885020563389,0.32285399827357825,0.004959771948562366,0.2608711518897688,0.33505326505971916,0.33595349716125167,0.01525742397483915,0.2595365684239388,0.2208860077924291,0.0800183545622793,0.10155674727614801,0.1511080933635462,0.0,0.15481407313735338,45,41,13,16,16,8,49,17,5,10,8,2
-0.002346619372594476,-0.00336568026001884,0.9548197718047006,0.0070836146589277945,0.005039093326740258,-0.7070397038031263,0.7071204191563105,-0.0006399728992470564,-7.278920333597525e-05,-0.3044399426902328,0.45115368997984073,-0.16430951298010993,-0.0022391318138271603,5.108675980000471e-05,-6.215774566859375e-05,-0.30779353425010814,0.45676899293300455,-0.16651279299980268,-0.002930220640948484,0.032312311250864804,-0.5847982534829215,1.3226341081490613,0.15591058591356746,-2.0379373842333193,-0.40722706870910286,0.698132,-0.015309345532458366,-0.6359371686840642,-1.2235411908228047,-0.07319088146948166,-2.1048761857068796,0.5760336321171274,-0.5479771597632682,0.3907606167843708,0.30227854734126614,0.44057668321339855,0.046978451517278204,0.2849170416866852,0.2574492069984311,0.15089621039235407,0.2191513774087495,0.2727470877053315,0.06207209379511021,0.2069900279006081,0.2885306237298918,0.28871626567578024,0.0,0.21863861712780605,0.12873347849846195,0.060482709711781574,0.07782449314581495,0.09830081810326007,0.0,0.14241783721847862,32,33,10,11,12,9,42,9,3,4,5,2
-0.0023468185405541653,-0.0033253577428321744,0.9548175139178005,0.007145406995781603,0.0051334222363945995,-0.707041789037505,0.7071170339410954,-0.0005860207040904588,-8.261167887621375e-05,-0.30452603630975883,0.45069830752223067,-0.1639398679739589,-0.002248468145479642,0.00010504691383295131,-7.181875059658404e-05,-0.3079316469546797,0.4563986703216829,-0.1661870125135635,-0.002939559036219915,0.03272183035239691,-0.5862691379023228,1.32406278117977,0.1565629587210002,-2.0337188464694695,-0.40563542828175714,0.698132,-0.011023377923377802,-0.6366191115527068,-1.2272959530468879,-0.07427244336333552,-2.0983596111400105,0.5720891535698109,-0.5526306618285094,0.39643171771579677,0.30227854734126614,0.44057668321339855,0.046978451517278204,0.2849170416866852,0.2574492069984311,0.15089621039235407,0.2191513774087495,0.2727470877053315,0.06207209379511021,0.2069900279006081,0.2885306237298918,0.28871626567578024,0.0,0.21863861712780605,0.12873347849846195,0.060482709711781574,0.07782449314581495,0.09830081810326007,0.0,0.14241783721847862,32,33,10,11,12,9,42,9,3,4,5,2
-0.0023947913342027708,-0.002780525032131389,0.9547775460994677,0.007396690222804032,0.005142621998723275,-0.7070410007316186,0.7071151714516936,-0.0008969686249434541,-9.599554778129757e-05,-0.3046929757141275,0.44887437674403025,-0.162318161469473,-0.0022883405844537756,-0.00020587936465309509,-8.49603150629512e-05,-0.308507258273117,0.4552523228543314,-0.1648325730129885,-0.00297946539505647,0.03472947675681083,-0.6108220451537542,1.2815372550994013,0.20322778121147017,-1.9261934713373339,-0.388988564048684,0.698132,0.07142852414120707,-0.6495305996342127,-1.1925123870363545,-0.13381307573173146,-1.9677904674659425,0.5450812971316402,-0.6213729812660044,0.49110360304213496,0.2552050277396318,0.4121369008446476,0.0030902799735811597,0.27672048682712924,0.23967903249949574,0.13221073287379528,0.22091583546934568,0.24998108275548755,0.13747785730363388,0.17613557378507674,0.2724269768672232,0.34325275207241845,0.0013053841074441189,0.24845030682844088,0.1504828117057267,0.08090297469365262,0.12119386556935668,0.07720753670852748,0.0017410706486194634,0.1359600491729295,23,29,8,9,11,12,39,18,4,6,7,2
-0.0023876576826107492,-0.0027432317314097787,0.9547705658430725,0.007464000010318305,0.0052279588228788705,-0.7070424399627053,0.7071123992987092,-0.0008743925597720257,-9.256944518762803e-05,-0.3048479912259048,0.4485464067587493,-0.16199743565535105,-0.002287658625065244,-0.00018329711233077442,-8.136971778348315e-05,-0.30871845439100715,0.4550155299092758,-0.1645522545064781,-0.002978788849899654,0.03508726572450964,-0.6122962599469745,1.2836783718550229,0.20370424540802068,-1.921742176296739,-0.3886958880537234,0.698132,0.07773061219107356,-0.6490502490168463,-1.1969748167263567,-0.1345197047718419,-1.9605966155709933,0.5427443002355273,-0.6305711885912136,0.49733954562798605,0.2552050277396318,0.4121369008446476,0.0030902799735811597,0.27672048682712924,0.23967903249949574,0.13221073287379528,0.22091583546934568,0.24998108275548755,0.13747785730363388,0.17613557378507674,0.2724269768672232,0.34325275207241845,0.0013053841074441189,0.24845030682844088,0.1504828117057267,0.08090297469365262,0.12119386556935668,0.07720753670852748,0.0017410706486194634,0.1359600491729295,23,29,8,9,11,12,39,18,4,6,7,2
-0.002345361130201192,-0.0022371062918314123,0.954591332595444,0.007301627323504154,0.005207825876672066,-0.7070266419440357,0.7071300392215055,-0.0006997316323603831,-0.00016068412410136652,-0.3050656376299803,0.4482342965657856,-0.1611598760350474,-0.0022695219574689457,-8.479173207008941e-06,-0.00014960119860474628,-0.30904851997698857,0.45491637072026253,-0.16384140075830209,-0.0029608046586402817,0.03844930788909658,-0.6293141549053162,1.2459951352680751,0.24459105975472156,-1.829200176629052,-0.376470159016995,0.698132,0.15354189000839602,-0.6592299496069935,-1.1690480077305914,-0.19062931931782529,-1.8612739679549966,0.5330853699359314,-0.6980893455594982,0.5624612533641952,0.244740679316497,0.42068483411586133,0.0,0.2932077396060937,0.26619849017880115,0.1301348906213508,0.2518694242863903,0.2559465046924028,0.21029049787600693,0.17565422943066925,0.30496583079056183,0.4753778590931109,0.17896063352552485,0.35360899480168473,0.2549703507684086,0.14116669794418646,0.21375054330491564,0.09792161041667927,0.06624208680385263,0.13511190642292287,22,30,8,11,13,16,44,38,19,13,12,5
-0.0023297676122563163,-0.0022082490997609905,0.9545768481490094,0.007374775953229505,0.005270298598109304,-0.7070284840859379,0.7071269753894754,-0.0007354164284618925,-0.00014629290905027908,-0.3052912929692703,0.44809893433163894,-0.16093609797113412,-0.0022551773761211157,-4.416811097035644e-05,-0.0001350874236356713,-0.309308341981289,0.45483342158331214,-0.16363487932134477,-0.0029464683287786235,0.038928186388841504,-0.6309101718390185,1.2482556169472767,0.2457500873233065,-1.8227914709261963,-0.3766408687887988,0.698132,0.16224846936335646,-0.6591443990748997,-1.1726336368528998,-0.1937939337223851,-1.8533231804505277,0.5323121047757979,-0.6981298672779749,0.5690521347516172,0.244740679316497,0.42068483411586133,0.0,0.2932077396060937,0.26619849017880115,0.1301348906213508,0.2518694242863903,0.2559465046924028,0.21029049787600693,0.17565422943066925,0.30496583079056183,0.4753778590931109,0.17896063352552485,0.35360899480168473,0.2549703507684086,0.14116669794418646,0.21375054330491564,0.09792161041667927,0.06624208680385263,0.13511190642292287,22,30,8,11,13,16,44,38,19,13,12,5
-0.002316800255008648,-0.002194494484741899,0.954561795830227,0.007438077567486818,0.005328334594828161,-0.7070328588138827,0.7071215032863974,-0.0007601152427013773,-0.00013203789775527918,-0.30548046835756293,0.447990622665295,-0.16075898333350386,-0.0022395156717082663,-6.88690933480801e-05,-0.00012071109690565302,-0.3095316637896247,0.45477545237909506,-0.16347450804763372,-0.00293081197409212,0.03934916213616349,-0.6320085777807352,1.25068881417537,0.2461874504656668,-1.8188529078686744,-0.3770951709227417,0.698132,0.16942392662770633,-0.6588482329572634,-1.1762367503363493,-0.19606857933447597,-1.848118882290824,0.531598040495752,-0.6981318933638987,0.5742878765336503,0.244740679316497,0.42068483411586133,0.0,0.2932077396060937,0.26619849017880115,0.1301348906213508,0.2518694242863903,0.2559465046924028,0.21029049787600693,0.17565422943066925,0.30496583079056183,0.4753778590931109,0.17896063352552485,0.35360899480168473,0.2549703507684086,0.14116669794418646,0.21375054330491564,0.09792161041667927,0.06624208680385263,0.13511190642292287,22,30,8,11,13,16,44,38,19,13,12,5
-0.0022621461090643986,-0.0018471609960750365,0.9542606283769347,0.007016559884775113,0.005413590697418174,-0.7070124995049267,0.7071455200076863,-4.405663365075452e-05,-0.00021741450865260637,-0.305887706503234,0.44889897994200084,-0.16073253947086555,-0.0022242938989048945,0.0006474549044753212,-0.0002064656587287124,-0.3097733821412245,0.45544658783929404,-0.16342455962614974,-0.0029158242375965167,0.043803914801667294,-0.6450398143635809,1.2202480883130764,0.281684890898385,-1.7480314503724292,-0.3705835839325157,0.698132,0.2355318212327179,-0.6740219550036038,-1.157537699786531,-0.25752831436930057,-1.7921878625876093,0.5432296347246212,-0.6981319999993335,0.6128809880357569,0.2509167712207742,0.4645780409344503,0.013748935902340451,0.3157190137516091,0.3605378297590545,0.1343958676439997,0.3363529070339243,0.2842763574982169,0.32418618191168674,0.19877174369186487,0.37210821078247064,0.6047039205058562,0.36324603970608166,0.531897083153246,0.3827162347096296,0.22183338996370414,0.3552368459417273,0.1507308578990201,0.29224501599069364,0.13733898145505266,23,37,9,16,19,23,54,58,35,23,21,17
-0.002246876076464657,-0.0018108974241417364,0.9542460358261246,0.007128889442804708,0.005489080804321167,-0.7070259155675951,0.707130400734575,-0.00012047238863753778,-0.0001784172066533115,-0.30633596041660505,0.44896170659771106,-0.16060839138802874,-0.0022112360247642697,0.0005710414217784855,-0.00016729382825600653,-0.31021536039045916,0.45547940530249087,-0.16327504558755288,-0.002902791823386524,0.044218623997257754,-0.6461352795860572,1.2221603516764092,0.28279323186698657,-1.743360374377922,-0.3715963328546775,0.698132,0.24367895421108327,-0.6727870129944101,-1.1596693270404206,-0.2616154830705102,-1.7880158268082316,0.5455001191971408,-0.6981319999999667,0.6177343144845094,0.2509167712207742,0.4645780409344503,0.013748935902340451,0.3157190137516091,0.3605378297590545,0.1343958676439997,0.3363529070339243,0.2842763574982169,0.32418618191168674,0.19877174369186487,0.37210821078247064,0.6047039205058562,0.36324603970608166,0.531897083153246,0.3827162347096296,0.22183338996370414,0.3552368459417273,0.1507308578990201,0.29224501599069364,0.13733898145505266,23,37,9,16,19,23,54,58,35,23,21,17
-0.002235598687741992,-0.0015878598916184614,0.9539186184604455,0.0065577756278160275,0.005509018135604391,-0.7069828948369928,0.707178784117498,0.0007759226891102864,-0.00027377803860156966,-0.3066021221733132,0.4505472094745604,-0.16097921059289536,-0.002230963676802337,0.0014676088544643552,-0.0002631113327417127,-0.31017493982469585,0.4566186529614535,-0.1635372756489522,-0.0029226568112876664,0.048103727777867734,-0.6559517243850769,1.1997176209370533,0.31082798593038374,-1.7008957632506678,-0.3723208275167985,0.698132,0.28715249187718406,-0.6834321582490189,-1.1505452017675328,-0.3086588780047426,-1.7655196666449515,0.5704040343165058,-0.698132,0.6336642446180842,0.2485153377963702,0.5339364305710314,0.13993629318140804,0.3314521272140793,0.5003192249693481,0.13722595393269352,0.44643002010575067,0.323159256359752,0.3797272361925417,0.22844179992370034,0.43917351703461144,0.6683527360205719,0.1819368736857807,0.6924816424033594,0.3940041167403179,0.3053706250039769,0.5105608170200508,0.21071740541104478,0.5999517292918798,0.15759847543287625,22,48,17,25,26,27,64,68,28,25,31,34
-0.0022158538772666884,-0.0015347118338994515,0.9539071822402303,0.006732938008850084,0.005580567698344947,-0.7070038396204138,0.7071556374461889,0.000596827888597213,-0.0002389193059382839,-0.307255569888825,0.45075184230361337,-0.1609467862525749,-0.0022276481769866493,0.0012885487022938726,-0.00022808369487670142,-0.3107858453072635,0.45672543513755576,-0.1634511154469137,-0.002919395941744988,0.048731186980529764,-0.6569670131217178,1.2001830993333171,0.3129234929199343,-1.6960284417826215,-0.3743313004299529,0.698132,0.29556816076875997,-0.6815434204202577,-1.1513027088757906,-0.31431864612680555,-1.7628777646615292,0.5762995789952531,-0.698132,0.6377356093080319,0.2485153377963702,0.5339364305710314,0.13993629318140804,0.3314521272140793,0.5003192249693481,0.13722595393269352,0.44643002010575067,0.323159256359752,0.3797272361925417,0.22844179992370034,0.43917351703461144,0.6683527360205719,0.1819368736857807,0.6924816424033594,0.3940041167403179,0.3053706250039769,0.5105608170200508,0.21071740541104478,0.5999517292918798,0.15759847543287625,22,48,17,25,26,27,64,68,28,25,31,34
-0.002252726285004614,-0.0013809322209269055,0.953607942410688,0.00617860423841512,0.0056153471784063805,-0.7069485829721852,0.7072156628351429,0.00152407105668168,-0.00032008799747581786,-0.30750576619975617,0.4522745747222174,-0.16125991961952604,-0.002258477993619275,0.002215798138114322,-0.00030953855864163994,-0.31074718294498305,0.4578387537657668,-0.163654562923805,-0.0029502173948832205,0.05180109733735649,-0.6621186650111399,1.1860928460824327,0.32922090747989,-1.6764528684947064,-0.3796539743777313,0.698132,0.31798529585283974,-0.6843679861538318,-1.1496432839529802,-0.33851374606378576,-1.7617544934631242,0.6000201719719518,-0.698132,0.6390762718274102,0.23213006460559976,0.6088480564617305,0.22002112733489582,0.3375823954988454,0.590984227595133,0.13637908527304082,0.46834831863790105,0.35803673803436165,0.3973606815978758,0.2559016497306265,0.47873801932892796,0.6702317313133302,0.05433312935884215,0.7879373207531272,0.3841304924558131,0.3825073711580434,0.5219161909329137,0.27805064588330547,0.6547149601382909,0.1804251829341046,19,59,21,30,28,28,70,69,22,27,33,38
-0.002240440604479968,-0.0013360938361528759,0.9535988058187606,0.00638887160889976,0.005627533328993398,-0.7069755946417988,0.707186695130127,0.0012331749642019785,-0.0003021258011461693,-0.3081779210625709,0.4526573989173638,-0.16135936917210716,-0.002280351313140534,0.0019250185835613227,-0.0002914808417407269,-0.31134944021566746,0.45807571772624756,-0.16368515191846658,-0.0029722059007296388,0.05273344369173338,-0.6630564180698597,1.1844611537708625,0.3319901372147904,-1.6722615618540067,-0.38307682362860035,0.698132,0.32568308027953147,-0.6821001330412366,-1.1493164989710754,-0.34450829015278794,-1.7620691478835246,0.6090027301161739,-0.698132,0.6409996647827221,0.23213006460559976,0.6088480564617305,0.22002112733489582,0.3375823954988454,0.590984227595133,0.13637908527304082,0.46834831863790105,0.35803673803436165,0.3973606815978758,0.2559016497306265,0.47873801932892796,0.6702317313133302,0.05433312935884215,0.7879373207531272,0.3841304924558131,0.3825073711580434,0.5219161909329137,0.27805064588330547,0.6547149601382909,0.1804251829341046,19,59,21,30,28,28,70,69,22,27,33,38
-0.0023041649553479527,-0.0011253632516719434,0.9533498378589091,0.006286478812695102,0.005685793429817576,-0.7069521817940877,0.7072105518116867,0.0015483580239614102,-0.00034577539160013127,-0.309281341157359,0.45403718083896816,-0.16154483503788547,-0.002342817256065358,0.0022403274735895103,-0.00033509325441294987,-0.31221976074839586,0.4590975448637407,-0.16374437643388207,-0.00303474159860442,0.05574017823530483,-0.6627829628233791,1.1727366622091853,0.33749775332140153,-1.6631378688240996,-0.3922476161273174,0.698132,0.33942897003123995,-0.6752271371219383,-1.1468562608171338,-0.35327229170242347,-1.7691778583981606,0.6312842029818956,-0.698132,0.636290158993626,0.21268292540147068,0.6662398404281076,0.22091951811406735,0.33803431360206426,0.578850384476003,0.1337143340243884,0.4101842962906864,0.37656409744933594,0.3795598591172754,0.27017351245680327,0.4875120861846763,0.6502589338450855,0.004645665043080946,0.805409227209543,0.36731169693213983,0.4069994020183546,0.45874534256050303,0.31353306740330256,0.5483816306718698,0.19206277658701498,16,68,21,30,26,28,71,65,19,26,31,33
-0.00228273442547058,-0.0011077223960368086,0.9533412965185026,0.00639285160892091,0.00556497728081369,-0.7069847727344941,0.7071779787279341,0.0011918101578540204,-0.00030522717814019187,-0.3096687875733371,0.4546758827793597,-0.16172015010837484,-0.002350137449371325,0.0018839113388167115,-0.0002945260478223117,-0.312566101404218,0.45962912634029357,-0.1638525635848618,-0.0030422212555596393,0.05653262987689149,-0.6631014801475581,1.170315039152991,0.3380852101975775,-1.6619367695720326,-0.39693885221912967,0.698132,0.3446507837147456,-0.6720823085819307,-1.1453257069890863,-0.35619882867735086,-1.7723060892103861,0.6399343445817386,-0.698132,0.6361970674430173,0.21268292540147068,0.6662398404281076,0.22091951811406735,0.33803431360206426,0.578850384476003,0.1337143340243884,0.4101842962906864,0.37656409744933594,0.3795598591172754,0.27017351245680327,0.4875120861846763,0.6502589338450855,0.004645665043080946,0.805409227209543,0.36731169693213983,0.4069994020183546,0.45874534256050303,0.31353306740330256,0.5483816306718698,0.19206277658701498,16,68,21,30,26,28,71,65,19,26,31,33
-0.002363779496285528,-0.0008711831881739491,0.9531229856722793,0.006506737623287026,0.005592979326808369,-0.7069798015173736,0.707181688955679,0.0011501778830936746,-0.0003043926638402615,-0.3111212407521244,0.4560240776887469,-0.1618559421752046,-0.0024056142118382786,0.001842515132302687,-0.00029350842811156594,-0.3138960390085885,0.46077659311777014,-0.1638916121459396,-0.0030978838694066817,0.05904607075190566,-0.6568009400537668,1.157811861524862,0.33127398734684305,-1.6593562140814548,-0.4077724532970353,0.698132,0.35188141813816837,-0.6579060916163814,-1.1381380881365497,-0.34972518803772573,-1.7821036077545527,0.6547259173394264,-0.698132,0.6284422711239769,0.19853310482323966,0.6918816331131088,0.17808568251820756,0.3405972423421554,0.5258076642996229,0.13109511841592053,0.37020229378600034,0.3749163059225893,0.35637689500913,0.2707323319767068,0.4778280221102306,0.6325620631747338,0.022410847900355628,0.76376921427534,0.3385551634840907,0.387055978441421,0.4105823884397738,0.3161445337498916,0.4948983719389939,0.1956108651500405,13,72,19,26,23,27,70,63,19,24,28,30
-0.0023389317692663453,-0.0008929306000138714,0.9531169169574507,0.006461105589135955,0.005339379295042995,-0.7070140361433729,0.7071498411507757,0.0008105249120216624,-0.0002458850842668864,-0.31109584784983574,0.4569028046705769,-0.16216009824511948,-0.0023999469894775893,0.0015029567179042844,-0.0002351433064366155,-0.3138747892483178,0.4616195803204507,-0.16414951091416138,-0.003092383378279382,0.059532529229576886,-0.6568121431225319,1.1543444415358748,0.3292395790011198,-1.660201218661742,-0.4131648431566004,0.698132,0.35504018700151063,-0.6548716340943748,-1.1350816198438922,-0.3492405838101259,-1.7863665017398653,0.660942855337115,-0.698132,0.6266063703315833,0.19853310482323966,0.6918816331131088,0.17808568251820756,0.3405972423421554,0.5258076642996229,0.13109511841592053,0.37020229378600034,0.3749163059225893,0.35637689500913,0.2707323319767068,0.4778280221102306,0.6325620631747338,0.022410847900355628,0.76376921427534,0.3385551634840907,0.387055978441421,0.4105823884397738,0.3161445337498916,0.4948983719389939,0.1956108651500405,13,72,19,26,23,27,70,63,19,24,28,30
-0.0024301569867867124,-0.0006514931091474326,0.952880089633621,0.006642952074895529,0.005346465931676559,-0.7070177217288715,0.7071444178179505,0.0006447592716440182,-0.0002186244631671316,-0.3126505223086342,0.4583075515213478,-0.1623791915274479,-0.0024521116180280843,0.001337471478309621,-0.0002077265635720371,-0.31541853518085455,0.4629964218337901,-0.16432681170870383,-0.003144768219556169,0.06133640568124721,-0.645738289658629,1.1386798213902507,0.3135094463843264,-1.6566768425621003,-0.4254015044948499,0.698132,0.35964469402847055,-0.6370829572213429,-1.1216871161383997,-0.33254183428208645,-1.791606702668295,0.667247661436303,-0.698132,0.6177154709517746,0.18877739498299964,0.6814407855483522,0.13617753465102053,0.3477037518173782,0.4768812857107788,0.12803456139950084,0.3488216788365119,0.35761537191969894,0.327418758579183,0.26863586865915,0.45967949513604794,0.6189060049685382,0.10785108523724785,0.6942872815076564,0.3455479822118387,0.34093599329667496,0.38336912747621565,0.29970739810039815,0.4566551886081922,0.21812654625191716,12,70,17,23,22,25,67,61,23,23,27,28
-0.0024052078216967223,-0.0007100654718970294,0.9528758290717755,0.006465977912617372,0.0050018453565336286,-0.7070491464864418,0.7071171594053259,0.0003619471989294885,-0.00015516184342898156,-0.31228788196226265,0.4593795216436993,-0.16282923883433184,-0.0024416535857980474,0.0010547090568798724,-0.00014456914410312444,-0.31510101113228517,0.46410364544200816,-0.16475930157734597,-0.003134464273050892,0.06149351104093753,-0.6458069283652951,1.1343565446553334,0.3095662108851177,-1.6575527442910645,-0.4315223416820807,0.698132,0.3618356757261542,-0.6349047700835486,-1.1174294886337073,-0.3295766803404487,-1.7947884585079075,0.6705204965639967,-0.698132,0.6144348381469364,0.18877739498299964,0.6814407855483522,0.13617753465102053,0.3477037518173782,0.4768812857107788,0.12803456139950084,0.3488216788365119,0.35761537191969894,0.327418758579183,0.26863586865915,0.45967949513604794,0.6189060049685382,0.10785108523724785,0.6942872815076564,0.3455479822118387,0.34093599329667496,0.38336912747621565,0.29970739810039815,0.4566551886081922,0.21812654625191716,12,70,17,23,22,25,67,61,23,23,27,28
-0.0024821760200825762,-0.0005428700197703986,0.952555562978454,0.0063641524132504014,0.004642648152540217,-0.7070817001065873,0.7070879809164987,5.488960239978115e-05,-7.206734724662153e-05,-0.31343466068230785,0.4622431788168282,-0.163762378154201,-0.002494037682132476,0.0007480014025403968,-6.179882255340564e-05,-0.3163826901902638,0.46714728164250907,-0.16571478496596156,-0.003187220708357305,0.0627254135904337,-0.6307183034259732,1.1094205071071885,0.28428115259450976,-1.64476976806012,-0.4528421498303361,0.698132,0.3699557522888145,-0.6146472786103616,-1.0916594503653212,-0.30344542994916684,-1.7907543561418098,0.6681913012261375,-0.698132,0.6013472147577276,0.18151843099761505,0.6362865696185509,0.1342310038428563,0.3603461227940155,0.49891962798888134,0.12448128048195062,0.3700076023079404,0.33270500309097717,0.2931431275171849,0.27589957121345376,0.43456352652144126,0.6088832073928655,0.1320335121415478,0.6261386406621565,0.3619491378988022,0.29619710464232457,0.3503743760989636,0.2858387326113709,0.3678449124719166,0.29282207420128054,10,63,17,25,22,23,63,59,23,23,24,26
-0.0024611875308124163,-0.0006156688734968838,0.952541483605101,0.00619461859014423,0.004391756332014166,-0.707094005040689,0.7070787843036738,-9.94543417832569e-05,-2.1742725353306576e-05,-0.3131273935884257,0.46325589231692865,-0.16442076553362214,-0.002472328603895807,0.0005936689802787889,-1.1904355105472439e-05,-0.31614432354435035,0.46825622670852496,-0.1663885207410859,-0.003165573618241423,0.0625225780408454,-0.6321814525985228,1.1059068615269827,0.28054808432223327,-1.6447242173735634,-0.45963446014816156,0.698132,0.372394580370059,-0.6150501191075528,-1.0878595454786046,-0.30051314689578734,-1.7914226880980828,0.6684820572000281,-0.698132,0.5972192904780231,0.18151843099761505,0.6362865696185509,0.1342310038428563,0.3603461227940155,0.49891962798888134,0.12448128048195062,0.3700076023079404,0.33270500309097717,0.2931431275171849,0.27589957121345376,0.43456352652144126,0.6088832073928655,0.1320335121415478,0.6261386406621565,0.3619491378988022,0.29619710464232457,0.3503743760989636,0.2858387326113709,0.3678449124719166,0.29282207420128054,10,63,17,25,22,23,63,59,23,23,24,26
-0.0025601999963113867,-0.00036628284045465596,0.9520857324746866,0.006084089793939712,0.004312849790819297,-0.7071092698272797,0.7070649642730099,6.781873271636757e-05,-1.3076355042976405e-05,-0.31509483081299944,0.4664490994810316,-0.1653953576065782,-0.002558603697931434,0.0007613816944465506,-3.3939823081444664e-06,-0.31822908093601643,0.47162972647110735,-0.167438798061608,-0.0032522230739996487,0.06380700338082525,-0.6124583537412329,1.0761599597833162,0.2541372529332303,-1.616434093957005,-0.4816611685947823,0.698132,0.38623270644564667,-0.5955660153554708,-1.0547444071014629,-0.2723108696483806,-1.774876669067869,0.6495419644719455,-0.698132,0.5836185370589767,0.18150092534521756,0.5641443274651614,0.1785117522952044,0.38783870625106287,0.5956676790165196,0.12469702063078962,0.4399846588044758,0.30844565952654185,0.2687395673966573,0.2960659867822685,0.40323837455993955,0.603541295604579,0.2134850263658097,0.5830262068844472,0.45619906426147594,0.29582254825820037,0.35614820451724116,0.30899809114138305,0.2642571779051004,0.42987184587263144,10,52,20,30,25,23,59,58,27,29,25,24
-0.0025412240947200924,-0.00044736198924256434,0.9520630400199972,0.00589610999411687,0.004059010258933132,-0.7071221291173773,0.7070551992844426,-5.786719071520328e-05,4.606983987106501e-05,-0.31484191140998485,0.46764513336741104,-0.1661433241447524,-0.0025493368421666625,0.0006357192229411951,5.529974366150749e-05,-0.3180413862449401,0.4729143260286396,-0.1682000551094338,-0.003243033048047224,0.06328490348800928,-0.6141157617729781,1.0731079182088732,0.2505699946391429,-1.6144387550004369,-0.48877134996134075,0.698132,0.3895248490417807,-0.5968868219538399,-1.0511255491769014,-0.26907371038383293,-1.7734059191621345,0.6459124004253892,-0.698132,0.5776790876350204,0.18150092534521756,0.5641443274651614,0.1785117522952044,0.38783870625106287,0.5956676790165196,0.12469702063078962,0.4399846588044758,0.30844565952654185,0.2687395673966573,0.2960659867822685,0.40323837455993955,0.603541295604579,0.2134850263658097,0.5830262068844472,0.45619906426147594,0.29582254825820037,0.35614820451724116,0.30899809114138305,0.2642571779051004,0.42987184587263144,10,52,20,30,25,23,59,58,27,29,25,24
-0.0026475565926284235,-0.00012813270319624346,0.9514479922142208,0.00571576874669759,0.004100004462369523,-0.7071401846582233,0.7070383859399553,0.00040896039212688504,2.302677068742282e-05,-0.3175792727377946,0.4717541245328038,-0.1672612595340264,-0.0026653830859402713,0.0011030984332899313,3.220687846594561e-05,-0.32081066854110046,0.4770648791099818,-0.16936716148339076,-0.003359570966321653,0.06504466731201787,-0.5870170480476302,1.0354928049389844,0.22314593046383444,-1.5684718683280592,-0.5071412610349791,0.698132,0.4109879208527284,-0.5753160790505,-1.0039903654266225,-0.23873734406431008,-1.7455135564991735,0.5978870416939662,-0.698132,0.5618068939692469,0.1963739056457199,0.479332269032647,0.21980030827793348,0.4274173457123206,0.6254234134613355,0.1347585470625641,0.47432675200438984,0.2907438321211145,0.2518783603721605,0.3222616247988051,0.3735068652851413,0.5917476433366016,0.3385002379725304,0.5800624196484042,0.5508650247579476,0.37894007524659973,0.38261997980138207,0.40696768065919964,0.2583174733947133,0.6022793178356319,13,39,23,33,27,23,54,56,35,36,29,29
-0.0026300816576717025,-0.00022854253832514226,0.9514139050498592,0.00549329818386158,0.00382600962972898,-0.7071566708284371,0.707025196317796,0.0003081206613992943,0.00011350165864338974,-0.31737802076738464,0.4732691494369684,-0.16819243882080312,-0.002665780445210643,0.0010023009005182672,0.00012216153168688037,-0.32065139309338014,0.4786221142973991,-0.17028487703352022,-0.003360066704215653,0.06404034959726009,-0.5886721308996633,1.0329608338610505,0.21996972926900085,-1.5644102874456214,-0.5137792482570243,0.698132,0.4151445072461399,-0.5771625059700208,-1.0002686659136244,-0.23547476528517985,-1.742129194434969,0.5877174174249606,-0.698132,0.5524929943741547,0.1963739056457199,0.479332269032647,0.21980030827793348,0.4274173457123206,0.6254234134613355,0.1347585470625641,0.47432675200438984,0.2907438321211145,0.2518783603721605,0.3222616247988051,0.3735068652851413,0.5917476433366016,0.3385002379725304,0.5800624196484042,0.5508650247579476,0.37894007524659973,0.38261997980138207,0.40696768065919964,0.2583174733947133,0.6022793178356319,13,39,23,33,27,23,54,56,35,36,29,29
-0.002701773261695803,1.3242877142604785e-05,0.9505971401244857,0.004954971770298835,0.0037520342734117472,-0.707196591403555,0.7069896403772548,0.0011070198007661037,0.0001899396608519615,-0.3210148418937363,0.48058362924720754,-0.1708119616757342,-0.002802527202330848,0.0018017983523339269,0.00019805758812857556,-0.3240974812279298,0.4855765160361146,-0.17278283633852914,-0.0034974357047568433,0.0650963170279258,-0.5539043439787643,0.9827840783231879,0.1868937139154514,-1.4951168271263504,-0.5272172362124417,0.698132,0.44871632864106537,-0.5522795319486915,-0.9331600542477181,-0.19510669582327603,-1.7039806504842463,0.47328281464574906,-0.698132,0.5158728900829145,0.2271639571118527,0.39558549848902613,0.24885890585962528,0.4818752835659728,0.6190788100177782,0.15561851284289008,0.49680538849289296,0.2951787573836634,0.27505139355686203,0.34487138787401056,0.35651606756368404,0.5538183749250636,0.21425064994878207,0.6154587528030467,0.4382937663718512,0.5366871218320519,0.34943818148819383,0.5866902463963288,0.4045999931758829,0.7613118779549943,18,26,26,33,28,24,52,50,28,34,32,42
-0.002675771578819039,-5.7763292236713475e-05,0.950542611138047,0.004829587637325746,0.003607255657142054,-0.7071879399550458,0.7069999153974602,0.0010427680348977892,0.00023876222972429045,-0.32133488116675574,0.48222410663825255,-0.17186984596672128,-0.002786784222404451,0.0017375917757558844,0.00024644562965808926,-0.3243882260861206,0.4871716759448432,-0.17380042825566136,-0.0034817381385725934,0.06384569422551835,-0.5560820756518273,0.9820055227802835,0.18463427615929293,-1.4912016672252568,-0.5320011846607744,0.698132,0.45256831754654836,-0.5544207461852511,-0.9318035495937285,-0.1930913719981323,-1.6990956227276157,0.45514225196404223,-0.698132,0.5007514888878476,0.2271639571118527,0.39558549848902613,0.24885890585962528,0.4818752835659728,0.6190788100177782,0.15561851284289008,0.49680538849289296,0.2951787573836634,0.27505139355686203,0.34487138787401056,0.35651606756368404,0.5538183749250636,0.21425064994878207,0.6154587528030467,0.4382937663718512,0.5366871218320519,0.34943818148819383,0.5866902463963288,0.4045999931758829,0.7613118779549943,18,26,26,33,28,24,52,50,28,34,32,42
-0.0025785890416965287,0.00010083313472918717,0.9493699251021732,0.004071456977513429,0.0037193412543707624,-0.7071432037762235,0.7070488519839434,0.0022528559592065985,0.000191683158908017,-0.3290515984403038,0.4967341411705894,-0.17793002498861002,-0.0027830214458847017,0.0029481087526296466,0.00019846192133956623,-0.3311764014346622,0.5001963787899606,-0.17932566267183161,-0.0034784180170289165,0.06306826318475821,-0.5163763485678645,0.9206459091250994,0.14209462881064516,-1.3959889966454802,-0.5304282511544738,0.6981319999593061,0.4969093267986663,-0.5230627491104124,-0.8587607551391179,-0.15120860891281457,-1.6226987144041651,0.20134141864762442,-0.698132,0.40472811237580614,0.2654736200338629,0.3206448303195739,0.20464058783462097,0.5229528292421357,0.586961714908184,0.18231999090988596,0.5397720087382445,0.310889024486225,0.3435384275643849,0.3606166750080134,0.3572152290087404,0.48680016638278784,0.2177526356396162,0.6660320502540114,0.4900782088772985,0.6993383778093294,0.5386454859725448,0.7964574683826492,0.6310613854506377,0.8692544795315706,25,15,25,32,31,28,52,40,29,41,47,57
-0.002538465143535316,9.903675927165777e-05,0.9493025776680534,0.004049581619784772,0.003740687665187488,-0.7071252720667123,0.7070667986471113,0.002270302908937872,0.00014524713791031713,-0.33004506766659464,0.49841135178416074,-0.17871695583586844,-0.002742497366585632,0.002965575237878035,0.0001519564692450404,-0.3320403087851129,0.5016816090620801,-0.18004728250912921,-0.0034379066635568034,0.0628277889287369,-0.5181091790125242,0.9208345127363042,0.14065858984610788,-1.3942384216689563,-0.5320251313973653,0.6981319999979653,0.4984738399927988,-0.5237219027834076,-0.8616751219618787,-0.15172421011391934,-1.6151051265475713,0.17975976898221263,-0.698132,0.3856117579695849,0.2654736200338629,0.3206448303195739,0.20464058783462097,0.5229528292421357,0.586961714908184,0.18231999090988596,0.5397720087382445,0.310889024486225,0.3435384275643849,0.3606166750080134,0.3572152290087404,0.48680016638278784,0.2177526356396162,0.6660320502540114,0.4900782088772985,0.6993383778093294,0.5386454859725448,0.7964574683826492,0.6310613854506377,0.8692544795315706,25,15,25,32,31,28,52,40,29,41,47,57
-0.002314324203675877,0.00019807676004239422,0.9480746512513321,0.003369930181846342,0.004219507120858108,-0.7071148869818339,0.7070780550539628,0.003774556157554758,8.613509756578796e-05,-0.33864218521511835,0.512933956645118,-0.1840409162215492,-0.002603952105767662,0.004469594339388688,9.281942557270553e-05,-0.3391844701275538,0.513817370948791,-0.18450123232262283,-0.003299182024834053,0.06651623269613595,-0.4652194391941244,0.844909104831558,0.09703851546916416,-1.2949131839301247,-0.49583949188240767,0.6753359128942354,0.5324297348002126,-0.47318248668772045,-0.7937160130971592,-0.11076697804088421,-1.5110451686371291,-0.07893894648793706,-0.6831325661988183,0.3420079694009127,0.3002506667366664,0.29636247458895104,0.16430356790678668,0.5323122533490642,0.6107878328456894,0.21075512197618035,0.6059165141836181,0.3340919377077207,0.4526275271999499,0.37447069718461645,0.3719642211191811,0.40963619309239013,0.3358423284145458,0.699448534265069,0.6777264980073056,0.7887387846722893,1.0079495992687153,0.9501792708408732,1.1964903799650222,0.9126798246642237,31,11,23,34,35,35,54,28,38,53,76,89
-0.0022691652370197555,0.000172717713164386,0.9479947837910365,0.0033360340020796614,0.004213252103603108,-0.7071035256446667,0.7070896148330356,0.0037625577811761235,6.527203171761953e-05,-0.33969579501009683,0.5149211629357674,-0.1850778513875498,-0.0025584689924663916,0.004457642388781403,7.180063520554349e-05,-0.34002701204772123,0.5154681536487198,-0.18540188991290715,-0.0032537092271229884,0.06649181577277302,-0.46704404699593993,0.8452397091221479,0.09540272897772505,-1.2920955226913833,-0.4945590227948733,0.6759674025643889,0.5318312930554849,-0.4739264013399162,-0.7984864682969975,-0.11104048426383839,-1.5028088591669149,-0.10331074693428961,-0.6787092115131378,0.32432754366439354,0.3002506667366664,0.29636247458895104,0.16430356790678668,0.5323122533490642,0.6107878328456894,0.21075512197618035,0.6059165141836181,0.3340919377077207,0.4526275271999499,0.37447069718461645,0.3719642211191811,0.40963619309239013,0.3358423284145458,0.699448534265069,0.6777264980073056,0.7887387846722893,1.0079495992687153,0.9501792708408732,1.1964903799650222,0.9126798246642237,31,11,23,34,35,35,54,28,38,53,76,89
-0.0022244829888106348,0.00016400889243535318,0.9479187191935652,0.0033205917745106994,0.004227646240398908,-0.707094502431644,0.7070986248809136,0.003753989692199624,4.17057673432396e-05,-0.340800264977434,0.5168072330879128,-0.1859727622318561,-0.0025099641744731585,0.004449115961239513,4.816527453897823e-05,-0.3409329926433081,0.517036489665994,-0.18616987789550343,-0.003205228408094146,0.06659642781301452,-0.46864465147537354,0.845535491006054,0.09394092648109016,-1.289857206891967,-0.4934080861101644,0.676606171852785,0.5310487740907396,-0.47448507890027014,-0.8029891424938806,-0.11163319411565815,-1.4947306179178028,-0.12557067930431418,-0.6740883918771374,0.3068560427067337,0.3002506667366664,0.29636247458895104,0.16430356790678668,0.5323122533490642,0.6107878328456894,0.21075512197618035,0.6059165141836181,0.3340919377077207,0.4526275271999499,0.37447069718461645,0.3719642211191811,0.40963619309239013,0.3358423284145458,0.699448534265069,0.6777264980073056,0.7887387846722893,1.0079495992687153,0.9501792708408732,1.1964903799650222,0.9126798246642237,31,11,23,34,35,35,54,28,38,53,76,89
-0.0018507115232387003,0.00014919937453620785,0.9466988466569307,0.0028285345135459225,0.004867479042418003,-0.7070662239230772,0.7071249267473453,0.005031530546176461,-5.001361330333563e-05,-0.34936320598840404,0.5303551464231854,-0.1906513442543374,-0.002185056069733052,0.005726079408209047,-4.3053139625136454e-05,-0.3479458700283892,0.5280603119446271,-0.18992014807632623,-0.0028798719602159584,0.07058232872521954,-0.40855754665549693,0.7586404376796048,0.051324240721018814,-1.1863779538433372,-0.43433927683317913,0.6034577337312029,0.5551926018641339,-0.41404233769169196,-0.7369046483870003,-0.08600376448975834,-1.3499580586043187,-0.32234756453911806,-0.603308993589249,0.33188084006734925,0.3252908531551515,0.30694958947167106,0.1683863119062219,0.5196348623409857,0.5997922760114176,0.24132897950786858,0.5880701037029556,0.3660585156226228,0.4548596113270329,0.3935957969618138,0.3937692652361695,0.3416190802593205,0.3688784091884851,0.6984088939895335,0.6995693285025995,0.7805347859834736,1.0639847388075174,0.9920077444277067,1.244865496309624,0.8904353939080459,36,13,23,34,35,35,57,17,40,55,80,90
-0.0018048904599001726,8.727891344080669e-05,0.9466018595525533,0.0027562104363143872,0.004829112093439881,-0.7070657980252603,0.7071259012674629,0.005028485075609699,-5.02084818873711e-05,-0.35038031650826945,0.5326425646317348,-0.19199324408593035,-0.0021342717313253684,0.005723092918136206,-4.354916078215123e-05,-0.3487003457728139,0.5299128188727275,-0.19107921314835616,-0.002829070024091164,0.07103444306575792,-0.41114252192533385,0.7592463986415052,0.05015508934142357,-1.1826933084569256,-0.4301023822825352,0.599107501932221,0.552272593272766,-0.41598406225713747,-0.7426573755357819,-0.0866604498494445,-1.3392572521822284,-0.34337706688030456,-0.5925225487860167,0.32072450090167437,0.3252908531551515,0.30694958947167106,0.1683863119062219,0.5196348623409857,0.5997922760114176,0.24132897950786858,0.5880701037029556,0.3660585156226228,0.4548596113270329,0.3935957969618138,0.3937692652361695,0.3416190802593205,0.3688784091884851,0.6984088939895335,0.6995693285025995,0.7805347859834736,1.0639847388075174,0.9920077444277067,1.244865496309624,0.8904353939080459,36,13,23,34,35,35,57,17,40,55,80,90
-0.0014224315379862613,9.916534776445028e-06,0.945521785515724,0.002648273580206228,0.005717859743763041,-0.7070089534303368,0.7071765214543928,0.006097471679952452,-0.0001747571385937549,-0.35908222380485777,0.5445306781319357,-0.19581036430501414,-0.001811278206228612,0.006791297654785645,-0.0001669121289441354,-0.35584213141838633,0.5392965625158241,-0.19397158341100343,-0.0025054060327849587,0.07472721232784069,-0.3465419613908263,0.6650424418275201,0.004806198523134842,-1.0764824264034611,-0.36030665707883,0.4997197692519205,0.569092725533207,-0.35091494692028946,-0.6797816860226017,-0.05983850767761757,-1.1779490103587442,-0.4496986820507574,-0.5488016062075004,0.38346042061454055,0.34075499392659686,0.32912382308533383,0.18905106260971236,0.5083039055843582,0.5549028265291439,0.27500212291207826,0.5204886163245375,0.4047507547166702,0.3933307163550209,0.42039536253277177,0.41744614006933684,0.3144804059413463,0.3483284313366058,0.6681568140853892,0.6218258360873697,0.7055173233269336,0.8547077885347285,0.9318894943703264,0.9425540844185426,0.8117173794516724,38,16,24,32,33,33,61,13,38,48,68,72
-0.0013798895992779183,-0.00011589043769745516,0.9454126982946153,0.0024997840599248478,0.005549740500928555,-0.7070262100357042,0.7071611483831494,0.006012591693211616,-0.00016108030883494172,-0.3598126216088889,0.5472047105820286,-0.19755346777945035,-0.0017449730237771165,0.00670662787544285,-0.00015379051917117133,-0.3562990252066682,0.541497740836268,-0.19550630190164583,-0.002439170500855736,0.07571895314863797,-0.3500711940342609,0.6655309945412179,0.0034102697299647723,-1.070512416029405,-0.35299847356541025,0.49001920645426084,0.5641200762774572,-0.3548257145650559,-0.6843286580629209,-0.05918029805669226,-1.1649140684641504,-0.4626055705787695,-0.5391709758992943,0.38044484734995765,0.34075499392659686,0.32912382308533383,0.18905106260971236,0.5083039055843582,0.5549028265291439,0.27500212291207826,0.5204886163245375,0.4047507547166702,0.3933307163550209,0.42039536253277177,0.41744614006933684,0.3144804059413463,0.3483284313366058,0.6681568140853892,0.6218258360873697,0.7055173233269336,0.8547077885347285,0.9318894943703264,0.9425540844185426,0.8117173794516724,38,16,24,32,33,33,61,13,38,48,68,72
-0.0010366605367085689,-0.00039876365083083866,0.9444268337568315,0.0027176029727930292,0.006412218693983262,-0.707013796402248,0.7071654613896124,0.006598951461228071,-0.00017192079556558704,-0.3687599194388187,0.5592312084287677,-0.20195930493590336,-0.0014447878663536792,0.007292691607121045,-0.00016335518649691932,-0.3637040007522907,0.5509928353722854,-0.1989084371782289,-0.0021385770684764134,0.07937893131708981,-0.2880096797200818,0.5693556208989781,-0.044751517905740744,-0.9608850682009071,-0.2734153298187636,0.36757980432121967,0.5711027786066459,-0.29447425788680914,-0.6215232720298527,-0.013703513112979149,-1.0047272678270767,-0.48346743846705925,-0.5024625020115503,0.4551483494609065,0.34963566549305697,0.3564680535559617,0.210182043116288,0.5091054305900441,0.5030880327480044,0.30793985438266763,0.4446740268920267,0.4652093788847742,0.3226309888284047,0.4502904178851281,0.4407984360215107,0.32252408741172,0.322324055226149,0.6217709803889795,0.536940927611877,0.6078483144128956,0.6174101356265315,0.8227540213365361,0.5982708725024541,0.7028350053393599,40,20,25,30,30,30,64,14,35,41,52,50
-0.0010126539465256494,-0.0005030658374742601,0.9443167075827188,0.0026220964323412227,0.006228048355078387,-0.7070386555935243,0.7071426132828428,0.006421176244356893,-0.00013148460478530687,-0.3695332037802258,0.5618178408697284,-0.2036604820978924,-0.001370852356279637,0.007115323975442758,-0.00012343789838146135,-0.3643003188833208,0.5532548360659597,-0.2004424593080982,-0.0020649863674586395,0.08009147210803436,-0.2919474943415452,0.5709039341388956,-0.04575613741756434,-0.9533582844575618,-0.2648051824065732,0.35513327037396986,0.5646598061448077,-0.3003315260042925,-0.6228579901547029,-0.012271127563131418,-0.9926381573392135,-0.4834792685425878,-0.4953299961458329,0.4572836463045626,0.34963566549305697,0.3564680535559617,0.210182043116288,0.5091054305900441,0.5030880327480044,0.30793985438266763,0.4446740268920267,0.4652093788847742,0.3226309888284047,0.4502904178851281,0.4407984360215107,0.32252408741172,0.322324055226149,0.6217709803889795,0.536940927611877,0.6078483144128956,0.6174101356265315,0.8227540213365361,0.5982708725024541,0.7028350053393599,40,20,25,30,30,30,64,14,35,41,52,50
-0.0008197944764896462,-0.0008400879672613942,0.9434648652602105,0.003240165538904992,0.007111364497393105,-0.7070603852246284,0.7071099924822628,0.006606857197698881,-3.678416279326072e-05,-0.3784414091447271,0.5726723115657578,-0.2076381143912566,-0.0011969484209433273,0.007301298191688153,-2.7112717161665676e-05,-0.3721359608880749,0.5623082584028605,-0.20365191025595517,-0.001891307888975407,0.08173798112961135,-0.23404250390326747,0.478879496195062,-0.09087460798267069,-0.8481557294802294,-0.17880391800850198,0.23039676276739748,0.5655791124072581,-0.24806997543483436,-0.55161027203783,0.043659089981197906,-0.8550186737258962,-0.43734695338211566,-0.45047021065063847,0.5290286318144317,0.3531694859894475,0.3804290854446461,0.23180002284404766,0.5127079646990855,0.45194644736594414,0.3467331654936979,0.371447341861203,0.5213275001028623,0.25749378270752704,0.4725144544689965,0.46274214654757007,0.3236542928221415,0.30539312229803506,0.5671033063191151,0.489956978307455,0.5166271189877313,0.4517271816520161,0.7174810928371029,0.35024146927642424,0.5983122891656041,40,24,26,28,28,27,67,15,33,36,41,34
-0.0008191827034705646,-0.0009200063685897594,0.9433629374787701,0.003177340680700447,0.0069460516005982725,-0.7070744840793786,0.7070978226789002,0.006431733039425991,-5.110615431690693e-06,-0.3791820518244329,0.5749587107475383,-0.20912812029228253,-0.0011397289505395052,0.00712658866999503,4.125476326868399e-06,-0.3728288831234355,0.5644957416239372,-0.20506696824427867,-0.0018345356299659507,0.08183672136941672,-0.23770134095906337,0.48133233232436784,-0.09165041877301806,-0.8398294962608259,-0.16939365497874803,0.21775063969766667,0.5588935293114561,-0.25432151643367285,-0.5502115411946507,0.044195122318227906,-0.8448023061800582,-0.4280899190700282,-0.44423326613288905,0.5335956734746128,0.3531694859894475,0.3804290854446461,0.23180002284404766,0.5127079646990855,0.45194644736594414,0.3467331654936979,0.371447341861203,0.5213275001028623,0.25749378270752704,0.4725144544689965,0.46274214654757007,0.3236542928221415,0.30539312229803506,0.5671033063191151,0.489956978307455,0.5166271189877313,0.4517271816520161,0.7174810928371029,0.35024146927642424,0.5983122891656041,40,24,26,28,28,27,67,15,33,36,41,34
-0.0008202413927691846,-0.0012235089234088493,0.9426758427095204,0.004067774746309159,0.007782428030653827,-0.7071119635919331,0.7070470691316963,0.006358937109660703,0.00012700529467859982,-0.3873547975422357,0.5838713234640232,-0.21231246699368617,-0.001142993467063919,0.007054447416412658,0.000138014283845126,-0.38060712872847074,0.572706011260903,-0.20790549855054474,-0.0018384689991589737,0.08160000894561413,-0.18594120992682628,0.39697468761741017,-0.1293563479515198,-0.7449217851217234,-0.07107328721832357,0.11063257745166918,0.5604045343192224,-0.21299239545580662,-0.4669135059359161,0.09534423433179318,-0.7551414147088251,-0.36364580834718896,-0.3846150248644332,0.5876125405141142,0.3484428900289516,0.3924903228668931,0.2643416343876044,0.4973468507133854,0.417735568019195,0.33890806905884396,0.32724232324509894,0.536188472538111,0.2360855566492721,0.47289395886155017,0.4807225110483231,0.3139447469406167,0.3081947248133363,0.5077743465093643,0.508277647105762,0.44321163296507315,0.42836204007654755,0.6430968618131253,0.31778970728276024,0.5223344067282766,40,26,28,26,26,26,70,13,31,35,38,30
-0.0008382362619398431,-0.001284469242096756,0.9425878202132288,0.004021064148301957,0.007657794854497919,-0.7071067811083642,0.707053880076794,0.006246810638421502,0.0001295632471276619,-0.38801524463586967,0.5857522975346887,-0.21350207674417596,-0.0011199304943369502,0.0069426136857055195,0.00014025136397619896,-0.3813211863446172,0.5746791735421475,-0.20911231639420744,-0.0018157629818339482,0.08114483475685022,-0.18902782353208902,0.39989576227565804,-0.13062751812328646,-0.736863869689178,-0.06009045298405655,0.10005182177049339,0.5546038312692179,-0.21736395475117426,-0.4645426274869593,0.09465146047118066,-0.7486277414476267,-0.3524660015693945,-0.37870199208621264,0.5917917478368964,0.3484428900289516,0.3924903228668931,0.2643416343876044,0.4973468507133854,0.417735568019195,0.33890806905884396,0.32724232324509894,0.536188472538111,0.2360855566492721,0.47289395886155017,0.4807225110483231,0.3139447469406167,0.3081947248133363,0.5077743465093643,0.508277647105762,0.44321163296507315,0.42836204007654755,0.6430968618131253,0.31778970728276024,0.5223344067282766,40,26,28,26,26,26,70,13,31,35,38,30
-0.0009691087356410989,-0.0013736533845593601,0.9421218738050628,0.005142957372952434,0.008568509493283222,-0.7071466999506637,0.7069962343488184,0.006102062396892036,0.0002146961729639064,-0.3947945333428659,0.5908080719248462,-0.2146060740817322,-0.0012680206185690952,0.006798470685919737,0.0002274857978521549,-0.3882168511821303,0.5798776743111456,-0.21024162840428187,-0.0019645077015083326,0.08020082796376564,-0.14232025023983802,0.32510142088601446,-0.15512250096370683,-0.6628509454932023,0.039949503392266134,0.035692977799662184,0.5687430905304457,-0.1765093715554285,-0.38165890882003334,0.13148908304376491,-0.696069525950415,-0.31902766953482287,-0.3238320625018046,0.6238727701324859,0.3301867635063834,0.39037196439387,0.3006002387325484,0.4429771479800677,0.42216121685676955,0.26487359329031973,0.34266932341006184,0.4836804863379568,0.28486848662689473,0.4428220318427967,0.48920481121301557,0.29870364179428366,0.33967557759740846,0.4484843860817494,0.5309395431657243,0.38561917976794796,0.44612163788021586,0.5957812650442393,0.38106284940263035,0.47948597145322386,36,25,28,24,25,28,71,11,32,35,37,32
-0.0009748704819719955,-0.0015136227008776348,0.9420508435006612,0.005010663305253954,0.00831713016918308,-0.7071324231882994,0.7070144656757978,0.005912871497964246,0.0002227200923130603,-0.39490808674498185,0.5926037193925714,-0.2158023345988897,-0.0012502961578658902,0.0066096434861644855,0.00023510355445301357,-0.3884561228648277,0.5818929542970038,-0.2115032285800777,-0.0019471521627294473,0.07916077062790569,-0.14463199346631464,0.3264174496761016,-0.15813864709489353,-0.6541620331310942,0.057414771233492104,0.026753664909982676,0.5653872728296062,-0.1787591423223324,-0.3776247686981654,0.13139616189437095,-0.6906591479931624,-0.3096639256819166,-0.3167879211796553,0.6265307989392622,0.3301867635063834,0.39037196439387,0.3006002387325484,0.4429771479800677,0.42216121685676955,0.26487359329031973,0.34266932341006184,0.4836804863379568,0.28486848662689473,0.4428220318427967,0.48920481121301557,0.29870364179428366,0.33967557759740846,0.4484843860817494,0.5309395431657243,0.38561917976794796,0.44612163788021586,0.5957812650442393,0.38106284940263035,0.47948597145322386,36,25,28,24,25,28,71,11,32,35,37,32
-0.0011446470151591406,-0.0015928474118211467,0.9416888027683651,0.005971990059909674,0.008841271450224604,-0.7071545821159857,0.7069784750939968,0.005453700876749042,0.00028186439467465943,-0.4000288087631154,0.5966615867042112,-0.2169038522808491,-0.0013999554137045676,0.006151462863813195,0.0002957243584090524,-0.39406964287039065,0.5867314871444221,-0.21287479393533168,-0.002097867663663404,0.07642604065633819,-0.10764419614580115,0.2662851517312227,-0.17261151322694682,-0.589528394528276,0.1782388588405279,-0.0018700545181520901,0.5882979180783601,-0.141137692236715,-0.30337476006441294,0.15260760939094525,-0.644522511330659,-0.3029948582781773,-0.27219767498793407,0.6469831261739274,0.29677189392488385,0.3827763962089458,0.2835447765623047,0.3486602009741174,0.43073930069081146,0.167529599589588,0.3554338587076924,0.3636378835764469,0.272261345121209,0.3909408893701426,0.48063297565769575,0.2871262794538596,0.40091951266244735,0.39325570210377014,0.5680647907507461,0.3303569418350991,0.4841091653821854,0.5479178181497987,0.47475685349195884,0.45872352594485305,31,24,25,22,22,26,70,9,34,36,38,37
-0.0011542804633912908,-0.0017175389960889572,0.9416287978620992,0.005837495491855407,0.008654235079512459,-0.7071292245676916,0.7070072755098535,0.005376696864178988,0.0002543833480951461,-0.4000779589936136,0.5981033827903945,-0.21790624004747985,-0.0013975858490977667,0.006074639874344204,0.000267890695346178,-0.3942823458141658,0.5884715090122423,-0.2139968800326186,-0.0020957030702300023,0.07544233752959066,-0.10987264028784334,0.2675288723516864,-0.17761919641873514,-0.5824840866475826,0.20011943474210112,-0.005063518715123685,0.5874154469144458,-0.14240648546292442,-0.30035603779160003,0.1528388064593642,-0.6396311072461932,-0.29933667302851213,-0.26663192440826367,0.646736009619929,0.29677189392488385,0.3827763962089458,0.2835447765623047,0.3486602009741174,0.43073930069081146,0.167529599589588,0.3554338587076924,0.3636378835764469,0.272261345121209,0.3909408893701426,0.48063297565769575,0.2871262794538596,0.40091951266244735,0.39325570210377014,0.5680647907507461,0.3303569418350991,0.4841091653821854,0.5479178181497987,0.47475685349195884,0.45872352594485305,31,24,25,22,22,26,70,9,34,36,38,37
-0.001320974973127307,-0.0017181120360983543,0.9413696709919487,0.006571062457307723,0.009005488851616564,-0.7071413915293084,0.7069842817875929,0.004995333704819649,0.00028004331902375045,-0.403945614411195,0.6011545557459217,-0.21872706488415378,-0.0015497344874930378,0.0056940428117701536,0.00029460091296833505,-0.39877309620025225,0.5925319010561261,-0.21520310769790785,-0.0022486771248247527,0.07220973000123332,-0.08279976547009556,0.2234070504287974,-0.1862094924218079,-0.5333214683275578,0.32878949461829776,0.006654811220368526,0.6108629773333175,-0.1120253237119329,-0.24260072119932194,0.16179198673802134,-0.6047324991960178,-0.3205858883593157,-0.24050145730685638,0.655430826195826,0.25553571527300717,0.3822512964501908,0.2533212415180767,0.2373450996839126,0.4105942043188098,0.06019328176192336,0.3263619268105154,0.21363205290199772,0.17198778136441972,0.3403190717659725,0.45046852000864784,0.2839931341938495,0.38920625898646305,0.3412105684945987,0.5350422362785099,0.2583822600165473,0.4667373099251402,0.4655417419342315,0.47317015721567823,0.4446334741668566,23,24,20,17,16,19,66,8,32,32,35,36
-0.0013262306566238422,-0.0018143439412278027,0.9413218019664571,0.006454659141286243,0.008885285610577815,-0.707113888953363,0.707014382544117,0.004993270831659849,0.00023584311100113093,-0.4040063080512525,0.6022609162518701,-0.21948742784802722,-0.0015552184122948206,0.005692042094449468,0.00025013894175406423,-0.39898415797851994,0.5939196501399382,-0.21609104361980078,-0.0022542266031321673,0.0714649471713479,-0.08465353953150505,0.2239487017405518,-0.19283053938606223,-0.5288693799683581,0.3525709924575733,0.010152916057336226,0.6111240802806289,-0.1124940461231258,-0.2407261894361174,0.16298731228164798,-0.6009104427003983,-0.3229314860815767,-0.2375275980926087,0.6530196879721487,0.25553571527300717,0.3822512964501908,0.2533212415180767,0.2373450996839126,0.4105942043188098,0.06019328176192336,0.3263619268105154,0.21363205290199772,0.17198778136441972,0.3403190717659725,0.45046852000864784,0.2839931341938495,0.38920625898646305,0.3412105684945987,0.5350422362785099,0.2583822600165473,0.4667373099251402,0.4655417419342315,0.47317015721567823,0.4446334741668566,23,24,20,17,16,19,66,8,32,32,35,36
-0.0014446836639825124,-0.0018290776491310255,0.9411182959385451,0.0068622138149464,0.009060069432856338,-0.7070953841574907,0.7070268332012587,0.004780082891733498,0.00019711347041596116,-0.4068759100977247,0.6052757563523002,-0.2205910392260576,-0.0016676208543775495,0.005479344269291782,0.00021193479872991903,-0.4025366242627438,0.5980823238429916,-0.21767420190152578,-0.0023671599072347,0.06787628296105815,-0.0673690167395867,0.1936248090289301,-0.20618034462262397,-0.497275777560188,0.49675911577968446,0.05820176894792258,0.6232552188416988,-0.0892835105784056,-0.19645723289267453,0.1665764344498183,-0.5756484308564586,-0.370332307377676,-0.225354363689055,0.6525519834017948,0.21997375909899666,0.39127648127871606,0.2443598135671268,0.13742017417185545,0.3925560868731083,0.0,0.2972701505197432,0.18982130258855623,0.09192347228293539,0.3079048605311651,0.40438908758907194,0.28577464412123765,0.3851190643974352,0.29082865512276146,0.49016715085598017,0.1609846236212555,0.4012119774852041,0.3355491567334421,0.34321526240008565,0.4290401266708861,17,26,17,15,14,14,59,9,31,27,28,29
-0.001443612371628407,-0.0018593138918503102,0.9410840776835957,0.006818962783888639,0.009040416525256561,-0.7070765455868538,0.7070463431038758,0.004816907978071198,0.00014504892663624603,-0.4071164547912213,0.6059633410974631,-0.22101820877251094,-0.0016734407872392107,0.005516158103769877,0.00015976006941751972,-0.40286129473029436,0.5989347567605203,-0.2181909078851117,-0.0023729431916163827,0.06776464221469902,-0.06846312222245385,0.19408775400796852,-0.21285749873909787,-0.4963924783044591,0.5145961654135114,0.06464989498674711,0.6221766803215302,-0.08954120909975904,-0.19639153742845955,0.16824116771321201,-0.5735806669184168,-0.3755040892439853,-0.22474091929718415,0.6495856311432117,0.21997375909899666,0.39127648127871606,0.2443598135671268,0.13742017417185545,0.3925560868731083,0.0,0.2972701505197432,0.18982130258855623,0.09192347228293539,0.3079048605311651,0.40438908758907194,0.28577464412123765,0.3851190643974352,0.29082865512276146,0.49016715085598017,0.1609846236212555,0.4012119774852041,0.3355491567334421,0.34321526240008565,0.4290401266708861,17,26,17,15,14,14,59,9,31,27,28,29
-0.001491828450175669,-0.0017600161991287702,0.9409929156822991,0.007150007841610282,0.009248758890366332,-0.7070909443696184,0.7070259784741535,0.004683562175937255,0.0001741066489488445,-0.4091241756695127,0.6073633212456647,-0.22121603607413726,-0.0017107166142275466,0.005383066072375643,0.00018935818032674855,-0.4052285700928022,0.6009081279088329,-0.21861766168138505,-0.002410515680374936,0.0656206583718318,-0.05580723728858124,0.17486812645860925,-0.21653626060688483,-0.4846738499584517,0.6071789966001545,0.10852049935354963,0.6220153069892933,-0.07262425916668537,-0.1673575876473711,0.1658946085542229,-0.5603139493599553,-0.42017867194410435,-0.2220951094314574,0.651159124247486,0.19959752877415343,0.40092801241590453,0.23778896309263353,0.06225825933977419,0.39090792010057246,0.0,0.2978328795771712,0.20294659744257404,0.07254703636680458,0.29219238558709976,0.35873197248860106,0.285606481647808,0.3557249796269251,0.24666177195081343,0.4158693223566225,0.0517959005919867,0.3146708911759089,0.1823652647506827,0.1916892499471494,0.4144011688431374,14,27,14,14,14,12,52,9,28,20,20,20
-0.0014902172272768346,-0.0018068438919845527,0.9409691802594883,0.0070773282753749675,0.009222373670029177,-0.7070757474094876,0.7070422523963384,0.00475584688204512,0.00014093053712651546,-0.40919776160816157,0.6079139615496562,-0.2215609216634372,-0.0017188449088812031,0.005455286590349141,0.0001560755925900244,-0.4053441769765536,0.6015484780431639,-0.2190166013479626,-0.002418561080065044,0.0654195886897312,-0.055942261692738963,0.17432777710732886,-0.22235354488699716,-0.4851008663762967,0.6244634543524568,0.11720123584043116,0.619752227432636,-0.0722978187028487,-0.16694980488965744,0.16790758710803638,-0.5591869134725863,-0.4276858525300932,-0.22229506664115053,0.6487885674898091,0.19959752877415343,0.40092801241590453,0.23778896309263353,0.06225825933977419,0.39090792010057246,0.0,0.2978328795771712,0.20294659744257404,0.07254703636680458,0.29219238558709976,0.35873197248860106,0.285606481647808,0.3557249796269251,0.24666177195081343,0.4158693223566225,0.0517959005919867,0.3146708911759089,0.1823652647506827,0.1916892499471494,0.4144011688431374,14,27,14,14,14,12,52,9,28,20,20,20
-0.0014871133075486712,-0.001756433857816608,0.9409244834111034,0.007215215919896466,0.009364325091264196,-0.7070760580077807,0.707038682298919,0.004756854706143123,0.0001357887554232253,-0.4104063813333059,0.6089323253916752,-0.2218258730580054,-0.0017156878822722772,0.005456327100757397,0.00015118659419974367,-0.40671393030662767,0.6028328860097999,-0.2194017831193456,-0.0024154373144025802,0.06416494106897817,-0.047699090760251105,0.16275471178607206,-0.2282810769148142,-0.4838299210421914,0.694471201366998,0.15492926089790995,0.6137583149324328,-0.06095942109987296,-0.1494379394198581,0.16847309213564474,-0.554103446426662,-0.4664271045581495,-0.2218779591210073,0.6485385068081291,0.19362106762971934,0.4032179193011062,0.24555995432067568,0.021752300266993128,0.3875608847407304,0.0,0.2897707674298964,0.2088258873809034,0.06791124988728992,0.28097694344701546,0.3293256180534494,0.2807261396335039,0.3362724997152849,0.21612570079743088,0.3886553283547785,0.0,0.29244071975971975,0.1639946271758912,0.15856061436297691,0.40649123195334397,13,27,14,14,14,12,48,8,26,18,18,18
-0.0014825699842530046,-0.0017876850900986313,0.9409081270325912,0.0071657789021774155,0.009353366494195728,-0.7070664065503749,0.7070489819495464,0.0048132839638891246,0.00011314846080068286,-0.41047550361044904,0.6093139489697555,-0.22206029313369893,-0.0017187863938079378,0.005512699140117535,0.00012847995744536022,-0.40678728423962573,0.6032348145346785,-0.21965696854964026,-0.0024184570791208,0.06407512153315412,-0.04738783731002741,0.1623064769958807,-0.23304758828193406,-0.4852801650207322,0.7078096731610789,0.162519569558859,0.6110878704711415,-0.060489253949809176,-0.14947327137334251,0.17042943694641943,-0.5538965120467124,-0.4733028236883293,-0.22231717587840696,0.646728408165348,0.19362106762971934,0.4032179193011062,0.24555995432067568,0.021752300266993128,0.3875608847407304,0.0,0.2897707674298964,0.2088258873809034,0.06791124988728992,0.28097694344701546,0.3293256180534494,0.2807261396335039,0.3362724997152849,0.21612570079743088,0.3886553283547785,0.0,0.29244071975971975,0.1639946271758912,0.15856061436297691,0.40649123195334397,13,27,14,14,14,12,48,8,26,18,18,18
-0.0014672103630794721,-0.001688208775373313,0.9409074030288916,0.00735688918523511,0.009478758011095203,-0.7070598261143378,0.7070519299338948,0.004703578883371554,9.38331249541398e-05,-0.41117507474460346,0.6093658449487598,-0.22202172719443633,-0.0017090755414577244,0.0054030974980656035,0.0001093313123613209,-0.4075104212489699,0.6033333919419872,-0.2196406567411195,-0.0024087702826652135,0.06408701652972991,-0.04401462125045736,0.15829278409983014,-0.23358548317577732,-0.4856430509934894,0.7272548145139995,0.17325809911559698,0.6098779014174436,-0.055795288209246466,-0.14340942806772294,0.16966555410639406,-0.5525131367447675,-0.48543504260205506,-0.22209432993305164,0.6469661278036987,0.1946758573631621,0.3989421942462779,0.28157971035748425,0.0038275070496235648,0.4243557938582272,0.0,0.3135689600993698,0.21094923749558717,0.09801845873687241,0.25902743842783954,0.31971100062994057,0.2735435687094791,0.3367621692902244,0.20104925001273105,0.3692929772457113,0.0,0.2857309061701827,0.16544078081415492,0.16348825480001006,0.4052206846177697,13,27,15,16,15,13,46,7,25,16,18,18
-0.0014645855988097006,-0.0017400598291152083,0.9409004120323756,0.007294223905437345,0.009469608180437222,-0.7070638445672577,0.7070486832773928,0.004773031788386966,9.596688348379729e-05,-0.41122727278369153,0.6097029403352437,-0.222123732110591,-0.0017021318108614532,0.005472479365439441,0.00011148961028599478,-0.40757364980094946,0.6036851803349228,-0.2197532512828157,-0.0024018112737936234,0.06392471528019544,-0.04272410845874506,0.15674532240108188,-0.2365448553538838,-0.48727854103778984,0.7416838426913497,0.18164042406491088,0.607837174477927,-0.053991537407438395,-0.14160869171883378,0.17060618203421496,-0.552465088800043,-0.4939830281431974,-0.22230235459302766,0.6457708990839778,0.1946758573631621,0.3989421942462779,0.28157971035748425,0.0038275070496235648,0.4243557938582272,0.0,0.3135689600993698,0.21094923749558717,0.09801845873687241,0.25902743842783954,0.31971100062994057,0.2735435687094791,0.3367621692902244,0.20104925001273105,0.3692929772457113,0.0,0.2857309061701827,0.16544078081415492,0.16348825480001006,0.4052206846177697,13,27,15,16,15,13,46,7,25,16,18,18
-0.0014608528955592983,-0.0017735907062169736,0.9408892432165746,0.007242875504392735,0.009456831246684713,-0.7070605595211666,0.707052667251043,0.004827913522025766,9.027680509762647e-05,-0.41124815219448063,0.6100035705003076,-0.22227994672515597,-0.001699386354339217,0.00552731014816148,0.00010576620446561011,-0.4075906309726323,0.603983835863812,-0.21991465168390814,-0.0023990165755873732,0.0638694576411545,-0.04204578459258936,0.15615471794332628,-0.24007348065152717,-0.48912700086030075,0.7528057564759094,0.18834018497277838,0.6057449066886811,-0.053137538060896466,-0.14133204849618247,0.17202675788742863,-0.5526098595916964,-0.5004171845259093,-0.2226362442507046,0.6442483169713271,0.1946758573631621,0.3989421942462779,0.28157971035748425,0.0038275070496235648,0.4243557938582272,0.0,0.3135689600993698,0.21094923749558717,0.09801845873687241,0.25902743842783954,0.31971100062994057,0.2735435687094791,0.3367621692902244,0.20104925001273105,0.3692929772457113,0.0,0.2857309061701827,0.16544078081415492,0.16348825480001006,0.4052206846177697,13,27,15,16,15,13,46,7,25,16,18,18
-0.00146338506390455,-0.0017628974083379856,0.9408955660570734,0.007365578361166214,0.009523348083045018,-0.7070431865704226,0.7070678796417194,0.004751724148693942,5.72770812765141e-05,-0.41162521961053644,0.6100707973484673,-0.22231123548302223,-0.00170004963738958,0.005451193803736905,7.286951287461518e-05,-0.40797163633710737,0.6040776987519376,-0.21996216722515094,-0.002399705824328183,0.06423744645387568,-0.04014951046806505,0.15414298072813892,-0.24192481388106005,-0.49085616533067283,0.7655826416179351,0.19586473104667604,0.6048825066758721,-0.05026051218178169,-0.1385908166578377,0.17192183609375125,-0.5522504125948599,-0.5083580180707086,-0.22267229459310298,0.6429048030989682,0.19628915245724307,0.393586337277268,0.3018397192074372,0.0,0.44628407567369893,0.0,0.3298558665334978,0.21244445233912446,0.108403447038919,0.21113818684040805,0.3217904906205218,0.2672223177713135,0.3527057345539001,0.19616128090959573,0.3746362329375218,0.0,0.2900017443031053,0.16304377179940469,0.17158340603002512,0.4024996901339717,13,26,16,18,16,12,47,6,26,17,18,19
-0.0014571890369952305,-0.0017933543008267314,0.9408895215966975,0.007335270798669173,0.00951639461410761,-0.7070492812913141,0.7070621937717322,0.00477548947396345,5.7035562515711384e-05,-0.411667964589567,0.6102856528356362,-0.22239845018109142,-0.0016947640861531119,0.005474938134365034,7.264549603664768e-05,-0.4080226052429845,0.6043008218212172,-0.2200553961496529,-0.0023944170167599825,0.06434366050807606,-0.03923953905873729,0.15341981843674116,-0.2447022186844459,-0.4929478629308746,0.7752502618055267,0.2019033035770031,0.6036353835110908,-0.0489603775106605,-0.13787996584289963,0.17265842702494835,-0.5523808120621595,-0.514166002747111,-0.22287614657779342,0.6411236978732813,0.19628915245724307,0.393586337277268,0.3018397192074372,0.0,0.44628407567369893,0.0,0.3298558665334978,0.21244445233912446,0.108403447038919,0.21113818684040805,0.3217904906205218,0.2672223177713135,0.3527057345539001,0.19616128090959573,0.3746362329375218,0.0,0.2900017443031053,0.16304377179940469,0.17158340603002512,0.4024996901339717,13,26,16,18,16,12,47,6,26,17,18,19
-0.0014820527083043299,-0.0018363321721443391,0.9408955541278387,0.007421541394959379,0.009560559115456542,-0.7070226806923495,0.7070872968872559,0.004743296377299166,1.039196706747323e-05,-0.41188150345436425,0.6103532821461664,-0.22245494211812247,-0.001709532271173826,0.005442784664593886,2.6089078292696233e-05,-0.4082371006818468,0.6044004748202727,-0.22013372002981302,-0.0024092085456660817,0.06513649348785154,-0.03827563383580276,0.15260158305340862,-0.24678947184007702,-0.4952607883991691,0.78494534158655,0.20819636170670722,0.6028221782101904,-0.046682514195762,-0.13750817513561062,0.1727926971638548,-0.5513915876427087,-0.5191079532004305,-0.22353691516139318,0.6388487553254547,0.19655697323096158,0.3905657308474264,0.29294005845871535,0.0,0.4301355913025466,0.0,0.31707408738285753,0.21446037743834798,0.08828667736067725,0.1726673253086837,0.32572486418024493,0.26255153744029636,0.372440608738513,0.19496372324333983,0.3953410389473455,0.0,0.30968816814768285,0.15925913876285636,0.18420025156635197,0.3874644116663264,13,26,16,17,16,10,47,5,27,18,19,19
-0.0014714685116636638,-0.0018599590612789086,0.9408901742846065,0.007408586505505376,0.009545866682986353,-0.7070376043493639,0.7070727086454215,0.00472844297427898,1.9430835544409034e-05,-0.4118972453167952,0.6105045334878775,-0.22253662255435835,-0.00170717566175669,0.005427947001347708,3.514422221919845e-05,-0.4082744211573774,0.6045723630218073,-0.2202228414245454,-0.002406866019143224,0.06541229474051984,-0.03763031866388644,0.15232710370388813,-0.2493499085358092,-0.4975051562935268,0.7923944898389803,0.21329547714096433,0.6019147588187941,-0.04570405503371988,-0.13750661851022888,0.17330162855296138,-0.5509520406742957,-0.5229297421245849,-0.22393797813062966,0.6365945315341826,0.19655697323096158,0.3905657308474264,0.29294005845871535,0.0,0.4301355913025466,0.0,0.31707408738285753,0.21446037743834798,0.08828667736067725,0.1726673253086837,0.32572486418024493,0.26255153744029636,0.372440608738513,0.19496372324333983,0.3953410389473455,0.0,0.30968816814768285,0.15925913876285636,0.18420025156635197,0.3874644116663264,13,26,16,17,16,10,47,5,27,18,19,19
-0.0014936430785887913,-0.001936283807298158,0.9408952630144551,0.007453231057748369,0.009567850672256104,-0.7069947076785659,0.7071148343054415,0.004719535989890713,-5.264259275407453e-05,-0.41196481582182265,0.6105770395873159,-0.22262941447284304,-0.0017206519541344474,0.0054190569831792075,-3.6881187703694914e-05,-0.4083352599574098,0.6046829149177289,-0.22034665719401228,-0.002420362260907317,0.06682459840105552,-0.03736244303535385,0.15237969031232293,-0.25115582309435175,-0.49989501765788763,0.8001036682380277,0.21911167634931503,0.6006930033734813,-0.044800037809892494,-0.13846170493321758,0.1742001002579372,-0.5504080615931034,-0.5252783470514433,-0.22450645971090782,0.6336017846568299,0.1967867981868642,0.38970566749862867,0.28618441252302085,0.0,0.4209675338214531,0.0,0.31382007807214674,0.21689546081073047,0.08040011042956803,0.1153471871081009,0.32695106269952606,0.2585279077426262,0.37715713414922486,0.19443993248152378,0.3983059519207559,0.0,0.3185038436527987,0.15614779266520362,0.18424610136580186,0.35600782768550326,13,25,15,16,16,8,47,4,28,18,19,18
-0.0014843458032292305,-0.001947313881629386,0.9408903698723314,0.007455692137396383,0.009560813982727857,-0.7070291246826628,0.7070804907089484,0.0046963296886749824,-1.8447481410669617e-05,-0.4119844628636892,0.610670386081957,-0.2227059210915637,-0.0017192505958806906,0.005395874661849068,-2.672168580963768e-06,-0.40839085465582037,0.604799041763871,-0.2204262720270437,-0.002418974631751982,0.0671482809065488,-0.03696703180877353,0.15236593610543994,-0.2533494024546979,-0.5020100683306243,0.8061119775546112,0.223775524617363,0.599666662888157,-0.04430488463659097,-0.13883689709688943,0.17482263449690644,-0.5499267933979625,-0.5273690786788738,-0.22481877706277548,0.6311468893783395,0.1967867981868642,0.38970566749862867,0.28618441252302085,0.0,0.4209675338214531,0.0,0.31382007807214674,0.21689546081073047,0.08040011042956803,0.1153471871081009,0.32695106269952606,0.2585279077426262,0.37715713414922486,0.19443993248152378,0.3983059519207559,0.0,0.3185038436527987,0.15614779266520362,0.18424610136580186,0.35600782768550326,13,25,15,16,16,8,47,4,28,18,19,18
-0.0014887481300597104,-0.0020247744416083393,0.9408922575037612,0.007467506654980382,0.009581970734969972,-0.7069834789124211,0.7071257191801765,0.0047131176505463895,-8.608351967080404e-05,-0.4119942233672792,0.6107419027322006,-0.2228027713773802,-0.0017210626859458717,0.00541264669043822,-7.028175638000533e-05,-0.4083876888873177,0.6049001559065578,-0.22055117188911577,-0.0024207870434823525,0.06876479424135364,-0.037130478651210004,0.15283959935386396,-0.2546056903445504,-0.5041626907384251,0.8127442336592989,0.22963167314708216,0.597827359744664,-0.04385058245228853,-0.13975364351394662,0.1755472468496742,-0.5492188091595317,-0.5291206774978678,-0.22494475077239917,0.6285524312874426,0.19837583320434243,0.38970561513875107,0.28493110904045627,0.0,0.42158738750529884,0.0,0.3204296050428642,0.21946630461897934,0.09115498635998975,0.04479987918506133,0.3258530411605114,0.25441866964514576,0.37852208634403955,0.19476098579742812,0.39745482465772836,0.0,0.3205843982942236,0.1547247908194676,0.18463167950415246,0.31988407620521464,13,25,15,16,16,6,47,4,28,18,19,17
-0.0014843633117587738,-0.0020313902623104586,0.9408882178723385,0.007463180767725748,0.009587648768282525,-0.7070249789787626,0.7070841937308486,0.004724589335951671,-3.7024903550815876e-05,-0.41201148671062804,0.6108149284508647,-0.2228746880699561,-0.001719805666696699,0.005424106546453321,-2.1215738660248987e-05,-0.4084353763707931,0.604978602845077,-0.220617636715292,-0.002419516198092651,0.06910844794744314,-0.03691736869056963,0.15288846079331833,-0.25644169493539454,-0.5060038050164073,0.8179388824256694,0.23424154778588563,0.5964198399977575,-0.04360068364681398,-0.14011361559288937,0.1760014376585134,-0.5485544227891747,-0.5307243684986198,-0.22492061698915924,0.6264404750340261,0.19837583320434243,0.38970561513875107,0.28493110904045627,0.0,0.42158738750529884,0.0,0.3204296050428642,0.21946630461897934,0.09115498635998975,0.04479987918506133,0.3258530411605114,0.25441866964514576,0.37852208634403955,0.19476098579742812,0.39745482465772836,0.0,0.3205843982942236,0.1547247908194676,0.18463167950415246,0.31988407620521464,13,25,15,16,16,6,47,4,28,18,19,17
-0.0014684760260300451,-0.002107730299154818,0.9408875718031255,0.007413445897262761,0.009628866096050985,-0.706973335076123,0.7071357926515786,0.004838450200543269,-0.0001087804353943088,-0.4119731882698647,0.6109184991083113,-0.2229834047760903,-0.001710308554947254,0.005537838266806391,-9.29753330317711e-05,-0.40835076291383365,0.6050634831318986,-0.22074188635141895,-0.0024099385690285195,0.07093095643139427,-0.03729162191713862,0.15343466801829886,-0.2576904003042536,-0.5078776171993955,0.8235178535847629,0.23993649182150162,0.5941088990967925,-0.043576737097798864,-0.14116089644846574,0.17698662089925152,-0.5481005015941104,-0.5325778309420907,-0.22455179670627495,0.6241705912246452,0.20129126609345882,0.39018287542270896,0.2844057823888985,0.00038565667816692703,0.4238203617503004,0.0,0.32857133911061503,0.2219562175098132,0.11171288800667309,0.0,0.3245919535094829,0.25090109816409134,0.38587149329126247,0.19680212217769671,0.39833968913519696,0.0,0.32140339404572194,0.15476125947418803,0.18623624795197344,0.30271735802180255,14,25,15,16,16,6,47,3,28,18,20,16
-0.001468429222785399,-0.002111406189165612,0.9408840161484402,0.007399883045184392,0.0096459543271374,-0.7070206893354885,0.7070883552623439,0.004889169197964475,-5.118522545453379e-05,-0.4119959787472436,0.6109979560061009,-0.2230621225808261,-0.001710933736028296,0.005588495606105545,-3.538389133634644e-05,-0.40837663958436243,0.60509735615469,-0.22079562396316305,-0.0024104882402957196,0.07131539030116385,-0.03719747021136734,0.15342594386417024,-0.25941601790614643,-0.5094437460762162,0.8279518218879611,0.24439302362776225,0.5923733185894219,-0.04348550065053372,-0.1416447593421564,0.1775436006606395,-0.547518700371566,-0.5342850178284676,-0.22419210923975322,0.6223674689874377,0.20129126609345882,0.39018287542270896,0.2844057823888985,0.00038565667816692703,0.4238203617503004,0.0,0.32857133911061503,0.2219562175098132,0.11171288800667309,0.0,0.3245919535094829,0.25090109816409134,0.38587149329126247,0.19680212217769671,0.39833968913519696,0.0,0.32140339404572194,0.15476125947418803,0.18623624795197344,0.30271735802180255,14,25,15,16,16,6,47,3,28,18,20,16
-0.0014380284913408892,-0.0021740360213643433,0.940880905776844,0.007313296028804352,0.009710393326298042,-0.7069778848782522,0.7071311718880142,0.005075764193284459,-0.00010321528187600562,-0.4119662864739337,0.6111298878155905,-0.22317364238300533,-0.0016947122324268379,0.005774868545732985,-8.743267329157129e-05,-0.4082647832467224,0.6051409500588212,-0.22089418703959607,-0.0023941031765177326,0.07297624505412513,-0.03761281041504446,0.1538117107812394,-0.26128655214210095,-0.5111655128821169,0.8317691229380032,0.24909706266758647,0.5899851454819972,-0.043297843619627144,-0.1429210084295548,0.17835149296133587,-0.5467107504839717,-0.5367399068591916,-0.22410071439172358,0.6203625171778514,0.20459075868447654,0.39147925363121283,0.2827709499318479,0.013243863796752072,0.4254414235595527,0.0,0.3362658849174198,0.22391386606531266,0.13278775617779714,0.0,0.3252508327554033,0.248950099313042,0.38437199366441155,0.20052339976239764,0.39613989359927587,0.0,0.3146650792294998,0.15514816406277016,0.17719844439295626,0.3178349113103869,15,26,15,17,17,7,47,3,28,18,19,16
-0.0014371534291245964,-0.0021792520630643246,0.9408779576866397,0.0072936507133682695,0.009727617416790785,-0.7070169625060874,0.7070920667404845,0.005137560923479057,-5.3938158610699916e-05,-0.4119937135820004,0.6112323743829178,-0.22325973261447302,-0.0016941607239511027,0.005836577975734663,-3.816653217867146e-05,-0.4082547867826273,0.6051402837837917,-0.22093403403519943,-0.002393432083817356,0.07346840312622728,-0.03755187953484845,0.15370558035597914,-0.26311163610261623,-0.5125244259555164,0.8349422199792355,0.2528446388796358,0.5882266237562666,-0.0432164880513244,-0.14352439564615163,0.17883956248765406,-0.5459679042548239,-0.538900081690021,-0.22388258448799994,0.6186930097100254,0.20459075868447654,0.39147925363121283,0.2827709499318479,0.013243863796752072,0.4254414235595527,0.0,0.3362658849174198,0.22391386606531266,0.13278775617779714,0.0,0.3252508327554033,0.248950099313042,0.38437199366441155,0.20052339976239764,0.39613989359927587,0.0,0.3146650792294998,0.15514816406277016,0.17719844439295626,0.3178349113103869,15,26,15,17,17,7,47,3,28,18,19,16
-0.0013967144459199354,-0.002225452835713781,0.9408740666033254,0.007174145558461376,0.00980597405284809,-0.7069802471158284,0.7071289166032055,0.005381488802100917,-9.728812851827017e-05,-0.4119710881018892,0.6113982833439784,-0.22337399407276065,-0.0016720881696999197,0.0060802014025728955,-8.155306149799799e-05,-0.4081103292003165,0.6051461507495342,-0.2210072599612292,-0.002371125792662505,0.07504295436490707,-0.03788336203277251,0.15391926400297437,-0.26646445836342336,-0.5143203943879334,0.8355739991352628,0.25547608985563025,0.5861723901846972,-0.04291720024001598,-0.14542684409301748,0.18068341005937202,-0.5449800638570701,-0.5408634847547888,-0.2245803773125448,0.6163700714192563,0.207649797264447,0.3931208405124686,0.2749906211923076,0.024817866378366048,0.422186977916529,0.0,0.34025806378196904,0.22439288040516875,0.14167586284687078,0.0,0.3290851640424022,0.2478559349516742,0.39505196006333776,0.20501585980373854,0.4083286447766735,0.0,0.3184930051581438,0.15481497198191815,0.17755314765683905,0.3534963599784072,15,26,15,16,17,8,48,3,29,19,19,17
-0.0013926834057755577,-0.0022316012939312515,0.9408715359372745,0.007158376113739809,0.009814050706395206,-0.7070127138490941,0.7070965029724625,0.005423216332512721,-5.7966346964813875e-05,-0.4120033176509645,0.6115221187069114,-0.22346686048567724,-0.0016681076739423607,0.0061218503081226575,-4.224849589299159e-05,-0.4080691867948997,0.6051151646333983,-0.22103360060436159,-0.0023670073648679743,0.07565628202185054,-0.03777325653877963,0.15375732851570342,-0.26855835209438583,-0.5155734993703565,0.8365014968352804,0.257768056666793,0.5847641725271413,-0.04283884276410343,-0.14619243817660837,0.18157783425539184,-0.5441626809884308,-0.5428548178900375,-0.22494083669273482,0.6144801140043524,0.207649797264447,0.3931208405124686,0.2749906211923076,0.024817866378366048,0.422186977916529,0.0,0.34025806378196904,0.22439288040516875,0.14167586284687078,0.0,0.3290851640424022,0.2478559349516742,0.39505196006333776,0.20501585980373854,0.4083286447766735,0.0,0.3184930051581438,0.15481497198191815,0.17755314765683905,0.3534963599784072,15,26,15,16,17,8,48,3,29,19,19,17
-0.0013460414842616736,-0.002258828251477983,0.9408686688623762,0.00702500528690054,0.009876136303715836,-0.7069929729999777,0.7071167141010617,0.005655752954764275,-7.518447740250165e-05,-0.4119628944158463,0.6117135806126364,-0.22358399033101178,-0.0016399235561844615,0.00635407711018515,-5.95255454010698e-05,-0.4078903879231928,0.6051000010599968,-0.22108322462415791,-0.002338577602141987,0.07689117771168251,-0.03793941986385051,0.15403788919447903,-0.27376230989691624,-0.5176221200674375,0.8321729782187257,0.2575364480208844,0.5831711438547872,-0.04268304124548194,-0.14843002282276374,0.1841924113187593,-0.5435394229984393,-0.543816081815691,-0.22669443717321555,0.6115656645466833,0.21133935348999294,0.39283174417516825,0.261448524259621,0.03576066190935002,0.41239767048818804,0.0,0.33702950137175236,0.22221614939531273,0.13327428416008308,0.003230918604706863,0.33605440337195563,0.2455052033420406,0.41657480189357116,0.20958093426860866,0.43735907274423813,0.0,0.3428876815527788,0.15329562796147206,0.19848847675426617,0.38750466768552366,16,26,15,16,17,7,49,2,31,20,21,20
-0.0013401606934591835,-0.002262714107521202,0.9408664543251768,0.007017188740646977,0.009877223208096968,-0.7070099619111062,0.7070997901868815,0.005672537329923349,-5.422984388310403e-05,-0.4120055693788249,0.6118400858520694,-0.22367397915129714,-0.0016313089731350744,0.006370810666903733,-3.8593132625835635e-05,-0.40783330543749224,0.6050447665382571,-0.22109657037770458,-0.002329837905367717,0.0776447341957249,-0.03770272236447396,0.15391454314802694,-0.2760621411256344,-0.5188490628321648,0.8295702328938076,0.25778954009918165,0.5823226105799482,-0.04259865441943595,-0.14916600021554177,0.1853071009824044,-0.5429384304421772,-0.545221856814741,-0.22789799737972918,0.6093430697877786,0.21133935348999294,0.39283174417516825,0.261448524259621,0.03576066190935002,0.41239767048818804,0.0,0.33702950137175236,0.22221614939531273,0.13327428416008308,0.003230918604706863,0.33605440337195563,0.2455052033420406,0.41657480189357116,0.20958093426860866,0.43735907274423813,0.0,0.3428876815527788,0.15329562796147206,0.19848847675426617,0.38750466768552366,16,26,15,16,17,7,49,2,31,20,21,20
-0.0012891042244454762,-0.0022667441348122176,0.9408650413577652,0.006888350110818041,0.009910989252168193,-0.7070099533350064,0.7071005931336972,0.005851301758053728,-4.4277103305661466e-05,-0.4119503141774898,0.6120345118927306,-0.22377994699422138,-0.0015967753636966827,0.006549320136741569,-2.8715324967964314e-05,-0.407644317540524,0.6050181526744892,-0.2211192314591729,-0.0022950980261958703,0.07845688014107736,-0.037716230005982614,0.1546740893763155,-0.2830095931666726,-0.5212398158899357,0.8185835124887969,0.2545419232698418,0.5808788113889758,-0.04240351623596758,-0.15131865136679695,0.18823243492603473,-0.5426817721739764,-0.5449222468834088,-0.23050232792377282,0.6062249851621274,0.21863683689196903,0.3877230956414108,0.2643751970691202,0.047907350651774636,0.41328747424743983,0.002372766391440031,0.3341337557965985,0.21663102597576078,0.1312216373333976,0.10523775138835917,0.345304561141063,0.24079206387007757,0.4365428869728355,0.21456828241935252,0.460703479808193,0.0,0.36885790156977416,0.15054540793934945,0.2252559631735725,0.4084602949621514,17,25,15,16,17,10,50,2,32,22,22,22
-0.001285388302843788,-0.0022686237857253337,0.9408631066190027,0.006880679680882967,0.00991207978666666,-0.7070067770013897,0.7071038284407313,0.005867125533126431,-4.85018226391013e-05,-0.4119981836235895,0.6121530631291735,-0.2238578182784806,-0.0015855262263704548,0.006565103643668914,-3.296802094720756e-05,-0.4075758342319786,0.6049493443320046,-0.22112154186862348,-0.0022837434035943923,0.07938778641409922,-0.03730568115393839,0.15468173082608963,-0.2852841729701423,-0.5224803630348447,0.8111954193024827,0.2525943289763221,0.580476625668077,-0.04224171812446936,-0.15185661337466713,0.1892666285684918,-0.5423566714835012,-0.5454562764945601,-0.23241414128006369,0.6039407827948227,0.21863683689196903,0.3877230956414108,0.2643751970691202,0.047907350651774636,0.41328747424743983,0.002372766391440031,0.3341337557965985,0.21663102597576078,0.1312216373333976,0.10523775138835917,0.345304561141063,0.24079206387007757,0.4365428869728355,0.21456828241935252,0.460703479808193,0.0,0.36885790156977416,0.15054540793934945,0.2252559631735725,0.4084602949621514,17,25,15,16,17,10,50,2,32,22,22,22
-0.0012322569108177523,-0.0022522287506490713,0.9408625462837087,0.006763650715377918,0.00992463835817334,-0.7070255330197063,0.7070860274681294,0.005995817178062954,-1.5644145036288502e-05,-0.41194030190569947,0.6123346845881729,-0.22394437003688572,-0.0015476620189794372,0.00669383786122149,2.7724945028776175e-08,-0.40739860623264523,0.6049132807168104,-0.22111713148672724,-0.00224572549385488,0.07981692416627849,-0.03725026006707519,0.15630925920950026,-0.29338353896887975,-0.5251992707153097,0.7925908397421222,0.24688397704628054,0.5785013820439167,-0.04175803811085324,-0.15393917507639518,0.19218447372048061,-0.5420892083185856,-0.5436677660124516,-0.23548289248752874,0.6011711640240347,0.233485434942821,0.37701234163447944,0.28211301316372367,0.06315920702629992,0.43566084992875515,0.00045660431226049653,0.343229574099952,0.2073564423237718,0.1488415738903213,0.21751833391418218,0.35640897416078166,0.2350020387963415,0.4532013914580056,0.22123379955247396,0.4830344963485624,0.0,0.38843353191343505,0.14653657863373623,0.25112811313989825,0.41834770734774696,20,23,17,17,17,14,52,1,33,23,23,23
-0.0012332586609292463,-0.0022536981423525847,0.9408607377162095,0.006747127248347621,0.009932149783000528,-0.7070033904355039,0.7071082198555504,0.006036306388482784,-4.395559993910908e-05,-0.411987406166915,0.6124448178342269,-0.22400823432782777,-0.00153735071521738,0.00673403046062217,-2.8457134867946633e-05,-0.40731802935623634,0.6048377136707953,-0.22111186483286085,-0.0022353178192406177,0.08092262658889475,-0.03664991585118531,0.15647963607155266,-0.2952766389249415,-0.526449374762605,0.7796761990321167,0.24307274954283684,0.5781031273626374,-0.041500018381573335,-0.15431822109579849,0.19292863152609868,-0.5418777010837582,-0.543099396063987,-0.23775921132098377,0.5991916755667914,0.233485434942821,0.37701234163447944,0.28211301316372367,0.06315920702629992,0.43566084992875515,0.00045660431226049653,0.343229574099952,0.2073564423237718,0.1488415738903213,0.21751833391418218,0.35640897416078166,0.2350020387963415,0.4532013914580056,0.22123379955247396,0.4830344963485624,0.0,0.38843353191343505,0.14653657863373623,0.25112811313989825,0.41834770734774696,20,23,17,17,17,14,52,1,33,23,23,23
-0.0011855545498956513,-0.0022261564097396888,0.9408583458941427,0.006621819065584878,0.009949532179687538,-0.7070023258129995,0.7071102245171381,0.006193473560096014,-3.734361611489008e-05,-0.4119875753919788,0.612708308629691,-0.22412668462668942,-0.0014914675985534874,0.006890941963844149,-2.2025394126006266e-05,-0.4070814922410989,0.6047123186251793,-0.22107508984627725,-0.002189176337015969,0.0822500038251684,-0.035831790284952855,0.1593651109512369,-0.30474000383862765,-0.5306548080975174,0.7355257008555117,0.23095032065602017,0.5738408956283099,-0.04037086729372751,-0.15660355007132104,0.19618493357915415,-0.5411178092250872,-0.5378966830019324,-0.24305955080585495,0.5955438725436292,0.25771098893293776,0.3633665197843468,0.32211304491958287,0.10007758946172908,0.4893298640539209,0.0011011369517294823,0.38192769495357853,0.20240871314704817,0.20100784207622746,0.30810396769223264,0.36972731988336255,0.2307381819804268,0.4768308282421037,0.23076663084723437,0.513827933753444,0.0,0.41558150010967615,0.14102218468212135,0.28628253493356803,0.4234519838317282,24,21,20,20,19,19,54,0,35,25,24,25
-0.001193585365777029,-0.0022316103783472678,0.9408581549570001,0.006605125220090003,0.009959036960742112,-0.7070111759953002,0.707101397906541,0.006244773359793197,-3.762390946562554e-05,-0.41202138537033445,0.6128037876445035,-0.22417797480715648,-0.0014973098272602196,0.006942166391106624,-2.2330950618381702e-05,-0.40701519016949267,0.6046356461631557,-0.221057240981015,-0.002194925228066217,0.08306981732504971,-0.035064361133377596,0.15886334358694507,-0.3031928133020686,-0.531137324451896,0.7219522741900256,0.22728570040676063,0.5739352775028888,-0.04017640071562748,-0.15629837135112243,0.19588547641650728,-0.5409670309137444,-0.5367882613338307,-0.24476584644225477,0.5944808632581648,0.25771098893293776,0.3633665197843468,0.32211304491958287,0.10007758946172908,0.4893298640539209,0.0011011369517294823,0.38192769495357853,0.20240871314704817,0.20100784207622746,0.30810396769223264,0.36972731988336255,0.2307381819804268,0.4768308282421037,0.23076663084723437,0.513827933753444,0.0,0.41558150010967615,0.14102218468212135,0.28628253493356803,0.4234519838317282,24,21,20,20,19,19,54,0,35,25,24,25
-0.0011477427581134685,-0.0021975772308284202,0.9408565350529297,0.00650868114360285,0.009957244131822014,-0.7070195122222809,0.7070939822230411,0.006329689371442957,8.910604625194226e-06,-0.41200705044200986,0.613008224458891,-0.2242689377424447,-0.0014561086422369414,0.00702693974708181,2.4106151410648412e-05,-0.4068195667577139,0.6045266147865095,-0.22100667788101896,-0.00215358064834385,0.0835392255529464,-0.03445491026049018,0.16222315161523668,-0.3100152018503031,-0.5349791410076458,0.6734798463359734,0.21579398366865593,0.5677647118613978,-0.0392984666647017,-0.15760974049350024,0.19930344142152912,-0.5412175682841893,-0.529325023486887,-0.2481389376769682,0.591946634275402,0.28866408905779184,0.351402968440334,0.36909760508924305,0.150411122306701,0.5511255500553928,0.0143127470639047,0.4341761157873761,0.33989726059235054,0.2789905493187357,0.3769305467790847,0.3854680429813715,0.22971351662987347,0.495023180433804,0.24324831808628675,0.5385708906003145,0.0,0.43553115451203944,0.1336322773696059,0.31216508706223567,0.42794755928578393,29,19,24,25,26,26,56,0,37,26,25,27
-0.0011594058859848433,-0.0022005371342428462,0.9408566963717874,0.006487467502671604,0.009977438304014161,-0.7070229691418165,0.7070904359388419,0.006408603136151697,8.533904874711477e-07,-0.41204722720703896,0.6130845558100816,-0.2243027811626674,-0.0014665090519464575,0.007105736883481478,1.603530611124201e-05,-0.40676730406584616,0.6044499038378496,-0.22098258640988835,-0.002163872120850356,0.08417386118181355,-0.03363112025080841,0.1615342189192705,-0.30763920772312703,-0.535281951974056,0.6584113152768146,0.2122147329142387,0.5673067521146089,-0.03908324974984597,-0.15722840002622995,0.1989185737175447,-0.5413252224722023,-0.5273860214361039,-0.24932898073269913,0.5913726487178895,0.28866408905779184,0.351402968440334,0.36909760508924305,0.150411122306701,0.5511255500553928,0.0143127470639047,0.4341761157873761,0.33989726059235054,0.2789905493187357,0.3769305467790847,0.3854680429813715,0.22971351662987347,0.495023180433804,0.24324831808628675,0.5385708906003145,0.0,0.43553115451203944,0.1336322773696059,0.31216508706223567,0.42794755928578393,29,19,24,25,26,26,56,0,37,26,25,27
-0.001166176727185676,-0.0022058233363029815,0.9408572367561893,0.0064747067226582295,0.009983330660276415,-0.7070355090136322,0.7070779308362107,0.006447639079848642,1.9885534122681085e-05,-0.4120669810805197,0.6131566950444389,-0.22434209349482143,-0.0014782881312833814,0.0071447096224029625,3.50588314635919e-05,-0.40671210236221716,0.6043841386528086,-0.22096079709637384,-0.002175571476050485,0.084493023319141,-0.03298594146526793,0.16063329647853036,-0.3046210150411952,-0.5352692035555303,0.6467916891201605,0.2094490648867886,0.567524557851057,-0.038914799274375564,-0.15678269986283316,0.1984211364483815,-0.5414337067890334,-0.5259260267354204,-0.2502609523430152,0.591028932523,0.28866408905779184,0.351402968440334,0.36909760508924305,0.150411122306701,0.5511255500553928,0.0143127470639047,0.4341761157873761,0.33989726059235054,0.2789905493187357,0.3769305467790847,0.3854680429813715,0.22971351662987347,0.495023180433804,0.24324831808628675,0.5385708906003145,0.0,0.43553115451203944,0.1336322773696059,0.31216508706223567,0.42794755928578393,29,19,24,25,26,26,56,0,37,26,25,27
-0.0011215333992848535,-0.0021569522780571426,0.9408545891178776,0.0064138297867324745,0.00995044469953963,-0.7070397103326233,0.7070747481352367,0.006431902468972771,7.219400465511141e-05,-0.41204233168649856,0.6132945736107325,-0.22438952713551472,-0.0014365887636964183,0.007128981785093036,8.728487720983599e-05,-0.4065696287218887,0.6043158161358118,-0.22090213064721162,-0.0021338606658239645,0.08401291821561936,-0.03268655803000264,0.1640618057175321,-0.3101421605452604,-0.5388211874940054,0.6012123532212146,0.19977784649204108,0.5600625396070759,-0.03802493617466705,-0.15770060513849202,0.20163435918796693,-0.5420743069357226,-0.5177814512481248,-0.25197476619728626,0.5893322110810663,0.32052610429720696,0.3449550415050586,0.4186827058443748,0.20239964616158407,0.6259496127775193,0.06917298331014166,0.5048590706998806,0.4568681885901056,0.3790688630921043,0.4270516992340277,0.4027992846267228,0.23151244494319653,0.5070648527151361,0.25736674891792066,0.5594661992979935,0.0,0.4537563363469697,0.25108232442697215,0.33710008248670303,0.432715650449246,35,18,28,31,33,32,59,0,38,27,29,28
-0.0011321812101815153,-0.0021584483289735497,0.9408549733961135,0.006393421006464479,0.009973946275177411,-0.7070354159491026,0.7070788959919633,0.006512868629397516,4.5971022110246384e-05,-0.41208062251198985,0.6133454495857807,-0.22440383733070923,-0.0014447388755355602,0.007209830171647251,6.10524192783783e-05,-0.40653409949121616,0.6042542614338718,-0.2208805577436934,-0.0021419179434478313,0.08448182784251718,-0.03189601120230766,0.16334395805850044,-0.307729826233806,-0.539029658667788,0.5870626745500072,0.19675160283988632,0.5590321184414337,-0.037800508326566666,-0.15736372051388417,0.2012196899041634,-0.5422906961078057,-0.5155376702207723,-0.25264856838511673,0.5890682410511502,0.32052610429720696,0.3449550415050586,0.4186827058443748,0.20239964616158407,0.6259496127775193,0.06917298331014166,0.5048590706998806,0.4568681885901056,0.3790688630921043,0.4270516992340277,0.4027992846267228,0.23151244494319653,0.5070648527151361,0.25736674891792066,0.5594661992979935,0.0,0.4537563363469697,0.25108232442697215,0.33710008248670303,0.432715650449246,35,18,28,31,33,32,59,0,38,27,29,28
-0.0010916589179884133,-0.002103627028236077,0.9408535521235867,0.006353662920419422,0.009883854548496756,-0.7070989386867321,0.7070169950537646,0.006398633515399837,0.0001433144101635796,-0.4119665662849032,0.6134436447162186,-0.2244266756854532,-0.0014205770332849303,0.007095725031558619,0.00015831930082262053,-0.40641396663256635,0.6042697693431411,-0.22084190115360688,-0.0021178074062854044,0.08333084432388622,-0.031953288605415686,0.16590567952886984,-0.31282754493822573,-0.5414696858740408,0.5606099349946182,0.19091721296815303,0.5537875660649259,-0.03759551433808611,-0.15808121975316508,0.2036368622913932,-0.5433521251068205,-0.5103141135667331,-0.25305223846327307,0.5878505425671824,0.34819116119093646,0.34533009530801967,0.4516250973440669,0.24751190437616732,0.668879354215776,0.1404432676958811,0.5443725570201614,0.5301109742832788,0.42865785593146805,0.46103143590128903,0.41969585202186493,0.23431301771423918,0.5203129663886168,0.27095501853596876,0.5910933979398452,0.019081684712054004,0.480880376079166,0.3638763653654394,0.37628598795967694,0.43678970270900624,40,19,31,35,38,36,61,1,39,30,33,31
-0.0010999638160518787,-0.0020959165236571573,0.9408526811403164,0.006331616948171305,0.009918399351549218,-0.7070451969346213,0.7070704529767933,0.006482523195093103,8.729716262822348e-05,-0.41202209237672727,0.6134652270425505,-0.22442524368719832,-0.0014150425033362338,0.007179515519213493,0.00010227679309749326,-0.4063895973897352,0.604216534626768,-0.2208209496582595,-0.002112220443671892,0.08383046901396289,-0.031118149578117663,0.16592542738051427,-0.3121035991436561,-0.5422497434473965,0.5417005884137878,0.18676929379020374,0.5511344408158511,-0.03731247619614695,-0.15798422159939385,0.2038250708608717,-0.543973951028333,-0.506877964469694,-0.25352351309418775,0.5873084715782655,0.34819116119093646,0.34533009530801967,0.4516250973440669,0.24751190437616732,0.668879354215776,0.1404432676958811,0.5443725570201614,0.5301109742832788,0.42865785593146805,0.46103143590128903,0.41969585202186493,0.23431301771423918,0.5203129663886168,0.27095501853596876,0.5910933979398452,0.019081684712054004,0.480880376079166,0.3638763653654394,0.37628598795967694,0.43678970270900624,40,19,31,35,38,36,61,1,39,30,33,31
-0.0010738755542722088,-0.0020185534267127166,0.9408520278779782,0.006283328417136719,0.009821989304899116,-0.7070995808404432,0.7070178435410004,0.006387866664852871,0.00015814167456466304,-0.41190992326897335,0.6135498091910547,-0.22441951479321406,-0.0013955146174729823,0.007084971093779631,0.00017302639221648542,-0.406276717527209,0.6042410644666508,-0.22077048088763246,-0.0020927514692705893,0.08276244569698107,-0.0305588465805909,0.16756870158349177,-0.3164494576348615,-0.5442143206693425,0.5149107625756568,0.17978635365820478,0.5465940566348302,-0.037128371182496976,-0.1580250190620173,0.2059155067955451,-0.5453571069942974,-0.5015681682019819,-0.25328162918110936,0.5864905027751507,0.36975217337191096,0.35131352031616925,0.4801665015085152,0.2812174498179403,0.6913405723183443,0.19086312452565668,0.557908074061568,0.5651986023264748,0.436901674307168,0.4817175145282388,0.43348245212946346,0.23659763625180724,0.5437789879948507,0.2820038689989502,0.6456567013204404,0.053420339613341646,0.5319339445070482,0.43604417659237066,0.43692450321378407,0.4395211691683162,43,19,33,38,39,37,63,1,41,33,38,34
-0.0010818886834316457,-0.0020152973980968117,0.940851817284003,0.006258530164649747,0.009847258823293452,-0.7070479253351334,0.7070693697036587,0.006463385160429741,9.53668678201314e-05,-0.41193623168894156,0.6135657356219998,-0.22441160024729992,-0.0013919906670976897,0.0071604015136428854,0.00011021377771128731,-0.4062358404914362,0.604202105194531,-0.22075381350514214,-0.0020891857513308065,0.08323491296349804,-0.029590371033521193,0.1673124559874914,-0.3151982431479965,-0.5447567146504473,0.4955603105657475,0.17479035409301566,0.5442815655847271,-0.03679846427352825,-0.15772522911536774,0.2059120757921173,-0.5461723616857669,-0.49795426521269504,-0.25335095524973433,0.5862657767169456,0.36975217337191096,0.35131352031616925,0.4801665015085152,0.2812174498179403,0.6913405723183443,0.19086312452565668,0.557908074061568,0.5651986023264748,0.436901674307168,0.4817175145282388,0.43348245212946346,0.23659763625180724,0.5437789879948507,0.2820038689989502,0.6456567013204404,0.053420339613341646,0.5319339445070482,0.43604417659237066,0.43692450321378407,0.4395211691683162,43,19,33,38,39,37,63,1,41,33,38,34
-0.0010698880166865607,-0.0019183358981887952,0.9408515442068835,0.006193856725509263,0.009744892278185462,-0.7071053651838386,0.7070139148146811,0.00639957045166292,0.0001697658258508551,-0.4118060400399956,0.6136450767538013,-0.22439153986320126,-0.0013834020379633503,0.007096663568294168,0.00018449675866510215,-0.40611430438679225,0.6042334808320985,-0.22069472159300624,-0.0020806365009775328,0.08205649094639846,-0.028591275481399565,0.16782664627092145,-0.31783730294354307,-0.5457129831214124,0.47159086434856856,0.16693051286829805,0.5417696407797246,-0.036354742765703975,-0.1574818634992691,0.2070042174270296,-0.5469382762874972,-0.49339439659797396,-0.2525598417023318,0.5866585787489316,0.385796688479522,0.3601892176942612,0.49282156975546076,0.30453060676163823,0.6998127844799602,0.22243161029147143,0.5619510943672278,0.5800145714469608,0.44171548437038605,0.49257447476660965,0.442317954574882,0.2380640095294553,0.5465127670154194,0.2896658469619128,0.6834763979615383,0.07602348789068201,0.5654781429861204,0.47151350814297777,0.47420051233959315,0.4415651940684968,46,21,35,40,40,37,64,1,41,36,41,36
-0.0010726935187379961,-0.0019251330023861482,0.9408519124698876,0.006165538257467987,0.009744223777193401,-0.7070556962915249,0.707063843356937,0.006438437277873603,0.00011006132057620018,-0.41176888520378974,0.6136639821815711,-0.22439390201137144,-0.0013806707108054346,0.007135486347342441,0.000124731712564459,-0.40602391009903976,0.6042181453466349,-0.22069469050839025,-0.0020778853536452422,0.08239350735383905,-0.027737183011788416,0.16735494886656704,-0.31594595622231864,-0.5457994559795004,0.4540170596672012,0.16121892504707164,0.5406511062500208,-0.03606760922550785,-0.1572079075661488,0.20664806943810923,-0.5474913167861144,-0.49013000167977366,-0.25213412079873804,0.5872075082926069,0.385796688479522,0.3601892176942612,0.49282156975546076,0.30453060676163823,0.6998127844799602,0.22243161029147143,0.5619510943672278,0.5800145714469608,0.44171548437038605,0.49257447476660965,0.442317954574882,0.2380640095294553,0.5465127670154194,0.2896658469619128,0.6834763979615383,0.07602348789068201,0.5654781429861204,0.47151350814297777,0.47420051233959315,0.4415651940684968,46,21,35,40,40,37,64,1,41,36,41,36
-0.0010650061199262459,-0.0018192405015308051,0.940851695889447,0.006088093102484375,0.00961851194436052,-0.7071058278366141,0.7070161013653429,0.006362348068864869,0.0001724317116462773,-0.4115848749390758,0.6137402807630394,-0.2243774197488628,-0.0013742214571323419,0.007059498129413056,0.0001869547624126799,-0.40585765549535846,0.604269954941443,-0.22065056698068608,-0.002071496559671879,0.08127651398056243,-0.026678508198137697,0.16719423338586073,-0.3170331790364755,-0.5458042218762648,0.4341937459747072,0.15304029720125753,0.540125779615389,-0.03576687489101811,-0.15654693556843605,0.20720117965259605,-0.548024076547591,-0.486488771584446,-0.2503574603471721,0.5887414109245233,0.39745901344793316,0.36877388141958317,0.4935904571041344,0.32115334945043494,0.7012675513180825,0.24245255266713245,0.5637092692425167,0.5874251085512349,0.4452634071271327,0.49690167830772547,0.44669106900197153,0.23912886981268208,0.5377148589620888,0.29449909126635176,0.6939511660003073,0.08791270566185241,0.5724413609297546,0.4861031080594801,0.4821822695281061,0.4439187705648112,48,22,35,40,40,38,65,1,41,37,41,36
-0.0010659968771894205,-0.0018309756090243423,0.9408524124092865,0.006056631354233685,0.009600788026259788,-0.7070639907415794,0.7070584523803572,0.006378611450604259,0.00012155779649514819,-0.4114946568463887,0.6137502327836872,-0.2243908679794871,-0.001370358205797294,0.007075750276378807,0.00013599683594174,-0.40573338843852313,0.6042687717998985,-0.22066830718888053,-0.0020676414325359314,0.08144485981026331,-0.026106850431743097,0.1667174615734144,-0.3147635765181291,-0.5454656974630251,0.4194574060170664,0.14700927894401605,0.5401920439773357,-0.03563648969016216,-0.15629555288209301,0.20674030322373782,-0.548457012564535,-0.4837409427443775,-0.249190668167188,0.5900732490942675,0.39745901344793316,0.36877388141958317,0.4935904571041344,0.32115334945043494,0.7012675513180825,0.24245255266713245,0.5637092692425167,0.5874251085512349,0.4452634071271327,0.49690167830772547,0.44669106900197153,0.23912886981268208,0.5377148589620888,0.29449909126635176,0.6939511660003073,0.08791270566185241,0.5724413609297546,0.4861031080594801,0.4821822695281061,0.4439187705648112,48,22,35,40,40,38,65,1,41,37,41,36
-0.0010635318771183276,-0.0017179273259594178,0.9408508937449922,0.005977211485905387,0.009449278596280562,-0.7071072737370394,0.7070178834407476,0.006272557937552474,0.00017436090123397498,-0.4112644733287158,0.6138153017499814,-0.224375790257663,-0.001365848094743831,0.006969846105855149,0.00018862735049060957,-0.40553612991216,0.6043418298409254,-0.2206389694926005,-0.002063230517174358,0.08037190125379097,-0.025260308783255334,0.1664133318912428,-0.31466990830218694,-0.5447957166269551,0.40393065452229576,0.13930280228057046,0.5408934606938424,-0.03549922613365601,-0.15520595074883442,0.20683552810236533,-0.5489273376059994,-0.48105951216626563,-0.24647394030535663,0.5923356830202946,0.40541609168082293,0.37438087381466256,0.4861657566529804,0.3340833768677397,0.6936645654838375,0.2566579358021007,0.5616979518125185,0.5925396737511566,0.44495409987709417,0.4975220730436394,0.44898924874782753,0.24016931293967347,0.5396784067304601,0.2977459010938981,0.6917541629911894,0.09366042395452015,0.5667684125422424,0.49218556304938776,0.47939304139720146,0.44671005818423315,50,23,35,40,40,38,65,2,41,37,41,36
-0.0010658682488778484,-0.0017307214755220531,0.940851826350591,0.0059424691458493965,0.009426406937173778,-0.7070720091118694,0.7070537489068351,0.006286405454351141,0.0001319068029601831,-0.411143211090075,0.6138086920226379,-0.22439136697521128,-0.0013628885952162704,0.006983690425424896,0.00014607417125869418,-0.40540065516698587,0.604349480840316,-0.22066728613060307,-0.002060299643987695,0.08038403861884937,-0.02499145612984604,0.16608343035524695,-0.312296111759596,-0.5441501086402819,0.3922513612664996,0.13353734636017103,0.5416588083890291,-0.03548565621454167,-0.1549482090828878,0.20630763004560063,-0.5493074249803153,-0.4788917704338511,-0.2446185147875949,0.5941565719373002,0.40541609168082293,0.37438087381466256,0.4861657566529804,0.3340833768677397,0.6936645654838375,0.2566579358021007,0.5616979518125185,0.5925396737511566,0.44495409987709417,0.4975220730436394,0.44898924874782753,0.24016931293967347,0.5396784067304601,0.2977459010938981,0.6917541629911894,0.09366042395452015,0.5667684125422424,0.49218556304938776,0.47939304139720146,0.44671005818423315,50,23,35,40,40,38,65,2,41,37,41,36
-0.0010736930183917227,-0.0016148506170344848,0.9408484731980532,0.005847514926636214,0.009260433336242734,-0.7071055578723328,0.7070231827667779,0.006193312048020789,0.00017057578521794732,-0.4108663626785188,0.6138728208529636,-0.2243792144984014,-0.0013658808372808947,0.006890733348322095,0.00018454558636417208,-0.4051644447531372,0.6044453213167655,-0.2206541047781268,-0.002063389369709846,0.0794322713739479,-0.02442577567217033,0.16597603124265042,-0.3116098856497633,-0.5431220431805022,0.3804013110914306,0.12691002296002962,0.5427351180901053,-0.035662395550312684,-0.1542254066887489,0.20650562924675386,-0.5500710262882069,-0.47648867810673934,-0.2414106573393328,0.5962584229484359,0.41017159029373185,0.37615339529640296,0.48716247928220935,0.345042229427842,0.6922995609291451,0.26846888428296545,0.566603548741099,0.5973907815004897,0.45699950716302556,0.49766019840064213,0.4514933947987115,0.2415622253091051,0.5474871319769303,0.3003374096004905,0.6949724803186969,0.09680304635236861,0.5672780312305322,0.4949799573548784,0.4812236299831557,0.4492672971509628,50,23,35,40,41,38,66,2,42,37,41,37
-0.0010765553269462694,-0.001625134829420053,0.9408492090049401,0.005816752994940333,0.009237423215351055,-0.7070786338131267,0.7070506636740383,0.00620285579408482,0.00013753390418235517,-0.410738007805892,0.6138478922474911,-0.22439217405810452,-0.0013665596324058595,0.0069002803465772825,0.00015139788826030293,-0.4050385468277633,0.6044531594061366,-0.22068584929414328,-0.0020641002674930487,0.07931011486343022,-0.024380703216952248,0.1658334230728638,-0.3093943793284826,-0.5423080756001468,0.3714324394640402,0.12188390869680162,0.5436446664731335,-0.035726077435591655,-0.1541911334666182,0.2061264481246104,-0.5505512143540758,-0.4745584532372846,-0.23916911673893726,0.5980190333796086,0.41017159029373185,0.37615339529640296,0.48716247928220935,0.345042229427842,0.6922995609291451,0.26846888428296545,0.566603548741099,0.5973907815004897,0.45699950716302556,0.49766019840064213,0.4514933947987115,0.2415622253091051,0.5474871319769303,0.3003374096004905,0.6949724803186969,0.09680304635236861,0.5672780312305322,0.4949799573548784,0.4812236299831557,0.4492672971509628,50,23,35,40,41,38,66,2,42,37,41,37
-0.0010907382658586619,-0.0015012104852812982,0.9408435484910104,0.005709756060119402,0.009060299818868009,-0.7071104488732782,0.7070220100867841,0.006118041839857474,0.0001766467283758695,-0.41043323970121226,0.6139132800356104,-0.22437679872138946,-0.0013754207063387475,0.006815595461129298,0.00019029577574204525,-0.40478384371360554,0.6045672698434112,-0.22067648365550507,-0.002073054959221071,0.07830323015158665,-0.02403024542412904,0.16595522160623408,-0.3085554282564614,-0.5412590391447234,0.36240846925008513,0.1164910556526935,0.5444104847213069,-0.0360009207554368,-0.1539509346631265,0.20626742354408004,-0.55149421014202,-0.4722132496848223,-0.23582416944774023,0.599482443317413,0.4127588314703033,0.3757526153402675,0.4924555043981475,0.3554743067131074,0.6976894692718615,0.28031939937797284,0.5716172688168405,0.6034895727721962,0.4691256882867393,0.5007919997571283,0.45503096775299373,0.24388667226020366,0.552268705808864,0.3025346045958262,0.6911348329061192,0.09864059880203833,0.5603294216927373,0.49523407729396873,0.4725232858350116,0.45083259569061385,51,23,36,41,41,39,66,2,42,37,41,36
-0.00109203093473014,-0.001509539090154682,0.9408441675300278,0.005685199137011145,0.009037901440376897,-0.7070851316530862,0.7070478141140556,0.006118279959545912,0.00014637106437296433,-0.4103084511687009,0.6138739639060322,-0.2243833244543653,-0.0013773499625848859,0.006815847291815951,0.00015991270071965446,-0.40467240923206543,0.6045768460488997,-0.2207076953745077,-0.0020750223602168556,0.07808333992107291,-0.024073205721904342,0.16595111948885966,-0.3066453040827145,-0.5404315391747425,0.35557677553910466,0.11235949051748413,0.5450237349152985,-0.03603834320640947,-0.15411860761433005,0.20592357662673647,-0.5520064634726024,-0.47037457342322475,-0.23342346572188064,0.6008037117693898,0.4127588314703033,0.3757526153402675,0.4924555043981475,0.3554743067131074,0.6976894692718615,0.28031939937797284,0.5716172688168405,0.6034895727721962,0.4691256882867393,0.5007919997571283,0.45503096775299373,0.24388667226020366,0.552268705808864,0.3025346045958262,0.6911348329061192,0.09864059880203833,0.5603294216927373,0.49523407729396873,0.4725232858350116,0.45083259569061385,51,23,36,41,41,39,66,2,42,37,41,36
-0.0011006774408203908,-0.001370512841314395,0.9408365429252944,0.005551712177890576,0.008856937394246114,-0.7071221071492758,0.7070141856657871,0.006059710939558854,0.00019611127522197879,-0.40997834726212473,0.6139526537880836,-0.22436285738657574,-0.0013831906572317441,0.006757369562524719,0.00020941717464165814,-0.4043978161855563,0.6047070891637272,-0.2206937699907733,-0.0020809356072356345,0.0768512267287369,-0.02378884173080366,0.16615993564149592,-0.30594055324005487,-0.539688569907575,0.34857728202544613,0.10794113737638433,0.5450615092553392,-0.03623952788110793,-0.15419670035891742,0.20578920613180032,-0.5530193286986703,-0.468023961075169,-0.23002172527208986,0.6013597864555295,0.41466996700123704,0.37576896907535867,0.49187191865615815,0.36645885924644533,0.7039212895391549,0.29346984442651197,0.5753067203226313,0.6110540653697887,0.47543030623713334,0.5082293189387741,0.45917574075404477,0.2474623632053495,0.5527941546334694,0.30405544959942904,0.6811956715082021,0.09930661644459936,0.55305721065833,0.49243906339659366,0.4608532116047216,0.4507601994332412,51,23,36,42,42,40,67,3,42,37,40,36
-0.0010998046786642216,-0.0013787919217013924,0.9408372569001081,0.0055306982945455465,0.008835687879484194,-0.7070918953073603,0.70704483138392,0.006055020447319907,0.00016056888499063003,-0.4098588490250929,0.6139079806205733,-0.2243650004266808,-0.0013829348610355499,0.00675269683063387,0.00017376339383455696,-0.4042917151581554,0.6047167074279527,-0.22072419982538682,-0.002080712538541725,0.07656393568496576,-0.023769644134195966,0.16622594825064968,-0.30437906298168743,-0.5390149542236737,0.3433070262858527,0.10455880534956752,0.5451210652969661,-0.03617463008132537,-0.1544693626150871,0.2053439634759178,-0.5534872546397344,-0.46621048041138524,-0.22751410839062913,0.602005302427505,0.41466996700123704,0.37576896907535867,0.49187191865615815,0.36645885924644533,0.7039212895391549,0.29346984442651197,0.5753067203226313,0.6110540653697887,0.47543030623713334,0.5082293189387741,0.45917574075404477,0.2474623632053495,0.5527941546334694,0.30405544959942904,0.6811956715082021,0.09930661644459936,0.55305721065833,0.49243906339659366,0.4608532116047216,0.4507601994332412,51,23,36,42,42,40,67,3,42,37,40,36
-0.0010885346422939725,-0.0012180313371001413,0.9408285871189191,0.005345329142651247,0.00866804112593532,-0.707139419335058,0.7070008020800773,0.006068501152604179,0.00022838100091507368,-0.40950633344025866,0.6140171677301651,-0.22434180741235127,-0.0013755144133071565,0.006766166229621314,0.00024131104219672498,-0.40398545376129485,0.6048502239056377,-0.22069752793357192,-0.002073300195722263,0.0749643599229785,-0.02335468883016492,0.16640228132351373,-0.3039283176208401,-0.5387830887825005,0.3376756735852246,0.10074209575350879,0.54435349990165,-0.03613403560193198,-0.1548679718976633,0.20491012126710836,-0.5544096385176547,-0.463688952029061,-0.22415403944408213,0.601591184997744,0.41690857865972253,0.3772818728308649,0.4817948587940409,0.37779318448852917,0.6986942204156495,0.3071899125830244,0.5722968825742746,0.6183905045206692,0.47301943058147605,0.5175824162271642,0.46327983013023194,0.25188773279024373,0.5477103421349678,0.3040963950236808,0.6681649385930574,0.09888909878093728,0.5446909748888953,0.48704341292063824,0.45051281646506347,0.44846193242092247,52,23,36,42,42,40,67,3,42,36,40,35
-0.0010853006533533332,-0.0012291929641486297,0.9408295579928169,0.0053234471767216905,0.00864634007066216,-0.7070999159837358,0.7070407417747103,0.006064471801378965,0.0001818758259831613,-0.4093886183827189,0.613982573404051,-0.22434705201729233,-0.0013701616256681062,0.0067621436238110245,0.00019468443521406385,-0.4038634557806716,0.6048511332861618,-0.22072671976437924,-0.0020679475489763744,0.07460968477505783,-0.023142991691315923,0.1664992815171745,-0.30266700195156315,-0.5383994330759948,0.33347728216205774,0.0978634536961963,0.5438315358455781,-0.03591971765441651,-0.15522165888800354,0.2043269445766265,-0.5547549874812059,-0.4617784344981661,-0.22159511657269843,0.6014863725793653,0.41690857865972253,0.3772818728308649,0.4817948587940409,0.37779318448852917,0.6986942204156495,0.3071899125830244,0.5722968825742746,0.6183905045206692,0.47301943058147605,0.5175824162271642,0.46327983013023194,0.25188773279024373,0.5477103421349678,0.3040963950236808,0.6681649385930574,0.09888909878093728,0.5446909748888953,0.48704341292063824,0.45051281646506347,0.44846193242092247,52,23,36,42,42,40,67,3,42,36,40,35
-0.0010394607281996777,-0.0010555825750101968,0.9408228713433626,0.005083971986061684,0.008480823376270947,-0.707159463472694,0.7069849518092421,0.006120668349599564,0.0002673777710709462,-0.40898478805170285,0.6141345343344098,-0.22433788910276553,-0.0013378758032205468,0.006818254871405407,0.0002798842827552421,-0.4034869845608878,0.6049830296107631,-0.22069634757443302,-0.002035615621648706,0.07259008766254017,-0.022426492803932843,0.16660714181621952,-0.302463014273911,-0.5387217288738527,0.32871220634960446,0.09440669495592909,0.5424427924561827,-0.036089755002420607,-0.15509160898727464,0.2034460118013193,-0.5565944847804323,-0.4592523077624389,-0.2180738387777096,0.599986902998912,0.4195319132452251,0.37961495916176086,0.46859043071173767,0.3882979547371401,0.6895141899758874,0.31969109514982164,0.5706117671814741,0.6234169654999503,0.4740945184941195,0.5250709433690636,0.46724123884006846,0.25641232434311384,0.5461596170945708,0.30190386005744796,0.6584292476793376,0.09778372940577171,0.5383355853105606,0.48066056058652357,0.4484839235694976,0.44383280437250416,52,24,36,42,42,40,68,4,42,35,39,35
-0.0010389913957085664,-0.0010666521979628442,0.9408242505966176,0.005057240179206718,0.008467921659825012,-0.7071090900417878,0.7070356804326122,0.006140536593829186,0.00020792381470335214,-0.4088790144678794,0.6141086647283142,-0.224349836408406,-0.0013261415112504108,0.0068380917383917385,0.00022029719005022314,-0.4033461320571084,0.6049539716671554,-0.22072078051704364,-0.0020238319873980546,0.07215375635671746,-0.021957166182928745,0.16673153039291194,-0.301408240681034,-0.5386984373763667,0.3251998617139584,0.09186010141114219,0.54148351666328,-0.03571931993269405,-0.15520276685659162,0.2026769773979113,-0.5573433200040478,-0.45729263781724117,-0.21547077469091747,0.5991681114800225,0.4195319132452251,0.37961495916176086,0.46859043071173767,0.3882979547371401,0.6895141899758874,0.31969109514982164,0.5706117671814741,0.6234169654999503,0.4740945184941195,0.5250709433690636,0.46724123884006846,0.25641232434311384,0.5461596170945708,0.30190386005744796,0.6584292476793376,0.09778372940577171,0.5383355853105606,0.48066056058652357,0.4484839235694976,0.44383280437250416,52,24,36,42,42,40,68,4,42,35,39,35
-0.0009704323216952081,-0.0009014552681829989,0.9408227440927271,0.004771679327535779,0.008286738316089063,-0.70718044092296,0.706968446976584,0.006216429391419951,0.0003091891803418188,-0.40838160694966064,0.6143074197722966,-0.22437655940975765,-0.0012767846206263637,0.0069138534183236814,0.0003212178618262806,-0.4028537840051749,0.6050831048918716,-0.2207048277707074,-0.001974389515898181,0.0697047255537515,-0.020896116872115143,0.16682151805587092,-0.30130944698810674,-0.5394712626133719,0.32097570428151145,0.08868159875165657,0.5397192344116781,-0.03697915735415656,-0.15411493774481985,0.20036857771140107,-0.5619357522408586,-0.45542461393674233,-0.21197467928622188,0.5962763715811421,0.42224610967158654,0.3819859365907176,0.4588806055775326,0.39759034074749944,0.6764858307085253,0.3305164387487926,0.5673433239978493,0.6260613662095245,0.482649965407763,0.5297193223991314,0.471252494153342,0.2606891489553708,0.5577056333216291,0.2979201896730022,0.6648429138013963,0.09643366486947653,0.5465518972972492,0.47444676957040327,0.4627384464495558,0.43769779751881893,53,24,35,41,42,41,69,5,42,36,40,35
-0.0009769652402401986,-0.0009031349070338756,0.9408241776288448,0.00474568350587126,0.008296672072967332,-0.7071163955523015,0.7070325642158894,0.006276433560311766,0.0002319886913811371,-0.40831929459267596,0.6142701466414103,-0.224388149472409,-0.0012643793725762387,0.006973772393202237,0.00024388170569621565,-0.40271881986282543,0.6049958720791851,-0.22071522568311738,-0.0019618754037905367,0.06924090771148475,-0.02019852998727501,0.16698693299044254,-0.3003791668242924,-0.5397863384718473,0.31787747871389094,0.08638205993049386,0.5385005081826599,-0.03643475453406458,-0.1538364649575394,0.19904355444656965,-0.5640809453960849,-0.45378209633205335,-0.20957676984896678,0.5947817804365996,0.42224610967158654,0.3819859365907176,0.4588806055775326,0.39759034074749944,0.6764858307085253,0.3305164387487926,0.5673433239978493,0.6260613662095245,0.482649965407763,0.5297193223991314,0.471252494153342,0.2606891489553708,0.5577056333216291,0.2979201896730022,0.6648429138013963,0.09643366486947653,0.5465518972972492,0.47444676957040327,0.4627384464495558,0.43769779751881893,53,24,35,41,42,41,69,5,42,36,40,35
