sample_id,sensor_name,feature_idx,frame_id,x,y,z
0,left_wrist_camera_to_base,0,left_wrist_camera_color_optical_frame,-0.011116385430033902,-0.11324912370976027,0.60592425765389368
0,left_wrist_camera_to_base,1,left_wrist_camera_color_optical_frame,0.0043288606827286483,-0.087599016749663416,0.60779946043007127
0,left_wrist_camera_to_base,2,left_wrist_camera_color_optical_frame,0.0197741067954912,-0.061948909789566554,0.60967466320624886
0,left_wrist_camera_to_base,3,left_wrist_camera_color_optical_frame,0.035219352908253745,-0.036298802829469692,0.61154986598242644
0,left_wrist_camera_to_base,4,left_wrist_camera_color_optical_frame,0.050664599021016297,-0.010648695869372837,0.61342506875860403
0,left_wrist_camera_to_base,5,left_wrist_camera_color_optical_frame,0.06610984513377885,0.015001411090724018,0.61530027153478162
0,left_wrist_camera_to_base,6,left_wrist_camera_color_optical_frame,0.081555091246541395,0.040651518050820887,0.61717547431095932
0,left_wrist_camera_to_base,7,left_wrist_camera_color_optical_frame,0.097000337359303954,0.066301625010917728,0.6190506770871369
0,left_wrist_camera_to_base,8,left_wrist_camera_color_optical_frame,0.1124455834720665,0.091951731971014597,0.62092587986331449
0,left_wrist_camera_to_base,9,left_wrist_camera_color_optical_frame,0.12789082958482906,0.11760183893111147,0.62280108263949208
0,left_wrist_camera_to_base,10,left_wrist_camera_color_optical_frame,0.1433360756975916,0.14325194589120832,0.62467628541566966
0,left_wrist_camera_to_base,11,left_wrist_camera_color_optical_frame,-0.035729957028874319,-0.097872545597763524,0.59832603821020691
0,left_wrist_camera_to_base,12,left_wrist_camera_color_optical_frame,-0.020284710916111771,-0.072222438637666669,0.60020124098638461
0,left_wrist_camera_to_base,13,left_wrist_camera_color_optical_frame,-0.0048394648033492213,-0.046572331677569814,0.6020764437625622
0,left_wrist_camera_to_base,14,left_wrist_camera_color_optical_frame,0.010605781309413328,-0.020922224717472959,0.60395164653873978
0,left_wrist_camera_to_base,15,left_wrist_camera_color_optical_frame,0.026051027422175875,0.0047278822426238959,0.60582684931491737
0,left_wrist_camera_to_base,16,left_wrist_camera_color_optical_frame,0.041496273534938427,0.030377989202720765,0.60770205209109496
0,left_wrist_camera_to_base,17,left_wrist_camera_color_optical_frame,0.056941519647700972,0.056028096162817606,0.60957725486727254
0,left_wrist_camera_to_base,18,left_wrist_camera_color_optical_frame,0.072386765760463531,0.081678203122914475,0.61145245764345013
0,left_wrist_camera_to_base,19,left_wrist_camera_color_optical_frame,0.087832011873226076,0.10732831008301134,0.61332766041962772
0,left_wrist_camera_to_base,20,left_wrist_camera_color_optical_frame,0.10327725798598865,0.1329784170431082,0.61520286319580531
0,left_wrist_camera_to_base,21,left_wrist_camera_color_optical_frame,0.11872250409875118,0.15862852400320504,0.61707806597198289
0,left_wrist_camera_to_base,22,left_wrist_camera_color_optical_frame,-0.060343528627714742,-0.082495967485766791,0.59072781876652025
0,left_wrist_camera_to_base,23,left_wrist_camera_color_optical_frame,-0.04489828251495219,-0.056845860525669929,0.59260302154269784
0,left_wrist_camera_to_base,24,left_wrist_camera_color_optical_frame,-0.029453036402189638,-0.031195753565573067,0.59447822431887543
0,left_wrist_camera_to_base,25,left_wrist_camera_color_optical_frame,-0.014007790289427089,-0.0055456466054762121,0.59635342709505301
0,left_wrist_camera_to_base,26,left_wrist_camera_color_optical_frame,0.0014374558233354595,0.020104460354620643,0.5982286298712306
0,left_wrist_camera_to_base,27,left_wrist_camera_color_optical_frame,0.016882701936098012,0.045754567314717512,0.60010383264740819
0,left_wrist_camera_to_base,28,left_wrist_camera_color_optical_frame,0.032327948048860557,0.071404674274814353,0.60197903542358577
0,left_wrist_camera_to_base,29,left_wrist_camera_color_optical_frame,0.047773194161623109,0.097054781234911222,0.60385423819976347
0,left_wrist_camera_to_base,30,left_wrist_camera_color_optical_frame,0.063218440274385654,0.12270488819500806,0.60572944097594106
0,left_wrist_camera_to_base,31,left_wrist_camera_color_optical_frame,0.078663686387148227,0.14835499515510497,0.60760464375211864
0,left_wrist_camera_to_base,32,left_wrist_camera_color_optical_frame,0.094108932499910758,0.17400510211520182,0.60947984652829623
0,left_wrist_camera_to_base,33,left_wrist_camera_color_optical_frame,-0.084957100226555157,-0.067119389373770044,0.58312959932283348
0,left_wrist_camera_to_base,34,left_wrist_camera_color_optical_frame,-0.069511854113792598,-0.041469282413673189,0.58500480209901118
0,left_wrist_camera_to_base,35,left_wrist_camera_color_optical_frame,-0.05406660800103006,-0.015819175453576334,0.58688000487518877
0,left_wrist_camera_to_base,36,left_wrist_camera_color_optical_frame,-0.038621361888267508,0.0098309315065205349,0.58875520765136635
0,left_wrist_camera_to_base,37,left_wrist_camera_color_optical_frame,-0.023176115775504956,0.03548103846661739,0.59063041042754394
0,left_wrist_camera_to_base,38,left_wrist_camera_color_optical_frame,-0.0077308696627424057,0.061131145426714259,0.59250561320372153
0,left_wrist_camera_to_base,39,left_wrist_camera_color_optical_frame,0.0077143764500201464,0.0867812523868111,0.59438081597989911
0,left_wrist_camera_to_base,40,left_wrist_camera_color_optical_frame,0.023159622562782693,0.11243135934690797,0.5962560187560767
0,left_wrist_camera_to_base,41,left_wrist_camera_color_optical_frame,0.038604868675545245,0.13808146630700485,0.59813122153225429
0,left_wrist_camera_to_base,42,left_wrist_camera_color_optical_frame,0.054050114788307804,0.16373157326710169,0.60000642430843187
0,left_wrist_camera_to_base,43,left_wrist_camera_color_optical_frame,0.069495360901070349,0.18938168022719853,0.60188162708460946
0,left_wrist_camera_to_base,44,left_wrist_camera_color_optical_frame,-0.10957067182539558,-0.051742811261773304,0.57553137987914682
0,left_wrist_camera_to_base,45,left_wrist_camera_color_optical_frame,-0.094125425712633035,-0.026092704301676442,0.57740658265532441
0,left_wrist_camera_to_base,46,left_wrist_camera_color_optical_frame,-0.078680179599870476,-0.00044259734157958697,0.57928178543150199
0,left_wrist_camera_to_base,47,left_wrist_camera_color_optical_frame,-0.06323493348710793,0.025207509618517268,0.58115698820767958
0,left_wrist_camera_to_base,48,left_wrist_camera_color_optical_frame,-0.047789687374345378,0.050857616578614137,0.58303219098385717
0,left_wrist_camera_to_base,49,left_wrist_camera_color_optical_frame,-0.032344441261582826,0.076507723538710978,0.58490739376003476
0,left_wrist_camera_to_base,50,left_wrist_camera_color_optical_frame,-0.016899195148820278,0.10215783049880785,0.58678259653621234
0,left_wrist_camera_to_base,51,left_wrist_camera_color_optical_frame,-0.0014539490360577275,0.12780793745890467,0.58865779931239004
0,left_wrist_camera_to_base,52,left_wrist_camera_color_optical_frame,0.013991297076704821,0.15345804441900157,0.59053300208856763
0,left_wrist_camera_to_base,53,left_wrist_camera_color_optical_frame,0.029436543189467389,0.17910815137909847,0.59240820486474521
0,left_wrist_camera_to_base,54,left_wrist_camera_color_optical_frame,0.04488178930222992,0.20475825833919531,0.5942834076409228
0,left_wrist_camera_to_base,55,left_wrist_camera_color_optical_frame,-0.13418424342423599,-0.036366233149776564,0.56793316043546005
0,left_wrist_camera_to_base,56,left_wrist_camera_color_optical_frame,-0.11873899731147346,-0.010716126189679709,0.56980836321163775
0,left_wrist_camera_to_base,57,left_wrist_camera_color_optical_frame,-0.1032937511987109,0.014933980770417146,0.57168356598781533
0,left_wrist_camera_to_base,58,left_wrist_camera_color_optical_frame,-0.087848505085948353,0.040584087730514015,0.57355876876399292
0,left_wrist_camera_to_base,59,left_wrist_camera_color_optical_frame,-0.072403258973185794,0.066234194690610856,0.57543397154017051
0,left_wrist_camera_to_base,60,left_wrist_camera_color_optical_frame,-0.056958012860423249,0.091884301650707725,0.57730917431634809
0,left_wrist_camera_to_base,61,left_wrist_camera_color_optical_frame,-0.041512766747660697,0.11753440861080459,0.57918437709252568
0,left_wrist_camera_to_base,62,left_wrist_camera_color_optical_frame,-0.026067520634898152,0.14318451557090145,0.58105957986870327
0,left_wrist_camera_to_base,63,left_wrist_camera_color_optical_frame,-0.0106222745221356,0.16883462253099829,0.58293478264488086
0,left_wrist_camera_to_base,64,left_wrist_camera_color_optical_frame,0.0048229715906269646,0.19448472949109519,0.58480998542105844
0,left_wrist_camera_to_base,65,left_wrist_camera_color_optical_frame,0.020268217703389498,0.22013483645119203,0.58668518819723603
0,left_wrist_camera_to_base,66,left_wrist_camera_color_optical_frame,-0.15879781502307641,-0.020989655037779817,0.56033494099177339
0,left_wrist_camera_to_base,67,left_wrist_camera_color_optical_frame,-0.14335256891031387,0.0046604519223170382,0.56221014376795098
0,left_wrist_camera_to_base,68,left_wrist_camera_color_optical_frame,-0.12790732279755129,0.030310558882413893,0.56408534654412856
0,left_wrist_camera_to_base,69,left_wrist_camera_color_optical_frame,-0.11246207668478876,0.055960665842510762,0.56596054932030615
0,left_wrist_camera_to_base,70,left_wrist_camera_color_optical_frame,-0.097016830572026216,0.081610772802607603,0.56783575209648374
0,left_wrist_camera_to_base,71,left_wrist_camera_color_optical_frame,-0.081571584459263657,0.10726087976270447,0.56971095487266132
0,left_wrist_camera_to_base,72,left_wrist_camera_color_optical_frame,-0.066126338346501112,0.13291098672280133,0.57158615764883891
0,left_wrist_camera_to_base,73,left_wrist_camera_color_optical_frame,-0.05068109223373856,0.15856109368289822,0.5734613604250165
0,left_wrist_camera_to_base,74,left_wrist_camera_color_optical_frame,-0.035235846120976008,0.18421120064299507,0.5753365632011942
0,left_wrist_camera_to_base,75,left_wrist_camera_color_optical_frame,-0.019790600008213442,0.20986130760309196,0.57721176597737178
0,left_wrist_camera_to_base,76,left_wrist_camera_color_optical_frame,-0.0043453538954509085,0.2355114145631888,0.57908696875354937
0,left_wrist_camera_to_base,77,left_wrist_camera_color_optical_frame,-0.18341138662191683,-0.0056130769257830837,0.55273672154808662
0,left_wrist_camera_to_base,78,left_wrist_camera_color_optical_frame,-0.16796614050915429,0.020037030034313771,0.5546119243242642
0,left_wrist_camera_to_base,79,left_wrist_camera_color_optical_frame,-0.15252089439639174,0.04568713699441064,0.5564871271004419
0,left_wrist_camera_to_base,80,left_wrist_camera_color_optical_frame,-0.13707564828362917,0.071337243954507482,0.55836232987661949
0,left_wrist_camera_to_base,81,left_wrist_camera_color_optical_frame,-0.12163040217086664,0.096987350914604351,0.56023753265279708
0,left_wrist_camera_to_base,82,left_wrist_camera_color_optical_frame,-0.10618515605810408,0.12263745787470122,0.56211273542897466
0,left_wrist_camera_to_base,83,left_wrist_camera_color_optical_frame,-0.090739909945341535,0.1482875648347981,0.56398793820515225
0,left_wrist_camera_to_base,84,left_wrist_camera_color_optical_frame,-0.075294663832578976,0.17393767179489494,0.56586314098132984
0,left_wrist_camera_to_base,85,left_wrist_camera_color_optical_frame,-0.059849417719816431,0.19958777875499178,0.56773834375750742
0,left_wrist_camera_to_base,86,left_wrist_camera_color_optical_frame,-0.044404171607053865,0.22523788571508868,0.56961354653368501
0,left_wrist_camera_to_base,87,left_wrist_camera_color_optical_frame,-0.028958925494291334,0.25088799267518552,0.5714887493098626
0,tag_to_base,0,checkerboard_link,0,0,0
0,tag_to_base,1,checkerboard_link,0.029999999999999999,0,0
0,tag_to_base,2,checkerboard_link,0.059999999999999998,0,0
0,tag_to_base,3,checkerboard_link,0.089999999999999997,0,0
0,tag_to_base,4,checkerboard_link,0.12,0,0
0,tag_to_base,5,checkerboard_link,0.14999999999999999,0,0
0,tag_to_base,6,checkerboard_link,0.17999999999999999,0,0
0,tag_to_base,7,checkerboard_link,0.20999999999999999,0,0
0,tag_to_base,8,checkerboard_link,0.23999999999999999,0,0
0,tag_to_base,9,checkerboard_link,0.27000000000000002,0,0
0,tag_to_base,10,checkerboard_link,0.29999999999999999,0,0
0,tag_to_base,11,checkerboard_link,0,0.029999999999999999,0
0,tag_to_base,12,checkerboard_link,0.029999999999999999,0.029999999999999999,0
0,tag_to_base,13,checkerboard_link,0.059999999999999998,0.029999999999999999,0
0,tag_to_base,14,checkerboard_link,0.089999999999999997,0.029999999999999999,0
0,tag_to_base,15,checkerboard_link,0.12,0.029999999999999999,0
0,tag_to_base,16,checkerboard_link,0.14999999999999999,0.029999999999999999,0
0,tag_to_base,17,checkerboard_link,0.17999999999999999,0.029999999999999999,0
0,tag_to_base,18,checkerboard_link,0.20999999999999999,0.029999999999999999,0
0,tag_to_base,19,checkerboard_link,0.23999999999999999,0.029999999999999999,0
0,tag_to_base,20,checkerboard_link,0.27000000000000002,0.029999999999999999,0
0,tag_to_base,21,checkerboard_link,0.29999999999999999,0.029999999999999999,0
0,tag_to_base,22,checkerboard_link,0,0.059999999999999998,0
0,tag_to_base,23,checkerboard_link,0.029999999999999999,0.059999999999999998,0
0,tag_to_base,24,checkerboard_link,0.059999999999999998,0.059999999999999998,0
0,tag_to_base,25,checkerboard_link,0.089999999999999997,0.059999999999999998,0
0,tag_to_base,26,checkerboard_link,0.12,0.059999999999999998,0
0,tag_to_base,27,checkerboard_link,0.14999999999999999,0.059999999999999998,0
0,tag_to_base,28,checkerboard_link,0.17999999999999999,0.059999999999999998,0
0,tag_to_base,29,checkerboard_link,0.20999999999999999,0.059999999999999998,0
0,tag_to_base,30,checkerboard_link,0.23999999999999999,0.059999999999999998,0
0,tag_to_base,31,checkerboard_link,0.27000000000000002,0.059999999999999998,0
0,tag_to_base,32,checkerboard_link,0.29999999999999999,0.059999999999999998,0
0,tag_to_base,33,checkerboard_link,0,0.089999999999999997,0
0,tag_to_base,34,checkerboard_link,0.029999999999999999,0.089999999999999997,0
0,tag_to_base,35,checkerboard_link,0.059999999999999998,0.089999999999999997,0
0,tag_to_base,36,checkerboard_link,0.089999999999999997,0.089999999999999997,0
0,tag_to_base,37,checkerboard_link,0.12,0.089999999999999997,0
0,tag_to_base,38,checkerboard_link,0.14999999999999999,0.089999999999999997,0
0,tag_to_base,39,checkerboard_link,0.17999999999999999,0.089999999999999997,0
0,tag_to_base,40,checkerboard_link,0.20999999999999999,0.089999999999999997,0
0,tag_to_base,41,checkerboard_link,0.23999999999999999,0.089999999999999997,0
0,tag_to_base,42,checkerboard_link,0.27000000000000002,0.089999999999999997,0
0,tag_to_base,43,checkerboard_link,0.29999999999999999,0.089999999999999997,0
0,tag_to_base,44,checkerboard_link,0,0.12,0
0,tag_to_base,45,checkerboard_link,0.029999999999999999,0.12,0
0,tag_to_base,46,checkerboard_link,0.059999999999999998,0.12,0
0,tag_to_base,47,checkerboard_link,0.089999999999999997,0.12,0
0,tag_to_base,48,checkerboard_link,0.12,0.12,0
0,tag_to_base,49,checkerboard_link,0.14999999999999999,0.12,0
0,tag_to_base,50,checkerboard_link,0.17999999999999999,0.12,0
0,tag_to_base,51,checkerboard_link,0.20999999999999999,0.12,0
0,tag_to_base,52,checkerboard_link,0.23999999999999999,0.12,0
0,tag_to_base,53,checkerboard_link,0.27000000000000002,0.12,0
0,tag_to_base,54,checkerboard_link,0.29999999999999999,0.12,0
0,tag_to_base,55,checkerboard_link,0,0.14999999999999999,0
0,tag_to_base,56,checkerboard_link,0.029999999999999999,0.14999999999999999,0
0,tag_to_base,57,checkerboard_link,0.059999999999999998,0.14999999999999999,0
0,tag_to_base,58,checkerboard_link,0.089999999999999997,0.14999999999999999,0
0,tag_to_base,59,checkerboard_link,0.12,0.14999999999999999,0
0,tag_to_base,60,checkerboard_link,0.14999999999999999,0.14999999999999999,0
0,tag_to_base,61,checkerboard_link,0.17999999999999999,0.14999999999999999,0
0,tag_to_base,62,checkerboard_link,0.20999999999999999,0.14999999999999999,0
0,tag_to_base,63,checkerboard_link,0.23999999999999999,0.14999999999999999,0
0,tag_to_base,64,checkerboard_link,0.27000000000000002,0.14999999999999999,0
0,tag_to_base,65,checkerboard_link,0.29999999999999999,0.14999999999999999,0
0,tag_to_base,66,checkerboard_link,0,0.17999999999999999,0
0,tag_to_base,67,checkerboard_link,0.029999999999999999,0.17999999999999999,0
0,tag_to_base,68,checkerboard_link,0.059999999999999998,0.17999999999999999,0
0,tag_to_base,69,checkerboard_link,0.089999999999999997,0.17999999999999999,0
0,tag_to_base,70,checkerboard_link,0.12,0.17999999999999999,0
0,tag_to_base,71,checkerboard_link,0.14999999999999999,0.17999999999999999,0
0,tag_to_base,72,checkerboard_link,0.17999999999999999,0.17999999999999999,0
0,tag_to_base,73,checkerboard_link,0.20999999999999999,0.17999999999999999,0
0,tag_to_base,74,checkerboard_link,0.23999999999999999,0.17999999999999999,0
0,tag_to_base,75,checkerboard_link,0.27000000000000002,0.17999999999999999,0
0,tag_to_base,76,checkerboard_link,0.29999999999999999,0.17999999999999999,0
0,tag_to_base,77,checkerboard_link,0,0.20999999999999999,0
0,tag_to_base,78,checkerboard_link,0.029999999999999999,0.20999999999999999,0
0,tag_to_base,79,checkerboard_link,0.059999999999999998,0.20999999999999999,0
0,tag_to_base,80,checkerboard_link,0.089999999999999997,0.20999999999999999,0
0,tag_to_base,81,checkerboard_link,0.12,0.20999999999999999,0
0,tag_to_base,82,checkerboard_link,0.14999999999999999,0.20999999999999999,0
0,tag_to_base,83,checkerboard_link,0.17999999999999999,0.20999999999999999,0
0,tag_to_base,84,checkerboard_link,0.20999999999999999,0.20999999999999999,0
0,tag_to_base,85,checkerboard_link,0.23999999999999999,0.20999999999999999,0
0,tag_to_base,86,checkerboard_link,0.27000000000000002,0.20999999999999999,0
0,tag_to_base,87,checkerboard_link,0.29999999999999999,0.20999999999999999,0
1,left_wrist_camera_to_base,0,left_wrist_camera_color_optical_frame,-0.16339479661679102,-0.17762641543198776,0.62072573634752193
1,left_wrist_camera_to_base,1,left_wrist_camera_color_optical_frame,-0.14352401912365756,-0.15585990686161311,0.62632674576317082
1,left_wrist_camera_to_base,2,left_wrist_camera_color_optical_frame,-0.12365324163052412,-0.13409339829123845,0.63192775517881983
1,left_wrist_camera_to_base,3,left_wrist_camera_color_optical_frame,-0.10378246413739067,-0.11232688972086383,0.63752876459446872
1,left_wrist_camera_to_base,4,left_wrist_camera_color_optical_frame,-0.083911686644257216,-0.090560381150489172,0.64312977401011773
1,left_wrist_camera_to_base,5,left_wrist_camera_color_optical_frame,-0.064040909151123759,-0.068793872580114532,0.64873078342576662
1,left_wrist_camera_to_base,6,left_wrist_camera_color_optical_frame,-0.044170131657990316,-0.047027364009739892,0.65433179284141563
1,left_wrist_camera_to_base,7,left_wrist_camera_color_optical_frame,-0.024299354164856873,-0.025260855439365237,0.65993280225706452
1,left_wrist_camera_to_base,8,left_wrist_camera_color_optical_frame,-0.0044285766717234165,-0.0034943468689905832,0.66553381167271353
1,left_wrist_camera_to_base,9,left_wrist_camera_color_optical_frame,0.015442200821410068,0.018272161701384071,0.67113482108836242
1,left_wrist_camera_to_base,10,left_wrist_camera_color_optical_frame,0.035312978314543497,0.040038670271758697,0.67673583050401143
1,left_wrist_camera_to_base,11,left_wrist_camera_color_optical_frame,-0.18265641032659274,-0.15728183681632316,0.609997812119349
1,left_wrist_camera_to_base,12,left_wrist_camera_color_optical_frame,-0.16278563283345929,-0.13551532824594853,0.6155988215349979
1,left_wrist_camera_to_base,13,left_wrist_camera_color_optical_frame,-0.14291485534032586,-0.11374881967557386,0.6211998309506469
1,left_wrist_camera_to_base,14,left_wrist_camera_color_optical_frame,-0.1230440778471924,-0.091982311105199221,0.6268008403662958
1,left_wrist_camera_to_base,15,left_wrist_camera_color_optical_frame,-0.10317330035405894,-0.070215802534824567,0.6324018497819448
1,left_wrist_camera_to_base,16,left_wrist_camera_color_optical_frame,-0.083302522860925501,-0.048449293964449913,0.6380028591975937
1,left_wrist_camera_to_base,17,left_wrist_camera_color_optical_frame,-0.063431745367792045,-0.026682785394075287,0.6436038686132427
1,left_wrist_camera_to_base,18,left_wrist_camera_color_optical_frame,-0.043560967874658602,-0.0049162768237006327,0.6492048780288916
1,left_wrist_camera_to_base,19,left_wrist_camera_color_optical_frame,-0.023690190381525145,0.016850231746674021,0.6548058874445406
1,left_wrist_camera_to_base,20,left_wrist_camera_color_optical_frame,-0.0038194128883916878,0.038616740317048676,0.6604068968601895
1,left_wrist_camera_to_base,21,left_wrist_camera_color_optical_frame,0.016051364604741741,0.060383248887423302,0.6660079062758385
1,left_wrist_camera_to_base,22,left_wrist_camera_color_optical_frame,-0.20191802403639447,-0.13693725820065855,0.59926988789117597
1,left_wrist_camera_to_base,23,left_wrist_camera_color_optical_frame,-0.18204724654326104,-0.11517074963028391,0.60487089730682497
1,left_wrist_camera_to_base,24,left_wrist_camera_color_optical_frame,-0.16217646905012759,-0.093404241059909271,0.61047190672247387
1,left_wrist_camera_to_base,25,left_wrist_camera_color_optical_frame,-0.14230569155699413,-0.071637732489534617,0.61607291613812287
1,left_wrist_camera_to_base,26,left_wrist_camera_color_optical_frame,-0.12243491406386069,-0.049871223919159963,0.62167392555377177
1,left_wrist_camera_to_base,27,left_wrist_camera_color_optical_frame,-0.10256413657072724,-0.028104715348785336,0.62727493496942077
1,left_wrist_camera_to_base,28,left_wrist_camera_color_optical_frame,-0.082693359077593787,-0.0063382067784106821,0.63287594438506967
1,left_wrist_camera_to_base,29,left_wrist_camera_color_optical_frame,-0.06282258158446033,0.015428301791963972,0.63847695380071867
1,left_wrist_camera_to_base,30,left_wrist_camera_color_optical_frame,-0.042951804091326887,0.037194810362338626,0.64407796321636757
1,left_wrist_camera_to_base,31,left_wrist_camera_color_optical_frame,-0.023081026598193416,0.05896131893271328,0.64967897263201657
1,left_wrist_camera_to_base,32,left_wrist_camera_color_optical_frame,-0.0032102491050599868,0.080727827503087934,0.65527998204766547
1,left_wrist_camera_to_base,33,left_wrist_camera_color_optical_frame,-0.22117963774619623,-0.11659267958499395,0.58854196366300304
1,left_wrist_camera_to_base,34,left_wrist_camera_color_optical_frame,-0.20130886025306277,-0.094826171014619307,0.59414297307865205
1,left_wrist_camera_to_base,35,left_wrist_camera_color_optical_frame,-0.18143808275992931,-0.073059662444244666,0.59974398249430094
1,left_wrist_camera_to_base,36,left_wrist_camera_color_optical_frame,-0.16156730526679586,-0.051293153873870012,0.60534499190994984
1,left_wrist_camera_to_base,37,left_wrist_camera_color_optical_frame,-0.14169652777366243,-0.029526645303495358,0.61094600132559884
1,left_wrist_camera_to_base,38,left_wrist_camera_color_optical_frame,-0.12182575028052897,-0.0077601367331207316,0.61654701074124774
1,left_wrist_camera_to_base,39,left_wrist_camera_color_optical_frame,-0.10195497278739551,0.014006371837253923,0.62214802015689674
1,left_wrist_camera_to_base,40,left_wrist_camera_color_optical_frame,-0.082084195294262072,0.035772880407628577,0.62774902957254564
1,left_wrist_camera_to_base,41,left_wrist_camera_color_optical_frame,-0.062213417801128615,0.057539388978003231,0.63335003898819464
1,left_wrist_camera_to_base,42,left_wrist_camera_color_optical_frame,-0.042342640307995144,0.079305897548377913,0.63895104840384354
1,left_wrist_camera_to_base,43,left_wrist_camera_color_optical_frame,-0.022471862814861715,0.10107240611875251,0.64455205781949254
1,left_wrist_camera_to_base,44,left_wrist_camera_color_optical_frame,-0.24044125145599796,-0.096248100969329356,0.57781403943483012
1,left_wrist_camera_to_base,45,left_wrist_camera_color_optical_frame,-0.2205704739628645,-0.074481592398954716,0.58341504885047901
1,left_wrist_camera_to_base,46,left_wrist_camera_color_optical_frame,-0.20069969646973107,-0.052715083828580062,0.58901605826612802
1,left_wrist_camera_to_base,47,left_wrist_camera_color_optical_frame,-0.18082891897659761,-0.030948575258205407,0.59461706768177691
1,left_wrist_camera_to_base,48,left_wrist_camera_color_optical_frame,-0.16095814148346416,-0.0091820666878307811,0.60021807709742592
1,left_wrist_camera_to_base,49,left_wrist_camera_color_optical_frame,-0.1410873639903307,0.012584441882543873,0.60581908651307481
1,left_wrist_camera_to_base,50,left_wrist_camera_color_optical_frame,-0.12121658649719724,0.034350950452918527,0.61142009592872382
1,left_wrist_camera_to_base,51,left_wrist_camera_color_optical_frame,-0.1013458090040638,0.056117459023293181,0.61702110534437271
1,left_wrist_camera_to_base,52,left_wrist_camera_color_optical_frame,-0.081475031510930357,0.077883967593667836,0.62262211476002172
1,left_wrist_camera_to_base,53,left_wrist_camera_color_optical_frame,-0.061604254017796886,0.09965047616404249,0.62822312417567061
1,left_wrist_camera_to_base,54,left_wrist_camera_color_optical_frame,-0.041733476524663457,0.12141698473441709,0.63382413359131962
1,left_wrist_camera_to_base,55,left_wrist_camera_color_optical_frame,-0.25970286516579966,-0.075903522353664751,0.56708611520665708
1,left_wrist_camera_to_base,56,left_wrist_camera_color_optical_frame,-0.23983208767266623,-0.054137013783290111,0.57268712462230609
1,left_wrist_camera_to_base,57,left_wrist_camera_color_optical_frame,-0.2199613101795328,-0.032370505212915457,0.57828813403795498
1,left_wrist_camera_to_base,58,left_wrist_camera_color_optical_frame,-0.20009053268639934,-0.010603996642540803,0.58388914345360399
1,left_wrist_camera_to_base,59,left_wrist_camera_color_optical_frame,-0.18021975519326588,0.011162511927833824,0.58949015286925288
1,left_wrist_camera_to_base,60,left_wrist_camera_color_optical_frame,-0.16034897770013243,0.032929020498208478,0.59509116228490189
1,left_wrist_camera_to_base,61,left_wrist_camera_color_optical_frame,-0.14047820020699897,0.054695529068583132,0.60069217170055078
1,left_wrist_camera_to_base,62,left_wrist_camera_color_optical_frame,-0.12060742271386553,0.076462037638957758,0.60629318111619979
1,left_wrist_camera_to_base,63,left_wrist_camera_color_optical_frame,-0.10073664522073209,0.098228546209332412,0.61189419053184868
1,left_wrist_camera_to_base,64,left_wrist_camera_color_optical_frame,-0.080865867727598614,0.11999505477970707,0.61749519994749769
1,left_wrist_camera_to_base,65,left_wrist_camera_color_optical_frame,-0.060995090234465185,0.14176156335008172,0.62309620936314658
1,left_wrist_camera_to_base,66,left_wrist_camera_color_optical_frame,-0.27896447887560144,-0.055558943738000147,0.55635819097848416
1,left_wrist_camera_to_base,67,left_wrist_camera_color_optical_frame,-0.25909370138246796,-0.033792435167625506,0.56195920039413316
1,left_wrist_camera_to_base,68,left_wrist_camera_color_optical_frame,-0.23922292388933453,-0.012025926597250852,0.56756020980978206
1,left_wrist_camera_to_base,69,left_wrist_camera_color_optical_frame,-0.21935214639620107,0.0097405819731238019,0.57316121922543095
1,left_wrist_camera_to_base,70,left_wrist_camera_color_optical_frame,-0.19948136890306761,0.031507090543498428,0.57876222864107996
1,left_wrist_camera_to_base,71,left_wrist_camera_color_optical_frame,-0.17961059140993418,0.053273599113873082,0.58436323805672885
1,left_wrist_camera_to_base,72,left_wrist_camera_color_optical_frame,-0.15973981391680073,0.075040107684247737,0.58996424747237786
1,left_wrist_camera_to_base,73,left_wrist_camera_color_optical_frame,-0.13986903642366727,0.096806616254622391,0.59556525688802675
1,left_wrist_camera_to_base,74,left_wrist_camera_color_optical_frame,-0.11999825893053381,0.11857312482499704,0.60116626630367576
1,left_wrist_camera_to_base,75,left_wrist_camera_color_optical_frame,-0.10012748143740036,0.1403396333953717,0.60676727571932465
1,left_wrist_camera_to_base,76,left_wrist_camera_color_optical_frame,-0.080256703944266927,0.1621061419657463,0.61236828513497366
1,left_wrist_camera_to_base,77,left_wrist_camera_color_optical_frame,-0.29822609258540317,-0.035214365122335556,0.54563026675031123
1,left_wrist_camera_to_base,78,left_wrist_camera_color_optical_frame,-0.27835531509226974,-0.013447856551960902,0.55123127616596013
1,left_wrist_camera_to_base,79,left_wrist_camera_color_optical_frame,-0.25848453759913625,0.0083186520184137247,0.55683228558160913
1,left_wrist_camera_to_base,80,left_wrist_camera_color_optical_frame,-0.23861376010600283,0.030085160588788379,0.56243329499725803
1,left_wrist_camera_to_base,81,left_wrist_camera_color_optical_frame,-0.21874298261286937,0.051851669159163033,0.56803430441290703
1,left_wrist_camera_to_base,82,left_wrist_camera_color_optical_frame,-0.19887220511973591,0.073618177729537659,0.57363531382855593
1,left_wrist_camera_to_base,83,left_wrist_camera_color_optical_frame,-0.17900142762660246,0.095384686299912314,0.57923632324420493
1,left_wrist_camera_to_base,84,left_wrist_camera_color_optical_frame,-0.15913065013346903,0.11715119487028697,0.58483733265985383
1,left_wrist_camera_to_base,85,left_wrist_camera_color_optical_frame,-0.13925987264033557,0.13891770344066162,0.59043834207550283
1,left_wrist_camera_to_base,86,left_wrist_camera_color_optical_frame,-0.1193890951472021,0.16068421201103628,0.59603935149115173
1,left_wrist_camera_to_base,87,left_wrist_camera_color_optical_frame,-0.099518317654068669,0.18245072058141093,0.60164036090680073
1,tag_to_base,0,checkerboard_link,0,0,0
1,tag_to_base,1,checkerboard_link,0.029999999999999999,0,0
1,tag_to_base,2,checkerboard_link,0.059999999999999998,0,0
1,tag_to_base,3,checkerboard_link,0.089999999999999997,0,0
1,tag_to_base,4,checkerboard_link,0.12,0,0
1,tag_to_base,5,checkerboard_link,0.14999999999999999,0,0
1,tag_to_base,6,checkerboard_link,0.17999999999999999,0,0
1,tag_to_base,7,checkerboard_link,0.20999999999999999,0,0
1,tag_to_base,8,checkerboard_link,0.23999999999999999,0,0
1,tag_to_base,9,checkerboard_link,0.27000000000000002,0,0
1,tag_to_base,10,checkerboard_link,0.29999999999999999,0,0
1,tag_to_base,11,checkerboard_link,0,0.029999999999999999,0
1,tag_to_base,12,checkerboard_link,0.029999999999999999,0.029999999999999999,0
1,tag_to_base,13,checkerboard_link,0.059999999999999998,0.029999999999999999,0
1,tag_to_base,14,checkerboard_link,0.089999999999999997,0.029999999999999999,0
1,tag_to_base,15,checkerboard_link,0.12,0.029999999999999999,0
1,tag_to_base,16,checkerboard_link,0.14999999999999999,0.029999999999999999,0
1,tag_to_base,17,checkerboard_link,0.17999999999999999,0.029999999999999999,0
1,tag_to_base,18,checkerboard_link,0.20999999999999999,0.029999999999999999,0
1,tag_to_base,19,checkerboard_link,0.23999999999999999,0.029999999999999999,0
1,tag_to_base,20,checkerboard_link,0.27000000000000002,0.029999999999999999,0
1,tag_to_base,21,checkerboard_link,0.29999999999999999,0.029999999999999999,0
1,tag_to_base,22,checkerboard_link,0,0.059999999999999998,0
1,tag_to_base,23,checkerboard_link,0.029999999999999999,0.059999999999999998,0
1,tag_to_base,24,checkerboard_link,0.059999999999999998,0.059999999999999998,0
1,tag_to_base,25,checkerboard_link,0.089999999999999997,0.059999999999999998,0
1,tag_to_base,26,checkerboard_link,0.12,0.059999999999999998,0
1,tag_to_base,27,checkerboard_link,0.14999999999999999,0.059999999999999998,0
1,tag_to_base,28,checkerboard_link,0.17999999999999999,0.059999999999999998,0
1,tag_to_base,29,checkerboard_link,0.20999999999999999,0.059999999999999998,0
1,tag_to_base,30,checkerboard_link,0.23999999999999999,0.059999999999999998,0
1,tag_to_base,31,checkerboard_link,0.27000000000000002,0.059999999999999998,0
1,tag_to_base,32,checkerboard_link,0.29999999999999999,0.059999999999999998,0
1,tag_to_base,33,checkerboard_link,0,0.089999999999999997,0
1,tag_to_base,34,checkerboard_link,0.029999999999999999,0.089999999999999997,0
1,tag_to_base,35,checkerboard_link,0.059999999999999998,0.089999999999999997,0
1,tag_to_base,36,checkerboard_link,0.089999999999999997,0.089999999999999997,0
1,tag_to_base,37,checkerboard_link,0.12,0.089999999999999997,0
1,tag_to_base,38,checkerboard_link,0.14999999999999999,0.089999999999999997,0
1,tag_to_base,39,checkerboard_link,0.17999999999999999,0.089999999999999997,0
1,tag_to_base,40,checkerboard_link,0.20999999999999999,0.089999999999999997,0
1,tag_to_base,41,checkerboard_link,0.23999999999999999,0.089999999999999997,0
1,tag_to_base,42,checkerboard_link,0.27000000000000002,0.089999999999999997,0
1,tag_to_base,43,checkerboard_link,0.29999999999999999,0.089999999999999997,0
1,tag_to_base,44,checkerboard_link,0,0.12,0
1,tag_to_base,45,checkerboard_link,0.029999999999999999,0.12,0
1,tag_to_base,46,checkerboard_link,0.059999999999999998,0.12,0
1,tag_to_base,47,checkerboard_link,0.089999999999999997,0.12,0
1,tag_to_base,48,checkerboard_link,0.12,0.12,0
1,tag_to_base,49,checkerboard_link,0.14999999999999999,0.12,0
1,tag_to_base,50,checkerboard_link,0.17999999999999999,0.12,0
1,tag_to_base,51,checkerboard_link,0.20999999999999999,0.12,0
1,tag_to_base,52,checkerboard_link,0.23999999999999999,0.12,0
1,tag_to_base,53,checkerboard_link,0.27000000000000002,0.12,0
1,tag_to_base,54,checkerboard_link,0.29999999999999999,0.12,0
1,tag_to_base,55,checkerboard_link,0,0.14999999999999999,0
1,tag_to_base,56,checkerboard_link,0.029999999999999999,0.14999999999999999,0
1,tag_to_base,57,checkerboard_link,0.059999999999999998,0.14999999999999999,0
1,tag_to_base,58,checkerboard_link,0.089999999999999997,0.14999999999999999,0
1,tag_to_base,59,checkerboard_link,0.12,0.14999999999999999,0
1,tag_to_base,60,checkerboard_link,0.14999999999999999,0.14999999999999999,0
1,tag_to_base,61,checkerboard_link,0.17999999999999999,0.14999999999999999,0
1,tag_to_base,62,checkerboard_link,0.20999999999999999,0.14999999999999999,0
1,tag_to_base,63,checkerboard_link,0.23999999999999999,0.14999999999999999,0
1,tag_to_base,64,checkerboard_link,0.27000000000000002,0.14999999999999999,0
1,tag_to_base,65,checkerboard_link,0.29999999999999999,0.14999999999999999,0
1,tag_to_base,66,checkerboard_link,0,0.17999999999999999,0
1,tag_to_base,67,checkerboard_link,0.029999999999999999,0.17999999999999999,0
1,tag_to_base,68,checkerboard_link,0.059999999999999998,0.17999999999999999,0
1,tag_to_base,69,checkerboard_link,0.089999999999999997,0.17999999999999999,0
1,tag_to_base,70,checkerboard_link,0.12,0.17999999999999999,0
1,tag_to_base,71,checkerboard_link,0.14999999999999999,0.17999999999999999,0
1,tag_to_base,72,checkerboard_link,0.17999999999999999,0.17999999999999999,0
1,tag_to_base,73,checkerboard_link,0.20999999999999999,0.17999999999999999,0
1,tag_to_base,74,checkerboard_link,0.23999999999999999,0.17999999999999999,0
1,tag_to_base,75,checkerboard_link,0.27000000000000002,0.17999999999999999,0
1,tag_to_base,76,checkerboard_link,0.29999999999999999,0.17999999999999999,0
1,tag_to_base,77,checkerboard_link,0,0.20999999999999999,0
1,tag_to_base,78,checkerboard_link,0.029999999999999999,0.20999999999999999,0
1,tag_to_base,79,checkerboard_link,0.059999999999999998,0.20999999999999999,0
1,tag_to_base,80,checkerboard_link,0.089999999999999997,0.20999999999999999,0
1,tag_to_base,81,checkerboard_link,0.12,0.20999999999999999,0
1,tag_to_base,82,checkerboard_link,0.14999999999999999,0.20999999999999999,0
1,tag_to_base,83,checkerboard_link,0.17999999999999999,0.20999999999999999,0
1,tag_to_base,84,checkerboard_link,0.20999999999999999,0.20999999999999999,0
1,tag_to_base,85,checkerboard_link,0.23999999999999999,0.20999999999999999,0
1,tag_to_base,86,checkerboard_link,0.27000000000000002,0.20999999999999999,0
1,tag_to_base,87,checkerboard_link,0.29999999999999999,0.20999999999999999,0
2,left_wrist_camera_to_base,0,left_wrist_camera_color_optical_frame,-0.044898954622569681,-0.072112049064375808,0.61912264621191337
2,left_wrist_camera_to_base,1,left_wrist_camera_color_optical_frame,-0.019925006759950126,-0.055503848208063297,0.61843737803700627
2,left_wrist_camera_to_base,2,left_wrist_camera_color_optical_frame,0.0050489411026694297,-0.038895647351750787,0.61775210986209927
2,left_wrist_camera_to_base,3,left_wrist_camera_color_optical_frame,0.030022888965288985,-0.022287446495438276,0.61706684168719217
2,left_wrist_camera_to_base,4,left_wrist_camera_color_optical_frame,0.054996836827908541,-0.0056792456391257656,0.61638157351228517
2,left_wrist_camera_to_base,5,left_wrist_camera_color_optical_frame,0.079970784690528096,0.010928955217186745,0.61569630533737807
2,left_wrist_camera_to_base,6,left_wrist_camera_color_optical_frame,0.10494473255314765,0.027537156073499255,0.61501103716247096
2,left_wrist_camera_to_base,7,left_wrist_camera_color_optical_frame,0.12991868041576721,0.044145356929811766,0.61432576898756397
2,left_wrist_camera_to_base,8,left_wrist_camera_color_optical_frame,0.15489262827838676,0.060753557786124276,0.61364050081265686
2,left_wrist_camera_to_base,9,left_wrist_camera_color_optical_frame,0.17986657614100635,0.077361758642436815,0.61295523263774987
2,left_wrist_camera_to_base,10,left_wrist_camera_color_optical_frame,0.20484052400362587,0.093969959498749298,0.61226996446284276
2,left_wrist_camera_to_base,11,left_wrist_camera_color_optical_frame,-0.060762412655885417,-0.048667949016306181,0.60918660715395212
2,left_wrist_camera_to_base,12,left_wrist_camera_color_optical_frame,-0.035788464793265862,-0.03205974815999367,0.60850133897904501
2,left_wrist_camera_to_base,13,left_wrist_camera_color_optical_frame,-0.010814516930646306,-0.01545154730368116,0.60781607080413802
2,left_wrist_camera_to_base,14,left_wrist_camera_color_optical_frame,0.014159430931973249,0.0011566535526313509,0.60713080262923091
2,left_wrist_camera_to_base,15,left_wrist_camera_color_optical_frame,0.039133378794592805,0.017764854408943861,0.60644553445432381
2,left_wrist_camera_to_base,16,left_wrist_camera_color_optical_frame,0.06410732665721236,0.034373055265256372,0.60576026627941681
2,left_wrist_camera_to_base,17,left_wrist_camera_color_optical_frame,0.089081274519831916,0.050981256121568883,0.60507499810450971
2,left_wrist_camera_to_base,18,left_wrist_camera_color_optical_frame,0.11405522238245147,0.067589456977881393,0.60438972992960271
2,left_wrist_camera_to_base,19,left_wrist_camera_color_optical_frame,0.13902917024507103,0.084197657834193904,0.60370446175469561
2,left_wrist_camera_to_base,20,left_wrist_camera_color_optical_frame,0.16400311810769061,0.10080585869050644,0.6030191935797885
2,left_wrist_camera_to_base,21,left_wrist_camera_color_optical_frame,0.18897706597031014,0.11741405954681892,0.60233392540488151
2,left_wrist_camera_to_base,22,left_wrist_camera_color_optical_frame,-0.076625870689201153,-0.025223848968236554,0.59925056809599087
2,left_wrist_camera_to_base,23,left_wrist_camera_color_optical_frame,-0.051651922826581605,-0.008615648111924043,0.59856529992108376
2,left_wrist_camera_to_base,24,left_wrist_camera_color_optical_frame,-0.026677974963962046,0.0079925527443884675,0.59788003174617665
2,left_wrist_camera_to_base,25,left_wrist_camera_color_optical_frame,-0.0017040271013424868,0.024600753600700978,0.59719476357126966
2,left_wrist_camera_to_base,26,left_wrist_camera_color_optical_frame,0.023269920761277069,0.041208954457013489,0.59650949539636255
2,left_wrist_camera_to_base,27,left_wrist_camera_color_optical_frame,0.048243868623896624,0.057817155313325999,0.59582422722145556
2,left_wrist_camera_to_base,28,left_wrist_camera_color_optical_frame,0.07321781648651618,0.07442535616963851,0.59513895904654845
2,left_wrist_camera_to_base,29,left_wrist_camera_color_optical_frame,0.098191764349135735,0.09103355702595102,0.59445369087164135
2,left_wrist_camera_to_base,30,left_wrist_camera_color_optical_frame,0.12316571221175529,0.10764175788226353,0.59376842269673435
2,left_wrist_camera_to_base,31,left_wrist_camera_color_optical_frame,0.14813966007437487,0.12424995873857607,0.59308315452182725
2,left_wrist_camera_to_base,32,left_wrist_camera_color_optical_frame,0.1731136079369944,0.14085815959488857,0.59239788634692025
2,left_wrist_camera_to_base,33,left_wrist_camera_color_optical_frame,-0.092489328722516903,-0.0017797489201669264,0.5893145290380295
2,left_wrist_camera_to_base,34,left_wrist_camera_color_optical_frame,-0.067515380859897348,0.014828451936145584,0.58862926086312251
2,left_wrist_camera_to_base,35,left_wrist_camera_color_optical_frame,-0.042541432997277792,0.031436652792458095,0.5879439926882154
2,left_wrist_camera_to_base,36,left_wrist_camera_color_optical_frame,-0.017567485134658233,0.048044853648770605,0.58725872451330841
2,left_wrist_camera_to_base,37,left_wrist_camera_color_optical_frame,0.0074064627279613257,0.064653054505083116,0.5865734563384013
2,left_wrist_camera_to_base,38,left_wrist_camera_color_optical_frame,0.032380410590580874,0.081261255361395626,0.58588818816349419
2,left_wrist_camera_to_base,39,left_wrist_camera_color_optical_frame,0.057354358453200444,0.097869456217708137,0.5852029199885872
2,left_wrist_camera_to_base,40,left_wrist_camera_color_optical_frame,0.082328306315819999,0.11447765707402065,0.58451765181368009
2,left_wrist_camera_to_base,41,left_wrist_camera_color_optical_frame,0.10730225417843955,0.13108585793033317,0.5838323836387731
2,left_wrist_camera_to_base,42,left_wrist_camera_color_optical_frame,0.13227620204105914,0.14769405878664571,0.58314711546386599
2,left_wrist_camera_to_base,43,left_wrist_camera_color_optical_frame,0.15725014990367867,0.16430225964295819,0.58246184728895889
2,left_wrist_camera_to_base,44,left_wrist_camera_color_optical_frame,-0.10835278675583264,0.021664351127902701,0.57937848998006825
2,left_wrist_camera_to_base,45,left_wrist_camera_color_optical_frame,-0.083378838893213084,0.038272551984215211,0.57869322180516125
2,left_wrist_camera_to_base,46,left_wrist_camera_color_optical_frame,-0.058404891030593528,0.054880752840527722,0.57800795363025415
2,left_wrist_camera_to_base,47,left_wrist_camera_color_optical_frame,-0.033430943167973973,0.071488953696840232,0.57732268545534704
2,left_wrist_camera_to_base,48,left_wrist_camera_color_optical_frame,-0.0084569953053544103,0.088097154553152743,0.57663741728044005
2,left_wrist_camera_to_base,49,left_wrist_camera_color_optical_frame,0.016516952557265145,0.10470535540946525,0.57595214910553294
2,left_wrist_camera_to_base,50,left_wrist_camera_color_optical_frame,0.041490900419884708,0.12131355626577776,0.57526688093062595
2,left_wrist_camera_to_base,51,left_wrist_camera_color_optical_frame,0.066464848282504263,0.13792175712209026,0.57458161275571884
2,left_wrist_camera_to_base,52,left_wrist_camera_color_optical_frame,0.091438796145123818,0.1545299579784028,0.57389634458081173
2,left_wrist_camera_to_base,53,left_wrist_camera_color_optical_frame,0.1164127440077434,0.17113815883471534,0.57321107640590474
2,left_wrist_camera_to_base,54,left_wrist_camera_color_optical_frame,0.14138669187036293,0.18774635969102782,0.57252580823099763
2,left_wrist_camera_to_base,55,left_wrist_camera_color_optical_frame,-0.12421624478914838,0.045108451175972328,0.56944245092210699
2,left_wrist_camera_to_base,56,left_wrist_camera_color_optical_frame,-0.09924229692652882,0.061716652032284838,0.56875718274719989
2,left_wrist_camera_to_base,57,left_wrist_camera_color_optical_frame,-0.074268349063909264,0.078324852888597349,0.56807191457229289
2,left_wrist_camera_to_base,58,left_wrist_camera_color_optical_frame,-0.049294401201289709,0.094933053744909859,0.56738664639738579
2,left_wrist_camera_to_base,59,left_wrist_camera_color_optical_frame,-0.02432045333867015,0.11154125460122237,0.56670137822247879
2,left_wrist_camera_to_base,60,left_wrist_camera_color_optical_frame,0.00065349452394940916,0.12814945545753487,0.56601611004757169
2,left_wrist_camera_to_base,61,left_wrist_camera_color_optical_frame,0.025627442386568972,0.1447576563138474,0.56533084187266458
2,left_wrist_camera_to_base,62,left_wrist_camera_color_optical_frame,0.050601390249188527,0.16136585717015989,0.56464557369775759
2,left_wrist_camera_to_base,63,left_wrist_camera_color_optical_frame,0.075575338111808082,0.17797405802647243,0.56396030552285048
2,left_wrist_camera_to_base,64,left_wrist_camera_color_optical_frame,0.10054928597442767,0.19458225888278496,0.56327503734794349
2,left_wrist_camera_to_base,65,left_wrist_camera_color_optical_frame,0.12552323383704719,0.21119045973909745,0.56258976917303638
2,left_wrist_camera_to_base,66,left_wrist_camera_color_optical_frame,-0.14007970282246412,0.068552551224041955,0.55950641186414574
2,left_wrist_camera_to_base,67,left_wrist_camera_color_optical_frame,-0.11510575495984457,0.085160752080354465,0.55882114368923863
2,left_wrist_camera_to_base,68,left_wrist_camera_color_optical_frame,-0.090131807097225014,0.10176895293666698,0.55813587551433164
2,left_wrist_camera_to_base,69,left_wrist_camera_color_optical_frame,-0.065157859234605459,0.11837715379297949,0.55745060733942453
2,left_wrist_camera_to_base,70,left_wrist_camera_color_optical_frame,-0.040183911371985896,0.13498535464929201,0.55676533916451743
2,left_wrist_camera_to_base,71,left_wrist_camera_color_optical_frame,-0.015209963509366341,0.15159355550560449,0.55608007098961043
2,left_wrist_camera_to_base,72,left_wrist_camera_color_optical_frame,0.0097639843532532147,0.16820175636191703,0.55539480281470333
2,left_wrist_camera_to_base,73,left_wrist_camera_color_optical_frame,0.034737932215872777,0.18480995721822957,0.55470953463979633
2,left_wrist_camera_to_base,74,left_wrist_camera_color_optical_frame,0.059711880078492333,0.20141815807454205,0.55402426646488923
2,left_wrist_camera_to_base,75,left_wrist_camera_color_optical_frame,0.084685827941111902,0.21802635893085459,0.55333899828998212
2,left_wrist_camera_to_base,76,left_wrist_camera_color_optical_frame,0.10965977580373143,0.23463455978716707,0.55265373011507513
2,left_wrist_camera_to_base,77,left_wrist_camera_color_optical_frame,-0.15594316085577986,0.091996651272111582,0.54957037280618448
2,left_wrist_camera_to_base,78,left_wrist_camera_color_optical_frame,-0.13096921299316031,0.10860485212842409,0.54888510463127738
2,left_wrist_camera_to_base,79,left_wrist_camera_color_optical_frame,-0.10599526513054075,0.12521305298473662,0.54819983645637027
2,left_wrist_camera_to_base,80,left_wrist_camera_color_optical_frame,-0.081021317267921195,0.1418212538410491,0.54751456828146328
2,left_wrist_camera_to_base,81,left_wrist_camera_color_optical_frame,-0.056047369405301632,0.15842945469736164,0.54682930010655617
2,left_wrist_camera_to_base,82,left_wrist_camera_color_optical_frame,-0.031073421542682077,0.17503765555367412,0.54614403193164907
2,left_wrist_camera_to_base,83,left_wrist_camera_color_optical_frame,-0.0060994736800625213,0.19164585640998666,0.54545876375674207
2,left_wrist_camera_to_base,84,left_wrist_camera_color_optical_frame,0.018874474182557041,0.2082540572662992,0.54477349558183497
2,left_wrist_camera_to_base,85,left_wrist_camera_color_optical_frame,0.043848422045176597,0.22486225812261168,0.54408822740692797
2,left_wrist_camera_to_base,86,left_wrist_camera_color_optical_frame,0.06882236990779618,0.24147045897892422,0.54340295923202087
2,left_wrist_camera_to_base,87,left_wrist_camera_color_optical_frame,0.093796317770415694,0.2580786598352367,0.54271769105711387
2,tag_to_base,0,checkerboard_link,0,0,0
2,tag_to_base,1,checkerboard_link,0.029999999999999999,0,0
2,tag_to_base,2,checkerboard_link,0.059999999999999998,0,0
2,tag_to_base,3,checkerboard_link,0.089999999999999997,0,0
2,tag_to_base,4,checkerboard_link,0.12,0,0
2,tag_to_base,5,checkerboard_link,0.14999999999999999,0,0
2,tag_to_base,6,checkerboard_link,0.17999999999999999,0,0
2,tag_to_base,7,checkerboard_link,0.20999999999999999,0,0
2,tag_to_base,8,checkerboard_link,0.23999999999999999,0,0
2,tag_to_base,9,checkerboard_link,0.27000000000000002,0,0
2,tag_to_base,10,checkerboard_link,0.29999999999999999,0,0
2,tag_to_base,11,checkerboard_link,0,0.029999999999999999,0
2,tag_to_base,12,checkerboard_link,0.029999999999999999,0.029999999999999999,0
2,tag_to_base,13,checkerboard_link,0.059999999999999998,0.029999999999999999,0
2,tag_to_base,14,checkerboard_link,0.089999999999999997,0.029999999999999999,0
2,tag_to_base,15,checkerboard_link,0.12,0.029999999999999999,0
2,tag_to_base,16,checkerboard_link,0.14999999999999999,0.029999999999999999,0
2,tag_to_base,17,checkerboard_link,0.17999999999999999,0.029999999999999999,0
2,tag_to_base,18,checkerboard_link,0.20999999999999999,0.029999999999999999,0
2,tag_to_base,19,checkerboard_link,0.23999999999999999,0.029999999999999999,0
2,tag_to_base,20,checkerboard_link,0.27000000000000002,0.029999999999999999,0
2,tag_to_base,21,checkerboard_link,0.29999999999999999,0.029999999999999999,0
2,tag_to_base,22,checkerboard_link,0,0.059999999999999998,0
2,tag_to_base,23,checkerboard_link,0.029999999999999999,0.059999999999999998,0
2,tag_to_base,24,checkerboard_link,0.059999999999999998,0.059999999999999998,0
2,tag_to_base,25,checkerboard_link,0.089999999999999997,0.059999999999999998,0
2,tag_to_base,26,checkerboard_link,0.12,0.059999999999999998,0
2,tag_to_base,27,checkerboard_link,0.14999999999999999,0.059999999999999998,0
2,tag_to_base,28,checkerboard_link,0.17999999999999999,0.059999999999999998,0
2,tag_to_base,29,checkerboard_link,0.20999999999999999,0.059999999999999998,0
2,tag_to_base,30,checkerboard_link,0.23999999999999999,0.059999999999999998,0
2,tag_to_base,31,checkerboard_link,0.27000000000000002,0.059999999999999998,0
2,tag_to_base,32,checkerboard_link,0.29999999999999999,0.059999999999999998,0
2,tag_to_base,33,checkerboard_link,0,0.089999999999999997,0
2,tag_to_base,34,checkerboard_link,0.029999999999999999,0.089999999999999997,0
2,tag_to_base,35,checkerboard_link,0.059999999999999998,0.089999999999999997,0
2,tag_to_base,36,checkerboard_link,0.089999999999999997,0.089999999999999997,0
2,tag_to_base,37,checkerboard_link,0.12,0.089999999999999997,0
2,tag_to_base,38,checkerboard_link,0.14999999999999999,0.089999999999999997,0
2,tag_to_base,39,checkerboard_link,0.17999999999999999,0.089999999999999997,0
2,tag_to_base,40,checkerboard_link,0.20999999999999999,0.089999999999999997,0
2,tag_to_base,41,checkerboard_link,0.23999999999999999,0.089999999999999997,0
2,tag_to_base,42,checkerboard_link,0.27000000000000002,0.089999999999999997,0
2,tag_to_base,43,checkerboard_link,0.29999999999999999,0.089999999999999997,0
2,tag_to_base,44,checkerboard_link,0,0.12,0
2,tag_to_base,45,checkerboard_link,0.029999999999999999,0.12,0
2,tag_to_base,46,checkerboard_link,0.059999999999999998,0.12,0
2,tag_to_base,47,checkerboard_link,0.089999999999999997,0.12,0
2,tag_to_base,48,checkerboard_link,0.12,0.12,0
2,tag_to_base,49,checkerboard_link,0.14999999999999999,0.12,0
2,tag_to_base,50,checkerboard_link,0.17999999999999999,0.12,0
2,tag_to_base,51,checkerboard_link,0.20999999999999999,0.12,0
2,tag_to_base,52,checkerboard_link,0.23999999999999999,0.12,0
2,tag_to_base,53,checkerboard_link,0.27000000000000002,0.12,0
2,tag_to_base,54,checkerboard_link,0.29999999999999999,0.12,0
2,tag_to_base,55,checkerboard_link,0,0.14999999999999999,0
2,tag_to_base,56,checkerboard_link,0.029999999999999999,0.14999999999999999,0
2,tag_to_base,57,checkerboard_link,0.059999999999999998,0.14999999999999999,0
2,tag_to_base,58,checkerboard_link,0.089999999999999997,0.14999999999999999,0
2,tag_to_base,59,checkerboard_link,0.12,0.14999999999999999,0
2,tag_to_base,60,checkerboard_link,0.14999999999999999,0.14999999999999999,0
2,tag_to_base,61,checkerboard_link,0.17999999999999999,0.14999999999999999,0
2,tag_to_base,62,checkerboard_link,0.20999999999999999,0.14999999999999999,0
2,tag_to_base,63,checkerboard_link,0.23999999999999999,0.14999999999999999,0
2,tag_to_base,64,checkerboard_link,0.27000000000000002,0.14999999999999999,0
2,tag_to_base,65,checkerboard_link,0.29999999999999999,0.14999999999999999,0
2,tag_to_base,66,checkerboard_link,0,0.17999999999999999,0
2,tag_to_base,67,checkerboard_link,0.029999999999999999,0.17999999999999999,0
2,tag_to_base,68,checkerboard_link,0.059999999999999998,0.17999999999999999,0
2,tag_to_base,69,checkerboard_link,0.089999999999999997,0.17999999999999999,0
2,tag_to_base,70,checkerboard_link,0.12,0.17999999999999999,0
2,tag_to_base,71,checkerboard_link,0.14999999999999999,0.17999999999999999,0
2,tag_to_base,72,checkerboard_link,0.17999999999999999,0.17999999999999999,0
2,tag_to_base,73,checkerboard_link,0.20999999999999999,0.17999999999999999,0
2,tag_to_base,74,checkerboard_link,0.23999999999999999,0.17999999999999999,0
2,tag_to_base,75,checkerboard_link,0.27000000000000002,0.17999999999999999,0
2,tag_to_base,76,checkerboard_link,0.29999999999999999,0.17999999999999999,0
2,tag_to_base,77,checkerboard_link,0,0.20999999999999999,0
2,tag_to_base,78,checkerboard_link,0.029999999999999999,0.20999999999999999,0
2,tag_to_base,79,checkerboard_link,0.059999999999999998,0.20999999999999999,0
2,tag_to_base,80,checkerboard_link,0.089999999999999997,0.20999999999999999,0
2,tag_to_base,81,checkerboard_link,0.12,0.20999999999999999,0
2,tag_to_base,82,checkerboard_link,0.14999999999999999,0.20999999999999999,0
2,tag_to_base,83,checkerboard_link,0.17999999999999999,0.20999999999999999,0
2,tag_to_base,84,checkerboard_link,0.20999999999999999,0.20999999999999999,0
2,tag_to_base,85,checkerboard_link,0.23999999999999999,0.20999999999999999,0
2,tag_to_base,86,checkerboard_link,0.27000000000000002,0.20999999999999999,0
2,tag_to_base,87,checkerboard_link,0.29999999999999999,0.20999999999999999,0
3,left_wrist_camera_to_base,0,left_wrist_camera_color_optical_frame,-0.17338700555041486,-0.12566824656496181,0.63457075113165018
3,left_wrist_camera_to_base,1,left_wrist_camera_color_optical_frame,-0.15775790567794859,-0.10066246863247638,0.64008820590425142
3,left_wrist_camera_to_base,2,left_wrist_camera_color_optical_frame,-0.14212880580548234,-0.075656690699990939,0.64560566067685254
3,left_wrist_camera_to_base,3,left_wrist_camera_color_optical_frame,-0.12649970593301607,-0.05065091276750551,0.65112311544945378
3,left_wrist_camera_to_base,4,left_wrist_camera_color_optical_frame,-0.11087060606054981,-0.025645134835020067,0.65664057022205491
3,left_wrist_camera_to_base,5,left_wrist_camera_color_optical_frame,-0.095241506188083538,-0.00063935690253463795,0.66215802499465615
3,left_wrist_camera_to_base,6,left_wrist_camera_color_optical_frame,-0.079612406315617279,0.024366421029950791,0.66767547976725727
3,left_wrist_camera_to_base,7,left_wrist_camera_color_optical_frame,-0.06398330644315102,0.049372198962436248,0.67319293453985851
3,left_wrist_camera_to_base,8,left_wrist_camera_color_optical_frame,-0.04835420657068476,0.074377976894921677,0.67871038931245964
3,left_wrist_camera_to_base,9,left_wrist_camera_color_optical_frame,-0.032725106698218487,0.099383754827407134,0.68422784408506088
3,left_wrist_camera_to_base,10,left_wrist_camera_color_optical_frame,-0.017096006825752214,0.12438953275989253,0.68974529885766211
3,left_wrist_camera_to_base,11,left_wrist_camera_color_optical_frame,-0.19451231008382691,-0.10942426967582504,0.62079197313083345
3,left_wrist_camera_to_base,12,left_wrist_camera_color_optical_frame,-0.17888321021136064,-0.084418491743339596,0.62630942790343469
3,left_wrist_camera_to_base,13,left_wrist_camera_color_optical_frame,-0.16325411033889436,-0.059412713810854167,0.63182688267603582
3,left_wrist_camera_to_base,14,left_wrist_camera_color_optical_frame,-0.14762501046642812,-0.034406935878368738,0.63734433744863705
3,left_wrist_camera_to_base,15,left_wrist_camera_color_optical_frame,-0.13199591059396185,-0.0094011579458832956,0.64286179222123818
3,left_wrist_camera_to_base,16,left_wrist_camera_color_optical_frame,-0.11636681072149559,0.015604619986602147,0.64837924699383942
3,left_wrist_camera_to_base,17,left_wrist_camera_color_optical_frame,-0.10073771084902933,0.040610397919087576,0.65389670176644055
3,left_wrist_camera_to_base,18,left_wrist_camera_color_optical_frame,-0.085108610976563054,0.065616175851573005,0.65941415653904178
3,left_wrist_camera_to_base,19,left_wrist_camera_color_optical_frame,-0.069479511104096794,0.090621953784058434,0.66493161131164291
3,left_wrist_camera_to_base,20,left_wrist_camera_color_optical_frame,-0.053850411231630521,0.11562773171654392,0.67044906608424415
3,left_wrist_camera_to_base,21,left_wrist_camera_color_optical_frame,-0.038221311359164262,0.14063350964902929,0.67596652085684528
3,left_wrist_camera_to_base,22,left_wrist_camera_color_optical_frame,-0.21563761461723896,-0.093180292786688268,0.60701319513001673
3,left_wrist_camera_to_base,23,left_wrist_camera_color_optical_frame,-0.20000851474477269,-0.068174514854202839,0.61253064990261785
3,left_wrist_camera_to_base,24,left_wrist_camera_color_optical_frame,-0.18437941487230641,-0.043168736921717396,0.61804810467521909
3,left_wrist_camera_to_base,25,left_wrist_camera_color_optical_frame,-0.16875031499984017,-0.018162958989231967,0.62356555944782033
3,left_wrist_camera_to_base,26,left_wrist_camera_color_optical_frame,-0.15312121512737389,0.0068428189432534758,0.62908301422042145
3,left_wrist_camera_to_base,27,left_wrist_camera_color_optical_frame,-0.13749211525490762,0.031848596875738905,0.63460046899302269
3,left_wrist_camera_to_base,28,left_wrist_camera_color_optical_frame,-0.12186301538244136,0.056854374808224334,0.64011792376562382
3,left_wrist_camera_to_base,29,left_wrist_camera_color_optical_frame,-0.1062339155099751,0.081860152740709791,0.64563537853822506
3,left_wrist_camera_to_base,30,left_wrist_camera_color_optical_frame,-0.090604815637508829,0.10686593067319522,0.65115283331082618
3,left_wrist_camera_to_base,31,left_wrist_camera_color_optical_frame,-0.074975715765042555,0.13187170860568068,0.65667028808342742
3,left_wrist_camera_to_base,32,left_wrist_camera_color_optical_frame,-0.05934661589257631,0.15687748653816611,0.66218774285602855
3,left_wrist_camera_to_base,33,left_wrist_camera_color_optical_frame,-0.23676291915065101,-0.076936315897551497,0.5932344171292
3,left_wrist_camera_to_base,34,left_wrist_camera_color_optical_frame,-0.22113381927818473,-0.051930537965066068,0.59875187190180112
3,left_wrist_camera_to_base,35,left_wrist_camera_color_optical_frame,-0.20550471940571846,-0.026924760032580625,0.60426932667440236
3,left_wrist_camera_to_base,36,left_wrist_camera_color_optical_frame,-0.18987561953325222,-0.0019189821000951957,0.60978678144700349
3,left_wrist_camera_to_base,37,left_wrist_camera_color_optical_frame,-0.17424651966078594,0.023086795832390233,0.61530423621960473
3,left_wrist_camera_to_base,38,left_wrist_camera_color_optical_frame,-0.15861741978831967,0.04809257376487569,0.62082169099220597
3,left_wrist_camera_to_base,39,left_wrist_camera_color_optical_frame,-0.14298831991585342,0.073098351697361119,0.62633914576480709
3,left_wrist_camera_to_base,40,left_wrist_camera_color_optical_frame,-0.12735922004338715,0.098104129629846548,0.63185660053740833
3,left_wrist_camera_to_base,41,left_wrist_camera_color_optical_frame,-0.11173012017092088,0.12310990756233198,0.63737405531000946
3,left_wrist_camera_to_base,42,left_wrist_camera_color_optical_frame,-0.096101020298454604,0.14811568549481743,0.6428915100826107
3,left_wrist_camera_to_base,43,left_wrist_camera_color_optical_frame,-0.080471920425988358,0.17312146342730286,0.64840896485521182
3,left_wrist_camera_to_base,44,left_wrist_camera_color_optical_frame,-0.25788822368406306,-0.060692339008414725,0.57945563912838327
3,left_wrist_camera_to_base,45,left_wrist_camera_color_optical_frame,-0.24225912381159675,-0.035686561075929296,0.5849730939009844
3,left_wrist_camera_to_base,46,left_wrist_camera_color_optical_frame,-0.22663002393913051,-0.010680783143443853,0.59049054867358564
3,left_wrist_camera_to_base,47,left_wrist_camera_color_optical_frame,-0.21100092406666424,0.01432499478904159,0.59600800344618676
3,left_wrist_camera_to_base,48,left_wrist_camera_color_optical_frame,-0.19537182419419796,0.039330772721527019,0.601525458218788
3,left_wrist_camera_to_base,49,left_wrist_camera_color_optical_frame,-0.17974272432173172,0.064336550654012448,0.60704291299138924
3,left_wrist_camera_to_base,50,left_wrist_camera_color_optical_frame,-0.16411362444926544,0.089342328586497877,0.61256036776399037
3,left_wrist_camera_to_base,51,left_wrist_camera_color_optical_frame,-0.14848452457679917,0.11434810651898333,0.6180778225365916
3,left_wrist_camera_to_base,52,left_wrist_camera_color_optical_frame,-0.13285542470433293,0.13935388445146876,0.62359527730919273
3,left_wrist_camera_to_base,53,left_wrist_camera_color_optical_frame,-0.11722632483186664,0.16435966238395425,0.62911273208179397
3,left_wrist_camera_to_base,54,left_wrist_camera_color_optical_frame,-0.10159722495940039,0.18936544031643962,0.6346301868543951
3,left_wrist_camera_to_base,55,left_wrist_camera_color_optical_frame,-0.27901352821747505,-0.044448362119277954,0.56567686112756654
3,left_wrist_camera_to_base,56,left_wrist_camera_color_optical_frame,-0.2633844283450088,-0.019442584186792525,0.57119431590016767
3,left_wrist_camera_to_base,57,left_wrist_camera_color_optical_frame,-0.24775532847254256,0.0055631937456929181,0.57671177067276891
3,left_wrist_camera_to_base,58,left_wrist_camera_color_optical_frame,-0.23212622860007628,0.030568971678178347,0.58222922544537004
3,left_wrist_camera_to_base,59,left_wrist_camera_color_optical_frame,-0.21649712872761001,0.055574749610663776,0.58774668021797127
3,left_wrist_camera_to_base,60,left_wrist_camera_color_optical_frame,-0.20086802885514377,0.080580527543149233,0.5932641349905724
3,left_wrist_camera_to_base,61,left_wrist_camera_color_optical_frame,-0.18523892898267749,0.10558630547563466,0.59878158976317364
3,left_wrist_camera_to_base,62,left_wrist_camera_color_optical_frame,-0.16960982911021122,0.13059208340812009,0.60429904453577488
3,left_wrist_camera_to_base,63,left_wrist_camera_color_optical_frame,-0.15398072923774497,0.15559786134060552,0.609816499308376
3,left_wrist_camera_to_base,64,left_wrist_camera_color_optical_frame,-0.13835162936527867,0.180603639273091,0.61533395408097724
3,left_wrist_camera_to_base,65,left_wrist_camera_color_optical_frame,-0.12272252949281244,0.20560941720557638,0.62085140885357837
3,left_wrist_camera_to_base,66,left_wrist_camera_color_optical_frame,-0.30013883275088715,-0.028204385230141182,0.55189808312674982
3,left_wrist_camera_to_base,67,left_wrist_camera_color_optical_frame,-0.28450973287842085,-0.0031986072976557534,0.55741553789935094
3,left_wrist_camera_to_base,68,left_wrist_camera_color_optical_frame,-0.26888063300595461,0.021807170634829676,0.56293299267195218
3,left_wrist_camera_to_base,69,left_wrist_camera_color_optical_frame,-0.25325153313348836,0.046812948567315132,0.56845044744455331
3,left_wrist_camera_to_base,70,left_wrist_camera_color_optical_frame,-0.23762243326102206,0.071818726499800561,0.57396790221715455
3,left_wrist_camera_to_base,71,left_wrist_camera_color_optical_frame,-0.22199333338855581,0.09682450443228599,0.57948535698975567
3,left_wrist_camera_to_base,72,left_wrist_camera_color_optical_frame,-0.20636423351608954,0.12183028236477142,0.58500281176235691
3,left_wrist_camera_to_base,73,left_wrist_camera_color_optical_frame,-0.19073513364362327,0.14683606029725685,0.59052026653495815
3,left_wrist_camera_to_base,74,left_wrist_camera_color_optical_frame,-0.17510603377115702,0.17184183822974228,0.59603772130755928
3,left_wrist_camera_to_base,75,left_wrist_camera_color_optical_frame,-0.15947693389869075,0.19684761616222776,0.60155517608016051
3,left_wrist_camera_to_base,76,left_wrist_camera_color_optical_frame,-0.14384783402622447,0.22185339409471319,0.60707263085276164
3,left_wrist_camera_to_base,77,left_wrist_camera_color_optical_frame,-0.32126413728429914,-0.011960408341004397,0.53811930512593298
3,left_wrist_camera_to_base,78,left_wrist_camera_color_optical_frame,-0.30563503741183284,0.013045369591481032,0.54363675989853422
3,left_wrist_camera_to_base,79,left_wrist_camera_color_optical_frame,-0.2900059375393666,0.038051147523966461,0.54915421467113545
3,left_wrist_camera_to_base,80,left_wrist_camera_color_optical_frame,-0.27437683766690035,0.063056925456451918,0.55467166944373658
3,left_wrist_camera_to_base,81,left_wrist_camera_color_optical_frame,-0.25874773779443411,0.088062703388937347,0.56018912421633782
3,left_wrist_camera_to_base,82,left_wrist_camera_color_optical_frame,-0.24311863792196781,0.11306848132142278,0.56570657898893895
3,left_wrist_camera_to_base,83,left_wrist_camera_color_optical_frame,-0.22748953804950156,0.13807425925390823,0.57122403376154018
3,left_wrist_camera_to_base,84,left_wrist_camera_color_optical_frame,-0.21186043817703532,0.16308003718639366,0.57674148853414131
3,left_wrist_camera_to_base,85,left_wrist_camera_color_optical_frame,-0.19623133830456904,0.18808581511887909,0.58225894330674255
3,left_wrist_camera_to_base,86,left_wrist_camera_color_optical_frame,-0.18060223843210277,0.21309159305136458,0.58777639807934379
3,left_wrist_camera_to_base,87,left_wrist_camera_color_optical_frame,-0.1649731385596365,0.23809737098384995,0.59329385285194491
3,tag_to_base,0,checkerboard_link,0,0,0
3,tag_to_base,1,checkerboard_link,0.029999999999999999,0,0
3,tag_to_base,2,checkerboard_link,0.059999999999999998,0,0
3,tag_to_base,3,checkerboard_link,0.089999999999999997,0,0
3,tag_to_base,4,checkerboard_link,0.12,0,0
3,tag_to_base,5,checkerboard_link,0.14999999999999999,0,0
3,tag_to_base,6,checkerboard_link,0.17999999999999999,0,0
3,tag_to_base,7,checkerboard_link,0.20999999999999999,0,0
3,tag_to_base,8,checkerboard_link,0.23999999999999999,0,0
3,tag_to_base,9,checkerboard_link,0.27000000000000002,0,0
3,tag_to_base,10,checkerboard_link,0.29999999999999999,0,0
3,tag_to_base,11,checkerboard_link,0,0.029999999999999999,0
3,tag_to_base,12,checkerboard_link,0.029999999999999999,0.029999999999999999,0
3,tag_to_base,13,checkerboard_link,0.059999999999999998,0.029999999999999999,0
3,tag_to_base,14,checkerboard_link,0.089999999999999997,0.029999999999999999,0
3,tag_to_base,15,checkerboard_link,0.12,0.029999999999999999,0
3,tag_to_base,16,checkerboard_link,0.14999999999999999,0.029999999999999999,0
3,tag_to_base,17,checkerboard_link,0.17999999999999999,0.029999999999999999,0
3,tag_to_base,18,checkerboard_link,0.20999999999999999,0.029999999999999999,0
3,tag_to_base,19,checkerboard_link,0.23999999999999999,0.029999999999999999,0
3,tag_to_base,20,checkerboard_link,0.27000000000000002,0.029999999999999999,0
3,tag_to_base,21,checkerboard_link,0.29999999999999999,0.029999999999999999,0
3,tag_to_base,22,checkerboard_link,0,0.059999999999999998,0
3,tag_to_base,23,checkerboard_link,0.029999999999999999,0.059999999999999998,0
3,tag_to_base,24,checkerboard_link,0.059999999999999998,0.059999999999999998,0
3,tag_to_base,25,checkerboard_link,0.089999999999999997,0.059999999999999998,0
3,tag_to_base,26,checkerboard_link,0.12,0.059999999999999998,0
3,tag_to_base,27,checkerboard_link,0.14999999999999999,0.059999999999999998,0
3,tag_to_base,28,checkerboard_link,0.17999999999999999,0.059999999999999998,0
3,tag_to_base,29,checkerboard_link,0.20999999999999999,0.059999999999999998,0
3,tag_to_base,30,checkerboard_link,0.23999999999999999,0.059999999999999998,0
3,tag_to_base,31,checkerboard_link,0.27000000000000002,0.059999999999999998,0
3,tag_to_base,32,checkerboard_link,0.29999999999999999,0.059999999999999998,0
3,tag_to_base,33,checkerboard_link,0,0.089999999999999997,0
3,tag_to_base,34,checkerboard_link,0.029999999999999999,0.089999999999999997,0
3,tag_to_base,35,checkerboard_link,0.059999999999999998,0.089999999999999997,0
3,tag_to_base,36,checkerboard_link,0.089999999999999997,0.089999999999999997,0
3,tag_to_base,37,checkerboard_link,0.12,0.089999999999999997,0
3,tag_to_base,38,checkerboard_link,0.14999999999999999,0.089999999999999997,0
3,tag_to_base,39,checkerboard_link,0.17999999999999999,0.089999999999999997,0
3,tag_to_base,40,checkerboard_link,0.20999999999999999,0.089999999999999997,0
3,tag_to_base,41,checkerboard_link,0.23999999999999999,0.089999999999999997,0
3,tag_to_base,42,checkerboard_link,0.27000000000000002,0.089999999999999997,0
3,tag_to_base,43,checkerboard_link,0.29999999999999999,0.089999999999999997,0
3,tag_to_base,44,checkerboard_link,0,0.12,0
3,tag_to_base,45,checkerboard_link,0.029999999999999999,0.12,0
3,tag_to_base,46,checkerboard_link,0.059999999999999998,0.12,0
3,tag_to_base,47,checkerboard_link,0.089999999999999997,0.12,0
3,tag_to_base,48,checkerboard_link,0.12,0.12,0
3,tag_to_base,49,checkerboard_link,0.14999999999999999,0.12,0
3,tag_to_base,50,checkerboard_link,0.17999999999999999,0.12,0
3,tag_to_base,51,checkerboard_link,0.20999999999999999,0.12,0
3,tag_to_base,52,checkerboard_link,0.23999999999999999,0.12,0
3,tag_to_base,53,checkerboard_link,0.27000000000000002,0.12,0
3,tag_to_base,54,checkerboard_link,0.29999999999999999,0.12,0
3,tag_to_base,55,checkerboard_link,0,0.14999999999999999,0
3,tag_to_base,56,checkerboard_link,0.029999999999999999,0.14999999999999999,0
3,tag_to_base,57,checkerboard_link,0.059999999999999998,0.14999999999999999,0
3,tag_to_base,58,checkerboard_link,0.089999999999999997,0.14999999999999999,0
3,tag_to_base,59,checkerboard_link,0.12,0.14999999999999999,0
3,tag_to_base,60,checkerboard_link,0.14999999999999999,0.14999999999999999,0
3,tag_to_base,61,checkerboard_link,0.17999999999999999,0.14999999999999999,0
3,tag_to_base,62,checkerboard_link,0.20999999999999999,0.14999999999999999,0
3,tag_to_base,63,checkerboard_link,0.23999999999999999,0.14999999999999999,0
3,tag_to_base,64,checkerboard_link,0.27000000000000002,0.14999999999999999,0
3,tag_to_base,65,checkerboard_link,0.29999999999999999,0.14999999999999999,0
3,tag_to_base,66,checkerboard_link,0,0.17999999999999999,0
3,tag_to_base,67,checkerboard_link,0.029999999999999999,0.17999999999999999,0
3,tag_to_base,68,checkerboard_link,0.059999999999999998,0.17999999999999999,0
3,tag_to_base,69,checkerboard_link,0.089999999999999997,0.17999999999999999,0
3,tag_to_base,70,checkerboard_link,0.12,0.17999999999999999,0
3,tag_to_base,71,checkerboard_link,0.14999999999999999,0.17999999999999999,0
3,tag_to_base,72,checkerboard_link,0.17999999999999999,0.17999999999999999,0
3,tag_to_base,73,checkerboard_link,0.20999999999999999,0.17999999999999999,0
3,tag_to_base,74,checkerboard_link,0.23999999999999999,0.17999999999999999,0
3,tag_to_base,75,checkerboard_link,0.27000000000000002,0.17999999999999999,0
3,tag_to_base,76,checkerboard_link,0.29999999999999999,0.17999999999999999,0
3,tag_to_base,77,checkerboard_link,0,0.20999999999999999,0
3,tag_to_base,78,checkerboard_link,0.029999999999999999,0.20999999999999999,0
3,tag_to_base,79,checkerboard_link,0.059999999999999998,0.20999999999999999,0
3,tag_to_base,80,checkerboard_link,0.089999999999999997,0.20999999999999999,0
3,tag_to_base,81,checkerboard_link,0.12,0.20999999999999999,0
3,tag_to_base,82,checkerboard_link,0.14999999999999999,0.20999999999999999,0
3,tag_to_base,83,checkerboard_link,0.17999999999999999,0.20999999999999999,0
3,tag_to_base,84,checkerboard_link,0.20999999999999999,0.20999999999999999,0
3,tag_to_base,85,checkerboard_link,0.23999999999999999,0.20999999999999999,0
3,tag_to_base,86,checkerboard_link,0.27000000000000002,0.20999999999999999,0
3,tag_to_base,87,checkerboard_link,0.29999999999999999,0.20999999999999999,0
4,left_wrist_camera_to_base,0,left_wrist_camera_color_optical_frame,-0.11948947414605234,-0.16477065192436044,0.52452243145203292
4,left_wrist_camera_to_base,1,left_wrist_camera_color_optical_frame,-0.099719882089611453,-0.14376870995561578,0.53277359279231651
4,left_wrist_camera_to_base,2,left_wrist_camera_color_optical_frame,-0.079950290033170585,-0.12276676798687111,0.54102475413260021
4,left_wrist_camera_to_base,3,left_wrist_camera_color_optical_frame,-0.060180697976729702,-0.10176482601812643,0.54927591547288379
4,left_wrist_camera_to_base,4,left_wrist_camera_color_optical_frame,-0.04041110592028882,-0.08076288404938177,0.55752707681316738
4,left_wrist_camera_to_base,5,left_wrist_camera_color_optical_frame,-0.020641513863847952,-0.059760942080637106,0.56577823815345107
4,left_wrist_camera_to_base,6,left_wrist_camera_color_optical_frame,-0.00087192180740706948,-0.038759000111892428,0.57402939949373466
4,left_wrist_camera_to_base,7,left_wrist_camera_color_optical_frame,0.018897670249033813,-0.017757058143147764,0.58228056083401825
4,left_wrist_camera_to_base,8,left_wrist_camera_color_optical_frame,0.038667262305474695,0.0032448838255969004,0.59053172217430194
4,left_wrist_camera_to_base,9,left_wrist_camera_color_optical_frame,0.058436854361915577,0.024246825794341592,0.59878288351458553
4,left_wrist_camera_to_base,10,left_wrist_camera_color_optical_frame,0.078206446418356432,0.045248767763086228,0.60703404485486911
4,left_wrist_camera_to_base,11,left_wrist_camera_color_optical_frame,-0.13877991268960729,-0.14334892820298051,0.51621648577425494
4,left_wrist_camera_to_base,12,left_wrist_camera_color_optical_frame,-0.11901032063316641,-0.12234698623423584,0.52446764711453864
4,left_wrist_camera_to_base,13,left_wrist_camera_color_optical_frame,-0.099240728576725529,-0.10134504426549118,0.53271880845482222
4,left_wrist_camera_to_base,14,left_wrist_camera_color_optical_frame,-0.07947113652028466,-0.080343102296746516,0.54096996979510581
4,left_wrist_camera_to_base,15,left_wrist_camera_color_optical_frame,-0.059701544463843778,-0.059341160328001852,0.54922113113538951
4,left_wrist_camera_to_base,16,left_wrist_camera_color_optical_frame,-0.03993195240740291,-0.038339218359257188,0.55747229247567309
4,left_wrist_camera_to_base,17,left_wrist_camera_color_optical_frame,-0.020162360350962027,-0.017337276390512524,0.56572345381595668
4,left_wrist_camera_to_base,18,left_wrist_camera_color_optical_frame,-0.00039276829452114526,0.0036646655782321402,0.57397461515624038
4,left_wrist_camera_to_base,19,left_wrist_camera_color_optical_frame,0.019376823761919723,0.024666607546976804,0.58222577649652396
4,left_wrist_camera_to_base,20,left_wrist_camera_color_optical_frame,0.039146415818360633,0.045668549515721496,0.59047693783680755
4,left_wrist_camera_to_base,21,left_wrist_camera_color_optical_frame,0.058916007874801488,0.06667049148446616,0.59872809917709113
4,left_wrist_camera_to_base,22,left_wrist_camera_color_optical_frame,-0.15807035123316224,-0.1219272044816006,0.50791054009647707
4,left_wrist_camera_to_base,23,left_wrist_camera_color_optical_frame,-0.13830075917672136,-0.10092526251285593,0.51616170143676066
4,left_wrist_camera_to_base,24,left_wrist_camera_color_optical_frame,-0.11853116712028049,-0.079923320544111262,0.52441286277704424
4,left_wrist_camera_to_base,25,left_wrist_camera_color_optical_frame,-0.098761575063839618,-0.058921378575366598,0.53266402411732794
4,left_wrist_camera_to_base,26,left_wrist_camera_color_optical_frame,-0.078991983007398736,-0.03791943660662192,0.54091518545761152
4,left_wrist_camera_to_base,27,left_wrist_camera_color_optical_frame,-0.059222390950957861,-0.016917494637877256,0.54916634679789511
4,left_wrist_camera_to_base,28,left_wrist_camera_color_optical_frame,-0.039452798894516986,0.0040844473308674079,0.5574175081381787
4,left_wrist_camera_to_base,29,left_wrist_camera_color_optical_frame,-0.019683206838076103,0.025086389299612072,0.56566866947846239
4,left_wrist_camera_to_base,30,left_wrist_camera_color_optical_frame,8.6385218364778971e-05,0.046088331268356736,0.57391983081874598
4,left_wrist_camera_to_base,31,left_wrist_camera_color_optical_frame,0.019855977274805661,0.067090273237101428,0.58217099215902968
4,left_wrist_camera_to_base,32,left_wrist_camera_color_optical_frame,0.039625569331246516,0.088092215205846064,0.59042215349931326
4,left_wrist_camera_to_base,33,left_wrist_camera_color_optical_frame,-0.17736078977671721,-0.10050548076022069,0.49960459441869909
4,left_wrist_camera_to_base,34,left_wrist_camera_color_optical_frame,-0.15759119772027633,-0.079503538791476022,0.50785575575898267
4,left_wrist_camera_to_base,35,left_wrist_camera_color_optical_frame,-0.13782160566383544,-0.058501596822731358,0.51610691709926626
4,left_wrist_camera_to_base,36,left_wrist_camera_color_optical_frame,-0.11805201360739456,-0.03749965485398668,0.52435807843954996
4,left_wrist_camera_to_base,37,left_wrist_camera_color_optical_frame,-0.09828242155095368,-0.016497712885242016,0.53260923977983354
4,left_wrist_camera_to_base,38,left_wrist_camera_color_optical_frame,-0.078512829494512812,0.0045042290835026477,0.54086040112011713
4,left_wrist_camera_to_base,39,left_wrist_camera_color_optical_frame,-0.05874323743807193,0.025506171052247312,0.54911156246040083
4,left_wrist_camera_to_base,40,left_wrist_camera_color_optical_frame,-0.038973645381631061,0.046508113020991976,0.55736272380068441
4,left_wrist_camera_to_base,41,left_wrist_camera_color_optical_frame,-0.019204053325190179,0.06751005498973664,0.565613885140968
4,left_wrist_camera_to_base,42,left_wrist_camera_color_optical_frame,0.00056553873125071707,0.088511996958481359,0.57386504648125169
4,left_wrist_camera_to_base,43,left_wrist_camera_color_optical_frame,0.020335130787691572,0.10951393892722597,0.58211620782153528
4,left_wrist_camera_to_base,44,left_wrist_camera_color_optical_frame,-0.19665122832027215,-0.079083757038840755,0.49129864874092111
4,left_wrist_camera_to_base,45,left_wrist_camera_color_optical_frame,-0.17688163626383127,-0.058081815070096091,0.49954981008120475
4,left_wrist_camera_to_base,46,left_wrist_camera_color_optical_frame,-0.15711204420739039,-0.037079873101351413,0.50780097142148839
4,left_wrist_camera_to_base,47,left_wrist_camera_color_optical_frame,-0.13734245215094953,-0.016077931132606749,0.51605213276177198
4,left_wrist_camera_to_base,48,left_wrist_camera_color_optical_frame,-0.11757286009450864,0.0049240108361379153,0.52430329410205556
4,left_wrist_camera_to_base,49,left_wrist_camera_color_optical_frame,-0.09780326803806777,0.025925952804882579,0.53255445544233926
4,left_wrist_camera_to_base,50,left_wrist_camera_color_optical_frame,-0.078033675981626888,0.046927894773627243,0.54080561678262284
4,left_wrist_camera_to_base,51,left_wrist_camera_color_optical_frame,-0.058264083925186012,0.067929836742371907,0.54905677812290643
4,left_wrist_camera_to_base,52,left_wrist_camera_color_optical_frame,-0.038494491868745137,0.088931778711116599,0.55730793946319013
4,left_wrist_camera_to_base,53,left_wrist_camera_color_optical_frame,-0.018724899812304241,0.10993372067986126,0.56555910080347371
4,left_wrist_camera_to_base,54,left_wrist_camera_color_optical_frame,0.0010446922441366135,0.13093566264860593,0.5738102621437573
4,left_wrist_camera_to_base,55,left_wrist_camera_color_optical_frame,-0.2159416668638271,-0.057662033317460837,0.48299270306314318
4,left_wrist_camera_to_base,56,left_wrist_camera_color_optical_frame,-0.19617207480738622,-0.036660091348716173,0.49124386440342682
4,left_wrist_camera_to_base,57,left_wrist_camera_color_optical_frame,-0.17640248275094533,-0.015658149379971509,0.49949502574371041
4,left_wrist_camera_to_base,58,left_wrist_camera_color_optical_frame,-0.15663289069450448,0.0053437925887731552,0.50774618708399399
4,left_wrist_camera_to_base,59,left_wrist_camera_color_optical_frame,-0.1368632986380636,0.026345734557517819,0.51599734842427769
4,left_wrist_camera_to_base,60,left_wrist_camera_color_optical_frame,-0.11709370658162271,0.047347676526262483,0.52424850976456128
4,left_wrist_camera_to_base,61,left_wrist_camera_color_optical_frame,-0.097324114525181832,0.068349618495007175,0.53249967110484486
4,left_wrist_camera_to_base,62,left_wrist_camera_color_optical_frame,-0.07755452246874095,0.089351560463751839,0.54075083244512856
4,left_wrist_camera_to_base,63,left_wrist_camera_color_optical_frame,-0.057784930412300081,0.1103535024324965,0.54900199378541215
4,left_wrist_camera_to_base,64,left_wrist_camera_color_optical_frame,-0.038015338355859185,0.13135544440124117,0.55725315512569573
4,left_wrist_camera_to_base,65,left_wrist_camera_color_optical_frame,-0.018245746299418331,0.15235738636998583,0.56550431646597943
4,left_wrist_camera_to_base,66,left_wrist_camera_color_optical_frame,-0.23523210540738204,-0.036240309596080933,0.4746867573853652
4,left_wrist_camera_to_base,67,left_wrist_camera_color_optical_frame,-0.21546251335094119,-0.015238367627336269,0.48293791872564884
4,left_wrist_camera_to_base,68,left_wrist_camera_color_optical_frame,-0.1956929212945003,0.0057635743414083951,0.49118908006593248
4,left_wrist_camera_to_base,69,left_wrist_camera_color_optical_frame,-0.17592332923805942,0.026765516310153059,0.49944024140621607
4,left_wrist_camera_to_base,70,left_wrist_camera_color_optical_frame,-0.15615373718161854,0.047767458278897723,0.50769140274649971
4,left_wrist_camera_to_base,71,left_wrist_camera_color_optical_frame,-0.13638414512517766,0.068769400247642387,0.5159425640867833
4,left_wrist_camera_to_base,72,left_wrist_camera_color_optical_frame,-0.11661455306873679,0.089771342216387079,0.52419372542706699
4,left_wrist_camera_to_base,73,left_wrist_camera_color_optical_frame,-0.096844961012295921,0.11077328418513174,0.53244488676735058
4,left_wrist_camera_to_base,74,left_wrist_camera_color_optical_frame,-0.077075368955855039,0.13177522615387641,0.54069604810763416
4,left_wrist_camera_to_base,75,left_wrist_camera_color_optical_frame,-0.057305776899414143,0.15277716812262107,0.54894720944791786
4,left_wrist_camera_to_base,76,left_wrist_camera_color_optical_frame,-0.037536184842973289,0.17377911009136573,0.55719837078820145
4,left_wrist_camera_to_base,77,left_wrist_camera_color_optical_frame,-0.25452254395093699,-0.014818585874701001,0.46638081170758727
4,left_wrist_camera_to_base,78,left_wrist_camera_color_optical_frame,-0.23475295189449613,0.0061833560940436627,0.47463197304787091
4,left_wrist_camera_to_base,79,left_wrist_camera_color_optical_frame,-0.21498335983805525,0.027185298062788327,0.4828831343881545
4,left_wrist_camera_to_base,80,left_wrist_camera_color_optical_frame,-0.19521376778161437,0.048187240031532991,0.49113429572843814
4,left_wrist_camera_to_base,81,left_wrist_camera_color_optical_frame,-0.17544417572517348,0.069189182000277655,0.49938545706872178
4,left_wrist_camera_to_base,82,left_wrist_camera_color_optical_frame,-0.1556745836687326,0.090191123969022319,0.50763661840900542
4,left_wrist_camera_to_base,83,left_wrist_camera_color_optical_frame,-0.13590499161229175,0.11119306593776698,0.51588777974928901
4,left_wrist_camera_to_base,84,left_wrist_camera_color_optical_frame,-0.11613539955585087,0.13219500790651165,0.5241389410895726
4,left_wrist_camera_to_base,85,left_wrist_camera_color_optical_frame,-0.096365807499409983,0.15319694987525631,0.53239010242985629
4,left_wrist_camera_to_base,86,left_wrist_camera_color_optical_frame,-0.076596215442969087,0.17419889184400103,0.54064126377013988
4,left_wrist_camera_to_base,87,left_wrist_camera_color_optical_frame,-0.056826623386528233,0.19520083381274564,0.54889242511042347
4,tag_to_base,0,checkerboard_link,0,0,0
4,tag_to_base,1,checkerboard_link,0.029999999999999999,0,0
4,tag_to_base,2,checkerboard_link,0.059999999999999998,0,0
4,tag_to_base,3,checkerboard_link,0.089999999999999997,0,0
4,tag_to_base,4,checkerboard_link,0.12,0,0
4,tag_to_base,5,checkerboard_link,0.14999999999999999,0,0
4,tag_to_base,6,checkerboard_link,0.17999999999999999,0,0
4,tag_to_base,7,checkerboard_link,0.20999999999999999,0,0
4,tag_to_base,8,checkerboard_link,0.23999999999999999,0,0
4,tag_to_base,9,checkerboard_link,0.27000000000000002,0,0
4,tag_to_base,10,checkerboard_link,0.29999999999999999,0,0
4,tag_to_base,11,checkerboard_link,0,0.029999999999999999,0
4,tag_to_base,12,checkerboard_link,0.029999999999999999,0.029999999999999999,0
4,tag_to_base,13,checkerboard_link,0.059999999999999998,0.029999999999999999,0
4,tag_to_base,14,checkerboard_link,0.089999999999999997,0.029999999999999999,0
4,tag_to_base,15,checkerboard_link,0.12,0.029999999999999999,0
4,tag_to_base,16,checkerboard_link,0.14999999999999999,0.029999999999999999,0
4,tag_to_base,17,checkerboard_link,0.17999999999999999,0.029999999999999999,0
4,tag_to_base,18,checkerboard_link,0.20999999999999999,0.029999999999999999,0
4,tag_to_base,19,checkerboard_link,0.23999999999999999,0.029999999999999999,0
4,tag_to_base,20,checkerboard_link,0.27000000000000002,0.029999999999999999,0
4,tag_to_base,21,checkerboard_link,0.29999999999999999,0.029999999999999999,0
4,tag_to_base,22,checkerboard_link,0,0.059999999999999998,0
4,tag_to_base,23,checkerboard_link,0.029999999999999999,0.059999999999999998,0
4,tag_to_base,24,checkerboard_link,0.059999999999999998,0.059999999999999998,0
4,tag_to_base,25,checkerboard_link,0.089999999999999997,0.059999999999999998,0
4,tag_to_base,26,checkerboard_link,0.12,0.059999999999999998,0
4,tag_to_base,27,checkerboard_link,0.14999999999999999,0.059999999999999998,0
4,tag_to_base,28,checkerboard_link,0.17999999999999999,0.059999999999999998,0
4,tag_to_base,29,checkerboard_link,0.20999999999999999,0.059999999999999998,0
4,tag_to_base,30,checkerboard_link,0.23999999999999999,0.059999999999999998,0
4,tag_to_base,31,checkerboard_link,0.27000000000000002,0.059999999999999998,0
4,tag_to_base,32,checkerboard_link,0.29999999999999999,0.059999999999999998,0
4,tag_to_base,33,checkerboard_link,0,0.089999999999999997,0
4,tag_to_base,34,checkerboard_link,0.029999999999999999,0.089999999999999997,0
4,tag_to_base,35,checkerboard_link,0.059999999999999998,0.089999999999999997,0
4,tag_to_base,36,checkerboard_link,0.089999999999999997,0.089999999999999997,0
4,tag_to_base,37,checkerboard_link,0.12,0.089999999999999997,0
4,tag_to_base,38,checkerboard_link,0.14999999999999999,0.089999999999999997,0
4,tag_to_base,39,checkerboard_link,0.17999999999999999,0.089999999999999997,0
4,tag_to_base,40,checkerboard_link,0.20999999999999999,0.089999999999999997,0
4,tag_to_base,41,checkerboard_link,0.23999999999999999,0.089999999999999997,0
4,tag_to_base,42,checkerboard_link,0.27000000000000002,0.089999999999999997,0
4,tag_to_base,43,checkerboard_link,0.29999999999999999,0.089999999999999997,0
4,tag_to_base,44,checkerboard_link,0,0.12,0
4,tag_to_base,45,checkerboard_link,0.029999999999999999,0.12,0
4,tag_to_base,46,checkerboard_link,0.059999999999999998,0.12,0
4,tag_to_base,47,checkerboard_link,0.089999999999999997,0.12,0
4,tag_to_base,48,checkerboard_link,0.12,0.12,0
4,tag_to_base,49,checkerboard_link,0.14999999999999999,0.12,0
4,tag_to_base,50,checkerboard_link,0.17999999999999999,0.12,0
4,tag_to_base,51,checkerboard_link,0.20999999999999999,0.12,0
4,tag_to_base,52,checkerboard_link,0.23999999999999999,0.12,0
4,tag_to_base,53,checkerboard_link,0.27000000000000002,0.12,0
4,tag_to_base,54,checkerboard_link,0.29999999999999999,0.12,0
4,tag_to_base,55,checkerboard_link,0,0.14999999999999999,0
4,tag_to_base,56,checkerboard_link,0.029999999999999999,0.14999999999999999,0
4,tag_to_base,57,checkerboard_link,0.059999999999999998,0.14999999999999999,0
4,tag_to_base,58,checkerboard_link,0.089999999999999997,0.14999999999999999,0
4,tag_to_base,59,checkerboard_link,0.12,0.14999999999999999,0
4,tag_to_base,60,checkerboard_link,0.14999999999999999,0.14999999999999999,0
4,tag_to_base,61,checkerboard_link,0.17999999999999999,0.14999999999999999,0
4,tag_to_base,62,checkerboard_link,0.20999999999999999,0.14999999999999999,0
4,tag_to_base,63,checkerboard_link,0.23999999999999999,0.14999999999999999,0
4,tag_to_base,64,checkerboard_link,0.27000000000000002,0.14999999999999999,0
4,tag_to_base,65,checkerboard_link,0.29999999999999999,0.14999999999999999,0
4,tag_to_base,66,checkerboard_link,0,0.17999999999999999,0
4,tag_to_base,67,checkerboard_link,0.029999999999999999,0.17999999999999999,0
4,tag_to_base,68,checkerboard_link,0.059999999999999998,0.17999999999999999,0
4,tag_to_base,69,checkerboard_link,0.089999999999999997,0.17999999999999999,0
4,tag_to_base,70,checkerboard_link,0.12,0.17999999999999999,0
4,tag_to_base,71,checkerboard_link,0.14999999999999999,0.17999999999999999,0
4,tag_to_base,72,checkerboard_link,0.17999999999999999,0.17999999999999999,0
4,tag_to_base,73,checkerboard_link,0.20999999999999999,0.17999999999999999,0
4,tag_to_base,74,checkerboard_link,0.23999999999999999,0.17999999999999999,0
4,tag_to_base,75,checkerboard_link,0.27000000000000002,0.17999999999999999,0
4,tag_to_base,76,checkerboard_link,0.29999999999999999,0.17999999999999999,0
4,tag_to_base,77,checkerboard_link,0,0.20999999999999999,0
4,tag_to_base,78,checkerboard_link,0.029999999999999999,0.20999999999999999,0
4,tag_to_base,79,checkerboard_link,0.059999999999999998,0.20999999999999999,0
4,tag_to_base,80,checkerboard_link,0.089999999999999997,0.20999999999999999,0
4,tag_to_base,81,checkerboard_link,0.12,0.20999999999999999,0
4,tag_to_base,82,checkerboard_link,0.14999999999999999,0.20999999999999999,0
4,tag_to_base,83,checkerboard_link,0.17999999999999999,0.20999999999999999,0
4,tag_to_base,84,checkerboard_link,0.20999999999999999,0.20999999999999999,0
4,tag_to_base,85,checkerboard_link,0.23999999999999999,0.20999999999999999,0
4,tag_to_base,86,checkerboard_link,0.27000000000000002,0.20999999999999999,0
4,tag_to_base,87,checkerboard_link,0.29999999999999999,0.20999999999999999,0
5,left_wrist_camera_to_base,0,left_wrist_camera_color_optical_frame,-0.076466404062984564,-0.14438818924218949,0.52765332177749069
5,left_wrist_camera_to_base,1,left_wrist_camera_color_optical_frame,-0.054963224759872822,-0.12400109388665241,0.53234156481966177
5,left_wrist_camera_to_base,2,left_wrist_camera_color_optical_frame,-0.033460045456761074,-0.10361399853111533,0.53702980786183285
5,left_wrist_camera_to_base,3,left_wrist_camera_color_optical_frame,-0.011956866153649326,-0.083226903175578265,0.54171805090400382
5,left_wrist_camera_to_base,4,left_wrist_camera_color_optical_frame,0.0095463131494624154,-0.062839807820041171,0.5464062939461749
5,left_wrist_camera_to_base,5,left_wrist_camera_color_optical_frame,0.031049492452574157,-0.042452712464504092,0.55109453698834598
5,left_wrist_camera_to_base,6,left_wrist_camera_color_optical_frame,0.052552671755685912,-0.022065617108967026,0.55578278003051707
5,left_wrist_camera_to_base,7,left_wrist_camera_color_optical_frame,0.074055851058797653,-0.0016785217534299457,0.56047102307268815
5,left_wrist_camera_to_base,8,left_wrist_camera_color_optical_frame,0.095559030361909394,0.018708573602107148,0.56515926611485912
5,left_wrist_camera_to_base,9,left_wrist_camera_color_optical_frame,0.11706220966502116,0.039095668957644242,0.5698475091570302
5,left_wrist_camera_to_base,10,left_wrist_camera_color_optical_frame,0.13856538896813286,0.059482764313181308,0.57453575219920128
5,left_wrist_camera_to_base,11,left_wrist_camera_color_optical_frame,-0.096333257826903607,-0.12238058384651181,0.52307364643188003
5,left_wrist_camera_to_base,12,left_wrist_camera_color_optical_frame,-0.074830078523791865,-0.10199348849097473,0.527761889474051
5,left_wrist_camera_to_base,13,left_wrist_camera_color_optical_frame,-0.053326899220680117,-0.081606393135437647,0.53245013251622209
5,left_wrist_camera_to_base,14,left_wrist_camera_color_optical_frame,-0.031823719917568369,-0.061219297779900581,0.53713837555839317
5,left_wrist_camera_to_base,15,left_wrist_camera_color_optical_frame,-0.010320540614456628,-0.040832202424363501,0.54182661860056425
5,left_wrist_camera_to_base,16,left_wrist_camera_color_optical_frame,0.011182638688655114,-0.020445107068826421,0.54651486164273533
5,left_wrist_camera_to_base,17,left_wrist_camera_color_optical_frame,0.032685817991766855,-5.801171328934096e-05,0.5512031046849063
5,left_wrist_camera_to_base,18,left_wrist_camera_color_optical_frame,0.054188997294878596,0.020329083642247753,0.55589134772707738
5,left_wrist_camera_to_base,19,left_wrist_camera_color_optical_frame,0.075692176597990338,0.040716178997784819,0.56057959076924846
5,left_wrist_camera_to_base,20,left_wrist_camera_color_optical_frame,0.097195355901102107,0.061103274353321912,0.56526783381141954
5,left_wrist_camera_to_base,21,left_wrist_camera_color_optical_frame,0.11869853520421385,0.081490369708858978,0.56995607685359051
5,left_wrist_camera_to_base,22,left_wrist_camera_color_optical_frame,-0.11620011159082264,-0.10037297845083412,0.51849397108626927
5,left_wrist_camera_to_base,23,left_wrist_camera_color_optical_frame,-0.094696932287710894,-0.079985883095297056,0.52318221412844035
5,left_wrist_camera_to_base,24,left_wrist_camera_color_optical_frame,-0.073193752984599153,-0.059598787739759976,0.52787045717061143
5,left_wrist_camera_to_base,25,left_wrist_camera_color_optical_frame,-0.051690573681487412,-0.039211692384222896,0.53255870021278251
5,left_wrist_camera_to_base,26,left_wrist_camera_color_optical_frame,-0.03018739437837567,-0.018824597028685802,0.53724694325495348
5,left_wrist_camera_to_base,27,left_wrist_camera_color_optical_frame,-0.0086842150752639291,0.0015624983268512638,0.54193518629712456
5,left_wrist_camera_to_base,28,left_wrist_camera_color_optical_frame,0.012818964227847826,0.02194959368238833,0.54662342933929564
5,left_wrist_camera_to_base,29,left_wrist_camera_color_optical_frame,0.034322143530959567,0.042336689037925423,0.55131167238146672
5,left_wrist_camera_to_base,30,left_wrist_camera_color_optical_frame,0.055825322834071309,0.062723784393462489,0.5559999154236378
5,left_wrist_camera_to_base,31,left_wrist_camera_color_optical_frame,0.077328502137183078,0.083110879748999611,0.56068815846580877
5,left_wrist_camera_to_base,32,left_wrist_camera_color_optical_frame,0.098831681440294791,0.10349797510453665,0.56537640150797985
5,left_wrist_camera_to_base,33,left_wrist_camera_color_optical_frame,-0.13606696535474166,-0.078365373055156451,0.51391429574065861
5,left_wrist_camera_to_base,34,left_wrist_camera_color_optical_frame,-0.11456378605162994,-0.057978277699619371,0.51860253878282969
5,left_wrist_camera_to_base,35,left_wrist_camera_color_optical_frame,-0.093060606748518196,-0.037591182344082291,0.52329078182500066
5,left_wrist_camera_to_base,36,left_wrist_camera_color_optical_frame,-0.071557427445406441,-0.017204086988545225,0.52797902486717174
5,left_wrist_camera_to_base,37,left_wrist_camera_color_optical_frame,-0.050054248142294699,0.0031830083669918685,0.53266726790934282
5,left_wrist_camera_to_base,38,left_wrist_camera_color_optical_frame,-0.028551068839182958,0.023570103722528934,0.5373555109515139
5,left_wrist_camera_to_base,39,left_wrist_camera_color_optical_frame,-0.0070478895360712168,0.043957199078066028,0.54204375399368498
5,left_wrist_camera_to_base,40,left_wrist_camera_color_optical_frame,0.014455289767040524,0.064344294433603094,0.54673199703585595
5,left_wrist_camera_to_base,41,left_wrist_camera_color_optical_frame,0.035958469070152266,0.084731389789140188,0.55142024007802704
5,left_wrist_camera_to_base,42,left_wrist_camera_color_optical_frame,0.057461648373264049,0.10511848514467728,0.55610848312019812
5,left_wrist_camera_to_base,43,left_wrist_camera_color_optical_frame,0.078964827676375762,0.12550558050021432,0.5607967261623692
5,left_wrist_camera_to_base,44,left_wrist_camera_color_optical_frame,-0.15593381911866072,-0.056357767659478766,0.50933462039504795
5,left_wrist_camera_to_base,45,left_wrist_camera_color_optical_frame,-0.13443063981554898,-0.035970672303941686,0.51402286343721892
5,left_wrist_camera_to_base,46,left_wrist_camera_color_optical_frame,-0.11292746051243724,-0.01558357694840462,0.51871110647939001
5,left_wrist_camera_to_base,47,left_wrist_camera_color_optical_frame,-0.091424281209325498,0.0048035184071324732,0.52339934952156109
5,left_wrist_camera_to_base,48,left_wrist_camera_color_optical_frame,-0.069921101906213742,0.025190613762669539,0.52808759256373217
5,left_wrist_camera_to_base,49,left_wrist_camera_color_optical_frame,-0.048417922603102001,0.045577709118206633,0.53277583560590314
5,left_wrist_camera_to_base,50,left_wrist_camera_color_optical_frame,-0.02691474329999026,0.065964804473743699,0.53746407864807422
5,left_wrist_camera_to_base,51,left_wrist_camera_color_optical_frame,-0.0054115639968785184,0.086351899829280793,0.5421523216902453
5,left_wrist_camera_to_base,52,left_wrist_camera_color_optical_frame,0.016091615306233223,0.10673899518481789,0.54684056473241638
5,left_wrist_camera_to_base,53,left_wrist_camera_color_optical_frame,0.037594794609344992,0.12712609054035495,0.55152880777458746
5,left_wrist_camera_to_base,54,left_wrist_camera_color_optical_frame,0.059097973912456706,0.14751318589589202,0.55621705081675843
5,left_wrist_camera_to_base,55,left_wrist_camera_color_optical_frame,-0.17580067288257975,-0.034350162263801082,0.50475494504943719
5,left_wrist_camera_to_base,56,left_wrist_camera_color_optical_frame,-0.15429749357946801,-0.013963066908264016,0.50944318809160827
5,left_wrist_camera_to_base,57,left_wrist_camera_color_optical_frame,-0.13279431427635627,0.006424028447273078,0.51413143113377935
5,left_wrist_camera_to_base,58,left_wrist_camera_color_optical_frame,-0.11129113497324453,0.026811123802810144,0.51881967417595043
5,left_wrist_camera_to_base,59,left_wrist_camera_color_optical_frame,-0.089787955670132771,0.047198219158347238,0.5235079172181214
5,left_wrist_camera_to_base,60,left_wrist_camera_color_optical_frame,-0.06828477636702103,0.067585314513884304,0.52819616026029248
5,left_wrist_camera_to_base,61,left_wrist_camera_color_optical_frame,-0.046781597063909289,0.087972409869421397,0.53288440330246356
5,left_wrist_camera_to_base,62,left_wrist_camera_color_optical_frame,-0.02527841776079754,0.10835950522495846,0.53757264634463464
5,left_wrist_camera_to_base,63,left_wrist_camera_color_optical_frame,-0.0037752384576858061,0.12874660058049553,0.54226088938680561
5,left_wrist_camera_to_base,64,left_wrist_camera_color_optical_frame,0.017727940845425963,0.14913369593603265,0.54694913242897669
5,left_wrist_camera_to_base,65,left_wrist_camera_color_optical_frame,0.03923112014853769,0.16952079129156972,0.55163737547114777
5,left_wrist_camera_to_base,66,left_wrist_camera_color_optical_frame,-0.19566752664649878,-0.012342556868123411,0.50017526970382653
5,left_wrist_camera_to_base,67,left_wrist_camera_color_optical_frame,-0.17416434734338704,0.008044538487413655,0.50486351274599761
5,left_wrist_camera_to_base,68,left_wrist_camera_color_optical_frame,-0.1526611680402753,0.028431633842950749,0.50955175578816858
5,left_wrist_camera_to_base,69,left_wrist_camera_color_optical_frame,-0.13115798873716356,0.048818729198487815,0.51423999883033966
5,left_wrist_camera_to_base,70,left_wrist_camera_color_optical_frame,-0.10965480943405181,0.069205824554024908,0.51892824187251074
5,left_wrist_camera_to_base,71,left_wrist_camera_color_optical_frame,-0.088151630130940073,0.089592919909561974,0.52361648491468182
5,left_wrist_camera_to_base,72,left_wrist_camera_color_optical_frame,-0.066648450827828332,0.10998001526509904,0.5283047279568529
5,left_wrist_camera_to_base,73,left_wrist_camera_color_optical_frame,-0.045145271524716583,0.13036711062063616,0.53299297099902387
5,left_wrist_camera_to_base,74,left_wrist_camera_color_optical_frame,-0.023642092221604842,0.15075420597617323,0.53768121404119495
5,left_wrist_camera_to_base,75,left_wrist_camera_color_optical_frame,-0.00213891291849308,0.17114130133171029,0.54236945708336604
5,left_wrist_camera_to_base,76,left_wrist_camera_color_optical_frame,0.019364266384618647,0.19152839668724736,0.54705770012553712
5,left_wrist_camera_to_base,77,left_wrist_camera_color_optical_frame,-0.21553438041041784,0.0096650485275542874,0.49559559435821582
5,left_wrist_camera_to_base,78,left_wrist_camera_color_optical_frame,-0.19403120110730609,0.030052143883091353,0.50028383740038684
5,left_wrist_camera_to_base,79,left_wrist_camera_color_optical_frame,-0.17252802180419435,0.050439239238628447,0.50497208044255792
5,left_wrist_camera_to_base,80,left_wrist_camera_color_optical_frame,-0.15102484250108258,0.070826334594165513,0.50966032348472901
5,left_wrist_camera_to_base,81,left_wrist_camera_color_optical_frame,-0.12952166319797084,0.091213429949702607,0.51434856652690009
5,left_wrist_camera_to_base,82,left_wrist_camera_color_optical_frame,-0.1080184838948591,0.11160052530523967,0.51903680956907106
5,left_wrist_camera_to_base,83,left_wrist_camera_color_optical_frame,-0.086515304591747361,0.13198762066077674,0.52372505261124214
5,left_wrist_camera_to_base,84,left_wrist_camera_color_optical_frame,-0.065012125288635619,0.15237471601631386,0.52841329565341322
5,left_wrist_camera_to_base,85,left_wrist_camera_color_optical_frame,-0.043508945985523871,0.17276181137185093,0.5331015386955843
5,left_wrist_camera_to_base,86,left_wrist_camera_color_optical_frame,-0.022005766682412109,0.19314890672738799,0.53778978173775538
5,left_wrist_camera_to_base,87,left_wrist_camera_color_optical_frame,-0.00050258737930038155,0.21353600208292506,0.54247802477992635
5,tag_to_base,0,checkerboard_link,0,0,0
5,tag_to_base,1,checkerboard_link,0.029999999999999999,0,0
5,tag_to_base,2,checkerboard_link,0.059999999999999998,0,0
5,tag_to_base,3,checkerboard_link,0.089999999999999997,0,0
5,tag_to_base,4,checkerboard_link,0.12,0,0
5,tag_to_base,5,checkerboard_link,0.14999999999999999,0,0
5,tag_to_base,6,checkerboard_link,0.17999999999999999,0,0
5,tag_to_base,7,checkerboard_link,0.20999999999999999,0,0
5,tag_to_base,8,checkerboard_link,0.23999999999999999,0,0
5,tag_to_base,9,checkerboard_link,0.27000000000000002,0,0
5,tag_to_base,10,checkerboard_link,0.29999999999999999,0,0
5,tag_to_base,11,checkerboard_link,0,0.029999999999999999,0
5,tag_to_base,12,checkerboard_link,0.029999999999999999,0.029999999999999999,0
5,tag_to_base,13,checkerboard_link,0.059999999999999998,0.029999999999999999,0
5,tag_to_base,14,checkerboard_link,0.089999999999999997,0.029999999999999999,0
5,tag_to_base,15,checkerboard_link,0.12,0.029999999999999999,0
5,tag_to_base,16,checkerboard_link,0.14999999999999999,0.029999999999999999,0
5,tag_to_base,17,checkerboard_link,0.17999999999999999,0.029999999999999999,0
5,tag_to_base,18,checkerboard_link,0.20999999999999999,0.029999999999999999,0
5,tag_to_base,19,checkerboard_link,0.23999999999999999,0.029999999999999999,0
5,tag_to_base,20,checkerboard_link,0.27000000000000002,0.029999999999999999,0
5,tag_to_base,21,checkerboard_link,0.29999999999999999,0.029999999999999999,0
5,tag_to_base,22,checkerboard_link,0,0.059999999999999998,0
5,tag_to_base,23,checkerboard_link,0.029999999999999999,0.059999999999999998,0
5,tag_to_base,24,checkerboard_link,0.059999999999999998,0.059999999999999998,0
5,tag_to_base,25,checkerboard_link,0.089999999999999997,0.059999999999999998,0
5,tag_to_base,26,checkerboard_link,0.12,0.059999999999999998,0
5,tag_to_base,27,checkerboard_link,0.14999999999999999,0.059999999999999998,0
5,tag_to_base,28,checkerboard_link,0.17999999999999999,0.059999999999999998,0
5,tag_to_base,29,checkerboard_link,0.20999999999999999,0.059999999999999998,0
5,tag_to_base,30,checkerboard_link,0.23999999999999999,0.059999999999999998,0
5,tag_to_base,31,checkerboard_link,0.27000000000000002,0.059999999999999998,0
5,tag_to_base,32,checkerboard_link,0.29999999999999999,0.059999999999999998,0
5,tag_to_base,33,checkerboard_link,0,0.089999999999999997,0
5,tag_to_base,34,checkerboard_link,0.029999999999999999,0.089999999999999997,0
5,tag_to_base,35,checkerboard_link,0.059999999999999998,0.089999999999999997,0
5,tag_to_base,36,checkerboard_link,0.089999999999999997,0.089999999999999997,0
5,tag_to_base,37,checkerboard_link,0.12,0.089999999999999997,0
5,tag_to_base,38,checkerboard_link,0.14999999999999999,0.089999999999999997,0
5,tag_to_base,39,checkerboard_link,0.17999999999999999,0.089999999999999997,0
5,tag_to_base,40,checkerboard_link,0.20999999999999999,0.089999999999999997,0
5,tag_to_base,41,checkerboard_link,0.23999999999999999,0.089999999999999997,0
5,tag_to_base,42,checkerboard_link,0.27000000000000002,0.089999999999999997,0
5,tag_to_base,43,checkerboard_link,0.29999999999999999,0.089999999999999997,0
5,tag_to_base,44,checkerboard_link,0,0.12,0
5,tag_to_base,45,checkerboard_link,0.029999999999999999,0.12,0
5,tag_to_base,46,checkerboard_link,0.059999999999999998,0.12,0
5,tag_to_base,47,checkerboard_link,0.089999999999999997,0.12,0
5,tag_to_base,48,checkerboard_link,0.12,0.12,0
5,tag_to_base,49,checkerboard_link,0.14999999999999999,0.12,0
5,tag_to_base,50,checkerboard_link,0.17999999999999999,0.12,0
5,tag_to_base,51,checkerboard_link,0.20999999999999999,0.12,0
5,tag_to_base,52,checkerboard_link,0.23999999999999999,0.12,0
5,tag_to_base,53,checkerboard_link,0.27000000000000002,0.12,0
5,tag_to_base,54,checkerboard_link,0.29999999999999999,0.12,0
5,tag_to_base,55,checkerboard_link,0,0.14999999999999999,0
5,tag_to_base,56,checkerboard_link,0.029999999999999999,0.14999999999999999,0
5,tag_to_base,57,checkerboard_link,0.059999999999999998,0.14999999999999999,0
5,tag_to_base,58,checkerboard_link,0.089999999999999997,0.14999999999999999,0
5,tag_to_base,59,checkerboard_link,0.12,0.14999999999999999,0
5,tag_to_base,60,checkerboard_link,0.14999999999999999,0.14999999999999999,0
5,tag_to_base,61,checkerboard_link,0.17999999999999999,0.14999999999999999,0
5,tag_to_base,62,checkerboard_link,0.20999999999999999,0.14999999999999999,0
5,tag_to_base,63,checkerboard_link,0.23999999999999999,0.14999999999999999,0
5,tag_to_base,64,checkerboard_link,0.27000000000000002,0.14999999999999999,0
5,tag_to_base,65,checkerboard_link,0.29999999999999999,0.14999999999999999,0
5,tag_to_base,66,checkerboard_link,0,0.17999999999999999,0
5,tag_to_base,67,checkerboard_link,0.029999999999999999,0.17999999999999999,0
5,tag_to_base,68,checkerboard_link,0.059999999999999998,0.17999999999999999,0
5,tag_to_base,69,checkerboard_link,0.089999999999999997,0.17999999999999999,0
5,tag_to_base,70,checkerboard_link,0.12,0.17999999999999999,0
5,tag_to_base,71,checkerboard_link,0.14999999999999999,0.17999999999999999,0
5,tag_to_base,72,checkerboard_link,0.17999999999999999,0.17999999999999999,0
5,tag_to_base,73,checkerboard_link,0.20999999999999999,0.17999999999999999,0
5,tag_to_base,74,checkerboard_link,0.23999999999999999,0.17999999999999999,0
5,tag_to_base,75,checkerboard_link,0.27000000000000002,0.17999999999999999,0
5,tag_to_base,76,checkerboard_link,0.29999999999999999,0.17999999999999999,0
5,tag_to_base,77,checkerboard_link,0,0.20999999999999999,0
5,tag_to_base,78,checkerboard_link,0.029999999999999999,0.20999999999999999,0
5,tag_to_base,79,checkerboard_link,0.059999999999999998,0.20999999999999999,0
5,tag_to_base,80,checkerboard_link,0.089999999999999997,0.20999999999999999,0
5,tag_to_base,81,checkerboard_link,0.12,0.20999999999999999,0
5,tag_to_base,82,checkerboard_link,0.14999999999999999,0.20999999999999999,0
5,tag_to_base,83,checkerboard_link,0.17999999999999999,0.20999999999999999,0
5,tag_to_base,84,checkerboard_link,0.20999999999999999,0.20999999999999999,0
5,tag_to_base,85,checkerboard_link,0.23999999999999999,0.20999999999999999,0
5,tag_to_base,86,checkerboard_link,0.27000000000000002,0.20999999999999999,0
5,tag_to_base,87,checkerboard_link,0.29999999999999999,0.20999999999999999,0
6,left_wrist_camera_to_base,0,left_wrist_camera_color_optical_frame,-0.089324216154113636,-0.11243726573162376,0.6124237951360838
6,left_wrist_camera_to_base,1,left_wrist_camera_color_optical_frame,-0.067086532380841862,-0.092707823814141541,0.61645300622817867
6,left_wrist_camera_to_base,2,left_wrist_camera_color_optical_frame,-0.044848848607570074,-0.072978381896659311,0.62048221732027353
6,left_wrist_camera_to_base,3,left_wrist_camera_color_optical_frame,-0.022611164834298286,-0.053248939979177096,0.6245114284123684
6,left_wrist_camera_to_base,4,left_wrist_camera_color_optical_frame,-0.00037348106102651213,-0.03351949806169488,0.62854063950446326
6,left_wrist_camera_to_base,5,left_wrist_camera_color_optical_frame,0.021864202712245276,-0.013790056144212665,0.63256985059655813
6,left_wrist_camera_to_base,6,left_wrist_camera_color_optical_frame,0.044101886485517064,0.0059393857732695648,0.63659906168865299
6,left_wrist_camera_to_base,7,left_wrist_camera_color_optical_frame,0.066339570258788824,0.02566882769075178,0.64062827278074785
6,left_wrist_camera_to_base,8,left_wrist_camera_color_optical_frame,0.088577254032060612,0.045398269608233996,0.64465748387284272
6,left_wrist_camera_to_base,9,left_wrist_camera_color_optical_frame,0.11081493780533243,0.065127711525716239,0.64868669496493758
6,left_wrist_camera_to_base,10,left_wrist_camera_color_optical_frame,0.1330526215786042,0.084857153443198427,0.65271590605703245
6,left_wrist_camera_to_base,11,left_wrist_camera_color_optical_frame,-0.10807504548779616,-0.089960378345808917,0.60585143385991302
6,left_wrist_camera_to_base,12,left_wrist_camera_color_optical_frame,-0.085837361714524371,-0.070230936428326701,0.60988064495200789
6,left_wrist_camera_to_base,13,left_wrist_camera_color_optical_frame,-0.063599677941252597,-0.050501494510844486,0.61390985604410275
6,left_wrist_camera_to_base,14,left_wrist_camera_color_optical_frame,-0.041361994167980809,-0.03077205259336227,0.61793906713619762
6,left_wrist_camera_to_base,15,left_wrist_camera_color_optical_frame,-0.019124310394709035,-0.011042610675880041,0.62196827822829248
6,left_wrist_camera_to_base,16,left_wrist_camera_color_optical_frame,0.0031133733785627532,0.0086868312416021748,0.62599748932038735
6,left_wrist_camera_to_base,17,left_wrist_camera_color_optical_frame,0.025351057151834527,0.02841627315908439,0.63002670041248221
6,left_wrist_camera_to_base,18,left_wrist_camera_color_optical_frame,0.047588740925106329,0.048145715076566606,0.63405591150457707
6,left_wrist_camera_to_base,19,left_wrist_camera_color_optical_frame,0.06982642469837809,0.067875156994048821,0.63808512259667194
6,left_wrist_camera_to_base,20,left_wrist_camera_color_optical_frame,0.092064108471649905,0.087604598911531065,0.6421143336887668
6,left_wrist_camera_to_base,21,left_wrist_camera_color_optical_frame,0.11430179224492167,0.10733404082901328,0.64614354478086167
6,left_wrist_camera_to_base,22,left_wrist_camera_color_optical_frame,-0.12682587482147867,-0.067483490959994091,0.59927907258374224
6,left_wrist_camera_to_base,23,left_wrist_camera_color_optical_frame,-0.10458819104820689,-0.047754049042511876,0.60330828367583711
6,left_wrist_camera_to_base,24,left_wrist_camera_color_optical_frame,-0.082350507274935106,-0.028024607125029646,0.60733749476793197
6,left_wrist_camera_to_base,25,left_wrist_camera_color_optical_frame,-0.060112823501663332,-0.0082951652075474308,0.61136670586002684
6,left_wrist_camera_to_base,26,left_wrist_camera_color_optical_frame,-0.037875139728391551,0.011434276709934785,0.6153959169521217
6,left_wrist_camera_to_base,27,left_wrist_camera_color_optical_frame,-0.015637455955119769,0.031163718627417,0.61942512804421657
6,left_wrist_camera_to_base,28,left_wrist_camera_color_optical_frame,0.0066002278181520185,0.050893160544899216,0.62345433913631143
6,left_wrist_camera_to_base,29,left_wrist_camera_color_optical_frame,0.028837911591423793,0.070622602462381431,0.62748355022840629
6,left_wrist_camera_to_base,30,left_wrist_camera_color_optical_frame,0.051075595364695567,0.090352044379863675,0.63151276132050116
6,left_wrist_camera_to_base,31,left_wrist_camera_color_optical_frame,0.073313279137967383,0.11008148629734589,0.63554197241259602
6,left_wrist_camera_to_base,32,left_wrist_camera_color_optical_frame,0.095550962911239143,0.12981092821482809,0.63957118350469089
6,left_wrist_camera_to_base,33,left_wrist_camera_color_optical_frame,-0.14557670415516119,-0.045006603574179266,0.59270671130757147
6,left_wrist_camera_to_base,34,left_wrist_camera_color_optical_frame,-0.12333902038188942,-0.02527716165669705,0.59673592239966633
6,left_wrist_camera_to_base,35,left_wrist_camera_color_optical_frame,-0.10110133660861763,-0.0055477197392148209,0.60076513349176119
6,left_wrist_camera_to_base,36,left_wrist_camera_color_optical_frame,-0.078863652835345854,0.014181722178267395,0.60479434458385606
6,left_wrist_camera_to_base,37,left_wrist_camera_color_optical_frame,-0.056625969062074073,0.03391116409574961,0.60882355567595092
6,left_wrist_camera_to_base,38,left_wrist_camera_color_optical_frame,-0.034388285288802292,0.053640606013231826,0.61285276676804579
6,left_wrist_camera_to_base,39,left_wrist_camera_color_optical_frame,-0.012150601515530504,0.073370047930714041,0.61688197786014065
6,left_wrist_camera_to_base,40,left_wrist_camera_color_optical_frame,0.01008708225774127,0.093099489848196257,0.62091118895223552
6,left_wrist_camera_to_base,41,left_wrist_camera_color_optical_frame,0.032324766031013058,0.1128289317656785,0.62494040004433038
6,left_wrist_camera_to_base,42,left_wrist_camera_color_optical_frame,0.05456244980428486,0.1325583736831607,0.62896961113642524
6,left_wrist_camera_to_base,43,left_wrist_camera_color_optical_frame,0.07680013357755662,0.15228781560064292,0.63299882222852011
6,left_wrist_camera_to_base,44,left_wrist_camera_color_optical_frame,-0.16432753348884371,-0.022529716188364426,0.58613435003140069
6,left_wrist_camera_to_base,45,left_wrist_camera_color_optical_frame,-0.14208984971557193,-0.0028002742708822109,0.59016356112349555
6,left_wrist_camera_to_base,46,left_wrist_camera_color_optical_frame,-0.11985216594230015,0.016929167646600005,0.59419277221559041
6,left_wrist_camera_to_base,47,left_wrist_camera_color_optical_frame,-0.097614482169028363,0.03665860956408222,0.59822198330768528
6,left_wrist_camera_to_base,48,left_wrist_camera_color_optical_frame,-0.075376798395756589,0.056388051481564463,0.60225119439978014
6,left_wrist_camera_to_base,49,left_wrist_camera_color_optical_frame,-0.053139114622484808,0.076117493399046679,0.60628040549187501
6,left_wrist_camera_to_base,50,left_wrist_camera_color_optical_frame,-0.030901430849213027,0.095846935316528895,0.61030961658396987
6,left_wrist_camera_to_base,51,left_wrist_camera_color_optical_frame,-0.0086637470759412388,0.11557637723401111,0.61433882767606474
6,left_wrist_camera_to_base,52,left_wrist_camera_color_optical_frame,0.013573936697330535,0.13530581915149331,0.6183680387681596
6,left_wrist_camera_to_base,53,left_wrist_camera_color_optical_frame,0.035811620470602337,0.15503526106897553,0.62239724986025446
6,left_wrist_camera_to_base,54,left_wrist_camera_color_optical_frame,0.058049304243874097,0.17476470298645774,0.62642646095234933
6,left_wrist_camera_to_base,55,left_wrist_camera_color_optical_frame,-0.18307836282252624,-5.2828802549600984e-05,0.57956198875522991
6,left_wrist_camera_to_base,56,left_wrist_camera_color_optical_frame,-0.16084067904925445,0.019676613114932615,0.58359119984732477
6,left_wrist_camera_to_base,57,left_wrist_camera_color_optical_frame,-0.13860299527598269,0.03940605503241483,0.58762041093941964
6,left_wrist_camera_to_base,58,left_wrist_camera_color_optical_frame,-0.1163653115027109,0.059135496949897046,0.5916496220315145
6,left_wrist_camera_to_base,59,left_wrist_camera_color_optical_frame,-0.094127627729439112,0.078864938867379289,0.59567883312360936
6,left_wrist_camera_to_base,60,left_wrist_camera_color_optical_frame,-0.071889943956167324,0.098594380784861504,0.59970804421570423
6,left_wrist_camera_to_base,61,left_wrist_camera_color_optical_frame,-0.04965226018289555,0.11832382270234372,0.60373725530779909
6,left_wrist_camera_to_base,62,left_wrist_camera_color_optical_frame,-0.027414576409623762,0.13805326461982592,0.60776646639989396
6,left_wrist_camera_to_base,63,left_wrist_camera_color_optical_frame,-0.0051768926363519874,0.15778270653730814,0.61179567749198882
6,left_wrist_camera_to_base,64,left_wrist_camera_color_optical_frame,0.017060791136919815,0.17751214845479035,0.61582488858408369
6,left_wrist_camera_to_base,65,left_wrist_camera_color_optical_frame,0.039298474910191575,0.19724159037227257,0.61985409967617855
6,left_wrist_camera_to_base,66,left_wrist_camera_color_optical_frame,-0.20182919215620876,0.022424058583265224,0.57298962747905913
6,left_wrist_camera_to_base,67,left_wrist_camera_color_optical_frame,-0.17959150838293697,0.04215350050074744,0.57701883857115399
6,left_wrist_camera_to_base,68,left_wrist_camera_color_optical_frame,-0.15735382460966518,0.061882942418229656,0.58104804966324886
6,left_wrist_camera_to_base,69,left_wrist_camera_color_optical_frame,-0.13511614083639342,0.081612384335711871,0.58507726075534372
6,left_wrist_camera_to_base,70,left_wrist_camera_color_optical_frame,-0.11287845706312163,0.10134182625319411,0.58910647184743858
6,left_wrist_camera_to_base,71,left_wrist_camera_color_optical_frame,-0.090640773289849846,0.12107126817067633,0.59313568293953345
6,left_wrist_camera_to_base,72,left_wrist_camera_color_optical_frame,-0.068403089516578072,0.14080071008815853,0.59716489403162831
6,left_wrist_camera_to_base,73,left_wrist_camera_color_optical_frame,-0.046165405743306284,0.16053015200564075,0.60119410512372318
6,left_wrist_camera_to_base,74,left_wrist_camera_color_optical_frame,-0.02392772197003451,0.18025959392312296,0.60522331621581804
6,left_wrist_camera_to_base,75,left_wrist_camera_color_optical_frame,-0.0016900381967627082,0.19998903584060518,0.60925252730791291
6,left_wrist_camera_to_base,76,left_wrist_camera_color_optical_frame,0.020547645576509052,0.21971847775808739,0.61328173840000777
6,left_wrist_camera_to_base,77,left_wrist_camera_color_optical_frame,-0.22058002148989131,0.04490094596908005,0.56641726620288835
6,left_wrist_camera_to_base,78,left_wrist_camera_color_optical_frame,-0.19834233771661952,0.064630387886562266,0.57044647729498321
6,left_wrist_camera_to_base,79,left_wrist_camera_color_optical_frame,-0.17610465394334773,0.084359829804044481,0.57447568838707808
6,left_wrist_camera_to_base,80,left_wrist_camera_color_optical_frame,-0.15386697017007595,0.1040892717215267,0.57850489947917294
6,left_wrist_camera_to_base,81,left_wrist_camera_color_optical_frame,-0.13162928639680416,0.12381871363900894,0.5825341105712678
6,left_wrist_camera_to_base,82,left_wrist_camera_color_optical_frame,-0.10939160262353238,0.14354815555649114,0.58656332166336267
6,left_wrist_camera_to_base,83,left_wrist_camera_color_optical_frame,-0.087153918850260609,0.16327759747397336,0.59059253275545753
6,left_wrist_camera_to_base,84,left_wrist_camera_color_optical_frame,-0.064916235076988821,0.18300703939145557,0.5946217438475524
6,left_wrist_camera_to_base,85,left_wrist_camera_color_optical_frame,-0.04267855130371704,0.20273648130893779,0.59865095493964726
6,left_wrist_camera_to_base,86,left_wrist_camera_color_optical_frame,-0.020440867530445245,0.22246592322642,0.60268016603174213
6,left_wrist_camera_to_base,87,left_wrist_camera_color_optical_frame,0.0017968162428265155,0.24219536514390222,0.60670937712383699
6,tag_to_base,0,checkerboard_link,0,0,0
6,tag_to_base,1,checkerboard_link,0.029999999999999999,0,0
6,tag_to_base,2,checkerboard_link,0.059999999999999998,0,0
6,tag_to_base,3,checkerboard_link,0.089999999999999997,0,0
6,tag_to_base,4,checkerboard_link,0.12,0,0
6,tag_to_base,5,checkerboard_link,0.14999999999999999,0,0
6,tag_to_base,6,checkerboard_link,0.17999999999999999,0,0
6,tag_to_base,7,checkerboard_link,0.20999999999999999,0,0
6,tag_to_base,8,checkerboard_link,0.23999999999999999,0,0
6,tag_to_base,9,checkerboard_link,0.27000000000000002,0,0
6,tag_to_base,10,checkerboard_link,0.29999999999999999,0,0
6,tag_to_base,11,checkerboard_link,0,0.029999999999999999,0
6,tag_to_base,12,checkerboard_link,0.029999999999999999,0.029999999999999999,0
6,tag_to_base,13,checkerboard_link,0.059999999999999998,0.029999999999999999,0
6,tag_to_base,14,checkerboard_link,0.089999999999999997,0.029999999999999999,0
6,tag_to_base,15,checkerboard_link,0.12,0.029999999999999999,0
6,tag_to_base,16,checkerboard_link,0.14999999999999999,0.029999999999999999,0
6,tag_to_base,17,checkerboard_link,0.17999999999999999,0.029999999999999999,0
6,tag_to_base,18,checkerboard_link,0.20999999999999999,0.029999999999999999,0
6,tag_to_base,19,checkerboard_link,0.23999999999999999,0.029999999999999999,0
6,tag_to_base,20,checkerboard_link,0.27000000000000002,0.029999999999999999,0
6,tag_to_base,21,checkerboard_link,0.29999999999999999,0.029999999999999999,0
6,tag_to_base,22,checkerboard_link,0,0.059999999999999998,0
6,tag_to_base,23,checkerboard_link,0.029999999999999999,0.059999999999999998,0
6,tag_to_base,24,checkerboard_link,0.059999999999999998,0.059999999999999998,0
6,tag_to_base,25,checkerboard_link,0.089999999999999997,0.059999999999999998,0
6,tag_to_base,26,checkerboard_link,0.12,0.059999999999999998,0
6,tag_to_base,27,checkerboard_link,0.14999999999999999,0.059999999999999998,0
6,tag_to_base,28,checkerboard_link,0.17999999999999999,0.059999999999999998,0
6,tag_to_base,29,checkerboard_link,0.20999999999999999,0.059999999999999998,0
6,tag_to_base,30,checkerboard_link,0.23999999999999999,0.059999999999999998,0
6,tag_to_base,31,checkerboard_link,0.27000000000000002,0.059999999999999998,0
6,tag_to_base,32,checkerboard_link,0.29999999999999999,0.059999999999999998,0
6,tag_to_base,33,checkerboard_link,0,0.089999999999999997,0
6,tag_to_base,34,checkerboard_link,0.029999999999999999,0.089999999999999997,0
6,tag_to_base,35,checkerboard_link,0.059999999999999998,0.089999999999999997,0
6,tag_to_base,36,checkerboard_link,0.089999999999999997,0.089999999999999997,0
6,tag_to_base,37,checkerboard_link,0.12,0.089999999999999997,0
6,tag_to_base,38,checkerboard_link,0.14999999999999999,0.089999999999999997,0
6,tag_to_base,39,checkerboard_link,0.17999999999999999,0.089999999999999997,0
6,tag_to_base,40,checkerboard_link,0.20999999999999999,0.089999999999999997,0
6,tag_to_base,41,checkerboard_link,0.23999999999999999,0.089999999999999997,0
6,tag_to_base,42,checkerboard_link,0.27000000000000002,0.089999999999999997,0
6,tag_to_base,43,checkerboard_link,0.29999999999999999,0.089999999999999997,0
6,tag_to_base,44,checkerboard_link,0,0.12,0
6,tag_to_base,45,checkerboard_link,0.029999999999999999,0.12,0
6,tag_to_base,46,checkerboard_link,0.059999999999999998,0.12,0
6,tag_to_base,47,checkerboard_link,0.089999999999999997,0.12,0
6,tag_to_base,48,checkerboard_link,0.12,0.12,0
6,tag_to_base,49,checkerboard_link,0.14999999999999999,0.12,0
6,tag_to_base,50,checkerboard_link,0.17999999999999999,0.12,0
6,tag_to_base,51,checkerboard_link,0.20999999999999999,0.12,0
6,tag_to_base,52,checkerboard_link,0.23999999999999999,0.12,0
6,tag_to_base,53,checkerboard_link,0.27000000000000002,0.12,0
6,tag_to_base,54,checkerboard_link,0.29999999999999999,0.12,0
6,tag_to_base,55,checkerboard_link,0,0.14999999999999999,0
6,tag_to_base,56,checkerboard_link,0.029999999999999999,0.14999999999999999,0
6,tag_to_base,57,checkerboard_link,0.059999999999999998,0.14999999999999999,0
6,tag_to_base,58,checkerboard_link,0.089999999999999997,0.14999999999999999,0
6,tag_to_base,59,checkerboard_link,0.12,0.14999999999999999,0
6,tag_to_base,60,checkerboard_link,0.14999999999999999,0.14999999999999999,0
6,tag_to_base,61,checkerboard_link,0.17999999999999999,0.14999999999999999,0
6,tag_to_base,62,checkerboard_link,0.20999999999999999,0.14999999999999999,0
6,tag_to_base,63,checkerboard_link,0.23999999999999999,0.14999999999999999,0
6,tag_to_base,64,checkerboard_link,0.27000000000000002,0.14999999999999999,0
6,tag_to_base,65,checkerboard_link,0.29999999999999999,0.14999999999999999,0
6,tag_to_base,66,checkerboard_link,0,0.17999999999999999,0
6,tag_to_base,67,checkerboard_link,0.029999999999999999,0.17999999999999999,0
6,tag_to_base,68,checkerboard_link,0.059999999999999998,0.17999999999999999,0
6,tag_to_base,69,checkerboard_link,0.089999999999999997,0.17999999999999999,0
6,tag_to_base,70,checkerboard_link,0.12,0.17999999999999999,0
6,tag_to_base,71,checkerboard_link,0.14999999999999999,0.17999999999999999,0
6,tag_to_base,72,checkerboard_link,0.17999999999999999,0.17999999999999999,0
6,tag_to_base,73,checkerboard_link,0.20999999999999999,0.17999999999999999,0
6,tag_to_base,74,checkerboard_link,0.23999999999999999,0.17999999999999999,0
6,tag_to_base,75,checkerboard_link,0.27000000000000002,0.17999999999999999,0
6,tag_to_base,76,checkerboard_link,0.29999999999999999,0.17999999999999999,0
6,tag_to_base,77,checkerboard_link,0,0.20999999999999999,0
6,tag_to_base,78,checkerboard_link,0.029999999999999999,0.20999999999999999,0
6,tag_to_base,79,checkerboard_link,0.059999999999999998,0.20999999999999999,0
6,tag_to_base,80,checkerboard_link,0.089999999999999997,0.20999999999999999,0
6,tag_to_base,81,checkerboard_link,0.12,0.20999999999999999,0
6,tag_to_base,82,checkerboard_link,0.14999999999999999,0.20999999999999999,0
6,tag_to_base,83,checkerboard_link,0.17999999999999999,0.20999999999999999,0
6,tag_to_base,84,checkerboard_link,0.20999999999999999,0.20999999999999999,0
6,tag_to_base,85,checkerboard_link,0.23999999999999999,0.20999999999999999,0
6,tag_to_base,86,checkerboard_link,0.27000000000000002,0.20999999999999999,0
6,tag_to_base,87,checkerboard_link,0.29999999999999999,0.20999999999999999,0
7,left_wrist_camera_to_base,0,left_wrist_camera_color_optical_frame,-0.030879719890174618,-0.061870829584042226,0.56175532016047758
7,left_wrist_camera_to_base,1,left_wrist_camera_color_optical_frame,-0.0010674169126813661,-0.059358707384633939,0.55953815231987847
7,left_wrist_camera_to_base,2,left_wrist_camera_color_optical_frame,0.028744886064811886,-0.056846585185225652,0.55732098447927936
7,left_wrist_camera_to_base,3,left_wrist_camera_color_optical_frame,0.058557189042305141,-0.054334462985817358,0.55510381663868025
7,left_wrist_camera_to_base,4,left_wrist_camera_color_optical_frame,0.088369492019798393,-0.051822340786409071,0.55288664879808114
7,left_wrist_camera_to_base,5,left_wrist_camera_color_optical_frame,0.11818179499729166,-0.049310218587000784,0.55066948095748203
7,left_wrist_camera_to_base,6,left_wrist_camera_color_optical_frame,0.14799409797478488,-0.046798096387592497,0.54845231311688292
7,left_wrist_camera_to_base,7,left_wrist_camera_color_optical_frame,0.17780640095227815,-0.04428597418818421,0.54623514527628381
7,left_wrist_camera_to_base,8,left_wrist_camera_color_optical_frame,0.20761870392977139,-0.041773851988775923,0.5440179774356847
7,left_wrist_camera_to_base,9,left_wrist_camera_color_optical_frame,0.23743100690726471,-0.039261729789367629,0.54180080959508559
7,left_wrist_camera_to_base,10,left_wrist_camera_color_optical_frame,0.26724330988475792,-0.036749607589959349,0.53958364175448648
7,left_wrist_camera_to_base,11,left_wrist_camera_color_optical_frame,-0.034024002430867645,-0.034036819818283395,0.55101374729315811
7,left_wrist_camera_to_base,12,left_wrist_camera_color_optical_frame,-0.0042116994533743894,-0.031524697618875108,0.548796579452559
7,left_wrist_camera_to_base,13,left_wrist_camera_color_optical_frame,0.025600603524118862,-0.029012575419466821,0.54657941161195989
7,left_wrist_camera_to_base,14,left_wrist_camera_color_optical_frame,0.055412906501612125,-0.026500453220058534,0.54436224377136067
7,left_wrist_camera_to_base,15,left_wrist_camera_color_optical_frame,0.085225209479105377,-0.02398833102065024,0.54214507593076156
7,left_wrist_camera_to_base,16,left_wrist_camera_color_optical_frame,0.11503751245659864,-0.021476208821241953,0.53992790809016245
7,left_wrist_camera_to_base,17,left_wrist_camera_color_optical_frame,0.14484981543409187,-0.018964086621833666,0.53771074024956333
7,left_wrist_camera_to_base,18,left_wrist_camera_color_optical_frame,0.17466211841158513,-0.016451964422425379,0.53549357240896422
7,left_wrist_camera_to_base,19,left_wrist_camera_color_optical_frame,0.20447442138907837,-0.013939842223017092,0.53327640456836511
7,left_wrist_camera_to_base,20,left_wrist_camera_color_optical_frame,0.23428672436657166,-0.011427720023608798,0.531059236727766
7,left_wrist_camera_to_base,21,left_wrist_camera_color_optical_frame,0.26409902734406487,-0.0089155978242005107,0.52884206888716689
7,left_wrist_camera_to_base,22,left_wrist_camera_color_optical_frame,-0.037168284971560668,-0.0062028100525245641,0.54027217442583853
7,left_wrist_camera_to_base,23,left_wrist_camera_color_optical_frame,-0.0073559819940674127,-0.0036906878531162771,0.53805500658523941
7,left_wrist_camera_to_base,24,left_wrist_camera_color_optical_frame,0.022456320983425839,-0.00117856565370799,0.5358378387446403
7,left_wrist_camera_to_base,25,left_wrist_camera_color_optical_frame,0.052268623960919094,0.0013335565457002971,0.53362067090404119
7,left_wrist_camera_to_base,26,left_wrist_camera_color_optical_frame,0.082080926938412346,0.0038456787451085842,0.53140350306344208
7,left_wrist_camera_to_base,27,left_wrist_camera_color_optical_frame,0.1118932299159056,0.0063578009445168712,0.52918633522284297
7,left_wrist_camera_to_base,28,left_wrist_camera_color_optical_frame,0.14170553289339885,0.0088699231439251583,0.52696916738224386
7,left_wrist_camera_to_base,29,left_wrist_camera_color_optical_frame,0.17151783587089209,0.011382045343333459,0.52475199954164475
7,left_wrist_camera_to_base,30,left_wrist_camera_color_optical_frame,0.20133013884838535,0.013894167542741746,0.52253483170104564
7,left_wrist_camera_to_base,31,left_wrist_camera_color_optical_frame,0.23114244182587862,0.016406289742150033,0.52031766386044653
7,left_wrist_camera_to_base,32,left_wrist_camera_color_optical_frame,0.26095474480337189,0.01891841194155832,0.51810049601984742
7,left_wrist_camera_to_base,33,left_wrist_camera_color_optical_frame,-0.040312567512253691,0.021631199713234274,0.52953060155851905
7,left_wrist_camera_to_base,34,left_wrist_camera_color_optical_frame,-0.010500264534760436,0.024143321912642561,0.52731343371791994
7,left_wrist_camera_to_base,35,left_wrist_camera_color_optical_frame,0.019312038442732816,0.026655444112050848,0.52509626587732083
7,left_wrist_camera_to_base,36,left_wrist_camera_color_optical_frame,0.049124341420226078,0.029167566311459135,0.52287909803672172
7,left_wrist_camera_to_base,37,left_wrist_camera_color_optical_frame,0.07893664439771933,0.031679688510867422,0.52066193019612261
7,left_wrist_camera_to_base,38,left_wrist_camera_color_optical_frame,0.10874894737521258,0.034191810710275709,0.5184447623555235
7,left_wrist_camera_to_base,39,left_wrist_camera_color_optical_frame,0.13856125035270583,0.036703932909683996,0.51622759451492439
7,left_wrist_camera_to_base,40,left_wrist_camera_color_optical_frame,0.16837355333019907,0.039216055109092297,0.51401042667432528
7,left_wrist_camera_to_base,41,left_wrist_camera_color_optical_frame,0.19818585630769234,0.041728177308500584,0.51179325883372617
7,left_wrist_camera_to_base,42,left_wrist_camera_color_optical_frame,0.22799815928518563,0.044240299507908872,0.50957609099312706
7,left_wrist_camera_to_base,43,left_wrist_camera_color_optical_frame,0.25781046226267884,0.046752421707317159,0.50735892315252795
7,left_wrist_camera_to_base,44,left_wrist_camera_color_optical_frame,-0.043456850052946715,0.049465209478993098,0.51878902869119947
7,left_wrist_camera_to_base,45,left_wrist_camera_color_optical_frame,-0.013644547075453459,0.051977331678401385,0.51657186085060036
7,left_wrist_camera_to_base,46,left_wrist_camera_color_optical_frame,0.016167755902039792,0.054489453877809672,0.51435469301000125
7,left_wrist_camera_to_base,47,left_wrist_camera_color_optical_frame,0.045980058879533048,0.057001576077217959,0.51213752516940214
7,left_wrist_camera_to_base,48,left_wrist_camera_color_optical_frame,0.0757923618570263,0.059513698276626247,0.50992035732880303
7,left_wrist_camera_to_base,49,left_wrist_camera_color_optical_frame,0.10560466483451957,0.062025820476034534,0.50770318948820392
7,left_wrist_camera_to_base,50,left_wrist_camera_color_optical_frame,0.13541696781201279,0.064537942675442828,0.50548602164760481
7,left_wrist_camera_to_base,51,left_wrist_camera_color_optical_frame,0.16522927078950606,0.067050064874851129,0.5032688538070057
7,left_wrist_camera_to_base,52,left_wrist_camera_color_optical_frame,0.19504157376699929,0.069562187074259402,0.50105168596640659
7,left_wrist_camera_to_base,53,left_wrist_camera_color_optical_frame,0.22485387674449259,0.072074309273667703,0.49883451812580748
7,left_wrist_camera_to_base,54,left_wrist_camera_color_optical_frame,0.2546661797219858,0.074586431473075976,0.49661735028520837
7,left_wrist_camera_to_base,55,left_wrist_camera_color_optical_frame,-0.046601132593639738,0.077299219244751943,0.50804745582388
7,left_wrist_camera_to_base,56,left_wrist_camera_color_optical_frame,-0.016788829616146486,0.079811341444160244,0.50583028798328089
7,left_wrist_camera_to_base,57,left_wrist_camera_color_optical_frame,0.013023473361346769,0.082323463643568517,0.50361312014268178
7,left_wrist_camera_to_base,58,left_wrist_camera_color_optical_frame,0.042835776338840031,0.084835585842976818,0.50139595230208267
7,left_wrist_camera_to_base,59,left_wrist_camera_color_optical_frame,0.072648079316333283,0.087347708042385092,0.4991787844614835
7,left_wrist_camera_to_base,60,left_wrist_camera_color_optical_frame,0.10246038229382652,0.089859830241793393,0.49696161662088439
7,left_wrist_camera_to_base,61,left_wrist_camera_color_optical_frame,0.13227268527131977,0.092371952441201666,0.49474444878028528
7,left_wrist_camera_to_base,62,left_wrist_camera_color_optical_frame,0.16208498824881304,0.094884074640609967,0.49252728093968617
7,left_wrist_camera_to_base,63,left_wrist_camera_color_optical_frame,0.19189729122630628,0.09739619684001824,0.49031011309908706
7,left_wrist_camera_to_base,64,left_wrist_camera_color_optical_frame,0.22170959420379954,0.099908319039426541,0.48809294525848795
7,left_wrist_camera_to_base,65,left_wrist_camera_color_optical_frame,0.25152189718129281,0.10242044123883481,0.48587577741788884
7,left_wrist_camera_to_base,66,left_wrist_camera_color_optical_frame,-0.049745415134332761,0.10513322901051078,0.49730588295656042
7,left_wrist_camera_to_base,67,left_wrist_camera_color_optical_frame,-0.019933112156839509,0.10764535120991908,0.49508871511596131
7,left_wrist_camera_to_base,68,left_wrist_camera_color_optical_frame,0.0098791908206537458,0.11015747340932736,0.4928715472753622
7,left_wrist_camera_to_base,69,left_wrist_camera_color_optical_frame,0.039691493798147001,0.11266959560873566,0.49065437943476309
7,left_wrist_camera_to_base,70,left_wrist_camera_color_optical_frame,0.069503796775640253,0.11518171780814393,0.48843721159416398
7,left_wrist_camera_to_base,71,left_wrist_camera_color_optical_frame,0.099316099753133505,0.11769384000755223,0.48622004375356487
7,left_wrist_camera_to_base,72,left_wrist_camera_color_optical_frame,0.12912840273062676,0.1202059622069605,0.48400287591296576
7,left_wrist_camera_to_base,73,left_wrist_camera_color_optical_frame,0.15894070570811999,0.1227180844063688,0.48178570807236665
7,left_wrist_camera_to_base,74,left_wrist_camera_color_optical_frame,0.18875300868561326,0.12523020660577708,0.47956854023176754
7,left_wrist_camera_to_base,75,left_wrist_camera_color_optical_frame,0.21856531166310653,0.12774232880518538,0.47735137239116843
7,left_wrist_camera_to_base,76,left_wrist_camera_color_optical_frame,0.24837761464059976,0.13025445100459365,0.47513420455056932
7,left_wrist_camera_to_base,77,left_wrist_camera_color_optical_frame,-0.052889697675025785,0.13296723877626962,0.48656431008924095
7,left_wrist_camera_to_base,78,left_wrist_camera_color_optical_frame,-0.023077394697532533,0.13547936097567792,0.48434714224864184
7,left_wrist_camera_to_base,79,left_wrist_camera_color_optical_frame,0.0067349082799607225,0.13799148317508619,0.48212997440804273
7,left_wrist_camera_to_base,80,left_wrist_camera_color_optical_frame,0.036547211257453985,0.14050360537449449,0.47991280656744362
7,left_wrist_camera_to_base,81,left_wrist_camera_color_optical_frame,0.066359514234947237,0.14301572757390277,0.47769563872684451
7,left_wrist_camera_to_base,82,left_wrist_camera_color_optical_frame,0.096171817212440489,0.14552784977331107,0.4754784708862454
7,left_wrist_camera_to_base,83,left_wrist_camera_color_optical_frame,0.12598412018993371,0.14803997197271934,0.47326130304564629
7,left_wrist_camera_to_base,84,left_wrist_camera_color_optical_frame,0.15579642316742698,0.15055209417212764,0.47104413520504712
7,left_wrist_camera_to_base,85,left_wrist_camera_color_optical_frame,0.18560872614492024,0.15306421637153592,0.46882696736444801
7,left_wrist_camera_to_base,86,left_wrist_camera_color_optical_frame,0.21542102912241351,0.15557633857094422,0.4666097995238489
7,left_wrist_camera_to_base,87,left_wrist_camera_color_optical_frame,0.24523333209990672,0.15808846077035249,0.46439263168324979
7,tag_to_base,0,checkerboard_link,0,0,0
7,tag_to_base,1,checkerboard_link,0.029999999999999999,0,0
7,tag_to_base,2,checkerboard_link,0.059999999999999998,0,0
7,tag_to_base,3,checkerboard_link,0.089999999999999997,0,0
7,tag_to_base,4,checkerboard_link,0.12,0,0
7,tag_to_base,5,checkerboard_link,0.14999999999999999,0,0
7,tag_to_base,6,checkerboard_link,0.17999999999999999,0,0
7,tag_to_base,7,checkerboard_link,0.20999999999999999,0,0
7,tag_to_base,8,checkerboard_link,0.23999999999999999,0,0
7,tag_to_base,9,checkerboard_link,0.27000000000000002,0,0
7,tag_to_base,10,checkerboard_link,0.29999999999999999,0,0
7,tag_to_base,11,checkerboard_link,0,0.029999999999999999,0
7,tag_to_base,12,checkerboard_link,0.029999999999999999,0.029999999999999999,0
7,tag_to_base,13,checkerboard_link,0.059999999999999998,0.029999999999999999,0
7,tag_to_base,14,checkerboard_link,0.089999999999999997,0.029999999999999999,0
7,tag_to_base,15,checkerboard_link,0.12,0.029999999999999999,0
7,tag_to_base,16,checkerboard_link,0.14999999999999999,0.029999999999999999,0
7,tag_to_base,17,checkerboard_link,0.17999999999999999,0.029999999999999999,0
7,tag_to_base,18,checkerboard_link,0.20999999999999999,0.029999999999999999,0
7,tag_to_base,19,checkerboard_link,0.23999999999999999,0.029999999999999999,0
7,tag_to_base,20,checkerboard_link,0.27000000000000002,0.029999999999999999,0
7,tag_to_base,21,checkerboard_link,0.29999999999999999,0.029999999999999999,0
7,tag_to_base,22,checkerboard_link,0,0.059999999999999998,0
7,tag_to_base,23,checkerboard_link,0.029999999999999999,0.059999999999999998,0
7,tag_to_base,24,checkerboard_link,0.059999999999999998,0.059999999999999998,0
7,tag_to_base,25,checkerboard_link,0.089999999999999997,0.059999999999999998,0
7,tag_to_base,26,checkerboard_link,0.12,0.059999999999999998,0
7,tag_to_base,27,checkerboard_link,0.14999999999999999,0.059999999999999998,0
7,tag_to_base,28,checkerboard_link,0.17999999999999999,0.059999999999999998,0
7,tag_to_base,29,checkerboard_link,0.20999999999999999,0.059999999999999998,0
7,tag_to_base,30,checkerboard_link,0.23999999999999999,0.059999999999999998,0
7,tag_to_base,31,checkerboard_link,0.27000000000000002,0.059999999999999998,0
7,tag_to_base,32,checkerboard_link,0.29999999999999999,0.059999999999999998,0
7,tag_to_base,33,checkerboard_link,0,0.089999999999999997,0
7,tag_to_base,34,checkerboard_link,0.029999999999999999,0.089999999999999997,0
7,tag_to_base,35,checkerboard_link,0.059999999999999998,0.089999999999999997,0
7,tag_to_base,36,checkerboard_link,0.089999999999999997,0.089999999999999997,0
7,tag_to_base,37,checkerboard_link,0.12,0.089999999999999997,0
7,tag_to_base,38,checkerboard_link,0.14999999999999999,0.089999999999999997,0
7,tag_to_base,39,checkerboard_link,0.17999999999999999,0.089999999999999997,0
7,tag_to_base,40,checkerboard_link,0.20999999999999999,0.089999999999999997,0
7,tag_to_base,41,checkerboard_link,0.23999999999999999,0.089999999999999997,0
7,tag_to_base,42,checkerboard_link,0.27000000000000002,0.089999999999999997,0
7,tag_to_base,43,checkerboard_link,0.29999999999999999,0.089999999999999997,0
7,tag_to_base,44,checkerboard_link,0,0.12,0
7,tag_to_base,45,checkerboard_link,0.029999999999999999,0.12,0
7,tag_to_base,46,checkerboard_link,0.059999999999999998,0.12,0
7,tag_to_base,47,checkerboard_link,0.089999999999999997,0.12,0
7,tag_to_base,48,checkerboard_link,0.12,0.12,0
7,tag_to_base,49,checkerboard_link,0.14999999999999999,0.12,0
7,tag_to_base,50,checkerboard_link,0.17999999999999999,0.12,0
7,tag_to_base,51,checkerboard_link,0.20999999999999999,0.12,0
7,tag_to_base,52,checkerboard_link,0.23999999999999999,0.12,0
7,tag_to_base,53,checkerboard_link,0.27000000000000002,0.12,0
7,tag_to_base,54,checkerboard_link,0.29999999999999999,0.12,0
7,tag_to_base,55,checkerboard_link,0,0.14999999999999999,0
7,tag_to_base,56,checkerboard_link,0.029999999999999999,0.14999999999999999,0
7,tag_to_base,57,checkerboard_link,0.059999999999999998,0.14999999999999999,0
7,tag_to_base,58,checkerboard_link,0.089999999999999997,0.14999999999999999,0
7,tag_to_base,59,checkerboard_link,0.12,0.14999999999999999,0
7,tag_to_base,60,checkerboard_link,0.14999999999999999,0.14999999999999999,0
7,tag_to_base,61,checkerboard_link,0.17999999999999999,0.14999999999999999,0
7,tag_to_base,62,checkerboard_link,0.20999999999999999,0.14999999999999999,0
7,tag_to_base,63,checkerboard_link,0.23999999999999999,0.14999999999999999,0
7,tag_to_base,64,checkerboard_link,0.27000000000000002,0.14999999999999999,0
7,tag_to_base,65,checkerboard_link,0.29999999999999999,0.14999999999999999,0
7,tag_to_base,66,checkerboard_link,0,0.17999999999999999,0
7,tag_to_base,67,checkerboard_link,0.029999999999999999,0.17999999999999999,0
7,tag_to_base,68,checkerboard_link,0.059999999999999998,0.17999999999999999,0
7,tag_to_base,69,checkerboard_link,0.089999999999999997,0.17999999999999999,0
7,tag_to_base,70,checkerboard_link,0.12,0.17999999999999999,0
7,tag_to_base,71,checkerboard_link,0.14999999999999999,0.17999999999999999,0
7,tag_to_base,72,checkerboard_link,0.17999999999999999,0.17999999999999999,0
7,tag_to_base,73,checkerboard_link,0.20999999999999999,0.17999999999999999,0
7,tag_to_base,74,checkerboard_link,0.23999999999999999,0.17999999999999999,0
7,tag_to_base,75,checkerboard_link,0.27000000000000002,0.17999999999999999,0
7,tag_to_base,76,checkerboard_link,0.29999999999999999,0.17999999999999999,0
7,tag_to_base,77,checkerboard_link,0,0.20999999999999999,0
7,tag_to_base,78,checkerboard_link,0.029999999999999999,0.20999999999999999,0
7,tag_to_base,79,checkerboard_link,0.059999999999999998,0.20999999999999999,0
7,tag_to_base,80,checkerboard_link,0.089999999999999997,0.20999999999999999,0
7,tag_to_base,81,checkerboard_link,0.12,0.20999999999999999,0
7,tag_to_base,82,checkerboard_link,0.14999999999999999,0.20999999999999999,0
7,tag_to_base,83,checkerboard_link,0.17999999999999999,0.20999999999999999,0
7,tag_to_base,84,checkerboard_link,0.20999999999999999,0.20999999999999999,0
7,tag_to_base,85,checkerboard_link,0.23999999999999999,0.20999999999999999,0
7,tag_to_base,86,checkerboard_link,0.27000000000000002,0.20999999999999999,0
7,tag_to_base,87,checkerboard_link,0.29999999999999999,0.20999999999999999,0
8,left_wrist_camera_to_base,0,left_wrist_camera_color_optical_frame,-0.12562891772506665,-0.10215001250587628,0.51575050139372081
8,left_wrist_camera_to_base,1,left_wrist_camera_color_optical_frame,-0.095874773553405138,-0.099360171752783305,0.51837875046570059
8,left_wrist_camera_to_base,2,left_wrist_camera_color_optical_frame,-0.066120629381743623,-0.09657033099969034,0.52100699953768026
8,left_wrist_camera_to_base,3,left_wrist_camera_color_optical_frame,-0.036366485210082095,-0.093780490246597362,0.52363524860966004
8,left_wrist_camera_to_base,4,left_wrist_camera_color_optical_frame,-0.00661234103842058,-0.090990649493504383,0.52626349768163982
8,left_wrist_camera_to_base,5,left_wrist_camera_color_optical_frame,0.023141803133240935,-0.088200808740411418,0.52889174675361961
8,left_wrist_camera_to_base,6,left_wrist_camera_color_optical_frame,0.052895947304902463,-0.08541096798731844,0.53151999582559928
8,left_wrist_camera_to_base,7,left_wrist_camera_color_optical_frame,0.082650091476563964,-0.082621127234225475,0.53414824489757906
8,left_wrist_camera_to_base,8,left_wrist_camera_color_optical_frame,0.11240423564822549,-0.079831286481132496,0.53677649396955884
8,left_wrist_camera_to_base,9,left_wrist_camera_color_optical_frame,0.14215837981988702,-0.077041445728039518,0.53940474304153863
8,left_wrist_camera_to_base,10,left_wrist_camera_color_optical_frame,0.17191252399154852,-0.074251604974946553,0.5420329921135183
8,left_wrist_camera_to_base,11,left_wrist_camera_color_optical_frame,-0.12781064951640023,-0.072908833998882289,0.50941066496737697
8,left_wrist_camera_to_base,12,left_wrist_camera_color_optical_frame,-0.098056505344738712,-0.07011899324578931,0.51203891403935675
8,left_wrist_camera_to_base,13,left_wrist_camera_color_optical_frame,-0.068302361173077197,-0.067329152492696331,0.51466716311133642
8,left_wrist_camera_to_base,14,left_wrist_camera_color_optical_frame,-0.038548217001415669,-0.064539311739603367,0.51729541218331621
8,left_wrist_camera_to_base,15,left_wrist_camera_color_optical_frame,-0.0087940728297541543,-0.061749470986510388,0.51992366125529599
8,left_wrist_camera_to_base,16,left_wrist_camera_color_optical_frame,0.02096007134190736,-0.058959630233417416,0.52255191032727577
8,left_wrist_camera_to_base,17,left_wrist_camera_color_optical_frame,0.050714215513568889,-0.056169789480324445,0.52518015939925544
8,left_wrist_camera_to_base,18,left_wrist_camera_color_optical_frame,0.08046835968523039,-0.053379948727231466,0.52780840847123522
8,left_wrist_camera_to_base,19,left_wrist_camera_color_optical_frame,0.11022250385689192,-0.050590107974138494,0.53043665754321501
8,left_wrist_camera_to_base,20,left_wrist_camera_color_optical_frame,0.13997664802855345,-0.047800267221045516,0.53306490661519479
8,left_wrist_camera_to_base,21,left_wrist_camera_color_optical_frame,0.16973079220021495,-0.045010426467952551,0.53569315568717446
8,left_wrist_camera_to_base,22,left_wrist_camera_color_optical_frame,-0.1299923813077338,-0.04366765549188828,0.50307082854103313
8,left_wrist_camera_to_base,23,left_wrist_camera_color_optical_frame,-0.10023823713607229,-0.040877814738795308,0.50569907761301292
8,left_wrist_camera_to_base,24,left_wrist_camera_color_optical_frame,-0.070484092964410772,-0.038087973985702336,0.50832732668499259
8,left_wrist_camera_to_base,25,left_wrist_camera_color_optical_frame,-0.040729948792749243,-0.035298133232609358,0.51095557575697237
8,left_wrist_camera_to_base,26,left_wrist_camera_color_optical_frame,-0.010975804621087729,-0.032508292479516393,0.51358382482895215
8,left_wrist_camera_to_base,27,left_wrist_camera_color_optical_frame,0.018778339550573786,-0.029718451726423414,0.51621207390093193
8,left_wrist_camera_to_base,28,left_wrist_camera_color_optical_frame,0.048532483722235314,-0.026928610973330436,0.51884032297291161
8,left_wrist_camera_to_base,29,left_wrist_camera_color_optical_frame,0.078286627893896815,-0.024138770220237471,0.52146857204489139
8,left_wrist_camera_to_base,30,left_wrist_camera_color_optical_frame,0.10804077206555834,-0.021348929467144492,0.52409682111687117
8,left_wrist_camera_to_base,31,left_wrist_camera_color_optical_frame,0.13779491623721987,-0.018559088714051514,0.52672507018885084
8,left_wrist_camera_to_base,32,left_wrist_camera_color_optical_frame,0.16754906040888137,-0.015769247960958549,0.52935331926083062
8,left_wrist_camera_to_base,33,left_wrist_camera_color_optical_frame,-0.13217411309906738,-0.014426476984894271,0.4967309921146893
8,left_wrist_camera_to_base,34,left_wrist_camera_color_optical_frame,-0.10241996892740586,-0.011636636231801292,0.49935924118666902
8,left_wrist_camera_to_base,35,left_wrist_camera_color_optical_frame,-0.072665824755744346,-0.0088467954787083275,0.50198749025864875
8,left_wrist_camera_to_base,36,left_wrist_camera_color_optical_frame,-0.042911680584082831,-0.0060569547256153489,0.50461573933062853
8,left_wrist_camera_to_base,37,left_wrist_camera_color_optical_frame,-0.013157536412421303,-0.0032671139725223841,0.50724398840260831
8,left_wrist_camera_to_base,38,left_wrist_camera_color_optical_frame,0.016596607759240212,-0.00047727321942940548,0.5098722374745881
8,left_wrist_camera_to_base,39,left_wrist_camera_color_optical_frame,0.04635075193090174,0.0023125675336635731,0.51250048654656777
8,left_wrist_camera_to_base,40,left_wrist_camera_color_optical_frame,0.076104896102563241,0.0051024082867565379,0.51512873561854755
8,left_wrist_camera_to_base,41,left_wrist_camera_color_optical_frame,0.10585904027422477,0.0078922490398495165,0.51775698469052733
8,left_wrist_camera_to_base,42,left_wrist_camera_color_optical_frame,0.1356131844458863,0.010682089792942495,0.520385233762507
8,left_wrist_camera_to_base,43,left_wrist_camera_color_optical_frame,0.1653673286175478,0.01347193054603546,0.52301348283448679
8,left_wrist_camera_to_base,44,left_wrist_camera_color_optical_frame,-0.13435584489040095,0.014814701522099724,0.49039115568834546
8,left_wrist_camera_to_base,45,left_wrist_camera_color_optical_frame,-0.10460170071873943,0.017604542275192703,0.49301940476032519
8,left_wrist_camera_to_base,46,left_wrist_camera_color_optical_frame,-0.07484755654707792,0.020394383028285668,0.49564765383230497
8,left_wrist_camera_to_base,47,left_wrist_camera_color_optical_frame,-0.045093412375416406,0.023184223781378646,0.4982759029042847
8,left_wrist_camera_to_base,48,left_wrist_camera_color_optical_frame,-0.015339268203754877,0.025974064534471611,0.50090415197626448
8,left_wrist_camera_to_base,49,left_wrist_camera_color_optical_frame,0.014414875967906637,0.028763905287564603,0.50353240104824415
8,left_wrist_camera_to_base,50,left_wrist_camera_color_optical_frame,0.044169020139568166,0.031553746040657568,0.50616065012022393
8,left_wrist_camera_to_base,51,left_wrist_camera_color_optical_frame,0.073923164311229667,0.034343586793750533,0.50878889919220371
8,left_wrist_camera_to_base,52,left_wrist_camera_color_optical_frame,0.1036773084828912,0.037133427546843498,0.5114171482641835
8,left_wrist_camera_to_base,53,left_wrist_camera_color_optical_frame,0.13343145265455272,0.03992326829993649,0.51404539733616317
8,left_wrist_camera_to_base,54,left_wrist_camera_color_optical_frame,0.16318559682621422,0.042713109053029455,0.51667364640814295
8,left_wrist_camera_to_base,55,left_wrist_camera_color_optical_frame,-0.13653757668173452,0.044055880029093733,0.48405131926200162
8,left_wrist_camera_to_base,56,left_wrist_camera_color_optical_frame,-0.10678343251007301,0.046845720782186698,0.48667956833398135
8,left_wrist_camera_to_base,57,left_wrist_camera_color_optical_frame,-0.077029288338411495,0.04963556153527969,0.48930781740596113
8,left_wrist_camera_to_base,58,left_wrist_camera_color_optical_frame,-0.04727514416674998,0.052425402288372655,0.49193606647794086
8,left_wrist_camera_to_base,59,left_wrist_camera_color_optical_frame,-0.017520999995088465,0.05521524304146562,0.49456431554992059
8,left_wrist_camera_to_base,60,left_wrist_camera_color_optical_frame,0.012233144176573063,0.058005083794558612,0.49719256462190037
8,left_wrist_camera_to_base,61,left_wrist_camera_color_optical_frame,0.041987288348234592,0.060794924547651577,0.49982081369388009
8,left_wrist_camera_to_base,62,left_wrist_camera_color_optical_frame,0.071741432519896092,0.063584765300744542,0.50244906276585988
8,left_wrist_camera_to_base,63,left_wrist_camera_color_optical_frame,0.10149557669155762,0.066374606053837507,0.50507731183783966
8,left_wrist_camera_to_base,64,left_wrist_camera_color_optical_frame,0.13124972086321915,0.069164446806930499,0.50770556090981933
8,left_wrist_camera_to_base,65,left_wrist_camera_color_optical_frame,0.16100386503488065,0.071954287560023464,0.51033380998179911
8,left_wrist_camera_to_base,66,left_wrist_camera_color_optical_frame,-0.1387193084730681,0.073297058536087742,0.47771148283565779
8,left_wrist_camera_to_base,67,left_wrist_camera_color_optical_frame,-0.1089651643014066,0.076086899289180707,0.48033973190763751
8,left_wrist_camera_to_base,68,left_wrist_camera_color_optical_frame,-0.079211020129745069,0.078876740042273699,0.48296798097961724
8,left_wrist_camera_to_base,69,left_wrist_camera_color_optical_frame,-0.049456875958083554,0.081666580795366664,0.48559623005159702
8,left_wrist_camera_to_base,70,left_wrist_camera_color_optical_frame,-0.01970273178642204,0.084456421548459629,0.48822447912357675
8,left_wrist_camera_to_base,71,left_wrist_camera_color_optical_frame,0.010051412385239489,0.087246262301552621,0.49085272819555653
8,left_wrist_camera_to_base,72,left_wrist_camera_color_optical_frame,0.039805556556900989,0.090036103054645586,0.49348097726753626
8,left_wrist_camera_to_base,73,left_wrist_camera_color_optical_frame,0.069559700728562518,0.092825943807738551,0.49610922633951604
8,left_wrist_camera_to_base,74,left_wrist_camera_color_optical_frame,0.099313844900224046,0.095615784560831515,0.49873747541149577
8,left_wrist_camera_to_base,75,left_wrist_camera_color_optical_frame,0.12906798907188557,0.098405625313924508,0.50136572448347549
8,left_wrist_camera_to_base,76,left_wrist_camera_color_optical_frame,0.15882213324354708,0.10119546606701747,0.50399397355545528
8,left_wrist_camera_to_base,77,left_wrist_camera_color_optical_frame,-0.14090104026440167,0.10253823704308172,0.47137164640931395
8,left_wrist_camera_to_base,78,left_wrist_camera_color_optical_frame,-0.11114689609274017,0.10532807779617469,0.47399989548129368
8,left_wrist_camera_to_base,79,left_wrist_camera_color_optical_frame,-0.081392751921078643,0.10811791854926768,0.4766281445532734
8,left_wrist_camera_to_base,80,left_wrist_camera_color_optical_frame,-0.051638607749417129,0.11090775930236065,0.47925639362525319
8,left_wrist_camera_to_base,81,left_wrist_camera_color_optical_frame,-0.021884463577755614,0.11369760005545361,0.48188464269723291
8,left_wrist_camera_to_base,82,left_wrist_camera_color_optical_frame,0.0078696805939059145,0.1164874408085466,0.48451289176921269
8,left_wrist_camera_to_base,83,left_wrist_camera_color_optical_frame,0.037623824765567415,0.11927728156163957,0.48714114084119242
8,left_wrist_camera_to_base,84,left_wrist_camera_color_optical_frame,0.067377968937228944,0.12206712231473253,0.4897693899131722
8,left_wrist_camera_to_base,85,left_wrist_camera_color_optical_frame,0.097132113108890472,0.1248569630678255,0.49239763898515193
8,left_wrist_camera_to_base,86,left_wrist_camera_color_optical_frame,0.126886257280552,0.12764680382091848,0.49502588805713171
8,left_wrist_camera_to_base,87,left_wrist_camera_color_optical_frame,0.1566404014522135,0.13043664457401144,0.49765413712911144
8,tag_to_base,0,checkerboard_link,0,0,0
8,tag_to_base,1,checkerboard_link,0.029999999999999999,0,0
8,tag_to_base,2,checkerboard_link,0.059999999999999998,0,0
8,tag_to_base,3,checkerboard_link,0.089999999999999997,0,0
8,tag_to_base,4,checkerboard_link,0.12,0,0
8,tag_to_base,5,checkerboard_link,0.14999999999999999,0,0
8,tag_to_base,6,checkerboard_link,0.17999999999999999,0,0
8,tag_to_base,7,checkerboard_link,0.20999999999999999,0,0
8,tag_to_base,8,checkerboard_link,0.23999999999999999,0,0
8,tag_to_base,9,checkerboard_link,0.27000000000000002,0,0
8,tag_to_base,10,checkerboard_link,0.29999999999999999,0,0
8,tag_to_base,11,checkerboard_link,0,0.029999999999999999,0
8,tag_to_base,12,checkerboard_link,0.029999999999999999,0.029999999999999999,0
8,tag_to_base,13,checkerboard_link,0.059999999999999998,0.029999999999999999,0
8,tag_to_base,14,checkerboard_link,0.089999999999999997,0.029999999999999999,0
8,tag_to_base,15,checkerboard_link,0.12,0.029999999999999999,0
8,tag_to_base,16,checkerboard_link,0.14999999999999999,0.029999999999999999,0
8,tag_to_base,17,checkerboard_link,0.17999999999999999,0.029999999999999999,0
8,tag_to_base,18,checkerboard_link,0.20999999999999999,0.029999999999999999,0
8,tag_to_base,19,checkerboard_link,0.23999999999999999,0.029999999999999999,0
8,tag_to_base,20,checkerboard_link,0.27000000000000002,0.029999999999999999,0
8,tag_to_base,21,checkerboard_link,0.29999999999999999,0.029999999999999999,0
8,tag_to_base,22,checkerboard_link,0,0.059999999999999998,0
8,tag_to_base,23,checkerboard_link,0.029999999999999999,0.059999999999999998,0
8,tag_to_base,24,checkerboard_link,0.059999999999999998,0.059999999999999998,0
8,tag_to_base,25,checkerboard_link,0.089999999999999997,0.059999999999999998,0
8,tag_to_base,26,checkerboard_link,0.12,0.059999999999999998,0
8,tag_to_base,27,checkerboard_link,0.14999999999999999,0.059999999999999998,0
8,tag_to_base,28,checkerboard_link,0.17999999999999999,0.059999999999999998,0
8,tag_to_base,29,checkerboard_link,0.20999999999999999,0.059999999999999998,0
8,tag_to_base,30,checkerboard_link,0.23999999999999999,0.059999999999999998,0
8,tag_to_base,31,checkerboard_link,0.27000000000000002,0.059999999999999998,0
8,tag_to_base,32,checkerboard_link,0.29999999999999999,0.059999999999999998,0
8,tag_to_base,33,checkerboard_link,0,0.089999999999999997,0
8,tag_to_base,34,checkerboard_link,0.029999999999999999,0.089999999999999997,0
8,tag_to_base,35,checkerboard_link,0.059999999999999998,0.089999999999999997,0
8,tag_to_base,36,checkerboard_link,0.089999999999999997,0.089999999999999997,0
8,tag_to_base,37,checkerboard_link,0.12,0.089999999999999997,0
8,tag_to_base,38,checkerboard_link,0.14999999999999999,0.089999999999999997,0
8,tag_to_base,39,checkerboard_link,0.17999999999999999,0.089999999999999997,0
8,tag_to_base,40,checkerboard_link,0.20999999999999999,0.089999999999999997,0
8,tag_to_base,41,checkerboard_link,0.23999999999999999,0.089999999999999997,0
8,tag_to_base,42,checkerboard_link,0.27000000000000002,0.089999999999999997,0
8,tag_to_base,43,checkerboard_link,0.29999999999999999,0.089999999999999997,0
8,tag_to_base,44,checkerboard_link,0,0.12,0
8,tag_to_base,45,checkerboard_link,0.029999999999999999,0.12,0
8,tag_to_base,46,checkerboard_link,0.059999999999999998,0.12,0
8,tag_to_base,47,checkerboard_link,0.089999999999999997,0.12,0
8,tag_to_base,48,checkerboard_link,0.12,0.12,0
8,tag_to_base,49,checkerboard_link,0.14999999999999999,0.12,0
8,tag_to_base,50,checkerboard_link,0.17999999999999999,0.12,0
8,tag_to_base,51,checkerboard_link,0.20999999999999999,0.12,0
8,tag_to_base,52,checkerboard_link,0.23999999999999999,0.12,0
8,tag_to_base,53,checkerboard_link,0.27000000000000002,0.12,0
8,tag_to_base,54,checkerboard_link,0.29999999999999999,0.12,0
8,tag_to_base,55,checkerboard_link,0,0.14999999999999999,0
8,tag_to_base,56,checkerboard_link,0.029999999999999999,0.14999999999999999,0
8,tag_to_base,57,checkerboard_link,0.059999999999999998,0.14999999999999999,0
8,tag_to_base,58,checkerboard_link,0.089999999999999997,0.14999999999999999,0
8,tag_to_base,59,checkerboard_link,0.12,0.14999999999999999,0
8,tag_to_base,60,checkerboard_link,0.14999999999999999,0.14999999999999999,0
8,tag_to_base,61,checkerboard_link,0.17999999999999999,0.14999999999999999,0
8,tag_to_base,62,checkerboard_link,0.20999999999999999,0.14999999999999999,0
8,tag_to_base,63,checkerboard_link,0.23999999999999999,0.14999999999999999,0
8,tag_to_base,64,checkerboard_link,0.27000000000000002,0.14999999999999999,0
8,tag_to_base,65,checkerboard_link,0.29999999999999999,0.14999999999999999,0
8,tag_to_base,66,checkerboard_link,0,0.17999999999999999,0
8,tag_to_base,67,checkerboard_link,0.029999999999999999,0.17999999999999999,0
8,tag_to_base,68,checkerboard_link,0.059999999999999998,0.17999999999999999,0
8,tag_to_base,69,checkerboard_link,0.089999999999999997,0.17999999999999999,0
8,tag_to_base,70,checkerboard_link,0.12,0.17999999999999999,0
8,tag_to_base,71,checkerboard_link,0.14999999999999999,0.17999999999999999,0
8,tag_to_base,72,checkerboard_link,0.17999999999999999,0.17999999999999999,0
8,tag_to_base,73,checkerboard_link,0.20999999999999999,0.17999999999999999,0
8,tag_to_base,74,checkerboard_link,0.23999999999999999,0.17999999999999999,0
8,tag_to_base,75,checkerboard_link,0.27000000000000002,0.17999999999999999,0
8,tag_to_base,76,checkerboard_link,0.29999999999999999,0.17999999999999999,0
8,tag_to_base,77,checkerboard_link,0,0.20999999999999999,0
8,tag_to_base,78,checkerboard_link,0.029999999999999999,0.20999999999999999,0
8,tag_to_base,79,checkerboard_link,0.059999999999999998,0.20999999999999999,0
8,tag_to_base,80,checkerboard_link,0.089999999999999997,0.20999999999999999,0
8,tag_to_base,81,checkerboard_link,0.12,0.20999999999999999,0
8,tag_to_base,82,checkerboard_link,0.14999999999999999,0.20999999999999999,0
8,tag_to_base,83,checkerboard_link,0.17999999999999999,0.20999999999999999,0
8,tag_to_base,84,checkerboard_link,0.20999999999999999,0.20999999999999999,0
8,tag_to_base,85,checkerboard_link,0.23999999999999999,0.20999999999999999,0
8,tag_to_base,86,checkerboard_link,0.27000000000000002,0.20999999999999999,0
8,tag_to_base,87,checkerboard_link,0.29999999999999999,0.20999999999999999,0
