0000023345: Error: System overload: Cycle time too short or huge jitter!
0000023345: SendCycFramesByEntry(0): wFramesMonitoringProcCnt (0) < wFramesMonitoringSndCnt (1)
0000023345: Notify EC_NOTIFY_FRAME_RESPONSE_ERROR(No response error for cyclic frame IDX=0xf, CycFrameNum=0, TaskId=0)
0000023345: Notify EC_NOTIFY_CYCCMD_WKC_ERROR(11, 0x10000000, 2, 15)
0000023345: Notify EC_NOTIFY_CYCCMD_WKC_ERROR(10, 0x10000800, 2, 15)
0000023347: Error: System overload: Cycle time too short or huge jitter!
0000023347: SendCycFramesByEntry(0): wFramesMonitoringProcCnt (0) < wFramesMonitoringSndCnt (1)
0000023347: Notify EC_NOTIFY_FRAME_RESPONSE_ERROR(No response error for cyclic frame IDX=0x13, CycFrameNum=0, TaskId=0)
0000023347: Error: System overload: Cycle time too short or huge jitter!
0000023347: SendCycFramesByEntry(0): wFramesMonitoringProcCnt (0) < wFramesMonitoringSndCnt (1)
0000023347: Notify EC_NOTIFY_FRAME_RESPONSE_ERROR(No response error for cyclic frame IDX=0x14, CycFrameNum=0, TaskId=0)
0000023348: Notify EC_NOTIFY_CYCCMD_WKC_ERROR(11, 0x10000000, 2, 15)
0000023348: Notify EC_NOTIFY_CYCCMD_WKC_ERROR(10, 0x10000800, 2, 15)
0000023348: Notify EC_NOTIFY_CYCCMD_WKC_ERROR(11, 0x10000000, 2, 15)
0000023348: Notify EC_NOTIFY_CYCCMD_WKC_ERROR(10, 0x10000800, 2, 15)
0000023349: Error: System overload: Cycle time too short or huge jitter!
0000023349: SendCycFramesByEntry(0): wFramesMonitoringProcCnt (0) < wFramesMonitoringSndCnt (1)
0000023349: Notify EC_NOTIFY_FRAME_RESPONSE_ERROR(No response error for cyclic frame IDX=0x17, CycFrameNum=0, TaskId=0)
0000023349: Notify EC_NOTIFY_CYCCMD_WKC_ERROR(11, 0x10000000, 2, 15)
0000023349: Notify EC_NOTIFY_CYCCMD_WKC_ERROR(10, 0x10000800, 2, 15)
0000023350: Error: System overload: Cycle time too short or huge jitter!
0000023350: SendCycFramesByEntry(0): wFramesMonitoringProcCnt (0) < wFramesMonitoringSndCnt (1)
0000023350: Notify EC_NOTIFY_FRAME_RESPONSE_ERROR(No response error for cyclic frame IDX=0x19, CycFrameNum=0, TaskId=0)
0000023350: Error: System overload: Cycle time too short or huge jitter!
0000023350: SendCycFramesByEntry(0): wFramesMonitoringProcCnt (0) < wFramesMonitoringSndCnt (1)
0000023350: Notify EC_NOTIFY_FRAME_RESPONSE_ERROR(No response error for cyclic frame IDX=0x1a, CycFrameNum=0, TaskId=0)
0000023351: Error: System overload: Cycle time too short or huge jitter!
0000023351: SendCycFramesByEntry(0): wFramesMonitoringProcCnt (0) < wFramesMonitoringSndCnt (1)
0000023351: Notify EC_NOTIFY_FRAME_RESPONSE_ERROR(No response error for cyclic frame IDX=0x1b, CycFrameNum=0, TaskId=0)
0000023351: Notify EC_NOTIFY_CYCCMD_WKC_ERROR(11, 0x10000000, 2, 15)
0000023351: Notify EC_NOTIFY_CYCCMD_WKC_ERROR(10, 0x10000800, 2, 15)
0000023351: Notify EC_NOTIFY_CYCCMD_WKC_ERROR(11, 0x10000000, 2, 15)
0000023351: Notify EC_NOTIFY_CYCCMD_WKC_ERROR(10, 0x10000800, 2, 15)
0000023351: Notify EC_NOTIFY_CYCCMD_WKC_ERROR(11, 0x10000000, 2, 15)
0000023351: Notify EC_NOTIFY_CYCCMD_WKC_ERROR(10, 0x10000800, 2, 15)
0000023352: Error: System overload: Cycle time too short or huge jitter!
0000023352: SendCycFramesByEntry(0): wFramesMonitoringProcCnt (0) < wFramesMonitoringSndCnt (1)
0000023352: Notify EC_NOTIFY_FRAME_RESPONSE_ERROR(No response error for cyclic frame IDX=0x1e, CycFrameNum=0, TaskId=0)
0000023353: Notify EC_NOTIFY_CYCCMD_WKC_ERROR(11, 0x10000000, 2, 15)
0000023353: Notify EC_NOTIFY_CYCCMD_WKC_ERROR(10, 0x10000800, 2, 15)
0000023353: Error: System overload: Cycle time too short or huge jitter!
0000023353: SendCycFramesByEntry(0): wFramesMonitoringProcCnt (0) < wFramesMonitoringSndCnt (1)
0000023353: Notify EC_NOTIFY_FRAME_RESPONSE_ERROR(No response error for cyclic frame IDX=0x20, CycFrameNum=0, TaskId=0)
0000023354: Notify EC_NOTIFY_CYCCMD_WKC_ERROR(11, 0x10000000, 2, 15)
0000023354: Notify EC_NOTIFY_CYCCMD_WKC_ERROR(10, 0x10000800, 2, 15)
0000023355: Error: System overload: Cycle time too short or huge jitter!
0000023355: SendCycFramesByEntry(0): wFramesMonitoringProcCnt (0) < wFramesMonitoringSndCnt (1)
0000023355: Notify EC_NOTIFY_FRAME_RESPONSE_ERROR(No response error for cyclic frame IDX=0x23, CycFrameNum=0, TaskId=0)
0000023355: Notify EC_NOTIFY_CYCCMD_WKC_ERROR(11, 0x10000000, 2, 15)
0000023355: Notify EC_NOTIFY_CYCCMD_WKC_ERROR(10, 0x10000800, 2, 15)
0000023356: Error: System overload: Cycle time too short or huge jitter!
0000023356: SendCycFramesByEntry(0): wFramesMonitoringProcCnt (0) < wFramesMonitoringSndCnt (1)
0000023356: Notify EC_NOTIFY_FRAME_RESPONSE_ERROR(No response error for cyclic frame IDX=0x25, CycFrameNum=0, TaskId=0)
0000023356: Notify EC_NOTIFY_CYCCMD_WKC_ERROR(11, 0x10000000, 2, 15)
0000023356: Notify EC_NOTIFY_CYCCMD_WKC_ERROR(10, 0x10000800, 2, 15)
0000023357: Error: System overload: Cycle time too short or huge jitter!
0000023357: SendCycFramesByEntry(0): wFramesMonitoringProcCnt (0) < wFramesMonitoringSndCnt (1)
0000023357: Notify EC_NOTIFY_FRAME_RESPONSE_ERROR(No response error for cyclic frame IDX=0x28, CycFrameNum=0, TaskId=0)
0000023358: Notify EC_NOTIFY_CYCCMD_WKC_ERROR(11, 0x10000000, 2, 15)
0000023358: Notify EC_NOTIFY_CYCCMD_WKC_ERROR(10, 0x10000800, 2, 15)
0000023358: Error: System overload: Cycle time too short or huge jitter!
0000023358: SendCycFramesByEntry(0): wFramesMonitoringProcCnt (0) < wFramesMonitoringSndCnt (1)
0000023358: Notify EC_NOTIFY_FRAME_RESPONSE_ERROR(No response error for cyclic frame IDX=0x2a, CycFrameNum=0, TaskId=0)
0000023359: Notify EC_NOTIFY_CYCCMD_WKC_ERROR(11, 0x10000000, 2, 15)
0000023359: Notify EC_NOTIFY_CYCCMD_WKC_ERROR(10, 0x10000800, 2, 15)
0000023359: Error: System overload: Cycle time too short or huge jitter!
0000023359: SendCycFramesByEntry(0): wFramesMonitoringProcCnt (0) < wFramesMonitoringSndCnt (1)
0000023359: Notify EC_NOTIFY_FRAME_RESPONSE_ERROR(No response error for cyclic frame IDX=0x2c, CycFrameNum=0, TaskId=0)
0000023360: Error: System overload: Cycle time too short or huge jitter!
0000023360: SendCycFramesByEntry(0): wFramesMonitoringProcCnt (0) < wFramesMonitoringSndCnt (1)
0000023360: Notify EC_NOTIFY_FRAME_RESPONSE_ERROR(No response error for cyclic frame IDX=0x2d, CycFrameNum=0, TaskId=0)
0000023360: Notify EC_NOTIFY_CYCCMD_WKC_ERROR(11, 0x10000000, 2, 15)
0000023360: Notify EC_NOTIFY_CYCCMD_WKC_ERROR(10, 0x10000800, 2, 15)
0000023360: Notify EC_NOTIFY_CYCCMD_WKC_ERROR(11, 0x10000000, 2, 15)
0000023360: Notify EC_NOTIFY_CYCCMD_WKC_ERROR(10, 0x10000800, 2, 15)
0000023361: Error: System overload: Cycle time too short or huge jitter!
0000023361: SendCycFramesByEntry(0): wFramesMonitoringProcCnt (0) < wFramesMonitoringSndCnt (1)
0000023361: Notify EC_NOTIFY_FRAME_RESPONSE_ERROR(No response error for cyclic frame IDX=0x2f, CycFrameNum=0, TaskId=0)
0000023361: Notify EC_NOTIFY_CYCCMD_WKC_ERROR(11, 0x10000000, 2, 15)
0000023361: Notify EC_NOTIFY_CYCCMD_WKC_ERROR(10, 0x10000800, 2, 15)
0000023362: Error: System overload: Cycle time too short or huge jitter!
0000023362: SendCycFramesByEntry(0): wFramesMonitoringProcCnt (0) < wFramesMonitoringSndCnt (1)
0000023362: Notify EC_NOTIFY_FRAME_RESPONSE_ERROR(No response error for cyclic frame IDX=0x31, CycFrameNum=0, TaskId=0)
0000023362: Error: System overload: Cycle time too short or huge jitter!
0000023362: SendCycFramesByEntry(0): wFramesMonitoringProcCnt (0) < wFramesMonitoringSndCnt (1)
0000023362: Notify EC_NOTIFY_FRAME_RESPONSE_ERROR(No response error for cyclic frame IDX=0x32, CycFrameNum=0, TaskId=0)
0000023363: Notify EC_NOTIFY_CYCCMD_WKC_ERROR(11, 0x10000000, 2, 15)
0000023363: Notify EC_NOTIFY_CYCCMD_WKC_ERROR(10, 0x10000800, 2, 15)
0000023363: Notify EC_NOTIFY_CYCCMD_WKC_ERROR(11, 0x10000000, 2, 15)
0000023363: Notify EC_NOTIFY_CYCCMD_WKC_ERROR(10, 0x10000800, 2, 15)
0000023363: Error: System overload: Cycle time too short or huge jitter!
0000023363: SendCycFramesByEntry(0): wFramesMonitoringProcCnt (0) < wFramesMonitoringSndCnt (1)
0000023363: Notify EC_NOTIFY_FRAME_RESPONSE_ERROR(No response error for cyclic frame IDX=0x34, CycFrameNum=0, TaskId=0)
0000023364: Notify EC_NOTIFY_CYCCMD_WKC_ERROR(11, 0x10000000, 2, 15)
0000023364: Notify EC_NOTIFY_CYCCMD_WKC_ERROR(10, 0x10000800, 2, 15)
0000023366: Error: System overload: Cycle time too short or huge jitter!
0000023366: SendCycFramesByEntry(0): wFramesMonitoringProcCnt (0) < wFramesMonitoringSndCnt (1)
0000023366: Notify EC_NOTIFY_FRAME_RESPONSE_ERROR(No response error for cyclic frame IDX=0x39, CycFrameNum=0, TaskId=0)
0000023366: Notify EC_NOTIFY_CYCCMD_WKC_ERROR(11, 0x10000000, 2, 15)
0000023366: Notify EC_NOTIFY_CYCCMD_WKC_ERROR(10, 0x10000800, 2, 15)
0000023367: Error: System overload: Cycle time too short or huge jitter!
0000023367: SendCycFramesByEntry(0): wFramesMonitoringProcCnt (0) < wFramesMonitoringSndCnt (1)
0000023367: Notify EC_NOTIFY_FRAME_RESPONSE_ERROR(No response error for cyclic frame IDX=0x3c, CycFrameNum=0, TaskId=0)
0000023368: Notify EC_NOTIFY_CYCCMD_WKC_ERROR(11, 0x10000000, 2, 15)
0000023368: Notify EC_NOTIFY_CYCCMD_WKC_ERROR(10, 0x10000800, 2, 15)
0000023368: Error: System overload: Cycle time too short or huge jitter!
0000023368: SendCycFramesByEntry(0): wFramesMonitoringProcCnt (0) < wFramesMonitoringSndCnt (1)
0000023368: Notify EC_NOTIFY_FRAME_RESPONSE_ERROR(No response error for cyclic frame IDX=0x3e, CycFrameNum=0, TaskId=0)
0000023369: Notify EC_NOTIFY_CYCCMD_WKC_ERROR(11, 0x10000000, 2, 15)
0000023369: Notify EC_NOTIFY_CYCCMD_WKC_ERROR(10, 0x10000800, 2, 15)
0000023369: Error: System overload: Cycle time too short or huge jitter!
0000023369: SendCycFramesByEntry(0): wFramesMonitoringProcCnt (0) < wFramesMonitoringSndCnt (1)
0000023369: Notify EC_NOTIFY_FRAME_RESPONSE_ERROR(No response error for cyclic frame IDX=0x40, CycFrameNum=0, TaskId=0)
0000023370: Notify EC_NOTIFY_CYCCMD_WKC_ERROR(11, 0x10000000, 2, 15)
0000023370: Notify EC_NOTIFY_CYCCMD_WKC_ERROR(10, 0x10000800, 2, 15)
0000023370: Error: System overload: Cycle time too short or huge jitter!
0000023370: SendCycFramesByEntry(0): wFramesMonitoringProcCnt (0) < wFramesMonitoringSndCnt (1)
0000023370: Notify EC_NOTIFY_FRAME_RESPONSE_ERROR(No response error for cyclic frame IDX=0x42, CycFrameNum=0, TaskId=0)
0000023371: Error: System overload: Cycle time too short or huge jitter!
0000023371: SendCycFramesByEntry(0): wFramesMonitoringProcCnt (0) < wFramesMonitoringSndCnt (1)
0000023371: Notify EC_NOTIFY_FRAME_RESPONSE_ERROR(No response error for cyclic frame IDX=0x43, CycFrameNum=0, TaskId=0)
0000023371: Notify EC_NOTIFY_CYCCMD_WKC_ERROR(11, 0x10000000, 2, 15)
0000023371: Notify EC_NOTIFY_CYCCMD_WKC_ERROR(10, 0x10000800, 2, 15)
0000023371: Notify EC_NOTIFY_CYCCMD_WKC_ERROR(11, 0x10000000, 2, 15)
0000023371: Notify EC_NOTIFY_CYCCMD_WKC_ERROR(10, 0x10000800, 2, 15)
0000023373: Error: System overload: Cycle time too short or huge jitter!
0000023373: SendCycFramesByEntry(0): wFramesMonitoringProcCnt (0) < wFramesMonitoringSndCnt (1)
0000023373: Notify EC_NOTIFY_FRAME_RESPONSE_ERROR(No response error for cyclic frame IDX=0x47, CycFrameNum=0, TaskId=0)
0000023373: Notify EC_NOTIFY_CYCCMD_WKC_ERROR(11, 0x10000000, 2, 15)
0000023373: Notify EC_NOTIFY_CYCCMD_WKC_ERROR(10, 0x10000800, 2, 15)
0000023374: Error: System overload: Cycle time too short or huge jitter!
0000023374: SendCycFramesByEntry(0): wFramesMonitoringProcCnt (0) < wFramesMonitoringSndCnt (1)
0000023374: Notify EC_NOTIFY_FRAME_RESPONSE_ERROR(No response error for cyclic frame IDX=0x4a, CycFrameNum=0, TaskId=0)
0000023375: Notify EC_NOTIFY_CYCCMD_WKC_ERROR(11, 0x10000000, 2, 15)
0000023375: Notify EC_NOTIFY_CYCCMD_WKC_ERROR(10, 0x10000800, 2, 15)
0000023375: Notify EC_NOTIFY_CYCCMD_WKC_ERROR(11, 0x10000000, 2, 15)
0000023375: Notify EC_NOTIFY_CYCCMD_WKC_ERROR(10, 0x10000800, 2, 15)
0000023376: Error: System overload: Cycle time too short or huge jitter!
0000023376: SendCycFramesByEntry(0): wFramesMonitoringProcCnt (0) < wFramesMonitoringSndCnt (1)
0000023376: Notify EC_NOTIFY_FRAME_RESPONSE_ERROR(No response error for cyclic frame IDX=0x4d, CycFrameNum=0, TaskId=0)
0000023376: Error: System overload: Cycle time too short or huge jitter!
0000023376: SendCycFramesByEntry(0): wFramesMonitoringProcCnt (0) < wFramesMonitoringSndCnt (1)
0000023376: Notify EC_NOTIFY_FRAME_RESPONSE_ERROR(No response error for cyclic frame IDX=0x4e, CycFrameNum=0, TaskId=0)
0000023377: Notify EC_NOTIFY_CYCCMD_WKC_ERROR(11, 0x10000000, 2, 15)
0000023377: Notify EC_NOTIFY_CYCCMD_WKC_ERROR(10, 0x10000800, 2, 15)
0000023377: Notify EC_NOTIFY_CYCCMD_WKC_ERROR(11, 0x10000000, 2, 15)
0000023377: Notify EC_NOTIFY_CYCCMD_WKC_ERROR(10, 0x10000800, 2, 15)
0000023378: Error: System overload: Cycle time too short or huge jitter!
0000023378: SendCycFramesByEntry(0): wFramesMonitoringProcCnt (0) < wFramesMonitoringSndCnt (1)
0000023378: Notify EC_NOTIFY_FRAME_RESPONSE_ERROR(No response error for cyclic frame IDX=0x51, CycFrameNum=0, TaskId=0)
0000023378: Notify EC_NOTIFY_CYCCMD_WKC_ERROR(11, 0x10000000, 2, 15)
0000023378: Notify EC_NOTIFY_CYCCMD_WKC_ERROR(10, 0x10000800, 2, 15)
0000023383: Error: System overload: Cycle time too short or huge jitter!
0000023383: SendCycFramesByEntry(0): wFramesMonitoringProcCnt (0) < wFramesMonitoringSndCnt (1)
0000023383: Notify EC_NOTIFY_FRAME_RESPONSE_ERROR(No response error for cyclic frame IDX=0x5b, CycFrameNum=0, TaskId=0)
0000023383: Notify EC_NOTIFY_CYCCMD_WKC_ERROR(11, 0x10000000, 2, 15)
0000023383: Notify EC_NOTIFY_CYCCMD_WKC_ERROR(10, 0x10000800, 2, 15)
0000023386: Error: System overload: Cycle time too short or huge jitter!
0000023386: SendCycFramesByEntry(0): wFramesMonitoringProcCnt (0) < wFramesMonitoringSndCnt (1)
0000023386: Notify EC_NOTIFY_FRAME_RESPONSE_ERROR(No response error for cyclic frame IDX=0x62, CycFrameNum=0, TaskId=0)
0000023387: Notify EC_NOTIFY_CYCCMD_WKC_ERROR(11, 0x10000000, 2, 15)
0000023387: Notify EC_NOTIFY_CYCCMD_WKC_ERROR(10, 0x10000800, 2, 15)
0000023389: Error: System overload: Cycle time too short or huge jitter!
0000023389: SendCycFramesByEntry(0): wFramesMonitoringProcCnt (0) < wFramesMonitoringSndCnt (1)
0000023389: Notify EC_NOTIFY_FRAME_RESPONSE_ERROR(No response error for cyclic frame IDX=0x67, CycFrameNum=0, TaskId=0)
0000023389: Notify EC_NOTIFY_CYCCMD_WKC_ERROR(11, 0x10000000, 2, 15)
0000023389: Notify EC_NOTIFY_CYCCMD_WKC_ERROR(10, 0x10000800, 2, 15)
0000023391: Error: System overload: Cycle time too short or huge jitter!
0000023391: SendCycFramesByEntry(0): wFramesMonitoringProcCnt (0) < wFramesMonitoringSndCnt (1)
0000023391: Notify EC_NOTIFY_FRAME_RESPONSE_ERROR(No response error for cyclic frame IDX=0x6b, CycFrameNum=0, TaskId=0)
0000023391: Notify EC_NOTIFY_CYCCMD_WKC_ERROR(11, 0x10000000, 2, 15)
0000023391: Notify EC_NOTIFY_CYCCMD_WKC_ERROR(10, 0x10000800, 2, 15)
0000023393: Error: System overload: Cycle time too short or huge jitter!
0000023393: SendCycFramesByEntry(0): wFramesMonitoringProcCnt (0) < wFramesMonitoringSndCnt (1)
0000023393: Notify EC_NOTIFY_FRAME_RESPONSE_ERROR(No response error for cyclic frame IDX=0x70, CycFrameNum=0, TaskId=0)
0000023394: Notify EC_NOTIFY_CYCCMD_WKC_ERROR(11, 0x10000000, 2, 15)
0000023394: Notify EC_NOTIFY_CYCCMD_WKC_ERROR(10, 0x10000800, 2, 15)
0000023395: Error: System overload: Cycle time too short or huge jitter!
0000023395: SendCycFramesByEntry(0): wFramesMonitoringProcCnt (0) < wFramesMonitoringSndCnt (1)
0000023395: Notify EC_NOTIFY_FRAME_RESPONSE_ERROR(No response error for cyclic frame IDX=0x73, CycFrameNum=0, TaskId=0)
0000023395: Notify EC_NOTIFY_CYCCMD_WKC_ERROR(11, 0x10000000, 2, 15)
0000023395: Notify EC_NOTIFY_CYCCMD_WKC_ERROR(10, 0x10000800, 2, 15)
0000023396: Error: System overload: Cycle time too short or huge jitter!
0000023396: SendCycFramesByEntry(0): wFramesMonitoringProcCnt (0) < wFramesMonitoringSndCnt (1)
0000023396: Notify EC_NOTIFY_FRAME_RESPONSE_ERROR(No response error for cyclic frame IDX=0x76, CycFrameNum=0, TaskId=0)
0000023397: Notify EC_NOTIFY_CYCCMD_WKC_ERROR(11, 0x10000000, 2, 15)
0000023397: Notify EC_NOTIFY_CYCCMD_WKC_ERROR(10, 0x10000800, 2, 15)
0000023398: Error: System overload: Cycle time too short or huge jitter!
0000023398: SendCycFramesByEntry(0): wFramesMonitoringProcCnt (0) < wFramesMonitoringSndCnt (1)
0000023398: Notify EC_NOTIFY_FRAME_RESPONSE_ERROR(No response error for cyclic frame IDX=0x7a, CycFrameNum=0, TaskId=0)
0000023399: Notify EC_NOTIFY_CYCCMD_WKC_ERROR(11, 0x10000000, 2, 15)
0000023399: Notify EC_NOTIFY_CYCCMD_WKC_ERROR(10, 0x10000800, 2, 15)
0000023399: Error: System overload: Cycle time too short or huge jitter!
0000023399: SendCycFramesByEntry(0): wFramesMonitoringProcCnt (0) < wFramesMonitoringSndCnt (1)
0000023399: Notify EC_NOTIFY_FRAME_RESPONSE_ERROR(No response error for cyclic frame IDX=0x7c, CycFrameNum=0, TaskId=0)
0000023400: Error: System overload: Cycle time too short or huge jitter!
0000023400: SendCycFramesByEntry(0): wFramesMonitoringProcCnt (0) < wFramesMonitoringSndCnt (1)
0000023400: Notify EC_NOTIFY_FRAME_RESPONSE_ERROR(No response error for cyclic frame IDX=0x7d, CycFrameNum=0, TaskId=0)
0000023400: Notify EC_NOTIFY_CYCCMD_WKC_ERROR(11, 0x10000000, 2, 15)
0000023400: Notify EC_NOTIFY_CYCCMD_WKC_ERROR(10, 0x10000800, 2, 15)
0000023400: Notify EC_NOTIFY_CYCCMD_WKC_ERROR(11, 0x10000000, 2, 15)
0000023400: Notify EC_NOTIFY_CYCCMD_WKC_ERROR(10, 0x10000800, 2, 15)
0000023401: Error: System overload: Cycle time too short or huge jitter!
0000023401: SendCycFramesByEntry(0): wFramesMonitoringProcCnt (0) < wFramesMonitoringSndCnt (1)
0000023401: Notify EC_NOTIFY_FRAME_RESPONSE_ERROR(No response error for cyclic frame IDX=0x7f, CycFrameNum=0, TaskId=0)
0000023401: Notify EC_NOTIFY_CYCCMD_WKC_ERROR(11, 0x10000000, 2, 15)
0000023401: Notify EC_NOTIFY_CYCCMD_WKC_ERROR(10, 0x10000800, 2, 15)
0000023402: Error: System overload: Cycle time too short or huge jitter!
0000023402: SendCycFramesByEntry(0): wFramesMonitoringProcCnt (0) < wFramesMonitoringSndCnt (1)
0000023402: Notify EC_NOTIFY_FRAME_RESPONSE_ERROR(No response error for cyclic frame IDX=0x81, CycFrameNum=0, TaskId=0)
0000023402: Error: System overload: Cycle time too short or huge jitter!
0000023402: SendCycFramesByEntry(0): wFramesMonitoringProcCnt (0) < wFramesMonitoringSndCnt (1)
0000023402: Notify EC_NOTIFY_FRAME_RESPONSE_ERROR(No response error for cyclic frame IDX=0x82, CycFrameNum=0, TaskId=0)
0000023403: Notify EC_NOTIFY_CYCCMD_WKC_ERROR(11, 0x10000000, 2, 15)
0000023403: Notify EC_NOTIFY_CYCCMD_WKC_ERROR(10, 0x10000800, 2, 15)
0000023403: Notify EC_NOTIFY_CYCCMD_WKC_ERROR(11, 0x10000000, 2, 15)
0000023403: Notify EC_NOTIFY_CYCCMD_WKC_ERROR(10, 0x10000800, 2, 15)
0000023403: Error: System overload: Cycle time too short or huge jitter!
0000023403: SendCycFramesByEntry(0): wFramesMonitoringProcCnt (0) < wFramesMonitoringSndCnt (1)
0000023403: Notify EC_NOTIFY_FRAME_RESPONSE_ERROR(No response error for cyclic frame IDX=0x84, CycFrameNum=0, TaskId=0)
0000023404: Error: System overload: Cycle time too short or huge jitter!
0000023404: SendCycFramesByEntry(0): wFramesMonitoringProcCnt (0) < wFramesMonitoringSndCnt (1)
0000023404: Notify EC_NOTIFY_FRAME_RESPONSE_ERROR(No response error for cyclic frame IDX=0x85, CycFrameNum=0, TaskId=0)
0000023404: Notify EC_NOTIFY_CYCCMD_WKC_ERROR(11, 0x10000000, 2, 15)
0000023404: Notify EC_NOTIFY_CYCCMD_WKC_ERROR(10, 0x10000800, 2, 15)
0000023404: Notify EC_NOTIFY_CYCCMD_WKC_ERROR(11, 0x10000000, 2, 15)
0000023404: Notify EC_NOTIFY_CYCCMD_WKC_ERROR(10, 0x10000800, 2, 15)
0000023407: Error: System overload: Cycle time too short or huge jitter!
0000023407: SendCycFramesByEntry(0): wFramesMonitoringProcCnt (0) < wFramesMonitoringSndCnt (1)
0000023407: Notify EC_NOTIFY_FRAME_RESPONSE_ERROR(No response error for cyclic frame IDX=0x8b, CycFrameNum=0, TaskId=0)
0000023407: Error: System overload: Cycle time too short or huge jitter!
0000023407: SendCycFramesByEntry(0): wFramesMonitoringProcCnt (0) < wFramesMonitoringSndCnt (1)
0000023407: Notify EC_NOTIFY_FRAME_RESPONSE_ERROR(No response error for cyclic frame IDX=0x8c, CycFrameNum=0, TaskId=0)
0000023408: Error: System overload: Cycle time too short or huge jitter!
0000023408: SendCycFramesByEntry(0): wFramesMonitoringProcCnt (0) < wFramesMonitoringSndCnt (1)
0000023408: Notify EC_NOTIFY_FRAME_RESPONSE_ERROR(No response error for cyclic frame IDX=0x8d, CycFrameNum=0, TaskId=0)
0000023408: Notify EC_NOTIFY_CYCCMD_WKC_ERROR(11, 0x10000000, 2, 15)
0000023408: Notify EC_NOTIFY_CYCCMD_WKC_ERROR(10, 0x10000800, 2, 15)
0000023408: Notify EC_NOTIFY_CYCCMD_WKC_ERROR(11, 0x10000000, 2, 15)
0000023408: Notify EC_NOTIFY_CYCCMD_WKC_ERROR(10, 0x10000800, 2, 15)
0000023408: Notify EC_NOTIFY_CYCCMD_WKC_ERROR(11, 0x10000000, 2, 15)
0000023408: Notify EC_NOTIFY_CYCCMD_WKC_ERROR(10, 0x10000800, 2, 15)
0000023409: Error: System overload: Cycle time too short or huge jitter!
0000023409: SendCycFramesByEntry(0): wFramesMonitoringProcCnt (0) < wFramesMonitoringSndCnt (1)
0000023409: Notify EC_NOTIFY_FRAME_RESPONSE_ERROR(No response error for cyclic frame IDX=0x90, CycFrameNum=0, TaskId=0)
0000023410: Notify EC_NOTIFY_CYCCMD_WKC_ERROR(11, 0x10000000, 2, 15)
0000023410: Notify EC_NOTIFY_CYCCMD_WKC_ERROR(10, 0x10000800, 2, 15)
0000023414: Error: System overload: Cycle time too short or huge jitter!
0000023414: SendCycFramesByEntry(0): wFramesMonitoringProcCnt (0) < wFramesMonitoringSndCnt (1)
0000023414: Notify EC_NOTIFY_FRAME_RESPONSE_ERROR(No response error for cyclic frame IDX=0x9a, CycFrameNum=0, TaskId=0)
0000023415: Notify EC_NOTIFY_CYCCMD_WKC_ERROR(11, 0x10000000, 2, 15)
0000023415: Notify EC_NOTIFY_CYCCMD_WKC_ERROR(10, 0x10000800, 2, 15)
0000023417: Error: System overload: Cycle time too short or huge jitter!
0000023417: SendCycFramesByEntry(0): wFramesMonitoringProcCnt (0) < wFramesMonitoringSndCnt (1)
0000023417: Notify EC_NOTIFY_FRAME_RESPONSE_ERROR(No response error for cyclic frame IDX=0x9f, CycFrameNum=0, TaskId=0)
0000023417: Notify EC_NOTIFY_CYCCMD_WKC_ERROR(11, 0x10000000, 2, 15)
0000023417: Notify EC_NOTIFY_CYCCMD_WKC_ERROR(10, 0x10000800, 2, 15)
0000023418: Error: System overload: Cycle time too short or huge jitter!
0000023418: SendCycFramesByEntry(0): wFramesMonitoringProcCnt (0) < wFramesMonitoringSndCnt (1)
0000023418: Notify EC_NOTIFY_FRAME_RESPONSE_ERROR(No response error for cyclic frame IDX=0xa1, CycFrameNum=0, TaskId=0)
0000023418: Error: System overload: Cycle time too short or huge jitter!
0000023418: SendCycFramesByEntry(0): wFramesMonitoringProcCnt (0) < wFramesMonitoringSndCnt (1)
0000023418: Notify EC_NOTIFY_FRAME_RESPONSE_ERROR(No response error for cyclic frame IDX=0xa2, CycFrameNum=0, TaskId=0)
0000023419: Error: System overload: Cycle time too short or huge jitter!
0000023419: SendCycFramesByEntry(0): wFramesMonitoringProcCnt (0) < wFramesMonitoringSndCnt (1)
0000023419: Notify EC_NOTIFY_FRAME_RESPONSE_ERROR(No response error for cyclic frame IDX=0xa3, CycFrameNum=0, TaskId=0)
0000023419: Notify EC_NOTIFY_CYCCMD_WKC_ERROR(11, 0x10000000, 2, 15)
0000023419: Notify EC_NOTIFY_CYCCMD_WKC_ERROR(10, 0x10000800, 2, 15)
0000023419: Notify EC_NOTIFY_CYCCMD_WKC_ERROR(11, 0x10000000, 2, 15)
0000023419: Notify EC_NOTIFY_CYCCMD_WKC_ERROR(10, 0x10000800, 2, 15)
0000023419: Notify EC_NOTIFY_CYCCMD_WKC_ERROR(11, 0x10000000, 2, 15)
0000023419: Notify EC_NOTIFY_CYCCMD_WKC_ERROR(10, 0x10000800, 2, 15)
0000023421: Error: System overload: Cycle time too short or huge jitter!
0000023421: SendCycFramesByEntry(0): wFramesMonitoringProcCnt (0) < wFramesMonitoringSndCnt (1)
0000023421: Notify EC_NOTIFY_FRAME_RESPONSE_ERROR(No response error for cyclic frame IDX=0xa7, CycFrameNum=0, TaskId=0)
0000023421: Notify EC_NOTIFY_CYCCMD_WKC_ERROR(11, 0x10000000, 2, 15)
0000023421: Notify EC_NOTIFY_CYCCMD_WKC_ERROR(10, 0x10000800, 2, 15)
0000023423: Error: System overload: Cycle time too short or huge jitter!
0000023423: SendCycFramesByEntry(0): wFramesMonitoringProcCnt (0) < wFramesMonitoringSndCnt (1)
0000023423: Notify EC_NOTIFY_FRAME_RESPONSE_ERROR(No response error for cyclic frame IDX=0xab, CycFrameNum=0, TaskId=0)
0000023423: Notify EC_NOTIFY_CYCCMD_WKC_ERROR(11, 0x10000000, 2, 15)
0000023423: Notify EC_NOTIFY_CYCCMD_WKC_ERROR(10, 0x10000800, 2, 15)
0000023424: Error: System overload: Cycle time too short or huge jitter!
0000023424: SendCycFramesByEntry(0): wFramesMonitoringProcCnt (0) < wFramesMonitoringSndCnt (1)
0000023424: Notify EC_NOTIFY_FRAME_RESPONSE_ERROR(No response error for cyclic frame IDX=0xae, CycFrameNum=0, TaskId=0)
0000023425: Notify EC_NOTIFY_CYCCMD_WKC_ERROR(11, 0x10000000, 2, 15)
0000023425: Notify EC_NOTIFY_CYCCMD_WKC_ERROR(10, 0x10000800, 2, 15)
0000023426: Error: System overload: Cycle time too short or huge jitter!
0000023426: SendCycFramesByEntry(0): wFramesMonitoringProcCnt (0) < wFramesMonitoringSndCnt (1)
0000023426: Notify EC_NOTIFY_FRAME_RESPONSE_ERROR(No response error for cyclic frame IDX=0xb2, CycFrameNum=0, TaskId=0)
0000023427: Notify EC_NOTIFY_CYCCMD_WKC_ERROR(11, 0x10000000, 2, 15)
0000023427: Notify EC_NOTIFY_CYCCMD_WKC_ERROR(10, 0x10000800, 2, 15)
0000023427: Error: System overload: Cycle time too short or huge jitter!
0000023427: SendCycFramesByEntry(0): wFramesMonitoringProcCnt (0) < wFramesMonitoringSndCnt (1)
0000023427: Notify EC_NOTIFY_FRAME_RESPONSE_ERROR(No response error for cyclic frame IDX=0xb4, CycFrameNum=0, TaskId=0)
0000023428: Notify EC_NOTIFY_CYCCMD_WKC_ERROR(11, 0x10000000, 2, 15)
0000023428: Notify EC_NOTIFY_CYCCMD_WKC_ERROR(10, 0x10000800, 2, 15)
0000023430: Error: System overload: Cycle time too short or huge jitter!
0000023430: SendCycFramesByEntry(0): wFramesMonitoringProcCnt (0) < wFramesMonitoringSndCnt (1)
0000023430: Notify EC_NOTIFY_FRAME_RESPONSE_ERROR(No response error for cyclic frame IDX=0xb9, CycFrameNum=0, TaskId=0)
0000023430: Notify EC_NOTIFY_CYCCMD_WKC_ERROR(11, 0x10000000, 2, 15)
0000023430: Notify EC_NOTIFY_CYCCMD_WKC_ERROR(10, 0x10000800, 2, 15)
0000023433: Error: System overload: Cycle time too short or huge jitter!
0000023433: SendCycFramesByEntry(0): wFramesMonitoringProcCnt (0) < wFramesMonitoringSndCnt (1)
0000023433: Notify EC_NOTIFY_FRAME_RESPONSE_ERROR(No response error for cyclic frame IDX=0xc0, CycFrameNum=0, TaskId=0)
0000023434: Error: System overload: Cycle time too short or huge jitter!
0000023434: SendCycFramesByEntry(0): wFramesMonitoringProcCnt (0) < wFramesMonitoringSndCnt (1)
0000023434: Notify EC_NOTIFY_FRAME_RESPONSE_ERROR(No response error for cyclic frame IDX=0xc1, CycFrameNum=0, TaskId=0)
0000023434: Notify EC_NOTIFY_CYCCMD_WKC_ERROR(11, 0x10000000, 2, 15)
0000023434: Notify EC_NOTIFY_CYCCMD_WKC_ERROR(10, 0x10000800, 2, 15)
0000023434: Notify EC_NOTIFY_CYCCMD_WKC_ERROR(11, 0x10000000, 2, 15)
0000023434: Notify EC_NOTIFY_CYCCMD_WKC_ERROR(10, 0x10000800, 2, 15)
0000023435: Notify EC_NOTIFY_CYCCMD_WKC_ERROR(11, 0x10000000, 2, 15)
0000023435: Notify EC_NOTIFY_CYCCMD_WKC_ERROR(10, 0x10000800, 2, 15)
0000023436: Error: System overload: Cycle time too short or huge jitter!
0000023436: SendCycFramesByEntry(0): wFramesMonitoringProcCnt (0) < wFramesMonitoringSndCnt (1)
0000023436: Notify EC_NOTIFY_FRAME_RESPONSE_ERROR(No response error for cyclic frame IDX=0xc5, CycFrameNum=0, TaskId=0)
0000023436: Notify EC_NOTIFY_CYCCMD_WKC_ERROR(11, 0x10000000, 2, 15)
0000023436: Notify EC_NOTIFY_CYCCMD_WKC_ERROR(10, 0x10000800, 2, 15)
0000023438: Error: System overload: Cycle time too short or huge jitter!
0000023438: SendCycFramesByEntry(0): wFramesMonitoringProcCnt (0) < wFramesMonitoringSndCnt (1)
0000023438: Notify EC_NOTIFY_FRAME_RESPONSE_ERROR(No response error for cyclic frame IDX=0xca, CycFrameNum=0, TaskId=0)
0000023439: Error: System overload: Cycle time too short or huge jitter!
0000023439: SendCycFramesByEntry(0): wFramesMonitoringProcCnt (0) < wFramesMonitoringSndCnt (1)
0000023439: Notify EC_NOTIFY_FRAME_RESPONSE_ERROR(No response error for cyclic frame IDX=0xcb, CycFrameNum=0, TaskId=0)
0000023439: Notify EC_NOTIFY_CYCCMD_WKC_ERROR(11, 0x10000000, 2, 15)
0000023439: Notify EC_NOTIFY_CYCCMD_WKC_ERROR(10, 0x10000800, 2, 15)
0000023439: Notify EC_NOTIFY_CYCCMD_WKC_ERROR(11, 0x10000000, 2, 15)
0000023439: Notify EC_NOTIFY_CYCCMD_WKC_ERROR(10, 0x10000800, 2, 15)
0000023440: Error: System overload: Cycle time too short or huge jitter!
0000023440: SendCycFramesByEntry(0): wFramesMonitoringProcCnt (0) < wFramesMonitoringSndCnt (1)
0000023440: Notify EC_NOTIFY_FRAME_RESPONSE_ERROR(No response error for cyclic frame IDX=0xcd, CycFrameNum=0, TaskId=0)
0000023440: Notify EC_NOTIFY_CYCCMD_WKC_ERROR(11, 0x10000000, 2, 15)
0000023440: Notify EC_NOTIFY_CYCCMD_WKC_ERROR(10, 0x10000800, 2, 15)
0000023442: Error: System overload: Cycle time too short or huge jitter!
0000023442: SendCycFramesByEntry(0): wFramesMonitoringProcCnt (0) < wFramesMonitoringSndCnt (1)
0000023442: Notify EC_NOTIFY_FRAME_RESPONSE_ERROR(No response error for cyclic frame IDX=0xd1, CycFrameNum=0, TaskId=0)
0000023442: Error: System overload: Cycle time too short or huge jitter!
0000023442: SendCycFramesByEntry(0): wFramesMonitoringProcCnt (0) < wFramesMonitoringSndCnt (1)
0000023442: Notify EC_NOTIFY_FRAME_RESPONSE_ERROR(No response error for cyclic frame IDX=0xd2, CycFrameNum=0, TaskId=0)
0000023443: Notify EC_NOTIFY_CYCCMD_WKC_ERROR(11, 0x10000000, 2, 15)
0000023443: Notify EC_NOTIFY_CYCCMD_WKC_ERROR(10, 0x10000800, 2, 15)
0000023443: Notify EC_NOTIFY_CYCCMD_WKC_ERROR(11, 0x10000000, 2, 15)
0000023443: Notify EC_NOTIFY_CYCCMD_WKC_ERROR(10, 0x10000800, 2, 15)
0000023443: Error: System overload: Cycle time too short or huge jitter!
0000023443: SendCycFramesByEntry(0): wFramesMonitoringProcCnt (0) < wFramesMonitoringSndCnt (1)
0000023443: Notify EC_NOTIFY_FRAME_RESPONSE_ERROR(No response error for cyclic frame IDX=0xd4, CycFrameNum=0, TaskId=0)
0000023444: Notify EC_NOTIFY_CYCCMD_WKC_ERROR(11, 0x10000000, 2, 15)
0000023444: Notify EC_NOTIFY_CYCCMD_WKC_ERROR(10, 0x10000800, 2, 15)
0000023444: Error: System overload: Cycle time too short or huge jitter!
0000023444: SendCycFramesByEntry(0): wFramesMonitoringProcCnt (0) < wFramesMonitoringSndCnt (1)
0000023444: Notify EC_NOTIFY_FRAME_RESPONSE_ERROR(No response error for cyclic frame IDX=0xd6, CycFrameNum=0, TaskId=0)
0000023445: Notify EC_NOTIFY_CYCCMD_WKC_ERROR(11, 0x10000000, 2, 15)
0000023445: Notify EC_NOTIFY_CYCCMD_WKC_ERROR(10, 0x10000800, 2, 15)
0000023446: Error: System overload: Cycle time too short or huge jitter!
0000023446: SendCycFramesByEntry(0): wFramesMonitoringProcCnt (0) < wFramesMonitoringSndCnt (1)
0000023446: Notify EC_NOTIFY_FRAME_RESPONSE_ERROR(No response error for cyclic frame IDX=0xd9, CycFrameNum=0, TaskId=0)
0000023446: Notify EC_NOTIFY_CYCCMD_WKC_ERROR(11, 0x10000000, 2, 15)
0000023446: Notify EC_NOTIFY_CYCCMD_WKC_ERROR(10, 0x10000800, 2, 15)
0000023448: Error: System overload: Cycle time too short or huge jitter!
0000023448: SendCycFramesByEntry(0): wFramesMonitoringProcCnt (0) < wFramesMonitoringSndCnt (1)
0000023448: Notify EC_NOTIFY_FRAME_RESPONSE_ERROR(No response error for cyclic frame IDX=0x0, CycFrameNum=0, TaskId=0)
0000023449: Notify EC_NOTIFY_CYCCMD_WKC_ERROR(11, 0x10000000, 2, 15)
0000023449: Notify EC_NOTIFY_CYCCMD_WKC_ERROR(10, 0x10000800, 2, 15)
0000023450: Error: System overload: Cycle time too short or huge jitter!
0000023450: SendCycFramesByEntry(0): wFramesMonitoringProcCnt (0) < wFramesMonitoringSndCnt (1)
0000023450: Notify EC_NOTIFY_FRAME_RESPONSE_ERROR(No response error for cyclic frame IDX=0x4, CycFrameNum=0, TaskId=0)
0000023451: Error: System overload: Cycle time too short or huge jitter!
0000023451: SendCycFramesByEntry(0): wFramesMonitoringProcCnt (0) < wFramesMonitoringSndCnt (1)
0000023451: Notify EC_NOTIFY_FRAME_RESPONSE_ERROR(No response error for cyclic frame IDX=0x5, CycFrameNum=0, TaskId=0)
0000023451: Notify EC_NOTIFY_CYCCMD_WKC_ERROR(11, 0x10000000, 2, 15)
0000023451: Notify EC_NOTIFY_CYCCMD_WKC_ERROR(10, 0x10000800, 2, 15)
0000023451: Notify EC_NOTIFY_CYCCMD_WKC_ERROR(11, 0x10000000, 2, 15)
0000023451: Notify EC_NOTIFY_CYCCMD_WKC_ERROR(10, 0x10000800, 2, 15)
0000023453: Error: System overload: Cycle time too short or huge jitter!
0000023453: SendCycFramesByEntry(0): wFramesMonitoringProcCnt (0) < wFramesMonitoringSndCnt (1)
0000023453: Notify EC_NOTIFY_FRAME_RESPONSE_ERROR(No response error for cyclic frame IDX=0x9, CycFrameNum=0, TaskId=0)
0000023453: Error: System overload: Cycle time too short or huge jitter!
0000023453: SendCycFramesByEntry(0): wFramesMonitoringProcCnt (0) < wFramesMonitoringSndCnt (1)
0000023453: Notify EC_NOTIFY_FRAME_RESPONSE_ERROR(No response error for cyclic frame IDX=0xa, CycFrameNum=0, TaskId=0)
0000023454: Notify EC_NOTIFY_CYCCMD_WKC_ERROR(11, 0x10000000, 2, 15)
0000023454: Notify EC_NOTIFY_CYCCMD_WKC_ERROR(10, 0x10000800, 2, 15)
0000023454: Notify EC_NOTIFY_CYCCMD_WKC_ERROR(11, 0x10000000, 2, 15)
0000023454: Notify EC_NOTIFY_CYCCMD_WKC_ERROR(10, 0x10000800, 2, 15)
0000023454: Error: System overload: Cycle time too short or huge jitter!
0000023454: SendCycFramesByEntry(0): wFramesMonitoringProcCnt (0) < wFramesMonitoringSndCnt (1)
0000023454: Notify EC_NOTIFY_FRAME_RESPONSE_ERROR(No response error for cyclic frame IDX=0xc, CycFrameNum=0, TaskId=0)
0000023455: Notify EC_NOTIFY_CYCCMD_WKC_ERROR(11, 0x10000000, 2, 15)
0000023455: Notify EC_NOTIFY_CYCCMD_WKC_ERROR(10, 0x10000800, 2, 15)
0000023456: Error: System overload: Cycle time too short or huge jitter!
0000023456: SendCycFramesByEntry(0): wFramesMonitoringProcCnt (0) < wFramesMonitoringSndCnt (1)
0000023456: Notify EC_NOTIFY_FRAME_RESPONSE_ERROR(No response error for cyclic frame IDX=0x10, CycFrameNum=0, TaskId=0)
0000023457: Error: System overload: Cycle time too short or huge jitter!
0000023457: SendCycFramesByEntry(0): wFramesMonitoringProcCnt (0) < wFramesMonitoringSndCnt (1)
0000023457: Notify EC_NOTIFY_FRAME_RESPONSE_ERROR(No response error for cyclic frame IDX=0x11, CycFrameNum=0, TaskId=0)
0000023457: Notify EC_NOTIFY_CYCCMD_WKC_ERROR(11, 0x10000000, 2, 15)
0000023457: Notify EC_NOTIFY_CYCCMD_WKC_ERROR(10, 0x10000800, 2, 15)
0000023457: Notify EC_NOTIFY_CYCCMD_WKC_ERROR(11, 0x10000000, 2, 15)
0000023457: Notify EC_NOTIFY_CYCCMD_WKC_ERROR(10, 0x10000800, 2, 15)
0000023458: Error: System overload: Cycle time too short or huge jitter!
0000023458: SendCycFramesByEntry(0): wFramesMonitoringProcCnt (0) < wFramesMonitoringSndCnt (1)
0000023458: Notify EC_NOTIFY_FRAME_RESPONSE_ERROR(No response error for cyclic frame IDX=0x14, CycFrameNum=0, TaskId=0)
0000023459: Notify EC_NOTIFY_CYCCMD_WKC_ERROR(11, 0x10000000, 2, 15)
0000023459: Notify EC_NOTIFY_CYCCMD_WKC_ERROR(10, 0x10000800, 2, 15)
0000023459: Error: System overload: Cycle time too short or huge jitter!
0000023459: SendCycFramesByEntry(0): wFramesMonitoringProcCnt (0) < wFramesMonitoringSndCnt (1)
0000023459: Notify EC_NOTIFY_FRAME_RESPONSE_ERROR(No response error for cyclic frame IDX=0x16, CycFrameNum=0, TaskId=0)
0000023460: Notify EC_NOTIFY_CYCCMD_WKC_ERROR(11, 0x10000000, 2, 15)
0000023460: Notify EC_NOTIFY_CYCCMD_WKC_ERROR(10, 0x10000800, 2, 15)
0000023463: Error: System overload: Cycle time too short or huge jitter!
0000023463: SendCycFramesByEntry(0): wFramesMonitoringProcCnt (0) < wFramesMonitoringSndCnt (1)
0000023463: Notify EC_NOTIFY_FRAME_RESPONSE_ERROR(No response error for cyclic frame IDX=0x1d, CycFrameNum=0, TaskId=0)
0000023463: Notify EC_NOTIFY_CYCCMD_WKC_ERROR(11, 0x10000000, 2, 15)
0000023463: Notify EC_NOTIFY_CYCCMD_WKC_ERROR(10, 0x10000800, 2, 15)
0000023465: Notify EC_NOTIFY_CYCCMD_WKC_ERROR(11, 0x10000000, 2, 15)
0000023465: Notify EC_NOTIFY_CYCCMD_WKC_ERROR(10, 0x10000800, 2, 15)
0000023466: Error: System overload: Cycle time too short or huge jitter!
0000023466: SendCycFramesByEntry(0): wFramesMonitoringProcCnt (0) < wFramesMonitoringSndCnt (1)
0000023466: Notify EC_NOTIFY_FRAME_RESPONSE_ERROR(No response error for cyclic frame IDX=0x24, CycFrameNum=0, TaskId=0)
0000023467: Error: System overload: Cycle time too short or huge jitter!
0000023467: SendCycFramesByEntry(0): wFramesMonitoringProcCnt (0) < wFramesMonitoringSndCnt (1)
0000023467: Notify EC_NOTIFY_FRAME_RESPONSE_ERROR(No response error for cyclic frame IDX=0x25, CycFrameNum=0, TaskId=0)
0000023467: Notify EC_NOTIFY_CYCCMD_WKC_ERROR(11, 0x10000000, 2, 15)
0000023467: Notify EC_NOTIFY_CYCCMD_WKC_ERROR(10, 0x10000800, 2, 15)
0000023467: Notify EC_NOTIFY_CYCCMD_WKC_ERROR(11, 0x10000000, 2, 15)
0000023467: Notify EC_NOTIFY_CYCCMD_WKC_ERROR(10, 0x10000800, 2, 15)
0000023468: Error: System overload: Cycle time too short or huge jitter!
0000023468: SendCycFramesByEntry(0): wFramesMonitoringProcCnt (0) < wFramesMonitoringSndCnt (1)
0000023468: Notify EC_NOTIFY_FRAME_RESPONSE_ERROR(No response error for cyclic frame IDX=0x27, CycFrameNum=0, TaskId=0)
0000023468: Notify EC_NOTIFY_CYCCMD_WKC_ERROR(11, 0x10000000, 2, 15)
0000023468: Notify EC_NOTIFY_CYCCMD_WKC_ERROR(10, 0x10000800, 2, 15)
0000023469: Error: System overload: Cycle time too short or huge jitter!
0000023469: SendCycFramesByEntry(0): wFramesMonitoringProcCnt (0) < wFramesMonitoringSndCnt (1)
0000023469: Notify EC_NOTIFY_FRAME_RESPONSE_ERROR(No response error for cyclic frame IDX=0x29, CycFrameNum=0, TaskId=0)
0000023469: Notify EC_NOTIFY_CYCCMD_WKC_ERROR(11, 0x10000000, 2, 15)
0000023469: Notify EC_NOTIFY_CYCCMD_WKC_ERROR(10, 0x10000800, 2, 15)
0000023471: Error: System overload: Cycle time too short or huge jitter!
0000023471: SendCycFramesByEntry(0): wFramesMonitoringProcCnt (0) < wFramesMonitoringSndCnt (1)
0000023471: Notify EC_NOTIFY_FRAME_RESPONSE_ERROR(No response error for cyclic frame IDX=0x2e, CycFrameNum=0, TaskId=0)
0000023472: Notify EC_NOTIFY_CYCCMD_WKC_ERROR(11, 0x10000000, 2, 15)
0000023472: Notify EC_NOTIFY_CYCCMD_WKC_ERROR(10, 0x10000800, 2, 15)
0000023473: Error: System overload: Cycle time too short or huge jitter!
0000023473: SendCycFramesByEntry(0): wFramesMonitoringProcCnt (0) < wFramesMonitoringSndCnt (1)
0000023473: Notify EC_NOTIFY_FRAME_RESPONSE_ERROR(No response error for cyclic frame IDX=0x32, CycFrameNum=0, TaskId=0)
0000023474: Notify EC_NOTIFY_CYCCMD_WKC_ERROR(11, 0x10000000, 2, 15)
0000023474: Notify EC_NOTIFY_CYCCMD_WKC_ERROR(10, 0x10000800, 2, 15)
0000023475: Error: System overload: Cycle time too short or huge jitter!
0000023475: SendCycFramesByEntry(0): wFramesMonitoringProcCnt (0) < wFramesMonitoringSndCnt (1)
0000023475: Notify EC_NOTIFY_FRAME_RESPONSE_ERROR(No response error for cyclic frame IDX=0x35, CycFrameNum=0, TaskId=0)
0000023475: Notify EC_NOTIFY_CYCCMD_WKC_ERROR(11, 0x10000000, 2, 15)
0000023475: Notify EC_NOTIFY_CYCCMD_WKC_ERROR(10, 0x10000800, 2, 15)
0000023475: Notify EC_NOTIFY_CYCCMD_WKC_ERROR(11, 0x10000000, 2, 15)
0000023475: Notify EC_NOTIFY_CYCCMD_WKC_ERROR(10, 0x10000800, 2, 15)
0000023476: Error: System overload: Cycle time too short or huge jitter!
0000023476: SendCycFramesByEntry(0): wFramesMonitoringProcCnt (0) < wFramesMonitoringSndCnt (1)
0000023476: Notify EC_NOTIFY_FRAME_RESPONSE_ERROR(No response error for cyclic frame IDX=0x37, CycFrameNum=0, TaskId=0)
0000023476: Error: System overload: Cycle time too short or huge jitter!
0000023476: SendCycFramesByEntry(0): wFramesMonitoringProcCnt (0) < wFramesMonitoringSndCnt (1)
0000023476: Notify EC_NOTIFY_FRAME_RESPONSE_ERROR(No response error for cyclic frame IDX=0x38, CycFrameNum=0, TaskId=0)
0000023477: Notify EC_NOTIFY_CYCCMD_WKC_ERROR(11, 0x10000000, 2, 15)
0000023477: Notify EC_NOTIFY_CYCCMD_WKC_ERROR(10, 0x10000800, 2, 15)
0000023477: Notify EC_NOTIFY_CYCCMD_WKC_ERROR(11, 0x10000000, 2, 15)
0000023477: Notify EC_NOTIFY_CYCCMD_WKC_ERROR(10, 0x10000800, 2, 15)
0000023477: Error: System overload: Cycle time too short or huge jitter!
0000023477: SendCycFramesByEntry(0): wFramesMonitoringProcCnt (0) < wFramesMonitoringSndCnt (1)
0000023477: Notify EC_NOTIFY_FRAME_RESPONSE_ERROR(No response error for cyclic frame IDX=0x3a, CycFrameNum=0, TaskId=0)
0000023478: Notify EC_NOTIFY_CYCCMD_WKC_ERROR(11, 0x10000000, 2, 15)
0000023478: Notify EC_NOTIFY_CYCCMD_WKC_ERROR(10, 0x10000800, 2, 15)
0000023478: Error: System overload: Cycle time too short or huge jitter!
0000023478: SendCycFramesByEntry(0): wFramesMonitoringProcCnt (0) < wFramesMonitoringSndCnt (1)
0000023478: Notify EC_NOTIFY_FRAME_RESPONSE_ERROR(No response error for cyclic frame IDX=0x3c, CycFrameNum=0, TaskId=0)
0000023479: Notify EC_NOTIFY_CYCCMD_WKC_ERROR(11, 0x10000000, 2, 15)
0000023479: Notify EC_NOTIFY_CYCCMD_WKC_ERROR(10, 0x10000800, 2, 15)
0000023482: Error: System overload: Cycle time too short or huge jitter!
0000023482: SendCycFramesByEntry(0): wFramesMonitoringProcCnt (0) < wFramesMonitoringSndCnt (1)
0000023482: Notify EC_NOTIFY_FRAME_RESPONSE_ERROR(No response error for cyclic frame IDX=0x44, CycFrameNum=0, TaskId=0)
0000023483: Notify EC_NOTIFY_CYCCMD_WKC_ERROR(11, 0x10000000, 2, 15)
0000023483: Notify EC_NOTIFY_CYCCMD_WKC_ERROR(10, 0x10000800, 2, 15)
0000023483: Error: System overload: Cycle time too short or huge jitter!
0000023483: SendCycFramesByEntry(0): wFramesMonitoringProcCnt (0) < wFramesMonitoringSndCnt (1)
0000023483: Notify EC_NOTIFY_FRAME_RESPONSE_ERROR(No response error for cyclic frame IDX=0x46, CycFrameNum=0, TaskId=0)
0000023484: Notify EC_NOTIFY_CYCCMD_WKC_ERROR(11, 0x10000000, 2, 15)
0000023484: Notify EC_NOTIFY_CYCCMD_WKC_ERROR(10, 0x10000800, 2, 15)
0000023484: Error: System overload: Cycle time too short or huge jitter!
0000023484: SendCycFramesByEntry(0): wFramesMonitoringProcCnt (0) < wFramesMonitoringSndCnt (1)
0000023484: Notify EC_NOTIFY_FRAME_RESPONSE_ERROR(No response error for cyclic frame IDX=0x48, CycFrameNum=0, TaskId=0)
0000023485: Error: System overload: Cycle time too short or huge jitter!
0000023485: SendCycFramesByEntry(0): wFramesMonitoringProcCnt (0) < wFramesMonitoringSndCnt (1)
0000023485: Notify EC_NOTIFY_FRAME_RESPONSE_ERROR(No response error for cyclic frame IDX=0x49, CycFrameNum=0, TaskId=0)
0000023485: Notify EC_NOTIFY_CYCCMD_WKC_ERROR(11, 0x10000000, 2, 15)
0000023485: Notify EC_NOTIFY_CYCCMD_WKC_ERROR(10, 0x10000800, 2, 15)
0000023485: Notify EC_NOTIFY_CYCCMD_WKC_ERROR(11, 0x10000000, 2, 15)
0000023485: Notify EC_NOTIFY_CYCCMD_WKC_ERROR(10, 0x10000800, 2, 15)
0000023487: Error: System overload: Cycle time too short or huge jitter!
0000023487: SendCycFramesByEntry(0): wFramesMonitoringProcCnt (0) < wFramesMonitoringSndCnt (1)
0000023487: Notify EC_NOTIFY_FRAME_RESPONSE_ERROR(No response error for cyclic frame IDX=0x4d, CycFrameNum=0, TaskId=0)
0000023487: Notify EC_NOTIFY_CYCCMD_WKC_ERROR(11, 0x10000000, 2, 15)
0000023487: Notify EC_NOTIFY_CYCCMD_WKC_ERROR(10, 0x10000800, 2, 15)
0000023488: Error: System overload: Cycle time too short or huge jitter!
0000023488: SendCycFramesByEntry(0): wFramesMonitoringProcCnt (0) < wFramesMonitoringSndCnt (1)
0000023488: Notify EC_NOTIFY_FRAME_RESPONSE_ERROR(No response error for cyclic frame IDX=0x50, CycFrameNum=0, TaskId=0)
0000023489: Notify EC_NOTIFY_CYCCMD_WKC_ERROR(11, 0x10000000, 2, 15)
0000023489: Notify EC_NOTIFY_CYCCMD_WKC_ERROR(10, 0x10000800, 2, 15)
0000023489: Error: System overload: Cycle time too short or huge jitter!
0000023489: SendCycFramesByEntry(0): wFramesMonitoringProcCnt (0) < wFramesMonitoringSndCnt (1)
0000023489: Notify EC_NOTIFY_FRAME_RESPONSE_ERROR(No response error for cyclic frame IDX=0x52, CycFrameNum=0, TaskId=0)
0000023490: Error: System overload: Cycle time too short or huge jitter!
0000023490: SendCycFramesByEntry(0): wFramesMonitoringProcCnt (0) < wFramesMonitoringSndCnt (1)
0000023490: Notify EC_NOTIFY_FRAME_RESPONSE_ERROR(No response error for cyclic frame IDX=0x53, CycFrameNum=0, TaskId=0)
0000023490: Notify EC_NOTIFY_CYCCMD_WKC_ERROR(11, 0x10000000, 2, 15)
0000023490: Notify EC_NOTIFY_CYCCMD_WKC_ERROR(10, 0x10000800, 2, 15)
0000023490: Notify EC_NOTIFY_CYCCMD_WKC_ERROR(11, 0x10000000, 2, 15)
0000023490: Notify EC_NOTIFY_CYCCMD_WKC_ERROR(10, 0x10000800, 2, 15)
0000023491: Error: System overload: Cycle time too short or huge jitter!
0000023491: SendCycFramesByEntry(0): wFramesMonitoringProcCnt (0) < wFramesMonitoringSndCnt (1)
0000023491: Notify EC_NOTIFY_FRAME_RESPONSE_ERROR(No response error for cyclic frame IDX=0x55, CycFrameNum=0, TaskId=0)
0000023491: Notify EC_NOTIFY_CYCCMD_WKC_ERROR(11, 0x10000000, 2, 15)
0000023491: Notify EC_NOTIFY_CYCCMD_WKC_ERROR(10, 0x10000800, 2, 15)
0000023492: Error: System overload: Cycle time too short or huge jitter!
0000023492: SendCycFramesByEntry(0): wFramesMonitoringProcCnt (0) < wFramesMonitoringSndCnt (1)
0000023492: Notify EC_NOTIFY_FRAME_RESPONSE_ERROR(No response error for cyclic frame IDX=0x57, CycFrameNum=0, TaskId=0)
0000023492: Notify EC_NOTIFY_CYCCMD_WKC_ERROR(11, 0x10000000, 2, 15)
0000023492: Notify EC_NOTIFY_CYCCMD_WKC_ERROR(10, 0x10000800, 2, 15)
0000023494: Error: System overload: Cycle time too short or huge jitter!
0000023494: SendCycFramesByEntry(0): wFramesMonitoringProcCnt (0) < wFramesMonitoringSndCnt (1)
0000023494: Notify EC_NOTIFY_FRAME_RESPONSE_ERROR(No response error for cyclic frame IDX=0x5c, CycFrameNum=0, TaskId=0)
0000023495: Error: System overload: Cycle time too short or huge jitter!
0000023495: SendCycFramesByEntry(0): wFramesMonitoringProcCnt (0) < wFramesMonitoringSndCnt (1)
0000023495: Notify EC_NOTIFY_FRAME_RESPONSE_ERROR(No response error for cyclic frame IDX=0x5d, CycFrameNum=0, TaskId=0)
0000023495: Notify EC_NOTIFY_CYCCMD_WKC_ERROR(11, 0x10000000, 2, 15)
0000023495: Notify EC_NOTIFY_CYCCMD_WKC_ERROR(10, 0x10000800, 2, 15)
0000023495: Notify EC_NOTIFY_CYCCMD_WKC_ERROR(11, 0x10000000, 2, 15)
0000023495: Notify EC_NOTIFY_CYCCMD_WKC_ERROR(10, 0x10000800, 2, 15)
0000023495: Notify EC_NOTIFY_CYCCMD_WKC_ERROR(11, 0x10000000, 2, 15)
0000023495: Notify EC_NOTIFY_CYCCMD_WKC_ERROR(10, 0x10000800, 2, 15)
0000023497: Error: System overload: Cycle time too short or huge jitter!
0000023497: SendCycFramesByEntry(0): wFramesMonitoringProcCnt (0) < wFramesMonitoringSndCnt (1)
0000023497: Notify EC_NOTIFY_FRAME_RESPONSE_ERROR(No response error for cyclic frame IDX=0x61, CycFrameNum=0, TaskId=0)
0000023497: Notify EC_NOTIFY_CYCCMD_WKC_ERROR(11, 0x10000000, 2, 15)
0000023497: Notify EC_NOTIFY_CYCCMD_WKC_ERROR(10, 0x10000800, 2, 15)
0000023498: Error: System overload: Cycle time too short or huge jitter!
0000023498: SendCycFramesByEntry(0): wFramesMonitoringProcCnt (0) < wFramesMonitoringSndCnt (1)
0000023498: Notify EC_NOTIFY_FRAME_RESPONSE_ERROR(No response error for cyclic frame IDX=0x63, CycFrameNum=0, TaskId=0)
0000023498: Notify EC_NOTIFY_CYCCMD_WKC_ERROR(11, 0x10000000, 2, 15)
0000023498: Notify EC_NOTIFY_CYCCMD_WKC_ERROR(10, 0x10000800, 2, 15)
0000023499: Error: System overload: Cycle time too short or huge jitter!
0000023499: SendCycFramesByEntry(0): wFramesMonitoringProcCnt (0) < wFramesMonitoringSndCnt (1)
0000023499: Notify EC_NOTIFY_FRAME_RESPONSE_ERROR(No response error for cyclic frame IDX=0x65, CycFrameNum=0, TaskId=0)
0000023499: Notify EC_NOTIFY_CYCCMD_WKC_ERROR(11, 0x10000000, 2, 15)
0000023499: Notify EC_NOTIFY_CYCCMD_WKC_ERROR(10, 0x10000800, 2, 15)
0000023501: Error: System overload: Cycle time too short or huge jitter!
0000023501: SendCycFramesByEntry(0): wFramesMonitoringProcCnt (0) < wFramesMonitoringSndCnt (1)
0000023501: Notify EC_NOTIFY_FRAME_RESPONSE_ERROR(No response error for cyclic frame IDX=0x69, CycFrameNum=0, TaskId=0)
0000023501: Notify EC_NOTIFY_CYCCMD_WKC_ERROR(11, 0x10000000, 2, 15)
0000023501: Notify EC_NOTIFY_CYCCMD_WKC_ERROR(10, 0x10000800, 2, 15)
0000023502: Error: System overload: Cycle time too short or huge jitter!
0000023502: SendCycFramesByEntry(0): wFramesMonitoringProcCnt (0) < wFramesMonitoringSndCnt (1)
0000023502: Notify EC_NOTIFY_FRAME_RESPONSE_ERROR(No response error for cyclic frame IDX=0x6b, CycFrameNum=0, TaskId=0)
0000023502: Notify EC_NOTIFY_CYCCMD_WKC_ERROR(11, 0x10000000, 2, 15)
0000023502: Notify EC_NOTIFY_CYCCMD_WKC_ERROR(10, 0x10000800, 2, 15)
0000023503: Error: System overload: Cycle time too short or huge jitter!
0000023503: SendCycFramesByEntry(0): wFramesMonitoringProcCnt (0) < wFramesMonitoringSndCnt (1)
0000023503: Notify EC_NOTIFY_FRAME_RESPONSE_ERROR(No response error for cyclic frame IDX=0x6d, CycFrameNum=0, TaskId=0)
0000023503: Notify EC_NOTIFY_CYCCMD_WKC_ERROR(11, 0x10000000, 2, 15)
0000023503: Notify EC_NOTIFY_CYCCMD_WKC_ERROR(10, 0x10000800, 2, 15)
0000023504: Error: System overload: Cycle time too short or huge jitter!
0000023504: SendCycFramesByEntry(0): wFramesMonitoringProcCnt (0) < wFramesMonitoringSndCnt (1)
0000023504: Notify EC_NOTIFY_FRAME_RESPONSE_ERROR(No response error for cyclic frame IDX=0x70, CycFrameNum=0, TaskId=0)
0000023505: Notify EC_NOTIFY_CYCCMD_WKC_ERROR(11, 0x10000000, 2, 15)
0000023505: Notify EC_NOTIFY_CYCCMD_WKC_ERROR(10, 0x10000800, 2, 15)
0000023505: Notify EC_NOTIFY_CYCCMD_WKC_ERROR(11, 0x10000000, 2, 15)
0000023505: Notify EC_NOTIFY_CYCCMD_WKC_ERROR(10, 0x10000800, 2, 15)
0000023506: Error: System overload: Cycle time too short or huge jitter!
0000023506: SendCycFramesByEntry(0): wFramesMonitoringProcCnt (0) < wFramesMonitoringSndCnt (1)
0000023506: Notify EC_NOTIFY_FRAME_RESPONSE_ERROR(No response error for cyclic frame IDX=0x74, CycFrameNum=0, TaskId=0)
0000023507: Error: System overload: Cycle time too short or huge jitter!
0000023507: SendCycFramesByEntry(0): wFramesMonitoringProcCnt (0) < wFramesMonitoringSndCnt (1)
0000023507: Notify EC_NOTIFY_FRAME_RESPONSE_ERROR(No response error for cyclic frame IDX=0x75, CycFrameNum=0, TaskId=0)
0000023507: Error: System overload: Cycle time too short or huge jitter!
0000023507: SendCycFramesByEntry(0): wFramesMonitoringProcCnt (0) < wFramesMonitoringSndCnt (1)
0000023507: Notify EC_NOTIFY_FRAME_RESPONSE_ERROR(No response error for cyclic frame IDX=0x76, CycFrameNum=0, TaskId=0)
0000023508: Notify EC_NOTIFY_CYCCMD_WKC_ERROR(11, 0x10000000, 2, 15)
0000023508: Notify EC_NOTIFY_CYCCMD_WKC_ERROR(10, 0x10000800, 2, 15)
0000023508: Notify EC_NOTIFY_CYCCMD_WKC_ERROR(11, 0x10000000, 2, 15)
0000023508: Notify EC_NOTIFY_CYCCMD_WKC_ERROR(10, 0x10000800, 2, 15)
0000023508: Notify EC_NOTIFY_CYCCMD_WKC_ERROR(11, 0x10000000, 2, 15)
0000023508: Notify EC_NOTIFY_CYCCMD_WKC_ERROR(10, 0x10000800, 2, 15)
0000023509: Error: System overload: Cycle time too short or huge jitter!
0000023509: SendCycFramesByEntry(0): wFramesMonitoringProcCnt (0) < wFramesMonitoringSndCnt (1)
0000023509: Notify EC_NOTIFY_FRAME_RESPONSE_ERROR(No response error for cyclic frame IDX=0x79, CycFrameNum=0, TaskId=0)
0000023509: Notify EC_NOTIFY_CYCCMD_WKC_ERROR(11, 0x10000000, 2, 15)
0000023509: Notify EC_NOTIFY_CYCCMD_WKC_ERROR(10, 0x10000800, 2, 15)
0000023510: Error: System overload: Cycle time too short or huge jitter!
0000023510: SendCycFramesByEntry(0): wFramesMonitoringProcCnt (0) < wFramesMonitoringSndCnt (1)
0000023510: Notify EC_NOTIFY_FRAME_RESPONSE_ERROR(No response error for cyclic frame IDX=0x7b, CycFrameNum=0, TaskId=0)
0000023510: Notify EC_NOTIFY_CYCCMD_WKC_ERROR(11, 0x10000000, 2, 15)
0000023510: Notify EC_NOTIFY_CYCCMD_WKC_ERROR(10, 0x10000800, 2, 15)
0000023511: Error: System overload: Cycle time too short or huge jitter!
0000023511: SendCycFramesByEntry(0): wFramesMonitoringProcCnt (0) < wFramesMonitoringSndCnt (1)
0000023511: Notify EC_NOTIFY_FRAME_RESPONSE_ERROR(No response error for cyclic frame IDX=0x7e, CycFrameNum=0, TaskId=0)
0000023512: Notify EC_NOTIFY_CYCCMD_WKC_ERROR(11, 0x10000000, 2, 15)
0000023512: Notify EC_NOTIFY_CYCCMD_WKC_ERROR(10, 0x10000800, 2, 15)
0000023512: Error: System overload: Cycle time too short or huge jitter!
0000023512: SendCycFramesByEntry(0): wFramesMonitoringProcCnt (0) < wFramesMonitoringSndCnt (1)
0000023512: Notify EC_NOTIFY_FRAME_RESPONSE_ERROR(No response error for cyclic frame IDX=0x80, CycFrameNum=0, TaskId=0)
0000023513: Error: System overload: Cycle time too short or huge jitter!
0000023513: SendCycFramesByEntry(0): wFramesMonitoringProcCnt (0) < wFramesMonitoringSndCnt (1)
0000023513: Notify EC_NOTIFY_FRAME_RESPONSE_ERROR(No response error for cyclic frame IDX=0x81, CycFrameNum=0, TaskId=0)
0000023513: Notify EC_NOTIFY_CYCCMD_WKC_ERROR(11, 0x10000000, 2, 15)
0000023513: Notify EC_NOTIFY_CYCCMD_WKC_ERROR(10, 0x10000800, 2, 15)
0000023513: Notify EC_NOTIFY_CYCCMD_WKC_ERROR(11, 0x10000000, 2, 15)
0000023513: Notify EC_NOTIFY_CYCCMD_WKC_ERROR(10, 0x10000800, 2, 15)
0000023514: Error: System overload: Cycle time too short or huge jitter!
0000023514: SendCycFramesByEntry(0): wFramesMonitoringProcCnt (0) < wFramesMonitoringSndCnt (1)
0000023514: Notify EC_NOTIFY_FRAME_RESPONSE_ERROR(No response error for cyclic frame IDX=0x83, CycFrameNum=0, TaskId=0)
0000023514: Notify EC_NOTIFY_CYCCMD_WKC_ERROR(11, 0x10000000, 2, 15)
0000023514: Notify EC_NOTIFY_CYCCMD_WKC_ERROR(10, 0x10000800, 2, 15)
0000023515: Error: System overload: Cycle time too short or huge jitter!
0000023515: SendCycFramesByEntry(0): wFramesMonitoringProcCnt (0) < wFramesMonitoringSndCnt (1)
0000023515: Notify EC_NOTIFY_FRAME_RESPONSE_ERROR(No response error for cyclic frame IDX=0x85, CycFrameNum=0, TaskId=0)
0000023515: Notify EC_NOTIFY_CYCCMD_WKC_ERROR(11, 0x10000000, 2, 15)
0000023515: Notify EC_NOTIFY_CYCCMD_WKC_ERROR(10, 0x10000800, 2, 15)
0000023516: Error: System overload: Cycle time too short or huge jitter!
0000023516: SendCycFramesByEntry(0): wFramesMonitoringProcCnt (0) < wFramesMonitoringSndCnt (1)
0000023516: Notify EC_NOTIFY_FRAME_RESPONSE_ERROR(No response error for cyclic frame IDX=0x87, CycFrameNum=0, TaskId=0)
0000023516: Notify EC_NOTIFY_CYCCMD_WKC_ERROR(11, 0x10000000, 2, 15)
0000023516: Notify EC_NOTIFY_CYCCMD_WKC_ERROR(10, 0x10000800, 2, 15)
0000023518: Error: System overload: Cycle time too short or huge jitter!
0000023518: SendCycFramesByEntry(0): wFramesMonitoringProcCnt (0) < wFramesMonitoringSndCnt (1)
0000023518: Notify EC_NOTIFY_FRAME_RESPONSE_ERROR(No response error for cyclic frame IDX=0x8b, CycFrameNum=0, TaskId=0)
0000023518: Error: System overload: Cycle time too short or huge jitter!
0000023518: SendCycFramesByEntry(0): wFramesMonitoringProcCnt (0) < wFramesMonitoringSndCnt (1)
0000023518: Notify EC_NOTIFY_FRAME_RESPONSE_ERROR(No response error for cyclic frame IDX=0x8c, CycFrameNum=0, TaskId=0)
0000023519: Error: System overload: Cycle time too short or huge jitter!
0000023519: SendCycFramesByEntry(0): wFramesMonitoringProcCnt (0) < wFramesMonitoringSndCnt (1)
0000023519: Notify EC_NOTIFY_FRAME_RESPONSE_ERROR(No response error for cyclic frame IDX=0x8d, CycFrameNum=0, TaskId=0)
0000023519: Notify EC_NOTIFY_CYCCMD_WKC_ERROR(11, 0x10000000, 2, 15)
0000023519: Notify EC_NOTIFY_CYCCMD_WKC_ERROR(10, 0x10000800, 2, 15)
0000023519: Notify EC_NOTIFY_CYCCMD_WKC_ERROR(11, 0x10000000, 2, 15)
0000023519: Notify EC_NOTIFY_CYCCMD_WKC_ERROR(10, 0x10000800, 2, 15)
0000023519: Notify EC_NOTIFY_CYCCMD_WKC_ERROR(11, 0x10000000, 2, 15)
0000023519: Notify EC_NOTIFY_CYCCMD_WKC_ERROR(10, 0x10000800, 2, 15)
0000023520: Error: System overload: Cycle time too short or huge jitter!
0000023520: SendCycFramesByEntry(0): wFramesMonitoringProcCnt (0) < wFramesMonitoringSndCnt (1)
0000023520: Notify EC_NOTIFY_FRAME_RESPONSE_ERROR(No response error for cyclic frame IDX=0x8f, CycFrameNum=0, TaskId=0)
0000023520: Notify EC_NOTIFY_CYCCMD_WKC_ERROR(11, 0x10000000, 2, 15)
0000023520: Notify EC_NOTIFY_CYCCMD_WKC_ERROR(10, 0x10000800, 2, 15)
0000023521: Error: System overload: Cycle time too short or huge jitter!
0000023521: SendCycFramesByEntry(0): wFramesMonitoringProcCnt (0) < wFramesMonitoringSndCnt (1)
0000023521: Notify EC_NOTIFY_FRAME_RESPONSE_ERROR(No response error for cyclic frame IDX=0x91, CycFrameNum=0, TaskId=0)
0000023521: Notify EC_NOTIFY_CYCCMD_WKC_ERROR(11, 0x10000000, 2, 15)
0000023521: Notify EC_NOTIFY_CYCCMD_WKC_ERROR(10, 0x10000800, 2, 15)
0000023523: Error: System overload: Cycle time too short or huge jitter!
0000023523: SendCycFramesByEntry(0): wFramesMonitoringProcCnt (0) < wFramesMonitoringSndCnt (1)
0000023523: Notify EC_NOTIFY_FRAME_RESPONSE_ERROR(No response error for cyclic frame IDX=0x96, CycFrameNum=0, TaskId=0)
0000023524: Error: System overload: Cycle time too short or huge jitter!
0000023524: SendCycFramesByEntry(0): wFramesMonitoringProcCnt (0) < wFramesMonitoringSndCnt (1)
0000023524: Notify EC_NOTIFY_FRAME_RESPONSE_ERROR(No response error for cyclic frame IDX=0x97, CycFrameNum=0, TaskId=0)
0000023524: Error: System overload: Cycle time too short or huge jitter!
0000023524: SendCycFramesByEntry(0): wFramesMonitoringProcCnt (0) < wFramesMonitoringSndCnt (1)
0000023524: Notify EC_NOTIFY_FRAME_RESPONSE_ERROR(No response error for cyclic frame IDX=0x98, CycFrameNum=0, TaskId=0)
0000023525: Error: System overload: Cycle time too short or huge jitter!
0000023525: SendCycFramesByEntry(0): wFramesMonitoringProcCnt (0) < wFramesMonitoringSndCnt (1)
0000023525: Notify EC_NOTIFY_FRAME_RESPONSE_ERROR(No response error for cyclic frame IDX=0x99, CycFrameNum=0, TaskId=0)
0000023525: Notify EC_NOTIFY_CYCCMD_WKC_ERROR(11, 0x10000000, 2, 15)
0000023525: Notify EC_NOTIFY_CYCCMD_WKC_ERROR(10, 0x10000800, 2, 15)
0000023525: Notify EC_NOTIFY_CYCCMD_WKC_ERROR(11, 0x10000000, 2, 15)
0000023525: Notify EC_NOTIFY_CYCCMD_WKC_ERROR(10, 0x10000800, 2, 15)
0000023525: Notify EC_NOTIFY_CYCCMD_WKC_ERROR(11, 0x10000000, 2, 15)
0000023525: Notify EC_NOTIFY_CYCCMD_WKC_ERROR(10, 0x10000800, 2, 15)
0000023525: Notify EC_NOTIFY_CYCCMD_WKC_ERROR(11, 0x10000000, 2, 15)
0000023525: Notify EC_NOTIFY_CYCCMD_WKC_ERROR(10, 0x10000800, 2, 15)
0000023526: Error: System overload: Cycle time too short or huge jitter!
0000023526: SendCycFramesByEntry(0): wFramesMonitoringProcCnt (0) < wFramesMonitoringSndCnt (1)
0000023526: Notify EC_NOTIFY_FRAME_RESPONSE_ERROR(No response error for cyclic frame IDX=0x9b, CycFrameNum=0, TaskId=0)
0000023526: Notify EC_NOTIFY_CYCCMD_WKC_ERROR(11, 0x10000000, 2, 15)
0000023526: Notify EC_NOTIFY_CYCCMD_WKC_ERROR(10, 0x10000800, 2, 15)
0000023527: Error: System overload: Cycle time too short or huge jitter!
0000023527: SendCycFramesByEntry(0): wFramesMonitoringProcCnt (0) < wFramesMonitoringSndCnt (1)
0000023527: Notify EC_NOTIFY_FRAME_RESPONSE_ERROR(No response error for cyclic frame IDX=0x9d, CycFrameNum=0, TaskId=0)
0000023527: Error: System overload: Cycle time too short or huge jitter!
0000023527: SendCycFramesByEntry(0): wFramesMonitoringProcCnt (0) < wFramesMonitoringSndCnt (1)
0000023527: Notify EC_NOTIFY_FRAME_RESPONSE_ERROR(No response error for cyclic frame IDX=0x9e, CycFrameNum=0, TaskId=0)
0000023528: Notify EC_NOTIFY_CYCCMD_WKC_ERROR(11, 0x10000000, 2, 15)
0000023528: Notify EC_NOTIFY_CYCCMD_WKC_ERROR(10, 0x10000800, 2, 15)
0000023528: Notify EC_NOTIFY_CYCCMD_WKC_ERROR(11, 0x10000000, 2, 15)
0000023528: Notify EC_NOTIFY_CYCCMD_WKC_ERROR(10, 0x10000800, 2, 15)
0000023528: Error: System overload: Cycle time too short or huge jitter!
0000023528: SendCycFramesByEntry(0): wFramesMonitoringProcCnt (0) < wFramesMonitoringSndCnt (1)
0000023528: Notify EC_NOTIFY_FRAME_RESPONSE_ERROR(No response error for cyclic frame IDX=0xa0, CycFrameNum=0, TaskId=0)
0000023529: Error: System overload: Cycle time too short or huge jitter!
0000023529: SendCycFramesByEntry(0): wFramesMonitoringProcCnt (0) < wFramesMonitoringSndCnt (1)
0000023529: Notify EC_NOTIFY_FRAME_RESPONSE_ERROR(No response error for cyclic frame IDX=0xa1, CycFrameNum=0, TaskId=0)
0000023529: Notify EC_NOTIFY_CYCCMD_WKC_ERROR(11, 0x10000000, 2, 15)
0000023529: Notify EC_NOTIFY_CYCCMD_WKC_ERROR(10, 0x10000800, 2, 15)
0000023529: Notify EC_NOTIFY_CYCCMD_WKC_ERROR(11, 0x10000000, 2, 15)
0000023529: Notify EC_NOTIFY_CYCCMD_WKC_ERROR(10, 0x10000800, 2, 15)
0000023530: Error: System overload: Cycle time too short or huge jitter!
0000023530: SendCycFramesByEntry(0): wFramesMonitoringProcCnt (0) < wFramesMonitoringSndCnt (1)
0000023530: Notify EC_NOTIFY_FRAME_RESPONSE_ERROR(No response error for cyclic frame IDX=0xa3, CycFrameNum=0, TaskId=0)
0000023530: Notify EC_NOTIFY_CYCCMD_WKC_ERROR(11, 0x10000000, 2, 15)
0000023530: Notify EC_NOTIFY_CYCCMD_WKC_ERROR(10, 0x10000800, 2, 15)
0000023532: Error: System overload: Cycle time too short or huge jitter!
0000023532: SendCycFramesByEntry(0): wFramesMonitoringProcCnt (0) < wFramesMonitoringSndCnt (1)
0000023532: Notify EC_NOTIFY_FRAME_RESPONSE_ERROR(No response error for cyclic frame IDX=0xa7, CycFrameNum=0, TaskId=0)
0000023532: Notify EC_NOTIFY_CYCCMD_WKC_ERROR(11, 0x10000000, 2, 15)
0000023532: Notify EC_NOTIFY_CYCCMD_WKC_ERROR(10, 0x10000800, 2, 15)
0000023533: Error: System overload: Cycle time too short or huge jitter!
0000023533: SendCycFramesByEntry(0): wFramesMonitoringProcCnt (0) < wFramesMonitoringSndCnt (1)
0000023533: Notify EC_NOTIFY_FRAME_RESPONSE_ERROR(No response error for cyclic frame IDX=0xa9, CycFrameNum=0, TaskId=0)
0000023533: Error: System overload: Cycle time too short or huge jitter!
0000023533: SendCycFramesByEntry(0): wFramesMonitoringProcCnt (0) < wFramesMonitoringSndCnt (1)
0000023533: Notify EC_NOTIFY_FRAME_RESPONSE_ERROR(No response error for cyclic frame IDX=0xaa, CycFrameNum=0, TaskId=0)
0000023534: Notify EC_NOTIFY_CYCCMD_WKC_ERROR(11, 0x10000000, 2, 15)
0000023534: Notify EC_NOTIFY_CYCCMD_WKC_ERROR(10, 0x10000800, 2, 15)
0000023534: Notify EC_NOTIFY_CYCCMD_WKC_ERROR(11, 0x10000000, 2, 15)
0000023534: Notify EC_NOTIFY_CYCCMD_WKC_ERROR(10, 0x10000800, 2, 15)
0000023534: Error: System overload: Cycle time too short or huge jitter!
0000023534: SendCycFramesByEntry(0): wFramesMonitoringProcCnt (0) < wFramesMonitoringSndCnt (1)
0000023534: Notify EC_NOTIFY_FRAME_RESPONSE_ERROR(No response error for cyclic frame IDX=0xac, CycFrameNum=0, TaskId=0)
0000023535: Notify EC_NOTIFY_CYCCMD_WKC_ERROR(11, 0x10000000, 2, 15)
0000023535: Notify EC_NOTIFY_CYCCMD_WKC_ERROR(10, 0x10000800, 2, 15)
0000023537: Error: System overload: Cycle time too short or huge jitter!
0000023537: SendCycFramesByEntry(0): wFramesMonitoringProcCnt (0) < wFramesMonitoringSndCnt (1)
0000023537: Notify EC_NOTIFY_FRAME_RESPONSE_ERROR(No response error for cyclic frame IDX=0xb1, CycFrameNum=0, TaskId=0)
0000023537: Error: System overload: Cycle time too short or huge jitter!
0000023537: SendCycFramesByEntry(0): wFramesMonitoringProcCnt (0) < wFramesMonitoringSndCnt (1)
0000023537: Notify EC_NOTIFY_FRAME_RESPONSE_ERROR(No response error for cyclic frame IDX=0xb2, CycFrameNum=0, TaskId=0)
0000023538: Notify EC_NOTIFY_CYCCMD_WKC_ERROR(11, 0x10000000, 2, 15)
0000023538: Notify EC_NOTIFY_CYCCMD_WKC_ERROR(10, 0x10000800, 2, 15)
0000023538: Notify EC_NOTIFY_CYCCMD_WKC_ERROR(11, 0x10000000, 2, 15)
0000023538: Notify EC_NOTIFY_CYCCMD_WKC_ERROR(10, 0x10000800, 2, 15)
0000023539: Error: System overload: Cycle time too short or huge jitter!
0000023539: SendCycFramesByEntry(0): wFramesMonitoringProcCnt (0) < wFramesMonitoringSndCnt (1)
0000023539: Notify EC_NOTIFY_FRAME_RESPONSE_ERROR(No response error for cyclic frame IDX=0xb6, CycFrameNum=0, TaskId=0)
0000023540: Notify EC_NOTIFY_CYCCMD_WKC_ERROR(11, 0x10000000, 2, 15)
0000023540: Notify EC_NOTIFY_CYCCMD_WKC_ERROR(10, 0x10000800, 2, 15)
0000023540: Error: System overload: Cycle time too short or huge jitter!
0000023540: SendCycFramesByEntry(0): wFramesMonitoringProcCnt (0) < wFramesMonitoringSndCnt (1)
0000023540: Notify EC_NOTIFY_FRAME_RESPONSE_ERROR(No response error for cyclic frame IDX=0xb8, CycFrameNum=0, TaskId=0)
0000023541: Error: System overload: Cycle time too short or huge jitter!
0000023541: SendCycFramesByEntry(0): wFramesMonitoringProcCnt (0) < wFramesMonitoringSndCnt (1)
0000023541: Notify EC_NOTIFY_FRAME_RESPONSE_ERROR(No response error for cyclic frame IDX=0xb9, CycFrameNum=0, TaskId=0)
0000023541: Error: System overload: Cycle time too short or huge jitter!
0000023541: SendCycFramesByEntry(0): wFramesMonitoringProcCnt (0) < wFramesMonitoringSndCnt (1)
0000023541: Notify EC_NOTIFY_FRAME_RESPONSE_ERROR(No response error for cyclic frame IDX=0xba, CycFrameNum=0, TaskId=0)
0000023542: Error: System overload: Cycle time too short or huge jitter!
0000023542: SendCycFramesByEntry(0): wFramesMonitoringProcCnt (0) < wFramesMonitoringSndCnt (1)
0000023542: Notify EC_NOTIFY_FRAME_RESPONSE_ERROR(No response error for cyclic frame IDX=0xbb, CycFrameNum=0, TaskId=0)
0000023542: Notify EC_NOTIFY_CYCCMD_WKC_ERROR(11, 0x10000000, 2, 15)
0000023542: Notify EC_NOTIFY_CYCCMD_WKC_ERROR(10, 0x10000800, 2, 15)
0000023542: Notify EC_NOTIFY_CYCCMD_WKC_ERROR(11, 0x10000000, 2, 15)
0000023542: Notify EC_NOTIFY_CYCCMD_WKC_ERROR(10, 0x10000800, 2, 15)
0000023542: Notify EC_NOTIFY_CYCCMD_WKC_ERROR(11, 0x10000000, 2, 15)
0000023542: Notify EC_NOTIFY_CYCCMD_WKC_ERROR(10, 0x10000800, 2, 15)
0000023542: Notify EC_NOTIFY_CYCCMD_WKC_ERROR(11, 0x10000000, 2, 15)
0000023542: Notify EC_NOTIFY_CYCCMD_WKC_ERROR(10, 0x10000800, 2, 15)
0000023543: Error: System overload: Cycle time too short or huge jitter!
0000023543: SendCycFramesByEntry(0): wFramesMonitoringProcCnt (0) < wFramesMonitoringSndCnt (1)
0000023543: Notify EC_NOTIFY_FRAME_RESPONSE_ERROR(No response error for cyclic frame IDX=0xbe, CycFrameNum=0, TaskId=0)
0000023544: Notify EC_NOTIFY_CYCCMD_WKC_ERROR(11, 0x10000000, 2, 15)
0000023544: Notify EC_NOTIFY_CYCCMD_WKC_ERROR(10, 0x10000800, 2, 15)
0000023545: Notify EC_NOTIFY_CYCCMD_WKC_ERROR(11, 0x10000000, 2, 15)
0000023545: Notify EC_NOTIFY_CYCCMD_WKC_ERROR(10, 0x10000800, 2, 15)
0000023547: Error: System overload: Cycle time too short or huge jitter!
0000023547: SendCycFramesByEntry(0): wFramesMonitoringProcCnt (0) < wFramesMonitoringSndCnt (1)
0000023547: Notify EC_NOTIFY_FRAME_RESPONSE_ERROR(No response error for cyclic frame IDX=0xc5, CycFrameNum=0, TaskId=0)
0000023547: Notify EC_NOTIFY_CYCCMD_WKC_ERROR(11, 0x10000000, 2, 15)
0000023547: Notify EC_NOTIFY_CYCCMD_WKC_ERROR(10, 0x10000800, 2, 15)
0000023550: Error: System overload: Cycle time too short or huge jitter!
0000023550: SendCycFramesByEntry(0): wFramesMonitoringProcCnt (0) < wFramesMonitoringSndCnt (1)
0000023550: Notify EC_NOTIFY_FRAME_RESPONSE_ERROR(No response error for cyclic frame IDX=0xcc, CycFrameNum=0, TaskId=0)
0000023551: Notify EC_NOTIFY_CYCCMD_WKC_ERROR(11, 0x10000000, 2, 15)
0000023551: Notify EC_NOTIFY_CYCCMD_WKC_ERROR(10, 0x10000800, 2, 15)
0000023551: Error: System overload: Cycle time too short or huge jitter!
0000023551: SendCycFramesByEntry(0): wFramesMonitoringProcCnt (0) < wFramesMonitoringSndCnt (1)
0000023551: Notify EC_NOTIFY_FRAME_RESPONSE_ERROR(No response error for cyclic frame IDX=0xce, CycFrameNum=0, TaskId=0)
0000023552: Notify EC_NOTIFY_CYCCMD_WKC_ERROR(11, 0x10000000, 2, 15)
0000023552: Notify EC_NOTIFY_CYCCMD_WKC_ERROR(10, 0x10000800, 2, 15)
0000023553: Error: System overload: Cycle time too short or huge jitter!
0000023553: SendCycFramesByEntry(0): wFramesMonitoringProcCnt (0) < wFramesMonitoringSndCnt (1)
0000023553: Notify EC_NOTIFY_FRAME_RESPONSE_ERROR(No response error for cyclic frame IDX=0xd1, CycFrameNum=0, TaskId=0)
0000023553: Notify EC_NOTIFY_CYCCMD_WKC_ERROR(11, 0x10000000, 2, 15)
0000023553: Notify EC_NOTIFY_CYCCMD_WKC_ERROR(10, 0x10000800, 2, 15)
0000023555: Error: System overload: Cycle time too short or huge jitter!
0000023555: SendCycFramesByEntry(0): wFramesMonitoringProcCnt (0) < wFramesMonitoringSndCnt (1)
0000023555: Notify EC_NOTIFY_FRAME_RESPONSE_ERROR(No response error for cyclic frame IDX=0xd5, CycFrameNum=0, TaskId=0)
0000023555: Notify EC_NOTIFY_CYCCMD_WKC_ERROR(11, 0x10000000, 2, 15)
0000023555: Notify EC_NOTIFY_CYCCMD_WKC_ERROR(10, 0x10000800, 2, 15)
0000023556: Error: System overload: Cycle time too short or huge jitter!
0000023556: SendCycFramesByEntry(0): wFramesMonitoringProcCnt (0) < wFramesMonitoringSndCnt (1)
0000023556: Notify EC_NOTIFY_FRAME_RESPONSE_ERROR(No response error for cyclic frame IDX=0xd8, CycFrameNum=0, TaskId=0)
0000023557: Notify EC_NOTIFY_CYCCMD_WKC_ERROR(11, 0x10000000, 2, 15)
0000023557: Notify EC_NOTIFY_CYCCMD_WKC_ERROR(10, 0x10000800, 2, 15)
0000023557: Error: System overload: Cycle time too short or huge jitter!
0000023557: SendCycFramesByEntry(0): wFramesMonitoringProcCnt (0) < wFramesMonitoringSndCnt (1)
0000023557: Notify EC_NOTIFY_FRAME_RESPONSE_ERROR(No response error for cyclic frame IDX=0xda, CycFrameNum=0, TaskId=0)
0000023558: Notify EC_NOTIFY_CYCCMD_WKC_ERROR(11, 0x10000000, 2, 15)
0000023558: Notify EC_NOTIFY_CYCCMD_WKC_ERROR(10, 0x10000800, 2, 15)
0000023558: Error: System overload: Cycle time too short or huge jitter!
0000023558: SendCycFramesByEntry(0): wFramesMonitoringProcCnt (0) < wFramesMonitoringSndCnt (1)
0000023558: Notify EC_NOTIFY_FRAME_RESPONSE_ERROR(No response error for cyclic frame IDX=0xdc, CycFrameNum=0, TaskId=0)
0000023559: Error: System overload: Cycle time too short or huge jitter!
0000023559: SendCycFramesByEntry(0): wFramesMonitoringProcCnt (0) < wFramesMonitoringSndCnt (1)
0000023559: Notify EC_NOTIFY_FRAME_RESPONSE_ERROR(No response error for cyclic frame IDX=0xdd, CycFrameNum=0, TaskId=0)
0000023559: Notify EC_NOTIFY_CYCCMD_WKC_ERROR(11, 0x10000000, 2, 15)
0000023559: Notify EC_NOTIFY_CYCCMD_WKC_ERROR(10, 0x10000800, 2, 15)
0000023559: Notify EC_NOTIFY_CYCCMD_WKC_ERROR(11, 0x10000000, 2, 15)
0000023559: Notify EC_NOTIFY_CYCCMD_WKC_ERROR(10, 0x10000800, 2, 15)
0000023561: Error: System overload: Cycle time too short or huge jitter!
0000023561: SendCycFramesByEntry(0): wFramesMonitoringProcCnt (0) < wFramesMonitoringSndCnt (1)
0000023561: Notify EC_NOTIFY_FRAME_RESPONSE_ERROR(No response error for cyclic frame IDX=0x4, CycFrameNum=0, TaskId=0)
0000023562: Notify EC_NOTIFY_CYCCMD_WKC_ERROR(11, 0x10000000, 2, 15)
0000023562: Notify EC_NOTIFY_CYCCMD_WKC_ERROR(10, 0x10000800, 2, 15)
0000023563: Error: System overload: Cycle time too short or huge jitter!
0000023563: SendCycFramesByEntry(0): wFramesMonitoringProcCnt (0) < wFramesMonitoringSndCnt (1)
0000023563: Notify EC_NOTIFY_FRAME_RESPONSE_ERROR(No response error for cyclic frame IDX=0x8, CycFrameNum=0, TaskId=0)
0000023564: Notify EC_NOTIFY_CYCCMD_WKC_ERROR(11, 0x10000000, 2, 15)
0000023564: Notify EC_NOTIFY_CYCCMD_WKC_ERROR(10, 0x10000800, 2, 15)
0000023566: Error: System overload: Cycle time too short or huge jitter!
0000023566: SendCycFramesByEntry(0): wFramesMonitoringProcCnt (0) < wFramesMonitoringSndCnt (1)
0000023566: Notify EC_NOTIFY_FRAME_RESPONSE_ERROR(No response error for cyclic frame IDX=0xe, CycFrameNum=0, TaskId=0)
0000023567: Notify EC_NOTIFY_CYCCMD_WKC_ERROR(11, 0x10000000, 2, 15)
0000023567: Notify EC_NOTIFY_CYCCMD_WKC_ERROR(10, 0x10000800, 2, 15)
0000023568: Error: System overload: Cycle time too short or huge jitter!
0000023568: SendCycFramesByEntry(0): wFramesMonitoringProcCnt (0) < wFramesMonitoringSndCnt (1)
0000023568: Notify EC_NOTIFY_FRAME_RESPONSE_ERROR(No response error for cyclic frame IDX=0x12, CycFrameNum=0, TaskId=0)
0000023569: Notify EC_NOTIFY_CYCCMD_WKC_ERROR(11, 0x10000000, 2, 15)
0000023569: Notify EC_NOTIFY_CYCCMD_WKC_ERROR(10, 0x10000800, 2, 15)
0000023571: Error: System overload: Cycle time too short or huge jitter!
0000023571: SendCycFramesByEntry(0): wFramesMonitoringProcCnt (0) < wFramesMonitoringSndCnt (1)
0000023571: Notify EC_NOTIFY_FRAME_RESPONSE_ERROR(No response error for cyclic frame IDX=0x17, CycFrameNum=0, TaskId=0)
0000023571: Notify EC_NOTIFY_CYCCMD_WKC_ERROR(11, 0x10000000, 2, 15)
0000023571: Notify EC_NOTIFY_CYCCMD_WKC_ERROR(10, 0x10000800, 2, 15)
0000023572: Error: System overload: Cycle time too short or huge jitter!
0000023572: SendCycFramesByEntry(0): wFramesMonitoringProcCnt (0) < wFramesMonitoringSndCnt (1)
0000023572: Notify EC_NOTIFY_FRAME_RESPONSE_ERROR(No response error for cyclic frame IDX=0x1a, CycFrameNum=0, TaskId=0)
0000023573: Notify EC_NOTIFY_CYCCMD_WKC_ERROR(11, 0x10000000, 2, 15)
0000023573: Notify EC_NOTIFY_CYCCMD_WKC_ERROR(10, 0x10000800, 2, 15)
0000023573: Error: System overload: Cycle time too short or huge jitter!
0000023573: SendCycFramesByEntry(0): wFramesMonitoringProcCnt (0) < wFramesMonitoringSndCnt (1)
0000023573: Notify EC_NOTIFY_FRAME_RESPONSE_ERROR(No response error for cyclic frame IDX=0x1c, CycFrameNum=0, TaskId=0)
0000023574: Notify EC_NOTIFY_CYCCMD_WKC_ERROR(11, 0x10000000, 2, 15)
0000023574: Notify EC_NOTIFY_CYCCMD_WKC_ERROR(10, 0x10000800, 2, 15)
0000023574: Error: System overload: Cycle time too short or huge jitter!
0000023574: SendCycFramesByEntry(0): wFramesMonitoringProcCnt (0) < wFramesMonitoringSndCnt (1)
0000023574: Notify EC_NOTIFY_FRAME_RESPONSE_ERROR(No response error for cyclic frame IDX=0x1e, CycFrameNum=0, TaskId=0)
0000023575: Notify EC_NOTIFY_CYCCMD_WKC_ERROR(11, 0x10000000, 2, 15)
0000023575: Notify EC_NOTIFY_CYCCMD_WKC_ERROR(10, 0x10000800, 2, 15)
0000023576: Error: System overload: Cycle time too short or huge jitter!
0000023576: SendCycFramesByEntry(0): wFramesMonitoringProcCnt (0) < wFramesMonitoringSndCnt (1)
0000023576: Notify EC_NOTIFY_FRAME_RESPONSE_ERROR(No response error for cyclic frame IDX=0x21, CycFrameNum=0, TaskId=0)
0000023576: Notify EC_NOTIFY_CYCCMD_WKC_ERROR(11, 0x10000000, 2, 15)
0000023576: Notify EC_NOTIFY_CYCCMD_WKC_ERROR(10, 0x10000800, 2, 15)
0000023577: Error: System overload: Cycle time too short or huge jitter!
0000023577: SendCycFramesByEntry(0): wFramesMonitoringProcCnt (0) < wFramesMonitoringSndCnt (1)
0000023577: Notify EC_NOTIFY_FRAME_RESPONSE_ERROR(No response error for cyclic frame IDX=0x23, CycFrameNum=0, TaskId=0)
0000023577: Notify EC_NOTIFY_CYCCMD_WKC_ERROR(11, 0x10000000, 2, 15)
0000023577: Notify EC_NOTIFY_CYCCMD_WKC_ERROR(10, 0x10000800, 2, 15)
0000023578: Error: System overload: Cycle time too short or huge jitter!
0000023578: SendCycFramesByEntry(0): wFramesMonitoringProcCnt (0) < wFramesMonitoringSndCnt (1)
0000023578: Notify EC_NOTIFY_FRAME_RESPONSE_ERROR(No response error for cyclic frame IDX=0x26, CycFrameNum=0, TaskId=0)
0000023579: Notify EC_NOTIFY_CYCCMD_WKC_ERROR(11, 0x10000000, 2, 15)
0000023579: Notify EC_NOTIFY_CYCCMD_WKC_ERROR(10, 0x10000800, 2, 15)
0000023581: Error: System overload: Cycle time too short or huge jitter!
0000023581: SendCycFramesByEntry(0): wFramesMonitoringProcCnt (0) < wFramesMonitoringSndCnt (1)
0000023581: Notify EC_NOTIFY_FRAME_RESPONSE_ERROR(No response error for cyclic frame IDX=0x2b, CycFrameNum=0, TaskId=0)
0000023581: Notify EC_NOTIFY_CYCCMD_WKC_ERROR(11, 0x10000000, 2, 15)
0000023581: Notify EC_NOTIFY_CYCCMD_WKC_ERROR(10, 0x10000800, 2, 15)
0000023582: Error: System overload: Cycle time too short or huge jitter!
0000023582: SendCycFramesByEntry(0): wFramesMonitoringProcCnt (0) < wFramesMonitoringSndCnt (1)
0000023582: Notify EC_NOTIFY_FRAME_RESPONSE_ERROR(No response error for cyclic frame IDX=0x2d, CycFrameNum=0, TaskId=0)
0000023582: Notify EC_NOTIFY_CYCCMD_WKC_ERROR(11, 0x10000000, 2, 15)
0000023582: Notify EC_NOTIFY_CYCCMD_WKC_ERROR(10, 0x10000800, 2, 15)
0000023583: Error: System overload: Cycle time too short or huge jitter!
0000023583: SendCycFramesByEntry(0): wFramesMonitoringProcCnt (0) < wFramesMonitoringSndCnt (1)
0000023583: Notify EC_NOTIFY_FRAME_RESPONSE_ERROR(No response error for cyclic frame IDX=0x2f, CycFrameNum=0, TaskId=0)
0000023583: Notify EC_NOTIFY_CYCCMD_WKC_ERROR(11, 0x10000000, 2, 15)
0000023583: Notify EC_NOTIFY_CYCCMD_WKC_ERROR(10, 0x10000800, 2, 15)
0000023584: Error: System overload: Cycle time too short or huge jitter!
0000023584: SendCycFramesByEntry(0): wFramesMonitoringProcCnt (0) < wFramesMonitoringSndCnt (1)
0000023584: Notify EC_NOTIFY_FRAME_RESPONSE_ERROR(No response error for cyclic frame IDX=0x31, CycFrameNum=0, TaskId=0)
0000023584: Notify EC_NOTIFY_CYCCMD_WKC_ERROR(11, 0x10000000, 2, 15)
0000023584: Notify EC_NOTIFY_CYCCMD_WKC_ERROR(10, 0x10000800, 2, 15)
0000023586: Error: System overload: Cycle time too short or huge jitter!
0000023586: SendCycFramesByEntry(0): wFramesMonitoringProcCnt (0) < wFramesMonitoringSndCnt (1)
0000023586: Notify EC_NOTIFY_FRAME_RESPONSE_ERROR(No response error for cyclic frame IDX=0x36, CycFrameNum=0, TaskId=0)
0000023587: Notify EC_NOTIFY_CYCCMD_WKC_ERROR(11, 0x10000000, 2, 15)
0000023587: Notify EC_NOTIFY_CYCCMD_WKC_ERROR(10, 0x10000800, 2, 15)
0000023588: Error: System overload: Cycle time too short or huge jitter!
0000023588: SendCycFramesByEntry(0): wFramesMonitoringProcCnt (0) < wFramesMonitoringSndCnt (1)
0000023588: Notify EC_NOTIFY_FRAME_RESPONSE_ERROR(No response error for cyclic frame IDX=0x39, CycFrameNum=0, TaskId=0)
0000023588: Notify EC_NOTIFY_CYCCMD_WKC_ERROR(11, 0x10000000, 2, 15)
0000023588: Notify EC_NOTIFY_CYCCMD_WKC_ERROR(10, 0x10000800, 2, 15)
0000023590: Error: System overload: Cycle time too short or huge jitter!
0000023590: SendCycFramesByEntry(0): wFramesMonitoringProcCnt (0) < wFramesMonitoringSndCnt (1)
0000023590: Notify EC_NOTIFY_FRAME_RESPONSE_ERROR(No response error for cyclic frame IDX=0x3d, CycFrameNum=0, TaskId=0)
0000023590: Error: System overload: Cycle time too short or huge jitter!
0000023590: SendCycFramesByEntry(0): wFramesMonitoringProcCnt (0) < wFramesMonitoringSndCnt (1)
0000023590: Notify EC_NOTIFY_FRAME_RESPONSE_ERROR(No response error for cyclic frame IDX=0x3e, CycFrameNum=0, TaskId=0)
0000023591: Notify EC_NOTIFY_CYCCMD_WKC_ERROR(11, 0x10000000, 2, 15)
0000023591: Notify EC_NOTIFY_CYCCMD_WKC_ERROR(10, 0x10000800, 2, 15)
0000023591: Notify EC_NOTIFY_CYCCMD_WKC_ERROR(11, 0x10000000, 2, 15)
0000023591: Notify EC_NOTIFY_CYCCMD_WKC_ERROR(10, 0x10000800, 2, 15)
0000023594: Error: System overload: Cycle time too short or huge jitter!
0000023594: SendCycFramesByEntry(0): wFramesMonitoringProcCnt (0) < wFramesMonitoringSndCnt (1)
0000023594: Notify EC_NOTIFY_FRAME_RESPONSE_ERROR(No response error for cyclic frame IDX=0x45, CycFrameNum=0, TaskId=0)
0000023594: Notify EC_NOTIFY_CYCCMD_WKC_ERROR(11, 0x10000000, 2, 15)
0000023594: Notify EC_NOTIFY_CYCCMD_WKC_ERROR(10, 0x10000800, 2, 15)
0000023595: Error: System overload: Cycle time too short or huge jitter!
0000023595: SendCycFramesByEntry(0): wFramesMonitoringProcCnt (0) < wFramesMonitoringSndCnt (1)
0000023595: Notify EC_NOTIFY_FRAME_RESPONSE_ERROR(No response error for cyclic frame IDX=0x47, CycFrameNum=0, TaskId=0)
0000023595: Notify EC_NOTIFY_CYCCMD_WKC_ERROR(11, 0x10000000, 2, 15)
0000023595: Notify EC_NOTIFY_CYCCMD_WKC_ERROR(10, 0x10000800, 2, 15)
0000023596: Error: System overload: Cycle time too short or huge jitter!
0000023596: SendCycFramesByEntry(0): wFramesMonitoringProcCnt (0) < wFramesMonitoringSndCnt (1)
0000023596: Notify EC_NOTIFY_FRAME_RESPONSE_ERROR(No response error for cyclic frame IDX=0x4a, CycFrameNum=0, TaskId=0)
0000023597: Notify EC_NOTIFY_CYCCMD_WKC_ERROR(11, 0x10000000, 2, 15)
0000023597: Notify EC_NOTIFY_CYCCMD_WKC_ERROR(10, 0x10000800, 2, 15)
0000023599: Error: System overload: Cycle time too short or huge jitter!
0000023599: SendCycFramesByEntry(0): wFramesMonitoringProcCnt (0) < wFramesMonitoringSndCnt (1)
0000023599: Notify EC_NOTIFY_FRAME_RESPONSE_ERROR(No response error for cyclic frame IDX=0x4f, CycFrameNum=0, TaskId=0)
0000023599: Notify EC_NOTIFY_CYCCMD_WKC_ERROR(11, 0x10000000, 2, 15)
0000023599: Notify EC_NOTIFY_CYCCMD_WKC_ERROR(10, 0x10000800, 2, 15)
0000023600: Error: System overload: Cycle time too short or huge jitter!
0000023600: SendCycFramesByEntry(0): wFramesMonitoringProcCnt (0) < wFramesMonitoringSndCnt (1)
0000023600: Notify EC_NOTIFY_FRAME_RESPONSE_ERROR(No response error for cyclic frame IDX=0x52, CycFrameNum=0, TaskId=0)
0000023601: Notify EC_NOTIFY_CYCCMD_WKC_ERROR(11, 0x10000000, 2, 15)
0000023601: Notify EC_NOTIFY_CYCCMD_WKC_ERROR(10, 0x10000800, 2, 15)
0000023601: Error: System overload: Cycle time too short or huge jitter!
0000023601: SendCycFramesByEntry(0): wFramesMonitoringProcCnt (0) < wFramesMonitoringSndCnt (1)
0000023601: Notify EC_NOTIFY_FRAME_RESPONSE_ERROR(No response error for cyclic frame IDX=0x54, CycFrameNum=0, TaskId=0)
0000023602: Notify EC_NOTIFY_CYCCMD_WKC_ERROR(11, 0x10000000, 2, 15)
0000023602: Notify EC_NOTIFY_CYCCMD_WKC_ERROR(10, 0x10000800, 2, 15)
0000023602: Error: System overload: Cycle time too short or huge jitter!
0000023602: SendCycFramesByEntry(0): wFramesMonitoringProcCnt (0) < wFramesMonitoringSndCnt (1)
0000023602: Notify EC_NOTIFY_FRAME_RESPONSE_ERROR(No response error for cyclic frame IDX=0x56, CycFrameNum=0, TaskId=0)
0000023603: Error: System overload: Cycle time too short or huge jitter!
0000023603: SendCycFramesByEntry(0): wFramesMonitoringProcCnt (0) < wFramesMonitoringSndCnt (1)
0000023603: Notify EC_NOTIFY_FRAME_RESPONSE_ERROR(No response error for cyclic frame IDX=0x57, CycFrameNum=0, TaskId=0)
0000023603: Notify EC_NOTIFY_CYCCMD_WKC_ERROR(11, 0x10000000, 2, 15)
0000023603: Notify EC_NOTIFY_CYCCMD_WKC_ERROR(10, 0x10000800, 2, 15)
0000023603: Notify EC_NOTIFY_CYCCMD_WKC_ERROR(11, 0x10000000, 2, 15)
0000023603: Notify EC_NOTIFY_CYCCMD_WKC_ERROR(10, 0x10000800, 2, 15)
0000023604: Error: System overload: Cycle time too short or huge jitter!
0000023604: SendCycFramesByEntry(0): wFramesMonitoringProcCnt (0) < wFramesMonitoringSndCnt (1)
0000023604: Notify EC_NOTIFY_FRAME_RESPONSE_ERROR(No response error for cyclic frame IDX=0x59, CycFrameNum=0, TaskId=0)
0000023604: Notify EC_NOTIFY_CYCCMD_WKC_ERROR(11, 0x10000000, 2, 15)
0000023604: Notify EC_NOTIFY_CYCCMD_WKC_ERROR(10, 0x10000800, 2, 15)
0000023607: Error: System overload: Cycle time too short or huge jitter!
0000023607: SendCycFramesByEntry(0): wFramesMonitoringProcCnt (0) < wFramesMonitoringSndCnt (1)
0000023607: Notify EC_NOTIFY_FRAME_RESPONSE_ERROR(No response error for cyclic frame IDX=0x5f, CycFrameNum=0, TaskId=0)
0000023607: Error: System overload: Cycle time too short or huge jitter!
0000023607: SendCycFramesByEntry(0): wFramesMonitoringProcCnt (0) < wFramesMonitoringSndCnt (1)
0000023607: Notify EC_NOTIFY_FRAME_RESPONSE_ERROR(No response error for cyclic frame IDX=0x60, CycFrameNum=0, TaskId=0)
0000023608: Notify EC_NOTIFY_CYCCMD_WKC_ERROR(11, 0x10000000, 2, 15)
0000023608: Notify EC_NOTIFY_CYCCMD_WKC_ERROR(10, 0x10000800, 2, 15)
0000023608: Notify EC_NOTIFY_CYCCMD_WKC_ERROR(11, 0x10000000, 2, 15)
0000023608: Notify EC_NOTIFY_CYCCMD_WKC_ERROR(10, 0x10000800, 2, 15)
0000023608: Error: System overload: Cycle time too short or huge jitter!
0000023608: SendCycFramesByEntry(0): wFramesMonitoringProcCnt (0) < wFramesMonitoringSndCnt (1)
0000023608: Notify EC_NOTIFY_FRAME_RESPONSE_ERROR(No response error for cyclic frame IDX=0x62, CycFrameNum=0, TaskId=0)
0000023609: Error: System overload: Cycle time too short or huge jitter!
0000023609: SendCycFramesByEntry(0): wFramesMonitoringProcCnt (0) < wFramesMonitoringSndCnt (1)
0000023609: Notify EC_NOTIFY_FRAME_RESPONSE_ERROR(No response error for cyclic frame IDX=0x63, CycFrameNum=0, TaskId=0)
0000023609: Error: System overload: Cycle time too short or huge jitter!
0000023609: SendCycFramesByEntry(0): wFramesMonitoringProcCnt (0) < wFramesMonitoringSndCnt (1)
0000023609: Notify EC_NOTIFY_FRAME_RESPONSE_ERROR(No response error for cyclic frame IDX=0x64, CycFrameNum=0, TaskId=0)
0000023610: Notify EC_NOTIFY_CYCCMD_WKC_ERROR(11, 0x10000000, 2, 15)
0000023610: Notify EC_NOTIFY_CYCCMD_WKC_ERROR(10, 0x10000800, 2, 15)
0000023610: Notify EC_NOTIFY_CYCCMD_WKC_ERROR(11, 0x10000000, 2, 15)
0000023610: Notify EC_NOTIFY_CYCCMD_WKC_ERROR(10, 0x10000800, 2, 15)
0000023610: Notify EC_NOTIFY_CYCCMD_WKC_ERROR(11, 0x10000000, 2, 15)
0000023610: Notify EC_NOTIFY_CYCCMD_WKC_ERROR(10, 0x10000800, 2, 15)
0000023611: Error: System overload: Cycle time too short or huge jitter!
0000023611: SendCycFramesByEntry(0): wFramesMonitoringProcCnt (0) < wFramesMonitoringSndCnt (1)
0000023611: Notify EC_NOTIFY_FRAME_RESPONSE_ERROR(No response error for cyclic frame IDX=0x67, CycFrameNum=0, TaskId=0)
0000023611: Notify EC_NOTIFY_CYCCMD_WKC_ERROR(11, 0x10000000, 2, 15)
0000023611: Notify EC_NOTIFY_CYCCMD_WKC_ERROR(10, 0x10000800, 2, 15)
0000023613: Error: System overload: Cycle time too short or huge jitter!
0000023613: SendCycFramesByEntry(0): wFramesMonitoringProcCnt (0) < wFramesMonitoringSndCnt (1)
0000023613: Notify EC_NOTIFY_FRAME_RESPONSE_ERROR(No response error for cyclic frame IDX=0x6c, CycFrameNum=0, TaskId=0)
0000023614: Notify EC_NOTIFY_CYCCMD_WKC_ERROR(11, 0x10000000, 2, 15)
0000023614: Notify EC_NOTIFY_CYCCMD_WKC_ERROR(10, 0x10000800, 2, 15)
0000023614: Error: System overload: Cycle time too short or huge jitter!
0000023614: SendCycFramesByEntry(0): wFramesMonitoringProcCnt (0) < wFramesMonitoringSndCnt (1)
0000023614: Notify EC_NOTIFY_FRAME_RESPONSE_ERROR(No response error for cyclic frame IDX=0x6e, CycFrameNum=0, TaskId=0)
0000023615: Notify EC_NOTIFY_CYCCMD_WKC_ERROR(11, 0x10000000, 2, 15)
0000023615: Notify EC_NOTIFY_CYCCMD_WKC_ERROR(10, 0x10000800, 2, 15)
0000023615: Notify EC_NOTIFY_CYCCMD_WKC_ERROR(11, 0x10000000, 2, 15)
0000023615: Notify EC_NOTIFY_CYCCMD_WKC_ERROR(10, 0x10000800, 2, 15)
0000023618: Error: System overload: Cycle time too short or huge jitter!
0000023618: SendCycFramesByEntry(0): wFramesMonitoringProcCnt (0) < wFramesMonitoringSndCnt (1)
0000023618: Notify EC_NOTIFY_FRAME_RESPONSE_ERROR(No response error for cyclic frame IDX=0x75, CycFrameNum=0, TaskId=0)
0000023618: Error: System overload: Cycle time too short or huge jitter!
0000023618: SendCycFramesByEntry(0): wFramesMonitoringProcCnt (0) < wFramesMonitoringSndCnt (1)
0000023618: Notify EC_NOTIFY_FRAME_RESPONSE_ERROR(No response error for cyclic frame IDX=0x76, CycFrameNum=0, TaskId=0)
0000023619: Notify EC_NOTIFY_CYCCMD_WKC_ERROR(11, 0x10000000, 2, 15)
0000023619: Notify EC_NOTIFY_CYCCMD_WKC_ERROR(10, 0x10000800, 2, 15)
0000023619: Notify EC_NOTIFY_CYCCMD_WKC_ERROR(11, 0x10000000, 2, 15)
0000023619: Notify EC_NOTIFY_CYCCMD_WKC_ERROR(10, 0x10000800, 2, 15)
0000023623: Error: System overload: Cycle time too short or huge jitter!
0000023623: SendCycFramesByEntry(0): wFramesMonitoringProcCnt (0) < wFramesMonitoringSndCnt (1)
0000023623: Notify EC_NOTIFY_FRAME_RESPONSE_ERROR(No response error for cyclic frame IDX=0x80, CycFrameNum=0, TaskId=0)
0000023624: Notify EC_NOTIFY_CYCCMD_WKC_ERROR(11, 0x10000000, 2, 15)
0000023624: Notify EC_NOTIFY_CYCCMD_WKC_ERROR(10, 0x10000800, 2, 15)
0000023624: Error: System overload: Cycle time too short or huge jitter!
0000023624: SendCycFramesByEntry(0): wFramesMonitoringProcCnt (0) < wFramesMonitoringSndCnt (1)
0000023624: Notify EC_NOTIFY_FRAME_RESPONSE_ERROR(No response error for cyclic frame IDX=0x82, CycFrameNum=0, TaskId=0)
0000023625: Notify EC_NOTIFY_CYCCMD_WKC_ERROR(11, 0x10000000, 2, 15)
0000023625: Notify EC_NOTIFY_CYCCMD_WKC_ERROR(10, 0x10000800, 2, 15)
0000023625: Notify EC_NOTIFY_CYCCMD_WKC_ERROR(11, 0x10000000, 2, 15)
0000023625: Notify EC_NOTIFY_CYCCMD_WKC_ERROR(10, 0x10000800, 2, 15)
0000023626: Error: System overload: Cycle time too short or huge jitter!
0000023626: SendCycFramesByEntry(0): wFramesMonitoringProcCnt (0) < wFramesMonitoringSndCnt (1)
0000023626: Notify EC_NOTIFY_FRAME_RESPONSE_ERROR(No response error for cyclic frame IDX=0x86, CycFrameNum=0, TaskId=0)
0000023627: Notify EC_NOTIFY_CYCCMD_WKC_ERROR(11, 0x10000000, 2, 15)
0000023627: Notify EC_NOTIFY_CYCCMD_WKC_ERROR(10, 0x10000800, 2, 15)
0000023628: Error: System overload: Cycle time too short or huge jitter!
0000023628: SendCycFramesByEntry(0): wFramesMonitoringProcCnt (0) < wFramesMonitoringSndCnt (1)
0000023628: Notify EC_NOTIFY_FRAME_RESPONSE_ERROR(No response error for cyclic frame IDX=0x8a, CycFrameNum=0, TaskId=0)
0000023629: Error: System overload: Cycle time too short or huge jitter!
0000023629: SendCycFramesByEntry(0): wFramesMonitoringProcCnt (0) < wFramesMonitoringSndCnt (1)
0000023629: Notify EC_NOTIFY_FRAME_RESPONSE_ERROR(No response error for cyclic frame IDX=0x8b, CycFrameNum=0, TaskId=0)
0000023629: Error: System overload: Cycle time too short or huge jitter!
0000023629: SendCycFramesByEntry(0): wFramesMonitoringProcCnt (0) < wFramesMonitoringSndCnt (1)
0000023629: Notify EC_NOTIFY_FRAME_RESPONSE_ERROR(No response error for cyclic frame IDX=0x8c, CycFrameNum=0, TaskId=0)
0000023630: Notify EC_NOTIFY_CYCCMD_WKC_ERROR(11, 0x10000000, 2, 15)
0000023630: Notify EC_NOTIFY_CYCCMD_WKC_ERROR(10, 0x10000800, 2, 15)
0000023630: Notify EC_NOTIFY_CYCCMD_WKC_ERROR(11, 0x10000000, 2, 15)
0000023630: Notify EC_NOTIFY_CYCCMD_WKC_ERROR(10, 0x10000800, 2, 15)
0000023630: Notify EC_NOTIFY_CYCCMD_WKC_ERROR(11, 0x10000000, 2, 15)
0000023630: Notify EC_NOTIFY_CYCCMD_WKC_ERROR(10, 0x10000800, 2, 15)
0000023631: Error: System overload: Cycle time too short or huge jitter!
0000023631: SendCycFramesByEntry(0): wFramesMonitoringProcCnt (0) < wFramesMonitoringSndCnt (1)
0000023631: Notify EC_NOTIFY_FRAME_RESPONSE_ERROR(No response error for cyclic frame IDX=0x90, CycFrameNum=0, TaskId=0)
0000023632: Notify EC_NOTIFY_CYCCMD_WKC_ERROR(11, 0x10000000, 2, 15)
0000023632: Notify EC_NOTIFY_CYCCMD_WKC_ERROR(10, 0x10000800, 2, 15)
0000023633: Error: System overload: Cycle time too short or huge jitter!
0000023633: SendCycFramesByEntry(0): wFramesMonitoringProcCnt (0) < wFramesMonitoringSndCnt (1)
0000023633: Notify EC_NOTIFY_FRAME_RESPONSE_ERROR(No response error for cyclic frame IDX=0x93, CycFrameNum=0, TaskId=0)
0000023633: Notify EC_NOTIFY_CYCCMD_WKC_ERROR(11, 0x10000000, 2, 15)
0000023633: Notify EC_NOTIFY_CYCCMD_WKC_ERROR(10, 0x10000800, 2, 15)
0000023634: Error: System overload: Cycle time too short or huge jitter!
0000023634: SendCycFramesByEntry(0): wFramesMonitoringProcCnt (0) < wFramesMonitoringSndCnt (1)
0000023634: Notify EC_NOTIFY_FRAME_RESPONSE_ERROR(No response error for cyclic frame IDX=0x95, CycFrameNum=0, TaskId=0)
0000023634: Notify EC_NOTIFY_CYCCMD_WKC_ERROR(11, 0x10000000, 2, 15)
0000023634: Notify EC_NOTIFY_CYCCMD_WKC_ERROR(10, 0x10000800, 2, 15)
0000023636: Error: System overload: Cycle time too short or huge jitter!
0000023636: SendCycFramesByEntry(0): wFramesMonitoringProcCnt (0) < wFramesMonitoringSndCnt (1)
0000023636: Notify EC_NOTIFY_FRAME_RESPONSE_ERROR(No response error for cyclic frame IDX=0x9a, CycFrameNum=0, TaskId=0)
0000023637: Error: System overload: Cycle time too short or huge jitter!
0000023637: SendCycFramesByEntry(0): wFramesMonitoringProcCnt (0) < wFramesMonitoringSndCnt (1)
0000023637: Notify EC_NOTIFY_FRAME_RESPONSE_ERROR(No response error for cyclic frame IDX=0x9b, CycFrameNum=0, TaskId=0)
0000023637: Error: System overload: Cycle time too short or huge jitter!
0000023637: SendCycFramesByEntry(0): wFramesMonitoringProcCnt (0) < wFramesMonitoringSndCnt (1)
0000023637: Notify EC_NOTIFY_FRAME_RESPONSE_ERROR(No response error for cyclic frame IDX=0x9c, CycFrameNum=0, TaskId=0)
0000023638: Notify EC_NOTIFY_CYCCMD_WKC_ERROR(11, 0x10000000, 2, 15)
0000023638: Notify EC_NOTIFY_CYCCMD_WKC_ERROR(10, 0x10000800, 2, 15)
0000023638: Notify EC_NOTIFY_CYCCMD_WKC_ERROR(11, 0x10000000, 2, 15)
0000023638: Notify EC_NOTIFY_CYCCMD_WKC_ERROR(10, 0x10000800, 2, 15)
0000023638: Notify EC_NOTIFY_CYCCMD_WKC_ERROR(11, 0x10000000, 2, 15)
0000023638: Notify EC_NOTIFY_CYCCMD_WKC_ERROR(10, 0x10000800, 2, 15)
0000023640: Error: System overload: Cycle time too short or huge jitter!
0000023640: SendCycFramesByEntry(0): wFramesMonitoringProcCnt (0) < wFramesMonitoringSndCnt (1)
0000023640: Notify EC_NOTIFY_FRAME_RESPONSE_ERROR(No response error for cyclic frame IDX=0xa2, CycFrameNum=0, TaskId=0)
0000023641: Error: System overload: Cycle time too short or huge jitter!
0000023641: SendCycFramesByEntry(0): wFramesMonitoringProcCnt (0) < wFramesMonitoringSndCnt (1)
0000023641: Notify EC_NOTIFY_FRAME_RESPONSE_ERROR(No response error for cyclic frame IDX=0xa3, CycFrameNum=0, TaskId=0)
0000023641: Error: System overload: Cycle time too short or huge jitter!
0000023641: SendCycFramesByEntry(0): wFramesMonitoringProcCnt (0) < wFramesMonitoringSndCnt (1)
0000023641: Notify EC_NOTIFY_FRAME_RESPONSE_ERROR(No response error for cyclic frame IDX=0xa4, CycFrameNum=0, TaskId=0)
0000023642: Notify EC_NOTIFY_CYCCMD_WKC_ERROR(11, 0x10000000, 2, 15)
0000023642: Notify EC_NOTIFY_CYCCMD_WKC_ERROR(10, 0x10000800, 2, 15)
0000023642: Notify EC_NOTIFY_CYCCMD_WKC_ERROR(11, 0x10000000, 2, 15)
0000023642: Notify EC_NOTIFY_CYCCMD_WKC_ERROR(10, 0x10000800, 2, 15)
0000023642: Notify EC_NOTIFY_CYCCMD_WKC_ERROR(11, 0x10000000, 2, 15)
0000023642: Notify EC_NOTIFY_CYCCMD_WKC_ERROR(10, 0x10000800, 2, 15)
0000023642: Error: System overload: Cycle time too short or huge jitter!
0000023642: SendCycFramesByEntry(0): wFramesMonitoringProcCnt (0) < wFramesMonitoringSndCnt (1)
0000023642: Notify EC_NOTIFY_FRAME_RESPONSE_ERROR(No response error for cyclic frame IDX=0xa6, CycFrameNum=0, TaskId=0)
0000023643: Error: System overload: Cycle time too short or huge jitter!
0000023643: SendCycFramesByEntry(0): wFramesMonitoringProcCnt (0) < wFramesMonitoringSndCnt (1)
0000023643: Notify EC_NOTIFY_FRAME_RESPONSE_ERROR(No response error for cyclic frame IDX=0xa7, CycFrameNum=0, TaskId=0)
0000023643: Notify EC_NOTIFY_CYCCMD_WKC_ERROR(11, 0x10000000, 2, 15)
0000023643: Notify EC_NOTIFY_CYCCMD_WKC_ERROR(10, 0x10000800, 2, 15)
0000023643: Notify EC_NOTIFY_CYCCMD_WKC_ERROR(11, 0x10000000, 2, 15)
0000023643: Notify EC_NOTIFY_CYCCMD_WKC_ERROR(10, 0x10000800, 2, 15)
0000023644: Error: System overload: Cycle time too short or huge jitter!
0000023644: SendCycFramesByEntry(0): wFramesMonitoringProcCnt (0) < wFramesMonitoringSndCnt (1)
0000023644: Notify EC_NOTIFY_FRAME_RESPONSE_ERROR(No response error for cyclic frame IDX=0xa9, CycFrameNum=0, TaskId=0)
0000023644: Notify EC_NOTIFY_CYCCMD_WKC_ERROR(11, 0x10000000, 2, 15)
0000023644: Notify EC_NOTIFY_CYCCMD_WKC_ERROR(10, 0x10000800, 2, 15)
0000023645: Error: System overload: Cycle time too short or huge jitter!
0000023645: SendCycFramesByEntry(0): wFramesMonitoringProcCnt (0) < wFramesMonitoringSndCnt (1)
0000023645: Notify EC_NOTIFY_FRAME_RESPONSE_ERROR(No response error for cyclic frame IDX=0xab, CycFrameNum=0, TaskId=0)
0000023645: Notify EC_NOTIFY_CYCCMD_WKC_ERROR(11, 0x10000000, 2, 15)
0000023645: Notify EC_NOTIFY_CYCCMD_WKC_ERROR(10, 0x10000800, 2, 15)
0000023649: Error: System overload: Cycle time too short or huge jitter!
0000023649: SendCycFramesByEntry(0): wFramesMonitoringProcCnt (0) < wFramesMonitoringSndCnt (1)
0000023649: Notify EC_NOTIFY_FRAME_RESPONSE_ERROR(No response error for cyclic frame IDX=0xb3, CycFrameNum=0, TaskId=0)
0000023649: Error: System overload: Cycle time too short or huge jitter!
0000023649: SendCycFramesByEntry(0): wFramesMonitoringProcCnt (0) < wFramesMonitoringSndCnt (1)
0000023649: Notify EC_NOTIFY_FRAME_RESPONSE_ERROR(No response error for cyclic frame IDX=0xb4, CycFrameNum=0, TaskId=0)
0000023650: Notify EC_NOTIFY_CYCCMD_WKC_ERROR(11, 0x10000000, 2, 15)
0000023650: Notify EC_NOTIFY_CYCCMD_WKC_ERROR(10, 0x10000800, 2, 15)
0000023650: Notify EC_NOTIFY_CYCCMD_WKC_ERROR(11, 0x10000000, 2, 15)
0000023650: Notify EC_NOTIFY_CYCCMD_WKC_ERROR(10, 0x10000800, 2, 15)
0000023655: Error: System overload: Cycle time too short or huge jitter!
0000023655: SendCycFramesByEntry(0): wFramesMonitoringProcCnt (0) < wFramesMonitoringSndCnt (1)
0000023655: Notify EC_NOTIFY_FRAME_RESPONSE_ERROR(No response error for cyclic frame IDX=0xbf, CycFrameNum=0, TaskId=0)
0000023655: Notify EC_NOTIFY_CYCCMD_WKC_ERROR(11, 0x10000000, 2, 15)
0000023655: Notify EC_NOTIFY_CYCCMD_WKC_ERROR(10, 0x10000800, 2, 15)
0000023656: Error: System overload: Cycle time too short or huge jitter!
0000023656: SendCycFramesByEntry(0): wFramesMonitoringProcCnt (0) < wFramesMonitoringSndCnt (1)
0000023656: Notify EC_NOTIFY_FRAME_RESPONSE_ERROR(No response error for cyclic frame IDX=0xc1, CycFrameNum=0, TaskId=0)
0000023656: Notify EC_NOTIFY_CYCCMD_WKC_ERROR(11, 0x10000000, 2, 15)
0000023656: Notify EC_NOTIFY_CYCCMD_WKC_ERROR(10, 0x10000800, 2, 15)
0000023657: Error: System overload: Cycle time too short or huge jitter!
0000023657: SendCycFramesByEntry(0): wFramesMonitoringProcCnt (0) < wFramesMonitoringSndCnt (1)
0000023657: Notify EC_NOTIFY_FRAME_RESPONSE_ERROR(No response error for cyclic frame IDX=0xc3, CycFrameNum=0, TaskId=0)
0000023657: Notify EC_NOTIFY_CYCCMD_WKC_ERROR(11, 0x10000000, 2, 15)
0000023657: Notify EC_NOTIFY_CYCCMD_WKC_ERROR(10, 0x10000800, 2, 15)
0000023658: Error: System overload: Cycle time too short or huge jitter!
0000023658: SendCycFramesByEntry(0): wFramesMonitoringProcCnt (0) < wFramesMonitoringSndCnt (1)
0000023658: Notify EC_NOTIFY_FRAME_RESPONSE_ERROR(No response error for cyclic frame IDX=0xc5, CycFrameNum=0, TaskId=0)
0000023658: Notify EC_NOTIFY_CYCCMD_WKC_ERROR(11, 0x10000000, 2, 15)
0000023658: Notify EC_NOTIFY_CYCCMD_WKC_ERROR(10, 0x10000800, 2, 15)
0000023659: Error: System overload: Cycle time too short or huge jitter!
0000023659: SendCycFramesByEntry(0): wFramesMonitoringProcCnt (0) < wFramesMonitoringSndCnt (1)
0000023659: Notify EC_NOTIFY_FRAME_RESPONSE_ERROR(No response error for cyclic frame IDX=0xc8, CycFrameNum=0, TaskId=0)
0000023660: Notify EC_NOTIFY_CYCCMD_WKC_ERROR(11, 0x10000000, 2, 15)
0000023660: Notify EC_NOTIFY_CYCCMD_WKC_ERROR(10, 0x10000800, 2, 15)
0000023660: Error: System overload: Cycle time too short or huge jitter!
0000023660: SendCycFramesByEntry(0): wFramesMonitoringProcCnt (0) < wFramesMonitoringSndCnt (1)
0000023660: Notify EC_NOTIFY_FRAME_RESPONSE_ERROR(No response error for cyclic frame IDX=0xca, CycFrameNum=0, TaskId=0)
0000023661: Error: System overload: Cycle time too short or huge jitter!
0000023661: SendCycFramesByEntry(0): wFramesMonitoringProcCnt (0) < wFramesMonitoringSndCnt (1)
0000023661: Notify EC_NOTIFY_FRAME_RESPONSE_ERROR(No response error for cyclic frame IDX=0xcb, CycFrameNum=0, TaskId=0)
0000023661: Notify EC_NOTIFY_CYCCMD_WKC_ERROR(11, 0x10000000, 2, 15)
0000023661: Notify EC_NOTIFY_CYCCMD_WKC_ERROR(10, 0x10000800, 2, 15)
0000023661: Notify EC_NOTIFY_CYCCMD_WKC_ERROR(11, 0x10000000, 2, 15)
0000023661: Notify EC_NOTIFY_CYCCMD_WKC_ERROR(10, 0x10000800, 2, 15)
0000023662: Error: System overload: Cycle time too short or huge jitter!
0000023662: SendCycFramesByEntry(0): wFramesMonitoringProcCnt (0) < wFramesMonitoringSndCnt (1)
0000023662: Notify EC_NOTIFY_FRAME_RESPONSE_ERROR(No response error for cyclic frame IDX=0xcd, CycFrameNum=0, TaskId=0)
0000023662: Notify EC_NOTIFY_CYCCMD_WKC_ERROR(11, 0x10000000, 2, 15)
0000023662: Notify EC_NOTIFY_CYCCMD_WKC_ERROR(10, 0x10000800, 2, 15)
0000023664: Error: System overload: Cycle time too short or huge jitter!
0000023664: SendCycFramesByEntry(0): wFramesMonitoringProcCnt (0) < wFramesMonitoringSndCnt (1)
0000023664: Notify EC_NOTIFY_FRAME_RESPONSE_ERROR(No response error for cyclic frame IDX=0xd2, CycFrameNum=0, TaskId=0)
0000023665: Notify EC_NOTIFY_CYCCMD_WKC_ERROR(11, 0x10000000, 2, 15)
0000023665: Notify EC_NOTIFY_CYCCMD_WKC_ERROR(10, 0x10000800, 2, 15)
0000023665: Notify EC_NOTIFY_CYCCMD_WKC_ERROR(11, 0x10000000, 2, 15)
0000023665: Notify EC_NOTIFY_CYCCMD_WKC_ERROR(10, 0x10000800, 2, 15)
0000023666: Error: System overload: Cycle time too short or huge jitter!
0000023666: SendCycFramesByEntry(0): wFramesMonitoringProcCnt (0) < wFramesMonitoringSndCnt (1)
0000023666: Notify EC_NOTIFY_FRAME_RESPONSE_ERROR(No response error for cyclic frame IDX=0xd6, CycFrameNum=0, TaskId=0)
0000023667: Error: System overload: Cycle time too short or huge jitter!
0000023667: SendCycFramesByEntry(0): wFramesMonitoringProcCnt (0) < wFramesMonitoringSndCnt (1)
0000023667: Notify EC_NOTIFY_FRAME_RESPONSE_ERROR(No response error for cyclic frame IDX=0xd7, CycFrameNum=0, TaskId=0)
0000023667: Notify EC_NOTIFY_CYCCMD_WKC_ERROR(11, 0x10000000, 2, 15)
0000023667: Notify EC_NOTIFY_CYCCMD_WKC_ERROR(10, 0x10000800, 2, 15)
0000023667: Notify EC_NOTIFY_CYCCMD_WKC_ERROR(11, 0x10000000, 2, 15)
0000023667: Notify EC_NOTIFY_CYCCMD_WKC_ERROR(10, 0x10000800, 2, 15)
0000023668: Error: System overload: Cycle time too short or huge jitter!
0000023668: SendCycFramesByEntry(0): wFramesMonitoringProcCnt (0) < wFramesMonitoringSndCnt (1)
0000023668: Notify EC_NOTIFY_FRAME_RESPONSE_ERROR(No response error for cyclic frame IDX=0xd9, CycFrameNum=0, TaskId=0)
0000023668: Notify EC_NOTIFY_CYCCMD_WKC_ERROR(11, 0x10000000, 2, 15)
0000023668: Notify EC_NOTIFY_CYCCMD_WKC_ERROR(10, 0x10000800, 2, 15)
0000023669: Error: System overload: Cycle time too short or huge jitter!
0000023669: SendCycFramesByEntry(0): wFramesMonitoringProcCnt (0) < wFramesMonitoringSndCnt (1)
0000023669: Notify EC_NOTIFY_FRAME_RESPONSE_ERROR(No response error for cyclic frame IDX=0xdc, CycFrameNum=0, TaskId=0)
0000023670: Notify EC_NOTIFY_CYCCMD_WKC_ERROR(11, 0x10000000, 2, 15)
0000023670: Notify EC_NOTIFY_CYCCMD_WKC_ERROR(10, 0x10000800, 2, 15)
0000023670: Error: System overload: Cycle time too short or huge jitter!
0000023670: SendCycFramesByEntry(0): wFramesMonitoringProcCnt (0) < wFramesMonitoringSndCnt (1)
0000023670: Notify EC_NOTIFY_FRAME_RESPONSE_ERROR(No response error for cyclic frame IDX=0x0, CycFrameNum=0, TaskId=0)
0000023671: Notify EC_NOTIFY_CYCCMD_WKC_ERROR(11, 0x10000000, 2, 15)
0000023671: Notify EC_NOTIFY_CYCCMD_WKC_ERROR(10, 0x10000800, 2, 15)
0000023671: Error: System overload: Cycle time too short or huge jitter!
0000023671: SendCycFramesByEntry(0): wFramesMonitoringProcCnt (0) < wFramesMonitoringSndCnt (1)
0000023671: Notify EC_NOTIFY_FRAME_RESPONSE_ERROR(No response error for cyclic frame IDX=0x2, CycFrameNum=0, TaskId=0)
0000023672: Error: System overload: Cycle time too short or huge jitter!
0000023672: SendCycFramesByEntry(0): wFramesMonitoringProcCnt (0) < wFramesMonitoringSndCnt (1)
0000023672: Notify EC_NOTIFY_FRAME_RESPONSE_ERROR(No response error for cyclic frame IDX=0x3, CycFrameNum=0, TaskId=0)
0000023672: Error: System overload: Cycle time too short or huge jitter!
0000023672: SendCycFramesByEntry(0): wFramesMonitoringProcCnt (0) < wFramesMonitoringSndCnt (1)
0000023672: Notify EC_NOTIFY_FRAME_RESPONSE_ERROR(No response error for cyclic frame IDX=0x4, CycFrameNum=0, TaskId=0)
0000023673: Notify EC_NOTIFY_CYCCMD_WKC_ERROR(11, 0x10000000, 2, 15)
0000023673: Notify EC_NOTIFY_CYCCMD_WKC_ERROR(10, 0x10000800, 2, 15)
0000023673: Notify EC_NOTIFY_CYCCMD_WKC_ERROR(11, 0x10000000, 2, 15)
0000023673: Notify EC_NOTIFY_CYCCMD_WKC_ERROR(10, 0x10000800, 2, 15)
0000023673: Notify EC_NOTIFY_CYCCMD_WKC_ERROR(11, 0x10000000, 2, 15)
0000023673: Notify EC_NOTIFY_CYCCMD_WKC_ERROR(10, 0x10000800, 2, 15)
0000023675: Notify EC_NOTIFY_CYCCMD_WKC_ERROR(11, 0x10000000, 2, 15)
0000023675: Notify EC_NOTIFY_CYCCMD_WKC_ERROR(10, 0x10000800, 2, 15)
0000023677: Error: System overload: Cycle time too short or huge jitter!
0000023677: SendCycFramesByEntry(0): wFramesMonitoringProcCnt (0) < wFramesMonitoringSndCnt (1)
0000023677: Notify EC_NOTIFY_FRAME_RESPONSE_ERROR(No response error for cyclic frame IDX=0xd, CycFrameNum=0, TaskId=0)
0000023677: Notify EC_NOTIFY_CYCCMD_WKC_ERROR(11, 0x10000000, 2, 15)
0000023677: Notify EC_NOTIFY_CYCCMD_WKC_ERROR(10, 0x10000800, 2, 15)
0000023679: Error: System overload: Cycle time too short or huge jitter!
0000023679: SendCycFramesByEntry(0): wFramesMonitoringProcCnt (0) < wFramesMonitoringSndCnt (1)
0000023679: Notify EC_NOTIFY_FRAME_RESPONSE_ERROR(No response error for cyclic frame IDX=0x11, CycFrameNum=0, TaskId=0)
0000023679: Notify EC_NOTIFY_CYCCMD_WKC_ERROR(11, 0x10000000, 2, 15)
0000023679: Notify EC_NOTIFY_CYCCMD_WKC_ERROR(10, 0x10000800, 2, 15)
0000023682: Error: System overload: Cycle time too short or huge jitter!
0000023682: SendCycFramesByEntry(0): wFramesMonitoringProcCnt (0) < wFramesMonitoringSndCnt (1)
0000023682: Notify EC_NOTIFY_FRAME_RESPONSE_ERROR(No response error for cyclic frame IDX=0x18, CycFrameNum=0, TaskId=0)
0000023683: Error: System overload: Cycle time too short or huge jitter!
0000023683: SendCycFramesByEntry(0): wFramesMonitoringProcCnt (0) < wFramesMonitoringSndCnt (1)
0000023683: Notify EC_NOTIFY_FRAME_RESPONSE_ERROR(No response error for cyclic frame IDX=0x19, CycFrameNum=0, TaskId=0)
0000023683: Notify EC_NOTIFY_CYCCMD_WKC_ERROR(11, 0x10000000, 2, 15)
0000023683: Notify EC_NOTIFY_CYCCMD_WKC_ERROR(10, 0x10000800, 2, 15)
0000023683: Notify EC_NOTIFY_CYCCMD_WKC_ERROR(11, 0x10000000, 2, 15)
0000023683: Notify EC_NOTIFY_CYCCMD_WKC_ERROR(10, 0x10000800, 2, 15)
0000023684: Error: System overload: Cycle time too short or huge jitter!
0000023684: SendCycFramesByEntry(0): wFramesMonitoringProcCnt (0) < wFramesMonitoringSndCnt (1)
0000023684: Notify EC_NOTIFY_FRAME_RESPONSE_ERROR(No response error for cyclic frame IDX=0x1b, CycFrameNum=0, TaskId=0)
0000023684: Notify EC_NOTIFY_CYCCMD_WKC_ERROR(11, 0x10000000, 2, 15)
0000023684: Notify EC_NOTIFY_CYCCMD_WKC_ERROR(10, 0x10000800, 2, 15)
0000023687: Error: System overload: Cycle time too short or huge jitter!
0000023687: SendCycFramesByEntry(0): wFramesMonitoringProcCnt (0) < wFramesMonitoringSndCnt (1)
0000023687: Notify EC_NOTIFY_FRAME_RESPONSE_ERROR(No response error for cyclic frame IDX=0x22, CycFrameNum=0, TaskId=0)
0000023688: Notify EC_NOTIFY_CYCCMD_WKC_ERROR(11, 0x10000000, 2, 15)
0000023688: Notify EC_NOTIFY_CYCCMD_WKC_ERROR(10, 0x10000800, 2, 15)
0000023688: Error: System overload: Cycle time too short or huge jitter!
0000023688: SendCycFramesByEntry(0): wFramesMonitoringProcCnt (0) < wFramesMonitoringSndCnt (1)
0000023688: Notify EC_NOTIFY_FRAME_RESPONSE_ERROR(No response error for cyclic frame IDX=0x24, CycFrameNum=0, TaskId=0)
0000023689: Notify EC_NOTIFY_CYCCMD_WKC_ERROR(11, 0x10000000, 2, 15)
0000023689: Notify EC_NOTIFY_CYCCMD_WKC_ERROR(10, 0x10000800, 2, 15)
0000023690: Error: System overload: Cycle time too short or huge jitter!
0000023690: SendCycFramesByEntry(0): wFramesMonitoringProcCnt (0) < wFramesMonitoringSndCnt (1)
0000023690: Notify EC_NOTIFY_FRAME_RESPONSE_ERROR(No response error for cyclic frame IDX=0x27, CycFrameNum=0, TaskId=0)
0000023690: Notify EC_NOTIFY_CYCCMD_WKC_ERROR(11, 0x10000000, 2, 15)
0000023690: Notify EC_NOTIFY_CYCCMD_WKC_ERROR(10, 0x10000800, 2, 15)
0000023691: Error: System overload: Cycle time too short or huge jitter!
0000023691: SendCycFramesByEntry(0): wFramesMonitoringProcCnt (0) < wFramesMonitoringSndCnt (1)
0000023691: Notify EC_NOTIFY_FRAME_RESPONSE_ERROR(No response error for cyclic frame IDX=0x29, CycFrameNum=0, TaskId=0)
0000023691: Error: System overload: Cycle time too short or huge jitter!
0000023691: SendCycFramesByEntry(0): wFramesMonitoringProcCnt (0) < wFramesMonitoringSndCnt (1)
0000023691: Notify EC_NOTIFY_FRAME_RESPONSE_ERROR(No response error for cyclic frame IDX=0x2a, CycFrameNum=0, TaskId=0)
0000023692: Error: System overload: Cycle time too short or huge jitter!
0000023692: SendCycFramesByEntry(0): wFramesMonitoringProcCnt (0) < wFramesMonitoringSndCnt (1)
0000023692: Notify EC_NOTIFY_FRAME_RESPONSE_ERROR(No response error for cyclic frame IDX=0x2b, CycFrameNum=0, TaskId=0)
0000023692: Notify EC_NOTIFY_CYCCMD_WKC_ERROR(11, 0x10000000, 2, 15)
0000023692: Notify EC_NOTIFY_CYCCMD_WKC_ERROR(10, 0x10000800, 2, 15)
0000023692: Notify EC_NOTIFY_CYCCMD_WKC_ERROR(11, 0x10000000, 2, 15)
0000023692: Notify EC_NOTIFY_CYCCMD_WKC_ERROR(10, 0x10000800, 2, 15)
0000023692: Notify EC_NOTIFY_CYCCMD_WKC_ERROR(11, 0x10000000, 2, 15)
0000023692: Notify EC_NOTIFY_CYCCMD_WKC_ERROR(10, 0x10000800, 2, 15)
0000023693: Error: System overload: Cycle time too short or huge jitter!
0000023693: SendCycFramesByEntry(0): wFramesMonitoringProcCnt (0) < wFramesMonitoringSndCnt (1)
0000023693: Notify EC_NOTIFY_FRAME_RESPONSE_ERROR(No response error for cyclic frame IDX=0x2e, CycFrameNum=0, TaskId=0)
0000023694: Notify EC_NOTIFY_CYCCMD_WKC_ERROR(11, 0x10000000, 2, 15)
0000023694: Notify EC_NOTIFY_CYCCMD_WKC_ERROR(10, 0x10000800, 2, 15)
0000023694: Error: System overload: Cycle time too short or huge jitter!
0000023694: SendCycFramesByEntry(0): wFramesMonitoringProcCnt (0) < wFramesMonitoringSndCnt (1)
0000023694: Notify EC_NOTIFY_FRAME_RESPONSE_ERROR(No response error for cyclic frame IDX=0x30, CycFrameNum=0, TaskId=0)
0000023695: Error: System overload: Cycle time too short or huge jitter!
0000023695: SendCycFramesByEntry(0): wFramesMonitoringProcCnt (0) < wFramesMonitoringSndCnt (1)
0000023695: Notify EC_NOTIFY_FRAME_RESPONSE_ERROR(No response error for cyclic frame IDX=0x31, CycFrameNum=0, TaskId=0)
0000023695: Notify EC_NOTIFY_CYCCMD_WKC_ERROR(11, 0x10000000, 2, 15)
0000023695: Notify EC_NOTIFY_CYCCMD_WKC_ERROR(10, 0x10000800, 2, 15)
0000023695: Notify EC_NOTIFY_CYCCMD_WKC_ERROR(11, 0x10000000, 2, 15)
0000023695: Notify EC_NOTIFY_CYCCMD_WKC_ERROR(10, 0x10000800, 2, 15)
0000023696: Error: System overload: Cycle time too short or huge jitter!
0000023696: SendCycFramesByEntry(0): wFramesMonitoringProcCnt (0) < wFramesMonitoringSndCnt (1)
0000023696: Notify EC_NOTIFY_FRAME_RESPONSE_ERROR(No response error for cyclic frame IDX=0x33, CycFrameNum=0, TaskId=0)
0000023696: Notify EC_NOTIFY_CYCCMD_WKC_ERROR(11, 0x10000000, 2, 15)
0000023696: Notify EC_NOTIFY_CYCCMD_WKC_ERROR(10, 0x10000800, 2, 15)
0000023698: Error: System overload: Cycle time too short or huge jitter!
0000023698: SendCycFramesByEntry(0): wFramesMonitoringProcCnt (0) < wFramesMonitoringSndCnt (1)
0000023698: Notify EC_NOTIFY_FRAME_RESPONSE_ERROR(No response error for cyclic frame IDX=0x37, CycFrameNum=0, TaskId=0)
0000023698: Error: System overload: Cycle time too short or huge jitter!
0000023698: SendCycFramesByEntry(0): wFramesMonitoringProcCnt (0) < wFramesMonitoringSndCnt (1)
0000023698: Notify EC_NOTIFY_FRAME_RESPONSE_ERROR(No response error for cyclic frame IDX=0x38, CycFrameNum=0, TaskId=0)
0000023699: Notify EC_NOTIFY_CYCCMD_WKC_ERROR(11, 0x10000000, 2, 15)
0000023699: Notify EC_NOTIFY_CYCCMD_WKC_ERROR(10, 0x10000800, 2, 15)
0000023699: Notify EC_NOTIFY_CYCCMD_WKC_ERROR(11, 0x10000000, 2, 15)
0000023699: Notify EC_NOTIFY_CYCCMD_WKC_ERROR(10, 0x10000800, 2, 15)
0000023700: Error: System overload: Cycle time too short or huge jitter!
0000023700: SendCycFramesByEntry(0): wFramesMonitoringProcCnt (0) < wFramesMonitoringSndCnt (1)
0000023700: Notify EC_NOTIFY_FRAME_RESPONSE_ERROR(No response error for cyclic frame IDX=0x3b, CycFrameNum=0, TaskId=0)
0000023700: Error: System overload: Cycle time too short or huge jitter!
0000023700: SendCycFramesByEntry(0): wFramesMonitoringProcCnt (0) < wFramesMonitoringSndCnt (1)
0000023700: Notify EC_NOTIFY_FRAME_RESPONSE_ERROR(No response error for cyclic frame IDX=0x3c, CycFrameNum=0, TaskId=0)
0000023701: Error: System overload: Cycle time too short or huge jitter!
0000023701: SendCycFramesByEntry(0): wFramesMonitoringProcCnt (0) < wFramesMonitoringSndCnt (1)
0000023701: Notify EC_NOTIFY_FRAME_RESPONSE_ERROR(No response error for cyclic frame IDX=0x3d, CycFrameNum=0, TaskId=0)
0000023701: Notify EC_NOTIFY_CYCCMD_WKC_ERROR(11, 0x10000000, 2, 15)
0000023701: Notify EC_NOTIFY_CYCCMD_WKC_ERROR(10, 0x10000800, 2, 15)
0000023701: Notify EC_NOTIFY_CYCCMD_WKC_ERROR(11, 0x10000000, 2, 15)
0000023701: Notify EC_NOTIFY_CYCCMD_WKC_ERROR(10, 0x10000800, 2, 15)
0000023701: Notify EC_NOTIFY_CYCCMD_WKC_ERROR(11, 0x10000000, 2, 15)
0000023701: Notify EC_NOTIFY_CYCCMD_WKC_ERROR(10, 0x10000800, 2, 15)
0000023706: Error: System overload: Cycle time too short or huge jitter!
0000023706: SendCycFramesByEntry(0): wFramesMonitoringProcCnt (0) < wFramesMonitoringSndCnt (1)
0000023706: Notify EC_NOTIFY_FRAME_RESPONSE_ERROR(No response error for cyclic frame IDX=0x48, CycFrameNum=0, TaskId=0)
0000023707: Notify EC_NOTIFY_CYCCMD_WKC_ERROR(11, 0x10000000, 2, 15)
0000023707: Notify EC_NOTIFY_CYCCMD_WKC_ERROR(10, 0x10000800, 2, 15)
0000023708: Error: System overload: Cycle time too short or huge jitter!
0000023708: SendCycFramesByEntry(0): wFramesMonitoringProcCnt (0) < wFramesMonitoringSndCnt (1)
0000023708: Notify EC_NOTIFY_FRAME_RESPONSE_ERROR(No response error for cyclic frame IDX=0x4b, CycFrameNum=0, TaskId=0)
0000023708: Notify EC_NOTIFY_CYCCMD_WKC_ERROR(11, 0x10000000, 2, 15)
0000023708: Notify EC_NOTIFY_CYCCMD_WKC_ERROR(10, 0x10000800, 2, 15)
0000023709: Error: System overload: Cycle time too short or huge jitter!
0000023709: SendCycFramesByEntry(0): wFramesMonitoringProcCnt (0) < wFramesMonitoringSndCnt (1)
0000023709: Notify EC_NOTIFY_FRAME_RESPONSE_ERROR(No response error for cyclic frame IDX=0x4d, CycFrameNum=0, TaskId=0)
0000023709: Error: System overload: Cycle time too short or huge jitter!
0000023709: SendCycFramesByEntry(0): wFramesMonitoringProcCnt (0) < wFramesMonitoringSndCnt (1)
0000023709: Notify EC_NOTIFY_FRAME_RESPONSE_ERROR(No response error for cyclic frame IDX=0x4e, CycFrameNum=0, TaskId=0)
0000023710: Notify EC_NOTIFY_CYCCMD_WKC_ERROR(11, 0x10000000, 2, 15)
0000023710: Notify EC_NOTIFY_CYCCMD_WKC_ERROR(10, 0x10000800, 2, 15)
0000023710: Notify EC_NOTIFY_CYCCMD_WKC_ERROR(11, 0x10000000, 2, 15)
0000023710: Notify EC_NOTIFY_CYCCMD_WKC_ERROR(10, 0x10000800, 2, 15)
0000023710: Error: System overload: Cycle time too short or huge jitter!
0000023710: SendCycFramesByEntry(0): wFramesMonitoringProcCnt (0) < wFramesMonitoringSndCnt (1)
0000023710: Notify EC_NOTIFY_FRAME_RESPONSE_ERROR(No response error for cyclic frame IDX=0x50, CycFrameNum=0, TaskId=0)
0000023711: Notify EC_NOTIFY_CYCCMD_WKC_ERROR(11, 0x10000000, 2, 15)
0000023711: Notify EC_NOTIFY_CYCCMD_WKC_ERROR(10, 0x10000800, 2, 15)
0000023711: Error: System overload: Cycle time too short or huge jitter!
0000023711: SendCycFramesByEntry(0): wFramesMonitoringProcCnt (0) < wFramesMonitoringSndCnt (1)
0000023711: Notify EC_NOTIFY_FRAME_RESPONSE_ERROR(No response error for cyclic frame IDX=0x52, CycFrameNum=0, TaskId=0)
0000023712: Notify EC_NOTIFY_CYCCMD_WKC_ERROR(11, 0x10000000, 2, 15)
0000023712: Notify EC_NOTIFY_CYCCMD_WKC_ERROR(10, 0x10000800, 2, 15)
0000023713: Error: System overload: Cycle time too short or huge jitter!
0000023713: SendCycFramesByEntry(0): wFramesMonitoringProcCnt (0) < wFramesMonitoringSndCnt (1)
0000023713: Notify EC_NOTIFY_FRAME_RESPONSE_ERROR(No response error for cyclic frame IDX=0x55, CycFrameNum=0, TaskId=0)
0000023713: Notify EC_NOTIFY_CYCCMD_WKC_ERROR(11, 0x10000000, 2, 15)
0000023713: Notify EC_NOTIFY_CYCCMD_WKC_ERROR(10, 0x10000800, 2, 15)
0000023715: Error: System overload: Cycle time too short or huge jitter!
0000023715: SendCycFramesByEntry(0): wFramesMonitoringProcCnt (0) < wFramesMonitoringSndCnt (1)
0000023715: Notify EC_NOTIFY_FRAME_RESPONSE_ERROR(No response error for cyclic frame IDX=0x59, CycFrameNum=0, TaskId=0)
0000023715: Notify EC_NOTIFY_CYCCMD_WKC_ERROR(11, 0x10000000, 2, 15)
0000023715: Notify EC_NOTIFY_CYCCMD_WKC_ERROR(10, 0x10000800, 2, 15)
0000023715: Notify EC_NOTIFY_CYCCMD_WKC_ERROR(11, 0x10000000, 2, 15)
0000023715: Notify EC_NOTIFY_CYCCMD_WKC_ERROR(10, 0x10000800, 2, 15)
0000023717: Error: System overload: Cycle time too short or huge jitter!
0000023717: SendCycFramesByEntry(0): wFramesMonitoringProcCnt (0) < wFramesMonitoringSndCnt (1)
0000023717: Notify EC_NOTIFY_FRAME_RESPONSE_ERROR(No response error for cyclic frame IDX=0x5e, CycFrameNum=0, TaskId=0)
0000023718: Notify EC_NOTIFY_CYCCMD_WKC_ERROR(11, 0x10000000, 2, 15)
0000023718: Notify EC_NOTIFY_CYCCMD_WKC_ERROR(10, 0x10000800, 2, 15)
0000023721: Error: System overload: Cycle time too short or huge jitter!
0000023721: SendCycFramesByEntry(0): wFramesMonitoringProcCnt (0) < wFramesMonitoringSndCnt (1)
0000023721: Notify EC_NOTIFY_FRAME_RESPONSE_ERROR(No response error for cyclic frame IDX=0x66, CycFrameNum=0, TaskId=0)
0000023722: Notify EC_NOTIFY_CYCCMD_WKC_ERROR(11, 0x10000000, 2, 15)
0000023722: Notify EC_NOTIFY_CYCCMD_WKC_ERROR(10, 0x10000800, 2, 15)
0000023722: Error: System overload: Cycle time too short or huge jitter!
0000023722: SendCycFramesByEntry(0): wFramesMonitoringProcCnt (0) < wFramesMonitoringSndCnt (1)
0000023722: Notify EC_NOTIFY_FRAME_RESPONSE_ERROR(No response error for cyclic frame IDX=0x68, CycFrameNum=0, TaskId=0)
0000023723: Notify EC_NOTIFY_CYCCMD_WKC_ERROR(11, 0x10000000, 2, 15)
0000023723: Notify EC_NOTIFY_CYCCMD_WKC_ERROR(10, 0x10000800, 2, 15)
0000023724: Error: System overload: Cycle time too short or huge jitter!
0000023724: SendCycFramesByEntry(0): wFramesMonitoringProcCnt (0) < wFramesMonitoringSndCnt (1)
0000023724: Notify EC_NOTIFY_FRAME_RESPONSE_ERROR(No response error for cyclic frame IDX=0x6b, CycFrameNum=0, TaskId=0)
0000023724: Notify EC_NOTIFY_CYCCMD_WKC_ERROR(11, 0x10000000, 2, 15)
0000023724: Notify EC_NOTIFY_CYCCMD_WKC_ERROR(10, 0x10000800, 2, 15)
0000023726: Error: System overload: Cycle time too short or huge jitter!
0000023726: SendCycFramesByEntry(0): wFramesMonitoringProcCnt (0) < wFramesMonitoringSndCnt (1)
0000023726: Notify EC_NOTIFY_FRAME_RESPONSE_ERROR(No response error for cyclic frame IDX=0x6f, CycFrameNum=0, TaskId=0)
0000023726: Error: System overload: Cycle time too short or huge jitter!
0000023726: SendCycFramesByEntry(0): wFramesMonitoringProcCnt (0) < wFramesMonitoringSndCnt (1)
0000023726: Notify EC_NOTIFY_FRAME_RESPONSE_ERROR(No response error for cyclic frame IDX=0x70, CycFrameNum=0, TaskId=0)
0000023727: Notify EC_NOTIFY_CYCCMD_WKC_ERROR(11, 0x10000000, 2, 15)
0000023727: Notify EC_NOTIFY_CYCCMD_WKC_ERROR(10, 0x10000800, 2, 15)
0000023727: Notify EC_NOTIFY_CYCCMD_WKC_ERROR(11, 0x10000000, 2, 15)
0000023727: Notify EC_NOTIFY_CYCCMD_WKC_ERROR(10, 0x10000800, 2, 15)
0000023727: Error: System overload: Cycle time too short or huge jitter!
0000023727: SendCycFramesByEntry(0): wFramesMonitoringProcCnt (0) < wFramesMonitoringSndCnt (1)
0000023727: Notify EC_NOTIFY_FRAME_RESPONSE_ERROR(No response error for cyclic frame IDX=0x72, CycFrameNum=0, TaskId=0)
0000023728: Notify EC_NOTIFY_CYCCMD_WKC_ERROR(11, 0x10000000, 2, 15)
0000023728: Notify EC_NOTIFY_CYCCMD_WKC_ERROR(10, 0x10000800, 2, 15)
0000023728: Error: System overload: Cycle time too short or huge jitter!
0000023728: SendCycFramesByEntry(0): wFramesMonitoringProcCnt (0) < wFramesMonitoringSndCnt (1)
0000023728: Notify EC_NOTIFY_FRAME_RESPONSE_ERROR(No response error for cyclic frame IDX=0x74, CycFrameNum=0, TaskId=0)
0000023729: Notify EC_NOTIFY_CYCCMD_WKC_ERROR(11, 0x10000000, 2, 15)
0000023729: Notify EC_NOTIFY_CYCCMD_WKC_ERROR(10, 0x10000800, 2, 15)
0000023730: Error: System overload: Cycle time too short or huge jitter!
0000023730: SendCycFramesByEntry(0): wFramesMonitoringProcCnt (0) < wFramesMonitoringSndCnt (1)
0000023730: Notify EC_NOTIFY_FRAME_RESPONSE_ERROR(No response error for cyclic frame IDX=0x77, CycFrameNum=0, TaskId=0)
0000023730: Notify EC_NOTIFY_CYCCMD_WKC_ERROR(11, 0x10000000, 2, 15)
0000023730: Notify EC_NOTIFY_CYCCMD_WKC_ERROR(10, 0x10000800, 2, 15)
0000023732: Error: System overload: Cycle time too short or huge jitter!
0000023732: SendCycFramesByEntry(0): wFramesMonitoringProcCnt (0) < wFramesMonitoringSndCnt (1)
0000023732: Notify EC_NOTIFY_FRAME_RESPONSE_ERROR(No response error for cyclic frame IDX=0x7b, CycFrameNum=0, TaskId=0)
0000023732: Error: System overload: Cycle time too short or huge jitter!
0000023732: SendCycFramesByEntry(0): wFramesMonitoringProcCnt (0) < wFramesMonitoringSndCnt (1)
0000023732: Notify EC_NOTIFY_FRAME_RESPONSE_ERROR(No response error for cyclic frame IDX=0x7c, CycFrameNum=0, TaskId=0)
0000023733: Notify EC_NOTIFY_CYCCMD_WKC_ERROR(11, 0x10000000, 2, 15)
0000023733: Notify EC_NOTIFY_CYCCMD_WKC_ERROR(10, 0x10000800, 2, 15)
0000023733: Notify EC_NOTIFY_CYCCMD_WKC_ERROR(11, 0x10000000, 2, 15)
0000023733: Notify EC_NOTIFY_CYCCMD_WKC_ERROR(10, 0x10000800, 2, 15)
0000023734: Error: System overload: Cycle time too short or huge jitter!
0000023734: SendCycFramesByEntry(0): wFramesMonitoringProcCnt (0) < wFramesMonitoringSndCnt (1)
0000023734: Notify EC_NOTIFY_FRAME_RESPONSE_ERROR(No response error for cyclic frame IDX=0x80, CycFrameNum=0, TaskId=0)
0000023735: Notify EC_NOTIFY_CYCCMD_WKC_ERROR(11, 0x10000000, 2, 15)
0000023735: Notify EC_NOTIFY_CYCCMD_WKC_ERROR(10, 0x10000800, 2, 15)
0000023737: Error: System overload: Cycle time too short or huge jitter!
0000023737: SendCycFramesByEntry(0): wFramesMonitoringProcCnt (0) < wFramesMonitoringSndCnt (1)
0000023737: Notify EC_NOTIFY_FRAME_RESPONSE_ERROR(No response error for cyclic frame IDX=0x85, CycFrameNum=0, TaskId=0)
0000023737: Error: System overload: Cycle time too short or huge jitter!
0000023737: SendCycFramesByEntry(0): wFramesMonitoringProcCnt (0) < wFramesMonitoringSndCnt (1)
0000023737: Notify EC_NOTIFY_FRAME_RESPONSE_ERROR(No response error for cyclic frame IDX=0x86, CycFrameNum=0, TaskId=0)
0000023738: Notify EC_NOTIFY_CYCCMD_WKC_ERROR(11, 0x10000000, 2, 15)
0000023738: Notify EC_NOTIFY_CYCCMD_WKC_ERROR(10, 0x10000800, 2, 15)
0000023738: Notify EC_NOTIFY_CYCCMD_WKC_ERROR(11, 0x10000000, 2, 15)
0000023738: Notify EC_NOTIFY_CYCCMD_WKC_ERROR(10, 0x10000800, 2, 15)
0000023738: Error: System overload: Cycle time too short or huge jitter!
0000023738: SendCycFramesByEntry(0): wFramesMonitoringProcCnt (0) < wFramesMonitoringSndCnt (1)
0000023738: Notify EC_NOTIFY_FRAME_RESPONSE_ERROR(No response error for cyclic frame IDX=0x88, CycFrameNum=0, TaskId=0)
0000023739: Notify EC_NOTIFY_CYCCMD_WKC_ERROR(11, 0x10000000, 2, 15)
0000023739: Notify EC_NOTIFY_CYCCMD_WKC_ERROR(10, 0x10000800, 2, 15)
0000023740: Error: System overload: Cycle time too short or huge jitter!
0000023740: SendCycFramesByEntry(0): wFramesMonitoringProcCnt (0) < wFramesMonitoringSndCnt (1)
0000023740: Notify EC_NOTIFY_FRAME_RESPONSE_ERROR(No response error for cyclic frame IDX=0x8c, CycFrameNum=0, TaskId=0)
0000023741: Error: System overload: Cycle time too short or huge jitter!
0000023741: SendCycFramesByEntry(0): wFramesMonitoringProcCnt (0) < wFramesMonitoringSndCnt (1)
0000023741: Notify EC_NOTIFY_FRAME_RESPONSE_ERROR(No response error for cyclic frame IDX=0x8d, CycFrameNum=0, TaskId=0)
0000023741: Notify EC_NOTIFY_CYCCMD_WKC_ERROR(11, 0x10000000, 2, 15)
0000023741: Notify EC_NOTIFY_CYCCMD_WKC_ERROR(10, 0x10000800, 2, 15)
0000023741: Notify EC_NOTIFY_CYCCMD_WKC_ERROR(11, 0x10000000, 2, 15)
0000023741: Notify EC_NOTIFY_CYCCMD_WKC_ERROR(10, 0x10000800, 2, 15)
0000023742: Error: System overload: Cycle time too short or huge jitter!
0000023742: SendCycFramesByEntry(0): wFramesMonitoringProcCnt (0) < wFramesMonitoringSndCnt (1)
0000023742: Notify EC_NOTIFY_FRAME_RESPONSE_ERROR(No response error for cyclic frame IDX=0x90, CycFrameNum=0, TaskId=0)
0000023743: Notify EC_NOTIFY_CYCCMD_WKC_ERROR(11, 0x10000000, 2, 15)
0000023743: Notify EC_NOTIFY_CYCCMD_WKC_ERROR(10, 0x10000800, 2, 15)
0000023743: Error: System overload: Cycle time too short or huge jitter!
0000023743: SendCycFramesByEntry(0): wFramesMonitoringProcCnt (0) < wFramesMonitoringSndCnt (1)
0000023743: Notify EC_NOTIFY_FRAME_RESPONSE_ERROR(No response error for cyclic frame IDX=0x92, CycFrameNum=0, TaskId=0)
0000023744: Notify EC_NOTIFY_CYCCMD_WKC_ERROR(11, 0x10000000, 2, 15)
0000023744: Notify EC_NOTIFY_CYCCMD_WKC_ERROR(10, 0x10000800, 2, 15)
0000023744: Error: System overload: Cycle time too short or huge jitter!
0000023744: SendCycFramesByEntry(0): wFramesMonitoringProcCnt (0) < wFramesMonitoringSndCnt (1)
0000023744: Notify EC_NOTIFY_FRAME_RESPONSE_ERROR(No response error for cyclic frame IDX=0x94, CycFrameNum=0, TaskId=0)
0000023745: Notify EC_NOTIFY_CYCCMD_WKC_ERROR(11, 0x10000000, 2, 15)
0000023745: Notify EC_NOTIFY_CYCCMD_WKC_ERROR(10, 0x10000800, 2, 15)
0000023745: Notify EC_NOTIFY_CYCCMD_WKC_ERROR(11, 0x10000000, 2, 15)
0000023745: Notify EC_NOTIFY_CYCCMD_WKC_ERROR(10, 0x10000800, 2, 15)
0000023747: Error: System overload: Cycle time too short or huge jitter!
0000023747: SendCycFramesByEntry(0): wFramesMonitoringProcCnt (0) < wFramesMonitoringSndCnt (1)
0000023747: Notify EC_NOTIFY_FRAME_RESPONSE_ERROR(No response error for cyclic frame IDX=0x99, CycFrameNum=0, TaskId=0)
0000023747: Notify EC_NOTIFY_CYCCMD_WKC_ERROR(11, 0x10000000, 2, 15)
0000023747: Notify EC_NOTIFY_CYCCMD_WKC_ERROR(10, 0x10000800, 2, 15)
0000023748: Error: System overload: Cycle time too short or huge jitter!
0000023748: SendCycFramesByEntry(0): wFramesMonitoringProcCnt (0) < wFramesMonitoringSndCnt (1)
0000023748: Notify EC_NOTIFY_FRAME_RESPONSE_ERROR(No response error for cyclic frame IDX=0x9b, CycFrameNum=0, TaskId=0)
0000023748: Error: System overload: Cycle time too short or huge jitter!
0000023748: SendCycFramesByEntry(0): wFramesMonitoringProcCnt (0) < wFramesMonitoringSndCnt (1)
0000023748: Notify EC_NOTIFY_FRAME_RESPONSE_ERROR(No response error for cyclic frame IDX=0x9c, CycFrameNum=0, TaskId=0)
0000023749: Error: System overload: Cycle time too short or huge jitter!
0000023749: SendCycFramesByEntry(0): wFramesMonitoringProcCnt (0) < wFramesMonitoringSndCnt (1)
0000023749: Notify EC_NOTIFY_FRAME_RESPONSE_ERROR(No response error for cyclic frame IDX=0x9d, CycFrameNum=0, TaskId=0)
0000023749: Notify EC_NOTIFY_CYCCMD_WKC_ERROR(11, 0x10000000, 2, 15)
0000023749: Notify EC_NOTIFY_CYCCMD_WKC_ERROR(10, 0x10000800, 2, 15)
0000023749: Notify EC_NOTIFY_CYCCMD_WKC_ERROR(11, 0x10000000, 2, 15)
0000023749: Notify EC_NOTIFY_CYCCMD_WKC_ERROR(10, 0x10000800, 2, 15)
0000023749: Notify EC_NOTIFY_CYCCMD_WKC_ERROR(11, 0x10000000, 2, 15)
0000023749: Notify EC_NOTIFY_CYCCMD_WKC_ERROR(10, 0x10000800, 2, 15)
0000023750: Error: System overload: Cycle time too short or huge jitter!
0000023750: SendCycFramesByEntry(0): wFramesMonitoringProcCnt (0) < wFramesMonitoringSndCnt (1)
0000023750: Notify EC_NOTIFY_FRAME_RESPONSE_ERROR(No response error for cyclic frame IDX=0xa0, CycFrameNum=0, TaskId=0)
0000023751: Notify EC_NOTIFY_CYCCMD_WKC_ERROR(11, 0x10000000, 2, 15)
0000023751: Notify EC_NOTIFY_CYCCMD_WKC_ERROR(10, 0x10000800, 2, 15)
0000023751: Error: System overload: Cycle time too short or huge jitter!
0000023751: SendCycFramesByEntry(0): wFramesMonitoringProcCnt (0) < wFramesMonitoringSndCnt (1)
0000023751: Notify EC_NOTIFY_FRAME_RESPONSE_ERROR(No response error for cyclic frame IDX=0xa2, CycFrameNum=0, TaskId=0)
0000023752: Notify EC_NOTIFY_CYCCMD_WKC_ERROR(11, 0x10000000, 2, 15)
0000023752: Notify EC_NOTIFY_CYCCMD_WKC_ERROR(10, 0x10000800, 2, 15)
0000023753: Error: System overload: Cycle time too short or huge jitter!
0000023753: SendCycFramesByEntry(0): wFramesMonitoringProcCnt (0) < wFramesMonitoringSndCnt (1)
0000023753: Notify EC_NOTIFY_FRAME_RESPONSE_ERROR(No response error for cyclic frame IDX=0xa5, CycFrameNum=0, TaskId=0)
0000023753: Error: System overload: Cycle time too short or huge jitter!
0000023753: SendCycFramesByEntry(0): wFramesMonitoringProcCnt (0) < wFramesMonitoringSndCnt (1)
0000023753: Notify EC_NOTIFY_FRAME_RESPONSE_ERROR(No response error for cyclic frame IDX=0xa6, CycFrameNum=0, TaskId=0)
0000023754: Error: System overload: Cycle time too short or huge jitter!
0000023754: SendCycFramesByEntry(0): wFramesMonitoringProcCnt (0) < wFramesMonitoringSndCnt (1)
0000023754: Notify EC_NOTIFY_FRAME_RESPONSE_ERROR(No response error for cyclic frame IDX=0xa7, CycFrameNum=0, TaskId=0)
0000023754: Error: System overload: Cycle time too short or huge jitter!
0000023754: SendCycFramesByEntry(0): wFramesMonitoringProcCnt (0) < wFramesMonitoringSndCnt (1)
0000023754: Notify EC_NOTIFY_FRAME_RESPONSE_ERROR(No response error for cyclic frame IDX=0xa8, CycFrameNum=0, TaskId=0)
0000023755: Notify EC_NOTIFY_CYCCMD_WKC_ERROR(11, 0x10000000, 2, 15)
0000023755: Notify EC_NOTIFY_CYCCMD_WKC_ERROR(10, 0x10000800, 2, 15)
0000023755: Notify EC_NOTIFY_CYCCMD_WKC_ERROR(11, 0x10000000, 2, 15)
0000023755: Notify EC_NOTIFY_CYCCMD_WKC_ERROR(10, 0x10000800, 2, 15)
0000023755: Notify EC_NOTIFY_CYCCMD_WKC_ERROR(11, 0x10000000, 2, 15)
0000023755: Notify EC_NOTIFY_CYCCMD_WKC_ERROR(10, 0x10000800, 2, 15)
0000023755: Notify EC_NOTIFY_CYCCMD_WKC_ERROR(11, 0x10000000, 2, 15)
0000023755: Notify EC_NOTIFY_CYCCMD_WKC_ERROR(10, 0x10000800, 2, 15)
0000023755: Notify EC_NOTIFY_CYCCMD_WKC_ERROR(11, 0x10000000, 2, 15)
0000023755: Notify EC_NOTIFY_CYCCMD_WKC_ERROR(10, 0x10000800, 2, 15)
0000023756: Error: System overload: Cycle time too short or huge jitter!
0000023756: SendCycFramesByEntry(0): wFramesMonitoringProcCnt (0) < wFramesMonitoringSndCnt (1)
0000023756: Notify EC_NOTIFY_FRAME_RESPONSE_ERROR(No response error for cyclic frame IDX=0xac, CycFrameNum=0, TaskId=0)
0000023757: Notify EC_NOTIFY_CYCCMD_WKC_ERROR(11, 0x10000000, 2, 15)
0000023757: Notify EC_NOTIFY_CYCCMD_WKC_ERROR(10, 0x10000800, 2, 15)
0000023757: Error: System overload: Cycle time too short or huge jitter!
0000023757: SendCycFramesByEntry(0): wFramesMonitoringProcCnt (0) < wFramesMonitoringSndCnt (1)
0000023757: Notify EC_NOTIFY_FRAME_RESPONSE_ERROR(No response error for cyclic frame IDX=0xae, CycFrameNum=0, TaskId=0)
0000023758: Error: System overload: Cycle time too short or huge jitter!
0000023758: SendCycFramesByEntry(0): wFramesMonitoringProcCnt (0) < wFramesMonitoringSndCnt (1)
0000023758: Notify EC_NOTIFY_FRAME_RESPONSE_ERROR(No response error for cyclic frame IDX=0xaf, CycFrameNum=0, TaskId=0)
0000023758: Notify EC_NOTIFY_CYCCMD_WKC_ERROR(11, 0x10000000, 2, 15)
0000023758: Notify EC_NOTIFY_CYCCMD_WKC_ERROR(10, 0x10000800, 2, 15)
0000023758: Notify EC_NOTIFY_CYCCMD_WKC_ERROR(11, 0x10000000, 2, 15)
0000023758: Notify EC_NOTIFY_CYCCMD_WKC_ERROR(10, 0x10000800, 2, 15)
0000023759: Error: System overload: Cycle time too short or huge jitter!
0000023759: SendCycFramesByEntry(0): wFramesMonitoringProcCnt (0) < wFramesMonitoringSndCnt (1)
0000023759: Notify EC_NOTIFY_FRAME_RESPONSE_ERROR(No response error for cyclic frame IDX=0xb1, CycFrameNum=0, TaskId=0)
0000023759: Notify EC_NOTIFY_CYCCMD_WKC_ERROR(11, 0x10000000, 2, 15)
0000023759: Notify EC_NOTIFY_CYCCMD_WKC_ERROR(10, 0x10000800, 2, 15)
0000023761: Error: System overload: Cycle time too short or huge jitter!
0000023761: SendCycFramesByEntry(0): wFramesMonitoringProcCnt (0) < wFramesMonitoringSndCnt (1)
0000023761: Notify EC_NOTIFY_FRAME_RESPONSE_ERROR(No response error for cyclic frame IDX=0xb6, CycFrameNum=0, TaskId=0)
0000023762: Notify EC_NOTIFY_CYCCMD_WKC_ERROR(11, 0x10000000, 2, 15)
0000023762: Notify EC_NOTIFY_CYCCMD_WKC_ERROR(10, 0x10000800, 2, 15)
0000023762: Error: System overload: Cycle time too short or huge jitter!
0000023762: SendCycFramesByEntry(0): wFramesMonitoringProcCnt (0) < wFramesMonitoringSndCnt (1)
0000023762: Notify EC_NOTIFY_FRAME_RESPONSE_ERROR(No response error for cyclic frame IDX=0xb8, CycFrameNum=0, TaskId=0)
0000023763: Notify EC_NOTIFY_CYCCMD_WKC_ERROR(11, 0x10000000, 2, 15)
0000023763: Notify EC_NOTIFY_CYCCMD_WKC_ERROR(10, 0x10000800, 2, 15)
0000023764: Error: System overload: Cycle time too short or huge jitter!
0000023764: SendCycFramesByEntry(0): wFramesMonitoringProcCnt (0) < wFramesMonitoringSndCnt (1)
0000023764: Notify EC_NOTIFY_FRAME_RESPONSE_ERROR(No response error for cyclic frame IDX=0xbb, CycFrameNum=0, TaskId=0)
0000023764: Notify EC_NOTIFY_CYCCMD_WKC_ERROR(11, 0x10000000, 2, 15)
0000023764: Notify EC_NOTIFY_CYCCMD_WKC_ERROR(10, 0x10000800, 2, 15)
0000023765: Error: System overload: Cycle time too short or huge jitter!
0000023765: SendCycFramesByEntry(0): wFramesMonitoringProcCnt (0) < wFramesMonitoringSndCnt (1)
0000023765: Notify EC_NOTIFY_FRAME_RESPONSE_ERROR(No response error for cyclic frame IDX=0xbd, CycFrameNum=0, TaskId=0)
0000023765: Notify EC_NOTIFY_CYCCMD_WKC_ERROR(11, 0x10000000, 2, 15)
0000023765: Notify EC_NOTIFY_CYCCMD_WKC_ERROR(10, 0x10000800, 2, 15)
0000023765: Notify EC_NOTIFY_CYCCMD_WKC_ERROR(11, 0x10000000, 2, 15)
0000023765: Notify EC_NOTIFY_CYCCMD_WKC_ERROR(10, 0x10000800, 2, 15)
0000023766: Error: System overload: Cycle time too short or huge jitter!
0000023766: SendCycFramesByEntry(0): wFramesMonitoringProcCnt (0) < wFramesMonitoringSndCnt (1)
0000023766: Notify EC_NOTIFY_FRAME_RESPONSE_ERROR(No response error for cyclic frame IDX=0xbf, CycFrameNum=0, TaskId=0)
0000023766: Error: System overload: Cycle time too short or huge jitter!
0000023766: SendCycFramesByEntry(0): wFramesMonitoringProcCnt (0) < wFramesMonitoringSndCnt (1)
0000023766: Notify EC_NOTIFY_FRAME_RESPONSE_ERROR(No response error for cyclic frame IDX=0xc0, CycFrameNum=0, TaskId=0)
0000023767: Notify EC_NOTIFY_CYCCMD_WKC_ERROR(11, 0x10000000, 2, 15)
0000023767: Notify EC_NOTIFY_CYCCMD_WKC_ERROR(10, 0x10000800, 2, 15)
0000023767: Notify EC_NOTIFY_CYCCMD_WKC_ERROR(11, 0x10000000, 2, 15)
0000023767: Notify EC_NOTIFY_CYCCMD_WKC_ERROR(10, 0x10000800, 2, 15)
0000023767: Error: System overload: Cycle time too short or huge jitter!
0000023767: SendCycFramesByEntry(0): wFramesMonitoringProcCnt (0) < wFramesMonitoringSndCnt (1)
0000023767: Notify EC_NOTIFY_FRAME_RESPONSE_ERROR(No response error for cyclic frame IDX=0xc2, CycFrameNum=0, TaskId=0)
0000023768: Notify EC_NOTIFY_CYCCMD_WKC_ERROR(11, 0x10000000, 2, 15)
0000023768: Notify EC_NOTIFY_CYCCMD_WKC_ERROR(10, 0x10000800, 2, 15)
0000023770: Error: System overload: Cycle time too short or huge jitter!
0000023770: SendCycFramesByEntry(0): wFramesMonitoringProcCnt (0) < wFramesMonitoringSndCnt (1)
0000023770: Notify EC_NOTIFY_FRAME_RESPONSE_ERROR(No response error for cyclic frame IDX=0xc7, CycFrameNum=0, TaskId=0)
0000023770: Notify EC_NOTIFY_CYCCMD_WKC_ERROR(11, 0x10000000, 2, 15)
0000023770: Notify EC_NOTIFY_CYCCMD_WKC_ERROR(10, 0x10000800, 2, 15)
0000023771: Error: System overload: Cycle time too short or huge jitter!
0000023771: SendCycFramesByEntry(0): wFramesMonitoringProcCnt (0) < wFramesMonitoringSndCnt (1)
0000023771: Notify EC_NOTIFY_FRAME_RESPONSE_ERROR(No response error for cyclic frame IDX=0xc9, CycFrameNum=0, TaskId=0)
0000023771: Error: System overload: Cycle time too short or huge jitter!
0000023771: SendCycFramesByEntry(0): wFramesMonitoringProcCnt (0) < wFramesMonitoringSndCnt (1)
0000023771: Notify EC_NOTIFY_FRAME_RESPONSE_ERROR(No response error for cyclic frame IDX=0xca, CycFrameNum=0, TaskId=0)
0000023772: Notify EC_NOTIFY_CYCCMD_WKC_ERROR(11, 0x10000000, 2, 15)
0000023772: Notify EC_NOTIFY_CYCCMD_WKC_ERROR(10, 0x10000800, 2, 15)
0000023772: Notify EC_NOTIFY_CYCCMD_WKC_ERROR(11, 0x10000000, 2, 15)
0000023772: Notify EC_NOTIFY_CYCCMD_WKC_ERROR(10, 0x10000800, 2, 15)
0000023772: Error: System overload: Cycle time too short or huge jitter!
0000023772: SendCycFramesByEntry(0): wFramesMonitoringProcCnt (0) < wFramesMonitoringSndCnt (1)
0000023772: Notify EC_NOTIFY_FRAME_RESPONSE_ERROR(No response error for cyclic frame IDX=0xcc, CycFrameNum=0, TaskId=0)
0000023773: Notify EC_NOTIFY_CYCCMD_WKC_ERROR(11, 0x10000000, 2, 15)
0000023773: Notify EC_NOTIFY_CYCCMD_WKC_ERROR(10, 0x10000800, 2, 15)
0000023773: Error: System overload: Cycle time too short or huge jitter!
0000023773: SendCycFramesByEntry(0): wFramesMonitoringProcCnt (0) < wFramesMonitoringSndCnt (1)
0000023773: Notify EC_NOTIFY_FRAME_RESPONSE_ERROR(No response error for cyclic frame IDX=0xce, CycFrameNum=0, TaskId=0)
0000023774: Error: System overload: Cycle time too short or huge jitter!
0000023774: SendCycFramesByEntry(0): wFramesMonitoringProcCnt (0) < wFramesMonitoringSndCnt (1)
0000023774: Notify EC_NOTIFY_FRAME_RESPONSE_ERROR(No response error for cyclic frame IDX=0xcf, CycFrameNum=0, TaskId=0)
0000023774: Notify EC_NOTIFY_CYCCMD_WKC_ERROR(11, 0x10000000, 2, 15)
0000023774: Notify EC_NOTIFY_CYCCMD_WKC_ERROR(10, 0x10000800, 2, 15)
0000023774: Notify EC_NOTIFY_CYCCMD_WKC_ERROR(11, 0x10000000, 2, 15)
0000023774: Notify EC_NOTIFY_CYCCMD_WKC_ERROR(10, 0x10000800, 2, 15)
0000023775: Error: System overload: Cycle time too short or huge jitter!
0000023775: SendCycFramesByEntry(0): wFramesMonitoringProcCnt (0) < wFramesMonitoringSndCnt (1)
0000023775: Notify EC_NOTIFY_FRAME_RESPONSE_ERROR(No response error for cyclic frame IDX=0xd1, CycFrameNum=0, TaskId=0)
0000023775: Notify EC_NOTIFY_CYCCMD_WKC_ERROR(11, 0x10000000, 2, 15)
0000023775: Notify EC_NOTIFY_CYCCMD_WKC_ERROR(10, 0x10000800, 2, 15)
0000023776: Error: System overload: Cycle time too short or huge jitter!
0000023776: SendCycFramesByEntry(0): wFramesMonitoringProcCnt (0) < wFramesMonitoringSndCnt (1)
0000023776: Notify EC_NOTIFY_FRAME_RESPONSE_ERROR(No response error for cyclic frame IDX=0xd3, CycFrameNum=0, TaskId=0)
0000023776: Notify EC_NOTIFY_CYCCMD_WKC_ERROR(11, 0x10000000, 2, 15)
0000023776: Notify EC_NOTIFY_CYCCMD_WKC_ERROR(10, 0x10000800, 2, 15)
0000023777: Error: System overload: Cycle time too short or huge jitter!
0000023777: SendCycFramesByEntry(0): wFramesMonitoringProcCnt (0) < wFramesMonitoringSndCnt (1)
0000023777: Notify EC_NOTIFY_FRAME_RESPONSE_ERROR(No response error for cyclic frame IDX=0xd6, CycFrameNum=0, TaskId=0)
0000023778: Notify EC_NOTIFY_CYCCMD_WKC_ERROR(11, 0x10000000, 2, 15)
0000023778: Notify EC_NOTIFY_CYCCMD_WKC_ERROR(10, 0x10000800, 2, 15)
0000023778: Error: System overload: Cycle time too short or huge jitter!
0000023778: SendCycFramesByEntry(0): wFramesMonitoringProcCnt (0) < wFramesMonitoringSndCnt (1)
0000023778: Notify EC_NOTIFY_FRAME_RESPONSE_ERROR(No response error for cyclic frame IDX=0xd8, CycFrameNum=0, TaskId=0)
0000023779: Notify EC_NOTIFY_CYCCMD_WKC_ERROR(11, 0x10000000, 2, 15)
0000023779: Notify EC_NOTIFY_CYCCMD_WKC_ERROR(10, 0x10000800, 2, 15)
0000023779: Error: System overload: Cycle time too short or huge jitter!
0000023779: SendCycFramesByEntry(0): wFramesMonitoringProcCnt (0) < wFramesMonitoringSndCnt (1)
0000023779: Notify EC_NOTIFY_FRAME_RESPONSE_ERROR(No response error for cyclic frame IDX=0xda, CycFrameNum=0, TaskId=0)
0000023780: Notify EC_NOTIFY_CYCCMD_WKC_ERROR(11, 0x10000000, 2, 15)
0000023780: Notify EC_NOTIFY_CYCCMD_WKC_ERROR(10, 0x10000800, 2, 15)
0000023781: Error: System overload: Cycle time too short or huge jitter!
0000023781: SendCycFramesByEntry(0): wFramesMonitoringProcCnt (0) < wFramesMonitoringSndCnt (1)
0000023781: Notify EC_NOTIFY_FRAME_RESPONSE_ERROR(No response error for cyclic frame IDX=0xdd, CycFrameNum=0, TaskId=0)
0000023781: Notify EC_NOTIFY_CYCCMD_WKC_ERROR(11, 0x10000000, 2, 15)
0000023781: Notify EC_NOTIFY_CYCCMD_WKC_ERROR(10, 0x10000800, 2, 15)
0000023782: Error: System overload: Cycle time too short or huge jitter!
0000023782: SendCycFramesByEntry(0): wFramesMonitoringProcCnt (0) < wFramesMonitoringSndCnt (1)
0000023782: Notify EC_NOTIFY_FRAME_RESPONSE_ERROR(No response error for cyclic frame IDX=0x1, CycFrameNum=0, TaskId=0)
0000023782: Notify EC_NOTIFY_CYCCMD_WKC_ERROR(11, 0x10000000, 2, 15)
0000023782: Notify EC_NOTIFY_CYCCMD_WKC_ERROR(10, 0x10000800, 2, 15)
0000023783: Error: System overload: Cycle time too short or huge jitter!
0000023783: SendCycFramesByEntry(0): wFramesMonitoringProcCnt (0) < wFramesMonitoringSndCnt (1)
0000023783: Notify EC_NOTIFY_FRAME_RESPONSE_ERROR(No response error for cyclic frame IDX=0x3, CycFrameNum=0, TaskId=0)
0000023783: Error: System overload: Cycle time too short or huge jitter!
0000023783: SendCycFramesByEntry(0): wFramesMonitoringProcCnt (0) < wFramesMonitoringSndCnt (1)
0000023783: Notify EC_NOTIFY_FRAME_RESPONSE_ERROR(No response error for cyclic frame IDX=0x4, CycFrameNum=0, TaskId=0)
0000023784: Notify EC_NOTIFY_CYCCMD_WKC_ERROR(11, 0x10000000, 2, 15)
0000023784: Notify EC_NOTIFY_CYCCMD_WKC_ERROR(10, 0x10000800, 2, 15)
0000023784: Notify EC_NOTIFY_CYCCMD_WKC_ERROR(11, 0x10000000, 2, 15)
0000023784: Notify EC_NOTIFY_CYCCMD_WKC_ERROR(10, 0x10000800, 2, 15)
0000023785: Notify EC_NOTIFY_CYCCMD_WKC_ERROR(11, 0x10000000, 2, 15)
0000023785: Notify EC_NOTIFY_CYCCMD_WKC_ERROR(10, 0x10000800, 2, 15)
0000023787: Error: System overload: Cycle time too short or huge jitter!
0000023787: SendCycFramesByEntry(0): wFramesMonitoringProcCnt (0) < wFramesMonitoringSndCnt (1)
0000023787: Notify EC_NOTIFY_FRAME_RESPONSE_ERROR(No response error for cyclic frame IDX=0xb, CycFrameNum=0, TaskId=0)
0000023787: Notify EC_NOTIFY_CYCCMD_WKC_ERROR(11, 0x10000000, 2, 15)
0000023787: Notify EC_NOTIFY_CYCCMD_WKC_ERROR(10, 0x10000800, 2, 15)
0000023789: Error: System overload: Cycle time too short or huge jitter!
0000023789: SendCycFramesByEntry(0): wFramesMonitoringProcCnt (0) < wFramesMonitoringSndCnt (1)
0000023789: Notify EC_NOTIFY_FRAME_RESPONSE_ERROR(No response error for cyclic frame IDX=0x10, CycFrameNum=0, TaskId=0)
0000023790: Notify EC_NOTIFY_CYCCMD_WKC_ERROR(11, 0x10000000, 2, 15)
0000023790: Notify EC_NOTIFY_CYCCMD_WKC_ERROR(10, 0x10000800, 2, 15)
0000023790: Error: System overload: Cycle time too short or huge jitter!
0000023790: SendCycFramesByEntry(0): wFramesMonitoringProcCnt (0) < wFramesMonitoringSndCnt (1)
0000023790: Notify EC_NOTIFY_FRAME_RESPONSE_ERROR(No response error for cyclic frame IDX=0x12, CycFrameNum=0, TaskId=0)
0000023791: Notify EC_NOTIFY_CYCCMD_WKC_ERROR(11, 0x10000000, 2, 15)
0000023791: Notify EC_NOTIFY_CYCCMD_WKC_ERROR(10, 0x10000800, 2, 15)
0000023791: Error: System overload: Cycle time too short or huge jitter!
0000023791: SendCycFramesByEntry(0): wFramesMonitoringProcCnt (0) < wFramesMonitoringSndCnt (1)
0000023791: Notify EC_NOTIFY_FRAME_RESPONSE_ERROR(No response error for cyclic frame IDX=0x14, CycFrameNum=0, TaskId=0)
0000023792: Error: System overload: Cycle time too short or huge jitter!
0000023792: SendCycFramesByEntry(0): wFramesMonitoringProcCnt (0) < wFramesMonitoringSndCnt (1)
0000023792: Notify EC_NOTIFY_FRAME_RESPONSE_ERROR(No response error for cyclic frame IDX=0x15, CycFrameNum=0, TaskId=0)
0000023792: Notify EC_NOTIFY_CYCCMD_WKC_ERROR(11, 0x10000000, 2, 15)
0000023792: Notify EC_NOTIFY_CYCCMD_WKC_ERROR(10, 0x10000800, 2, 15)
0000023792: Notify EC_NOTIFY_CYCCMD_WKC_ERROR(11, 0x10000000, 2, 15)
0000023792: Notify EC_NOTIFY_CYCCMD_WKC_ERROR(10, 0x10000800, 2, 15)
0000023793: Error: System overload: Cycle time too short or huge jitter!
0000023793: SendCycFramesByEntry(0): wFramesMonitoringProcCnt (0) < wFramesMonitoringSndCnt (1)
0000023793: Notify EC_NOTIFY_FRAME_RESPONSE_ERROR(No response error for cyclic frame IDX=0x17, CycFrameNum=0, TaskId=0)
0000023793: Error: System overload: Cycle time too short or huge jitter!
0000023793: SendCycFramesByEntry(0): wFramesMonitoringProcCnt (0) < wFramesMonitoringSndCnt (1)
0000023793: Notify EC_NOTIFY_FRAME_RESPONSE_ERROR(No response error for cyclic frame IDX=0x18, CycFrameNum=0, TaskId=0)
0000023794: Notify EC_NOTIFY_CYCCMD_WKC_ERROR(11, 0x10000000, 2, 15)
0000023794: Notify EC_NOTIFY_CYCCMD_WKC_ERROR(10, 0x10000800, 2, 15)
0000023794: Notify EC_NOTIFY_CYCCMD_WKC_ERROR(11, 0x10000000, 2, 15)
0000023794: Notify EC_NOTIFY_CYCCMD_WKC_ERROR(10, 0x10000800, 2, 15)
0000023795: Notify EC_NOTIFY_CYCCMD_WKC_ERROR(11, 0x10000000, 2, 15)
0000023795: Notify EC_NOTIFY_CYCCMD_WKC_ERROR(10, 0x10000800, 2, 15)
0000023798: Error: System overload: Cycle time too short or huge jitter!
0000023798: SendCycFramesByEntry(0): wFramesMonitoringProcCnt (0) < wFramesMonitoringSndCnt (1)
0000023798: Notify EC_NOTIFY_FRAME_RESPONSE_ERROR(No response error for cyclic frame IDX=0x21, CycFrameNum=0, TaskId=0)
0000023798: Notify EC_NOTIFY_CYCCMD_WKC_ERROR(11, 0x10000000, 2, 15)
0000023798: Notify EC_NOTIFY_CYCCMD_WKC_ERROR(10, 0x10000800, 2, 15)
0000023799: Error: System overload: Cycle time too short or huge jitter!
0000023799: SendCycFramesByEntry(0): wFramesMonitoringProcCnt (0) < wFramesMonitoringSndCnt (1)
0000023799: Notify EC_NOTIFY_FRAME_RESPONSE_ERROR(No response error for cyclic frame IDX=0x23, CycFrameNum=0, TaskId=0)
0000023799: Notify EC_NOTIFY_CYCCMD_WKC_ERROR(11, 0x10000000, 2, 15)
0000023799: Notify EC_NOTIFY_CYCCMD_WKC_ERROR(10, 0x10000800, 2, 15)
0000023800: Error: System overload: Cycle time too short or huge jitter!
0000023800: SendCycFramesByEntry(0): wFramesMonitoringProcCnt (0) < wFramesMonitoringSndCnt (1)
0000023800: Notify EC_NOTIFY_FRAME_RESPONSE_ERROR(No response error for cyclic frame IDX=0x25, CycFrameNum=0, TaskId=0)
0000023800: Notify EC_NOTIFY_CYCCMD_WKC_ERROR(11, 0x10000000, 2, 15)
0000023800: Notify EC_NOTIFY_CYCCMD_WKC_ERROR(10, 0x10000800, 2, 15)
0000023802: Error: System overload: Cycle time too short or huge jitter!
0000023802: SendCycFramesByEntry(0): wFramesMonitoringProcCnt (0) < wFramesMonitoringSndCnt (1)
0000023802: Notify EC_NOTIFY_FRAME_RESPONSE_ERROR(No response error for cyclic frame IDX=0x29, CycFrameNum=0, TaskId=0)
0000023802: Error: System overload: Cycle time too short or huge jitter!
0000023802: SendCycFramesByEntry(0): wFramesMonitoringProcCnt (0) < wFramesMonitoringSndCnt (1)
0000023802: Notify EC_NOTIFY_FRAME_RESPONSE_ERROR(No response error for cyclic frame IDX=0x2a, CycFrameNum=0, TaskId=0)
0000023803: Notify EC_NOTIFY_CYCCMD_WKC_ERROR(11, 0x10000000, 2, 15)
0000023803: Notify EC_NOTIFY_CYCCMD_WKC_ERROR(10, 0x10000800, 2, 15)
0000023803: Notify EC_NOTIFY_CYCCMD_WKC_ERROR(11, 0x10000000, 2, 15)
0000023803: Notify EC_NOTIFY_CYCCMD_WKC_ERROR(10, 0x10000800, 2, 15)
0000023804: Error: System overload: Cycle time too short or huge jitter!
0000023804: SendCycFramesByEntry(0): wFramesMonitoringProcCnt (0) < wFramesMonitoringSndCnt (1)
0000023804: Notify EC_NOTIFY_FRAME_RESPONSE_ERROR(No response error for cyclic frame IDX=0x2d, CycFrameNum=0, TaskId=0)
0000023804: Notify EC_NOTIFY_CYCCMD_WKC_ERROR(11, 0x10000000, 2, 15)
0000023804: Notify EC_NOTIFY_CYCCMD_WKC_ERROR(10, 0x10000800, 2, 15)
0000023805: Error: System overload: Cycle time too short or huge jitter!
0000023805: SendCycFramesByEntry(0): wFramesMonitoringProcCnt (0) < wFramesMonitoringSndCnt (1)
0000023805: Notify EC_NOTIFY_FRAME_RESPONSE_ERROR(No response error for cyclic frame IDX=0x2f, CycFrameNum=0, TaskId=0)
0000023805: Notify EC_NOTIFY_CYCCMD_WKC_ERROR(11, 0x10000000, 2, 15)
0000023805: Notify EC_NOTIFY_CYCCMD_WKC_ERROR(10, 0x10000800, 2, 15)
0000023806: Error: System overload: Cycle time too short or huge jitter!
0000023806: SendCycFramesByEntry(0): wFramesMonitoringProcCnt (0) < wFramesMonitoringSndCnt (1)
0000023806: Notify EC_NOTIFY_FRAME_RESPONSE_ERROR(No response error for cyclic frame IDX=0x32, CycFrameNum=0, TaskId=0)
0000023807: Notify EC_NOTIFY_CYCCMD_WKC_ERROR(11, 0x10000000, 2, 15)
0000023807: Notify EC_NOTIFY_CYCCMD_WKC_ERROR(10, 0x10000800, 2, 15)
0000023808: Error: System overload: Cycle time too short or huge jitter!
0000023808: SendCycFramesByEntry(0): wFramesMonitoringProcCnt (0) < wFramesMonitoringSndCnt (1)
0000023808: Notify EC_NOTIFY_FRAME_RESPONSE_ERROR(No response error for cyclic frame IDX=0x36, CycFrameNum=0, TaskId=0)
0000023809: Error: System overload: Cycle time too short or huge jitter!
0000023809: SendCycFramesByEntry(0): wFramesMonitoringProcCnt (0) < wFramesMonitoringSndCnt (1)
0000023809: Notify EC_NOTIFY_FRAME_RESPONSE_ERROR(No response error for cyclic frame IDX=0x37, CycFrameNum=0, TaskId=0)
0000023809: Notify EC_NOTIFY_CYCCMD_WKC_ERROR(11, 0x10000000, 2, 15)
0000023809: Notify EC_NOTIFY_CYCCMD_WKC_ERROR(10, 0x10000800, 2, 15)
0000023809: Notify EC_NOTIFY_CYCCMD_WKC_ERROR(11, 0x10000000, 2, 15)
0000023809: Notify EC_NOTIFY_CYCCMD_WKC_ERROR(10, 0x10000800, 2, 15)
0000023810: Error: System overload: Cycle time too short or huge jitter!
0000023810: SendCycFramesByEntry(0): wFramesMonitoringProcCnt (0) < wFramesMonitoringSndCnt (1)
0000023810: Notify EC_NOTIFY_FRAME_RESPONSE_ERROR(No response error for cyclic frame IDX=0x39, CycFrameNum=0, TaskId=0)
0000023810: Notify EC_NOTIFY_CYCCMD_WKC_ERROR(11, 0x10000000, 2, 15)
0000023810: Notify EC_NOTIFY_CYCCMD_WKC_ERROR(10, 0x10000800, 2, 15)
0000023811: Error: System overload: Cycle time too short or huge jitter!
0000023811: SendCycFramesByEntry(0): wFramesMonitoringProcCnt (0) < wFramesMonitoringSndCnt (1)
0000023811: Notify EC_NOTIFY_FRAME_RESPONSE_ERROR(No response error for cyclic frame IDX=0x3b, CycFrameNum=0, TaskId=0)
0000023811: Notify EC_NOTIFY_CYCCMD_WKC_ERROR(11, 0x10000000, 2, 15)
0000023811: Notify EC_NOTIFY_CYCCMD_WKC_ERROR(10, 0x10000800, 2, 15)
0000023812: Error: System overload: Cycle time too short or huge jitter!
0000023812: SendCycFramesByEntry(0): wFramesMonitoringProcCnt (0) < wFramesMonitoringSndCnt (1)
0000023812: Notify EC_NOTIFY_FRAME_RESPONSE_ERROR(No response error for cyclic frame IDX=0x3e, CycFrameNum=0, TaskId=0)
0000023813: Notify EC_NOTIFY_CYCCMD_WKC_ERROR(11, 0x10000000, 2, 15)
0000023813: Notify EC_NOTIFY_CYCCMD_WKC_ERROR(10, 0x10000800, 2, 15)
0000023813: Error: System overload: Cycle time too short or huge jitter!
0000023813: SendCycFramesByEntry(0): wFramesMonitoringProcCnt (0) < wFramesMonitoringSndCnt (1)
0000023813: Notify EC_NOTIFY_FRAME_RESPONSE_ERROR(No response error for cyclic frame IDX=0x40, CycFrameNum=0, TaskId=0)
0000023814: Error: System overload: Cycle time too short or huge jitter!
0000023814: SendCycFramesByEntry(0): wFramesMonitoringProcCnt (0) < wFramesMonitoringSndCnt (1)
0000023814: Notify EC_NOTIFY_FRAME_RESPONSE_ERROR(No response error for cyclic frame IDX=0x41, CycFrameNum=0, TaskId=0)
0000023814: Notify EC_NOTIFY_CYCCMD_WKC_ERROR(11, 0x10000000, 2, 15)
0000023814: Notify EC_NOTIFY_CYCCMD_WKC_ERROR(10, 0x10000800, 2, 15)
0000023814: Notify EC_NOTIFY_CYCCMD_WKC_ERROR(11, 0x10000000, 2, 15)
0000023814: Notify EC_NOTIFY_CYCCMD_WKC_ERROR(10, 0x10000800, 2, 15)
0000023815: Error: System overload: Cycle time too short or huge jitter!
0000023815: SendCycFramesByEntry(0): wFramesMonitoringProcCnt (0) < wFramesMonitoringSndCnt (1)
0000023815: Notify EC_NOTIFY_FRAME_RESPONSE_ERROR(No response error for cyclic frame IDX=0x43, CycFrameNum=0, TaskId=0)
0000023815: Notify EC_NOTIFY_CYCCMD_WKC_ERROR(11, 0x10000000, 2, 15)
0000023815: Notify EC_NOTIFY_CYCCMD_WKC_ERROR(10, 0x10000800, 2, 15)
0000023816: Error: System overload: Cycle time too short or huge jitter!
0000023816: SendCycFramesByEntry(0): wFramesMonitoringProcCnt (0) < wFramesMonitoringSndCnt (1)
0000023816: Notify EC_NOTIFY_FRAME_RESPONSE_ERROR(No response error for cyclic frame IDX=0x45, CycFrameNum=0, TaskId=0)
0000023816: Notify EC_NOTIFY_CYCCMD_WKC_ERROR(11, 0x10000000, 2, 15)
0000023816: Notify EC_NOTIFY_CYCCMD_WKC_ERROR(10, 0x10000800, 2, 15)
0000023818: Error: System overload: Cycle time too short or huge jitter!
0000023818: SendCycFramesByEntry(0): wFramesMonitoringProcCnt (0) < wFramesMonitoringSndCnt (1)
0000023818: Notify EC_NOTIFY_FRAME_RESPONSE_ERROR(No response error for cyclic frame IDX=0x4a, CycFrameNum=0, TaskId=0)
0000023819: Notify EC_NOTIFY_CYCCMD_WKC_ERROR(11, 0x10000000, 2, 15)
0000023819: Notify EC_NOTIFY_CYCCMD_WKC_ERROR(10, 0x10000800, 2, 15)
0000023820: Error: System overload: Cycle time too short or huge jitter!
0000023820: SendCycFramesByEntry(0): wFramesMonitoringProcCnt (0) < wFramesMonitoringSndCnt (1)
0000023820: Notify EC_NOTIFY_FRAME_RESPONSE_ERROR(No response error for cyclic frame IDX=0x4d, CycFrameNum=0, TaskId=0)
0000023820: Notify EC_NOTIFY_CYCCMD_WKC_ERROR(11, 0x10000000, 2, 15)
0000023820: Notify EC_NOTIFY_CYCCMD_WKC_ERROR(10, 0x10000800, 2, 15)
0000023821: Error: System overload: Cycle time too short or huge jitter!
0000023821: SendCycFramesByEntry(0): wFramesMonitoringProcCnt (0) < wFramesMonitoringSndCnt (1)
0000023821: Notify EC_NOTIFY_FRAME_RESPONSE_ERROR(No response error for cyclic frame IDX=0x4f, CycFrameNum=0, TaskId=0)
0000023821: Notify EC_NOTIFY_CYCCMD_WKC_ERROR(11, 0x10000000, 2, 15)
0000023821: Notify EC_NOTIFY_CYCCMD_WKC_ERROR(10, 0x10000800, 2, 15)
0000023823: Error: System overload: Cycle time too short or huge jitter!
0000023823: SendCycFramesByEntry(0): wFramesMonitoringProcCnt (0) < wFramesMonitoringSndCnt (1)
0000023823: Notify EC_NOTIFY_FRAME_RESPONSE_ERROR(No response error for cyclic frame IDX=0x53, CycFrameNum=0, TaskId=0)
0000023823: Error: System overload: Cycle time too short or huge jitter!
0000023823: SendCycFramesByEntry(0): wFramesMonitoringProcCnt (0) < wFramesMonitoringSndCnt (1)
0000023823: Notify EC_NOTIFY_FRAME_RESPONSE_ERROR(No response error for cyclic frame IDX=0x54, CycFrameNum=0, TaskId=0)
0000023824: Notify EC_NOTIFY_CYCCMD_WKC_ERROR(11, 0x10000000, 2, 15)
0000023824: Notify EC_NOTIFY_CYCCMD_WKC_ERROR(10, 0x10000800, 2, 15)
0000023824: Notify EC_NOTIFY_CYCCMD_WKC_ERROR(11, 0x10000000, 2, 15)
0000023824: Notify EC_NOTIFY_CYCCMD_WKC_ERROR(10, 0x10000800, 2, 15)
0000023826: Error: System overload: Cycle time too short or huge jitter!
0000023826: SendCycFramesByEntry(0): wFramesMonitoringProcCnt (0) < wFramesMonitoringSndCnt (1)
0000023826: Notify EC_NOTIFY_FRAME_RESPONSE_ERROR(No response error for cyclic frame IDX=0x59, CycFrameNum=0, TaskId=0)
0000023826: Notify EC_NOTIFY_CYCCMD_WKC_ERROR(11, 0x10000000, 2, 15)
0000023826: Notify EC_NOTIFY_CYCCMD_WKC_ERROR(10, 0x10000800, 2, 15)
0000023829: Error: System overload: Cycle time too short or huge jitter!
0000023829: SendCycFramesByEntry(0): wFramesMonitoringProcCnt (0) < wFramesMonitoringSndCnt (1)
0000023829: Notify EC_NOTIFY_FRAME_RESPONSE_ERROR(No response error for cyclic frame IDX=0x60, CycFrameNum=0, TaskId=0)
0000023830: Notify EC_NOTIFY_CYCCMD_WKC_ERROR(11, 0x10000000, 2, 15)
0000023830: Notify EC_NOTIFY_CYCCMD_WKC_ERROR(10, 0x10000800, 2, 15)
0000023831: Error: System overload: Cycle time too short or huge jitter!
0000023831: SendCycFramesByEntry(0): wFramesMonitoringProcCnt (0) < wFramesMonitoringSndCnt (1)
0000023831: Notify EC_NOTIFY_FRAME_RESPONSE_ERROR(No response error for cyclic frame IDX=0x64, CycFrameNum=0, TaskId=0)
0000023832: Error: System overload: Cycle time too short or huge jitter!
0000023832: SendCycFramesByEntry(0): wFramesMonitoringProcCnt (0) < wFramesMonitoringSndCnt (1)
0000023832: Notify EC_NOTIFY_FRAME_RESPONSE_ERROR(No response error for cyclic frame IDX=0x65, CycFrameNum=0, TaskId=0)
0000023832: Notify EC_NOTIFY_CYCCMD_WKC_ERROR(11, 0x10000000, 2, 15)
0000023832: Notify EC_NOTIFY_CYCCMD_WKC_ERROR(10, 0x10000800, 2, 15)
0000023832: Notify EC_NOTIFY_CYCCMD_WKC_ERROR(11, 0x10000000, 2, 15)
0000023832: Notify EC_NOTIFY_CYCCMD_WKC_ERROR(10, 0x10000800, 2, 15)
0000023833: Error: System overload: Cycle time too short or huge jitter!
0000023833: SendCycFramesByEntry(0): wFramesMonitoringProcCnt (0) < wFramesMonitoringSndCnt (1)
0000023833: Notify EC_NOTIFY_FRAME_RESPONSE_ERROR(No response error for cyclic frame IDX=0x68, CycFrameNum=0, TaskId=0)
0000023834: Error: System overload: Cycle time too short or huge jitter!
0000023834: SendCycFramesByEntry(0): wFramesMonitoringProcCnt (0) < wFramesMonitoringSndCnt (1)
0000023834: Notify EC_NOTIFY_FRAME_RESPONSE_ERROR(No response error for cyclic frame IDX=0x69, CycFrameNum=0, TaskId=0)
0000023834: Notify EC_NOTIFY_CYCCMD_WKC_ERROR(11, 0x10000000, 2, 15)
0000023834: Notify EC_NOTIFY_CYCCMD_WKC_ERROR(10, 0x10000800, 2, 15)
0000023834: Notify EC_NOTIFY_CYCCMD_WKC_ERROR(11, 0x10000000, 2, 15)
0000023834: Notify EC_NOTIFY_CYCCMD_WKC_ERROR(10, 0x10000800, 2, 15)
0000023835: Notify EC_NOTIFY_CYCCMD_WKC_ERROR(11, 0x10000000, 2, 15)
0000023835: Notify EC_NOTIFY_CYCCMD_WKC_ERROR(10, 0x10000800, 2, 15)
0000023839: Error: System overload: Cycle time too short or huge jitter!
0000023839: SendCycFramesByEntry(0): wFramesMonitoringProcCnt (0) < wFramesMonitoringSndCnt (1)
0000023839: Notify EC_NOTIFY_FRAME_RESPONSE_ERROR(No response error for cyclic frame IDX=0x73, CycFrameNum=0, TaskId=0)
0000023839: Notify EC_NOTIFY_CYCCMD_WKC_ERROR(11, 0x10000000, 2, 15)
0000023839: Notify EC_NOTIFY_CYCCMD_WKC_ERROR(10, 0x10000800, 2, 15)
0000023840: Error: System overload: Cycle time too short or huge jitter!
0000023840: SendCycFramesByEntry(0): wFramesMonitoringProcCnt (0) < wFramesMonitoringSndCnt (1)
0000023840: Notify EC_NOTIFY_FRAME_RESPONSE_ERROR(No response error for cyclic frame IDX=0x75, CycFrameNum=0, TaskId=0)
0000023840: Notify EC_NOTIFY_CYCCMD_WKC_ERROR(11, 0x10000000, 2, 15)
0000023840: Notify EC_NOTIFY_CYCCMD_WKC_ERROR(10, 0x10000800, 2, 15)
0000023841: Error: System overload: Cycle time too short or huge jitter!
0000023841: SendCycFramesByEntry(0): wFramesMonitoringProcCnt (0) < wFramesMonitoringSndCnt (1)
0000023841: Notify EC_NOTIFY_FRAME_RESPONSE_ERROR(No response error for cyclic frame IDX=0x78, CycFrameNum=0, TaskId=0)
0000023842: Error: System overload: Cycle time too short or huge jitter!
0000023842: SendCycFramesByEntry(0): wFramesMonitoringProcCnt (0) < wFramesMonitoringSndCnt (1)
0000023842: Notify EC_NOTIFY_FRAME_RESPONSE_ERROR(No response error for cyclic frame IDX=0x79, CycFrameNum=0, TaskId=0)
0000023842: Error: System overload: Cycle time too short or huge jitter!
0000023842: SendCycFramesByEntry(0): wFramesMonitoringProcCnt (0) < wFramesMonitoringSndCnt (1)
0000023842: Notify EC_NOTIFY_FRAME_RESPONSE_ERROR(No response error for cyclic frame IDX=0x7a, CycFrameNum=0, TaskId=0)
0000023843: Notify EC_NOTIFY_CYCCMD_WKC_ERROR(11, 0x10000000, 2, 15)
0000023843: Notify EC_NOTIFY_CYCCMD_WKC_ERROR(10, 0x10000800, 2, 15)
0000023843: Notify EC_NOTIFY_CYCCMD_WKC_ERROR(11, 0x10000000, 2, 15)
0000023843: Notify EC_NOTIFY_CYCCMD_WKC_ERROR(10, 0x10000800, 2, 15)
0000023843: Notify EC_NOTIFY_CYCCMD_WKC_ERROR(11, 0x10000000, 2, 15)
0000023843: Notify EC_NOTIFY_CYCCMD_WKC_ERROR(10, 0x10000800, 2, 15)
0000023844: Error: System overload: Cycle time too short or huge jitter!
0000023844: SendCycFramesByEntry(0): wFramesMonitoringProcCnt (0) < wFramesMonitoringSndCnt (1)
0000023844: Notify EC_NOTIFY_FRAME_RESPONSE_ERROR(No response error for cyclic frame IDX=0x7d, CycFrameNum=0, TaskId=0)
0000023844: Notify EC_NOTIFY_CYCCMD_WKC_ERROR(11, 0x10000000, 2, 15)
0000023844: Notify EC_NOTIFY_CYCCMD_WKC_ERROR(10, 0x10000800, 2, 15)
0000023846: Error: System overload: Cycle time too short or huge jitter!
0000023846: SendCycFramesByEntry(0): wFramesMonitoringProcCnt (0) < wFramesMonitoringSndCnt (1)
0000023846: Notify EC_NOTIFY_FRAME_RESPONSE_ERROR(No response error for cyclic frame IDX=0x82, CycFrameNum=0, TaskId=0)
0000023847: Notify EC_NOTIFY_CYCCMD_WKC_ERROR(11, 0x10000000, 2, 15)
0000023847: Notify EC_NOTIFY_CYCCMD_WKC_ERROR(10, 0x10000800, 2, 15)
0000023848: Error: System overload: Cycle time too short or huge jitter!
0000023848: SendCycFramesByEntry(0): wFramesMonitoringProcCnt (0) < wFramesMonitoringSndCnt (1)
0000023848: Notify EC_NOTIFY_FRAME_RESPONSE_ERROR(No response error for cyclic frame IDX=0x86, CycFrameNum=0, TaskId=0)
0000023849: Error: System overload: Cycle time too short or huge jitter!
0000023849: SendCycFramesByEntry(0): wFramesMonitoringProcCnt (0) < wFramesMonitoringSndCnt (1)
0000023849: Notify EC_NOTIFY_FRAME_RESPONSE_ERROR(No response error for cyclic frame IDX=0x87, CycFrameNum=0, TaskId=0)
0000023849: Notify EC_NOTIFY_CYCCMD_WKC_ERROR(11, 0x10000000, 2, 15)
0000023849: Notify EC_NOTIFY_CYCCMD_WKC_ERROR(10, 0x10000800, 2, 15)
0000023849: Notify EC_NOTIFY_CYCCMD_WKC_ERROR(11, 0x10000000, 2, 15)
0000023849: Notify EC_NOTIFY_CYCCMD_WKC_ERROR(10, 0x10000800, 2, 15)
0000023850: Error: System overload: Cycle time too short or huge jitter!
0000023850: SendCycFramesByEntry(0): wFramesMonitoringProcCnt (0) < wFramesMonitoringSndCnt (1)
0000023850: Notify EC_NOTIFY_FRAME_RESPONSE_ERROR(No response error for cyclic frame IDX=0x8a, CycFrameNum=0, TaskId=0)
0000023851: Notify EC_NOTIFY_CYCCMD_WKC_ERROR(11, 0x10000000, 2, 15)
0000023851: Notify EC_NOTIFY_CYCCMD_WKC_ERROR(10, 0x10000800, 2, 15)
0000023851: Error: System overload: Cycle time too short or huge jitter!
0000023851: SendCycFramesByEntry(0): wFramesMonitoringProcCnt (0) < wFramesMonitoringSndCnt (1)
0000023851: Notify EC_NOTIFY_FRAME_RESPONSE_ERROR(No response error for cyclic frame IDX=0x8c, CycFrameNum=0, TaskId=0)
0000023852: Notify EC_NOTIFY_CYCCMD_WKC_ERROR(11, 0x10000000, 2, 15)
0000023852: Notify EC_NOTIFY_CYCCMD_WKC_ERROR(10, 0x10000800, 2, 15)
0000023852: Error: System overload: Cycle time too short or huge jitter!
0000023852: SendCycFramesByEntry(0): wFramesMonitoringProcCnt (0) < wFramesMonitoringSndCnt (1)
0000023852: Notify EC_NOTIFY_FRAME_RESPONSE_ERROR(No response error for cyclic frame IDX=0x8e, CycFrameNum=0, TaskId=0)
0000023853: Error: System overload: Cycle time too short or huge jitter!
0000023853: SendCycFramesByEntry(0): wFramesMonitoringProcCnt (0) < wFramesMonitoringSndCnt (1)
0000023853: Notify EC_NOTIFY_FRAME_RESPONSE_ERROR(No response error for cyclic frame IDX=0x8f, CycFrameNum=0, TaskId=0)
0000023853: Error: System overload: Cycle time too short or huge jitter!
0000023853: SendCycFramesByEntry(0): wFramesMonitoringProcCnt (0) < wFramesMonitoringSndCnt (1)
0000023853: Notify EC_NOTIFY_FRAME_RESPONSE_ERROR(No response error for cyclic frame IDX=0x90, CycFrameNum=0, TaskId=0)
0000023854: Error: System overload: Cycle time too short or huge jitter!
0000023854: SendCycFramesByEntry(0): wFramesMonitoringProcCnt (0) < wFramesMonitoringSndCnt (1)
0000023854: Notify EC_NOTIFY_FRAME_RESPONSE_ERROR(No response error for cyclic frame IDX=0x91, CycFrameNum=0, TaskId=0)
0000023854: Notify EC_NOTIFY_CYCCMD_WKC_ERROR(11, 0x10000000, 2, 15)
0000023854: Notify EC_NOTIFY_CYCCMD_WKC_ERROR(10, 0x10000800, 2, 15)
0000023854: Notify EC_NOTIFY_CYCCMD_WKC_ERROR(11, 0x10000000, 2, 15)
0000023854: Notify EC_NOTIFY_CYCCMD_WKC_ERROR(10, 0x10000800, 2, 15)
0000023854: Notify EC_NOTIFY_CYCCMD_WKC_ERROR(11, 0x10000000, 2, 15)
0000023854: Notify EC_NOTIFY_CYCCMD_WKC_ERROR(10, 0x10000800, 2, 15)
0000023854: Notify EC_NOTIFY_CYCCMD_WKC_ERROR(11, 0x10000000, 2, 15)
0000023854: Notify EC_NOTIFY_CYCCMD_WKC_ERROR(10, 0x10000800, 2, 15)
0000023855: Error: System overload: Cycle time too short or huge jitter!
0000023855: SendCycFramesByEntry(0): wFramesMonitoringProcCnt (0) < wFramesMonitoringSndCnt (1)
0000023855: Notify EC_NOTIFY_FRAME_RESPONSE_ERROR(No response error for cyclic frame IDX=0x93, CycFrameNum=0, TaskId=0)
0000023855: Notify EC_NOTIFY_CYCCMD_WKC_ERROR(11, 0x10000000, 2, 15)
0000023855: Notify EC_NOTIFY_CYCCMD_WKC_ERROR(10, 0x10000800, 2, 15)
0000023857: Error: System overload: Cycle time too short or huge jitter!
0000023857: SendCycFramesByEntry(0): wFramesMonitoringProcCnt (0) < wFramesMonitoringSndCnt (1)
0000023857: Notify EC_NOTIFY_FRAME_RESPONSE_ERROR(No response error for cyclic frame IDX=0x98, CycFrameNum=0, TaskId=0)
0000023858: Notify EC_NOTIFY_CYCCMD_WKC_ERROR(11, 0x10000000, 2, 15)
0000023858: Notify EC_NOTIFY_CYCCMD_WKC_ERROR(10, 0x10000800, 2, 15)
0000023859: Error: System overload: Cycle time too short or huge jitter!
0000023859: SendCycFramesByEntry(0): wFramesMonitoringProcCnt (0) < wFramesMonitoringSndCnt (1)
0000023859: Notify EC_NOTIFY_FRAME_RESPONSE_ERROR(No response error for cyclic frame IDX=0x9c, CycFrameNum=0, TaskId=0)
0000023860: Notify EC_NOTIFY_CYCCMD_WKC_ERROR(11, 0x10000000, 2, 15)
0000023860: Notify EC_NOTIFY_CYCCMD_WKC_ERROR(10, 0x10000800, 2, 15)
0000023861: Error: System overload: Cycle time too short or huge jitter!
0000023861: SendCycFramesByEntry(0): wFramesMonitoringProcCnt (0) < wFramesMonitoringSndCnt (1)
0000023861: Notify EC_NOTIFY_FRAME_RESPONSE_ERROR(No response error for cyclic frame IDX=0x9f, CycFrameNum=0, TaskId=0)
0000023861: Notify EC_NOTIFY_CYCCMD_WKC_ERROR(11, 0x10000000, 2, 15)
0000023861: Notify EC_NOTIFY_CYCCMD_WKC_ERROR(10, 0x10000800, 2, 15)
0000023863: Error: System overload: Cycle time too short or huge jitter!
0000023863: SendCycFramesByEntry(0): wFramesMonitoringProcCnt (0) < wFramesMonitoringSndCnt (1)
0000023863: Notify EC_NOTIFY_FRAME_RESPONSE_ERROR(No response error for cyclic frame IDX=0xa4, CycFrameNum=0, TaskId=0)
0000023864: Notify EC_NOTIFY_CYCCMD_WKC_ERROR(11, 0x10000000, 2, 15)
0000023864: Notify EC_NOTIFY_CYCCMD_WKC_ERROR(10, 0x10000800, 2, 15)
0000023865: Error: System overload: Cycle time too short or huge jitter!
0000023865: SendCycFramesByEntry(0): wFramesMonitoringProcCnt (0) < wFramesMonitoringSndCnt (1)
0000023865: Notify EC_NOTIFY_FRAME_RESPONSE_ERROR(No response error for cyclic frame IDX=0xa7, CycFrameNum=0, TaskId=0)
0000023865: Notify EC_NOTIFY_CYCCMD_WKC_ERROR(11, 0x10000000, 2, 15)
0000023865: Notify EC_NOTIFY_CYCCMD_WKC_ERROR(10, 0x10000800, 2, 15)
0000023865: Notify EC_NOTIFY_CYCCMD_WKC_ERROR(11, 0x10000000, 2, 15)
0000023865: Notify EC_NOTIFY_CYCCMD_WKC_ERROR(10, 0x10000800, 2, 15)
0000023866: Error: System overload: Cycle time too short or huge jitter!
0000023866: SendCycFramesByEntry(0): wFramesMonitoringProcCnt (0) < wFramesMonitoringSndCnt (1)
0000023866: Notify EC_NOTIFY_FRAME_RESPONSE_ERROR(No response error for cyclic frame IDX=0xa9, CycFrameNum=0, TaskId=0)
0000023866: Notify EC_NOTIFY_CYCCMD_WKC_ERROR(11, 0x10000000, 2, 15)
0000023866: Notify EC_NOTIFY_CYCCMD_WKC_ERROR(10, 0x10000800, 2, 15)
0000023868: Error: System overload: Cycle time too short or huge jitter!
0000023868: SendCycFramesByEntry(0): wFramesMonitoringProcCnt (0) < wFramesMonitoringSndCnt (1)
0000023868: Notify EC_NOTIFY_FRAME_RESPONSE_ERROR(No response error for cyclic frame IDX=0xad, CycFrameNum=0, TaskId=0)
0000023868: Notify EC_NOTIFY_CYCCMD_WKC_ERROR(11, 0x10000000, 2, 15)
0000023868: Notify EC_NOTIFY_CYCCMD_WKC_ERROR(10, 0x10000800, 2, 15)
0000023869: Error: System overload: Cycle time too short or huge jitter!
0000023869: SendCycFramesByEntry(0): wFramesMonitoringProcCnt (0) < wFramesMonitoringSndCnt (1)
0000023869: Notify EC_NOTIFY_FRAME_RESPONSE_ERROR(No response error for cyclic frame IDX=0xb0, CycFrameNum=0, TaskId=0)
0000023870: Notify EC_NOTIFY_CYCCMD_WKC_ERROR(11, 0x10000000, 2, 15)
0000023870: Notify EC_NOTIFY_CYCCMD_WKC_ERROR(10, 0x10000800, 2, 15)
0000023870: Error: System overload: Cycle time too short or huge jitter!
0000023870: SendCycFramesByEntry(0): wFramesMonitoringProcCnt (0) < wFramesMonitoringSndCnt (1)
0000023870: Notify EC_NOTIFY_FRAME_RESPONSE_ERROR(No response error for cyclic frame IDX=0xb2, CycFrameNum=0, TaskId=0)
0000023871: Notify EC_NOTIFY_CYCCMD_WKC_ERROR(11, 0x10000000, 2, 15)
0000023871: Notify EC_NOTIFY_CYCCMD_WKC_ERROR(10, 0x10000800, 2, 15)
0000023872: Error: System overload: Cycle time too short or huge jitter!
0000023872: SendCycFramesByEntry(0): wFramesMonitoringProcCnt (0) < wFramesMonitoringSndCnt (1)
0000023872: Notify EC_NOTIFY_FRAME_RESPONSE_ERROR(No response error for cyclic frame IDX=0xb5, CycFrameNum=0, TaskId=0)
0000023872: Notify EC_NOTIFY_CYCCMD_WKC_ERROR(11, 0x10000000, 2, 15)
0000023872: Notify EC_NOTIFY_CYCCMD_WKC_ERROR(10, 0x10000800, 2, 15)
0000023874: Error: System overload: Cycle time too short or huge jitter!
0000023874: SendCycFramesByEntry(0): wFramesMonitoringProcCnt (0) < wFramesMonitoringSndCnt (1)
0000023874: Notify EC_NOTIFY_FRAME_RESPONSE_ERROR(No response error for cyclic frame IDX=0xb9, CycFrameNum=0, TaskId=0)
0000023874: Error: System overload: Cycle time too short or huge jitter!
0000023874: SendCycFramesByEntry(0): wFramesMonitoringProcCnt (0) < wFramesMonitoringSndCnt (1)
0000023874: Notify EC_NOTIFY_FRAME_RESPONSE_ERROR(No response error for cyclic frame IDX=0xba, CycFrameNum=0, TaskId=0)
0000023875: Notify EC_NOTIFY_CYCCMD_WKC_ERROR(11, 0x10000000, 2, 15)
0000023875: Notify EC_NOTIFY_CYCCMD_WKC_ERROR(10, 0x10000800, 2, 15)
0000023875: Notify EC_NOTIFY_CYCCMD_WKC_ERROR(11, 0x10000000, 2, 15)
0000023875: Notify EC_NOTIFY_CYCCMD_WKC_ERROR(10, 0x10000800, 2, 15)
0000023878: Error: System overload: Cycle time too short or huge jitter!
0000023878: SendCycFramesByEntry(0): wFramesMonitoringProcCnt (0) < wFramesMonitoringSndCnt (1)
0000023878: Notify EC_NOTIFY_FRAME_RESPONSE_ERROR(No response error for cyclic frame IDX=0xc1, CycFrameNum=0, TaskId=0)
0000023878: Notify EC_NOTIFY_CYCCMD_WKC_ERROR(11, 0x10000000, 2, 15)
0000023878: Notify EC_NOTIFY_CYCCMD_WKC_ERROR(10, 0x10000800, 2, 15)
0000023879: Error: System overload: Cycle time too short or huge jitter!
0000023879: SendCycFramesByEntry(0): wFramesMonitoringProcCnt (0) < wFramesMonitoringSndCnt (1)
0000023879: Notify EC_NOTIFY_FRAME_RESPONSE_ERROR(No response error for cyclic frame IDX=0xc4, CycFrameNum=0, TaskId=0)
0000023880: Notify EC_NOTIFY_CYCCMD_WKC_ERROR(11, 0x10000000, 2, 15)
0000023880: Notify EC_NOTIFY_CYCCMD_WKC_ERROR(10, 0x10000800, 2, 15)
0000023880: Error: System overload: Cycle time too short or huge jitter!
0000023880: SendCycFramesByEntry(0): wFramesMonitoringProcCnt (0) < wFramesMonitoringSndCnt (1)
0000023880: Notify EC_NOTIFY_FRAME_RESPONSE_ERROR(No response error for cyclic frame IDX=0xc6, CycFrameNum=0, TaskId=0)
0000023881: Notify EC_NOTIFY_CYCCMD_WKC_ERROR(11, 0x10000000, 2, 15)
0000023881: Notify EC_NOTIFY_CYCCMD_WKC_ERROR(10, 0x10000800, 2, 15)
0000023881: Error: System overload: Cycle time too short or huge jitter!
0000023881: SendCycFramesByEntry(0): wFramesMonitoringProcCnt (0) < wFramesMonitoringSndCnt (1)
0000023881: Notify EC_NOTIFY_FRAME_RESPONSE_ERROR(No response error for cyclic frame IDX=0xc8, CycFrameNum=0, TaskId=0)
0000023882: Error: System overload: Cycle time too short or huge jitter!
0000023882: SendCycFramesByEntry(0): wFramesMonitoringProcCnt (0) < wFramesMonitoringSndCnt (1)
0000023882: Notify EC_NOTIFY_FRAME_RESPONSE_ERROR(No response error for cyclic frame IDX=0xc9, CycFrameNum=0, TaskId=0)
0000023882: Notify EC_NOTIFY_CYCCMD_WKC_ERROR(11, 0x10000000, 2, 15)
0000023882: Notify EC_NOTIFY_CYCCMD_WKC_ERROR(10, 0x10000800, 2, 15)
0000023882: Notify EC_NOTIFY_CYCCMD_WKC_ERROR(11, 0x10000000, 2, 15)
0000023882: Notify EC_NOTIFY_CYCCMD_WKC_ERROR(10, 0x10000800, 2, 15)
0000023883: Error: System overload: Cycle time too short or huge jitter!
0000023883: SendCycFramesByEntry(0): wFramesMonitoringProcCnt (0) < wFramesMonitoringSndCnt (1)
0000023883: Notify EC_NOTIFY_FRAME_RESPONSE_ERROR(No response error for cyclic frame IDX=0xcb, CycFrameNum=0, TaskId=0)
0000023883: Notify EC_NOTIFY_CYCCMD_WKC_ERROR(11, 0x10000000, 2, 15)
0000023883: Notify EC_NOTIFY_CYCCMD_WKC_ERROR(10, 0x10000800, 2, 15)
0000023886: Error: System overload: Cycle time too short or huge jitter!
0000023886: SendCycFramesByEntry(0): wFramesMonitoringProcCnt (0) < wFramesMonitoringSndCnt (1)
0000023886: Notify EC_NOTIFY_FRAME_RESPONSE_ERROR(No response error for cyclic frame IDX=0xd2, CycFrameNum=0, TaskId=0)
0000023887: Notify EC_NOTIFY_CYCCMD_WKC_ERROR(11, 0x10000000, 2, 15)
0000023887: Notify EC_NOTIFY_CYCCMD_WKC_ERROR(10, 0x10000800, 2, 15)
0000023887: Error: System overload: Cycle time too short or huge jitter!
0000023887: SendCycFramesByEntry(0): wFramesMonitoringProcCnt (0) < wFramesMonitoringSndCnt (1)
0000023887: Notify EC_NOTIFY_FRAME_RESPONSE_ERROR(No response error for cyclic frame IDX=0xd4, CycFrameNum=0, TaskId=0)
0000023888: Notify EC_NOTIFY_CYCCMD_WKC_ERROR(11, 0x10000000, 2, 15)
0000023888: Notify EC_NOTIFY_CYCCMD_WKC_ERROR(10, 0x10000800, 2, 15)
0000023889: Error: System overload: Cycle time too short or huge jitter!
0000023889: SendCycFramesByEntry(0): wFramesMonitoringProcCnt (0) < wFramesMonitoringSndCnt (1)
0000023889: Notify EC_NOTIFY_FRAME_RESPONSE_ERROR(No response error for cyclic frame IDX=0xd7, CycFrameNum=0, TaskId=0)
0000023889: Notify EC_NOTIFY_CYCCMD_WKC_ERROR(11, 0x10000000, 2, 15)
0000023889: Notify EC_NOTIFY_CYCCMD_WKC_ERROR(10, 0x10000800, 2, 15)
0000023890: Error: System overload: Cycle time too short or huge jitter!
0000023890: SendCycFramesByEntry(0): wFramesMonitoringProcCnt (0) < wFramesMonitoringSndCnt (1)
0000023890: Notify EC_NOTIFY_FRAME_RESPONSE_ERROR(No response error for cyclic frame IDX=0xda, CycFrameNum=0, TaskId=0)
0000023891: Notify EC_NOTIFY_CYCCMD_WKC_ERROR(11, 0x10000000, 2, 15)
0000023891: Notify EC_NOTIFY_CYCCMD_WKC_ERROR(10, 0x10000800, 2, 15)
0000023891: Error: System overload: Cycle time too short or huge jitter!
0000023891: SendCycFramesByEntry(0): wFramesMonitoringProcCnt (0) < wFramesMonitoringSndCnt (1)
0000023891: Notify EC_NOTIFY_FRAME_RESPONSE_ERROR(No response error for cyclic frame IDX=0xdc, CycFrameNum=0, TaskId=0)
0000023892: Notify EC_NOTIFY_CYCCMD_WKC_ERROR(11, 0x10000000, 2, 15)
0000023892: Notify EC_NOTIFY_CYCCMD_WKC_ERROR(10, 0x10000800, 2, 15)
0000023892: Error: System overload: Cycle time too short or huge jitter!
0000023892: SendCycFramesByEntry(0): wFramesMonitoringProcCnt (0) < wFramesMonitoringSndCnt (1)
0000023892: Notify EC_NOTIFY_FRAME_RESPONSE_ERROR(No response error for cyclic frame IDX=0x0, CycFrameNum=0, TaskId=0)
0000023893: Error: System overload: Cycle time too short or huge jitter!
0000023893: SendCycFramesByEntry(0): wFramesMonitoringProcCnt (0) < wFramesMonitoringSndCnt (1)
0000023893: Notify EC_NOTIFY_FRAME_RESPONSE_ERROR(No response error for cyclic frame IDX=0x1, CycFrameNum=0, TaskId=0)
0000023893: Error: System overload: Cycle time too short or huge jitter!
0000023893: SendCycFramesByEntry(0): wFramesMonitoringProcCnt (0) < wFramesMonitoringSndCnt (1)
0000023893: Notify EC_NOTIFY_FRAME_RESPONSE_ERROR(No response error for cyclic frame IDX=0x2, CycFrameNum=0, TaskId=0)
0000023894: Notify EC_NOTIFY_CYCCMD_WKC_ERROR(11, 0x10000000, 2, 15)
0000023894: Notify EC_NOTIFY_CYCCMD_WKC_ERROR(10, 0x10000800, 2, 15)
0000023894: Notify EC_NOTIFY_CYCCMD_WKC_ERROR(11, 0x10000000, 2, 15)
0000023894: Notify EC_NOTIFY_CYCCMD_WKC_ERROR(10, 0x10000800, 2, 15)
0000023894: Notify EC_NOTIFY_CYCCMD_WKC_ERROR(11, 0x10000000, 2, 15)
0000023894: Notify EC_NOTIFY_CYCCMD_WKC_ERROR(10, 0x10000800, 2, 15)
0000023895: Error: System overload: Cycle time too short or huge jitter!
0000023895: SendCycFramesByEntry(0): wFramesMonitoringProcCnt (0) < wFramesMonitoringSndCnt (1)
0000023895: Notify EC_NOTIFY_FRAME_RESPONSE_ERROR(No response error for cyclic frame IDX=0x5, CycFrameNum=0, TaskId=0)
0000023895: Notify EC_NOTIFY_CYCCMD_WKC_ERROR(11, 0x10000000, 2, 15)
0000023895: Notify EC_NOTIFY_CYCCMD_WKC_ERROR(10, 0x10000800, 2, 15)
0000023899: Error: System overload: Cycle time too short or huge jitter!
0000023899: SendCycFramesByEntry(0): wFramesMonitoringProcCnt (0) < wFramesMonitoringSndCnt (1)
0000023899: Notify EC_NOTIFY_FRAME_RESPONSE_ERROR(No response error for cyclic frame IDX=0xd, CycFrameNum=0, TaskId=0)
0000023899: Error: System overload: Cycle time too short or huge jitter!
0000023899: SendCycFramesByEntry(0): wFramesMonitoringProcCnt (0) < wFramesMonitoringSndCnt (1)
0000023899: Notify EC_NOTIFY_FRAME_RESPONSE_ERROR(No response error for cyclic frame IDX=0xe, CycFrameNum=0, TaskId=0)
0000023900: Error: System overload: Cycle time too short or huge jitter!
0000023900: SendCycFramesByEntry(0): wFramesMonitoringProcCnt (0) < wFramesMonitoringSndCnt (1)
0000023900: Notify EC_NOTIFY_FRAME_RESPONSE_ERROR(No response error for cyclic frame IDX=0xf, CycFrameNum=0, TaskId=0)
0000023900: Notify EC_NOTIFY_CYCCMD_WKC_ERROR(11, 0x10000000, 2, 15)
0000023900: Notify EC_NOTIFY_CYCCMD_WKC_ERROR(10, 0x10000800, 2, 15)
0000023900: Notify EC_NOTIFY_CYCCMD_WKC_ERROR(11, 0x10000000, 2, 15)
0000023900: Notify EC_NOTIFY_CYCCMD_WKC_ERROR(10, 0x10000800, 2, 15)
0000023900: Notify EC_NOTIFY_CYCCMD_WKC_ERROR(11, 0x10000000, 2, 15)
0000023900: Notify EC_NOTIFY_CYCCMD_WKC_ERROR(10, 0x10000800, 2, 15)
0000023901: Error: System overload: Cycle time too short or huge jitter!
0000023901: SendCycFramesByEntry(0): wFramesMonitoringProcCnt (0) < wFramesMonitoringSndCnt (1)
0000023901: Notify EC_NOTIFY_FRAME_RESPONSE_ERROR(No response error for cyclic frame IDX=0x11, CycFrameNum=0, TaskId=0)
0000023901: Error: System overload: Cycle time too short or huge jitter!
0000023901: SendCycFramesByEntry(0): wFramesMonitoringProcCnt (0) < wFramesMonitoringSndCnt (1)
0000023901: Notify EC_NOTIFY_FRAME_RESPONSE_ERROR(No response error for cyclic frame IDX=0x12, CycFrameNum=0, TaskId=0)
0000023902: Error: System overload: Cycle time too short or huge jitter!
0000023902: SendCycFramesByEntry(0): wFramesMonitoringProcCnt (0) < wFramesMonitoringSndCnt (1)
0000023902: Notify EC_NOTIFY_FRAME_RESPONSE_ERROR(No response error for cyclic frame IDX=0x13, CycFrameNum=0, TaskId=0)
0000023902: Notify EC_NOTIFY_CYCCMD_WKC_ERROR(11, 0x10000000, 2, 15)
0000023902: Notify EC_NOTIFY_CYCCMD_WKC_ERROR(10, 0x10000800, 2, 15)
0000023902: Notify EC_NOTIFY_CYCCMD_WKC_ERROR(11, 0x10000000, 2, 15)
0000023902: Notify EC_NOTIFY_CYCCMD_WKC_ERROR(10, 0x10000800, 2, 15)
0000023902: Notify EC_NOTIFY_CYCCMD_WKC_ERROR(11, 0x10000000, 2, 15)
0000023902: Notify EC_NOTIFY_CYCCMD_WKC_ERROR(10, 0x10000800, 2, 15)
0000023903: Error: System overload: Cycle time too short or huge jitter!
0000023903: SendCycFramesByEntry(0): wFramesMonitoringProcCnt (0) < wFramesMonitoringSndCnt (1)
0000023903: Notify EC_NOTIFY_FRAME_RESPONSE_ERROR(No response error for cyclic frame IDX=0x16, CycFrameNum=0, TaskId=0)
0000023904: Notify EC_NOTIFY_CYCCMD_WKC_ERROR(11, 0x10000000, 2, 15)
0000023904: Notify EC_NOTIFY_CYCCMD_WKC_ERROR(10, 0x10000800, 2, 15)
0000023904: Error: System overload: Cycle time too short or huge jitter!
0000023904: SendCycFramesByEntry(0): wFramesMonitoringProcCnt (0) < wFramesMonitoringSndCnt (1)
0000023904: Notify EC_NOTIFY_FRAME_RESPONSE_ERROR(No response error for cyclic frame IDX=0x18, CycFrameNum=0, TaskId=0)
0000023905: Notify EC_NOTIFY_CYCCMD_WKC_ERROR(11, 0x10000000, 2, 15)
0000023905: Notify EC_NOTIFY_CYCCMD_WKC_ERROR(10, 0x10000800, 2, 15)
0000023905: Notify EC_NOTIFY_CYCCMD_WKC_ERROR(11, 0x10000000, 2, 15)
0000023905: Notify EC_NOTIFY_CYCCMD_WKC_ERROR(10, 0x10000800, 2, 15)
0000023906: Error: System overload: Cycle time too short or huge jitter!
0000023906: SendCycFramesByEntry(0): wFramesMonitoringProcCnt (0) < wFramesMonitoringSndCnt (1)
0000023906: Notify EC_NOTIFY_FRAME_RESPONSE_ERROR(No response error for cyclic frame IDX=0x1b, CycFrameNum=0, TaskId=0)
0000023906: Notify EC_NOTIFY_CYCCMD_WKC_ERROR(11, 0x10000000, 2, 15)
0000023906: Notify EC_NOTIFY_CYCCMD_WKC_ERROR(10, 0x10000800, 2, 15)
0000023907: Error: System overload: Cycle time too short or huge jitter!
0000023907: SendCycFramesByEntry(0): wFramesMonitoringProcCnt (0) < wFramesMonitoringSndCnt (1)
0000023907: Notify EC_NOTIFY_FRAME_RESPONSE_ERROR(No response error for cyclic frame IDX=0x1e, CycFrameNum=0, TaskId=0)
0000023908: Notify EC_NOTIFY_CYCCMD_WKC_ERROR(11, 0x10000000, 2, 15)
0000023908: Notify EC_NOTIFY_CYCCMD_WKC_ERROR(10, 0x10000800, 2, 15)
0000023910: Error: System overload: Cycle time too short or huge jitter!
0000023910: SendCycFramesByEntry(0): wFramesMonitoringProcCnt (0) < wFramesMonitoringSndCnt (1)
0000023910: Notify EC_NOTIFY_FRAME_RESPONSE_ERROR(No response error for cyclic frame IDX=0x23, CycFrameNum=0, TaskId=0)
0000023910: Error: System overload: Cycle time too short or huge jitter!
0000023910: SendCycFramesByEntry(0): wFramesMonitoringProcCnt (0) < wFramesMonitoringSndCnt (1)
0000023910: Notify EC_NOTIFY_FRAME_RESPONSE_ERROR(No response error for cyclic frame IDX=0x24, CycFrameNum=0, TaskId=0)
0000023911: Notify EC_NOTIFY_CYCCMD_WKC_ERROR(11, 0x10000000, 2, 15)
0000023911: Notify EC_NOTIFY_CYCCMD_WKC_ERROR(10, 0x10000800, 2, 15)
0000023911: Notify EC_NOTIFY_CYCCMD_WKC_ERROR(11, 0x10000000, 2, 15)
0000023911: Notify EC_NOTIFY_CYCCMD_WKC_ERROR(10, 0x10000800, 2, 15)
0000023912: Error: System overload: Cycle time too short or huge jitter!
0000023912: SendCycFramesByEntry(0): wFramesMonitoringProcCnt (0) < wFramesMonitoringSndCnt (1)
0000023912: Notify EC_NOTIFY_FRAME_RESPONSE_ERROR(No response error for cyclic frame IDX=0x27, CycFrameNum=0, TaskId=0)
0000023912: Notify EC_NOTIFY_CYCCMD_WKC_ERROR(11, 0x10000000, 2, 15)
0000023912: Notify EC_NOTIFY_CYCCMD_WKC_ERROR(10, 0x10000800, 2, 15)
0000023914: Error: System overload: Cycle time too short or huge jitter!
0000023914: SendCycFramesByEntry(0): wFramesMonitoringProcCnt (0) < wFramesMonitoringSndCnt (1)
0000023914: Notify EC_NOTIFY_FRAME_RESPONSE_ERROR(No response error for cyclic frame IDX=0x2c, CycFrameNum=0, TaskId=0)
0000023915: Notify EC_NOTIFY_CYCCMD_WKC_ERROR(11, 0x10000000, 2, 15)
0000023915: Notify EC_NOTIFY_CYCCMD_WKC_ERROR(10, 0x10000800, 2, 15)
0000023916: Error: System overload: Cycle time too short or huge jitter!
0000023916: SendCycFramesByEntry(0): wFramesMonitoringProcCnt (0) < wFramesMonitoringSndCnt (1)
0000023916: Notify EC_NOTIFY_FRAME_RESPONSE_ERROR(No response error for cyclic frame IDX=0x30, CycFrameNum=0, TaskId=0)
0000023917: Notify EC_NOTIFY_CYCCMD_WKC_ERROR(11, 0x10000000, 2, 15)
0000023917: Notify EC_NOTIFY_CYCCMD_WKC_ERROR(10, 0x10000800, 2, 15)
0000023918: Error: System overload: Cycle time too short or huge jitter!
0000023918: SendCycFramesByEntry(0): wFramesMonitoringProcCnt (0) < wFramesMonitoringSndCnt (1)
0000023918: Notify EC_NOTIFY_FRAME_RESPONSE_ERROR(No response error for cyclic frame IDX=0x33, CycFrameNum=0, TaskId=0)
0000023918: Notify EC_NOTIFY_CYCCMD_WKC_ERROR(11, 0x10000000, 2, 15)
0000023918: Notify EC_NOTIFY_CYCCMD_WKC_ERROR(10, 0x10000800, 2, 15)
0000023919: Error: System overload: Cycle time too short or huge jitter!
0000023919: SendCycFramesByEntry(0): wFramesMonitoringProcCnt (0) < wFramesMonitoringSndCnt (1)
0000023919: Notify EC_NOTIFY_FRAME_RESPONSE_ERROR(No response error for cyclic frame IDX=0x35, CycFrameNum=0, TaskId=0)
0000023919: Notify EC_NOTIFY_CYCCMD_WKC_ERROR(11, 0x10000000, 2, 15)
0000023919: Notify EC_NOTIFY_CYCCMD_WKC_ERROR(10, 0x10000800, 2, 15)
0000023920: Error: System overload: Cycle time too short or huge jitter!
0000023920: SendCycFramesByEntry(0): wFramesMonitoringProcCnt (0) < wFramesMonitoringSndCnt (1)
0000023920: Notify EC_NOTIFY_FRAME_RESPONSE_ERROR(No response error for cyclic frame IDX=0x38, CycFrameNum=0, TaskId=0)
0000023921: Notify EC_NOTIFY_CYCCMD_WKC_ERROR(11, 0x10000000, 2, 15)
0000023921: Notify EC_NOTIFY_CYCCMD_WKC_ERROR(10, 0x10000800, 2, 15)
0000023921: Error: System overload: Cycle time too short or huge jitter!
0000023921: SendCycFramesByEntry(0): wFramesMonitoringProcCnt (0) < wFramesMonitoringSndCnt (1)
0000023921: Notify EC_NOTIFY_FRAME_RESPONSE_ERROR(No response error for cyclic frame IDX=0x3a, CycFrameNum=0, TaskId=0)
0000023922: Notify EC_NOTIFY_CYCCMD_WKC_ERROR(11, 0x10000000, 2, 15)
0000023922: Notify EC_NOTIFY_CYCCMD_WKC_ERROR(10, 0x10000800, 2, 15)
0000023922: Error: System overload: Cycle time too short or huge jitter!
0000023922: SendCycFramesByEntry(0): wFramesMonitoringProcCnt (0) < wFramesMonitoringSndCnt (1)
0000023922: Notify EC_NOTIFY_FRAME_RESPONSE_ERROR(No response error for cyclic frame IDX=0x3c, CycFrameNum=0, TaskId=0)
0000023923: Error: System overload: Cycle time too short or huge jitter!
0000023923: SendCycFramesByEntry(0): wFramesMonitoringProcCnt (0) < wFramesMonitoringSndCnt (1)
0000023923: Notify EC_NOTIFY_FRAME_RESPONSE_ERROR(No response error for cyclic frame IDX=0x3d, CycFrameNum=0, TaskId=0)
0000023923: Notify EC_NOTIFY_CYCCMD_WKC_ERROR(11, 0x10000000, 2, 15)
0000023923: Notify EC_NOTIFY_CYCCMD_WKC_ERROR(10, 0x10000800, 2, 15)
0000023923: Notify EC_NOTIFY_CYCCMD_WKC_ERROR(11, 0x10000000, 2, 15)
0000023923: Notify EC_NOTIFY_CYCCMD_WKC_ERROR(10, 0x10000800, 2, 15)
0000023924: Error: System overload: Cycle time too short or huge jitter!
0000023924: SendCycFramesByEntry(0): wFramesMonitoringProcCnt (0) < wFramesMonitoringSndCnt (1)
0000023924: Notify EC_NOTIFY_FRAME_RESPONSE_ERROR(No response error for cyclic frame IDX=0x3f, CycFrameNum=0, TaskId=0)
0000023924: Notify EC_NOTIFY_CYCCMD_WKC_ERROR(11, 0x10000000, 2, 15)
0000023924: Notify EC_NOTIFY_CYCCMD_WKC_ERROR(10, 0x10000800, 2, 15)
0000023925: Notify EC_NOTIFY_CYCCMD_WKC_ERROR(11, 0x10000000, 2, 15)
0000023925: Notify EC_NOTIFY_CYCCMD_WKC_ERROR(10, 0x10000800, 2, 15)
0000023926: Error: System overload: Cycle time too short or huge jitter!
0000023926: SendCycFramesByEntry(0): wFramesMonitoringProcCnt (0) < wFramesMonitoringSndCnt (1)
0000023926: Notify EC_NOTIFY_FRAME_RESPONSE_ERROR(No response error for cyclic frame IDX=0x44, CycFrameNum=0, TaskId=0)
0000023927: Notify EC_NOTIFY_CYCCMD_WKC_ERROR(11, 0x10000000, 2, 15)
0000023927: Notify EC_NOTIFY_CYCCMD_WKC_ERROR(10, 0x10000800, 2, 15)
0000023927: Error: System overload: Cycle time too short or huge jitter!
0000023927: SendCycFramesByEntry(0): wFramesMonitoringProcCnt (0) < wFramesMonitoringSndCnt (1)
0000023927: Notify EC_NOTIFY_FRAME_RESPONSE_ERROR(No response error for cyclic frame IDX=0x46, CycFrameNum=0, TaskId=0)
0000023928: Notify EC_NOTIFY_CYCCMD_WKC_ERROR(11, 0x10000000, 2, 15)
0000023928: Notify EC_NOTIFY_CYCCMD_WKC_ERROR(10, 0x10000800, 2, 15)
0000023929: Error: System overload: Cycle time too short or huge jitter!
0000023929: SendCycFramesByEntry(0): wFramesMonitoringProcCnt (0) < wFramesMonitoringSndCnt (1)
0000023929: Notify EC_NOTIFY_FRAME_RESPONSE_ERROR(No response error for cyclic frame IDX=0x49, CycFrameNum=0, TaskId=0)
0000023929: Notify EC_NOTIFY_CYCCMD_WKC_ERROR(11, 0x10000000, 2, 15)
0000023929: Notify EC_NOTIFY_CYCCMD_WKC_ERROR(10, 0x10000800, 2, 15)
0000023930: Error: System overload: Cycle time too short or huge jitter!
0000023930: SendCycFramesByEntry(0): wFramesMonitoringProcCnt (0) < wFramesMonitoringSndCnt (1)
0000023930: Notify EC_NOTIFY_FRAME_RESPONSE_ERROR(No response error for cyclic frame IDX=0x4b, CycFrameNum=0, TaskId=0)
0000023930: Error: System overload: Cycle time too short or huge jitter!
0000023930: SendCycFramesByEntry(0): wFramesMonitoringProcCnt (0) < wFramesMonitoringSndCnt (1)
0000023930: Notify EC_NOTIFY_FRAME_RESPONSE_ERROR(No response error for cyclic frame IDX=0x4c, CycFrameNum=0, TaskId=0)
0000023931: Error: System overload: Cycle time too short or huge jitter!
0000023931: SendCycFramesByEntry(0): wFramesMonitoringProcCnt (0) < wFramesMonitoringSndCnt (1)
0000023931: Notify EC_NOTIFY_FRAME_RESPONSE_ERROR(No response error for cyclic frame IDX=0x4d, CycFrameNum=0, TaskId=0)
0000023931: Notify EC_NOTIFY_CYCCMD_WKC_ERROR(11, 0x10000000, 2, 15)
0000023931: Notify EC_NOTIFY_CYCCMD_WKC_ERROR(10, 0x10000800, 2, 15)
0000023931: Notify EC_NOTIFY_CYCCMD_WKC_ERROR(11, 0x10000000, 2, 15)
0000023931: Notify EC_NOTIFY_CYCCMD_WKC_ERROR(10, 0x10000800, 2, 15)
0000023931: Notify EC_NOTIFY_CYCCMD_WKC_ERROR(11, 0x10000000, 2, 15)
0000023931: Notify EC_NOTIFY_CYCCMD_WKC_ERROR(10, 0x10000800, 2, 15)
0000023932: Error: System overload: Cycle time too short or huge jitter!
0000023932: SendCycFramesByEntry(0): wFramesMonitoringProcCnt (0) < wFramesMonitoringSndCnt (1)
0000023932: Notify EC_NOTIFY_FRAME_RESPONSE_ERROR(No response error for cyclic frame IDX=0x50, CycFrameNum=0, TaskId=0)
0000023933: Notify EC_NOTIFY_CYCCMD_WKC_ERROR(11, 0x10000000, 2, 15)
0000023933: Notify EC_NOTIFY_CYCCMD_WKC_ERROR(10, 0x10000800, 2, 15)
0000023934: Error: System overload: Cycle time too short or huge jitter!
0000023934: SendCycFramesByEntry(0): wFramesMonitoringProcCnt (0) < wFramesMonitoringSndCnt (1)
0000023934: Notify EC_NOTIFY_FRAME_RESPONSE_ERROR(No response error for cyclic frame IDX=0x53, CycFrameNum=0, TaskId=0)
0000023934: Notify EC_NOTIFY_CYCCMD_WKC_ERROR(11, 0x10000000, 2, 15)
0000023934: Notify EC_NOTIFY_CYCCMD_WKC_ERROR(10, 0x10000800, 2, 15)
0000023935: Error: System overload: Cycle time too short or huge jitter!
0000023935: SendCycFramesByEntry(0): wFramesMonitoringProcCnt (0) < wFramesMonitoringSndCnt (1)
0000023935: Notify EC_NOTIFY_FRAME_RESPONSE_ERROR(No response error for cyclic frame IDX=0x55, CycFrameNum=0, TaskId=0)
0000023935: Notify EC_NOTIFY_CYCCMD_WKC_ERROR(11, 0x10000000, 2, 15)
0000023935: Notify EC_NOTIFY_CYCCMD_WKC_ERROR(10, 0x10000800, 2, 15)
0000023938: Error: System overload: Cycle time too short or huge jitter!
0000023938: SendCycFramesByEntry(0): wFramesMonitoringProcCnt (0) < wFramesMonitoringSndCnt (1)
0000023938: Notify EC_NOTIFY_FRAME_RESPONSE_ERROR(No response error for cyclic frame IDX=0x5c, CycFrameNum=0, TaskId=0)
0000023939: Notify EC_NOTIFY_CYCCMD_WKC_ERROR(11, 0x10000000, 2, 15)
0000023939: Notify EC_NOTIFY_CYCCMD_WKC_ERROR(10, 0x10000800, 2, 15)
0000023939: Error: System overload: Cycle time too short or huge jitter!
0000023939: SendCycFramesByEntry(0): wFramesMonitoringProcCnt (0) < wFramesMonitoringSndCnt (1)
0000023939: Notify EC_NOTIFY_FRAME_RESPONSE_ERROR(No response error for cyclic frame IDX=0x5e, CycFrameNum=0, TaskId=0)
0000023940: Error: System overload: Cycle time too short or huge jitter!
0000023940: SendCycFramesByEntry(0): wFramesMonitoringProcCnt (0) < wFramesMonitoringSndCnt (1)
0000023940: Notify EC_NOTIFY_FRAME_RESPONSE_ERROR(No response error for cyclic frame IDX=0x5f, CycFrameNum=0, TaskId=0)
0000023940: Notify EC_NOTIFY_CYCCMD_WKC_ERROR(11, 0x10000000, 2, 15)
0000023940: Notify EC_NOTIFY_CYCCMD_WKC_ERROR(10, 0x10000800, 2, 15)
0000023940: Notify EC_NOTIFY_CYCCMD_WKC_ERROR(11, 0x10000000, 2, 15)
0000023940: Notify EC_NOTIFY_CYCCMD_WKC_ERROR(10, 0x10000800, 2, 15)
0000023941: Error: System overload: Cycle time too short or huge jitter!
0000023941: SendCycFramesByEntry(0): wFramesMonitoringProcCnt (0) < wFramesMonitoringSndCnt (1)
0000023941: Notify EC_NOTIFY_FRAME_RESPONSE_ERROR(No response error for cyclic frame IDX=0x61, CycFrameNum=0, TaskId=0)
0000023941: Notify EC_NOTIFY_CYCCMD_WKC_ERROR(11, 0x10000000, 2, 15)
0000023941: Notify EC_NOTIFY_CYCCMD_WKC_ERROR(10, 0x10000800, 2, 15)
0000023942: Error: System overload: Cycle time too short or huge jitter!
0000023942: SendCycFramesByEntry(0): wFramesMonitoringProcCnt (0) < wFramesMonitoringSndCnt (1)
0000023942: Notify EC_NOTIFY_FRAME_RESPONSE_ERROR(No response error for cyclic frame IDX=0x63, CycFrameNum=0, TaskId=0)
0000023942: Notify EC_NOTIFY_CYCCMD_WKC_ERROR(11, 0x10000000, 2, 15)
0000023942: Notify EC_NOTIFY_CYCCMD_WKC_ERROR(10, 0x10000800, 2, 15)
0000023944: Error: System overload: Cycle time too short or huge jitter!
0000023944: SendCycFramesByEntry(0): wFramesMonitoringProcCnt (0) < wFramesMonitoringSndCnt (1)
0000023944: Notify EC_NOTIFY_FRAME_RESPONSE_ERROR(No response error for cyclic frame IDX=0x68, CycFrameNum=0, TaskId=0)
0000023945: Notify EC_NOTIFY_CYCCMD_WKC_ERROR(11, 0x10000000, 2, 15)
0000023945: Notify EC_NOTIFY_CYCCMD_WKC_ERROR(10, 0x10000800, 2, 15)
0000023947: Error: System overload: Cycle time too short or huge jitter!
0000023947: SendCycFramesByEntry(0): wFramesMonitoringProcCnt (0) < wFramesMonitoringSndCnt (1)
0000023947: Notify EC_NOTIFY_FRAME_RESPONSE_ERROR(No response error for cyclic frame IDX=0x6d, CycFrameNum=0, TaskId=0)
0000023947: Notify EC_NOTIFY_CYCCMD_WKC_ERROR(11, 0x10000000, 2, 15)
0000023947: Notify EC_NOTIFY_CYCCMD_WKC_ERROR(10, 0x10000800, 2, 15)
0000023948: Error: System overload: Cycle time too short or huge jitter!
0000023948: SendCycFramesByEntry(0): wFramesMonitoringProcCnt (0) < wFramesMonitoringSndCnt (1)
0000023948: Notify EC_NOTIFY_FRAME_RESPONSE_ERROR(No response error for cyclic frame IDX=0x70, CycFrameNum=0, TaskId=0)
0000023949: Notify EC_NOTIFY_CYCCMD_WKC_ERROR(11, 0x10000000, 2, 15)
0000023949: Notify EC_NOTIFY_CYCCMD_WKC_ERROR(10, 0x10000800, 2, 15)
0000023950: Error: System overload: Cycle time too short or huge jitter!
0000023950: SendCycFramesByEntry(0): wFramesMonitoringProcCnt (0) < wFramesMonitoringSndCnt (1)
0000023950: Notify EC_NOTIFY_FRAME_RESPONSE_ERROR(No response error for cyclic frame IDX=0x74, CycFrameNum=0, TaskId=0)
0000023951: Notify EC_NOTIFY_CYCCMD_WKC_ERROR(11, 0x10000000, 2, 15)
0000023951: Notify EC_NOTIFY_CYCCMD_WKC_ERROR(10, 0x10000800, 2, 15)
0000023952: Error: System overload: Cycle time too short or huge jitter!
0000023952: SendCycFramesByEntry(0): wFramesMonitoringProcCnt (0) < wFramesMonitoringSndCnt (1)
0000023952: Notify EC_NOTIFY_FRAME_RESPONSE_ERROR(No response error for cyclic frame IDX=0x77, CycFrameNum=0, TaskId=0)
0000023952: Notify EC_NOTIFY_CYCCMD_WKC_ERROR(11, 0x10000000, 2, 15)
0000023952: Notify EC_NOTIFY_CYCCMD_WKC_ERROR(10, 0x10000800, 2, 15)
0000023954: Error: System overload: Cycle time too short or huge jitter!
0000023954: SendCycFramesByEntry(0): wFramesMonitoringProcCnt (0) < wFramesMonitoringSndCnt (1)
0000023954: Notify EC_NOTIFY_FRAME_RESPONSE_ERROR(No response error for cyclic frame IDX=0x7c, CycFrameNum=0, TaskId=0)
0000023955: Notify EC_NOTIFY_CYCCMD_WKC_ERROR(11, 0x10000000, 2, 15)
0000023955: Notify EC_NOTIFY_CYCCMD_WKC_ERROR(10, 0x10000800, 2, 15)
0000023955: Notify EC_NOTIFY_CYCCMD_WKC_ERROR(11, 0x10000000, 2, 15)
0000023955: Notify EC_NOTIFY_CYCCMD_WKC_ERROR(10, 0x10000800, 2, 15)
0000023958: Error: System overload: Cycle time too short or huge jitter!
0000023958: SendCycFramesByEntry(0): wFramesMonitoringProcCnt (0) < wFramesMonitoringSndCnt (1)
0000023958: Notify EC_NOTIFY_FRAME_RESPONSE_ERROR(No response error for cyclic frame IDX=0x83, CycFrameNum=0, TaskId=0)
0000023958: Notify EC_NOTIFY_CYCCMD_WKC_ERROR(11, 0x10000000, 2, 15)
0000023958: Notify EC_NOTIFY_CYCCMD_WKC_ERROR(10, 0x10000800, 2, 15)
0000023959: Error: System overload: Cycle time too short or huge jitter!
0000023959: SendCycFramesByEntry(0): wFramesMonitoringProcCnt (0) < wFramesMonitoringSndCnt (1)
0000023959: Notify EC_NOTIFY_FRAME_RESPONSE_ERROR(No response error for cyclic frame IDX=0x85, CycFrameNum=0, TaskId=0)
0000023959: Notify EC_NOTIFY_CYCCMD_WKC_ERROR(11, 0x10000000, 2, 15)
0000023959: Notify EC_NOTIFY_CYCCMD_WKC_ERROR(10, 0x10000800, 2, 15)
0000023960: Error: System overload: Cycle time too short or huge jitter!
0000023960: SendCycFramesByEntry(0): wFramesMonitoringProcCnt (0) < wFramesMonitoringSndCnt (1)
0000023960: Notify EC_NOTIFY_FRAME_RESPONSE_ERROR(No response error for cyclic frame IDX=0x88, CycFrameNum=0, TaskId=0)
0000023961: Error: System overload: Cycle time too short or huge jitter!
0000023961: SendCycFramesByEntry(0): wFramesMonitoringProcCnt (0) < wFramesMonitoringSndCnt (1)
0000023961: Notify EC_NOTIFY_FRAME_RESPONSE_ERROR(No response error for cyclic frame IDX=0x89, CycFrameNum=0, TaskId=0)
0000023961: Error: System overload: Cycle time too short or huge jitter!
0000023961: SendCycFramesByEntry(0): wFramesMonitoringProcCnt (0) < wFramesMonitoringSndCnt (1)
0000023961: Notify EC_NOTIFY_FRAME_RESPONSE_ERROR(No response error for cyclic frame IDX=0x8a, CycFrameNum=0, TaskId=0)
0000023962: Notify EC_NOTIFY_CYCCMD_WKC_ERROR(11, 0x10000000, 2, 15)
0000023962: Notify EC_NOTIFY_CYCCMD_WKC_ERROR(10, 0x10000800, 2, 15)
0000023962: Notify EC_NOTIFY_CYCCMD_WKC_ERROR(11, 0x10000000, 2, 15)
0000023962: Notify EC_NOTIFY_CYCCMD_WKC_ERROR(10, 0x10000800, 2, 15)
0000023962: Notify EC_NOTIFY_CYCCMD_WKC_ERROR(11, 0x10000000, 2, 15)
0000023962: Notify EC_NOTIFY_CYCCMD_WKC_ERROR(10, 0x10000800, 2, 15)
0000023963: Error: System overload: Cycle time too short or huge jitter!
0000023963: SendCycFramesByEntry(0): wFramesMonitoringProcCnt (0) < wFramesMonitoringSndCnt (1)
0000023963: Notify EC_NOTIFY_FRAME_RESPONSE_ERROR(No response error for cyclic frame IDX=0x8d, CycFrameNum=0, TaskId=0)
0000023963: Notify EC_NOTIFY_CYCCMD_WKC_ERROR(11, 0x10000000, 2, 15)
0000023963: Notify EC_NOTIFY_CYCCMD_WKC_ERROR(10, 0x10000800, 2, 15)
0000023964: Error: System overload: Cycle time too short or huge jitter!
0000023964: SendCycFramesByEntry(0): wFramesMonitoringProcCnt (0) < wFramesMonitoringSndCnt (1)
0000023964: Notify EC_NOTIFY_FRAME_RESPONSE_ERROR(No response error for cyclic frame IDX=0x8f, CycFrameNum=0, TaskId=0)
0000023964: Error: System overload: Cycle time too short or huge jitter!
0000023964: SendCycFramesByEntry(0): wFramesMonitoringProcCnt (0) < wFramesMonitoringSndCnt (1)
0000023964: Notify EC_NOTIFY_FRAME_RESPONSE_ERROR(No response error for cyclic frame IDX=0x90, CycFrameNum=0, TaskId=0)
0000023965: Notify EC_NOTIFY_CYCCMD_WKC_ERROR(11, 0x10000000, 2, 15)
0000023965: Notify EC_NOTIFY_CYCCMD_WKC_ERROR(10, 0x10000800, 2, 15)
0000023965: Notify EC_NOTIFY_CYCCMD_WKC_ERROR(11, 0x10000000, 2, 15)
0000023965: Notify EC_NOTIFY_CYCCMD_WKC_ERROR(10, 0x10000800, 2, 15)
0000023965: Notify EC_NOTIFY_CYCCMD_WKC_ERROR(11, 0x10000000, 2, 15)
0000023965: Notify EC_NOTIFY_CYCCMD_WKC_ERROR(10, 0x10000800, 2, 15)
0000023966: Error: System overload: Cycle time too short or huge jitter!
0000023966: SendCycFramesByEntry(0): wFramesMonitoringProcCnt (0) < wFramesMonitoringSndCnt (1)
0000023966: Notify EC_NOTIFY_FRAME_RESPONSE_ERROR(No response error for cyclic frame IDX=0x94, CycFrameNum=0, TaskId=0)
0000023967: Notify EC_NOTIFY_CYCCMD_WKC_ERROR(11, 0x10000000, 2, 15)
0000023967: Notify EC_NOTIFY_CYCCMD_WKC_ERROR(10, 0x10000800, 2, 15)
0000023967: Error: System overload: Cycle time too short or huge jitter!
0000023967: SendCycFramesByEntry(0): wFramesMonitoringProcCnt (0) < wFramesMonitoringSndCnt (1)
0000023967: Notify EC_NOTIFY_FRAME_RESPONSE_ERROR(No response error for cyclic frame IDX=0x96, CycFrameNum=0, TaskId=0)
0000023968: Notify EC_NOTIFY_CYCCMD_WKC_ERROR(11, 0x10000000, 2, 15)
0000023968: Notify EC_NOTIFY_CYCCMD_WKC_ERROR(10, 0x10000800, 2, 15)
0000023969: Error: System overload: Cycle time too short or huge jitter!
0000023969: SendCycFramesByEntry(0): wFramesMonitoringProcCnt (0) < wFramesMonitoringSndCnt (1)
0000023969: Notify EC_NOTIFY_FRAME_RESPONSE_ERROR(No response error for cyclic frame IDX=0x99, CycFrameNum=0, TaskId=0)
0000023969: Error: System overload: Cycle time too short or huge jitter!
0000023969: SendCycFramesByEntry(0): wFramesMonitoringProcCnt (0) < wFramesMonitoringSndCnt (1)
0000023969: Notify EC_NOTIFY_FRAME_RESPONSE_ERROR(No response error for cyclic frame IDX=0x9a, CycFrameNum=0, TaskId=0)
0000023970: Notify EC_NOTIFY_CYCCMD_WKC_ERROR(11, 0x10000000, 2, 15)
0000023970: Notify EC_NOTIFY_CYCCMD_WKC_ERROR(10, 0x10000800, 2, 15)
0000023970: Notify EC_NOTIFY_CYCCMD_WKC_ERROR(11, 0x10000000, 2, 15)
0000023970: Notify EC_NOTIFY_CYCCMD_WKC_ERROR(10, 0x10000800, 2, 15)
0000023971: Error: System overload: Cycle time too short or huge jitter!
0000023971: SendCycFramesByEntry(0): wFramesMonitoringProcCnt (0) < wFramesMonitoringSndCnt (1)
0000023971: Notify EC_NOTIFY_FRAME_RESPONSE_ERROR(No response error for cyclic frame IDX=0x9e, CycFrameNum=0, TaskId=0)
0000023972: Notify EC_NOTIFY_CYCCMD_WKC_ERROR(11, 0x10000000, 2, 15)
0000023972: Notify EC_NOTIFY_CYCCMD_WKC_ERROR(10, 0x10000800, 2, 15)
0000023975: Error: System overload: Cycle time too short or huge jitter!
0000023975: SendCycFramesByEntry(0): wFramesMonitoringProcCnt (0) < wFramesMonitoringSndCnt (1)
0000023975: Notify EC_NOTIFY_FRAME_RESPONSE_ERROR(No response error for cyclic frame IDX=0xa5, CycFrameNum=0, TaskId=0)
0000023975: Notify EC_NOTIFY_CYCCMD_WKC_ERROR(11, 0x10000000, 2, 15)
0000023975: Notify EC_NOTIFY_CYCCMD_WKC_ERROR(10, 0x10000800, 2, 15)
0000023976: Error: System overload: Cycle time too short or huge jitter!
0000023976: SendCycFramesByEntry(0): wFramesMonitoringProcCnt (0) < wFramesMonitoringSndCnt (1)
0000023976: Notify EC_NOTIFY_FRAME_RESPONSE_ERROR(No response error for cyclic frame IDX=0xa7, CycFrameNum=0, TaskId=0)
0000023976: Notify EC_NOTIFY_CYCCMD_WKC_ERROR(11, 0x10000000, 2, 15)
0000023976: Notify EC_NOTIFY_CYCCMD_WKC_ERROR(10, 0x10000800, 2, 15)
0000023977: Error: System overload: Cycle time too short or huge jitter!
0000023977: SendCycFramesByEntry(0): wFramesMonitoringProcCnt (0) < wFramesMonitoringSndCnt (1)
0000023977: Notify EC_NOTIFY_FRAME_RESPONSE_ERROR(No response error for cyclic frame IDX=0xaa, CycFrameNum=0, TaskId=0)
0000023978: Notify EC_NOTIFY_CYCCMD_WKC_ERROR(11, 0x10000000, 2, 15)
0000023978: Notify EC_NOTIFY_CYCCMD_WKC_ERROR(10, 0x10000800, 2, 15)
0000023981: Error: System overload: Cycle time too short or huge jitter!
0000023981: SendCycFramesByEntry(0): wFramesMonitoringProcCnt (0) < wFramesMonitoringSndCnt (1)
0000023981: Notify EC_NOTIFY_FRAME_RESPONSE_ERROR(No response error for cyclic frame IDX=0xb1, CycFrameNum=0, TaskId=0)
0000023981: Error: System overload: Cycle time too short or huge jitter!
0000023981: SendCycFramesByEntry(0): wFramesMonitoringProcCnt (0) < wFramesMonitoringSndCnt (1)
0000023981: Notify EC_NOTIFY_FRAME_RESPONSE_ERROR(No response error for cyclic frame IDX=0xb2, CycFrameNum=0, TaskId=0)
0000023982: Error: System overload: Cycle time too short or huge jitter!
0000023982: SendCycFramesByEntry(0): wFramesMonitoringProcCnt (0) < wFramesMonitoringSndCnt (1)
0000023982: Notify EC_NOTIFY_FRAME_RESPONSE_ERROR(No response error for cyclic frame IDX=0xb3, CycFrameNum=0, TaskId=0)
0000023982: Error: System overload: Cycle time too short or huge jitter!
0000023982: SendCycFramesByEntry(0): wFramesMonitoringProcCnt (0) < wFramesMonitoringSndCnt (1)
0000023982: Notify EC_NOTIFY_FRAME_RESPONSE_ERROR(No response error for cyclic frame IDX=0xb4, CycFrameNum=0, TaskId=0)
0000023983: Notify EC_NOTIFY_CYCCMD_WKC_ERROR(11, 0x10000000, 2, 15)
0000023983: Notify EC_NOTIFY_CYCCMD_WKC_ERROR(10, 0x10000800, 2, 15)
0000023983: Notify EC_NOTIFY_CYCCMD_WKC_ERROR(11, 0x10000000, 2, 15)
0000023983: Notify EC_NOTIFY_CYCCMD_WKC_ERROR(10, 0x10000800, 2, 15)
0000023983: Notify EC_NOTIFY_CYCCMD_WKC_ERROR(11, 0x10000000, 2, 15)
0000023983: Notify EC_NOTIFY_CYCCMD_WKC_ERROR(10, 0x10000800, 2, 15)
0000023983: Notify EC_NOTIFY_CYCCMD_WKC_ERROR(11, 0x10000000, 2, 15)
0000023983: Notify EC_NOTIFY_CYCCMD_WKC_ERROR(10, 0x10000800, 2, 15)
0000023984: Error: System overload: Cycle time too short or huge jitter!
0000023984: SendCycFramesByEntry(0): wFramesMonitoringProcCnt (0) < wFramesMonitoringSndCnt (1)
0000023984: Notify EC_NOTIFY_FRAME_RESPONSE_ERROR(No response error for cyclic frame IDX=0xb7, CycFrameNum=0, TaskId=0)
0000023984: Error: System overload: Cycle time too short or huge jitter!
0000023984: SendCycFramesByEntry(0): wFramesMonitoringProcCnt (0) < wFramesMonitoringSndCnt (1)
0000023984: Notify EC_NOTIFY_FRAME_RESPONSE_ERROR(No response error for cyclic frame IDX=0xb8, CycFrameNum=0, TaskId=0)
0000023985: Error: System overload: Cycle time too short or huge jitter!
0000023985: SendCycFramesByEntry(0): wFramesMonitoringProcCnt (0) < wFramesMonitoringSndCnt (1)
0000023985: Notify EC_NOTIFY_FRAME_RESPONSE_ERROR(No response error for cyclic frame IDX=0xb9, CycFrameNum=0, TaskId=0)
0000023985: Notify EC_NOTIFY_CYCCMD_WKC_ERROR(11, 0x10000000, 2, 15)
0000023985: Notify EC_NOTIFY_CYCCMD_WKC_ERROR(10, 0x10000800, 2, 15)
0000023985: Notify EC_NOTIFY_CYCCMD_WKC_ERROR(11, 0x10000000, 2, 15)
0000023985: Notify EC_NOTIFY_CYCCMD_WKC_ERROR(10, 0x10000800, 2, 15)
0000023985: Notify EC_NOTIFY_CYCCMD_WKC_ERROR(11, 0x10000000, 2, 15)
0000023985: Notify EC_NOTIFY_CYCCMD_WKC_ERROR(10, 0x10000800, 2, 15)
0000023986: Error: System overload: Cycle time too short or huge jitter!
0000023986: SendCycFramesByEntry(0): wFramesMonitoringProcCnt (0) < wFramesMonitoringSndCnt (1)
0000023986: Notify EC_NOTIFY_FRAME_RESPONSE_ERROR(No response error for cyclic frame IDX=0xbb, CycFrameNum=0, TaskId=0)
0000023986: Notify EC_NOTIFY_CYCCMD_WKC_ERROR(11, 0x10000000, 2, 15)
0000023986: Notify EC_NOTIFY_CYCCMD_WKC_ERROR(10, 0x10000800, 2, 15)
0000023987: Error: System overload: Cycle time too short or huge jitter!
0000023987: SendCycFramesByEntry(0): wFramesMonitoringProcCnt (0) < wFramesMonitoringSndCnt (1)
0000023987: Notify EC_NOTIFY_FRAME_RESPONSE_ERROR(No response error for cyclic frame IDX=0xbd, CycFrameNum=0, TaskId=0)
0000023987: Error: System overload: Cycle time too short or huge jitter!
0000023987: SendCycFramesByEntry(0): wFramesMonitoringProcCnt (0) < wFramesMonitoringSndCnt (1)
0000023987: Notify EC_NOTIFY_FRAME_RESPONSE_ERROR(No response error for cyclic frame IDX=0xbe, CycFrameNum=0, TaskId=0)
0000023988: Notify EC_NOTIFY_CYCCMD_WKC_ERROR(11, 0x10000000, 2, 15)
0000023988: Notify EC_NOTIFY_CYCCMD_WKC_ERROR(10, 0x10000800, 2, 15)
0000023988: Notify EC_NOTIFY_CYCCMD_WKC_ERROR(11, 0x10000000, 2, 15)
0000023988: Notify EC_NOTIFY_CYCCMD_WKC_ERROR(10, 0x10000800, 2, 15)
0000023988: Error: System overload: Cycle time too short or huge jitter!
0000023988: SendCycFramesByEntry(0): wFramesMonitoringProcCnt (0) < wFramesMonitoringSndCnt (1)
0000023988: Notify EC_NOTIFY_FRAME_RESPONSE_ERROR(No response error for cyclic frame IDX=0xc0, CycFrameNum=0, TaskId=0)
0000023989: Notify EC_NOTIFY_CYCCMD_WKC_ERROR(11, 0x10000000, 2, 15)
0000023989: Notify EC_NOTIFY_CYCCMD_WKC_ERROR(10, 0x10000800, 2, 15)
0000023989: Error: System overload: Cycle time too short or huge jitter!
0000023989: SendCycFramesByEntry(0): wFramesMonitoringProcCnt (0) < wFramesMonitoringSndCnt (1)
0000023989: Notify EC_NOTIFY_FRAME_RESPONSE_ERROR(No response error for cyclic frame IDX=0xc2, CycFrameNum=0, TaskId=0)
0000023990: Notify EC_NOTIFY_CYCCMD_WKC_ERROR(11, 0x10000000, 2, 15)
0000023990: Notify EC_NOTIFY_CYCCMD_WKC_ERROR(10, 0x10000800, 2, 15)
0000023990: Error: System overload: Cycle time too short or huge jitter!
0000023990: SendCycFramesByEntry(0): wFramesMonitoringProcCnt (0) < wFramesMonitoringSndCnt (1)
0000023990: Notify EC_NOTIFY_FRAME_RESPONSE_ERROR(No response error for cyclic frame IDX=0xc4, CycFrameNum=0, TaskId=0)
0000023991: Error: System overload: Cycle time too short or huge jitter!
0000023991: SendCycFramesByEntry(0): wFramesMonitoringProcCnt (0) < wFramesMonitoringSndCnt (1)
0000023991: Notify EC_NOTIFY_FRAME_RESPONSE_ERROR(No response error for cyclic frame IDX=0xc5, CycFrameNum=0, TaskId=0)
0000023991: Notify EC_NOTIFY_CYCCMD_WKC_ERROR(11, 0x10000000, 2, 15)
0000023991: Notify EC_NOTIFY_CYCCMD_WKC_ERROR(10, 0x10000800, 2, 15)
0000023991: Notify EC_NOTIFY_CYCCMD_WKC_ERROR(11, 0x10000000, 2, 15)
0000023991: Notify EC_NOTIFY_CYCCMD_WKC_ERROR(10, 0x10000800, 2, 15)
0000023992: Error: System overload: Cycle time too short or huge jitter!
0000023992: SendCycFramesByEntry(0): wFramesMonitoringProcCnt (0) < wFramesMonitoringSndCnt (1)
0000023992: Notify EC_NOTIFY_FRAME_RESPONSE_ERROR(No response error for cyclic frame IDX=0xc7, CycFrameNum=0, TaskId=0)
0000023992: Notify EC_NOTIFY_CYCCMD_WKC_ERROR(11, 0x10000000, 2, 15)
0000023992: Notify EC_NOTIFY_CYCCMD_WKC_ERROR(10, 0x10000800, 2, 15)
0000023994: Error: System overload: Cycle time too short or huge jitter!
0000023994: SendCycFramesByEntry(0): wFramesMonitoringProcCnt (0) < wFramesMonitoringSndCnt (1)
0000023994: Notify EC_NOTIFY_FRAME_RESPONSE_ERROR(No response error for cyclic frame IDX=0xcc, CycFrameNum=0, TaskId=0)
0000023995: Notify EC_NOTIFY_CYCCMD_WKC_ERROR(11, 0x10000000, 2, 15)
0000023995: Notify EC_NOTIFY_CYCCMD_WKC_ERROR(10, 0x10000800, 2, 15)
0000023995: Notify EC_NOTIFY_CYCCMD_WKC_ERROR(11, 0x10000000, 2, 15)
0000023995: Notify EC_NOTIFY_CYCCMD_WKC_ERROR(10, 0x10000800, 2, 15)
0000023998: Error: System overload: Cycle time too short or huge jitter!
0000023998: SendCycFramesByEntry(0): wFramesMonitoringProcCnt (0) < wFramesMonitoringSndCnt (1)
0000023998: Notify EC_NOTIFY_FRAME_RESPONSE_ERROR(No response error for cyclic frame IDX=0xd3, CycFrameNum=0, TaskId=0)
0000023998: Notify EC_NOTIFY_CYCCMD_WKC_ERROR(11, 0x10000000, 2, 15)
0000023998: Notify EC_NOTIFY_CYCCMD_WKC_ERROR(10, 0x10000800, 2, 15)
0000023999: Error: System overload: Cycle time too short or huge jitter!
0000023999: SendCycFramesByEntry(0): wFramesMonitoringProcCnt (0) < wFramesMonitoringSndCnt (1)
0000023999: Notify EC_NOTIFY_FRAME_RESPONSE_ERROR(No response error for cyclic frame IDX=0xd5, CycFrameNum=0, TaskId=0)
0000023999: Notify EC_NOTIFY_CYCCMD_WKC_ERROR(11, 0x10000000, 2, 15)
0000023999: Notify EC_NOTIFY_CYCCMD_WKC_ERROR(10, 0x10000800, 2, 15)
0000024000: Error: System overload: Cycle time too short or huge jitter!
0000024000: SendCycFramesByEntry(0): wFramesMonitoringProcCnt (0) < wFramesMonitoringSndCnt (1)
0000024000: Notify EC_NOTIFY_FRAME_RESPONSE_ERROR(No response error for cyclic frame IDX=0xd8, CycFrameNum=0, TaskId=0)
0000024001: Notify EC_NOTIFY_CYCCMD_WKC_ERROR(11, 0x10000000, 2, 15)
0000024001: Notify EC_NOTIFY_CYCCMD_WKC_ERROR(10, 0x10000800, 2, 15)
0000024001: Error: System overload: Cycle time too short or huge jitter!
0000024001: SendCycFramesByEntry(0): wFramesMonitoringProcCnt (0) < wFramesMonitoringSndCnt (1)
0000024001: Notify EC_NOTIFY_FRAME_RESPONSE_ERROR(No response error for cyclic frame IDX=0xda, CycFrameNum=0, TaskId=0)
0000024002: Notify EC_NOTIFY_CYCCMD_WKC_ERROR(11, 0x10000000, 2, 15)
0000024002: Notify EC_NOTIFY_CYCCMD_WKC_ERROR(10, 0x10000800, 2, 15)
0000024003: Error: System overload: Cycle time too short or huge jitter!
0000024003: SendCycFramesByEntry(0): wFramesMonitoringProcCnt (0) < wFramesMonitoringSndCnt (1)
0000024003: Notify EC_NOTIFY_FRAME_RESPONSE_ERROR(No response error for cyclic frame IDX=0xdd, CycFrameNum=0, TaskId=0)
0000024003: Notify EC_NOTIFY_CYCCMD_WKC_ERROR(11, 0x10000000, 2, 15)
0000024003: Notify EC_NOTIFY_CYCCMD_WKC_ERROR(10, 0x10000800, 2, 15)
0000024005: Notify EC_NOTIFY_CYCCMD_WKC_ERROR(11, 0x10000000, 2, 15)
0000024005: Notify EC_NOTIFY_CYCCMD_WKC_ERROR(10, 0x10000800, 2, 15)
0000024007: Error: System overload: Cycle time too short or huge jitter!
0000024007: SendCycFramesByEntry(0): wFramesMonitoringProcCnt (0) < wFramesMonitoringSndCnt (1)
0000024007: Notify EC_NOTIFY_FRAME_RESPONSE_ERROR(No response error for cyclic frame IDX=0x8, CycFrameNum=0, TaskId=0)
0000024008: Error: System overload: Cycle time too short or huge jitter!
0000024008: SendCycFramesByEntry(0): wFramesMonitoringProcCnt (0) < wFramesMonitoringSndCnt (1)
0000024008: Notify EC_NOTIFY_FRAME_RESPONSE_ERROR(No response error for cyclic frame IDX=0x9, CycFrameNum=0, TaskId=0)
0000024008: Notify EC_NOTIFY_CYCCMD_WKC_ERROR(11, 0x10000000, 2, 15)
0000024008: Notify EC_NOTIFY_CYCCMD_WKC_ERROR(10, 0x10000800, 2, 15)
0000024008: Notify EC_NOTIFY_CYCCMD_WKC_ERROR(11, 0x10000000, 2, 15)
0000024008: Notify EC_NOTIFY_CYCCMD_WKC_ERROR(10, 0x10000800, 2, 15)
0000024009: Error: System overload: Cycle time too short or huge jitter!
0000024009: SendCycFramesByEntry(0): wFramesMonitoringProcCnt (0) < wFramesMonitoringSndCnt (1)
0000024009: Notify EC_NOTIFY_FRAME_RESPONSE_ERROR(No response error for cyclic frame IDX=0xb, CycFrameNum=0, TaskId=0)
0000024009: Error: System overload: Cycle time too short or huge jitter!
0000024009: SendCycFramesByEntry(0): wFramesMonitoringProcCnt (0) < wFramesMonitoringSndCnt (1)
0000024009: Notify EC_NOTIFY_FRAME_RESPONSE_ERROR(No response error for cyclic frame IDX=0xc, CycFrameNum=0, TaskId=0)
0000024010: Notify EC_NOTIFY_CYCCMD_WKC_ERROR(11, 0x10000000, 2, 15)
0000024010: Notify EC_NOTIFY_CYCCMD_WKC_ERROR(10, 0x10000800, 2, 15)
0000024010: Notify EC_NOTIFY_CYCCMD_WKC_ERROR(11, 0x10000000, 2, 15)
0000024010: Notify EC_NOTIFY_CYCCMD_WKC_ERROR(10, 0x10000800, 2, 15)
0000024011: Error: System overload: Cycle time too short or huge jitter!
0000024011: SendCycFramesByEntry(0): wFramesMonitoringProcCnt (0) < wFramesMonitoringSndCnt (1)
0000024011: Notify EC_NOTIFY_FRAME_RESPONSE_ERROR(No response error for cyclic frame IDX=0x10, CycFrameNum=0, TaskId=0)
0000024012: Notify EC_NOTIFY_CYCCMD_WKC_ERROR(11, 0x10000000, 2, 15)
0000024012: Notify EC_NOTIFY_CYCCMD_WKC_ERROR(10, 0x10000800, 2, 15)
0000024013: Error: System overload: Cycle time too short or huge jitter!
0000024013: SendCycFramesByEntry(0): wFramesMonitoringProcCnt (0) < wFramesMonitoringSndCnt (1)
0000024013: Notify EC_NOTIFY_FRAME_RESPONSE_ERROR(No response error for cyclic frame IDX=0x14, CycFrameNum=0, TaskId=0)
0000024014: Error: System overload: Cycle time too short or huge jitter!
0000024014: SendCycFramesByEntry(0): wFramesMonitoringProcCnt (0) < wFramesMonitoringSndCnt (1)
0000024014: Notify EC_NOTIFY_FRAME_RESPONSE_ERROR(No response error for cyclic frame IDX=0x15, CycFrameNum=0, TaskId=0)
0000024014: Notify EC_NOTIFY_CYCCMD_WKC_ERROR(11, 0x10000000, 2, 15)
0000024014: Notify EC_NOTIFY_CYCCMD_WKC_ERROR(10, 0x10000800, 2, 15)
0000024014: Notify EC_NOTIFY_CYCCMD_WKC_ERROR(11, 0x10000000, 2, 15)
0000024014: Notify EC_NOTIFY_CYCCMD_WKC_ERROR(10, 0x10000800, 2, 15)
0000024016: Error: System overload: Cycle time too short or huge jitter!
0000024016: SendCycFramesByEntry(0): wFramesMonitoringProcCnt (0) < wFramesMonitoringSndCnt (1)
0000024016: Notify EC_NOTIFY_FRAME_RESPONSE_ERROR(No response error for cyclic frame IDX=0x1a, CycFrameNum=0, TaskId=0)
0000024017: Notify EC_NOTIFY_CYCCMD_WKC_ERROR(11, 0x10000000, 2, 15)
0000024017: Notify EC_NOTIFY_CYCCMD_WKC_ERROR(10, 0x10000800, 2, 15)
0000024017: Error: System overload: Cycle time too short or huge jitter!
0000024017: SendCycFramesByEntry(0): wFramesMonitoringProcCnt (0) < wFramesMonitoringSndCnt (1)
0000024017: Notify EC_NOTIFY_FRAME_RESPONSE_ERROR(No response error for cyclic frame IDX=0x1c, CycFrameNum=0, TaskId=0)
0000024018: Error: System overload: Cycle time too short or huge jitter!
0000024018: SendCycFramesByEntry(0): wFramesMonitoringProcCnt (0) < wFramesMonitoringSndCnt (1)
0000024018: Notify EC_NOTIFY_FRAME_RESPONSE_ERROR(No response error for cyclic frame IDX=0x1d, CycFrameNum=0, TaskId=0)
0000024018: Error: System overload: Cycle time too short or huge jitter!
0000024018: SendCycFramesByEntry(0): wFramesMonitoringProcCnt (0) < wFramesMonitoringSndCnt (1)
0000024018: Notify EC_NOTIFY_FRAME_RESPONSE_ERROR(No response error for cyclic frame IDX=0x1e, CycFrameNum=0, TaskId=0)
0000024019: Notify EC_NOTIFY_CYCCMD_WKC_ERROR(11, 0x10000000, 2, 15)
0000024019: Notify EC_NOTIFY_CYCCMD_WKC_ERROR(10, 0x10000800, 2, 15)
0000024019: Notify EC_NOTIFY_CYCCMD_WKC_ERROR(11, 0x10000000, 2, 15)
0000024019: Notify EC_NOTIFY_CYCCMD_WKC_ERROR(10, 0x10000800, 2, 15)
0000024019: Notify EC_NOTIFY_CYCCMD_WKC_ERROR(11, 0x10000000, 2, 15)
0000024019: Notify EC_NOTIFY_CYCCMD_WKC_ERROR(10, 0x10000800, 2, 15)
0000024020: Error: System overload: Cycle time too short or huge jitter!
0000024020: SendCycFramesByEntry(0): wFramesMonitoringProcCnt (0) < wFramesMonitoringSndCnt (1)
0000024020: Notify EC_NOTIFY_FRAME_RESPONSE_ERROR(No response error for cyclic frame IDX=0x21, CycFrameNum=0, TaskId=0)
0000024020: Notify EC_NOTIFY_CYCCMD_WKC_ERROR(11, 0x10000000, 2, 15)
0000024020: Notify EC_NOTIFY_CYCCMD_WKC_ERROR(10, 0x10000800, 2, 15)
0000024022: Error: System overload: Cycle time too short or huge jitter!
0000024022: SendCycFramesByEntry(0): wFramesMonitoringProcCnt (0) < wFramesMonitoringSndCnt (1)
0000024022: Notify EC_NOTIFY_FRAME_RESPONSE_ERROR(No response error for cyclic frame IDX=0x25, CycFrameNum=0, TaskId=0)
0000024022: Notify EC_NOTIFY_CYCCMD_WKC_ERROR(11, 0x10000000, 2, 15)
0000024022: Notify EC_NOTIFY_CYCCMD_WKC_ERROR(10, 0x10000800, 2, 15)
0000024023: Error: System overload: Cycle time too short or huge jitter!
0000024023: SendCycFramesByEntry(0): wFramesMonitoringProcCnt (0) < wFramesMonitoringSndCnt (1)
0000024023: Notify EC_NOTIFY_FRAME_RESPONSE_ERROR(No response error for cyclic frame IDX=0x28, CycFrameNum=0, TaskId=0)
0000024024: Notify EC_NOTIFY_CYCCMD_WKC_ERROR(11, 0x10000000, 2, 15)
0000024024: Notify EC_NOTIFY_CYCCMD_WKC_ERROR(10, 0x10000800, 2, 15)
0000024025: Error: System overload: Cycle time too short or huge jitter!
0000024025: SendCycFramesByEntry(0): wFramesMonitoringProcCnt (0) < wFramesMonitoringSndCnt (1)
0000024025: Notify EC_NOTIFY_FRAME_RESPONSE_ERROR(No response error for cyclic frame IDX=0x2b, CycFrameNum=0, TaskId=0)
0000024025: Notify EC_NOTIFY_CYCCMD_WKC_ERROR(11, 0x10000000, 2, 15)
0000024025: Notify EC_NOTIFY_CYCCMD_WKC_ERROR(10, 0x10000800, 2, 15)
0000024026: Error: System overload: Cycle time too short or huge jitter!
0000024026: SendCycFramesByEntry(0): wFramesMonitoringProcCnt (0) < wFramesMonitoringSndCnt (1)
0000024026: Notify EC_NOTIFY_FRAME_RESPONSE_ERROR(No response error for cyclic frame IDX=0x2d, CycFrameNum=0, TaskId=0)
0000024026: Notify EC_NOTIFY_CYCCMD_WKC_ERROR(11, 0x10000000, 2, 15)
0000024026: Notify EC_NOTIFY_CYCCMD_WKC_ERROR(10, 0x10000800, 2, 15)
0000024027: Error: System overload: Cycle time too short or huge jitter!
0000024027: SendCycFramesByEntry(0): wFramesMonitoringProcCnt (0) < wFramesMonitoringSndCnt (1)
0000024027: Notify EC_NOTIFY_FRAME_RESPONSE_ERROR(No response error for cyclic frame IDX=0x2f, CycFrameNum=0, TaskId=0)
0000024027: Notify EC_NOTIFY_CYCCMD_WKC_ERROR(11, 0x10000000, 2, 15)
0000024027: Notify EC_NOTIFY_CYCCMD_WKC_ERROR(10, 0x10000800, 2, 15)
0000024028: Error: System overload: Cycle time too short or huge jitter!
0000024028: SendCycFramesByEntry(0): wFramesMonitoringProcCnt (0) < wFramesMonitoringSndCnt (1)
0000024028: Notify EC_NOTIFY_FRAME_RESPONSE_ERROR(No response error for cyclic frame IDX=0x32, CycFrameNum=0, TaskId=0)
0000024029: Notify EC_NOTIFY_CYCCMD_WKC_ERROR(11, 0x10000000, 2, 15)
0000024029: Notify EC_NOTIFY_CYCCMD_WKC_ERROR(10, 0x10000800, 2, 15)
0000024029: Error: System overload: Cycle time too short or huge jitter!
0000024029: SendCycFramesByEntry(0): wFramesMonitoringProcCnt (0) < wFramesMonitoringSndCnt (1)
0000024029: Notify EC_NOTIFY_FRAME_RESPONSE_ERROR(No response error for cyclic frame IDX=0x34, CycFrameNum=0, TaskId=0)
0000024030: Notify EC_NOTIFY_CYCCMD_WKC_ERROR(11, 0x10000000, 2, 15)
0000024030: Notify EC_NOTIFY_CYCCMD_WKC_ERROR(10, 0x10000800, 2, 15)
0000024030: Error: System overload: Cycle time too short or huge jitter!
0000024030: SendCycFramesByEntry(0): wFramesMonitoringProcCnt (0) < wFramesMonitoringSndCnt (1)
0000024030: Notify EC_NOTIFY_FRAME_RESPONSE_ERROR(No response error for cyclic frame IDX=0x36, CycFrameNum=0, TaskId=0)
0000024031: Notify EC_NOTIFY_CYCCMD_WKC_ERROR(11, 0x10000000, 2, 15)
0000024031: Notify EC_NOTIFY_CYCCMD_WKC_ERROR(10, 0x10000800, 2, 15)
0000024032: Error: System overload: Cycle time too short or huge jitter!
0000024032: SendCycFramesByEntry(0): wFramesMonitoringProcCnt (0) < wFramesMonitoringSndCnt (1)
0000024032: Notify EC_NOTIFY_FRAME_RESPONSE_ERROR(No response error for cyclic frame IDX=0x39, CycFrameNum=0, TaskId=0)
0000024032: Notify EC_NOTIFY_CYCCMD_WKC_ERROR(11, 0x10000000, 2, 15)
0000024032: Notify EC_NOTIFY_CYCCMD_WKC_ERROR(10, 0x10000800, 2, 15)
0000024033: Error: System overload: Cycle time too short or huge jitter!
0000024033: SendCycFramesByEntry(0): wFramesMonitoringProcCnt (0) < wFramesMonitoringSndCnt (1)
0000024033: Notify EC_NOTIFY_FRAME_RESPONSE_ERROR(No response error for cyclic frame IDX=0x3b, CycFrameNum=0, TaskId=0)
0000024033: Error: System overload: Cycle time too short or huge jitter!
0000024033: SendCycFramesByEntry(0): wFramesMonitoringProcCnt (0) < wFramesMonitoringSndCnt (1)
0000024033: Notify EC_NOTIFY_FRAME_RESPONSE_ERROR(No response error for cyclic frame IDX=0x3c, CycFrameNum=0, TaskId=0)
0000024034: Notify EC_NOTIFY_CYCCMD_WKC_ERROR(11, 0x10000000, 2, 15)
0000024034: Notify EC_NOTIFY_CYCCMD_WKC_ERROR(10, 0x10000800, 2, 15)
0000024034: Notify EC_NOTIFY_CYCCMD_WKC_ERROR(11, 0x10000000, 2, 15)
0000024034: Notify EC_NOTIFY_CYCCMD_WKC_ERROR(10, 0x10000800, 2, 15)
0000024037: Error: System overload: Cycle time too short or huge jitter!
0000024037: SendCycFramesByEntry(0): wFramesMonitoringProcCnt (0) < wFramesMonitoringSndCnt (1)
0000024037: Notify EC_NOTIFY_FRAME_RESPONSE_ERROR(No response error for cyclic frame IDX=0x43, CycFrameNum=0, TaskId=0)
0000024037: Notify EC_NOTIFY_CYCCMD_WKC_ERROR(11, 0x10000000, 2, 15)
0000024037: Notify EC_NOTIFY_CYCCMD_WKC_ERROR(10, 0x10000800, 2, 15)
0000024038: Error: System overload: Cycle time too short or huge jitter!
0000024038: SendCycFramesByEntry(0): wFramesMonitoringProcCnt (0) < wFramesMonitoringSndCnt (1)
0000024038: Notify EC_NOTIFY_FRAME_RESPONSE_ERROR(No response error for cyclic frame IDX=0x46, CycFrameNum=0, TaskId=0)
0000024039: Notify EC_NOTIFY_CYCCMD_WKC_ERROR(11, 0x10000000, 2, 15)
0000024039: Notify EC_NOTIFY_CYCCMD_WKC_ERROR(10, 0x10000800, 2, 15)
0000024039: Error: System overload: Cycle time too short or huge jitter!
0000024039: SendCycFramesByEntry(0): wFramesMonitoringProcCnt (0) < wFramesMonitoringSndCnt (1)
0000024039: Notify EC_NOTIFY_FRAME_RESPONSE_ERROR(No response error for cyclic frame IDX=0x48, CycFrameNum=0, TaskId=0)
0000024040: Notify EC_NOTIFY_CYCCMD_WKC_ERROR(11, 0x10000000, 2, 15)
0000024040: Notify EC_NOTIFY_CYCCMD_WKC_ERROR(10, 0x10000800, 2, 15)
0000024040: Error: System overload: Cycle time too short or huge jitter!
0000024040: SendCycFramesByEntry(0): wFramesMonitoringProcCnt (0) < wFramesMonitoringSndCnt (1)
0000024040: Notify EC_NOTIFY_FRAME_RESPONSE_ERROR(No response error for cyclic frame IDX=0x4a, CycFrameNum=0, TaskId=0)
0000024041: Notify EC_NOTIFY_CYCCMD_WKC_ERROR(11, 0x10000000, 2, 15)
0000024041: Notify EC_NOTIFY_CYCCMD_WKC_ERROR(10, 0x10000800, 2, 15)
0000024041: Error: System overload: Cycle time too short or huge jitter!
0000024041: SendCycFramesByEntry(0): wFramesMonitoringProcCnt (0) < wFramesMonitoringSndCnt (1)
0000024041: Notify EC_NOTIFY_FRAME_RESPONSE_ERROR(No response error for cyclic frame IDX=0x4c, CycFrameNum=0, TaskId=0)
0000024042: Notify EC_NOTIFY_CYCCMD_WKC_ERROR(11, 0x10000000, 2, 15)
0000024042: Notify EC_NOTIFY_CYCCMD_WKC_ERROR(10, 0x10000800, 2, 15)
0000024043: Error: System overload: Cycle time too short or huge jitter!
0000024043: SendCycFramesByEntry(0): wFramesMonitoringProcCnt (0) < wFramesMonitoringSndCnt (1)
0000024043: Notify EC_NOTIFY_FRAME_RESPONSE_ERROR(No response error for cyclic frame IDX=0x50, CycFrameNum=0, TaskId=0)
0000024044: Notify EC_NOTIFY_CYCCMD_WKC_ERROR(11, 0x10000000, 2, 15)
0000024044: Notify EC_NOTIFY_CYCCMD_WKC_ERROR(10, 0x10000800, 2, 15)
0000024045: Notify EC_NOTIFY_CYCCMD_WKC_ERROR(11, 0x10000000, 2, 15)
0000024045: Notify EC_NOTIFY_CYCCMD_WKC_ERROR(10, 0x10000800, 2, 15)
0000024049: Error: System overload: Cycle time too short or huge jitter!
0000024049: SendCycFramesByEntry(0): wFramesMonitoringProcCnt (0) < wFramesMonitoringSndCnt (1)
0000024049: Notify EC_NOTIFY_FRAME_RESPONSE_ERROR(No response error for cyclic frame IDX=0x5b, CycFrameNum=0, TaskId=0)
0000024049: Notify EC_NOTIFY_CYCCMD_WKC_ERROR(11, 0x10000000, 2, 15)
0000024049: Notify EC_NOTIFY_CYCCMD_WKC_ERROR(10, 0x10000800, 2, 15)
0000024050: Error: System overload: Cycle time too short or huge jitter!
0000024050: SendCycFramesByEntry(0): wFramesMonitoringProcCnt (0) < wFramesMonitoringSndCnt (1)
0000024050: Notify EC_NOTIFY_FRAME_RESPONSE_ERROR(No response error for cyclic frame IDX=0x5d, CycFrameNum=0, TaskId=0)
0000024050: Notify EC_NOTIFY_CYCCMD_WKC_ERROR(11, 0x10000000, 2, 15)
0000024050: Notify EC_NOTIFY_CYCCMD_WKC_ERROR(10, 0x10000800, 2, 15)
0000024055: Error: System overload: Cycle time too short or huge jitter!
0000024055: SendCycFramesByEntry(0): wFramesMonitoringProcCnt (0) < wFramesMonitoringSndCnt (1)
0000024055: Notify EC_NOTIFY_FRAME_RESPONSE_ERROR(No response error for cyclic frame IDX=0x67, CycFrameNum=0, TaskId=0)
0000024055: Notify EC_NOTIFY_CYCCMD_WKC_ERROR(11, 0x10000000, 2, 15)
0000024055: Notify EC_NOTIFY_CYCCMD_WKC_ERROR(10, 0x10000800, 2, 15)
0000024056: Error: System overload: Cycle time too short or huge jitter!
0000024056: SendCycFramesByEntry(0): wFramesMonitoringProcCnt (0) < wFramesMonitoringSndCnt (1)
0000024056: Notify EC_NOTIFY_FRAME_RESPONSE_ERROR(No response error for cyclic frame IDX=0x69, CycFrameNum=0, TaskId=0)
0000024056: Error: System overload: Cycle time too short or huge jitter!
0000024056: SendCycFramesByEntry(0): wFramesMonitoringProcCnt (0) < wFramesMonitoringSndCnt (1)
0000024056: Notify EC_NOTIFY_FRAME_RESPONSE_ERROR(No response error for cyclic frame IDX=0x6a, CycFrameNum=0, TaskId=0)
0000024057: Notify EC_NOTIFY_CYCCMD_WKC_ERROR(11, 0x10000000, 2, 15)
0000024057: Notify EC_NOTIFY_CYCCMD_WKC_ERROR(10, 0x10000800, 2, 15)
0000024057: Notify EC_NOTIFY_CYCCMD_WKC_ERROR(11, 0x10000000, 2, 15)
0000024057: Notify EC_NOTIFY_CYCCMD_WKC_ERROR(10, 0x10000800, 2, 15)
0000024057: Error: System overload: Cycle time too short or huge jitter!
0000024057: SendCycFramesByEntry(0): wFramesMonitoringProcCnt (0) < wFramesMonitoringSndCnt (1)
0000024057: Notify EC_NOTIFY_FRAME_RESPONSE_ERROR(No response error for cyclic frame IDX=0x6c, CycFrameNum=0, TaskId=0)
0000024058: Notify EC_NOTIFY_CYCCMD_WKC_ERROR(11, 0x10000000, 2, 15)
0000024058: Notify EC_NOTIFY_CYCCMD_WKC_ERROR(10, 0x10000800, 2, 15)
0000024060: Error: System overload: Cycle time too short or huge jitter!
0000024060: SendCycFramesByEntry(0): wFramesMonitoringProcCnt (0) < wFramesMonitoringSndCnt (1)
0000024060: Notify EC_NOTIFY_FRAME_RESPONSE_ERROR(No response error for cyclic frame IDX=0x71, CycFrameNum=0, TaskId=0)
0000024060: Notify EC_NOTIFY_CYCCMD_WKC_ERROR(11, 0x10000000, 2, 15)
0000024060: Notify EC_NOTIFY_CYCCMD_WKC_ERROR(10, 0x10000800, 2, 15)
0000024061: Error: System overload: Cycle time too short or huge jitter!
0000024061: SendCycFramesByEntry(0): wFramesMonitoringProcCnt (0) < wFramesMonitoringSndCnt (1)
0000024061: Notify EC_NOTIFY_FRAME_RESPONSE_ERROR(No response error for cyclic frame IDX=0x73, CycFrameNum=0, TaskId=0)
0000024061: Error: System overload: Cycle time too short or huge jitter!
0000024061: SendCycFramesByEntry(0): wFramesMonitoringProcCnt (0) < wFramesMonitoringSndCnt (1)
0000024061: Notify EC_NOTIFY_FRAME_RESPONSE_ERROR(No response error for cyclic frame IDX=0x74, CycFrameNum=0, TaskId=0)
0000024062: Notify EC_NOTIFY_CYCCMD_WKC_ERROR(11, 0x10000000, 2, 15)
0000024062: Notify EC_NOTIFY_CYCCMD_WKC_ERROR(10, 0x10000800, 2, 15)
0000024062: Notify EC_NOTIFY_CYCCMD_WKC_ERROR(11, 0x10000000, 2, 15)
0000024062: Notify EC_NOTIFY_CYCCMD_WKC_ERROR(10, 0x10000800, 2, 15)
0000024064: Error: System overload: Cycle time too short or huge jitter!
0000024064: SendCycFramesByEntry(0): wFramesMonitoringProcCnt (0) < wFramesMonitoringSndCnt (1)
0000024064: Notify EC_NOTIFY_FRAME_RESPONSE_ERROR(No response error for cyclic frame IDX=0x79, CycFrameNum=0, TaskId=0)
0000024064: Notify EC_NOTIFY_CYCCMD_WKC_ERROR(11, 0x10000000, 2, 15)
0000024064: Notify EC_NOTIFY_CYCCMD_WKC_ERROR(10, 0x10000800, 2, 15)
0000024065: Error: System overload: Cycle time too short or huge jitter!
0000024065: SendCycFramesByEntry(0): wFramesMonitoringProcCnt (0) < wFramesMonitoringSndCnt (1)
0000024065: Notify EC_NOTIFY_FRAME_RESPONSE_ERROR(No response error for cyclic frame IDX=0x7b, CycFrameNum=0, TaskId=0)
0000024065: Notify EC_NOTIFY_CYCCMD_WKC_ERROR(11, 0x10000000, 2, 15)
0000024065: Notify EC_NOTIFY_CYCCMD_WKC_ERROR(10, 0x10000800, 2, 15)
0000024066: Error: System overload: Cycle time too short or huge jitter!
0000024066: SendCycFramesByEntry(0): wFramesMonitoringProcCnt (0) < wFramesMonitoringSndCnt (1)
0000024066: Notify EC_NOTIFY_FRAME_RESPONSE_ERROR(No response error for cyclic frame IDX=0x7d, CycFrameNum=0, TaskId=0)
0000024066: Notify EC_NOTIFY_CYCCMD_WKC_ERROR(11, 0x10000000, 2, 15)
0000024066: Notify EC_NOTIFY_CYCCMD_WKC_ERROR(10, 0x10000800, 2, 15)
0000024067: Error: System overload: Cycle time too short or huge jitter!
0000024067: SendCycFramesByEntry(0): wFramesMonitoringProcCnt (0) < wFramesMonitoringSndCnt (1)
0000024067: Notify EC_NOTIFY_FRAME_RESPONSE_ERROR(No response error for cyclic frame IDX=0x7f, CycFrameNum=0, TaskId=0)
0000024067: Notify EC_NOTIFY_CYCCMD_WKC_ERROR(11, 0x10000000, 2, 15)
0000024067: Notify EC_NOTIFY_CYCCMD_WKC_ERROR(10, 0x10000800, 2, 15)
0000024068: Error: System overload: Cycle time too short or huge jitter!
0000024068: SendCycFramesByEntry(0): wFramesMonitoringProcCnt (0) < wFramesMonitoringSndCnt (1)
0000024068: Notify EC_NOTIFY_FRAME_RESPONSE_ERROR(No response error for cyclic frame IDX=0x82, CycFrameNum=0, TaskId=0)
0000024069: Notify EC_NOTIFY_CYCCMD_WKC_ERROR(11, 0x10000000, 2, 15)
0000024069: Notify EC_NOTIFY_CYCCMD_WKC_ERROR(10, 0x10000800, 2, 15)
0000024071: Error: System overload: Cycle time too short or huge jitter!
0000024071: SendCycFramesByEntry(0): wFramesMonitoringProcCnt (0) < wFramesMonitoringSndCnt (1)
0000024071: Notify EC_NOTIFY_FRAME_RESPONSE_ERROR(No response error for cyclic frame IDX=0x87, CycFrameNum=0, TaskId=0)
0000024071: Notify EC_NOTIFY_CYCCMD_WKC_ERROR(11, 0x10000000, 2, 15)
0000024071: Notify EC_NOTIFY_CYCCMD_WKC_ERROR(10, 0x10000800, 2, 15)
0000024072: Error: System overload: Cycle time too short or huge jitter!
0000024072: SendCycFramesByEntry(0): wFramesMonitoringProcCnt (0) < wFramesMonitoringSndCnt (1)
0000024072: Notify EC_NOTIFY_FRAME_RESPONSE_ERROR(No response error for cyclic frame IDX=0x8a, CycFrameNum=0, TaskId=0)
0000024073: Notify EC_NOTIFY_CYCCMD_WKC_ERROR(11, 0x10000000, 2, 15)
0000024073: Notify EC_NOTIFY_CYCCMD_WKC_ERROR(10, 0x10000800, 2, 15)
0000024077: Error: System overload: Cycle time too short or huge jitter!
0000024077: SendCycFramesByEntry(0): wFramesMonitoringProcCnt (0) < wFramesMonitoringSndCnt (1)
0000024077: Notify EC_NOTIFY_FRAME_RESPONSE_ERROR(No response error for cyclic frame IDX=0x93, CycFrameNum=0, TaskId=0)
0000024077: Notify EC_NOTIFY_CYCCMD_WKC_ERROR(11, 0x10000000, 2, 15)
0000024077: Notify EC_NOTIFY_CYCCMD_WKC_ERROR(10, 0x10000800, 2, 15)
0000024078: Error: System overload: Cycle time too short or huge jitter!
0000024078: SendCycFramesByEntry(0): wFramesMonitoringProcCnt (0) < wFramesMonitoringSndCnt (1)
0000024078: Notify EC_NOTIFY_FRAME_RESPONSE_ERROR(No response error for cyclic frame IDX=0x95, CycFrameNum=0, TaskId=0)
0000024078: Notify EC_NOTIFY_CYCCMD_WKC_ERROR(11, 0x10000000, 2, 15)
0000024078: Notify EC_NOTIFY_CYCCMD_WKC_ERROR(10, 0x10000800, 2, 15)
0000024079: Error: System overload: Cycle time too short or huge jitter!
0000024079: SendCycFramesByEntry(0): wFramesMonitoringProcCnt (0) < wFramesMonitoringSndCnt (1)
0000024079: Notify EC_NOTIFY_FRAME_RESPONSE_ERROR(No response error for cyclic frame IDX=0x98, CycFrameNum=0, TaskId=0)
0000024080: Notify EC_NOTIFY_CYCCMD_WKC_ERROR(11, 0x10000000, 2, 15)
0000024080: Notify EC_NOTIFY_CYCCMD_WKC_ERROR(10, 0x10000800, 2, 15)
0000024080: Error: System overload: Cycle time too short or huge jitter!
0000024080: SendCycFramesByEntry(0): wFramesMonitoringProcCnt (0) < wFramesMonitoringSndCnt (1)
0000024080: Notify EC_NOTIFY_FRAME_RESPONSE_ERROR(No response error for cyclic frame IDX=0x9a, CycFrameNum=0, TaskId=0)
0000024081: Notify EC_NOTIFY_CYCCMD_WKC_ERROR(11, 0x10000000, 2, 15)
0000024081: Notify EC_NOTIFY_CYCCMD_WKC_ERROR(10, 0x10000800, 2, 15)
0000024083: Error: System overload: Cycle time too short or huge jitter!
0000024083: SendCycFramesByEntry(0): wFramesMonitoringProcCnt (0) < wFramesMonitoringSndCnt (1)
0000024083: Notify EC_NOTIFY_FRAME_RESPONSE_ERROR(No response error for cyclic frame IDX=0x9f, CycFrameNum=0, TaskId=0)
0000024083: Error: System overload: Cycle time too short or huge jitter!
0000024083: SendCycFramesByEntry(0): wFramesMonitoringProcCnt (0) < wFramesMonitoringSndCnt (1)
0000024083: Notify EC_NOTIFY_FRAME_RESPONSE_ERROR(No response error for cyclic frame IDX=0xa0, CycFrameNum=0, TaskId=0)
0000024084: Notify EC_NOTIFY_CYCCMD_WKC_ERROR(11, 0x10000000, 2, 15)
0000024084: Notify EC_NOTIFY_CYCCMD_WKC_ERROR(10, 0x10000800, 2, 15)
0000024084: Notify EC_NOTIFY_CYCCMD_WKC_ERROR(11, 0x10000000, 2, 15)
0000024084: Notify EC_NOTIFY_CYCCMD_WKC_ERROR(10, 0x10000800, 2, 15)
0000024085: Notify EC_NOTIFY_CYCCMD_WKC_ERROR(11, 0x10000000, 2, 15)
0000024085: Notify EC_NOTIFY_CYCCMD_WKC_ERROR(10, 0x10000800, 2, 15)
0000024086: Error: System overload: Cycle time too short or huge jitter!
0000024086: SendCycFramesByEntry(0): wFramesMonitoringProcCnt (0) < wFramesMonitoringSndCnt (1)
0000024086: Notify EC_NOTIFY_FRAME_RESPONSE_ERROR(No response error for cyclic frame IDX=0xa6, CycFrameNum=0, TaskId=0)
0000024087: Notify EC_NOTIFY_CYCCMD_WKC_ERROR(11, 0x10000000, 2, 15)
0000024087: Notify EC_NOTIFY_CYCCMD_WKC_ERROR(10, 0x10000800, 2, 15)
0000024087: Error: System overload: Cycle time too short or huge jitter!
0000024087: SendCycFramesByEntry(0): wFramesMonitoringProcCnt (0) < wFramesMonitoringSndCnt (1)
0000024087: Notify EC_NOTIFY_FRAME_RESPONSE_ERROR(No response error for cyclic frame IDX=0xa8, CycFrameNum=0, TaskId=0)
0000024088: Notify EC_NOTIFY_CYCCMD_WKC_ERROR(11, 0x10000000, 2, 15)
0000024088: Notify EC_NOTIFY_CYCCMD_WKC_ERROR(10, 0x10000800, 2, 15)
0000024089: Error: System overload: Cycle time too short or huge jitter!
0000024089: SendCycFramesByEntry(0): wFramesMonitoringProcCnt (0) < wFramesMonitoringSndCnt (1)
0000024089: Notify EC_NOTIFY_FRAME_RESPONSE_ERROR(No response error for cyclic frame IDX=0xab, CycFrameNum=0, TaskId=0)
0000024089: Error: System overload: Cycle time too short or huge jitter!
0000024089: SendCycFramesByEntry(0): wFramesMonitoringProcCnt (0) < wFramesMonitoringSndCnt (1)
0000024089: Notify EC_NOTIFY_FRAME_RESPONSE_ERROR(No response error for cyclic frame IDX=0xac, CycFrameNum=0, TaskId=0)
0000024090: Notify EC_NOTIFY_CYCCMD_WKC_ERROR(11, 0x10000000, 2, 15)
0000024090: Notify EC_NOTIFY_CYCCMD_WKC_ERROR(10, 0x10000800, 2, 15)
0000024090: Notify EC_NOTIFY_CYCCMD_WKC_ERROR(11, 0x10000000, 2, 15)
0000024090: Notify EC_NOTIFY_CYCCMD_WKC_ERROR(10, 0x10000800, 2, 15)
0000024091: Error: System overload: Cycle time too short or huge jitter!
0000024091: SendCycFramesByEntry(0): wFramesMonitoringProcCnt (0) < wFramesMonitoringSndCnt (1)
0000024091: Notify EC_NOTIFY_FRAME_RESPONSE_ERROR(No response error for cyclic frame IDX=0xb0, CycFrameNum=0, TaskId=0)
0000024092: Notify EC_NOTIFY_CYCCMD_WKC_ERROR(11, 0x10000000, 2, 15)
0000024092: Notify EC_NOTIFY_CYCCMD_WKC_ERROR(10, 0x10000800, 2, 15)
0000024092: Error: System overload: Cycle time too short or huge jitter!
0000024092: SendCycFramesByEntry(0): wFramesMonitoringProcCnt (0) < wFramesMonitoringSndCnt (1)
0000024092: Notify EC_NOTIFY_FRAME_RESPONSE_ERROR(No response error for cyclic frame IDX=0xb2, CycFrameNum=0, TaskId=0)
0000024093: Notify EC_NOTIFY_CYCCMD_WKC_ERROR(11, 0x10000000, 2, 15)
0000024093: Notify EC_NOTIFY_CYCCMD_WKC_ERROR(10, 0x10000800, 2, 15)
0000024094: Error: System overload: Cycle time too short or huge jitter!
0000024094: SendCycFramesByEntry(0): wFramesMonitoringProcCnt (0) < wFramesMonitoringSndCnt (1)
0000024094: Notify EC_NOTIFY_FRAME_RESPONSE_ERROR(No response error for cyclic frame IDX=0xb5, CycFrameNum=0, TaskId=0)
0000024094: Notify EC_NOTIFY_CYCCMD_WKC_ERROR(11, 0x10000000, 2, 15)
0000024094: Notify EC_NOTIFY_CYCCMD_WKC_ERROR(10, 0x10000800, 2, 15)
0000024101: Error: System overload: Cycle time too short or huge jitter!
0000024101: SendCycFramesByEntry(0): wFramesMonitoringProcCnt (0) < wFramesMonitoringSndCnt (1)
0000024101: Notify EC_NOTIFY_FRAME_RESPONSE_ERROR(No response error for cyclic frame IDX=0xc3, CycFrameNum=0, TaskId=0)
0000024101: Notify EC_NOTIFY_CYCCMD_WKC_ERROR(11, 0x10000000, 2, 15)
0000024101: Notify EC_NOTIFY_CYCCMD_WKC_ERROR(10, 0x10000800, 2, 15)
0000024102: Error: System overload: Cycle time too short or huge jitter!
0000024102: SendCycFramesByEntry(0): wFramesMonitoringProcCnt (0) < wFramesMonitoringSndCnt (1)
0000024102: Notify EC_NOTIFY_FRAME_RESPONSE_ERROR(No response error for cyclic frame IDX=0xc6, CycFrameNum=0, TaskId=0)
0000024103: Notify EC_NOTIFY_CYCCMD_WKC_ERROR(11, 0x10000000, 2, 15)
0000024103: Notify EC_NOTIFY_CYCCMD_WKC_ERROR(10, 0x10000800, 2, 15)
0000024103: Error: System overload: Cycle time too short or huge jitter!
0000024103: SendCycFramesByEntry(0): wFramesMonitoringProcCnt (0) < wFramesMonitoringSndCnt (1)
0000024103: Notify EC_NOTIFY_FRAME_RESPONSE_ERROR(No response error for cyclic frame IDX=0xc8, CycFrameNum=0, TaskId=0)
0000024104: Notify EC_NOTIFY_CYCCMD_WKC_ERROR(11, 0x10000000, 2, 15)
0000024104: Notify EC_NOTIFY_CYCCMD_WKC_ERROR(10, 0x10000800, 2, 15)
0000024106: Error: System overload: Cycle time too short or huge jitter!
0000024106: SendCycFramesByEntry(0): wFramesMonitoringProcCnt (0) < wFramesMonitoringSndCnt (1)
0000024106: Notify EC_NOTIFY_FRAME_RESPONSE_ERROR(No response error for cyclic frame IDX=0xcd, CycFrameNum=0, TaskId=0)
0000024106: Notify EC_NOTIFY_CYCCMD_WKC_ERROR(11, 0x10000000, 2, 15)
0000024106: Notify EC_NOTIFY_CYCCMD_WKC_ERROR(10, 0x10000800, 2, 15)
0000024107: Error: System overload: Cycle time too short or huge jitter!
0000024107: SendCycFramesByEntry(0): wFramesMonitoringProcCnt (0) < wFramesMonitoringSndCnt (1)
0000024107: Notify EC_NOTIFY_FRAME_RESPONSE_ERROR(No response error for cyclic frame IDX=0xd0, CycFrameNum=0, TaskId=0)
0000024108: Notify EC_NOTIFY_CYCCMD_WKC_ERROR(11, 0x10000000, 2, 15)
0000024108: Notify EC_NOTIFY_CYCCMD_WKC_ERROR(10, 0x10000800, 2, 15)
0000024108: Error: System overload: Cycle time too short or huge jitter!
0000024108: SendCycFramesByEntry(0): wFramesMonitoringProcCnt (0) < wFramesMonitoringSndCnt (1)
0000024108: Notify EC_NOTIFY_FRAME_RESPONSE_ERROR(No response error for cyclic frame IDX=0xd2, CycFrameNum=0, TaskId=0)
0000024109: Notify EC_NOTIFY_CYCCMD_WKC_ERROR(11, 0x10000000, 2, 15)
0000024109: Notify EC_NOTIFY_CYCCMD_WKC_ERROR(10, 0x10000800, 2, 15)
0000024109: Error: System overload: Cycle time too short or huge jitter!
0000024109: SendCycFramesByEntry(0): wFramesMonitoringProcCnt (0) < wFramesMonitoringSndCnt (1)
0000024109: Notify EC_NOTIFY_FRAME_RESPONSE_ERROR(No response error for cyclic frame IDX=0xd4, CycFrameNum=0, TaskId=0)
0000024110: Notify EC_NOTIFY_CYCCMD_WKC_ERROR(11, 0x10000000, 2, 15)
0000024110: Notify EC_NOTIFY_CYCCMD_WKC_ERROR(10, 0x10000800, 2, 15)
0000024112: Error: System overload: Cycle time too short or huge jitter!
0000024112: SendCycFramesByEntry(0): wFramesMonitoringProcCnt (0) < wFramesMonitoringSndCnt (1)
0000024112: Notify EC_NOTIFY_FRAME_RESPONSE_ERROR(No response error for cyclic frame IDX=0xda, CycFrameNum=0, TaskId=0)
0000024113: Notify EC_NOTIFY_CYCCMD_WKC_ERROR(11, 0x10000000, 2, 15)
0000024113: Notify EC_NOTIFY_CYCCMD_WKC_ERROR(10, 0x10000800, 2, 15)
0000024114: Error: System overload: Cycle time too short or huge jitter!
0000024114: SendCycFramesByEntry(0): wFramesMonitoringProcCnt (0) < wFramesMonitoringSndCnt (1)
0000024114: Notify EC_NOTIFY_FRAME_RESPONSE_ERROR(No response error for cyclic frame IDX=0x0, CycFrameNum=0, TaskId=0)
0000024115: Notify EC_NOTIFY_CYCCMD_WKC_ERROR(11, 0x10000000, 2, 15)
0000024115: Notify EC_NOTIFY_CYCCMD_WKC_ERROR(10, 0x10000800, 2, 15)
0000024118: Error: System overload: Cycle time too short or huge jitter!
0000024118: SendCycFramesByEntry(0): wFramesMonitoringProcCnt (0) < wFramesMonitoringSndCnt (1)
0000024118: Notify EC_NOTIFY_FRAME_RESPONSE_ERROR(No response error for cyclic frame IDX=0x8, CycFrameNum=0, TaskId=0)
0000024119: Notify EC_NOTIFY_CYCCMD_WKC_ERROR(11, 0x10000000, 2, 15)
0000024119: Notify EC_NOTIFY_CYCCMD_WKC_ERROR(10, 0x10000800, 2, 15)
0000024119: Error: System overload: Cycle time too short or huge jitter!
0000024119: SendCycFramesByEntry(0): wFramesMonitoringProcCnt (0) < wFramesMonitoringSndCnt (1)
0000024119: Notify EC_NOTIFY_FRAME_RESPONSE_ERROR(No response error for cyclic frame IDX=0xa, CycFrameNum=0, TaskId=0)
0000024120: Notify EC_NOTIFY_CYCCMD_WKC_ERROR(11, 0x10000000, 2, 15)
0000024120: Notify EC_NOTIFY_CYCCMD_WKC_ERROR(10, 0x10000800, 2, 15)
0000024121: Error: System overload: Cycle time too short or huge jitter!
0000024121: SendCycFramesByEntry(0): wFramesMonitoringProcCnt (0) < wFramesMonitoringSndCnt (1)
0000024121: Notify EC_NOTIFY_FRAME_RESPONSE_ERROR(No response error for cyclic frame IDX=0xe, CycFrameNum=0, TaskId=0)
0000024122: Error: System overload: Cycle time too short or huge jitter!
0000024122: SendCycFramesByEntry(0): wFramesMonitoringProcCnt (0) < wFramesMonitoringSndCnt (1)
0000024122: Notify EC_NOTIFY_FRAME_RESPONSE_ERROR(No response error for cyclic frame IDX=0xf, CycFrameNum=0, TaskId=0)
0000024122: Notify EC_NOTIFY_CYCCMD_WKC_ERROR(11, 0x10000000, 2, 15)
0000024122: Notify EC_NOTIFY_CYCCMD_WKC_ERROR(10, 0x10000800, 2, 15)
0000024122: Notify EC_NOTIFY_CYCCMD_WKC_ERROR(11, 0x10000000, 2, 15)
0000024122: Notify EC_NOTIFY_CYCCMD_WKC_ERROR(10, 0x10000800, 2, 15)
0000024123: Error: System overload: Cycle time too short or huge jitter!
0000024123: SendCycFramesByEntry(0): wFramesMonitoringProcCnt (0) < wFramesMonitoringSndCnt (1)
0000024123: Notify EC_NOTIFY_FRAME_RESPONSE_ERROR(No response error for cyclic frame IDX=0x11, CycFrameNum=0, TaskId=0)
0000024123: Error: System overload: Cycle time too short or huge jitter!
0000024123: SendCycFramesByEntry(0): wFramesMonitoringProcCnt (0) < wFramesMonitoringSndCnt (1)
0000024123: Notify EC_NOTIFY_FRAME_RESPONSE_ERROR(No response error for cyclic frame IDX=0x12, CycFrameNum=0, TaskId=0)
0000024124: Error: System overload: Cycle time too short or huge jitter!
0000024124: SendCycFramesByEntry(0): wFramesMonitoringProcCnt (0) < wFramesMonitoringSndCnt (1)
0000024124: Notify EC_NOTIFY_FRAME_RESPONSE_ERROR(No response error for cyclic frame IDX=0x13, CycFrameNum=0, TaskId=0)
0000024124: Error: System overload: Cycle time too short or huge jitter!
0000024124: SendCycFramesByEntry(0): wFramesMonitoringProcCnt (0) < wFramesMonitoringSndCnt (1)
0000024124: Notify EC_NOTIFY_FRAME_RESPONSE_ERROR(No response error for cyclic frame IDX=0x14, CycFrameNum=0, TaskId=0)
0000024125: Notify EC_NOTIFY_CYCCMD_WKC_ERROR(11, 0x10000000, 2, 15)
0000024125: Notify EC_NOTIFY_CYCCMD_WKC_ERROR(10, 0x10000800, 2, 15)
0000024125: Notify EC_NOTIFY_CYCCMD_WKC_ERROR(11, 0x10000000, 2, 15)
0000024125: Notify EC_NOTIFY_CYCCMD_WKC_ERROR(10, 0x10000800, 2, 15)
0000024125: Notify EC_NOTIFY_CYCCMD_WKC_ERROR(11, 0x10000000, 2, 15)
0000024125: Notify EC_NOTIFY_CYCCMD_WKC_ERROR(10, 0x10000800, 2, 15)
0000024125: Notify EC_NOTIFY_CYCCMD_WKC_ERROR(11, 0x10000000, 2, 15)
0000024125: Notify EC_NOTIFY_CYCCMD_WKC_ERROR(10, 0x10000800, 2, 15)
0000024125: Notify EC_NOTIFY_CYCCMD_WKC_ERROR(11, 0x10000000, 2, 15)
0000024125: Notify EC_NOTIFY_CYCCMD_WKC_ERROR(10, 0x10000800, 2, 15)
0000024126: Error: System overload: Cycle time too short or huge jitter!
0000024126: SendCycFramesByEntry(0): wFramesMonitoringProcCnt (0) < wFramesMonitoringSndCnt (1)
0000024126: Notify EC_NOTIFY_FRAME_RESPONSE_ERROR(No response error for cyclic frame IDX=0x18, CycFrameNum=0, TaskId=0)
0000024127: Notify EC_NOTIFY_CYCCMD_WKC_ERROR(11, 0x10000000, 2, 15)
0000024127: Notify EC_NOTIFY_CYCCMD_WKC_ERROR(10, 0x10000800, 2, 15)
0000024128: Error: System overload: Cycle time too short or huge jitter!
0000024128: SendCycFramesByEntry(0): wFramesMonitoringProcCnt (0) < wFramesMonitoringSndCnt (1)
0000024128: Notify EC_NOTIFY_FRAME_RESPONSE_ERROR(No response error for cyclic frame IDX=0x1b, CycFrameNum=0, TaskId=0)
0000024128: Notify EC_NOTIFY_CYCCMD_WKC_ERROR(11, 0x10000000, 2, 15)
0000024128: Notify EC_NOTIFY_CYCCMD_WKC_ERROR(10, 0x10000800, 2, 15)
0000024130: Error: System overload: Cycle time too short or huge jitter!
0000024130: SendCycFramesByEntry(0): wFramesMonitoringProcCnt (0) < wFramesMonitoringSndCnt (1)
0000024130: Notify EC_NOTIFY_FRAME_RESPONSE_ERROR(No response error for cyclic frame IDX=0x1f, CycFrameNum=0, TaskId=0)
0000024130: Error: System overload: Cycle time too short or huge jitter!
0000024130: SendCycFramesByEntry(0): wFramesMonitoringProcCnt (0) < wFramesMonitoringSndCnt (1)
0000024130: Notify EC_NOTIFY_FRAME_RESPONSE_ERROR(No response error for cyclic frame IDX=0x20, CycFrameNum=0, TaskId=0)
0000024131: Notify EC_NOTIFY_CYCCMD_WKC_ERROR(11, 0x10000000, 2, 15)
0000024131: Notify EC_NOTIFY_CYCCMD_WKC_ERROR(10, 0x10000800, 2, 15)
0000024131: Notify EC_NOTIFY_CYCCMD_WKC_ERROR(11, 0x10000000, 2, 15)
0000024131: Notify EC_NOTIFY_CYCCMD_WKC_ERROR(10, 0x10000800, 2, 15)
0000024131: Error: System overload: Cycle time too short or huge jitter!
0000024131: SendCycFramesByEntry(0): wFramesMonitoringProcCnt (0) < wFramesMonitoringSndCnt (1)
0000024131: Notify EC_NOTIFY_FRAME_RESPONSE_ERROR(No response error for cyclic frame IDX=0x22, CycFrameNum=0, TaskId=0)
0000024132: Notify EC_NOTIFY_CYCCMD_WKC_ERROR(11, 0x10000000, 2, 15)
0000024132: Notify EC_NOTIFY_CYCCMD_WKC_ERROR(10, 0x10000800, 2, 15)
0000024132: Error: System overload: Cycle time too short or huge jitter!
0000024132: SendCycFramesByEntry(0): wFramesMonitoringProcCnt (0) < wFramesMonitoringSndCnt (1)
0000024132: Notify EC_NOTIFY_FRAME_RESPONSE_ERROR(No response error for cyclic frame IDX=0x24, CycFrameNum=0, TaskId=0)
0000024133: Error: System overload: Cycle time too short or huge jitter!
0000024133: SendCycFramesByEntry(0): wFramesMonitoringProcCnt (0) < wFramesMonitoringSndCnt (1)
0000024133: Notify EC_NOTIFY_FRAME_RESPONSE_ERROR(No response error for cyclic frame IDX=0x25, CycFrameNum=0, TaskId=0)
0000024133: Notify EC_NOTIFY_CYCCMD_WKC_ERROR(11, 0x10000000, 2, 15)
0000024133: Notify EC_NOTIFY_CYCCMD_WKC_ERROR(10, 0x10000800, 2, 15)
0000024133: Notify EC_NOTIFY_CYCCMD_WKC_ERROR(11, 0x10000000, 2, 15)
0000024133: Notify EC_NOTIFY_CYCCMD_WKC_ERROR(10, 0x10000800, 2, 15)
0000024136: Error: System overload: Cycle time too short or huge jitter!
0000024136: SendCycFramesByEntry(0): wFramesMonitoringProcCnt (0) < wFramesMonitoringSndCnt (1)
0000024136: Notify EC_NOTIFY_FRAME_RESPONSE_ERROR(No response error for cyclic frame IDX=0x2c, CycFrameNum=0, TaskId=0)
0000024137: Notify EC_NOTIFY_CYCCMD_WKC_ERROR(11, 0x10000000, 2, 15)
0000024137: Notify EC_NOTIFY_CYCCMD_WKC_ERROR(10, 0x10000800, 2, 15)
0000024137: Error: System overload: Cycle time too short or huge jitter!
0000024137: SendCycFramesByEntry(0): wFramesMonitoringProcCnt (0) < wFramesMonitoringSndCnt (1)
0000024137: Notify EC_NOTIFY_FRAME_RESPONSE_ERROR(No response error for cyclic frame IDX=0x2e, CycFrameNum=0, TaskId=0)
0000024138: Error: System overload: Cycle time too short or huge jitter!
0000024138: SendCycFramesByEntry(0): wFramesMonitoringProcCnt (0) < wFramesMonitoringSndCnt (1)
0000024138: Notify EC_NOTIFY_FRAME_RESPONSE_ERROR(No response error for cyclic frame IDX=0x2f, CycFrameNum=0, TaskId=0)
0000024138: Error: System overload: Cycle time too short or huge jitter!
0000024138: SendCycFramesByEntry(0): wFramesMonitoringProcCnt (0) < wFramesMonitoringSndCnt (1)
0000024138: Notify EC_NOTIFY_FRAME_RESPONSE_ERROR(No response error for cyclic frame IDX=0x30, CycFrameNum=0, TaskId=0)
0000024139: Error: System overload: Cycle time too short or huge jitter!
0000024139: SendCycFramesByEntry(0): wFramesMonitoringProcCnt (0) < wFramesMonitoringSndCnt (1)
0000024139: Notify EC_NOTIFY_FRAME_RESPONSE_ERROR(No response error for cyclic frame IDX=0x31, CycFrameNum=0, TaskId=0)
0000024139: Notify EC_NOTIFY_CYCCMD_WKC_ERROR(11, 0x10000000, 2, 15)
0000024139: Notify EC_NOTIFY_CYCCMD_WKC_ERROR(10, 0x10000800, 2, 15)
0000024139: Notify EC_NOTIFY_CYCCMD_WKC_ERROR(11, 0x10000000, 2, 15)
0000024139: Notify EC_NOTIFY_CYCCMD_WKC_ERROR(10, 0x10000800, 2, 15)
0000024139: Notify EC_NOTIFY_CYCCMD_WKC_ERROR(11, 0x10000000, 2, 15)
0000024139: Notify EC_NOTIFY_CYCCMD_WKC_ERROR(10, 0x10000800, 2, 15)
0000024139: Notify EC_NOTIFY_CYCCMD_WKC_ERROR(11, 0x10000000, 2, 15)
0000024139: Notify EC_NOTIFY_CYCCMD_WKC_ERROR(10, 0x10000800, 2, 15)
0000024140: Error: System overload: Cycle time too short or huge jitter!
0000024140: SendCycFramesByEntry(0): wFramesMonitoringProcCnt (0) < wFramesMonitoringSndCnt (1)
0000024140: Notify EC_NOTIFY_FRAME_RESPONSE_ERROR(No response error for cyclic frame IDX=0x33, CycFrameNum=0, TaskId=0)
0000024140: Error: System overload: Cycle time too short or huge jitter!
0000024140: SendCycFramesByEntry(0): wFramesMonitoringProcCnt (0) < wFramesMonitoringSndCnt (1)
0000024140: Notify EC_NOTIFY_FRAME_RESPONSE_ERROR(No response error for cyclic frame IDX=0x34, CycFrameNum=0, TaskId=0)
0000024141: Error: System overload: Cycle time too short or huge jitter!
0000024141: SendCycFramesByEntry(0): wFramesMonitoringProcCnt (0) < wFramesMonitoringSndCnt (1)
0000024141: Notify EC_NOTIFY_FRAME_RESPONSE_ERROR(No response error for cyclic frame IDX=0x35, CycFrameNum=0, TaskId=0)
0000024141: Notify EC_NOTIFY_CYCCMD_WKC_ERROR(11, 0x10000000, 2, 15)
0000024141: Notify EC_NOTIFY_CYCCMD_WKC_ERROR(10, 0x10000800, 2, 15)
0000024141: Notify EC_NOTIFY_CYCCMD_WKC_ERROR(11, 0x10000000, 2, 15)
0000024141: Notify EC_NOTIFY_CYCCMD_WKC_ERROR(10, 0x10000800, 2, 15)
0000024141: Notify EC_NOTIFY_CYCCMD_WKC_ERROR(11, 0x10000000, 2, 15)
0000024141: Notify EC_NOTIFY_CYCCMD_WKC_ERROR(10, 0x10000800, 2, 15)
0000024142: Error: System overload: Cycle time too short or huge jitter!
0000024142: SendCycFramesByEntry(0): wFramesMonitoringProcCnt (0) < wFramesMonitoringSndCnt (1)
0000024142: Notify EC_NOTIFY_FRAME_RESPONSE_ERROR(No response error for cyclic frame IDX=0x38, CycFrameNum=0, TaskId=0)
0000024143: Notify EC_NOTIFY_CYCCMD_WKC_ERROR(11, 0x10000000, 2, 15)
0000024143: Notify EC_NOTIFY_CYCCMD_WKC_ERROR(10, 0x10000800, 2, 15)
0000024144: Error: System overload: Cycle time too short or huge jitter!
0000024144: SendCycFramesByEntry(0): wFramesMonitoringProcCnt (0) < wFramesMonitoringSndCnt (1)
0000024144: Notify EC_NOTIFY_FRAME_RESPONSE_ERROR(No response error for cyclic frame IDX=0x3b, CycFrameNum=0, TaskId=0)
0000024144: Notify EC_NOTIFY_CYCCMD_WKC_ERROR(11, 0x10000000, 2, 15)
0000024144: Notify EC_NOTIFY_CYCCMD_WKC_ERROR(10, 0x10000800, 2, 15)
0000024147: Error: System overload: Cycle time too short or huge jitter!
0000024147: SendCycFramesByEntry(0): wFramesMonitoringProcCnt (0) < wFramesMonitoringSndCnt (1)
0000024147: Notify EC_NOTIFY_FRAME_RESPONSE_ERROR(No response error for cyclic frame IDX=0x42, CycFrameNum=0, TaskId=0)
0000024148: Notify EC_NOTIFY_CYCCMD_WKC_ERROR(11, 0x10000000, 2, 15)
0000024148: Notify EC_NOTIFY_CYCCMD_WKC_ERROR(10, 0x10000800, 2, 15)
0000024153: Error: System overload: Cycle time too short or huge jitter!
0000024153: SendCycFramesByEntry(0): wFramesMonitoringProcCnt (0) < wFramesMonitoringSndCnt (1)
0000024153: Notify EC_NOTIFY_FRAME_RESPONSE_ERROR(No response error for cyclic frame IDX=0x4e, CycFrameNum=0, TaskId=0)
0000024154: Notify EC_NOTIFY_CYCCMD_WKC_ERROR(11, 0x10000000, 2, 15)
0000024154: Notify EC_NOTIFY_CYCCMD_WKC_ERROR(10, 0x10000800, 2, 15)
0000024155: Error: System overload: Cycle time too short or huge jitter!
0000024155: SendCycFramesByEntry(0): wFramesMonitoringProcCnt (0) < wFramesMonitoringSndCnt (1)
0000024155: Notify EC_NOTIFY_FRAME_RESPONSE_ERROR(No response error for cyclic frame IDX=0x51, CycFrameNum=0, TaskId=0)
0000024155: Notify EC_NOTIFY_CYCCMD_WKC_ERROR(11, 0x10000000, 2, 15)
0000024155: Notify EC_NOTIFY_CYCCMD_WKC_ERROR(10, 0x10000800, 2, 15)
0000024156: Error: System overload: Cycle time too short or huge jitter!
0000024156: SendCycFramesByEntry(0): wFramesMonitoringProcCnt (0) < wFramesMonitoringSndCnt (1)
0000024156: Notify EC_NOTIFY_FRAME_RESPONSE_ERROR(No response error for cyclic frame IDX=0x53, CycFrameNum=0, TaskId=0)
0000024156: Notify EC_NOTIFY_CYCCMD_WKC_ERROR(11, 0x10000000, 2, 15)
0000024156: Notify EC_NOTIFY_CYCCMD_WKC_ERROR(10, 0x10000800, 2, 15)
0000024157: Error: System overload: Cycle time too short or huge jitter!
0000024157: SendCycFramesByEntry(0): wFramesMonitoringProcCnt (0) < wFramesMonitoringSndCnt (1)
0000024157: Notify EC_NOTIFY_FRAME_RESPONSE_ERROR(No response error for cyclic frame IDX=0x55, CycFrameNum=0, TaskId=0)
0000024157: Error: System overload: Cycle time too short or huge jitter!
0000024157: SendCycFramesByEntry(0): wFramesMonitoringProcCnt (0) < wFramesMonitoringSndCnt (1)
0000024157: Notify EC_NOTIFY_FRAME_RESPONSE_ERROR(No response error for cyclic frame IDX=0x56, CycFrameNum=0, TaskId=0)
0000024158: Notify EC_NOTIFY_CYCCMD_WKC_ERROR(11, 0x10000000, 2, 15)
0000024158: Notify EC_NOTIFY_CYCCMD_WKC_ERROR(10, 0x10000800, 2, 15)
0000024158: Notify EC_NOTIFY_CYCCMD_WKC_ERROR(11, 0x10000000, 2, 15)
0000024158: Notify EC_NOTIFY_CYCCMD_WKC_ERROR(10, 0x10000800, 2, 15)
0000024159: Error: System overload: Cycle time too short or huge jitter!
0000024159: SendCycFramesByEntry(0): wFramesMonitoringProcCnt (0) < wFramesMonitoringSndCnt (1)
0000024159: Notify EC_NOTIFY_FRAME_RESPONSE_ERROR(No response error for cyclic frame IDX=0x5a, CycFrameNum=0, TaskId=0)
0000024160: Notify EC_NOTIFY_CYCCMD_WKC_ERROR(11, 0x10000000, 2, 15)
0000024160: Notify EC_NOTIFY_CYCCMD_WKC_ERROR(10, 0x10000800, 2, 15)
0000024161: Error: System overload: Cycle time too short or huge jitter!
0000024161: SendCycFramesByEntry(0): wFramesMonitoringProcCnt (0) < wFramesMonitoringSndCnt (1)
0000024161: Notify EC_NOTIFY_FRAME_RESPONSE_ERROR(No response error for cyclic frame IDX=0x5d, CycFrameNum=0, TaskId=0)
0000024161: Notify EC_NOTIFY_CYCCMD_WKC_ERROR(11, 0x10000000, 2, 15)
0000024161: Notify EC_NOTIFY_CYCCMD_WKC_ERROR(10, 0x10000800, 2, 15)
0000024162: Error: System overload: Cycle time too short or huge jitter!
0000024162: SendCycFramesByEntry(0): wFramesMonitoringProcCnt (0) < wFramesMonitoringSndCnt (1)
0000024162: Notify EC_NOTIFY_FRAME_RESPONSE_ERROR(No response error for cyclic frame IDX=0x5f, CycFrameNum=0, TaskId=0)
0000024162: Notify EC_NOTIFY_CYCCMD_WKC_ERROR(11, 0x10000000, 2, 15)
0000024162: Notify EC_NOTIFY_CYCCMD_WKC_ERROR(10, 0x10000800, 2, 15)
0000024163: Error: System overload: Cycle time too short or huge jitter!
0000024163: SendCycFramesByEntry(0): wFramesMonitoringProcCnt (0) < wFramesMonitoringSndCnt (1)
0000024163: Notify EC_NOTIFY_FRAME_RESPONSE_ERROR(No response error for cyclic frame IDX=0x61, CycFrameNum=0, TaskId=0)
0000024163: Notify EC_NOTIFY_CYCCMD_WKC_ERROR(11, 0x10000000, 2, 15)
0000024163: Notify EC_NOTIFY_CYCCMD_WKC_ERROR(10, 0x10000800, 2, 15)
0000024164: Error: System overload: Cycle time too short or huge jitter!
0000024164: SendCycFramesByEntry(0): wFramesMonitoringProcCnt (0) < wFramesMonitoringSndCnt (1)
0000024164: Notify EC_NOTIFY_FRAME_RESPONSE_ERROR(No response error for cyclic frame IDX=0x63, CycFrameNum=0, TaskId=0)
0000024164: Error: System overload: Cycle time too short or huge jitter!
0000024164: SendCycFramesByEntry(0): wFramesMonitoringProcCnt (0) < wFramesMonitoringSndCnt (1)
0000024164: Notify EC_NOTIFY_FRAME_RESPONSE_ERROR(No response error for cyclic frame IDX=0x64, CycFrameNum=0, TaskId=0)
0000024165: Notify EC_NOTIFY_CYCCMD_WKC_ERROR(11, 0x10000000, 2, 15)
0000024165: Notify EC_NOTIFY_CYCCMD_WKC_ERROR(10, 0x10000800, 2, 15)
0000024165: Notify EC_NOTIFY_CYCCMD_WKC_ERROR(11, 0x10000000, 2, 15)
0000024165: Notify EC_NOTIFY_CYCCMD_WKC_ERROR(10, 0x10000800, 2, 15)
0000024165: Notify EC_NOTIFY_CYCCMD_WKC_ERROR(11, 0x10000000, 2, 15)
0000024165: Notify EC_NOTIFY_CYCCMD_WKC_ERROR(10, 0x10000800, 2, 15)
0000024166: Error: System overload: Cycle time too short or huge jitter!
0000024166: SendCycFramesByEntry(0): wFramesMonitoringProcCnt (0) < wFramesMonitoringSndCnt (1)
0000024166: Notify EC_NOTIFY_FRAME_RESPONSE_ERROR(No response error for cyclic frame IDX=0x68, CycFrameNum=0, TaskId=0)
0000024167: Notify EC_NOTIFY_CYCCMD_WKC_ERROR(11, 0x10000000, 2, 15)
0000024167: Notify EC_NOTIFY_CYCCMD_WKC_ERROR(10, 0x10000800, 2, 15)
0000024168: Error: System overload: Cycle time too short or huge jitter!
0000024168: SendCycFramesByEntry(0): wFramesMonitoringProcCnt (0) < wFramesMonitoringSndCnt (1)
0000024168: Notify EC_NOTIFY_FRAME_RESPONSE_ERROR(No response error for cyclic frame IDX=0x6b, CycFrameNum=0, TaskId=0)
0000024168: Notify EC_NOTIFY_CYCCMD_WKC_ERROR(11, 0x10000000, 2, 15)
0000024168: Notify EC_NOTIFY_CYCCMD_WKC_ERROR(10, 0x10000800, 2, 15)
0000024169: Error: System overload: Cycle time too short or huge jitter!
0000024169: SendCycFramesByEntry(0): wFramesMonitoringProcCnt (0) < wFramesMonitoringSndCnt (1)
0000024169: Notify EC_NOTIFY_FRAME_RESPONSE_ERROR(No response error for cyclic frame IDX=0x6d, CycFrameNum=0, TaskId=0)
0000024169: Notify EC_NOTIFY_CYCCMD_WKC_ERROR(11, 0x10000000, 2, 15)
0000024169: Notify EC_NOTIFY_CYCCMD_WKC_ERROR(10, 0x10000800, 2, 15)
0000024170: Error: System overload: Cycle time too short or huge jitter!
0000024170: SendCycFramesByEntry(0): wFramesMonitoringProcCnt (0) < wFramesMonitoringSndCnt (1)
0000024170: Notify EC_NOTIFY_FRAME_RESPONSE_ERROR(No response error for cyclic frame IDX=0x70, CycFrameNum=0, TaskId=0)
0000024171: Notify EC_NOTIFY_CYCCMD_WKC_ERROR(11, 0x10000000, 2, 15)
0000024171: Notify EC_NOTIFY_CYCCMD_WKC_ERROR(10, 0x10000800, 2, 15)
0000024174: Error: System overload: Cycle time too short or huge jitter!
0000024174: SendCycFramesByEntry(0): wFramesMonitoringProcCnt (0) < wFramesMonitoringSndCnt (1)
0000024174: Notify EC_NOTIFY_FRAME_RESPONSE_ERROR(No response error for cyclic frame IDX=0x77, CycFrameNum=0, TaskId=0)
0000024174: Notify EC_NOTIFY_CYCCMD_WKC_ERROR(11, 0x10000000, 2, 15)
0000024174: Notify EC_NOTIFY_CYCCMD_WKC_ERROR(10, 0x10000800, 2, 15)
0000024175: Error: System overload: Cycle time too short or huge jitter!
0000024175: SendCycFramesByEntry(0): wFramesMonitoringProcCnt (0) < wFramesMonitoringSndCnt (1)
0000024175: Notify EC_NOTIFY_FRAME_RESPONSE_ERROR(No response error for cyclic frame IDX=0x79, CycFrameNum=0, TaskId=0)
0000024175: Notify EC_NOTIFY_CYCCMD_WKC_ERROR(11, 0x10000000, 2, 15)
0000024175: Notify EC_NOTIFY_CYCCMD_WKC_ERROR(10, 0x10000800, 2, 15)
0000024182: Error: System overload: Cycle time too short or huge jitter!
0000024182: SendCycFramesByEntry(0): wFramesMonitoringProcCnt (0) < wFramesMonitoringSndCnt (1)
0000024182: Notify EC_NOTIFY_FRAME_RESPONSE_ERROR(No response error for cyclic frame IDX=0x88, CycFrameNum=0, TaskId=0)
0000024183: Notify EC_NOTIFY_CYCCMD_WKC_ERROR(11, 0x10000000, 2, 15)
0000024183: Notify EC_NOTIFY_CYCCMD_WKC_ERROR(10, 0x10000800, 2, 15)
0000024185: Error: System overload: Cycle time too short or huge jitter!
0000024185: SendCycFramesByEntry(0): wFramesMonitoringProcCnt (0) < wFramesMonitoringSndCnt (1)
0000024185: Notify EC_NOTIFY_FRAME_RESPONSE_ERROR(No response error for cyclic frame IDX=0x8d, CycFrameNum=0, TaskId=0)
0000024185: Notify EC_NOTIFY_CYCCMD_WKC_ERROR(11, 0x10000000, 2, 15)
0000024185: Notify EC_NOTIFY_CYCCMD_WKC_ERROR(10, 0x10000800, 2, 15)
0000024186: Error: System overload: Cycle time too short or huge jitter!
0000024186: SendCycFramesByEntry(0): wFramesMonitoringProcCnt (0) < wFramesMonitoringSndCnt (1)
0000024186: Notify EC_NOTIFY_FRAME_RESPONSE_ERROR(No response error for cyclic frame IDX=0x8f, CycFrameNum=0, TaskId=0)
0000024186: Error: System overload: Cycle time too short or huge jitter!
0000024186: SendCycFramesByEntry(0): wFramesMonitoringProcCnt (0) < wFramesMonitoringSndCnt (1)
0000024186: Notify EC_NOTIFY_FRAME_RESPONSE_ERROR(No response error for cyclic frame IDX=0x90, CycFrameNum=0, TaskId=0)
0000024187: Notify EC_NOTIFY_CYCCMD_WKC_ERROR(11, 0x10000000, 2, 15)
0000024187: Notify EC_NOTIFY_CYCCMD_WKC_ERROR(10, 0x10000800, 2, 15)
0000024187: Notify EC_NOTIFY_CYCCMD_WKC_ERROR(11, 0x10000000, 2, 15)
0000024187: Notify EC_NOTIFY_CYCCMD_WKC_ERROR(10, 0x10000800, 2, 15)
0000024187: Error: System overload: Cycle time too short or huge jitter!
0000024187: SendCycFramesByEntry(0): wFramesMonitoringProcCnt (0) < wFramesMonitoringSndCnt (1)
0000024187: Notify EC_NOTIFY_FRAME_RESPONSE_ERROR(No response error for cyclic frame IDX=0x92, CycFrameNum=0, TaskId=0)
0000024188: Notify EC_NOTIFY_CYCCMD_WKC_ERROR(11, 0x10000000, 2, 15)
0000024188: Notify EC_NOTIFY_CYCCMD_WKC_ERROR(10, 0x10000800, 2, 15)
0000024189: Error: System overload: Cycle time too short or huge jitter!
0000024189: SendCycFramesByEntry(0): wFramesMonitoringProcCnt (0) < wFramesMonitoringSndCnt (1)
0000024189: Notify EC_NOTIFY_FRAME_RESPONSE_ERROR(No response error for cyclic frame IDX=0x96, CycFrameNum=0, TaskId=0)
0000024190: Notify EC_NOTIFY_CYCCMD_WKC_ERROR(11, 0x10000000, 2, 15)
0000024190: Notify EC_NOTIFY_CYCCMD_WKC_ERROR(10, 0x10000800, 2, 15)
0000024191: Error: System overload: Cycle time too short or huge jitter!
0000024191: SendCycFramesByEntry(0): wFramesMonitoringProcCnt (0) < wFramesMonitoringSndCnt (1)
0000024191: Notify EC_NOTIFY_FRAME_RESPONSE_ERROR(No response error for cyclic frame IDX=0x99, CycFrameNum=0, TaskId=0)
0000024191: Notify EC_NOTIFY_CYCCMD_WKC_ERROR(11, 0x10000000, 2, 15)
0000024191: Notify EC_NOTIFY_CYCCMD_WKC_ERROR(10, 0x10000800, 2, 15)
0000024192: Error: System overload: Cycle time too short or huge jitter!
0000024192: SendCycFramesByEntry(0): wFramesMonitoringProcCnt (0) < wFramesMonitoringSndCnt (1)
0000024192: Notify EC_NOTIFY_FRAME_RESPONSE_ERROR(No response error for cyclic frame IDX=0x9b, CycFrameNum=0, TaskId=0)
0000024192: Notify EC_NOTIFY_CYCCMD_WKC_ERROR(11, 0x10000000, 2, 15)
0000024192: Notify EC_NOTIFY_CYCCMD_WKC_ERROR(10, 0x10000800, 2, 15)
0000024193: Error: System overload: Cycle time too short or huge jitter!
0000024193: SendCycFramesByEntry(0): wFramesMonitoringProcCnt (0) < wFramesMonitoringSndCnt (1)
0000024193: Notify EC_NOTIFY_FRAME_RESPONSE_ERROR(No response error for cyclic frame IDX=0x9e, CycFrameNum=0, TaskId=0)
0000024194: Notify EC_NOTIFY_CYCCMD_WKC_ERROR(11, 0x10000000, 2, 15)
0000024194: Notify EC_NOTIFY_CYCCMD_WKC_ERROR(10, 0x10000800, 2, 15)
0000024194: Error: System overload: Cycle time too short or huge jitter!
0000024194: SendCycFramesByEntry(0): wFramesMonitoringProcCnt (0) < wFramesMonitoringSndCnt (1)
0000024194: Notify EC_NOTIFY_FRAME_RESPONSE_ERROR(No response error for cyclic frame IDX=0xa0, CycFrameNum=0, TaskId=0)
0000024195: Notify EC_NOTIFY_CYCCMD_WKC_ERROR(11, 0x10000000, 2, 15)
0000024195: Notify EC_NOTIFY_CYCCMD_WKC_ERROR(10, 0x10000800, 2, 15)
0000024196: Error: System overload: Cycle time too short or huge jitter!
0000024196: SendCycFramesByEntry(0): wFramesMonitoringProcCnt (0) < wFramesMonitoringSndCnt (1)
0000024196: Notify EC_NOTIFY_FRAME_RESPONSE_ERROR(No response error for cyclic frame IDX=0xa3, CycFrameNum=0, TaskId=0)
0000024196: Notify EC_NOTIFY_CYCCMD_WKC_ERROR(11, 0x10000000, 2, 15)
0000024196: Notify EC_NOTIFY_CYCCMD_WKC_ERROR(10, 0x10000800, 2, 15)
0000024197: Error: System overload: Cycle time too short or huge jitter!
0000024197: SendCycFramesByEntry(0): wFramesMonitoringProcCnt (0) < wFramesMonitoringSndCnt (1)
0000024197: Notify EC_NOTIFY_FRAME_RESPONSE_ERROR(No response error for cyclic frame IDX=0xa6, CycFrameNum=0, TaskId=0)
0000024198: Notify EC_NOTIFY_CYCCMD_WKC_ERROR(11, 0x10000000, 2, 15)
0000024198: Notify EC_NOTIFY_CYCCMD_WKC_ERROR(10, 0x10000800, 2, 15)
0000024198: Error: System overload: Cycle time too short or huge jitter!
0000024198: SendCycFramesByEntry(0): wFramesMonitoringProcCnt (0) < wFramesMonitoringSndCnt (1)
0000024198: Notify EC_NOTIFY_FRAME_RESPONSE_ERROR(No response error for cyclic frame IDX=0xa8, CycFrameNum=0, TaskId=0)
0000024199: Notify EC_NOTIFY_CYCCMD_WKC_ERROR(11, 0x10000000, 2, 15)
0000024199: Notify EC_NOTIFY_CYCCMD_WKC_ERROR(10, 0x10000800, 2, 15)
0000024199: Error: System overload: Cycle time too short or huge jitter!
0000024199: SendCycFramesByEntry(0): wFramesMonitoringProcCnt (0) < wFramesMonitoringSndCnt (1)
0000024199: Notify EC_NOTIFY_FRAME_RESPONSE_ERROR(No response error for cyclic frame IDX=0xaa, CycFrameNum=0, TaskId=0)
0000024200: Error: System overload: Cycle time too short or huge jitter!
0000024200: SendCycFramesByEntry(0): wFramesMonitoringProcCnt (0) < wFramesMonitoringSndCnt (1)
0000024200: Notify EC_NOTIFY_FRAME_RESPONSE_ERROR(No response error for cyclic frame IDX=0xab, CycFrameNum=0, TaskId=0)
0000024200: Error: System overload: Cycle time too short or huge jitter!
0000024200: SendCycFramesByEntry(0): wFramesMonitoringProcCnt (0) < wFramesMonitoringSndCnt (1)
0000024200: Notify EC_NOTIFY_FRAME_RESPONSE_ERROR(No response error for cyclic frame IDX=0xac, CycFrameNum=0, TaskId=0)
0000024201: Notify EC_NOTIFY_CYCCMD_WKC_ERROR(11, 0x10000000, 2, 15)
0000024201: Notify EC_NOTIFY_CYCCMD_WKC_ERROR(10, 0x10000800, 2, 15)
0000024201: Notify EC_NOTIFY_CYCCMD_WKC_ERROR(11, 0x10000000, 2, 15)
0000024201: Notify EC_NOTIFY_CYCCMD_WKC_ERROR(10, 0x10000800, 2, 15)
0000024201: Notify EC_NOTIFY_CYCCMD_WKC_ERROR(11, 0x10000000, 2, 15)
0000024201: Notify EC_NOTIFY_CYCCMD_WKC_ERROR(10, 0x10000800, 2, 15)
0000024203: Error: System overload: Cycle time too short or huge jitter!
0000024203: SendCycFramesByEntry(0): wFramesMonitoringProcCnt (0) < wFramesMonitoringSndCnt (1)
0000024203: Notify EC_NOTIFY_FRAME_RESPONSE_ERROR(No response error for cyclic frame IDX=0xb1, CycFrameNum=0, TaskId=0)
0000024203: Error: System overload: Cycle time too short or huge jitter!
0000024203: SendCycFramesByEntry(0): wFramesMonitoringProcCnt (0) < wFramesMonitoringSndCnt (1)
0000024203: Notify EC_NOTIFY_FRAME_RESPONSE_ERROR(No response error for cyclic frame IDX=0xb2, CycFrameNum=0, TaskId=0)
0000024204: Notify EC_NOTIFY_CYCCMD_WKC_ERROR(11, 0x10000000, 2, 15)
0000024204: Notify EC_NOTIFY_CYCCMD_WKC_ERROR(10, 0x10000800, 2, 15)
0000024204: Notify EC_NOTIFY_CYCCMD_WKC_ERROR(11, 0x10000000, 2, 15)
0000024204: Notify EC_NOTIFY_CYCCMD_WKC_ERROR(10, 0x10000800, 2, 15)
0000024204: Error: System overload: Cycle time too short or huge jitter!
0000024204: SendCycFramesByEntry(0): wFramesMonitoringProcCnt (0) < wFramesMonitoringSndCnt (1)
0000024204: Notify EC_NOTIFY_FRAME_RESPONSE_ERROR(No response error for cyclic frame IDX=0xb4, CycFrameNum=0, TaskId=0)
0000024205: Notify EC_NOTIFY_CYCCMD_WKC_ERROR(11, 0x10000000, 2, 15)
0000024205: Notify EC_NOTIFY_CYCCMD_WKC_ERROR(10, 0x10000800, 2, 15)
0000024207: Error: System overload: Cycle time too short or huge jitter!
0000024207: SendCycFramesByEntry(0): wFramesMonitoringProcCnt (0) < wFramesMonitoringSndCnt (1)
0000024207: Notify EC_NOTIFY_FRAME_RESPONSE_ERROR(No response error for cyclic frame IDX=0xb9, CycFrameNum=0, TaskId=0)
0000024207: Notify EC_NOTIFY_CYCCMD_WKC_ERROR(11, 0x10000000, 2, 15)
0000024207: Notify EC_NOTIFY_CYCCMD_WKC_ERROR(10, 0x10000800, 2, 15)
0000024208: Error: System overload: Cycle time too short or huge jitter!
0000024208: SendCycFramesByEntry(0): wFramesMonitoringProcCnt (0) < wFramesMonitoringSndCnt (1)
0000024208: Notify EC_NOTIFY_FRAME_RESPONSE_ERROR(No response error for cyclic frame IDX=0xbb, CycFrameNum=0, TaskId=0)
0000024208: Notify EC_NOTIFY_CYCCMD_WKC_ERROR(11, 0x10000000, 2, 15)
0000024208: Notify EC_NOTIFY_CYCCMD_WKC_ERROR(10, 0x10000800, 2, 15)
0000024212: Error: System overload: Cycle time too short or huge jitter!
0000024212: SendCycFramesByEntry(0): wFramesMonitoringProcCnt (0) < wFramesMonitoringSndCnt (1)
0000024212: Notify EC_NOTIFY_FRAME_RESPONSE_ERROR(No response error for cyclic frame IDX=0xc3, CycFrameNum=0, TaskId=0)
0000024212: Notify EC_NOTIFY_CYCCMD_WKC_ERROR(11, 0x10000000, 2, 15)
0000024212: Notify EC_NOTIFY_CYCCMD_WKC_ERROR(10, 0x10000800, 2, 15)
0000024213: Error: System overload: Cycle time too short or huge jitter!
0000024213: SendCycFramesByEntry(0): wFramesMonitoringProcCnt (0) < wFramesMonitoringSndCnt (1)
0000024213: Notify EC_NOTIFY_FRAME_RESPONSE_ERROR(No response error for cyclic frame IDX=0xc5, CycFrameNum=0, TaskId=0)
0000024213: Notify EC_NOTIFY_CYCCMD_WKC_ERROR(11, 0x10000000, 2, 15)
0000024213: Notify EC_NOTIFY_CYCCMD_WKC_ERROR(10, 0x10000800, 2, 15)
0000024214: Error: System overload: Cycle time too short or huge jitter!
0000024214: SendCycFramesByEntry(0): wFramesMonitoringProcCnt (0) < wFramesMonitoringSndCnt (1)
0000024214: Notify EC_NOTIFY_FRAME_RESPONSE_ERROR(No response error for cyclic frame IDX=0xc8, CycFrameNum=0, TaskId=0)
0000024215: Error: System overload: Cycle time too short or huge jitter!
0000024215: SendCycFramesByEntry(0): wFramesMonitoringProcCnt (0) < wFramesMonitoringSndCnt (1)
0000024215: Notify EC_NOTIFY_FRAME_RESPONSE_ERROR(No response error for cyclic frame IDX=0xc9, CycFrameNum=0, TaskId=0)
0000024215: Notify EC_NOTIFY_CYCCMD_WKC_ERROR(11, 0x10000000, 2, 15)
0000024215: Notify EC_NOTIFY_CYCCMD_WKC_ERROR(10, 0x10000800, 2, 15)
0000024215: Notify EC_NOTIFY_CYCCMD_WKC_ERROR(11, 0x10000000, 2, 15)
0000024215: Notify EC_NOTIFY_CYCCMD_WKC_ERROR(10, 0x10000800, 2, 15)
0000024216: Error: System overload: Cycle time too short or huge jitter!
0000024216: SendCycFramesByEntry(0): wFramesMonitoringProcCnt (0) < wFramesMonitoringSndCnt (1)
0000024216: Notify EC_NOTIFY_FRAME_RESPONSE_ERROR(No response error for cyclic frame IDX=0xcc, CycFrameNum=0, TaskId=0)
0000024217: Notify EC_NOTIFY_CYCCMD_WKC_ERROR(11, 0x10000000, 2, 15)
0000024217: Notify EC_NOTIFY_CYCCMD_WKC_ERROR(10, 0x10000800, 2, 15)
0000024217: Error: System overload: Cycle time too short or huge jitter!
0000024217: SendCycFramesByEntry(0): wFramesMonitoringProcCnt (0) < wFramesMonitoringSndCnt (1)
0000024217: Notify EC_NOTIFY_FRAME_RESPONSE_ERROR(No response error for cyclic frame IDX=0xce, CycFrameNum=0, TaskId=0)
0000024218: Notify EC_NOTIFY_CYCCMD_WKC_ERROR(11, 0x10000000, 2, 15)
0000024218: Notify EC_NOTIFY_CYCCMD_WKC_ERROR(10, 0x10000800, 2, 15)
0000024219: Error: System overload: Cycle time too short or huge jitter!
0000024219: SendCycFramesByEntry(0): wFramesMonitoringProcCnt (0) < wFramesMonitoringSndCnt (1)
0000024219: Notify EC_NOTIFY_FRAME_RESPONSE_ERROR(No response error for cyclic frame IDX=0xd1, CycFrameNum=0, TaskId=0)
0000024219: Notify EC_NOTIFY_CYCCMD_WKC_ERROR(11, 0x10000000, 2, 15)
0000024219: Notify EC_NOTIFY_CYCCMD_WKC_ERROR(10, 0x10000800, 2, 15)
0000024221: Error: System overload: Cycle time too short or huge jitter!
0000024221: SendCycFramesByEntry(0): wFramesMonitoringProcCnt (0) < wFramesMonitoringSndCnt (1)
0000024221: Notify EC_NOTIFY_FRAME_RESPONSE_ERROR(No response error for cyclic frame IDX=0xd6, CycFrameNum=0, TaskId=0)
0000024222: Notify EC_NOTIFY_CYCCMD_WKC_ERROR(11, 0x10000000, 2, 15)
0000024222: Notify EC_NOTIFY_CYCCMD_WKC_ERROR(10, 0x10000800, 2, 15)
0000024225: Error: System overload: Cycle time too short or huge jitter!
0000024225: SendCycFramesByEntry(0): wFramesMonitoringProcCnt (0) < wFramesMonitoringSndCnt (1)
0000024225: Notify EC_NOTIFY_FRAME_RESPONSE_ERROR(No response error for cyclic frame IDX=0xdd, CycFrameNum=0, TaskId=0)
0000024225: Notify EC_NOTIFY_CYCCMD_WKC_ERROR(11, 0x10000000, 2, 15)
0000024225: Notify EC_NOTIFY_CYCCMD_WKC_ERROR(10, 0x10000800, 2, 15)
0000024226: Error: System overload: Cycle time too short or huge jitter!
0000024226: SendCycFramesByEntry(0): wFramesMonitoringProcCnt (0) < wFramesMonitoringSndCnt (1)
0000024226: Notify EC_NOTIFY_FRAME_RESPONSE_ERROR(No response error for cyclic frame IDX=0x1, CycFrameNum=0, TaskId=0)
0000024226: Notify EC_NOTIFY_CYCCMD_WKC_ERROR(11, 0x10000000, 2, 15)
0000024226: Notify EC_NOTIFY_CYCCMD_WKC_ERROR(10, 0x10000800, 2, 15)
0000024228: Error: System overload: Cycle time too short or huge jitter!
0000024228: SendCycFramesByEntry(0): wFramesMonitoringProcCnt (0) < wFramesMonitoringSndCnt (1)
0000024228: Notify EC_NOTIFY_FRAME_RESPONSE_ERROR(No response error for cyclic frame IDX=0x6, CycFrameNum=0, TaskId=0)
0000024229: Notify EC_NOTIFY_CYCCMD_WKC_ERROR(11, 0x10000000, 2, 15)
0000024229: Notify EC_NOTIFY_CYCCMD_WKC_ERROR(10, 0x10000800, 2, 15)
0000024229: Error: System overload: Cycle time too short or huge jitter!
0000024229: SendCycFramesByEntry(0): wFramesMonitoringProcCnt (0) < wFramesMonitoringSndCnt (1)
0000024229: Notify EC_NOTIFY_FRAME_RESPONSE_ERROR(No response error for cyclic frame IDX=0x8, CycFrameNum=0, TaskId=0)
0000024230: Error: System overload: Cycle time too short or huge jitter!
0000024230: SendCycFramesByEntry(0): wFramesMonitoringProcCnt (0) < wFramesMonitoringSndCnt (1)
0000024230: Notify EC_NOTIFY_FRAME_RESPONSE_ERROR(No response error for cyclic frame IDX=0x9, CycFrameNum=0, TaskId=0)
0000024230: Notify EC_NOTIFY_CYCCMD_WKC_ERROR(11, 0x10000000, 2, 15)
0000024230: Notify EC_NOTIFY_CYCCMD_WKC_ERROR(10, 0x10000800, 2, 15)
0000024230: Notify EC_NOTIFY_CYCCMD_WKC_ERROR(11, 0x10000000, 2, 15)
0000024230: Notify EC_NOTIFY_CYCCMD_WKC_ERROR(10, 0x10000800, 2, 15)
0000024232: Error: System overload: Cycle time too short or huge jitter!
0000024232: SendCycFramesByEntry(0): wFramesMonitoringProcCnt (0) < wFramesMonitoringSndCnt (1)
0000024232: Notify EC_NOTIFY_FRAME_RESPONSE_ERROR(No response error for cyclic frame IDX=0xe, CycFrameNum=0, TaskId=0)
0000024233: Notify EC_NOTIFY_CYCCMD_WKC_ERROR(11, 0x10000000, 2, 15)
0000024233: Notify EC_NOTIFY_CYCCMD_WKC_ERROR(10, 0x10000800, 2, 15)
0000024234: Error: System overload: Cycle time too short or huge jitter!
0000024234: SendCycFramesByEntry(0): wFramesMonitoringProcCnt (0) < wFramesMonitoringSndCnt (1)
0000024234: Notify EC_NOTIFY_FRAME_RESPONSE_ERROR(No response error for cyclic frame IDX=0x11, CycFrameNum=0, TaskId=0)
0000024234: Notify EC_NOTIFY_CYCCMD_WKC_ERROR(11, 0x10000000, 2, 15)
0000024234: Notify EC_NOTIFY_CYCCMD_WKC_ERROR(10, 0x10000800, 2, 15)
0000024237: Error: System overload: Cycle time too short or huge jitter!
0000024237: SendCycFramesByEntry(0): wFramesMonitoringProcCnt (0) < wFramesMonitoringSndCnt (1)
0000024237: Notify EC_NOTIFY_FRAME_RESPONSE_ERROR(No response error for cyclic frame IDX=0x17, CycFrameNum=0, TaskId=0)
0000024237: Notify EC_NOTIFY_CYCCMD_WKC_ERROR(11, 0x10000000, 2, 15)
0000024237: Notify EC_NOTIFY_CYCCMD_WKC_ERROR(10, 0x10000800, 2, 15)
0000024238: Error: System overload: Cycle time too short or huge jitter!
0000024238: SendCycFramesByEntry(0): wFramesMonitoringProcCnt (0) < wFramesMonitoringSndCnt (1)
0000024238: Notify EC_NOTIFY_FRAME_RESPONSE_ERROR(No response error for cyclic frame IDX=0x1a, CycFrameNum=0, TaskId=0)
0000024239: Notify EC_NOTIFY_CYCCMD_WKC_ERROR(11, 0x10000000, 2, 15)
0000024239: Notify EC_NOTIFY_CYCCMD_WKC_ERROR(10, 0x10000800, 2, 15)
0000024240: Error: System overload: Cycle time too short or huge jitter!
0000024240: SendCycFramesByEntry(0): wFramesMonitoringProcCnt (0) < wFramesMonitoringSndCnt (1)
0000024240: Notify EC_NOTIFY_FRAME_RESPONSE_ERROR(No response error for cyclic frame IDX=0x1e, CycFrameNum=0, TaskId=0)
0000024241: Error: System overload: Cycle time too short or huge jitter!
0000024241: SendCycFramesByEntry(0): wFramesMonitoringProcCnt (0) < wFramesMonitoringSndCnt (1)
0000024241: Notify EC_NOTIFY_FRAME_RESPONSE_ERROR(No response error for cyclic frame IDX=0x1f, CycFrameNum=0, TaskId=0)
0000024241: Notify EC_NOTIFY_CYCCMD_WKC_ERROR(11, 0x10000000, 2, 15)
0000024241: Notify EC_NOTIFY_CYCCMD_WKC_ERROR(10, 0x10000800, 2, 15)
0000024241: Notify EC_NOTIFY_CYCCMD_WKC_ERROR(11, 0x10000000, 2, 15)
0000024241: Notify EC_NOTIFY_CYCCMD_WKC_ERROR(10, 0x10000800, 2, 15)
0000024242: Error: System overload: Cycle time too short or huge jitter!
0000024242: SendCycFramesByEntry(0): wFramesMonitoringProcCnt (0) < wFramesMonitoringSndCnt (1)
0000024242: Notify EC_NOTIFY_FRAME_RESPONSE_ERROR(No response error for cyclic frame IDX=0x21, CycFrameNum=0, TaskId=0)
0000024242: Notify EC_NOTIFY_CYCCMD_WKC_ERROR(11, 0x10000000, 2, 15)
0000024242: Notify EC_NOTIFY_CYCCMD_WKC_ERROR(10, 0x10000800, 2, 15)
0000024244: Error: System overload: Cycle time too short or huge jitter!
0000024244: SendCycFramesByEntry(0): wFramesMonitoringProcCnt (0) < wFramesMonitoringSndCnt (1)
0000024244: Notify EC_NOTIFY_FRAME_RESPONSE_ERROR(No response error for cyclic frame IDX=0x26, CycFrameNum=0, TaskId=0)
0000024245: Notify EC_NOTIFY_CYCCMD_WKC_ERROR(11, 0x10000000, 2, 15)
0000024245: Notify EC_NOTIFY_CYCCMD_WKC_ERROR(10, 0x10000800, 2, 15)
0000024245: Notify EC_NOTIFY_CYCCMD_WKC_ERROR(11, 0x10000000, 2, 15)
0000024245: Notify EC_NOTIFY_CYCCMD_WKC_ERROR(10, 0x10000800, 2, 15)
0000024246: Error: System overload: Cycle time too short or huge jitter!
0000024246: SendCycFramesByEntry(0): wFramesMonitoringProcCnt (0) < wFramesMonitoringSndCnt (1)
0000024246: Notify EC_NOTIFY_FRAME_RESPONSE_ERROR(No response error for cyclic frame IDX=0x2a, CycFrameNum=0, TaskId=0)
0000024247: Error: System overload: Cycle time too short or huge jitter!
0000024247: SendCycFramesByEntry(0): wFramesMonitoringProcCnt (0) < wFramesMonitoringSndCnt (1)
0000024247: Notify EC_NOTIFY_FRAME_RESPONSE_ERROR(No response error for cyclic frame IDX=0x2b, CycFrameNum=0, TaskId=0)
0000024247: Notify EC_NOTIFY_CYCCMD_WKC_ERROR(11, 0x10000000, 2, 15)
0000024247: Notify EC_NOTIFY_CYCCMD_WKC_ERROR(10, 0x10000800, 2, 15)
0000024247: Notify EC_NOTIFY_CYCCMD_WKC_ERROR(11, 0x10000000, 2, 15)
0000024247: Notify EC_NOTIFY_CYCCMD_WKC_ERROR(10, 0x10000800, 2, 15)
0000024248: Error: System overload: Cycle time too short or huge jitter!
0000024248: SendCycFramesByEntry(0): wFramesMonitoringProcCnt (0) < wFramesMonitoringSndCnt (1)
0000024248: Notify EC_NOTIFY_FRAME_RESPONSE_ERROR(No response error for cyclic frame IDX=0x2e, CycFrameNum=0, TaskId=0)
0000024249: Notify EC_NOTIFY_CYCCMD_WKC_ERROR(11, 0x10000000, 2, 15)
0000024249: Notify EC_NOTIFY_CYCCMD_WKC_ERROR(10, 0x10000800, 2, 15)
0000024253: Error: System overload: Cycle time too short or huge jitter!
0000024253: SendCycFramesByEntry(0): wFramesMonitoringProcCnt (0) < wFramesMonitoringSndCnt (1)
0000024253: Notify EC_NOTIFY_FRAME_RESPONSE_ERROR(No response error for cyclic frame IDX=0x37, CycFrameNum=0, TaskId=0)
0000024253: Notify EC_NOTIFY_CYCCMD_WKC_ERROR(11, 0x10000000, 2, 15)
0000024253: Notify EC_NOTIFY_CYCCMD_WKC_ERROR(10, 0x10000800, 2, 15)
0000024254: Error: System overload: Cycle time too short or huge jitter!
0000024254: SendCycFramesByEntry(0): wFramesMonitoringProcCnt (0) < wFramesMonitoringSndCnt (1)
0000024254: Notify EC_NOTIFY_FRAME_RESPONSE_ERROR(No response error for cyclic frame IDX=0x39, CycFrameNum=0, TaskId=0)
0000024254: Notify EC_NOTIFY_CYCCMD_WKC_ERROR(11, 0x10000000, 2, 15)
0000024254: Notify EC_NOTIFY_CYCCMD_WKC_ERROR(10, 0x10000800, 2, 15)
0000024255: Notify EC_NOTIFY_CYCCMD_WKC_ERROR(11, 0x10000000, 2, 15)
0000024255: Notify EC_NOTIFY_CYCCMD_WKC_ERROR(10, 0x10000800, 2, 15)
0000024257: Error: System overload: Cycle time too short or huge jitter!
0000024257: SendCycFramesByEntry(0): wFramesMonitoringProcCnt (0) < wFramesMonitoringSndCnt (1)
0000024257: Notify EC_NOTIFY_FRAME_RESPONSE_ERROR(No response error for cyclic frame IDX=0x40, CycFrameNum=0, TaskId=0)
0000024258: Error: System overload: Cycle time too short or huge jitter!
0000024258: SendCycFramesByEntry(0): wFramesMonitoringProcCnt (0) < wFramesMonitoringSndCnt (1)
0000024258: Notify EC_NOTIFY_FRAME_RESPONSE_ERROR(No response error for cyclic frame IDX=0x41, CycFrameNum=0, TaskId=0)
0000024258: Notify EC_NOTIFY_CYCCMD_WKC_ERROR(11, 0x10000000, 2, 15)
0000024258: Notify EC_NOTIFY_CYCCMD_WKC_ERROR(10, 0x10000800, 2, 15)
0000024258: Notify EC_NOTIFY_CYCCMD_WKC_ERROR(11, 0x10000000, 2, 15)
0000024258: Notify EC_NOTIFY_CYCCMD_WKC_ERROR(10, 0x10000800, 2, 15)
0000024262: Error: System overload: Cycle time too short or huge jitter!
0000024262: SendCycFramesByEntry(0): wFramesMonitoringProcCnt (0) < wFramesMonitoringSndCnt (1)
0000024262: Notify EC_NOTIFY_FRAME_RESPONSE_ERROR(No response error for cyclic frame IDX=0x4a, CycFrameNum=0, TaskId=0)
0000024263: Error: System overload: Cycle time too short or huge jitter!
0000024263: SendCycFramesByEntry(0): wFramesMonitoringProcCnt (0) < wFramesMonitoringSndCnt (1)
0000024263: Notify EC_NOTIFY_FRAME_RESPONSE_ERROR(No response error for cyclic frame IDX=0x4b, CycFrameNum=0, TaskId=0)
0000024263: Error: System overload: Cycle time too short or huge jitter!
0000024263: SendCycFramesByEntry(0): wFramesMonitoringProcCnt (0) < wFramesMonitoringSndCnt (1)
0000024263: Notify EC_NOTIFY_FRAME_RESPONSE_ERROR(No response error for cyclic frame IDX=0x4c, CycFrameNum=0, TaskId=0)
0000024264: Notify EC_NOTIFY_CYCCMD_WKC_ERROR(11, 0x10000000, 2, 15)
0000024264: Notify EC_NOTIFY_CYCCMD_WKC_ERROR(10, 0x10000800, 2, 15)
0000024264: Notify EC_NOTIFY_CYCCMD_WKC_ERROR(11, 0x10000000, 2, 15)
0000024264: Notify EC_NOTIFY_CYCCMD_WKC_ERROR(10, 0x10000800, 2, 15)
0000024264: Notify EC_NOTIFY_CYCCMD_WKC_ERROR(11, 0x10000000, 2, 15)
0000024264: Notify EC_NOTIFY_CYCCMD_WKC_ERROR(10, 0x10000800, 2, 15)
0000024265: Error: System overload: Cycle time too short or huge jitter!
0000024265: SendCycFramesByEntry(0): wFramesMonitoringProcCnt (0) < wFramesMonitoringSndCnt (1)
0000024265: Notify EC_NOTIFY_FRAME_RESPONSE_ERROR(No response error for cyclic frame IDX=0x4f, CycFrameNum=0, TaskId=0)
0000024265: Notify EC_NOTIFY_CYCCMD_WKC_ERROR(11, 0x10000000, 2, 15)
0000024265: Notify EC_NOTIFY_CYCCMD_WKC_ERROR(10, 0x10000800, 2, 15)
0000024268: Error: System overload: Cycle time too short or huge jitter!
0000024268: SendCycFramesByEntry(0): wFramesMonitoringProcCnt (0) < wFramesMonitoringSndCnt (1)
0000024268: Notify EC_NOTIFY_FRAME_RESPONSE_ERROR(No response error for cyclic frame IDX=0x56, CycFrameNum=0, TaskId=0)
0000024269: Error: System overload: Cycle time too short or huge jitter!
0000024269: SendCycFramesByEntry(0): wFramesMonitoringProcCnt (0) < wFramesMonitoringSndCnt (1)
0000024269: Notify EC_NOTIFY_FRAME_RESPONSE_ERROR(No response error for cyclic frame IDX=0x57, CycFrameNum=0, TaskId=0)
0000024269: Notify EC_NOTIFY_CYCCMD_WKC_ERROR(11, 0x10000000, 2, 15)
0000024269: Notify EC_NOTIFY_CYCCMD_WKC_ERROR(10, 0x10000800, 2, 15)
0000024269: Notify EC_NOTIFY_CYCCMD_WKC_ERROR(11, 0x10000000, 2, 15)
0000024269: Notify EC_NOTIFY_CYCCMD_WKC_ERROR(10, 0x10000800, 2, 15)
0000024272: Error: System overload: Cycle time too short or huge jitter!
0000024272: SendCycFramesByEntry(0): wFramesMonitoringProcCnt (0) < wFramesMonitoringSndCnt (1)
0000024272: Notify EC_NOTIFY_FRAME_RESPONSE_ERROR(No response error for cyclic frame IDX=0x5d, CycFrameNum=0, TaskId=0)
0000024272: Error: System overload: Cycle time too short or huge jitter!
0000024272: SendCycFramesByEntry(0): wFramesMonitoringProcCnt (0) < wFramesMonitoringSndCnt (1)
0000024272: Notify EC_NOTIFY_FRAME_RESPONSE_ERROR(No response error for cyclic frame IDX=0x5e, CycFrameNum=0, TaskId=0)
0000024273: Notify EC_NOTIFY_CYCCMD_WKC_ERROR(11, 0x10000000, 2, 15)
0000024273: Notify EC_NOTIFY_CYCCMD_WKC_ERROR(10, 0x10000800, 2, 15)
0000024273: Notify EC_NOTIFY_CYCCMD_WKC_ERROR(11, 0x10000000, 2, 15)
0000024273: Notify EC_NOTIFY_CYCCMD_WKC_ERROR(10, 0x10000800, 2, 15)
0000024273: Error: System overload: Cycle time too short or huge jitter!
0000024273: SendCycFramesByEntry(0): wFramesMonitoringProcCnt (0) < wFramesMonitoringSndCnt (1)
0000024273: Notify EC_NOTIFY_FRAME_RESPONSE_ERROR(No response error for cyclic frame IDX=0x60, CycFrameNum=0, TaskId=0)
0000024274: Error: System overload: Cycle time too short or huge jitter!
0000024274: SendCycFramesByEntry(0): wFramesMonitoringProcCnt (0) < wFramesMonitoringSndCnt (1)
0000024274: Notify EC_NOTIFY_FRAME_RESPONSE_ERROR(No response error for cyclic frame IDX=0x61, CycFrameNum=0, TaskId=0)
0000024274: Notify EC_NOTIFY_CYCCMD_WKC_ERROR(11, 0x10000000, 2, 15)
0000024274: Notify EC_NOTIFY_CYCCMD_WKC_ERROR(10, 0x10000800, 2, 15)
0000024274: Notify EC_NOTIFY_CYCCMD_WKC_ERROR(11, 0x10000000, 2, 15)
0000024274: Notify EC_NOTIFY_CYCCMD_WKC_ERROR(10, 0x10000800, 2, 15)
0000024275: Error: System overload: Cycle time too short or huge jitter!
0000024275: SendCycFramesByEntry(0): wFramesMonitoringProcCnt (0) < wFramesMonitoringSndCnt (1)
0000024275: Notify EC_NOTIFY_FRAME_RESPONSE_ERROR(No response error for cyclic frame IDX=0x63, CycFrameNum=0, TaskId=0)
0000024275: Notify EC_NOTIFY_CYCCMD_WKC_ERROR(11, 0x10000000, 2, 15)
0000024275: Notify EC_NOTIFY_CYCCMD_WKC_ERROR(10, 0x10000800, 2, 15)
0000024279: Error: System overload: Cycle time too short or huge jitter!
0000024279: SendCycFramesByEntry(0): wFramesMonitoringProcCnt (0) < wFramesMonitoringSndCnt (1)
0000024279: Notify EC_NOTIFY_FRAME_RESPONSE_ERROR(No response error for cyclic frame IDX=0x6c, CycFrameNum=0, TaskId=0)
0000024280: Notify EC_NOTIFY_CYCCMD_WKC_ERROR(11, 0x10000000, 2, 15)
0000024280: Notify EC_NOTIFY_CYCCMD_WKC_ERROR(10, 0x10000800, 2, 15)
0000024280: Error: System overload: Cycle time too short or huge jitter!
0000024280: SendCycFramesByEntry(0): wFramesMonitoringProcCnt (0) < wFramesMonitoringSndCnt (1)
0000024280: Notify EC_NOTIFY_FRAME_RESPONSE_ERROR(No response error for cyclic frame IDX=0x6e, CycFrameNum=0, TaskId=0)
0000024281: Error: System overload: Cycle time too short or huge jitter!
0000024281: SendCycFramesByEntry(0): wFramesMonitoringProcCnt (0) < wFramesMonitoringSndCnt (1)
0000024281: Notify EC_NOTIFY_FRAME_RESPONSE_ERROR(No response error for cyclic frame IDX=0x6f, CycFrameNum=0, TaskId=0)
0000024281: Notify EC_NOTIFY_CYCCMD_WKC_ERROR(11, 0x10000000, 2, 15)
0000024281: Notify EC_NOTIFY_CYCCMD_WKC_ERROR(10, 0x10000800, 2, 15)
0000024281: Notify EC_NOTIFY_CYCCMD_WKC_ERROR(11, 0x10000000, 2, 15)
0000024281: Notify EC_NOTIFY_CYCCMD_WKC_ERROR(10, 0x10000800, 2, 15)
0000024282: Error: System overload: Cycle time too short or huge jitter!
0000024282: SendCycFramesByEntry(0): wFramesMonitoringProcCnt (0) < wFramesMonitoringSndCnt (1)
0000024282: Notify EC_NOTIFY_FRAME_RESPONSE_ERROR(No response error for cyclic frame IDX=0x71, CycFrameNum=0, TaskId=0)
0000024282: Notify EC_NOTIFY_CYCCMD_WKC_ERROR(11, 0x10000000, 2, 15)
0000024282: Notify EC_NOTIFY_CYCCMD_WKC_ERROR(10, 0x10000800, 2, 15)
0000024283: Error: System overload: Cycle time too short or huge jitter!
0000024283: SendCycFramesByEntry(0): wFramesMonitoringProcCnt (0) < wFramesMonitoringSndCnt (1)
0000024283: Notify EC_NOTIFY_FRAME_RESPONSE_ERROR(No response error for cyclic frame IDX=0x73, CycFrameNum=0, TaskId=0)
0000024283: Error: System overload: Cycle time too short or huge jitter!
0000024283: SendCycFramesByEntry(0): wFramesMonitoringProcCnt (0) < wFramesMonitoringSndCnt (1)
0000024283: Notify EC_NOTIFY_FRAME_RESPONSE_ERROR(No response error for cyclic frame IDX=0x74, CycFrameNum=0, TaskId=0)
0000024284: Notify EC_NOTIFY_CYCCMD_WKC_ERROR(11, 0x10000000, 2, 15)
0000024284: Notify EC_NOTIFY_CYCCMD_WKC_ERROR(10, 0x10000800, 2, 15)
0000024284: Notify EC_NOTIFY_CYCCMD_WKC_ERROR(11, 0x10000000, 2, 15)
0000024284: Notify EC_NOTIFY_CYCCMD_WKC_ERROR(10, 0x10000800, 2, 15)
0000024284: Error: System overload: Cycle time too short or huge jitter!
0000024284: SendCycFramesByEntry(0): wFramesMonitoringProcCnt (0) < wFramesMonitoringSndCnt (1)
0000024284: Notify EC_NOTIFY_FRAME_RESPONSE_ERROR(No response error for cyclic frame IDX=0x76, CycFrameNum=0, TaskId=0)
0000024285: Notify EC_NOTIFY_CYCCMD_WKC_ERROR(11, 0x10000000, 2, 15)
0000024285: Notify EC_NOTIFY_CYCCMD_WKC_ERROR(10, 0x10000800, 2, 15)
0000024285: Notify EC_NOTIFY_CYCCMD_WKC_ERROR(11, 0x10000000, 2, 15)
0000024285: Notify EC_NOTIFY_CYCCMD_WKC_ERROR(10, 0x10000800, 2, 15)
0000024287: Error: System overload: Cycle time too short or huge jitter!
0000024287: SendCycFramesByEntry(0): wFramesMonitoringProcCnt (0) < wFramesMonitoringSndCnt (1)
0000024287: Notify EC_NOTIFY_FRAME_RESPONSE_ERROR(No response error for cyclic frame IDX=0x7b, CycFrameNum=0, TaskId=0)
0000024287: Notify EC_NOTIFY_CYCCMD_WKC_ERROR(11, 0x10000000, 2, 15)
0000024287: Notify EC_NOTIFY_CYCCMD_WKC_ERROR(10, 0x10000800, 2, 15)
0000024288: Error: System overload: Cycle time too short or huge jitter!
0000024288: SendCycFramesByEntry(0): wFramesMonitoringProcCnt (0) < wFramesMonitoringSndCnt (1)
0000024288: Notify EC_NOTIFY_FRAME_RESPONSE_ERROR(No response error for cyclic frame IDX=0x7e, CycFrameNum=0, TaskId=0)
0000024289: Error: System overload: Cycle time too short or huge jitter!
0000024289: SendCycFramesByEntry(0): wFramesMonitoringProcCnt (0) < wFramesMonitoringSndCnt (1)
0000024289: Notify EC_NOTIFY_FRAME_RESPONSE_ERROR(No response error for cyclic frame IDX=0x7f, CycFrameNum=0, TaskId=0)
0000024289: Error: System overload: Cycle time too short or huge jitter!
0000024289: SendCycFramesByEntry(0): wFramesMonitoringProcCnt (0) < wFramesMonitoringSndCnt (1)
0000024289: Notify EC_NOTIFY_FRAME_RESPONSE_ERROR(No response error for cyclic frame IDX=0x80, CycFrameNum=0, TaskId=0)
0000024290: Notify EC_NOTIFY_CYCCMD_WKC_ERROR(11, 0x10000000, 2, 15)
0000024290: Notify EC_NOTIFY_CYCCMD_WKC_ERROR(10, 0x10000800, 2, 15)
0000024290: Notify EC_NOTIFY_CYCCMD_WKC_ERROR(11, 0x10000000, 2, 15)
0000024290: Notify EC_NOTIFY_CYCCMD_WKC_ERROR(10, 0x10000800, 2, 15)
0000024290: Notify EC_NOTIFY_CYCCMD_WKC_ERROR(11, 0x10000000, 2, 15)
0000024290: Notify EC_NOTIFY_CYCCMD_WKC_ERROR(10, 0x10000800, 2, 15)
0000024290: Error: System overload: Cycle time too short or huge jitter!
0000024290: SendCycFramesByEntry(0): wFramesMonitoringProcCnt (0) < wFramesMonitoringSndCnt (1)
0000024290: Notify EC_NOTIFY_FRAME_RESPONSE_ERROR(No response error for cyclic frame IDX=0x82, CycFrameNum=0, TaskId=0)
0000024291: Notify EC_NOTIFY_CYCCMD_WKC_ERROR(11, 0x10000000, 2, 15)
0000024291: Notify EC_NOTIFY_CYCCMD_WKC_ERROR(10, 0x10000800, 2, 15)
0000024293: Error: System overload: Cycle time too short or huge jitter!
0000024293: SendCycFramesByEntry(0): wFramesMonitoringProcCnt (0) < wFramesMonitoringSndCnt (1)
0000024293: Notify EC_NOTIFY_FRAME_RESPONSE_ERROR(No response error for cyclic frame IDX=0x87, CycFrameNum=0, TaskId=0)
0000024293: Notify EC_NOTIFY_CYCCMD_WKC_ERROR(11, 0x10000000, 2, 15)
0000024293: Notify EC_NOTIFY_CYCCMD_WKC_ERROR(10, 0x10000800, 2, 15)
0000024294: Error: System overload: Cycle time too short or huge jitter!
0000024294: SendCycFramesByEntry(0): wFramesMonitoringProcCnt (0) < wFramesMonitoringSndCnt (1)
0000024294: Notify EC_NOTIFY_FRAME_RESPONSE_ERROR(No response error for cyclic frame IDX=0x89, CycFrameNum=0, TaskId=0)
0000024294: Notify EC_NOTIFY_CYCCMD_WKC_ERROR(11, 0x10000000, 2, 15)
0000024294: Notify EC_NOTIFY_CYCCMD_WKC_ERROR(10, 0x10000800, 2, 15)
0000024295: Notify EC_NOTIFY_CYCCMD_WKC_ERROR(11, 0x10000000, 2, 15)
0000024295: Notify EC_NOTIFY_CYCCMD_WKC_ERROR(10, 0x10000800, 2, 15)
0000024304: Error: System overload: Cycle time too short or huge jitter!
0000024304: SendCycFramesByEntry(0): wFramesMonitoringProcCnt (0) < wFramesMonitoringSndCnt (1)
0000024304: Notify EC_NOTIFY_FRAME_RESPONSE_ERROR(No response error for cyclic frame IDX=0x9d, CycFrameNum=0, TaskId=0)
0000024304: Notify EC_NOTIFY_CYCCMD_WKC_ERROR(11, 0x10000000, 2, 15)
0000024304: Notify EC_NOTIFY_CYCCMD_WKC_ERROR(10, 0x10000800, 2, 15)
0000024306: Error: System overload: Cycle time too short or huge jitter!
0000024306: SendCycFramesByEntry(0): wFramesMonitoringProcCnt (0) < wFramesMonitoringSndCnt (1)
0000024306: Notify EC_NOTIFY_FRAME_RESPONSE_ERROR(No response error for cyclic frame IDX=0xa2, CycFrameNum=0, TaskId=0)
0000024307: Notify EC_NOTIFY_CYCCMD_WKC_ERROR(11, 0x10000000, 2, 15)
0000024307: Notify EC_NOTIFY_CYCCMD_WKC_ERROR(10, 0x10000800, 2, 15)
0000024307: Error: System overload: Cycle time too short or huge jitter!
0000024307: SendCycFramesByEntry(0): wFramesMonitoringProcCnt (0) < wFramesMonitoringSndCnt (1)
0000024307: Notify EC_NOTIFY_FRAME_RESPONSE_ERROR(No response error for cyclic frame IDX=0xa4, CycFrameNum=0, TaskId=0)
0000024308: Notify EC_NOTIFY_CYCCMD_WKC_ERROR(11, 0x10000000, 2, 15)
0000024308: Notify EC_NOTIFY_CYCCMD_WKC_ERROR(10, 0x10000800, 2, 15)
0000024310: Error: System overload: Cycle time too short or huge jitter!
0000024310: SendCycFramesByEntry(0): wFramesMonitoringProcCnt (0) < wFramesMonitoringSndCnt (1)
0000024310: Notify EC_NOTIFY_FRAME_RESPONSE_ERROR(No response error for cyclic frame IDX=0xa9, CycFrameNum=0, TaskId=0)
0000024310: Notify EC_NOTIFY_CYCCMD_WKC_ERROR(11, 0x10000000, 2, 15)
0000024310: Notify EC_NOTIFY_CYCCMD_WKC_ERROR(10, 0x10000800, 2, 15)
0000024311: Error: System overload: Cycle time too short or huge jitter!
0000024311: SendCycFramesByEntry(0): wFramesMonitoringProcCnt (0) < wFramesMonitoringSndCnt (1)
0000024311: Notify EC_NOTIFY_FRAME_RESPONSE_ERROR(No response error for cyclic frame IDX=0xab, CycFrameNum=0, TaskId=0)
0000024311: Notify EC_NOTIFY_CYCCMD_WKC_ERROR(11, 0x10000000, 2, 15)
0000024311: Notify EC_NOTIFY_CYCCMD_WKC_ERROR(10, 0x10000800, 2, 15)
0000024313: Error: System overload: Cycle time too short or huge jitter!
0000024313: SendCycFramesByEntry(0): wFramesMonitoringProcCnt (0) < wFramesMonitoringSndCnt (1)
0000024313: Notify EC_NOTIFY_FRAME_RESPONSE_ERROR(No response error for cyclic frame IDX=0xb0, CycFrameNum=0, TaskId=0)
0000024314: Notify EC_NOTIFY_CYCCMD_WKC_ERROR(11, 0x10000000, 2, 15)
0000024314: Notify EC_NOTIFY_CYCCMD_WKC_ERROR(10, 0x10000800, 2, 15)
0000024314: Error: System overload: Cycle time too short or huge jitter!
0000024314: SendCycFramesByEntry(0): wFramesMonitoringProcCnt (0) < wFramesMonitoringSndCnt (1)
0000024314: Notify EC_NOTIFY_FRAME_RESPONSE_ERROR(No response error for cyclic frame IDX=0xb2, CycFrameNum=0, TaskId=0)
0000024315: Error: System overload: Cycle time too short or huge jitter!
0000024315: SendCycFramesByEntry(0): wFramesMonitoringProcCnt (0) < wFramesMonitoringSndCnt (1)
0000024315: Notify EC_NOTIFY_FRAME_RESPONSE_ERROR(No response error for cyclic frame IDX=0xb3, CycFrameNum=0, TaskId=0)
0000024315: Notify EC_NOTIFY_CYCCMD_WKC_ERROR(11, 0x10000000, 2, 15)
0000024315: Notify EC_NOTIFY_CYCCMD_WKC_ERROR(10, 0x10000800, 2, 15)
0000024315: Notify EC_NOTIFY_CYCCMD_WKC_ERROR(11, 0x10000000, 2, 15)
0000024315: Notify EC_NOTIFY_CYCCMD_WKC_ERROR(10, 0x10000800, 2, 15)
0000024316: Error: System overload: Cycle time too short or huge jitter!
0000024316: SendCycFramesByEntry(0): wFramesMonitoringProcCnt (0) < wFramesMonitoringSndCnt (1)
0000024316: Notify EC_NOTIFY_FRAME_RESPONSE_ERROR(No response error for cyclic frame IDX=0xb5, CycFrameNum=0, TaskId=0)
0000024316: Notify EC_NOTIFY_CYCCMD_WKC_ERROR(11, 0x10000000, 2, 15)
0000024316: Notify EC_NOTIFY_CYCCMD_WKC_ERROR(10, 0x10000800, 2, 15)
0000024317: Error: System overload: Cycle time too short or huge jitter!
0000024317: SendCycFramesByEntry(0): wFramesMonitoringProcCnt (0) < wFramesMonitoringSndCnt (1)
0000024317: Notify EC_NOTIFY_FRAME_RESPONSE_ERROR(No response error for cyclic frame IDX=0xb7, CycFrameNum=0, TaskId=0)
0000024317: Error: System overload: Cycle time too short or huge jitter!
0000024317: SendCycFramesByEntry(0): wFramesMonitoringProcCnt (0) < wFramesMonitoringSndCnt (1)
0000024317: Notify EC_NOTIFY_FRAME_RESPONSE_ERROR(No response error for cyclic frame IDX=0xb8, CycFrameNum=0, TaskId=0)
0000024318: Notify EC_NOTIFY_CYCCMD_WKC_ERROR(11, 0x10000000, 2, 15)
0000024318: Notify EC_NOTIFY_CYCCMD_WKC_ERROR(10, 0x10000800, 2, 15)
0000024318: Notify EC_NOTIFY_CYCCMD_WKC_ERROR(11, 0x10000000, 2, 15)
0000024318: Notify EC_NOTIFY_CYCCMD_WKC_ERROR(10, 0x10000800, 2, 15)
0000024321: Error: System overload: Cycle time too short or huge jitter!
0000024321: SendCycFramesByEntry(0): wFramesMonitoringProcCnt (0) < wFramesMonitoringSndCnt (1)
0000024321: Notify EC_NOTIFY_FRAME_RESPONSE_ERROR(No response error for cyclic frame IDX=0xbf, CycFrameNum=0, TaskId=0)
0000024321: Notify EC_NOTIFY_CYCCMD_WKC_ERROR(11, 0x10000000, 2, 15)
0000024321: Notify EC_NOTIFY_CYCCMD_WKC_ERROR(10, 0x10000800, 2, 15)
0000024322: Error: System overload: Cycle time too short or huge jitter!
0000024322: SendCycFramesByEntry(0): wFramesMonitoringProcCnt (0) < wFramesMonitoringSndCnt (1)
0000024322: Notify EC_NOTIFY_FRAME_RESPONSE_ERROR(No response error for cyclic frame IDX=0xc2, CycFrameNum=0, TaskId=0)
0000024323: Notify EC_NOTIFY_CYCCMD_WKC_ERROR(11, 0x10000000, 2, 15)
0000024323: Notify EC_NOTIFY_CYCCMD_WKC_ERROR(10, 0x10000800, 2, 15)
0000024323: Error: System overload: Cycle time too short or huge jitter!
0000024323: SendCycFramesByEntry(0): wFramesMonitoringProcCnt (0) < wFramesMonitoringSndCnt (1)
0000024323: Notify EC_NOTIFY_FRAME_RESPONSE_ERROR(No response error for cyclic frame IDX=0xc4, CycFrameNum=0, TaskId=0)
0000024324: Notify EC_NOTIFY_CYCCMD_WKC_ERROR(11, 0x10000000, 2, 15)
0000024324: Notify EC_NOTIFY_CYCCMD_WKC_ERROR(10, 0x10000800, 2, 15)
0000024324: Error: System overload: Cycle time too short or huge jitter!
0000024324: SendCycFramesByEntry(0): wFramesMonitoringProcCnt (0) < wFramesMonitoringSndCnt (1)
0000024324: Notify EC_NOTIFY_FRAME_RESPONSE_ERROR(No response error for cyclic frame IDX=0xc6, CycFrameNum=0, TaskId=0)
0000024325: Notify EC_NOTIFY_CYCCMD_WKC_ERROR(11, 0x10000000, 2, 15)
0000024325: Notify EC_NOTIFY_CYCCMD_WKC_ERROR(10, 0x10000800, 2, 15)
0000024327: Error: System overload: Cycle time too short or huge jitter!
0000024327: SendCycFramesByEntry(0): wFramesMonitoringProcCnt (0) < wFramesMonitoringSndCnt (1)
0000024327: Notify EC_NOTIFY_FRAME_RESPONSE_ERROR(No response error for cyclic frame IDX=0xcb, CycFrameNum=0, TaskId=0)
0000024327: Notify EC_NOTIFY_CYCCMD_WKC_ERROR(11, 0x10000000, 2, 15)
0000024327: Notify EC_NOTIFY_CYCCMD_WKC_ERROR(10, 0x10000800, 2, 15)
0000024329: Error: System overload: Cycle time too short or huge jitter!
0000024329: SendCycFramesByEntry(0): wFramesMonitoringProcCnt (0) < wFramesMonitoringSndCnt (1)
0000024329: Notify EC_NOTIFY_FRAME_RESPONSE_ERROR(No response error for cyclic frame IDX=0xd0, CycFrameNum=0, TaskId=0)
0000024330: Notify EC_NOTIFY_CYCCMD_WKC_ERROR(11, 0x10000000, 2, 15)
0000024330: Notify EC_NOTIFY_CYCCMD_WKC_ERROR(10, 0x10000800, 2, 15)
0000024330: Error: System overload: Cycle time too short or huge jitter!
0000024330: SendCycFramesByEntry(0): wFramesMonitoringProcCnt (0) < wFramesMonitoringSndCnt (1)
0000024330: Notify EC_NOTIFY_FRAME_RESPONSE_ERROR(No response error for cyclic frame IDX=0xd2, CycFrameNum=0, TaskId=0)
0000024331: Error: System overload: Cycle time too short or huge jitter!
0000024331: SendCycFramesByEntry(0): wFramesMonitoringProcCnt (0) < wFramesMonitoringSndCnt (1)
0000024331: Notify EC_NOTIFY_FRAME_RESPONSE_ERROR(No response error for cyclic frame IDX=0xd3, CycFrameNum=0, TaskId=0)
0000024331: Error: System overload: Cycle time too short or huge jitter!
0000024331: SendCycFramesByEntry(0): wFramesMonitoringProcCnt (0) < wFramesMonitoringSndCnt (1)
0000024331: Notify EC_NOTIFY_FRAME_RESPONSE_ERROR(No response error for cyclic frame IDX=0xd4, CycFrameNum=0, TaskId=0)
0000024332: Error: System overload: Cycle time too short or huge jitter!
0000024332: SendCycFramesByEntry(0): wFramesMonitoringProcCnt (0) < wFramesMonitoringSndCnt (1)
0000024332: Notify EC_NOTIFY_FRAME_RESPONSE_ERROR(No response error for cyclic frame IDX=0xd5, CycFrameNum=0, TaskId=0)
0000024332: Notify EC_NOTIFY_CYCCMD_WKC_ERROR(11, 0x10000000, 2, 15)
0000024332: Notify EC_NOTIFY_CYCCMD_WKC_ERROR(10, 0x10000800, 2, 15)
0000024332: Notify EC_NOTIFY_CYCCMD_WKC_ERROR(11, 0x10000000, 2, 15)
0000024332: Notify EC_NOTIFY_CYCCMD_WKC_ERROR(10, 0x10000800, 2, 15)
0000024332: Notify EC_NOTIFY_CYCCMD_WKC_ERROR(11, 0x10000000, 2, 15)
0000024332: Notify EC_NOTIFY_CYCCMD_WKC_ERROR(10, 0x10000800, 2, 15)
0000024332: Notify EC_NOTIFY_CYCCMD_WKC_ERROR(11, 0x10000000, 2, 15)
0000024332: Notify EC_NOTIFY_CYCCMD_WKC_ERROR(10, 0x10000800, 2, 15)
0000024333: Error: System overload: Cycle time too short or huge jitter!
0000024333: SendCycFramesByEntry(0): wFramesMonitoringProcCnt (0) < wFramesMonitoringSndCnt (1)
0000024333: Notify EC_NOTIFY_FRAME_RESPONSE_ERROR(No response error for cyclic frame IDX=0xd7, CycFrameNum=0, TaskId=0)
0000024333: Notify EC_NOTIFY_CYCCMD_WKC_ERROR(11, 0x10000000, 2, 15)
0000024333: Notify EC_NOTIFY_CYCCMD_WKC_ERROR(10, 0x10000800, 2, 15)
0000024335: Notify EC_NOTIFY_CYCCMD_WKC_ERROR(11, 0x10000000, 2, 15)
0000024335: Notify EC_NOTIFY_CYCCMD_WKC_ERROR(10, 0x10000800, 2, 15)
0000024337: Error: System overload: Cycle time too short or huge jitter!
0000024337: SendCycFramesByEntry(0): wFramesMonitoringProcCnt (0) < wFramesMonitoringSndCnt (1)
0000024337: Notify EC_NOTIFY_FRAME_RESPONSE_ERROR(No response error for cyclic frame IDX=0x2, CycFrameNum=0, TaskId=0)
0000024338: Error: System overload: Cycle time too short or huge jitter!
0000024338: SendCycFramesByEntry(0): wFramesMonitoringProcCnt (0) < wFramesMonitoringSndCnt (1)
0000024338: Notify EC_NOTIFY_FRAME_RESPONSE_ERROR(No response error for cyclic frame IDX=0x3, CycFrameNum=0, TaskId=0)
0000024338: Notify EC_NOTIFY_CYCCMD_WKC_ERROR(11, 0x10000000, 2, 15)
0000024338: Notify EC_NOTIFY_CYCCMD_WKC_ERROR(10, 0x10000800, 2, 15)
0000024338: Notify EC_NOTIFY_CYCCMD_WKC_ERROR(11, 0x10000000, 2, 15)
0000024338: Notify EC_NOTIFY_CYCCMD_WKC_ERROR(10, 0x10000800, 2, 15)
0000024341: Error: System overload: Cycle time too short or huge jitter!
0000024341: SendCycFramesByEntry(0): wFramesMonitoringProcCnt (0) < wFramesMonitoringSndCnt (1)
0000024341: Notify EC_NOTIFY_FRAME_RESPONSE_ERROR(No response error for cyclic frame IDX=0xa, CycFrameNum=0, TaskId=0)
0000024342: Error: System overload: Cycle time too short or huge jitter!
0000024342: SendCycFramesByEntry(0): wFramesMonitoringProcCnt (0) < wFramesMonitoringSndCnt (1)
0000024342: Notify EC_NOTIFY_FRAME_RESPONSE_ERROR(No response error for cyclic frame IDX=0xb, CycFrameNum=0, TaskId=0)
0000024342: Error: System overload: Cycle time too short or huge jitter!
0000024342: SendCycFramesByEntry(0): wFramesMonitoringProcCnt (0) < wFramesMonitoringSndCnt (1)
0000024342: Notify EC_NOTIFY_FRAME_RESPONSE_ERROR(No response error for cyclic frame IDX=0xc, CycFrameNum=0, TaskId=0)
0000024343: Error: System overload: Cycle time too short or huge jitter!
0000024343: SendCycFramesByEntry(0): wFramesMonitoringProcCnt (0) < wFramesMonitoringSndCnt (1)
0000024343: Notify EC_NOTIFY_FRAME_RESPONSE_ERROR(No response error for cyclic frame IDX=0xd, CycFrameNum=0, TaskId=0)
0000024343: Notify EC_NOTIFY_CYCCMD_WKC_ERROR(11, 0x10000000, 2, 15)
0000024343: Notify EC_NOTIFY_CYCCMD_WKC_ERROR(10, 0x10000800, 2, 15)
0000024343: Notify EC_NOTIFY_CYCCMD_WKC_ERROR(11, 0x10000000, 2, 15)
0000024343: Notify EC_NOTIFY_CYCCMD_WKC_ERROR(10, 0x10000800, 2, 15)
0000024343: Notify EC_NOTIFY_CYCCMD_WKC_ERROR(11, 0x10000000, 2, 15)
0000024343: Notify EC_NOTIFY_CYCCMD_WKC_ERROR(10, 0x10000800, 2, 15)
0000024343: Notify EC_NOTIFY_CYCCMD_WKC_ERROR(11, 0x10000000, 2, 15)
0000024343: Notify EC_NOTIFY_CYCCMD_WKC_ERROR(10, 0x10000800, 2, 15)
0000024345: Error: System overload: Cycle time too short or huge jitter!
0000024345: SendCycFramesByEntry(0): wFramesMonitoringProcCnt (0) < wFramesMonitoringSndCnt (1)
0000024345: Notify EC_NOTIFY_FRAME_RESPONSE_ERROR(No response error for cyclic frame IDX=0x11, CycFrameNum=0, TaskId=0)
0000024345: Notify EC_NOTIFY_CYCCMD_WKC_ERROR(11, 0x10000000, 2, 15)
0000024345: Notify EC_NOTIFY_CYCCMD_WKC_ERROR(10, 0x10000800, 2, 15)
0000024346: Error: System overload: Cycle time too short or huge jitter!
0000024346: SendCycFramesByEntry(0): wFramesMonitoringProcCnt (0) < wFramesMonitoringSndCnt (1)
0000024346: Notify EC_NOTIFY_FRAME_RESPONSE_ERROR(No response error for cyclic frame IDX=0x14, CycFrameNum=0, TaskId=0)
0000024347: Notify EC_NOTIFY_CYCCMD_WKC_ERROR(11, 0x10000000, 2, 15)
0000024347: Notify EC_NOTIFY_CYCCMD_WKC_ERROR(10, 0x10000800, 2, 15)
0000024352: Error: System overload: Cycle time too short or huge jitter!
0000024352: SendCycFramesByEntry(0): wFramesMonitoringProcCnt (0) < wFramesMonitoringSndCnt (1)
0000024352: Notify EC_NOTIFY_FRAME_RESPONSE_ERROR(No response error for cyclic frame IDX=0x20, CycFrameNum=0, TaskId=0)
0000024353: Notify EC_NOTIFY_CYCCMD_WKC_ERROR(11, 0x10000000, 2, 15)
0000024353: Notify EC_NOTIFY_CYCCMD_WKC_ERROR(10, 0x10000800, 2, 15)
0000024354: Error: System overload: Cycle time too short or huge jitter!
0000024354: SendCycFramesByEntry(0): wFramesMonitoringProcCnt (0) < wFramesMonitoringSndCnt (1)
0000024354: Notify EC_NOTIFY_FRAME_RESPONSE_ERROR(No response error for cyclic frame IDX=0x23, CycFrameNum=0, TaskId=0)
0000024354: Notify EC_NOTIFY_CYCCMD_WKC_ERROR(11, 0x10000000, 2, 15)
0000024354: Notify EC_NOTIFY_CYCCMD_WKC_ERROR(10, 0x10000800, 2, 15)
0000024355: Error: System overload: Cycle time too short or huge jitter!
0000024355: SendCycFramesByEntry(0): wFramesMonitoringProcCnt (0) < wFramesMonitoringSndCnt (1)
0000024355: Notify EC_NOTIFY_FRAME_RESPONSE_ERROR(No response error for cyclic frame IDX=0x25, CycFrameNum=0, TaskId=0)
0000024355: Notify EC_NOTIFY_CYCCMD_WKC_ERROR(11, 0x10000000, 2, 15)
0000024355: Notify EC_NOTIFY_CYCCMD_WKC_ERROR(10, 0x10000800, 2, 15)
0000024357: Error: System overload: Cycle time too short or huge jitter!
0000024357: SendCycFramesByEntry(0): wFramesMonitoringProcCnt (0) < wFramesMonitoringSndCnt (1)
0000024357: Notify EC_NOTIFY_FRAME_RESPONSE_ERROR(No response error for cyclic frame IDX=0x2a, CycFrameNum=0, TaskId=0)
0000024358: Notify EC_NOTIFY_CYCCMD_WKC_ERROR(11, 0x10000000, 2, 15)
0000024358: Notify EC_NOTIFY_CYCCMD_WKC_ERROR(10, 0x10000800, 2, 15)
0000024358: Error: System overload: Cycle time too short or huge jitter!
0000024358: SendCycFramesByEntry(0): wFramesMonitoringProcCnt (0) < wFramesMonitoringSndCnt (1)
0000024358: Notify EC_NOTIFY_FRAME_RESPONSE_ERROR(No response error for cyclic frame IDX=0x2c, CycFrameNum=0, TaskId=0)
0000024359: Notify EC_NOTIFY_CYCCMD_WKC_ERROR(11, 0x10000000, 2, 15)
0000024359: Notify EC_NOTIFY_CYCCMD_WKC_ERROR(10, 0x10000800, 2, 15)
0000024360: Error: System overload: Cycle time too short or huge jitter!
0000024360: SendCycFramesByEntry(0): wFramesMonitoringProcCnt (0) < wFramesMonitoringSndCnt (1)
0000024360: Notify EC_NOTIFY_FRAME_RESPONSE_ERROR(No response error for cyclic frame IDX=0x2f, CycFrameNum=0, TaskId=0)
0000024360: Notify EC_NOTIFY_CYCCMD_WKC_ERROR(11, 0x10000000, 2, 15)
0000024360: Notify EC_NOTIFY_CYCCMD_WKC_ERROR(10, 0x10000800, 2, 15)
0000024361: Error: System overload: Cycle time too short or huge jitter!
0000024361: SendCycFramesByEntry(0): wFramesMonitoringProcCnt (0) < wFramesMonitoringSndCnt (1)
0000024361: Notify EC_NOTIFY_FRAME_RESPONSE_ERROR(No response error for cyclic frame IDX=0x31, CycFrameNum=0, TaskId=0)
0000024361: Notify EC_NOTIFY_CYCCMD_WKC_ERROR(11, 0x10000000, 2, 15)
0000024361: Notify EC_NOTIFY_CYCCMD_WKC_ERROR(10, 0x10000800, 2, 15)
0000024362: Error: System overload: Cycle time too short or huge jitter!
0000024362: SendCycFramesByEntry(0): wFramesMonitoringProcCnt (0) < wFramesMonitoringSndCnt (1)
0000024362: Notify EC_NOTIFY_FRAME_RESPONSE_ERROR(No response error for cyclic frame IDX=0x33, CycFrameNum=0, TaskId=0)
0000024362: Notify EC_NOTIFY_CYCCMD_WKC_ERROR(11, 0x10000000, 2, 15)
0000024362: Notify EC_NOTIFY_CYCCMD_WKC_ERROR(10, 0x10000800, 2, 15)
0000024363: Error: System overload: Cycle time too short or huge jitter!
0000024363: SendCycFramesByEntry(0): wFramesMonitoringProcCnt (0) < wFramesMonitoringSndCnt (1)
0000024363: Notify EC_NOTIFY_FRAME_RESPONSE_ERROR(No response error for cyclic frame IDX=0x35, CycFrameNum=0, TaskId=0)
0000024363: Error: System overload: Cycle time too short or huge jitter!
0000024363: SendCycFramesByEntry(0): wFramesMonitoringProcCnt (0) < wFramesMonitoringSndCnt (1)
0000024363: Notify EC_NOTIFY_FRAME_RESPONSE_ERROR(No response error for cyclic frame IDX=0x36, CycFrameNum=0, TaskId=0)
0000024364: Notify EC_NOTIFY_CYCCMD_WKC_ERROR(11, 0x10000000, 2, 15)
0000024364: Notify EC_NOTIFY_CYCCMD_WKC_ERROR(10, 0x10000800, 2, 15)
0000024364: Notify EC_NOTIFY_CYCCMD_WKC_ERROR(11, 0x10000000, 2, 15)
0000024364: Notify EC_NOTIFY_CYCCMD_WKC_ERROR(10, 0x10000800, 2, 15)
0000024364: Error: System overload: Cycle time too short or huge jitter!
0000024364: SendCycFramesByEntry(0): wFramesMonitoringProcCnt (0) < wFramesMonitoringSndCnt (1)
0000024364: Notify EC_NOTIFY_FRAME_RESPONSE_ERROR(No response error for cyclic frame IDX=0x38, CycFrameNum=0, TaskId=0)
0000024365: Notify EC_NOTIFY_CYCCMD_WKC_ERROR(11, 0x10000000, 2, 15)
0000024365: Notify EC_NOTIFY_CYCCMD_WKC_ERROR(10, 0x10000800, 2, 15)
0000024365: Notify EC_NOTIFY_CYCCMD_WKC_ERROR(11, 0x10000000, 2, 15)
0000024365: Notify EC_NOTIFY_CYCCMD_WKC_ERROR(10, 0x10000800, 2, 15)
0000024368: Error: System overload: Cycle time too short or huge jitter!
0000024368: SendCycFramesByEntry(0): wFramesMonitoringProcCnt (0) < wFramesMonitoringSndCnt (1)
0000024368: Notify EC_NOTIFY_FRAME_RESPONSE_ERROR(No response error for cyclic frame IDX=0x3f, CycFrameNum=0, TaskId=0)
0000024368: Notify EC_NOTIFY_CYCCMD_WKC_ERROR(11, 0x10000000, 2, 15)
0000024368: Notify EC_NOTIFY_CYCCMD_WKC_ERROR(10, 0x10000800, 2, 15)
0000024370: Error: System overload: Cycle time too short or huge jitter!
0000024370: SendCycFramesByEntry(0): wFramesMonitoringProcCnt (0) < wFramesMonitoringSndCnt (1)
0000024370: Notify EC_NOTIFY_FRAME_RESPONSE_ERROR(No response error for cyclic frame IDX=0x44, CycFrameNum=0, TaskId=0)
0000024371: Notify EC_NOTIFY_CYCCMD_WKC_ERROR(11, 0x10000000, 2, 15)
0000024371: Notify EC_NOTIFY_CYCCMD_WKC_ERROR(10, 0x10000800, 2, 15)
0000024372: Error: System overload: Cycle time too short or huge jitter!
0000024372: SendCycFramesByEntry(0): wFramesMonitoringProcCnt (0) < wFramesMonitoringSndCnt (1)
0000024372: Notify EC_NOTIFY_FRAME_RESPONSE_ERROR(No response error for cyclic frame IDX=0x47, CycFrameNum=0, TaskId=0)
0000024372: Notify EC_NOTIFY_CYCCMD_WKC_ERROR(11, 0x10000000, 2, 15)
0000024372: Notify EC_NOTIFY_CYCCMD_WKC_ERROR(10, 0x10000800, 2, 15)
0000024373: Error: System overload: Cycle time too short or huge jitter!
0000024373: SendCycFramesByEntry(0): wFramesMonitoringProcCnt (0) < wFramesMonitoringSndCnt (1)
0000024373: Notify EC_NOTIFY_FRAME_RESPONSE_ERROR(No response error for cyclic frame IDX=0x49, CycFrameNum=0, TaskId=0)
0000024373: Notify EC_NOTIFY_CYCCMD_WKC_ERROR(11, 0x10000000, 2, 15)
0000024373: Notify EC_NOTIFY_CYCCMD_WKC_ERROR(10, 0x10000800, 2, 15)
0000024375: Notify EC_NOTIFY_CYCCMD_WKC_ERROR(11, 0x10000000, 2, 15)
0000024375: Notify EC_NOTIFY_CYCCMD_WKC_ERROR(10, 0x10000800, 2, 15)
0000024376: Error: System overload: Cycle time too short or huge jitter!
0000024376: SendCycFramesByEntry(0): wFramesMonitoringProcCnt (0) < wFramesMonitoringSndCnt (1)
0000024376: Notify EC_NOTIFY_FRAME_RESPONSE_ERROR(No response error for cyclic frame IDX=0x4f, CycFrameNum=0, TaskId=0)
0000024376: Error: System overload: Cycle time too short or huge jitter!
0000024376: SendCycFramesByEntry(0): wFramesMonitoringProcCnt (0) < wFramesMonitoringSndCnt (1)
0000024376: Notify EC_NOTIFY_FRAME_RESPONSE_ERROR(No response error for cyclic frame IDX=0x50, CycFrameNum=0, TaskId=0)
0000024377: Notify EC_NOTIFY_CYCCMD_WKC_ERROR(11, 0x10000000, 2, 15)
0000024377: Notify EC_NOTIFY_CYCCMD_WKC_ERROR(10, 0x10000800, 2, 15)
0000024377: Notify EC_NOTIFY_CYCCMD_WKC_ERROR(11, 0x10000000, 2, 15)
0000024377: Notify EC_NOTIFY_CYCCMD_WKC_ERROR(10, 0x10000800, 2, 15)
0000024379: Error: System overload: Cycle time too short or huge jitter!
0000024379: SendCycFramesByEntry(0): wFramesMonitoringProcCnt (0) < wFramesMonitoringSndCnt (1)
0000024379: Notify EC_NOTIFY_FRAME_RESPONSE_ERROR(No response error for cyclic frame IDX=0x55, CycFrameNum=0, TaskId=0)
0000024379: Notify EC_NOTIFY_CYCCMD_WKC_ERROR(11, 0x10000000, 2, 15)
0000024379: Notify EC_NOTIFY_CYCCMD_WKC_ERROR(10, 0x10000800, 2, 15)
0000024380: Error: System overload: Cycle time too short or huge jitter!
0000024380: SendCycFramesByEntry(0): wFramesMonitoringProcCnt (0) < wFramesMonitoringSndCnt (1)
0000024380: Notify EC_NOTIFY_FRAME_RESPONSE_ERROR(No response error for cyclic frame IDX=0x57, CycFrameNum=0, TaskId=0)
0000024380: Notify EC_NOTIFY_CYCCMD_WKC_ERROR(11, 0x10000000, 2, 15)
0000024380: Notify EC_NOTIFY_CYCCMD_WKC_ERROR(10, 0x10000800, 2, 15)
0000024381: Error: System overload: Cycle time too short or huge jitter!
0000024381: SendCycFramesByEntry(0): wFramesMonitoringProcCnt (0) < wFramesMonitoringSndCnt (1)
0000024381: Notify EC_NOTIFY_FRAME_RESPONSE_ERROR(No response error for cyclic frame IDX=0x5a, CycFrameNum=0, TaskId=0)
0000024382: Notify EC_NOTIFY_CYCCMD_WKC_ERROR(11, 0x10000000, 2, 15)
0000024382: Notify EC_NOTIFY_CYCCMD_WKC_ERROR(10, 0x10000800, 2, 15)
0000024388: Error: System overload: Cycle time too short or huge jitter!
0000024388: SendCycFramesByEntry(0): wFramesMonitoringProcCnt (0) < wFramesMonitoringSndCnt (1)
0000024388: Notify EC_NOTIFY_FRAME_RESPONSE_ERROR(No response error for cyclic frame IDX=0x68, CycFrameNum=0, TaskId=0)
0000024389: Notify EC_NOTIFY_CYCCMD_WKC_ERROR(11, 0x10000000, 2, 15)
0000024389: Notify EC_NOTIFY_CYCCMD_WKC_ERROR(10, 0x10000800, 2, 15)
0000024390: Error: System overload: Cycle time too short or huge jitter!
0000024390: SendCycFramesByEntry(0): wFramesMonitoringProcCnt (0) < wFramesMonitoringSndCnt (1)
0000024390: Notify EC_NOTIFY_FRAME_RESPONSE_ERROR(No response error for cyclic frame IDX=0x6b, CycFrameNum=0, TaskId=0)
0000024390: Notify EC_NOTIFY_CYCCMD_WKC_ERROR(11, 0x10000000, 2, 15)
0000024390: Notify EC_NOTIFY_CYCCMD_WKC_ERROR(10, 0x10000800, 2, 15)
0000024391: Error: System overload: Cycle time too short or huge jitter!
0000024391: SendCycFramesByEntry(0): wFramesMonitoringProcCnt (0) < wFramesMonitoringSndCnt (1)
0000024391: Notify EC_NOTIFY_FRAME_RESPONSE_ERROR(No response error for cyclic frame IDX=0x6d, CycFrameNum=0, TaskId=0)
0000024391: Notify EC_NOTIFY_CYCCMD_WKC_ERROR(11, 0x10000000, 2, 15)
0000024391: Notify EC_NOTIFY_CYCCMD_WKC_ERROR(10, 0x10000800, 2, 15)
0000024394: Error: System overload: Cycle time too short or huge jitter!
0000024394: SendCycFramesByEntry(0): wFramesMonitoringProcCnt (0) < wFramesMonitoringSndCnt (1)
0000024394: Notify EC_NOTIFY_FRAME_RESPONSE_ERROR(No response error for cyclic frame IDX=0x73, CycFrameNum=0, TaskId=0)
0000024394: Notify EC_NOTIFY_CYCCMD_WKC_ERROR(11, 0x10000000, 2, 15)
0000024394: Notify EC_NOTIFY_CYCCMD_WKC_ERROR(10, 0x10000800, 2, 15)
0000024395: Error: System overload: Cycle time too short or huge jitter!
0000024395: SendCycFramesByEntry(0): wFramesMonitoringProcCnt (0) < wFramesMonitoringSndCnt (1)
0000024395: Notify EC_NOTIFY_FRAME_RESPONSE_ERROR(No response error for cyclic frame IDX=0x75, CycFrameNum=0, TaskId=0)
0000024395: Notify EC_NOTIFY_CYCCMD_WKC_ERROR(11, 0x10000000, 2, 15)
0000024395: Notify EC_NOTIFY_CYCCMD_WKC_ERROR(10, 0x10000800, 2, 15)
0000024396: Error: System overload: Cycle time too short or huge jitter!
0000024396: SendCycFramesByEntry(0): wFramesMonitoringProcCnt (0) < wFramesMonitoringSndCnt (1)
0000024396: Notify EC_NOTIFY_FRAME_RESPONSE_ERROR(No response error for cyclic frame IDX=0x78, CycFrameNum=0, TaskId=0)
0000024397: Notify EC_NOTIFY_CYCCMD_WKC_ERROR(11, 0x10000000, 2, 15)
0000024397: Notify EC_NOTIFY_CYCCMD_WKC_ERROR(10, 0x10000800, 2, 15)
0000024397: Error: System overload: Cycle time too short or huge jitter!
0000024397: SendCycFramesByEntry(0): wFramesMonitoringProcCnt (0) < wFramesMonitoringSndCnt (1)
0000024397: Notify EC_NOTIFY_FRAME_RESPONSE_ERROR(No response error for cyclic frame IDX=0x7a, CycFrameNum=0, TaskId=0)
0000024398: Notify EC_NOTIFY_CYCCMD_WKC_ERROR(11, 0x10000000, 2, 15)
0000024398: Notify EC_NOTIFY_CYCCMD_WKC_ERROR(10, 0x10000800, 2, 15)
0000024398: Error: System overload: Cycle time too short or huge jitter!
0000024398: SendCycFramesByEntry(0): wFramesMonitoringProcCnt (0) < wFramesMonitoringSndCnt (1)
0000024398: Notify EC_NOTIFY_FRAME_RESPONSE_ERROR(No response error for cyclic frame IDX=0x7c, CycFrameNum=0, TaskId=0)
0000024399: Notify EC_NOTIFY_CYCCMD_WKC_ERROR(11, 0x10000000, 2, 15)
0000024399: Notify EC_NOTIFY_CYCCMD_WKC_ERROR(10, 0x10000800, 2, 15)
0000024400: Error: System overload: Cycle time too short or huge jitter!
0000024400: SendCycFramesByEntry(0): wFramesMonitoringProcCnt (0) < wFramesMonitoringSndCnt (1)
0000024400: Notify EC_NOTIFY_FRAME_RESPONSE_ERROR(No response error for cyclic frame IDX=0x7f, CycFrameNum=0, TaskId=0)
0000024400: Notify EC_NOTIFY_CYCCMD_WKC_ERROR(11, 0x10000000, 2, 15)
0000024400: Notify EC_NOTIFY_CYCCMD_WKC_ERROR(10, 0x10000800, 2, 15)
0000024401: Error: System overload: Cycle time too short or huge jitter!
0000024401: SendCycFramesByEntry(0): wFramesMonitoringProcCnt (0) < wFramesMonitoringSndCnt (1)
0000024401: Notify EC_NOTIFY_FRAME_RESPONSE_ERROR(No response error for cyclic frame IDX=0x81, CycFrameNum=0, TaskId=0)
0000024401: Notify EC_NOTIFY_CYCCMD_WKC_ERROR(11, 0x10000000, 2, 15)
0000024401: Notify EC_NOTIFY_CYCCMD_WKC_ERROR(10, 0x10000800, 2, 15)
0000024402: Error: System overload: Cycle time too short or huge jitter!
0000024402: SendCycFramesByEntry(0): wFramesMonitoringProcCnt (0) < wFramesMonitoringSndCnt (1)
0000024402: Notify EC_NOTIFY_FRAME_RESPONSE_ERROR(No response error for cyclic frame IDX=0x83, CycFrameNum=0, TaskId=0)
0000024402: Error: System overload: Cycle time too short or huge jitter!
0000024402: SendCycFramesByEntry(0): wFramesMonitoringProcCnt (0) < wFramesMonitoringSndCnt (1)
0000024402: Notify EC_NOTIFY_FRAME_RESPONSE_ERROR(No response error for cyclic frame IDX=0x84, CycFrameNum=0, TaskId=0)
0000024403: Notify EC_NOTIFY_CYCCMD_WKC_ERROR(11, 0x10000000, 2, 15)
0000024403: Notify EC_NOTIFY_CYCCMD_WKC_ERROR(10, 0x10000800, 2, 15)
0000024403: Notify EC_NOTIFY_CYCCMD_WKC_ERROR(11, 0x10000000, 2, 15)
0000024403: Notify EC_NOTIFY_CYCCMD_WKC_ERROR(10, 0x10000800, 2, 15)
0000024403: Error: System overload: Cycle time too short or huge jitter!
0000024403: SendCycFramesByEntry(0): wFramesMonitoringProcCnt (0) < wFramesMonitoringSndCnt (1)
0000024403: Notify EC_NOTIFY_FRAME_RESPONSE_ERROR(No response error for cyclic frame IDX=0x86, CycFrameNum=0, TaskId=0)
0000024404: Notify EC_NOTIFY_CYCCMD_WKC_ERROR(11, 0x10000000, 2, 15)
0000024404: Notify EC_NOTIFY_CYCCMD_WKC_ERROR(10, 0x10000800, 2, 15)
0000024404: Error: System overload: Cycle time too short or huge jitter!
0000024404: SendCycFramesByEntry(0): wFramesMonitoringProcCnt (0) < wFramesMonitoringSndCnt (1)
0000024404: Notify EC_NOTIFY_FRAME_RESPONSE_ERROR(No response error for cyclic frame IDX=0x88, CycFrameNum=0, TaskId=0)
0000024405: Notify EC_NOTIFY_CYCCMD_WKC_ERROR(11, 0x10000000, 2, 15)
0000024405: Notify EC_NOTIFY_CYCCMD_WKC_ERROR(10, 0x10000800, 2, 15)
0000024406: Error: System overload: Cycle time too short or huge jitter!
0000024406: SendCycFramesByEntry(0): wFramesMonitoringProcCnt (0) < wFramesMonitoringSndCnt (1)
0000024406: Notify EC_NOTIFY_FRAME_RESPONSE_ERROR(No response error for cyclic frame IDX=0x8b, CycFrameNum=0, TaskId=0)
0000024406: Notify EC_NOTIFY_CYCCMD_WKC_ERROR(11, 0x10000000, 2, 15)
0000024406: Notify EC_NOTIFY_CYCCMD_WKC_ERROR(10, 0x10000800, 2, 15)
0000024408: Error: System overload: Cycle time too short or huge jitter!
0000024408: SendCycFramesByEntry(0): wFramesMonitoringProcCnt (0) < wFramesMonitoringSndCnt (1)
0000024408: Notify EC_NOTIFY_FRAME_RESPONSE_ERROR(No response error for cyclic frame IDX=0x8f, CycFrameNum=0, TaskId=0)
0000024408: Notify EC_NOTIFY_CYCCMD_WKC_ERROR(11, 0x10000000, 2, 15)
0000024408: Notify EC_NOTIFY_CYCCMD_WKC_ERROR(10, 0x10000800, 2, 15)
0000024409: Error: System overload: Cycle time too short or huge jitter!
0000024409: SendCycFramesByEntry(0): wFramesMonitoringProcCnt (0) < wFramesMonitoringSndCnt (1)
0000024409: Notify EC_NOTIFY_FRAME_RESPONSE_ERROR(No response error for cyclic frame IDX=0x92, CycFrameNum=0, TaskId=0)
0000024410: Notify EC_NOTIFY_CYCCMD_WKC_ERROR(11, 0x10000000, 2, 15)
0000024410: Notify EC_NOTIFY_CYCCMD_WKC_ERROR(10, 0x10000800, 2, 15)
0000024411: Error: System overload: Cycle time too short or huge jitter!
0000024411: SendCycFramesByEntry(0): wFramesMonitoringProcCnt (0) < wFramesMonitoringSndCnt (1)
0000024411: Notify EC_NOTIFY_FRAME_RESPONSE_ERROR(No response error for cyclic frame IDX=0x95, CycFrameNum=0, TaskId=0)
0000024411: Notify EC_NOTIFY_CYCCMD_WKC_ERROR(11, 0x10000000, 2, 15)
0000024411: Notify EC_NOTIFY_CYCCMD_WKC_ERROR(10, 0x10000800, 2, 15)
0000024415: Notify EC_NOTIFY_CYCCMD_WKC_ERROR(11, 0x10000000, 2, 15)
0000024415: Notify EC_NOTIFY_CYCCMD_WKC_ERROR(10, 0x10000800, 2, 15)
0000024416: Error: System overload: Cycle time too short or huge jitter!
0000024416: SendCycFramesByEntry(0): wFramesMonitoringProcCnt (0) < wFramesMonitoringSndCnt (1)
0000024416: Notify EC_NOTIFY_FRAME_RESPONSE_ERROR(No response error for cyclic frame IDX=0x9f, CycFrameNum=0, TaskId=0)
0000024416: Error: System overload: Cycle time too short or huge jitter!
0000024416: SendCycFramesByEntry(0): wFramesMonitoringProcCnt (0) < wFramesMonitoringSndCnt (1)
0000024416: Notify EC_NOTIFY_FRAME_RESPONSE_ERROR(No response error for cyclic frame IDX=0xa0, CycFrameNum=0, TaskId=0)
0000024417: Notify EC_NOTIFY_CYCCMD_WKC_ERROR(11, 0x10000000, 2, 15)
0000024417: Notify EC_NOTIFY_CYCCMD_WKC_ERROR(10, 0x10000800, 2, 15)
0000024417: Notify EC_NOTIFY_CYCCMD_WKC_ERROR(11, 0x10000000, 2, 15)
0000024417: Notify EC_NOTIFY_CYCCMD_WKC_ERROR(10, 0x10000800, 2, 15)
0000024420: Error: System overload: Cycle time too short or huge jitter!
0000024420: SendCycFramesByEntry(0): wFramesMonitoringProcCnt (0) < wFramesMonitoringSndCnt (1)
0000024420: Notify EC_NOTIFY_FRAME_RESPONSE_ERROR(No response error for cyclic frame IDX=0xa8, CycFrameNum=0, TaskId=0)
0000024421: Notify EC_NOTIFY_CYCCMD_WKC_ERROR(11, 0x10000000, 2, 15)
0000024421: Notify EC_NOTIFY_CYCCMD_WKC_ERROR(10, 0x10000800, 2, 15)
0000024421: Error: System overload: Cycle time too short or huge jitter!
0000024421: SendCycFramesByEntry(0): wFramesMonitoringProcCnt (0) < wFramesMonitoringSndCnt (1)
0000024421: Notify EC_NOTIFY_FRAME_RESPONSE_ERROR(No response error for cyclic frame IDX=0xaa, CycFrameNum=0, TaskId=0)
0000024422: Notify EC_NOTIFY_CYCCMD_WKC_ERROR(11, 0x10000000, 2, 15)
0000024422: Notify EC_NOTIFY_CYCCMD_WKC_ERROR(10, 0x10000800, 2, 15)
0000024422: Error: System overload: Cycle time too short or huge jitter!
0000024422: SendCycFramesByEntry(0): wFramesMonitoringProcCnt (0) < wFramesMonitoringSndCnt (1)
0000024422: Notify EC_NOTIFY_FRAME_RESPONSE_ERROR(No response error for cyclic frame IDX=0xac, CycFrameNum=0, TaskId=0)
0000024423: Notify EC_NOTIFY_CYCCMD_WKC_ERROR(11, 0x10000000, 2, 15)
0000024423: Notify EC_NOTIFY_CYCCMD_WKC_ERROR(10, 0x10000800, 2, 15)
0000024424: Error: System overload: Cycle time too short or huge jitter!
0000024424: SendCycFramesByEntry(0): wFramesMonitoringProcCnt (0) < wFramesMonitoringSndCnt (1)
0000024424: Notify EC_NOTIFY_FRAME_RESPONSE_ERROR(No response error for cyclic frame IDX=0xaf, CycFrameNum=0, TaskId=0)
0000024424: Notify EC_NOTIFY_CYCCMD_WKC_ERROR(11, 0x10000000, 2, 15)
0000024424: Notify EC_NOTIFY_CYCCMD_WKC_ERROR(10, 0x10000800, 2, 15)
0000024425: Error: System overload: Cycle time too short or huge jitter!
0000024425: SendCycFramesByEntry(0): wFramesMonitoringProcCnt (0) < wFramesMonitoringSndCnt (1)
0000024425: Notify EC_NOTIFY_FRAME_RESPONSE_ERROR(No response error for cyclic frame IDX=0xb1, CycFrameNum=0, TaskId=0)
0000024425: Notify EC_NOTIFY_CYCCMD_WKC_ERROR(11, 0x10000000, 2, 15)
0000024425: Notify EC_NOTIFY_CYCCMD_WKC_ERROR(10, 0x10000800, 2, 15)
0000024426: Error: System overload: Cycle time too short or huge jitter!
0000024426: SendCycFramesByEntry(0): wFramesMonitoringProcCnt (0) < wFramesMonitoringSndCnt (1)
0000024426: Notify EC_NOTIFY_FRAME_RESPONSE_ERROR(No response error for cyclic frame IDX=0xb4, CycFrameNum=0, TaskId=0)
0000024427: Notify EC_NOTIFY_CYCCMD_WKC_ERROR(11, 0x10000000, 2, 15)
0000024427: Notify EC_NOTIFY_CYCCMD_WKC_ERROR(10, 0x10000800, 2, 15)
0000024428: Error: System overload: Cycle time too short or huge jitter!
0000024428: SendCycFramesByEntry(0): wFramesMonitoringProcCnt (0) < wFramesMonitoringSndCnt (1)
0000024428: Notify EC_NOTIFY_FRAME_RESPONSE_ERROR(No response error for cyclic frame IDX=0xb7, CycFrameNum=0, TaskId=0)
0000024428: Error: System overload: Cycle time too short or huge jitter!
0000024428: SendCycFramesByEntry(0): wFramesMonitoringProcCnt (0) < wFramesMonitoringSndCnt (1)
0000024428: Notify EC_NOTIFY_FRAME_RESPONSE_ERROR(No response error for cyclic frame IDX=0xb8, CycFrameNum=0, TaskId=0)
0000024429: Error: System overload: Cycle time too short or huge jitter!
0000024429: SendCycFramesByEntry(0): wFramesMonitoringProcCnt (0) < wFramesMonitoringSndCnt (1)
0000024429: Notify EC_NOTIFY_FRAME_RESPONSE_ERROR(No response error for cyclic frame IDX=0xb9, CycFrameNum=0, TaskId=0)
0000024429: Notify EC_NOTIFY_CYCCMD_WKC_ERROR(11, 0x10000000, 2, 15)
0000024429: Notify EC_NOTIFY_CYCCMD_WKC_ERROR(10, 0x10000800, 2, 15)
0000024429: Notify EC_NOTIFY_CYCCMD_WKC_ERROR(11, 0x10000000, 2, 15)
0000024429: Notify EC_NOTIFY_CYCCMD_WKC_ERROR(10, 0x10000800, 2, 15)
0000024429: Notify EC_NOTIFY_CYCCMD_WKC_ERROR(11, 0x10000000, 2, 15)
0000024429: Notify EC_NOTIFY_CYCCMD_WKC_ERROR(10, 0x10000800, 2, 15)
0000024430: Error: System overload: Cycle time too short or huge jitter!
0000024430: SendCycFramesByEntry(0): wFramesMonitoringProcCnt (0) < wFramesMonitoringSndCnt (1)
0000024430: Notify EC_NOTIFY_FRAME_RESPONSE_ERROR(No response error for cyclic frame IDX=0xbb, CycFrameNum=0, TaskId=0)
0000024430: Notify EC_NOTIFY_CYCCMD_WKC_ERROR(11, 0x10000000, 2, 15)
0000024430: Notify EC_NOTIFY_CYCCMD_WKC_ERROR(10, 0x10000800, 2, 15)
0000024431: Error: System overload: Cycle time too short or huge jitter!
0000024431: SendCycFramesByEntry(0): wFramesMonitoringProcCnt (0) < wFramesMonitoringSndCnt (1)
0000024431: Notify EC_NOTIFY_FRAME_RESPONSE_ERROR(No response error for cyclic frame IDX=0xbd, CycFrameNum=0, TaskId=0)
0000024431: Notify EC_NOTIFY_CYCCMD_WKC_ERROR(11, 0x10000000, 2, 15)
0000024431: Notify EC_NOTIFY_CYCCMD_WKC_ERROR(10, 0x10000800, 2, 15)
0000024432: Error: System overload: Cycle time too short or huge jitter!
0000024432: SendCycFramesByEntry(0): wFramesMonitoringProcCnt (0) < wFramesMonitoringSndCnt (1)
0000024432: Notify EC_NOTIFY_FRAME_RESPONSE_ERROR(No response error for cyclic frame IDX=0xc0, CycFrameNum=0, TaskId=0)
0000024433: Notify EC_NOTIFY_CYCCMD_WKC_ERROR(11, 0x10000000, 2, 15)
0000024433: Notify EC_NOTIFY_CYCCMD_WKC_ERROR(10, 0x10000800, 2, 15)
0000024434: Error: System overload: Cycle time too short or huge jitter!
0000024434: SendCycFramesByEntry(0): wFramesMonitoringProcCnt (0) < wFramesMonitoringSndCnt (1)
0000024434: Notify EC_NOTIFY_FRAME_RESPONSE_ERROR(No response error for cyclic frame IDX=0xc3, CycFrameNum=0, TaskId=0)
0000024434: Notify EC_NOTIFY_CYCCMD_WKC_ERROR(11, 0x10000000, 2, 15)
0000024434: Notify EC_NOTIFY_CYCCMD_WKC_ERROR(10, 0x10000800, 2, 15)
0000024435: Error: System overload: Cycle time too short or huge jitter!
0000024435: SendCycFramesByEntry(0): wFramesMonitoringProcCnt (0) < wFramesMonitoringSndCnt (1)
0000024435: Notify EC_NOTIFY_FRAME_RESPONSE_ERROR(No response error for cyclic frame IDX=0xc5, CycFrameNum=0, TaskId=0)
0000024435: Notify EC_NOTIFY_CYCCMD_WKC_ERROR(11, 0x10000000, 2, 15)
0000024435: Notify EC_NOTIFY_CYCCMD_WKC_ERROR(10, 0x10000800, 2, 15)
0000024436: Error: System overload: Cycle time too short or huge jitter!
0000024436: SendCycFramesByEntry(0): wFramesMonitoringProcCnt (0) < wFramesMonitoringSndCnt (1)
0000024436: Notify EC_NOTIFY_FRAME_RESPONSE_ERROR(No response error for cyclic frame IDX=0xc7, CycFrameNum=0, TaskId=0)
0000024436: Notify EC_NOTIFY_CYCCMD_WKC_ERROR(11, 0x10000000, 2, 15)
0000024436: Notify EC_NOTIFY_CYCCMD_WKC_ERROR(10, 0x10000800, 2, 15)
0000024439: Error: System overload: Cycle time too short or huge jitter!
0000024439: SendCycFramesByEntry(0): wFramesMonitoringProcCnt (0) < wFramesMonitoringSndCnt (1)
0000024439: Notify EC_NOTIFY_FRAME_RESPONSE_ERROR(No response error for cyclic frame IDX=0xce, CycFrameNum=0, TaskId=0)
0000024440: Error: System overload: Cycle time too short or huge jitter!
0000024440: SendCycFramesByEntry(0): wFramesMonitoringProcCnt (0) < wFramesMonitoringSndCnt (1)
0000024440: Notify EC_NOTIFY_FRAME_RESPONSE_ERROR(No response error for cyclic frame IDX=0xcf, CycFrameNum=0, TaskId=0)
0000024440: Notify EC_NOTIFY_CYCCMD_WKC_ERROR(11, 0x10000000, 2, 15)
0000024440: Notify EC_NOTIFY_CYCCMD_WKC_ERROR(10, 0x10000800, 2, 15)
0000024440: Notify EC_NOTIFY_CYCCMD_WKC_ERROR(11, 0x10000000, 2, 15)
0000024440: Notify EC_NOTIFY_CYCCMD_WKC_ERROR(10, 0x10000800, 2, 15)
0000024441: Error: System overload: Cycle time too short or huge jitter!
0000024441: SendCycFramesByEntry(0): wFramesMonitoringProcCnt (0) < wFramesMonitoringSndCnt (1)
0000024441: Notify EC_NOTIFY_FRAME_RESPONSE_ERROR(No response error for cyclic frame IDX=0xd1, CycFrameNum=0, TaskId=0)
0000024441: Error: System overload: Cycle time too short or huge jitter!
0000024441: SendCycFramesByEntry(0): wFramesMonitoringProcCnt (0) < wFramesMonitoringSndCnt (1)
0000024441: Notify EC_NOTIFY_FRAME_RESPONSE_ERROR(No response error for cyclic frame IDX=0xd2, CycFrameNum=0, TaskId=0)
0000024442: Notify EC_NOTIFY_CYCCMD_WKC_ERROR(11, 0x10000000, 2, 15)
0000024442: Notify EC_NOTIFY_CYCCMD_WKC_ERROR(10, 0x10000800, 2, 15)
0000024442: Notify EC_NOTIFY_CYCCMD_WKC_ERROR(11, 0x10000000, 2, 15)
0000024442: Notify EC_NOTIFY_CYCCMD_WKC_ERROR(10, 0x10000800, 2, 15)
0000024443: Error: System overload: Cycle time too short or huge jitter!
0000024443: SendCycFramesByEntry(0): wFramesMonitoringProcCnt (0) < wFramesMonitoringSndCnt (1)
0000024443: Notify EC_NOTIFY_FRAME_RESPONSE_ERROR(No response error for cyclic frame IDX=0xd6, CycFrameNum=0, TaskId=0)
0000024444: Notify EC_NOTIFY_CYCCMD_WKC_ERROR(11, 0x10000000, 2, 15)
0000024444: Notify EC_NOTIFY_CYCCMD_WKC_ERROR(10, 0x10000800, 2, 15)
0000024444: Error: System overload: Cycle time too short or huge jitter!
0000024444: SendCycFramesByEntry(0): wFramesMonitoringProcCnt (0) < wFramesMonitoringSndCnt (1)
0000024444: Notify EC_NOTIFY_FRAME_RESPONSE_ERROR(No response error for cyclic frame IDX=0xd8, CycFrameNum=0, TaskId=0)
0000024445: Notify EC_NOTIFY_CYCCMD_WKC_ERROR(11, 0x10000000, 2, 15)
0000024445: Notify EC_NOTIFY_CYCCMD_WKC_ERROR(10, 0x10000800, 2, 15)
0000024445: Notify EC_NOTIFY_CYCCMD_WKC_ERROR(11, 0x10000000, 2, 15)
0000024445: Notify EC_NOTIFY_CYCCMD_WKC_ERROR(10, 0x10000800, 2, 15)
0000024447: Error: System overload: Cycle time too short or huge jitter!
0000024447: SendCycFramesByEntry(0): wFramesMonitoringProcCnt (0) < wFramesMonitoringSndCnt (1)
0000024447: Notify EC_NOTIFY_FRAME_RESPONSE_ERROR(No response error for cyclic frame IDX=0x0, CycFrameNum=0, TaskId=0)
0000024448: Error: System overload: Cycle time too short or huge jitter!
0000024448: SendCycFramesByEntry(0): wFramesMonitoringProcCnt (0) < wFramesMonitoringSndCnt (1)
0000024448: Notify EC_NOTIFY_FRAME_RESPONSE_ERROR(No response error for cyclic frame IDX=0x1, CycFrameNum=0, TaskId=0)
0000024448: Error: System overload: Cycle time too short or huge jitter!
0000024448: SendCycFramesByEntry(0): wFramesMonitoringProcCnt (0) < wFramesMonitoringSndCnt (1)
0000024448: Notify EC_NOTIFY_FRAME_RESPONSE_ERROR(No response error for cyclic frame IDX=0x2, CycFrameNum=0, TaskId=0)
0000024449: Notify EC_NOTIFY_CYCCMD_WKC_ERROR(11, 0x10000000, 2, 15)
0000024449: Notify EC_NOTIFY_CYCCMD_WKC_ERROR(10, 0x10000800, 2, 15)
0000024449: Notify EC_NOTIFY_CYCCMD_WKC_ERROR(11, 0x10000000, 2, 15)
0000024449: Notify EC_NOTIFY_CYCCMD_WKC_ERROR(10, 0x10000800, 2, 15)
0000024449: Notify EC_NOTIFY_CYCCMD_WKC_ERROR(11, 0x10000000, 2, 15)
0000024449: Notify EC_NOTIFY_CYCCMD_WKC_ERROR(10, 0x10000800, 2, 15)
0000024449: Error: System overload: Cycle time too short or huge jitter!
0000024449: SendCycFramesByEntry(0): wFramesMonitoringProcCnt (0) < wFramesMonitoringSndCnt (1)
0000024449: Notify EC_NOTIFY_FRAME_RESPONSE_ERROR(No response error for cyclic frame IDX=0x4, CycFrameNum=0, TaskId=0)
0000024450: Notify EC_NOTIFY_CYCCMD_WKC_ERROR(11, 0x10000000, 2, 15)
0000024450: Notify EC_NOTIFY_CYCCMD_WKC_ERROR(10, 0x10000800, 2, 15)
0000024453: Error: System overload: Cycle time too short or huge jitter!
0000024453: SendCycFramesByEntry(0): wFramesMonitoringProcCnt (0) < wFramesMonitoringSndCnt (1)
0000024453: Notify EC_NOTIFY_FRAME_RESPONSE_ERROR(No response error for cyclic frame IDX=0xb, CycFrameNum=0, TaskId=0)
0000024453: Notify EC_NOTIFY_CYCCMD_WKC_ERROR(11, 0x10000000, 2, 15)
0000024453: Notify EC_NOTIFY_CYCCMD_WKC_ERROR(10, 0x10000800, 2, 15)
0000024454: Error: System overload: Cycle time too short or huge jitter!
0000024454: SendCycFramesByEntry(0): wFramesMonitoringProcCnt (0) < wFramesMonitoringSndCnt (1)
0000024454: Notify EC_NOTIFY_FRAME_RESPONSE_ERROR(No response error for cyclic frame IDX=0xd, CycFrameNum=0, TaskId=0)
0000024454: Error: System overload: Cycle time too short or huge jitter!
0000024454: SendCycFramesByEntry(0): wFramesMonitoringProcCnt (0) < wFramesMonitoringSndCnt (1)
0000024454: Notify EC_NOTIFY_FRAME_RESPONSE_ERROR(No response error for cyclic frame IDX=0xe, CycFrameNum=0, TaskId=0)
0000024455: Notify EC_NOTIFY_CYCCMD_WKC_ERROR(11, 0x10000000, 2, 15)
0000024455: Notify EC_NOTIFY_CYCCMD_WKC_ERROR(10, 0x10000800, 2, 15)
0000024455: Notify EC_NOTIFY_CYCCMD_WKC_ERROR(11, 0x10000000, 2, 15)
0000024455: Notify EC_NOTIFY_CYCCMD_WKC_ERROR(10, 0x10000800, 2, 15)
0000024456: Error: System overload: Cycle time too short or huge jitter!
0000024456: SendCycFramesByEntry(0): wFramesMonitoringProcCnt (0) < wFramesMonitoringSndCnt (1)
0000024456: Notify EC_NOTIFY_FRAME_RESPONSE_ERROR(No response error for cyclic frame IDX=0x11, CycFrameNum=0, TaskId=0)
0000024456: Notify EC_NOTIFY_CYCCMD_WKC_ERROR(11, 0x10000000, 2, 15)
0000024456: Notify EC_NOTIFY_CYCCMD_WKC_ERROR(10, 0x10000800, 2, 15)
0000024457: Error: System overload: Cycle time too short or huge jitter!
0000024457: SendCycFramesByEntry(0): wFramesMonitoringProcCnt (0) < wFramesMonitoringSndCnt (1)
0000024457: Notify EC_NOTIFY_FRAME_RESPONSE_ERROR(No response error for cyclic frame IDX=0x13, CycFrameNum=0, TaskId=0)
0000024457: Notify EC_NOTIFY_CYCCMD_WKC_ERROR(11, 0x10000000, 2, 15)
0000024457: Notify EC_NOTIFY_CYCCMD_WKC_ERROR(10, 0x10000800, 2, 15)
0000024458: Error: System overload: Cycle time too short or huge jitter!
0000024458: SendCycFramesByEntry(0): wFramesMonitoringProcCnt (0) < wFramesMonitoringSndCnt (1)
0000024458: Notify EC_NOTIFY_FRAME_RESPONSE_ERROR(No response error for cyclic frame IDX=0x15, CycFrameNum=0, TaskId=0)
0000024458: Notify EC_NOTIFY_CYCCMD_WKC_ERROR(11, 0x10000000, 2, 15)
0000024458: Notify EC_NOTIFY_CYCCMD_WKC_ERROR(10, 0x10000800, 2, 15)
0000024461: Error: System overload: Cycle time too short or huge jitter!
0000024461: SendCycFramesByEntry(0): wFramesMonitoringProcCnt (0) < wFramesMonitoringSndCnt (1)
0000024461: Notify EC_NOTIFY_FRAME_RESPONSE_ERROR(No response error for cyclic frame IDX=0x1c, CycFrameNum=0, TaskId=0)
0000024462: Notify EC_NOTIFY_CYCCMD_WKC_ERROR(11, 0x10000000, 2, 15)
0000024462: Notify EC_NOTIFY_CYCCMD_WKC_ERROR(10, 0x10000800, 2, 15)
0000024462: Error: System overload: Cycle time too short or huge jitter!
0000024462: SendCycFramesByEntry(0): wFramesMonitoringProcCnt (0) < wFramesMonitoringSndCnt (1)
0000024462: Notify EC_NOTIFY_FRAME_RESPONSE_ERROR(No response error for cyclic frame IDX=0x1e, CycFrameNum=0, TaskId=0)
0000024463: Notify EC_NOTIFY_CYCCMD_WKC_ERROR(11, 0x10000000, 2, 15)
0000024463: Notify EC_NOTIFY_CYCCMD_WKC_ERROR(10, 0x10000800, 2, 15)
0000024465: Notify EC_NOTIFY_CYCCMD_WKC_ERROR(11, 0x10000000, 2, 15)
0000024465: Notify EC_NOTIFY_CYCCMD_WKC_ERROR(10, 0x10000800, 2, 15)
0000024469: Error: System overload: Cycle time too short or huge jitter!
0000024469: SendCycFramesByEntry(0): wFramesMonitoringProcCnt (0) < wFramesMonitoringSndCnt (1)
0000024469: Notify EC_NOTIFY_FRAME_RESPONSE_ERROR(No response error for cyclic frame IDX=0x2b, CycFrameNum=0, TaskId=0)
0000024469: Notify EC_NOTIFY_CYCCMD_WKC_ERROR(11, 0x10000000, 2, 15)
0000024469: Notify EC_NOTIFY_CYCCMD_WKC_ERROR(10, 0x10000800, 2, 15)
0000024471: Error: System overload: Cycle time too short or huge jitter!
0000024471: SendCycFramesByEntry(0): wFramesMonitoringProcCnt (0) < wFramesMonitoringSndCnt (1)
0000024471: Notify EC_NOTIFY_FRAME_RESPONSE_ERROR(No response error for cyclic frame IDX=0x30, CycFrameNum=0, TaskId=0)
0000024472: Notify EC_NOTIFY_CYCCMD_WKC_ERROR(11, 0x10000000, 2, 15)
0000024472: Notify EC_NOTIFY_CYCCMD_WKC_ERROR(10, 0x10000800, 2, 15)
0000024472: Error: System overload: Cycle time too short or huge jitter!
0000024472: SendCycFramesByEntry(0): wFramesMonitoringProcCnt (0) < wFramesMonitoringSndCnt (1)
0000024472: Notify EC_NOTIFY_FRAME_RESPONSE_ERROR(No response error for cyclic frame IDX=0x32, CycFrameNum=0, TaskId=0)
0000024473: Error: System overload: Cycle time too short or huge jitter!
0000024473: SendCycFramesByEntry(0): wFramesMonitoringProcCnt (0) < wFramesMonitoringSndCnt (1)
0000024473: Notify EC_NOTIFY_FRAME_RESPONSE_ERROR(No response error for cyclic frame IDX=0x33, CycFrameNum=0, TaskId=0)
0000024473: Notify EC_NOTIFY_CYCCMD_WKC_ERROR(11, 0x10000000, 2, 15)
0000024473: Notify EC_NOTIFY_CYCCMD_WKC_ERROR(10, 0x10000800, 2, 15)
0000024473: Notify EC_NOTIFY_CYCCMD_WKC_ERROR(11, 0x10000000, 2, 15)
0000024473: Notify EC_NOTIFY_CYCCMD_WKC_ERROR(10, 0x10000800, 2, 15)
0000024474: Error: System overload: Cycle time too short or huge jitter!
0000024474: SendCycFramesByEntry(0): wFramesMonitoringProcCnt (0) < wFramesMonitoringSndCnt (1)
0000024474: Notify EC_NOTIFY_FRAME_RESPONSE_ERROR(No response error for cyclic frame IDX=0x35, CycFrameNum=0, TaskId=0)
0000024474: Notify EC_NOTIFY_CYCCMD_WKC_ERROR(11, 0x10000000, 2, 15)
0000024474: Notify EC_NOTIFY_CYCCMD_WKC_ERROR(10, 0x10000800, 2, 15)
0000024475: Error: System overload: Cycle time too short or huge jitter!
0000024475: SendCycFramesByEntry(0): wFramesMonitoringProcCnt (0) < wFramesMonitoringSndCnt (1)
0000024475: Notify EC_NOTIFY_FRAME_RESPONSE_ERROR(No response error for cyclic frame IDX=0x37, CycFrameNum=0, TaskId=0)
0000024475: Notify EC_NOTIFY_CYCCMD_WKC_ERROR(11, 0x10000000, 2, 15)
0000024475: Notify EC_NOTIFY_CYCCMD_WKC_ERROR(10, 0x10000800, 2, 15)
0000024476: Error: System overload: Cycle time too short or huge jitter!
0000024476: SendCycFramesByEntry(0): wFramesMonitoringProcCnt (0) < wFramesMonitoringSndCnt (1)
0000024476: Notify EC_NOTIFY_FRAME_RESPONSE_ERROR(No response error for cyclic frame IDX=0x39, CycFrameNum=0, TaskId=0)
0000024476: Notify EC_NOTIFY_CYCCMD_WKC_ERROR(11, 0x10000000, 2, 15)
0000024476: Notify EC_NOTIFY_CYCCMD_WKC_ERROR(10, 0x10000800, 2, 15)
0000024477: Error: System overload: Cycle time too short or huge jitter!
0000024477: SendCycFramesByEntry(0): wFramesMonitoringProcCnt (0) < wFramesMonitoringSndCnt (1)
0000024477: Notify EC_NOTIFY_FRAME_RESPONSE_ERROR(No response error for cyclic frame IDX=0x3c, CycFrameNum=0, TaskId=0)
0000024478: Notify EC_NOTIFY_CYCCMD_WKC_ERROR(11, 0x10000000, 2, 15)
0000024478: Notify EC_NOTIFY_CYCCMD_WKC_ERROR(10, 0x10000800, 2, 15)
0000024479: Error: System overload: Cycle time too short or huge jitter!
0000024479: SendCycFramesByEntry(0): wFramesMonitoringProcCnt (0) < wFramesMonitoringSndCnt (1)
0000024479: Notify EC_NOTIFY_FRAME_RESPONSE_ERROR(No response error for cyclic frame IDX=0x40, CycFrameNum=0, TaskId=0)
0000024480: Error: System overload: Cycle time too short or huge jitter!
0000024480: SendCycFramesByEntry(0): wFramesMonitoringProcCnt (0) < wFramesMonitoringSndCnt (1)
0000024480: Notify EC_NOTIFY_FRAME_RESPONSE_ERROR(No response error for cyclic frame IDX=0x41, CycFrameNum=0, TaskId=0)
0000024480: Notify EC_NOTIFY_CYCCMD_WKC_ERROR(11, 0x10000000, 2, 15)
0000024480: Notify EC_NOTIFY_CYCCMD_WKC_ERROR(10, 0x10000800, 2, 15)
0000024480: Notify EC_NOTIFY_CYCCMD_WKC_ERROR(11, 0x10000000, 2, 15)
0000024480: Notify EC_NOTIFY_CYCCMD_WKC_ERROR(10, 0x10000800, 2, 15)
0000024481: Error: System overload: Cycle time too short or huge jitter!
0000024481: SendCycFramesByEntry(0): wFramesMonitoringProcCnt (0) < wFramesMonitoringSndCnt (1)
0000024481: Notify EC_NOTIFY_FRAME_RESPONSE_ERROR(No response error for cyclic frame IDX=0x43, CycFrameNum=0, TaskId=0)
0000024481: Notify EC_NOTIFY_CYCCMD_WKC_ERROR(11, 0x10000000, 2, 15)
0000024481: Notify EC_NOTIFY_CYCCMD_WKC_ERROR(10, 0x10000800, 2, 15)
0000024483: Error: System overload: Cycle time too short or huge jitter!
0000024483: SendCycFramesByEntry(0): wFramesMonitoringProcCnt (0) < wFramesMonitoringSndCnt (1)
0000024483: Notify EC_NOTIFY_FRAME_RESPONSE_ERROR(No response error for cyclic frame IDX=0x48, CycFrameNum=0, TaskId=0)
0000024484: Error: System overload: Cycle time too short or huge jitter!
0000024484: SendCycFramesByEntry(0): wFramesMonitoringProcCnt (0) < wFramesMonitoringSndCnt (1)
0000024484: Notify EC_NOTIFY_FRAME_RESPONSE_ERROR(No response error for cyclic frame IDX=0x49, CycFrameNum=0, TaskId=0)
0000024484: Error: System overload: Cycle time too short or huge jitter!
0000024484: SendCycFramesByEntry(0): wFramesMonitoringProcCnt (0) < wFramesMonitoringSndCnt (1)
0000024484: Notify EC_NOTIFY_FRAME_RESPONSE_ERROR(No response error for cyclic frame IDX=0x4a, CycFrameNum=0, TaskId=0)
0000024485: Notify EC_NOTIFY_CYCCMD_WKC_ERROR(11, 0x10000000, 2, 15)
0000024485: Notify EC_NOTIFY_CYCCMD_WKC_ERROR(10, 0x10000800, 2, 15)
0000024485: Notify EC_NOTIFY_CYCCMD_WKC_ERROR(11, 0x10000000, 2, 15)
0000024485: Notify EC_NOTIFY_CYCCMD_WKC_ERROR(10, 0x10000800, 2, 15)
0000024485: Notify EC_NOTIFY_CYCCMD_WKC_ERROR(11, 0x10000000, 2, 15)
0000024485: Notify EC_NOTIFY_CYCCMD_WKC_ERROR(10, 0x10000800, 2, 15)
0000024486: Error: System overload: Cycle time too short or huge jitter!
0000024486: SendCycFramesByEntry(0): wFramesMonitoringProcCnt (0) < wFramesMonitoringSndCnt (1)
0000024486: Notify EC_NOTIFY_FRAME_RESPONSE_ERROR(No response error for cyclic frame IDX=0x4d, CycFrameNum=0, TaskId=0)
0000024486: Notify EC_NOTIFY_CYCCMD_WKC_ERROR(11, 0x10000000, 2, 15)
0000024486: Notify EC_NOTIFY_CYCCMD_WKC_ERROR(10, 0x10000800, 2, 15)
0000024488: Error: System overload: Cycle time too short or huge jitter!
0000024488: SendCycFramesByEntry(0): wFramesMonitoringProcCnt (0) < wFramesMonitoringSndCnt (1)
0000024488: Notify EC_NOTIFY_FRAME_RESPONSE_ERROR(No response error for cyclic frame IDX=0x51, CycFrameNum=0, TaskId=0)
0000024488: Notify EC_NOTIFY_CYCCMD_WKC_ERROR(11, 0x10000000, 2, 15)
0000024488: Notify EC_NOTIFY_CYCCMD_WKC_ERROR(10, 0x10000800, 2, 15)
0000024492: Error: System overload: Cycle time too short or huge jitter!
0000024492: SendCycFramesByEntry(0): wFramesMonitoringProcCnt (0) < wFramesMonitoringSndCnt (1)
0000024492: Notify EC_NOTIFY_FRAME_RESPONSE_ERROR(No response error for cyclic frame IDX=0x59, CycFrameNum=0, TaskId=0)
0000024492: Notify EC_NOTIFY_CYCCMD_WKC_ERROR(11, 0x10000000, 2, 15)
0000024492: Notify EC_NOTIFY_CYCCMD_WKC_ERROR(10, 0x10000800, 2, 15)
0000024493: Error: System overload: Cycle time too short or huge jitter!
0000024493: SendCycFramesByEntry(0): wFramesMonitoringProcCnt (0) < wFramesMonitoringSndCnt (1)
0000024493: Notify EC_NOTIFY_FRAME_RESPONSE_ERROR(No response error for cyclic frame IDX=0x5c, CycFrameNum=0, TaskId=0)
0000024494: Notify EC_NOTIFY_CYCCMD_WKC_ERROR(11, 0x10000000, 2, 15)
0000024494: Notify EC_NOTIFY_CYCCMD_WKC_ERROR(10, 0x10000800, 2, 15)
0000024494: Error: System overload: Cycle time too short or huge jitter!
0000024494: SendCycFramesByEntry(0): wFramesMonitoringProcCnt (0) < wFramesMonitoringSndCnt (1)
0000024494: Notify EC_NOTIFY_FRAME_RESPONSE_ERROR(No response error for cyclic frame IDX=0x5e, CycFrameNum=0, TaskId=0)
0000024495: Notify EC_NOTIFY_CYCCMD_WKC_ERROR(11, 0x10000000, 2, 15)
0000024495: Notify EC_NOTIFY_CYCCMD_WKC_ERROR(10, 0x10000800, 2, 15)
0000024498: Error: System overload: Cycle time too short or huge jitter!
0000024498: SendCycFramesByEntry(0): wFramesMonitoringProcCnt (0) < wFramesMonitoringSndCnt (1)
0000024498: Notify EC_NOTIFY_FRAME_RESPONSE_ERROR(No response error for cyclic frame IDX=0x65, CycFrameNum=0, TaskId=0)
0000024498: Notify EC_NOTIFY_CYCCMD_WKC_ERROR(11, 0x10000000, 2, 15)
0000024498: Notify EC_NOTIFY_CYCCMD_WKC_ERROR(10, 0x10000800, 2, 15)
0000024500: Error: System overload: Cycle time too short or huge jitter!
0000024500: SendCycFramesByEntry(0): wFramesMonitoringProcCnt (0) < wFramesMonitoringSndCnt (1)
0000024500: Notify EC_NOTIFY_FRAME_RESPONSE_ERROR(No response error for cyclic frame IDX=0x6a, CycFrameNum=0, TaskId=0)
0000024501: Notify EC_NOTIFY_CYCCMD_WKC_ERROR(11, 0x10000000, 2, 15)
0000024501: Notify EC_NOTIFY_CYCCMD_WKC_ERROR(10, 0x10000800, 2, 15)
0000024501: Error: System overload: Cycle time too short or huge jitter!
0000024501: SendCycFramesByEntry(0): wFramesMonitoringProcCnt (0) < wFramesMonitoringSndCnt (1)
0000024501: Notify EC_NOTIFY_FRAME_RESPONSE_ERROR(No response error for cyclic frame IDX=0x6c, CycFrameNum=0, TaskId=0)
0000024502: Error: System overload: Cycle time too short or huge jitter!
0000024502: SendCycFramesByEntry(0): wFramesMonitoringProcCnt (0) < wFramesMonitoringSndCnt (1)
0000024502: Notify EC_NOTIFY_FRAME_RESPONSE_ERROR(No response error for cyclic frame IDX=0x6d, CycFrameNum=0, TaskId=0)
0000024502: Notify EC_NOTIFY_CYCCMD_WKC_ERROR(11, 0x10000000, 2, 15)
0000024502: Notify EC_NOTIFY_CYCCMD_WKC_ERROR(10, 0x10000800, 2, 15)
0000024502: Notify EC_NOTIFY_CYCCMD_WKC_ERROR(11, 0x10000000, 2, 15)
0000024502: Notify EC_NOTIFY_CYCCMD_WKC_ERROR(10, 0x10000800, 2, 15)
0000024503: Error: System overload: Cycle time too short or huge jitter!
0000024503: SendCycFramesByEntry(0): wFramesMonitoringProcCnt (0) < wFramesMonitoringSndCnt (1)
0000024503: Notify EC_NOTIFY_FRAME_RESPONSE_ERROR(No response error for cyclic frame IDX=0x6f, CycFrameNum=0, TaskId=0)
0000024503: Notify EC_NOTIFY_CYCCMD_WKC_ERROR(11, 0x10000000, 2, 15)
0000024503: Notify EC_NOTIFY_CYCCMD_WKC_ERROR(10, 0x10000800, 2, 15)
0000024505: Notify EC_NOTIFY_CYCCMD_WKC_ERROR(11, 0x10000000, 2, 15)
0000024505: Notify EC_NOTIFY_CYCCMD_WKC_ERROR(10, 0x10000800, 2, 15)
0000024506: Error: System overload: Cycle time too short or huge jitter!
0000024506: SendCycFramesByEntry(0): wFramesMonitoringProcCnt (0) < wFramesMonitoringSndCnt (1)
0000024506: Notify EC_NOTIFY_FRAME_RESPONSE_ERROR(No response error for cyclic frame IDX=0x76, CycFrameNum=0, TaskId=0)
0000024507: Error: System overload: Cycle time too short or huge jitter!
0000024507: SendCycFramesByEntry(0): wFramesMonitoringProcCnt (0) < wFramesMonitoringSndCnt (1)
0000024507: Notify EC_NOTIFY_FRAME_RESPONSE_ERROR(No response error for cyclic frame IDX=0x77, CycFrameNum=0, TaskId=0)
0000024507: Notify EC_NOTIFY_CYCCMD_WKC_ERROR(11, 0x10000000, 2, 15)
0000024507: Notify EC_NOTIFY_CYCCMD_WKC_ERROR(10, 0x10000800, 2, 15)
0000024507: Notify EC_NOTIFY_CYCCMD_WKC_ERROR(11, 0x10000000, 2, 15)
0000024507: Notify EC_NOTIFY_CYCCMD_WKC_ERROR(10, 0x10000800, 2, 15)
0000024509: Error: System overload: Cycle time too short or huge jitter!
0000024509: SendCycFramesByEntry(0): wFramesMonitoringProcCnt (0) < wFramesMonitoringSndCnt (1)
0000024509: Notify EC_NOTIFY_FRAME_RESPONSE_ERROR(No response error for cyclic frame IDX=0x7b, CycFrameNum=0, TaskId=0)
0000024509: Notify EC_NOTIFY_CYCCMD_WKC_ERROR(11, 0x10000000, 2, 15)
0000024509: Notify EC_NOTIFY_CYCCMD_WKC_ERROR(10, 0x10000800, 2, 15)
0000024513: Error: System overload: Cycle time too short or huge jitter!
0000024513: SendCycFramesByEntry(0): wFramesMonitoringProcCnt (0) < wFramesMonitoringSndCnt (1)
0000024513: Notify EC_NOTIFY_FRAME_RESPONSE_ERROR(No response error for cyclic frame IDX=0x84, CycFrameNum=0, TaskId=0)
0000024514: Error: System overload: Cycle time too short or huge jitter!
0000024514: SendCycFramesByEntry(0): wFramesMonitoringProcCnt (0) < wFramesMonitoringSndCnt (1)
0000024514: Notify EC_NOTIFY_FRAME_RESPONSE_ERROR(No response error for cyclic frame IDX=0x85, CycFrameNum=0, TaskId=0)
0000024514: Notify EC_NOTIFY_CYCCMD_WKC_ERROR(11, 0x10000000, 2, 15)
0000024514: Notify EC_NOTIFY_CYCCMD_WKC_ERROR(10, 0x10000800, 2, 15)
0000024514: Notify EC_NOTIFY_CYCCMD_WKC_ERROR(11, 0x10000000, 2, 15)
0000024514: Notify EC_NOTIFY_CYCCMD_WKC_ERROR(10, 0x10000800, 2, 15)
0000024515: Error: System overload: Cycle time too short or huge jitter!
0000024515: SendCycFramesByEntry(0): wFramesMonitoringProcCnt (0) < wFramesMonitoringSndCnt (1)
0000024515: Notify EC_NOTIFY_FRAME_RESPONSE_ERROR(No response error for cyclic frame IDX=0x87, CycFrameNum=0, TaskId=0)
0000024515: Notify EC_NOTIFY_CYCCMD_WKC_ERROR(11, 0x10000000, 2, 15)
0000024515: Notify EC_NOTIFY_CYCCMD_WKC_ERROR(10, 0x10000800, 2, 15)
0000024515: Notify EC_NOTIFY_CYCCMD_WKC_ERROR(11, 0x10000000, 2, 15)
0000024515: Notify EC_NOTIFY_CYCCMD_WKC_ERROR(10, 0x10000800, 2, 15)
0000024516: Error: System overload: Cycle time too short or huge jitter!
0000024516: SendCycFramesByEntry(0): wFramesMonitoringProcCnt (0) < wFramesMonitoringSndCnt (1)
0000024516: Notify EC_NOTIFY_FRAME_RESPONSE_ERROR(No response error for cyclic frame IDX=0x89, CycFrameNum=0, TaskId=0)
0000024516: Notify EC_NOTIFY_CYCCMD_WKC_ERROR(11, 0x10000000, 2, 15)
0000024516: Notify EC_NOTIFY_CYCCMD_WKC_ERROR(10, 0x10000800, 2, 15)
0000024517: Error: System overload: Cycle time too short or huge jitter!
0000024517: SendCycFramesByEntry(0): wFramesMonitoringProcCnt (0) < wFramesMonitoringSndCnt (1)
0000024517: Notify EC_NOTIFY_FRAME_RESPONSE_ERROR(No response error for cyclic frame IDX=0x8c, CycFrameNum=0, TaskId=0)
0000024518: Notify EC_NOTIFY_CYCCMD_WKC_ERROR(11, 0x10000000, 2, 15)
0000024518: Notify EC_NOTIFY_CYCCMD_WKC_ERROR(10, 0x10000800, 2, 15)
0000024519: Error: System overload: Cycle time too short or huge jitter!
0000024519: SendCycFramesByEntry(0): wFramesMonitoringProcCnt (0) < wFramesMonitoringSndCnt (1)
0000024519: Notify EC_NOTIFY_FRAME_RESPONSE_ERROR(No response error for cyclic frame IDX=0x8f, CycFrameNum=0, TaskId=0)
0000024519: Notify EC_NOTIFY_CYCCMD_WKC_ERROR(11, 0x10000000, 2, 15)
0000024519: Notify EC_NOTIFY_CYCCMD_WKC_ERROR(10, 0x10000800, 2, 15)
0000024521: Error: System overload: Cycle time too short or huge jitter!
0000024521: SendCycFramesByEntry(0): wFramesMonitoringProcCnt (0) < wFramesMonitoringSndCnt (1)
0000024521: Notify EC_NOTIFY_FRAME_RESPONSE_ERROR(No response error for cyclic frame IDX=0x93, CycFrameNum=0, TaskId=0)
0000024521: Error: System overload: Cycle time too short or huge jitter!
0000024521: SendCycFramesByEntry(0): wFramesMonitoringProcCnt (0) < wFramesMonitoringSndCnt (1)
0000024521: Notify EC_NOTIFY_FRAME_RESPONSE_ERROR(No response error for cyclic frame IDX=0x94, CycFrameNum=0, TaskId=0)
0000024522: Error: System overload: Cycle time too short or huge jitter!
0000024522: SendCycFramesByEntry(0): wFramesMonitoringProcCnt (0) < wFramesMonitoringSndCnt (1)
0000024522: Notify EC_NOTIFY_FRAME_RESPONSE_ERROR(No response error for cyclic frame IDX=0x95, CycFrameNum=0, TaskId=0)
0000024522: Error: System overload: Cycle time too short or huge jitter!
0000024522: SendCycFramesByEntry(0): wFramesMonitoringProcCnt (0) < wFramesMonitoringSndCnt (1)
0000024522: Notify EC_NOTIFY_FRAME_RESPONSE_ERROR(No response error for cyclic frame IDX=0x96, CycFrameNum=0, TaskId=0)
0000024523: Notify EC_NOTIFY_CYCCMD_WKC_ERROR(11, 0x10000000, 2, 15)
0000024523: Notify EC_NOTIFY_CYCCMD_WKC_ERROR(10, 0x10000800, 2, 15)
0000024523: Notify EC_NOTIFY_CYCCMD_WKC_ERROR(11, 0x10000000, 2, 15)
0000024523: Notify EC_NOTIFY_CYCCMD_WKC_ERROR(10, 0x10000800, 2, 15)
0000024523: Notify EC_NOTIFY_CYCCMD_WKC_ERROR(11, 0x10000000, 2, 15)
0000024523: Notify EC_NOTIFY_CYCCMD_WKC_ERROR(10, 0x10000800, 2, 15)
0000024523: Notify EC_NOTIFY_CYCCMD_WKC_ERROR(11, 0x10000000, 2, 15)
0000024523: Notify EC_NOTIFY_CYCCMD_WKC_ERROR(10, 0x10000800, 2, 15)
0000024523: Error: System overload: Cycle time too short or huge jitter!
0000024523: SendCycFramesByEntry(0): wFramesMonitoringProcCnt (0) < wFramesMonitoringSndCnt (1)
0000024523: Notify EC_NOTIFY_FRAME_RESPONSE_ERROR(No response error for cyclic frame IDX=0x98, CycFrameNum=0, TaskId=0)
0000024524: Notify EC_NOTIFY_CYCCMD_WKC_ERROR(11, 0x10000000, 2, 15)
0000024524: Notify EC_NOTIFY_CYCCMD_WKC_ERROR(10, 0x10000800, 2, 15)
0000024527: Error: System overload: Cycle time too short or huge jitter!
0000024527: SendCycFramesByEntry(0): wFramesMonitoringProcCnt (0) < wFramesMonitoringSndCnt (1)
0000024527: Notify EC_NOTIFY_FRAME_RESPONSE_ERROR(No response error for cyclic frame IDX=0xa0, CycFrameNum=0, TaskId=0)
0000024528: Error: System overload: Cycle time too short or huge jitter!
0000024528: SendCycFramesByEntry(0): wFramesMonitoringProcCnt (0) < wFramesMonitoringSndCnt (1)
0000024528: Notify EC_NOTIFY_FRAME_RESPONSE_ERROR(No response error for cyclic frame IDX=0xa1, CycFrameNum=0, TaskId=0)
0000024528: Error: System overload: Cycle time too short or huge jitter!
0000024528: SendCycFramesByEntry(0): wFramesMonitoringProcCnt (0) < wFramesMonitoringSndCnt (1)
0000024528: Notify EC_NOTIFY_FRAME_RESPONSE_ERROR(No response error for cyclic frame IDX=0xa2, CycFrameNum=0, TaskId=0)
0000024529: Notify EC_NOTIFY_CYCCMD_WKC_ERROR(11, 0x10000000, 2, 15)
0000024529: Notify EC_NOTIFY_CYCCMD_WKC_ERROR(10, 0x10000800, 2, 15)
0000024529: Notify EC_NOTIFY_CYCCMD_WKC_ERROR(11, 0x10000000, 2, 15)
0000024529: Notify EC_NOTIFY_CYCCMD_WKC_ERROR(10, 0x10000800, 2, 15)
0000024529: Notify EC_NOTIFY_CYCCMD_WKC_ERROR(11, 0x10000000, 2, 15)
0000024529: Notify EC_NOTIFY_CYCCMD_WKC_ERROR(10, 0x10000800, 2, 15)
0000024529: Error: System overload: Cycle time too short or huge jitter!
0000024529: SendCycFramesByEntry(0): wFramesMonitoringProcCnt (0) < wFramesMonitoringSndCnt (1)
0000024529: Notify EC_NOTIFY_FRAME_RESPONSE_ERROR(No response error for cyclic frame IDX=0xa4, CycFrameNum=0, TaskId=0)
0000024530: Notify EC_NOTIFY_CYCCMD_WKC_ERROR(11, 0x10000000, 2, 15)
0000024530: Notify EC_NOTIFY_CYCCMD_WKC_ERROR(10, 0x10000800, 2, 15)
0000024530: Error: System overload: Cycle time too short or huge jitter!
0000024530: SendCycFramesByEntry(0): wFramesMonitoringProcCnt (0) < wFramesMonitoringSndCnt (1)
0000024530: Notify EC_NOTIFY_FRAME_RESPONSE_ERROR(No response error for cyclic frame IDX=0xa6, CycFrameNum=0, TaskId=0)
0000024531: Error: System overload: Cycle time too short or huge jitter!
0000024531: SendCycFramesByEntry(0): wFramesMonitoringProcCnt (0) < wFramesMonitoringSndCnt (1)
0000024531: Notify EC_NOTIFY_FRAME_RESPONSE_ERROR(No response error for cyclic frame IDX=0xa7, CycFrameNum=0, TaskId=0)
0000024531: Notify EC_NOTIFY_CYCCMD_WKC_ERROR(11, 0x10000000, 2, 15)
0000024531: Notify EC_NOTIFY_CYCCMD_WKC_ERROR(10, 0x10000800, 2, 15)
0000024531: Notify EC_NOTIFY_CYCCMD_WKC_ERROR(11, 0x10000000, 2, 15)
0000024531: Notify EC_NOTIFY_CYCCMD_WKC_ERROR(10, 0x10000800, 2, 15)
0000024532: Error: System overload: Cycle time too short or huge jitter!
0000024532: SendCycFramesByEntry(0): wFramesMonitoringProcCnt (0) < wFramesMonitoringSndCnt (1)
0000024532: Notify EC_NOTIFY_FRAME_RESPONSE_ERROR(No response error for cyclic frame IDX=0xa9, CycFrameNum=0, TaskId=0)
0000024532: Notify EC_NOTIFY_CYCCMD_WKC_ERROR(11, 0x10000000, 2, 15)
0000024532: Notify EC_NOTIFY_CYCCMD_WKC_ERROR(10, 0x10000800, 2, 15)
0000024533: Error: System overload: Cycle time too short or huge jitter!
0000024533: SendCycFramesByEntry(0): wFramesMonitoringProcCnt (0) < wFramesMonitoringSndCnt (1)
0000024533: Notify EC_NOTIFY_FRAME_RESPONSE_ERROR(No response error for cyclic frame IDX=0xab, CycFrameNum=0, TaskId=0)
0000024533: Notify EC_NOTIFY_CYCCMD_WKC_ERROR(11, 0x10000000, 2, 15)
0000024533: Notify EC_NOTIFY_CYCCMD_WKC_ERROR(10, 0x10000800, 2, 15)
0000024534: Error: System overload: Cycle time too short or huge jitter!
0000024534: SendCycFramesByEntry(0): wFramesMonitoringProcCnt (0) < wFramesMonitoringSndCnt (1)
0000024534: Notify EC_NOTIFY_FRAME_RESPONSE_ERROR(No response error for cyclic frame IDX=0xae, CycFrameNum=0, TaskId=0)
0000024535: Notify EC_NOTIFY_CYCCMD_WKC_ERROR(11, 0x10000000, 2, 15)
0000024535: Notify EC_NOTIFY_CYCCMD_WKC_ERROR(10, 0x10000800, 2, 15)
0000024535: Notify EC_NOTIFY_CYCCMD_WKC_ERROR(11, 0x10000000, 2, 15)
0000024535: Notify EC_NOTIFY_CYCCMD_WKC_ERROR(10, 0x10000800, 2, 15)
0000024536: Error: System overload: Cycle time too short or huge jitter!
0000024536: SendCycFramesByEntry(0): wFramesMonitoringProcCnt (0) < wFramesMonitoringSndCnt (1)
0000024536: Notify EC_NOTIFY_FRAME_RESPONSE_ERROR(No response error for cyclic frame IDX=0xb1, CycFrameNum=0, TaskId=0)
0000024536: Notify EC_NOTIFY_CYCCMD_WKC_ERROR(11, 0x10000000, 2, 15)
0000024536: Notify EC_NOTIFY_CYCCMD_WKC_ERROR(10, 0x10000800, 2, 15)
0000024537: Error: System overload: Cycle time too short or huge jitter!
0000024537: SendCycFramesByEntry(0): wFramesMonitoringProcCnt (0) < wFramesMonitoringSndCnt (1)
0000024537: Notify EC_NOTIFY_FRAME_RESPONSE_ERROR(No response error for cyclic frame IDX=0xb3, CycFrameNum=0, TaskId=0)
0000024537: Notify EC_NOTIFY_CYCCMD_WKC_ERROR(11, 0x10000000, 2, 15)
0000024537: Notify EC_NOTIFY_CYCCMD_WKC_ERROR(10, 0x10000800, 2, 15)
0000024540: Error: System overload: Cycle time too short or huge jitter!
0000024540: SendCycFramesByEntry(0): wFramesMonitoringProcCnt (0) < wFramesMonitoringSndCnt (1)
0000024540: Notify EC_NOTIFY_FRAME_RESPONSE_ERROR(No response error for cyclic frame IDX=0xba, CycFrameNum=0, TaskId=0)
0000024541: Notify EC_NOTIFY_CYCCMD_WKC_ERROR(11, 0x10000000, 2, 15)
0000024541: Notify EC_NOTIFY_CYCCMD_WKC_ERROR(10, 0x10000800, 2, 15)
0000024542: Error: System overload: Cycle time too short or huge jitter!
0000024542: SendCycFramesByEntry(0): wFramesMonitoringProcCnt (0) < wFramesMonitoringSndCnt (1)
0000024542: Notify EC_NOTIFY_FRAME_RESPONSE_ERROR(No response error for cyclic frame IDX=0xbd, CycFrameNum=0, TaskId=0)
0000024542: Notify EC_NOTIFY_CYCCMD_WKC_ERROR(11, 0x10000000, 2, 15)
0000024542: Notify EC_NOTIFY_CYCCMD_WKC_ERROR(10, 0x10000800, 2, 15)
0000024544: Error: System overload: Cycle time too short or huge jitter!
0000024544: SendCycFramesByEntry(0): wFramesMonitoringProcCnt (0) < wFramesMonitoringSndCnt (1)
0000024544: Notify EC_NOTIFY_FRAME_RESPONSE_ERROR(No response error for cyclic frame IDX=0xc1, CycFrameNum=0, TaskId=0)
0000024544: Notify EC_NOTIFY_CYCCMD_WKC_ERROR(11, 0x10000000, 2, 15)
0000024544: Notify EC_NOTIFY_CYCCMD_WKC_ERROR(10, 0x10000800, 2, 15)
0000024545: Notify EC_NOTIFY_CYCCMD_WKC_ERROR(11, 0x10000000, 2, 15)
0000024545: Notify EC_NOTIFY_CYCCMD_WKC_ERROR(10, 0x10000800, 2, 15)
0000024546: Error: System overload: Cycle time too short or huge jitter!
0000024546: SendCycFramesByEntry(0): wFramesMonitoringProcCnt (0) < wFramesMonitoringSndCnt (1)
0000024546: Notify EC_NOTIFY_FRAME_RESPONSE_ERROR(No response error for cyclic frame IDX=0xc6, CycFrameNum=0, TaskId=0)
0000024547: Error: System overload: Cycle time too short or huge jitter!
0000024547: SendCycFramesByEntry(0): wFramesMonitoringProcCnt (0) < wFramesMonitoringSndCnt (1)
0000024547: Notify EC_NOTIFY_FRAME_RESPONSE_ERROR(No response error for cyclic frame IDX=0xc7, CycFrameNum=0, TaskId=0)
0000024547: Notify EC_NOTIFY_CYCCMD_WKC_ERROR(11, 0x10000000, 2, 15)
0000024547: Notify EC_NOTIFY_CYCCMD_WKC_ERROR(10, 0x10000800, 2, 15)
0000024547: Notify EC_NOTIFY_CYCCMD_WKC_ERROR(11, 0x10000000, 2, 15)
0000024547: Notify EC_NOTIFY_CYCCMD_WKC_ERROR(10, 0x10000800, 2, 15)
0000024549: Error: System overload: Cycle time too short or huge jitter!
0000024549: SendCycFramesByEntry(0): wFramesMonitoringProcCnt (0) < wFramesMonitoringSndCnt (1)
0000024549: Notify EC_NOTIFY_FRAME_RESPONSE_ERROR(No response error for cyclic frame IDX=0xcb, CycFrameNum=0, TaskId=0)
0000024549: Notify EC_NOTIFY_CYCCMD_WKC_ERROR(11, 0x10000000, 2, 15)
0000024549: Notify EC_NOTIFY_CYCCMD_WKC_ERROR(10, 0x10000800, 2, 15)
0000024550: Error: System overload: Cycle time too short or huge jitter!
0000024550: SendCycFramesByEntry(0): wFramesMonitoringProcCnt (0) < wFramesMonitoringSndCnt (1)
0000024550: Notify EC_NOTIFY_FRAME_RESPONSE_ERROR(No response error for cyclic frame IDX=0xcd, CycFrameNum=0, TaskId=0)
0000024550: Notify EC_NOTIFY_CYCCMD_WKC_ERROR(11, 0x10000000, 2, 15)
0000024550: Notify EC_NOTIFY_CYCCMD_WKC_ERROR(10, 0x10000800, 2, 15)
0000024551: Error: System overload: Cycle time too short or huge jitter!
0000024551: SendCycFramesByEntry(0): wFramesMonitoringProcCnt (0) < wFramesMonitoringSndCnt (1)
0000024551: Notify EC_NOTIFY_FRAME_RESPONSE_ERROR(No response error for cyclic frame IDX=0xd0, CycFrameNum=0, TaskId=0)
0000024552: Notify EC_NOTIFY_CYCCMD_WKC_ERROR(11, 0x10000000, 2, 15)
0000024552: Notify EC_NOTIFY_CYCCMD_WKC_ERROR(10, 0x10000800, 2, 15)
0000024553: Error: System overload: Cycle time too short or huge jitter!
0000024553: SendCycFramesByEntry(0): wFramesMonitoringProcCnt (0) < wFramesMonitoringSndCnt (1)
0000024553: Notify EC_NOTIFY_FRAME_RESPONSE_ERROR(No response error for cyclic frame IDX=0xd4, CycFrameNum=0, TaskId=0)
0000024554: Notify EC_NOTIFY_CYCCMD_WKC_ERROR(11, 0x10000000, 2, 15)
0000024554: Notify EC_NOTIFY_CYCCMD_WKC_ERROR(10, 0x10000800, 2, 15)
0000024555: Error: System overload: Cycle time too short or huge jitter!
0000024555: SendCycFramesByEntry(0): wFramesMonitoringProcCnt (0) < wFramesMonitoringSndCnt (1)
0000024555: Notify EC_NOTIFY_FRAME_RESPONSE_ERROR(No response error for cyclic frame IDX=0xd7, CycFrameNum=0, TaskId=0)
0000024555: Notify EC_NOTIFY_CYCCMD_WKC_ERROR(11, 0x10000000, 2, 15)
0000024555: Notify EC_NOTIFY_CYCCMD_WKC_ERROR(10, 0x10000800, 2, 15)
0000024555: Notify EC_NOTIFY_CYCCMD_WKC_ERROR(11, 0x10000000, 2, 15)
0000024555: Notify EC_NOTIFY_CYCCMD_WKC_ERROR(10, 0x10000800, 2, 15)
0000024556: Error: System overload: Cycle time too short or huge jitter!
0000024556: SendCycFramesByEntry(0): wFramesMonitoringProcCnt (0) < wFramesMonitoringSndCnt (1)
0000024556: Notify EC_NOTIFY_FRAME_RESPONSE_ERROR(No response error for cyclic frame IDX=0xd9, CycFrameNum=0, TaskId=0)
0000024556: Error: System overload: Cycle time too short or huge jitter!
0000024556: SendCycFramesByEntry(0): wFramesMonitoringProcCnt (0) < wFramesMonitoringSndCnt (1)
0000024556: Notify EC_NOTIFY_FRAME_RESPONSE_ERROR(No response error for cyclic frame IDX=0xda, CycFrameNum=0, TaskId=0)
0000024557: Notify EC_NOTIFY_CYCCMD_WKC_ERROR(11, 0x10000000, 2, 15)
0000024557: Notify EC_NOTIFY_CYCCMD_WKC_ERROR(10, 0x10000800, 2, 15)
0000024557: Notify EC_NOTIFY_CYCCMD_WKC_ERROR(11, 0x10000000, 2, 15)
0000024557: Notify EC_NOTIFY_CYCCMD_WKC_ERROR(10, 0x10000800, 2, 15)
0000024558: Error: System overload: Cycle time too short or huge jitter!
0000024558: SendCycFramesByEntry(0): wFramesMonitoringProcCnt (0) < wFramesMonitoringSndCnt (1)
0000024558: Notify EC_NOTIFY_FRAME_RESPONSE_ERROR(No response error for cyclic frame IDX=0x0, CycFrameNum=0, TaskId=0)
0000024559: Error: System overload: Cycle time too short or huge jitter!
0000024559: SendCycFramesByEntry(0): wFramesMonitoringProcCnt (0) < wFramesMonitoringSndCnt (1)
0000024559: Notify EC_NOTIFY_FRAME_RESPONSE_ERROR(No response error for cyclic frame IDX=0x1, CycFrameNum=0, TaskId=0)
0000024559: Notify EC_NOTIFY_CYCCMD_WKC_ERROR(11, 0x10000000, 2, 15)
0000024559: Notify EC_NOTIFY_CYCCMD_WKC_ERROR(10, 0x10000800, 2, 15)
0000024559: Notify EC_NOTIFY_CYCCMD_WKC_ERROR(11, 0x10000000, 2, 15)
0000024559: Notify EC_NOTIFY_CYCCMD_WKC_ERROR(10, 0x10000800, 2, 15)
0000024560: Error: System overload: Cycle time too short or huge jitter!
0000024560: SendCycFramesByEntry(0): wFramesMonitoringProcCnt (0) < wFramesMonitoringSndCnt (1)
0000024560: Notify EC_NOTIFY_FRAME_RESPONSE_ERROR(No response error for cyclic frame IDX=0x3, CycFrameNum=0, TaskId=0)
0000024560: Notify EC_NOTIFY_CYCCMD_WKC_ERROR(11, 0x10000000, 2, 15)
0000024560: Notify EC_NOTIFY_CYCCMD_WKC_ERROR(10, 0x10000800, 2, 15)
0000024561: Error: System overload: Cycle time too short or huge jitter!
0000024561: SendCycFramesByEntry(0): wFramesMonitoringProcCnt (0) < wFramesMonitoringSndCnt (1)
0000024561: Notify EC_NOTIFY_FRAME_RESPONSE_ERROR(No response error for cyclic frame IDX=0x5, CycFrameNum=0, TaskId=0)
0000024561: Notify EC_NOTIFY_CYCCMD_WKC_ERROR(11, 0x10000000, 2, 15)
0000024561: Notify EC_NOTIFY_CYCCMD_WKC_ERROR(10, 0x10000800, 2, 15)
0000024562: Error: System overload: Cycle time too short or huge jitter!
0000024562: SendCycFramesByEntry(0): wFramesMonitoringProcCnt (0) < wFramesMonitoringSndCnt (1)
0000024562: Notify EC_NOTIFY_FRAME_RESPONSE_ERROR(No response error for cyclic frame IDX=0x7, CycFrameNum=0, TaskId=0)
0000024562: Notify EC_NOTIFY_CYCCMD_WKC_ERROR(11, 0x10000000, 2, 15)
0000024562: Notify EC_NOTIFY_CYCCMD_WKC_ERROR(10, 0x10000800, 2, 15)
0000024566: Error: System overload: Cycle time too short or huge jitter!
0000024566: SendCycFramesByEntry(0): wFramesMonitoringProcCnt (0) < wFramesMonitoringSndCnt (1)
0000024566: Notify EC_NOTIFY_FRAME_RESPONSE_ERROR(No response error for cyclic frame IDX=0xf, CycFrameNum=0, TaskId=0)
0000024566: Notify EC_NOTIFY_CYCCMD_WKC_ERROR(11, 0x10000000, 2, 15)
0000024566: Notify EC_NOTIFY_CYCCMD_WKC_ERROR(10, 0x10000800, 2, 15)
0000024567: Error: System overload: Cycle time too short or huge jitter!
0000024567: SendCycFramesByEntry(0): wFramesMonitoringProcCnt (0) < wFramesMonitoringSndCnt (1)
0000024567: Notify EC_NOTIFY_FRAME_RESPONSE_ERROR(No response error for cyclic frame IDX=0x12, CycFrameNum=0, TaskId=0)
0000024568: Notify EC_NOTIFY_CYCCMD_WKC_ERROR(11, 0x10000000, 2, 15)
0000024568: Notify EC_NOTIFY_CYCCMD_WKC_ERROR(10, 0x10000800, 2, 15)
0000024568: Error: System overload: Cycle time too short or huge jitter!
0000024568: SendCycFramesByEntry(0): wFramesMonitoringProcCnt (0) < wFramesMonitoringSndCnt (1)
0000024568: Notify EC_NOTIFY_FRAME_RESPONSE_ERROR(No response error for cyclic frame IDX=0x14, CycFrameNum=0, TaskId=0)
0000024569: Notify EC_NOTIFY_CYCCMD_WKC_ERROR(11, 0x10000000, 2, 15)
0000024569: Notify EC_NOTIFY_CYCCMD_WKC_ERROR(10, 0x10000800, 2, 15)
0000024569: Error: System overload: Cycle time too short or huge jitter!
0000024569: SendCycFramesByEntry(0): wFramesMonitoringProcCnt (0) < wFramesMonitoringSndCnt (1)
0000024569: Notify EC_NOTIFY_FRAME_RESPONSE_ERROR(No response error for cyclic frame IDX=0x16, CycFrameNum=0, TaskId=0)
0000024570: Error: System overload: Cycle time too short or huge jitter!
0000024570: SendCycFramesByEntry(0): wFramesMonitoringProcCnt (0) < wFramesMonitoringSndCnt (1)
0000024570: Notify EC_NOTIFY_FRAME_RESPONSE_ERROR(No response error for cyclic frame IDX=0x17, CycFrameNum=0, TaskId=0)
0000024570: Notify EC_NOTIFY_CYCCMD_WKC_ERROR(11, 0x10000000, 2, 15)
0000024570: Notify EC_NOTIFY_CYCCMD_WKC_ERROR(10, 0x10000800, 2, 15)
0000024570: Notify EC_NOTIFY_CYCCMD_WKC_ERROR(11, 0x10000000, 2, 15)
0000024570: Notify EC_NOTIFY_CYCCMD_WKC_ERROR(10, 0x10000800, 2, 15)
0000024572: Error: System overload: Cycle time too short or huge jitter!
0000024572: SendCycFramesByEntry(0): wFramesMonitoringProcCnt (0) < wFramesMonitoringSndCnt (1)
0000024572: Notify EC_NOTIFY_FRAME_RESPONSE_ERROR(No response error for cyclic frame IDX=0x1b, CycFrameNum=0, TaskId=0)
0000024572: Error: System overload: Cycle time too short or huge jitter!
0000024572: SendCycFramesByEntry(0): wFramesMonitoringProcCnt (0) < wFramesMonitoringSndCnt (1)
0000024572: Notify EC_NOTIFY_FRAME_RESPONSE_ERROR(No response error for cyclic frame IDX=0x1c, CycFrameNum=0, TaskId=0)
0000024573: Error: System overload: Cycle time too short or huge jitter!
0000024573: SendCycFramesByEntry(0): wFramesMonitoringProcCnt (0) < wFramesMonitoringSndCnt (1)
0000024573: Notify EC_NOTIFY_FRAME_RESPONSE_ERROR(No response error for cyclic frame IDX=0x1d, CycFrameNum=0, TaskId=0)
0000024573: Error: System overload: Cycle time too short or huge jitter!
0000024573: SendCycFramesByEntry(0): wFramesMonitoringProcCnt (0) < wFramesMonitoringSndCnt (1)
0000024573: Notify EC_NOTIFY_FRAME_RESPONSE_ERROR(No response error for cyclic frame IDX=0x1e, CycFrameNum=0, TaskId=0)
0000024574: Notify EC_NOTIFY_CYCCMD_WKC_ERROR(11, 0x10000000, 2, 15)
0000024574: Notify EC_NOTIFY_CYCCMD_WKC_ERROR(10, 0x10000800, 2, 15)
0000024574: Notify EC_NOTIFY_CYCCMD_WKC_ERROR(11, 0x10000000, 2, 15)
0000024574: Notify EC_NOTIFY_CYCCMD_WKC_ERROR(10, 0x10000800, 2, 15)
0000024574: Notify EC_NOTIFY_CYCCMD_WKC_ERROR(11, 0x10000000, 2, 15)
0000024574: Notify EC_NOTIFY_CYCCMD_WKC_ERROR(10, 0x10000800, 2, 15)
0000024574: Notify EC_NOTIFY_CYCCMD_WKC_ERROR(11, 0x10000000, 2, 15)
0000024574: Notify EC_NOTIFY_CYCCMD_WKC_ERROR(10, 0x10000800, 2, 15)
0000024575: Notify EC_NOTIFY_CYCCMD_WKC_ERROR(11, 0x10000000, 2, 15)
0000024575: Notify EC_NOTIFY_CYCCMD_WKC_ERROR(10, 0x10000800, 2, 15)
0000024576: Error: System overload: Cycle time too short or huge jitter!
0000024576: SendCycFramesByEntry(0): wFramesMonitoringProcCnt (0) < wFramesMonitoringSndCnt (1)
0000024576: Notify EC_NOTIFY_FRAME_RESPONSE_ERROR(No response error for cyclic frame IDX=0x23, CycFrameNum=0, TaskId=0)
0000024576: Notify EC_NOTIFY_CYCCMD_WKC_ERROR(11, 0x10000000, 2, 15)
0000024576: Notify EC_NOTIFY_CYCCMD_WKC_ERROR(10, 0x10000800, 2, 15)
0000024579: Error: System overload: Cycle time too short or huge jitter!
0000024579: SendCycFramesByEntry(0): wFramesMonitoringProcCnt (0) < wFramesMonitoringSndCnt (1)
0000024579: Notify EC_NOTIFY_FRAME_RESPONSE_ERROR(No response error for cyclic frame IDX=0x29, CycFrameNum=0, TaskId=0)
0000024579: Notify EC_NOTIFY_CYCCMD_WKC_ERROR(11, 0x10000000, 2, 15)
0000024579: Notify EC_NOTIFY_CYCCMD_WKC_ERROR(10, 0x10000800, 2, 15)
0000024582: Error: System overload: Cycle time too short or huge jitter!
0000024582: SendCycFramesByEntry(0): wFramesMonitoringProcCnt (0) < wFramesMonitoringSndCnt (1)
0000024582: Notify EC_NOTIFY_FRAME_RESPONSE_ERROR(No response error for cyclic frame IDX=0x2f, CycFrameNum=0, TaskId=0)
0000024582: Notify EC_NOTIFY_CYCCMD_WKC_ERROR(11, 0x10000000, 2, 15)
0000024582: Notify EC_NOTIFY_CYCCMD_WKC_ERROR(10, 0x10000800, 2, 15)
0000024583: Error: System overload: Cycle time too short or huge jitter!
0000024583: SendCycFramesByEntry(0): wFramesMonitoringProcCnt (0) < wFramesMonitoringSndCnt (1)
0000024583: Notify EC_NOTIFY_FRAME_RESPONSE_ERROR(No response error for cyclic frame IDX=0x31, CycFrameNum=0, TaskId=0)
0000024583: Error: System overload: Cycle time too short or huge jitter!
0000024583: SendCycFramesByEntry(0): wFramesMonitoringProcCnt (0) < wFramesMonitoringSndCnt (1)
0000024583: Notify EC_NOTIFY_FRAME_RESPONSE_ERROR(No response error for cyclic frame IDX=0x32, CycFrameNum=0, TaskId=0)
0000024584: Notify EC_NOTIFY_CYCCMD_WKC_ERROR(11, 0x10000000, 2, 15)
0000024584: Notify EC_NOTIFY_CYCCMD_WKC_ERROR(10, 0x10000800, 2, 15)
0000024584: Notify EC_NOTIFY_CYCCMD_WKC_ERROR(11, 0x10000000, 2, 15)
0000024584: Notify EC_NOTIFY_CYCCMD_WKC_ERROR(10, 0x10000800, 2, 15)
0000024586: Error: System overload: Cycle time too short or huge jitter!
0000024586: SendCycFramesByEntry(0): wFramesMonitoringProcCnt (0) < wFramesMonitoringSndCnt (1)
0000024586: Notify EC_NOTIFY_FRAME_RESPONSE_ERROR(No response error for cyclic frame IDX=0x38, CycFrameNum=0, TaskId=0)
0000024587: Notify EC_NOTIFY_CYCCMD_WKC_ERROR(11, 0x10000000, 2, 15)
0000024587: Notify EC_NOTIFY_CYCCMD_WKC_ERROR(10, 0x10000800, 2, 15)
0000024590: Error: System overload: Cycle time too short or huge jitter!
0000024590: SendCycFramesByEntry(0): wFramesMonitoringProcCnt (0) < wFramesMonitoringSndCnt (1)
0000024590: Notify EC_NOTIFY_FRAME_RESPONSE_ERROR(No response error for cyclic frame IDX=0x3f, CycFrameNum=0, TaskId=0)
0000024590: Notify EC_NOTIFY_CYCCMD_WKC_ERROR(11, 0x10000000, 2, 15)
0000024590: Notify EC_NOTIFY_CYCCMD_WKC_ERROR(10, 0x10000800, 2, 15)
0000024592: Error: System overload: Cycle time too short or huge jitter!
0000024592: SendCycFramesByEntry(0): wFramesMonitoringProcCnt (0) < wFramesMonitoringSndCnt (1)
0000024592: Notify EC_NOTIFY_FRAME_RESPONSE_ERROR(No response error for cyclic frame IDX=0x44, CycFrameNum=0, TaskId=0)
0000024593: Notify EC_NOTIFY_CYCCMD_WKC_ERROR(11, 0x10000000, 2, 15)
0000024593: Notify EC_NOTIFY_CYCCMD_WKC_ERROR(10, 0x10000800, 2, 15)
0000024594: Error: System overload: Cycle time too short or huge jitter!
0000024594: SendCycFramesByEntry(0): wFramesMonitoringProcCnt (0) < wFramesMonitoringSndCnt (1)
0000024594: Notify EC_NOTIFY_FRAME_RESPONSE_ERROR(No response error for cyclic frame IDX=0x47, CycFrameNum=0, TaskId=0)
0000024594: Notify EC_NOTIFY_CYCCMD_WKC_ERROR(11, 0x10000000, 2, 15)
0000024594: Notify EC_NOTIFY_CYCCMD_WKC_ERROR(10, 0x10000800, 2, 15)
0000024596: Error: System overload: Cycle time too short or huge jitter!
0000024596: SendCycFramesByEntry(0): wFramesMonitoringProcCnt (0) < wFramesMonitoringSndCnt (1)
0000024596: Notify EC_NOTIFY_FRAME_RESPONSE_ERROR(No response error for cyclic frame IDX=0x4c, CycFrameNum=0, TaskId=0)
0000024597: Notify EC_NOTIFY_CYCCMD_WKC_ERROR(11, 0x10000000, 2, 15)
0000024597: Notify EC_NOTIFY_CYCCMD_WKC_ERROR(10, 0x10000800, 2, 15)
0000024597: Error: System overload: Cycle time too short or huge jitter!
0000024597: SendCycFramesByEntry(0): wFramesMonitoringProcCnt (0) < wFramesMonitoringSndCnt (1)
0000024597: Notify EC_NOTIFY_FRAME_RESPONSE_ERROR(No response error for cyclic frame IDX=0x4e, CycFrameNum=0, TaskId=0)
0000024598: Notify EC_NOTIFY_CYCCMD_WKC_ERROR(11, 0x10000000, 2, 15)
0000024598: Notify EC_NOTIFY_CYCCMD_WKC_ERROR(10, 0x10000800, 2, 15)
0000024598: Error: System overload: Cycle time too short or huge jitter!
0000024598: SendCycFramesByEntry(0): wFramesMonitoringProcCnt (0) < wFramesMonitoringSndCnt (1)
0000024598: Notify EC_NOTIFY_FRAME_RESPONSE_ERROR(No response error for cyclic frame IDX=0x50, CycFrameNum=0, TaskId=0)
0000024599: Error: System overload: Cycle time too short or huge jitter!
0000024599: SendCycFramesByEntry(0): wFramesMonitoringProcCnt (0) < wFramesMonitoringSndCnt (1)
0000024599: Notify EC_NOTIFY_FRAME_RESPONSE_ERROR(No response error for cyclic frame IDX=0x51, CycFrameNum=0, TaskId=0)
0000024599: Notify EC_NOTIFY_CYCCMD_WKC_ERROR(11, 0x10000000, 2, 15)
0000024599: Notify EC_NOTIFY_CYCCMD_WKC_ERROR(10, 0x10000800, 2, 15)
0000024599: Notify EC_NOTIFY_CYCCMD_WKC_ERROR(11, 0x10000000, 2, 15)
0000024599: Notify EC_NOTIFY_CYCCMD_WKC_ERROR(10, 0x10000800, 2, 15)
0000024606: Error: System overload: Cycle time too short or huge jitter!
0000024606: SendCycFramesByEntry(0): wFramesMonitoringProcCnt (0) < wFramesMonitoringSndCnt (1)
0000024606: Notify EC_NOTIFY_FRAME_RESPONSE_ERROR(No response error for cyclic frame IDX=0x5f, CycFrameNum=0, TaskId=0)
0000024606: Notify EC_NOTIFY_CYCCMD_WKC_ERROR(11, 0x10000000, 2, 15)
0000024606: Notify EC_NOTIFY_CYCCMD_WKC_ERROR(10, 0x10000800, 2, 15)
0000024607: Error: System overload: Cycle time too short or huge jitter!
0000024607: SendCycFramesByEntry(0): wFramesMonitoringProcCnt (0) < wFramesMonitoringSndCnt (1)
0000024607: Notify EC_NOTIFY_FRAME_RESPONSE_ERROR(No response error for cyclic frame IDX=0x62, CycFrameNum=0, TaskId=0)
0000024608: Notify EC_NOTIFY_CYCCMD_WKC_ERROR(11, 0x10000000, 2, 15)
0000024608: Notify EC_NOTIFY_CYCCMD_WKC_ERROR(10, 0x10000800, 2, 15)
0000024609: Error: System overload: Cycle time too short or huge jitter!
0000024609: SendCycFramesByEntry(0): wFramesMonitoringProcCnt (0) < wFramesMonitoringSndCnt (1)
0000024609: Notify EC_NOTIFY_FRAME_RESPONSE_ERROR(No response error for cyclic frame IDX=0x66, CycFrameNum=0, TaskId=0)
0000024610: Notify EC_NOTIFY_CYCCMD_WKC_ERROR(11, 0x10000000, 2, 15)
0000024610: Notify EC_NOTIFY_CYCCMD_WKC_ERROR(10, 0x10000800, 2, 15)
0000024612: Error: System overload: Cycle time too short or huge jitter!
0000024612: SendCycFramesByEntry(0): wFramesMonitoringProcCnt (0) < wFramesMonitoringSndCnt (1)
0000024612: Notify EC_NOTIFY_FRAME_RESPONSE_ERROR(No response error for cyclic frame IDX=0x6b, CycFrameNum=0, TaskId=0)
0000024612: Notify EC_NOTIFY_CYCCMD_WKC_ERROR(11, 0x10000000, 2, 15)
0000024612: Notify EC_NOTIFY_CYCCMD_WKC_ERROR(10, 0x10000800, 2, 15)
0000024613: Error: System overload: Cycle time too short or huge jitter!
0000024613: SendCycFramesByEntry(0): wFramesMonitoringProcCnt (0) < wFramesMonitoringSndCnt (1)
0000024613: Notify EC_NOTIFY_FRAME_RESPONSE_ERROR(No response error for cyclic frame IDX=0x6d, CycFrameNum=0, TaskId=0)
0000024613: Error: System overload: Cycle time too short or huge jitter!
0000024613: SendCycFramesByEntry(0): wFramesMonitoringProcCnt (0) < wFramesMonitoringSndCnt (1)
0000024613: Notify EC_NOTIFY_FRAME_RESPONSE_ERROR(No response error for cyclic frame IDX=0x6e, CycFrameNum=0, TaskId=0)
0000024614: Notify EC_NOTIFY_CYCCMD_WKC_ERROR(11, 0x10000000, 2, 15)
0000024614: Notify EC_NOTIFY_CYCCMD_WKC_ERROR(10, 0x10000800, 2, 15)
0000024614: Notify EC_NOTIFY_CYCCMD_WKC_ERROR(11, 0x10000000, 2, 15)
0000024614: Notify EC_NOTIFY_CYCCMD_WKC_ERROR(10, 0x10000800, 2, 15)
0000024615: Error: System overload: Cycle time too short or huge jitter!
0000024615: SendCycFramesByEntry(0): wFramesMonitoringProcCnt (0) < wFramesMonitoringSndCnt (1)
0000024615: Notify EC_NOTIFY_FRAME_RESPONSE_ERROR(No response error for cyclic frame IDX=0x71, CycFrameNum=0, TaskId=0)
0000024615: Notify EC_NOTIFY_CYCCMD_WKC_ERROR(11, 0x10000000, 2, 15)
0000024615: Notify EC_NOTIFY_CYCCMD_WKC_ERROR(10, 0x10000800, 2, 15)
0000024617: Error: System overload: Cycle time too short or huge jitter!
0000024617: SendCycFramesByEntry(0): wFramesMonitoringProcCnt (0) < wFramesMonitoringSndCnt (1)
0000024617: Notify EC_NOTIFY_FRAME_RESPONSE_ERROR(No response error for cyclic frame IDX=0x75, CycFrameNum=0, TaskId=0)
0000024617: Notify EC_NOTIFY_CYCCMD_WKC_ERROR(11, 0x10000000, 2, 15)
0000024617: Notify EC_NOTIFY_CYCCMD_WKC_ERROR(10, 0x10000800, 2, 15)
0000024619: Error: System overload: Cycle time too short or huge jitter!
0000024619: SendCycFramesByEntry(0): wFramesMonitoringProcCnt (0) < wFramesMonitoringSndCnt (1)
0000024619: Notify EC_NOTIFY_FRAME_RESPONSE_ERROR(No response error for cyclic frame IDX=0x7a, CycFrameNum=0, TaskId=0)
0000024620: Notify EC_NOTIFY_CYCCMD_WKC_ERROR(11, 0x10000000, 2, 15)
0000024620: Notify EC_NOTIFY_CYCCMD_WKC_ERROR(10, 0x10000800, 2, 15)
0000024620: Error: System overload: Cycle time too short or huge jitter!
0000024620: SendCycFramesByEntry(0): wFramesMonitoringProcCnt (0) < wFramesMonitoringSndCnt (1)
0000024620: Notify EC_NOTIFY_FRAME_RESPONSE_ERROR(No response error for cyclic frame IDX=0x7c, CycFrameNum=0, TaskId=0)
0000024621: Notify EC_NOTIFY_CYCCMD_WKC_ERROR(11, 0x10000000, 2, 15)
0000024621: Notify EC_NOTIFY_CYCCMD_WKC_ERROR(10, 0x10000800, 2, 15)
0000024622: Error: System overload: Cycle time too short or huge jitter!
0000024622: SendCycFramesByEntry(0): wFramesMonitoringProcCnt (0) < wFramesMonitoringSndCnt (1)
0000024622: Notify EC_NOTIFY_FRAME_RESPONSE_ERROR(No response error for cyclic frame IDX=0x7f, CycFrameNum=0, TaskId=0)
0000024622: Notify EC_NOTIFY_CYCCMD_WKC_ERROR(11, 0x10000000, 2, 15)
0000024622: Notify EC_NOTIFY_CYCCMD_WKC_ERROR(10, 0x10000800, 2, 15)
0000024623: Error: System overload: Cycle time too short or huge jitter!
0000024623: SendCycFramesByEntry(0): wFramesMonitoringProcCnt (0) < wFramesMonitoringSndCnt (1)
0000024623: Notify EC_NOTIFY_FRAME_RESPONSE_ERROR(No response error for cyclic frame IDX=0x81, CycFrameNum=0, TaskId=0)
0000024623: Error: System overload: Cycle time too short or huge jitter!
0000024623: SendCycFramesByEntry(0): wFramesMonitoringProcCnt (0) < wFramesMonitoringSndCnt (1)
0000024623: Notify EC_NOTIFY_FRAME_RESPONSE_ERROR(No response error for cyclic frame IDX=0x82, CycFrameNum=0, TaskId=0)
0000024624: Notify EC_NOTIFY_CYCCMD_WKC_ERROR(11, 0x10000000, 2, 15)
0000024624: Notify EC_NOTIFY_CYCCMD_WKC_ERROR(10, 0x10000800, 2, 15)
0000024624: Notify EC_NOTIFY_CYCCMD_WKC_ERROR(11, 0x10000000, 2, 15)
0000024624: Notify EC_NOTIFY_CYCCMD_WKC_ERROR(10, 0x10000800, 2, 15)
0000024625: Notify EC_NOTIFY_CYCCMD_WKC_ERROR(11, 0x10000000, 2, 15)
0000024625: Notify EC_NOTIFY_CYCCMD_WKC_ERROR(10, 0x10000800, 2, 15)
0000024626: Error: System overload: Cycle time too short or huge jitter!
0000024626: SendCycFramesByEntry(0): wFramesMonitoringProcCnt (0) < wFramesMonitoringSndCnt (1)
0000024626: Notify EC_NOTIFY_FRAME_RESPONSE_ERROR(No response error for cyclic frame IDX=0x88, CycFrameNum=0, TaskId=0)
0000024627: Error: System overload: Cycle time too short or huge jitter!
0000024627: SendCycFramesByEntry(0): wFramesMonitoringProcCnt (0) < wFramesMonitoringSndCnt (1)
0000024627: Notify EC_NOTIFY_FRAME_RESPONSE_ERROR(No response error for cyclic frame IDX=0x89, CycFrameNum=0, TaskId=0)
0000024627: Notify EC_NOTIFY_CYCCMD_WKC_ERROR(11, 0x10000000, 2, 15)
0000024627: Notify EC_NOTIFY_CYCCMD_WKC_ERROR(10, 0x10000800, 2, 15)
0000024627: Notify EC_NOTIFY_CYCCMD_WKC_ERROR(11, 0x10000000, 2, 15)
0000024627: Notify EC_NOTIFY_CYCCMD_WKC_ERROR(10, 0x10000800, 2, 15)
0000024629: Error: System overload: Cycle time too short or huge jitter!
0000024629: SendCycFramesByEntry(0): wFramesMonitoringProcCnt (0) < wFramesMonitoringSndCnt (1)
0000024629: Notify EC_NOTIFY_FRAME_RESPONSE_ERROR(No response error for cyclic frame IDX=0x8d, CycFrameNum=0, TaskId=0)
0000024629: Notify EC_NOTIFY_CYCCMD_WKC_ERROR(11, 0x10000000, 2, 15)
0000024629: Notify EC_NOTIFY_CYCCMD_WKC_ERROR(10, 0x10000800, 2, 15)
0000024630: Error: System overload: Cycle time too short or huge jitter!
0000024630: SendCycFramesByEntry(0): wFramesMonitoringProcCnt (0) < wFramesMonitoringSndCnt (1)
0000024630: Notify EC_NOTIFY_FRAME_RESPONSE_ERROR(No response error for cyclic frame IDX=0x8f, CycFrameNum=0, TaskId=0)
0000024630: Error: System overload: Cycle time too short or huge jitter!
0000024630: SendCycFramesByEntry(0): wFramesMonitoringProcCnt (0) < wFramesMonitoringSndCnt (1)
0000024630: Notify EC_NOTIFY_FRAME_RESPONSE_ERROR(No response error for cyclic frame IDX=0x90, CycFrameNum=0, TaskId=0)
0000024631: Notify EC_NOTIFY_CYCCMD_WKC_ERROR(11, 0x10000000, 2, 15)
0000024631: Notify EC_NOTIFY_CYCCMD_WKC_ERROR(10, 0x10000800, 2, 15)
0000024631: Notify EC_NOTIFY_CYCCMD_WKC_ERROR(11, 0x10000000, 2, 15)
0000024631: Notify EC_NOTIFY_CYCCMD_WKC_ERROR(10, 0x10000800, 2, 15)
0000024631: Error: System overload: Cycle time too short or huge jitter!
0000024631: SendCycFramesByEntry(0): wFramesMonitoringProcCnt (0) < wFramesMonitoringSndCnt (1)
0000024631: Notify EC_NOTIFY_FRAME_RESPONSE_ERROR(No response error for cyclic frame IDX=0x92, CycFrameNum=0, TaskId=0)
0000024632: Notify EC_NOTIFY_CYCCMD_WKC_ERROR(11, 0x10000000, 2, 15)
0000024632: Notify EC_NOTIFY_CYCCMD_WKC_ERROR(10, 0x10000800, 2, 15)
0000024634: Error: System overload: Cycle time too short or huge jitter!
0000024634: SendCycFramesByEntry(0): wFramesMonitoringProcCnt (0) < wFramesMonitoringSndCnt (1)
0000024634: Notify EC_NOTIFY_FRAME_RESPONSE_ERROR(No response error for cyclic frame IDX=0x97, CycFrameNum=0, TaskId=0)
0000024634: Notify EC_NOTIFY_CYCCMD_WKC_ERROR(11, 0x10000000, 2, 15)
0000024634: Notify EC_NOTIFY_CYCCMD_WKC_ERROR(10, 0x10000800, 2, 15)
0000024635: Error: System overload: Cycle time too short or huge jitter!
0000024635: SendCycFramesByEntry(0): wFramesMonitoringProcCnt (0) < wFramesMonitoringSndCnt (1)
0000024635: Notify EC_NOTIFY_FRAME_RESPONSE_ERROR(No response error for cyclic frame IDX=0x99, CycFrameNum=0, TaskId=0)
0000024635: Notify EC_NOTIFY_CYCCMD_WKC_ERROR(11, 0x10000000, 2, 15)
0000024635: Notify EC_NOTIFY_CYCCMD_WKC_ERROR(10, 0x10000800, 2, 15)
0000024636: Error: System overload: Cycle time too short or huge jitter!
0000024636: SendCycFramesByEntry(0): wFramesMonitoringProcCnt (0) < wFramesMonitoringSndCnt (1)
0000024636: Notify EC_NOTIFY_FRAME_RESPONSE_ERROR(No response error for cyclic frame IDX=0x9b, CycFrameNum=0, TaskId=0)
0000024636: Notify EC_NOTIFY_CYCCMD_WKC_ERROR(11, 0x10000000, 2, 15)
0000024636: Notify EC_NOTIFY_CYCCMD_WKC_ERROR(10, 0x10000800, 2, 15)
0000024638: Error: System overload: Cycle time too short or huge jitter!
0000024638: SendCycFramesByEntry(0): wFramesMonitoringProcCnt (0) < wFramesMonitoringSndCnt (1)
0000024638: Notify EC_NOTIFY_FRAME_RESPONSE_ERROR(No response error for cyclic frame IDX=0x9f, CycFrameNum=0, TaskId=0)
0000024638: Notify EC_NOTIFY_CYCCMD_WKC_ERROR(11, 0x10000000, 2, 15)
0000024638: Notify EC_NOTIFY_CYCCMD_WKC_ERROR(10, 0x10000800, 2, 15)
0000024639: Error: System overload: Cycle time too short or huge jitter!
0000024639: SendCycFramesByEntry(0): wFramesMonitoringProcCnt (0) < wFramesMonitoringSndCnt (1)
0000024639: Notify EC_NOTIFY_FRAME_RESPONSE_ERROR(No response error for cyclic frame IDX=0xa1, CycFrameNum=0, TaskId=0)
0000024639: Notify EC_NOTIFY_CYCCMD_WKC_ERROR(11, 0x10000000, 2, 15)
0000024639: Notify EC_NOTIFY_CYCCMD_WKC_ERROR(10, 0x10000800, 2, 15)
0000024640: Error: System overload: Cycle time too short or huge jitter!
0000024640: SendCycFramesByEntry(0): wFramesMonitoringProcCnt (0) < wFramesMonitoringSndCnt (1)
0000024640: Notify EC_NOTIFY_FRAME_RESPONSE_ERROR(No response error for cyclic frame IDX=0xa3, CycFrameNum=0, TaskId=0)
0000024640: Notify EC_NOTIFY_CYCCMD_WKC_ERROR(11, 0x10000000, 2, 15)
0000024640: Notify EC_NOTIFY_CYCCMD_WKC_ERROR(10, 0x10000800, 2, 15)
0000024643: Error: System overload: Cycle time too short or huge jitter!
0000024643: SendCycFramesByEntry(0): wFramesMonitoringProcCnt (0) < wFramesMonitoringSndCnt (1)
0000024643: Notify EC_NOTIFY_FRAME_RESPONSE_ERROR(No response error for cyclic frame IDX=0xaa, CycFrameNum=0, TaskId=0)
0000024644: Notify EC_NOTIFY_CYCCMD_WKC_ERROR(11, 0x10000000, 2, 15)
0000024644: Notify EC_NOTIFY_CYCCMD_WKC_ERROR(10, 0x10000800, 2, 15)
0000024645: Error: System overload: Cycle time too short or huge jitter!
0000024645: SendCycFramesByEntry(0): wFramesMonitoringProcCnt (0) < wFramesMonitoringSndCnt (1)
0000024645: Notify EC_NOTIFY_FRAME_RESPONSE_ERROR(No response error for cyclic frame IDX=0xad, CycFrameNum=0, TaskId=0)
0000024645: Notify EC_NOTIFY_CYCCMD_WKC_ERROR(11, 0x10000000, 2, 15)
0000024645: Notify EC_NOTIFY_CYCCMD_WKC_ERROR(10, 0x10000800, 2, 15)
0000024646: Error: System overload: Cycle time too short or huge jitter!
0000024646: SendCycFramesByEntry(0): wFramesMonitoringProcCnt (0) < wFramesMonitoringSndCnt (1)
0000024646: Notify EC_NOTIFY_FRAME_RESPONSE_ERROR(No response error for cyclic frame IDX=0xaf, CycFrameNum=0, TaskId=0)
0000024646: Notify EC_NOTIFY_CYCCMD_WKC_ERROR(11, 0x10000000, 2, 15)
0000024646: Notify EC_NOTIFY_CYCCMD_WKC_ERROR(10, 0x10000800, 2, 15)
0000024647: Error: System overload: Cycle time too short or huge jitter!
0000024647: SendCycFramesByEntry(0): wFramesMonitoringProcCnt (0) < wFramesMonitoringSndCnt (1)
0000024647: Notify EC_NOTIFY_FRAME_RESPONSE_ERROR(No response error for cyclic frame IDX=0xb1, CycFrameNum=0, TaskId=0)
0000024647: Notify EC_NOTIFY_CYCCMD_WKC_ERROR(11, 0x10000000, 2, 15)
0000024647: Notify EC_NOTIFY_CYCCMD_WKC_ERROR(10, 0x10000800, 2, 15)
0000024648: Error: System overload: Cycle time too short or huge jitter!
0000024648: SendCycFramesByEntry(0): wFramesMonitoringProcCnt (0) < wFramesMonitoringSndCnt (1)
0000024648: Notify EC_NOTIFY_FRAME_RESPONSE_ERROR(No response error for cyclic frame IDX=0xb4, CycFrameNum=0, TaskId=0)
0000024649: Notify EC_NOTIFY_CYCCMD_WKC_ERROR(11, 0x10000000, 2, 15)
0000024649: Notify EC_NOTIFY_CYCCMD_WKC_ERROR(10, 0x10000800, 2, 15)
0000024649: Error: System overload: Cycle time too short or huge jitter!
0000024649: SendCycFramesByEntry(0): wFramesMonitoringProcCnt (0) < wFramesMonitoringSndCnt (1)
0000024649: Notify EC_NOTIFY_FRAME_RESPONSE_ERROR(No response error for cyclic frame IDX=0xb6, CycFrameNum=0, TaskId=0)
0000024650: Notify EC_NOTIFY_CYCCMD_WKC_ERROR(11, 0x10000000, 2, 15)
0000024650: Notify EC_NOTIFY_CYCCMD_WKC_ERROR(10, 0x10000800, 2, 15)
0000024653: Error: System overload: Cycle time too short or huge jitter!
0000024653: SendCycFramesByEntry(0): wFramesMonitoringProcCnt (0) < wFramesMonitoringSndCnt (1)
0000024653: Notify EC_NOTIFY_FRAME_RESPONSE_ERROR(No response error for cyclic frame IDX=0xbe, CycFrameNum=0, TaskId=0)
0000024654: Notify EC_NOTIFY_CYCCMD_WKC_ERROR(11, 0x10000000, 2, 15)
0000024654: Notify EC_NOTIFY_CYCCMD_WKC_ERROR(10, 0x10000800, 2, 15)
0000024656: Error: System overload: Cycle time too short or huge jitter!
0000024656: SendCycFramesByEntry(0): wFramesMonitoringProcCnt (0) < wFramesMonitoringSndCnt (1)
0000024656: Notify EC_NOTIFY_FRAME_RESPONSE_ERROR(No response error for cyclic frame IDX=0xc3, CycFrameNum=0, TaskId=0)
0000024656: Notify EC_NOTIFY_CYCCMD_WKC_ERROR(11, 0x10000000, 2, 15)
0000024656: Notify EC_NOTIFY_CYCCMD_WKC_ERROR(10, 0x10000800, 2, 15)
0000024660: Error: System overload: Cycle time too short or huge jitter!
0000024660: SendCycFramesByEntry(0): wFramesMonitoringProcCnt (0) < wFramesMonitoringSndCnt (1)
0000024660: Notify EC_NOTIFY_FRAME_RESPONSE_ERROR(No response error for cyclic frame IDX=0xcc, CycFrameNum=0, TaskId=0)
0000024661: Error: System overload: Cycle time too short or huge jitter!
0000024661: SendCycFramesByEntry(0): wFramesMonitoringProcCnt (0) < wFramesMonitoringSndCnt (1)
0000024661: Notify EC_NOTIFY_FRAME_RESPONSE_ERROR(No response error for cyclic frame IDX=0xcd, CycFrameNum=0, TaskId=0)
0000024661: Error: System overload: Cycle time too short or huge jitter!
0000024661: SendCycFramesByEntry(0): wFramesMonitoringProcCnt (0) < wFramesMonitoringSndCnt (1)
0000024661: Notify EC_NOTIFY_FRAME_RESPONSE_ERROR(No response error for cyclic frame IDX=0xce, CycFrameNum=0, TaskId=0)
0000024662: Notify EC_NOTIFY_CYCCMD_WKC_ERROR(11, 0x10000000, 2, 15)
0000024662: Notify EC_NOTIFY_CYCCMD_WKC_ERROR(10, 0x10000800, 2, 15)
0000024662: Notify EC_NOTIFY_CYCCMD_WKC_ERROR(11, 0x10000000, 2, 15)
0000024662: Notify EC_NOTIFY_CYCCMD_WKC_ERROR(10, 0x10000800, 2, 15)
0000024662: Notify EC_NOTIFY_CYCCMD_WKC_ERROR(11, 0x10000000, 2, 15)
0000024662: Notify EC_NOTIFY_CYCCMD_WKC_ERROR(10, 0x10000800, 2, 15)
0000024664: Error: System overload: Cycle time too short or huge jitter!
0000024664: SendCycFramesByEntry(0): wFramesMonitoringProcCnt (0) < wFramesMonitoringSndCnt (1)
0000024664: Notify EC_NOTIFY_FRAME_RESPONSE_ERROR(No response error for cyclic frame IDX=0xd4, CycFrameNum=0, TaskId=0)
0000024665: Notify EC_NOTIFY_CYCCMD_WKC_ERROR(11, 0x10000000, 2, 15)
0000024665: Notify EC_NOTIFY_CYCCMD_WKC_ERROR(10, 0x10000800, 2, 15)
0000024668: Error: System overload: Cycle time too short or huge jitter!
0000024668: SendCycFramesByEntry(0): wFramesMonitoringProcCnt (0) < wFramesMonitoringSndCnt (1)
0000024668: Notify EC_NOTIFY_FRAME_RESPONSE_ERROR(No response error for cyclic frame IDX=0xdb, CycFrameNum=0, TaskId=0)
0000024668: Notify EC_NOTIFY_CYCCMD_WKC_ERROR(11, 0x10000000, 2, 15)
0000024668: Notify EC_NOTIFY_CYCCMD_WKC_ERROR(10, 0x10000800, 2, 15)
0000024670: Error: System overload: Cycle time too short or huge jitter!
0000024670: SendCycFramesByEntry(0): wFramesMonitoringProcCnt (0) < wFramesMonitoringSndCnt (1)
0000024670: Notify EC_NOTIFY_FRAME_RESPONSE_ERROR(No response error for cyclic frame IDX=0x1, CycFrameNum=0, TaskId=0)
0000024670: Error: System overload: Cycle time too short or huge jitter!
0000024670: SendCycFramesByEntry(0): wFramesMonitoringProcCnt (0) < wFramesMonitoringSndCnt (1)
0000024670: Notify EC_NOTIFY_FRAME_RESPONSE_ERROR(No response error for cyclic frame IDX=0x2, CycFrameNum=0, TaskId=0)
0000024671: Notify EC_NOTIFY_CYCCMD_WKC_ERROR(11, 0x10000000, 2, 15)
0000024671: Notify EC_NOTIFY_CYCCMD_WKC_ERROR(10, 0x10000800, 2, 15)
0000024671: Notify EC_NOTIFY_CYCCMD_WKC_ERROR(11, 0x10000000, 2, 15)
0000024671: Notify EC_NOTIFY_CYCCMD_WKC_ERROR(10, 0x10000800, 2, 15)
0000024671: Error: System overload: Cycle time too short or huge jitter!
0000024671: SendCycFramesByEntry(0): wFramesMonitoringProcCnt (0) < wFramesMonitoringSndCnt (1)
0000024671: Notify EC_NOTIFY_FRAME_RESPONSE_ERROR(No response error for cyclic frame IDX=0x4, CycFrameNum=0, TaskId=0)
0000024672: Notify EC_NOTIFY_CYCCMD_WKC_ERROR(11, 0x10000000, 2, 15)
0000024672: Notify EC_NOTIFY_CYCCMD_WKC_ERROR(10, 0x10000800, 2, 15)
0000024673: Error: System overload: Cycle time too short or huge jitter!
0000024673: SendCycFramesByEntry(0): wFramesMonitoringProcCnt (0) < wFramesMonitoringSndCnt (1)
0000024673: Notify EC_NOTIFY_FRAME_RESPONSE_ERROR(No response error for cyclic frame IDX=0x7, CycFrameNum=0, TaskId=0)
0000024673: Notify EC_NOTIFY_CYCCMD_WKC_ERROR(11, 0x10000000, 2, 15)
0000024673: Notify EC_NOTIFY_CYCCMD_WKC_ERROR(10, 0x10000800, 2, 15)
0000024674: Error: System overload: Cycle time too short or huge jitter!
0000024674: SendCycFramesByEntry(0): wFramesMonitoringProcCnt (0) < wFramesMonitoringSndCnt (1)
0000024674: Notify EC_NOTIFY_FRAME_RESPONSE_ERROR(No response error for cyclic frame IDX=0x9, CycFrameNum=0, TaskId=0)
0000024674: Notify EC_NOTIFY_CYCCMD_WKC_ERROR(11, 0x10000000, 2, 15)
0000024674: Notify EC_NOTIFY_CYCCMD_WKC_ERROR(10, 0x10000800, 2, 15)
0000024675: Notify EC_NOTIFY_CYCCMD_WKC_ERROR(11, 0x10000000, 2, 15)
0000024675: Notify EC_NOTIFY_CYCCMD_WKC_ERROR(10, 0x10000800, 2, 15)
0000024676: Error: System overload: Cycle time too short or huge jitter!
0000024676: SendCycFramesByEntry(0): wFramesMonitoringProcCnt (0) < wFramesMonitoringSndCnt (1)
0000024676: Notify EC_NOTIFY_FRAME_RESPONSE_ERROR(No response error for cyclic frame IDX=0xe, CycFrameNum=0, TaskId=0)
0000024677: Notify EC_NOTIFY_CYCCMD_WKC_ERROR(11, 0x10000000, 2, 15)
0000024677: Notify EC_NOTIFY_CYCCMD_WKC_ERROR(10, 0x10000800, 2, 15)
0000024678: Error: System overload: Cycle time too short or huge jitter!
0000024678: SendCycFramesByEntry(0): wFramesMonitoringProcCnt (0) < wFramesMonitoringSndCnt (1)
0000024678: Notify EC_NOTIFY_FRAME_RESPONSE_ERROR(No response error for cyclic frame IDX=0x12, CycFrameNum=0, TaskId=0)
0000024679: Error: System overload: Cycle time too short or huge jitter!
0000024679: SendCycFramesByEntry(0): wFramesMonitoringProcCnt (0) < wFramesMonitoringSndCnt (1)
0000024679: Notify EC_NOTIFY_FRAME_RESPONSE_ERROR(No response error for cyclic frame IDX=0x13, CycFrameNum=0, TaskId=0)
0000024679: Notify EC_NOTIFY_CYCCMD_WKC_ERROR(11, 0x10000000, 2, 15)
0000024679: Notify EC_NOTIFY_CYCCMD_WKC_ERROR(10, 0x10000800, 2, 15)
0000024679: Notify EC_NOTIFY_CYCCMD_WKC_ERROR(11, 0x10000000, 2, 15)
0000024679: Notify EC_NOTIFY_CYCCMD_WKC_ERROR(10, 0x10000800, 2, 15)
0000024680: Error: System overload: Cycle time too short or huge jitter!
0000024680: SendCycFramesByEntry(0): wFramesMonitoringProcCnt (0) < wFramesMonitoringSndCnt (1)
0000024680: Notify EC_NOTIFY_FRAME_RESPONSE_ERROR(No response error for cyclic frame IDX=0x15, CycFrameNum=0, TaskId=0)
0000024680: Notify EC_NOTIFY_CYCCMD_WKC_ERROR(11, 0x10000000, 2, 15)
0000024680: Notify EC_NOTIFY_CYCCMD_WKC_ERROR(10, 0x10000800, 2, 15)
0000024681: Error: System overload: Cycle time too short or huge jitter!
0000024681: SendCycFramesByEntry(0): wFramesMonitoringProcCnt (0) < wFramesMonitoringSndCnt (1)
0000024681: Notify EC_NOTIFY_FRAME_RESPONSE_ERROR(No response error for cyclic frame IDX=0x17, CycFrameNum=0, TaskId=0)
0000024681: Error: System overload: Cycle time too short or huge jitter!
0000024681: SendCycFramesByEntry(0): wFramesMonitoringProcCnt (0) < wFramesMonitoringSndCnt (1)
0000024681: Notify EC_NOTIFY_FRAME_RESPONSE_ERROR(No response error for cyclic frame IDX=0x18, CycFrameNum=0, TaskId=0)
0000024682: Notify EC_NOTIFY_CYCCMD_WKC_ERROR(11, 0x10000000, 2, 15)
0000024682: Notify EC_NOTIFY_CYCCMD_WKC_ERROR(10, 0x10000800, 2, 15)
0000024682: Notify EC_NOTIFY_CYCCMD_WKC_ERROR(11, 0x10000000, 2, 15)
0000024682: Notify EC_NOTIFY_CYCCMD_WKC_ERROR(10, 0x10000800, 2, 15)
0000024682: Error: System overload: Cycle time too short or huge jitter!
0000024682: SendCycFramesByEntry(0): wFramesMonitoringProcCnt (0) < wFramesMonitoringSndCnt (1)
0000024682: Notify EC_NOTIFY_FRAME_RESPONSE_ERROR(No response error for cyclic frame IDX=0x1a, CycFrameNum=0, TaskId=0)
0000024683: Error: System overload: Cycle time too short or huge jitter!
0000024683: SendCycFramesByEntry(0): wFramesMonitoringProcCnt (0) < wFramesMonitoringSndCnt (1)
0000024683: Notify EC_NOTIFY_FRAME_RESPONSE_ERROR(No response error for cyclic frame IDX=0x1b, CycFrameNum=0, TaskId=0)
0000024683: Error: System overload: Cycle time too short or huge jitter!
0000024683: SendCycFramesByEntry(0): wFramesMonitoringProcCnt (0) < wFramesMonitoringSndCnt (1)
0000024683: Notify EC_NOTIFY_FRAME_RESPONSE_ERROR(No response error for cyclic frame IDX=0x1c, CycFrameNum=0, TaskId=0)
0000024684: Notify EC_NOTIFY_CYCCMD_WKC_ERROR(11, 0x10000000, 2, 15)
0000024684: Notify EC_NOTIFY_CYCCMD_WKC_ERROR(10, 0x10000800, 2, 15)
0000024684: Notify EC_NOTIFY_CYCCMD_WKC_ERROR(11, 0x10000000, 2, 15)
0000024684: Notify EC_NOTIFY_CYCCMD_WKC_ERROR(10, 0x10000800, 2, 15)
0000024684: Notify EC_NOTIFY_CYCCMD_WKC_ERROR(11, 0x10000000, 2, 15)
0000024684: Notify EC_NOTIFY_CYCCMD_WKC_ERROR(10, 0x10000800, 2, 15)
0000024685: Error: System overload: Cycle time too short or huge jitter!
0000024685: SendCycFramesByEntry(0): wFramesMonitoringProcCnt (0) < wFramesMonitoringSndCnt (1)
0000024685: Notify EC_NOTIFY_FRAME_RESPONSE_ERROR(No response error for cyclic frame IDX=0x1f, CycFrameNum=0, TaskId=0)
0000024685: Notify EC_NOTIFY_CYCCMD_WKC_ERROR(11, 0x10000000, 2, 15)
0000024685: Notify EC_NOTIFY_CYCCMD_WKC_ERROR(10, 0x10000800, 2, 15)
0000024686: Error: System overload: Cycle time too short or huge jitter!
0000024686: SendCycFramesByEntry(0): wFramesMonitoringProcCnt (0) < wFramesMonitoringSndCnt (1)
0000024686: Notify EC_NOTIFY_FRAME_RESPONSE_ERROR(No response error for cyclic frame IDX=0x21, CycFrameNum=0, TaskId=0)
0000024686: Error: System overload: Cycle time too short or huge jitter!
0000024686: SendCycFramesByEntry(0): wFramesMonitoringProcCnt (0) < wFramesMonitoringSndCnt (1)
0000024686: Notify EC_NOTIFY_FRAME_RESPONSE_ERROR(No response error for cyclic frame IDX=0x22, CycFrameNum=0, TaskId=0)
0000024687: Error: System overload: Cycle time too short or huge jitter!
0000024687: SendCycFramesByEntry(0): wFramesMonitoringProcCnt (0) < wFramesMonitoringSndCnt (1)
0000024687: Notify EC_NOTIFY_FRAME_RESPONSE_ERROR(No response error for cyclic frame IDX=0x23, CycFrameNum=0, TaskId=0)
0000024687: Notify EC_NOTIFY_CYCCMD_WKC_ERROR(11, 0x10000000, 2, 15)
0000024687: Notify EC_NOTIFY_CYCCMD_WKC_ERROR(10, 0x10000800, 2, 15)
0000024687: Notify EC_NOTIFY_CYCCMD_WKC_ERROR(11, 0x10000000, 2, 15)
0000024687: Notify EC_NOTIFY_CYCCMD_WKC_ERROR(10, 0x10000800, 2, 15)
0000024687: Notify EC_NOTIFY_CYCCMD_WKC_ERROR(11, 0x10000000, 2, 15)
0000024687: Notify EC_NOTIFY_CYCCMD_WKC_ERROR(10, 0x10000800, 2, 15)
0000024689: Error: System overload: Cycle time too short or huge jitter!
0000024689: SendCycFramesByEntry(0): wFramesMonitoringProcCnt (0) < wFramesMonitoringSndCnt (1)
0000024689: Notify EC_NOTIFY_FRAME_RESPONSE_ERROR(No response error for cyclic frame IDX=0x27, CycFrameNum=0, TaskId=0)
0000024689: Notify EC_NOTIFY_CYCCMD_WKC_ERROR(11, 0x10000000, 2, 15)
0000024689: Notify EC_NOTIFY_CYCCMD_WKC_ERROR(10, 0x10000800, 2, 15)
0000024690: Error: System overload: Cycle time too short or huge jitter!
0000024690: SendCycFramesByEntry(0): wFramesMonitoringProcCnt (0) < wFramesMonitoringSndCnt (1)
0000024690: Notify EC_NOTIFY_FRAME_RESPONSE_ERROR(No response error for cyclic frame IDX=0x29, CycFrameNum=0, TaskId=0)
0000024690: Notify EC_NOTIFY_CYCCMD_WKC_ERROR(11, 0x10000000, 2, 15)
0000024690: Notify EC_NOTIFY_CYCCMD_WKC_ERROR(10, 0x10000800, 2, 15)
0000024693: Error: System overload: Cycle time too short or huge jitter!
0000024693: SendCycFramesByEntry(0): wFramesMonitoringProcCnt (0) < wFramesMonitoringSndCnt (1)
0000024693: Notify EC_NOTIFY_FRAME_RESPONSE_ERROR(No response error for cyclic frame IDX=0x30, CycFrameNum=0, TaskId=0)
0000024694: Notify EC_NOTIFY_CYCCMD_WKC_ERROR(11, 0x10000000, 2, 15)
0000024694: Notify EC_NOTIFY_CYCCMD_WKC_ERROR(10, 0x10000800, 2, 15)
0000024694: Error: System overload: Cycle time too short or huge jitter!
0000024694: SendCycFramesByEntry(0): wFramesMonitoringProcCnt (0) < wFramesMonitoringSndCnt (1)
0000024694: Notify EC_NOTIFY_FRAME_RESPONSE_ERROR(No response error for cyclic frame IDX=0x32, CycFrameNum=0, TaskId=0)
0000024695: Error: System overload: Cycle time too short or huge jitter!
0000024695: SendCycFramesByEntry(0): wFramesMonitoringProcCnt (0) < wFramesMonitoringSndCnt (1)
0000024695: Notify EC_NOTIFY_FRAME_RESPONSE_ERROR(No response error for cyclic frame IDX=0x33, CycFrameNum=0, TaskId=0)
0000024695: Notify EC_NOTIFY_CYCCMD_WKC_ERROR(11, 0x10000000, 2, 15)
0000024695: Notify EC_NOTIFY_CYCCMD_WKC_ERROR(10, 0x10000800, 2, 15)
0000024695: Notify EC_NOTIFY_CYCCMD_WKC_ERROR(11, 0x10000000, 2, 15)
0000024695: Notify EC_NOTIFY_CYCCMD_WKC_ERROR(10, 0x10000800, 2, 15)
0000024696: Error: System overload: Cycle time too short or huge jitter!
0000024696: SendCycFramesByEntry(0): wFramesMonitoringProcCnt (0) < wFramesMonitoringSndCnt (1)
0000024696: Notify EC_NOTIFY_FRAME_RESPONSE_ERROR(No response error for cyclic frame IDX=0x35, CycFrameNum=0, TaskId=0)
0000024696: Notify EC_NOTIFY_CYCCMD_WKC_ERROR(11, 0x10000000, 2, 15)
0000024696: Notify EC_NOTIFY_CYCCMD_WKC_ERROR(10, 0x10000800, 2, 15)
0000024697: Error: System overload: Cycle time too short or huge jitter!
0000024697: SendCycFramesByEntry(0): wFramesMonitoringProcCnt (0) < wFramesMonitoringSndCnt (1)
0000024697: Notify EC_NOTIFY_FRAME_RESPONSE_ERROR(No response error for cyclic frame IDX=0x38, CycFrameNum=0, TaskId=0)
0000024698: Error: System overload: Cycle time too short or huge jitter!
0000024698: SendCycFramesByEntry(0): wFramesMonitoringProcCnt (0) < wFramesMonitoringSndCnt (1)
0000024698: Notify EC_NOTIFY_FRAME_RESPONSE_ERROR(No response error for cyclic frame IDX=0x39, CycFrameNum=0, TaskId=0)
0000024698: Notify EC_NOTIFY_CYCCMD_WKC_ERROR(11, 0x10000000, 2, 15)
0000024698: Notify EC_NOTIFY_CYCCMD_WKC_ERROR(10, 0x10000800, 2, 15)
0000024698: Notify EC_NOTIFY_CYCCMD_WKC_ERROR(11, 0x10000000, 2, 15)
0000024698: Notify EC_NOTIFY_CYCCMD_WKC_ERROR(10, 0x10000800, 2, 15)
0000024699: Error: System overload: Cycle time too short or huge jitter!
0000024699: SendCycFramesByEntry(0): wFramesMonitoringProcCnt (0) < wFramesMonitoringSndCnt (1)
0000024699: Notify EC_NOTIFY_FRAME_RESPONSE_ERROR(No response error for cyclic frame IDX=0x3c, CycFrameNum=0, TaskId=0)
0000024700: Notify EC_NOTIFY_CYCCMD_WKC_ERROR(11, 0x10000000, 2, 15)
0000024700: Notify EC_NOTIFY_CYCCMD_WKC_ERROR(10, 0x10000800, 2, 15)
0000024700: Error: System overload: Cycle time too short or huge jitter!
0000024700: SendCycFramesByEntry(0): wFramesMonitoringProcCnt (0) < wFramesMonitoringSndCnt (1)
0000024700: Notify EC_NOTIFY_FRAME_RESPONSE_ERROR(No response error for cyclic frame IDX=0x3e, CycFrameNum=0, TaskId=0)
0000024701: Notify EC_NOTIFY_CYCCMD_WKC_ERROR(11, 0x10000000, 2, 15)
0000024701: Notify EC_NOTIFY_CYCCMD_WKC_ERROR(10, 0x10000800, 2, 15)
0000024702: Error: System overload: Cycle time too short or huge jitter!
0000024702: SendCycFramesByEntry(0): wFramesMonitoringProcCnt (0) < wFramesMonitoringSndCnt (1)
0000024702: Notify EC_NOTIFY_FRAME_RESPONSE_ERROR(No response error for cyclic frame IDX=0x41, CycFrameNum=0, TaskId=0)
0000024702: Notify EC_NOTIFY_CYCCMD_WKC_ERROR(11, 0x10000000, 2, 15)
0000024702: Notify EC_NOTIFY_CYCCMD_WKC_ERROR(10, 0x10000800, 2, 15)
0000024703: Error: System overload: Cycle time too short or huge jitter!
0000024703: SendCycFramesByEntry(0): wFramesMonitoringProcCnt (0) < wFramesMonitoringSndCnt (1)
0000024703: Notify EC_NOTIFY_FRAME_RESPONSE_ERROR(No response error for cyclic frame IDX=0x43, CycFrameNum=0, TaskId=0)
0000024703: Error: System overload: Cycle time too short or huge jitter!
0000024703: SendCycFramesByEntry(0): wFramesMonitoringProcCnt (0) < wFramesMonitoringSndCnt (1)
0000024703: Notify EC_NOTIFY_FRAME_RESPONSE_ERROR(No response error for cyclic frame IDX=0x44, CycFrameNum=0, TaskId=0)
0000024704: Notify EC_NOTIFY_CYCCMD_WKC_ERROR(11, 0x10000000, 2, 15)
0000024704: Notify EC_NOTIFY_CYCCMD_WKC_ERROR(10, 0x10000800, 2, 15)
0000024704: Notify EC_NOTIFY_CYCCMD_WKC_ERROR(11, 0x10000000, 2, 15)
0000024704: Notify EC_NOTIFY_CYCCMD_WKC_ERROR(10, 0x10000800, 2, 15)
0000024705: Notify EC_NOTIFY_CYCCMD_WKC_ERROR(11, 0x10000000, 2, 15)
0000024705: Notify EC_NOTIFY_CYCCMD_WKC_ERROR(10, 0x10000800, 2, 15)
0000024706: Error: System overload: Cycle time too short or huge jitter!
0000024706: SendCycFramesByEntry(0): wFramesMonitoringProcCnt (0) < wFramesMonitoringSndCnt (1)
0000024706: Notify EC_NOTIFY_FRAME_RESPONSE_ERROR(No response error for cyclic frame IDX=0x49, CycFrameNum=0, TaskId=0)
0000024706: Error: System overload: Cycle time too short or huge jitter!
0000024706: SendCycFramesByEntry(0): wFramesMonitoringProcCnt (0) < wFramesMonitoringSndCnt (1)
0000024706: Notify EC_NOTIFY_FRAME_RESPONSE_ERROR(No response error for cyclic frame IDX=0x4a, CycFrameNum=0, TaskId=0)
0000024707: Notify EC_NOTIFY_CYCCMD_WKC_ERROR(11, 0x10000000, 2, 15)
0000024707: Notify EC_NOTIFY_CYCCMD_WKC_ERROR(10, 0x10000800, 2, 15)
0000024707: Notify EC_NOTIFY_CYCCMD_WKC_ERROR(11, 0x10000000, 2, 15)
0000024707: Notify EC_NOTIFY_CYCCMD_WKC_ERROR(10, 0x10000800, 2, 15)
0000024708: Error: System overload: Cycle time too short or huge jitter!
0000024708: SendCycFramesByEntry(0): wFramesMonitoringProcCnt (0) < wFramesMonitoringSndCnt (1)
0000024708: Notify EC_NOTIFY_FRAME_RESPONSE_ERROR(No response error for cyclic frame IDX=0x4d, CycFrameNum=0, TaskId=0)
0000024708: Notify EC_NOTIFY_CYCCMD_WKC_ERROR(11, 0x10000000, 2, 15)
0000024708: Notify EC_NOTIFY_CYCCMD_WKC_ERROR(10, 0x10000800, 2, 15)
0000024709: Error: System overload: Cycle time too short or huge jitter!
0000024709: SendCycFramesByEntry(0): wFramesMonitoringProcCnt (0) < wFramesMonitoringSndCnt (1)
0000024709: Notify EC_NOTIFY_FRAME_RESPONSE_ERROR(No response error for cyclic frame IDX=0x50, CycFrameNum=0, TaskId=0)
0000024710: Notify EC_NOTIFY_CYCCMD_WKC_ERROR(11, 0x10000000, 2, 15)
0000024710: Notify EC_NOTIFY_CYCCMD_WKC_ERROR(10, 0x10000800, 2, 15)
0000024710: Error: System overload: Cycle time too short or huge jitter!
0000024710: SendCycFramesByEntry(0): wFramesMonitoringProcCnt (0) < wFramesMonitoringSndCnt (1)
0000024710: Notify EC_NOTIFY_FRAME_RESPONSE_ERROR(No response error for cyclic frame IDX=0x52, CycFrameNum=0, TaskId=0)
0000024711: Notify EC_NOTIFY_CYCCMD_WKC_ERROR(11, 0x10000000, 2, 15)
0000024711: Notify EC_NOTIFY_CYCCMD_WKC_ERROR(10, 0x10000800, 2, 15)
0000024713: Error: System overload: Cycle time too short or huge jitter!
0000024713: SendCycFramesByEntry(0): wFramesMonitoringProcCnt (0) < wFramesMonitoringSndCnt (1)
0000024713: Notify EC_NOTIFY_FRAME_RESPONSE_ERROR(No response error for cyclic frame IDX=0x57, CycFrameNum=0, TaskId=0)
0000024713: Notify EC_NOTIFY_CYCCMD_WKC_ERROR(11, 0x10000000, 2, 15)
0000024713: Notify EC_NOTIFY_CYCCMD_WKC_ERROR(10, 0x10000800, 2, 15)
0000024714: Error: System overload: Cycle time too short or huge jitter!
0000024714: SendCycFramesByEntry(0): wFramesMonitoringProcCnt (0) < wFramesMonitoringSndCnt (1)
0000024714: Notify EC_NOTIFY_FRAME_RESPONSE_ERROR(No response error for cyclic frame IDX=0x59, CycFrameNum=0, TaskId=0)
0000024714: Notify EC_NOTIFY_CYCCMD_WKC_ERROR(11, 0x10000000, 2, 15)
0000024714: Notify EC_NOTIFY_CYCCMD_WKC_ERROR(10, 0x10000800, 2, 15)
0000024718: Error: System overload: Cycle time too short or huge jitter!
0000024718: SendCycFramesByEntry(0): wFramesMonitoringProcCnt (0) < wFramesMonitoringSndCnt (1)
0000024718: Notify EC_NOTIFY_FRAME_RESPONSE_ERROR(No response error for cyclic frame IDX=0x61, CycFrameNum=0, TaskId=0)
0000024718: Notify EC_NOTIFY_CYCCMD_WKC_ERROR(11, 0x10000000, 2, 15)
0000024718: Notify EC_NOTIFY_CYCCMD_WKC_ERROR(10, 0x10000800, 2, 15)
0000024719: Error: System overload: Cycle time too short or huge jitter!
0000024719: SendCycFramesByEntry(0): wFramesMonitoringProcCnt (0) < wFramesMonitoringSndCnt (1)
0000024719: Notify EC_NOTIFY_FRAME_RESPONSE_ERROR(No response error for cyclic frame IDX=0x63, CycFrameNum=0, TaskId=0)
0000024719: Notify EC_NOTIFY_CYCCMD_WKC_ERROR(11, 0x10000000, 2, 15)
0000024719: Notify EC_NOTIFY_CYCCMD_WKC_ERROR(10, 0x10000800, 2, 15)
0000024720: Error: System overload: Cycle time too short or huge jitter!
0000024720: SendCycFramesByEntry(0): wFramesMonitoringProcCnt (0) < wFramesMonitoringSndCnt (1)
0000024720: Notify EC_NOTIFY_FRAME_RESPONSE_ERROR(No response error for cyclic frame IDX=0x65, CycFrameNum=0, TaskId=0)
0000024720: Notify EC_NOTIFY_CYCCMD_WKC_ERROR(11, 0x10000000, 2, 15)
0000024720: Notify EC_NOTIFY_CYCCMD_WKC_ERROR(10, 0x10000800, 2, 15)
0000024722: Error: System overload: Cycle time too short or huge jitter!
0000024722: SendCycFramesByEntry(0): wFramesMonitoringProcCnt (0) < wFramesMonitoringSndCnt (1)
0000024722: Notify EC_NOTIFY_FRAME_RESPONSE_ERROR(No response error for cyclic frame IDX=0x6a, CycFrameNum=0, TaskId=0)
0000024723: Notify EC_NOTIFY_CYCCMD_WKC_ERROR(11, 0x10000000, 2, 15)
0000024723: Notify EC_NOTIFY_CYCCMD_WKC_ERROR(10, 0x10000800, 2, 15)
0000024726: Error: System overload: Cycle time too short or huge jitter!
0000024726: SendCycFramesByEntry(0): wFramesMonitoringProcCnt (0) < wFramesMonitoringSndCnt (1)
0000024726: Notify EC_NOTIFY_FRAME_RESPONSE_ERROR(No response error for cyclic frame IDX=0x72, CycFrameNum=0, TaskId=0)
0000024727: Notify EC_NOTIFY_CYCCMD_WKC_ERROR(11, 0x10000000, 2, 15)
0000024727: Notify EC_NOTIFY_CYCCMD_WKC_ERROR(10, 0x10000800, 2, 15)
0000024727: Error: System overload: Cycle time too short or huge jitter!
0000024727: SendCycFramesByEntry(0): wFramesMonitoringProcCnt (0) < wFramesMonitoringSndCnt (1)
0000024727: Notify EC_NOTIFY_FRAME_RESPONSE_ERROR(No response error for cyclic frame IDX=0x74, CycFrameNum=0, TaskId=0)
0000024728: Notify EC_NOTIFY_CYCCMD_WKC_ERROR(11, 0x10000000, 2, 15)
0000024728: Notify EC_NOTIFY_CYCCMD_WKC_ERROR(10, 0x10000800, 2, 15)
0000024728: Error: System overload: Cycle time too short or huge jitter!
0000024728: SendCycFramesByEntry(0): wFramesMonitoringProcCnt (0) < wFramesMonitoringSndCnt (1)
0000024728: Notify EC_NOTIFY_FRAME_RESPONSE_ERROR(No response error for cyclic frame IDX=0x76, CycFrameNum=0, TaskId=0)
0000024729: Error: System overload: Cycle time too short or huge jitter!
0000024729: SendCycFramesByEntry(0): wFramesMonitoringProcCnt (0) < wFramesMonitoringSndCnt (1)
0000024729: Notify EC_NOTIFY_FRAME_RESPONSE_ERROR(No response error for cyclic frame IDX=0x77, CycFrameNum=0, TaskId=0)
0000024729: Error: System overload: Cycle time too short or huge jitter!
0000024729: SendCycFramesByEntry(0): wFramesMonitoringProcCnt (0) < wFramesMonitoringSndCnt (1)
0000024729: Notify EC_NOTIFY_FRAME_RESPONSE_ERROR(No response error for cyclic frame IDX=0x78, CycFrameNum=0, TaskId=0)
0000024730: Error: System overload: Cycle time too short or huge jitter!
0000024730: SendCycFramesByEntry(0): wFramesMonitoringProcCnt (0) < wFramesMonitoringSndCnt (1)
0000024730: Notify EC_NOTIFY_FRAME_RESPONSE_ERROR(No response error for cyclic frame IDX=0x79, CycFrameNum=0, TaskId=0)
0000024730: Notify EC_NOTIFY_CYCCMD_WKC_ERROR(11, 0x10000000, 2, 15)
0000024730: Notify EC_NOTIFY_CYCCMD_WKC_ERROR(10, 0x10000800, 2, 15)
0000024730: Notify EC_NOTIFY_CYCCMD_WKC_ERROR(11, 0x10000000, 2, 15)
0000024730: Notify EC_NOTIFY_CYCCMD_WKC_ERROR(10, 0x10000800, 2, 15)
0000024730: Notify EC_NOTIFY_CYCCMD_WKC_ERROR(11, 0x10000000, 2, 15)
0000024730: Notify EC_NOTIFY_CYCCMD_WKC_ERROR(10, 0x10000800, 2, 15)
0000024730: Notify EC_NOTIFY_CYCCMD_WKC_ERROR(11, 0x10000000, 2, 15)
0000024730: Notify EC_NOTIFY_CYCCMD_WKC_ERROR(10, 0x10000800, 2, 15)
0000024731: Error: System overload: Cycle time too short or huge jitter!
0000024731: SendCycFramesByEntry(0): wFramesMonitoringProcCnt (0) < wFramesMonitoringSndCnt (1)
0000024731: Notify EC_NOTIFY_FRAME_RESPONSE_ERROR(No response error for cyclic frame IDX=0x7b, CycFrameNum=0, TaskId=0)
0000024731: Notify EC_NOTIFY_CYCCMD_WKC_ERROR(11, 0x10000000, 2, 15)
0000024731: Notify EC_NOTIFY_CYCCMD_WKC_ERROR(10, 0x10000800, 2, 15)
0000024732: Error: System overload: Cycle time too short or huge jitter!
0000024732: SendCycFramesByEntry(0): wFramesMonitoringProcCnt (0) < wFramesMonitoringSndCnt (1)
0000024732: Notify EC_NOTIFY_FRAME_RESPONSE_ERROR(No response error for cyclic frame IDX=0x7d, CycFrameNum=0, TaskId=0)
0000024732: Notify EC_NOTIFY_CYCCMD_WKC_ERROR(11, 0x10000000, 2, 15)
0000024732: Notify EC_NOTIFY_CYCCMD_WKC_ERROR(10, 0x10000800, 2, 15)
0000024733: Error: System overload: Cycle time too short or huge jitter!
0000024733: SendCycFramesByEntry(0): wFramesMonitoringProcCnt (0) < wFramesMonitoringSndCnt (1)
0000024733: Notify EC_NOTIFY_FRAME_RESPONSE_ERROR(No response error for cyclic frame IDX=0x80, CycFrameNum=0, TaskId=0)
0000024734: Notify EC_NOTIFY_CYCCMD_WKC_ERROR(11, 0x10000000, 2, 15)
0000024734: Notify EC_NOTIFY_CYCCMD_WKC_ERROR(10, 0x10000800, 2, 15)
0000024735: Error: System overload: Cycle time too short or huge jitter!
0000024735: SendCycFramesByEntry(0): wFramesMonitoringProcCnt (0) < wFramesMonitoringSndCnt (1)
0000024735: Notify EC_NOTIFY_FRAME_RESPONSE_ERROR(No response error for cyclic frame IDX=0x83, CycFrameNum=0, TaskId=0)
0000024735: Notify EC_NOTIFY_CYCCMD_WKC_ERROR(11, 0x10000000, 2, 15)
0000024735: Notify EC_NOTIFY_CYCCMD_WKC_ERROR(10, 0x10000800, 2, 15)
0000024737: Error: System overload: Cycle time too short or huge jitter!
0000024737: SendCycFramesByEntry(0): wFramesMonitoringProcCnt (0) < wFramesMonitoringSndCnt (1)
0000024737: Notify EC_NOTIFY_FRAME_RESPONSE_ERROR(No response error for cyclic frame IDX=0x87, CycFrameNum=0, TaskId=0)
0000024737: Notify EC_NOTIFY_CYCCMD_WKC_ERROR(11, 0x10000000, 2, 15)
0000024737: Notify EC_NOTIFY_CYCCMD_WKC_ERROR(10, 0x10000800, 2, 15)
0000024739: Error: System overload: Cycle time too short or huge jitter!
0000024739: SendCycFramesByEntry(0): wFramesMonitoringProcCnt (0) < wFramesMonitoringSndCnt (1)
0000024739: Notify EC_NOTIFY_FRAME_RESPONSE_ERROR(No response error for cyclic frame IDX=0x8c, CycFrameNum=0, TaskId=0)
0000024740: Error: System overload: Cycle time too short or huge jitter!
0000024740: SendCycFramesByEntry(0): wFramesMonitoringProcCnt (0) < wFramesMonitoringSndCnt (1)
0000024740: Notify EC_NOTIFY_FRAME_RESPONSE_ERROR(No response error for cyclic frame IDX=0x8d, CycFrameNum=0, TaskId=0)
0000024740: Notify EC_NOTIFY_CYCCMD_WKC_ERROR(11, 0x10000000, 2, 15)
0000024740: Notify EC_NOTIFY_CYCCMD_WKC_ERROR(10, 0x10000800, 2, 15)
0000024740: Notify EC_NOTIFY_CYCCMD_WKC_ERROR(11, 0x10000000, 2, 15)
0000024740: Notify EC_NOTIFY_CYCCMD_WKC_ERROR(10, 0x10000800, 2, 15)
0000024741: Error: System overload: Cycle time too short or huge jitter!
0000024741: SendCycFramesByEntry(0): wFramesMonitoringProcCnt (0) < wFramesMonitoringSndCnt (1)
0000024741: Notify EC_NOTIFY_FRAME_RESPONSE_ERROR(No response error for cyclic frame IDX=0x8f, CycFrameNum=0, TaskId=0)
0000024741: Notify EC_NOTIFY_CYCCMD_WKC_ERROR(11, 0x10000000, 2, 15)
0000024741: Notify EC_NOTIFY_CYCCMD_WKC_ERROR(10, 0x10000800, 2, 15)
0000024742: Error: System overload: Cycle time too short or huge jitter!
0000024742: SendCycFramesByEntry(0): wFramesMonitoringProcCnt (0) < wFramesMonitoringSndCnt (1)
0000024742: Notify EC_NOTIFY_FRAME_RESPONSE_ERROR(No response error for cyclic frame IDX=0x91, CycFrameNum=0, TaskId=0)
0000024742: Notify EC_NOTIFY_CYCCMD_WKC_ERROR(11, 0x10000000, 2, 15)
0000024742: Notify EC_NOTIFY_CYCCMD_WKC_ERROR(10, 0x10000800, 2, 15)
0000024743: Error: System overload: Cycle time too short or huge jitter!
0000024743: SendCycFramesByEntry(0): wFramesMonitoringProcCnt (0) < wFramesMonitoringSndCnt (1)
0000024743: Notify EC_NOTIFY_FRAME_RESPONSE_ERROR(No response error for cyclic frame IDX=0x93, CycFrameNum=0, TaskId=0)
0000024743: Notify EC_NOTIFY_CYCCMD_WKC_ERROR(11, 0x10000000, 2, 15)
0000024743: Notify EC_NOTIFY_CYCCMD_WKC_ERROR(10, 0x10000800, 2, 15)
0000024744: Error: System overload: Cycle time too short or huge jitter!
0000024744: SendCycFramesByEntry(0): wFramesMonitoringProcCnt (0) < wFramesMonitoringSndCnt (1)
0000024744: Notify EC_NOTIFY_FRAME_RESPONSE_ERROR(No response error for cyclic frame IDX=0x96, CycFrameNum=0, TaskId=0)
0000024745: Notify EC_NOTIFY_CYCCMD_WKC_ERROR(11, 0x10000000, 2, 15)
0000024745: Notify EC_NOTIFY_CYCCMD_WKC_ERROR(10, 0x10000800, 2, 15)
0000024746: Error: System overload: Cycle time too short or huge jitter!
0000024746: SendCycFramesByEntry(0): wFramesMonitoringProcCnt (0) < wFramesMonitoringSndCnt (1)
0000024746: Notify EC_NOTIFY_FRAME_RESPONSE_ERROR(No response error for cyclic frame IDX=0x9a, CycFrameNum=0, TaskId=0)
0000024747: Error: System overload: Cycle time too short or huge jitter!
0000024747: SendCycFramesByEntry(0): wFramesMonitoringProcCnt (0) < wFramesMonitoringSndCnt (1)
0000024747: Notify EC_NOTIFY_FRAME_RESPONSE_ERROR(No response error for cyclic frame IDX=0x9b, CycFrameNum=0, TaskId=0)
0000024747: Notify EC_NOTIFY_CYCCMD_WKC_ERROR(11, 0x10000000, 2, 15)
0000024747: Notify EC_NOTIFY_CYCCMD_WKC_ERROR(10, 0x10000800, 2, 15)
0000024747: Notify EC_NOTIFY_CYCCMD_WKC_ERROR(11, 0x10000000, 2, 15)
0000024747: Notify EC_NOTIFY_CYCCMD_WKC_ERROR(10, 0x10000800, 2, 15)
0000024748: Error: System overload: Cycle time too short or huge jitter!
0000024748: SendCycFramesByEntry(0): wFramesMonitoringProcCnt (0) < wFramesMonitoringSndCnt (1)
0000024748: Notify EC_NOTIFY_FRAME_RESPONSE_ERROR(No response error for cyclic frame IDX=0x9e, CycFrameNum=0, TaskId=0)
0000024749: Notify EC_NOTIFY_CYCCMD_WKC_ERROR(11, 0x10000000, 2, 15)
0000024749: Notify EC_NOTIFY_CYCCMD_WKC_ERROR(10, 0x10000800, 2, 15)
0000024750: Error: System overload: Cycle time too short or huge jitter!
0000024750: SendCycFramesByEntry(0): wFramesMonitoringProcCnt (0) < wFramesMonitoringSndCnt (1)
0000024750: Notify EC_NOTIFY_FRAME_RESPONSE_ERROR(No response error for cyclic frame IDX=0xa2, CycFrameNum=0, TaskId=0)
0000024751: Notify EC_NOTIFY_CYCCMD_WKC_ERROR(11, 0x10000000, 2, 15)
0000024751: Notify EC_NOTIFY_CYCCMD_WKC_ERROR(10, 0x10000800, 2, 15)
0000024752: Error: System overload: Cycle time too short or huge jitter!
0000024752: SendCycFramesByEntry(0): wFramesMonitoringProcCnt (0) < wFramesMonitoringSndCnt (1)
0000024752: Notify EC_NOTIFY_FRAME_RESPONSE_ERROR(No response error for cyclic frame IDX=0xa6, CycFrameNum=0, TaskId=0)
0000024753: Notify EC_NOTIFY_CYCCMD_WKC_ERROR(11, 0x10000000, 2, 15)
0000024753: Notify EC_NOTIFY_CYCCMD_WKC_ERROR(10, 0x10000800, 2, 15)
0000024754: Error: System overload: Cycle time too short or huge jitter!
0000024754: SendCycFramesByEntry(0): wFramesMonitoringProcCnt (0) < wFramesMonitoringSndCnt (1)
0000024754: Notify EC_NOTIFY_FRAME_RESPONSE_ERROR(No response error for cyclic frame IDX=0xa9, CycFrameNum=0, TaskId=0)
0000024754: Notify EC_NOTIFY_CYCCMD_WKC_ERROR(11, 0x10000000, 2, 15)
0000024754: Notify EC_NOTIFY_CYCCMD_WKC_ERROR(10, 0x10000800, 2, 15)
0000024755: Notify EC_NOTIFY_CYCCMD_WKC_ERROR(11, 0x10000000, 2, 15)
0000024755: Notify EC_NOTIFY_CYCCMD_WKC_ERROR(10, 0x10000800, 2, 15)
0000024757: Error: System overload: Cycle time too short or huge jitter!
0000024757: SendCycFramesByEntry(0): wFramesMonitoringProcCnt (0) < wFramesMonitoringSndCnt (1)
0000024757: Notify EC_NOTIFY_FRAME_RESPONSE_ERROR(No response error for cyclic frame IDX=0xb0, CycFrameNum=0, TaskId=0)
0000024758: Notify EC_NOTIFY_CYCCMD_WKC_ERROR(11, 0x10000000, 2, 15)
0000024758: Notify EC_NOTIFY_CYCCMD_WKC_ERROR(10, 0x10000800, 2, 15)
0000024759: Error: System overload: Cycle time too short or huge jitter!
0000024759: SendCycFramesByEntry(0): wFramesMonitoringProcCnt (0) < wFramesMonitoringSndCnt (1)
0000024759: Notify EC_NOTIFY_FRAME_RESPONSE_ERROR(No response error for cyclic frame IDX=0xb3, CycFrameNum=0, TaskId=0)
0000024759: Notify EC_NOTIFY_CYCCMD_WKC_ERROR(11, 0x10000000, 2, 15)
0000024759: Notify EC_NOTIFY_CYCCMD_WKC_ERROR(10, 0x10000800, 2, 15)
0000024761: Error: System overload: Cycle time too short or huge jitter!
0000024761: SendCycFramesByEntry(0): wFramesMonitoringProcCnt (0) < wFramesMonitoringSndCnt (1)
0000024761: Notify EC_NOTIFY_FRAME_RESPONSE_ERROR(No response error for cyclic frame IDX=0xb7, CycFrameNum=0, TaskId=0)
0000024761: Error: System overload: Cycle time too short or huge jitter!
0000024761: SendCycFramesByEntry(0): wFramesMonitoringProcCnt (0) < wFramesMonitoringSndCnt (1)
0000024761: Notify EC_NOTIFY_FRAME_RESPONSE_ERROR(No response error for cyclic frame IDX=0xb8, CycFrameNum=0, TaskId=0)
0000024762: Notify EC_NOTIFY_CYCCMD_WKC_ERROR(11, 0x10000000, 2, 15)
0000024762: Notify EC_NOTIFY_CYCCMD_WKC_ERROR(10, 0x10000800, 2, 15)
0000024762: Notify EC_NOTIFY_CYCCMD_WKC_ERROR(11, 0x10000000, 2, 15)
0000024762: Notify EC_NOTIFY_CYCCMD_WKC_ERROR(10, 0x10000800, 2, 15)
0000024762: Error: System overload: Cycle time too short or huge jitter!
0000024762: SendCycFramesByEntry(0): wFramesMonitoringProcCnt (0) < wFramesMonitoringSndCnt (1)
0000024762: Notify EC_NOTIFY_FRAME_RESPONSE_ERROR(No response error for cyclic frame IDX=0xba, CycFrameNum=0, TaskId=0)
0000024763: Notify EC_NOTIFY_CYCCMD_WKC_ERROR(11, 0x10000000, 2, 15)
0000024763: Notify EC_NOTIFY_CYCCMD_WKC_ERROR(10, 0x10000800, 2, 15)
0000024763: Error: System overload: Cycle time too short or huge jitter!
0000024763: SendCycFramesByEntry(0): wFramesMonitoringProcCnt (0) < wFramesMonitoringSndCnt (1)
0000024763: Notify EC_NOTIFY_FRAME_RESPONSE_ERROR(No response error for cyclic frame IDX=0xbc, CycFrameNum=0, TaskId=0)
0000024764: Notify EC_NOTIFY_CYCCMD_WKC_ERROR(11, 0x10000000, 2, 15)
0000024764: Notify EC_NOTIFY_CYCCMD_WKC_ERROR(10, 0x10000800, 2, 15)
0000024765: Error: System overload: Cycle time too short or huge jitter!
0000024765: SendCycFramesByEntry(0): wFramesMonitoringProcCnt (0) < wFramesMonitoringSndCnt (1)
0000024765: Notify EC_NOTIFY_FRAME_RESPONSE_ERROR(No response error for cyclic frame IDX=0xbf, CycFrameNum=0, TaskId=0)
0000024765: Notify EC_NOTIFY_CYCCMD_WKC_ERROR(11, 0x10000000, 2, 15)
0000024765: Notify EC_NOTIFY_CYCCMD_WKC_ERROR(10, 0x10000800, 2, 15)
0000024766: Error: System overload: Cycle time too short or huge jitter!
0000024766: SendCycFramesByEntry(0): wFramesMonitoringProcCnt (0) < wFramesMonitoringSndCnt (1)
0000024766: Notify EC_NOTIFY_FRAME_RESPONSE_ERROR(No response error for cyclic frame IDX=0xc1, CycFrameNum=0, TaskId=0)
0000024766: Notify EC_NOTIFY_CYCCMD_WKC_ERROR(11, 0x10000000, 2, 15)
0000024766: Notify EC_NOTIFY_CYCCMD_WKC_ERROR(10, 0x10000800, 2, 15)
0000024768: Error: System overload: Cycle time too short or huge jitter!
0000024768: SendCycFramesByEntry(0): wFramesMonitoringProcCnt (0) < wFramesMonitoringSndCnt (1)
0000024768: Notify EC_NOTIFY_FRAME_RESPONSE_ERROR(No response error for cyclic frame IDX=0xc6, CycFrameNum=0, TaskId=0)
0000024769: Notify EC_NOTIFY_CYCCMD_WKC_ERROR(11, 0x10000000, 2, 15)
0000024769: Notify EC_NOTIFY_CYCCMD_WKC_ERROR(10, 0x10000800, 2, 15)
0000024770: Error: System overload: Cycle time too short or huge jitter!
0000024770: SendCycFramesByEntry(0): wFramesMonitoringProcCnt (0) < wFramesMonitoringSndCnt (1)
0000024770: Notify EC_NOTIFY_FRAME_RESPONSE_ERROR(No response error for cyclic frame IDX=0xc9, CycFrameNum=0, TaskId=0)
0000024770: Notify EC_NOTIFY_CYCCMD_WKC_ERROR(11, 0x10000000, 2, 15)
0000024770: Notify EC_NOTIFY_CYCCMD_WKC_ERROR(10, 0x10000800, 2, 15)
0000024771: Error: System overload: Cycle time too short or huge jitter!
0000024771: SendCycFramesByEntry(0): wFramesMonitoringProcCnt (0) < wFramesMonitoringSndCnt (1)
0000024771: Notify EC_NOTIFY_FRAME_RESPONSE_ERROR(No response error for cyclic frame IDX=0xcb, CycFrameNum=0, TaskId=0)
0000024771: Error: System overload: Cycle time too short or huge jitter!
0000024771: SendCycFramesByEntry(0): wFramesMonitoringProcCnt (0) < wFramesMonitoringSndCnt (1)
0000024771: Notify EC_NOTIFY_FRAME_RESPONSE_ERROR(No response error for cyclic frame IDX=0xcc, CycFrameNum=0, TaskId=0)
0000024772: Notify EC_NOTIFY_CYCCMD_WKC_ERROR(11, 0x10000000, 2, 15)
0000024772: Notify EC_NOTIFY_CYCCMD_WKC_ERROR(10, 0x10000800, 2, 15)
0000024772: Notify EC_NOTIFY_CYCCMD_WKC_ERROR(11, 0x10000000, 2, 15)
0000024772: Notify EC_NOTIFY_CYCCMD_WKC_ERROR(10, 0x10000800, 2, 15)
0000024772: Error: System overload: Cycle time too short or huge jitter!
0000024772: SendCycFramesByEntry(0): wFramesMonitoringProcCnt (0) < wFramesMonitoringSndCnt (1)
0000024772: Notify EC_NOTIFY_FRAME_RESPONSE_ERROR(No response error for cyclic frame IDX=0xce, CycFrameNum=0, TaskId=0)
0000024773: Notify EC_NOTIFY_CYCCMD_WKC_ERROR(11, 0x10000000, 2, 15)
0000024773: Notify EC_NOTIFY_CYCCMD_WKC_ERROR(10, 0x10000800, 2, 15)
0000024773: Error: System overload: Cycle time too short or huge jitter!
0000024773: SendCycFramesByEntry(0): wFramesMonitoringProcCnt (0) < wFramesMonitoringSndCnt (1)
0000024773: Notify EC_NOTIFY_FRAME_RESPONSE_ERROR(No response error for cyclic frame IDX=0xd0, CycFrameNum=0, TaskId=0)
0000024774: Notify EC_NOTIFY_CYCCMD_WKC_ERROR(11, 0x10000000, 2, 15)
0000024774: Notify EC_NOTIFY_CYCCMD_WKC_ERROR(10, 0x10000800, 2, 15)
0000024777: Error: System overload: Cycle time too short or huge jitter!
0000024777: SendCycFramesByEntry(0): wFramesMonitoringProcCnt (0) < wFramesMonitoringSndCnt (1)
0000024777: Notify EC_NOTIFY_FRAME_RESPONSE_ERROR(No response error for cyclic frame IDX=0xd7, CycFrameNum=0, TaskId=0)
0000024777: Notify EC_NOTIFY_CYCCMD_WKC_ERROR(11, 0x10000000, 2, 15)
0000024777: Notify EC_NOTIFY_CYCCMD_WKC_ERROR(10, 0x10000800, 2, 15)
0000024779: Error: System overload: Cycle time too short or huge jitter!
0000024779: SendCycFramesByEntry(0): wFramesMonitoringProcCnt (0) < wFramesMonitoringSndCnt (1)
0000024779: Notify EC_NOTIFY_FRAME_RESPONSE_ERROR(No response error for cyclic frame IDX=0xdc, CycFrameNum=0, TaskId=0)
0000024780: Notify EC_NOTIFY_CYCCMD_WKC_ERROR(11, 0x10000000, 2, 15)
0000024780: Notify EC_NOTIFY_CYCCMD_WKC_ERROR(10, 0x10000800, 2, 15)
0000024782: Error: System overload: Cycle time too short or huge jitter!
0000024782: SendCycFramesByEntry(0): wFramesMonitoringProcCnt (0) < wFramesMonitoringSndCnt (1)
0000024782: Notify EC_NOTIFY_FRAME_RESPONSE_ERROR(No response error for cyclic frame IDX=0x3, CycFrameNum=0, TaskId=0)
0000024782: Notify EC_NOTIFY_CYCCMD_WKC_ERROR(11, 0x10000000, 2, 15)
0000024782: Notify EC_NOTIFY_CYCCMD_WKC_ERROR(10, 0x10000800, 2, 15)
0000024783: Error: System overload: Cycle time too short or huge jitter!
0000024783: SendCycFramesByEntry(0): wFramesMonitoringProcCnt (0) < wFramesMonitoringSndCnt (1)
0000024783: Notify EC_NOTIFY_FRAME_RESPONSE_ERROR(No response error for cyclic frame IDX=0x5, CycFrameNum=0, TaskId=0)
0000024783: Notify EC_NOTIFY_CYCCMD_WKC_ERROR(11, 0x10000000, 2, 15)
0000024783: Notify EC_NOTIFY_CYCCMD_WKC_ERROR(10, 0x10000800, 2, 15)
0000024785: Notify EC_NOTIFY_CYCCMD_WKC_ERROR(11, 0x10000000, 2, 15)
0000024785: Notify EC_NOTIFY_CYCCMD_WKC_ERROR(10, 0x10000800, 2, 15)
0000024786: Error: System overload: Cycle time too short or huge jitter!
0000024786: SendCycFramesByEntry(0): wFramesMonitoringProcCnt (0) < wFramesMonitoringSndCnt (1)
0000024786: Notify EC_NOTIFY_FRAME_RESPONSE_ERROR(No response error for cyclic frame IDX=0xc, CycFrameNum=0, TaskId=0)
0000024787: Notify EC_NOTIFY_CYCCMD_WKC_ERROR(11, 0x10000000, 2, 15)
0000024787: Notify EC_NOTIFY_CYCCMD_WKC_ERROR(10, 0x10000800, 2, 15)
0000024788: Error: System overload: Cycle time too short or huge jitter!
0000024788: SendCycFramesByEntry(0): wFramesMonitoringProcCnt (0) < wFramesMonitoringSndCnt (1)
0000024788: Notify EC_NOTIFY_FRAME_RESPONSE_ERROR(No response error for cyclic frame IDX=0xf, CycFrameNum=0, TaskId=0)
0000024788: Error: System overload: Cycle time too short or huge jitter!
0000024788: SendCycFramesByEntry(0): wFramesMonitoringProcCnt (0) < wFramesMonitoringSndCnt (1)
0000024788: Notify EC_NOTIFY_FRAME_RESPONSE_ERROR(No response error for cyclic frame IDX=0x10, CycFrameNum=0, TaskId=0)
0000024789: Notify EC_NOTIFY_CYCCMD_WKC_ERROR(11, 0x10000000, 2, 15)
0000024789: Notify EC_NOTIFY_CYCCMD_WKC_ERROR(10, 0x10000800, 2, 15)
0000024789: Notify EC_NOTIFY_CYCCMD_WKC_ERROR(11, 0x10000000, 2, 15)
0000024789: Notify EC_NOTIFY_CYCCMD_WKC_ERROR(10, 0x10000800, 2, 15)
0000024789: Error: System overload: Cycle time too short or huge jitter!
0000024789: SendCycFramesByEntry(0): wFramesMonitoringProcCnt (0) < wFramesMonitoringSndCnt (1)
0000024789: Notify EC_NOTIFY_FRAME_RESPONSE_ERROR(No response error for cyclic frame IDX=0x12, CycFrameNum=0, TaskId=0)
0000024790: Notify EC_NOTIFY_CYCCMD_WKC_ERROR(11, 0x10000000, 2, 15)
0000024790: Notify EC_NOTIFY_CYCCMD_WKC_ERROR(10, 0x10000800, 2, 15)
0000024791: Error: System overload: Cycle time too short or huge jitter!
0000024791: SendCycFramesByEntry(0): wFramesMonitoringProcCnt (0) < wFramesMonitoringSndCnt (1)
0000024791: Notify EC_NOTIFY_FRAME_RESPONSE_ERROR(No response error for cyclic frame IDX=0x16, CycFrameNum=0, TaskId=0)
0000024792: Error: System overload: Cycle time too short or huge jitter!
0000024792: SendCycFramesByEntry(0): wFramesMonitoringProcCnt (0) < wFramesMonitoringSndCnt (1)
0000024792: Notify EC_NOTIFY_FRAME_RESPONSE_ERROR(No response error for cyclic frame IDX=0x17, CycFrameNum=0, TaskId=0)
0000024792: Notify EC_NOTIFY_CYCCMD_WKC_ERROR(11, 0x10000000, 2, 15)
0000024792: Notify EC_NOTIFY_CYCCMD_WKC_ERROR(10, 0x10000800, 2, 15)
0000024792: Notify EC_NOTIFY_CYCCMD_WKC_ERROR(11, 0x10000000, 2, 15)
0000024792: Notify EC_NOTIFY_CYCCMD_WKC_ERROR(10, 0x10000800, 2, 15)
0000024795: Error: System overload: Cycle time too short or huge jitter!
0000024795: SendCycFramesByEntry(0): wFramesMonitoringProcCnt (0) < wFramesMonitoringSndCnt (1)
0000024795: Notify EC_NOTIFY_FRAME_RESPONSE_ERROR(No response error for cyclic frame IDX=0x1d, CycFrameNum=0, TaskId=0)
0000024795: Notify EC_NOTIFY_CYCCMD_WKC_ERROR(11, 0x10000000, 2, 15)
0000024795: Notify EC_NOTIFY_CYCCMD_WKC_ERROR(10, 0x10000800, 2, 15)
0000024796: Error: System overload: Cycle time too short or huge jitter!
0000024796: SendCycFramesByEntry(0): wFramesMonitoringProcCnt (0) < wFramesMonitoringSndCnt (1)
0000024796: Notify EC_NOTIFY_FRAME_RESPONSE_ERROR(No response error for cyclic frame IDX=0x20, CycFrameNum=0, TaskId=0)
0000024797: Notify EC_NOTIFY_CYCCMD_WKC_ERROR(11, 0x10000000, 2, 15)
0000024797: Notify EC_NOTIFY_CYCCMD_WKC_ERROR(10, 0x10000800, 2, 15)
0000024799: Error: System overload: Cycle time too short or huge jitter!
0000024799: SendCycFramesByEntry(0): wFramesMonitoringProcCnt (0) < wFramesMonitoringSndCnt (1)
0000024799: Notify EC_NOTIFY_FRAME_RESPONSE_ERROR(No response error for cyclic frame IDX=0x25, CycFrameNum=0, TaskId=0)
0000024799: Notify EC_NOTIFY_CYCCMD_WKC_ERROR(11, 0x10000000, 2, 15)
0000024799: Notify EC_NOTIFY_CYCCMD_WKC_ERROR(10, 0x10000800, 2, 15)
0000024800: Error: System overload: Cycle time too short or huge jitter!
0000024800: SendCycFramesByEntry(0): wFramesMonitoringProcCnt (0) < wFramesMonitoringSndCnt (1)
0000024800: Notify EC_NOTIFY_FRAME_RESPONSE_ERROR(No response error for cyclic frame IDX=0x27, CycFrameNum=0, TaskId=0)
0000024800: Notify EC_NOTIFY_CYCCMD_WKC_ERROR(11, 0x10000000, 2, 15)
0000024800: Notify EC_NOTIFY_CYCCMD_WKC_ERROR(10, 0x10000800, 2, 15)
0000024804: Error: System overload: Cycle time too short or huge jitter!
0000024804: SendCycFramesByEntry(0): wFramesMonitoringProcCnt (0) < wFramesMonitoringSndCnt (1)
0000024804: Notify EC_NOTIFY_FRAME_RESPONSE_ERROR(No response error for cyclic frame IDX=0x2f, CycFrameNum=0, TaskId=0)
0000024804: Notify EC_NOTIFY_CYCCMD_WKC_ERROR(11, 0x10000000, 2, 15)
0000024804: Notify EC_NOTIFY_CYCCMD_WKC_ERROR(10, 0x10000800, 2, 15)
0000024805: Error: System overload: Cycle time too short or huge jitter!
0000024805: SendCycFramesByEntry(0): wFramesMonitoringProcCnt (0) < wFramesMonitoringSndCnt (1)
0000024805: Notify EC_NOTIFY_FRAME_RESPONSE_ERROR(No response error for cyclic frame IDX=0x31, CycFrameNum=0, TaskId=0)
0000024805: Notify EC_NOTIFY_CYCCMD_WKC_ERROR(11, 0x10000000, 2, 15)
0000024805: Notify EC_NOTIFY_CYCCMD_WKC_ERROR(10, 0x10000800, 2, 15)
0000024805: Notify EC_NOTIFY_CYCCMD_WKC_ERROR(11, 0x10000000, 2, 15)
0000024805: Notify EC_NOTIFY_CYCCMD_WKC_ERROR(10, 0x10000800, 2, 15)
0000024806: Error: System overload: Cycle time too short or huge jitter!
0000024806: SendCycFramesByEntry(0): wFramesMonitoringProcCnt (0) < wFramesMonitoringSndCnt (1)
0000024806: Notify EC_NOTIFY_FRAME_RESPONSE_ERROR(No response error for cyclic frame IDX=0x33, CycFrameNum=0, TaskId=0)
0000024806: Error: System overload: Cycle time too short or huge jitter!
0000024806: SendCycFramesByEntry(0): wFramesMonitoringProcCnt (0) < wFramesMonitoringSndCnt (1)
0000024806: Notify EC_NOTIFY_FRAME_RESPONSE_ERROR(No response error for cyclic frame IDX=0x34, CycFrameNum=0, TaskId=0)
0000024807: Notify EC_NOTIFY_CYCCMD_WKC_ERROR(11, 0x10000000, 2, 15)
0000024807: Notify EC_NOTIFY_CYCCMD_WKC_ERROR(10, 0x10000800, 2, 15)
0000024807: Notify EC_NOTIFY_CYCCMD_WKC_ERROR(11, 0x10000000, 2, 15)
0000024807: Notify EC_NOTIFY_CYCCMD_WKC_ERROR(10, 0x10000800, 2, 15)
0000024807: Error: System overload: Cycle time too short or huge jitter!
0000024807: SendCycFramesByEntry(0): wFramesMonitoringProcCnt (0) < wFramesMonitoringSndCnt (1)
0000024807: Notify EC_NOTIFY_FRAME_RESPONSE_ERROR(No response error for cyclic frame IDX=0x36, CycFrameNum=0, TaskId=0)
0000024808: Notify EC_NOTIFY_CYCCMD_WKC_ERROR(11, 0x10000000, 2, 15)
0000024808: Notify EC_NOTIFY_CYCCMD_WKC_ERROR(10, 0x10000800, 2, 15)
0000024808: Error: System overload: Cycle time too short or huge jitter!
0000024808: SendCycFramesByEntry(0): wFramesMonitoringProcCnt (0) < wFramesMonitoringSndCnt (1)
0000024808: Notify EC_NOTIFY_FRAME_RESPONSE_ERROR(No response error for cyclic frame IDX=0x38, CycFrameNum=0, TaskId=0)
0000024809: Notify EC_NOTIFY_CYCCMD_WKC_ERROR(11, 0x10000000, 2, 15)
0000024809: Notify EC_NOTIFY_CYCCMD_WKC_ERROR(10, 0x10000800, 2, 15)
0000024813: Error: System overload: Cycle time too short or huge jitter!
0000024813: SendCycFramesByEntry(0): wFramesMonitoringProcCnt (0) < wFramesMonitoringSndCnt (1)
0000024813: Notify EC_NOTIFY_FRAME_RESPONSE_ERROR(No response error for cyclic frame IDX=0x42, CycFrameNum=0, TaskId=0)
0000024814: Notify EC_NOTIFY_CYCCMD_WKC_ERROR(11, 0x10000000, 2, 15)
0000024814: Notify EC_NOTIFY_CYCCMD_WKC_ERROR(10, 0x10000800, 2, 15)
0000024814: Error: System overload: Cycle time too short or huge jitter!
0000024814: SendCycFramesByEntry(0): wFramesMonitoringProcCnt (0) < wFramesMonitoringSndCnt (1)
0000024814: Notify EC_NOTIFY_FRAME_RESPONSE_ERROR(No response error for cyclic frame IDX=0x44, CycFrameNum=0, TaskId=0)
0000024815: Notify EC_NOTIFY_CYCCMD_WKC_ERROR(11, 0x10000000, 2, 15)
0000024815: Notify EC_NOTIFY_CYCCMD_WKC_ERROR(10, 0x10000800, 2, 15)
0000024818: Error: System overload: Cycle time too short or huge jitter!
0000024818: SendCycFramesByEntry(0): wFramesMonitoringProcCnt (0) < wFramesMonitoringSndCnt (1)
0000024818: Notify EC_NOTIFY_FRAME_RESPONSE_ERROR(No response error for cyclic frame IDX=0x4c, CycFrameNum=0, TaskId=0)
0000024819: Notify EC_NOTIFY_CYCCMD_WKC_ERROR(11, 0x10000000, 2, 15)
0000024819: Notify EC_NOTIFY_CYCCMD_WKC_ERROR(10, 0x10000800, 2, 15)
0000024819: Error: System overload: Cycle time too short or huge jitter!
0000024819: SendCycFramesByEntry(0): wFramesMonitoringProcCnt (0) < wFramesMonitoringSndCnt (1)
0000024819: Notify EC_NOTIFY_FRAME_RESPONSE_ERROR(No response error for cyclic frame IDX=0x4e, CycFrameNum=0, TaskId=0)
0000024820: Notify EC_NOTIFY_CYCCMD_WKC_ERROR(11, 0x10000000, 2, 15)
0000024820: Notify EC_NOTIFY_CYCCMD_WKC_ERROR(10, 0x10000800, 2, 15)
0000024821: Error: System overload: Cycle time too short or huge jitter!
0000024821: SendCycFramesByEntry(0): wFramesMonitoringProcCnt (0) < wFramesMonitoringSndCnt (1)
0000024821: Notify EC_NOTIFY_FRAME_RESPONSE_ERROR(No response error for cyclic frame IDX=0x51, CycFrameNum=0, TaskId=0)
0000024821: Notify EC_NOTIFY_CYCCMD_WKC_ERROR(11, 0x10000000, 2, 15)
0000024821: Notify EC_NOTIFY_CYCCMD_WKC_ERROR(10, 0x10000800, 2, 15)
0000024822: Error: System overload: Cycle time too short or huge jitter!
0000024822: SendCycFramesByEntry(0): wFramesMonitoringProcCnt (0) < wFramesMonitoringSndCnt (1)
0000024822: Notify EC_NOTIFY_FRAME_RESPONSE_ERROR(No response error for cyclic frame IDX=0x53, CycFrameNum=0, TaskId=0)
0000024822: Notify EC_NOTIFY_CYCCMD_WKC_ERROR(11, 0x10000000, 2, 15)
0000024822: Notify EC_NOTIFY_CYCCMD_WKC_ERROR(10, 0x10000800, 2, 15)
0000024823: Error: System overload: Cycle time too short or huge jitter!
0000024823: SendCycFramesByEntry(0): wFramesMonitoringProcCnt (0) < wFramesMonitoringSndCnt (1)
0000024823: Notify EC_NOTIFY_FRAME_RESPONSE_ERROR(No response error for cyclic frame IDX=0x55, CycFrameNum=0, TaskId=0)
0000024823: Notify EC_NOTIFY_CYCCMD_WKC_ERROR(11, 0x10000000, 2, 15)
0000024823: Notify EC_NOTIFY_CYCCMD_WKC_ERROR(10, 0x10000800, 2, 15)
0000024824: Error: System overload: Cycle time too short or huge jitter!
0000024824: SendCycFramesByEntry(0): wFramesMonitoringProcCnt (0) < wFramesMonitoringSndCnt (1)
0000024824: Notify EC_NOTIFY_FRAME_RESPONSE_ERROR(No response error for cyclic frame IDX=0x58, CycFrameNum=0, TaskId=0)
0000024825: Notify EC_NOTIFY_CYCCMD_WKC_ERROR(11, 0x10000000, 2, 15)
0000024825: Notify EC_NOTIFY_CYCCMD_WKC_ERROR(10, 0x10000800, 2, 15)
0000024825: Notify EC_NOTIFY_CYCCMD_WKC_ERROR(11, 0x10000000, 2, 15)
0000024825: Notify EC_NOTIFY_CYCCMD_WKC_ERROR(10, 0x10000800, 2, 15)
0000024827: Error: System overload: Cycle time too short or huge jitter!
0000024827: SendCycFramesByEntry(0): wFramesMonitoringProcCnt (0) < wFramesMonitoringSndCnt (1)
0000024827: Notify EC_NOTIFY_FRAME_RESPONSE_ERROR(No response error for cyclic frame IDX=0x5d, CycFrameNum=0, TaskId=0)
0000024827: Notify EC_NOTIFY_CYCCMD_WKC_ERROR(11, 0x10000000, 2, 15)
0000024827: Notify EC_NOTIFY_CYCCMD_WKC_ERROR(10, 0x10000800, 2, 15)
0000024828: Error: System overload: Cycle time too short or huge jitter!
0000024828: SendCycFramesByEntry(0): wFramesMonitoringProcCnt (0) < wFramesMonitoringSndCnt (1)
0000024828: Notify EC_NOTIFY_FRAME_RESPONSE_ERROR(No response error for cyclic frame IDX=0x5f, CycFrameNum=0, TaskId=0)
0000024828: Notify EC_NOTIFY_CYCCMD_WKC_ERROR(11, 0x10000000, 2, 15)
0000024828: Notify EC_NOTIFY_CYCCMD_WKC_ERROR(10, 0x10000800, 2, 15)
0000024829: Error: System overload: Cycle time too short or huge jitter!
0000024829: SendCycFramesByEntry(0): wFramesMonitoringProcCnt (0) < wFramesMonitoringSndCnt (1)
0000024829: Notify EC_NOTIFY_FRAME_RESPONSE_ERROR(No response error for cyclic frame IDX=0x61, CycFrameNum=0, TaskId=0)
0000024829: Error: System overload: Cycle time too short or huge jitter!
0000024829: SendCycFramesByEntry(0): wFramesMonitoringProcCnt (0) < wFramesMonitoringSndCnt (1)
0000024829: Notify EC_NOTIFY_FRAME_RESPONSE_ERROR(No response error for cyclic frame IDX=0x62, CycFrameNum=0, TaskId=0)
0000024830: Notify EC_NOTIFY_CYCCMD_WKC_ERROR(11, 0x10000000, 2, 15)
0000024830: Notify EC_NOTIFY_CYCCMD_WKC_ERROR(10, 0x10000800, 2, 15)
0000024830: Notify EC_NOTIFY_CYCCMD_WKC_ERROR(11, 0x10000000, 2, 15)
0000024830: Notify EC_NOTIFY_CYCCMD_WKC_ERROR(10, 0x10000800, 2, 15)
0000024830: Error: System overload: Cycle time too short or huge jitter!
0000024830: SendCycFramesByEntry(0): wFramesMonitoringProcCnt (0) < wFramesMonitoringSndCnt (1)
0000024830: Notify EC_NOTIFY_FRAME_RESPONSE_ERROR(No response error for cyclic frame IDX=0x64, CycFrameNum=0, TaskId=0)
0000024831: Error: System overload: Cycle time too short or huge jitter!
0000024831: SendCycFramesByEntry(0): wFramesMonitoringProcCnt (0) < wFramesMonitoringSndCnt (1)
0000024831: Notify EC_NOTIFY_FRAME_RESPONSE_ERROR(No response error for cyclic frame IDX=0x65, CycFrameNum=0, TaskId=0)
0000024831: Notify EC_NOTIFY_CYCCMD_WKC_ERROR(11, 0x10000000, 2, 15)
0000024831: Notify EC_NOTIFY_CYCCMD_WKC_ERROR(10, 0x10000800, 2, 15)
0000024831: Notify EC_NOTIFY_CYCCMD_WKC_ERROR(11, 0x10000000, 2, 15)
0000024831: Notify EC_NOTIFY_CYCCMD_WKC_ERROR(10, 0x10000800, 2, 15)
0000024832: Error: System overload: Cycle time too short or huge jitter!
0000024832: SendCycFramesByEntry(0): wFramesMonitoringProcCnt (0) < wFramesMonitoringSndCnt (1)
0000024832: Notify EC_NOTIFY_FRAME_RESPONSE_ERROR(No response error for cyclic frame IDX=0x67, CycFrameNum=0, TaskId=0)
0000024832: Notify EC_NOTIFY_CYCCMD_WKC_ERROR(11, 0x10000000, 2, 15)
0000024832: Notify EC_NOTIFY_CYCCMD_WKC_ERROR(10, 0x10000800, 2, 15)
0000024834: Error: System overload: Cycle time too short or huge jitter!
0000024834: SendCycFramesByEntry(0): wFramesMonitoringProcCnt (0) < wFramesMonitoringSndCnt (1)
0000024834: Notify EC_NOTIFY_FRAME_RESPONSE_ERROR(No response error for cyclic frame IDX=0x6b, CycFrameNum=0, TaskId=0)
0000024834: Notify EC_NOTIFY_CYCCMD_WKC_ERROR(11, 0x10000000, 2, 15)
0000024834: Notify EC_NOTIFY_CYCCMD_WKC_ERROR(10, 0x10000800, 2, 15)
0000024835: Error: System overload: Cycle time too short or huge jitter!
0000024835: SendCycFramesByEntry(0): wFramesMonitoringProcCnt (0) < wFramesMonitoringSndCnt (1)
0000024835: Notify EC_NOTIFY_FRAME_RESPONSE_ERROR(No response error for cyclic frame IDX=0x6d, CycFrameNum=0, TaskId=0)
0000024835: Notify EC_NOTIFY_CYCCMD_WKC_ERROR(11, 0x10000000, 2, 15)
0000024835: Notify EC_NOTIFY_CYCCMD_WKC_ERROR(10, 0x10000800, 2, 15)
0000024835: Notify EC_NOTIFY_CYCCMD_WKC_ERROR(11, 0x10000000, 2, 15)
0000024835: Notify EC_NOTIFY_CYCCMD_WKC_ERROR(10, 0x10000800, 2, 15)
0000024836: Error: System overload: Cycle time too short or huge jitter!
0000024836: SendCycFramesByEntry(0): wFramesMonitoringProcCnt (0) < wFramesMonitoringSndCnt (1)
0000024836: Notify EC_NOTIFY_FRAME_RESPONSE_ERROR(No response error for cyclic frame IDX=0x70, CycFrameNum=0, TaskId=0)
0000024837: Error: System overload: Cycle time too short or huge jitter!
0000024837: SendCycFramesByEntry(0): wFramesMonitoringProcCnt (0) < wFramesMonitoringSndCnt (1)
0000024837: Notify EC_NOTIFY_FRAME_RESPONSE_ERROR(No response error for cyclic frame IDX=0x71, CycFrameNum=0, TaskId=0)
0000024837: Notify EC_NOTIFY_CYCCMD_WKC_ERROR(11, 0x10000000, 2, 15)
0000024837: Notify EC_NOTIFY_CYCCMD_WKC_ERROR(10, 0x10000800, 2, 15)
0000024837: Notify EC_NOTIFY_CYCCMD_WKC_ERROR(11, 0x10000000, 2, 15)
0000024837: Notify EC_NOTIFY_CYCCMD_WKC_ERROR(10, 0x10000800, 2, 15)
0000024838: Error: System overload: Cycle time too short or huge jitter!
0000024838: SendCycFramesByEntry(0): wFramesMonitoringProcCnt (0) < wFramesMonitoringSndCnt (1)
0000024838: Notify EC_NOTIFY_FRAME_RESPONSE_ERROR(No response error for cyclic frame IDX=0x73, CycFrameNum=0, TaskId=0)
0000024838: Notify EC_NOTIFY_CYCCMD_WKC_ERROR(11, 0x10000000, 2, 15)
0000024838: Notify EC_NOTIFY_CYCCMD_WKC_ERROR(10, 0x10000800, 2, 15)
0000024840: Error: System overload: Cycle time too short or huge jitter!
0000024840: SendCycFramesByEntry(0): wFramesMonitoringProcCnt (0) < wFramesMonitoringSndCnt (1)
0000024840: Notify EC_NOTIFY_FRAME_RESPONSE_ERROR(No response error for cyclic frame IDX=0x77, CycFrameNum=0, TaskId=0)
0000024840: Notify EC_NOTIFY_CYCCMD_WKC_ERROR(11, 0x10000000, 2, 15)
0000024840: Notify EC_NOTIFY_CYCCMD_WKC_ERROR(10, 0x10000800, 2, 15)
0000024841: Error: System overload: Cycle time too short or huge jitter!
0000024841: SendCycFramesByEntry(0): wFramesMonitoringProcCnt (0) < wFramesMonitoringSndCnt (1)
0000024841: Notify EC_NOTIFY_FRAME_RESPONSE_ERROR(No response error for cyclic frame IDX=0x7a, CycFrameNum=0, TaskId=0)
0000024842: Notify EC_NOTIFY_CYCCMD_WKC_ERROR(11, 0x10000000, 2, 15)
0000024842: Notify EC_NOTIFY_CYCCMD_WKC_ERROR(10, 0x10000800, 2, 15)
0000024843: Error: System overload: Cycle time too short or huge jitter!
0000024843: SendCycFramesByEntry(0): wFramesMonitoringProcCnt (0) < wFramesMonitoringSndCnt (1)
0000024843: Notify EC_NOTIFY_FRAME_RESPONSE_ERROR(No response error for cyclic frame IDX=0x7e, CycFrameNum=0, TaskId=0)
0000024844: Notify EC_NOTIFY_CYCCMD_WKC_ERROR(11, 0x10000000, 2, 15)
0000024844: Notify EC_NOTIFY_CYCCMD_WKC_ERROR(10, 0x10000800, 2, 15)
0000024847: Error: System overload: Cycle time too short or huge jitter!
0000024847: SendCycFramesByEntry(0): wFramesMonitoringProcCnt (0) < wFramesMonitoringSndCnt (1)
0000024847: Notify EC_NOTIFY_FRAME_RESPONSE_ERROR(No response error for cyclic frame IDX=0x86, CycFrameNum=0, TaskId=0)
0000024848: Notify EC_NOTIFY_CYCCMD_WKC_ERROR(11, 0x10000000, 2, 15)
0000024848: Notify EC_NOTIFY_CYCCMD_WKC_ERROR(10, 0x10000800, 2, 15)
0000024851: Error: System overload: Cycle time too short or huge jitter!
0000024851: SendCycFramesByEntry(0): wFramesMonitoringProcCnt (0) < wFramesMonitoringSndCnt (1)
0000024851: Notify EC_NOTIFY_FRAME_RESPONSE_ERROR(No response error for cyclic frame IDX=0x8d, CycFrameNum=0, TaskId=0)
0000024851: Notify EC_NOTIFY_CYCCMD_WKC_ERROR(11, 0x10000000, 2, 15)
0000024851: Notify EC_NOTIFY_CYCCMD_WKC_ERROR(10, 0x10000800, 2, 15)
0000024852: Error: System overload: Cycle time too short or huge jitter!
0000024852: SendCycFramesByEntry(0): wFramesMonitoringProcCnt (0) < wFramesMonitoringSndCnt (1)
0000024852: Notify EC_NOTIFY_FRAME_RESPONSE_ERROR(No response error for cyclic frame IDX=0x8f, CycFrameNum=0, TaskId=0)
0000024852: Error: System overload: Cycle time too short or huge jitter!
0000024852: SendCycFramesByEntry(0): wFramesMonitoringProcCnt (0) < wFramesMonitoringSndCnt (1)
0000024852: Notify EC_NOTIFY_FRAME_RESPONSE_ERROR(No response error for cyclic frame IDX=0x90, CycFrameNum=0, TaskId=0)
0000024853: Notify EC_NOTIFY_CYCCMD_WKC_ERROR(11, 0x10000000, 2, 15)
0000024853: Notify EC_NOTIFY_CYCCMD_WKC_ERROR(10, 0x10000800, 2, 15)
0000024853: Notify EC_NOTIFY_CYCCMD_WKC_ERROR(11, 0x10000000, 2, 15)
0000024853: Notify EC_NOTIFY_CYCCMD_WKC_ERROR(10, 0x10000800, 2, 15)
0000024854: Error: System overload: Cycle time too short or huge jitter!
0000024854: SendCycFramesByEntry(0): wFramesMonitoringProcCnt (0) < wFramesMonitoringSndCnt (1)
0000024854: Notify EC_NOTIFY_FRAME_RESPONSE_ERROR(No response error for cyclic frame IDX=0x94, CycFrameNum=0, TaskId=0)
0000024855: Error: System overload: Cycle time too short or huge jitter!
0000024855: SendCycFramesByEntry(0): wFramesMonitoringProcCnt (0) < wFramesMonitoringSndCnt (1)
0000024855: Notify EC_NOTIFY_FRAME_RESPONSE_ERROR(No response error for cyclic frame IDX=0x95, CycFrameNum=0, TaskId=0)
0000024855: Notify EC_NOTIFY_CYCCMD_WKC_ERROR(11, 0x10000000, 2, 15)
0000024855: Notify EC_NOTIFY_CYCCMD_WKC_ERROR(10, 0x10000800, 2, 15)
0000024855: Notify EC_NOTIFY_CYCCMD_WKC_ERROR(11, 0x10000000, 2, 15)
0000024855: Notify EC_NOTIFY_CYCCMD_WKC_ERROR(10, 0x10000800, 2, 15)
0000024856: Error: System overload: Cycle time too short or huge jitter!
0000024856: SendCycFramesByEntry(0): wFramesMonitoringProcCnt (0) < wFramesMonitoringSndCnt (1)
0000024856: Notify EC_NOTIFY_FRAME_RESPONSE_ERROR(No response error for cyclic frame IDX=0x97, CycFrameNum=0, TaskId=0)
0000024856: Error: System overload: Cycle time too short or huge jitter!
0000024856: SendCycFramesByEntry(0): wFramesMonitoringProcCnt (0) < wFramesMonitoringSndCnt (1)
0000024856: Notify EC_NOTIFY_FRAME_RESPONSE_ERROR(No response error for cyclic frame IDX=0x98, CycFrameNum=0, TaskId=0)
0000024857: Notify EC_NOTIFY_CYCCMD_WKC_ERROR(11, 0x10000000, 2, 15)
0000024857: Notify EC_NOTIFY_CYCCMD_WKC_ERROR(10, 0x10000800, 2, 15)
0000024857: Notify EC_NOTIFY_CYCCMD_WKC_ERROR(11, 0x10000000, 2, 15)
0000024857: Notify EC_NOTIFY_CYCCMD_WKC_ERROR(10, 0x10000800, 2, 15)
0000024859: Error: System overload: Cycle time too short or huge jitter!
0000024859: SendCycFramesByEntry(0): wFramesMonitoringProcCnt (0) < wFramesMonitoringSndCnt (1)
0000024859: Notify EC_NOTIFY_FRAME_RESPONSE_ERROR(No response error for cyclic frame IDX=0x9e, CycFrameNum=0, TaskId=0)
0000024860: Notify EC_NOTIFY_CYCCMD_WKC_ERROR(11, 0x10000000, 2, 15)
0000024860: Notify EC_NOTIFY_CYCCMD_WKC_ERROR(10, 0x10000800, 2, 15)
0000024860: Error: System overload: Cycle time too short or huge jitter!
0000024860: SendCycFramesByEntry(0): wFramesMonitoringProcCnt (0) < wFramesMonitoringSndCnt (1)
0000024860: Notify EC_NOTIFY_FRAME_RESPONSE_ERROR(No response error for cyclic frame IDX=0xa0, CycFrameNum=0, TaskId=0)
0000024861: Error: System overload: Cycle time too short or huge jitter!
0000024861: SendCycFramesByEntry(0): wFramesMonitoringProcCnt (0) < wFramesMonitoringSndCnt (1)
0000024861: Notify EC_NOTIFY_FRAME_RESPONSE_ERROR(No response error for cyclic frame IDX=0xa1, CycFrameNum=0, TaskId=0)
0000024861: Notify EC_NOTIFY_CYCCMD_WKC_ERROR(11, 0x10000000, 2, 15)
0000024861: Notify EC_NOTIFY_CYCCMD_WKC_ERROR(10, 0x10000800, 2, 15)
0000024861: Notify EC_NOTIFY_CYCCMD_WKC_ERROR(11, 0x10000000, 2, 15)
0000024861: Notify EC_NOTIFY_CYCCMD_WKC_ERROR(10, 0x10000800, 2, 15)
0000024862: Error: System overload: Cycle time too short or huge jitter!
0000024862: SendCycFramesByEntry(0): wFramesMonitoringProcCnt (0) < wFramesMonitoringSndCnt (1)
0000024862: Notify EC_NOTIFY_FRAME_RESPONSE_ERROR(No response error for cyclic frame IDX=0xa3, CycFrameNum=0, TaskId=0)
0000024862: Error: System overload: Cycle time too short or huge jitter!
0000024862: SendCycFramesByEntry(0): wFramesMonitoringProcCnt (0) < wFramesMonitoringSndCnt (1)
0000024862: Notify EC_NOTIFY_FRAME_RESPONSE_ERROR(No response error for cyclic frame IDX=0xa4, CycFrameNum=0, TaskId=0)
0000024863: Error: System overload: Cycle time too short or huge jitter!
0000024863: SendCycFramesByEntry(0): wFramesMonitoringProcCnt (0) < wFramesMonitoringSndCnt (1)
0000024863: Notify EC_NOTIFY_FRAME_RESPONSE_ERROR(No response error for cyclic frame IDX=0xa5, CycFrameNum=0, TaskId=0)
0000024863: Notify EC_NOTIFY_CYCCMD_WKC_ERROR(11, 0x10000000, 2, 15)
0000024863: Notify EC_NOTIFY_CYCCMD_WKC_ERROR(10, 0x10000800, 2, 15)
0000024863: Notify EC_NOTIFY_CYCCMD_WKC_ERROR(11, 0x10000000, 2, 15)
0000024863: Notify EC_NOTIFY_CYCCMD_WKC_ERROR(10, 0x10000800, 2, 15)
0000024863: Notify EC_NOTIFY_CYCCMD_WKC_ERROR(11, 0x10000000, 2, 15)
0000024863: Notify EC_NOTIFY_CYCCMD_WKC_ERROR(10, 0x10000800, 2, 15)
0000024865: Error: System overload: Cycle time too short or huge jitter!
0000024865: SendCycFramesByEntry(0): wFramesMonitoringProcCnt (0) < wFramesMonitoringSndCnt (1)
0000024865: Notify EC_NOTIFY_FRAME_RESPONSE_ERROR(No response error for cyclic frame IDX=0xa9, CycFrameNum=0, TaskId=0)
0000024865: Notify EC_NOTIFY_CYCCMD_WKC_ERROR(11, 0x10000000, 2, 15)
0000024865: Notify EC_NOTIFY_CYCCMD_WKC_ERROR(10, 0x10000800, 2, 15)
0000024867: Error: System overload: Cycle time too short or huge jitter!
0000024867: SendCycFramesByEntry(0): wFramesMonitoringProcCnt (0) < wFramesMonitoringSndCnt (1)
0000024867: Notify EC_NOTIFY_FRAME_RESPONSE_ERROR(No response error for cyclic frame IDX=0xad, CycFrameNum=0, TaskId=0)
0000024867: Notify EC_NOTIFY_CYCCMD_WKC_ERROR(11, 0x10000000, 2, 15)
0000024867: Notify EC_NOTIFY_CYCCMD_WKC_ERROR(10, 0x10000800, 2, 15)
0000024868: Error: System overload: Cycle time too short or huge jitter!
0000024868: SendCycFramesByEntry(0): wFramesMonitoringProcCnt (0) < wFramesMonitoringSndCnt (1)
0000024868: Notify EC_NOTIFY_FRAME_RESPONSE_ERROR(No response error for cyclic frame IDX=0xaf, CycFrameNum=0, TaskId=0)
0000024868: Error: System overload: Cycle time too short or huge jitter!
0000024868: SendCycFramesByEntry(0): wFramesMonitoringProcCnt (0) < wFramesMonitoringSndCnt (1)
0000024868: Notify EC_NOTIFY_FRAME_RESPONSE_ERROR(No response error for cyclic frame IDX=0xb0, CycFrameNum=0, TaskId=0)
0000024869: Error: System overload: Cycle time too short or huge jitter!
0000024869: SendCycFramesByEntry(0): wFramesMonitoringProcCnt (0) < wFramesMonitoringSndCnt (1)
0000024869: Notify EC_NOTIFY_FRAME_RESPONSE_ERROR(No response error for cyclic frame IDX=0xb1, CycFrameNum=0, TaskId=0)
0000024869: Notify EC_NOTIFY_CYCCMD_WKC_ERROR(11, 0x10000000, 2, 15)
0000024869: Notify EC_NOTIFY_CYCCMD_WKC_ERROR(10, 0x10000800, 2, 15)
0000024869: Notify EC_NOTIFY_CYCCMD_WKC_ERROR(11, 0x10000000, 2, 15)
0000024869: Notify EC_NOTIFY_CYCCMD_WKC_ERROR(10, 0x10000800, 2, 15)
0000024869: Notify EC_NOTIFY_CYCCMD_WKC_ERROR(11, 0x10000000, 2, 15)
0000024869: Notify EC_NOTIFY_CYCCMD_WKC_ERROR(10, 0x10000800, 2, 15)
0000024871: Error: System overload: Cycle time too short or huge jitter!
0000024871: SendCycFramesByEntry(0): wFramesMonitoringProcCnt (0) < wFramesMonitoringSndCnt (1)
0000024871: Notify EC_NOTIFY_FRAME_RESPONSE_ERROR(No response error for cyclic frame IDX=0xb6, CycFrameNum=0, TaskId=0)
0000024872: Error: System overload: Cycle time too short or huge jitter!
0000024872: SendCycFramesByEntry(0): wFramesMonitoringProcCnt (0) < wFramesMonitoringSndCnt (1)
0000024872: Notify EC_NOTIFY_FRAME_RESPONSE_ERROR(No response error for cyclic frame IDX=0xb7, CycFrameNum=0, TaskId=0)
0000024872: Notify EC_NOTIFY_CYCCMD_WKC_ERROR(11, 0x10000000, 2, 15)
0000024872: Notify EC_NOTIFY_CYCCMD_WKC_ERROR(10, 0x10000800, 2, 15)
0000024872: Notify EC_NOTIFY_CYCCMD_WKC_ERROR(11, 0x10000000, 2, 15)
0000024872: Notify EC_NOTIFY_CYCCMD_WKC_ERROR(10, 0x10000800, 2, 15)
0000024873: Error: System overload: Cycle time too short or huge jitter!
0000024873: SendCycFramesByEntry(0): wFramesMonitoringProcCnt (0) < wFramesMonitoringSndCnt (1)
0000024873: Notify EC_NOTIFY_FRAME_RESPONSE_ERROR(No response error for cyclic frame IDX=0xb9, CycFrameNum=0, TaskId=0)
0000024873: Notify EC_NOTIFY_CYCCMD_WKC_ERROR(11, 0x10000000, 2, 15)
0000024873: Notify EC_NOTIFY_CYCCMD_WKC_ERROR(10, 0x10000800, 2, 15)
0000024874: Error: System overload: Cycle time too short or huge jitter!
0000024874: SendCycFramesByEntry(0): wFramesMonitoringProcCnt (0) < wFramesMonitoringSndCnt (1)
0000024874: Notify EC_NOTIFY_FRAME_RESPONSE_ERROR(No response error for cyclic frame IDX=0xbb, CycFrameNum=0, TaskId=0)
0000024874: Notify EC_NOTIFY_CYCCMD_WKC_ERROR(11, 0x10000000, 2, 15)
0000024874: Notify EC_NOTIFY_CYCCMD_WKC_ERROR(10, 0x10000800, 2, 15)
0000024875: Notify EC_NOTIFY_CYCCMD_WKC_ERROR(11, 0x10000000, 2, 15)
0000024875: Notify EC_NOTIFY_CYCCMD_WKC_ERROR(10, 0x10000800, 2, 15)
0000024876: Error: System overload: Cycle time too short or huge jitter!
0000024876: SendCycFramesByEntry(0): wFramesMonitoringProcCnt (0) < wFramesMonitoringSndCnt (1)
0000024876: Notify EC_NOTIFY_FRAME_RESPONSE_ERROR(No response error for cyclic frame IDX=0xc0, CycFrameNum=0, TaskId=0)
0000024877: Notify EC_NOTIFY_CYCCMD_WKC_ERROR(11, 0x10000000, 2, 15)
0000024877: Notify EC_NOTIFY_CYCCMD_WKC_ERROR(10, 0x10000800, 2, 15)
0000024879: Error: System overload: Cycle time too short or huge jitter!
0000024879: SendCycFramesByEntry(0): wFramesMonitoringProcCnt (0) < wFramesMonitoringSndCnt (1)
0000024879: Notify EC_NOTIFY_FRAME_RESPONSE_ERROR(No response error for cyclic frame IDX=0xc5, CycFrameNum=0, TaskId=0)
0000024879: Notify EC_NOTIFY_CYCCMD_WKC_ERROR(11, 0x10000000, 2, 15)
0000024879: Notify EC_NOTIFY_CYCCMD_WKC_ERROR(10, 0x10000800, 2, 15)
0000024880: Error: System overload: Cycle time too short or huge jitter!
0000024880: SendCycFramesByEntry(0): wFramesMonitoringProcCnt (0) < wFramesMonitoringSndCnt (1)
0000024880: Notify EC_NOTIFY_FRAME_RESPONSE_ERROR(No response error for cyclic frame IDX=0xc7, CycFrameNum=0, TaskId=0)
0000024880: Error: System overload: Cycle time too short or huge jitter!
0000024880: SendCycFramesByEntry(0): wFramesMonitoringProcCnt (0) < wFramesMonitoringSndCnt (1)
0000024880: Notify EC_NOTIFY_FRAME_RESPONSE_ERROR(No response error for cyclic frame IDX=0xc8, CycFrameNum=0, TaskId=0)
0000024881: Notify EC_NOTIFY_CYCCMD_WKC_ERROR(11, 0x10000000, 2, 15)
0000024881: Notify EC_NOTIFY_CYCCMD_WKC_ERROR(10, 0x10000800, 2, 15)
0000024881: Notify EC_NOTIFY_CYCCMD_WKC_ERROR(11, 0x10000000, 2, 15)
0000024881: Notify EC_NOTIFY_CYCCMD_WKC_ERROR(10, 0x10000800, 2, 15)
0000024881: Error: System overload: Cycle time too short or huge jitter!
0000024881: SendCycFramesByEntry(0): wFramesMonitoringProcCnt (0) < wFramesMonitoringSndCnt (1)
0000024881: Notify EC_NOTIFY_FRAME_RESPONSE_ERROR(No response error for cyclic frame IDX=0xca, CycFrameNum=0, TaskId=0)
0000024882: Notify EC_NOTIFY_CYCCMD_WKC_ERROR(11, 0x10000000, 2, 15)
0000024882: Notify EC_NOTIFY_CYCCMD_WKC_ERROR(10, 0x10000800, 2, 15)
0000024885: Notify EC_NOTIFY_CYCCMD_WKC_ERROR(11, 0x10000000, 2, 15)
0000024885: Notify EC_NOTIFY_CYCCMD_WKC_ERROR(10, 0x10000800, 2, 15)
0000024886: Error: System overload: Cycle time too short or huge jitter!
0000024886: SendCycFramesByEntry(0): wFramesMonitoringProcCnt (0) < wFramesMonitoringSndCnt (1)
0000024886: Notify EC_NOTIFY_FRAME_RESPONSE_ERROR(No response error for cyclic frame IDX=0xd3, CycFrameNum=0, TaskId=0)
0000024886: Notify EC_NOTIFY_CYCCMD_WKC_ERROR(11, 0x10000000, 2, 15)
0000024886: Notify EC_NOTIFY_CYCCMD_WKC_ERROR(10, 0x10000800, 2, 15)
0000024888: Error: System overload: Cycle time too short or huge jitter!
0000024888: SendCycFramesByEntry(0): wFramesMonitoringProcCnt (0) < wFramesMonitoringSndCnt (1)
0000024888: Notify EC_NOTIFY_FRAME_RESPONSE_ERROR(No response error for cyclic frame IDX=0xd7, CycFrameNum=0, TaskId=0)
0000024888: Notify EC_NOTIFY_CYCCMD_WKC_ERROR(11, 0x10000000, 2, 15)
0000024888: Notify EC_NOTIFY_CYCCMD_WKC_ERROR(10, 0x10000800, 2, 15)
0000024889: Error: System overload: Cycle time too short or huge jitter!
0000024889: SendCycFramesByEntry(0): wFramesMonitoringProcCnt (0) < wFramesMonitoringSndCnt (1)
0000024889: Notify EC_NOTIFY_FRAME_RESPONSE_ERROR(No response error for cyclic frame IDX=0xd9, CycFrameNum=0, TaskId=0)
0000024889: Notify EC_NOTIFY_CYCCMD_WKC_ERROR(11, 0x10000000, 2, 15)
0000024889: Notify EC_NOTIFY_CYCCMD_WKC_ERROR(10, 0x10000800, 2, 15)
0000024890: Error: System overload: Cycle time too short or huge jitter!
0000024890: SendCycFramesByEntry(0): wFramesMonitoringProcCnt (0) < wFramesMonitoringSndCnt (1)
0000024890: Notify EC_NOTIFY_FRAME_RESPONSE_ERROR(No response error for cyclic frame IDX=0xdb, CycFrameNum=0, TaskId=0)
0000024890: Notify EC_NOTIFY_CYCCMD_WKC_ERROR(11, 0x10000000, 2, 15)
0000024890: Notify EC_NOTIFY_CYCCMD_WKC_ERROR(10, 0x10000800, 2, 15)
0000024891: Error: System overload: Cycle time too short or huge jitter!
0000024891: SendCycFramesByEntry(0): wFramesMonitoringProcCnt (0) < wFramesMonitoringSndCnt (1)
0000024891: Notify EC_NOTIFY_FRAME_RESPONSE_ERROR(No response error for cyclic frame IDX=0x0, CycFrameNum=0, TaskId=0)
0000024892: Notify EC_NOTIFY_CYCCMD_WKC_ERROR(11, 0x10000000, 2, 15)
0000024892: Notify EC_NOTIFY_CYCCMD_WKC_ERROR(10, 0x10000800, 2, 15)
0000024892: Error: System overload: Cycle time too short or huge jitter!
0000024892: SendCycFramesByEntry(0): wFramesMonitoringProcCnt (0) < wFramesMonitoringSndCnt (1)
0000024892: Notify EC_NOTIFY_FRAME_RESPONSE_ERROR(No response error for cyclic frame IDX=0x2, CycFrameNum=0, TaskId=0)
0000024893: Notify EC_NOTIFY_CYCCMD_WKC_ERROR(11, 0x10000000, 2, 15)
0000024893: Notify EC_NOTIFY_CYCCMD_WKC_ERROR(10, 0x10000800, 2, 15)
0000024895: Error: System overload: Cycle time too short or huge jitter!
0000024895: SendCycFramesByEntry(0): wFramesMonitoringProcCnt (0) < wFramesMonitoringSndCnt (1)
0000024895: Notify EC_NOTIFY_FRAME_RESPONSE_ERROR(No response error for cyclic frame IDX=0x7, CycFrameNum=0, TaskId=0)
0000024895: Notify EC_NOTIFY_CYCCMD_WKC_ERROR(11, 0x10000000, 2, 15)
0000024895: Notify EC_NOTIFY_CYCCMD_WKC_ERROR(10, 0x10000800, 2, 15)
0000024896: Error: System overload: Cycle time too short or huge jitter!
0000024896: SendCycFramesByEntry(0): wFramesMonitoringProcCnt (0) < wFramesMonitoringSndCnt (1)
0000024896: Notify EC_NOTIFY_FRAME_RESPONSE_ERROR(No response error for cyclic frame IDX=0x9, CycFrameNum=0, TaskId=0)
0000024896: Error: System overload: Cycle time too short or huge jitter!
0000024896: SendCycFramesByEntry(0): wFramesMonitoringProcCnt (0) < wFramesMonitoringSndCnt (1)
0000024896: Notify EC_NOTIFY_FRAME_RESPONSE_ERROR(No response error for cyclic frame IDX=0xa, CycFrameNum=0, TaskId=0)
0000024897: Error: System overload: Cycle time too short or huge jitter!
0000024897: SendCycFramesByEntry(0): wFramesMonitoringProcCnt (0) < wFramesMonitoringSndCnt (1)
0000024897: Notify EC_NOTIFY_FRAME_RESPONSE_ERROR(No response error for cyclic frame IDX=0xb, CycFrameNum=0, TaskId=0)
0000024897: Error: System overload: Cycle time too short or huge jitter!
0000024897: SendCycFramesByEntry(0): wFramesMonitoringProcCnt (0) < wFramesMonitoringSndCnt (1)
0000024897: Notify EC_NOTIFY_FRAME_RESPONSE_ERROR(No response error for cyclic frame IDX=0xc, CycFrameNum=0, TaskId=0)
0000024898: Notify EC_NOTIFY_CYCCMD_WKC_ERROR(11, 0x10000000, 2, 15)
0000024898: Notify EC_NOTIFY_CYCCMD_WKC_ERROR(10, 0x10000800, 2, 15)
0000024898: Notify EC_NOTIFY_CYCCMD_WKC_ERROR(11, 0x10000000, 2, 15)
0000024898: Notify EC_NOTIFY_CYCCMD_WKC_ERROR(10, 0x10000800, 2, 15)
0000024898: Notify EC_NOTIFY_CYCCMD_WKC_ERROR(11, 0x10000000, 2, 15)
0000024898: Notify EC_NOTIFY_CYCCMD_WKC_ERROR(10, 0x10000800, 2, 15)
0000024898: Notify EC_NOTIFY_CYCCMD_WKC_ERROR(11, 0x10000000, 2, 15)
0000024898: Notify EC_NOTIFY_CYCCMD_WKC_ERROR(10, 0x10000800, 2, 15)
0000024898: Error: System overload: Cycle time too short or huge jitter!
0000024898: SendCycFramesByEntry(0): wFramesMonitoringProcCnt (0) < wFramesMonitoringSndCnt (1)
0000024898: Notify EC_NOTIFY_FRAME_RESPONSE_ERROR(No response error for cyclic frame IDX=0xe, CycFrameNum=0, TaskId=0)
0000024899: Error: System overload: Cycle time too short or huge jitter!
0000024899: SendCycFramesByEntry(0): wFramesMonitoringProcCnt (0) < wFramesMonitoringSndCnt (1)
0000024899: Notify EC_NOTIFY_FRAME_RESPONSE_ERROR(No response error for cyclic frame IDX=0xf, CycFrameNum=0, TaskId=0)
0000024899: Error: System overload: Cycle time too short or huge jitter!
0000024899: SendCycFramesByEntry(0): wFramesMonitoringProcCnt (0) < wFramesMonitoringSndCnt (1)
0000024899: Notify EC_NOTIFY_FRAME_RESPONSE_ERROR(No response error for cyclic frame IDX=0x10, CycFrameNum=0, TaskId=0)
0000024900: Notify EC_NOTIFY_CYCCMD_WKC_ERROR(11, 0x10000000, 2, 15)
0000024900: Notify EC_NOTIFY_CYCCMD_WKC_ERROR(10, 0x10000800, 2, 15)
0000024900: Notify EC_NOTIFY_CYCCMD_WKC_ERROR(11, 0x10000000, 2, 15)
0000024900: Notify EC_NOTIFY_CYCCMD_WKC_ERROR(10, 0x10000800, 2, 15)
0000024900: Notify EC_NOTIFY_CYCCMD_WKC_ERROR(11, 0x10000000, 2, 15)
0000024900: Notify EC_NOTIFY_CYCCMD_WKC_ERROR(10, 0x10000800, 2, 15)
0000024902: Error: System overload: Cycle time too short or huge jitter!
0000024902: SendCycFramesByEntry(0): wFramesMonitoringProcCnt (0) < wFramesMonitoringSndCnt (1)
0000024902: Notify EC_NOTIFY_FRAME_RESPONSE_ERROR(No response error for cyclic frame IDX=0x15, CycFrameNum=0, TaskId=0)
0000024902: Notify EC_NOTIFY_CYCCMD_WKC_ERROR(11, 0x10000000, 2, 15)
0000024902: Notify EC_NOTIFY_CYCCMD_WKC_ERROR(10, 0x10000800, 2, 15)
0000024903: Error: System overload: Cycle time too short or huge jitter!
0000024903: SendCycFramesByEntry(0): wFramesMonitoringProcCnt (0) < wFramesMonitoringSndCnt (1)
0000024903: Notify EC_NOTIFY_FRAME_RESPONSE_ERROR(No response error for cyclic frame IDX=0x17, CycFrameNum=0, TaskId=0)
0000024903: Notify EC_NOTIFY_CYCCMD_WKC_ERROR(11, 0x10000000, 2, 15)
0000024903: Notify EC_NOTIFY_CYCCMD_WKC_ERROR(10, 0x10000800, 2, 15)
0000024904: Error: System overload: Cycle time too short or huge jitter!
0000024904: SendCycFramesByEntry(0): wFramesMonitoringProcCnt (0) < wFramesMonitoringSndCnt (1)
0000024904: Notify EC_NOTIFY_FRAME_RESPONSE_ERROR(No response error for cyclic frame IDX=0x1a, CycFrameNum=0, TaskId=0)
0000024905: Notify EC_NOTIFY_CYCCMD_WKC_ERROR(11, 0x10000000, 2, 15)
0000024905: Notify EC_NOTIFY_CYCCMD_WKC_ERROR(10, 0x10000800, 2, 15)
0000024905: Notify EC_NOTIFY_CYCCMD_WKC_ERROR(11, 0x10000000, 2, 15)
0000024905: Notify EC_NOTIFY_CYCCMD_WKC_ERROR(10, 0x10000800, 2, 15)
0000024907: Error: System overload: Cycle time too short or huge jitter!
0000024907: SendCycFramesByEntry(0): wFramesMonitoringProcCnt (0) < wFramesMonitoringSndCnt (1)
0000024907: Notify EC_NOTIFY_FRAME_RESPONSE_ERROR(No response error for cyclic frame IDX=0x1f, CycFrameNum=0, TaskId=0)
0000024907: Notify EC_NOTIFY_CYCCMD_WKC_ERROR(11, 0x10000000, 2, 15)
0000024907: Notify EC_NOTIFY_CYCCMD_WKC_ERROR(10, 0x10000800, 2, 15)
0000024908: Error: System overload: Cycle time too short or huge jitter!
0000024908: SendCycFramesByEntry(0): wFramesMonitoringProcCnt (0) < wFramesMonitoringSndCnt (1)
0000024908: Notify EC_NOTIFY_FRAME_RESPONSE_ERROR(No response error for cyclic frame IDX=0x21, CycFrameNum=0, TaskId=0)
0000024908: Notify EC_NOTIFY_CYCCMD_WKC_ERROR(11, 0x10000000, 2, 15)
0000024908: Notify EC_NOTIFY_CYCCMD_WKC_ERROR(10, 0x10000800, 2, 15)
0000024909: Error: System overload: Cycle time too short or huge jitter!
0000024909: SendCycFramesByEntry(0): wFramesMonitoringProcCnt (0) < wFramesMonitoringSndCnt (1)
0000024909: Notify EC_NOTIFY_FRAME_RESPONSE_ERROR(No response error for cyclic frame IDX=0x24, CycFrameNum=0, TaskId=0)
0000024910: Notify EC_NOTIFY_CYCCMD_WKC_ERROR(11, 0x10000000, 2, 15)
0000024910: Notify EC_NOTIFY_CYCCMD_WKC_ERROR(10, 0x10000800, 2, 15)
0000024911: Error: System overload: Cycle time too short or huge jitter!
0000024911: SendCycFramesByEntry(0): wFramesMonitoringProcCnt (0) < wFramesMonitoringSndCnt (1)
0000024911: Notify EC_NOTIFY_FRAME_RESPONSE_ERROR(No response error for cyclic frame IDX=0x28, CycFrameNum=0, TaskId=0)
0000024912: Error: System overload: Cycle time too short or huge jitter!
0000024912: SendCycFramesByEntry(0): wFramesMonitoringProcCnt (0) < wFramesMonitoringSndCnt (1)
0000024912: Notify EC_NOTIFY_FRAME_RESPONSE_ERROR(No response error for cyclic frame IDX=0x29, CycFrameNum=0, TaskId=0)
0000024912: Notify EC_NOTIFY_CYCCMD_WKC_ERROR(11, 0x10000000, 2, 15)
0000024912: Notify EC_NOTIFY_CYCCMD_WKC_ERROR(10, 0x10000800, 2, 15)
0000024912: Notify EC_NOTIFY_CYCCMD_WKC_ERROR(11, 0x10000000, 2, 15)
0000024912: Notify EC_NOTIFY_CYCCMD_WKC_ERROR(10, 0x10000800, 2, 15)
0000024913: Error: System overload: Cycle time too short or huge jitter!
0000024913: SendCycFramesByEntry(0): wFramesMonitoringProcCnt (0) < wFramesMonitoringSndCnt (1)
0000024913: Notify EC_NOTIFY_FRAME_RESPONSE_ERROR(No response error for cyclic frame IDX=0x2c, CycFrameNum=0, TaskId=0)
0000024914: Notify EC_NOTIFY_CYCCMD_WKC_ERROR(11, 0x10000000, 2, 15)
0000024914: Notify EC_NOTIFY_CYCCMD_WKC_ERROR(10, 0x10000800, 2, 15)
0000024915: Notify EC_NOTIFY_CYCCMD_WKC_ERROR(11, 0x10000000, 2, 15)
0000024915: Notify EC_NOTIFY_CYCCMD_WKC_ERROR(10, 0x10000800, 2, 15)
0000024916: Error: System overload: Cycle time too short or huge jitter!
0000024916: SendCycFramesByEntry(0): wFramesMonitoringProcCnt (0) < wFramesMonitoringSndCnt (1)
0000024916: Notify EC_NOTIFY_FRAME_RESPONSE_ERROR(No response error for cyclic frame IDX=0x32, CycFrameNum=0, TaskId=0)
0000024917: Error: System overload: Cycle time too short or huge jitter!
0000024917: SendCycFramesByEntry(0): wFramesMonitoringProcCnt (0) < wFramesMonitoringSndCnt (1)
0000024917: Notify EC_NOTIFY_FRAME_RESPONSE_ERROR(No response error for cyclic frame IDX=0x33, CycFrameNum=0, TaskId=0)
0000024917: Notify EC_NOTIFY_CYCCMD_WKC_ERROR(11, 0x10000000, 2, 15)
0000024917: Notify EC_NOTIFY_CYCCMD_WKC_ERROR(10, 0x10000800, 2, 15)
0000024917: Notify EC_NOTIFY_CYCCMD_WKC_ERROR(11, 0x10000000, 2, 15)
0000024917: Notify EC_NOTIFY_CYCCMD_WKC_ERROR(10, 0x10000800, 2, 15)
0000024920: Error: System overload: Cycle time too short or huge jitter!
0000024920: SendCycFramesByEntry(0): wFramesMonitoringProcCnt (0) < wFramesMonitoringSndCnt (1)
0000024920: Notify EC_NOTIFY_FRAME_RESPONSE_ERROR(No response error for cyclic frame IDX=0x3a, CycFrameNum=0, TaskId=0)
0000024921: Notify EC_NOTIFY_CYCCMD_WKC_ERROR(11, 0x10000000, 2, 15)
0000024921: Notify EC_NOTIFY_CYCCMD_WKC_ERROR(10, 0x10000800, 2, 15)
0000024921: Error: System overload: Cycle time too short or huge jitter!
0000024921: SendCycFramesByEntry(0): wFramesMonitoringProcCnt (0) < wFramesMonitoringSndCnt (1)
0000024921: Notify EC_NOTIFY_FRAME_RESPONSE_ERROR(No response error for cyclic frame IDX=0x3c, CycFrameNum=0, TaskId=0)
0000024922: Notify EC_NOTIFY_CYCCMD_WKC_ERROR(11, 0x10000000, 2, 15)
0000024922: Notify EC_NOTIFY_CYCCMD_WKC_ERROR(10, 0x10000800, 2, 15)
0000024922: Error: System overload: Cycle time too short or huge jitter!
0000024922: SendCycFramesByEntry(0): wFramesMonitoringProcCnt (0) < wFramesMonitoringSndCnt (1)
0000024922: Notify EC_NOTIFY_FRAME_RESPONSE_ERROR(No response error for cyclic frame IDX=0x3e, CycFrameNum=0, TaskId=0)
0000024923: Notify EC_NOTIFY_CYCCMD_WKC_ERROR(11, 0x10000000, 2, 15)
0000024923: Notify EC_NOTIFY_CYCCMD_WKC_ERROR(10, 0x10000800, 2, 15)
0000024925: Error: System overload: Cycle time too short or huge jitter!
0000024925: SendCycFramesByEntry(0): wFramesMonitoringProcCnt (0) < wFramesMonitoringSndCnt (1)
0000024925: Notify EC_NOTIFY_FRAME_RESPONSE_ERROR(No response error for cyclic frame IDX=0x43, CycFrameNum=0, TaskId=0)
0000024925: Notify EC_NOTIFY_CYCCMD_WKC_ERROR(11, 0x10000000, 2, 15)
0000024925: Notify EC_NOTIFY_CYCCMD_WKC_ERROR(10, 0x10000800, 2, 15)
0000024928: Error: System overload: Cycle time too short or huge jitter!
0000024928: SendCycFramesByEntry(0): wFramesMonitoringProcCnt (0) < wFramesMonitoringSndCnt (1)
0000024928: Notify EC_NOTIFY_FRAME_RESPONSE_ERROR(No response error for cyclic frame IDX=0x49, CycFrameNum=0, TaskId=0)
0000024928: Notify EC_NOTIFY_CYCCMD_WKC_ERROR(11, 0x10000000, 2, 15)
0000024928: Notify EC_NOTIFY_CYCCMD_WKC_ERROR(10, 0x10000800, 2, 15)
0000024929: Error: System overload: Cycle time too short or huge jitter!
0000024929: SendCycFramesByEntry(0): wFramesMonitoringProcCnt (0) < wFramesMonitoringSndCnt (1)
0000024929: Notify EC_NOTIFY_FRAME_RESPONSE_ERROR(No response error for cyclic frame IDX=0x4b, CycFrameNum=0, TaskId=0)
0000024929: Notify EC_NOTIFY_CYCCMD_WKC_ERROR(11, 0x10000000, 2, 15)
0000024929: Notify EC_NOTIFY_CYCCMD_WKC_ERROR(10, 0x10000800, 2, 15)
0000024933: Error: System overload: Cycle time too short or huge jitter!
0000024933: SendCycFramesByEntry(0): wFramesMonitoringProcCnt (0) < wFramesMonitoringSndCnt (1)
0000024933: Notify EC_NOTIFY_FRAME_RESPONSE_ERROR(No response error for cyclic frame IDX=0x54, CycFrameNum=0, TaskId=0)
0000024934: Notify EC_NOTIFY_CYCCMD_WKC_ERROR(11, 0x10000000, 2, 15)
0000024934: Notify EC_NOTIFY_CYCCMD_WKC_ERROR(10, 0x10000800, 2, 15)
0000024935: Error: System overload: Cycle time too short or huge jitter!
0000024935: SendCycFramesByEntry(0): wFramesMonitoringProcCnt (0) < wFramesMonitoringSndCnt (1)
0000024935: Notify EC_NOTIFY_FRAME_RESPONSE_ERROR(No response error for cyclic frame IDX=0x57, CycFrameNum=0, TaskId=0)
0000024935: Notify EC_NOTIFY_CYCCMD_WKC_ERROR(11, 0x10000000, 2, 15)
0000024935: Notify EC_NOTIFY_CYCCMD_WKC_ERROR(10, 0x10000800, 2, 15)
0000024936: Error: System overload: Cycle time too short or huge jitter!
0000024936: SendCycFramesByEntry(0): wFramesMonitoringProcCnt (0) < wFramesMonitoringSndCnt (1)
0000024936: Notify EC_NOTIFY_FRAME_RESPONSE_ERROR(No response error for cyclic frame IDX=0x59, CycFrameNum=0, TaskId=0)
0000024936: Notify EC_NOTIFY_CYCCMD_WKC_ERROR(11, 0x10000000, 2, 15)
0000024936: Notify EC_NOTIFY_CYCCMD_WKC_ERROR(10, 0x10000800, 2, 15)
0000024937: Error: System overload: Cycle time too short or huge jitter!
0000024937: SendCycFramesByEntry(0): wFramesMonitoringProcCnt (0) < wFramesMonitoringSndCnt (1)
0000024937: Notify EC_NOTIFY_FRAME_RESPONSE_ERROR(No response error for cyclic frame IDX=0x5b, CycFrameNum=0, TaskId=0)
0000024937: Error: System overload: Cycle time too short or huge jitter!
0000024937: SendCycFramesByEntry(0): wFramesMonitoringProcCnt (0) < wFramesMonitoringSndCnt (1)
0000024937: Notify EC_NOTIFY_FRAME_RESPONSE_ERROR(No response error for cyclic frame IDX=0x5c, CycFrameNum=0, TaskId=0)
0000024938: Notify EC_NOTIFY_CYCCMD_WKC_ERROR(11, 0x10000000, 2, 15)
0000024938: Notify EC_NOTIFY_CYCCMD_WKC_ERROR(10, 0x10000800, 2, 15)
0000024938: Notify EC_NOTIFY_CYCCMD_WKC_ERROR(11, 0x10000000, 2, 15)
0000024938: Notify EC_NOTIFY_CYCCMD_WKC_ERROR(10, 0x10000800, 2, 15)
0000024938: Error: System overload: Cycle time too short or huge jitter!
0000024938: SendCycFramesByEntry(0): wFramesMonitoringProcCnt (0) < wFramesMonitoringSndCnt (1)
0000024938: Notify EC_NOTIFY_FRAME_RESPONSE_ERROR(No response error for cyclic frame IDX=0x5e, CycFrameNum=0, TaskId=0)
0000024939: Error: System overload: Cycle time too short or huge jitter!
0000024939: SendCycFramesByEntry(0): wFramesMonitoringProcCnt (0) < wFramesMonitoringSndCnt (1)
0000024939: Notify EC_NOTIFY_FRAME_RESPONSE_ERROR(No response error for cyclic frame IDX=0x5f, CycFrameNum=0, TaskId=0)
0000024939: Error: System overload: Cycle time too short or huge jitter!
0000024939: SendCycFramesByEntry(0): wFramesMonitoringProcCnt (0) < wFramesMonitoringSndCnt (1)
0000024939: Notify EC_NOTIFY_FRAME_RESPONSE_ERROR(No response error for cyclic frame IDX=0x60, CycFrameNum=0, TaskId=0)
0000024940: Notify EC_NOTIFY_CYCCMD_WKC_ERROR(11, 0x10000000, 2, 15)
0000024940: Notify EC_NOTIFY_CYCCMD_WKC_ERROR(10, 0x10000800, 2, 15)
0000024940: Notify EC_NOTIFY_CYCCMD_WKC_ERROR(11, 0x10000000, 2, 15)
0000024940: Notify EC_NOTIFY_CYCCMD_WKC_ERROR(10, 0x10000800, 2, 15)
0000024940: Notify EC_NOTIFY_CYCCMD_WKC_ERROR(11, 0x10000000, 2, 15)
0000024940: Notify EC_NOTIFY_CYCCMD_WKC_ERROR(10, 0x10000800, 2, 15)
0000024941: Error: System overload: Cycle time too short or huge jitter!
0000024941: SendCycFramesByEntry(0): wFramesMonitoringProcCnt (0) < wFramesMonitoringSndCnt (1)
0000024941: Notify EC_NOTIFY_FRAME_RESPONSE_ERROR(No response error for cyclic frame IDX=0x63, CycFrameNum=0, TaskId=0)
0000024941: Notify EC_NOTIFY_CYCCMD_WKC_ERROR(11, 0x10000000, 2, 15)
0000024941: Notify EC_NOTIFY_CYCCMD_WKC_ERROR(10, 0x10000800, 2, 15)
0000024942: Error: System overload: Cycle time too short or huge jitter!
0000024942: SendCycFramesByEntry(0): wFramesMonitoringProcCnt (0) < wFramesMonitoringSndCnt (1)
0000024942: Notify EC_NOTIFY_FRAME_RESPONSE_ERROR(No response error for cyclic frame IDX=0x65, CycFrameNum=0, TaskId=0)
0000024942: Notify EC_NOTIFY_CYCCMD_WKC_ERROR(11, 0x10000000, 2, 15)
0000024942: Notify EC_NOTIFY_CYCCMD_WKC_ERROR(10, 0x10000800, 2, 15)
0000024943: Error: System overload: Cycle time too short or huge jitter!
0000024943: SendCycFramesByEntry(0): wFramesMonitoringProcCnt (0) < wFramesMonitoringSndCnt (1)
0000024943: Notify EC_NOTIFY_FRAME_RESPONSE_ERROR(No response error for cyclic frame IDX=0x67, CycFrameNum=0, TaskId=0)
0000024943: Notify EC_NOTIFY_CYCCMD_WKC_ERROR(11, 0x10000000, 2, 15)
0000024943: Notify EC_NOTIFY_CYCCMD_WKC_ERROR(10, 0x10000800, 2, 15)
0000024945: Error: System overload: Cycle time too short or huge jitter!
0000024945: SendCycFramesByEntry(0): wFramesMonitoringProcCnt (0) < wFramesMonitoringSndCnt (1)
0000024945: Notify EC_NOTIFY_FRAME_RESPONSE_ERROR(No response error for cyclic frame IDX=0x6b, CycFrameNum=0, TaskId=0)
0000024945: Notify EC_NOTIFY_CYCCMD_WKC_ERROR(11, 0x10000000, 2, 15)
0000024945: Notify EC_NOTIFY_CYCCMD_WKC_ERROR(10, 0x10000800, 2, 15)
0000024947: Error: System overload: Cycle time too short or huge jitter!
0000024947: SendCycFramesByEntry(0): wFramesMonitoringProcCnt (0) < wFramesMonitoringSndCnt (1)
0000024947: Notify EC_NOTIFY_FRAME_RESPONSE_ERROR(No response error for cyclic frame IDX=0x6f, CycFrameNum=0, TaskId=0)
0000024947: Notify EC_NOTIFY_CYCCMD_WKC_ERROR(11, 0x10000000, 2, 15)
0000024947: Notify EC_NOTIFY_CYCCMD_WKC_ERROR(10, 0x10000800, 2, 15)
0000024948: Error: System overload: Cycle time too short or huge jitter!
0000024948: SendCycFramesByEntry(0): wFramesMonitoringProcCnt (0) < wFramesMonitoringSndCnt (1)
0000024948: Notify EC_NOTIFY_FRAME_RESPONSE_ERROR(No response error for cyclic frame IDX=0x71, CycFrameNum=0, TaskId=0)
0000024948: Notify EC_NOTIFY_CYCCMD_WKC_ERROR(11, 0x10000000, 2, 15)
0000024948: Notify EC_NOTIFY_CYCCMD_WKC_ERROR(10, 0x10000800, 2, 15)
0000024949: Error: System overload: Cycle time too short or huge jitter!
0000024949: SendCycFramesByEntry(0): wFramesMonitoringProcCnt (0) < wFramesMonitoringSndCnt (1)
0000024949: Notify EC_NOTIFY_FRAME_RESPONSE_ERROR(No response error for cyclic frame IDX=0x74, CycFrameNum=0, TaskId=0)
0000024950: Notify EC_NOTIFY_CYCCMD_WKC_ERROR(11, 0x10000000, 2, 15)
0000024950: Notify EC_NOTIFY_CYCCMD_WKC_ERROR(10, 0x10000800, 2, 15)
0000024950: Error: System overload: Cycle time too short or huge jitter!
0000024950: SendCycFramesByEntry(0): wFramesMonitoringProcCnt (0) < wFramesMonitoringSndCnt (1)
0000024950: Notify EC_NOTIFY_FRAME_RESPONSE_ERROR(No response error for cyclic frame IDX=0x76, CycFrameNum=0, TaskId=0)
0000024951: Notify EC_NOTIFY_CYCCMD_WKC_ERROR(11, 0x10000000, 2, 15)
0000024951: Notify EC_NOTIFY_CYCCMD_WKC_ERROR(10, 0x10000800, 2, 15)
0000024951: Error: System overload: Cycle time too short or huge jitter!
0000024951: SendCycFramesByEntry(0): wFramesMonitoringProcCnt (0) < wFramesMonitoringSndCnt (1)
0000024951: Notify EC_NOTIFY_FRAME_RESPONSE_ERROR(No response error for cyclic frame IDX=0x78, CycFrameNum=0, TaskId=0)
0000024952: Error: System overload: Cycle time too short or huge jitter!
0000024952: SendCycFramesByEntry(0): wFramesMonitoringProcCnt (0) < wFramesMonitoringSndCnt (1)
0000024952: Notify EC_NOTIFY_FRAME_RESPONSE_ERROR(No response error for cyclic frame IDX=0x79, CycFrameNum=0, TaskId=0)
0000024952: Notify EC_NOTIFY_CYCCMD_WKC_ERROR(11, 0x10000000, 2, 15)
0000024952: Notify EC_NOTIFY_CYCCMD_WKC_ERROR(10, 0x10000800, 2, 15)
0000024952: Notify EC_NOTIFY_CYCCMD_WKC_ERROR(11, 0x10000000, 2, 15)
0000024952: Notify EC_NOTIFY_CYCCMD_WKC_ERROR(10, 0x10000800, 2, 15)
0000024953: Error: System overload: Cycle time too short or huge jitter!
0000024953: SendCycFramesByEntry(0): wFramesMonitoringProcCnt (0) < wFramesMonitoringSndCnt (1)
0000024953: Notify EC_NOTIFY_FRAME_RESPONSE_ERROR(No response error for cyclic frame IDX=0x7b, CycFrameNum=0, TaskId=0)
0000024953: Notify EC_NOTIFY_CYCCMD_WKC_ERROR(11, 0x10000000, 2, 15)
0000024953: Notify EC_NOTIFY_CYCCMD_WKC_ERROR(10, 0x10000800, 2, 15)
0000024954: Error: System overload: Cycle time too short or huge jitter!
0000024954: SendCycFramesByEntry(0): wFramesMonitoringProcCnt (0) < wFramesMonitoringSndCnt (1)
0000024954: Notify EC_NOTIFY_FRAME_RESPONSE_ERROR(No response error for cyclic frame IDX=0x7d, CycFrameNum=0, TaskId=0)
0000024954: Notify EC_NOTIFY_CYCCMD_WKC_ERROR(11, 0x10000000, 2, 15)
0000024954: Notify EC_NOTIFY_CYCCMD_WKC_ERROR(10, 0x10000800, 2, 15)
0000024955: Notify EC_NOTIFY_CYCCMD_WKC_ERROR(11, 0x10000000, 2, 15)
0000024955: Notify EC_NOTIFY_CYCCMD_WKC_ERROR(10, 0x10000800, 2, 15)
0000024956: Error: System overload: Cycle time too short or huge jitter!
0000024956: SendCycFramesByEntry(0): wFramesMonitoringProcCnt (0) < wFramesMonitoringSndCnt (1)
0000024956: Notify EC_NOTIFY_FRAME_RESPONSE_ERROR(No response error for cyclic frame IDX=0x81, CycFrameNum=0, TaskId=0)
0000024956: Notify EC_NOTIFY_CYCCMD_WKC_ERROR(11, 0x10000000, 2, 15)
0000024956: Notify EC_NOTIFY_CYCCMD_WKC_ERROR(10, 0x10000800, 2, 15)
0000024958: Error: System overload: Cycle time too short or huge jitter!
0000024958: SendCycFramesByEntry(0): wFramesMonitoringProcCnt (0) < wFramesMonitoringSndCnt (1)
0000024958: Notify EC_NOTIFY_FRAME_RESPONSE_ERROR(No response error for cyclic frame IDX=0x85, CycFrameNum=0, TaskId=0)
0000024958: Notify EC_NOTIFY_CYCCMD_WKC_ERROR(11, 0x10000000, 2, 15)
0000024958: Notify EC_NOTIFY_CYCCMD_WKC_ERROR(10, 0x10000800, 2, 15)
0000024961: Error: System overload: Cycle time too short or huge jitter!
0000024961: SendCycFramesByEntry(0): wFramesMonitoringProcCnt (0) < wFramesMonitoringSndCnt (1)
0000024961: Notify EC_NOTIFY_FRAME_RESPONSE_ERROR(No response error for cyclic frame IDX=0x8c, CycFrameNum=0, TaskId=0)
0000024962: Error: System overload: Cycle time too short or huge jitter!
0000024962: SendCycFramesByEntry(0): wFramesMonitoringProcCnt (0) < wFramesMonitoringSndCnt (1)
0000024962: Notify EC_NOTIFY_FRAME_RESPONSE_ERROR(No response error for cyclic frame IDX=0x8d, CycFrameNum=0, TaskId=0)
0000024962: Error: System overload: Cycle time too short or huge jitter!
0000024962: SendCycFramesByEntry(0): wFramesMonitoringProcCnt (0) < wFramesMonitoringSndCnt (1)
0000024962: Notify EC_NOTIFY_FRAME_RESPONSE_ERROR(No response error for cyclic frame IDX=0x8e, CycFrameNum=0, TaskId=0)
0000024963: Error: System overload: Cycle time too short or huge jitter!
0000024963: SendCycFramesByEntry(0): wFramesMonitoringProcCnt (0) < wFramesMonitoringSndCnt (1)
0000024963: Notify EC_NOTIFY_FRAME_RESPONSE_ERROR(No response error for cyclic frame IDX=0x8f, CycFrameNum=0, TaskId=0)
0000024963: Notify EC_NOTIFY_CYCCMD_WKC_ERROR(11, 0x10000000, 2, 15)
0000024963: Notify EC_NOTIFY_CYCCMD_WKC_ERROR(10, 0x10000800, 2, 15)
0000024963: Notify EC_NOTIFY_CYCCMD_WKC_ERROR(11, 0x10000000, 2, 15)
0000024963: Notify EC_NOTIFY_CYCCMD_WKC_ERROR(10, 0x10000800, 2, 15)
0000024963: Notify EC_NOTIFY_CYCCMD_WKC_ERROR(11, 0x10000000, 2, 15)
0000024963: Notify EC_NOTIFY_CYCCMD_WKC_ERROR(10, 0x10000800, 2, 15)
0000024963: Notify EC_NOTIFY_CYCCMD_WKC_ERROR(11, 0x10000000, 2, 15)
0000024963: Notify EC_NOTIFY_CYCCMD_WKC_ERROR(10, 0x10000800, 2, 15)
0000024964: Error: System overload: Cycle time too short or huge jitter!
0000024964: SendCycFramesByEntry(0): wFramesMonitoringProcCnt (0) < wFramesMonitoringSndCnt (1)
0000024964: Notify EC_NOTIFY_FRAME_RESPONSE_ERROR(No response error for cyclic frame IDX=0x91, CycFrameNum=0, TaskId=0)
0000024964: Notify EC_NOTIFY_CYCCMD_WKC_ERROR(11, 0x10000000, 2, 15)
0000024964: Notify EC_NOTIFY_CYCCMD_WKC_ERROR(10, 0x10000800, 2, 15)
0000024965: Notify EC_NOTIFY_CYCCMD_WKC_ERROR(11, 0x10000000, 2, 15)
0000024965: Notify EC_NOTIFY_CYCCMD_WKC_ERROR(10, 0x10000800, 2, 15)
0000024966: Error: System overload: Cycle time too short or huge jitter!
0000024966: SendCycFramesByEntry(0): wFramesMonitoringProcCnt (0) < wFramesMonitoringSndCnt (1)
0000024966: Notify EC_NOTIFY_FRAME_RESPONSE_ERROR(No response error for cyclic frame IDX=0x96, CycFrameNum=0, TaskId=0)
0000024967: Notify EC_NOTIFY_CYCCMD_WKC_ERROR(11, 0x10000000, 2, 15)
0000024967: Notify EC_NOTIFY_CYCCMD_WKC_ERROR(10, 0x10000800, 2, 15)
0000024967: Error: System overload: Cycle time too short or huge jitter!
0000024967: SendCycFramesByEntry(0): wFramesMonitoringProcCnt (0) < wFramesMonitoringSndCnt (1)
0000024967: Notify EC_NOTIFY_FRAME_RESPONSE_ERROR(No response error for cyclic frame IDX=0x98, CycFrameNum=0, TaskId=0)
0000024968: Notify EC_NOTIFY_CYCCMD_WKC_ERROR(11, 0x10000000, 2, 15)
0000024968: Notify EC_NOTIFY_CYCCMD_WKC_ERROR(10, 0x10000800, 2, 15)
0000024968: Error: System overload: Cycle time too short or huge jitter!
0000024968: SendCycFramesByEntry(0): wFramesMonitoringProcCnt (0) < wFramesMonitoringSndCnt (1)
0000024968: Notify EC_NOTIFY_FRAME_RESPONSE_ERROR(No response error for cyclic frame IDX=0x9a, CycFrameNum=0, TaskId=0)
0000024969: Error: System overload: Cycle time too short or huge jitter!
0000024969: SendCycFramesByEntry(0): wFramesMonitoringProcCnt (0) < wFramesMonitoringSndCnt (1)
0000024969: Notify EC_NOTIFY_FRAME_RESPONSE_ERROR(No response error for cyclic frame IDX=0x9b, CycFrameNum=0, TaskId=0)
0000024969: Notify EC_NOTIFY_CYCCMD_WKC_ERROR(11, 0x10000000, 2, 15)
0000024969: Notify EC_NOTIFY_CYCCMD_WKC_ERROR(10, 0x10000800, 2, 15)
0000024969: Notify EC_NOTIFY_CYCCMD_WKC_ERROR(11, 0x10000000, 2, 15)
0000024969: Notify EC_NOTIFY_CYCCMD_WKC_ERROR(10, 0x10000800, 2, 15)
0000024970: Error: System overload: Cycle time too short or huge jitter!
0000024970: SendCycFramesByEntry(0): wFramesMonitoringProcCnt (0) < wFramesMonitoringSndCnt (1)
0000024970: Notify EC_NOTIFY_FRAME_RESPONSE_ERROR(No response error for cyclic frame IDX=0x9d, CycFrameNum=0, TaskId=0)
0000024970: Error: System overload: Cycle time too short or huge jitter!
0000024970: SendCycFramesByEntry(0): wFramesMonitoringProcCnt (0) < wFramesMonitoringSndCnt (1)
0000024970: Notify EC_NOTIFY_FRAME_RESPONSE_ERROR(No response error for cyclic frame IDX=0x9e, CycFrameNum=0, TaskId=0)
0000024971: Notify EC_NOTIFY_CYCCMD_WKC_ERROR(11, 0x10000000, 2, 15)
0000024971: Notify EC_NOTIFY_CYCCMD_WKC_ERROR(10, 0x10000800, 2, 15)
0000024971: Notify EC_NOTIFY_CYCCMD_WKC_ERROR(11, 0x10000000, 2, 15)
0000024971: Notify EC_NOTIFY_CYCCMD_WKC_ERROR(10, 0x10000800, 2, 15)
0000024971: Error: System overload: Cycle time too short or huge jitter!
0000024971: SendCycFramesByEntry(0): wFramesMonitoringProcCnt (0) < wFramesMonitoringSndCnt (1)
0000024971: Notify EC_NOTIFY_FRAME_RESPONSE_ERROR(No response error for cyclic frame IDX=0xa0, CycFrameNum=0, TaskId=0)
0000024972: Notify EC_NOTIFY_CYCCMD_WKC_ERROR(11, 0x10000000, 2, 15)
0000024972: Notify EC_NOTIFY_CYCCMD_WKC_ERROR(10, 0x10000800, 2, 15)
0000024972: Error: System overload: Cycle time too short or huge jitter!
0000024972: SendCycFramesByEntry(0): wFramesMonitoringProcCnt (0) < wFramesMonitoringSndCnt (1)
0000024972: Notify EC_NOTIFY_FRAME_RESPONSE_ERROR(No response error for cyclic frame IDX=0xa2, CycFrameNum=0, TaskId=0)
0000024973: Notify EC_NOTIFY_CYCCMD_WKC_ERROR(11, 0x10000000, 2, 15)
0000024973: Notify EC_NOTIFY_CYCCMD_WKC_ERROR(10, 0x10000800, 2, 15)
0000024973: Error: System overload: Cycle time too short or huge jitter!
0000024973: SendCycFramesByEntry(0): wFramesMonitoringProcCnt (0) < wFramesMonitoringSndCnt (1)
0000024973: Notify EC_NOTIFY_FRAME_RESPONSE_ERROR(No response error for cyclic frame IDX=0xa4, CycFrameNum=0, TaskId=0)
0000024974: Error: System overload: Cycle time too short or huge jitter!
0000024974: SendCycFramesByEntry(0): wFramesMonitoringProcCnt (0) < wFramesMonitoringSndCnt (1)
0000024974: Notify EC_NOTIFY_FRAME_RESPONSE_ERROR(No response error for cyclic frame IDX=0xa5, CycFrameNum=0, TaskId=0)
0000024974: Notify EC_NOTIFY_CYCCMD_WKC_ERROR(11, 0x10000000, 2, 15)
0000024974: Notify EC_NOTIFY_CYCCMD_WKC_ERROR(10, 0x10000800, 2, 15)
0000024974: Notify EC_NOTIFY_CYCCMD_WKC_ERROR(11, 0x10000000, 2, 15)
0000024974: Notify EC_NOTIFY_CYCCMD_WKC_ERROR(10, 0x10000800, 2, 15)
0000024975: Error: System overload: Cycle time too short or huge jitter!
0000024975: SendCycFramesByEntry(0): wFramesMonitoringProcCnt (0) < wFramesMonitoringSndCnt (1)
0000024975: Notify EC_NOTIFY_FRAME_RESPONSE_ERROR(No response error for cyclic frame IDX=0xa7, CycFrameNum=0, TaskId=0)
0000024975: Notify EC_NOTIFY_CYCCMD_WKC_ERROR(11, 0x10000000, 2, 15)
0000024975: Notify EC_NOTIFY_CYCCMD_WKC_ERROR(10, 0x10000800, 2, 15)
0000024976: Error: System overload: Cycle time too short or huge jitter!
0000024976: SendCycFramesByEntry(0): wFramesMonitoringProcCnt (0) < wFramesMonitoringSndCnt (1)
0000024976: Notify EC_NOTIFY_FRAME_RESPONSE_ERROR(No response error for cyclic frame IDX=0xa9, CycFrameNum=0, TaskId=0)
0000024976: Error: System overload: Cycle time too short or huge jitter!
0000024976: SendCycFramesByEntry(0): wFramesMonitoringProcCnt (0) < wFramesMonitoringSndCnt (1)
0000024976: Notify EC_NOTIFY_FRAME_RESPONSE_ERROR(No response error for cyclic frame IDX=0xaa, CycFrameNum=0, TaskId=0)
0000024977: Error: System overload: Cycle time too short or huge jitter!
0000024977: SendCycFramesByEntry(0): wFramesMonitoringProcCnt (0) < wFramesMonitoringSndCnt (1)
0000024977: Notify EC_NOTIFY_FRAME_RESPONSE_ERROR(No response error for cyclic frame IDX=0xab, CycFrameNum=0, TaskId=0)
0000024977: Notify EC_NOTIFY_CYCCMD_WKC_ERROR(11, 0x10000000, 2, 15)
0000024977: Notify EC_NOTIFY_CYCCMD_WKC_ERROR(10, 0x10000800, 2, 15)
0000024977: Notify EC_NOTIFY_CYCCMD_WKC_ERROR(11, 0x10000000, 2, 15)
0000024977: Notify EC_NOTIFY_CYCCMD_WKC_ERROR(10, 0x10000800, 2, 15)
0000024977: Notify EC_NOTIFY_CYCCMD_WKC_ERROR(11, 0x10000000, 2, 15)
0000024977: Notify EC_NOTIFY_CYCCMD_WKC_ERROR(10, 0x10000800, 2, 15)
0000024981: Error: System overload: Cycle time too short or huge jitter!
0000024981: SendCycFramesByEntry(0): wFramesMonitoringProcCnt (0) < wFramesMonitoringSndCnt (1)
0000024981: Notify EC_NOTIFY_FRAME_RESPONSE_ERROR(No response error for cyclic frame IDX=0xb3, CycFrameNum=0, TaskId=0)
0000024981: Notify EC_NOTIFY_CYCCMD_WKC_ERROR(11, 0x10000000, 2, 15)
0000024981: Notify EC_NOTIFY_CYCCMD_WKC_ERROR(10, 0x10000800, 2, 15)
0000024982: Error: System overload: Cycle time too short or huge jitter!
0000024982: SendCycFramesByEntry(0): wFramesMonitoringProcCnt (0) < wFramesMonitoringSndCnt (1)
0000024982: Notify EC_NOTIFY_FRAME_RESPONSE_ERROR(No response error for cyclic frame IDX=0xb5, CycFrameNum=0, TaskId=0)
0000024982: Notify EC_NOTIFY_CYCCMD_WKC_ERROR(11, 0x10000000, 2, 15)
0000024982: Notify EC_NOTIFY_CYCCMD_WKC_ERROR(10, 0x10000800, 2, 15)
0000024983: Error: System overload: Cycle time too short or huge jitter!
0000024983: SendCycFramesByEntry(0): wFramesMonitoringProcCnt (0) < wFramesMonitoringSndCnt (1)
0000024983: Notify EC_NOTIFY_FRAME_RESPONSE_ERROR(No response error for cyclic frame IDX=0xb8, CycFrameNum=0, TaskId=0)
0000024984: Notify EC_NOTIFY_CYCCMD_WKC_ERROR(11, 0x10000000, 2, 15)
0000024984: Notify EC_NOTIFY_CYCCMD_WKC_ERROR(10, 0x10000800, 2, 15)
0000024984: Error: System overload: Cycle time too short or huge jitter!
0000024984: SendCycFramesByEntry(0): wFramesMonitoringProcCnt (0) < wFramesMonitoringSndCnt (1)
0000024984: Notify EC_NOTIFY_FRAME_RESPONSE_ERROR(No response error for cyclic frame IDX=0xba, CycFrameNum=0, TaskId=0)
0000024985: Notify EC_NOTIFY_CYCCMD_WKC_ERROR(11, 0x10000000, 2, 15)
0000024985: Notify EC_NOTIFY_CYCCMD_WKC_ERROR(10, 0x10000800, 2, 15)
0000024986: Error: System overload: Cycle time too short or huge jitter!
0000024986: SendCycFramesByEntry(0): wFramesMonitoringProcCnt (0) < wFramesMonitoringSndCnt (1)
0000024986: Notify EC_NOTIFY_FRAME_RESPONSE_ERROR(No response error for cyclic frame IDX=0xbd, CycFrameNum=0, TaskId=0)
0000024986: Notify EC_NOTIFY_CYCCMD_WKC_ERROR(11, 0x10000000, 2, 15)
0000024986: Notify EC_NOTIFY_CYCCMD_WKC_ERROR(10, 0x10000800, 2, 15)
0000024987: Error: System overload: Cycle time too short or huge jitter!
0000024987: SendCycFramesByEntry(0): wFramesMonitoringProcCnt (0) < wFramesMonitoringSndCnt (1)
0000024987: Notify EC_NOTIFY_FRAME_RESPONSE_ERROR(No response error for cyclic frame IDX=0xbf, CycFrameNum=0, TaskId=0)
0000024987: Notify EC_NOTIFY_CYCCMD_WKC_ERROR(11, 0x10000000, 2, 15)
0000024987: Notify EC_NOTIFY_CYCCMD_WKC_ERROR(10, 0x10000800, 2, 15)
0000024988: Error: System overload: Cycle time too short or huge jitter!
0000024988: SendCycFramesByEntry(0): wFramesMonitoringProcCnt (0) < wFramesMonitoringSndCnt (1)
0000024988: Notify EC_NOTIFY_FRAME_RESPONSE_ERROR(No response error for cyclic frame IDX=0xc1, CycFrameNum=0, TaskId=0)
0000024988: Notify EC_NOTIFY_CYCCMD_WKC_ERROR(11, 0x10000000, 2, 15)
0000024988: Notify EC_NOTIFY_CYCCMD_WKC_ERROR(10, 0x10000800, 2, 15)
0000024989: Error: System overload: Cycle time too short or huge jitter!
0000024989: SendCycFramesByEntry(0): wFramesMonitoringProcCnt (0) < wFramesMonitoringSndCnt (1)
0000024989: Notify EC_NOTIFY_FRAME_RESPONSE_ERROR(No response error for cyclic frame IDX=0xc4, CycFrameNum=0, TaskId=0)
0000024990: Notify EC_NOTIFY_CYCCMD_WKC_ERROR(11, 0x10000000, 2, 15)
0000024990: Notify EC_NOTIFY_CYCCMD_WKC_ERROR(10, 0x10000800, 2, 15)
0000024990: Error: System overload: Cycle time too short or huge jitter!
0000024990: SendCycFramesByEntry(0): wFramesMonitoringProcCnt (0) < wFramesMonitoringSndCnt (1)
0000024990: Notify EC_NOTIFY_FRAME_RESPONSE_ERROR(No response error for cyclic frame IDX=0xc6, CycFrameNum=0, TaskId=0)
0000024991: Error: System overload: Cycle time too short or huge jitter!
0000024991: SendCycFramesByEntry(0): wFramesMonitoringProcCnt (0) < wFramesMonitoringSndCnt (1)
0000024991: Notify EC_NOTIFY_FRAME_RESPONSE_ERROR(No response error for cyclic frame IDX=0xc7, CycFrameNum=0, TaskId=0)
0000024991: Notify EC_NOTIFY_CYCCMD_WKC_ERROR(11, 0x10000000, 2, 15)
0000024991: Notify EC_NOTIFY_CYCCMD_WKC_ERROR(10, 0x10000800, 2, 15)
0000024991: Notify EC_NOTIFY_CYCCMD_WKC_ERROR(11, 0x10000000, 2, 15)
0000024991: Notify EC_NOTIFY_CYCCMD_WKC_ERROR(10, 0x10000800, 2, 15)
0000024993: Error: System overload: Cycle time too short or huge jitter!
0000024993: SendCycFramesByEntry(0): wFramesMonitoringProcCnt (0) < wFramesMonitoringSndCnt (1)
0000024993: Notify EC_NOTIFY_FRAME_RESPONSE_ERROR(No response error for cyclic frame IDX=0xcb, CycFrameNum=0, TaskId=0)
0000024993: Notify EC_NOTIFY_CYCCMD_WKC_ERROR(11, 0x10000000, 2, 15)
0000024993: Notify EC_NOTIFY_CYCCMD_WKC_ERROR(10, 0x10000800, 2, 15)
0000024994: Error: System overload: Cycle time too short or huge jitter!
0000024994: SendCycFramesByEntry(0): wFramesMonitoringProcCnt (0) < wFramesMonitoringSndCnt (1)
0000024994: Notify EC_NOTIFY_FRAME_RESPONSE_ERROR(No response error for cyclic frame IDX=0xcd, CycFrameNum=0, TaskId=0)
0000024994: Notify EC_NOTIFY_CYCCMD_WKC_ERROR(11, 0x10000000, 2, 15)
0000024994: Notify EC_NOTIFY_CYCCMD_WKC_ERROR(10, 0x10000800, 2, 15)
0000024996: Error: System overload: Cycle time too short or huge jitter!
0000024996: SendCycFramesByEntry(0): wFramesMonitoringProcCnt (0) < wFramesMonitoringSndCnt (1)
0000024996: Notify EC_NOTIFY_FRAME_RESPONSE_ERROR(No response error for cyclic frame IDX=0xd2, CycFrameNum=0, TaskId=0)
0000024997: Error: System overload: Cycle time too short or huge jitter!
0000024997: SendCycFramesByEntry(0): wFramesMonitoringProcCnt (0) < wFramesMonitoringSndCnt (1)
0000024997: Notify EC_NOTIFY_FRAME_RESPONSE_ERROR(No response error for cyclic frame IDX=0xd3, CycFrameNum=0, TaskId=0)
0000024997: Notify EC_NOTIFY_CYCCMD_WKC_ERROR(11, 0x10000000, 2, 15)
0000024997: Notify EC_NOTIFY_CYCCMD_WKC_ERROR(10, 0x10000800, 2, 15)
0000024997: Notify EC_NOTIFY_CYCCMD_WKC_ERROR(11, 0x10000000, 2, 15)
0000024997: Notify EC_NOTIFY_CYCCMD_WKC_ERROR(10, 0x10000800, 2, 15)
0000024999: Error: System overload: Cycle time too short or huge jitter!
0000024999: SendCycFramesByEntry(0): wFramesMonitoringProcCnt (0) < wFramesMonitoringSndCnt (1)
0000024999: Notify EC_NOTIFY_FRAME_RESPONSE_ERROR(No response error for cyclic frame IDX=0xd7, CycFrameNum=0, TaskId=0)
0000024999: Notify EC_NOTIFY_CYCCMD_WKC_ERROR(11, 0x10000000, 2, 15)
0000024999: Notify EC_NOTIFY_CYCCMD_WKC_ERROR(10, 0x10000800, 2, 15)
0000025000: Error: System overload: Cycle time too short or huge jitter!
0000025000: SendCycFramesByEntry(0): wFramesMonitoringProcCnt (0) < wFramesMonitoringSndCnt (1)
0000025000: Notify EC_NOTIFY_FRAME_RESPONSE_ERROR(No response error for cyclic frame IDX=0xda, CycFrameNum=0, TaskId=0)
0000025001: Notify EC_NOTIFY_CYCCMD_WKC_ERROR(11, 0x10000000, 2, 15)
0000025001: Notify EC_NOTIFY_CYCCMD_WKC_ERROR(10, 0x10000800, 2, 15)
0000025001: Error: System overload: Cycle time too short or huge jitter!
0000025001: SendCycFramesByEntry(0): wFramesMonitoringProcCnt (0) < wFramesMonitoringSndCnt (1)
0000025001: Notify EC_NOTIFY_FRAME_RESPONSE_ERROR(No response error for cyclic frame IDX=0xdc, CycFrameNum=0, TaskId=0)
0000025002: Notify EC_NOTIFY_CYCCMD_WKC_ERROR(11, 0x10000000, 2, 15)
0000025002: Notify EC_NOTIFY_CYCCMD_WKC_ERROR(10, 0x10000800, 2, 15)
0000025005: Error: System overload: Cycle time too short or huge jitter!
0000025005: SendCycFramesByEntry(0): wFramesMonitoringProcCnt (0) < wFramesMonitoringSndCnt (1)
0000025005: Notify EC_NOTIFY_FRAME_RESPONSE_ERROR(No response error for cyclic frame IDX=0x5, CycFrameNum=0, TaskId=0)
0000025005: Notify EC_NOTIFY_CYCCMD_WKC_ERROR(11, 0x10000000, 2, 15)
0000025005: Notify EC_NOTIFY_CYCCMD_WKC_ERROR(10, 0x10000800, 2, 15)
0000025006: Error: System overload: Cycle time too short or huge jitter!
0000025006: SendCycFramesByEntry(0): wFramesMonitoringProcCnt (0) < wFramesMonitoringSndCnt (1)
0000025006: Notify EC_NOTIFY_FRAME_RESPONSE_ERROR(No response error for cyclic frame IDX=0x8, CycFrameNum=0, TaskId=0)
0000025007: Notify EC_NOTIFY_CYCCMD_WKC_ERROR(11, 0x10000000, 2, 15)
0000025007: Notify EC_NOTIFY_CYCCMD_WKC_ERROR(10, 0x10000800, 2, 15)
0000025008: Error: System overload: Cycle time too short or huge jitter!
0000025008: SendCycFramesByEntry(0): wFramesMonitoringProcCnt (0) < wFramesMonitoringSndCnt (1)
0000025008: Notify EC_NOTIFY_FRAME_RESPONSE_ERROR(No response error for cyclic frame IDX=0xb, CycFrameNum=0, TaskId=0)
0000025008: Notify EC_NOTIFY_CYCCMD_WKC_ERROR(11, 0x10000000, 2, 15)
0000025008: Notify EC_NOTIFY_CYCCMD_WKC_ERROR(10, 0x10000800, 2, 15)
0000025009: Error: System overload: Cycle time too short or huge jitter!
0000025009: SendCycFramesByEntry(0): wFramesMonitoringProcCnt (0) < wFramesMonitoringSndCnt (1)
0000025009: Notify EC_NOTIFY_FRAME_RESPONSE_ERROR(No response error for cyclic frame IDX=0xd, CycFrameNum=0, TaskId=0)
0000025009: Notify EC_NOTIFY_CYCCMD_WKC_ERROR(11, 0x10000000, 2, 15)
0000025009: Notify EC_NOTIFY_CYCCMD_WKC_ERROR(10, 0x10000800, 2, 15)
0000025010: Error: System overload: Cycle time too short or huge jitter!
0000025010: SendCycFramesByEntry(0): wFramesMonitoringProcCnt (0) < wFramesMonitoringSndCnt (1)
0000025010: Notify EC_NOTIFY_FRAME_RESPONSE_ERROR(No response error for cyclic frame IDX=0xf, CycFrameNum=0, TaskId=0)
0000025010: Error: System overload: Cycle time too short or huge jitter!
0000025010: SendCycFramesByEntry(0): wFramesMonitoringProcCnt (0) < wFramesMonitoringSndCnt (1)
0000025010: Notify EC_NOTIFY_FRAME_RESPONSE_ERROR(No response error for cyclic frame IDX=0x10, CycFrameNum=0, TaskId=0)
0000025011: Notify EC_NOTIFY_CYCCMD_WKC_ERROR(11, 0x10000000, 2, 15)
0000025011: Notify EC_NOTIFY_CYCCMD_WKC_ERROR(10, 0x10000800, 2, 15)
0000025011: Notify EC_NOTIFY_CYCCMD_WKC_ERROR(11, 0x10000000, 2, 15)
0000025011: Notify EC_NOTIFY_CYCCMD_WKC_ERROR(10, 0x10000800, 2, 15)
0000025012: Error: System overload: Cycle time too short or huge jitter!
0000025012: SendCycFramesByEntry(0): wFramesMonitoringProcCnt (0) < wFramesMonitoringSndCnt (1)
0000025012: Notify EC_NOTIFY_FRAME_RESPONSE_ERROR(No response error for cyclic frame IDX=0x14, CycFrameNum=0, TaskId=0)
0000025013: Notify EC_NOTIFY_CYCCMD_WKC_ERROR(11, 0x10000000, 2, 15)
0000025013: Notify EC_NOTIFY_CYCCMD_WKC_ERROR(10, 0x10000800, 2, 15)
0000025015: Error: System overload: Cycle time too short or huge jitter!
0000025015: SendCycFramesByEntry(0): wFramesMonitoringProcCnt (0) < wFramesMonitoringSndCnt (1)
0000025015: Notify EC_NOTIFY_FRAME_RESPONSE_ERROR(No response error for cyclic frame IDX=0x19, CycFrameNum=0, TaskId=0)
0000025015: Notify EC_NOTIFY_CYCCMD_WKC_ERROR(11, 0x10000000, 2, 15)
0000025015: Notify EC_NOTIFY_CYCCMD_WKC_ERROR(10, 0x10000800, 2, 15)
0000025016: Error: System overload: Cycle time too short or huge jitter!
0000025016: SendCycFramesByEntry(0): wFramesMonitoringProcCnt (0) < wFramesMonitoringSndCnt (1)
0000025016: Notify EC_NOTIFY_FRAME_RESPONSE_ERROR(No response error for cyclic frame IDX=0x1b, CycFrameNum=0, TaskId=0)
0000025016: Notify EC_NOTIFY_CYCCMD_WKC_ERROR(11, 0x10000000, 2, 15)
0000025016: Notify EC_NOTIFY_CYCCMD_WKC_ERROR(10, 0x10000800, 2, 15)
0000025019: Error: System overload: Cycle time too short or huge jitter!
0000025019: SendCycFramesByEntry(0): wFramesMonitoringProcCnt (0) < wFramesMonitoringSndCnt (1)
0000025019: Notify EC_NOTIFY_FRAME_RESPONSE_ERROR(No response error for cyclic frame IDX=0x21, CycFrameNum=0, TaskId=0)
0000025019: Notify EC_NOTIFY_CYCCMD_WKC_ERROR(11, 0x10000000, 2, 15)
0000025019: Notify EC_NOTIFY_CYCCMD_WKC_ERROR(10, 0x10000800, 2, 15)
0000025020: Error: System overload: Cycle time too short or huge jitter!
0000025020: SendCycFramesByEntry(0): wFramesMonitoringProcCnt (0) < wFramesMonitoringSndCnt (1)
0000025020: Notify EC_NOTIFY_FRAME_RESPONSE_ERROR(No response error for cyclic frame IDX=0x23, CycFrameNum=0, TaskId=0)
0000025020: Notify EC_NOTIFY_CYCCMD_WKC_ERROR(11, 0x10000000, 2, 15)
0000025020: Notify EC_NOTIFY_CYCCMD_WKC_ERROR(10, 0x10000800, 2, 15)
0000025021: Error: System overload: Cycle time too short or huge jitter!
0000025021: SendCycFramesByEntry(0): wFramesMonitoringProcCnt (0) < wFramesMonitoringSndCnt (1)
0000025021: Notify EC_NOTIFY_FRAME_RESPONSE_ERROR(No response error for cyclic frame IDX=0x25, CycFrameNum=0, TaskId=0)
0000025021: Notify EC_NOTIFY_CYCCMD_WKC_ERROR(11, 0x10000000, 2, 15)
0000025021: Notify EC_NOTIFY_CYCCMD_WKC_ERROR(10, 0x10000800, 2, 15)
0000025022: Error: System overload: Cycle time too short or huge jitter!
0000025022: SendCycFramesByEntry(0): wFramesMonitoringProcCnt (0) < wFramesMonitoringSndCnt (1)
0000025022: Notify EC_NOTIFY_FRAME_RESPONSE_ERROR(No response error for cyclic frame IDX=0x27, CycFrameNum=0, TaskId=0)
0000025022: Notify EC_NOTIFY_CYCCMD_WKC_ERROR(11, 0x10000000, 2, 15)
0000025022: Notify EC_NOTIFY_CYCCMD_WKC_ERROR(10, 0x10000800, 2, 15)
0000025023: Error: System overload: Cycle time too short or huge jitter!
0000025023: SendCycFramesByEntry(0): wFramesMonitoringProcCnt (0) < wFramesMonitoringSndCnt (1)
0000025023: Notify EC_NOTIFY_FRAME_RESPONSE_ERROR(No response error for cyclic frame IDX=0x2a, CycFrameNum=0, TaskId=0)
0000025024: Notify EC_NOTIFY_CYCCMD_WKC_ERROR(11, 0x10000000, 2, 15)
0000025024: Notify EC_NOTIFY_CYCCMD_WKC_ERROR(10, 0x10000800, 2, 15)
0000025024: Error: System overload: Cycle time too short or huge jitter!
0000025024: SendCycFramesByEntry(0): wFramesMonitoringProcCnt (0) < wFramesMonitoringSndCnt (1)
0000025024: Notify EC_NOTIFY_FRAME_RESPONSE_ERROR(No response error for cyclic frame IDX=0x2c, CycFrameNum=0, TaskId=0)
0000025025: Notify EC_NOTIFY_CYCCMD_WKC_ERROR(11, 0x10000000, 2, 15)
0000025025: Notify EC_NOTIFY_CYCCMD_WKC_ERROR(10, 0x10000800, 2, 15)
0000025028: Error: System overload: Cycle time too short or huge jitter!
0000025028: SendCycFramesByEntry(0): wFramesMonitoringProcCnt (0) < wFramesMonitoringSndCnt (1)
0000025028: Notify EC_NOTIFY_FRAME_RESPONSE_ERROR(No response error for cyclic frame IDX=0x33, CycFrameNum=0, TaskId=0)
0000025028: Error: System overload: Cycle time too short or huge jitter!
0000025028: SendCycFramesByEntry(0): wFramesMonitoringProcCnt (0) < wFramesMonitoringSndCnt (1)
0000025028: Notify EC_NOTIFY_FRAME_RESPONSE_ERROR(No response error for cyclic frame IDX=0x34, CycFrameNum=0, TaskId=0)
0000025029: Notify EC_NOTIFY_CYCCMD_WKC_ERROR(11, 0x10000000, 2, 15)
0000025029: Notify EC_NOTIFY_CYCCMD_WKC_ERROR(10, 0x10000800, 2, 15)
0000025029: Notify EC_NOTIFY_CYCCMD_WKC_ERROR(11, 0x10000000, 2, 15)
0000025029: Notify EC_NOTIFY_CYCCMD_WKC_ERROR(10, 0x10000800, 2, 15)
0000025029: Error: System overload: Cycle time too short or huge jitter!
0000025029: SendCycFramesByEntry(0): wFramesMonitoringProcCnt (0) < wFramesMonitoringSndCnt (1)
0000025029: Notify EC_NOTIFY_FRAME_RESPONSE_ERROR(No response error for cyclic frame IDX=0x36, CycFrameNum=0, TaskId=0)
0000025030: Error: System overload: Cycle time too short or huge jitter!
0000025030: SendCycFramesByEntry(0): wFramesMonitoringProcCnt (0) < wFramesMonitoringSndCnt (1)
0000025030: Notify EC_NOTIFY_FRAME_RESPONSE_ERROR(No response error for cyclic frame IDX=0x37, CycFrameNum=0, TaskId=0)
0000025030: Error: System overload: Cycle time too short or huge jitter!
0000025030: SendCycFramesByEntry(0): wFramesMonitoringProcCnt (0) < wFramesMonitoringSndCnt (1)
0000025030: Notify EC_NOTIFY_FRAME_RESPONSE_ERROR(No response error for cyclic frame IDX=0x38, CycFrameNum=0, TaskId=0)
0000025031: Notify EC_NOTIFY_CYCCMD_WKC_ERROR(11, 0x10000000, 2, 15)
0000025031: Notify EC_NOTIFY_CYCCMD_WKC_ERROR(10, 0x10000800, 2, 15)
0000025031: Notify EC_NOTIFY_CYCCMD_WKC_ERROR(11, 0x10000000, 2, 15)
0000025031: Notify EC_NOTIFY_CYCCMD_WKC_ERROR(10, 0x10000800, 2, 15)
0000025031: Notify EC_NOTIFY_CYCCMD_WKC_ERROR(11, 0x10000000, 2, 15)
0000025031: Notify EC_NOTIFY_CYCCMD_WKC_ERROR(10, 0x10000800, 2, 15)
0000025032: Error: System overload: Cycle time too short or huge jitter!
0000025032: SendCycFramesByEntry(0): wFramesMonitoringProcCnt (0) < wFramesMonitoringSndCnt (1)
0000025032: Notify EC_NOTIFY_FRAME_RESPONSE_ERROR(No response error for cyclic frame IDX=0x3b, CycFrameNum=0, TaskId=0)
0000025032: Notify EC_NOTIFY_CYCCMD_WKC_ERROR(11, 0x10000000, 2, 15)
0000025032: Notify EC_NOTIFY_CYCCMD_WKC_ERROR(10, 0x10000800, 2, 15)
0000025035: Notify EC_NOTIFY_CYCCMD_WKC_ERROR(11, 0x10000000, 2, 15)
0000025035: Notify EC_NOTIFY_CYCCMD_WKC_ERROR(10, 0x10000800, 2, 15)
0000025037: Error: System overload: Cycle time too short or huge jitter!
0000025037: SendCycFramesByEntry(0): wFramesMonitoringProcCnt (0) < wFramesMonitoringSndCnt (1)
0000025037: Notify EC_NOTIFY_FRAME_RESPONSE_ERROR(No response error for cyclic frame IDX=0x45, CycFrameNum=0, TaskId=0)
0000025037: Notify EC_NOTIFY_CYCCMD_WKC_ERROR(11, 0x10000000, 2, 15)
0000025037: Notify EC_NOTIFY_CYCCMD_WKC_ERROR(10, 0x10000800, 2, 15)
0000025038: Error: System overload: Cycle time too short or huge jitter!
0000025038: SendCycFramesByEntry(0): wFramesMonitoringProcCnt (0) < wFramesMonitoringSndCnt (1)
0000025038: Notify EC_NOTIFY_FRAME_RESPONSE_ERROR(No response error for cyclic frame IDX=0x47, CycFrameNum=0, TaskId=0)
0000025038: Notify EC_NOTIFY_CYCCMD_WKC_ERROR(11, 0x10000000, 2, 15)
0000025038: Notify EC_NOTIFY_CYCCMD_WKC_ERROR(10, 0x10000800, 2, 15)
0000025039: Error: System overload: Cycle time too short or huge jitter!
0000025039: SendCycFramesByEntry(0): wFramesMonitoringProcCnt (0) < wFramesMonitoringSndCnt (1)
0000025039: Notify EC_NOTIFY_FRAME_RESPONSE_ERROR(No response error for cyclic frame IDX=0x4a, CycFrameNum=0, TaskId=0)
0000025040: Notify EC_NOTIFY_CYCCMD_WKC_ERROR(11, 0x10000000, 2, 15)
0000025040: Notify EC_NOTIFY_CYCCMD_WKC_ERROR(10, 0x10000800, 2, 15)
0000025041: Error: System overload: Cycle time too short or huge jitter!
0000025041: SendCycFramesByEntry(0): wFramesMonitoringProcCnt (0) < wFramesMonitoringSndCnt (1)
0000025041: Notify EC_NOTIFY_FRAME_RESPONSE_ERROR(No response error for cyclic frame IDX=0x4e, CycFrameNum=0, TaskId=0)
0000025042: Notify EC_NOTIFY_CYCCMD_WKC_ERROR(11, 0x10000000, 2, 15)
0000025042: Notify EC_NOTIFY_CYCCMD_WKC_ERROR(10, 0x10000800, 2, 15)
0000025043: Error: System overload: Cycle time too short or huge jitter!
0000025043: SendCycFramesByEntry(0): wFramesMonitoringProcCnt (0) < wFramesMonitoringSndCnt (1)
0000025043: Notify EC_NOTIFY_FRAME_RESPONSE_ERROR(No response error for cyclic frame IDX=0x51, CycFrameNum=0, TaskId=0)
0000025043: Notify EC_NOTIFY_CYCCMD_WKC_ERROR(11, 0x10000000, 2, 15)
0000025043: Notify EC_NOTIFY_CYCCMD_WKC_ERROR(10, 0x10000800, 2, 15)
0000025044: Error: System overload: Cycle time too short or huge jitter!
0000025044: SendCycFramesByEntry(0): wFramesMonitoringProcCnt (0) < wFramesMonitoringSndCnt (1)
0000025044: Notify EC_NOTIFY_FRAME_RESPONSE_ERROR(No response error for cyclic frame IDX=0x53, CycFrameNum=0, TaskId=0)
0000025044: Error: System overload: Cycle time too short or huge jitter!
0000025044: SendCycFramesByEntry(0): wFramesMonitoringProcCnt (0) < wFramesMonitoringSndCnt (1)
0000025044: Notify EC_NOTIFY_FRAME_RESPONSE_ERROR(No response error for cyclic frame IDX=0x54, CycFrameNum=0, TaskId=0)
0000025045: Notify EC_NOTIFY_CYCCMD_WKC_ERROR(11, 0x10000000, 2, 15)
0000025045: Notify EC_NOTIFY_CYCCMD_WKC_ERROR(10, 0x10000800, 2, 15)
0000025045: Notify EC_NOTIFY_CYCCMD_WKC_ERROR(11, 0x10000000, 2, 15)
0000025045: Notify EC_NOTIFY_CYCCMD_WKC_ERROR(10, 0x10000800, 2, 15)
0000025045: Notify EC_NOTIFY_CYCCMD_WKC_ERROR(11, 0x10000000, 2, 15)
0000025045: Notify EC_NOTIFY_CYCCMD_WKC_ERROR(10, 0x10000800, 2, 15)
0000025048: Error: System overload: Cycle time too short or huge jitter!
0000025048: SendCycFramesByEntry(0): wFramesMonitoringProcCnt (0) < wFramesMonitoringSndCnt (1)
0000025048: Notify EC_NOTIFY_FRAME_RESPONSE_ERROR(No response error for cyclic frame IDX=0x5b, CycFrameNum=0, TaskId=0)
0000025048: Notify EC_NOTIFY_CYCCMD_WKC_ERROR(11, 0x10000000, 2, 15)
0000025048: Notify EC_NOTIFY_CYCCMD_WKC_ERROR(10, 0x10000800, 2, 15)
0000025050: Error: System overload: Cycle time too short or huge jitter!
0000025050: SendCycFramesByEntry(0): wFramesMonitoringProcCnt (0) < wFramesMonitoringSndCnt (1)
0000025050: Notify EC_NOTIFY_FRAME_RESPONSE_ERROR(No response error for cyclic frame IDX=0x5f, CycFrameNum=0, TaskId=0)
0000025050: Notify EC_NOTIFY_CYCCMD_WKC_ERROR(11, 0x10000000, 2, 15)
0000025050: Notify EC_NOTIFY_CYCCMD_WKC_ERROR(10, 0x10000800, 2, 15)
0000025051: Error: System overload: Cycle time too short or huge jitter!
0000025051: SendCycFramesByEntry(0): wFramesMonitoringProcCnt (0) < wFramesMonitoringSndCnt (1)
0000025051: Notify EC_NOTIFY_FRAME_RESPONSE_ERROR(No response error for cyclic frame IDX=0x61, CycFrameNum=0, TaskId=0)
0000025051: Error: System overload: Cycle time too short or huge jitter!
0000025051: SendCycFramesByEntry(0): wFramesMonitoringProcCnt (0) < wFramesMonitoringSndCnt (1)
0000025051: Notify EC_NOTIFY_FRAME_RESPONSE_ERROR(No response error for cyclic frame IDX=0x62, CycFrameNum=0, TaskId=0)
0000025052: Notify EC_NOTIFY_CYCCMD_WKC_ERROR(11, 0x10000000, 2, 15)
0000025052: Notify EC_NOTIFY_CYCCMD_WKC_ERROR(10, 0x10000800, 2, 15)
0000025052: Notify EC_NOTIFY_CYCCMD_WKC_ERROR(11, 0x10000000, 2, 15)
0000025052: Notify EC_NOTIFY_CYCCMD_WKC_ERROR(10, 0x10000800, 2, 15)
0000025053: Error: System overload: Cycle time too short or huge jitter!
0000025053: SendCycFramesByEntry(0): wFramesMonitoringProcCnt (0) < wFramesMonitoringSndCnt (1)
0000025053: Notify EC_NOTIFY_FRAME_RESPONSE_ERROR(No response error for cyclic frame IDX=0x65, CycFrameNum=0, TaskId=0)
0000025053: Error: System overload: Cycle time too short or huge jitter!
0000025053: SendCycFramesByEntry(0): wFramesMonitoringProcCnt (0) < wFramesMonitoringSndCnt (1)
0000025053: Notify EC_NOTIFY_FRAME_RESPONSE_ERROR(No response error for cyclic frame IDX=0x66, CycFrameNum=0, TaskId=0)
0000025054: Error: System overload: Cycle time too short or huge jitter!
0000025054: SendCycFramesByEntry(0): wFramesMonitoringProcCnt (0) < wFramesMonitoringSndCnt (1)
0000025054: Notify EC_NOTIFY_FRAME_RESPONSE_ERROR(No response error for cyclic frame IDX=0x67, CycFrameNum=0, TaskId=0)
0000025054: Notify EC_NOTIFY_CYCCMD_WKC_ERROR(11, 0x10000000, 2, 15)
0000025054: Notify EC_NOTIFY_CYCCMD_WKC_ERROR(10, 0x10000800, 2, 15)
0000025054: Notify EC_NOTIFY_CYCCMD_WKC_ERROR(11, 0x10000000, 2, 15)
0000025054: Notify EC_NOTIFY_CYCCMD_WKC_ERROR(10, 0x10000800, 2, 15)
0000025054: Notify EC_NOTIFY_CYCCMD_WKC_ERROR(11, 0x10000000, 2, 15)
0000025054: Notify EC_NOTIFY_CYCCMD_WKC_ERROR(10, 0x10000800, 2, 15)
0000025056: Error: System overload: Cycle time too short or huge jitter!
0000025056: SendCycFramesByEntry(0): wFramesMonitoringProcCnt (0) < wFramesMonitoringSndCnt (1)
0000025056: Notify EC_NOTIFY_FRAME_RESPONSE_ERROR(No response error for cyclic frame IDX=0x6b, CycFrameNum=0, TaskId=0)
0000025056: Error: System overload: Cycle time too short or huge jitter!
0000025056: SendCycFramesByEntry(0): wFramesMonitoringProcCnt (0) < wFramesMonitoringSndCnt (1)
0000025056: Notify EC_NOTIFY_FRAME_RESPONSE_ERROR(No response error for cyclic frame IDX=0x6c, CycFrameNum=0, TaskId=0)
0000025057: Notify EC_NOTIFY_CYCCMD_WKC_ERROR(11, 0x10000000, 2, 15)
0000025057: Notify EC_NOTIFY_CYCCMD_WKC_ERROR(10, 0x10000800, 2, 15)
0000025057: Notify EC_NOTIFY_CYCCMD_WKC_ERROR(11, 0x10000000, 2, 15)
0000025057: Notify EC_NOTIFY_CYCCMD_WKC_ERROR(10, 0x10000800, 2, 15)
0000025058: Error: System overload: Cycle time too short or huge jitter!
0000025058: SendCycFramesByEntry(0): wFramesMonitoringProcCnt (0) < wFramesMonitoringSndCnt (1)
0000025058: Notify EC_NOTIFY_FRAME_RESPONSE_ERROR(No response error for cyclic frame IDX=0x70, CycFrameNum=0, TaskId=0)
0000025059: Notify EC_NOTIFY_CYCCMD_WKC_ERROR(11, 0x10000000, 2, 15)
0000025059: Notify EC_NOTIFY_CYCCMD_WKC_ERROR(10, 0x10000800, 2, 15)
0000025059: Error: System overload: Cycle time too short or huge jitter!
0000025059: SendCycFramesByEntry(0): wFramesMonitoringProcCnt (0) < wFramesMonitoringSndCnt (1)
0000025059: Notify EC_NOTIFY_FRAME_RESPONSE_ERROR(No response error for cyclic frame IDX=0x72, CycFrameNum=0, TaskId=0)
0000025060: Notify EC_NOTIFY_CYCCMD_WKC_ERROR(11, 0x10000000, 2, 15)
0000025060: Notify EC_NOTIFY_CYCCMD_WKC_ERROR(10, 0x10000800, 2, 15)
0000025062: Error: System overload: Cycle time too short or huge jitter!
0000025062: SendCycFramesByEntry(0): wFramesMonitoringProcCnt (0) < wFramesMonitoringSndCnt (1)
0000025062: Notify EC_NOTIFY_FRAME_RESPONSE_ERROR(No response error for cyclic frame IDX=0x78, CycFrameNum=0, TaskId=0)
0000025063: Notify EC_NOTIFY_CYCCMD_WKC_ERROR(11, 0x10000000, 2, 15)
0000025063: Notify EC_NOTIFY_CYCCMD_WKC_ERROR(10, 0x10000800, 2, 15)
0000025066: Error: System overload: Cycle time too short or huge jitter!
0000025066: SendCycFramesByEntry(0): wFramesMonitoringProcCnt (0) < wFramesMonitoringSndCnt (1)
0000025066: Notify EC_NOTIFY_FRAME_RESPONSE_ERROR(No response error for cyclic frame IDX=0x7f, CycFrameNum=0, TaskId=0)
0000025066: Notify EC_NOTIFY_CYCCMD_WKC_ERROR(11, 0x10000000, 2, 15)
0000025066: Notify EC_NOTIFY_CYCCMD_WKC_ERROR(10, 0x10000800, 2, 15)
0000025069: Error: System overload: Cycle time too short or huge jitter!
0000025069: SendCycFramesByEntry(0): wFramesMonitoringProcCnt (0) < wFramesMonitoringSndCnt (1)
0000025069: Notify EC_NOTIFY_FRAME_RESPONSE_ERROR(No response error for cyclic frame IDX=0x86, CycFrameNum=0, TaskId=0)
0000025070: Notify EC_NOTIFY_CYCCMD_WKC_ERROR(11, 0x10000000, 2, 15)
0000025070: Notify EC_NOTIFY_CYCCMD_WKC_ERROR(10, 0x10000800, 2, 15)
0000025070: Error: System overload: Cycle time too short or huge jitter!
0000025070: SendCycFramesByEntry(0): wFramesMonitoringProcCnt (0) < wFramesMonitoringSndCnt (1)
0000025070: Notify EC_NOTIFY_FRAME_RESPONSE_ERROR(No response error for cyclic frame IDX=0x88, CycFrameNum=0, TaskId=0)
0000025071: Notify EC_NOTIFY_CYCCMD_WKC_ERROR(11, 0x10000000, 2, 15)
0000025071: Notify EC_NOTIFY_CYCCMD_WKC_ERROR(10, 0x10000800, 2, 15)
0000025072: Error: System overload: Cycle time too short or huge jitter!
0000025072: SendCycFramesByEntry(0): wFramesMonitoringProcCnt (0) < wFramesMonitoringSndCnt (1)
0000025072: Notify EC_NOTIFY_FRAME_RESPONSE_ERROR(No response error for cyclic frame IDX=0x8b, CycFrameNum=0, TaskId=0)
0000025072: Notify EC_NOTIFY_CYCCMD_WKC_ERROR(11, 0x10000000, 2, 15)
0000025072: Notify EC_NOTIFY_CYCCMD_WKC_ERROR(10, 0x10000800, 2, 15)
0000025073: Error: System overload: Cycle time too short or huge jitter!
0000025073: SendCycFramesByEntry(0): wFramesMonitoringProcCnt (0) < wFramesMonitoringSndCnt (1)
0000025073: Notify EC_NOTIFY_FRAME_RESPONSE_ERROR(No response error for cyclic frame IDX=0x8d, CycFrameNum=0, TaskId=0)
0000025073: Notify EC_NOTIFY_CYCCMD_WKC_ERROR(11, 0x10000000, 2, 15)
0000025073: Notify EC_NOTIFY_CYCCMD_WKC_ERROR(10, 0x10000800, 2, 15)
0000025074: Error: System overload: Cycle time too short or huge jitter!
0000025074: SendCycFramesByEntry(0): wFramesMonitoringProcCnt (0) < wFramesMonitoringSndCnt (1)
0000025074: Notify EC_NOTIFY_FRAME_RESPONSE_ERROR(No response error for cyclic frame IDX=0x90, CycFrameNum=0, TaskId=0)
0000025075: Notify EC_NOTIFY_CYCCMD_WKC_ERROR(11, 0x10000000, 2, 15)
0000025075: Notify EC_NOTIFY_CYCCMD_WKC_ERROR(10, 0x10000800, 2, 15)
0000025075: Notify EC_NOTIFY_CYCCMD_WKC_ERROR(11, 0x10000000, 2, 15)
0000025075: Notify EC_NOTIFY_CYCCMD_WKC_ERROR(10, 0x10000800, 2, 15)
0000025076: Error: System overload: Cycle time too short or huge jitter!
0000025076: SendCycFramesByEntry(0): wFramesMonitoringProcCnt (0) < wFramesMonitoringSndCnt (1)
0000025076: Notify EC_NOTIFY_FRAME_RESPONSE_ERROR(No response error for cyclic frame IDX=0x93, CycFrameNum=0, TaskId=0)
0000025076: Error: System overload: Cycle time too short or huge jitter!
0000025076: SendCycFramesByEntry(0): wFramesMonitoringProcCnt (0) < wFramesMonitoringSndCnt (1)
0000025076: Notify EC_NOTIFY_FRAME_RESPONSE_ERROR(No response error for cyclic frame IDX=0x94, CycFrameNum=0, TaskId=0)
0000025077: Error: System overload: Cycle time too short or huge jitter!
0000025077: SendCycFramesByEntry(0): wFramesMonitoringProcCnt (0) < wFramesMonitoringSndCnt (1)
0000025077: Notify EC_NOTIFY_FRAME_RESPONSE_ERROR(No response error for cyclic frame IDX=0x95, CycFrameNum=0, TaskId=0)
0000025077: Notify EC_NOTIFY_CYCCMD_WKC_ERROR(11, 0x10000000, 2, 15)
0000025077: Notify EC_NOTIFY_CYCCMD_WKC_ERROR(10, 0x10000800, 2, 15)
0000025077: Notify EC_NOTIFY_CYCCMD_WKC_ERROR(11, 0x10000000, 2, 15)
0000025077: Notify EC_NOTIFY_CYCCMD_WKC_ERROR(10, 0x10000800, 2, 15)
0000025077: Notify EC_NOTIFY_CYCCMD_WKC_ERROR(11, 0x10000000, 2, 15)
0000025077: Notify EC_NOTIFY_CYCCMD_WKC_ERROR(10, 0x10000800, 2, 15)
0000025078: Error: System overload: Cycle time too short or huge jitter!
0000025078: SendCycFramesByEntry(0): wFramesMonitoringProcCnt (0) < wFramesMonitoringSndCnt (1)
0000025078: Notify EC_NOTIFY_FRAME_RESPONSE_ERROR(No response error for cyclic frame IDX=0x97, CycFrameNum=0, TaskId=0)
0000025078: Notify EC_NOTIFY_CYCCMD_WKC_ERROR(11, 0x10000000, 2, 15)
0000025078: Notify EC_NOTIFY_CYCCMD_WKC_ERROR(10, 0x10000800, 2, 15)
0000025079: Error: System overload: Cycle time too short or huge jitter!
0000025079: SendCycFramesByEntry(0): wFramesMonitoringProcCnt (0) < wFramesMonitoringSndCnt (1)
0000025079: Notify EC_NOTIFY_FRAME_RESPONSE_ERROR(No response error for cyclic frame IDX=0x99, CycFrameNum=0, TaskId=0)
0000025079: Error: System overload: Cycle time too short or huge jitter!
0000025079: SendCycFramesByEntry(0): wFramesMonitoringProcCnt (0) < wFramesMonitoringSndCnt (1)
0000025079: Notify EC_NOTIFY_FRAME_RESPONSE_ERROR(No response error for cyclic frame IDX=0x9a, CycFrameNum=0, TaskId=0)
0000025080: Notify EC_NOTIFY_CYCCMD_WKC_ERROR(11, 0x10000000, 2, 15)
0000025080: Notify EC_NOTIFY_CYCCMD_WKC_ERROR(10, 0x10000800, 2, 15)
0000025080: Notify EC_NOTIFY_CYCCMD_WKC_ERROR(11, 0x10000000, 2, 15)
0000025080: Notify EC_NOTIFY_CYCCMD_WKC_ERROR(10, 0x10000800, 2, 15)
0000025081: Error: System overload: Cycle time too short or huge jitter!
0000025081: SendCycFramesByEntry(0): wFramesMonitoringProcCnt (0) < wFramesMonitoringSndCnt (1)
0000025081: Notify EC_NOTIFY_FRAME_RESPONSE_ERROR(No response error for cyclic frame IDX=0x9d, CycFrameNum=0, TaskId=0)
0000025081: Notify EC_NOTIFY_CYCCMD_WKC_ERROR(11, 0x10000000, 2, 15)
0000025081: Notify EC_NOTIFY_CYCCMD_WKC_ERROR(10, 0x10000800, 2, 15)
0000025083: Error: System overload: Cycle time too short or huge jitter!
0000025083: SendCycFramesByEntry(0): wFramesMonitoringProcCnt (0) < wFramesMonitoringSndCnt (1)
0000025083: Notify EC_NOTIFY_FRAME_RESPONSE_ERROR(No response error for cyclic frame IDX=0xa1, CycFrameNum=0, TaskId=0)
0000025083: Notify EC_NOTIFY_CYCCMD_WKC_ERROR(11, 0x10000000, 2, 15)
0000025083: Notify EC_NOTIFY_CYCCMD_WKC_ERROR(10, 0x10000800, 2, 15)
0000025084: Error: System overload: Cycle time too short or huge jitter!
0000025084: SendCycFramesByEntry(0): wFramesMonitoringProcCnt (0) < wFramesMonitoringSndCnt (1)
0000025084: Notify EC_NOTIFY_FRAME_RESPONSE_ERROR(No response error for cyclic frame IDX=0xa3, CycFrameNum=0, TaskId=0)
0000025084: Error: System overload: Cycle time too short or huge jitter!
0000025084: SendCycFramesByEntry(0): wFramesMonitoringProcCnt (0) < wFramesMonitoringSndCnt (1)
0000025084: Notify EC_NOTIFY_FRAME_RESPONSE_ERROR(No response error for cyclic frame IDX=0xa4, CycFrameNum=0, TaskId=0)
0000025085: Notify EC_NOTIFY_CYCCMD_WKC_ERROR(11, 0x10000000, 2, 15)
0000025085: Notify EC_NOTIFY_CYCCMD_WKC_ERROR(10, 0x10000800, 2, 15)
0000025085: Notify EC_NOTIFY_CYCCMD_WKC_ERROR(11, 0x10000000, 2, 15)
0000025085: Notify EC_NOTIFY_CYCCMD_WKC_ERROR(10, 0x10000800, 2, 15)
0000025085: Notify EC_NOTIFY_CYCCMD_WKC_ERROR(11, 0x10000000, 2, 15)
0000025085: Notify EC_NOTIFY_CYCCMD_WKC_ERROR(10, 0x10000800, 2, 15)
0000025086: Error: System overload: Cycle time too short or huge jitter!
0000025086: SendCycFramesByEntry(0): wFramesMonitoringProcCnt (0) < wFramesMonitoringSndCnt (1)
0000025086: Notify EC_NOTIFY_FRAME_RESPONSE_ERROR(No response error for cyclic frame IDX=0xa8, CycFrameNum=0, TaskId=0)
0000025087: Notify EC_NOTIFY_CYCCMD_WKC_ERROR(11, 0x10000000, 2, 15)
0000025087: Notify EC_NOTIFY_CYCCMD_WKC_ERROR(10, 0x10000800, 2, 15)
0000025087: Error: System overload: Cycle time too short or huge jitter!
0000025087: SendCycFramesByEntry(0): wFramesMonitoringProcCnt (0) < wFramesMonitoringSndCnt (1)
0000025087: Notify EC_NOTIFY_FRAME_RESPONSE_ERROR(No response error for cyclic frame IDX=0xaa, CycFrameNum=0, TaskId=0)
0000025088: Notify EC_NOTIFY_CYCCMD_WKC_ERROR(11, 0x10000000, 2, 15)
0000025088: Notify EC_NOTIFY_CYCCMD_WKC_ERROR(10, 0x10000800, 2, 15)
0000025089: Error: System overload: Cycle time too short or huge jitter!
0000025089: SendCycFramesByEntry(0): wFramesMonitoringProcCnt (0) < wFramesMonitoringSndCnt (1)
0000025089: Notify EC_NOTIFY_FRAME_RESPONSE_ERROR(No response error for cyclic frame IDX=0xad, CycFrameNum=0, TaskId=0)
0000025089: Notify EC_NOTIFY_CYCCMD_WKC_ERROR(11, 0x10000000, 2, 15)
0000025089: Notify EC_NOTIFY_CYCCMD_WKC_ERROR(10, 0x10000800, 2, 15)
0000025090: Error: System overload: Cycle time too short or huge jitter!
0000025090: SendCycFramesByEntry(0): wFramesMonitoringProcCnt (0) < wFramesMonitoringSndCnt (1)
0000025090: Notify EC_NOTIFY_FRAME_RESPONSE_ERROR(No response error for cyclic frame IDX=0xaf, CycFrameNum=0, TaskId=0)
0000025090: Notify EC_NOTIFY_CYCCMD_WKC_ERROR(11, 0x10000000, 2, 15)
0000025090: Notify EC_NOTIFY_CYCCMD_WKC_ERROR(10, 0x10000800, 2, 15)
0000025091: Error: System overload: Cycle time too short or huge jitter!
0000025091: SendCycFramesByEntry(0): wFramesMonitoringProcCnt (0) < wFramesMonitoringSndCnt (1)
0000025091: Notify EC_NOTIFY_FRAME_RESPONSE_ERROR(No response error for cyclic frame IDX=0xb2, CycFrameNum=0, TaskId=0)
0000025092: Notify EC_NOTIFY_CYCCMD_WKC_ERROR(11, 0x10000000, 2, 15)
0000025092: Notify EC_NOTIFY_CYCCMD_WKC_ERROR(10, 0x10000800, 2, 15)
0000025092: Error: System overload: Cycle time too short or huge jitter!
0000025092: SendCycFramesByEntry(0): wFramesMonitoringProcCnt (0) < wFramesMonitoringSndCnt (1)
0000025092: Notify EC_NOTIFY_FRAME_RESPONSE_ERROR(No response error for cyclic frame IDX=0xb4, CycFrameNum=0, TaskId=0)
0000025093: Notify EC_NOTIFY_CYCCMD_WKC_ERROR(11, 0x10000000, 2, 15)
0000025093: Notify EC_NOTIFY_CYCCMD_WKC_ERROR(10, 0x10000800, 2, 15)
0000025094: Error: System overload: Cycle time too short or huge jitter!
0000025094: SendCycFramesByEntry(0): wFramesMonitoringProcCnt (0) < wFramesMonitoringSndCnt (1)
0000025094: Notify EC_NOTIFY_FRAME_RESPONSE_ERROR(No response error for cyclic frame IDX=0xb7, CycFrameNum=0, TaskId=0)
0000025094: Notify EC_NOTIFY_CYCCMD_WKC_ERROR(11, 0x10000000, 2, 15)
0000025094: Notify EC_NOTIFY_CYCCMD_WKC_ERROR(10, 0x10000800, 2, 15)
0000025097: Error: System overload: Cycle time too short or huge jitter!
0000025097: SendCycFramesByEntry(0): wFramesMonitoringProcCnt (0) < wFramesMonitoringSndCnt (1)
0000025097: Notify EC_NOTIFY_FRAME_RESPONSE_ERROR(No response error for cyclic frame IDX=0xbe, CycFrameNum=0, TaskId=0)
0000025098: Notify EC_NOTIFY_CYCCMD_WKC_ERROR(11, 0x10000000, 2, 15)
0000025098: Notify EC_NOTIFY_CYCCMD_WKC_ERROR(10, 0x10000800, 2, 15)
0000025100: Error: System overload: Cycle time too short or huge jitter!
0000025100: SendCycFramesByEntry(0): wFramesMonitoringProcCnt (0) < wFramesMonitoringSndCnt (1)
0000025100: Notify EC_NOTIFY_FRAME_RESPONSE_ERROR(No response error for cyclic frame IDX=0xc3, CycFrameNum=0, TaskId=0)
0000025100: Notify EC_NOTIFY_CYCCMD_WKC_ERROR(11, 0x10000000, 2, 15)
0000025100: Notify EC_NOTIFY_CYCCMD_WKC_ERROR(10, 0x10000800, 2, 15)
0000025101: Error: System overload: Cycle time too short or huge jitter!
0000025101: SendCycFramesByEntry(0): wFramesMonitoringProcCnt (0) < wFramesMonitoringSndCnt (1)
0000025101: Notify EC_NOTIFY_FRAME_RESPONSE_ERROR(No response error for cyclic frame IDX=0xc6, CycFrameNum=0, TaskId=0)
0000025102: Error: System overload: Cycle time too short or huge jitter!
0000025102: SendCycFramesByEntry(0): wFramesMonitoringProcCnt (0) < wFramesMonitoringSndCnt (1)
0000025102: Notify EC_NOTIFY_FRAME_RESPONSE_ERROR(No response error for cyclic frame IDX=0xc7, CycFrameNum=0, TaskId=0)
0000025102: Error: System overload: Cycle time too short or huge jitter!
0000025102: SendCycFramesByEntry(0): wFramesMonitoringProcCnt (0) < wFramesMonitoringSndCnt (1)
0000025102: Notify EC_NOTIFY_FRAME_RESPONSE_ERROR(No response error for cyclic frame IDX=0xc8, CycFrameNum=0, TaskId=0)
0000025103: Notify EC_NOTIFY_CYCCMD_WKC_ERROR(11, 0x10000000, 2, 15)
0000025103: Notify EC_NOTIFY_CYCCMD_WKC_ERROR(10, 0x10000800, 2, 15)
0000025103: Notify EC_NOTIFY_CYCCMD_WKC_ERROR(11, 0x10000000, 2, 15)
0000025103: Notify EC_NOTIFY_CYCCMD_WKC_ERROR(10, 0x10000800, 2, 15)
0000025103: Notify EC_NOTIFY_CYCCMD_WKC_ERROR(11, 0x10000000, 2, 15)
0000025103: Notify EC_NOTIFY_CYCCMD_WKC_ERROR(10, 0x10000800, 2, 15)
0000025103: Error: System overload: Cycle time too short or huge jitter!
0000025103: SendCycFramesByEntry(0): wFramesMonitoringProcCnt (0) < wFramesMonitoringSndCnt (1)
0000025103: Notify EC_NOTIFY_FRAME_RESPONSE_ERROR(No response error for cyclic frame IDX=0xca, CycFrameNum=0, TaskId=0)
0000025104: Notify EC_NOTIFY_CYCCMD_WKC_ERROR(11, 0x10000000, 2, 15)
0000025104: Notify EC_NOTIFY_CYCCMD_WKC_ERROR(10, 0x10000800, 2, 15)
0000025107: Error: System overload: Cycle time too short or huge jitter!
0000025107: SendCycFramesByEntry(0): wFramesMonitoringProcCnt (0) < wFramesMonitoringSndCnt (1)
0000025107: Notify EC_NOTIFY_FRAME_RESPONSE_ERROR(No response error for cyclic frame IDX=0xd1, CycFrameNum=0, TaskId=0)
0000025107: Error: System overload: Cycle time too short or huge jitter!
0000025107: SendCycFramesByEntry(0): wFramesMonitoringProcCnt (0) < wFramesMonitoringSndCnt (1)
0000025107: Notify EC_NOTIFY_FRAME_RESPONSE_ERROR(No response error for cyclic frame IDX=0xd2, CycFrameNum=0, TaskId=0)
0000025108: Notify EC_NOTIFY_CYCCMD_WKC_ERROR(11, 0x10000000, 2, 15)
0000025108: Notify EC_NOTIFY_CYCCMD_WKC_ERROR(10, 0x10000800, 2, 15)
0000025108: Notify EC_NOTIFY_CYCCMD_WKC_ERROR(11, 0x10000000, 2, 15)
0000025108: Notify EC_NOTIFY_CYCCMD_WKC_ERROR(10, 0x10000800, 2, 15)
0000025110: Error: System overload: Cycle time too short or huge jitter!
0000025110: SendCycFramesByEntry(0): wFramesMonitoringProcCnt (0) < wFramesMonitoringSndCnt (1)
0000025110: Notify EC_NOTIFY_FRAME_RESPONSE_ERROR(No response error for cyclic frame IDX=0xd7, CycFrameNum=0, TaskId=0)
0000025110: Notify EC_NOTIFY_CYCCMD_WKC_ERROR(11, 0x10000000, 2, 15)
0000025110: Notify EC_NOTIFY_CYCCMD_WKC_ERROR(10, 0x10000800, 2, 15)
0000025111: Error: System overload: Cycle time too short or huge jitter!
0000025111: SendCycFramesByEntry(0): wFramesMonitoringProcCnt (0) < wFramesMonitoringSndCnt (1)
0000025111: Notify EC_NOTIFY_FRAME_RESPONSE_ERROR(No response error for cyclic frame IDX=0xd9, CycFrameNum=0, TaskId=0)
0000025111: Notify EC_NOTIFY_CYCCMD_WKC_ERROR(11, 0x10000000, 2, 15)
0000025111: Notify EC_NOTIFY_CYCCMD_WKC_ERROR(10, 0x10000800, 2, 15)
0000025112: Error: System overload: Cycle time too short or huge jitter!
0000025112: SendCycFramesByEntry(0): wFramesMonitoringProcCnt (0) < wFramesMonitoringSndCnt (1)
0000025112: Notify EC_NOTIFY_FRAME_RESPONSE_ERROR(No response error for cyclic frame IDX=0xdb, CycFrameNum=0, TaskId=0)
0000025112: Notify EC_NOTIFY_CYCCMD_WKC_ERROR(11, 0x10000000, 2, 15)
0000025112: Notify EC_NOTIFY_CYCCMD_WKC_ERROR(10, 0x10000800, 2, 15)
0000025115: Notify EC_NOTIFY_CYCCMD_WKC_ERROR(11, 0x10000000, 2, 15)
0000025115: Notify EC_NOTIFY_CYCCMD_WKC_ERROR(10, 0x10000800, 2, 15)
0000025117: Error: System overload: Cycle time too short or huge jitter!
0000025117: SendCycFramesByEntry(0): wFramesMonitoringProcCnt (0) < wFramesMonitoringSndCnt (1)
0000025117: Notify EC_NOTIFY_FRAME_RESPONSE_ERROR(No response error for cyclic frame IDX=0x7, CycFrameNum=0, TaskId=0)
0000025117: Notify EC_NOTIFY_CYCCMD_WKC_ERROR(11, 0x10000000, 2, 15)
0000025117: Notify EC_NOTIFY_CYCCMD_WKC_ERROR(10, 0x10000800, 2, 15)
0000025118: Error: System overload: Cycle time too short or huge jitter!
0000025118: SendCycFramesByEntry(0): wFramesMonitoringProcCnt (0) < wFramesMonitoringSndCnt (1)
0000025118: Notify EC_NOTIFY_FRAME_RESPONSE_ERROR(No response error for cyclic frame IDX=0x9, CycFrameNum=0, TaskId=0)
0000025118: Notify EC_NOTIFY_CYCCMD_WKC_ERROR(11, 0x10000000, 2, 15)
0000025118: Notify EC_NOTIFY_CYCCMD_WKC_ERROR(10, 0x10000800, 2, 15)
0000025119: Error: System overload: Cycle time too short or huge jitter!
0000025119: SendCycFramesByEntry(0): wFramesMonitoringProcCnt (0) < wFramesMonitoringSndCnt (1)
0000025119: Notify EC_NOTIFY_FRAME_RESPONSE_ERROR(No response error for cyclic frame IDX=0xc, CycFrameNum=0, TaskId=0)
0000025120: Notify EC_NOTIFY_CYCCMD_WKC_ERROR(11, 0x10000000, 2, 15)
0000025120: Notify EC_NOTIFY_CYCCMD_WKC_ERROR(10, 0x10000800, 2, 15)
0000025121: Error: System overload: Cycle time too short or huge jitter!
0000025121: SendCycFramesByEntry(0): wFramesMonitoringProcCnt (0) < wFramesMonitoringSndCnt (1)
0000025121: Notify EC_NOTIFY_FRAME_RESPONSE_ERROR(No response error for cyclic frame IDX=0xf, CycFrameNum=0, TaskId=0)
0000025121: Error: System overload: Cycle time too short or huge jitter!
0000025121: SendCycFramesByEntry(0): wFramesMonitoringProcCnt (0) < wFramesMonitoringSndCnt (1)
0000025121: Notify EC_NOTIFY_FRAME_RESPONSE_ERROR(No response error for cyclic frame IDX=0x10, CycFrameNum=0, TaskId=0)
0000025122: Notify EC_NOTIFY_CYCCMD_WKC_ERROR(11, 0x10000000, 2, 15)
0000025122: Notify EC_NOTIFY_CYCCMD_WKC_ERROR(10, 0x10000800, 2, 15)
0000025122: Notify EC_NOTIFY_CYCCMD_WKC_ERROR(11, 0x10000000, 2, 15)
0000025122: Notify EC_NOTIFY_CYCCMD_WKC_ERROR(10, 0x10000800, 2, 15)
0000025124: Error: System overload: Cycle time too short or huge jitter!
0000025124: SendCycFramesByEntry(0): wFramesMonitoringProcCnt (0) < wFramesMonitoringSndCnt (1)
0000025124: Notify EC_NOTIFY_FRAME_RESPONSE_ERROR(No response error for cyclic frame IDX=0x15, CycFrameNum=0, TaskId=0)
0000025124: Notify EC_NOTIFY_CYCCMD_WKC_ERROR(11, 0x10000000, 2, 15)
0000025124: Notify EC_NOTIFY_CYCCMD_WKC_ERROR(10, 0x10000800, 2, 15)
0000025125: Notify EC_NOTIFY_CYCCMD_WKC_ERROR(11, 0x10000000, 2, 15)
0000025125: Notify EC_NOTIFY_CYCCMD_WKC_ERROR(10, 0x10000800, 2, 15)
0000025126: Error: System overload: Cycle time too short or huge jitter!
0000025126: SendCycFramesByEntry(0): wFramesMonitoringProcCnt (0) < wFramesMonitoringSndCnt (1)
0000025126: Notify EC_NOTIFY_FRAME_RESPONSE_ERROR(No response error for cyclic frame IDX=0x1a, CycFrameNum=0, TaskId=0)
0000025127: Notify EC_NOTIFY_CYCCMD_WKC_ERROR(11, 0x10000000, 2, 15)
0000025127: Notify EC_NOTIFY_CYCCMD_WKC_ERROR(10, 0x10000800, 2, 15)
0000025129: Error: System overload: Cycle time too short or huge jitter!
0000025129: SendCycFramesByEntry(0): wFramesMonitoringProcCnt (0) < wFramesMonitoringSndCnt (1)
0000025129: Notify EC_NOTIFY_FRAME_RESPONSE_ERROR(No response error for cyclic frame IDX=0x1f, CycFrameNum=0, TaskId=0)
0000025129: Notify EC_NOTIFY_CYCCMD_WKC_ERROR(11, 0x10000000, 2, 15)
0000025129: Notify EC_NOTIFY_CYCCMD_WKC_ERROR(10, 0x10000800, 2, 15)
0000025130: Error: System overload: Cycle time too short or huge jitter!
0000025130: SendCycFramesByEntry(0): wFramesMonitoringProcCnt (0) < wFramesMonitoringSndCnt (1)
0000025130: Notify EC_NOTIFY_FRAME_RESPONSE_ERROR(No response error for cyclic frame IDX=0x21, CycFrameNum=0, TaskId=0)
0000025130: Error: System overload: Cycle time too short or huge jitter!
0000025130: SendCycFramesByEntry(0): wFramesMonitoringProcCnt (0) < wFramesMonitoringSndCnt (1)
0000025130: Notify EC_NOTIFY_FRAME_RESPONSE_ERROR(No response error for cyclic frame IDX=0x22, CycFrameNum=0, TaskId=0)
0000025131: Notify EC_NOTIFY_CYCCMD_WKC_ERROR(11, 0x10000000, 2, 15)
0000025131: Notify EC_NOTIFY_CYCCMD_WKC_ERROR(10, 0x10000800, 2, 15)
0000025131: Notify EC_NOTIFY_CYCCMD_WKC_ERROR(11, 0x10000000, 2, 15)
0000025131: Notify EC_NOTIFY_CYCCMD_WKC_ERROR(10, 0x10000800, 2, 15)
0000025131: Error: System overload: Cycle time too short or huge jitter!
0000025131: SendCycFramesByEntry(0): wFramesMonitoringProcCnt (0) < wFramesMonitoringSndCnt (1)
0000025131: Notify EC_NOTIFY_FRAME_RESPONSE_ERROR(No response error for cyclic frame IDX=0x24, CycFrameNum=0, TaskId=0)
0000025132: Notify EC_NOTIFY_CYCCMD_WKC_ERROR(11, 0x10000000, 2, 15)
0000025132: Notify EC_NOTIFY_CYCCMD_WKC_ERROR(10, 0x10000800, 2, 15)
0000025135: Error: System overload: Cycle time too short or huge jitter!
0000025135: SendCycFramesByEntry(0): wFramesMonitoringProcCnt (0) < wFramesMonitoringSndCnt (1)
0000025135: Notify EC_NOTIFY_FRAME_RESPONSE_ERROR(No response error for cyclic frame IDX=0x2b, CycFrameNum=0, TaskId=0)
0000025135: Notify EC_NOTIFY_CYCCMD_WKC_ERROR(11, 0x10000000, 2, 15)
0000025135: Notify EC_NOTIFY_CYCCMD_WKC_ERROR(10, 0x10000800, 2, 15)
0000025136: Error: System overload: Cycle time too short or huge jitter!
0000025136: SendCycFramesByEntry(0): wFramesMonitoringProcCnt (0) < wFramesMonitoringSndCnt (1)
0000025136: Notify EC_NOTIFY_FRAME_RESPONSE_ERROR(No response error for cyclic frame IDX=0x2d, CycFrameNum=0, TaskId=0)
0000025136: Error: System overload: Cycle time too short or huge jitter!
0000025136: SendCycFramesByEntry(0): wFramesMonitoringProcCnt (0) < wFramesMonitoringSndCnt (1)
0000025136: Notify EC_NOTIFY_FRAME_RESPONSE_ERROR(No response error for cyclic frame IDX=0x2e, CycFrameNum=0, TaskId=0)
0000025137: Notify EC_NOTIFY_CYCCMD_WKC_ERROR(11, 0x10000000, 2, 15)
0000025137: Notify EC_NOTIFY_CYCCMD_WKC_ERROR(10, 0x10000800, 2, 15)
0000025137: Notify EC_NOTIFY_CYCCMD_WKC_ERROR(11, 0x10000000, 2, 15)
0000025137: Notify EC_NOTIFY_CYCCMD_WKC_ERROR(10, 0x10000800, 2, 15)
0000025137: Error: System overload: Cycle time too short or huge jitter!
0000025137: SendCycFramesByEntry(0): wFramesMonitoringProcCnt (0) < wFramesMonitoringSndCnt (1)
0000025137: Notify EC_NOTIFY_FRAME_RESPONSE_ERROR(No response error for cyclic frame IDX=0x30, CycFrameNum=0, TaskId=0)
0000025138: Notify EC_NOTIFY_CYCCMD_WKC_ERROR(11, 0x10000000, 2, 15)
0000025138: Notify EC_NOTIFY_CYCCMD_WKC_ERROR(10, 0x10000800, 2, 15)
0000025140: Error: System overload: Cycle time too short or huge jitter!
0000025140: SendCycFramesByEntry(0): wFramesMonitoringProcCnt (0) < wFramesMonitoringSndCnt (1)
0000025140: Notify EC_NOTIFY_FRAME_RESPONSE_ERROR(No response error for cyclic frame IDX=0x35, CycFrameNum=0, TaskId=0)
0000025140: Notify EC_NOTIFY_CYCCMD_WKC_ERROR(11, 0x10000000, 2, 15)
0000025140: Notify EC_NOTIFY_CYCCMD_WKC_ERROR(10, 0x10000800, 2, 15)
0000025141: Error: System overload: Cycle time too short or huge jitter!
0000025141: SendCycFramesByEntry(0): wFramesMonitoringProcCnt (0) < wFramesMonitoringSndCnt (1)
0000025141: Notify EC_NOTIFY_FRAME_RESPONSE_ERROR(No response error for cyclic frame IDX=0x37, CycFrameNum=0, TaskId=0)
0000025141: Notify EC_NOTIFY_CYCCMD_WKC_ERROR(11, 0x10000000, 2, 15)
0000025141: Notify EC_NOTIFY_CYCCMD_WKC_ERROR(10, 0x10000800, 2, 15)
0000025143: Error: System overload: Cycle time too short or huge jitter!
0000025143: SendCycFramesByEntry(0): wFramesMonitoringProcCnt (0) < wFramesMonitoringSndCnt (1)
0000025143: Notify EC_NOTIFY_FRAME_RESPONSE_ERROR(No response error for cyclic frame IDX=0x3c, CycFrameNum=0, TaskId=0)
0000025144: Error: System overload: Cycle time too short or huge jitter!
0000025144: SendCycFramesByEntry(0): wFramesMonitoringProcCnt (0) < wFramesMonitoringSndCnt (1)
0000025144: Notify EC_NOTIFY_FRAME_RESPONSE_ERROR(No response error for cyclic frame IDX=0x3d, CycFrameNum=0, TaskId=0)
0000025144: Notify EC_NOTIFY_CYCCMD_WKC_ERROR(11, 0x10000000, 2, 15)
0000025144: Notify EC_NOTIFY_CYCCMD_WKC_ERROR(10, 0x10000800, 2, 15)
0000025144: Notify EC_NOTIFY_CYCCMD_WKC_ERROR(11, 0x10000000, 2, 15)
0000025144: Notify EC_NOTIFY_CYCCMD_WKC_ERROR(10, 0x10000800, 2, 15)
0000025146: Error: System overload: Cycle time too short or huge jitter!
0000025146: SendCycFramesByEntry(0): wFramesMonitoringProcCnt (0) < wFramesMonitoringSndCnt (1)
0000025146: Notify EC_NOTIFY_FRAME_RESPONSE_ERROR(No response error for cyclic frame IDX=0x41, CycFrameNum=0, TaskId=0)
0000025146: Notify EC_NOTIFY_CYCCMD_WKC_ERROR(11, 0x10000000, 2, 15)
0000025146: Notify EC_NOTIFY_CYCCMD_WKC_ERROR(10, 0x10000800, 2, 15)
0000025150: Error: System overload: Cycle time too short or huge jitter!
0000025150: SendCycFramesByEntry(0): wFramesMonitoringProcCnt (0) < wFramesMonitoringSndCnt (1)
0000025150: Notify EC_NOTIFY_FRAME_RESPONSE_ERROR(No response error for cyclic frame IDX=0x49, CycFrameNum=0, TaskId=0)
0000025150: Error: System overload: Cycle time too short or huge jitter!
0000025150: SendCycFramesByEntry(0): wFramesMonitoringProcCnt (0) < wFramesMonitoringSndCnt (1)
0000025150: Notify EC_NOTIFY_FRAME_RESPONSE_ERROR(No response error for cyclic frame IDX=0x4a, CycFrameNum=0, TaskId=0)
0000025151: Notify EC_NOTIFY_CYCCMD_WKC_ERROR(11, 0x10000000, 2, 15)
0000025151: Notify EC_NOTIFY_CYCCMD_WKC_ERROR(10, 0x10000800, 2, 15)
0000025151: Notify EC_NOTIFY_CYCCMD_WKC_ERROR(11, 0x10000000, 2, 15)
0000025151: Notify EC_NOTIFY_CYCCMD_WKC_ERROR(10, 0x10000800, 2, 15)
0000025152: Error: System overload: Cycle time too short or huge jitter!
0000025152: SendCycFramesByEntry(0): wFramesMonitoringProcCnt (0) < wFramesMonitoringSndCnt (1)
0000025152: Notify EC_NOTIFY_FRAME_RESPONSE_ERROR(No response error for cyclic frame IDX=0x4d, CycFrameNum=0, TaskId=0)
0000025152: Error: System overload: Cycle time too short or huge jitter!
0000025152: SendCycFramesByEntry(0): wFramesMonitoringProcCnt (0) < wFramesMonitoringSndCnt (1)
0000025152: Notify EC_NOTIFY_FRAME_RESPONSE_ERROR(No response error for cyclic frame IDX=0x4e, CycFrameNum=0, TaskId=0)
0000025153: Error: System overload: Cycle time too short or huge jitter!
0000025153: SendCycFramesByEntry(0): wFramesMonitoringProcCnt (0) < wFramesMonitoringSndCnt (1)
0000025153: Notify EC_NOTIFY_FRAME_RESPONSE_ERROR(No response error for cyclic frame IDX=0x4f, CycFrameNum=0, TaskId=0)
0000025153: Error: System overload: Cycle time too short or huge jitter!
0000025153: SendCycFramesByEntry(0): wFramesMonitoringProcCnt (0) < wFramesMonitoringSndCnt (1)
0000025153: Notify EC_NOTIFY_FRAME_RESPONSE_ERROR(No response error for cyclic frame IDX=0x50, CycFrameNum=0, TaskId=0)
0000025154: Notify EC_NOTIFY_CYCCMD_WKC_ERROR(11, 0x10000000, 2, 15)
0000025154: Notify EC_NOTIFY_CYCCMD_WKC_ERROR(10, 0x10000800, 2, 15)
0000025154: Notify EC_NOTIFY_CYCCMD_WKC_ERROR(11, 0x10000000, 2, 15)
0000025154: Notify EC_NOTIFY_CYCCMD_WKC_ERROR(10, 0x10000800, 2, 15)
0000025154: Notify EC_NOTIFY_CYCCMD_WKC_ERROR(11, 0x10000000, 2, 15)
0000025154: Notify EC_NOTIFY_CYCCMD_WKC_ERROR(10, 0x10000800, 2, 15)
0000025154: Notify EC_NOTIFY_CYCCMD_WKC_ERROR(11, 0x10000000, 2, 15)
0000025154: Notify EC_NOTIFY_CYCCMD_WKC_ERROR(10, 0x10000800, 2, 15)
0000025155: Error: System overload: Cycle time too short or huge jitter!
0000025155: SendCycFramesByEntry(0): wFramesMonitoringProcCnt (0) < wFramesMonitoringSndCnt (1)
0000025155: Notify EC_NOTIFY_FRAME_RESPONSE_ERROR(No response error for cyclic frame IDX=0x53, CycFrameNum=0, TaskId=0)
0000025155: Notify EC_NOTIFY_CYCCMD_WKC_ERROR(11, 0x10000000, 2, 15)
0000025155: Notify EC_NOTIFY_CYCCMD_WKC_ERROR(10, 0x10000800, 2, 15)
0000025155: Notify EC_NOTIFY_CYCCMD_WKC_ERROR(11, 0x10000000, 2, 15)
0000025155: Notify EC_NOTIFY_CYCCMD_WKC_ERROR(10, 0x10000800, 2, 15)
0000025157: Error: System overload: Cycle time too short or huge jitter!
0000025157: SendCycFramesByEntry(0): wFramesMonitoringProcCnt (0) < wFramesMonitoringSndCnt (1)
0000025157: Notify EC_NOTIFY_FRAME_RESPONSE_ERROR(No response error for cyclic frame IDX=0x57, CycFrameNum=0, TaskId=0)
0000025157: Notify EC_NOTIFY_CYCCMD_WKC_ERROR(11, 0x10000000, 2, 15)
0000025157: Notify EC_NOTIFY_CYCCMD_WKC_ERROR(10, 0x10000800, 2, 15)
0000025158: Error: System overload: Cycle time too short or huge jitter!
0000025158: SendCycFramesByEntry(0): wFramesMonitoringProcCnt (0) < wFramesMonitoringSndCnt (1)
0000025158: Notify EC_NOTIFY_FRAME_RESPONSE_ERROR(No response error for cyclic frame IDX=0x59, CycFrameNum=0, TaskId=0)
0000025158: Error: System overload: Cycle time too short or huge jitter!
0000025158: SendCycFramesByEntry(0): wFramesMonitoringProcCnt (0) < wFramesMonitoringSndCnt (1)
0000025158: Notify EC_NOTIFY_FRAME_RESPONSE_ERROR(No response error for cyclic frame IDX=0x5a, CycFrameNum=0, TaskId=0)
0000025159: Notify EC_NOTIFY_CYCCMD_WKC_ERROR(11, 0x10000000, 2, 15)
0000025159: Notify EC_NOTIFY_CYCCMD_WKC_ERROR(10, 0x10000800, 2, 15)
0000025159: Notify EC_NOTIFY_CYCCMD_WKC_ERROR(11, 0x10000000, 2, 15)
0000025159: Notify EC_NOTIFY_CYCCMD_WKC_ERROR(10, 0x10000800, 2, 15)
0000025159: Error: System overload: Cycle time too short or huge jitter!
0000025159: SendCycFramesByEntry(0): wFramesMonitoringProcCnt (0) < wFramesMonitoringSndCnt (1)
0000025159: Notify EC_NOTIFY_FRAME_RESPONSE_ERROR(No response error for cyclic frame IDX=0x5c, CycFrameNum=0, TaskId=0)
0000025160: Notify EC_NOTIFY_CYCCMD_WKC_ERROR(11, 0x10000000, 2, 15)
0000025160: Notify EC_NOTIFY_CYCCMD_WKC_ERROR(10, 0x10000800, 2, 15)
0000025161: Error: System overload: Cycle time too short or huge jitter!
0000025161: SendCycFramesByEntry(0): wFramesMonitoringProcCnt (0) < wFramesMonitoringSndCnt (1)
0000025161: Notify EC_NOTIFY_FRAME_RESPONSE_ERROR(No response error for cyclic frame IDX=0x60, CycFrameNum=0, TaskId=0)
0000025162: Notify EC_NOTIFY_CYCCMD_WKC_ERROR(11, 0x10000000, 2, 15)
0000025162: Notify EC_NOTIFY_CYCCMD_WKC_ERROR(10, 0x10000800, 2, 15)
0000025163: Error: System overload: Cycle time too short or huge jitter!
0000025163: SendCycFramesByEntry(0): wFramesMonitoringProcCnt (0) < wFramesMonitoringSndCnt (1)
0000025163: Notify EC_NOTIFY_FRAME_RESPONSE_ERROR(No response error for cyclic frame IDX=0x63, CycFrameNum=0, TaskId=0)
0000025163: Notify EC_NOTIFY_CYCCMD_WKC_ERROR(11, 0x10000000, 2, 15)
0000025163: Notify EC_NOTIFY_CYCCMD_WKC_ERROR(10, 0x10000800, 2, 15)
0000025164: Error: System overload: Cycle time too short or huge jitter!
0000025164: SendCycFramesByEntry(0): wFramesMonitoringProcCnt (0) < wFramesMonitoringSndCnt (1)
0000025164: Notify EC_NOTIFY_FRAME_RESPONSE_ERROR(No response error for cyclic frame IDX=0x65, CycFrameNum=0, TaskId=0)
0000025164: Error: System overload: Cycle time too short or huge jitter!
0000025164: SendCycFramesByEntry(0): wFramesMonitoringProcCnt (0) < wFramesMonitoringSndCnt (1)
0000025164: Notify EC_NOTIFY_FRAME_RESPONSE_ERROR(No response error for cyclic frame IDX=0x66, CycFrameNum=0, TaskId=0)
0000025165: Notify EC_NOTIFY_CYCCMD_WKC_ERROR(11, 0x10000000, 2, 15)
0000025165: Notify EC_NOTIFY_CYCCMD_WKC_ERROR(10, 0x10000800, 2, 15)
0000025165: Notify EC_NOTIFY_CYCCMD_WKC_ERROR(11, 0x10000000, 2, 15)
0000025165: Notify EC_NOTIFY_CYCCMD_WKC_ERROR(10, 0x10000800, 2, 15)
0000025165: Notify EC_NOTIFY_CYCCMD_WKC_ERROR(11, 0x10000000, 2, 15)
0000025165: Notify EC_NOTIFY_CYCCMD_WKC_ERROR(10, 0x10000800, 2, 15)
0000025167: Error: System overload: Cycle time too short or huge jitter!
0000025167: SendCycFramesByEntry(0): wFramesMonitoringProcCnt (0) < wFramesMonitoringSndCnt (1)
0000025167: Notify EC_NOTIFY_FRAME_RESPONSE_ERROR(No response error for cyclic frame IDX=0x6c, CycFrameNum=0, TaskId=0)
0000025168: Error: System overload: Cycle time too short or huge jitter!
0000025168: SendCycFramesByEntry(0): wFramesMonitoringProcCnt (0) < wFramesMonitoringSndCnt (1)
0000025168: Notify EC_NOTIFY_FRAME_RESPONSE_ERROR(No response error for cyclic frame IDX=0x6d, CycFrameNum=0, TaskId=0)
0000025168: Notify EC_NOTIFY_CYCCMD_WKC_ERROR(11, 0x10000000, 2, 15)
0000025168: Notify EC_NOTIFY_CYCCMD_WKC_ERROR(10, 0x10000800, 2, 15)
0000025168: Notify EC_NOTIFY_CYCCMD_WKC_ERROR(11, 0x10000000, 2, 15)
0000025168: Notify EC_NOTIFY_CYCCMD_WKC_ERROR(10, 0x10000800, 2, 15)
0000025169: Error: System overload: Cycle time too short or huge jitter!
0000025169: SendCycFramesByEntry(0): wFramesMonitoringProcCnt (0) < wFramesMonitoringSndCnt (1)
0000025169: Notify EC_NOTIFY_FRAME_RESPONSE_ERROR(No response error for cyclic frame IDX=0x6f, CycFrameNum=0, TaskId=0)
0000025169: Error: System overload: Cycle time too short or huge jitter!
0000025169: SendCycFramesByEntry(0): wFramesMonitoringProcCnt (0) < wFramesMonitoringSndCnt (1)
0000025169: Notify EC_NOTIFY_FRAME_RESPONSE_ERROR(No response error for cyclic frame IDX=0x70, CycFrameNum=0, TaskId=0)
0000025170: Notify EC_NOTIFY_CYCCMD_WKC_ERROR(11, 0x10000000, 2, 15)
0000025170: Notify EC_NOTIFY_CYCCMD_WKC_ERROR(10, 0x10000800, 2, 15)
0000025170: Notify EC_NOTIFY_CYCCMD_WKC_ERROR(11, 0x10000000, 2, 15)
0000025170: Notify EC_NOTIFY_CYCCMD_WKC_ERROR(10, 0x10000800, 2, 15)
0000025171: Error: System overload: Cycle time too short or huge jitter!
0000025171: SendCycFramesByEntry(0): wFramesMonitoringProcCnt (0) < wFramesMonitoringSndCnt (1)
0000025171: Notify EC_NOTIFY_FRAME_RESPONSE_ERROR(No response error for cyclic frame IDX=0x74, CycFrameNum=0, TaskId=0)
0000025172: Error: System overload: Cycle time too short or huge jitter!
0000025172: SendCycFramesByEntry(0): wFramesMonitoringProcCnt (0) < wFramesMonitoringSndCnt (1)
0000025172: Notify EC_NOTIFY_FRAME_RESPONSE_ERROR(No response error for cyclic frame IDX=0x75, CycFrameNum=0, TaskId=0)
0000025172: Notify EC_NOTIFY_CYCCMD_WKC_ERROR(11, 0x10000000, 2, 15)
0000025172: Notify EC_NOTIFY_CYCCMD_WKC_ERROR(10, 0x10000800, 2, 15)
0000025172: Notify EC_NOTIFY_CYCCMD_WKC_ERROR(11, 0x10000000, 2, 15)
0000025172: Notify EC_NOTIFY_CYCCMD_WKC_ERROR(10, 0x10000800, 2, 15)
0000025174: Error: System overload: Cycle time too short or huge jitter!
0000025174: SendCycFramesByEntry(0): wFramesMonitoringProcCnt (0) < wFramesMonitoringSndCnt (1)
0000025174: Notify EC_NOTIFY_FRAME_RESPONSE_ERROR(No response error for cyclic frame IDX=0x79, CycFrameNum=0, TaskId=0)
0000025174: Notify EC_NOTIFY_CYCCMD_WKC_ERROR(11, 0x10000000, 2, 15)
0000025174: Notify EC_NOTIFY_CYCCMD_WKC_ERROR(10, 0x10000800, 2, 15)
0000025175: Error: System overload: Cycle time too short or huge jitter!
0000025175: SendCycFramesByEntry(0): wFramesMonitoringProcCnt (0) < wFramesMonitoringSndCnt (1)
0000025175: Notify EC_NOTIFY_FRAME_RESPONSE_ERROR(No response error for cyclic frame IDX=0x7b, CycFrameNum=0, TaskId=0)
0000025175: Notify EC_NOTIFY_CYCCMD_WKC_ERROR(11, 0x10000000, 2, 15)
0000025175: Notify EC_NOTIFY_CYCCMD_WKC_ERROR(10, 0x10000800, 2, 15)
0000025178: Error: System overload: Cycle time too short or huge jitter!
0000025178: SendCycFramesByEntry(0): wFramesMonitoringProcCnt (0) < wFramesMonitoringSndCnt (1)
0000025178: Notify EC_NOTIFY_FRAME_RESPONSE_ERROR(No response error for cyclic frame IDX=0x81, CycFrameNum=0, TaskId=0)
0000025178: Error: System overload: Cycle time too short or huge jitter!
0000025178: SendCycFramesByEntry(0): wFramesMonitoringProcCnt (0) < wFramesMonitoringSndCnt (1)
0000025178: Notify EC_NOTIFY_FRAME_RESPONSE_ERROR(No response error for cyclic frame IDX=0x82, CycFrameNum=0, TaskId=0)
0000025179: Error: System overload: Cycle time too short or huge jitter!
0000025179: SendCycFramesByEntry(0): wFramesMonitoringProcCnt (0) < wFramesMonitoringSndCnt (1)
0000025179: Notify EC_NOTIFY_FRAME_RESPONSE_ERROR(No response error for cyclic frame IDX=0x83, CycFrameNum=0, TaskId=0)
0000025179: Notify EC_NOTIFY_CYCCMD_WKC_ERROR(11, 0x10000000, 2, 15)
0000025179: Notify EC_NOTIFY_CYCCMD_WKC_ERROR(10, 0x10000800, 2, 15)
0000025179: Notify EC_NOTIFY_CYCCMD_WKC_ERROR(11, 0x10000000, 2, 15)
0000025179: Notify EC_NOTIFY_CYCCMD_WKC_ERROR(10, 0x10000800, 2, 15)
0000025179: Notify EC_NOTIFY_CYCCMD_WKC_ERROR(11, 0x10000000, 2, 15)
0000025179: Notify EC_NOTIFY_CYCCMD_WKC_ERROR(10, 0x10000800, 2, 15)
0000025180: Error: System overload: Cycle time too short or huge jitter!
0000025180: SendCycFramesByEntry(0): wFramesMonitoringProcCnt (0) < wFramesMonitoringSndCnt (1)
0000025180: Notify EC_NOTIFY_FRAME_RESPONSE_ERROR(No response error for cyclic frame IDX=0x85, CycFrameNum=0, TaskId=0)
0000025180: Notify EC_NOTIFY_CYCCMD_WKC_ERROR(11, 0x10000000, 2, 15)
0000025180: Notify EC_NOTIFY_CYCCMD_WKC_ERROR(10, 0x10000800, 2, 15)
0000025181: Error: System overload: Cycle time too short or huge jitter!
0000025181: SendCycFramesByEntry(0): wFramesMonitoringProcCnt (0) < wFramesMonitoringSndCnt (1)
0000025181: Notify EC_NOTIFY_FRAME_RESPONSE_ERROR(No response error for cyclic frame IDX=0x88, CycFrameNum=0, TaskId=0)
0000025182: Notify EC_NOTIFY_CYCCMD_WKC_ERROR(11, 0x10000000, 2, 15)
0000025182: Notify EC_NOTIFY_CYCCMD_WKC_ERROR(10, 0x10000800, 2, 15)
0000025182: Error: System overload: Cycle time too short or huge jitter!
0000025182: SendCycFramesByEntry(0): wFramesMonitoringProcCnt (0) < wFramesMonitoringSndCnt (1)
0000025182: Notify EC_NOTIFY_FRAME_RESPONSE_ERROR(No response error for cyclic frame IDX=0x8a, CycFrameNum=0, TaskId=0)
0000025183: Notify EC_NOTIFY_CYCCMD_WKC_ERROR(11, 0x10000000, 2, 15)
0000025183: Notify EC_NOTIFY_CYCCMD_WKC_ERROR(10, 0x10000800, 2, 15)
0000025184: Error: System overload: Cycle time too short or huge jitter!
0000025184: SendCycFramesByEntry(0): wFramesMonitoringProcCnt (0) < wFramesMonitoringSndCnt (1)
0000025184: Notify EC_NOTIFY_FRAME_RESPONSE_ERROR(No response error for cyclic frame IDX=0x8e, CycFrameNum=0, TaskId=0)
0000025185: Error: System overload: Cycle time too short or huge jitter!
0000025185: SendCycFramesByEntry(0): wFramesMonitoringProcCnt (0) < wFramesMonitoringSndCnt (1)
0000025185: Notify EC_NOTIFY_FRAME_RESPONSE_ERROR(No response error for cyclic frame IDX=0x8f, CycFrameNum=0, TaskId=0)
0000025185: Notify EC_NOTIFY_CYCCMD_WKC_ERROR(11, 0x10000000, 2, 15)
0000025185: Notify EC_NOTIFY_CYCCMD_WKC_ERROR(10, 0x10000800, 2, 15)
0000025185: Notify EC_NOTIFY_CYCCMD_WKC_ERROR(11, 0x10000000, 2, 15)
0000025185: Notify EC_NOTIFY_CYCCMD_WKC_ERROR(10, 0x10000800, 2, 15)
0000025187: Error: System overload: Cycle time too short or huge jitter!
0000025187: SendCycFramesByEntry(0): wFramesMonitoringProcCnt (0) < wFramesMonitoringSndCnt (1)
0000025187: Notify EC_NOTIFY_FRAME_RESPONSE_ERROR(No response error for cyclic frame IDX=0x94, CycFrameNum=0, TaskId=0)
0000025188: Notify EC_NOTIFY_CYCCMD_WKC_ERROR(11, 0x10000000, 2, 15)
0000025188: Notify EC_NOTIFY_CYCCMD_WKC_ERROR(10, 0x10000800, 2, 15)
0000025189: Error: System overload: Cycle time too short or huge jitter!
0000025189: SendCycFramesByEntry(0): wFramesMonitoringProcCnt (0) < wFramesMonitoringSndCnt (1)
0000025189: Notify EC_NOTIFY_FRAME_RESPONSE_ERROR(No response error for cyclic frame IDX=0x97, CycFrameNum=0, TaskId=0)
0000025189: Error: System overload: Cycle time too short or huge jitter!
0000025189: SendCycFramesByEntry(0): wFramesMonitoringProcCnt (0) < wFramesMonitoringSndCnt (1)
0000025189: Notify EC_NOTIFY_FRAME_RESPONSE_ERROR(No response error for cyclic frame IDX=0x98, CycFrameNum=0, TaskId=0)
0000025190: Notify EC_NOTIFY_CYCCMD_WKC_ERROR(11, 0x10000000, 2, 15)
0000025190: Notify EC_NOTIFY_CYCCMD_WKC_ERROR(10, 0x10000800, 2, 15)
0000025190: Notify EC_NOTIFY_CYCCMD_WKC_ERROR(11, 0x10000000, 2, 15)
0000025190: Notify EC_NOTIFY_CYCCMD_WKC_ERROR(10, 0x10000800, 2, 15)
0000025191: Error: System overload: Cycle time too short or huge jitter!
0000025191: SendCycFramesByEntry(0): wFramesMonitoringProcCnt (0) < wFramesMonitoringSndCnt (1)
0000025191: Notify EC_NOTIFY_FRAME_RESPONSE_ERROR(No response error for cyclic frame IDX=0x9b, CycFrameNum=0, TaskId=0)
0000025191: Notify EC_NOTIFY_CYCCMD_WKC_ERROR(11, 0x10000000, 2, 15)
0000025191: Notify EC_NOTIFY_CYCCMD_WKC_ERROR(10, 0x10000800, 2, 15)
0000025193: Error: System overload: Cycle time too short or huge jitter!
0000025193: SendCycFramesByEntry(0): wFramesMonitoringProcCnt (0) < wFramesMonitoringSndCnt (1)
0000025193: Notify EC_NOTIFY_FRAME_RESPONSE_ERROR(No response error for cyclic frame IDX=0xa0, CycFrameNum=0, TaskId=0)
0000025194: Notify EC_NOTIFY_CYCCMD_WKC_ERROR(11, 0x10000000, 2, 15)
0000025194: Notify EC_NOTIFY_CYCCMD_WKC_ERROR(10, 0x10000800, 2, 15)
0000025194: Error: System overload: Cycle time too short or huge jitter!
0000025194: SendCycFramesByEntry(0): wFramesMonitoringProcCnt (0) < wFramesMonitoringSndCnt (1)
0000025194: Notify EC_NOTIFY_FRAME_RESPONSE_ERROR(No response error for cyclic frame IDX=0xa2, CycFrameNum=0, TaskId=0)
0000025195: Notify EC_NOTIFY_CYCCMD_WKC_ERROR(11, 0x10000000, 2, 15)
0000025195: Notify EC_NOTIFY_CYCCMD_WKC_ERROR(10, 0x10000800, 2, 15)
0000025195: Notify EC_NOTIFY_CYCCMD_WKC_ERROR(11, 0x10000000, 2, 15)
0000025195: Notify EC_NOTIFY_CYCCMD_WKC_ERROR(10, 0x10000800, 2, 15)
0000025199: Error: System overload: Cycle time too short or huge jitter!
0000025199: SendCycFramesByEntry(0): wFramesMonitoringProcCnt (0) < wFramesMonitoringSndCnt (1)
0000025199: Notify EC_NOTIFY_FRAME_RESPONSE_ERROR(No response error for cyclic frame IDX=0xac, CycFrameNum=0, TaskId=0)
0000025200: Notify EC_NOTIFY_CYCCMD_WKC_ERROR(11, 0x10000000, 2, 15)
0000025200: Notify EC_NOTIFY_CYCCMD_WKC_ERROR(10, 0x10000800, 2, 15)
0000025200: Error: System overload: Cycle time too short or huge jitter!
0000025200: SendCycFramesByEntry(0): wFramesMonitoringProcCnt (0) < wFramesMonitoringSndCnt (1)
0000025200: Notify EC_NOTIFY_FRAME_RESPONSE_ERROR(No response error for cyclic frame IDX=0xae, CycFrameNum=0, TaskId=0)
0000025201: Notify EC_NOTIFY_CYCCMD_WKC_ERROR(11, 0x10000000, 2, 15)
0000025201: Notify EC_NOTIFY_CYCCMD_WKC_ERROR(10, 0x10000800, 2, 15)
0000025202: Error: System overload: Cycle time too short or huge jitter!
0000025202: SendCycFramesByEntry(0): wFramesMonitoringProcCnt (0) < wFramesMonitoringSndCnt (1)
0000025202: Notify EC_NOTIFY_FRAME_RESPONSE_ERROR(No response error for cyclic frame IDX=0xb1, CycFrameNum=0, TaskId=0)
0000025202: Notify EC_NOTIFY_CYCCMD_WKC_ERROR(11, 0x10000000, 2, 15)
0000025202: Notify EC_NOTIFY_CYCCMD_WKC_ERROR(10, 0x10000800, 2, 15)
0000025203: Error: System overload: Cycle time too short or huge jitter!
0000025203: SendCycFramesByEntry(0): wFramesMonitoringProcCnt (0) < wFramesMonitoringSndCnt (1)
0000025203: Notify EC_NOTIFY_FRAME_RESPONSE_ERROR(No response error for cyclic frame IDX=0xb3, CycFrameNum=0, TaskId=0)
0000025203: Error: System overload: Cycle time too short or huge jitter!
0000025203: SendCycFramesByEntry(0): wFramesMonitoringProcCnt (0) < wFramesMonitoringSndCnt (1)
0000025203: Notify EC_NOTIFY_FRAME_RESPONSE_ERROR(No response error for cyclic frame IDX=0xb4, CycFrameNum=0, TaskId=0)
0000025204: Notify EC_NOTIFY_CYCCMD_WKC_ERROR(11, 0x10000000, 2, 15)
0000025204: Notify EC_NOTIFY_CYCCMD_WKC_ERROR(10, 0x10000800, 2, 15)
0000025204: Notify EC_NOTIFY_CYCCMD_WKC_ERROR(11, 0x10000000, 2, 15)
0000025204: Notify EC_NOTIFY_CYCCMD_WKC_ERROR(10, 0x10000800, 2, 15)
0000025205: Notify EC_NOTIFY_CYCCMD_WKC_ERROR(11, 0x10000000, 2, 15)
0000025205: Notify EC_NOTIFY_CYCCMD_WKC_ERROR(10, 0x10000800, 2, 15)
0000025206: Error: System overload: Cycle time too short or huge jitter!
0000025206: SendCycFramesByEntry(0): wFramesMonitoringProcCnt (0) < wFramesMonitoringSndCnt (1)
0000025206: Notify EC_NOTIFY_FRAME_RESPONSE_ERROR(No response error for cyclic frame IDX=0xba, CycFrameNum=0, TaskId=0)
0000025207: Notify EC_NOTIFY_CYCCMD_WKC_ERROR(11, 0x10000000, 2, 15)
0000025207: Notify EC_NOTIFY_CYCCMD_WKC_ERROR(10, 0x10000800, 2, 15)
0000025208: Error: System overload: Cycle time too short or huge jitter!
0000025208: SendCycFramesByEntry(0): wFramesMonitoringProcCnt (0) < wFramesMonitoringSndCnt (1)
0000025208: Notify EC_NOTIFY_FRAME_RESPONSE_ERROR(No response error for cyclic frame IDX=0xbd, CycFrameNum=0, TaskId=0)
0000025208: Notify EC_NOTIFY_CYCCMD_WKC_ERROR(11, 0x10000000, 2, 15)
0000025208: Notify EC_NOTIFY_CYCCMD_WKC_ERROR(10, 0x10000800, 2, 15)
0000025209: Error: System overload: Cycle time too short or huge jitter!
0000025209: SendCycFramesByEntry(0): wFramesMonitoringProcCnt (0) < wFramesMonitoringSndCnt (1)
0000025209: Notify EC_NOTIFY_FRAME_RESPONSE_ERROR(No response error for cyclic frame IDX=0xbf, CycFrameNum=0, TaskId=0)
0000025209: Error: System overload: Cycle time too short or huge jitter!
0000025209: SendCycFramesByEntry(0): wFramesMonitoringProcCnt (0) < wFramesMonitoringSndCnt (1)
0000025209: Notify EC_NOTIFY_FRAME_RESPONSE_ERROR(No response error for cyclic frame IDX=0xc0, CycFrameNum=0, TaskId=0)
0000025210: Notify EC_NOTIFY_CYCCMD_WKC_ERROR(11, 0x10000000, 2, 15)
0000025210: Notify EC_NOTIFY_CYCCMD_WKC_ERROR(10, 0x10000800, 2, 15)
0000025210: Notify EC_NOTIFY_CYCCMD_WKC_ERROR(11, 0x10000000, 2, 15)
0000025210: Notify EC_NOTIFY_CYCCMD_WKC_ERROR(10, 0x10000800, 2, 15)
0000025210: Error: System overload: Cycle time too short or huge jitter!
0000025210: SendCycFramesByEntry(0): wFramesMonitoringProcCnt (0) < wFramesMonitoringSndCnt (1)
0000025210: Notify EC_NOTIFY_FRAME_RESPONSE_ERROR(No response error for cyclic frame IDX=0xc2, CycFrameNum=0, TaskId=0)
0000025211: Notify EC_NOTIFY_CYCCMD_WKC_ERROR(11, 0x10000000, 2, 15)
0000025211: Notify EC_NOTIFY_CYCCMD_WKC_ERROR(10, 0x10000800, 2, 15)
0000025211: Error: System overload: Cycle time too short or huge jitter!
0000025211: SendCycFramesByEntry(0): wFramesMonitoringProcCnt (0) < wFramesMonitoringSndCnt (1)
0000025211: Notify EC_NOTIFY_FRAME_RESPONSE_ERROR(No response error for cyclic frame IDX=0xc4, CycFrameNum=0, TaskId=0)
0000025212: Notify EC_NOTIFY_CYCCMD_WKC_ERROR(11, 0x10000000, 2, 15)
0000025212: Notify EC_NOTIFY_CYCCMD_WKC_ERROR(10, 0x10000800, 2, 15)
0000025218: Error: System overload: Cycle time too short or huge jitter!
0000025218: SendCycFramesByEntry(0): wFramesMonitoringProcCnt (0) < wFramesMonitoringSndCnt (1)
0000025218: Notify EC_NOTIFY_FRAME_RESPONSE_ERROR(No response error for cyclic frame IDX=0xd1, CycFrameNum=0, TaskId=0)
0000025218: Notify EC_NOTIFY_CYCCMD_WKC_ERROR(11, 0x10000000, 2, 15)
0000025218: Notify EC_NOTIFY_CYCCMD_WKC_ERROR(10, 0x10000800, 2, 15)
0000025219: Error: System overload: Cycle time too short or huge jitter!
0000025219: SendCycFramesByEntry(0): wFramesMonitoringProcCnt (0) < wFramesMonitoringSndCnt (1)
0000025219: Notify EC_NOTIFY_FRAME_RESPONSE_ERROR(No response error for cyclic frame IDX=0xd3, CycFrameNum=0, TaskId=0)
0000025219: Notify EC_NOTIFY_CYCCMD_WKC_ERROR(11, 0x10000000, 2, 15)
0000025219: Notify EC_NOTIFY_CYCCMD_WKC_ERROR(10, 0x10000800, 2, 15)
0000025221: Error: System overload: Cycle time too short or huge jitter!
0000025221: SendCycFramesByEntry(0): wFramesMonitoringProcCnt (0) < wFramesMonitoringSndCnt (1)
0000025221: Notify EC_NOTIFY_FRAME_RESPONSE_ERROR(No response error for cyclic frame IDX=0xd7, CycFrameNum=0, TaskId=0)
0000025221: Error: System overload: Cycle time too short or huge jitter!
0000025221: SendCycFramesByEntry(0): wFramesMonitoringProcCnt (0) < wFramesMonitoringSndCnt (1)
0000025221: Notify EC_NOTIFY_FRAME_RESPONSE_ERROR(No response error for cyclic frame IDX=0xd8, CycFrameNum=0, TaskId=0)
0000025222: Notify EC_NOTIFY_CYCCMD_WKC_ERROR(11, 0x10000000, 2, 15)
0000025222: Notify EC_NOTIFY_CYCCMD_WKC_ERROR(10, 0x10000800, 2, 15)
0000025222: Notify EC_NOTIFY_CYCCMD_WKC_ERROR(11, 0x10000000, 2, 15)
0000025222: Notify EC_NOTIFY_CYCCMD_WKC_ERROR(10, 0x10000800, 2, 15)
0000025222: Error: System overload: Cycle time too short or huge jitter!
0000025222: SendCycFramesByEntry(0): wFramesMonitoringProcCnt (0) < wFramesMonitoringSndCnt (1)
0000025222: Notify EC_NOTIFY_FRAME_RESPONSE_ERROR(No response error for cyclic frame IDX=0xda, CycFrameNum=0, TaskId=0)
0000025223: Notify EC_NOTIFY_CYCCMD_WKC_ERROR(11, 0x10000000, 2, 15)
0000025223: Notify EC_NOTIFY_CYCCMD_WKC_ERROR(10, 0x10000800, 2, 15)
0000025223: Error: System overload: Cycle time too short or huge jitter!
0000025223: SendCycFramesByEntry(0): wFramesMonitoringProcCnt (0) < wFramesMonitoringSndCnt (1)
0000025223: Notify EC_NOTIFY_FRAME_RESPONSE_ERROR(No response error for cyclic frame IDX=0xdc, CycFrameNum=0, TaskId=0)
0000025224: Error: System overload: Cycle time too short or huge jitter!
0000025224: SendCycFramesByEntry(0): wFramesMonitoringProcCnt (0) < wFramesMonitoringSndCnt (1)
0000025224: Notify EC_NOTIFY_FRAME_RESPONSE_ERROR(No response error for cyclic frame IDX=0xdd, CycFrameNum=0, TaskId=0)
0000025224: Notify EC_NOTIFY_CYCCMD_WKC_ERROR(11, 0x10000000, 2, 15)
0000025224: Notify EC_NOTIFY_CYCCMD_WKC_ERROR(10, 0x10000800, 2, 15)
0000025224: Notify EC_NOTIFY_CYCCMD_WKC_ERROR(11, 0x10000000, 2, 15)
0000025224: Notify EC_NOTIFY_CYCCMD_WKC_ERROR(10, 0x10000800, 2, 15)
0000025225: Error: System overload: Cycle time too short or huge jitter!
0000025225: SendCycFramesByEntry(0): wFramesMonitoringProcCnt (0) < wFramesMonitoringSndCnt (1)
0000025225: Notify EC_NOTIFY_FRAME_RESPONSE_ERROR(No response error for cyclic frame IDX=0x1, CycFrameNum=0, TaskId=0)
0000025225: Notify EC_NOTIFY_CYCCMD_WKC_ERROR(11, 0x10000000, 2, 15)
0000025225: Notify EC_NOTIFY_CYCCMD_WKC_ERROR(10, 0x10000800, 2, 15)
0000025226: Error: System overload: Cycle time too short or huge jitter!
0000025226: SendCycFramesByEntry(0): wFramesMonitoringProcCnt (0) < wFramesMonitoringSndCnt (1)
0000025226: Notify EC_NOTIFY_FRAME_RESPONSE_ERROR(No response error for cyclic frame IDX=0x3, CycFrameNum=0, TaskId=0)
0000025226: Error: System overload: Cycle time too short or huge jitter!
0000025226: SendCycFramesByEntry(0): wFramesMonitoringProcCnt (0) < wFramesMonitoringSndCnt (1)
0000025226: Notify EC_NOTIFY_FRAME_RESPONSE_ERROR(No response error for cyclic frame IDX=0x4, CycFrameNum=0, TaskId=0)
0000025227: Notify EC_NOTIFY_CYCCMD_WKC_ERROR(11, 0x10000000, 2, 15)
0000025227: Notify EC_NOTIFY_CYCCMD_WKC_ERROR(10, 0x10000800, 2, 15)
0000025227: Notify EC_NOTIFY_CYCCMD_WKC_ERROR(11, 0x10000000, 2, 15)
0000025227: Notify EC_NOTIFY_CYCCMD_WKC_ERROR(10, 0x10000800, 2, 15)
0000025227: Error: System overload: Cycle time too short or huge jitter!
0000025227: SendCycFramesByEntry(0): wFramesMonitoringProcCnt (0) < wFramesMonitoringSndCnt (1)
0000025227: Notify EC_NOTIFY_FRAME_RESPONSE_ERROR(No response error for cyclic frame IDX=0x6, CycFrameNum=0, TaskId=0)
0000025228: Notify EC_NOTIFY_CYCCMD_WKC_ERROR(11, 0x10000000, 2, 15)
0000025228: Notify EC_NOTIFY_CYCCMD_WKC_ERROR(10, 0x10000800, 2, 15)
0000025228: Error: System overload: Cycle time too short or huge jitter!
0000025228: SendCycFramesByEntry(0): wFramesMonitoringProcCnt (0) < wFramesMonitoringSndCnt (1)
0000025228: Notify EC_NOTIFY_FRAME_RESPONSE_ERROR(No response error for cyclic frame IDX=0x8, CycFrameNum=0, TaskId=0)
0000025229: Notify EC_NOTIFY_CYCCMD_WKC_ERROR(11, 0x10000000, 2, 15)
0000025229: Notify EC_NOTIFY_CYCCMD_WKC_ERROR(10, 0x10000800, 2, 15)
0000025229: Error: System overload: Cycle time too short or huge jitter!
0000025229: SendCycFramesByEntry(0): wFramesMonitoringProcCnt (0) < wFramesMonitoringSndCnt (1)
0000025229: Notify EC_NOTIFY_FRAME_RESPONSE_ERROR(No response error for cyclic frame IDX=0xa, CycFrameNum=0, TaskId=0)
0000025230: Notify EC_NOTIFY_CYCCMD_WKC_ERROR(11, 0x10000000, 2, 15)
0000025230: Notify EC_NOTIFY_CYCCMD_WKC_ERROR(10, 0x10000800, 2, 15)
0000025231: Error: System overload: Cycle time too short or huge jitter!
0000025231: SendCycFramesByEntry(0): wFramesMonitoringProcCnt (0) < wFramesMonitoringSndCnt (1)
0000025231: Notify EC_NOTIFY_FRAME_RESPONSE_ERROR(No response error for cyclic frame IDX=0xd, CycFrameNum=0, TaskId=0)
0000025231: Notify EC_NOTIFY_CYCCMD_WKC_ERROR(11, 0x10000000, 2, 15)
0000025231: Notify EC_NOTIFY_CYCCMD_WKC_ERROR(10, 0x10000800, 2, 15)
0000025232: Error: System overload: Cycle time too short or huge jitter!
0000025232: SendCycFramesByEntry(0): wFramesMonitoringProcCnt (0) < wFramesMonitoringSndCnt (1)
0000025232: Notify EC_NOTIFY_FRAME_RESPONSE_ERROR(No response error for cyclic frame IDX=0x10, CycFrameNum=0, TaskId=0)
0000025233: Notify EC_NOTIFY_CYCCMD_WKC_ERROR(11, 0x10000000, 2, 15)
0000025233: Notify EC_NOTIFY_CYCCMD_WKC_ERROR(10, 0x10000800, 2, 15)
0000025233: Error: System overload: Cycle time too short or huge jitter!
0000025233: SendCycFramesByEntry(0): wFramesMonitoringProcCnt (0) < wFramesMonitoringSndCnt (1)
0000025233: Notify EC_NOTIFY_FRAME_RESPONSE_ERROR(No response error for cyclic frame IDX=0x12, CycFrameNum=0, TaskId=0)
0000025234: Notify EC_NOTIFY_CYCCMD_WKC_ERROR(11, 0x10000000, 2, 15)
0000025234: Notify EC_NOTIFY_CYCCMD_WKC_ERROR(10, 0x10000800, 2, 15)
0000025234: Error: System overload: Cycle time too short or huge jitter!
0000025234: SendCycFramesByEntry(0): wFramesMonitoringProcCnt (0) < wFramesMonitoringSndCnt (1)
0000025234: Notify EC_NOTIFY_FRAME_RESPONSE_ERROR(No response error for cyclic frame IDX=0x14, CycFrameNum=0, TaskId=0)
0000025235: Notify EC_NOTIFY_CYCCMD_WKC_ERROR(11, 0x10000000, 2, 15)
0000025235: Notify EC_NOTIFY_CYCCMD_WKC_ERROR(10, 0x10000800, 2, 15)
0000025235: Notify EC_NOTIFY_CYCCMD_WKC_ERROR(11, 0x10000000, 2, 15)
0000025235: Notify EC_NOTIFY_CYCCMD_WKC_ERROR(10, 0x10000800, 2, 15)
0000025236: Error: System overload: Cycle time too short or huge jitter!
0000025236: SendCycFramesByEntry(0): wFramesMonitoringProcCnt (0) < wFramesMonitoringSndCnt (1)
0000025236: Notify EC_NOTIFY_FRAME_RESPONSE_ERROR(No response error for cyclic frame IDX=0x17, CycFrameNum=0, TaskId=0)
0000025236: Notify EC_NOTIFY_CYCCMD_WKC_ERROR(11, 0x10000000, 2, 15)
0000025236: Notify EC_NOTIFY_CYCCMD_WKC_ERROR(10, 0x10000800, 2, 15)
0000025238: Error: System overload: Cycle time too short or huge jitter!
0000025238: SendCycFramesByEntry(0): wFramesMonitoringProcCnt (0) < wFramesMonitoringSndCnt (1)
0000025238: Notify EC_NOTIFY_FRAME_RESPONSE_ERROR(No response error for cyclic frame IDX=0x1b, CycFrameNum=0, TaskId=0)
0000025238: Notify EC_NOTIFY_CYCCMD_WKC_ERROR(11, 0x10000000, 2, 15)
0000025238: Notify EC_NOTIFY_CYCCMD_WKC_ERROR(10, 0x10000800, 2, 15)
0000025239: Error: System overload: Cycle time too short or huge jitter!
0000025239: SendCycFramesByEntry(0): wFramesMonitoringProcCnt (0) < wFramesMonitoringSndCnt (1)
0000025239: Notify EC_NOTIFY_FRAME_RESPONSE_ERROR(No response error for cyclic frame IDX=0x1e, CycFrameNum=0, TaskId=0)
0000025240: Notify EC_NOTIFY_CYCCMD_WKC_ERROR(11, 0x10000000, 2, 15)
0000025240: Notify EC_NOTIFY_CYCCMD_WKC_ERROR(10, 0x10000800, 2, 15)
0000025241: Error: System overload: Cycle time too short or huge jitter!
0000025241: SendCycFramesByEntry(0): wFramesMonitoringProcCnt (0) < wFramesMonitoringSndCnt (1)
0000025241: Notify EC_NOTIFY_FRAME_RESPONSE_ERROR(No response error for cyclic frame IDX=0x21, CycFrameNum=0, TaskId=0)
0000025241: Error: System overload: Cycle time too short or huge jitter!
0000025241: SendCycFramesByEntry(0): wFramesMonitoringProcCnt (0) < wFramesMonitoringSndCnt (1)
0000025241: Notify EC_NOTIFY_FRAME_RESPONSE_ERROR(No response error for cyclic frame IDX=0x22, CycFrameNum=0, TaskId=0)
0000025242: Error: System overload: Cycle time too short or huge jitter!
0000025242: SendCycFramesByEntry(0): wFramesMonitoringProcCnt (0) < wFramesMonitoringSndCnt (1)
0000025242: Notify EC_NOTIFY_FRAME_RESPONSE_ERROR(No response error for cyclic frame IDX=0x23, CycFrameNum=0, TaskId=0)
0000025242: Notify EC_NOTIFY_CYCCMD_WKC_ERROR(11, 0x10000000, 2, 15)
0000025242: Notify EC_NOTIFY_CYCCMD_WKC_ERROR(10, 0x10000800, 2, 15)
0000025242: Notify EC_NOTIFY_CYCCMD_WKC_ERROR(11, 0x10000000, 2, 15)
0000025242: Notify EC_NOTIFY_CYCCMD_WKC_ERROR(10, 0x10000800, 2, 15)
0000025242: Notify EC_NOTIFY_CYCCMD_WKC_ERROR(11, 0x10000000, 2, 15)
0000025242: Notify EC_NOTIFY_CYCCMD_WKC_ERROR(10, 0x10000800, 2, 15)
0000025244: Error: System overload: Cycle time too short or huge jitter!
0000025244: SendCycFramesByEntry(0): wFramesMonitoringProcCnt (0) < wFramesMonitoringSndCnt (1)
0000025244: Notify EC_NOTIFY_FRAME_RESPONSE_ERROR(No response error for cyclic frame IDX=0x28, CycFrameNum=0, TaskId=0)
0000025245: Notify EC_NOTIFY_CYCCMD_WKC_ERROR(11, 0x10000000, 2, 15)
0000025245: Notify EC_NOTIFY_CYCCMD_WKC_ERROR(10, 0x10000800, 2, 15)
0000025247: Error: System overload: Cycle time too short or huge jitter!
0000025247: SendCycFramesByEntry(0): wFramesMonitoringProcCnt (0) < wFramesMonitoringSndCnt (1)
0000025247: Notify EC_NOTIFY_FRAME_RESPONSE_ERROR(No response error for cyclic frame IDX=0x2d, CycFrameNum=0, TaskId=0)
0000025247: Notify EC_NOTIFY_CYCCMD_WKC_ERROR(11, 0x10000000, 2, 15)
0000025247: Notify EC_NOTIFY_CYCCMD_WKC_ERROR(10, 0x10000800, 2, 15)
0000025248: Error: System overload: Cycle time too short or huge jitter!
0000025248: SendCycFramesByEntry(0): wFramesMonitoringProcCnt (0) < wFramesMonitoringSndCnt (1)
0000025248: Notify EC_NOTIFY_FRAME_RESPONSE_ERROR(No response error for cyclic frame IDX=0x2f, CycFrameNum=0, TaskId=0)
0000025248: Notify EC_NOTIFY_CYCCMD_WKC_ERROR(11, 0x10000000, 2, 15)
0000025248: Notify EC_NOTIFY_CYCCMD_WKC_ERROR(10, 0x10000800, 2, 15)
0000025250: Error: System overload: Cycle time too short or huge jitter!
0000025250: SendCycFramesByEntry(0): wFramesMonitoringProcCnt (0) < wFramesMonitoringSndCnt (1)
0000025250: Notify EC_NOTIFY_FRAME_RESPONSE_ERROR(No response error for cyclic frame IDX=0x34, CycFrameNum=0, TaskId=0)
0000025251: Notify EC_NOTIFY_CYCCMD_WKC_ERROR(11, 0x10000000, 2, 15)
0000025251: Notify EC_NOTIFY_CYCCMD_WKC_ERROR(10, 0x10000800, 2, 15)
0000025251: Error: System overload: Cycle time too short or huge jitter!
0000025251: SendCycFramesByEntry(0): wFramesMonitoringProcCnt (0) < wFramesMonitoringSndCnt (1)
0000025251: Notify EC_NOTIFY_FRAME_RESPONSE_ERROR(No response error for cyclic frame IDX=0x36, CycFrameNum=0, TaskId=0)
0000025252: Error: System overload: Cycle time too short or huge jitter!
0000025252: SendCycFramesByEntry(0): wFramesMonitoringProcCnt (0) < wFramesMonitoringSndCnt (1)
0000025252: Notify EC_NOTIFY_FRAME_RESPONSE_ERROR(No response error for cyclic frame IDX=0x37, CycFrameNum=0, TaskId=0)
0000025252: Error: System overload: Cycle time too short or huge jitter!
0000025252: SendCycFramesByEntry(0): wFramesMonitoringProcCnt (0) < wFramesMonitoringSndCnt (1)
0000025252: Notify EC_NOTIFY_FRAME_RESPONSE_ERROR(No response error for cyclic frame IDX=0x38, CycFrameNum=0, TaskId=0)
0000025253: Notify EC_NOTIFY_CYCCMD_WKC_ERROR(11, 0x10000000, 2, 15)
0000025253: Notify EC_NOTIFY_CYCCMD_WKC_ERROR(10, 0x10000800, 2, 15)
0000025253: Notify EC_NOTIFY_CYCCMD_WKC_ERROR(11, 0x10000000, 2, 15)
0000025253: Notify EC_NOTIFY_CYCCMD_WKC_ERROR(10, 0x10000800, 2, 15)
0000025253: Notify EC_NOTIFY_CYCCMD_WKC_ERROR(11, 0x10000000, 2, 15)
0000025253: Notify EC_NOTIFY_CYCCMD_WKC_ERROR(10, 0x10000800, 2, 15)
0000025254: Error: System overload: Cycle time too short or huge jitter!
0000025254: SendCycFramesByEntry(0): wFramesMonitoringProcCnt (0) < wFramesMonitoringSndCnt (1)
0000025254: Notify EC_NOTIFY_FRAME_RESPONSE_ERROR(No response error for cyclic frame IDX=0x3b, CycFrameNum=0, TaskId=0)
0000025254: Notify EC_NOTIFY_CYCCMD_WKC_ERROR(11, 0x10000000, 2, 15)
0000025254: Notify EC_NOTIFY_CYCCMD_WKC_ERROR(10, 0x10000800, 2, 15)
0000025255: Error: System overload: Cycle time too short or huge jitter!
0000025255: SendCycFramesByEntry(0): wFramesMonitoringProcCnt (0) < wFramesMonitoringSndCnt (1)
0000025255: Notify EC_NOTIFY_FRAME_RESPONSE_ERROR(No response error for cyclic frame IDX=0x3d, CycFrameNum=0, TaskId=0)
0000025255: Notify EC_NOTIFY_CYCCMD_WKC_ERROR(11, 0x10000000, 2, 15)
0000025255: Notify EC_NOTIFY_CYCCMD_WKC_ERROR(10, 0x10000800, 2, 15)
0000025257: Error: System overload: Cycle time too short or huge jitter!
0000025257: SendCycFramesByEntry(0): wFramesMonitoringProcCnt (0) < wFramesMonitoringSndCnt (1)
0000025257: Notify EC_NOTIFY_FRAME_RESPONSE_ERROR(No response error for cyclic frame IDX=0x42, CycFrameNum=0, TaskId=0)
0000025258: Error: System overload: Cycle time too short or huge jitter!
0000025258: SendCycFramesByEntry(0): wFramesMonitoringProcCnt (0) < wFramesMonitoringSndCnt (1)
0000025258: Notify EC_NOTIFY_FRAME_RESPONSE_ERROR(No response error for cyclic frame IDX=0x43, CycFrameNum=0, TaskId=0)
0000025258: Notify EC_NOTIFY_CYCCMD_WKC_ERROR(11, 0x10000000, 2, 15)
0000025258: Notify EC_NOTIFY_CYCCMD_WKC_ERROR(10, 0x10000800, 2, 15)
0000025258: Notify EC_NOTIFY_CYCCMD_WKC_ERROR(11, 0x10000000, 2, 15)
0000025258: Notify EC_NOTIFY_CYCCMD_WKC_ERROR(10, 0x10000800, 2, 15)
0000025259: Error: System overload: Cycle time too short or huge jitter!
0000025259: SendCycFramesByEntry(0): wFramesMonitoringProcCnt (0) < wFramesMonitoringSndCnt (1)
0000025259: Notify EC_NOTIFY_FRAME_RESPONSE_ERROR(No response error for cyclic frame IDX=0x45, CycFrameNum=0, TaskId=0)
0000025259: Notify EC_NOTIFY_CYCCMD_WKC_ERROR(11, 0x10000000, 2, 15)
0000025259: Notify EC_NOTIFY_CYCCMD_WKC_ERROR(10, 0x10000800, 2, 15)
0000025260: Error: System overload: Cycle time too short or huge jitter!
0000025260: SendCycFramesByEntry(0): wFramesMonitoringProcCnt (0) < wFramesMonitoringSndCnt (1)
0000025260: Notify EC_NOTIFY_FRAME_RESPONSE_ERROR(No response error for cyclic frame IDX=0x48, CycFrameNum=0, TaskId=0)
0000025261: Notify EC_NOTIFY_CYCCMD_WKC_ERROR(11, 0x10000000, 2, 15)
0000025261: Notify EC_NOTIFY_CYCCMD_WKC_ERROR(10, 0x10000800, 2, 15)
0000025262: Error: System overload: Cycle time too short or huge jitter!
0000025262: SendCycFramesByEntry(0): wFramesMonitoringProcCnt (0) < wFramesMonitoringSndCnt (1)
0000025262: Notify EC_NOTIFY_FRAME_RESPONSE_ERROR(No response error for cyclic frame IDX=0x4c, CycFrameNum=0, TaskId=0)
0000025263: Notify EC_NOTIFY_CYCCMD_WKC_ERROR(11, 0x10000000, 2, 15)
0000025263: Notify EC_NOTIFY_CYCCMD_WKC_ERROR(10, 0x10000800, 2, 15)
0000025265: Error: System overload: Cycle time too short or huge jitter!
0000025265: SendCycFramesByEntry(0): wFramesMonitoringProcCnt (0) < wFramesMonitoringSndCnt (1)
0000025265: Notify EC_NOTIFY_FRAME_RESPONSE_ERROR(No response error for cyclic frame IDX=0x51, CycFrameNum=0, TaskId=0)
0000025265: Notify EC_NOTIFY_CYCCMD_WKC_ERROR(11, 0x10000000, 2, 15)
0000025265: Notify EC_NOTIFY_CYCCMD_WKC_ERROR(10, 0x10000800, 2, 15)
0000025267: Error: System overload: Cycle time too short or huge jitter!
0000025267: SendCycFramesByEntry(0): wFramesMonitoringProcCnt (0) < wFramesMonitoringSndCnt (1)
0000025267: Notify EC_NOTIFY_FRAME_RESPONSE_ERROR(No response error for cyclic frame IDX=0x56, CycFrameNum=0, TaskId=0)
0000025268: Notify EC_NOTIFY_CYCCMD_WKC_ERROR(11, 0x10000000, 2, 15)
0000025268: Notify EC_NOTIFY_CYCCMD_WKC_ERROR(10, 0x10000800, 2, 15)
0000025270: Error: System overload: Cycle time too short or huge jitter!
0000025270: SendCycFramesByEntry(0): wFramesMonitoringProcCnt (0) < wFramesMonitoringSndCnt (1)
0000025270: Notify EC_NOTIFY_FRAME_RESPONSE_ERROR(No response error for cyclic frame IDX=0x5b, CycFrameNum=0, TaskId=0)
0000025270: Notify EC_NOTIFY_CYCCMD_WKC_ERROR(11, 0x10000000, 2, 15)
0000025270: Notify EC_NOTIFY_CYCCMD_WKC_ERROR(10, 0x10000800, 2, 15)
0000025271: Error: System overload: Cycle time too short or huge jitter!
0000025271: SendCycFramesByEntry(0): wFramesMonitoringProcCnt (0) < wFramesMonitoringSndCnt (1)
0000025271: Notify EC_NOTIFY_FRAME_RESPONSE_ERROR(No response error for cyclic frame IDX=0x5d, CycFrameNum=0, TaskId=0)
0000025271: Notify EC_NOTIFY_CYCCMD_WKC_ERROR(11, 0x10000000, 2, 15)
0000025271: Notify EC_NOTIFY_CYCCMD_WKC_ERROR(10, 0x10000800, 2, 15)
0000025272: Error: System overload: Cycle time too short or huge jitter!
0000025272: SendCycFramesByEntry(0): wFramesMonitoringProcCnt (0) < wFramesMonitoringSndCnt (1)
0000025272: Notify EC_NOTIFY_FRAME_RESPONSE_ERROR(No response error for cyclic frame IDX=0x5f, CycFrameNum=0, TaskId=0)
0000025272: Error: System overload: Cycle time too short or huge jitter!
0000025272: SendCycFramesByEntry(0): wFramesMonitoringProcCnt (0) < wFramesMonitoringSndCnt (1)
0000025272: Notify EC_NOTIFY_FRAME_RESPONSE_ERROR(No response error for cyclic frame IDX=0x60, CycFrameNum=0, TaskId=0)
0000025273: Notify EC_NOTIFY_CYCCMD_WKC_ERROR(11, 0x10000000, 2, 15)
0000025273: Notify EC_NOTIFY_CYCCMD_WKC_ERROR(10, 0x10000800, 2, 15)
0000025273: Notify EC_NOTIFY_CYCCMD_WKC_ERROR(11, 0x10000000, 2, 15)
0000025273: Notify EC_NOTIFY_CYCCMD_WKC_ERROR(10, 0x10000800, 2, 15)
0000025274: Error: System overload: Cycle time too short or huge jitter!
0000025274: SendCycFramesByEntry(0): wFramesMonitoringProcCnt (0) < wFramesMonitoringSndCnt (1)
0000025274: Notify EC_NOTIFY_FRAME_RESPONSE_ERROR(No response error for cyclic frame IDX=0x64, CycFrameNum=0, TaskId=0)
0000025275: Notify EC_NOTIFY_CYCCMD_WKC_ERROR(11, 0x10000000, 2, 15)
0000025275: Notify EC_NOTIFY_CYCCMD_WKC_ERROR(10, 0x10000800, 2, 15)
0000025275: Notify EC_NOTIFY_CYCCMD_WKC_ERROR(11, 0x10000000, 2, 15)
0000025275: Notify EC_NOTIFY_CYCCMD_WKC_ERROR(10, 0x10000800, 2, 15)
0000025277: Error: System overload: Cycle time too short or huge jitter!
0000025277: SendCycFramesByEntry(0): wFramesMonitoringProcCnt (0) < wFramesMonitoringSndCnt (1)
0000025277: Notify EC_NOTIFY_FRAME_RESPONSE_ERROR(No response error for cyclic frame IDX=0x69, CycFrameNum=0, TaskId=0)
0000025277: Notify EC_NOTIFY_CYCCMD_WKC_ERROR(11, 0x10000000, 2, 15)
0000025277: Notify EC_NOTIFY_CYCCMD_WKC_ERROR(10, 0x10000800, 2, 15)
0000025278: Error: System overload: Cycle time too short or huge jitter!
0000025278: SendCycFramesByEntry(0): wFramesMonitoringProcCnt (0) < wFramesMonitoringSndCnt (1)
0000025278: Notify EC_NOTIFY_FRAME_RESPONSE_ERROR(No response error for cyclic frame IDX=0x6b, CycFrameNum=0, TaskId=0)
0000025278: Notify EC_NOTIFY_CYCCMD_WKC_ERROR(11, 0x10000000, 2, 15)
0000025278: Notify EC_NOTIFY_CYCCMD_WKC_ERROR(10, 0x10000800, 2, 15)
0000025279: Error: System overload: Cycle time too short or huge jitter!
0000025279: SendCycFramesByEntry(0): wFramesMonitoringProcCnt (0) < wFramesMonitoringSndCnt (1)
0000025279: Notify EC_NOTIFY_FRAME_RESPONSE_ERROR(No response error for cyclic frame IDX=0x6e, CycFrameNum=0, TaskId=0)
0000025280: Notify EC_NOTIFY_CYCCMD_WKC_ERROR(11, 0x10000000, 2, 15)
0000025280: Notify EC_NOTIFY_CYCCMD_WKC_ERROR(10, 0x10000800, 2, 15)
0000025282: Error: System overload: Cycle time too short or huge jitter!
0000025282: SendCycFramesByEntry(0): wFramesMonitoringProcCnt (0) < wFramesMonitoringSndCnt (1)
0000025282: Notify EC_NOTIFY_FRAME_RESPONSE_ERROR(No response error for cyclic frame IDX=0x73, CycFrameNum=0, TaskId=0)
0000025282: Notify EC_NOTIFY_CYCCMD_WKC_ERROR(11, 0x10000000, 2, 15)
0000025282: Notify EC_NOTIFY_CYCCMD_WKC_ERROR(10, 0x10000800, 2, 15)
0000025283: Error: System overload: Cycle time too short or huge jitter!
0000025283: SendCycFramesByEntry(0): wFramesMonitoringProcCnt (0) < wFramesMonitoringSndCnt (1)
0000025283: Notify EC_NOTIFY_FRAME_RESPONSE_ERROR(No response error for cyclic frame IDX=0x75, CycFrameNum=0, TaskId=0)
0000025283: Notify EC_NOTIFY_CYCCMD_WKC_ERROR(11, 0x10000000, 2, 15)
0000025283: Notify EC_NOTIFY_CYCCMD_WKC_ERROR(10, 0x10000800, 2, 15)
0000025284: Error: System overload: Cycle time too short or huge jitter!
0000025284: SendCycFramesByEntry(0): wFramesMonitoringProcCnt (0) < wFramesMonitoringSndCnt (1)
0000025284: Notify EC_NOTIFY_FRAME_RESPONSE_ERROR(No response error for cyclic frame IDX=0x77, CycFrameNum=0, TaskId=0)
0000025284: Notify EC_NOTIFY_CYCCMD_WKC_ERROR(11, 0x10000000, 2, 15)
0000025284: Notify EC_NOTIFY_CYCCMD_WKC_ERROR(10, 0x10000800, 2, 15)
0000025285: Notify EC_NOTIFY_CYCCMD_WKC_ERROR(11, 0x10000000, 2, 15)
0000025285: Notify EC_NOTIFY_CYCCMD_WKC_ERROR(10, 0x10000800, 2, 15)
0000025287: Error: System overload: Cycle time too short or huge jitter!
0000025287: SendCycFramesByEntry(0): wFramesMonitoringProcCnt (0) < wFramesMonitoringSndCnt (1)
0000025287: Notify EC_NOTIFY_FRAME_RESPONSE_ERROR(No response error for cyclic frame IDX=0x7d, CycFrameNum=0, TaskId=0)
0000025287: Notify EC_NOTIFY_CYCCMD_WKC_ERROR(11, 0x10000000, 2, 15)
0000025287: Notify EC_NOTIFY_CYCCMD_WKC_ERROR(10, 0x10000800, 2, 15)
0000025288: Error: System overload: Cycle time too short or huge jitter!
0000025288: SendCycFramesByEntry(0): wFramesMonitoringProcCnt (0) < wFramesMonitoringSndCnt (1)
0000025288: Notify EC_NOTIFY_FRAME_RESPONSE_ERROR(No response error for cyclic frame IDX=0x7f, CycFrameNum=0, TaskId=0)
0000025288: Notify EC_NOTIFY_CYCCMD_WKC_ERROR(11, 0x10000000, 2, 15)
0000025288: Notify EC_NOTIFY_CYCCMD_WKC_ERROR(10, 0x10000800, 2, 15)
0000025289: Error: System overload: Cycle time too short or huge jitter!
0000025289: SendCycFramesByEntry(0): wFramesMonitoringProcCnt (0) < wFramesMonitoringSndCnt (1)
0000025289: Notify EC_NOTIFY_FRAME_RESPONSE_ERROR(No response error for cyclic frame IDX=0x81, CycFrameNum=0, TaskId=0)
0000025289: Notify EC_NOTIFY_CYCCMD_WKC_ERROR(11, 0x10000000, 2, 15)
0000025289: Notify EC_NOTIFY_CYCCMD_WKC_ERROR(10, 0x10000800, 2, 15)
0000025290: Error: System overload: Cycle time too short or huge jitter!
0000025290: SendCycFramesByEntry(0): wFramesMonitoringProcCnt (0) < wFramesMonitoringSndCnt (1)
0000025290: Notify EC_NOTIFY_FRAME_RESPONSE_ERROR(No response error for cyclic frame IDX=0x84, CycFrameNum=0, TaskId=0)
0000025291: Notify EC_NOTIFY_CYCCMD_WKC_ERROR(11, 0x10000000, 2, 15)
0000025291: Notify EC_NOTIFY_CYCCMD_WKC_ERROR(10, 0x10000800, 2, 15)
0000025291: Error: System overload: Cycle time too short or huge jitter!
0000025291: SendCycFramesByEntry(0): wFramesMonitoringProcCnt (0) < wFramesMonitoringSndCnt (1)
0000025291: Notify EC_NOTIFY_FRAME_RESPONSE_ERROR(No response error for cyclic frame IDX=0x86, CycFrameNum=0, TaskId=0)
0000025292: Notify EC_NOTIFY_CYCCMD_WKC_ERROR(11, 0x10000000, 2, 15)
0000025292: Notify EC_NOTIFY_CYCCMD_WKC_ERROR(10, 0x10000800, 2, 15)
0000025292: Error: System overload: Cycle time too short or huge jitter!
0000025292: SendCycFramesByEntry(0): wFramesMonitoringProcCnt (0) < wFramesMonitoringSndCnt (1)
0000025292: Notify EC_NOTIFY_FRAME_RESPONSE_ERROR(No response error for cyclic frame IDX=0x88, CycFrameNum=0, TaskId=0)
0000025293: Notify EC_NOTIFY_CYCCMD_WKC_ERROR(11, 0x10000000, 2, 15)
0000025293: Notify EC_NOTIFY_CYCCMD_WKC_ERROR(10, 0x10000800, 2, 15)
0000025294: Error: System overload: Cycle time too short or huge jitter!
0000025294: SendCycFramesByEntry(0): wFramesMonitoringProcCnt (0) < wFramesMonitoringSndCnt (1)
0000025294: Notify EC_NOTIFY_FRAME_RESPONSE_ERROR(No response error for cyclic frame IDX=0x8b, CycFrameNum=0, TaskId=0)
0000025294: Error: System overload: Cycle time too short or huge jitter!
0000025294: SendCycFramesByEntry(0): wFramesMonitoringProcCnt (0) < wFramesMonitoringSndCnt (1)
0000025294: Notify EC_NOTIFY_FRAME_RESPONSE_ERROR(No response error for cyclic frame IDX=0x8c, CycFrameNum=0, TaskId=0)
0000025295: Notify EC_NOTIFY_CYCCMD_WKC_ERROR(11, 0x10000000, 2, 15)
0000025295: Notify EC_NOTIFY_CYCCMD_WKC_ERROR(10, 0x10000800, 2, 15)
0000025295: Notify EC_NOTIFY_CYCCMD_WKC_ERROR(11, 0x10000000, 2, 15)
0000025295: Notify EC_NOTIFY_CYCCMD_WKC_ERROR(10, 0x10000800, 2, 15)
0000025296: Error: System overload: Cycle time too short or huge jitter!
0000025296: SendCycFramesByEntry(0): wFramesMonitoringProcCnt (0) < wFramesMonitoringSndCnt (1)
0000025296: Notify EC_NOTIFY_FRAME_RESPONSE_ERROR(No response error for cyclic frame IDX=0x90, CycFrameNum=0, TaskId=0)
0000025297: Notify EC_NOTIFY_CYCCMD_WKC_ERROR(11, 0x10000000, 2, 15)
0000025297: Notify EC_NOTIFY_CYCCMD_WKC_ERROR(10, 0x10000800, 2, 15)
0000025299: Error: System overload: Cycle time too short or huge jitter!
0000025299: SendCycFramesByEntry(0): wFramesMonitoringProcCnt (0) < wFramesMonitoringSndCnt (1)
0000025299: Notify EC_NOTIFY_FRAME_RESPONSE_ERROR(No response error for cyclic frame IDX=0x95, CycFrameNum=0, TaskId=0)
0000025299: Notify EC_NOTIFY_CYCCMD_WKC_ERROR(11, 0x10000000, 2, 15)
0000025299: Notify EC_NOTIFY_CYCCMD_WKC_ERROR(10, 0x10000800, 2, 15)
0000025300: Error: System overload: Cycle time too short or huge jitter!
0000025300: SendCycFramesByEntry(0): wFramesMonitoringProcCnt (0) < wFramesMonitoringSndCnt (1)
0000025300: Notify EC_NOTIFY_FRAME_RESPONSE_ERROR(No response error for cyclic frame IDX=0x97, CycFrameNum=0, TaskId=0)
0000025300: Notify EC_NOTIFY_CYCCMD_WKC_ERROR(11, 0x10000000, 2, 15)
0000025300: Notify EC_NOTIFY_CYCCMD_WKC_ERROR(10, 0x10000800, 2, 15)
0000025301: Error: System overload: Cycle time too short or huge jitter!
0000025301: SendCycFramesByEntry(0): wFramesMonitoringProcCnt (0) < wFramesMonitoringSndCnt (1)
0000025301: Notify EC_NOTIFY_FRAME_RESPONSE_ERROR(No response error for cyclic frame IDX=0x99, CycFrameNum=0, TaskId=0)
0000025301: Error: System overload: Cycle time too short or huge jitter!
0000025301: SendCycFramesByEntry(0): wFramesMonitoringProcCnt (0) < wFramesMonitoringSndCnt (1)
0000025301: Notify EC_NOTIFY_FRAME_RESPONSE_ERROR(No response error for cyclic frame IDX=0x9a, CycFrameNum=0, TaskId=0)
0000025302: Notify EC_NOTIFY_CYCCMD_WKC_ERROR(11, 0x10000000, 2, 15)
0000025302: Notify EC_NOTIFY_CYCCMD_WKC_ERROR(10, 0x10000800, 2, 15)
0000025302: Notify EC_NOTIFY_CYCCMD_WKC_ERROR(11, 0x10000000, 2, 15)
0000025302: Notify EC_NOTIFY_CYCCMD_WKC_ERROR(10, 0x10000800, 2, 15)
0000025302: Error: System overload: Cycle time too short or huge jitter!
0000025302: SendCycFramesByEntry(0): wFramesMonitoringProcCnt (0) < wFramesMonitoringSndCnt (1)
0000025302: Notify EC_NOTIFY_FRAME_RESPONSE_ERROR(No response error for cyclic frame IDX=0x9c, CycFrameNum=0, TaskId=0)
0000025303: Notify EC_NOTIFY_CYCCMD_WKC_ERROR(11, 0x10000000, 2, 15)
0000025303: Notify EC_NOTIFY_CYCCMD_WKC_ERROR(10, 0x10000800, 2, 15)
0000025304: Error: System overload: Cycle time too short or huge jitter!
0000025304: SendCycFramesByEntry(0): wFramesMonitoringProcCnt (0) < wFramesMonitoringSndCnt (1)
0000025304: Notify EC_NOTIFY_FRAME_RESPONSE_ERROR(No response error for cyclic frame IDX=0x9f, CycFrameNum=0, TaskId=0)
0000025304: Notify EC_NOTIFY_CYCCMD_WKC_ERROR(11, 0x10000000, 2, 15)
0000025304: Notify EC_NOTIFY_CYCCMD_WKC_ERROR(10, 0x10000800, 2, 15)
0000025305: Error: System overload: Cycle time too short or huge jitter!
0000025305: SendCycFramesByEntry(0): wFramesMonitoringProcCnt (0) < wFramesMonitoringSndCnt (1)
0000025305: Notify EC_NOTIFY_FRAME_RESPONSE_ERROR(No response error for cyclic frame IDX=0xa1, CycFrameNum=0, TaskId=0)
0000025305: Notify EC_NOTIFY_CYCCMD_WKC_ERROR(11, 0x10000000, 2, 15)
0000025305: Notify EC_NOTIFY_CYCCMD_WKC_ERROR(10, 0x10000800, 2, 15)
0000025305: Notify EC_NOTIFY_CYCCMD_WKC_ERROR(11, 0x10000000, 2, 15)
0000025305: Notify EC_NOTIFY_CYCCMD_WKC_ERROR(10, 0x10000800, 2, 15)
0000025306: Error: System overload: Cycle time too short or huge jitter!
0000025306: SendCycFramesByEntry(0): wFramesMonitoringProcCnt (0) < wFramesMonitoringSndCnt (1)
0000025306: Notify EC_NOTIFY_FRAME_RESPONSE_ERROR(No response error for cyclic frame IDX=0xa3, CycFrameNum=0, TaskId=0)
0000025306: Notify EC_NOTIFY_CYCCMD_WKC_ERROR(11, 0x10000000, 2, 15)
0000025306: Notify EC_NOTIFY_CYCCMD_WKC_ERROR(10, 0x10000800, 2, 15)
0000025307: Error: System overload: Cycle time too short or huge jitter!
0000025307: SendCycFramesByEntry(0): wFramesMonitoringProcCnt (0) < wFramesMonitoringSndCnt (1)
0000025307: Notify EC_NOTIFY_FRAME_RESPONSE_ERROR(No response error for cyclic frame IDX=0xa6, CycFrameNum=0, TaskId=0)
0000025308: Notify EC_NOTIFY_CYCCMD_WKC_ERROR(11, 0x10000000, 2, 15)
0000025308: Notify EC_NOTIFY_CYCCMD_WKC_ERROR(10, 0x10000800, 2, 15)
0000025309: Error: System overload: Cycle time too short or huge jitter!
0000025309: SendCycFramesByEntry(0): wFramesMonitoringProcCnt (0) < wFramesMonitoringSndCnt (1)
0000025309: Notify EC_NOTIFY_FRAME_RESPONSE_ERROR(No response error for cyclic frame IDX=0xaa, CycFrameNum=0, TaskId=0)
0000025310: Error: System overload: Cycle time too short or huge jitter!
0000025310: SendCycFramesByEntry(0): wFramesMonitoringProcCnt (0) < wFramesMonitoringSndCnt (1)
0000025310: Notify EC_NOTIFY_FRAME_RESPONSE_ERROR(No response error for cyclic frame IDX=0xab, CycFrameNum=0, TaskId=0)
0000025310: Notify EC_NOTIFY_CYCCMD_WKC_ERROR(11, 0x10000000, 2, 15)
0000025310: Notify EC_NOTIFY_CYCCMD_WKC_ERROR(10, 0x10000800, 2, 15)
0000025310: Notify EC_NOTIFY_CYCCMD_WKC_ERROR(11, 0x10000000, 2, 15)
0000025310: Notify EC_NOTIFY_CYCCMD_WKC_ERROR(10, 0x10000800, 2, 15)
0000025311: Error: System overload: Cycle time too short or huge jitter!
0000025311: SendCycFramesByEntry(0): wFramesMonitoringProcCnt (0) < wFramesMonitoringSndCnt (1)
0000025311: Notify EC_NOTIFY_FRAME_RESPONSE_ERROR(No response error for cyclic frame IDX=0xad, CycFrameNum=0, TaskId=0)
0000025311: Notify EC_NOTIFY_CYCCMD_WKC_ERROR(11, 0x10000000, 2, 15)
0000025311: Notify EC_NOTIFY_CYCCMD_WKC_ERROR(10, 0x10000800, 2, 15)
0000025312: Error: System overload: Cycle time too short or huge jitter!
0000025312: SendCycFramesByEntry(0): wFramesMonitoringProcCnt (0) < wFramesMonitoringSndCnt (1)
0000025312: Notify EC_NOTIFY_FRAME_RESPONSE_ERROR(No response error for cyclic frame IDX=0xaf, CycFrameNum=0, TaskId=0)
0000025312: Error: System overload: Cycle time too short or huge jitter!
0000025312: SendCycFramesByEntry(0): wFramesMonitoringProcCnt (0) < wFramesMonitoringSndCnt (1)
0000025312: Notify EC_NOTIFY_FRAME_RESPONSE_ERROR(No response error for cyclic frame IDX=0xb0, CycFrameNum=0, TaskId=0)
0000025313: Notify EC_NOTIFY_CYCCMD_WKC_ERROR(11, 0x10000000, 2, 15)
0000025313: Notify EC_NOTIFY_CYCCMD_WKC_ERROR(10, 0x10000800, 2, 15)
0000025313: Notify EC_NOTIFY_CYCCMD_WKC_ERROR(11, 0x10000000, 2, 15)
0000025313: Notify EC_NOTIFY_CYCCMD_WKC_ERROR(10, 0x10000800, 2, 15)
0000025313: Error: System overload: Cycle time too short or huge jitter!
0000025313: SendCycFramesByEntry(0): wFramesMonitoringProcCnt (0) < wFramesMonitoringSndCnt (1)
0000025313: Notify EC_NOTIFY_FRAME_RESPONSE_ERROR(No response error for cyclic frame IDX=0xb2, CycFrameNum=0, TaskId=0)
0000025314: Error: System overload: Cycle time too short or huge jitter!
0000025314: SendCycFramesByEntry(0): wFramesMonitoringProcCnt (0) < wFramesMonitoringSndCnt (1)
0000025314: Notify EC_NOTIFY_FRAME_RESPONSE_ERROR(No response error for cyclic frame IDX=0xb3, CycFrameNum=0, TaskId=0)
0000025314: Notify EC_NOTIFY_CYCCMD_WKC_ERROR(11, 0x10000000, 2, 15)
0000025314: Notify EC_NOTIFY_CYCCMD_WKC_ERROR(10, 0x10000800, 2, 15)
0000025314: Notify EC_NOTIFY_CYCCMD_WKC_ERROR(11, 0x10000000, 2, 15)
0000025314: Notify EC_NOTIFY_CYCCMD_WKC_ERROR(10, 0x10000800, 2, 15)
0000025315: Error: System overload: Cycle time too short or huge jitter!
0000025315: SendCycFramesByEntry(0): wFramesMonitoringProcCnt (0) < wFramesMonitoringSndCnt (1)
0000025315: Notify EC_NOTIFY_FRAME_RESPONSE_ERROR(No response error for cyclic frame IDX=0xb5, CycFrameNum=0, TaskId=0)
0000025315: Notify EC_NOTIFY_CYCCMD_WKC_ERROR(11, 0x10000000, 2, 15)
0000025315: Notify EC_NOTIFY_CYCCMD_WKC_ERROR(10, 0x10000800, 2, 15)
0000025316: Error: System overload: Cycle time too short or huge jitter!
0000025316: SendCycFramesByEntry(0): wFramesMonitoringProcCnt (0) < wFramesMonitoringSndCnt (1)
0000025316: Notify EC_NOTIFY_FRAME_RESPONSE_ERROR(No response error for cyclic frame IDX=0xb7, CycFrameNum=0, TaskId=0)
0000025316: Notify EC_NOTIFY_CYCCMD_WKC_ERROR(11, 0x10000000, 2, 15)
0000025316: Notify EC_NOTIFY_CYCCMD_WKC_ERROR(10, 0x10000800, 2, 15)
0000025317: Error: System overload: Cycle time too short or huge jitter!
0000025317: SendCycFramesByEntry(0): wFramesMonitoringProcCnt (0) < wFramesMonitoringSndCnt (1)
0000025317: Notify EC_NOTIFY_FRAME_RESPONSE_ERROR(No response error for cyclic frame IDX=0xb9, CycFrameNum=0, TaskId=0)
0000025317: Notify EC_NOTIFY_CYCCMD_WKC_ERROR(11, 0x10000000, 2, 15)
0000025317: Notify EC_NOTIFY_CYCCMD_WKC_ERROR(10, 0x10000800, 2, 15)
0000025318: Error: System overload: Cycle time too short or huge jitter!
0000025318: SendCycFramesByEntry(0): wFramesMonitoringProcCnt (0) < wFramesMonitoringSndCnt (1)
0000025318: Notify EC_NOTIFY_FRAME_RESPONSE_ERROR(No response error for cyclic frame IDX=0xbb, CycFrameNum=0, TaskId=0)
0000025318: Error: System overload: Cycle time too short or huge jitter!
0000025318: SendCycFramesByEntry(0): wFramesMonitoringProcCnt (0) < wFramesMonitoringSndCnt (1)
0000025318: Notify EC_NOTIFY_FRAME_RESPONSE_ERROR(No response error for cyclic frame IDX=0xbc, CycFrameNum=0, TaskId=0)
0000025319: Notify EC_NOTIFY_CYCCMD_WKC_ERROR(11, 0x10000000, 2, 15)
0000025319: Notify EC_NOTIFY_CYCCMD_WKC_ERROR(10, 0x10000800, 2, 15)
0000025319: Notify EC_NOTIFY_CYCCMD_WKC_ERROR(11, 0x10000000, 2, 15)
0000025319: Notify EC_NOTIFY_CYCCMD_WKC_ERROR(10, 0x10000800, 2, 15)
0000025319: Error: System overload: Cycle time too short or huge jitter!
0000025319: SendCycFramesByEntry(0): wFramesMonitoringProcCnt (0) < wFramesMonitoringSndCnt (1)
0000025319: Notify EC_NOTIFY_FRAME_RESPONSE_ERROR(No response error for cyclic frame IDX=0xbe, CycFrameNum=0, TaskId=0)
0000025320: Notify EC_NOTIFY_CYCCMD_WKC_ERROR(11, 0x10000000, 2, 15)
0000025320: Notify EC_NOTIFY_CYCCMD_WKC_ERROR(10, 0x10000800, 2, 15)
0000025322: Error: System overload: Cycle time too short or huge jitter!
0000025322: SendCycFramesByEntry(0): wFramesMonitoringProcCnt (0) < wFramesMonitoringSndCnt (1)
0000025322: Notify EC_NOTIFY_FRAME_RESPONSE_ERROR(No response error for cyclic frame IDX=0xc4, CycFrameNum=0, TaskId=0)
0000025323: Notify EC_NOTIFY_CYCCMD_WKC_ERROR(11, 0x10000000, 2, 15)
0000025323: Notify EC_NOTIFY_CYCCMD_WKC_ERROR(10, 0x10000800, 2, 15)
0000025324: Error: System overload: Cycle time too short or huge jitter!
0000025324: SendCycFramesByEntry(0): wFramesMonitoringProcCnt (0) < wFramesMonitoringSndCnt (1)
0000025324: Notify EC_NOTIFY_FRAME_RESPONSE_ERROR(No response error for cyclic frame IDX=0xc8, CycFrameNum=0, TaskId=0)
0000025325: Notify EC_NOTIFY_CYCCMD_WKC_ERROR(11, 0x10000000, 2, 15)
0000025325: Notify EC_NOTIFY_CYCCMD_WKC_ERROR(10, 0x10000800, 2, 15)
0000025326: Error: System overload: Cycle time too short or huge jitter!
0000025326: SendCycFramesByEntry(0): wFramesMonitoringProcCnt (0) < wFramesMonitoringSndCnt (1)
0000025326: Notify EC_NOTIFY_FRAME_RESPONSE_ERROR(No response error for cyclic frame IDX=0xcb, CycFrameNum=0, TaskId=0)
0000025326: Error: System overload: Cycle time too short or huge jitter!
0000025326: SendCycFramesByEntry(0): wFramesMonitoringProcCnt (0) < wFramesMonitoringSndCnt (1)
0000025326: Notify EC_NOTIFY_FRAME_RESPONSE_ERROR(No response error for cyclic frame IDX=0xcc, CycFrameNum=0, TaskId=0)
0000025327: Error: System overload: Cycle time too short or huge jitter!
0000025327: SendCycFramesByEntry(0): wFramesMonitoringProcCnt (0) < wFramesMonitoringSndCnt (1)
0000025327: Notify EC_NOTIFY_FRAME_RESPONSE_ERROR(No response error for cyclic frame IDX=0xcd, CycFrameNum=0, TaskId=0)
0000025327: Notify EC_NOTIFY_CYCCMD_WKC_ERROR(11, 0x10000000, 2, 15)
0000025327: Notify EC_NOTIFY_CYCCMD_WKC_ERROR(10, 0x10000800, 2, 15)
0000025327: Notify EC_NOTIFY_CYCCMD_WKC_ERROR(11, 0x10000000, 2, 15)
0000025327: Notify EC_NOTIFY_CYCCMD_WKC_ERROR(10, 0x10000800, 2, 15)
0000025327: Notify EC_NOTIFY_CYCCMD_WKC_ERROR(11, 0x10000000, 2, 15)
0000025327: Notify EC_NOTIFY_CYCCMD_WKC_ERROR(10, 0x10000800, 2, 15)
0000025328: Error: System overload: Cycle time too short or huge jitter!
0000025328: SendCycFramesByEntry(0): wFramesMonitoringProcCnt (0) < wFramesMonitoringSndCnt (1)
0000025328: Notify EC_NOTIFY_FRAME_RESPONSE_ERROR(No response error for cyclic frame IDX=0xcf, CycFrameNum=0, TaskId=0)
0000025328: Notify EC_NOTIFY_CYCCMD_WKC_ERROR(11, 0x10000000, 2, 15)
0000025328: Notify EC_NOTIFY_CYCCMD_WKC_ERROR(10, 0x10000800, 2, 15)
0000025329: Error: System overload: Cycle time too short or huge jitter!
0000025329: SendCycFramesByEntry(0): wFramesMonitoringProcCnt (0) < wFramesMonitoringSndCnt (1)
0000025329: Notify EC_NOTIFY_FRAME_RESPONSE_ERROR(No response error for cyclic frame IDX=0xd1, CycFrameNum=0, TaskId=0)
0000025329: Notify EC_NOTIFY_CYCCMD_WKC_ERROR(11, 0x10000000, 2, 15)
0000025329: Notify EC_NOTIFY_CYCCMD_WKC_ERROR(10, 0x10000800, 2, 15)
0000025332: Error: System overload: Cycle time too short or huge jitter!
0000025332: SendCycFramesByEntry(0): wFramesMonitoringProcCnt (0) < wFramesMonitoringSndCnt (1)
0000025332: Notify EC_NOTIFY_FRAME_RESPONSE_ERROR(No response error for cyclic frame IDX=0xd7, CycFrameNum=0, TaskId=0)
0000025332: Notify EC_NOTIFY_CYCCMD_WKC_ERROR(11, 0x10000000, 2, 15)
0000025332: Notify EC_NOTIFY_CYCCMD_WKC_ERROR(10, 0x10000800, 2, 15)
0000025335: Notify EC_NOTIFY_CYCCMD_WKC_ERROR(11, 0x10000000, 2, 15)
0000025335: Notify EC_NOTIFY_CYCCMD_WKC_ERROR(10, 0x10000800, 2, 15)
0000025336: Error: System overload: Cycle time too short or huge jitter!
0000025336: SendCycFramesByEntry(0): wFramesMonitoringProcCnt (0) < wFramesMonitoringSndCnt (1)
0000025336: Notify EC_NOTIFY_FRAME_RESPONSE_ERROR(No response error for cyclic frame IDX=0x2, CycFrameNum=0, TaskId=0)
0000025337: Notify EC_NOTIFY_CYCCMD_WKC_ERROR(11, 0x10000000, 2, 15)
0000025337: Notify EC_NOTIFY_CYCCMD_WKC_ERROR(10, 0x10000800, 2, 15)
0000025337: Error: System overload: Cycle time too short or huge jitter!
0000025337: SendCycFramesByEntry(0): wFramesMonitoringProcCnt (0) < wFramesMonitoringSndCnt (1)
0000025337: Notify EC_NOTIFY_FRAME_RESPONSE_ERROR(No response error for cyclic frame IDX=0x4, CycFrameNum=0, TaskId=0)
0000025338: Notify EC_NOTIFY_CYCCMD_WKC_ERROR(11, 0x10000000, 2, 15)
0000025338: Notify EC_NOTIFY_CYCCMD_WKC_ERROR(10, 0x10000800, 2, 15)
0000025339: Error: System overload: Cycle time too short or huge jitter!
0000025339: SendCycFramesByEntry(0): wFramesMonitoringProcCnt (0) < wFramesMonitoringSndCnt (1)
0000025339: Notify EC_NOTIFY_FRAME_RESPONSE_ERROR(No response error for cyclic frame IDX=0x7, CycFrameNum=0, TaskId=0)
0000025339: Notify EC_NOTIFY_CYCCMD_WKC_ERROR(11, 0x10000000, 2, 15)
0000025339: Notify EC_NOTIFY_CYCCMD_WKC_ERROR(10, 0x10000800, 2, 15)
0000025340: Error: System overload: Cycle time too short or huge jitter!
0000025340: SendCycFramesByEntry(0): wFramesMonitoringProcCnt (0) < wFramesMonitoringSndCnt (1)
0000025340: Notify EC_NOTIFY_FRAME_RESPONSE_ERROR(No response error for cyclic frame IDX=0x9, CycFrameNum=0, TaskId=0)
0000025340: Notify EC_NOTIFY_CYCCMD_WKC_ERROR(11, 0x10000000, 2, 15)
0000025340: Notify EC_NOTIFY_CYCCMD_WKC_ERROR(10, 0x10000800, 2, 15)
0000025341: Error: System overload: Cycle time too short or huge jitter!
0000025341: SendCycFramesByEntry(0): wFramesMonitoringProcCnt (0) < wFramesMonitoringSndCnt (1)
0000025341: Notify EC_NOTIFY_FRAME_RESPONSE_ERROR(No response error for cyclic frame IDX=0xc, CycFrameNum=0, TaskId=0)
0000025342: Notify EC_NOTIFY_CYCCMD_WKC_ERROR(11, 0x10000000, 2, 15)
0000025342: Notify EC_NOTIFY_CYCCMD_WKC_ERROR(10, 0x10000800, 2, 15)
0000025343: Error: System overload: Cycle time too short or huge jitter!
0000025343: SendCycFramesByEntry(0): wFramesMonitoringProcCnt (0) < wFramesMonitoringSndCnt (1)
0000025343: Notify EC_NOTIFY_FRAME_RESPONSE_ERROR(No response error for cyclic frame IDX=0xf, CycFrameNum=0, TaskId=0)
0000025343: Notify EC_NOTIFY_CYCCMD_WKC_ERROR(11, 0x10000000, 2, 15)
0000025343: Notify EC_NOTIFY_CYCCMD_WKC_ERROR(10, 0x10000800, 2, 15)
0000025344: Error: System overload: Cycle time too short or huge jitter!
0000025344: SendCycFramesByEntry(0): wFramesMonitoringProcCnt (0) < wFramesMonitoringSndCnt (1)
0000025344: Notify EC_NOTIFY_FRAME_RESPONSE_ERROR(No response error for cyclic frame IDX=0x11, CycFrameNum=0, TaskId=0)
0000025344: Notify EC_NOTIFY_CYCCMD_WKC_ERROR(11, 0x10000000, 2, 15)
0000025344: Notify EC_NOTIFY_CYCCMD_WKC_ERROR(10, 0x10000800, 2, 15)
0000025345: Error: System overload: Cycle time too short or huge jitter!
0000025345: SendCycFramesByEntry(0): wFramesMonitoringProcCnt (0) < wFramesMonitoringSndCnt (1)
0000025345: Notify EC_NOTIFY_FRAME_RESPONSE_ERROR(No response error for cyclic frame IDX=0x13, CycFrameNum=0, TaskId=0)
0000025345: Notify EC_NOTIFY_CYCCMD_WKC_ERROR(11, 0x10000000, 2, 15)
0000025345: Notify EC_NOTIFY_CYCCMD_WKC_ERROR(10, 0x10000800, 2, 15)
0000025345: Notify EC_NOTIFY_CYCCMD_WKC_ERROR(11, 0x10000000, 2, 15)
0000025345: Notify EC_NOTIFY_CYCCMD_WKC_ERROR(10, 0x10000800, 2, 15)
0000025346: Error: System overload: Cycle time too short or huge jitter!
0000025346: SendCycFramesByEntry(0): wFramesMonitoringProcCnt (0) < wFramesMonitoringSndCnt (1)
0000025346: Notify EC_NOTIFY_FRAME_RESPONSE_ERROR(No response error for cyclic frame IDX=0x15, CycFrameNum=0, TaskId=0)
0000025346: Notify EC_NOTIFY_CYCCMD_WKC_ERROR(11, 0x10000000, 2, 15)
0000025346: Notify EC_NOTIFY_CYCCMD_WKC_ERROR(10, 0x10000800, 2, 15)
0000025347: Error: System overload: Cycle time too short or huge jitter!
0000025347: SendCycFramesByEntry(0): wFramesMonitoringProcCnt (0) < wFramesMonitoringSndCnt (1)
0000025347: Notify EC_NOTIFY_FRAME_RESPONSE_ERROR(No response error for cyclic frame IDX=0x18, CycFrameNum=0, TaskId=0)
0000025348: Notify EC_NOTIFY_CYCCMD_WKC_ERROR(11, 0x10000000, 2, 15)
0000025348: Notify EC_NOTIFY_CYCCMD_WKC_ERROR(10, 0x10000800, 2, 15)
0000025349: Error: System overload: Cycle time too short or huge jitter!
0000025349: SendCycFramesByEntry(0): wFramesMonitoringProcCnt (0) < wFramesMonitoringSndCnt (1)
0000025349: Notify EC_NOTIFY_FRAME_RESPONSE_ERROR(No response error for cyclic frame IDX=0x1b, CycFrameNum=0, TaskId=0)
0000025349: Notify EC_NOTIFY_CYCCMD_WKC_ERROR(11, 0x10000000, 2, 15)
0000025349: Notify EC_NOTIFY_CYCCMD_WKC_ERROR(10, 0x10000800, 2, 15)
0000025350: Error: System overload: Cycle time too short or huge jitter!
0000025350: SendCycFramesByEntry(0): wFramesMonitoringProcCnt (0) < wFramesMonitoringSndCnt (1)
0000025350: Notify EC_NOTIFY_FRAME_RESPONSE_ERROR(No response error for cyclic frame IDX=0x1d, CycFrameNum=0, TaskId=0)
0000025350: Notify EC_NOTIFY_CYCCMD_WKC_ERROR(11, 0x10000000, 2, 15)
0000025350: Notify EC_NOTIFY_CYCCMD_WKC_ERROR(10, 0x10000800, 2, 15)
0000025351: Error: System overload: Cycle time too short or huge jitter!
0000025351: SendCycFramesByEntry(0): wFramesMonitoringProcCnt (0) < wFramesMonitoringSndCnt (1)
0000025351: Notify EC_NOTIFY_FRAME_RESPONSE_ERROR(No response error for cyclic frame IDX=0x1f, CycFrameNum=0, TaskId=0)
0000025351: Notify EC_NOTIFY_CYCCMD_WKC_ERROR(11, 0x10000000, 2, 15)
0000025351: Notify EC_NOTIFY_CYCCMD_WKC_ERROR(10, 0x10000800, 2, 15)
0000025352: Error: System overload: Cycle time too short or huge jitter!
0000025352: SendCycFramesByEntry(0): wFramesMonitoringProcCnt (0) < wFramesMonitoringSndCnt (1)
0000025352: Notify EC_NOTIFY_FRAME_RESPONSE_ERROR(No response error for cyclic frame IDX=0x22, CycFrameNum=0, TaskId=0)
0000025353: Notify EC_NOTIFY_CYCCMD_WKC_ERROR(11, 0x10000000, 2, 15)
0000025353: Notify EC_NOTIFY_CYCCMD_WKC_ERROR(10, 0x10000800, 2, 15)
0000025354: Error: System overload: Cycle time too short or huge jitter!
0000025354: SendCycFramesByEntry(0): wFramesMonitoringProcCnt (0) < wFramesMonitoringSndCnt (1)
0000025354: Notify EC_NOTIFY_FRAME_RESPONSE_ERROR(No response error for cyclic frame IDX=0x25, CycFrameNum=0, TaskId=0)
0000025354: Notify EC_NOTIFY_CYCCMD_WKC_ERROR(11, 0x10000000, 2, 15)
0000025354: Notify EC_NOTIFY_CYCCMD_WKC_ERROR(10, 0x10000800, 2, 15)
0000025355: Error: System overload: Cycle time too short or huge jitter!
0000025355: SendCycFramesByEntry(0): wFramesMonitoringProcCnt (0) < wFramesMonitoringSndCnt (1)
0000025355: Notify EC_NOTIFY_FRAME_RESPONSE_ERROR(No response error for cyclic frame IDX=0x27, CycFrameNum=0, TaskId=0)
0000025355: Notify EC_NOTIFY_CYCCMD_WKC_ERROR(11, 0x10000000, 2, 15)
0000025355: Notify EC_NOTIFY_CYCCMD_WKC_ERROR(10, 0x10000800, 2, 15)
0000025356: Error: System overload: Cycle time too short or huge jitter!
0000025356: SendCycFramesByEntry(0): wFramesMonitoringProcCnt (0) < wFramesMonitoringSndCnt (1)
0000025356: Notify EC_NOTIFY_FRAME_RESPONSE_ERROR(No response error for cyclic frame IDX=0x29, CycFrameNum=0, TaskId=0)
0000025356: Notify EC_NOTIFY_CYCCMD_WKC_ERROR(11, 0x10000000, 2, 15)
0000025356: Notify EC_NOTIFY_CYCCMD_WKC_ERROR(10, 0x10000800, 2, 15)
0000025357: Error: System overload: Cycle time too short or huge jitter!
0000025357: SendCycFramesByEntry(0): wFramesMonitoringProcCnt (0) < wFramesMonitoringSndCnt (1)
0000025357: Notify EC_NOTIFY_FRAME_RESPONSE_ERROR(No response error for cyclic frame IDX=0x2c, CycFrameNum=0, TaskId=0)
0000025358: Notify EC_NOTIFY_CYCCMD_WKC_ERROR(11, 0x10000000, 2, 15)
0000025358: Notify EC_NOTIFY_CYCCMD_WKC_ERROR(10, 0x10000800, 2, 15)
0000025358: Error: System overload: Cycle time too short or huge jitter!
0000025358: SendCycFramesByEntry(0): wFramesMonitoringProcCnt (0) < wFramesMonitoringSndCnt (1)
0000025358: Notify EC_NOTIFY_FRAME_RESPONSE_ERROR(No response error for cyclic frame IDX=0x2e, CycFrameNum=0, TaskId=0)
0000025359: Notify EC_NOTIFY_CYCCMD_WKC_ERROR(11, 0x10000000, 2, 15)
0000025359: Notify EC_NOTIFY_CYCCMD_WKC_ERROR(10, 0x10000800, 2, 15)
0000025359: Error: System overload: Cycle time too short or huge jitter!
0000025359: SendCycFramesByEntry(0): wFramesMonitoringProcCnt (0) < wFramesMonitoringSndCnt (1)
0000025359: Notify EC_NOTIFY_FRAME_RESPONSE_ERROR(No response error for cyclic frame IDX=0x30, CycFrameNum=0, TaskId=0)
0000025360: Notify EC_NOTIFY_CYCCMD_WKC_ERROR(11, 0x10000000, 2, 15)
0000025360: Notify EC_NOTIFY_CYCCMD_WKC_ERROR(10, 0x10000800, 2, 15)
0000025361: Error: System overload: Cycle time too short or huge jitter!
0000025361: SendCycFramesByEntry(0): wFramesMonitoringProcCnt (0) < wFramesMonitoringSndCnt (1)
0000025361: Notify EC_NOTIFY_FRAME_RESPONSE_ERROR(No response error for cyclic frame IDX=0x33, CycFrameNum=0, TaskId=0)
0000025361: Notify EC_NOTIFY_CYCCMD_WKC_ERROR(11, 0x10000000, 2, 15)
0000025361: Notify EC_NOTIFY_CYCCMD_WKC_ERROR(10, 0x10000800, 2, 15)
0000025362: Error: System overload: Cycle time too short or huge jitter!
0000025362: SendCycFramesByEntry(0): wFramesMonitoringProcCnt (0) < wFramesMonitoringSndCnt (1)
0000025362: Notify EC_NOTIFY_FRAME_RESPONSE_ERROR(No response error for cyclic frame IDX=0x35, CycFrameNum=0, TaskId=0)
0000025362: Error: System overload: Cycle time too short or huge jitter!
0000025362: SendCycFramesByEntry(0): wFramesMonitoringProcCnt (0) < wFramesMonitoringSndCnt (1)
0000025362: Notify EC_NOTIFY_FRAME_RESPONSE_ERROR(No response error for cyclic frame IDX=0x36, CycFrameNum=0, TaskId=0)
0000025363: Error: System overload: Cycle time too short or huge jitter!
0000025363: SendCycFramesByEntry(0): wFramesMonitoringProcCnt (0) < wFramesMonitoringSndCnt (1)
0000025363: Notify EC_NOTIFY_FRAME_RESPONSE_ERROR(No response error for cyclic frame IDX=0x37, CycFrameNum=0, TaskId=0)
0000025363: Error: System overload: Cycle time too short or huge jitter!
0000025363: SendCycFramesByEntry(0): wFramesMonitoringProcCnt (0) < wFramesMonitoringSndCnt (1)
0000025363: Notify EC_NOTIFY_FRAME_RESPONSE_ERROR(No response error for cyclic frame IDX=0x38, CycFrameNum=0, TaskId=0)
0000025364: Notify EC_NOTIFY_CYCCMD_WKC_ERROR(11, 0x10000000, 2, 15)
0000025364: Notify EC_NOTIFY_CYCCMD_WKC_ERROR(10, 0x10000800, 2, 15)
0000025364: Notify EC_NOTIFY_CYCCMD_WKC_ERROR(11, 0x10000000, 2, 15)
0000025364: Notify EC_NOTIFY_CYCCMD_WKC_ERROR(10, 0x10000800, 2, 15)
0000025364: Notify EC_NOTIFY_CYCCMD_WKC_ERROR(11, 0x10000000, 2, 15)
0000025364: Notify EC_NOTIFY_CYCCMD_WKC_ERROR(10, 0x10000800, 2, 15)
0000025364: Notify EC_NOTIFY_CYCCMD_WKC_ERROR(11, 0x10000000, 2, 15)
0000025364: Notify EC_NOTIFY_CYCCMD_WKC_ERROR(10, 0x10000800, 2, 15)
0000025364: Error: System overload: Cycle time too short or huge jitter!
0000025364: SendCycFramesByEntry(0): wFramesMonitoringProcCnt (0) < wFramesMonitoringSndCnt (1)
0000025364: Notify EC_NOTIFY_FRAME_RESPONSE_ERROR(No response error for cyclic frame IDX=0x3a, CycFrameNum=0, TaskId=0)
0000025365: Notify EC_NOTIFY_CYCCMD_WKC_ERROR(11, 0x10000000, 2, 15)
0000025365: Notify EC_NOTIFY_CYCCMD_WKC_ERROR(10, 0x10000800, 2, 15)
0000025367: Error: System overload: Cycle time too short or huge jitter!
0000025367: SendCycFramesByEntry(0): wFramesMonitoringProcCnt (0) < wFramesMonitoringSndCnt (1)
0000025367: Notify EC_NOTIFY_FRAME_RESPONSE_ERROR(No response error for cyclic frame IDX=0x3f, CycFrameNum=0, TaskId=0)
0000025367: Notify EC_NOTIFY_CYCCMD_WKC_ERROR(11, 0x10000000, 2, 15)
0000025367: Notify EC_NOTIFY_CYCCMD_WKC_ERROR(10, 0x10000800, 2, 15)
0000025369: Error: System overload: Cycle time too short or huge jitter!
0000025369: SendCycFramesByEntry(0): wFramesMonitoringProcCnt (0) < wFramesMonitoringSndCnt (1)
0000025369: Notify EC_NOTIFY_FRAME_RESPONSE_ERROR(No response error for cyclic frame IDX=0x44, CycFrameNum=0, TaskId=0)
0000025370: Notify EC_NOTIFY_CYCCMD_WKC_ERROR(11, 0x10000000, 2, 15)
0000025370: Notify EC_NOTIFY_CYCCMD_WKC_ERROR(10, 0x10000800, 2, 15)
0000025370: Error: System overload: Cycle time too short or huge jitter!
0000025370: SendCycFramesByEntry(0): wFramesMonitoringProcCnt (0) < wFramesMonitoringSndCnt (1)
0000025370: Notify EC_NOTIFY_FRAME_RESPONSE_ERROR(No response error for cyclic frame IDX=0x46, CycFrameNum=0, TaskId=0)
0000025371: Notify EC_NOTIFY_CYCCMD_WKC_ERROR(11, 0x10000000, 2, 15)
0000025371: Notify EC_NOTIFY_CYCCMD_WKC_ERROR(10, 0x10000800, 2, 15)
0000025372: Error: System overload: Cycle time too short or huge jitter!
0000025372: SendCycFramesByEntry(0): wFramesMonitoringProcCnt (0) < wFramesMonitoringSndCnt (1)
0000025372: Notify EC_NOTIFY_FRAME_RESPONSE_ERROR(No response error for cyclic frame IDX=0x49, CycFrameNum=0, TaskId=0)
0000025372: Notify EC_NOTIFY_CYCCMD_WKC_ERROR(11, 0x10000000, 2, 15)
0000025372: Notify EC_NOTIFY_CYCCMD_WKC_ERROR(10, 0x10000800, 2, 15)
0000025373: Error: System overload: Cycle time too short or huge jitter!
0000025373: SendCycFramesByEntry(0): wFramesMonitoringProcCnt (0) < wFramesMonitoringSndCnt (1)
0000025373: Notify EC_NOTIFY_FRAME_RESPONSE_ERROR(No response error for cyclic frame IDX=0x4b, CycFrameNum=0, TaskId=0)
0000025373: Notify EC_NOTIFY_CYCCMD_WKC_ERROR(11, 0x10000000, 2, 15)
0000025373: Notify EC_NOTIFY_CYCCMD_WKC_ERROR(10, 0x10000800, 2, 15)
0000025375: Notify EC_NOTIFY_CYCCMD_WKC_ERROR(11, 0x10000000, 2, 15)
0000025375: Notify EC_NOTIFY_CYCCMD_WKC_ERROR(10, 0x10000800, 2, 15)
0000025376: Error: System overload: Cycle time too short or huge jitter!
0000025376: SendCycFramesByEntry(0): wFramesMonitoringProcCnt (0) < wFramesMonitoringSndCnt (1)
0000025376: Notify EC_NOTIFY_FRAME_RESPONSE_ERROR(No response error for cyclic frame IDX=0x52, CycFrameNum=0, TaskId=0)
0000025377: Error: System overload: Cycle time too short or huge jitter!
0000025377: SendCycFramesByEntry(0): wFramesMonitoringProcCnt (0) < wFramesMonitoringSndCnt (1)
0000025377: Notify EC_NOTIFY_FRAME_RESPONSE_ERROR(No response error for cyclic frame IDX=0x53, CycFrameNum=0, TaskId=0)
0000025377: Error: System overload: Cycle time too short or huge jitter!
0000025377: SendCycFramesByEntry(0): wFramesMonitoringProcCnt (0) < wFramesMonitoringSndCnt (1)
0000025377: Notify EC_NOTIFY_FRAME_RESPONSE_ERROR(No response error for cyclic frame IDX=0x54, CycFrameNum=0, TaskId=0)
0000025378: Notify EC_NOTIFY_CYCCMD_WKC_ERROR(11, 0x10000000, 2, 15)
0000025378: Notify EC_NOTIFY_CYCCMD_WKC_ERROR(10, 0x10000800, 2, 15)
0000025378: Notify EC_NOTIFY_CYCCMD_WKC_ERROR(11, 0x10000000, 2, 15)
0000025378: Notify EC_NOTIFY_CYCCMD_WKC_ERROR(10, 0x10000800, 2, 15)
0000025378: Notify EC_NOTIFY_CYCCMD_WKC_ERROR(11, 0x10000000, 2, 15)
0000025378: Notify EC_NOTIFY_CYCCMD_WKC_ERROR(10, 0x10000800, 2, 15)
0000025379: Error: System overload: Cycle time too short or huge jitter!
0000025379: SendCycFramesByEntry(0): wFramesMonitoringProcCnt (0) < wFramesMonitoringSndCnt (1)
0000025379: Notify EC_NOTIFY_FRAME_RESPONSE_ERROR(No response error for cyclic frame IDX=0x58, CycFrameNum=0, TaskId=0)
0000025380: Notify EC_NOTIFY_CYCCMD_WKC_ERROR(11, 0x10000000, 2, 15)
0000025380: Notify EC_NOTIFY_CYCCMD_WKC_ERROR(10, 0x10000800, 2, 15)
0000025380: Error: System overload: Cycle time too short or huge jitter!
0000025380: SendCycFramesByEntry(0): wFramesMonitoringProcCnt (0) < wFramesMonitoringSndCnt (1)
0000025380: Notify EC_NOTIFY_FRAME_RESPONSE_ERROR(No response error for cyclic frame IDX=0x5a, CycFrameNum=0, TaskId=0)
0000025381: Notify EC_NOTIFY_CYCCMD_WKC_ERROR(11, 0x10000000, 2, 15)
0000025381: Notify EC_NOTIFY_CYCCMD_WKC_ERROR(10, 0x10000800, 2, 15)
0000025382: Error: System overload: Cycle time too short or huge jitter!
0000025382: SendCycFramesByEntry(0): wFramesMonitoringProcCnt (0) < wFramesMonitoringSndCnt (1)
0000025382: Notify EC_NOTIFY_FRAME_RESPONSE_ERROR(No response error for cyclic frame IDX=0x5e, CycFrameNum=0, TaskId=0)
0000025383: Notify EC_NOTIFY_CYCCMD_WKC_ERROR(11, 0x10000000, 2, 15)
0000025383: Notify EC_NOTIFY_CYCCMD_WKC_ERROR(10, 0x10000800, 2, 15)
0000025383: Error: System overload: Cycle time too short or huge jitter!
0000025383: SendCycFramesByEntry(0): wFramesMonitoringProcCnt (0) < wFramesMonitoringSndCnt (1)
0000025383: Notify EC_NOTIFY_FRAME_RESPONSE_ERROR(No response error for cyclic frame IDX=0x60, CycFrameNum=0, TaskId=0)
0000025384: Error: System overload: Cycle time too short or huge jitter!
0000025384: SendCycFramesByEntry(0): wFramesMonitoringProcCnt (0) < wFramesMonitoringSndCnt (1)
0000025384: Notify EC_NOTIFY_FRAME_RESPONSE_ERROR(No response error for cyclic frame IDX=0x61, CycFrameNum=0, TaskId=0)
0000025384: Notify EC_NOTIFY_CYCCMD_WKC_ERROR(11, 0x10000000, 2, 15)
0000025384: Notify EC_NOTIFY_CYCCMD_WKC_ERROR(10, 0x10000800, 2, 15)
0000025384: Notify EC_NOTIFY_CYCCMD_WKC_ERROR(11, 0x10000000, 2, 15)
0000025384: Notify EC_NOTIFY_CYCCMD_WKC_ERROR(10, 0x10000800, 2, 15)
0000025385: Error: System overload: Cycle time too short or huge jitter!
0000025385: SendCycFramesByEntry(0): wFramesMonitoringProcCnt (0) < wFramesMonitoringSndCnt (1)
0000025385: Notify EC_NOTIFY_FRAME_RESPONSE_ERROR(No response error for cyclic frame IDX=0x63, CycFrameNum=0, TaskId=0)
0000025385: Notify EC_NOTIFY_CYCCMD_WKC_ERROR(11, 0x10000000, 2, 15)
0000025385: Notify EC_NOTIFY_CYCCMD_WKC_ERROR(10, 0x10000800, 2, 15)
0000025386: Error: System overload: Cycle time too short or huge jitter!
0000025386: SendCycFramesByEntry(0): wFramesMonitoringProcCnt (0) < wFramesMonitoringSndCnt (1)
0000025386: Notify EC_NOTIFY_FRAME_RESPONSE_ERROR(No response error for cyclic frame IDX=0x65, CycFrameNum=0, TaskId=0)
0000025386: Error: System overload: Cycle time too short or huge jitter!
0000025386: SendCycFramesByEntry(0): wFramesMonitoringProcCnt (0) < wFramesMonitoringSndCnt (1)
0000025386: Notify EC_NOTIFY_FRAME_RESPONSE_ERROR(No response error for cyclic frame IDX=0x66, CycFrameNum=0, TaskId=0)
0000025387: Notify EC_NOTIFY_CYCCMD_WKC_ERROR(11, 0x10000000, 2, 15)
0000025387: Notify EC_NOTIFY_CYCCMD_WKC_ERROR(10, 0x10000800, 2, 15)
0000025387: Notify EC_NOTIFY_CYCCMD_WKC_ERROR(11, 0x10000000, 2, 15)
0000025387: Notify EC_NOTIFY_CYCCMD_WKC_ERROR(10, 0x10000800, 2, 15)
0000025387: Error: System overload: Cycle time too short or huge jitter!
0000025387: SendCycFramesByEntry(0): wFramesMonitoringProcCnt (0) < wFramesMonitoringSndCnt (1)
0000025387: Notify EC_NOTIFY_FRAME_RESPONSE_ERROR(No response error for cyclic frame IDX=0x68, CycFrameNum=0, TaskId=0)
0000025388: Notify EC_NOTIFY_CYCCMD_WKC_ERROR(11, 0x10000000, 2, 15)
0000025388: Notify EC_NOTIFY_CYCCMD_WKC_ERROR(10, 0x10000800, 2, 15)
0000025388: Error: System overload: Cycle time too short or huge jitter!
0000025388: SendCycFramesByEntry(0): wFramesMonitoringProcCnt (0) < wFramesMonitoringSndCnt (1)
0000025388: Notify EC_NOTIFY_FRAME_RESPONSE_ERROR(No response error for cyclic frame IDX=0x6a, CycFrameNum=0, TaskId=0)
0000025389: Notify EC_NOTIFY_CYCCMD_WKC_ERROR(11, 0x10000000, 2, 15)
0000025389: Notify EC_NOTIFY_CYCCMD_WKC_ERROR(10, 0x10000800, 2, 15)
0000025390: Error: System overload: Cycle time too short or huge jitter!
0000025390: SendCycFramesByEntry(0): wFramesMonitoringProcCnt (0) < wFramesMonitoringSndCnt (1)
0000025390: Notify EC_NOTIFY_FRAME_RESPONSE_ERROR(No response error for cyclic frame IDX=0x6d, CycFrameNum=0, TaskId=0)
0000025390: Notify EC_NOTIFY_CYCCMD_WKC_ERROR(11, 0x10000000, 2, 15)
0000025390: Notify EC_NOTIFY_CYCCMD_WKC_ERROR(10, 0x10000800, 2, 15)
0000025391: Error: System overload: Cycle time too short or huge jitter!
0000025391: SendCycFramesByEntry(0): wFramesMonitoringProcCnt (0) < wFramesMonitoringSndCnt (1)
0000025391: Notify EC_NOTIFY_FRAME_RESPONSE_ERROR(No response error for cyclic frame IDX=0x6f, CycFrameNum=0, TaskId=0)
0000025391: Notify EC_NOTIFY_CYCCMD_WKC_ERROR(11, 0x10000000, 2, 15)
0000025391: Notify EC_NOTIFY_CYCCMD_WKC_ERROR(10, 0x10000800, 2, 15)
0000025392: Error: System overload: Cycle time too short or huge jitter!
0000025392: SendCycFramesByEntry(0): wFramesMonitoringProcCnt (0) < wFramesMonitoringSndCnt (1)
0000025392: Notify EC_NOTIFY_FRAME_RESPONSE_ERROR(No response error for cyclic frame IDX=0x72, CycFrameNum=0, TaskId=0)
0000025393: Notify EC_NOTIFY_CYCCMD_WKC_ERROR(11, 0x10000000, 2, 15)
0000025393: Notify EC_NOTIFY_CYCCMD_WKC_ERROR(10, 0x10000800, 2, 15)
0000025394: Error: System overload: Cycle time too short or huge jitter!
0000025394: SendCycFramesByEntry(0): wFramesMonitoringProcCnt (0) < wFramesMonitoringSndCnt (1)
0000025394: Notify EC_NOTIFY_FRAME_RESPONSE_ERROR(No response error for cyclic frame IDX=0x76, CycFrameNum=0, TaskId=0)
0000025395: Error: System overload: Cycle time too short or huge jitter!
0000025395: SendCycFramesByEntry(0): wFramesMonitoringProcCnt (0) < wFramesMonitoringSndCnt (1)
0000025395: Notify EC_NOTIFY_FRAME_RESPONSE_ERROR(No response error for cyclic frame IDX=0x77, CycFrameNum=0, TaskId=0)
0000025395: Notify EC_NOTIFY_CYCCMD_WKC_ERROR(11, 0x10000000, 2, 15)
0000025395: Notify EC_NOTIFY_CYCCMD_WKC_ERROR(10, 0x10000800, 2, 15)
0000025395: Notify EC_NOTIFY_CYCCMD_WKC_ERROR(11, 0x10000000, 2, 15)
0000025395: Notify EC_NOTIFY_CYCCMD_WKC_ERROR(10, 0x10000800, 2, 15)
0000025396: Error: System overload: Cycle time too short or huge jitter!
0000025396: SendCycFramesByEntry(0): wFramesMonitoringProcCnt (0) < wFramesMonitoringSndCnt (1)
0000025396: Notify EC_NOTIFY_FRAME_RESPONSE_ERROR(No response error for cyclic frame IDX=0x79, CycFrameNum=0, TaskId=0)
0000025396: Notify EC_NOTIFY_CYCCMD_WKC_ERROR(11, 0x10000000, 2, 15)
0000025396: Notify EC_NOTIFY_CYCCMD_WKC_ERROR(10, 0x10000800, 2, 15)
0000025397: Error: System overload: Cycle time too short or huge jitter!
0000025397: SendCycFramesByEntry(0): wFramesMonitoringProcCnt (0) < wFramesMonitoringSndCnt (1)
0000025397: Notify EC_NOTIFY_FRAME_RESPONSE_ERROR(No response error for cyclic frame IDX=0x7b, CycFrameNum=0, TaskId=0)
0000025397: Error: System overload: Cycle time too short or huge jitter!
0000025397: SendCycFramesByEntry(0): wFramesMonitoringProcCnt (0) < wFramesMonitoringSndCnt (1)
0000025397: Notify EC_NOTIFY_FRAME_RESPONSE_ERROR(No response error for cyclic frame IDX=0x7c, CycFrameNum=0, TaskId=0)
0000025398: Notify EC_NOTIFY_CYCCMD_WKC_ERROR(11, 0x10000000, 2, 15)
0000025398: Notify EC_NOTIFY_CYCCMD_WKC_ERROR(10, 0x10000800, 2, 15)
0000025398: Notify EC_NOTIFY_CYCCMD_WKC_ERROR(11, 0x10000000, 2, 15)
0000025398: Notify EC_NOTIFY_CYCCMD_WKC_ERROR(10, 0x10000800, 2, 15)
0000025398: Error: System overload: Cycle time too short or huge jitter!
0000025398: SendCycFramesByEntry(0): wFramesMonitoringProcCnt (0) < wFramesMonitoringSndCnt (1)
0000025398: Notify EC_NOTIFY_FRAME_RESPONSE_ERROR(No response error for cyclic frame IDX=0x7e, CycFrameNum=0, TaskId=0)
0000025399: Notify EC_NOTIFY_CYCCMD_WKC_ERROR(11, 0x10000000, 2, 15)
0000025399: Notify EC_NOTIFY_CYCCMD_WKC_ERROR(10, 0x10000800, 2, 15)
0000025400: Error: System overload: Cycle time too short or huge jitter!
0000025400: SendCycFramesByEntry(0): wFramesMonitoringProcCnt (0) < wFramesMonitoringSndCnt (1)
0000025400: Notify EC_NOTIFY_FRAME_RESPONSE_ERROR(No response error for cyclic frame IDX=0x82, CycFrameNum=0, TaskId=0)
0000025401: Error: System overload: Cycle time too short or huge jitter!
0000025401: SendCycFramesByEntry(0): wFramesMonitoringProcCnt (0) < wFramesMonitoringSndCnt (1)
0000025401: Notify EC_NOTIFY_FRAME_RESPONSE_ERROR(No response error for cyclic frame IDX=0x83, CycFrameNum=0, TaskId=0)
0000025401: Notify EC_NOTIFY_CYCCMD_WKC_ERROR(11, 0x10000000, 2, 15)
0000025401: Notify EC_NOTIFY_CYCCMD_WKC_ERROR(10, 0x10000800, 2, 15)
0000025401: Notify EC_NOTIFY_CYCCMD_WKC_ERROR(11, 0x10000000, 2, 15)
0000025401: Notify EC_NOTIFY_CYCCMD_WKC_ERROR(10, 0x10000800, 2, 15)
0000025403: Error: System overload: Cycle time too short or huge jitter!
0000025403: SendCycFramesByEntry(0): wFramesMonitoringProcCnt (0) < wFramesMonitoringSndCnt (1)
0000025403: Notify EC_NOTIFY_FRAME_RESPONSE_ERROR(No response error for cyclic frame IDX=0x87, CycFrameNum=0, TaskId=0)
0000025403: Error: System overload: Cycle time too short or huge jitter!
0000025403: SendCycFramesByEntry(0): wFramesMonitoringProcCnt (0) < wFramesMonitoringSndCnt (1)
0000025403: Notify EC_NOTIFY_FRAME_RESPONSE_ERROR(No response error for cyclic frame IDX=0x88, CycFrameNum=0, TaskId=0)
0000025404: Notify EC_NOTIFY_CYCCMD_WKC_ERROR(11, 0x10000000, 2, 15)
0000025404: Notify EC_NOTIFY_CYCCMD_WKC_ERROR(10, 0x10000800, 2, 15)
0000025404: Notify EC_NOTIFY_CYCCMD_WKC_ERROR(11, 0x10000000, 2, 15)
0000025404: Notify EC_NOTIFY_CYCCMD_WKC_ERROR(10, 0x10000800, 2, 15)
0000025404: Error: System overload: Cycle time too short or huge jitter!
0000025404: SendCycFramesByEntry(0): wFramesMonitoringProcCnt (0) < wFramesMonitoringSndCnt (1)
0000025404: Notify EC_NOTIFY_FRAME_RESPONSE_ERROR(No response error for cyclic frame IDX=0x8a, CycFrameNum=0, TaskId=0)
0000025405: Notify EC_NOTIFY_CYCCMD_WKC_ERROR(11, 0x10000000, 2, 15)
0000025405: Notify EC_NOTIFY_CYCCMD_WKC_ERROR(10, 0x10000800, 2, 15)
0000025405: Notify EC_NOTIFY_CYCCMD_WKC_ERROR(11, 0x10000000, 2, 15)
0000025405: Notify EC_NOTIFY_CYCCMD_WKC_ERROR(10, 0x10000800, 2, 15)
0000025407: Error: System overload: Cycle time too short or huge jitter!
0000025407: SendCycFramesByEntry(0): wFramesMonitoringProcCnt (0) < wFramesMonitoringSndCnt (1)
0000025407: Notify EC_NOTIFY_FRAME_RESPONSE_ERROR(No response error for cyclic frame IDX=0x8f, CycFrameNum=0, TaskId=0)
0000025407: Notify EC_NOTIFY_CYCCMD_WKC_ERROR(11, 0x10000000, 2, 15)
0000025407: Notify EC_NOTIFY_CYCCMD_WKC_ERROR(10, 0x10000800, 2, 15)
0000025408: Error: System overload: Cycle time too short or huge jitter!
0000025408: SendCycFramesByEntry(0): wFramesMonitoringProcCnt (0) < wFramesMonitoringSndCnt (1)
0000025408: Notify EC_NOTIFY_FRAME_RESPONSE_ERROR(No response error for cyclic frame IDX=0x91, CycFrameNum=0, TaskId=0)
0000025408: Notify EC_NOTIFY_CYCCMD_WKC_ERROR(11, 0x10000000, 2, 15)
0000025408: Notify EC_NOTIFY_CYCCMD_WKC_ERROR(10, 0x10000800, 2, 15)
0000025409: Error: System overload: Cycle time too short or huge jitter!
0000025409: SendCycFramesByEntry(0): wFramesMonitoringProcCnt (0) < wFramesMonitoringSndCnt (1)
0000025409: Notify EC_NOTIFY_FRAME_RESPONSE_ERROR(No response error for cyclic frame IDX=0x94, CycFrameNum=0, TaskId=0)
0000025410: Notify EC_NOTIFY_CYCCMD_WKC_ERROR(11, 0x10000000, 2, 15)
0000025410: Notify EC_NOTIFY_CYCCMD_WKC_ERROR(10, 0x10000800, 2, 15)
0000025410: Error: System overload: Cycle time too short or huge jitter!
0000025410: SendCycFramesByEntry(0): wFramesMonitoringProcCnt (0) < wFramesMonitoringSndCnt (1)
0000025410: Notify EC_NOTIFY_FRAME_RESPONSE_ERROR(No response error for cyclic frame IDX=0x96, CycFrameNum=0, TaskId=0)
0000025411: Notify EC_NOTIFY_CYCCMD_WKC_ERROR(11, 0x10000000, 2, 15)
0000025411: Notify EC_NOTIFY_CYCCMD_WKC_ERROR(10, 0x10000800, 2, 15)
0000025411: Error: System overload: Cycle time too short or huge jitter!
0000025411: SendCycFramesByEntry(0): wFramesMonitoringProcCnt (0) < wFramesMonitoringSndCnt (1)
0000025411: Notify EC_NOTIFY_FRAME_RESPONSE_ERROR(No response error for cyclic frame IDX=0x98, CycFrameNum=0, TaskId=0)
0000025412: Notify EC_NOTIFY_CYCCMD_WKC_ERROR(11, 0x10000000, 2, 15)
0000025412: Notify EC_NOTIFY_CYCCMD_WKC_ERROR(10, 0x10000800, 2, 15)
0000025413: Error: System overload: Cycle time too short or huge jitter!
0000025413: SendCycFramesByEntry(0): wFramesMonitoringProcCnt (0) < wFramesMonitoringSndCnt (1)
0000025413: Notify EC_NOTIFY_FRAME_RESPONSE_ERROR(No response error for cyclic frame IDX=0x9b, CycFrameNum=0, TaskId=0)
0000025413: Notify EC_NOTIFY_CYCCMD_WKC_ERROR(11, 0x10000000, 2, 15)
0000025413: Notify EC_NOTIFY_CYCCMD_WKC_ERROR(10, 0x10000800, 2, 15)
0000025414: Error: System overload: Cycle time too short or huge jitter!
0000025414: SendCycFramesByEntry(0): wFramesMonitoringProcCnt (0) < wFramesMonitoringSndCnt (1)
0000025414: Notify EC_NOTIFY_FRAME_RESPONSE_ERROR(No response error for cyclic frame IDX=0x9d, CycFrameNum=0, TaskId=0)
0000025414: Notify EC_NOTIFY_CYCCMD_WKC_ERROR(11, 0x10000000, 2, 15)
0000025414: Notify EC_NOTIFY_CYCCMD_WKC_ERROR(10, 0x10000800, 2, 15)
0000025415: Notify EC_NOTIFY_CYCCMD_WKC_ERROR(11, 0x10000000, 2, 15)
0000025415: Notify EC_NOTIFY_CYCCMD_WKC_ERROR(10, 0x10000800, 2, 15)
0000025417: Error: System overload: Cycle time too short or huge jitter!
0000025417: SendCycFramesByEntry(0): wFramesMonitoringProcCnt (0) < wFramesMonitoringSndCnt (1)
0000025417: Notify EC_NOTIFY_FRAME_RESPONSE_ERROR(No response error for cyclic frame IDX=0xa4, CycFrameNum=0, TaskId=0)
0000025418: Error: System overload: Cycle time too short or huge jitter!
0000025418: SendCycFramesByEntry(0): wFramesMonitoringProcCnt (0) < wFramesMonitoringSndCnt (1)
0000025418: Notify EC_NOTIFY_FRAME_RESPONSE_ERROR(No response error for cyclic frame IDX=0xa5, CycFrameNum=0, TaskId=0)
0000025418: Notify EC_NOTIFY_CYCCMD_WKC_ERROR(11, 0x10000000, 2, 15)
0000025418: Notify EC_NOTIFY_CYCCMD_WKC_ERROR(10, 0x10000800, 2, 15)
0000025418: Notify EC_NOTIFY_CYCCMD_WKC_ERROR(11, 0x10000000, 2, 15)
0000025418: Notify EC_NOTIFY_CYCCMD_WKC_ERROR(10, 0x10000800, 2, 15)
0000025419: Error: System overload: Cycle time too short or huge jitter!
0000025419: SendCycFramesByEntry(0): wFramesMonitoringProcCnt (0) < wFramesMonitoringSndCnt (1)
0000025419: Notify EC_NOTIFY_FRAME_RESPONSE_ERROR(No response error for cyclic frame IDX=0xa7, CycFrameNum=0, TaskId=0)
0000025419: Notify EC_NOTIFY_CYCCMD_WKC_ERROR(11, 0x10000000, 2, 15)
0000025419: Notify EC_NOTIFY_CYCCMD_WKC_ERROR(10, 0x10000800, 2, 15)
0000025421: Error: System overload: Cycle time too short or huge jitter!
0000025421: SendCycFramesByEntry(0): wFramesMonitoringProcCnt (0) < wFramesMonitoringSndCnt (1)
0000025421: Notify EC_NOTIFY_FRAME_RESPONSE_ERROR(No response error for cyclic frame IDX=0xac, CycFrameNum=0, TaskId=0)
0000025422: Notify EC_NOTIFY_CYCCMD_WKC_ERROR(11, 0x10000000, 2, 15)
0000025422: Notify EC_NOTIFY_CYCCMD_WKC_ERROR(10, 0x10000800, 2, 15)
0000025424: Error: System overload: Cycle time too short or huge jitter!
0000025424: SendCycFramesByEntry(0): wFramesMonitoringProcCnt (0) < wFramesMonitoringSndCnt (1)
0000025424: Notify EC_NOTIFY_FRAME_RESPONSE_ERROR(No response error for cyclic frame IDX=0xb1, CycFrameNum=0, TaskId=0)
0000025424: Notify EC_NOTIFY_CYCCMD_WKC_ERROR(11, 0x10000000, 2, 15)
0000025424: Notify EC_NOTIFY_CYCCMD_WKC_ERROR(10, 0x10000800, 2, 15)
0000025425: Error: System overload: Cycle time too short or huge jitter!
0000025425: SendCycFramesByEntry(0): wFramesMonitoringProcCnt (0) < wFramesMonitoringSndCnt (1)
0000025425: Notify EC_NOTIFY_FRAME_RESPONSE_ERROR(No response error for cyclic frame IDX=0xb3, CycFrameNum=0, TaskId=0)
0000025425: Notify EC_NOTIFY_CYCCMD_WKC_ERROR(11, 0x10000000, 2, 15)
0000025425: Notify EC_NOTIFY_CYCCMD_WKC_ERROR(10, 0x10000800, 2, 15)
0000025425: Notify EC_NOTIFY_CYCCMD_WKC_ERROR(11, 0x10000000, 2, 15)
0000025425: Notify EC_NOTIFY_CYCCMD_WKC_ERROR(10, 0x10000800, 2, 15)
0000025426: Error: System overload: Cycle time too short or huge jitter!
0000025426: SendCycFramesByEntry(0): wFramesMonitoringProcCnt (0) < wFramesMonitoringSndCnt (1)
0000025426: Notify EC_NOTIFY_FRAME_RESPONSE_ERROR(No response error for cyclic frame IDX=0xb6, CycFrameNum=0, TaskId=0)
0000025427: Notify EC_NOTIFY_CYCCMD_WKC_ERROR(11, 0x10000000, 2, 15)
0000025427: Notify EC_NOTIFY_CYCCMD_WKC_ERROR(10, 0x10000800, 2, 15)
0000025427: Error: System overload: Cycle time too short or huge jitter!
0000025427: SendCycFramesByEntry(0): wFramesMonitoringProcCnt (0) < wFramesMonitoringSndCnt (1)
0000025427: Notify EC_NOTIFY_FRAME_RESPONSE_ERROR(No response error for cyclic frame IDX=0xb8, CycFrameNum=0, TaskId=0)
0000025428: Error: System overload: Cycle time too short or huge jitter!
0000025428: SendCycFramesByEntry(0): wFramesMonitoringProcCnt (0) < wFramesMonitoringSndCnt (1)
0000025428: Notify EC_NOTIFY_FRAME_RESPONSE_ERROR(No response error for cyclic frame IDX=0xb9, CycFrameNum=0, TaskId=0)
0000025428: Notify EC_NOTIFY_CYCCMD_WKC_ERROR(11, 0x10000000, 2, 15)
0000025428: Notify EC_NOTIFY_CYCCMD_WKC_ERROR(10, 0x10000800, 2, 15)
0000025428: Notify EC_NOTIFY_CYCCMD_WKC_ERROR(11, 0x10000000, 2, 15)
0000025428: Notify EC_NOTIFY_CYCCMD_WKC_ERROR(10, 0x10000800, 2, 15)
0000025430: Error: System overload: Cycle time too short or huge jitter!
0000025430: SendCycFramesByEntry(0): wFramesMonitoringProcCnt (0) < wFramesMonitoringSndCnt (1)
0000025430: Notify EC_NOTIFY_FRAME_RESPONSE_ERROR(No response error for cyclic frame IDX=0xbd, CycFrameNum=0, TaskId=0)
0000025430: Notify EC_NOTIFY_CYCCMD_WKC_ERROR(11, 0x10000000, 2, 15)
0000025430: Notify EC_NOTIFY_CYCCMD_WKC_ERROR(10, 0x10000800, 2, 15)
0000025432: Error: System overload: Cycle time too short or huge jitter!
0000025432: SendCycFramesByEntry(0): wFramesMonitoringProcCnt (0) < wFramesMonitoringSndCnt (1)
0000025432: Notify EC_NOTIFY_FRAME_RESPONSE_ERROR(No response error for cyclic frame IDX=0xc2, CycFrameNum=0, TaskId=0)
0000025433: Notify EC_NOTIFY_CYCCMD_WKC_ERROR(11, 0x10000000, 2, 15)
0000025433: Notify EC_NOTIFY_CYCCMD_WKC_ERROR(10, 0x10000800, 2, 15)
0000025434: Error: System overload: Cycle time too short or huge jitter!
0000025434: SendCycFramesByEntry(0): wFramesMonitoringProcCnt (0) < wFramesMonitoringSndCnt (1)
0000025434: Notify EC_NOTIFY_FRAME_RESPONSE_ERROR(No response error for cyclic frame IDX=0xc5, CycFrameNum=0, TaskId=0)
0000025434: Error: System overload: Cycle time too short or huge jitter!
0000025434: SendCycFramesByEntry(0): wFramesMonitoringProcCnt (0) < wFramesMonitoringSndCnt (1)
0000025434: Notify EC_NOTIFY_FRAME_RESPONSE_ERROR(No response error for cyclic frame IDX=0xc6, CycFrameNum=0, TaskId=0)
0000025435: Error: System overload: Cycle time too short or huge jitter!
0000025435: SendCycFramesByEntry(0): wFramesMonitoringProcCnt (0) < wFramesMonitoringSndCnt (1)
0000025435: Notify EC_NOTIFY_FRAME_RESPONSE_ERROR(No response error for cyclic frame IDX=0xc7, CycFrameNum=0, TaskId=0)
0000025435: Notify EC_NOTIFY_CYCCMD_WKC_ERROR(11, 0x10000000, 2, 15)
0000025435: Notify EC_NOTIFY_CYCCMD_WKC_ERROR(10, 0x10000800, 2, 15)
0000025435: Notify EC_NOTIFY_CYCCMD_WKC_ERROR(11, 0x10000000, 2, 15)
0000025435: Notify EC_NOTIFY_CYCCMD_WKC_ERROR(10, 0x10000800, 2, 15)
0000025435: Notify EC_NOTIFY_CYCCMD_WKC_ERROR(11, 0x10000000, 2, 15)
0000025435: Notify EC_NOTIFY_CYCCMD_WKC_ERROR(10, 0x10000800, 2, 15)
0000025436: Error: System overload: Cycle time too short or huge jitter!
0000025436: SendCycFramesByEntry(0): wFramesMonitoringProcCnt (0) < wFramesMonitoringSndCnt (1)
0000025436: Notify EC_NOTIFY_FRAME_RESPONSE_ERROR(No response error for cyclic frame IDX=0xc9, CycFrameNum=0, TaskId=0)
0000025436: Error: System overload: Cycle time too short or huge jitter!
0000025436: SendCycFramesByEntry(0): wFramesMonitoringProcCnt (0) < wFramesMonitoringSndCnt (1)
0000025436: Notify EC_NOTIFY_FRAME_RESPONSE_ERROR(No response error for cyclic frame IDX=0xca, CycFrameNum=0, TaskId=0)
0000025437: Notify EC_NOTIFY_CYCCMD_WKC_ERROR(11, 0x10000000, 2, 15)
0000025437: Notify EC_NOTIFY_CYCCMD_WKC_ERROR(10, 0x10000800, 2, 15)
0000025437: Notify EC_NOTIFY_CYCCMD_WKC_ERROR(11, 0x10000000, 2, 15)
0000025437: Notify EC_NOTIFY_CYCCMD_WKC_ERROR(10, 0x10000800, 2, 15)
0000025437: Error: System overload: Cycle time too short or huge jitter!
0000025437: SendCycFramesByEntry(0): wFramesMonitoringProcCnt (0) < wFramesMonitoringSndCnt (1)
0000025437: Notify EC_NOTIFY_FRAME_RESPONSE_ERROR(No response error for cyclic frame IDX=0xcc, CycFrameNum=0, TaskId=0)
0000025438: Notify EC_NOTIFY_CYCCMD_WKC_ERROR(11, 0x10000000, 2, 15)
0000025438: Notify EC_NOTIFY_CYCCMD_WKC_ERROR(10, 0x10000800, 2, 15)
0000025438: Error: System overload: Cycle time too short or huge jitter!
0000025438: SendCycFramesByEntry(0): wFramesMonitoringProcCnt (0) < wFramesMonitoringSndCnt (1)
0000025438: Notify EC_NOTIFY_FRAME_RESPONSE_ERROR(No response error for cyclic frame IDX=0xce, CycFrameNum=0, TaskId=0)
0000025439: Notify EC_NOTIFY_CYCCMD_WKC_ERROR(11, 0x10000000, 2, 15)
0000025439: Notify EC_NOTIFY_CYCCMD_WKC_ERROR(10, 0x10000800, 2, 15)
0000025443: Error: System overload: Cycle time too short or huge jitter!
0000025443: SendCycFramesByEntry(0): wFramesMonitoringProcCnt (0) < wFramesMonitoringSndCnt (1)
0000025443: Notify EC_NOTIFY_FRAME_RESPONSE_ERROR(No response error for cyclic frame IDX=0xd8, CycFrameNum=0, TaskId=0)
0000025444: Notify EC_NOTIFY_CYCCMD_WKC_ERROR(11, 0x10000000, 2, 15)
0000025444: Notify EC_NOTIFY_CYCCMD_WKC_ERROR(10, 0x10000800, 2, 15)
0000025447: Error: System overload: Cycle time too short or huge jitter!
0000025447: SendCycFramesByEntry(0): wFramesMonitoringProcCnt (0) < wFramesMonitoringSndCnt (1)
0000025447: Notify EC_NOTIFY_FRAME_RESPONSE_ERROR(No response error for cyclic frame IDX=0x1, CycFrameNum=0, TaskId=0)
0000025447: Notify EC_NOTIFY_CYCCMD_WKC_ERROR(11, 0x10000000, 2, 15)
0000025447: Notify EC_NOTIFY_CYCCMD_WKC_ERROR(10, 0x10000800, 2, 15)
0000025448: Error: System overload: Cycle time too short or huge jitter!
0000025448: SendCycFramesByEntry(0): wFramesMonitoringProcCnt (0) < wFramesMonitoringSndCnt (1)
0000025448: Notify EC_NOTIFY_FRAME_RESPONSE_ERROR(No response error for cyclic frame IDX=0x3, CycFrameNum=0, TaskId=0)
0000025448: Notify EC_NOTIFY_CYCCMD_WKC_ERROR(11, 0x10000000, 2, 15)
0000025448: Notify EC_NOTIFY_CYCCMD_WKC_ERROR(10, 0x10000800, 2, 15)
0000025449: Error: System overload: Cycle time too short or huge jitter!
0000025449: SendCycFramesByEntry(0): wFramesMonitoringProcCnt (0) < wFramesMonitoringSndCnt (1)
0000025449: Notify EC_NOTIFY_FRAME_RESPONSE_ERROR(No response error for cyclic frame IDX=0x5, CycFrameNum=0, TaskId=0)
0000025449: Notify EC_NOTIFY_CYCCMD_WKC_ERROR(11, 0x10000000, 2, 15)
0000025449: Notify EC_NOTIFY_CYCCMD_WKC_ERROR(10, 0x10000800, 2, 15)
0000025451: Error: System overload: Cycle time too short or huge jitter!
0000025451: SendCycFramesByEntry(0): wFramesMonitoringProcCnt (0) < wFramesMonitoringSndCnt (1)
0000025451: Notify EC_NOTIFY_FRAME_RESPONSE_ERROR(No response error for cyclic frame IDX=0x9, CycFrameNum=0, TaskId=0)
0000025451: Notify EC_NOTIFY_CYCCMD_WKC_ERROR(11, 0x10000000, 2, 15)
0000025451: Notify EC_NOTIFY_CYCCMD_WKC_ERROR(10, 0x10000800, 2, 15)
0000025452: Error: System overload: Cycle time too short or huge jitter!
0000025452: SendCycFramesByEntry(0): wFramesMonitoringProcCnt (0) < wFramesMonitoringSndCnt (1)
0000025452: Notify EC_NOTIFY_FRAME_RESPONSE_ERROR(No response error for cyclic frame IDX=0xb, CycFrameNum=0, TaskId=0)
0000025452: Notify EC_NOTIFY_CYCCMD_WKC_ERROR(11, 0x10000000, 2, 15)
0000025452: Notify EC_NOTIFY_CYCCMD_WKC_ERROR(10, 0x10000800, 2, 15)
0000025454: Error: System overload: Cycle time too short or huge jitter!
0000025454: SendCycFramesByEntry(0): wFramesMonitoringProcCnt (0) < wFramesMonitoringSndCnt (1)
0000025454: Notify EC_NOTIFY_FRAME_RESPONSE_ERROR(No response error for cyclic frame IDX=0x10, CycFrameNum=0, TaskId=0)
0000025455: Notify EC_NOTIFY_CYCCMD_WKC_ERROR(11, 0x10000000, 2, 15)
0000025455: Notify EC_NOTIFY_CYCCMD_WKC_ERROR(10, 0x10000800, 2, 15)
0000025455: Notify EC_NOTIFY_CYCCMD_WKC_ERROR(11, 0x10000000, 2, 15)
0000025455: Notify EC_NOTIFY_CYCCMD_WKC_ERROR(10, 0x10000800, 2, 15)
0000025456: Error: System overload: Cycle time too short or huge jitter!
0000025456: SendCycFramesByEntry(0): wFramesMonitoringProcCnt (0) < wFramesMonitoringSndCnt (1)
0000025456: Notify EC_NOTIFY_FRAME_RESPONSE_ERROR(No response error for cyclic frame IDX=0x14, CycFrameNum=0, TaskId=0)
0000025457: Notify EC_NOTIFY_CYCCMD_WKC_ERROR(11, 0x10000000, 2, 15)
0000025457: Notify EC_NOTIFY_CYCCMD_WKC_ERROR(10, 0x10000800, 2, 15)
0000025459: Error: System overload: Cycle time too short or huge jitter!
0000025459: SendCycFramesByEntry(0): wFramesMonitoringProcCnt (0) < wFramesMonitoringSndCnt (1)
0000025459: Notify EC_NOTIFY_FRAME_RESPONSE_ERROR(No response error for cyclic frame IDX=0x19, CycFrameNum=0, TaskId=0)
0000025459: Notify EC_NOTIFY_CYCCMD_WKC_ERROR(11, 0x10000000, 2, 15)
0000025459: Notify EC_NOTIFY_CYCCMD_WKC_ERROR(10, 0x10000800, 2, 15)
0000025460: Error: System overload: Cycle time too short or huge jitter!
0000025460: SendCycFramesByEntry(0): wFramesMonitoringProcCnt (0) < wFramesMonitoringSndCnt (1)
0000025460: Notify EC_NOTIFY_FRAME_RESPONSE_ERROR(No response error for cyclic frame IDX=0x1c, CycFrameNum=0, TaskId=0)
0000025461: Notify EC_NOTIFY_CYCCMD_WKC_ERROR(11, 0x10000000, 2, 15)
0000025461: Notify EC_NOTIFY_CYCCMD_WKC_ERROR(10, 0x10000800, 2, 15)
0000025461: Error: System overload: Cycle time too short or huge jitter!
0000025461: SendCycFramesByEntry(0): wFramesMonitoringProcCnt (0) < wFramesMonitoringSndCnt (1)
0000025461: Notify EC_NOTIFY_FRAME_RESPONSE_ERROR(No response error for cyclic frame IDX=0x1e, CycFrameNum=0, TaskId=0)
0000025462: Notify EC_NOTIFY_CYCCMD_WKC_ERROR(11, 0x10000000, 2, 15)
0000025462: Notify EC_NOTIFY_CYCCMD_WKC_ERROR(10, 0x10000800, 2, 15)
0000025464: Error: System overload: Cycle time too short or huge jitter!
0000025464: SendCycFramesByEntry(0): wFramesMonitoringProcCnt (0) < wFramesMonitoringSndCnt (1)
0000025464: Notify EC_NOTIFY_FRAME_RESPONSE_ERROR(No response error for cyclic frame IDX=0x23, CycFrameNum=0, TaskId=0)
0000025464: Notify EC_NOTIFY_CYCCMD_WKC_ERROR(11, 0x10000000, 2, 15)
0000025464: Notify EC_NOTIFY_CYCCMD_WKC_ERROR(10, 0x10000800, 2, 15)
0000025465: Error: System overload: Cycle time too short or huge jitter!
0000025465: SendCycFramesByEntry(0): wFramesMonitoringProcCnt (0) < wFramesMonitoringSndCnt (1)
0000025465: Notify EC_NOTIFY_FRAME_RESPONSE_ERROR(No response error for cyclic frame IDX=0x25, CycFrameNum=0, TaskId=0)
0000025465: Notify EC_NOTIFY_CYCCMD_WKC_ERROR(11, 0x10000000, 2, 15)
0000025465: Notify EC_NOTIFY_CYCCMD_WKC_ERROR(10, 0x10000800, 2, 15)
0000025465: Notify EC_NOTIFY_CYCCMD_WKC_ERROR(11, 0x10000000, 2, 15)
0000025465: Notify EC_NOTIFY_CYCCMD_WKC_ERROR(10, 0x10000800, 2, 15)
0000025466: Error: System overload: Cycle time too short or huge jitter!
0000025466: SendCycFramesByEntry(0): wFramesMonitoringProcCnt (0) < wFramesMonitoringSndCnt (1)
0000025466: Notify EC_NOTIFY_FRAME_RESPONSE_ERROR(No response error for cyclic frame IDX=0x27, CycFrameNum=0, TaskId=0)
0000025466: Error: System overload: Cycle time too short or huge jitter!
0000025466: SendCycFramesByEntry(0): wFramesMonitoringProcCnt (0) < wFramesMonitoringSndCnt (1)
0000025466: Notify EC_NOTIFY_FRAME_RESPONSE_ERROR(No response error for cyclic frame IDX=0x28, CycFrameNum=0, TaskId=0)
0000025467: Notify EC_NOTIFY_CYCCMD_WKC_ERROR(11, 0x10000000, 2, 15)
0000025467: Notify EC_NOTIFY_CYCCMD_WKC_ERROR(10, 0x10000800, 2, 15)
0000025467: Notify EC_NOTIFY_CYCCMD_WKC_ERROR(11, 0x10000000, 2, 15)
0000025467: Notify EC_NOTIFY_CYCCMD_WKC_ERROR(10, 0x10000800, 2, 15)
0000025469: Error: System overload: Cycle time too short or huge jitter!
0000025469: SendCycFramesByEntry(0): wFramesMonitoringProcCnt (0) < wFramesMonitoringSndCnt (1)
0000025469: Notify EC_NOTIFY_FRAME_RESPONSE_ERROR(No response error for cyclic frame IDX=0x2d, CycFrameNum=0, TaskId=0)
0000025469: Notify EC_NOTIFY_CYCCMD_WKC_ERROR(11, 0x10000000, 2, 15)
0000025469: Notify EC_NOTIFY_CYCCMD_WKC_ERROR(10, 0x10000800, 2, 15)
0000025470: Error: System overload: Cycle time too short or huge jitter!
0000025470: SendCycFramesByEntry(0): wFramesMonitoringProcCnt (0) < wFramesMonitoringSndCnt (1)
0000025470: Notify EC_NOTIFY_FRAME_RESPONSE_ERROR(No response error for cyclic frame IDX=0x2f, CycFrameNum=0, TaskId=0)
0000025470: Notify EC_NOTIFY_CYCCMD_WKC_ERROR(11, 0x10000000, 2, 15)
0000025470: Notify EC_NOTIFY_CYCCMD_WKC_ERROR(10, 0x10000800, 2, 15)
0000025473: Error: System overload: Cycle time too short or huge jitter!
0000025473: SendCycFramesByEntry(0): wFramesMonitoringProcCnt (0) < wFramesMonitoringSndCnt (1)
0000025473: Notify EC_NOTIFY_FRAME_RESPONSE_ERROR(No response error for cyclic frame IDX=0x36, CycFrameNum=0, TaskId=0)
0000025474: Error: System overload: Cycle time too short or huge jitter!
0000025474: SendCycFramesByEntry(0): wFramesMonitoringProcCnt (0) < wFramesMonitoringSndCnt (1)
0000025474: Notify EC_NOTIFY_FRAME_RESPONSE_ERROR(No response error for cyclic frame IDX=0x37, CycFrameNum=0, TaskId=0)
0000025474: Error: System overload: Cycle time too short or huge jitter!
0000025474: SendCycFramesByEntry(0): wFramesMonitoringProcCnt (0) < wFramesMonitoringSndCnt (1)
0000025474: Notify EC_NOTIFY_FRAME_RESPONSE_ERROR(No response error for cyclic frame IDX=0x38, CycFrameNum=0, TaskId=0)
0000025475: Notify EC_NOTIFY_CYCCMD_WKC_ERROR(11, 0x10000000, 2, 15)
0000025475: Notify EC_NOTIFY_CYCCMD_WKC_ERROR(10, 0x10000800, 2, 15)
0000025475: Notify EC_NOTIFY_CYCCMD_WKC_ERROR(11, 0x10000000, 2, 15)
0000025475: Notify EC_NOTIFY_CYCCMD_WKC_ERROR(10, 0x10000800, 2, 15)
0000025475: Notify EC_NOTIFY_CYCCMD_WKC_ERROR(11, 0x10000000, 2, 15)
0000025475: Notify EC_NOTIFY_CYCCMD_WKC_ERROR(10, 0x10000800, 2, 15)
0000025477: Error: System overload: Cycle time too short or huge jitter!
0000025477: SendCycFramesByEntry(0): wFramesMonitoringProcCnt (0) < wFramesMonitoringSndCnt (1)
0000025477: Notify EC_NOTIFY_FRAME_RESPONSE_ERROR(No response error for cyclic frame IDX=0x3d, CycFrameNum=0, TaskId=0)
0000025477: Notify EC_NOTIFY_CYCCMD_WKC_ERROR(11, 0x10000000, 2, 15)
0000025477: Notify EC_NOTIFY_CYCCMD_WKC_ERROR(10, 0x10000800, 2, 15)
0000025478: Error: System overload: Cycle time too short or huge jitter!
0000025478: SendCycFramesByEntry(0): wFramesMonitoringProcCnt (0) < wFramesMonitoringSndCnt (1)
0000025478: Notify EC_NOTIFY_FRAME_RESPONSE_ERROR(No response error for cyclic frame IDX=0x40, CycFrameNum=0, TaskId=0)
0000025479: Notify EC_NOTIFY_CYCCMD_WKC_ERROR(11, 0x10000000, 2, 15)
0000025479: Notify EC_NOTIFY_CYCCMD_WKC_ERROR(10, 0x10000800, 2, 15)
0000025479: Error: System overload: Cycle time too short or huge jitter!
0000025479: SendCycFramesByEntry(0): wFramesMonitoringProcCnt (0) < wFramesMonitoringSndCnt (1)
0000025479: Notify EC_NOTIFY_FRAME_RESPONSE_ERROR(No response error for cyclic frame IDX=0x42, CycFrameNum=0, TaskId=0)
0000025480: Notify EC_NOTIFY_CYCCMD_WKC_ERROR(11, 0x10000000, 2, 15)
0000025480: Notify EC_NOTIFY_CYCCMD_WKC_ERROR(10, 0x10000800, 2, 15)
0000025481: Error: System overload: Cycle time too short or huge jitter!
0000025481: SendCycFramesByEntry(0): wFramesMonitoringProcCnt (0) < wFramesMonitoringSndCnt (1)
0000025481: Notify EC_NOTIFY_FRAME_RESPONSE_ERROR(No response error for cyclic frame IDX=0x45, CycFrameNum=0, TaskId=0)
0000025481: Notify EC_NOTIFY_CYCCMD_WKC_ERROR(11, 0x10000000, 2, 15)
0000025481: Notify EC_NOTIFY_CYCCMD_WKC_ERROR(10, 0x10000800, 2, 15)
0000025482: Error: System overload: Cycle time too short or huge jitter!
0000025482: SendCycFramesByEntry(0): wFramesMonitoringProcCnt (0) < wFramesMonitoringSndCnt (1)
0000025482: Notify EC_NOTIFY_FRAME_RESPONSE_ERROR(No response error for cyclic frame IDX=0x48, CycFrameNum=0, TaskId=0)
0000025483: Notify EC_NOTIFY_CYCCMD_WKC_ERROR(11, 0x10000000, 2, 15)
0000025483: Notify EC_NOTIFY_CYCCMD_WKC_ERROR(10, 0x10000800, 2, 15)
0000025484: Error: System overload: Cycle time too short or huge jitter!
0000025484: SendCycFramesByEntry(0): wFramesMonitoringProcCnt (0) < wFramesMonitoringSndCnt (1)
0000025484: Notify EC_NOTIFY_FRAME_RESPONSE_ERROR(No response error for cyclic frame IDX=0x4c, CycFrameNum=0, TaskId=0)
0000025485: Error: System overload: Cycle time too short or huge jitter!
0000025485: SendCycFramesByEntry(0): wFramesMonitoringProcCnt (0) < wFramesMonitoringSndCnt (1)
0000025485: Notify EC_NOTIFY_FRAME_RESPONSE_ERROR(No response error for cyclic frame IDX=0x4d, CycFrameNum=0, TaskId=0)
0000025485: Notify EC_NOTIFY_CYCCMD_WKC_ERROR(11, 0x10000000, 2, 15)
0000025485: Notify EC_NOTIFY_CYCCMD_WKC_ERROR(10, 0x10000800, 2, 15)
0000025485: Notify EC_NOTIFY_CYCCMD_WKC_ERROR(11, 0x10000000, 2, 15)
0000025485: Notify EC_NOTIFY_CYCCMD_WKC_ERROR(10, 0x10000800, 2, 15)
0000025486: Error: System overload: Cycle time too short or huge jitter!
0000025486: SendCycFramesByEntry(0): wFramesMonitoringProcCnt (0) < wFramesMonitoringSndCnt (1)
0000025486: Notify EC_NOTIFY_FRAME_RESPONSE_ERROR(No response error for cyclic frame IDX=0x4f, CycFrameNum=0, TaskId=0)
0000025486: Notify EC_NOTIFY_CYCCMD_WKC_ERROR(11, 0x10000000, 2, 15)
0000025486: Notify EC_NOTIFY_CYCCMD_WKC_ERROR(10, 0x10000800, 2, 15)
0000025487: Error: System overload: Cycle time too short or huge jitter!
0000025487: SendCycFramesByEntry(0): wFramesMonitoringProcCnt (0) < wFramesMonitoringSndCnt (1)
0000025487: Notify EC_NOTIFY_FRAME_RESPONSE_ERROR(No response error for cyclic frame IDX=0x51, CycFrameNum=0, TaskId=0)
0000025487: Notify EC_NOTIFY_CYCCMD_WKC_ERROR(11, 0x10000000, 2, 15)
0000025487: Notify EC_NOTIFY_CYCCMD_WKC_ERROR(10, 0x10000800, 2, 15)
0000025488: Error: System overload: Cycle time too short or huge jitter!
0000025488: SendCycFramesByEntry(0): wFramesMonitoringProcCnt (0) < wFramesMonitoringSndCnt (1)
0000025488: Notify EC_NOTIFY_FRAME_RESPONSE_ERROR(No response error for cyclic frame IDX=0x54, CycFrameNum=0, TaskId=0)
0000025489: Notify EC_NOTIFY_CYCCMD_WKC_ERROR(11, 0x10000000, 2, 15)
0000025489: Notify EC_NOTIFY_CYCCMD_WKC_ERROR(10, 0x10000800, 2, 15)
0000025489: Error: System overload: Cycle time too short or huge jitter!
0000025489: SendCycFramesByEntry(0): wFramesMonitoringProcCnt (0) < wFramesMonitoringSndCnt (1)
0000025489: Notify EC_NOTIFY_FRAME_RESPONSE_ERROR(No response error for cyclic frame IDX=0x56, CycFrameNum=0, TaskId=0)
0000025490: Notify EC_NOTIFY_CYCCMD_WKC_ERROR(11, 0x10000000, 2, 15)
0000025490: Notify EC_NOTIFY_CYCCMD_WKC_ERROR(10, 0x10000800, 2, 15)
0000025491: Error: System overload: Cycle time too short or huge jitter!
0000025491: SendCycFramesByEntry(0): wFramesMonitoringProcCnt (0) < wFramesMonitoringSndCnt (1)
0000025491: Notify EC_NOTIFY_FRAME_RESPONSE_ERROR(No response error for cyclic frame IDX=0x5a, CycFrameNum=0, TaskId=0)
0000025492: Error: System overload: Cycle time too short or huge jitter!
0000025492: SendCycFramesByEntry(0): wFramesMonitoringProcCnt (0) < wFramesMonitoringSndCnt (1)
0000025492: Notify EC_NOTIFY_FRAME_RESPONSE_ERROR(No response error for cyclic frame IDX=0x5b, CycFrameNum=0, TaskId=0)
0000025492: Notify EC_NOTIFY_CYCCMD_WKC_ERROR(11, 0x10000000, 2, 15)
0000025492: Notify EC_NOTIFY_CYCCMD_WKC_ERROR(10, 0x10000800, 2, 15)
0000025492: Notify EC_NOTIFY_CYCCMD_WKC_ERROR(11, 0x10000000, 2, 15)
0000025492: Notify EC_NOTIFY_CYCCMD_WKC_ERROR(10, 0x10000800, 2, 15)
0000025493: Error: System overload: Cycle time too short or huge jitter!
0000025493: SendCycFramesByEntry(0): wFramesMonitoringProcCnt (0) < wFramesMonitoringSndCnt (1)
0000025493: Notify EC_NOTIFY_FRAME_RESPONSE_ERROR(No response error for cyclic frame IDX=0x5d, CycFrameNum=0, TaskId=0)
0000025493: Notify EC_NOTIFY_CYCCMD_WKC_ERROR(11, 0x10000000, 2, 15)
0000025493: Notify EC_NOTIFY_CYCCMD_WKC_ERROR(10, 0x10000800, 2, 15)
0000025494: Error: System overload: Cycle time too short or huge jitter!
0000025494: SendCycFramesByEntry(0): wFramesMonitoringProcCnt (0) < wFramesMonitoringSndCnt (1)
0000025494: Notify EC_NOTIFY_FRAME_RESPONSE_ERROR(No response error for cyclic frame IDX=0x60, CycFrameNum=0, TaskId=0)
0000025495: Notify EC_NOTIFY_CYCCMD_WKC_ERROR(11, 0x10000000, 2, 15)
0000025495: Notify EC_NOTIFY_CYCCMD_WKC_ERROR(10, 0x10000800, 2, 15)
0000025495: Notify EC_NOTIFY_CYCCMD_WKC_ERROR(11, 0x10000000, 2, 15)
0000025495: Notify EC_NOTIFY_CYCCMD_WKC_ERROR(10, 0x10000800, 2, 15)
0000025498: Error: System overload: Cycle time too short or huge jitter!
0000025498: SendCycFramesByEntry(0): wFramesMonitoringProcCnt (0) < wFramesMonitoringSndCnt (1)
0000025498: Notify EC_NOTIFY_FRAME_RESPONSE_ERROR(No response error for cyclic frame IDX=0x67, CycFrameNum=0, TaskId=0)
0000025498: Notify EC_NOTIFY_CYCCMD_WKC_ERROR(11, 0x10000000, 2, 15)
0000025498: Notify EC_NOTIFY_CYCCMD_WKC_ERROR(10, 0x10000800, 2, 15)
0000025500: Error: System overload: Cycle time too short or huge jitter!
0000025500: SendCycFramesByEntry(0): wFramesMonitoringProcCnt (0) < wFramesMonitoringSndCnt (1)
0000025500: Notify EC_NOTIFY_FRAME_RESPONSE_ERROR(No response error for cyclic frame IDX=0x6b, CycFrameNum=0, TaskId=0)
0000025500: Notify EC_NOTIFY_CYCCMD_WKC_ERROR(11, 0x10000000, 2, 15)
0000025500: Notify EC_NOTIFY_CYCCMD_WKC_ERROR(10, 0x10000800, 2, 15)
0000025502: Error: System overload: Cycle time too short or huge jitter!
0000025502: SendCycFramesByEntry(0): wFramesMonitoringProcCnt (0) < wFramesMonitoringSndCnt (1)
0000025502: Notify EC_NOTIFY_FRAME_RESPONSE_ERROR(No response error for cyclic frame IDX=0x6f, CycFrameNum=0, TaskId=0)
0000025502: Error: System overload: Cycle time too short or huge jitter!
0000025502: SendCycFramesByEntry(0): wFramesMonitoringProcCnt (0) < wFramesMonitoringSndCnt (1)
0000025502: Notify EC_NOTIFY_FRAME_RESPONSE_ERROR(No response error for cyclic frame IDX=0x70, CycFrameNum=0, TaskId=0)
0000025503: Notify EC_NOTIFY_CYCCMD_WKC_ERROR(11, 0x10000000, 2, 15)
0000025503: Notify EC_NOTIFY_CYCCMD_WKC_ERROR(10, 0x10000800, 2, 15)
0000025503: Notify EC_NOTIFY_CYCCMD_WKC_ERROR(11, 0x10000000, 2, 15)
0000025503: Notify EC_NOTIFY_CYCCMD_WKC_ERROR(10, 0x10000800, 2, 15)
0000025504: Error: System overload: Cycle time too short or huge jitter!
0000025504: SendCycFramesByEntry(0): wFramesMonitoringProcCnt (0) < wFramesMonitoringSndCnt (1)
0000025504: Notify EC_NOTIFY_FRAME_RESPONSE_ERROR(No response error for cyclic frame IDX=0x73, CycFrameNum=0, TaskId=0)
0000025504: Notify EC_NOTIFY_CYCCMD_WKC_ERROR(11, 0x10000000, 2, 15)
0000025504: Notify EC_NOTIFY_CYCCMD_WKC_ERROR(10, 0x10000800, 2, 15)
0000025505: Error: System overload: Cycle time too short or huge jitter!
0000025505: SendCycFramesByEntry(0): wFramesMonitoringProcCnt (0) < wFramesMonitoringSndCnt (1)
0000025505: Notify EC_NOTIFY_FRAME_RESPONSE_ERROR(No response error for cyclic frame IDX=0x75, CycFrameNum=0, TaskId=0)
0000025505: Notify EC_NOTIFY_CYCCMD_WKC_ERROR(11, 0x10000000, 2, 15)
0000025505: Notify EC_NOTIFY_CYCCMD_WKC_ERROR(10, 0x10000800, 2, 15)
0000025505: Notify EC_NOTIFY_CYCCMD_WKC_ERROR(11, 0x10000000, 2, 15)
0000025505: Notify EC_NOTIFY_CYCCMD_WKC_ERROR(10, 0x10000800, 2, 15)
0000025510: Error: System overload: Cycle time too short or huge jitter!
0000025510: SendCycFramesByEntry(0): wFramesMonitoringProcCnt (0) < wFramesMonitoringSndCnt (1)
0000025510: Notify EC_NOTIFY_FRAME_RESPONSE_ERROR(No response error for cyclic frame IDX=0x7f, CycFrameNum=0, TaskId=0)
0000025510: Error: System overload: Cycle time too short or huge jitter!
0000025510: SendCycFramesByEntry(0): wFramesMonitoringProcCnt (0) < wFramesMonitoringSndCnt (1)
0000025510: Notify EC_NOTIFY_FRAME_RESPONSE_ERROR(No response error for cyclic frame IDX=0x80, CycFrameNum=0, TaskId=0)
0000025511: Notify EC_NOTIFY_CYCCMD_WKC_ERROR(11, 0x10000000, 2, 15)
0000025511: Notify EC_NOTIFY_CYCCMD_WKC_ERROR(10, 0x10000800, 2, 15)
0000025511: Notify EC_NOTIFY_CYCCMD_WKC_ERROR(11, 0x10000000, 2, 15)
0000025511: Notify EC_NOTIFY_CYCCMD_WKC_ERROR(10, 0x10000800, 2, 15)
0000025511: Error: System overload: Cycle time too short or huge jitter!
0000025511: SendCycFramesByEntry(0): wFramesMonitoringProcCnt (0) < wFramesMonitoringSndCnt (1)
0000025511: Notify EC_NOTIFY_FRAME_RESPONSE_ERROR(No response error for cyclic frame IDX=0x82, CycFrameNum=0, TaskId=0)
0000025512: Notify EC_NOTIFY_CYCCMD_WKC_ERROR(11, 0x10000000, 2, 15)
0000025512: Notify EC_NOTIFY_CYCCMD_WKC_ERROR(10, 0x10000800, 2, 15)
0000025512: Error: System overload: Cycle time too short or huge jitter!
0000025512: SendCycFramesByEntry(0): wFramesMonitoringProcCnt (0) < wFramesMonitoringSndCnt (1)
0000025512: Notify EC_NOTIFY_FRAME_RESPONSE_ERROR(No response error for cyclic frame IDX=0x84, CycFrameNum=0, TaskId=0)
0000025513: Error: System overload: Cycle time too short or huge jitter!
0000025513: SendCycFramesByEntry(0): wFramesMonitoringProcCnt (0) < wFramesMonitoringSndCnt (1)
0000025513: Notify EC_NOTIFY_FRAME_RESPONSE_ERROR(No response error for cyclic frame IDX=0x85, CycFrameNum=0, TaskId=0)
0000025513: Error: System overload: Cycle time too short or huge jitter!
0000025513: SendCycFramesByEntry(0): wFramesMonitoringProcCnt (0) < wFramesMonitoringSndCnt (1)
0000025513: Notify EC_NOTIFY_FRAME_RESPONSE_ERROR(No response error for cyclic frame IDX=0x86, CycFrameNum=0, TaskId=0)
0000025514: Notify EC_NOTIFY_CYCCMD_WKC_ERROR(11, 0x10000000, 2, 15)
0000025514: Notify EC_NOTIFY_CYCCMD_WKC_ERROR(10, 0x10000800, 2, 15)
0000025514: Notify EC_NOTIFY_CYCCMD_WKC_ERROR(11, 0x10000000, 2, 15)
0000025514: Notify EC_NOTIFY_CYCCMD_WKC_ERROR(10, 0x10000800, 2, 15)
0000025514: Notify EC_NOTIFY_CYCCMD_WKC_ERROR(11, 0x10000000, 2, 15)
0000025514: Notify EC_NOTIFY_CYCCMD_WKC_ERROR(10, 0x10000800, 2, 15)
0000025516: Error: System overload: Cycle time too short or huge jitter!
0000025516: SendCycFramesByEntry(0): wFramesMonitoringProcCnt (0) < wFramesMonitoringSndCnt (1)
0000025516: Notify EC_NOTIFY_FRAME_RESPONSE_ERROR(No response error for cyclic frame IDX=0x8b, CycFrameNum=0, TaskId=0)
0000025516: Notify EC_NOTIFY_CYCCMD_WKC_ERROR(11, 0x10000000, 2, 15)
0000025516: Notify EC_NOTIFY_CYCCMD_WKC_ERROR(10, 0x10000800, 2, 15)
0000025517: Error: System overload: Cycle time too short or huge jitter!
0000025517: SendCycFramesByEntry(0): wFramesMonitoringProcCnt (0) < wFramesMonitoringSndCnt (1)
0000025517: Notify EC_NOTIFY_FRAME_RESPONSE_ERROR(No response error for cyclic frame IDX=0x8d, CycFrameNum=0, TaskId=0)
0000025517: Error: System overload: Cycle time too short or huge jitter!
0000025517: SendCycFramesByEntry(0): wFramesMonitoringProcCnt (0) < wFramesMonitoringSndCnt (1)
0000025517: Notify EC_NOTIFY_FRAME_RESPONSE_ERROR(No response error for cyclic frame IDX=0x8e, CycFrameNum=0, TaskId=0)
0000025518: Notify EC_NOTIFY_CYCCMD_WKC_ERROR(11, 0x10000000, 2, 15)
0000025518: Notify EC_NOTIFY_CYCCMD_WKC_ERROR(10, 0x10000800, 2, 15)
0000025518: Notify EC_NOTIFY_CYCCMD_WKC_ERROR(11, 0x10000000, 2, 15)
0000025518: Notify EC_NOTIFY_CYCCMD_WKC_ERROR(10, 0x10000800, 2, 15)
0000025519: Error: System overload: Cycle time too short or huge jitter!
0000025519: SendCycFramesByEntry(0): wFramesMonitoringProcCnt (0) < wFramesMonitoringSndCnt (1)
0000025519: Notify EC_NOTIFY_FRAME_RESPONSE_ERROR(No response error for cyclic frame IDX=0x92, CycFrameNum=0, TaskId=0)
0000025520: Notify EC_NOTIFY_CYCCMD_WKC_ERROR(11, 0x10000000, 2, 15)
0000025520: Notify EC_NOTIFY_CYCCMD_WKC_ERROR(10, 0x10000800, 2, 15)
0000025523: Error: System overload: Cycle time too short or huge jitter!
0000025523: SendCycFramesByEntry(0): wFramesMonitoringProcCnt (0) < wFramesMonitoringSndCnt (1)
0000025523: Notify EC_NOTIFY_FRAME_RESPONSE_ERROR(No response error for cyclic frame IDX=0x9a, CycFrameNum=0, TaskId=0)
0000025524: Notify EC_NOTIFY_CYCCMD_WKC_ERROR(11, 0x10000000, 2, 15)
0000025524: Notify EC_NOTIFY_CYCCMD_WKC_ERROR(10, 0x10000800, 2, 15)
0000025524: Error: System overload: Cycle time too short or huge jitter!
0000025524: SendCycFramesByEntry(0): wFramesMonitoringProcCnt (0) < wFramesMonitoringSndCnt (1)
0000025524: Notify EC_NOTIFY_FRAME_RESPONSE_ERROR(No response error for cyclic frame IDX=0x9c, CycFrameNum=0, TaskId=0)
0000025525: Error: System overload: Cycle time too short or huge jitter!
0000025525: SendCycFramesByEntry(0): wFramesMonitoringProcCnt (0) < wFramesMonitoringSndCnt (1)
0000025525: Notify EC_NOTIFY_FRAME_RESPONSE_ERROR(No response error for cyclic frame IDX=0x9d, CycFrameNum=0, TaskId=0)
0000025525: Notify EC_NOTIFY_CYCCMD_WKC_ERROR(11, 0x10000000, 2, 15)
0000025525: Notify EC_NOTIFY_CYCCMD_WKC_ERROR(10, 0x10000800, 2, 15)
0000025525: Notify EC_NOTIFY_CYCCMD_WKC_ERROR(11, 0x10000000, 2, 15)
0000025525: Notify EC_NOTIFY_CYCCMD_WKC_ERROR(10, 0x10000800, 2, 15)
0000025525: Notify EC_NOTIFY_CYCCMD_WKC_ERROR(11, 0x10000000, 2, 15)
0000025525: Notify EC_NOTIFY_CYCCMD_WKC_ERROR(10, 0x10000800, 2, 15)
0000025526: Error: System overload: Cycle time too short or huge jitter!
0000025526: SendCycFramesByEntry(0): wFramesMonitoringProcCnt (0) < wFramesMonitoringSndCnt (1)
0000025526: Notify EC_NOTIFY_FRAME_RESPONSE_ERROR(No response error for cyclic frame IDX=0x9f, CycFrameNum=0, TaskId=0)
0000025526: Notify EC_NOTIFY_CYCCMD_WKC_ERROR(11, 0x10000000, 2, 15)
0000025526: Notify EC_NOTIFY_CYCCMD_WKC_ERROR(10, 0x10000800, 2, 15)
0000025527: Error: System overload: Cycle time too short or huge jitter!
0000025527: SendCycFramesByEntry(0): wFramesMonitoringProcCnt (0) < wFramesMonitoringSndCnt (1)
0000025527: Notify EC_NOTIFY_FRAME_RESPONSE_ERROR(No response error for cyclic frame IDX=0xa2, CycFrameNum=0, TaskId=0)
0000025528: Error: System overload: Cycle time too short or huge jitter!
0000025528: SendCycFramesByEntry(0): wFramesMonitoringProcCnt (0) < wFramesMonitoringSndCnt (1)
0000025528: Notify EC_NOTIFY_FRAME_RESPONSE_ERROR(No response error for cyclic frame IDX=0xa3, CycFrameNum=0, TaskId=0)
0000025528: Notify EC_NOTIFY_CYCCMD_WKC_ERROR(11, 0x10000000, 2, 15)
0000025528: Notify EC_NOTIFY_CYCCMD_WKC_ERROR(10, 0x10000800, 2, 15)
0000025528: Notify EC_NOTIFY_CYCCMD_WKC_ERROR(11, 0x10000000, 2, 15)
0000025528: Notify EC_NOTIFY_CYCCMD_WKC_ERROR(10, 0x10000800, 2, 15)
0000025529: Error: System overload: Cycle time too short or huge jitter!
0000025529: SendCycFramesByEntry(0): wFramesMonitoringProcCnt (0) < wFramesMonitoringSndCnt (1)
0000025529: Notify EC_NOTIFY_FRAME_RESPONSE_ERROR(No response error for cyclic frame IDX=0xa6, CycFrameNum=0, TaskId=0)
0000025530: Error: System overload: Cycle time too short or huge jitter!
0000025530: SendCycFramesByEntry(0): wFramesMonitoringProcCnt (0) < wFramesMonitoringSndCnt (1)
0000025530: Notify EC_NOTIFY_FRAME_RESPONSE_ERROR(No response error for cyclic frame IDX=0xa7, CycFrameNum=0, TaskId=0)
0000025530: Error: System overload: Cycle time too short or huge jitter!
0000025530: SendCycFramesByEntry(0): wFramesMonitoringProcCnt (0) < wFramesMonitoringSndCnt (1)
0000025530: Notify EC_NOTIFY_FRAME_RESPONSE_ERROR(No response error for cyclic frame IDX=0xa8, CycFrameNum=0, TaskId=0)
0000025531: Error: System overload: Cycle time too short or huge jitter!
0000025531: SendCycFramesByEntry(0): wFramesMonitoringProcCnt (0) < wFramesMonitoringSndCnt (1)
0000025531: Notify EC_NOTIFY_FRAME_RESPONSE_ERROR(No response error for cyclic frame IDX=0xa9, CycFrameNum=0, TaskId=0)
0000025531: Notify EC_NOTIFY_CYCCMD_WKC_ERROR(11, 0x10000000, 2, 15)
0000025531: Notify EC_NOTIFY_CYCCMD_WKC_ERROR(10, 0x10000800, 2, 15)
0000025531: Notify EC_NOTIFY_CYCCMD_WKC_ERROR(11, 0x10000000, 2, 15)
0000025531: Notify EC_NOTIFY_CYCCMD_WKC_ERROR(10, 0x10000800, 2, 15)
0000025531: Notify EC_NOTIFY_CYCCMD_WKC_ERROR(11, 0x10000000, 2, 15)
0000025531: Notify EC_NOTIFY_CYCCMD_WKC_ERROR(10, 0x10000800, 2, 15)
0000025531: Notify EC_NOTIFY_CYCCMD_WKC_ERROR(11, 0x10000000, 2, 15)
0000025531: Notify EC_NOTIFY_CYCCMD_WKC_ERROR(10, 0x10000800, 2, 15)
0000025532: Error: System overload: Cycle time too short or huge jitter!
0000025532: SendCycFramesByEntry(0): wFramesMonitoringProcCnt (0) < wFramesMonitoringSndCnt (1)
0000025532: Notify EC_NOTIFY_FRAME_RESPONSE_ERROR(No response error for cyclic frame IDX=0xab, CycFrameNum=0, TaskId=0)
0000025532: Notify EC_NOTIFY_CYCCMD_WKC_ERROR(11, 0x10000000, 2, 15)
0000025532: Notify EC_NOTIFY_CYCCMD_WKC_ERROR(10, 0x10000800, 2, 15)
0000025534: Error: System overload: Cycle time too short or huge jitter!
0000025534: SendCycFramesByEntry(0): wFramesMonitoringProcCnt (0) < wFramesMonitoringSndCnt (1)
0000025534: Notify EC_NOTIFY_FRAME_RESPONSE_ERROR(No response error for cyclic frame IDX=0xaf, CycFrameNum=0, TaskId=0)
0000025534: Error: System overload: Cycle time too short or huge jitter!
0000025534: SendCycFramesByEntry(0): wFramesMonitoringProcCnt (0) < wFramesMonitoringSndCnt (1)
0000025534: Notify EC_NOTIFY_FRAME_RESPONSE_ERROR(No response error for cyclic frame IDX=0xb0, CycFrameNum=0, TaskId=0)
0000025535: Notify EC_NOTIFY_CYCCMD_WKC_ERROR(11, 0x10000000, 2, 15)
0000025535: Notify EC_NOTIFY_CYCCMD_WKC_ERROR(10, 0x10000800, 2, 15)
0000025535: Notify EC_NOTIFY_CYCCMD_WKC_ERROR(11, 0x10000000, 2, 15)
0000025535: Notify EC_NOTIFY_CYCCMD_WKC_ERROR(10, 0x10000800, 2, 15)
0000025536: Error: System overload: Cycle time too short or huge jitter!
0000025536: SendCycFramesByEntry(0): wFramesMonitoringProcCnt (0) < wFramesMonitoringSndCnt (1)
0000025536: Notify EC_NOTIFY_FRAME_RESPONSE_ERROR(No response error for cyclic frame IDX=0xb4, CycFrameNum=0, TaskId=0)
0000025537: Error: System overload: Cycle time too short or huge jitter!
0000025537: SendCycFramesByEntry(0): wFramesMonitoringProcCnt (0) < wFramesMonitoringSndCnt (1)
0000025537: Notify EC_NOTIFY_FRAME_RESPONSE_ERROR(No response error for cyclic frame IDX=0xb5, CycFrameNum=0, TaskId=0)
0000025537: Notify EC_NOTIFY_CYCCMD_WKC_ERROR(11, 0x10000000, 2, 15)
0000025537: Notify EC_NOTIFY_CYCCMD_WKC_ERROR(10, 0x10000800, 2, 15)
0000025537: Notify EC_NOTIFY_CYCCMD_WKC_ERROR(11, 0x10000000, 2, 15)
0000025537: Notify EC_NOTIFY_CYCCMD_WKC_ERROR(10, 0x10000800, 2, 15)
0000025538: Error: System overload: Cycle time too short or huge jitter!
0000025538: SendCycFramesByEntry(0): wFramesMonitoringProcCnt (0) < wFramesMonitoringSndCnt (1)
0000025538: Notify EC_NOTIFY_FRAME_RESPONSE_ERROR(No response error for cyclic frame IDX=0xb8, CycFrameNum=0, TaskId=0)
0000025539: Notify EC_NOTIFY_CYCCMD_WKC_ERROR(11, 0x10000000, 2, 15)
0000025539: Notify EC_NOTIFY_CYCCMD_WKC_ERROR(10, 0x10000800, 2, 15)
0000025539: Error: System overload: Cycle time too short or huge jitter!
0000025539: SendCycFramesByEntry(0): wFramesMonitoringProcCnt (0) < wFramesMonitoringSndCnt (1)
0000025539: Notify EC_NOTIFY_FRAME_RESPONSE_ERROR(No response error for cyclic frame IDX=0xba, CycFrameNum=0, TaskId=0)
0000025540: Notify EC_NOTIFY_CYCCMD_WKC_ERROR(11, 0x10000000, 2, 15)
0000025540: Notify EC_NOTIFY_CYCCMD_WKC_ERROR(10, 0x10000800, 2, 15)
0000025540: Error: System overload: Cycle time too short or huge jitter!
0000025540: SendCycFramesByEntry(0): wFramesMonitoringProcCnt (0) < wFramesMonitoringSndCnt (1)
0000025540: Notify EC_NOTIFY_FRAME_RESPONSE_ERROR(No response error for cyclic frame IDX=0xbc, CycFrameNum=0, TaskId=0)
0000025541: Notify EC_NOTIFY_CYCCMD_WKC_ERROR(11, 0x10000000, 2, 15)
0000025541: Notify EC_NOTIFY_CYCCMD_WKC_ERROR(10, 0x10000800, 2, 15)
0000025543: Error: System overload: Cycle time too short or huge jitter!
0000025543: SendCycFramesByEntry(0): wFramesMonitoringProcCnt (0) < wFramesMonitoringSndCnt (1)
0000025543: Notify EC_NOTIFY_FRAME_RESPONSE_ERROR(No response error for cyclic frame IDX=0xc1, CycFrameNum=0, TaskId=0)
0000025543: Notify EC_NOTIFY_CYCCMD_WKC_ERROR(11, 0x10000000, 2, 15)
0000025543: Notify EC_NOTIFY_CYCCMD_WKC_ERROR(10, 0x10000800, 2, 15)
0000025544: Error: System overload: Cycle time too short or huge jitter!
0000025544: SendCycFramesByEntry(0): wFramesMonitoringProcCnt (0) < wFramesMonitoringSndCnt (1)
0000025544: Notify EC_NOTIFY_FRAME_RESPONSE_ERROR(No response error for cyclic frame IDX=0xc3, CycFrameNum=0, TaskId=0)
0000025544: Error: System overload: Cycle time too short or huge jitter!
0000025544: SendCycFramesByEntry(0): wFramesMonitoringProcCnt (0) < wFramesMonitoringSndCnt (1)
0000025544: Notify EC_NOTIFY_FRAME_RESPONSE_ERROR(No response error for cyclic frame IDX=0xc4, CycFrameNum=0, TaskId=0)
0000025545: Notify EC_NOTIFY_CYCCMD_WKC_ERROR(11, 0x10000000, 2, 15)
0000025545: Notify EC_NOTIFY_CYCCMD_WKC_ERROR(10, 0x10000800, 2, 15)
0000025545: Notify EC_NOTIFY_CYCCMD_WKC_ERROR(11, 0x10000000, 2, 15)
0000025545: Notify EC_NOTIFY_CYCCMD_WKC_ERROR(10, 0x10000800, 2, 15)
0000025545: Notify EC_NOTIFY_CYCCMD_WKC_ERROR(11, 0x10000000, 2, 15)
0000025545: Notify EC_NOTIFY_CYCCMD_WKC_ERROR(10, 0x10000800, 2, 15)
0000025547: Error: System overload: Cycle time too short or huge jitter!
0000025547: SendCycFramesByEntry(0): wFramesMonitoringProcCnt (0) < wFramesMonitoringSndCnt (1)
0000025547: Notify EC_NOTIFY_FRAME_RESPONSE_ERROR(No response error for cyclic frame IDX=0xca, CycFrameNum=0, TaskId=0)
0000025548: Notify EC_NOTIFY_CYCCMD_WKC_ERROR(11, 0x10000000, 2, 15)
0000025548: Notify EC_NOTIFY_CYCCMD_WKC_ERROR(10, 0x10000800, 2, 15)
0000025551: Error: System overload: Cycle time too short or huge jitter!
0000025551: SendCycFramesByEntry(0): wFramesMonitoringProcCnt (0) < wFramesMonitoringSndCnt (1)
0000025551: Notify EC_NOTIFY_FRAME_RESPONSE_ERROR(No response error for cyclic frame IDX=0xd1, CycFrameNum=0, TaskId=0)
0000025551: Notify EC_NOTIFY_CYCCMD_WKC_ERROR(11, 0x10000000, 2, 15)
0000025551: Notify EC_NOTIFY_CYCCMD_WKC_ERROR(10, 0x10000800, 2, 15)
0000025552: Error: System overload: Cycle time too short or huge jitter!
0000025552: SendCycFramesByEntry(0): wFramesMonitoringProcCnt (0) < wFramesMonitoringSndCnt (1)
0000025552: Notify EC_NOTIFY_FRAME_RESPONSE_ERROR(No response error for cyclic frame IDX=0xd4, CycFrameNum=0, TaskId=0)
0000025553: Notify EC_NOTIFY_CYCCMD_WKC_ERROR(11, 0x10000000, 2, 15)
0000025553: Notify EC_NOTIFY_CYCCMD_WKC_ERROR(10, 0x10000800, 2, 15)
0000025553: Error: System overload: Cycle time too short or huge jitter!
0000025553: SendCycFramesByEntry(0): wFramesMonitoringProcCnt (0) < wFramesMonitoringSndCnt (1)
0000025553: Notify EC_NOTIFY_FRAME_RESPONSE_ERROR(No response error for cyclic frame IDX=0xd6, CycFrameNum=0, TaskId=0)
0000025554: Notify EC_NOTIFY_CYCCMD_WKC_ERROR(11, 0x10000000, 2, 15)
0000025554: Notify EC_NOTIFY_CYCCMD_WKC_ERROR(10, 0x10000800, 2, 15)
0000025555: Notify EC_NOTIFY_CYCCMD_WKC_ERROR(11, 0x10000000, 2, 15)
0000025555: Notify EC_NOTIFY_CYCCMD_WKC_ERROR(10, 0x10000800, 2, 15)
0000025556: Error: System overload: Cycle time too short or huge jitter!
0000025556: SendCycFramesByEntry(0): wFramesMonitoringProcCnt (0) < wFramesMonitoringSndCnt (1)
0000025556: Notify EC_NOTIFY_FRAME_RESPONSE_ERROR(No response error for cyclic frame IDX=0xdb, CycFrameNum=0, TaskId=0)
0000025556: Error: System overload: Cycle time too short or huge jitter!
0000025556: SendCycFramesByEntry(0): wFramesMonitoringProcCnt (0) < wFramesMonitoringSndCnt (1)
0000025556: Notify EC_NOTIFY_FRAME_RESPONSE_ERROR(No response error for cyclic frame IDX=0xdc, CycFrameNum=0, TaskId=0)
0000025557: Notify EC_NOTIFY_CYCCMD_WKC_ERROR(11, 0x10000000, 2, 15)
0000025557: Notify EC_NOTIFY_CYCCMD_WKC_ERROR(10, 0x10000800, 2, 15)
0000025557: Notify EC_NOTIFY_CYCCMD_WKC_ERROR(11, 0x10000000, 2, 15)
0000025557: Notify EC_NOTIFY_CYCCMD_WKC_ERROR(10, 0x10000800, 2, 15)
0000025558: Error: System overload: Cycle time too short or huge jitter!
0000025558: SendCycFramesByEntry(0): wFramesMonitoringProcCnt (0) < wFramesMonitoringSndCnt (1)
0000025558: Notify EC_NOTIFY_FRAME_RESPONSE_ERROR(No response error for cyclic frame IDX=0x2, CycFrameNum=0, TaskId=0)
0000025559: Error: System overload: Cycle time too short or huge jitter!
0000025559: SendCycFramesByEntry(0): wFramesMonitoringProcCnt (0) < wFramesMonitoringSndCnt (1)
0000025559: Notify EC_NOTIFY_FRAME_RESPONSE_ERROR(No response error for cyclic frame IDX=0x3, CycFrameNum=0, TaskId=0)
0000025559: Error: System overload: Cycle time too short or huge jitter!
0000025559: SendCycFramesByEntry(0): wFramesMonitoringProcCnt (0) < wFramesMonitoringSndCnt (1)
0000025559: Notify EC_NOTIFY_FRAME_RESPONSE_ERROR(No response error for cyclic frame IDX=0x4, CycFrameNum=0, TaskId=0)
0000025560: Error: System overload: Cycle time too short or huge jitter!
0000025560: SendCycFramesByEntry(0): wFramesMonitoringProcCnt (0) < wFramesMonitoringSndCnt (1)
0000025560: Notify EC_NOTIFY_FRAME_RESPONSE_ERROR(No response error for cyclic frame IDX=0x5, CycFrameNum=0, TaskId=0)
0000025560: Notify EC_NOTIFY_CYCCMD_WKC_ERROR(11, 0x10000000, 2, 15)
0000025560: Notify EC_NOTIFY_CYCCMD_WKC_ERROR(10, 0x10000800, 2, 15)
0000025560: Notify EC_NOTIFY_CYCCMD_WKC_ERROR(11, 0x10000000, 2, 15)
0000025560: Notify EC_NOTIFY_CYCCMD_WKC_ERROR(10, 0x10000800, 2, 15)
0000025560: Notify EC_NOTIFY_CYCCMD_WKC_ERROR(11, 0x10000000, 2, 15)
0000025560: Notify EC_NOTIFY_CYCCMD_WKC_ERROR(10, 0x10000800, 2, 15)
0000025560: Notify EC_NOTIFY_CYCCMD_WKC_ERROR(11, 0x10000000, 2, 15)
0000025560: Notify EC_NOTIFY_CYCCMD_WKC_ERROR(10, 0x10000800, 2, 15)
0000025561: Error: System overload: Cycle time too short or huge jitter!
0000025561: SendCycFramesByEntry(0): wFramesMonitoringProcCnt (0) < wFramesMonitoringSndCnt (1)
0000025561: Notify EC_NOTIFY_FRAME_RESPONSE_ERROR(No response error for cyclic frame IDX=0x7, CycFrameNum=0, TaskId=0)
0000025561: Notify EC_NOTIFY_CYCCMD_WKC_ERROR(11, 0x10000000, 2, 15)
0000025561: Notify EC_NOTIFY_CYCCMD_WKC_ERROR(10, 0x10000800, 2, 15)
0000025562: Error: System overload: Cycle time too short or huge jitter!
0000025562: SendCycFramesByEntry(0): wFramesMonitoringProcCnt (0) < wFramesMonitoringSndCnt (1)
0000025562: Notify EC_NOTIFY_FRAME_RESPONSE_ERROR(No response error for cyclic frame IDX=0xa, CycFrameNum=0, TaskId=0)
0000025563: Notify EC_NOTIFY_CYCCMD_WKC_ERROR(11, 0x10000000, 2, 15)
0000025563: Notify EC_NOTIFY_CYCCMD_WKC_ERROR(10, 0x10000800, 2, 15)
0000025563: Error: System overload: Cycle time too short or huge jitter!
0000025563: SendCycFramesByEntry(0): wFramesMonitoringProcCnt (0) < wFramesMonitoringSndCnt (1)
0000025563: Notify EC_NOTIFY_FRAME_RESPONSE_ERROR(No response error for cyclic frame IDX=0xc, CycFrameNum=0, TaskId=0)
0000025564: Notify EC_NOTIFY_CYCCMD_WKC_ERROR(11, 0x10000000, 2, 15)
0000025564: Notify EC_NOTIFY_CYCCMD_WKC_ERROR(10, 0x10000800, 2, 15)
0000025566: Error: System overload: Cycle time too short or huge jitter!
0000025566: SendCycFramesByEntry(0): wFramesMonitoringProcCnt (0) < wFramesMonitoringSndCnt (1)
0000025566: Notify EC_NOTIFY_FRAME_RESPONSE_ERROR(No response error for cyclic frame IDX=0x11, CycFrameNum=0, TaskId=0)
0000025566: Notify EC_NOTIFY_CYCCMD_WKC_ERROR(11, 0x10000000, 2, 15)
0000025566: Notify EC_NOTIFY_CYCCMD_WKC_ERROR(10, 0x10000800, 2, 15)
0000025567: Error: System overload: Cycle time too short or huge jitter!
0000025567: SendCycFramesByEntry(0): wFramesMonitoringProcCnt (0) < wFramesMonitoringSndCnt (1)
0000025567: Notify EC_NOTIFY_FRAME_RESPONSE_ERROR(No response error for cyclic frame IDX=0x13, CycFrameNum=0, TaskId=0)
0000025567: Notify EC_NOTIFY_CYCCMD_WKC_ERROR(11, 0x10000000, 2, 15)
0000025567: Notify EC_NOTIFY_CYCCMD_WKC_ERROR(10, 0x10000800, 2, 15)
0000025568: Error: System overload: Cycle time too short or huge jitter!
0000025568: SendCycFramesByEntry(0): wFramesMonitoringProcCnt (0) < wFramesMonitoringSndCnt (1)
0000025568: Notify EC_NOTIFY_FRAME_RESPONSE_ERROR(No response error for cyclic frame IDX=0x16, CycFrameNum=0, TaskId=0)
0000025569: Notify EC_NOTIFY_CYCCMD_WKC_ERROR(11, 0x10000000, 2, 15)
0000025569: Notify EC_NOTIFY_CYCCMD_WKC_ERROR(10, 0x10000800, 2, 15)
0000025569: Error: System overload: Cycle time too short or huge jitter!
0000025569: SendCycFramesByEntry(0): wFramesMonitoringProcCnt (0) < wFramesMonitoringSndCnt (1)
0000025569: Notify EC_NOTIFY_FRAME_RESPONSE_ERROR(No response error for cyclic frame IDX=0x18, CycFrameNum=0, TaskId=0)
0000025570: Notify EC_NOTIFY_CYCCMD_WKC_ERROR(11, 0x10000000, 2, 15)
0000025570: Notify EC_NOTIFY_CYCCMD_WKC_ERROR(10, 0x10000800, 2, 15)
0000025572: Error: System overload: Cycle time too short or huge jitter!
0000025572: SendCycFramesByEntry(0): wFramesMonitoringProcCnt (0) < wFramesMonitoringSndCnt (1)
0000025572: Notify EC_NOTIFY_FRAME_RESPONSE_ERROR(No response error for cyclic frame IDX=0x1d, CycFrameNum=0, TaskId=0)
0000025572: Notify EC_NOTIFY_CYCCMD_WKC_ERROR(11, 0x10000000, 2, 15)
0000025572: Notify EC_NOTIFY_CYCCMD_WKC_ERROR(10, 0x10000800, 2, 15)
0000025573: Error: System overload: Cycle time too short or huge jitter!
0000025573: SendCycFramesByEntry(0): wFramesMonitoringProcCnt (0) < wFramesMonitoringSndCnt (1)
0000025573: Notify EC_NOTIFY_FRAME_RESPONSE_ERROR(No response error for cyclic frame IDX=0x1f, CycFrameNum=0, TaskId=0)
0000025573: Notify EC_NOTIFY_CYCCMD_WKC_ERROR(11, 0x10000000, 2, 15)
0000025573: Notify EC_NOTIFY_CYCCMD_WKC_ERROR(10, 0x10000800, 2, 15)
0000025574: Error: System overload: Cycle time too short or huge jitter!
0000025574: SendCycFramesByEntry(0): wFramesMonitoringProcCnt (0) < wFramesMonitoringSndCnt (1)
0000025574: Notify EC_NOTIFY_FRAME_RESPONSE_ERROR(No response error for cyclic frame IDX=0x21, CycFrameNum=0, TaskId=0)
0000025574: Error: System overload: Cycle time too short or huge jitter!
0000025574: SendCycFramesByEntry(0): wFramesMonitoringProcCnt (0) < wFramesMonitoringSndCnt (1)
0000025574: Notify EC_NOTIFY_FRAME_RESPONSE_ERROR(No response error for cyclic frame IDX=0x22, CycFrameNum=0, TaskId=0)
0000025575: Notify EC_NOTIFY_CYCCMD_WKC_ERROR(11, 0x10000000, 2, 15)
0000025575: Notify EC_NOTIFY_CYCCMD_WKC_ERROR(10, 0x10000800, 2, 15)
0000025575: Notify EC_NOTIFY_CYCCMD_WKC_ERROR(11, 0x10000000, 2, 15)
0000025575: Notify EC_NOTIFY_CYCCMD_WKC_ERROR(10, 0x10000800, 2, 15)
0000025575: Notify EC_NOTIFY_CYCCMD_WKC_ERROR(11, 0x10000000, 2, 15)
0000025575: Notify EC_NOTIFY_CYCCMD_WKC_ERROR(10, 0x10000800, 2, 15)
0000025576: Error: System overload: Cycle time too short or huge jitter!
0000025576: SendCycFramesByEntry(0): wFramesMonitoringProcCnt (0) < wFramesMonitoringSndCnt (1)
0000025576: Notify EC_NOTIFY_FRAME_RESPONSE_ERROR(No response error for cyclic frame IDX=0x26, CycFrameNum=0, TaskId=0)
0000025577: Error: System overload: Cycle time too short or huge jitter!
0000025577: SendCycFramesByEntry(0): wFramesMonitoringProcCnt (0) < wFramesMonitoringSndCnt (1)
0000025577: Notify EC_NOTIFY_FRAME_RESPONSE_ERROR(No response error for cyclic frame IDX=0x27, CycFrameNum=0, TaskId=0)
0000025577: Notify EC_NOTIFY_CYCCMD_WKC_ERROR(11, 0x10000000, 2, 15)
0000025577: Notify EC_NOTIFY_CYCCMD_WKC_ERROR(10, 0x10000800, 2, 15)
0000025577: Notify EC_NOTIFY_CYCCMD_WKC_ERROR(11, 0x10000000, 2, 15)
0000025577: Notify EC_NOTIFY_CYCCMD_WKC_ERROR(10, 0x10000800, 2, 15)
0000025579: Error: System overload: Cycle time too short or huge jitter!
0000025579: SendCycFramesByEntry(0): wFramesMonitoringProcCnt (0) < wFramesMonitoringSndCnt (1)
0000025579: Notify EC_NOTIFY_FRAME_RESPONSE_ERROR(No response error for cyclic frame IDX=0x2b, CycFrameNum=0, TaskId=0)
0000025579: Notify EC_NOTIFY_CYCCMD_WKC_ERROR(11, 0x10000000, 2, 15)
0000025579: Notify EC_NOTIFY_CYCCMD_WKC_ERROR(10, 0x10000800, 2, 15)
0000025580: Error: System overload: Cycle time too short or huge jitter!
0000025580: SendCycFramesByEntry(0): wFramesMonitoringProcCnt (0) < wFramesMonitoringSndCnt (1)
0000025580: Notify EC_NOTIFY_FRAME_RESPONSE_ERROR(No response error for cyclic frame IDX=0x2e, CycFrameNum=0, TaskId=0)
0000025581: Notify EC_NOTIFY_CYCCMD_WKC_ERROR(11, 0x10000000, 2, 15)
0000025581: Notify EC_NOTIFY_CYCCMD_WKC_ERROR(10, 0x10000800, 2, 15)
0000025581: Error: System overload: Cycle time too short or huge jitter!
0000025581: SendCycFramesByEntry(0): wFramesMonitoringProcCnt (0) < wFramesMonitoringSndCnt (1)
0000025581: Notify EC_NOTIFY_FRAME_RESPONSE_ERROR(No response error for cyclic frame IDX=0x30, CycFrameNum=0, TaskId=0)
0000025582: Notify EC_NOTIFY_CYCCMD_WKC_ERROR(11, 0x10000000, 2, 15)
0000025582: Notify EC_NOTIFY_CYCCMD_WKC_ERROR(10, 0x10000800, 2, 15)
0000025582: Error: System overload: Cycle time too short or huge jitter!
0000025582: SendCycFramesByEntry(0): wFramesMonitoringProcCnt (0) < wFramesMonitoringSndCnt (1)
0000025582: Notify EC_NOTIFY_FRAME_RESPONSE_ERROR(No response error for cyclic frame IDX=0x32, CycFrameNum=0, TaskId=0)
0000025583: Error: System overload: Cycle time too short or huge jitter!
0000025583: SendCycFramesByEntry(0): wFramesMonitoringProcCnt (0) < wFramesMonitoringSndCnt (1)
0000025583: Notify EC_NOTIFY_FRAME_RESPONSE_ERROR(No response error for cyclic frame IDX=0x33, CycFrameNum=0, TaskId=0)
0000025583: Notify EC_NOTIFY_CYCCMD_WKC_ERROR(11, 0x10000000, 2, 15)
0000025583: Notify EC_NOTIFY_CYCCMD_WKC_ERROR(10, 0x10000800, 2, 15)
0000025583: Notify EC_NOTIFY_CYCCMD_WKC_ERROR(11, 0x10000000, 2, 15)
0000025583: Notify EC_NOTIFY_CYCCMD_WKC_ERROR(10, 0x10000800, 2, 15)
0000025584: Error: System overload: Cycle time too short or huge jitter!
0000025584: SendCycFramesByEntry(0): wFramesMonitoringProcCnt (0) < wFramesMonitoringSndCnt (1)
0000025584: Notify EC_NOTIFY_FRAME_RESPONSE_ERROR(No response error for cyclic frame IDX=0x36, CycFrameNum=0, TaskId=0)
0000025585: Notify EC_NOTIFY_CYCCMD_WKC_ERROR(11, 0x10000000, 2, 15)
0000025585: Notify EC_NOTIFY_CYCCMD_WKC_ERROR(10, 0x10000800, 2, 15)
0000025585: Notify EC_NOTIFY_CYCCMD_WKC_ERROR(11, 0x10000000, 2, 15)
0000025585: Notify EC_NOTIFY_CYCCMD_WKC_ERROR(10, 0x10000800, 2, 15)
0000025586: Error: System overload: Cycle time too short or huge jitter!
0000025586: SendCycFramesByEntry(0): wFramesMonitoringProcCnt (0) < wFramesMonitoringSndCnt (1)
0000025586: Notify EC_NOTIFY_FRAME_RESPONSE_ERROR(No response error for cyclic frame IDX=0x3a, CycFrameNum=0, TaskId=0)
0000025587: Notify EC_NOTIFY_CYCCMD_WKC_ERROR(11, 0x10000000, 2, 15)
0000025587: Notify EC_NOTIFY_CYCCMD_WKC_ERROR(10, 0x10000800, 2, 15)
0000025587: Error: System overload: Cycle time too short or huge jitter!
0000025587: SendCycFramesByEntry(0): wFramesMonitoringProcCnt (0) < wFramesMonitoringSndCnt (1)
0000025587: Notify EC_NOTIFY_FRAME_RESPONSE_ERROR(No response error for cyclic frame IDX=0x3c, CycFrameNum=0, TaskId=0)
0000025588: Notify EC_NOTIFY_CYCCMD_WKC_ERROR(11, 0x10000000, 2, 15)
0000025588: Notify EC_NOTIFY_CYCCMD_WKC_ERROR(10, 0x10000800, 2, 15)
0000025589: Error: System overload: Cycle time too short or huge jitter!
0000025589: SendCycFramesByEntry(0): wFramesMonitoringProcCnt (0) < wFramesMonitoringSndCnt (1)
0000025589: Notify EC_NOTIFY_FRAME_RESPONSE_ERROR(No response error for cyclic frame IDX=0x3f, CycFrameNum=0, TaskId=0)
0000025589: Notify EC_NOTIFY_CYCCMD_WKC_ERROR(11, 0x10000000, 2, 15)
0000025589: Notify EC_NOTIFY_CYCCMD_WKC_ERROR(10, 0x10000800, 2, 15)
0000025590: Error: System overload: Cycle time too short or huge jitter!
0000025590: SendCycFramesByEntry(0): wFramesMonitoringProcCnt (0) < wFramesMonitoringSndCnt (1)
0000025590: Notify EC_NOTIFY_FRAME_RESPONSE_ERROR(No response error for cyclic frame IDX=0x41, CycFrameNum=0, TaskId=0)
0000025590: Notify EC_NOTIFY_CYCCMD_WKC_ERROR(11, 0x10000000, 2, 15)
0000025590: Notify EC_NOTIFY_CYCCMD_WKC_ERROR(10, 0x10000800, 2, 15)
0000025592: Error: System overload: Cycle time too short or huge jitter!
0000025592: SendCycFramesByEntry(0): wFramesMonitoringProcCnt (0) < wFramesMonitoringSndCnt (1)
0000025592: Notify EC_NOTIFY_FRAME_RESPONSE_ERROR(No response error for cyclic frame IDX=0x46, CycFrameNum=0, TaskId=0)
0000025593: Notify EC_NOTIFY_CYCCMD_WKC_ERROR(11, 0x10000000, 2, 15)
0000025593: Notify EC_NOTIFY_CYCCMD_WKC_ERROR(10, 0x10000800, 2, 15)
0000025595: Error: System overload: Cycle time too short or huge jitter!
0000025595: SendCycFramesByEntry(0): wFramesMonitoringProcCnt (0) < wFramesMonitoringSndCnt (1)
0000025595: Notify EC_NOTIFY_FRAME_RESPONSE_ERROR(No response error for cyclic frame IDX=0x4b, CycFrameNum=0, TaskId=0)
0000025595: Notify EC_NOTIFY_CYCCMD_WKC_ERROR(11, 0x10000000, 2, 15)
0000025595: Notify EC_NOTIFY_CYCCMD_WKC_ERROR(10, 0x10000800, 2, 15)
0000025600: Error: System overload: Cycle time too short or huge jitter!
0000025600: SendCycFramesByEntry(0): wFramesMonitoringProcCnt (0) < wFramesMonitoringSndCnt (1)
0000025600: Notify EC_NOTIFY_FRAME_RESPONSE_ERROR(No response error for cyclic frame IDX=0x55, CycFrameNum=0, TaskId=0)
0000025600: Notify EC_NOTIFY_CYCCMD_WKC_ERROR(11, 0x10000000, 2, 15)
0000025600: Notify EC_NOTIFY_CYCCMD_WKC_ERROR(10, 0x10000800, 2, 15)
0000025601: Error: System overload: Cycle time too short or huge jitter!
0000025601: SendCycFramesByEntry(0): wFramesMonitoringProcCnt (0) < wFramesMonitoringSndCnt (1)
0000025601: Notify EC_NOTIFY_FRAME_RESPONSE_ERROR(No response error for cyclic frame IDX=0x57, CycFrameNum=0, TaskId=0)
0000025601: Error: System overload: Cycle time too short or huge jitter!
0000025601: SendCycFramesByEntry(0): wFramesMonitoringProcCnt (0) < wFramesMonitoringSndCnt (1)
0000025601: Notify EC_NOTIFY_FRAME_RESPONSE_ERROR(No response error for cyclic frame IDX=0x58, CycFrameNum=0, TaskId=0)
0000025602: Error: System overload: Cycle time too short or huge jitter!
0000025602: SendCycFramesByEntry(0): wFramesMonitoringProcCnt (0) < wFramesMonitoringSndCnt (1)
0000025602: Notify EC_NOTIFY_FRAME_RESPONSE_ERROR(No response error for cyclic frame IDX=0x59, CycFrameNum=0, TaskId=0)
0000025602: Error: System overload: Cycle time too short or huge jitter!
0000025602: SendCycFramesByEntry(0): wFramesMonitoringProcCnt (0) < wFramesMonitoringSndCnt (1)
0000025602: Notify EC_NOTIFY_FRAME_RESPONSE_ERROR(No response error for cyclic frame IDX=0x5a, CycFrameNum=0, TaskId=0)
0000025603: Notify EC_NOTIFY_CYCCMD_WKC_ERROR(11, 0x10000000, 2, 15)
0000025603: Notify EC_NOTIFY_CYCCMD_WKC_ERROR(10, 0x10000800, 2, 15)
0000025603: Notify EC_NOTIFY_CYCCMD_WKC_ERROR(11, 0x10000000, 2, 15)
0000025603: Notify EC_NOTIFY_CYCCMD_WKC_ERROR(10, 0x10000800, 2, 15)
0000025603: Notify EC_NOTIFY_CYCCMD_WKC_ERROR(11, 0x10000000, 2, 15)
0000025603: Notify EC_NOTIFY_CYCCMD_WKC_ERROR(10, 0x10000800, 2, 15)
0000025603: Notify EC_NOTIFY_CYCCMD_WKC_ERROR(11, 0x10000000, 2, 15)
0000025603: Notify EC_NOTIFY_CYCCMD_WKC_ERROR(10, 0x10000800, 2, 15)
0000025603: Error: System overload: Cycle time too short or huge jitter!
0000025603: SendCycFramesByEntry(0): wFramesMonitoringProcCnt (0) < wFramesMonitoringSndCnt (1)
0000025603: Notify EC_NOTIFY_FRAME_RESPONSE_ERROR(No response error for cyclic frame IDX=0x5c, CycFrameNum=0, TaskId=0)
0000025604: Notify EC_NOTIFY_CYCCMD_WKC_ERROR(11, 0x10000000, 2, 15)
0000025604: Notify EC_NOTIFY_CYCCMD_WKC_ERROR(10, 0x10000800, 2, 15)
0000025604: Error: System overload: Cycle time too short or huge jitter!
0000025604: SendCycFramesByEntry(0): wFramesMonitoringProcCnt (0) < wFramesMonitoringSndCnt (1)
0000025604: Notify EC_NOTIFY_FRAME_RESPONSE_ERROR(No response error for cyclic frame IDX=0x5e, CycFrameNum=0, TaskId=0)
0000025605: Notify EC_NOTIFY_CYCCMD_WKC_ERROR(11, 0x10000000, 2, 15)
0000025605: Notify EC_NOTIFY_CYCCMD_WKC_ERROR(10, 0x10000800, 2, 15)
0000025606: Error: System overload: Cycle time too short or huge jitter!
0000025606: SendCycFramesByEntry(0): wFramesMonitoringProcCnt (0) < wFramesMonitoringSndCnt (1)
0000025606: Notify EC_NOTIFY_FRAME_RESPONSE_ERROR(No response error for cyclic frame IDX=0x61, CycFrameNum=0, TaskId=0)
0000025606: Notify EC_NOTIFY_CYCCMD_WKC_ERROR(11, 0x10000000, 2, 15)
0000025606: Notify EC_NOTIFY_CYCCMD_WKC_ERROR(10, 0x10000800, 2, 15)
0000025607: Error: System overload: Cycle time too short or huge jitter!
0000025607: SendCycFramesByEntry(0): wFramesMonitoringProcCnt (0) < wFramesMonitoringSndCnt (1)
0000025607: Notify EC_NOTIFY_FRAME_RESPONSE_ERROR(No response error for cyclic frame IDX=0x63, CycFrameNum=0, TaskId=0)
0000025607: Notify EC_NOTIFY_CYCCMD_WKC_ERROR(11, 0x10000000, 2, 15)
0000025607: Notify EC_NOTIFY_CYCCMD_WKC_ERROR(10, 0x10000800, 2, 15)
0000025608: Error: System overload: Cycle time too short or huge jitter!
0000025608: SendCycFramesByEntry(0): wFramesMonitoringProcCnt (0) < wFramesMonitoringSndCnt (1)
0000025608: Notify EC_NOTIFY_FRAME_RESPONSE_ERROR(No response error for cyclic frame IDX=0x65, CycFrameNum=0, TaskId=0)
0000025608: Notify EC_NOTIFY_CYCCMD_WKC_ERROR(11, 0x10000000, 2, 15)
0000025608: Notify EC_NOTIFY_CYCCMD_WKC_ERROR(10, 0x10000800, 2, 15)
0000025610: Error: System overload: Cycle time too short or huge jitter!
0000025610: SendCycFramesByEntry(0): wFramesMonitoringProcCnt (0) < wFramesMonitoringSndCnt (1)
0000025610: Notify EC_NOTIFY_FRAME_RESPONSE_ERROR(No response error for cyclic frame IDX=0x69, CycFrameNum=0, TaskId=0)
0000025610: Error: System overload: Cycle time too short or huge jitter!
0000025610: SendCycFramesByEntry(0): wFramesMonitoringProcCnt (0) < wFramesMonitoringSndCnt (1)
0000025610: Notify EC_NOTIFY_FRAME_RESPONSE_ERROR(No response error for cyclic frame IDX=0x6a, CycFrameNum=0, TaskId=0)
0000025611: Notify EC_NOTIFY_CYCCMD_WKC_ERROR(11, 0x10000000, 2, 15)
0000025611: Notify EC_NOTIFY_CYCCMD_WKC_ERROR(10, 0x10000800, 2, 15)
0000025611: Notify EC_NOTIFY_CYCCMD_WKC_ERROR(11, 0x10000000, 2, 15)
0000025611: Notify EC_NOTIFY_CYCCMD_WKC_ERROR(10, 0x10000800, 2, 15)
0000025616: Error: System overload: Cycle time too short or huge jitter!
0000025616: SendCycFramesByEntry(0): wFramesMonitoringProcCnt (0) < wFramesMonitoringSndCnt (1)
0000025616: Notify EC_NOTIFY_FRAME_RESPONSE_ERROR(No response error for cyclic frame IDX=0x76, CycFrameNum=0, TaskId=0)
0000025617: Notify EC_NOTIFY_CYCCMD_WKC_ERROR(11, 0x10000000, 2, 15)
0000025617: Notify EC_NOTIFY_CYCCMD_WKC_ERROR(10, 0x10000800, 2, 15)
0000025618: Error: System overload: Cycle time too short or huge jitter!
0000025618: SendCycFramesByEntry(0): wFramesMonitoringProcCnt (0) < wFramesMonitoringSndCnt (1)
0000025618: Notify EC_NOTIFY_FRAME_RESPONSE_ERROR(No response error for cyclic frame IDX=0x7a, CycFrameNum=0, TaskId=0)
0000025619: Notify EC_NOTIFY_CYCCMD_WKC_ERROR(11, 0x10000000, 2, 15)
0000025619: Notify EC_NOTIFY_CYCCMD_WKC_ERROR(10, 0x10000800, 2, 15)
0000025623: Error: System overload: Cycle time too short or huge jitter!
0000025623: SendCycFramesByEntry(0): wFramesMonitoringProcCnt (0) < wFramesMonitoringSndCnt (1)
0000025623: Notify EC_NOTIFY_FRAME_RESPONSE_ERROR(No response error for cyclic frame IDX=0x83, CycFrameNum=0, TaskId=0)
0000025623: Notify EC_NOTIFY_CYCCMD_WKC_ERROR(11, 0x10000000, 2, 15)
0000025623: Notify EC_NOTIFY_CYCCMD_WKC_ERROR(10, 0x10000800, 2, 15)
0000025624: Error: System overload: Cycle time too short or huge jitter!
0000025624: SendCycFramesByEntry(0): wFramesMonitoringProcCnt (0) < wFramesMonitoringSndCnt (1)
0000025624: Notify EC_NOTIFY_FRAME_RESPONSE_ERROR(No response error for cyclic frame IDX=0x85, CycFrameNum=0, TaskId=0)
0000025624: Notify EC_NOTIFY_CYCCMD_WKC_ERROR(11, 0x10000000, 2, 15)
0000025624: Notify EC_NOTIFY_CYCCMD_WKC_ERROR(10, 0x10000800, 2, 15)
0000025625: Error: System overload: Cycle time too short or huge jitter!
0000025625: SendCycFramesByEntry(0): wFramesMonitoringProcCnt (0) < wFramesMonitoringSndCnt (1)
0000025625: Notify EC_NOTIFY_FRAME_RESPONSE_ERROR(No response error for cyclic frame IDX=0x87, CycFrameNum=0, TaskId=0)
0000025625: Notify EC_NOTIFY_CYCCMD_WKC_ERROR(11, 0x10000000, 2, 15)
0000025625: Notify EC_NOTIFY_CYCCMD_WKC_ERROR(10, 0x10000800, 2, 15)
0000025626: Error: System overload: Cycle time too short or huge jitter!
0000025626: SendCycFramesByEntry(0): wFramesMonitoringProcCnt (0) < wFramesMonitoringSndCnt (1)
0000025626: Notify EC_NOTIFY_FRAME_RESPONSE_ERROR(No response error for cyclic frame IDX=0x8a, CycFrameNum=0, TaskId=0)
0000025627: Error: System overload: Cycle time too short or huge jitter!
0000025627: SendCycFramesByEntry(0): wFramesMonitoringProcCnt (0) < wFramesMonitoringSndCnt (1)
0000025627: Notify EC_NOTIFY_FRAME_RESPONSE_ERROR(No response error for cyclic frame IDX=0x8b, CycFrameNum=0, TaskId=0)
0000025627: Notify EC_NOTIFY_CYCCMD_WKC_ERROR(11, 0x10000000, 2, 15)
0000025627: Notify EC_NOTIFY_CYCCMD_WKC_ERROR(10, 0x10000800, 2, 15)
0000025627: Notify EC_NOTIFY_CYCCMD_WKC_ERROR(11, 0x10000000, 2, 15)
0000025627: Notify EC_NOTIFY_CYCCMD_WKC_ERROR(10, 0x10000800, 2, 15)
0000025629: Error: System overload: Cycle time too short or huge jitter!
0000025629: SendCycFramesByEntry(0): wFramesMonitoringProcCnt (0) < wFramesMonitoringSndCnt (1)
0000025629: Notify EC_NOTIFY_FRAME_RESPONSE_ERROR(No response error for cyclic frame IDX=0x8f, CycFrameNum=0, TaskId=0)
0000025629: Notify EC_NOTIFY_CYCCMD_WKC_ERROR(11, 0x10000000, 2, 15)
0000025629: Notify EC_NOTIFY_CYCCMD_WKC_ERROR(10, 0x10000800, 2, 15)
0000025631: Error: System overload: Cycle time too short or huge jitter!
0000025631: SendCycFramesByEntry(0): wFramesMonitoringProcCnt (0) < wFramesMonitoringSndCnt (1)
0000025631: Notify EC_NOTIFY_FRAME_RESPONSE_ERROR(No response error for cyclic frame IDX=0x94, CycFrameNum=0, TaskId=0)
0000025632: Notify EC_NOTIFY_CYCCMD_WKC_ERROR(11, 0x10000000, 2, 15)
0000025632: Notify EC_NOTIFY_CYCCMD_WKC_ERROR(10, 0x10000800, 2, 15)
0000025632: Error: System overload: Cycle time too short or huge jitter!
0000025632: SendCycFramesByEntry(0): wFramesMonitoringProcCnt (0) < wFramesMonitoringSndCnt (1)
0000025632: Notify EC_NOTIFY_FRAME_RESPONSE_ERROR(No response error for cyclic frame IDX=0x96, CycFrameNum=0, TaskId=0)
0000025633: Notify EC_NOTIFY_CYCCMD_WKC_ERROR(11, 0x10000000, 2, 15)
0000025633: Notify EC_NOTIFY_CYCCMD_WKC_ERROR(10, 0x10000800, 2, 15)
0000025634: Error: System overload: Cycle time too short or huge jitter!
0000025634: SendCycFramesByEntry(0): wFramesMonitoringProcCnt (0) < wFramesMonitoringSndCnt (1)
0000025634: Notify EC_NOTIFY_FRAME_RESPONSE_ERROR(No response error for cyclic frame IDX=0x99, CycFrameNum=0, TaskId=0)
0000025634: Notify EC_NOTIFY_CYCCMD_WKC_ERROR(11, 0x10000000, 2, 15)
0000025634: Notify EC_NOTIFY_CYCCMD_WKC_ERROR(10, 0x10000800, 2, 15)
0000025636: Error: System overload: Cycle time too short or huge jitter!
0000025636: SendCycFramesByEntry(0): wFramesMonitoringProcCnt (0) < wFramesMonitoringSndCnt (1)
0000025636: Notify EC_NOTIFY_FRAME_RESPONSE_ERROR(No response error for cyclic frame IDX=0x9d, CycFrameNum=0, TaskId=0)
0000025636: Notify EC_NOTIFY_CYCCMD_WKC_ERROR(11, 0x10000000, 2, 15)
0000025636: Notify EC_NOTIFY_CYCCMD_WKC_ERROR(10, 0x10000800, 2, 15)
0000025637: Error: System overload: Cycle time too short or huge jitter!
0000025637: SendCycFramesByEntry(0): wFramesMonitoringProcCnt (0) < wFramesMonitoringSndCnt (1)
0000025637: Notify EC_NOTIFY_FRAME_RESPONSE_ERROR(No response error for cyclic frame IDX=0xa0, CycFrameNum=0, TaskId=0)
0000025638: Notify EC_NOTIFY_CYCCMD_WKC_ERROR(11, 0x10000000, 2, 15)
0000025638: Notify EC_NOTIFY_CYCCMD_WKC_ERROR(10, 0x10000800, 2, 15)
0000025642: Error: System overload: Cycle time too short or huge jitter!
0000025642: SendCycFramesByEntry(0): wFramesMonitoringProcCnt (0) < wFramesMonitoringSndCnt (1)
0000025642: Notify EC_NOTIFY_FRAME_RESPONSE_ERROR(No response error for cyclic frame IDX=0xa9, CycFrameNum=0, TaskId=0)
0000025642: Error: System overload: Cycle time too short or huge jitter!
0000025642: SendCycFramesByEntry(0): wFramesMonitoringProcCnt (0) < wFramesMonitoringSndCnt (1)
0000025642: Notify EC_NOTIFY_FRAME_RESPONSE_ERROR(No response error for cyclic frame IDX=0xaa, CycFrameNum=0, TaskId=0)
0000025643: Notify EC_NOTIFY_CYCCMD_WKC_ERROR(11, 0x10000000, 2, 15)
0000025643: Notify EC_NOTIFY_CYCCMD_WKC_ERROR(10, 0x10000800, 2, 15)
0000025643: Notify EC_NOTIFY_CYCCMD_WKC_ERROR(11, 0x10000000, 2, 15)
0000025643: Notify EC_NOTIFY_CYCCMD_WKC_ERROR(10, 0x10000800, 2, 15)
0000025643: Error: System overload: Cycle time too short or huge jitter!
0000025643: SendCycFramesByEntry(0): wFramesMonitoringProcCnt (0) < wFramesMonitoringSndCnt (1)
0000025643: Notify EC_NOTIFY_FRAME_RESPONSE_ERROR(No response error for cyclic frame IDX=0xac, CycFrameNum=0, TaskId=0)
0000025644: Notify EC_NOTIFY_CYCCMD_WKC_ERROR(11, 0x10000000, 2, 15)
0000025644: Notify EC_NOTIFY_CYCCMD_WKC_ERROR(10, 0x10000800, 2, 15)
0000025644: Error: System overload: Cycle time too short or huge jitter!
0000025644: SendCycFramesByEntry(0): wFramesMonitoringProcCnt (0) < wFramesMonitoringSndCnt (1)
0000025644: Notify EC_NOTIFY_FRAME_RESPONSE_ERROR(No response error for cyclic frame IDX=0xae, CycFrameNum=0, TaskId=0)
0000025645: Notify EC_NOTIFY_CYCCMD_WKC_ERROR(11, 0x10000000, 2, 15)
0000025645: Notify EC_NOTIFY_CYCCMD_WKC_ERROR(10, 0x10000800, 2, 15)
0000025650: Error: System overload: Cycle time too short or huge jitter!
0000025650: SendCycFramesByEntry(0): wFramesMonitoringProcCnt (0) < wFramesMonitoringSndCnt (1)
0000025650: Notify EC_NOTIFY_FRAME_RESPONSE_ERROR(No response error for cyclic frame IDX=0xba, CycFrameNum=0, TaskId=0)
0000025651: Notify EC_NOTIFY_CYCCMD_WKC_ERROR(11, 0x10000000, 2, 15)
0000025651: Notify EC_NOTIFY_CYCCMD_WKC_ERROR(10, 0x10000800, 2, 15)
0000025652: Error: System overload: Cycle time too short or huge jitter!
0000025652: SendCycFramesByEntry(0): wFramesMonitoringProcCnt (0) < wFramesMonitoringSndCnt (1)
0000025652: Notify EC_NOTIFY_FRAME_RESPONSE_ERROR(No response error for cyclic frame IDX=0xbd, CycFrameNum=0, TaskId=0)
0000025652: Notify EC_NOTIFY_CYCCMD_WKC_ERROR(11, 0x10000000, 2, 15)
0000025652: Notify EC_NOTIFY_CYCCMD_WKC_ERROR(10, 0x10000800, 2, 15)
0000025653: Error: System overload: Cycle time too short or huge jitter!
0000025653: SendCycFramesByEntry(0): wFramesMonitoringProcCnt (0) < wFramesMonitoringSndCnt (1)
0000025653: Notify EC_NOTIFY_FRAME_RESPONSE_ERROR(No response error for cyclic frame IDX=0xbf, CycFrameNum=0, TaskId=0)
0000025653: Notify EC_NOTIFY_CYCCMD_WKC_ERROR(11, 0x10000000, 2, 15)
0000025653: Notify EC_NOTIFY_CYCCMD_WKC_ERROR(10, 0x10000800, 2, 15)
0000025654: Error: System overload: Cycle time too short or huge jitter!
0000025654: SendCycFramesByEntry(0): wFramesMonitoringProcCnt (0) < wFramesMonitoringSndCnt (1)
0000025654: Notify EC_NOTIFY_FRAME_RESPONSE_ERROR(No response error for cyclic frame IDX=0xc2, CycFrameNum=0, TaskId=0)
0000025655: Notify EC_NOTIFY_CYCCMD_WKC_ERROR(11, 0x10000000, 2, 15)
0000025655: Notify EC_NOTIFY_CYCCMD_WKC_ERROR(10, 0x10000800, 2, 15)
0000025655: Notify EC_NOTIFY_CYCCMD_WKC_ERROR(11, 0x10000000, 2, 15)
0000025655: Notify EC_NOTIFY_CYCCMD_WKC_ERROR(10, 0x10000800, 2, 15)
0000025656: Error: System overload: Cycle time too short or huge jitter!
0000025656: SendCycFramesByEntry(0): wFramesMonitoringProcCnt (0) < wFramesMonitoringSndCnt (1)
0000025656: Notify EC_NOTIFY_FRAME_RESPONSE_ERROR(No response error for cyclic frame IDX=0xc6, CycFrameNum=0, TaskId=0)
0000025657: Notify EC_NOTIFY_CYCCMD_WKC_ERROR(11, 0x10000000, 2, 15)
0000025657: Notify EC_NOTIFY_CYCCMD_WKC_ERROR(10, 0x10000800, 2, 15)
0000025659: Error: System overload: Cycle time too short or huge jitter!
0000025659: SendCycFramesByEntry(0): wFramesMonitoringProcCnt (0) < wFramesMonitoringSndCnt (1)
0000025659: Notify EC_NOTIFY_FRAME_RESPONSE_ERROR(No response error for cyclic frame IDX=0xcc, CycFrameNum=0, TaskId=0)
0000025660: Notify EC_NOTIFY_CYCCMD_WKC_ERROR(11, 0x10000000, 2, 15)
0000025660: Notify EC_NOTIFY_CYCCMD_WKC_ERROR(10, 0x10000800, 2, 15)
0000025661: Error: System overload: Cycle time too short or huge jitter!
0000025661: SendCycFramesByEntry(0): wFramesMonitoringProcCnt (0) < wFramesMonitoringSndCnt (1)
0000025661: Notify EC_NOTIFY_FRAME_RESPONSE_ERROR(No response error for cyclic frame IDX=0xd0, CycFrameNum=0, TaskId=0)
0000025662: Notify EC_NOTIFY_CYCCMD_WKC_ERROR(11, 0x10000000, 2, 15)
0000025662: Notify EC_NOTIFY_CYCCMD_WKC_ERROR(10, 0x10000800, 2, 15)
0000025663: Error: System overload: Cycle time too short or huge jitter!
0000025663: SendCycFramesByEntry(0): wFramesMonitoringProcCnt (0) < wFramesMonitoringSndCnt (1)
0000025663: Notify EC_NOTIFY_FRAME_RESPONSE_ERROR(No response error for cyclic frame IDX=0xd3, CycFrameNum=0, TaskId=0)
0000025663: Notify EC_NOTIFY_CYCCMD_WKC_ERROR(11, 0x10000000, 2, 15)
0000025663: Notify EC_NOTIFY_CYCCMD_WKC_ERROR(10, 0x10000800, 2, 15)
0000025665: Error: System overload: Cycle time too short or huge jitter!
0000025665: SendCycFramesByEntry(0): wFramesMonitoringProcCnt (0) < wFramesMonitoringSndCnt (1)
0000025665: Notify EC_NOTIFY_FRAME_RESPONSE_ERROR(No response error for cyclic frame IDX=0xd7, CycFrameNum=0, TaskId=0)
0000025665: Notify EC_NOTIFY_CYCCMD_WKC_ERROR(11, 0x10000000, 2, 15)
0000025665: Notify EC_NOTIFY_CYCCMD_WKC_ERROR(10, 0x10000800, 2, 15)
0000025665: Notify EC_NOTIFY_CYCCMD_WKC_ERROR(11, 0x10000000, 2, 15)
0000025665: Notify EC_NOTIFY_CYCCMD_WKC_ERROR(10, 0x10000800, 2, 15)
0000025667: Error: System overload: Cycle time too short or huge jitter!
0000025667: SendCycFramesByEntry(0): wFramesMonitoringProcCnt (0) < wFramesMonitoringSndCnt (1)
0000025667: Notify EC_NOTIFY_FRAME_RESPONSE_ERROR(No response error for cyclic frame IDX=0xdc, CycFrameNum=0, TaskId=0)
0000025668: Notify EC_NOTIFY_CYCCMD_WKC_ERROR(11, 0x10000000, 2, 15)
0000025668: Notify EC_NOTIFY_CYCCMD_WKC_ERROR(10, 0x10000800, 2, 15)
0000025671: Error: System overload: Cycle time too short or huge jitter!
0000025671: SendCycFramesByEntry(0): wFramesMonitoringProcCnt (0) < wFramesMonitoringSndCnt (1)
0000025671: Notify EC_NOTIFY_FRAME_RESPONSE_ERROR(No response error for cyclic frame IDX=0x6, CycFrameNum=0, TaskId=0)
0000025672: Notify EC_NOTIFY_CYCCMD_WKC_ERROR(11, 0x10000000, 2, 15)
0000025672: Notify EC_NOTIFY_CYCCMD_WKC_ERROR(10, 0x10000800, 2, 15)
0000025676: Error: System overload: Cycle time too short or huge jitter!
0000025676: SendCycFramesByEntry(0): wFramesMonitoringProcCnt (0) < wFramesMonitoringSndCnt (1)
0000025676: Notify EC_NOTIFY_FRAME_RESPONSE_ERROR(No response error for cyclic frame IDX=0xf, CycFrameNum=0, TaskId=0)
0000025676: Notify EC_NOTIFY_CYCCMD_WKC_ERROR(11, 0x10000000, 2, 15)
0000025676: Notify EC_NOTIFY_CYCCMD_WKC_ERROR(10, 0x10000800, 2, 15)
0000025677: Error: System overload: Cycle time too short or huge jitter!
0000025677: SendCycFramesByEntry(0): wFramesMonitoringProcCnt (0) < wFramesMonitoringSndCnt (1)
0000025677: Notify EC_NOTIFY_FRAME_RESPONSE_ERROR(No response error for cyclic frame IDX=0x12, CycFrameNum=0, TaskId=0)
0000025678: Error: System overload: Cycle time too short or huge jitter!
0000025678: SendCycFramesByEntry(0): wFramesMonitoringProcCnt (0) < wFramesMonitoringSndCnt (1)
0000025678: Notify EC_NOTIFY_FRAME_RESPONSE_ERROR(No response error for cyclic frame IDX=0x13, CycFrameNum=0, TaskId=0)
0000025678: Error: System overload: Cycle time too short or huge jitter!
0000025678: SendCycFramesByEntry(0): wFramesMonitoringProcCnt (0) < wFramesMonitoringSndCnt (1)
0000025678: Notify EC_NOTIFY_FRAME_RESPONSE_ERROR(No response error for cyclic frame IDX=0x14, CycFrameNum=0, TaskId=0)
0000025679: Notify EC_NOTIFY_CYCCMD_WKC_ERROR(11, 0x10000000, 2, 15)
0000025679: Notify EC_NOTIFY_CYCCMD_WKC_ERROR(10, 0x10000800, 2, 15)
0000025679: Notify EC_NOTIFY_CYCCMD_WKC_ERROR(11, 0x10000000, 2, 15)
0000025679: Notify EC_NOTIFY_CYCCMD_WKC_ERROR(10, 0x10000800, 2, 15)
0000025679: Notify EC_NOTIFY_CYCCMD_WKC_ERROR(11, 0x10000000, 2, 15)
0000025679: Notify EC_NOTIFY_CYCCMD_WKC_ERROR(10, 0x10000800, 2, 15)
0000025681: Error: System overload: Cycle time too short or huge jitter!
0000025681: SendCycFramesByEntry(0): wFramesMonitoringProcCnt (0) < wFramesMonitoringSndCnt (1)
0000025681: Notify EC_NOTIFY_FRAME_RESPONSE_ERROR(No response error for cyclic frame IDX=0x19, CycFrameNum=0, TaskId=0)
0000025681: Error: System overload: Cycle time too short or huge jitter!
0000025681: SendCycFramesByEntry(0): wFramesMonitoringProcCnt (0) < wFramesMonitoringSndCnt (1)
0000025681: Notify EC_NOTIFY_FRAME_RESPONSE_ERROR(No response error for cyclic frame IDX=0x1a, CycFrameNum=0, TaskId=0)
0000025682: Error: System overload: Cycle time too short or huge jitter!
0000025682: SendCycFramesByEntry(0): wFramesMonitoringProcCnt (0) < wFramesMonitoringSndCnt (1)
0000025682: Notify EC_NOTIFY_FRAME_RESPONSE_ERROR(No response error for cyclic frame IDX=0x1b, CycFrameNum=0, TaskId=0)
0000025682: Notify EC_NOTIFY_CYCCMD_WKC_ERROR(11, 0x10000000, 2, 15)
0000025682: Notify EC_NOTIFY_CYCCMD_WKC_ERROR(10, 0x10000800, 2, 15)
0000025682: Notify EC_NOTIFY_CYCCMD_WKC_ERROR(11, 0x10000000, 2, 15)
0000025682: Notify EC_NOTIFY_CYCCMD_WKC_ERROR(10, 0x10000800, 2, 15)
0000025682: Notify EC_NOTIFY_CYCCMD_WKC_ERROR(11, 0x10000000, 2, 15)
0000025682: Notify EC_NOTIFY_CYCCMD_WKC_ERROR(10, 0x10000800, 2, 15)
0000025683: Error: System overload: Cycle time too short or huge jitter!
0000025683: SendCycFramesByEntry(0): wFramesMonitoringProcCnt (0) < wFramesMonitoringSndCnt (1)
0000025683: Notify EC_NOTIFY_FRAME_RESPONSE_ERROR(No response error for cyclic frame IDX=0x1e, CycFrameNum=0, TaskId=0)
0000025684: Error: System overload: Cycle time too short or huge jitter!
0000025684: SendCycFramesByEntry(0): wFramesMonitoringProcCnt (0) < wFramesMonitoringSndCnt (1)
0000025684: Notify EC_NOTIFY_FRAME_RESPONSE_ERROR(No response error for cyclic frame IDX=0x1f, CycFrameNum=0, TaskId=0)
0000025684: Error: System overload: Cycle time too short or huge jitter!
0000025684: SendCycFramesByEntry(0): wFramesMonitoringProcCnt (0) < wFramesMonitoringSndCnt (1)
0000025684: Notify EC_NOTIFY_FRAME_RESPONSE_ERROR(No response error for cyclic frame IDX=0x20, CycFrameNum=0, TaskId=0)
0000025685: Error: System overload: Cycle time too short or huge jitter!
0000025685: SendCycFramesByEntry(0): wFramesMonitoringProcCnt (0) < wFramesMonitoringSndCnt (1)
0000025685: Notify EC_NOTIFY_FRAME_RESPONSE_ERROR(No response error for cyclic frame IDX=0x21, CycFrameNum=0, TaskId=0)
0000025685: Notify EC_NOTIFY_CYCCMD_WKC_ERROR(11, 0x10000000, 2, 15)
0000025685: Notify EC_NOTIFY_CYCCMD_WKC_ERROR(10, 0x10000800, 2, 15)
0000025685: Notify EC_NOTIFY_CYCCMD_WKC_ERROR(11, 0x10000000, 2, 15)
0000025685: Notify EC_NOTIFY_CYCCMD_WKC_ERROR(10, 0x10000800, 2, 15)
0000025685: Notify EC_NOTIFY_CYCCMD_WKC_ERROR(11, 0x10000000, 2, 15)
0000025685: Notify EC_NOTIFY_CYCCMD_WKC_ERROR(10, 0x10000800, 2, 15)
0000025685: Notify EC_NOTIFY_CYCCMD_WKC_ERROR(11, 0x10000000, 2, 15)
0000025685: Notify EC_NOTIFY_CYCCMD_WKC_ERROR(10, 0x10000800, 2, 15)
0000025686: Error: System overload: Cycle time too short or huge jitter!
0000025686: SendCycFramesByEntry(0): wFramesMonitoringProcCnt (0) < wFramesMonitoringSndCnt (1)
0000025686: Notify EC_NOTIFY_FRAME_RESPONSE_ERROR(No response error for cyclic frame IDX=0x23, CycFrameNum=0, TaskId=0)
0000025686: Notify EC_NOTIFY_CYCCMD_WKC_ERROR(11, 0x10000000, 2, 15)
0000025686: Notify EC_NOTIFY_CYCCMD_WKC_ERROR(10, 0x10000800, 2, 15)
0000025687: Error: System overload: Cycle time too short or huge jitter!
0000025687: SendCycFramesByEntry(0): wFramesMonitoringProcCnt (0) < wFramesMonitoringSndCnt (1)
0000025687: Notify EC_NOTIFY_FRAME_RESPONSE_ERROR(No response error for cyclic frame IDX=0x26, CycFrameNum=0, TaskId=0)
0000025688: Notify EC_NOTIFY_CYCCMD_WKC_ERROR(11, 0x10000000, 2, 15)
0000025688: Notify EC_NOTIFY_CYCCMD_WKC_ERROR(10, 0x10000800, 2, 15)
0000025688: Error: System overload: Cycle time too short or huge jitter!
0000025688: SendCycFramesByEntry(0): wFramesMonitoringProcCnt (0) < wFramesMonitoringSndCnt (1)
0000025688: Notify EC_NOTIFY_FRAME_RESPONSE_ERROR(No response error for cyclic frame IDX=0x28, CycFrameNum=0, TaskId=0)
0000025689: Notify EC_NOTIFY_CYCCMD_WKC_ERROR(11, 0x10000000, 2, 15)
0000025689: Notify EC_NOTIFY_CYCCMD_WKC_ERROR(10, 0x10000800, 2, 15)
0000025689: Error: System overload: Cycle time too short or huge jitter!
0000025689: SendCycFramesByEntry(0): wFramesMonitoringProcCnt (0) < wFramesMonitoringSndCnt (1)
0000025689: Notify EC_NOTIFY_FRAME_RESPONSE_ERROR(No response error for cyclic frame IDX=0x2a, CycFrameNum=0, TaskId=0)
0000025690: Error: System overload: Cycle time too short or huge jitter!
0000025690: SendCycFramesByEntry(0): wFramesMonitoringProcCnt (0) < wFramesMonitoringSndCnt (1)
0000025690: Notify EC_NOTIFY_FRAME_RESPONSE_ERROR(No response error for cyclic frame IDX=0x2b, CycFrameNum=0, TaskId=0)
0000025690: Error: System overload: Cycle time too short or huge jitter!
0000025690: SendCycFramesByEntry(0): wFramesMonitoringProcCnt (0) < wFramesMonitoringSndCnt (1)
0000025690: Notify EC_NOTIFY_FRAME_RESPONSE_ERROR(No response error for cyclic frame IDX=0x2c, CycFrameNum=0, TaskId=0)
0000025691: Notify EC_NOTIFY_CYCCMD_WKC_ERROR(11, 0x10000000, 2, 15)
0000025691: Notify EC_NOTIFY_CYCCMD_WKC_ERROR(10, 0x10000800, 2, 15)
0000025691: Notify EC_NOTIFY_CYCCMD_WKC_ERROR(11, 0x10000000, 2, 15)
0000025691: Notify EC_NOTIFY_CYCCMD_WKC_ERROR(10, 0x10000800, 2, 15)
0000025691: Notify EC_NOTIFY_CYCCMD_WKC_ERROR(11, 0x10000000, 2, 15)
0000025691: Notify EC_NOTIFY_CYCCMD_WKC_ERROR(10, 0x10000800, 2, 15)
0000025692: Error: System overload: Cycle time too short or huge jitter!
0000025692: SendCycFramesByEntry(0): wFramesMonitoringProcCnt (0) < wFramesMonitoringSndCnt (1)
0000025692: Notify EC_NOTIFY_FRAME_RESPONSE_ERROR(No response error for cyclic frame IDX=0x2f, CycFrameNum=0, TaskId=0)
0000025692: Notify EC_NOTIFY_CYCCMD_WKC_ERROR(11, 0x10000000, 2, 15)
0000025692: Notify EC_NOTIFY_CYCCMD_WKC_ERROR(10, 0x10000800, 2, 15)
0000025693: Error: System overload: Cycle time too short or huge jitter!
0000025693: SendCycFramesByEntry(0): wFramesMonitoringProcCnt (0) < wFramesMonitoringSndCnt (1)
0000025693: Notify EC_NOTIFY_FRAME_RESPONSE_ERROR(No response error for cyclic frame IDX=0x32, CycFrameNum=0, TaskId=0)
0000025694: Notify EC_NOTIFY_CYCCMD_WKC_ERROR(11, 0x10000000, 2, 15)
0000025694: Notify EC_NOTIFY_CYCCMD_WKC_ERROR(10, 0x10000800, 2, 15)
0000025694: Error: System overload: Cycle time too short or huge jitter!
0000025694: SendCycFramesByEntry(0): wFramesMonitoringProcCnt (0) < wFramesMonitoringSndCnt (1)
0000025694: Notify EC_NOTIFY_FRAME_RESPONSE_ERROR(No response error for cyclic frame IDX=0x34, CycFrameNum=0, TaskId=0)
0000025695: Error: System overload: Cycle time too short or huge jitter!
0000025695: SendCycFramesByEntry(0): wFramesMonitoringProcCnt (0) < wFramesMonitoringSndCnt (1)
0000025695: Notify EC_NOTIFY_FRAME_RESPONSE_ERROR(No response error for cyclic frame IDX=0x35, CycFrameNum=0, TaskId=0)
0000025695: Notify EC_NOTIFY_CYCCMD_WKC_ERROR(11, 0x10000000, 2, 15)
0000025695: Notify EC_NOTIFY_CYCCMD_WKC_ERROR(10, 0x10000800, 2, 15)
0000025695: Notify EC_NOTIFY_CYCCMD_WKC_ERROR(11, 0x10000000, 2, 15)
0000025695: Notify EC_NOTIFY_CYCCMD_WKC_ERROR(10, 0x10000800, 2, 15)
0000025698: Error: System overload: Cycle time too short or huge jitter!
0000025698: SendCycFramesByEntry(0): wFramesMonitoringProcCnt (0) < wFramesMonitoringSndCnt (1)
0000025698: Notify EC_NOTIFY_FRAME_RESPONSE_ERROR(No response error for cyclic frame IDX=0x3c, CycFrameNum=0, TaskId=0)
0000025699: Notify EC_NOTIFY_CYCCMD_WKC_ERROR(11, 0x10000000, 2, 15)
0000025699: Notify EC_NOTIFY_CYCCMD_WKC_ERROR(10, 0x10000800, 2, 15)
0000025699: Error: System overload: Cycle time too short or huge jitter!
0000025699: SendCycFramesByEntry(0): wFramesMonitoringProcCnt (0) < wFramesMonitoringSndCnt (1)
0000025699: Notify EC_NOTIFY_FRAME_RESPONSE_ERROR(No response error for cyclic frame IDX=0x3e, CycFrameNum=0, TaskId=0)
0000025700: Notify EC_NOTIFY_CYCCMD_WKC_ERROR(11, 0x10000000, 2, 15)
0000025700: Notify EC_NOTIFY_CYCCMD_WKC_ERROR(10, 0x10000800, 2, 15)
0000025700: Error: System overload: Cycle time too short or huge jitter!
0000025700: SendCycFramesByEntry(0): wFramesMonitoringProcCnt (0) < wFramesMonitoringSndCnt (1)
0000025700: Notify EC_NOTIFY_FRAME_RESPONSE_ERROR(No response error for cyclic frame IDX=0x40, CycFrameNum=0, TaskId=0)
0000025701: Notify EC_NOTIFY_CYCCMD_WKC_ERROR(11, 0x10000000, 2, 15)
0000025701: Notify EC_NOTIFY_CYCCMD_WKC_ERROR(10, 0x10000800, 2, 15)
0000025704: Error: System overload: Cycle time too short or huge jitter!
0000025704: SendCycFramesByEntry(0): wFramesMonitoringProcCnt (0) < wFramesMonitoringSndCnt (1)
0000025704: Notify EC_NOTIFY_FRAME_RESPONSE_ERROR(No response error for cyclic frame IDX=0x47, CycFrameNum=0, TaskId=0)
0000025704: Notify EC_NOTIFY_CYCCMD_WKC_ERROR(11, 0x10000000, 2, 15)
0000025704: Notify EC_NOTIFY_CYCCMD_WKC_ERROR(10, 0x10000800, 2, 15)
0000025705: Notify EC_NOTIFY_CYCCMD_WKC_ERROR(11, 0x10000000, 2, 15)
0000025705: Notify EC_NOTIFY_CYCCMD_WKC_ERROR(10, 0x10000800, 2, 15)
0000025708: Error: System overload: Cycle time too short or huge jitter!
0000025708: SendCycFramesByEntry(0): wFramesMonitoringProcCnt (0) < wFramesMonitoringSndCnt (1)
0000025708: Notify EC_NOTIFY_FRAME_RESPONSE_ERROR(No response error for cyclic frame IDX=0x4f, CycFrameNum=0, TaskId=0)
0000025708: Notify EC_NOTIFY_CYCCMD_WKC_ERROR(11, 0x10000000, 2, 15)
0000025708: Notify EC_NOTIFY_CYCCMD_WKC_ERROR(10, 0x10000800, 2, 15)
0000025709: Error: System overload: Cycle time too short or huge jitter!
0000025709: SendCycFramesByEntry(0): wFramesMonitoringProcCnt (0) < wFramesMonitoringSndCnt (1)
0000025709: Notify EC_NOTIFY_FRAME_RESPONSE_ERROR(No response error for cyclic frame IDX=0x51, CycFrameNum=0, TaskId=0)
0000025709: Notify EC_NOTIFY_CYCCMD_WKC_ERROR(11, 0x10000000, 2, 15)
0000025709: Notify EC_NOTIFY_CYCCMD_WKC_ERROR(10, 0x10000800, 2, 15)
0000025710: Error: System overload: Cycle time too short or huge jitter!
0000025710: SendCycFramesByEntry(0): wFramesMonitoringProcCnt (0) < wFramesMonitoringSndCnt (1)
0000025710: Notify EC_NOTIFY_FRAME_RESPONSE_ERROR(No response error for cyclic frame IDX=0x54, CycFrameNum=0, TaskId=0)
0000025711: Notify EC_NOTIFY_CYCCMD_WKC_ERROR(11, 0x10000000, 2, 15)
0000025711: Notify EC_NOTIFY_CYCCMD_WKC_ERROR(10, 0x10000800, 2, 15)
0000025712: Error: System overload: Cycle time too short or huge jitter!
0000025712: SendCycFramesByEntry(0): wFramesMonitoringProcCnt (0) < wFramesMonitoringSndCnt (1)
0000025712: Notify EC_NOTIFY_FRAME_RESPONSE_ERROR(No response error for cyclic frame IDX=0x57, CycFrameNum=0, TaskId=0)
0000025712: Error: System overload: Cycle time too short or huge jitter!
0000025712: SendCycFramesByEntry(0): wFramesMonitoringProcCnt (0) < wFramesMonitoringSndCnt (1)
0000025712: Notify EC_NOTIFY_FRAME_RESPONSE_ERROR(No response error for cyclic frame IDX=0x58, CycFrameNum=0, TaskId=0)
0000025713: Error: System overload: Cycle time too short or huge jitter!
0000025713: SendCycFramesByEntry(0): wFramesMonitoringProcCnt (0) < wFramesMonitoringSndCnt (1)
0000025713: Notify EC_NOTIFY_FRAME_RESPONSE_ERROR(No response error for cyclic frame IDX=0x59, CycFrameNum=0, TaskId=0)
0000025713: Notify EC_NOTIFY_CYCCMD_WKC_ERROR(11, 0x10000000, 2, 15)
0000025713: Notify EC_NOTIFY_CYCCMD_WKC_ERROR(10, 0x10000800, 2, 15)
0000025713: Notify EC_NOTIFY_CYCCMD_WKC_ERROR(11, 0x10000000, 2, 15)
0000025713: Notify EC_NOTIFY_CYCCMD_WKC_ERROR(10, 0x10000800, 2, 15)
0000025713: Notify EC_NOTIFY_CYCCMD_WKC_ERROR(11, 0x10000000, 2, 15)
0000025713: Notify EC_NOTIFY_CYCCMD_WKC_ERROR(10, 0x10000800, 2, 15)
0000025714: Error: System overload: Cycle time too short or huge jitter!
0000025714: SendCycFramesByEntry(0): wFramesMonitoringProcCnt (0) < wFramesMonitoringSndCnt (1)
0000025714: Notify EC_NOTIFY_FRAME_RESPONSE_ERROR(No response error for cyclic frame IDX=0x5b, CycFrameNum=0, TaskId=0)
0000025714: Notify EC_NOTIFY_CYCCMD_WKC_ERROR(11, 0x10000000, 2, 15)
0000025714: Notify EC_NOTIFY_CYCCMD_WKC_ERROR(10, 0x10000800, 2, 15)
0000025715: Notify EC_NOTIFY_CYCCMD_WKC_ERROR(11, 0x10000000, 2, 15)
0000025715: Notify EC_NOTIFY_CYCCMD_WKC_ERROR(10, 0x10000800, 2, 15)
0000025716: Error: System overload: Cycle time too short or huge jitter!
0000025716: SendCycFramesByEntry(0): wFramesMonitoringProcCnt (0) < wFramesMonitoringSndCnt (1)
0000025716: Notify EC_NOTIFY_FRAME_RESPONSE_ERROR(No response error for cyclic frame IDX=0x5f, CycFrameNum=0, TaskId=0)
0000025716: Error: System overload: Cycle time too short or huge jitter!
0000025716: SendCycFramesByEntry(0): wFramesMonitoringProcCnt (0) < wFramesMonitoringSndCnt (1)
0000025716: Notify EC_NOTIFY_FRAME_RESPONSE_ERROR(No response error for cyclic frame IDX=0x60, CycFrameNum=0, TaskId=0)
0000025717: Notify EC_NOTIFY_CYCCMD_WKC_ERROR(11, 0x10000000, 2, 15)
0000025717: Notify EC_NOTIFY_CYCCMD_WKC_ERROR(10, 0x10000800, 2, 15)
0000025717: Notify EC_NOTIFY_CYCCMD_WKC_ERROR(11, 0x10000000, 2, 15)
0000025717: Notify EC_NOTIFY_CYCCMD_WKC_ERROR(10, 0x10000800, 2, 15)
0000025718: Error: System overload: Cycle time too short or huge jitter!
0000025718: SendCycFramesByEntry(0): wFramesMonitoringProcCnt (0) < wFramesMonitoringSndCnt (1)
0000025718: Notify EC_NOTIFY_FRAME_RESPONSE_ERROR(No response error for cyclic frame IDX=0x64, CycFrameNum=0, TaskId=0)
0000025719: Notify EC_NOTIFY_CYCCMD_WKC_ERROR(11, 0x10000000, 2, 15)
0000025719: Notify EC_NOTIFY_CYCCMD_WKC_ERROR(10, 0x10000800, 2, 15)
0000025721: Error: System overload: Cycle time too short or huge jitter!
0000025721: SendCycFramesByEntry(0): wFramesMonitoringProcCnt (0) < wFramesMonitoringSndCnt (1)
0000025721: Notify EC_NOTIFY_FRAME_RESPONSE_ERROR(No response error for cyclic frame IDX=0x69, CycFrameNum=0, TaskId=0)
0000025721: Notify EC_NOTIFY_CYCCMD_WKC_ERROR(11, 0x10000000, 2, 15)
0000025721: Notify EC_NOTIFY_CYCCMD_WKC_ERROR(10, 0x10000800, 2, 15)
0000025723: Error: System overload: Cycle time too short or huge jitter!
0000025723: SendCycFramesByEntry(0): wFramesMonitoringProcCnt (0) < wFramesMonitoringSndCnt (1)
0000025723: Notify EC_NOTIFY_FRAME_RESPONSE_ERROR(No response error for cyclic frame IDX=0x6e, CycFrameNum=0, TaskId=0)
0000025724: Notify EC_NOTIFY_CYCCMD_WKC_ERROR(11, 0x10000000, 2, 15)
0000025724: Notify EC_NOTIFY_CYCCMD_WKC_ERROR(10, 0x10000800, 2, 15)
0000025725: Error: System overload: Cycle time too short or huge jitter!
0000025725: SendCycFramesByEntry(0): wFramesMonitoringProcCnt (0) < wFramesMonitoringSndCnt (1)
0000025725: Notify EC_NOTIFY_FRAME_RESPONSE_ERROR(No response error for cyclic frame IDX=0x71, CycFrameNum=0, TaskId=0)
0000025725: Notify EC_NOTIFY_CYCCMD_WKC_ERROR(11, 0x10000000, 2, 15)
0000025725: Notify EC_NOTIFY_CYCCMD_WKC_ERROR(10, 0x10000800, 2, 15)
0000025727: Error: System overload: Cycle time too short or huge jitter!
0000025727: SendCycFramesByEntry(0): wFramesMonitoringProcCnt (0) < wFramesMonitoringSndCnt (1)
0000025727: Notify EC_NOTIFY_FRAME_RESPONSE_ERROR(No response error for cyclic frame IDX=0x75, CycFrameNum=0, TaskId=0)
0000025727: Error: System overload: Cycle time too short or huge jitter!
0000025727: SendCycFramesByEntry(0): wFramesMonitoringProcCnt (0) < wFramesMonitoringSndCnt (1)
0000025727: Notify EC_NOTIFY_FRAME_RESPONSE_ERROR(No response error for cyclic frame IDX=0x76, CycFrameNum=0, TaskId=0)
0000025728: Notify EC_NOTIFY_CYCCMD_WKC_ERROR(11, 0x10000000, 2, 15)
0000025728: Notify EC_NOTIFY_CYCCMD_WKC_ERROR(10, 0x10000800, 2, 15)
0000025728: Notify EC_NOTIFY_CYCCMD_WKC_ERROR(11, 0x10000000, 2, 15)
0000025728: Notify EC_NOTIFY_CYCCMD_WKC_ERROR(10, 0x10000800, 2, 15)
0000025728: Error: System overload: Cycle time too short or huge jitter!
0000025728: SendCycFramesByEntry(0): wFramesMonitoringProcCnt (0) < wFramesMonitoringSndCnt (1)
0000025728: Notify EC_NOTIFY_FRAME_RESPONSE_ERROR(No response error for cyclic frame IDX=0x78, CycFrameNum=0, TaskId=0)
0000025729: Notify EC_NOTIFY_CYCCMD_WKC_ERROR(11, 0x10000000, 2, 15)
0000025729: Notify EC_NOTIFY_CYCCMD_WKC_ERROR(10, 0x10000800, 2, 15)
0000025731: Error: System overload: Cycle time too short or huge jitter!
0000025731: SendCycFramesByEntry(0): wFramesMonitoringProcCnt (0) < wFramesMonitoringSndCnt (1)
0000025731: Notify EC_NOTIFY_FRAME_RESPONSE_ERROR(No response error for cyclic frame IDX=0x7d, CycFrameNum=0, TaskId=0)
0000025731: Notify EC_NOTIFY_CYCCMD_WKC_ERROR(11, 0x10000000, 2, 15)
0000025731: Notify EC_NOTIFY_CYCCMD_WKC_ERROR(10, 0x10000800, 2, 15)
0000025733: Error: System overload: Cycle time too short or huge jitter!
0000025733: SendCycFramesByEntry(0): wFramesMonitoringProcCnt (0) < wFramesMonitoringSndCnt (1)
0000025733: Notify EC_NOTIFY_FRAME_RESPONSE_ERROR(No response error for cyclic frame IDX=0x81, CycFrameNum=0, TaskId=0)
0000025733: Notify EC_NOTIFY_CYCCMD_WKC_ERROR(11, 0x10000000, 2, 15)
0000025733: Notify EC_NOTIFY_CYCCMD_WKC_ERROR(10, 0x10000800, 2, 15)
0000025734: Error: System overload: Cycle time too short or huge jitter!
0000025734: SendCycFramesByEntry(0): wFramesMonitoringProcCnt (0) < wFramesMonitoringSndCnt (1)
0000025734: Notify EC_NOTIFY_FRAME_RESPONSE_ERROR(No response error for cyclic frame IDX=0x84, CycFrameNum=0, TaskId=0)
0000025735: Notify EC_NOTIFY_CYCCMD_WKC_ERROR(11, 0x10000000, 2, 15)
0000025735: Notify EC_NOTIFY_CYCCMD_WKC_ERROR(10, 0x10000800, 2, 15)
0000025735: Notify EC_NOTIFY_CYCCMD_WKC_ERROR(11, 0x10000000, 2, 15)
0000025735: Notify EC_NOTIFY_CYCCMD_WKC_ERROR(10, 0x10000800, 2, 15)
0000025738: Error: System overload: Cycle time too short or huge jitter!
0000025738: SendCycFramesByEntry(0): wFramesMonitoringProcCnt (0) < wFramesMonitoringSndCnt (1)
0000025738: Notify EC_NOTIFY_FRAME_RESPONSE_ERROR(No response error for cyclic frame IDX=0x8b, CycFrameNum=0, TaskId=0)
0000025738: Notify EC_NOTIFY_CYCCMD_WKC_ERROR(11, 0x10000000, 2, 15)
0000025738: Notify EC_NOTIFY_CYCCMD_WKC_ERROR(10, 0x10000800, 2, 15)
0000025739: Error: System overload: Cycle time too short or huge jitter!
0000025739: SendCycFramesByEntry(0): wFramesMonitoringProcCnt (0) < wFramesMonitoringSndCnt (1)
0000025739: Notify EC_NOTIFY_FRAME_RESPONSE_ERROR(No response error for cyclic frame IDX=0x8e, CycFrameNum=0, TaskId=0)
0000025740: Notify EC_NOTIFY_CYCCMD_WKC_ERROR(11, 0x10000000, 2, 15)
0000025740: Notify EC_NOTIFY_CYCCMD_WKC_ERROR(10, 0x10000800, 2, 15)
0000025740: Error: System overload: Cycle time too short or huge jitter!
0000025740: SendCycFramesByEntry(0): wFramesMonitoringProcCnt (0) < wFramesMonitoringSndCnt (1)
0000025740: Notify EC_NOTIFY_FRAME_RESPONSE_ERROR(No response error for cyclic frame IDX=0x90, CycFrameNum=0, TaskId=0)
0000025741: Error: System overload: Cycle time too short or huge jitter!
0000025741: SendCycFramesByEntry(0): wFramesMonitoringProcCnt (0) < wFramesMonitoringSndCnt (1)
0000025741: Notify EC_NOTIFY_FRAME_RESPONSE_ERROR(No response error for cyclic frame IDX=0x91, CycFrameNum=0, TaskId=0)
0000025741: Error: System overload: Cycle time too short or huge jitter!
0000025741: SendCycFramesByEntry(0): wFramesMonitoringProcCnt (0) < wFramesMonitoringSndCnt (1)
0000025741: Notify EC_NOTIFY_FRAME_RESPONSE_ERROR(No response error for cyclic frame IDX=0x92, CycFrameNum=0, TaskId=0)
0000025742: Error: System overload: Cycle time too short or huge jitter!
0000025742: SendCycFramesByEntry(0): wFramesMonitoringProcCnt (0) < wFramesMonitoringSndCnt (1)
0000025742: Notify EC_NOTIFY_FRAME_RESPONSE_ERROR(No response error for cyclic frame IDX=0x93, CycFrameNum=0, TaskId=0)
0000025742: Notify EC_NOTIFY_CYCCMD_WKC_ERROR(11, 0x10000000, 2, 15)
0000025742: Notify EC_NOTIFY_CYCCMD_WKC_ERROR(10, 0x10000800, 2, 15)
0000025742: Notify EC_NOTIFY_CYCCMD_WKC_ERROR(11, 0x10000000, 2, 15)
0000025742: Notify EC_NOTIFY_CYCCMD_WKC_ERROR(10, 0x10000800, 2, 15)
0000025742: Notify EC_NOTIFY_CYCCMD_WKC_ERROR(11, 0x10000000, 2, 15)
0000025742: Notify EC_NOTIFY_CYCCMD_WKC_ERROR(10, 0x10000800, 2, 15)
0000025742: Notify EC_NOTIFY_CYCCMD_WKC_ERROR(11, 0x10000000, 2, 15)
0000025742: Notify EC_NOTIFY_CYCCMD_WKC_ERROR(10, 0x10000800, 2, 15)
0000025743: Error: System overload: Cycle time too short or huge jitter!
0000025743: SendCycFramesByEntry(0): wFramesMonitoringProcCnt (0) < wFramesMonitoringSndCnt (1)
0000025743: Notify EC_NOTIFY_FRAME_RESPONSE_ERROR(No response error for cyclic frame IDX=0x95, CycFrameNum=0, TaskId=0)
0000025743: Notify EC_NOTIFY_CYCCMD_WKC_ERROR(11, 0x10000000, 2, 15)
0000025743: Notify EC_NOTIFY_CYCCMD_WKC_ERROR(10, 0x10000800, 2, 15)
0000025744: Error: System overload: Cycle time too short or huge jitter!
0000025744: SendCycFramesByEntry(0): wFramesMonitoringProcCnt (0) < wFramesMonitoringSndCnt (1)
0000025744: Notify EC_NOTIFY_FRAME_RESPONSE_ERROR(No response error for cyclic frame IDX=0x97, CycFrameNum=0, TaskId=0)
0000025744: Notify EC_NOTIFY_CYCCMD_WKC_ERROR(11, 0x10000000, 2, 15)
0000025744: Notify EC_NOTIFY_CYCCMD_WKC_ERROR(10, 0x10000800, 2, 15)
0000025745: Notify EC_NOTIFY_CYCCMD_WKC_ERROR(11, 0x10000000, 2, 15)
0000025745: Notify EC_NOTIFY_CYCCMD_WKC_ERROR(10, 0x10000800, 2, 15)
0000025746: Error: System overload: Cycle time too short or huge jitter!
0000025746: SendCycFramesByEntry(0): wFramesMonitoringProcCnt (0) < wFramesMonitoringSndCnt (1)
0000025746: Notify EC_NOTIFY_FRAME_RESPONSE_ERROR(No response error for cyclic frame IDX=0x9b, CycFrameNum=0, TaskId=0)
0000025746: Notify EC_NOTIFY_CYCCMD_WKC_ERROR(11, 0x10000000, 2, 15)
0000025746: Notify EC_NOTIFY_CYCCMD_WKC_ERROR(10, 0x10000800, 2, 15)
0000025748: Error: System overload: Cycle time too short or huge jitter!
0000025748: SendCycFramesByEntry(0): wFramesMonitoringProcCnt (0) < wFramesMonitoringSndCnt (1)
0000025748: Notify EC_NOTIFY_FRAME_RESPONSE_ERROR(No response error for cyclic frame IDX=0x9f, CycFrameNum=0, TaskId=0)
0000025748: Notify EC_NOTIFY_CYCCMD_WKC_ERROR(11, 0x10000000, 2, 15)
0000025748: Notify EC_NOTIFY_CYCCMD_WKC_ERROR(10, 0x10000800, 2, 15)
0000025749: Error: System overload: Cycle time too short or huge jitter!
0000025749: SendCycFramesByEntry(0): wFramesMonitoringProcCnt (0) < wFramesMonitoringSndCnt (1)
0000025749: Notify EC_NOTIFY_FRAME_RESPONSE_ERROR(No response error for cyclic frame IDX=0xa2, CycFrameNum=0, TaskId=0)
0000025750: Error: System overload: Cycle time too short or huge jitter!
0000025750: SendCycFramesByEntry(0): wFramesMonitoringProcCnt (0) < wFramesMonitoringSndCnt (1)
0000025750: Notify EC_NOTIFY_FRAME_RESPONSE_ERROR(No response error for cyclic frame IDX=0xa3, CycFrameNum=0, TaskId=0)
0000025750: Notify EC_NOTIFY_CYCCMD_WKC_ERROR(11, 0x10000000, 2, 15)
0000025750: Notify EC_NOTIFY_CYCCMD_WKC_ERROR(10, 0x10000800, 2, 15)
0000025750: Notify EC_NOTIFY_CYCCMD_WKC_ERROR(11, 0x10000000, 2, 15)
0000025750: Notify EC_NOTIFY_CYCCMD_WKC_ERROR(10, 0x10000800, 2, 15)
0000025751: Error: System overload: Cycle time too short or huge jitter!
0000025751: SendCycFramesByEntry(0): wFramesMonitoringProcCnt (0) < wFramesMonitoringSndCnt (1)
0000025751: Notify EC_NOTIFY_FRAME_RESPONSE_ERROR(No response error for cyclic frame IDX=0xa6, CycFrameNum=0, TaskId=0)
0000025752: Notify EC_NOTIFY_CYCCMD_WKC_ERROR(11, 0x10000000, 2, 15)
0000025752: Notify EC_NOTIFY_CYCCMD_WKC_ERROR(10, 0x10000800, 2, 15)
0000025753: Error: System overload: Cycle time too short or huge jitter!
0000025753: SendCycFramesByEntry(0): wFramesMonitoringProcCnt (0) < wFramesMonitoringSndCnt (1)
0000025753: Notify EC_NOTIFY_FRAME_RESPONSE_ERROR(No response error for cyclic frame IDX=0xa9, CycFrameNum=0, TaskId=0)
0000025753: Notify EC_NOTIFY_CYCCMD_WKC_ERROR(11, 0x10000000, 2, 15)
0000025753: Notify EC_NOTIFY_CYCCMD_WKC_ERROR(10, 0x10000800, 2, 15)
0000025754: Error: System overload: Cycle time too short or huge jitter!
0000025754: SendCycFramesByEntry(0): wFramesMonitoringProcCnt (0) < wFramesMonitoringSndCnt (1)
0000025754: Notify EC_NOTIFY_FRAME_RESPONSE_ERROR(No response error for cyclic frame IDX=0xab, CycFrameNum=0, TaskId=0)
0000025754: Notify EC_NOTIFY_CYCCMD_WKC_ERROR(11, 0x10000000, 2, 15)
0000025754: Notify EC_NOTIFY_CYCCMD_WKC_ERROR(10, 0x10000800, 2, 15)
0000025755: Error: System overload: Cycle time too short or huge jitter!
0000025755: SendCycFramesByEntry(0): wFramesMonitoringProcCnt (0) < wFramesMonitoringSndCnt (1)
0000025755: Notify EC_NOTIFY_FRAME_RESPONSE_ERROR(No response error for cyclic frame IDX=0xad, CycFrameNum=0, TaskId=0)
0000025755: Notify EC_NOTIFY_CYCCMD_WKC_ERROR(11, 0x10000000, 2, 15)
0000025755: Notify EC_NOTIFY_CYCCMD_WKC_ERROR(10, 0x10000800, 2, 15)
0000025758: Error: System overload: Cycle time too short or huge jitter!
0000025758: SendCycFramesByEntry(0): wFramesMonitoringProcCnt (0) < wFramesMonitoringSndCnt (1)
0000025758: Notify EC_NOTIFY_FRAME_RESPONSE_ERROR(No response error for cyclic frame IDX=0xb3, CycFrameNum=0, TaskId=0)
0000025758: Error: System overload: Cycle time too short or huge jitter!
0000025758: SendCycFramesByEntry(0): wFramesMonitoringProcCnt (0) < wFramesMonitoringSndCnt (1)
0000025758: Notify EC_NOTIFY_FRAME_RESPONSE_ERROR(No response error for cyclic frame IDX=0xb4, CycFrameNum=0, TaskId=0)
0000025759: Error: System overload: Cycle time too short or huge jitter!
0000025759: SendCycFramesByEntry(0): wFramesMonitoringProcCnt (0) < wFramesMonitoringSndCnt (1)
0000025759: Notify EC_NOTIFY_FRAME_RESPONSE_ERROR(No response error for cyclic frame IDX=0xb5, CycFrameNum=0, TaskId=0)
0000025759: Notify EC_NOTIFY_CYCCMD_WKC_ERROR(11, 0x10000000, 2, 15)
0000025759: Notify EC_NOTIFY_CYCCMD_WKC_ERROR(10, 0x10000800, 2, 15)
0000025759: Notify EC_NOTIFY_CYCCMD_WKC_ERROR(11, 0x10000000, 2, 15)
0000025759: Notify EC_NOTIFY_CYCCMD_WKC_ERROR(10, 0x10000800, 2, 15)
0000025759: Notify EC_NOTIFY_CYCCMD_WKC_ERROR(11, 0x10000000, 2, 15)
0000025759: Notify EC_NOTIFY_CYCCMD_WKC_ERROR(10, 0x10000800, 2, 15)
0000025760: Error: System overload: Cycle time too short or huge jitter!
0000025760: SendCycFramesByEntry(0): wFramesMonitoringProcCnt (0) < wFramesMonitoringSndCnt (1)
0000025760: Notify EC_NOTIFY_FRAME_RESPONSE_ERROR(No response error for cyclic frame IDX=0xb7, CycFrameNum=0, TaskId=0)
0000025760: Notify EC_NOTIFY_CYCCMD_WKC_ERROR(11, 0x10000000, 2, 15)
0000025760: Notify EC_NOTIFY_CYCCMD_WKC_ERROR(10, 0x10000800, 2, 15)
0000025761: Error: System overload: Cycle time too short or huge jitter!
0000025761: SendCycFramesByEntry(0): wFramesMonitoringProcCnt (0) < wFramesMonitoringSndCnt (1)
0000025761: Notify EC_NOTIFY_FRAME_RESPONSE_ERROR(No response error for cyclic frame IDX=0xb9, CycFrameNum=0, TaskId=0)
0000025761: Notify EC_NOTIFY_CYCCMD_WKC_ERROR(11, 0x10000000, 2, 15)
0000025761: Notify EC_NOTIFY_CYCCMD_WKC_ERROR(10, 0x10000800, 2, 15)
0000025762: Error: System overload: Cycle time too short or huge jitter!
0000025762: SendCycFramesByEntry(0): wFramesMonitoringProcCnt (0) < wFramesMonitoringSndCnt (1)
0000025762: Notify EC_NOTIFY_FRAME_RESPONSE_ERROR(No response error for cyclic frame IDX=0xbc, CycFrameNum=0, TaskId=0)
0000025763: Notify EC_NOTIFY_CYCCMD_WKC_ERROR(11, 0x10000000, 2, 15)
0000025763: Notify EC_NOTIFY_CYCCMD_WKC_ERROR(10, 0x10000800, 2, 15)
0000025765: Error: System overload: Cycle time too short or huge jitter!
0000025765: SendCycFramesByEntry(0): wFramesMonitoringProcCnt (0) < wFramesMonitoringSndCnt (1)
0000025765: Notify EC_NOTIFY_FRAME_RESPONSE_ERROR(No response error for cyclic frame IDX=0xc1, CycFrameNum=0, TaskId=0)
0000025765: Notify EC_NOTIFY_CYCCMD_WKC_ERROR(11, 0x10000000, 2, 15)
0000025765: Notify EC_NOTIFY_CYCCMD_WKC_ERROR(10, 0x10000800, 2, 15)
0000025766: Error: System overload: Cycle time too short or huge jitter!
0000025766: SendCycFramesByEntry(0): wFramesMonitoringProcCnt (0) < wFramesMonitoringSndCnt (1)
0000025766: Notify EC_NOTIFY_FRAME_RESPONSE_ERROR(No response error for cyclic frame IDX=0xc3, CycFrameNum=0, TaskId=0)
0000025766: Notify EC_NOTIFY_CYCCMD_WKC_ERROR(11, 0x10000000, 2, 15)
0000025766: Notify EC_NOTIFY_CYCCMD_WKC_ERROR(10, 0x10000800, 2, 15)
0000025767: Error: System overload: Cycle time too short or huge jitter!
0000025767: SendCycFramesByEntry(0): wFramesMonitoringProcCnt (0) < wFramesMonitoringSndCnt (1)
0000025767: Notify EC_NOTIFY_FRAME_RESPONSE_ERROR(No response error for cyclic frame IDX=0xc6, CycFrameNum=0, TaskId=0)
0000025768: Notify EC_NOTIFY_CYCCMD_WKC_ERROR(11, 0x10000000, 2, 15)
0000025768: Notify EC_NOTIFY_CYCCMD_WKC_ERROR(10, 0x10000800, 2, 15)
0000025768: Error: System overload: Cycle time too short or huge jitter!
0000025768: SendCycFramesByEntry(0): wFramesMonitoringProcCnt (0) < wFramesMonitoringSndCnt (1)
0000025768: Notify EC_NOTIFY_FRAME_RESPONSE_ERROR(No response error for cyclic frame IDX=0xc8, CycFrameNum=0, TaskId=0)
0000025769: Error: System overload: Cycle time too short or huge jitter!
0000025769: SendCycFramesByEntry(0): wFramesMonitoringProcCnt (0) < wFramesMonitoringSndCnt (1)
0000025769: Notify EC_NOTIFY_FRAME_RESPONSE_ERROR(No response error for cyclic frame IDX=0xc9, CycFrameNum=0, TaskId=0)
0000025769: Notify EC_NOTIFY_CYCCMD_WKC_ERROR(11, 0x10000000, 2, 15)
0000025769: Notify EC_NOTIFY_CYCCMD_WKC_ERROR(10, 0x10000800, 2, 15)
0000025769: Notify EC_NOTIFY_CYCCMD_WKC_ERROR(11, 0x10000000, 2, 15)
0000025769: Notify EC_NOTIFY_CYCCMD_WKC_ERROR(10, 0x10000800, 2, 15)
0000025770: Error: System overload: Cycle time too short or huge jitter!
0000025770: SendCycFramesByEntry(0): wFramesMonitoringProcCnt (0) < wFramesMonitoringSndCnt (1)
0000025770: Notify EC_NOTIFY_FRAME_RESPONSE_ERROR(No response error for cyclic frame IDX=0xcb, CycFrameNum=0, TaskId=0)
0000025770: Notify EC_NOTIFY_CYCCMD_WKC_ERROR(11, 0x10000000, 2, 15)
0000025770: Notify EC_NOTIFY_CYCCMD_WKC_ERROR(10, 0x10000800, 2, 15)
0000025771: Error: System overload: Cycle time too short or huge jitter!
0000025771: SendCycFramesByEntry(0): wFramesMonitoringProcCnt (0) < wFramesMonitoringSndCnt (1)
0000025771: Notify EC_NOTIFY_FRAME_RESPONSE_ERROR(No response error for cyclic frame IDX=0xcd, CycFrameNum=0, TaskId=0)
0000025771: Notify EC_NOTIFY_CYCCMD_WKC_ERROR(11, 0x10000000, 2, 15)
0000025771: Notify EC_NOTIFY_CYCCMD_WKC_ERROR(10, 0x10000800, 2, 15)
0000025775: Error: System overload: Cycle time too short or huge jitter!
0000025775: SendCycFramesByEntry(0): wFramesMonitoringProcCnt (0) < wFramesMonitoringSndCnt (1)
0000025775: Notify EC_NOTIFY_FRAME_RESPONSE_ERROR(No response error for cyclic frame IDX=0xd5, CycFrameNum=0, TaskId=0)
0000025775: Notify EC_NOTIFY_CYCCMD_WKC_ERROR(11, 0x10000000, 2, 15)
0000025775: Notify EC_NOTIFY_CYCCMD_WKC_ERROR(10, 0x10000800, 2, 15)
0000025775: Notify EC_NOTIFY_CYCCMD_WKC_ERROR(11, 0x10000000, 2, 15)
0000025775: Notify EC_NOTIFY_CYCCMD_WKC_ERROR(10, 0x10000800, 2, 15)
0000025777: Error: System overload: Cycle time too short or huge jitter!
0000025777: SendCycFramesByEntry(0): wFramesMonitoringProcCnt (0) < wFramesMonitoringSndCnt (1)
0000025777: Notify EC_NOTIFY_FRAME_RESPONSE_ERROR(No response error for cyclic frame IDX=0xd9, CycFrameNum=0, TaskId=0)
0000025777: Notify EC_NOTIFY_CYCCMD_WKC_ERROR(11, 0x10000000, 2, 15)
0000025777: Notify EC_NOTIFY_CYCCMD_WKC_ERROR(10, 0x10000800, 2, 15)
0000025778: Error: System overload: Cycle time too short or huge jitter!
0000025778: SendCycFramesByEntry(0): wFramesMonitoringProcCnt (0) < wFramesMonitoringSndCnt (1)
0000025778: Notify EC_NOTIFY_FRAME_RESPONSE_ERROR(No response error for cyclic frame IDX=0xdb, CycFrameNum=0, TaskId=0)
0000025778: Notify EC_NOTIFY_CYCCMD_WKC_ERROR(11, 0x10000000, 2, 15)
0000025778: Notify EC_NOTIFY_CYCCMD_WKC_ERROR(10, 0x10000800, 2, 15)
0000025782: Error: System overload: Cycle time too short or huge jitter!
0000025782: SendCycFramesByEntry(0): wFramesMonitoringProcCnt (0) < wFramesMonitoringSndCnt (1)
0000025782: Notify EC_NOTIFY_FRAME_RESPONSE_ERROR(No response error for cyclic frame IDX=0x5, CycFrameNum=0, TaskId=0)
0000025782: Notify EC_NOTIFY_CYCCMD_WKC_ERROR(11, 0x10000000, 2, 15)
0000025782: Notify EC_NOTIFY_CYCCMD_WKC_ERROR(10, 0x10000800, 2, 15)
0000025783: Error: System overload: Cycle time too short or huge jitter!
0000025783: SendCycFramesByEntry(0): wFramesMonitoringProcCnt (0) < wFramesMonitoringSndCnt (1)
0000025783: Notify EC_NOTIFY_FRAME_RESPONSE_ERROR(No response error for cyclic frame IDX=0x7, CycFrameNum=0, TaskId=0)
0000025783: Notify EC_NOTIFY_CYCCMD_WKC_ERROR(11, 0x10000000, 2, 15)
0000025783: Notify EC_NOTIFY_CYCCMD_WKC_ERROR(10, 0x10000800, 2, 15)
0000025784: Error: System overload: Cycle time too short or huge jitter!
0000025784: SendCycFramesByEntry(0): wFramesMonitoringProcCnt (0) < wFramesMonitoringSndCnt (1)
0000025784: Notify EC_NOTIFY_FRAME_RESPONSE_ERROR(No response error for cyclic frame IDX=0x9, CycFrameNum=0, TaskId=0)
0000025784: Error: System overload: Cycle time too short or huge jitter!
0000025784: SendCycFramesByEntry(0): wFramesMonitoringProcCnt (0) < wFramesMonitoringSndCnt (1)
0000025784: Notify EC_NOTIFY_FRAME_RESPONSE_ERROR(No response error for cyclic frame IDX=0xa, CycFrameNum=0, TaskId=0)
0000025785: Notify EC_NOTIFY_CYCCMD_WKC_ERROR(11, 0x10000000, 2, 15)
0000025785: Notify EC_NOTIFY_CYCCMD_WKC_ERROR(10, 0x10000800, 2, 15)
0000025785: Notify EC_NOTIFY_CYCCMD_WKC_ERROR(11, 0x10000000, 2, 15)
0000025785: Notify EC_NOTIFY_CYCCMD_WKC_ERROR(10, 0x10000800, 2, 15)
0000025786: Error: System overload: Cycle time too short or huge jitter!
0000025786: SendCycFramesByEntry(0): wFramesMonitoringProcCnt (0) < wFramesMonitoringSndCnt (1)
0000025786: Notify EC_NOTIFY_FRAME_RESPONSE_ERROR(No response error for cyclic frame IDX=0xd, CycFrameNum=0, TaskId=0)
0000025786: Notify EC_NOTIFY_CYCCMD_WKC_ERROR(11, 0x10000000, 2, 15)
0000025786: Notify EC_NOTIFY_CYCCMD_WKC_ERROR(10, 0x10000800, 2, 15)
0000025787: Error: System overload: Cycle time too short or huge jitter!
0000025787: SendCycFramesByEntry(0): wFramesMonitoringProcCnt (0) < wFramesMonitoringSndCnt (1)
0000025787: Notify EC_NOTIFY_FRAME_RESPONSE_ERROR(No response error for cyclic frame IDX=0xf, CycFrameNum=0, TaskId=0)
0000025787: Notify EC_NOTIFY_CYCCMD_WKC_ERROR(11, 0x10000000, 2, 15)
0000025787: Notify EC_NOTIFY_CYCCMD_WKC_ERROR(10, 0x10000800, 2, 15)
0000025789: Error: System overload: Cycle time too short or huge jitter!
0000025789: SendCycFramesByEntry(0): wFramesMonitoringProcCnt (0) < wFramesMonitoringSndCnt (1)
0000025789: Notify EC_NOTIFY_FRAME_RESPONSE_ERROR(No response error for cyclic frame IDX=0x13, CycFrameNum=0, TaskId=0)
0000025789: Notify EC_NOTIFY_CYCCMD_WKC_ERROR(11, 0x10000000, 2, 15)
0000025789: Notify EC_NOTIFY_CYCCMD_WKC_ERROR(10, 0x10000800, 2, 15)
0000025790: Error: System overload: Cycle time too short or huge jitter!
0000025790: SendCycFramesByEntry(0): wFramesMonitoringProcCnt (0) < wFramesMonitoringSndCnt (1)
0000025790: Notify EC_NOTIFY_FRAME_RESPONSE_ERROR(No response error for cyclic frame IDX=0x15, CycFrameNum=0, TaskId=0)
0000025790: Error: System overload: Cycle time too short or huge jitter!
0000025790: SendCycFramesByEntry(0): wFramesMonitoringProcCnt (0) < wFramesMonitoringSndCnt (1)
0000025790: Notify EC_NOTIFY_FRAME_RESPONSE_ERROR(No response error for cyclic frame IDX=0x16, CycFrameNum=0, TaskId=0)
0000025791: Notify EC_NOTIFY_CYCCMD_WKC_ERROR(11, 0x10000000, 2, 15)
0000025791: Notify EC_NOTIFY_CYCCMD_WKC_ERROR(10, 0x10000800, 2, 15)
0000025791: Notify EC_NOTIFY_CYCCMD_WKC_ERROR(11, 0x10000000, 2, 15)
0000025791: Notify EC_NOTIFY_CYCCMD_WKC_ERROR(10, 0x10000800, 2, 15)
0000025792: Error: System overload: Cycle time too short or huge jitter!
0000025792: SendCycFramesByEntry(0): wFramesMonitoringProcCnt (0) < wFramesMonitoringSndCnt (1)
0000025792: Notify EC_NOTIFY_FRAME_RESPONSE_ERROR(No response error for cyclic frame IDX=0x1a, CycFrameNum=0, TaskId=0)
0000025793: Error: System overload: Cycle time too short or huge jitter!
0000025793: SendCycFramesByEntry(0): wFramesMonitoringProcCnt (0) < wFramesMonitoringSndCnt (1)
0000025793: Notify EC_NOTIFY_FRAME_RESPONSE_ERROR(No response error for cyclic frame IDX=0x1b, CycFrameNum=0, TaskId=0)
0000025793: Notify EC_NOTIFY_CYCCMD_WKC_ERROR(11, 0x10000000, 2, 15)
0000025793: Notify EC_NOTIFY_CYCCMD_WKC_ERROR(10, 0x10000800, 2, 15)
0000025793: Notify EC_NOTIFY_CYCCMD_WKC_ERROR(11, 0x10000000, 2, 15)
0000025793: Notify EC_NOTIFY_CYCCMD_WKC_ERROR(10, 0x10000800, 2, 15)
0000025794: Error: System overload: Cycle time too short or huge jitter!
0000025794: SendCycFramesByEntry(0): wFramesMonitoringProcCnt (0) < wFramesMonitoringSndCnt (1)
0000025794: Notify EC_NOTIFY_FRAME_RESPONSE_ERROR(No response error for cyclic frame IDX=0x1e, CycFrameNum=0, TaskId=0)
0000025795: Error: System overload: Cycle time too short or huge jitter!
0000025795: SendCycFramesByEntry(0): wFramesMonitoringProcCnt (0) < wFramesMonitoringSndCnt (1)
0000025795: Notify EC_NOTIFY_FRAME_RESPONSE_ERROR(No response error for cyclic frame IDX=0x1f, CycFrameNum=0, TaskId=0)
0000025795: Notify EC_NOTIFY_CYCCMD_WKC_ERROR(11, 0x10000000, 2, 15)
0000025795: Notify EC_NOTIFY_CYCCMD_WKC_ERROR(10, 0x10000800, 2, 15)
0000025795: Notify EC_NOTIFY_CYCCMD_WKC_ERROR(11, 0x10000000, 2, 15)
0000025795: Notify EC_NOTIFY_CYCCMD_WKC_ERROR(10, 0x10000800, 2, 15)
0000025795: Notify EC_NOTIFY_CYCCMD_WKC_ERROR(11, 0x10000000, 2, 15)
0000025795: Notify EC_NOTIFY_CYCCMD_WKC_ERROR(10, 0x10000800, 2, 15)
0000025797: Error: System overload: Cycle time too short or huge jitter!
0000025797: SendCycFramesByEntry(0): wFramesMonitoringProcCnt (0) < wFramesMonitoringSndCnt (1)
0000025797: Notify EC_NOTIFY_FRAME_RESPONSE_ERROR(No response error for cyclic frame IDX=0x24, CycFrameNum=0, TaskId=0)
0000025798: Notify EC_NOTIFY_CYCCMD_WKC_ERROR(11, 0x10000000, 2, 15)
0000025798: Notify EC_NOTIFY_CYCCMD_WKC_ERROR(10, 0x10000800, 2, 15)
0000025798: Error: System overload: Cycle time too short or huge jitter!
0000025798: SendCycFramesByEntry(0): wFramesMonitoringProcCnt (0) < wFramesMonitoringSndCnt (1)
0000025798: Notify EC_NOTIFY_FRAME_RESPONSE_ERROR(No response error for cyclic frame IDX=0x26, CycFrameNum=0, TaskId=0)
0000025799: Error: System overload: Cycle time too short or huge jitter!
0000025799: SendCycFramesByEntry(0): wFramesMonitoringProcCnt (0) < wFramesMonitoringSndCnt (1)
0000025799: Notify EC_NOTIFY_FRAME_RESPONSE_ERROR(No response error for cyclic frame IDX=0x27, CycFrameNum=0, TaskId=0)
0000025799: Notify EC_NOTIFY_CYCCMD_WKC_ERROR(11, 0x10000000, 2, 15)
0000025799: Notify EC_NOTIFY_CYCCMD_WKC_ERROR(10, 0x10000800, 2, 15)
0000025799: Notify EC_NOTIFY_CYCCMD_WKC_ERROR(11, 0x10000000, 2, 15)
0000025799: Notify EC_NOTIFY_CYCCMD_WKC_ERROR(10, 0x10000800, 2, 15)
0000025800: Error: System overload: Cycle time too short or huge jitter!
0000025800: SendCycFramesByEntry(0): wFramesMonitoringProcCnt (0) < wFramesMonitoringSndCnt (1)
0000025800: Notify EC_NOTIFY_FRAME_RESPONSE_ERROR(No response error for cyclic frame IDX=0x29, CycFrameNum=0, TaskId=0)
0000025800: Error: System overload: Cycle time too short or huge jitter!
0000025800: SendCycFramesByEntry(0): wFramesMonitoringProcCnt (0) < wFramesMonitoringSndCnt (1)
0000025800: Notify EC_NOTIFY_FRAME_RESPONSE_ERROR(No response error for cyclic frame IDX=0x2a, CycFrameNum=0, TaskId=0)
0000025801: Notify EC_NOTIFY_CYCCMD_WKC_ERROR(11, 0x10000000, 2, 15)
0000025801: Notify EC_NOTIFY_CYCCMD_WKC_ERROR(10, 0x10000800, 2, 15)
0000025801: Notify EC_NOTIFY_CYCCMD_WKC_ERROR(11, 0x10000000, 2, 15)
0000025801: Notify EC_NOTIFY_CYCCMD_WKC_ERROR(10, 0x10000800, 2, 15)
0000025802: Error: System overload: Cycle time too short or huge jitter!
0000025802: SendCycFramesByEntry(0): wFramesMonitoringProcCnt (0) < wFramesMonitoringSndCnt (1)
0000025802: Notify EC_NOTIFY_FRAME_RESPONSE_ERROR(No response error for cyclic frame IDX=0x2e, CycFrameNum=0, TaskId=0)
0000025803: Notify EC_NOTIFY_CYCCMD_WKC_ERROR(11, 0x10000000, 2, 15)
0000025803: Notify EC_NOTIFY_CYCCMD_WKC_ERROR(10, 0x10000800, 2, 15)
0000025804: Error: System overload: Cycle time too short or huge jitter!
0000025804: SendCycFramesByEntry(0): wFramesMonitoringProcCnt (0) < wFramesMonitoringSndCnt (1)
0000025804: Notify EC_NOTIFY_FRAME_RESPONSE_ERROR(No response error for cyclic frame IDX=0x31, CycFrameNum=0, TaskId=0)
0000025804: Notify EC_NOTIFY_CYCCMD_WKC_ERROR(11, 0x10000000, 2, 15)
0000025804: Notify EC_NOTIFY_CYCCMD_WKC_ERROR(10, 0x10000800, 2, 15)
0000025808: Error: System overload: Cycle time too short or huge jitter!
0000025808: SendCycFramesByEntry(0): wFramesMonitoringProcCnt (0) < wFramesMonitoringSndCnt (1)
0000025808: Notify EC_NOTIFY_FRAME_RESPONSE_ERROR(No response error for cyclic frame IDX=0x3a, CycFrameNum=0, TaskId=0)
0000025809: Notify EC_NOTIFY_CYCCMD_WKC_ERROR(11, 0x10000000, 2, 15)
0000025809: Notify EC_NOTIFY_CYCCMD_WKC_ERROR(10, 0x10000800, 2, 15)
0000025809: Error: System overload: Cycle time too short or huge jitter!
0000025809: SendCycFramesByEntry(0): wFramesMonitoringProcCnt (0) < wFramesMonitoringSndCnt (1)
0000025809: Notify EC_NOTIFY_FRAME_RESPONSE_ERROR(No response error for cyclic frame IDX=0x3c, CycFrameNum=0, TaskId=0)
0000025810: Error: System overload: Cycle time too short or huge jitter!
0000025810: SendCycFramesByEntry(0): wFramesMonitoringProcCnt (0) < wFramesMonitoringSndCnt (1)
0000025810: Notify EC_NOTIFY_FRAME_RESPONSE_ERROR(No response error for cyclic frame IDX=0x3d, CycFrameNum=0, TaskId=0)
0000025810: Notify EC_NOTIFY_CYCCMD_WKC_ERROR(11, 0x10000000, 2, 15)
0000025810: Notify EC_NOTIFY_CYCCMD_WKC_ERROR(10, 0x10000800, 2, 15)
0000025810: Notify EC_NOTIFY_CYCCMD_WKC_ERROR(11, 0x10000000, 2, 15)
0000025810: Notify EC_NOTIFY_CYCCMD_WKC_ERROR(10, 0x10000800, 2, 15)
0000025811: Error: System overload: Cycle time too short or huge jitter!
0000025811: SendCycFramesByEntry(0): wFramesMonitoringProcCnt (0) < wFramesMonitoringSndCnt (1)
0000025811: Notify EC_NOTIFY_FRAME_RESPONSE_ERROR(No response error for cyclic frame IDX=0x3f, CycFrameNum=0, TaskId=0)
0000025811: Error: System overload: Cycle time too short or huge jitter!
0000025811: SendCycFramesByEntry(0): wFramesMonitoringProcCnt (0) < wFramesMonitoringSndCnt (1)
0000025811: Notify EC_NOTIFY_FRAME_RESPONSE_ERROR(No response error for cyclic frame IDX=0x40, CycFrameNum=0, TaskId=0)
0000025812: Error: System overload: Cycle time too short or huge jitter!
0000025812: SendCycFramesByEntry(0): wFramesMonitoringProcCnt (0) < wFramesMonitoringSndCnt (1)
0000025812: Notify EC_NOTIFY_FRAME_RESPONSE_ERROR(No response error for cyclic frame IDX=0x41, CycFrameNum=0, TaskId=0)
0000025812: Error: System overload: Cycle time too short or huge jitter!
0000025812: SendCycFramesByEntry(0): wFramesMonitoringProcCnt (0) < wFramesMonitoringSndCnt (1)
0000025812: Notify EC_NOTIFY_FRAME_RESPONSE_ERROR(No response error for cyclic frame IDX=0x42, CycFrameNum=0, TaskId=0)
0000025813: Notify EC_NOTIFY_CYCCMD_WKC_ERROR(11, 0x10000000, 2, 15)
0000025813: Notify EC_NOTIFY_CYCCMD_WKC_ERROR(10, 0x10000800, 2, 15)
0000025813: Notify EC_NOTIFY_CYCCMD_WKC_ERROR(11, 0x10000000, 2, 15)
0000025813: Notify EC_NOTIFY_CYCCMD_WKC_ERROR(10, 0x10000800, 2, 15)
0000025813: Notify EC_NOTIFY_CYCCMD_WKC_ERROR(11, 0x10000000, 2, 15)
0000025813: Notify EC_NOTIFY_CYCCMD_WKC_ERROR(10, 0x10000800, 2, 15)
0000025813: Notify EC_NOTIFY_CYCCMD_WKC_ERROR(11, 0x10000000, 2, 15)
0000025813: Notify EC_NOTIFY_CYCCMD_WKC_ERROR(10, 0x10000800, 2, 15)
0000025814: Error: System overload: Cycle time too short or huge jitter!
0000025814: SendCycFramesByEntry(0): wFramesMonitoringProcCnt (0) < wFramesMonitoringSndCnt (1)
0000025814: Notify EC_NOTIFY_FRAME_RESPONSE_ERROR(No response error for cyclic frame IDX=0x46, CycFrameNum=0, TaskId=0)
0000025815: Error: System overload: Cycle time too short or huge jitter!
0000025815: SendCycFramesByEntry(0): wFramesMonitoringProcCnt (0) < wFramesMonitoringSndCnt (1)
0000025815: Notify EC_NOTIFY_FRAME_RESPONSE_ERROR(No response error for cyclic frame IDX=0x47, CycFrameNum=0, TaskId=0)
0000025815: Notify EC_NOTIFY_CYCCMD_WKC_ERROR(11, 0x10000000, 2, 15)
0000025815: Notify EC_NOTIFY_CYCCMD_WKC_ERROR(10, 0x10000800, 2, 15)
0000025815: Notify EC_NOTIFY_CYCCMD_WKC_ERROR(11, 0x10000000, 2, 15)
0000025815: Notify EC_NOTIFY_CYCCMD_WKC_ERROR(10, 0x10000800, 2, 15)
0000025815: Notify EC_NOTIFY_CYCCMD_WKC_ERROR(11, 0x10000000, 2, 15)
0000025815: Notify EC_NOTIFY_CYCCMD_WKC_ERROR(10, 0x10000800, 2, 15)
0000025816: Error: System overload: Cycle time too short or huge jitter!
0000025816: SendCycFramesByEntry(0): wFramesMonitoringProcCnt (0) < wFramesMonitoringSndCnt (1)
0000025816: Notify EC_NOTIFY_FRAME_RESPONSE_ERROR(No response error for cyclic frame IDX=0x49, CycFrameNum=0, TaskId=0)
0000025816: Notify EC_NOTIFY_CYCCMD_WKC_ERROR(11, 0x10000000, 2, 15)
0000025816: Notify EC_NOTIFY_CYCCMD_WKC_ERROR(10, 0x10000800, 2, 15)
0000025819: Error: System overload: Cycle time too short or huge jitter!
0000025819: SendCycFramesByEntry(0): wFramesMonitoringProcCnt (0) < wFramesMonitoringSndCnt (1)
0000025819: Notify EC_NOTIFY_FRAME_RESPONSE_ERROR(No response error for cyclic frame IDX=0x50, CycFrameNum=0, TaskId=0)
0000025820: Notify EC_NOTIFY_CYCCMD_WKC_ERROR(11, 0x10000000, 2, 15)
0000025820: Notify EC_NOTIFY_CYCCMD_WKC_ERROR(10, 0x10000800, 2, 15)
0000025824: Error: System overload: Cycle time too short or huge jitter!
0000025824: SendCycFramesByEntry(0): wFramesMonitoringProcCnt (0) < wFramesMonitoringSndCnt (1)
0000025824: Notify EC_NOTIFY_FRAME_RESPONSE_ERROR(No response error for cyclic frame IDX=0x5a, CycFrameNum=0, TaskId=0)
0000025825: Notify EC_NOTIFY_CYCCMD_WKC_ERROR(11, 0x10000000, 2, 15)
0000025825: Notify EC_NOTIFY_CYCCMD_WKC_ERROR(10, 0x10000800, 2, 15)
0000025825: Notify EC_NOTIFY_CYCCMD_WKC_ERROR(11, 0x10000000, 2, 15)
0000025825: Notify EC_NOTIFY_CYCCMD_WKC_ERROR(10, 0x10000800, 2, 15)
0000025828: Error: System overload: Cycle time too short or huge jitter!
0000025828: SendCycFramesByEntry(0): wFramesMonitoringProcCnt (0) < wFramesMonitoringSndCnt (1)
0000025828: Notify EC_NOTIFY_FRAME_RESPONSE_ERROR(No response error for cyclic frame IDX=0x61, CycFrameNum=0, TaskId=0)
0000025828: Notify EC_NOTIFY_CYCCMD_WKC_ERROR(11, 0x10000000, 2, 15)
0000025828: Notify EC_NOTIFY_CYCCMD_WKC_ERROR(10, 0x10000800, 2, 15)
0000025830: Error: System overload: Cycle time too short or huge jitter!
0000025830: SendCycFramesByEntry(0): wFramesMonitoringProcCnt (0) < wFramesMonitoringSndCnt (1)
0000025830: Notify EC_NOTIFY_FRAME_RESPONSE_ERROR(No response error for cyclic frame IDX=0x66, CycFrameNum=0, TaskId=0)
0000025831: Notify EC_NOTIFY_CYCCMD_WKC_ERROR(11, 0x10000000, 2, 15)
0000025831: Notify EC_NOTIFY_CYCCMD_WKC_ERROR(10, 0x10000800, 2, 15)
0000025831: Error: System overload: Cycle time too short or huge jitter!
0000025831: SendCycFramesByEntry(0): wFramesMonitoringProcCnt (0) < wFramesMonitoringSndCnt (1)
0000025831: Notify EC_NOTIFY_FRAME_RESPONSE_ERROR(No response error for cyclic frame IDX=0x68, CycFrameNum=0, TaskId=0)
0000025832: Notify EC_NOTIFY_CYCCMD_WKC_ERROR(11, 0x10000000, 2, 15)
0000025832: Notify EC_NOTIFY_CYCCMD_WKC_ERROR(10, 0x10000800, 2, 15)
0000025832: Error: System overload: Cycle time too short or huge jitter!
0000025832: SendCycFramesByEntry(0): wFramesMonitoringProcCnt (0) < wFramesMonitoringSndCnt (1)
0000025832: Notify EC_NOTIFY_FRAME_RESPONSE_ERROR(No response error for cyclic frame IDX=0x6a, CycFrameNum=0, TaskId=0)
0000025833: Error: System overload: Cycle time too short or huge jitter!
0000025833: SendCycFramesByEntry(0): wFramesMonitoringProcCnt (0) < wFramesMonitoringSndCnt (1)
0000025833: Notify EC_NOTIFY_FRAME_RESPONSE_ERROR(No response error for cyclic frame IDX=0x6b, CycFrameNum=0, TaskId=0)
0000025833: Notify EC_NOTIFY_CYCCMD_WKC_ERROR(11, 0x10000000, 2, 15)
0000025833: Notify EC_NOTIFY_CYCCMD_WKC_ERROR(10, 0x10000800, 2, 15)
0000025833: Notify EC_NOTIFY_CYCCMD_WKC_ERROR(11, 0x10000000, 2, 15)
0000025833: Notify EC_NOTIFY_CYCCMD_WKC_ERROR(10, 0x10000800, 2, 15)
0000025834: Error: System overload: Cycle time too short or huge jitter!
0000025834: SendCycFramesByEntry(0): wFramesMonitoringProcCnt (0) < wFramesMonitoringSndCnt (1)
0000025834: Notify EC_NOTIFY_FRAME_RESPONSE_ERROR(No response error for cyclic frame IDX=0x6d, CycFrameNum=0, TaskId=0)
0000025834: Notify EC_NOTIFY_CYCCMD_WKC_ERROR(11, 0x10000000, 2, 15)
0000025834: Notify EC_NOTIFY_CYCCMD_WKC_ERROR(10, 0x10000800, 2, 15)
0000025836: Error: System overload: Cycle time too short or huge jitter!
0000025836: SendCycFramesByEntry(0): wFramesMonitoringProcCnt (0) < wFramesMonitoringSndCnt (1)
0000025836: Notify EC_NOTIFY_FRAME_RESPONSE_ERROR(No response error for cyclic frame IDX=0x72, CycFrameNum=0, TaskId=0)
0000025837: Notify EC_NOTIFY_CYCCMD_WKC_ERROR(11, 0x10000000, 2, 15)
0000025837: Notify EC_NOTIFY_CYCCMD_WKC_ERROR(10, 0x10000800, 2, 15)
0000025837: Error: System overload: Cycle time too short or huge jitter!
0000025837: SendCycFramesByEntry(0): wFramesMonitoringProcCnt (0) < wFramesMonitoringSndCnt (1)
0000025837: Notify EC_NOTIFY_FRAME_RESPONSE_ERROR(No response error for cyclic frame IDX=0x74, CycFrameNum=0, TaskId=0)
0000025838: Notify EC_NOTIFY_CYCCMD_WKC_ERROR(11, 0x10000000, 2, 15)
0000025838: Notify EC_NOTIFY_CYCCMD_WKC_ERROR(10, 0x10000800, 2, 15)
0000025839: Error: System overload: Cycle time too short or huge jitter!
0000025839: SendCycFramesByEntry(0): wFramesMonitoringProcCnt (0) < wFramesMonitoringSndCnt (1)
0000025839: Notify EC_NOTIFY_FRAME_RESPONSE_ERROR(No response error for cyclic frame IDX=0x77, CycFrameNum=0, TaskId=0)
0000025839: Notify EC_NOTIFY_CYCCMD_WKC_ERROR(11, 0x10000000, 2, 15)
0000025839: Notify EC_NOTIFY_CYCCMD_WKC_ERROR(10, 0x10000800, 2, 15)
0000025840: Error: System overload: Cycle time too short or huge jitter!
0000025840: SendCycFramesByEntry(0): wFramesMonitoringProcCnt (0) < wFramesMonitoringSndCnt (1)
0000025840: Notify EC_NOTIFY_FRAME_RESPONSE_ERROR(No response error for cyclic frame IDX=0x7a, CycFrameNum=0, TaskId=0)
0000025841: Error: System overload: Cycle time too short or huge jitter!
0000025841: SendCycFramesByEntry(0): wFramesMonitoringProcCnt (0) < wFramesMonitoringSndCnt (1)
0000025841: Notify EC_NOTIFY_FRAME_RESPONSE_ERROR(No response error for cyclic frame IDX=0x7b, CycFrameNum=0, TaskId=0)
0000025841: Notify EC_NOTIFY_CYCCMD_WKC_ERROR(11, 0x10000000, 2, 15)
0000025841: Notify EC_NOTIFY_CYCCMD_WKC_ERROR(10, 0x10000800, 2, 15)
0000025841: Notify EC_NOTIFY_CYCCMD_WKC_ERROR(11, 0x10000000, 2, 15)
0000025841: Notify EC_NOTIFY_CYCCMD_WKC_ERROR(10, 0x10000800, 2, 15)
0000025842: Error: System overload: Cycle time too short or huge jitter!
0000025842: SendCycFramesByEntry(0): wFramesMonitoringProcCnt (0) < wFramesMonitoringSndCnt (1)
0000025842: Notify EC_NOTIFY_FRAME_RESPONSE_ERROR(No response error for cyclic frame IDX=0x7e, CycFrameNum=0, TaskId=0)
0000025843: Notify EC_NOTIFY_CYCCMD_WKC_ERROR(11, 0x10000000, 2, 15)
0000025843: Notify EC_NOTIFY_CYCCMD_WKC_ERROR(10, 0x10000800, 2, 15)
0000025843: Error: System overload: Cycle time too short or huge jitter!
0000025843: SendCycFramesByEntry(0): wFramesMonitoringProcCnt (0) < wFramesMonitoringSndCnt (1)
0000025843: Notify EC_NOTIFY_FRAME_RESPONSE_ERROR(No response error for cyclic frame IDX=0x80, CycFrameNum=0, TaskId=0)
0000025844: Error: System overload: Cycle time too short or huge jitter!
0000025844: SendCycFramesByEntry(0): wFramesMonitoringProcCnt (0) < wFramesMonitoringSndCnt (1)
0000025844: Notify EC_NOTIFY_FRAME_RESPONSE_ERROR(No response error for cyclic frame IDX=0x81, CycFrameNum=0, TaskId=0)
0000025844: Notify EC_NOTIFY_CYCCMD_WKC_ERROR(11, 0x10000000, 2, 15)
0000025844: Notify EC_NOTIFY_CYCCMD_WKC_ERROR(10, 0x10000800, 2, 15)
0000025844: Notify EC_NOTIFY_CYCCMD_WKC_ERROR(11, 0x10000000, 2, 15)
0000025844: Notify EC_NOTIFY_CYCCMD_WKC_ERROR(10, 0x10000800, 2, 15)
0000025845: Error: System overload: Cycle time too short or huge jitter!
0000025845: SendCycFramesByEntry(0): wFramesMonitoringProcCnt (0) < wFramesMonitoringSndCnt (1)
0000025845: Notify EC_NOTIFY_FRAME_RESPONSE_ERROR(No response error for cyclic frame IDX=0x83, CycFrameNum=0, TaskId=0)
0000025845: Notify EC_NOTIFY_CYCCMD_WKC_ERROR(11, 0x10000000, 2, 15)
0000025845: Notify EC_NOTIFY_CYCCMD_WKC_ERROR(10, 0x10000800, 2, 15)
0000025846: Error: System overload: Cycle time too short or huge jitter!
0000025846: SendCycFramesByEntry(0): wFramesMonitoringProcCnt (0) < wFramesMonitoringSndCnt (1)
0000025846: Notify EC_NOTIFY_FRAME_RESPONSE_ERROR(No response error for cyclic frame IDX=0x85, CycFrameNum=0, TaskId=0)
0000025846: Notify EC_NOTIFY_CYCCMD_WKC_ERROR(11, 0x10000000, 2, 15)
0000025846: Notify EC_NOTIFY_CYCCMD_WKC_ERROR(10, 0x10000800, 2, 15)
0000025847: Error: System overload: Cycle time too short or huge jitter!
0000025847: SendCycFramesByEntry(0): wFramesMonitoringProcCnt (0) < wFramesMonitoringSndCnt (1)
0000025847: Notify EC_NOTIFY_FRAME_RESPONSE_ERROR(No response error for cyclic frame IDX=0x88, CycFrameNum=0, TaskId=0)
0000025848: Notify EC_NOTIFY_CYCCMD_WKC_ERROR(11, 0x10000000, 2, 15)
0000025848: Notify EC_NOTIFY_CYCCMD_WKC_ERROR(10, 0x10000800, 2, 15)
0000025848: Error: System overload: Cycle time too short or huge jitter!
0000025848: SendCycFramesByEntry(0): wFramesMonitoringProcCnt (0) < wFramesMonitoringSndCnt (1)
0000025848: Notify EC_NOTIFY_FRAME_RESPONSE_ERROR(No response error for cyclic frame IDX=0x8a, CycFrameNum=0, TaskId=0)
0000025849: Notify EC_NOTIFY_CYCCMD_WKC_ERROR(11, 0x10000000, 2, 15)
0000025849: Notify EC_NOTIFY_CYCCMD_WKC_ERROR(10, 0x10000800, 2, 15)
0000025850: Error: System overload: Cycle time too short or huge jitter!
0000025850: SendCycFramesByEntry(0): wFramesMonitoringProcCnt (0) < wFramesMonitoringSndCnt (1)
0000025850: Notify EC_NOTIFY_FRAME_RESPONSE_ERROR(No response error for cyclic frame IDX=0x8d, CycFrameNum=0, TaskId=0)
0000025850: Notify EC_NOTIFY_CYCCMD_WKC_ERROR(11, 0x10000000, 2, 15)
0000025850: Notify EC_NOTIFY_CYCCMD_WKC_ERROR(10, 0x10000800, 2, 15)
0000025851: Error: System overload: Cycle time too short or huge jitter!
0000025851: SendCycFramesByEntry(0): wFramesMonitoringProcCnt (0) < wFramesMonitoringSndCnt (1)
0000025851: Notify EC_NOTIFY_FRAME_RESPONSE_ERROR(No response error for cyclic frame IDX=0x8f, CycFrameNum=0, TaskId=0)
0000025851: Notify EC_NOTIFY_CYCCMD_WKC_ERROR(11, 0x10000000, 2, 15)
0000025851: Notify EC_NOTIFY_CYCCMD_WKC_ERROR(10, 0x10000800, 2, 15)
0000025852: Error: System overload: Cycle time too short or huge jitter!
0000025852: SendCycFramesByEntry(0): wFramesMonitoringProcCnt (0) < wFramesMonitoringSndCnt (1)
0000025852: Notify EC_NOTIFY_FRAME_RESPONSE_ERROR(No response error for cyclic frame IDX=0x91, CycFrameNum=0, TaskId=0)
0000025852: Notify EC_NOTIFY_CYCCMD_WKC_ERROR(11, 0x10000000, 2, 15)
0000025852: Notify EC_NOTIFY_CYCCMD_WKC_ERROR(10, 0x10000800, 2, 15)
0000025853: Error: System overload: Cycle time too short or huge jitter!
0000025853: SendCycFramesByEntry(0): wFramesMonitoringProcCnt (0) < wFramesMonitoringSndCnt (1)
0000025853: Notify EC_NOTIFY_FRAME_RESPONSE_ERROR(No response error for cyclic frame IDX=0x94, CycFrameNum=0, TaskId=0)
0000025854: Notify EC_NOTIFY_CYCCMD_WKC_ERROR(11, 0x10000000, 2, 15)
0000025854: Notify EC_NOTIFY_CYCCMD_WKC_ERROR(10, 0x10000800, 2, 15)
0000025854: Error: System overload: Cycle time too short or huge jitter!
0000025854: SendCycFramesByEntry(0): wFramesMonitoringProcCnt (0) < wFramesMonitoringSndCnt (1)
0000025854: Notify EC_NOTIFY_FRAME_RESPONSE_ERROR(No response error for cyclic frame IDX=0x96, CycFrameNum=0, TaskId=0)
0000025855: Notify EC_NOTIFY_CYCCMD_WKC_ERROR(11, 0x10000000, 2, 15)
0000025855: Notify EC_NOTIFY_CYCCMD_WKC_ERROR(10, 0x10000800, 2, 15)
0000025858: Error: System overload: Cycle time too short or huge jitter!
0000025858: SendCycFramesByEntry(0): wFramesMonitoringProcCnt (0) < wFramesMonitoringSndCnt (1)
0000025858: Notify EC_NOTIFY_FRAME_RESPONSE_ERROR(No response error for cyclic frame IDX=0x9e, CycFrameNum=0, TaskId=0)
0000025859: Notify EC_NOTIFY_CYCCMD_WKC_ERROR(11, 0x10000000, 2, 15)
0000025859: Notify EC_NOTIFY_CYCCMD_WKC_ERROR(10, 0x10000800, 2, 15)
0000025860: Error: System overload: Cycle time too short or huge jitter!
0000025860: SendCycFramesByEntry(0): wFramesMonitoringProcCnt (0) < wFramesMonitoringSndCnt (1)
0000025860: Notify EC_NOTIFY_FRAME_RESPONSE_ERROR(No response error for cyclic frame IDX=0xa2, CycFrameNum=0, TaskId=0)
0000025861: Notify EC_NOTIFY_CYCCMD_WKC_ERROR(11, 0x10000000, 2, 15)
0000025861: Notify EC_NOTIFY_CYCCMD_WKC_ERROR(10, 0x10000800, 2, 15)
0000025862: Error: System overload: Cycle time too short or huge jitter!
0000025862: SendCycFramesByEntry(0): wFramesMonitoringProcCnt (0) < wFramesMonitoringSndCnt (1)
0000025862: Notify EC_NOTIFY_FRAME_RESPONSE_ERROR(No response error for cyclic frame IDX=0xa5, CycFrameNum=0, TaskId=0)
0000025862: Notify EC_NOTIFY_CYCCMD_WKC_ERROR(11, 0x10000000, 2, 15)
0000025862: Notify EC_NOTIFY_CYCCMD_WKC_ERROR(10, 0x10000800, 2, 15)
0000025863: Error: System overload: Cycle time too short or huge jitter!
0000025863: SendCycFramesByEntry(0): wFramesMonitoringProcCnt (0) < wFramesMonitoringSndCnt (1)
0000025863: Notify EC_NOTIFY_FRAME_RESPONSE_ERROR(No response error for cyclic frame IDX=0xa8, CycFrameNum=0, TaskId=0)
0000025864: Notify EC_NOTIFY_CYCCMD_WKC_ERROR(11, 0x10000000, 2, 15)
0000025864: Notify EC_NOTIFY_CYCCMD_WKC_ERROR(10, 0x10000800, 2, 15)
0000025864: Error: System overload: Cycle time too short or huge jitter!
0000025864: SendCycFramesByEntry(0): wFramesMonitoringProcCnt (0) < wFramesMonitoringSndCnt (1)
0000025864: Notify EC_NOTIFY_FRAME_RESPONSE_ERROR(No response error for cyclic frame IDX=0xaa, CycFrameNum=0, TaskId=0)
0000025865: Notify EC_NOTIFY_CYCCMD_WKC_ERROR(11, 0x10000000, 2, 15)
0000025865: Notify EC_NOTIFY_CYCCMD_WKC_ERROR(10, 0x10000800, 2, 15)
0000025866: Error: System overload: Cycle time too short or huge jitter!
0000025866: SendCycFramesByEntry(0): wFramesMonitoringProcCnt (0) < wFramesMonitoringSndCnt (1)
0000025866: Notify EC_NOTIFY_FRAME_RESPONSE_ERROR(No response error for cyclic frame IDX=0xae, CycFrameNum=0, TaskId=0)
0000025867: Error: System overload: Cycle time too short or huge jitter!
0000025867: SendCycFramesByEntry(0): wFramesMonitoringProcCnt (0) < wFramesMonitoringSndCnt (1)
0000025867: Notify EC_NOTIFY_FRAME_RESPONSE_ERROR(No response error for cyclic frame IDX=0xaf, CycFrameNum=0, TaskId=0)
0000025867: Notify EC_NOTIFY_CYCCMD_WKC_ERROR(11, 0x10000000, 2, 15)
0000025867: Notify EC_NOTIFY_CYCCMD_WKC_ERROR(10, 0x10000800, 2, 15)
0000025867: Notify EC_NOTIFY_CYCCMD_WKC_ERROR(11, 0x10000000, 2, 15)
0000025867: Notify EC_NOTIFY_CYCCMD_WKC_ERROR(10, 0x10000800, 2, 15)
0000025868: Error: System overload: Cycle time too short or huge jitter!
0000025868: SendCycFramesByEntry(0): wFramesMonitoringProcCnt (0) < wFramesMonitoringSndCnt (1)
0000025868: Notify EC_NOTIFY_FRAME_RESPONSE_ERROR(No response error for cyclic frame IDX=0xb1, CycFrameNum=0, TaskId=0)
0000025868: Notify EC_NOTIFY_CYCCMD_WKC_ERROR(11, 0x10000000, 2, 15)
0000025868: Notify EC_NOTIFY_CYCCMD_WKC_ERROR(10, 0x10000800, 2, 15)
0000025869: Error: System overload: Cycle time too short or huge jitter!
0000025869: SendCycFramesByEntry(0): wFramesMonitoringProcCnt (0) < wFramesMonitoringSndCnt (1)
0000025869: Notify EC_NOTIFY_FRAME_RESPONSE_ERROR(No response error for cyclic frame IDX=0xb3, CycFrameNum=0, TaskId=0)
0000025869: Notify EC_NOTIFY_CYCCMD_WKC_ERROR(11, 0x10000000, 2, 15)
0000025869: Notify EC_NOTIFY_CYCCMD_WKC_ERROR(10, 0x10000800, 2, 15)
0000025870: Error: System overload: Cycle time too short or huge jitter!
0000025870: SendCycFramesByEntry(0): wFramesMonitoringProcCnt (0) < wFramesMonitoringSndCnt (1)
0000025870: Notify EC_NOTIFY_FRAME_RESPONSE_ERROR(No response error for cyclic frame IDX=0xb6, CycFrameNum=0, TaskId=0)
0000025871: Notify EC_NOTIFY_CYCCMD_WKC_ERROR(11, 0x10000000, 2, 15)
0000025871: Notify EC_NOTIFY_CYCCMD_WKC_ERROR(10, 0x10000800, 2, 15)
0000025871: Error: System overload: Cycle time too short or huge jitter!
0000025871: SendCycFramesByEntry(0): wFramesMonitoringProcCnt (0) < wFramesMonitoringSndCnt (1)
0000025871: Notify EC_NOTIFY_FRAME_RESPONSE_ERROR(No response error for cyclic frame IDX=0xb8, CycFrameNum=0, TaskId=0)
0000025872: Notify EC_NOTIFY_CYCCMD_WKC_ERROR(11, 0x10000000, 2, 15)
0000025872: Notify EC_NOTIFY_CYCCMD_WKC_ERROR(10, 0x10000800, 2, 15)
0000025876: Error: System overload: Cycle time too short or huge jitter!
0000025876: SendCycFramesByEntry(0): wFramesMonitoringProcCnt (0) < wFramesMonitoringSndCnt (1)
0000025876: Notify EC_NOTIFY_FRAME_RESPONSE_ERROR(No response error for cyclic frame IDX=0xc2, CycFrameNum=0, TaskId=0)
0000025877: Notify EC_NOTIFY_CYCCMD_WKC_ERROR(11, 0x10000000, 2, 15)
0000025877: Notify EC_NOTIFY_CYCCMD_WKC_ERROR(10, 0x10000800, 2, 15)
0000025877: Error: System overload: Cycle time too short or huge jitter!
0000025877: SendCycFramesByEntry(0): wFramesMonitoringProcCnt (0) < wFramesMonitoringSndCnt (1)
0000025877: Notify EC_NOTIFY_FRAME_RESPONSE_ERROR(No response error for cyclic frame IDX=0xc4, CycFrameNum=0, TaskId=0)
0000025878: Notify EC_NOTIFY_CYCCMD_WKC_ERROR(11, 0x10000000, 2, 15)
0000025878: Notify EC_NOTIFY_CYCCMD_WKC_ERROR(10, 0x10000800, 2, 15)
0000025880: Error: System overload: Cycle time too short or huge jitter!
0000025880: SendCycFramesByEntry(0): wFramesMonitoringProcCnt (0) < wFramesMonitoringSndCnt (1)
0000025880: Notify EC_NOTIFY_FRAME_RESPONSE_ERROR(No response error for cyclic frame IDX=0xc9, CycFrameNum=0, TaskId=0)
0000025880: Notify EC_NOTIFY_CYCCMD_WKC_ERROR(11, 0x10000000, 2, 15)
0000025880: Notify EC_NOTIFY_CYCCMD_WKC_ERROR(10, 0x10000800, 2, 15)
0000025881: Error: System overload: Cycle time too short or huge jitter!
0000025881: SendCycFramesByEntry(0): wFramesMonitoringProcCnt (0) < wFramesMonitoringSndCnt (1)
0000025881: Notify EC_NOTIFY_FRAME_RESPONSE_ERROR(No response error for cyclic frame IDX=0xcb, CycFrameNum=0, TaskId=0)
0000025881: Notify EC_NOTIFY_CYCCMD_WKC_ERROR(11, 0x10000000, 2, 15)
0000025881: Notify EC_NOTIFY_CYCCMD_WKC_ERROR(10, 0x10000800, 2, 15)
0000025885: Error: System overload: Cycle time too short or huge jitter!
0000025885: SendCycFramesByEntry(0): wFramesMonitoringProcCnt (0) < wFramesMonitoringSndCnt (1)
0000025885: Notify EC_NOTIFY_FRAME_RESPONSE_ERROR(No response error for cyclic frame IDX=0xd3, CycFrameNum=0, TaskId=0)
0000025885: Notify EC_NOTIFY_CYCCMD_WKC_ERROR(11, 0x10000000, 2, 15)
0000025885: Notify EC_NOTIFY_CYCCMD_WKC_ERROR(10, 0x10000800, 2, 15)
0000025886: Error: System overload: Cycle time too short or huge jitter!
0000025886: SendCycFramesByEntry(0): wFramesMonitoringProcCnt (0) < wFramesMonitoringSndCnt (1)
0000025886: Notify EC_NOTIFY_FRAME_RESPONSE_ERROR(No response error for cyclic frame IDX=0xd5, CycFrameNum=0, TaskId=0)
0000025886: Notify EC_NOTIFY_CYCCMD_WKC_ERROR(11, 0x10000000, 2, 15)
0000025886: Notify EC_NOTIFY_CYCCMD_WKC_ERROR(10, 0x10000800, 2, 15)
0000025889: Error: System overload: Cycle time too short or huge jitter!
0000025889: SendCycFramesByEntry(0): wFramesMonitoringProcCnt (0) < wFramesMonitoringSndCnt (1)
0000025889: Notify EC_NOTIFY_FRAME_RESPONSE_ERROR(No response error for cyclic frame IDX=0xdc, CycFrameNum=0, TaskId=0)
0000025890: Notify EC_NOTIFY_CYCCMD_WKC_ERROR(11, 0x10000000, 2, 15)
0000025890: Notify EC_NOTIFY_CYCCMD_WKC_ERROR(10, 0x10000800, 2, 15)
0000025891: Error: System overload: Cycle time too short or huge jitter!
0000025891: SendCycFramesByEntry(0): wFramesMonitoringProcCnt (0) < wFramesMonitoringSndCnt (1)
0000025891: Notify EC_NOTIFY_FRAME_RESPONSE_ERROR(No response error for cyclic frame IDX=0x1, CycFrameNum=0, TaskId=0)
0000025891: Notify EC_NOTIFY_CYCCMD_WKC_ERROR(11, 0x10000000, 2, 15)
0000025891: Notify EC_NOTIFY_CYCCMD_WKC_ERROR(10, 0x10000800, 2, 15)
0000025892: Error: System overload: Cycle time too short or huge jitter!
0000025892: SendCycFramesByEntry(0): wFramesMonitoringProcCnt (0) < wFramesMonitoringSndCnt (1)
0000025892: Notify EC_NOTIFY_FRAME_RESPONSE_ERROR(No response error for cyclic frame IDX=0x4, CycFrameNum=0, TaskId=0)
0000025893: Notify EC_NOTIFY_CYCCMD_WKC_ERROR(11, 0x10000000, 2, 15)
0000025893: Notify EC_NOTIFY_CYCCMD_WKC_ERROR(10, 0x10000800, 2, 15)
0000025894: Error: System overload: Cycle time too short or huge jitter!
0000025894: SendCycFramesByEntry(0): wFramesMonitoringProcCnt (0) < wFramesMonitoringSndCnt (1)
0000025894: Notify EC_NOTIFY_FRAME_RESPONSE_ERROR(No response error for cyclic frame IDX=0x7, CycFrameNum=0, TaskId=0)
0000025894: Error: System overload: Cycle time too short or huge jitter!
0000025894: SendCycFramesByEntry(0): wFramesMonitoringProcCnt (0) < wFramesMonitoringSndCnt (1)
0000025894: Notify EC_NOTIFY_FRAME_RESPONSE_ERROR(No response error for cyclic frame IDX=0x8, CycFrameNum=0, TaskId=0)
0000025895: Notify EC_NOTIFY_CYCCMD_WKC_ERROR(11, 0x10000000, 2, 15)
0000025895: Notify EC_NOTIFY_CYCCMD_WKC_ERROR(10, 0x10000800, 2, 15)
0000025895: Notify EC_NOTIFY_CYCCMD_WKC_ERROR(11, 0x10000000, 2, 15)
0000025895: Notify EC_NOTIFY_CYCCMD_WKC_ERROR(10, 0x10000800, 2, 15)
0000025896: Error: System overload: Cycle time too short or huge jitter!
0000025896: SendCycFramesByEntry(0): wFramesMonitoringProcCnt (0) < wFramesMonitoringSndCnt (1)
0000025896: Notify EC_NOTIFY_FRAME_RESPONSE_ERROR(No response error for cyclic frame IDX=0xb, CycFrameNum=0, TaskId=0)
0000025896: Notify EC_NOTIFY_CYCCMD_WKC_ERROR(11, 0x10000000, 2, 15)
0000025896: Notify EC_NOTIFY_CYCCMD_WKC_ERROR(10, 0x10000800, 2, 15)
0000025897: Error: System overload: Cycle time too short or huge jitter!
0000025897: SendCycFramesByEntry(0): wFramesMonitoringProcCnt (0) < wFramesMonitoringSndCnt (1)
0000025897: Notify EC_NOTIFY_FRAME_RESPONSE_ERROR(No response error for cyclic frame IDX=0xd, CycFrameNum=0, TaskId=0)
0000025897: Notify EC_NOTIFY_CYCCMD_WKC_ERROR(11, 0x10000000, 2, 15)
0000025897: Notify EC_NOTIFY_CYCCMD_WKC_ERROR(10, 0x10000800, 2, 15)
0000025898: Error: System overload: Cycle time too short or huge jitter!
0000025898: SendCycFramesByEntry(0): wFramesMonitoringProcCnt (0) < wFramesMonitoringSndCnt (1)
0000025898: Notify EC_NOTIFY_FRAME_RESPONSE_ERROR(No response error for cyclic frame IDX=0x10, CycFrameNum=0, TaskId=0)
0000025899: Notify EC_NOTIFY_CYCCMD_WKC_ERROR(11, 0x10000000, 2, 15)
0000025899: Notify EC_NOTIFY_CYCCMD_WKC_ERROR(10, 0x10000800, 2, 15)
0000025900: Error: System overload: Cycle time too short or huge jitter!
0000025900: SendCycFramesByEntry(0): wFramesMonitoringProcCnt (0) < wFramesMonitoringSndCnt (1)
0000025900: Notify EC_NOTIFY_FRAME_RESPONSE_ERROR(No response error for cyclic frame IDX=0x14, CycFrameNum=0, TaskId=0)
0000025901: Error: System overload: Cycle time too short or huge jitter!
0000025901: SendCycFramesByEntry(0): wFramesMonitoringProcCnt (0) < wFramesMonitoringSndCnt (1)
0000025901: Notify EC_NOTIFY_FRAME_RESPONSE_ERROR(No response error for cyclic frame IDX=0x15, CycFrameNum=0, TaskId=0)
0000025901: Notify EC_NOTIFY_CYCCMD_WKC_ERROR(11, 0x10000000, 2, 15)
0000025901: Notify EC_NOTIFY_CYCCMD_WKC_ERROR(10, 0x10000800, 2, 15)
0000025901: Notify EC_NOTIFY_CYCCMD_WKC_ERROR(11, 0x10000000, 2, 15)
0000025901: Notify EC_NOTIFY_CYCCMD_WKC_ERROR(10, 0x10000800, 2, 15)
0000025902: Error: System overload: Cycle time too short or huge jitter!
0000025902: SendCycFramesByEntry(0): wFramesMonitoringProcCnt (0) < wFramesMonitoringSndCnt (1)
0000025902: Notify EC_NOTIFY_FRAME_RESPONSE_ERROR(No response error for cyclic frame IDX=0x18, CycFrameNum=0, TaskId=0)
0000025903: Notify EC_NOTIFY_CYCCMD_WKC_ERROR(11, 0x10000000, 2, 15)
0000025903: Notify EC_NOTIFY_CYCCMD_WKC_ERROR(10, 0x10000800, 2, 15)
0000025904: Error: System overload: Cycle time too short or huge jitter!
0000025904: SendCycFramesByEntry(0): wFramesMonitoringProcCnt (0) < wFramesMonitoringSndCnt (1)
0000025904: Notify EC_NOTIFY_FRAME_RESPONSE_ERROR(No response error for cyclic frame IDX=0x1c, CycFrameNum=0, TaskId=0)
0000025905: Notify EC_NOTIFY_CYCCMD_WKC_ERROR(11, 0x10000000, 2, 15)
0000025905: Notify EC_NOTIFY_CYCCMD_WKC_ERROR(10, 0x10000800, 2, 15)
0000025905: Notify EC_NOTIFY_CYCCMD_WKC_ERROR(11, 0x10000000, 2, 15)
0000025905: Notify EC_NOTIFY_CYCCMD_WKC_ERROR(10, 0x10000800, 2, 15)
0000025907: Error: System overload: Cycle time too short or huge jitter!
0000025907: SendCycFramesByEntry(0): wFramesMonitoringProcCnt (0) < wFramesMonitoringSndCnt (1)
0000025907: Notify EC_NOTIFY_FRAME_RESPONSE_ERROR(No response error for cyclic frame IDX=0x21, CycFrameNum=0, TaskId=0)
0000025907: Notify EC_NOTIFY_CYCCMD_WKC_ERROR(11, 0x10000000, 2, 15)
0000025907: Notify EC_NOTIFY_CYCCMD_WKC_ERROR(10, 0x10000800, 2, 15)
0000025908: Error: System overload: Cycle time too short or huge jitter!
0000025908: SendCycFramesByEntry(0): wFramesMonitoringProcCnt (0) < wFramesMonitoringSndCnt (1)
0000025908: Notify EC_NOTIFY_FRAME_RESPONSE_ERROR(No response error for cyclic frame IDX=0x23, CycFrameNum=0, TaskId=0)
0000025908: Notify EC_NOTIFY_CYCCMD_WKC_ERROR(11, 0x10000000, 2, 15)
0000025908: Notify EC_NOTIFY_CYCCMD_WKC_ERROR(10, 0x10000800, 2, 15)
0000025909: Error: System overload: Cycle time too short or huge jitter!
0000025909: SendCycFramesByEntry(0): wFramesMonitoringProcCnt (0) < wFramesMonitoringSndCnt (1)
0000025909: Notify EC_NOTIFY_FRAME_RESPONSE_ERROR(No response error for cyclic frame IDX=0x25, CycFrameNum=0, TaskId=0)
0000025909: Error: System overload: Cycle time too short or huge jitter!
0000025909: SendCycFramesByEntry(0): wFramesMonitoringProcCnt (0) < wFramesMonitoringSndCnt (1)
0000025909: Notify EC_NOTIFY_FRAME_RESPONSE_ERROR(No response error for cyclic frame IDX=0x26, CycFrameNum=0, TaskId=0)
0000025910: Notify EC_NOTIFY_CYCCMD_WKC_ERROR(11, 0x10000000, 2, 15)
0000025910: Notify EC_NOTIFY_CYCCMD_WKC_ERROR(10, 0x10000800, 2, 15)
0000025910: Notify EC_NOTIFY_CYCCMD_WKC_ERROR(11, 0x10000000, 2, 15)
0000025910: Notify EC_NOTIFY_CYCCMD_WKC_ERROR(10, 0x10000800, 2, 15)
0000025910: Error: System overload: Cycle time too short or huge jitter!
0000025910: SendCycFramesByEntry(0): wFramesMonitoringProcCnt (0) < wFramesMonitoringSndCnt (1)
0000025910: Notify EC_NOTIFY_FRAME_RESPONSE_ERROR(No response error for cyclic frame IDX=0x28, CycFrameNum=0, TaskId=0)
0000025911: Notify EC_NOTIFY_CYCCMD_WKC_ERROR(11, 0x10000000, 2, 15)
0000025911: Notify EC_NOTIFY_CYCCMD_WKC_ERROR(10, 0x10000800, 2, 15)
0000025913: Error: System overload: Cycle time too short or huge jitter!
0000025913: SendCycFramesByEntry(0): wFramesMonitoringProcCnt (0) < wFramesMonitoringSndCnt (1)
0000025913: Notify EC_NOTIFY_FRAME_RESPONSE_ERROR(No response error for cyclic frame IDX=0x2d, CycFrameNum=0, TaskId=0)
0000025913: Notify EC_NOTIFY_CYCCMD_WKC_ERROR(11, 0x10000000, 2, 15)
0000025913: Notify EC_NOTIFY_CYCCMD_WKC_ERROR(10, 0x10000800, 2, 15)
0000025915: Error: System overload: Cycle time too short or huge jitter!
0000025915: SendCycFramesByEntry(0): wFramesMonitoringProcCnt (0) < wFramesMonitoringSndCnt (1)
0000025915: Notify EC_NOTIFY_FRAME_RESPONSE_ERROR(No response error for cyclic frame IDX=0x31, CycFrameNum=0, TaskId=0)
0000025915: Notify EC_NOTIFY_CYCCMD_WKC_ERROR(11, 0x10000000, 2, 15)
0000025915: Notify EC_NOTIFY_CYCCMD_WKC_ERROR(10, 0x10000800, 2, 15)
0000025915: Notify EC_NOTIFY_CYCCMD_WKC_ERROR(11, 0x10000000, 2, 15)
0000025915: Notify EC_NOTIFY_CYCCMD_WKC_ERROR(10, 0x10000800, 2, 15)
0000025916: Error: System overload: Cycle time too short or huge jitter!
0000025916: SendCycFramesByEntry(0): wFramesMonitoringProcCnt (0) < wFramesMonitoringSndCnt (1)
0000025916: Notify EC_NOTIFY_FRAME_RESPONSE_ERROR(No response error for cyclic frame IDX=0x34, CycFrameNum=0, TaskId=0)
0000025917: Error: System overload: Cycle time too short or huge jitter!
0000025917: SendCycFramesByEntry(0): wFramesMonitoringProcCnt (0) < wFramesMonitoringSndCnt (1)
0000025917: Notify EC_NOTIFY_FRAME_RESPONSE_ERROR(No response error for cyclic frame IDX=0x35, CycFrameNum=0, TaskId=0)
0000025917: Notify EC_NOTIFY_CYCCMD_WKC_ERROR(11, 0x10000000, 2, 15)
0000025917: Notify EC_NOTIFY_CYCCMD_WKC_ERROR(10, 0x10000800, 2, 15)
0000025917: Notify EC_NOTIFY_CYCCMD_WKC_ERROR(11, 0x10000000, 2, 15)
0000025917: Notify EC_NOTIFY_CYCCMD_WKC_ERROR(10, 0x10000800, 2, 15)
0000025918: Error: System overload: Cycle time too short or huge jitter!
0000025918: SendCycFramesByEntry(0): wFramesMonitoringProcCnt (0) < wFramesMonitoringSndCnt (1)
0000025918: Notify EC_NOTIFY_FRAME_RESPONSE_ERROR(No response error for cyclic frame IDX=0x37, CycFrameNum=0, TaskId=0)
0000025918: Notify EC_NOTIFY_CYCCMD_WKC_ERROR(11, 0x10000000, 2, 15)
0000025918: Notify EC_NOTIFY_CYCCMD_WKC_ERROR(10, 0x10000800, 2, 15)
0000025919: Error: System overload: Cycle time too short or huge jitter!
0000025919: SendCycFramesByEntry(0): wFramesMonitoringProcCnt (0) < wFramesMonitoringSndCnt (1)
0000025919: Notify EC_NOTIFY_FRAME_RESPONSE_ERROR(No response error for cyclic frame IDX=0x39, CycFrameNum=0, TaskId=0)
0000025919: Error: System overload: Cycle time too short or huge jitter!
0000025919: SendCycFramesByEntry(0): wFramesMonitoringProcCnt (0) < wFramesMonitoringSndCnt (1)
0000025919: Notify EC_NOTIFY_FRAME_RESPONSE_ERROR(No response error for cyclic frame IDX=0x3a, CycFrameNum=0, TaskId=0)
0000025920: Error: System overload: Cycle time too short or huge jitter!
0000025920: SendCycFramesByEntry(0): wFramesMonitoringProcCnt (0) < wFramesMonitoringSndCnt (1)
0000025920: Notify EC_NOTIFY_FRAME_RESPONSE_ERROR(No response error for cyclic frame IDX=0x3b, CycFrameNum=0, TaskId=0)
0000025920: Notify EC_NOTIFY_CYCCMD_WKC_ERROR(11, 0x10000000, 2, 15)
0000025920: Notify EC_NOTIFY_CYCCMD_WKC_ERROR(10, 0x10000800, 2, 15)
0000025920: Notify EC_NOTIFY_CYCCMD_WKC_ERROR(11, 0x10000000, 2, 15)
0000025920: Notify EC_NOTIFY_CYCCMD_WKC_ERROR(10, 0x10000800, 2, 15)
0000025920: Notify EC_NOTIFY_CYCCMD_WKC_ERROR(11, 0x10000000, 2, 15)
0000025920: Notify EC_NOTIFY_CYCCMD_WKC_ERROR(10, 0x10000800, 2, 15)
0000025921: Error: System overload: Cycle time too short or huge jitter!
0000025921: SendCycFramesByEntry(0): wFramesMonitoringProcCnt (0) < wFramesMonitoringSndCnt (1)
0000025921: Notify EC_NOTIFY_FRAME_RESPONSE_ERROR(No response error for cyclic frame IDX=0x3e, CycFrameNum=0, TaskId=0)
0000025922: Notify EC_NOTIFY_CYCCMD_WKC_ERROR(11, 0x10000000, 2, 15)
0000025922: Notify EC_NOTIFY_CYCCMD_WKC_ERROR(10, 0x10000800, 2, 15)
0000025922: Error: System overload: Cycle time too short or huge jitter!
0000025922: SendCycFramesByEntry(0): wFramesMonitoringProcCnt (0) < wFramesMonitoringSndCnt (1)
0000025922: Notify EC_NOTIFY_FRAME_RESPONSE_ERROR(No response error for cyclic frame IDX=0x40, CycFrameNum=0, TaskId=0)
0000025923: Notify EC_NOTIFY_CYCCMD_WKC_ERROR(11, 0x10000000, 2, 15)
0000025923: Notify EC_NOTIFY_CYCCMD_WKC_ERROR(10, 0x10000800, 2, 15)
0000025926: Error: System overload: Cycle time too short or huge jitter!
0000025926: SendCycFramesByEntry(0): wFramesMonitoringProcCnt (0) < wFramesMonitoringSndCnt (1)
0000025926: Notify EC_NOTIFY_FRAME_RESPONSE_ERROR(No response error for cyclic frame IDX=0x48, CycFrameNum=0, TaskId=0)
0000025927: Notify EC_NOTIFY_CYCCMD_WKC_ERROR(11, 0x10000000, 2, 15)
0000025927: Notify EC_NOTIFY_CYCCMD_WKC_ERROR(10, 0x10000800, 2, 15)
0000025927: Error: System overload: Cycle time too short or huge jitter!
0000025927: SendCycFramesByEntry(0): wFramesMonitoringProcCnt (0) < wFramesMonitoringSndCnt (1)
0000025927: Notify EC_NOTIFY_FRAME_RESPONSE_ERROR(No response error for cyclic frame IDX=0x4a, CycFrameNum=0, TaskId=0)
0000025928: Error: System overload: Cycle time too short or huge jitter!
0000025928: SendCycFramesByEntry(0): wFramesMonitoringProcCnt (0) < wFramesMonitoringSndCnt (1)
0000025928: Notify EC_NOTIFY_FRAME_RESPONSE_ERROR(No response error for cyclic frame IDX=0x4b, CycFrameNum=0, TaskId=0)
0000025928: Notify EC_NOTIFY_CYCCMD_WKC_ERROR(11, 0x10000000, 2, 15)
0000025928: Notify EC_NOTIFY_CYCCMD_WKC_ERROR(10, 0x10000800, 2, 15)
0000025928: Notify EC_NOTIFY_CYCCMD_WKC_ERROR(11, 0x10000000, 2, 15)
0000025928: Notify EC_NOTIFY_CYCCMD_WKC_ERROR(10, 0x10000800, 2, 15)
0000025930: Error: System overload: Cycle time too short or huge jitter!
0000025930: SendCycFramesByEntry(0): wFramesMonitoringProcCnt (0) < wFramesMonitoringSndCnt (1)
0000025930: Notify EC_NOTIFY_FRAME_RESPONSE_ERROR(No response error for cyclic frame IDX=0x4f, CycFrameNum=0, TaskId=0)
0000025930: Notify EC_NOTIFY_CYCCMD_WKC_ERROR(11, 0x10000000, 2, 15)
0000025930: Notify EC_NOTIFY_CYCCMD_WKC_ERROR(10, 0x10000800, 2, 15)
0000025931: Error: System overload: Cycle time too short or huge jitter!
0000025931: SendCycFramesByEntry(0): wFramesMonitoringProcCnt (0) < wFramesMonitoringSndCnt (1)
0000025931: Notify EC_NOTIFY_FRAME_RESPONSE_ERROR(No response error for cyclic frame IDX=0x51, CycFrameNum=0, TaskId=0)
0000025931: Error: System overload: Cycle time too short or huge jitter!
0000025931: SendCycFramesByEntry(0): wFramesMonitoringProcCnt (0) < wFramesMonitoringSndCnt (1)
0000025931: Notify EC_NOTIFY_FRAME_RESPONSE_ERROR(No response error for cyclic frame IDX=0x52, CycFrameNum=0, TaskId=0)
0000025932: Error: System overload: Cycle time too short or huge jitter!
0000025932: SendCycFramesByEntry(0): wFramesMonitoringProcCnt (0) < wFramesMonitoringSndCnt (1)
0000025932: Notify EC_NOTIFY_FRAME_RESPONSE_ERROR(No response error for cyclic frame IDX=0x53, CycFrameNum=0, TaskId=0)
0000025932: Notify EC_NOTIFY_CYCCMD_WKC_ERROR(11, 0x10000000, 2, 15)
0000025932: Notify EC_NOTIFY_CYCCMD_WKC_ERROR(10, 0x10000800, 2, 15)
0000025932: Notify EC_NOTIFY_CYCCMD_WKC_ERROR(11, 0x10000000, 2, 15)
0000025932: Notify EC_NOTIFY_CYCCMD_WKC_ERROR(10, 0x10000800, 2, 15)
0000025932: Notify EC_NOTIFY_CYCCMD_WKC_ERROR(11, 0x10000000, 2, 15)
0000025932: Notify EC_NOTIFY_CYCCMD_WKC_ERROR(10, 0x10000800, 2, 15)
0000025934: Error: System overload: Cycle time too short or huge jitter!
0000025934: SendCycFramesByEntry(0): wFramesMonitoringProcCnt (0) < wFramesMonitoringSndCnt (1)
0000025934: Notify EC_NOTIFY_FRAME_RESPONSE_ERROR(No response error for cyclic frame IDX=0x57, CycFrameNum=0, TaskId=0)
0000025934: Notify EC_NOTIFY_CYCCMD_WKC_ERROR(11, 0x10000000, 2, 15)
0000025934: Notify EC_NOTIFY_CYCCMD_WKC_ERROR(10, 0x10000800, 2, 15)
0000025937: Error: System overload: Cycle time too short or huge jitter!
0000025937: SendCycFramesByEntry(0): wFramesMonitoringProcCnt (0) < wFramesMonitoringSndCnt (1)
0000025937: Notify EC_NOTIFY_FRAME_RESPONSE_ERROR(No response error for cyclic frame IDX=0x5d, CycFrameNum=0, TaskId=0)
0000025937: Notify EC_NOTIFY_CYCCMD_WKC_ERROR(11, 0x10000000, 2, 15)
0000025937: Notify EC_NOTIFY_CYCCMD_WKC_ERROR(10, 0x10000800, 2, 15)
0000025939: Error: System overload: Cycle time too short or huge jitter!
0000025939: SendCycFramesByEntry(0): wFramesMonitoringProcCnt (0) < wFramesMonitoringSndCnt (1)
0000025939: Notify EC_NOTIFY_FRAME_RESPONSE_ERROR(No response error for cyclic frame IDX=0x62, CycFrameNum=0, TaskId=0)
0000025940: Error: System overload: Cycle time too short or huge jitter!
0000025940: SendCycFramesByEntry(0): wFramesMonitoringProcCnt (0) < wFramesMonitoringSndCnt (1)
0000025940: Notify EC_NOTIFY_FRAME_RESPONSE_ERROR(No response error for cyclic frame IDX=0x63, CycFrameNum=0, TaskId=0)
0000025940: Error: System overload: Cycle time too short or huge jitter!
0000025940: SendCycFramesByEntry(0): wFramesMonitoringProcCnt (0) < wFramesMonitoringSndCnt (1)
0000025940: Notify EC_NOTIFY_FRAME_RESPONSE_ERROR(No response error for cyclic frame IDX=0x64, CycFrameNum=0, TaskId=0)
0000025941: Error: System overload: Cycle time too short or huge jitter!
0000025941: SendCycFramesByEntry(0): wFramesMonitoringProcCnt (0) < wFramesMonitoringSndCnt (1)
0000025941: Notify EC_NOTIFY_FRAME_RESPONSE_ERROR(No response error for cyclic frame IDX=0x65, CycFrameNum=0, TaskId=0)
0000025941: Notify EC_NOTIFY_CYCCMD_WKC_ERROR(11, 0x10000000, 2, 15)
0000025941: Notify EC_NOTIFY_CYCCMD_WKC_ERROR(10, 0x10000800, 2, 15)
0000025941: Notify EC_NOTIFY_CYCCMD_WKC_ERROR(11, 0x10000000, 2, 15)
0000025941: Notify EC_NOTIFY_CYCCMD_WKC_ERROR(10, 0x10000800, 2, 15)
0000025941: Notify EC_NOTIFY_CYCCMD_WKC_ERROR(11, 0x10000000, 2, 15)
0000025941: Notify EC_NOTIFY_CYCCMD_WKC_ERROR(10, 0x10000800, 2, 15)
0000025941: Notify EC_NOTIFY_CYCCMD_WKC_ERROR(11, 0x10000000, 2, 15)
0000025941: Notify EC_NOTIFY_CYCCMD_WKC_ERROR(10, 0x10000800, 2, 15)
0000025942: Error: System overload: Cycle time too short or huge jitter!
0000025942: SendCycFramesByEntry(0): wFramesMonitoringProcCnt (0) < wFramesMonitoringSndCnt (1)
0000025942: Notify EC_NOTIFY_FRAME_RESPONSE_ERROR(No response error for cyclic frame IDX=0x67, CycFrameNum=0, TaskId=0)
0000025942: Notify EC_NOTIFY_CYCCMD_WKC_ERROR(11, 0x10000000, 2, 15)
0000025942: Notify EC_NOTIFY_CYCCMD_WKC_ERROR(10, 0x10000800, 2, 15)
0000025943: Error: System overload: Cycle time too short or huge jitter!
0000025943: SendCycFramesByEntry(0): wFramesMonitoringProcCnt (0) < wFramesMonitoringSndCnt (1)
0000025943: Notify EC_NOTIFY_FRAME_RESPONSE_ERROR(No response error for cyclic frame IDX=0x6a, CycFrameNum=0, TaskId=0)
0000025944: Notify EC_NOTIFY_CYCCMD_WKC_ERROR(11, 0x10000000, 2, 15)
0000025944: Notify EC_NOTIFY_CYCCMD_WKC_ERROR(10, 0x10000800, 2, 15)
0000025947: Error: System overload: Cycle time too short or huge jitter!
0000025947: SendCycFramesByEntry(0): wFramesMonitoringProcCnt (0) < wFramesMonitoringSndCnt (1)
0000025947: Notify EC_NOTIFY_FRAME_RESPONSE_ERROR(No response error for cyclic frame IDX=0x71, CycFrameNum=0, TaskId=0)
0000025947: Notify EC_NOTIFY_CYCCMD_WKC_ERROR(11, 0x10000000, 2, 15)
0000025947: Notify EC_NOTIFY_CYCCMD_WKC_ERROR(10, 0x10000800, 2, 15)
0000025948: Error: System overload: Cycle time too short or huge jitter!
0000025948: SendCycFramesByEntry(0): wFramesMonitoringProcCnt (0) < wFramesMonitoringSndCnt (1)
0000025948: Notify EC_NOTIFY_FRAME_RESPONSE_ERROR(No response error for cyclic frame IDX=0x73, CycFrameNum=0, TaskId=0)
0000025948: Error: System overload: Cycle time too short or huge jitter!
0000025948: SendCycFramesByEntry(0): wFramesMonitoringProcCnt (0) < wFramesMonitoringSndCnt (1)
0000025948: Notify EC_NOTIFY_FRAME_RESPONSE_ERROR(No response error for cyclic frame IDX=0x74, CycFrameNum=0, TaskId=0)
0000025949: Error: System overload: Cycle time too short or huge jitter!
0000025949: SendCycFramesByEntry(0): wFramesMonitoringProcCnt (0) < wFramesMonitoringSndCnt (1)
0000025949: Notify EC_NOTIFY_FRAME_RESPONSE_ERROR(No response error for cyclic frame IDX=0x75, CycFrameNum=0, TaskId=0)
0000025949: Notify EC_NOTIFY_CYCCMD_WKC_ERROR(11, 0x10000000, 2, 15)
0000025949: Notify EC_NOTIFY_CYCCMD_WKC_ERROR(10, 0x10000800, 2, 15)
0000025949: Notify EC_NOTIFY_CYCCMD_WKC_ERROR(11, 0x10000000, 2, 15)
0000025949: Notify EC_NOTIFY_CYCCMD_WKC_ERROR(10, 0x10000800, 2, 15)
0000025949: Notify EC_NOTIFY_CYCCMD_WKC_ERROR(11, 0x10000000, 2, 15)
0000025949: Notify EC_NOTIFY_CYCCMD_WKC_ERROR(10, 0x10000800, 2, 15)
0000025950: Error: System overload: Cycle time too short or huge jitter!
0000025950: SendCycFramesByEntry(0): wFramesMonitoringProcCnt (0) < wFramesMonitoringSndCnt (1)
0000025950: Notify EC_NOTIFY_FRAME_RESPONSE_ERROR(No response error for cyclic frame IDX=0x78, CycFrameNum=0, TaskId=0)
0000025951: Notify EC_NOTIFY_CYCCMD_WKC_ERROR(11, 0x10000000, 2, 15)
0000025951: Notify EC_NOTIFY_CYCCMD_WKC_ERROR(10, 0x10000800, 2, 15)
0000025955: Notify EC_NOTIFY_CYCCMD_WKC_ERROR(11, 0x10000000, 2, 15)
0000025955: Notify EC_NOTIFY_CYCCMD_WKC_ERROR(10, 0x10000800, 2, 15)
0000025956: Error: System overload: Cycle time too short or huge jitter!
0000025956: SendCycFramesByEntry(0): wFramesMonitoringProcCnt (0) < wFramesMonitoringSndCnt (1)
0000025956: Notify EC_NOTIFY_FRAME_RESPONSE_ERROR(No response error for cyclic frame IDX=0x84, CycFrameNum=0, TaskId=0)
0000025957: Error: System overload: Cycle time too short or huge jitter!
0000025957: SendCycFramesByEntry(0): wFramesMonitoringProcCnt (0) < wFramesMonitoringSndCnt (1)
0000025957: Notify EC_NOTIFY_FRAME_RESPONSE_ERROR(No response error for cyclic frame IDX=0x85, CycFrameNum=0, TaskId=0)
0000025957: Notify EC_NOTIFY_CYCCMD_WKC_ERROR(11, 0x10000000, 2, 15)
0000025957: Notify EC_NOTIFY_CYCCMD_WKC_ERROR(10, 0x10000800, 2, 15)
0000025957: Notify EC_NOTIFY_CYCCMD_WKC_ERROR(11, 0x10000000, 2, 15)
0000025957: Notify EC_NOTIFY_CYCCMD_WKC_ERROR(10, 0x10000800, 2, 15)
0000025961: Error: System overload: Cycle time too short or huge jitter!
0000025961: SendCycFramesByEntry(0): wFramesMonitoringProcCnt (0) < wFramesMonitoringSndCnt (1)
0000025961: Notify EC_NOTIFY_FRAME_RESPONSE_ERROR(No response error for cyclic frame IDX=0x8e, CycFrameNum=0, TaskId=0)
0000025962: Notify EC_NOTIFY_CYCCMD_WKC_ERROR(11, 0x10000000, 2, 15)
0000025962: Notify EC_NOTIFY_CYCCMD_WKC_ERROR(10, 0x10000800, 2, 15)
0000025963: Error: System overload: Cycle time too short or huge jitter!
0000025963: SendCycFramesByEntry(0): wFramesMonitoringProcCnt (0) < wFramesMonitoringSndCnt (1)
0000025963: Notify EC_NOTIFY_FRAME_RESPONSE_ERROR(No response error for cyclic frame IDX=0x91, CycFrameNum=0, TaskId=0)
0000025963: Notify EC_NOTIFY_CYCCMD_WKC_ERROR(11, 0x10000000, 2, 15)
0000025963: Notify EC_NOTIFY_CYCCMD_WKC_ERROR(10, 0x10000800, 2, 15)
0000025964: Error: System overload: Cycle time too short or huge jitter!
0000025964: SendCycFramesByEntry(0): wFramesMonitoringProcCnt (0) < wFramesMonitoringSndCnt (1)
0000025964: Notify EC_NOTIFY_FRAME_RESPONSE_ERROR(No response error for cyclic frame IDX=0x93, CycFrameNum=0, TaskId=0)
0000025964: Notify EC_NOTIFY_CYCCMD_WKC_ERROR(11, 0x10000000, 2, 15)
0000025964: Notify EC_NOTIFY_CYCCMD_WKC_ERROR(10, 0x10000800, 2, 15)
0000025970: Error: System overload: Cycle time too short or huge jitter!
0000025970: SendCycFramesByEntry(0): wFramesMonitoringProcCnt (0) < wFramesMonitoringSndCnt (1)
0000025970: Notify EC_NOTIFY_FRAME_RESPONSE_ERROR(No response error for cyclic frame IDX=0x9f, CycFrameNum=0, TaskId=0)
0000025970: Notify EC_NOTIFY_CYCCMD_WKC_ERROR(11, 0x10000000, 2, 15)
0000025970: Notify EC_NOTIFY_CYCCMD_WKC_ERROR(10, 0x10000800, 2, 15)
0000025971: Error: System overload: Cycle time too short or huge jitter!
0000025971: SendCycFramesByEntry(0): wFramesMonitoringProcCnt (0) < wFramesMonitoringSndCnt (1)
0000025971: Notify EC_NOTIFY_FRAME_RESPONSE_ERROR(No response error for cyclic frame IDX=0xa1, CycFrameNum=0, TaskId=0)
0000025971: Notify EC_NOTIFY_CYCCMD_WKC_ERROR(11, 0x10000000, 2, 15)
0000025971: Notify EC_NOTIFY_CYCCMD_WKC_ERROR(10, 0x10000800, 2, 15)
0000025972: Error: System overload: Cycle time too short or huge jitter!
0000025972: SendCycFramesByEntry(0): wFramesMonitoringProcCnt (0) < wFramesMonitoringSndCnt (1)
0000025972: Notify EC_NOTIFY_FRAME_RESPONSE_ERROR(No response error for cyclic frame IDX=0xa4, CycFrameNum=0, TaskId=0)
0000025973: Notify EC_NOTIFY_CYCCMD_WKC_ERROR(11, 0x10000000, 2, 15)
0000025973: Notify EC_NOTIFY_CYCCMD_WKC_ERROR(10, 0x10000800, 2, 15)
0000025973: Error: System overload: Cycle time too short or huge jitter!
0000025973: SendCycFramesByEntry(0): wFramesMonitoringProcCnt (0) < wFramesMonitoringSndCnt (1)
0000025973: Notify EC_NOTIFY_FRAME_RESPONSE_ERROR(No response error for cyclic frame IDX=0xa6, CycFrameNum=0, TaskId=0)
0000025974: Notify EC_NOTIFY_CYCCMD_WKC_ERROR(11, 0x10000000, 2, 15)
0000025974: Notify EC_NOTIFY_CYCCMD_WKC_ERROR(10, 0x10000800, 2, 15)
0000025974: Error: System overload: Cycle time too short or huge jitter!
0000025974: SendCycFramesByEntry(0): wFramesMonitoringProcCnt (0) < wFramesMonitoringSndCnt (1)
0000025974: Notify EC_NOTIFY_FRAME_RESPONSE_ERROR(No response error for cyclic frame IDX=0xa8, CycFrameNum=0, TaskId=0)
0000025975: Notify EC_NOTIFY_CYCCMD_WKC_ERROR(11, 0x10000000, 2, 15)
0000025975: Notify EC_NOTIFY_CYCCMD_WKC_ERROR(10, 0x10000800, 2, 15)
0000025978: Error: System overload: Cycle time too short or huge jitter!
0000025978: SendCycFramesByEntry(0): wFramesMonitoringProcCnt (0) < wFramesMonitoringSndCnt (1)
0000025978: Notify EC_NOTIFY_FRAME_RESPONSE_ERROR(No response error for cyclic frame IDX=0xb0, CycFrameNum=0, TaskId=0)
0000025979: Notify EC_NOTIFY_CYCCMD_WKC_ERROR(11, 0x10000000, 2, 15)
0000025979: Notify EC_NOTIFY_CYCCMD_WKC_ERROR(10, 0x10000800, 2, 15)
0000025979: Error: System overload: Cycle time too short or huge jitter!
0000025979: SendCycFramesByEntry(0): wFramesMonitoringProcCnt (0) < wFramesMonitoringSndCnt (1)
0000025979: Notify EC_NOTIFY_FRAME_RESPONSE_ERROR(No response error for cyclic frame IDX=0xb2, CycFrameNum=0, TaskId=0)
0000025980: Notify EC_NOTIFY_CYCCMD_WKC_ERROR(11, 0x10000000, 2, 15)
0000025980: Notify EC_NOTIFY_CYCCMD_WKC_ERROR(10, 0x10000800, 2, 15)
0000025982: Error: System overload: Cycle time too short or huge jitter!
0000025982: SendCycFramesByEntry(0): wFramesMonitoringProcCnt (0) < wFramesMonitoringSndCnt (1)
0000025982: Notify EC_NOTIFY_FRAME_RESPONSE_ERROR(No response error for cyclic frame IDX=0xb8, CycFrameNum=0, TaskId=0)
0000025983: Notify EC_NOTIFY_CYCCMD_WKC_ERROR(11, 0x10000000, 2, 15)
0000025983: Notify EC_NOTIFY_CYCCMD_WKC_ERROR(10, 0x10000800, 2, 15)
0000025983: Error: System overload: Cycle time too short or huge jitter!
0000025983: SendCycFramesByEntry(0): wFramesMonitoringProcCnt (0) < wFramesMonitoringSndCnt (1)
0000025983: Notify EC_NOTIFY_FRAME_RESPONSE_ERROR(No response error for cyclic frame IDX=0xba, CycFrameNum=0, TaskId=0)
0000025984: Notify EC_NOTIFY_CYCCMD_WKC_ERROR(11, 0x10000000, 2, 15)
0000025984: Notify EC_NOTIFY_CYCCMD_WKC_ERROR(10, 0x10000800, 2, 15)
0000025985: Error: System overload: Cycle time too short or huge jitter!
0000025985: SendCycFramesByEntry(0): wFramesMonitoringProcCnt (0) < wFramesMonitoringSndCnt (1)
0000025985: Notify EC_NOTIFY_FRAME_RESPONSE_ERROR(No response error for cyclic frame IDX=0xbd, CycFrameNum=0, TaskId=0)
0000025985: Notify EC_NOTIFY_CYCCMD_WKC_ERROR(11, 0x10000000, 2, 15)
0000025985: Notify EC_NOTIFY_CYCCMD_WKC_ERROR(10, 0x10000800, 2, 15)
0000025986: Error: System overload: Cycle time too short or huge jitter!
0000025986: SendCycFramesByEntry(0): wFramesMonitoringProcCnt (0) < wFramesMonitoringSndCnt (1)
0000025986: Notify EC_NOTIFY_FRAME_RESPONSE_ERROR(No response error for cyclic frame IDX=0xbf, CycFrameNum=0, TaskId=0)
0000025986: Notify EC_NOTIFY_CYCCMD_WKC_ERROR(11, 0x10000000, 2, 15)
0000025986: Notify EC_NOTIFY_CYCCMD_WKC_ERROR(10, 0x10000800, 2, 15)
0000025989: Error: System overload: Cycle time too short or huge jitter!
0000025989: SendCycFramesByEntry(0): wFramesMonitoringProcCnt (0) < wFramesMonitoringSndCnt (1)
0000025989: Notify EC_NOTIFY_FRAME_RESPONSE_ERROR(No response error for cyclic frame IDX=0xc6, CycFrameNum=0, TaskId=0)
0000025990: Notify EC_NOTIFY_CYCCMD_WKC_ERROR(11, 0x10000000, 2, 15)
0000025990: Notify EC_NOTIFY_CYCCMD_WKC_ERROR(10, 0x10000800, 2, 15)
0000025990: Error: System overload: Cycle time too short or huge jitter!
0000025990: SendCycFramesByEntry(0): wFramesMonitoringProcCnt (0) < wFramesMonitoringSndCnt (1)
0000025990: Notify EC_NOTIFY_FRAME_RESPONSE_ERROR(No response error for cyclic frame IDX=0xc8, CycFrameNum=0, TaskId=0)
0000025991: Notify EC_NOTIFY_CYCCMD_WKC_ERROR(11, 0x10000000, 2, 15)
0000025991: Notify EC_NOTIFY_CYCCMD_WKC_ERROR(10, 0x10000800, 2, 15)
0000025991: Error: System overload: Cycle time too short or huge jitter!
0000025991: SendCycFramesByEntry(0): wFramesMonitoringProcCnt (0) < wFramesMonitoringSndCnt (1)
0000025991: Notify EC_NOTIFY_FRAME_RESPONSE_ERROR(No response error for cyclic frame IDX=0xca, CycFrameNum=0, TaskId=0)
0000025992: Error: System overload: Cycle time too short or huge jitter!
0000025992: SendCycFramesByEntry(0): wFramesMonitoringProcCnt (0) < wFramesMonitoringSndCnt (1)
0000025992: Notify EC_NOTIFY_FRAME_RESPONSE_ERROR(No response error for cyclic frame IDX=0xcb, CycFrameNum=0, TaskId=0)
0000025992: Notify EC_NOTIFY_CYCCMD_WKC_ERROR(11, 0x10000000, 2, 15)
0000025992: Notify EC_NOTIFY_CYCCMD_WKC_ERROR(10, 0x10000800, 2, 15)
0000025992: Notify EC_NOTIFY_CYCCMD_WKC_ERROR(11, 0x10000000, 2, 15)
0000025992: Notify EC_NOTIFY_CYCCMD_WKC_ERROR(10, 0x10000800, 2, 15)
0000025993: Error: System overload: Cycle time too short or huge jitter!
0000025993: SendCycFramesByEntry(0): wFramesMonitoringProcCnt (0) < wFramesMonitoringSndCnt (1)
0000025993: Notify EC_NOTIFY_FRAME_RESPONSE_ERROR(No response error for cyclic frame IDX=0xcd, CycFrameNum=0, TaskId=0)
0000025993: Error: System overload: Cycle time too short or huge jitter!
0000025993: SendCycFramesByEntry(0): wFramesMonitoringProcCnt (0) < wFramesMonitoringSndCnt (1)
0000025993: Notify EC_NOTIFY_FRAME_RESPONSE_ERROR(No response error for cyclic frame IDX=0xce, CycFrameNum=0, TaskId=0)
0000025994: Error: System overload: Cycle time too short or huge jitter!
0000025994: SendCycFramesByEntry(0): wFramesMonitoringProcCnt (0) < wFramesMonitoringSndCnt (1)
0000025994: Notify EC_NOTIFY_FRAME_RESPONSE_ERROR(No response error for cyclic frame IDX=0xcf, CycFrameNum=0, TaskId=0)
0000025994: Error: System overload: Cycle time too short or huge jitter!
0000025994: SendCycFramesByEntry(0): wFramesMonitoringProcCnt (0) < wFramesMonitoringSndCnt (1)
0000025994: Notify EC_NOTIFY_FRAME_RESPONSE_ERROR(No response error for cyclic frame IDX=0xd0, CycFrameNum=0, TaskId=0)
0000025995: Notify EC_NOTIFY_CYCCMD_WKC_ERROR(11, 0x10000000, 2, 15)
0000025995: Notify EC_NOTIFY_CYCCMD_WKC_ERROR(10, 0x10000800, 2, 15)
0000025995: Notify EC_NOTIFY_CYCCMD_WKC_ERROR(11, 0x10000000, 2, 15)
0000025995: Notify EC_NOTIFY_CYCCMD_WKC_ERROR(10, 0x10000800, 2, 15)
0000025995: Notify EC_NOTIFY_CYCCMD_WKC_ERROR(11, 0x10000000, 2, 15)
0000025995: Notify EC_NOTIFY_CYCCMD_WKC_ERROR(10, 0x10000800, 2, 15)
0000025995: Notify EC_NOTIFY_CYCCMD_WKC_ERROR(11, 0x10000000, 2, 15)
0000025995: Notify EC_NOTIFY_CYCCMD_WKC_ERROR(10, 0x10000800, 2, 15)
0000025995: Notify EC_NOTIFY_CYCCMD_WKC_ERROR(11, 0x10000000, 2, 15)
0000025995: Notify EC_NOTIFY_CYCCMD_WKC_ERROR(10, 0x10000800, 2, 15)
0000025996: Error: System overload: Cycle time too short or huge jitter!
0000025996: SendCycFramesByEntry(0): wFramesMonitoringProcCnt (0) < wFramesMonitoringSndCnt (1)
0000025996: Notify EC_NOTIFY_FRAME_RESPONSE_ERROR(No response error for cyclic frame IDX=0xd4, CycFrameNum=0, TaskId=0)
0000025997: Notify EC_NOTIFY_CYCCMD_WKC_ERROR(11, 0x10000000, 2, 15)
0000025997: Notify EC_NOTIFY_CYCCMD_WKC_ERROR(10, 0x10000800, 2, 15)
0000025998: Error: System overload: Cycle time too short or huge jitter!
0000025998: SendCycFramesByEntry(0): wFramesMonitoringProcCnt (0) < wFramesMonitoringSndCnt (1)
0000025998: Notify EC_NOTIFY_FRAME_RESPONSE_ERROR(No response error for cyclic frame IDX=0xd7, CycFrameNum=0, TaskId=0)
0000025998: Notify EC_NOTIFY_CYCCMD_WKC_ERROR(11, 0x10000000, 2, 15)
0000025998: Notify EC_NOTIFY_CYCCMD_WKC_ERROR(10, 0x10000800, 2, 15)
0000025999: Error: System overload: Cycle time too short or huge jitter!
0000025999: SendCycFramesByEntry(0): wFramesMonitoringProcCnt (0) < wFramesMonitoringSndCnt (1)
0000025999: Notify EC_NOTIFY_FRAME_RESPONSE_ERROR(No response error for cyclic frame IDX=0xda, CycFrameNum=0, TaskId=0)
0000026000: Error: System overload: Cycle time too short or huge jitter!
0000026000: SendCycFramesByEntry(0): wFramesMonitoringProcCnt (0) < wFramesMonitoringSndCnt (1)
0000026000: Notify EC_NOTIFY_FRAME_RESPONSE_ERROR(No response error for cyclic frame IDX=0xdb, CycFrameNum=0, TaskId=0)
0000026000: Notify EC_NOTIFY_CYCCMD_WKC_ERROR(11, 0x10000000, 2, 15)
0000026000: Notify EC_NOTIFY_CYCCMD_WKC_ERROR(10, 0x10000800, 2, 15)
0000026000: Notify EC_NOTIFY_CYCCMD_WKC_ERROR(11, 0x10000000, 2, 15)
0000026000: Notify EC_NOTIFY_CYCCMD_WKC_ERROR(10, 0x10000800, 2, 15)
0000026001: Error: System overload: Cycle time too short or huge jitter!
0000026001: SendCycFramesByEntry(0): wFramesMonitoringProcCnt (0) < wFramesMonitoringSndCnt (1)
0000026001: Notify EC_NOTIFY_FRAME_RESPONSE_ERROR(No response error for cyclic frame IDX=0x0, CycFrameNum=0, TaskId=0)
0000026002: Notify EC_NOTIFY_CYCCMD_WKC_ERROR(11, 0x10000000, 2, 15)
0000026002: Notify EC_NOTIFY_CYCCMD_WKC_ERROR(10, 0x10000800, 2, 15)
0000026002: Error: System overload: Cycle time too short or huge jitter!
0000026002: SendCycFramesByEntry(0): wFramesMonitoringProcCnt (0) < wFramesMonitoringSndCnt (1)
0000026002: Notify EC_NOTIFY_FRAME_RESPONSE_ERROR(No response error for cyclic frame IDX=0x2, CycFrameNum=0, TaskId=0)
0000026003: Notify EC_NOTIFY_CYCCMD_WKC_ERROR(11, 0x10000000, 2, 15)
0000026003: Notify EC_NOTIFY_CYCCMD_WKC_ERROR(10, 0x10000800, 2, 15)
0000026004: Error: System overload: Cycle time too short or huge jitter!
0000026004: SendCycFramesByEntry(0): wFramesMonitoringProcCnt (0) < wFramesMonitoringSndCnt (1)
0000026004: Notify EC_NOTIFY_FRAME_RESPONSE_ERROR(No response error for cyclic frame IDX=0x5, CycFrameNum=0, TaskId=0)
0000026004: Notify EC_NOTIFY_CYCCMD_WKC_ERROR(11, 0x10000000, 2, 15)
0000026004: Notify EC_NOTIFY_CYCCMD_WKC_ERROR(10, 0x10000800, 2, 15)
0000026005: Error: System overload: Cycle time too short or huge jitter!
0000026005: SendCycFramesByEntry(0): wFramesMonitoringProcCnt (0) < wFramesMonitoringSndCnt (1)
0000026005: Notify EC_NOTIFY_FRAME_RESPONSE_ERROR(No response error for cyclic frame IDX=0x7, CycFrameNum=0, TaskId=0)
0000026005: Notify EC_NOTIFY_CYCCMD_WKC_ERROR(11, 0x10000000, 2, 15)
0000026005: Notify EC_NOTIFY_CYCCMD_WKC_ERROR(10, 0x10000800, 2, 15)
0000026005: Notify EC_NOTIFY_CYCCMD_WKC_ERROR(11, 0x10000000, 2, 15)
0000026005: Notify EC_NOTIFY_CYCCMD_WKC_ERROR(10, 0x10000800, 2, 15)
0000026006: Error: System overload: Cycle time too short or huge jitter!
0000026006: SendCycFramesByEntry(0): wFramesMonitoringProcCnt (0) < wFramesMonitoringSndCnt (1)
0000026006: Notify EC_NOTIFY_FRAME_RESPONSE_ERROR(No response error for cyclic frame IDX=0x9, CycFrameNum=0, TaskId=0)
0000026006: Notify EC_NOTIFY_CYCCMD_WKC_ERROR(11, 0x10000000, 2, 15)
0000026006: Notify EC_NOTIFY_CYCCMD_WKC_ERROR(10, 0x10000800, 2, 15)
0000026009: Error: System overload: Cycle time too short or huge jitter!
0000026009: SendCycFramesByEntry(0): wFramesMonitoringProcCnt (0) < wFramesMonitoringSndCnt (1)
0000026009: Notify EC_NOTIFY_FRAME_RESPONSE_ERROR(No response error for cyclic frame IDX=0xf, CycFrameNum=0, TaskId=0)
0000026009: Notify EC_NOTIFY_CYCCMD_WKC_ERROR(11, 0x10000000, 2, 15)
0000026009: Notify EC_NOTIFY_CYCCMD_WKC_ERROR(10, 0x10000800, 2, 15)
0000026013: Error: System overload: Cycle time too short or huge jitter!
0000026013: SendCycFramesByEntry(0): wFramesMonitoringProcCnt (0) < wFramesMonitoringSndCnt (1)
0000026013: Notify EC_NOTIFY_FRAME_RESPONSE_ERROR(No response error for cyclic frame IDX=0x18, CycFrameNum=0, TaskId=0)
0000026014: Error: System overload: Cycle time too short or huge jitter!
0000026014: SendCycFramesByEntry(0): wFramesMonitoringProcCnt (0) < wFramesMonitoringSndCnt (1)
0000026014: Notify EC_NOTIFY_FRAME_RESPONSE_ERROR(No response error for cyclic frame IDX=0x19, CycFrameNum=0, TaskId=0)
0000026014: Error: System overload: Cycle time too short or huge jitter!
0000026014: SendCycFramesByEntry(0): wFramesMonitoringProcCnt (0) < wFramesMonitoringSndCnt (1)
0000026014: Notify EC_NOTIFY_FRAME_RESPONSE_ERROR(No response error for cyclic frame IDX=0x1a, CycFrameNum=0, TaskId=0)
0000026015: Error: System overload: Cycle time too short or huge jitter!
0000026015: SendCycFramesByEntry(0): wFramesMonitoringProcCnt (0) < wFramesMonitoringSndCnt (1)
0000026015: Notify EC_NOTIFY_FRAME_RESPONSE_ERROR(No response error for cyclic frame IDX=0x1b, CycFrameNum=0, TaskId=0)
0000026015: Notify EC_NOTIFY_CYCCMD_WKC_ERROR(11, 0x10000000, 2, 15)
0000026015: Notify EC_NOTIFY_CYCCMD_WKC_ERROR(10, 0x10000800, 2, 15)
0000026015: Notify EC_NOTIFY_CYCCMD_WKC_ERROR(11, 0x10000000, 2, 15)
0000026015: Notify EC_NOTIFY_CYCCMD_WKC_ERROR(10, 0x10000800, 2, 15)
0000026015: Notify EC_NOTIFY_CYCCMD_WKC_ERROR(11, 0x10000000, 2, 15)
0000026015: Notify EC_NOTIFY_CYCCMD_WKC_ERROR(10, 0x10000800, 2, 15)
0000026015: Notify EC_NOTIFY_CYCCMD_WKC_ERROR(11, 0x10000000, 2, 15)
0000026015: Notify EC_NOTIFY_CYCCMD_WKC_ERROR(10, 0x10000800, 2, 15)
0000026017: Error: System overload: Cycle time too short or huge jitter!
0000026017: SendCycFramesByEntry(0): wFramesMonitoringProcCnt (0) < wFramesMonitoringSndCnt (1)
0000026017: Notify EC_NOTIFY_FRAME_RESPONSE_ERROR(No response error for cyclic frame IDX=0x20, CycFrameNum=0, TaskId=0)
0000026018: Notify EC_NOTIFY_CYCCMD_WKC_ERROR(11, 0x10000000, 2, 15)
0000026018: Notify EC_NOTIFY_CYCCMD_WKC_ERROR(10, 0x10000800, 2, 15)
0000026018: Error: System overload: Cycle time too short or huge jitter!
0000026018: SendCycFramesByEntry(0): wFramesMonitoringProcCnt (0) < wFramesMonitoringSndCnt (1)
0000026018: Notify EC_NOTIFY_FRAME_RESPONSE_ERROR(No response error for cyclic frame IDX=0x22, CycFrameNum=0, TaskId=0)
0000026019: Notify EC_NOTIFY_CYCCMD_WKC_ERROR(11, 0x10000000, 2, 15)
0000026019: Notify EC_NOTIFY_CYCCMD_WKC_ERROR(10, 0x10000800, 2, 15)
0000026019: Error: System overload: Cycle time too short or huge jitter!
0000026019: SendCycFramesByEntry(0): wFramesMonitoringProcCnt (0) < wFramesMonitoringSndCnt (1)
0000026019: Notify EC_NOTIFY_FRAME_RESPONSE_ERROR(No response error for cyclic frame IDX=0x24, CycFrameNum=0, TaskId=0)
0000026020: Notify EC_NOTIFY_CYCCMD_WKC_ERROR(11, 0x10000000, 2, 15)
0000026020: Notify EC_NOTIFY_CYCCMD_WKC_ERROR(10, 0x10000800, 2, 15)
0000026021: Error: System overload: Cycle time too short or huge jitter!
0000026021: SendCycFramesByEntry(0): wFramesMonitoringProcCnt (0) < wFramesMonitoringSndCnt (1)
0000026021: Notify EC_NOTIFY_FRAME_RESPONSE_ERROR(No response error for cyclic frame IDX=0x27, CycFrameNum=0, TaskId=0)
0000026021: Notify EC_NOTIFY_CYCCMD_WKC_ERROR(11, 0x10000000, 2, 15)
0000026021: Notify EC_NOTIFY_CYCCMD_WKC_ERROR(10, 0x10000800, 2, 15)
0000026022: Error: System overload: Cycle time too short or huge jitter!
0000026022: SendCycFramesByEntry(0): wFramesMonitoringProcCnt (0) < wFramesMonitoringSndCnt (1)
0000026022: Notify EC_NOTIFY_FRAME_RESPONSE_ERROR(No response error for cyclic frame IDX=0x29, CycFrameNum=0, TaskId=0)
0000026022: Notify EC_NOTIFY_CYCCMD_WKC_ERROR(11, 0x10000000, 2, 15)
0000026022: Notify EC_NOTIFY_CYCCMD_WKC_ERROR(10, 0x10000800, 2, 15)
0000026023: Error: System overload: Cycle time too short or huge jitter!
0000026023: SendCycFramesByEntry(0): wFramesMonitoringProcCnt (0) < wFramesMonitoringSndCnt (1)
0000026023: Notify EC_NOTIFY_FRAME_RESPONSE_ERROR(No response error for cyclic frame IDX=0x2b, CycFrameNum=0, TaskId=0)
0000026023: Error: System overload: Cycle time too short or huge jitter!
0000026023: SendCycFramesByEntry(0): wFramesMonitoringProcCnt (0) < wFramesMonitoringSndCnt (1)
0000026023: Notify EC_NOTIFY_FRAME_RESPONSE_ERROR(No response error for cyclic frame IDX=0x2c, CycFrameNum=0, TaskId=0)
0000026024: Notify EC_NOTIFY_CYCCMD_WKC_ERROR(11, 0x10000000, 2, 15)
0000026024: Notify EC_NOTIFY_CYCCMD_WKC_ERROR(10, 0x10000800, 2, 15)
0000026024: Notify EC_NOTIFY_CYCCMD_WKC_ERROR(11, 0x10000000, 2, 15)
0000026024: Notify EC_NOTIFY_CYCCMD_WKC_ERROR(10, 0x10000800, 2, 15)
0000026025: Notify EC_NOTIFY_CYCCMD_WKC_ERROR(11, 0x10000000, 2, 15)
0000026025: Notify EC_NOTIFY_CYCCMD_WKC_ERROR(10, 0x10000800, 2, 15)
0000026028: Error: System overload: Cycle time too short or huge jitter!
0000026028: SendCycFramesByEntry(0): wFramesMonitoringProcCnt (0) < wFramesMonitoringSndCnt (1)
0000026028: Notify EC_NOTIFY_FRAME_RESPONSE_ERROR(No response error for cyclic frame IDX=0x35, CycFrameNum=0, TaskId=0)
0000026028: Notify EC_NOTIFY_CYCCMD_WKC_ERROR(11, 0x10000000, 2, 15)
0000026028: Notify EC_NOTIFY_CYCCMD_WKC_ERROR(10, 0x10000800, 2, 15)
0000026031: Error: System overload: Cycle time too short or huge jitter!
0000026031: SendCycFramesByEntry(0): wFramesMonitoringProcCnt (0) < wFramesMonitoringSndCnt (1)
0000026031: Notify EC_NOTIFY_FRAME_RESPONSE_ERROR(No response error for cyclic frame IDX=0x3b, CycFrameNum=0, TaskId=0)
0000026031: Notify EC_NOTIFY_CYCCMD_WKC_ERROR(11, 0x10000000, 2, 15)
0000026031: Notify EC_NOTIFY_CYCCMD_WKC_ERROR(10, 0x10000800, 2, 15)
0000026032: Error: System overload: Cycle time too short or huge jitter!
0000026032: SendCycFramesByEntry(0): wFramesMonitoringProcCnt (0) < wFramesMonitoringSndCnt (1)
0000026032: Notify EC_NOTIFY_FRAME_RESPONSE_ERROR(No response error for cyclic frame IDX=0x3d, CycFrameNum=0, TaskId=0)
0000026032: Notify EC_NOTIFY_CYCCMD_WKC_ERROR(11, 0x10000000, 2, 15)
0000026032: Notify EC_NOTIFY_CYCCMD_WKC_ERROR(10, 0x10000800, 2, 15)
0000026033: Error: System overload: Cycle time too short or huge jitter!
0000026033: SendCycFramesByEntry(0): wFramesMonitoringProcCnt (0) < wFramesMonitoringSndCnt (1)
0000026033: Notify EC_NOTIFY_FRAME_RESPONSE_ERROR(No response error for cyclic frame IDX=0x3f, CycFrameNum=0, TaskId=0)
0000026033: Notify EC_NOTIFY_CYCCMD_WKC_ERROR(11, 0x10000000, 2, 15)
0000026033: Notify EC_NOTIFY_CYCCMD_WKC_ERROR(10, 0x10000800, 2, 15)
0000026034: Error: System overload: Cycle time too short or huge jitter!
0000026034: SendCycFramesByEntry(0): wFramesMonitoringProcCnt (0) < wFramesMonitoringSndCnt (1)
0000026034: Notify EC_NOTIFY_FRAME_RESPONSE_ERROR(No response error for cyclic frame IDX=0x42, CycFrameNum=0, TaskId=0)
0000026035: Notify EC_NOTIFY_CYCCMD_WKC_ERROR(11, 0x10000000, 2, 15)
0000026035: Notify EC_NOTIFY_CYCCMD_WKC_ERROR(10, 0x10000800, 2, 15)
0000026037: Error: System overload: Cycle time too short or huge jitter!
0000026037: SendCycFramesByEntry(0): wFramesMonitoringProcCnt (0) < wFramesMonitoringSndCnt (1)
0000026037: Notify EC_NOTIFY_FRAME_RESPONSE_ERROR(No response error for cyclic frame IDX=0x47, CycFrameNum=0, TaskId=0)
0000026037: Notify EC_NOTIFY_CYCCMD_WKC_ERROR(11, 0x10000000, 2, 15)
0000026037: Notify EC_NOTIFY_CYCCMD_WKC_ERROR(10, 0x10000800, 2, 15)
0000026039: Error: System overload: Cycle time too short or huge jitter!
0000026039: SendCycFramesByEntry(0): wFramesMonitoringProcCnt (0) < wFramesMonitoringSndCnt (1)
0000026039: Notify EC_NOTIFY_FRAME_RESPONSE_ERROR(No response error for cyclic frame IDX=0x4b, CycFrameNum=0, TaskId=0)
0000026039: Notify EC_NOTIFY_CYCCMD_WKC_ERROR(11, 0x10000000, 2, 15)
0000026039: Notify EC_NOTIFY_CYCCMD_WKC_ERROR(10, 0x10000800, 2, 15)
0000026040: Error: System overload: Cycle time too short or huge jitter!
0000026040: SendCycFramesByEntry(0): wFramesMonitoringProcCnt (0) < wFramesMonitoringSndCnt (1)
0000026040: Notify EC_NOTIFY_FRAME_RESPONSE_ERROR(No response error for cyclic frame IDX=0x4d, CycFrameNum=0, TaskId=0)
0000026040: Notify EC_NOTIFY_CYCCMD_WKC_ERROR(11, 0x10000000, 2, 15)
0000026040: Notify EC_NOTIFY_CYCCMD_WKC_ERROR(10, 0x10000800, 2, 15)
0000026043: Error: System overload: Cycle time too short or huge jitter!
0000026043: SendCycFramesByEntry(0): wFramesMonitoringProcCnt (0) < wFramesMonitoringSndCnt (1)
0000026043: Notify EC_NOTIFY_FRAME_RESPONSE_ERROR(No response error for cyclic frame IDX=0x53, CycFrameNum=0, TaskId=0)
0000026043: Notify EC_NOTIFY_CYCCMD_WKC_ERROR(11, 0x10000000, 2, 15)
0000026043: Notify EC_NOTIFY_CYCCMD_WKC_ERROR(10, 0x10000800, 2, 15)
0000026044: Error: System overload: Cycle time too short or huge jitter!
0000026044: SendCycFramesByEntry(0): wFramesMonitoringProcCnt (0) < wFramesMonitoringSndCnt (1)
0000026044: Notify EC_NOTIFY_FRAME_RESPONSE_ERROR(No response error for cyclic frame IDX=0x55, CycFrameNum=0, TaskId=0)
0000026044: Notify EC_NOTIFY_CYCCMD_WKC_ERROR(11, 0x10000000, 2, 15)
0000026044: Notify EC_NOTIFY_CYCCMD_WKC_ERROR(10, 0x10000800, 2, 15)
0000026045: Error: System overload: Cycle time too short or huge jitter!
0000026045: SendCycFramesByEntry(0): wFramesMonitoringProcCnt (0) < wFramesMonitoringSndCnt (1)
0000026045: Notify EC_NOTIFY_FRAME_RESPONSE_ERROR(No response error for cyclic frame IDX=0x57, CycFrameNum=0, TaskId=0)
0000026045: Notify EC_NOTIFY_CYCCMD_WKC_ERROR(11, 0x10000000, 2, 15)
0000026045: Notify EC_NOTIFY_CYCCMD_WKC_ERROR(10, 0x10000800, 2, 15)
0000026045: Notify EC_NOTIFY_CYCCMD_WKC_ERROR(11, 0x10000000, 2, 15)
0000026045: Notify EC_NOTIFY_CYCCMD_WKC_ERROR(10, 0x10000800, 2, 15)
0000026046: Error: System overload: Cycle time too short or huge jitter!
0000026046: SendCycFramesByEntry(0): wFramesMonitoringProcCnt (0) < wFramesMonitoringSndCnt (1)
0000026046: Notify EC_NOTIFY_FRAME_RESPONSE_ERROR(No response error for cyclic frame IDX=0x5a, CycFrameNum=0, TaskId=0)
0000026047: Notify EC_NOTIFY_CYCCMD_WKC_ERROR(11, 0x10000000, 2, 15)
0000026047: Notify EC_NOTIFY_CYCCMD_WKC_ERROR(10, 0x10000800, 2, 15)
0000026047: Error: System overload: Cycle time too short or huge jitter!
0000026047: SendCycFramesByEntry(0): wFramesMonitoringProcCnt (0) < wFramesMonitoringSndCnt (1)
0000026047: Notify EC_NOTIFY_FRAME_RESPONSE_ERROR(No response error for cyclic frame IDX=0x5c, CycFrameNum=0, TaskId=0)
0000026048: Notify EC_NOTIFY_CYCCMD_WKC_ERROR(11, 0x10000000, 2, 15)
0000026048: Notify EC_NOTIFY_CYCCMD_WKC_ERROR(10, 0x10000800, 2, 15)
0000026048: Error: System overload: Cycle time too short or huge jitter!
0000026048: SendCycFramesByEntry(0): wFramesMonitoringProcCnt (0) < wFramesMonitoringSndCnt (1)
0000026048: Notify EC_NOTIFY_FRAME_RESPONSE_ERROR(No response error for cyclic frame IDX=0x5e, CycFrameNum=0, TaskId=0)
0000026049: Error: System overload: Cycle time too short or huge jitter!
0000026049: SendCycFramesByEntry(0): wFramesMonitoringProcCnt (0) < wFramesMonitoringSndCnt (1)
0000026049: Notify EC_NOTIFY_FRAME_RESPONSE_ERROR(No response error for cyclic frame IDX=0x5f, CycFrameNum=0, TaskId=0)
0000026049: Notify EC_NOTIFY_CYCCMD_WKC_ERROR(11, 0x10000000, 2, 15)
0000026049: Notify EC_NOTIFY_CYCCMD_WKC_ERROR(10, 0x10000800, 2, 15)
0000026049: Notify EC_NOTIFY_CYCCMD_WKC_ERROR(11, 0x10000000, 2, 15)
0000026049: Notify EC_NOTIFY_CYCCMD_WKC_ERROR(10, 0x10000800, 2, 15)
0000026050: Error: System overload: Cycle time too short or huge jitter!
0000026050: SendCycFramesByEntry(0): wFramesMonitoringProcCnt (0) < wFramesMonitoringSndCnt (1)
0000026050: Notify EC_NOTIFY_FRAME_RESPONSE_ERROR(No response error for cyclic frame IDX=0x61, CycFrameNum=0, TaskId=0)
0000026050: Error: System overload: Cycle time too short or huge jitter!
0000026050: SendCycFramesByEntry(0): wFramesMonitoringProcCnt (0) < wFramesMonitoringSndCnt (1)
0000026050: Notify EC_NOTIFY_FRAME_RESPONSE_ERROR(No response error for cyclic frame IDX=0x62, CycFrameNum=0, TaskId=0)
0000026051: Error: System overload: Cycle time too short or huge jitter!
0000026051: SendCycFramesByEntry(0): wFramesMonitoringProcCnt (0) < wFramesMonitoringSndCnt (1)
0000026051: Notify EC_NOTIFY_FRAME_RESPONSE_ERROR(No response error for cyclic frame IDX=0x63, CycFrameNum=0, TaskId=0)
0000026051: Error: System overload: Cycle time too short or huge jitter!
0000026051: SendCycFramesByEntry(0): wFramesMonitoringProcCnt (0) < wFramesMonitoringSndCnt (1)
0000026051: Notify EC_NOTIFY_FRAME_RESPONSE_ERROR(No response error for cyclic frame IDX=0x64, CycFrameNum=0, TaskId=0)
0000026052: Notify EC_NOTIFY_CYCCMD_WKC_ERROR(11, 0x10000000, 2, 15)
0000026052: Notify EC_NOTIFY_CYCCMD_WKC_ERROR(10, 0x10000800, 2, 15)
0000026052: Notify EC_NOTIFY_CYCCMD_WKC_ERROR(11, 0x10000000, 2, 15)
0000026052: Notify EC_NOTIFY_CYCCMD_WKC_ERROR(10, 0x10000800, 2, 15)
0000026052: Notify EC_NOTIFY_CYCCMD_WKC_ERROR(11, 0x10000000, 2, 15)
0000026052: Notify EC_NOTIFY_CYCCMD_WKC_ERROR(10, 0x10000800, 2, 15)
0000026052: Notify EC_NOTIFY_CYCCMD_WKC_ERROR(11, 0x10000000, 2, 15)
0000026052: Notify EC_NOTIFY_CYCCMD_WKC_ERROR(10, 0x10000800, 2, 15)
0000026053: Error: System overload: Cycle time too short or huge jitter!
0000026053: SendCycFramesByEntry(0): wFramesMonitoringProcCnt (0) < wFramesMonitoringSndCnt (1)
0000026053: Notify EC_NOTIFY_FRAME_RESPONSE_ERROR(No response error for cyclic frame IDX=0x68, CycFrameNum=0, TaskId=0)
0000026054: Error: System overload: Cycle time too short or huge jitter!
0000026054: SendCycFramesByEntry(0): wFramesMonitoringProcCnt (0) < wFramesMonitoringSndCnt (1)
0000026054: Notify EC_NOTIFY_FRAME_RESPONSE_ERROR(No response error for cyclic frame IDX=0x69, CycFrameNum=0, TaskId=0)
0000026054: Notify EC_NOTIFY_CYCCMD_WKC_ERROR(11, 0x10000000, 2, 15)
0000026054: Notify EC_NOTIFY_CYCCMD_WKC_ERROR(10, 0x10000800, 2, 15)
0000026054: Notify EC_NOTIFY_CYCCMD_WKC_ERROR(11, 0x10000000, 2, 15)
0000026054: Notify EC_NOTIFY_CYCCMD_WKC_ERROR(10, 0x10000800, 2, 15)
0000026055: Error: System overload: Cycle time too short or huge jitter!
0000026055: SendCycFramesByEntry(0): wFramesMonitoringProcCnt (0) < wFramesMonitoringSndCnt (1)
0000026055: Notify EC_NOTIFY_FRAME_RESPONSE_ERROR(No response error for cyclic frame IDX=0x6b, CycFrameNum=0, TaskId=0)
0000026055: Notify EC_NOTIFY_CYCCMD_WKC_ERROR(11, 0x10000000, 2, 15)
0000026055: Notify EC_NOTIFY_CYCCMD_WKC_ERROR(10, 0x10000800, 2, 15)
0000026056: Error: System overload: Cycle time too short or huge jitter!
0000026056: SendCycFramesByEntry(0): wFramesMonitoringProcCnt (0) < wFramesMonitoringSndCnt (1)
0000026056: Notify EC_NOTIFY_FRAME_RESPONSE_ERROR(No response error for cyclic frame IDX=0x6d, CycFrameNum=0, TaskId=0)
0000026056: Error: System overload: Cycle time too short or huge jitter!
0000026056: SendCycFramesByEntry(0): wFramesMonitoringProcCnt (0) < wFramesMonitoringSndCnt (1)
0000026056: Notify EC_NOTIFY_FRAME_RESPONSE_ERROR(No response error for cyclic frame IDX=0x6e, CycFrameNum=0, TaskId=0)
0000026057: Error: System overload: Cycle time too short or huge jitter!
0000026057: SendCycFramesByEntry(0): wFramesMonitoringProcCnt (0) < wFramesMonitoringSndCnt (1)
0000026057: Notify EC_NOTIFY_FRAME_RESPONSE_ERROR(No response error for cyclic frame IDX=0x6f, CycFrameNum=0, TaskId=0)
0000026057: Error: System overload: Cycle time too short or huge jitter!
0000026057: SendCycFramesByEntry(0): wFramesMonitoringProcCnt (0) < wFramesMonitoringSndCnt (1)
0000026057: Notify EC_NOTIFY_FRAME_RESPONSE_ERROR(No response error for cyclic frame IDX=0x70, CycFrameNum=0, TaskId=0)
0000026058: Notify EC_NOTIFY_CYCCMD_WKC_ERROR(11, 0x10000000, 2, 15)
0000026058: Notify EC_NOTIFY_CYCCMD_WKC_ERROR(10, 0x10000800, 2, 15)
0000026058: Notify EC_NOTIFY_CYCCMD_WKC_ERROR(11, 0x10000000, 2, 15)
0000026058: Notify EC_NOTIFY_CYCCMD_WKC_ERROR(10, 0x10000800, 2, 15)
0000026058: Notify EC_NOTIFY_CYCCMD_WKC_ERROR(11, 0x10000000, 2, 15)
0000026058: Notify EC_NOTIFY_CYCCMD_WKC_ERROR(10, 0x10000800, 2, 15)
0000026058: Notify EC_NOTIFY_CYCCMD_WKC_ERROR(11, 0x10000000, 2, 15)
0000026058: Notify EC_NOTIFY_CYCCMD_WKC_ERROR(10, 0x10000800, 2, 15)
0000026058: Error: System overload: Cycle time too short or huge jitter!
0000026058: SendCycFramesByEntry(0): wFramesMonitoringProcCnt (0) < wFramesMonitoringSndCnt (1)
0000026058: Notify EC_NOTIFY_FRAME_RESPONSE_ERROR(No response error for cyclic frame IDX=0x72, CycFrameNum=0, TaskId=0)
0000026059: Error: System overload: Cycle time too short or huge jitter!
0000026059: SendCycFramesByEntry(0): wFramesMonitoringProcCnt (0) < wFramesMonitoringSndCnt (1)
0000026059: Notify EC_NOTIFY_FRAME_RESPONSE_ERROR(No response error for cyclic frame IDX=0x73, CycFrameNum=0, TaskId=0)
0000026059: Error: System overload: Cycle time too short or huge jitter!
0000026059: SendCycFramesByEntry(0): wFramesMonitoringProcCnt (0) < wFramesMonitoringSndCnt (1)
0000026059: Notify EC_NOTIFY_FRAME_RESPONSE_ERROR(No response error for cyclic frame IDX=0x74, CycFrameNum=0, TaskId=0)
0000026060: Error: System overload: Cycle time too short or huge jitter!
0000026060: SendCycFramesByEntry(0): wFramesMonitoringProcCnt (0) < wFramesMonitoringSndCnt (1)
0000026060: Notify EC_NOTIFY_FRAME_RESPONSE_ERROR(No response error for cyclic frame IDX=0x75, CycFrameNum=0, TaskId=0)
0000026060: Notify EC_NOTIFY_CYCCMD_WKC_ERROR(11, 0x10000000, 2, 15)
0000026060: Notify EC_NOTIFY_CYCCMD_WKC_ERROR(10, 0x10000800, 2, 15)
0000026060: Notify EC_NOTIFY_CYCCMD_WKC_ERROR(11, 0x10000000, 2, 15)
0000026060: Notify EC_NOTIFY_CYCCMD_WKC_ERROR(10, 0x10000800, 2, 15)
0000026060: Notify EC_NOTIFY_CYCCMD_WKC_ERROR(11, 0x10000000, 2, 15)
0000026060: Notify EC_NOTIFY_CYCCMD_WKC_ERROR(10, 0x10000800, 2, 15)
0000026060: Notify EC_NOTIFY_CYCCMD_WKC_ERROR(11, 0x10000000, 2, 15)
0000026060: Notify EC_NOTIFY_CYCCMD_WKC_ERROR(10, 0x10000800, 2, 15)
0000026063: Error: System overload: Cycle time too short or huge jitter!
0000026063: SendCycFramesByEntry(0): wFramesMonitoringProcCnt (0) < wFramesMonitoringSndCnt (1)
0000026063: Notify EC_NOTIFY_FRAME_RESPONSE_ERROR(No response error for cyclic frame IDX=0x7c, CycFrameNum=0, TaskId=0)
0000026064: Notify EC_NOTIFY_CYCCMD_WKC_ERROR(11, 0x10000000, 2, 15)
0000026064: Notify EC_NOTIFY_CYCCMD_WKC_ERROR(10, 0x10000800, 2, 15)
0000026064: Error: System overload: Cycle time too short or huge jitter!
0000026064: SendCycFramesByEntry(0): wFramesMonitoringProcCnt (0) < wFramesMonitoringSndCnt (1)
0000026064: Notify EC_NOTIFY_FRAME_RESPONSE_ERROR(No response error for cyclic frame IDX=0x7e, CycFrameNum=0, TaskId=0)
0000026065: Notify EC_NOTIFY_CYCCMD_WKC_ERROR(11, 0x10000000, 2, 15)
0000026065: Notify EC_NOTIFY_CYCCMD_WKC_ERROR(10, 0x10000800, 2, 15)
0000026066: Error: System overload: Cycle time too short or huge jitter!
0000026066: SendCycFramesByEntry(0): wFramesMonitoringProcCnt (0) < wFramesMonitoringSndCnt (1)
0000026066: Notify EC_NOTIFY_FRAME_RESPONSE_ERROR(No response error for cyclic frame IDX=0x81, CycFrameNum=0, TaskId=0)
0000026066: Notify EC_NOTIFY_CYCCMD_WKC_ERROR(11, 0x10000000, 2, 15)
0000026066: Notify EC_NOTIFY_CYCCMD_WKC_ERROR(10, 0x10000800, 2, 15)
0000026068: Error: System overload: Cycle time too short or huge jitter!
0000026068: SendCycFramesByEntry(0): wFramesMonitoringProcCnt (0) < wFramesMonitoringSndCnt (1)
0000026068: Notify EC_NOTIFY_FRAME_RESPONSE_ERROR(No response error for cyclic frame IDX=0x85, CycFrameNum=0, TaskId=0)
0000026068: Notify EC_NOTIFY_CYCCMD_WKC_ERROR(11, 0x10000000, 2, 15)
0000026068: Notify EC_NOTIFY_CYCCMD_WKC_ERROR(10, 0x10000800, 2, 15)
0000026069: Error: System overload: Cycle time too short or huge jitter!
0000026069: SendCycFramesByEntry(0): wFramesMonitoringProcCnt (0) < wFramesMonitoringSndCnt (1)
0000026069: Notify EC_NOTIFY_FRAME_RESPONSE_ERROR(No response error for cyclic frame IDX=0x88, CycFrameNum=0, TaskId=0)
0000026070: Notify EC_NOTIFY_CYCCMD_WKC_ERROR(11, 0x10000000, 2, 15)
0000026070: Notify EC_NOTIFY_CYCCMD_WKC_ERROR(10, 0x10000800, 2, 15)
0000026070: Error: System overload: Cycle time too short or huge jitter!
0000026070: SendCycFramesByEntry(0): wFramesMonitoringProcCnt (0) < wFramesMonitoringSndCnt (1)
0000026070: Notify EC_NOTIFY_FRAME_RESPONSE_ERROR(No response error for cyclic frame IDX=0x8a, CycFrameNum=0, TaskId=0)
0000026071: Notify EC_NOTIFY_CYCCMD_WKC_ERROR(11, 0x10000000, 2, 15)
0000026071: Notify EC_NOTIFY_CYCCMD_WKC_ERROR(10, 0x10000800, 2, 15)
0000026072: Error: System overload: Cycle time too short or huge jitter!
0000026072: SendCycFramesByEntry(0): wFramesMonitoringProcCnt (0) < wFramesMonitoringSndCnt (1)
0000026072: Notify EC_NOTIFY_FRAME_RESPONSE_ERROR(No response error for cyclic frame IDX=0x8d, CycFrameNum=0, TaskId=0)
0000026072: Notify EC_NOTIFY_CYCCMD_WKC_ERROR(11, 0x10000000, 2, 15)
0000026072: Notify EC_NOTIFY_CYCCMD_WKC_ERROR(10, 0x10000800, 2, 15)
0000026073: Error: System overload: Cycle time too short or huge jitter!
0000026073: SendCycFramesByEntry(0): wFramesMonitoringProcCnt (0) < wFramesMonitoringSndCnt (1)
0000026073: Notify EC_NOTIFY_FRAME_RESPONSE_ERROR(No response error for cyclic frame IDX=0x8f, CycFrameNum=0, TaskId=0)
0000026073: Error: System overload: Cycle time too short or huge jitter!
0000026073: SendCycFramesByEntry(0): wFramesMonitoringProcCnt (0) < wFramesMonitoringSndCnt (1)
0000026073: Notify EC_NOTIFY_FRAME_RESPONSE_ERROR(No response error for cyclic frame IDX=0x90, CycFrameNum=0, TaskId=0)
0000026074: Notify EC_NOTIFY_CYCCMD_WKC_ERROR(11, 0x10000000, 2, 15)
0000026074: Notify EC_NOTIFY_CYCCMD_WKC_ERROR(10, 0x10000800, 2, 15)
0000026074: Notify EC_NOTIFY_CYCCMD_WKC_ERROR(11, 0x10000000, 2, 15)
0000026074: Notify EC_NOTIFY_CYCCMD_WKC_ERROR(10, 0x10000800, 2, 15)
0000026074: Error: System overload: Cycle time too short or huge jitter!
0000026074: SendCycFramesByEntry(0): wFramesMonitoringProcCnt (0) < wFramesMonitoringSndCnt (1)
0000026074: Notify EC_NOTIFY_FRAME_RESPONSE_ERROR(No response error for cyclic frame IDX=0x92, CycFrameNum=0, TaskId=0)
0000026075: Notify EC_NOTIFY_CYCCMD_WKC_ERROR(11, 0x10000000, 2, 15)
0000026075: Notify EC_NOTIFY_CYCCMD_WKC_ERROR(10, 0x10000800, 2, 15)
0000026076: Error: System overload: Cycle time too short or huge jitter!
0000026076: SendCycFramesByEntry(0): wFramesMonitoringProcCnt (0) < wFramesMonitoringSndCnt (1)
0000026076: Notify EC_NOTIFY_FRAME_RESPONSE_ERROR(No response error for cyclic frame IDX=0x95, CycFrameNum=0, TaskId=0)
0000026076: Notify EC_NOTIFY_CYCCMD_WKC_ERROR(11, 0x10000000, 2, 15)
0000026076: Notify EC_NOTIFY_CYCCMD_WKC_ERROR(10, 0x10000800, 2, 15)
0000026078: Error: System overload: Cycle time too short or huge jitter!
0000026078: SendCycFramesByEntry(0): wFramesMonitoringProcCnt (0) < wFramesMonitoringSndCnt (1)
0000026078: Notify EC_NOTIFY_FRAME_RESPONSE_ERROR(No response error for cyclic frame IDX=0x99, CycFrameNum=0, TaskId=0)
0000026078: Notify EC_NOTIFY_CYCCMD_WKC_ERROR(11, 0x10000000, 2, 15)
0000026078: Notify EC_NOTIFY_CYCCMD_WKC_ERROR(10, 0x10000800, 2, 15)
0000026079: Error: System overload: Cycle time too short or huge jitter!
0000026079: SendCycFramesByEntry(0): wFramesMonitoringProcCnt (0) < wFramesMonitoringSndCnt (1)
0000026079: Notify EC_NOTIFY_FRAME_RESPONSE_ERROR(No response error for cyclic frame IDX=0x9b, CycFrameNum=0, TaskId=0)
0000026079: Notify EC_NOTIFY_CYCCMD_WKC_ERROR(11, 0x10000000, 2, 15)
0000026079: Notify EC_NOTIFY_CYCCMD_WKC_ERROR(10, 0x10000800, 2, 15)
0000026080: Error: System overload: Cycle time too short or huge jitter!
0000026080: SendCycFramesByEntry(0): wFramesMonitoringProcCnt (0) < wFramesMonitoringSndCnt (1)
0000026080: Notify EC_NOTIFY_FRAME_RESPONSE_ERROR(No response error for cyclic frame IDX=0x9d, CycFrameNum=0, TaskId=0)
0000026080: Notify EC_NOTIFY_CYCCMD_WKC_ERROR(11, 0x10000000, 2, 15)
0000026080: Notify EC_NOTIFY_CYCCMD_WKC_ERROR(10, 0x10000800, 2, 15)
0000026082: Error: System overload: Cycle time too short or huge jitter!
0000026082: SendCycFramesByEntry(0): wFramesMonitoringProcCnt (0) < wFramesMonitoringSndCnt (1)
0000026082: Notify EC_NOTIFY_FRAME_RESPONSE_ERROR(No response error for cyclic frame IDX=0xa1, CycFrameNum=0, TaskId=0)
0000026082: Error: System overload: Cycle time too short or huge jitter!
0000026082: SendCycFramesByEntry(0): wFramesMonitoringProcCnt (0) < wFramesMonitoringSndCnt (1)
0000026082: Notify EC_NOTIFY_FRAME_RESPONSE_ERROR(No response error for cyclic frame IDX=0xa2, CycFrameNum=0, TaskId=0)
0000026083: Error: System overload: Cycle time too short or huge jitter!
0000026083: SendCycFramesByEntry(0): wFramesMonitoringProcCnt (0) < wFramesMonitoringSndCnt (1)
0000026083: Notify EC_NOTIFY_FRAME_RESPONSE_ERROR(No response error for cyclic frame IDX=0xa3, CycFrameNum=0, TaskId=0)
0000026083: Notify EC_NOTIFY_CYCCMD_WKC_ERROR(11, 0x10000000, 2, 15)
0000026083: Notify EC_NOTIFY_CYCCMD_WKC_ERROR(10, 0x10000800, 2, 15)
0000026083: Notify EC_NOTIFY_CYCCMD_WKC_ERROR(11, 0x10000000, 2, 15)
0000026083: Notify EC_NOTIFY_CYCCMD_WKC_ERROR(10, 0x10000800, 2, 15)
0000026083: Notify EC_NOTIFY_CYCCMD_WKC_ERROR(11, 0x10000000, 2, 15)
0000026083: Notify EC_NOTIFY_CYCCMD_WKC_ERROR(10, 0x10000800, 2, 15)
0000026085: Error: System overload: Cycle time too short or huge jitter!
0000026085: SendCycFramesByEntry(0): wFramesMonitoringProcCnt (0) < wFramesMonitoringSndCnt (1)
0000026085: Notify EC_NOTIFY_FRAME_RESPONSE_ERROR(No response error for cyclic frame IDX=0xa7, CycFrameNum=0, TaskId=0)
0000026085: Notify EC_NOTIFY_CYCCMD_WKC_ERROR(11, 0x10000000, 2, 15)
0000026085: Notify EC_NOTIFY_CYCCMD_WKC_ERROR(10, 0x10000800, 2, 15)
0000026086: Error: System overload: Cycle time too short or huge jitter!
0000026086: SendCycFramesByEntry(0): wFramesMonitoringProcCnt (0) < wFramesMonitoringSndCnt (1)
0000026086: Notify EC_NOTIFY_FRAME_RESPONSE_ERROR(No response error for cyclic frame IDX=0xaa, CycFrameNum=0, TaskId=0)
0000026087: Notify EC_NOTIFY_CYCCMD_WKC_ERROR(11, 0x10000000, 2, 15)
0000026087: Notify EC_NOTIFY_CYCCMD_WKC_ERROR(10, 0x10000800, 2, 15)
0000026090: Error: System overload: Cycle time too short or huge jitter!
0000026090: SendCycFramesByEntry(0): wFramesMonitoringProcCnt (0) < wFramesMonitoringSndCnt (1)
0000026090: Notify EC_NOTIFY_FRAME_RESPONSE_ERROR(No response error for cyclic frame IDX=0xb2, CycFrameNum=0, TaskId=0)
0000026091: Notify EC_NOTIFY_CYCCMD_WKC_ERROR(11, 0x10000000, 2, 15)
0000026091: Notify EC_NOTIFY_CYCCMD_WKC_ERROR(10, 0x10000800, 2, 15)
0000026095: Error: System overload: Cycle time too short or huge jitter!
0000026095: SendCycFramesByEntry(0): wFramesMonitoringProcCnt (0) < wFramesMonitoringSndCnt (1)
0000026095: Notify EC_NOTIFY_FRAME_RESPONSE_ERROR(No response error for cyclic frame IDX=0xbb, CycFrameNum=0, TaskId=0)
0000026095: Notify EC_NOTIFY_CYCCMD_WKC_ERROR(11, 0x10000000, 2, 15)
0000026095: Notify EC_NOTIFY_CYCCMD_WKC_ERROR(10, 0x10000800, 2, 15)
0000026096: Error: System overload: Cycle time too short or huge jitter!
0000026096: SendCycFramesByEntry(0): wFramesMonitoringProcCnt (0) < wFramesMonitoringSndCnt (1)
0000026096: Notify EC_NOTIFY_FRAME_RESPONSE_ERROR(No response error for cyclic frame IDX=0xbd, CycFrameNum=0, TaskId=0)
0000026096: Notify EC_NOTIFY_CYCCMD_WKC_ERROR(11, 0x10000000, 2, 15)
0000026096: Notify EC_NOTIFY_CYCCMD_WKC_ERROR(10, 0x10000800, 2, 15)
0000026099: Error: System overload: Cycle time too short or huge jitter!
0000026099: SendCycFramesByEntry(0): wFramesMonitoringProcCnt (0) < wFramesMonitoringSndCnt (1)
0000026099: Notify EC_NOTIFY_FRAME_RESPONSE_ERROR(No response error for cyclic frame IDX=0xc4, CycFrameNum=0, TaskId=0)
0000026100: Error: System overload: Cycle time too short or huge jitter!
0000026100: SendCycFramesByEntry(0): wFramesMonitoringProcCnt (0) < wFramesMonitoringSndCnt (1)
0000026100: Notify EC_NOTIFY_FRAME_RESPONSE_ERROR(No response error for cyclic frame IDX=0xc5, CycFrameNum=0, TaskId=0)
0000026100: Notify EC_NOTIFY_CYCCMD_WKC_ERROR(11, 0x10000000, 2, 15)
0000026100: Notify EC_NOTIFY_CYCCMD_WKC_ERROR(10, 0x10000800, 2, 15)
0000026100: Notify EC_NOTIFY_CYCCMD_WKC_ERROR(11, 0x10000000, 2, 15)
0000026100: Notify EC_NOTIFY_CYCCMD_WKC_ERROR(10, 0x10000800, 2, 15)
0000026101: Error: System overload: Cycle time too short or huge jitter!
0000026101: SendCycFramesByEntry(0): wFramesMonitoringProcCnt (0) < wFramesMonitoringSndCnt (1)
0000026101: Notify EC_NOTIFY_FRAME_RESPONSE_ERROR(No response error for cyclic frame IDX=0xc7, CycFrameNum=0, TaskId=0)
0000026101: Notify EC_NOTIFY_CYCCMD_WKC_ERROR(11, 0x10000000, 2, 15)
0000026101: Notify EC_NOTIFY_CYCCMD_WKC_ERROR(10, 0x10000800, 2, 15)
0000026103: Error: System overload: Cycle time too short or huge jitter!
0000026103: SendCycFramesByEntry(0): wFramesMonitoringProcCnt (0) < wFramesMonitoringSndCnt (1)
0000026103: Notify EC_NOTIFY_FRAME_RESPONSE_ERROR(No response error for cyclic frame IDX=0xcc, CycFrameNum=0, TaskId=0)
0000026104: Notify EC_NOTIFY_CYCCMD_WKC_ERROR(11, 0x10000000, 2, 15)
0000026104: Notify EC_NOTIFY_CYCCMD_WKC_ERROR(10, 0x10000800, 2, 15)
0000026104: Error: System overload: Cycle time too short or huge jitter!
0000026104: SendCycFramesByEntry(0): wFramesMonitoringProcCnt (0) < wFramesMonitoringSndCnt (1)
0000026104: Notify EC_NOTIFY_FRAME_RESPONSE_ERROR(No response error for cyclic frame IDX=0xce, CycFrameNum=0, TaskId=0)
0000026105: Notify EC_NOTIFY_CYCCMD_WKC_ERROR(11, 0x10000000, 2, 15)
0000026105: Notify EC_NOTIFY_CYCCMD_WKC_ERROR(10, 0x10000800, 2, 15)
0000026106: Error: System overload: Cycle time too short or huge jitter!
0000026106: SendCycFramesByEntry(0): wFramesMonitoringProcCnt (0) < wFramesMonitoringSndCnt (1)
0000026106: Notify EC_NOTIFY_FRAME_RESPONSE_ERROR(No response error for cyclic frame IDX=0xd1, CycFrameNum=0, TaskId=0)
0000026106: Notify EC_NOTIFY_CYCCMD_WKC_ERROR(11, 0x10000000, 2, 15)
0000026106: Notify EC_NOTIFY_CYCCMD_WKC_ERROR(10, 0x10000800, 2, 15)
0000026107: Error: System overload: Cycle time too short or huge jitter!
0000026107: SendCycFramesByEntry(0): wFramesMonitoringProcCnt (0) < wFramesMonitoringSndCnt (1)
0000026107: Notify EC_NOTIFY_FRAME_RESPONSE_ERROR(No response error for cyclic frame IDX=0xd3, CycFrameNum=0, TaskId=0)
0000026107: Notify EC_NOTIFY_CYCCMD_WKC_ERROR(11, 0x10000000, 2, 15)
0000026107: Notify EC_NOTIFY_CYCCMD_WKC_ERROR(10, 0x10000800, 2, 15)
0000026108: Error: System overload: Cycle time too short or huge jitter!
0000026108: SendCycFramesByEntry(0): wFramesMonitoringProcCnt (0) < wFramesMonitoringSndCnt (1)
0000026108: Notify EC_NOTIFY_FRAME_RESPONSE_ERROR(No response error for cyclic frame IDX=0xd5, CycFrameNum=0, TaskId=0)
0000026108: Error: System overload: Cycle time too short or huge jitter!
0000026108: SendCycFramesByEntry(0): wFramesMonitoringProcCnt (0) < wFramesMonitoringSndCnt (1)
0000026108: Notify EC_NOTIFY_FRAME_RESPONSE_ERROR(No response error for cyclic frame IDX=0xd6, CycFrameNum=0, TaskId=0)
0000026109: Notify EC_NOTIFY_CYCCMD_WKC_ERROR(11, 0x10000000, 2, 15)
0000026109: Notify EC_NOTIFY_CYCCMD_WKC_ERROR(10, 0x10000800, 2, 15)
0000026109: Notify EC_NOTIFY_CYCCMD_WKC_ERROR(11, 0x10000000, 2, 15)
0000026109: Notify EC_NOTIFY_CYCCMD_WKC_ERROR(10, 0x10000800, 2, 15)
0000026110: Error: System overload: Cycle time too short or huge jitter!
0000026110: SendCycFramesByEntry(0): wFramesMonitoringProcCnt (0) < wFramesMonitoringSndCnt (1)
0000026110: Notify EC_NOTIFY_FRAME_RESPONSE_ERROR(No response error for cyclic frame IDX=0xda, CycFrameNum=0, TaskId=0)
0000026111: Notify EC_NOTIFY_CYCCMD_WKC_ERROR(11, 0x10000000, 2, 15)
0000026111: Notify EC_NOTIFY_CYCCMD_WKC_ERROR(10, 0x10000800, 2, 15)
0000026112: Error: System overload: Cycle time too short or huge jitter!
0000026112: SendCycFramesByEntry(0): wFramesMonitoringProcCnt (0) < wFramesMonitoringSndCnt (1)
0000026112: Notify EC_NOTIFY_FRAME_RESPONSE_ERROR(No response error for cyclic frame IDX=0xdd, CycFrameNum=0, TaskId=0)
0000026112: Notify EC_NOTIFY_CYCCMD_WKC_ERROR(11, 0x10000000, 2, 15)
0000026112: Notify EC_NOTIFY_CYCCMD_WKC_ERROR(10, 0x10000800, 2, 15)
0000026113: Error: System overload: Cycle time too short or huge jitter!
0000026113: SendCycFramesByEntry(0): wFramesMonitoringProcCnt (0) < wFramesMonitoringSndCnt (1)
0000026113: Notify EC_NOTIFY_FRAME_RESPONSE_ERROR(No response error for cyclic frame IDX=0x2, CycFrameNum=0, TaskId=0)
0000026114: Notify EC_NOTIFY_CYCCMD_WKC_ERROR(11, 0x10000000, 2, 15)
0000026114: Notify EC_NOTIFY_CYCCMD_WKC_ERROR(10, 0x10000800, 2, 15)
0000026114: Error: System overload: Cycle time too short or huge jitter!
0000026114: SendCycFramesByEntry(0): wFramesMonitoringProcCnt (0) < wFramesMonitoringSndCnt (1)
0000026114: Notify EC_NOTIFY_FRAME_RESPONSE_ERROR(No response error for cyclic frame IDX=0x4, CycFrameNum=0, TaskId=0)
0000026115: Notify EC_NOTIFY_CYCCMD_WKC_ERROR(11, 0x10000000, 2, 15)
0000026115: Notify EC_NOTIFY_CYCCMD_WKC_ERROR(10, 0x10000800, 2, 15)
0000026115: Notify EC_NOTIFY_CYCCMD_WKC_ERROR(11, 0x10000000, 2, 15)
0000026115: Notify EC_NOTIFY_CYCCMD_WKC_ERROR(10, 0x10000800, 2, 15)
0000026116: Error: System overload: Cycle time too short or huge jitter!
0000026116: SendCycFramesByEntry(0): wFramesMonitoringProcCnt (0) < wFramesMonitoringSndCnt (1)
0000026116: Notify EC_NOTIFY_FRAME_RESPONSE_ERROR(No response error for cyclic frame IDX=0x7, CycFrameNum=0, TaskId=0)
0000026116: Notify EC_NOTIFY_CYCCMD_WKC_ERROR(11, 0x10000000, 2, 15)
0000026116: Notify EC_NOTIFY_CYCCMD_WKC_ERROR(10, 0x10000800, 2, 15)
0000026117: Error: System overload: Cycle time too short or huge jitter!
0000026117: SendCycFramesByEntry(0): wFramesMonitoringProcCnt (0) < wFramesMonitoringSndCnt (1)
0000026117: Notify EC_NOTIFY_FRAME_RESPONSE_ERROR(No response error for cyclic frame IDX=0x9, CycFrameNum=0, TaskId=0)
0000026117: Notify EC_NOTIFY_CYCCMD_WKC_ERROR(11, 0x10000000, 2, 15)
0000026117: Notify EC_NOTIFY_CYCCMD_WKC_ERROR(10, 0x10000800, 2, 15)
0000026118: Error: System overload: Cycle time too short or huge jitter!
0000026118: SendCycFramesByEntry(0): wFramesMonitoringProcCnt (0) < wFramesMonitoringSndCnt (1)
0000026118: Notify EC_NOTIFY_FRAME_RESPONSE_ERROR(No response error for cyclic frame IDX=0xb, CycFrameNum=0, TaskId=0)
0000026118: Notify EC_NOTIFY_CYCCMD_WKC_ERROR(11, 0x10000000, 2, 15)
0000026118: Notify EC_NOTIFY_CYCCMD_WKC_ERROR(10, 0x10000800, 2, 15)
0000026120: Error: System overload: Cycle time too short or huge jitter!
0000026120: SendCycFramesByEntry(0): wFramesMonitoringProcCnt (0) < wFramesMonitoringSndCnt (1)
0000026120: Notify EC_NOTIFY_FRAME_RESPONSE_ERROR(No response error for cyclic frame IDX=0x10, CycFrameNum=0, TaskId=0)
0000026121: Notify EC_NOTIFY_CYCCMD_WKC_ERROR(11, 0x10000000, 2, 15)
0000026121: Notify EC_NOTIFY_CYCCMD_WKC_ERROR(10, 0x10000800, 2, 15)
0000026121: Error: System overload: Cycle time too short or huge jitter!
0000026121: SendCycFramesByEntry(0): wFramesMonitoringProcCnt (0) < wFramesMonitoringSndCnt (1)
0000026121: Notify EC_NOTIFY_FRAME_RESPONSE_ERROR(No response error for cyclic frame IDX=0x12, CycFrameNum=0, TaskId=0)
0000026122: Notify EC_NOTIFY_CYCCMD_WKC_ERROR(11, 0x10000000, 2, 15)
0000026122: Notify EC_NOTIFY_CYCCMD_WKC_ERROR(10, 0x10000800, 2, 15)
0000026122: Error: System overload: Cycle time too short or huge jitter!
0000026122: SendCycFramesByEntry(0): wFramesMonitoringProcCnt (0) < wFramesMonitoringSndCnt (1)
0000026122: Notify EC_NOTIFY_FRAME_RESPONSE_ERROR(No response error for cyclic frame IDX=0x14, CycFrameNum=0, TaskId=0)
0000026123: Notify EC_NOTIFY_CYCCMD_WKC_ERROR(11, 0x10000000, 2, 15)
0000026123: Notify EC_NOTIFY_CYCCMD_WKC_ERROR(10, 0x10000800, 2, 15)
0000026124: Error: System overload: Cycle time too short or huge jitter!
0000026124: SendCycFramesByEntry(0): wFramesMonitoringProcCnt (0) < wFramesMonitoringSndCnt (1)
0000026124: Notify EC_NOTIFY_FRAME_RESPONSE_ERROR(No response error for cyclic frame IDX=0x17, CycFrameNum=0, TaskId=0)
0000026124: Notify EC_NOTIFY_CYCCMD_WKC_ERROR(11, 0x10000000, 2, 15)
0000026124: Notify EC_NOTIFY_CYCCMD_WKC_ERROR(10, 0x10000800, 2, 15)
0000026125: Notify EC_NOTIFY_CYCCMD_WKC_ERROR(11, 0x10000000, 2, 15)
0000026125: Notify EC_NOTIFY_CYCCMD_WKC_ERROR(10, 0x10000800, 2, 15)
0000026126: Error: System overload: Cycle time too short or huge jitter!
0000026126: SendCycFramesByEntry(0): wFramesMonitoringProcCnt (0) < wFramesMonitoringSndCnt (1)
0000026126: Notify EC_NOTIFY_FRAME_RESPONSE_ERROR(No response error for cyclic frame IDX=0x1c, CycFrameNum=0, TaskId=0)
0000026127: Notify EC_NOTIFY_CYCCMD_WKC_ERROR(11, 0x10000000, 2, 15)
0000026127: Notify EC_NOTIFY_CYCCMD_WKC_ERROR(10, 0x10000800, 2, 15)
0000026129: Error: System overload: Cycle time too short or huge jitter!
0000026129: SendCycFramesByEntry(0): wFramesMonitoringProcCnt (0) < wFramesMonitoringSndCnt (1)
0000026129: Notify EC_NOTIFY_FRAME_RESPONSE_ERROR(No response error for cyclic frame IDX=0x21, CycFrameNum=0, TaskId=0)
0000026129: Notify EC_NOTIFY_CYCCMD_WKC_ERROR(11, 0x10000000, 2, 15)
0000026129: Notify EC_NOTIFY_CYCCMD_WKC_ERROR(10, 0x10000800, 2, 15)
0000026130: Error: System overload: Cycle time too short or huge jitter!
0000026130: SendCycFramesByEntry(0): wFramesMonitoringProcCnt (0) < wFramesMonitoringSndCnt (1)
0000026130: Notify EC_NOTIFY_FRAME_RESPONSE_ERROR(No response error for cyclic frame IDX=0x23, CycFrameNum=0, TaskId=0)
0000026130: Error: System overload: Cycle time too short or huge jitter!
0000026130: SendCycFramesByEntry(0): wFramesMonitoringProcCnt (0) < wFramesMonitoringSndCnt (1)
0000026130: Notify EC_NOTIFY_FRAME_RESPONSE_ERROR(No response error for cyclic frame IDX=0x24, CycFrameNum=0, TaskId=0)
0000026131: Notify EC_NOTIFY_CYCCMD_WKC_ERROR(11, 0x10000000, 2, 15)
0000026131: Notify EC_NOTIFY_CYCCMD_WKC_ERROR(10, 0x10000800, 2, 15)
0000026131: Notify EC_NOTIFY_CYCCMD_WKC_ERROR(11, 0x10000000, 2, 15)
0000026131: Notify EC_NOTIFY_CYCCMD_WKC_ERROR(10, 0x10000800, 2, 15)
0000026133: Error: System overload: Cycle time too short or huge jitter!
0000026133: SendCycFramesByEntry(0): wFramesMonitoringProcCnt (0) < wFramesMonitoringSndCnt (1)
0000026133: Notify EC_NOTIFY_FRAME_RESPONSE_ERROR(No response error for cyclic frame IDX=0x2a, CycFrameNum=0, TaskId=0)
0000026134: Notify EC_NOTIFY_CYCCMD_WKC_ERROR(11, 0x10000000, 2, 15)
0000026134: Notify EC_NOTIFY_CYCCMD_WKC_ERROR(10, 0x10000800, 2, 15)
0000026139: Error: System overload: Cycle time too short or huge jitter!
0000026139: SendCycFramesByEntry(0): wFramesMonitoringProcCnt (0) < wFramesMonitoringSndCnt (1)
0000026139: Notify EC_NOTIFY_FRAME_RESPONSE_ERROR(No response error for cyclic frame IDX=0x36, CycFrameNum=0, TaskId=0)
0000026140: Error: System overload: Cycle time too short or huge jitter!
0000026140: SendCycFramesByEntry(0): wFramesMonitoringProcCnt (0) < wFramesMonitoringSndCnt (1)
0000026140: Notify EC_NOTIFY_FRAME_RESPONSE_ERROR(No response error for cyclic frame IDX=0x37, CycFrameNum=0, TaskId=0)
0000026140: Notify EC_NOTIFY_CYCCMD_WKC_ERROR(11, 0x10000000, 2, 15)
0000026140: Notify EC_NOTIFY_CYCCMD_WKC_ERROR(10, 0x10000800, 2, 15)
0000026140: Notify EC_NOTIFY_CYCCMD_WKC_ERROR(11, 0x10000000, 2, 15)
0000026140: Notify EC_NOTIFY_CYCCMD_WKC_ERROR(10, 0x10000800, 2, 15)
0000026141: Error: System overload: Cycle time too short or huge jitter!
0000026141: SendCycFramesByEntry(0): wFramesMonitoringProcCnt (0) < wFramesMonitoringSndCnt (1)
0000026141: Notify EC_NOTIFY_FRAME_RESPONSE_ERROR(No response error for cyclic frame IDX=0x39, CycFrameNum=0, TaskId=0)
0000026141: Error: System overload: Cycle time too short or huge jitter!
0000026141: SendCycFramesByEntry(0): wFramesMonitoringProcCnt (0) < wFramesMonitoringSndCnt (1)
0000026141: Notify EC_NOTIFY_FRAME_RESPONSE_ERROR(No response error for cyclic frame IDX=0x3a, CycFrameNum=0, TaskId=0)
0000026142: Error: System overload: Cycle time too short or huge jitter!
0000026142: SendCycFramesByEntry(0): wFramesMonitoringProcCnt (0) < wFramesMonitoringSndCnt (1)
0000026142: Notify EC_NOTIFY_FRAME_RESPONSE_ERROR(No response error for cyclic frame IDX=0x3b, CycFrameNum=0, TaskId=0)
0000026142: Notify EC_NOTIFY_CYCCMD_WKC_ERROR(11, 0x10000000, 2, 15)
0000026142: Notify EC_NOTIFY_CYCCMD_WKC_ERROR(10, 0x10000800, 2, 15)
0000026142: Notify EC_NOTIFY_CYCCMD_WKC_ERROR(11, 0x10000000, 2, 15)
0000026142: Notify EC_NOTIFY_CYCCMD_WKC_ERROR(10, 0x10000800, 2, 15)
0000026142: Notify EC_NOTIFY_CYCCMD_WKC_ERROR(11, 0x10000000, 2, 15)
0000026142: Notify EC_NOTIFY_CYCCMD_WKC_ERROR(10, 0x10000800, 2, 15)
0000026144: Error: System overload: Cycle time too short or huge jitter!
0000026144: SendCycFramesByEntry(0): wFramesMonitoringProcCnt (0) < wFramesMonitoringSndCnt (1)
0000026144: Notify EC_NOTIFY_FRAME_RESPONSE_ERROR(No response error for cyclic frame IDX=0x40, CycFrameNum=0, TaskId=0)
0000026145: Notify EC_NOTIFY_CYCCMD_WKC_ERROR(11, 0x10000000, 2, 15)
0000026145: Notify EC_NOTIFY_CYCCMD_WKC_ERROR(10, 0x10000800, 2, 15)
0000026146: Error: System overload: Cycle time too short or huge jitter!
0000026146: SendCycFramesByEntry(0): wFramesMonitoringProcCnt (0) < wFramesMonitoringSndCnt (1)
0000026146: Notify EC_NOTIFY_FRAME_RESPONSE_ERROR(No response error for cyclic frame IDX=0x43, CycFrameNum=0, TaskId=0)
0000026146: Notify EC_NOTIFY_CYCCMD_WKC_ERROR(11, 0x10000000, 2, 15)
0000026146: Notify EC_NOTIFY_CYCCMD_WKC_ERROR(10, 0x10000800, 2, 15)
0000026148: Error: System overload: Cycle time too short or huge jitter!
0000026148: SendCycFramesByEntry(0): wFramesMonitoringProcCnt (0) < wFramesMonitoringSndCnt (1)
0000026148: Notify EC_NOTIFY_FRAME_RESPONSE_ERROR(No response error for cyclic frame IDX=0x47, CycFrameNum=0, TaskId=0)
0000026148: Error: System overload: Cycle time too short or huge jitter!
0000026148: SendCycFramesByEntry(0): wFramesMonitoringProcCnt (0) < wFramesMonitoringSndCnt (1)
0000026148: Notify EC_NOTIFY_FRAME_RESPONSE_ERROR(No response error for cyclic frame IDX=0x48, CycFrameNum=0, TaskId=0)
0000026149: Notify EC_NOTIFY_CYCCMD_WKC_ERROR(11, 0x10000000, 2, 15)
0000026149: Notify EC_NOTIFY_CYCCMD_WKC_ERROR(10, 0x10000800, 2, 15)
0000026149: Notify EC_NOTIFY_CYCCMD_WKC_ERROR(11, 0x10000000, 2, 15)
0000026149: Notify EC_NOTIFY_CYCCMD_WKC_ERROR(10, 0x10000800, 2, 15)
0000026150: Error: System overload: Cycle time too short or huge jitter!
0000026150: SendCycFramesByEntry(0): wFramesMonitoringProcCnt (0) < wFramesMonitoringSndCnt (1)
0000026150: Notify EC_NOTIFY_FRAME_RESPONSE_ERROR(No response error for cyclic frame IDX=0x4b, CycFrameNum=0, TaskId=0)
0000026150: Error: System overload: Cycle time too short or huge jitter!
0000026150: SendCycFramesByEntry(0): wFramesMonitoringProcCnt (0) < wFramesMonitoringSndCnt (1)
0000026150: Notify EC_NOTIFY_FRAME_RESPONSE_ERROR(No response error for cyclic frame IDX=0x4c, CycFrameNum=0, TaskId=0)
0000026151: Notify EC_NOTIFY_CYCCMD_WKC_ERROR(11, 0x10000000, 2, 15)
0000026151: Notify EC_NOTIFY_CYCCMD_WKC_ERROR(10, 0x10000800, 2, 15)
0000026151: Notify EC_NOTIFY_CYCCMD_WKC_ERROR(11, 0x10000000, 2, 15)
0000026151: Notify EC_NOTIFY_CYCCMD_WKC_ERROR(10, 0x10000800, 2, 15)
0000026152: Error: System overload: Cycle time too short or huge jitter!
0000026152: SendCycFramesByEntry(0): wFramesMonitoringProcCnt (0) < wFramesMonitoringSndCnt (1)
0000026152: Notify EC_NOTIFY_FRAME_RESPONSE_ERROR(No response error for cyclic frame IDX=0x50, CycFrameNum=0, TaskId=0)
0000026153: Error: System overload: Cycle time too short or huge jitter!
0000026153: SendCycFramesByEntry(0): wFramesMonitoringProcCnt (0) < wFramesMonitoringSndCnt (1)
0000026153: Notify EC_NOTIFY_FRAME_RESPONSE_ERROR(No response error for cyclic frame IDX=0x51, CycFrameNum=0, TaskId=0)
0000026153: Notify EC_NOTIFY_CYCCMD_WKC_ERROR(11, 0x10000000, 2, 15)
0000026153: Notify EC_NOTIFY_CYCCMD_WKC_ERROR(10, 0x10000800, 2, 15)
0000026153: Notify EC_NOTIFY_CYCCMD_WKC_ERROR(11, 0x10000000, 2, 15)
0000026153: Notify EC_NOTIFY_CYCCMD_WKC_ERROR(10, 0x10000800, 2, 15)
0000026155: Notify EC_NOTIFY_CYCCMD_WKC_ERROR(11, 0x10000000, 2, 15)
0000026155: Notify EC_NOTIFY_CYCCMD_WKC_ERROR(10, 0x10000800, 2, 15)
0000026157: Error: System overload: Cycle time too short or huge jitter!
0000026157: SendCycFramesByEntry(0): wFramesMonitoringProcCnt (0) < wFramesMonitoringSndCnt (1)
0000026157: Notify EC_NOTIFY_FRAME_RESPONSE_ERROR(No response error for cyclic frame IDX=0x59, CycFrameNum=0, TaskId=0)
0000026157: Notify EC_NOTIFY_CYCCMD_WKC_ERROR(11, 0x10000000, 2, 15)
0000026157: Notify EC_NOTIFY_CYCCMD_WKC_ERROR(10, 0x10000800, 2, 15)
0000026158: Error: System overload: Cycle time too short or huge jitter!
0000026158: SendCycFramesByEntry(0): wFramesMonitoringProcCnt (0) < wFramesMonitoringSndCnt (1)
0000026158: Notify EC_NOTIFY_FRAME_RESPONSE_ERROR(No response error for cyclic frame IDX=0x5b, CycFrameNum=0, TaskId=0)
0000026158: Notify EC_NOTIFY_CYCCMD_WKC_ERROR(11, 0x10000000, 2, 15)
0000026158: Notify EC_NOTIFY_CYCCMD_WKC_ERROR(10, 0x10000800, 2, 15)
0000026159: Error: System overload: Cycle time too short or huge jitter!
0000026159: SendCycFramesByEntry(0): wFramesMonitoringProcCnt (0) < wFramesMonitoringSndCnt (1)
0000026159: Notify EC_NOTIFY_FRAME_RESPONSE_ERROR(No response error for cyclic frame IDX=0x5d, CycFrameNum=0, TaskId=0)
0000026159: Error: System overload: Cycle time too short or huge jitter!
0000026159: SendCycFramesByEntry(0): wFramesMonitoringProcCnt (0) < wFramesMonitoringSndCnt (1)
0000026159: Notify EC_NOTIFY_FRAME_RESPONSE_ERROR(No response error for cyclic frame IDX=0x5e, CycFrameNum=0, TaskId=0)
0000026160: Notify EC_NOTIFY_CYCCMD_WKC_ERROR(11, 0x10000000, 2, 15)
0000026160: Notify EC_NOTIFY_CYCCMD_WKC_ERROR(10, 0x10000800, 2, 15)
0000026160: Notify EC_NOTIFY_CYCCMD_WKC_ERROR(11, 0x10000000, 2, 15)
0000026160: Notify EC_NOTIFY_CYCCMD_WKC_ERROR(10, 0x10000800, 2, 15)
0000026160: Error: System overload: Cycle time too short or huge jitter!
0000026160: SendCycFramesByEntry(0): wFramesMonitoringProcCnt (0) < wFramesMonitoringSndCnt (1)
0000026160: Notify EC_NOTIFY_FRAME_RESPONSE_ERROR(No response error for cyclic frame IDX=0x60, CycFrameNum=0, TaskId=0)
0000026161: Error: System overload: Cycle time too short or huge jitter!
0000026161: SendCycFramesByEntry(0): wFramesMonitoringProcCnt (0) < wFramesMonitoringSndCnt (1)
0000026161: Notify EC_NOTIFY_FRAME_RESPONSE_ERROR(No response error for cyclic frame IDX=0x61, CycFrameNum=0, TaskId=0)
0000026161: Error: System overload: Cycle time too short or huge jitter!
0000026161: SendCycFramesByEntry(0): wFramesMonitoringProcCnt (0) < wFramesMonitoringSndCnt (1)
0000026161: Notify EC_NOTIFY_FRAME_RESPONSE_ERROR(No response error for cyclic frame IDX=0x62, CycFrameNum=0, TaskId=0)
0000026162: Notify EC_NOTIFY_CYCCMD_WKC_ERROR(11, 0x10000000, 2, 15)
0000026162: Notify EC_NOTIFY_CYCCMD_WKC_ERROR(10, 0x10000800, 2, 15)
0000026162: Notify EC_NOTIFY_CYCCMD_WKC_ERROR(11, 0x10000000, 2, 15)
0000026162: Notify EC_NOTIFY_CYCCMD_WKC_ERROR(10, 0x10000800, 2, 15)
0000026162: Notify EC_NOTIFY_CYCCMD_WKC_ERROR(11, 0x10000000, 2, 15)
0000026162: Notify EC_NOTIFY_CYCCMD_WKC_ERROR(10, 0x10000800, 2, 15)
0000026164: Error: System overload: Cycle time too short or huge jitter!
0000026164: SendCycFramesByEntry(0): wFramesMonitoringProcCnt (0) < wFramesMonitoringSndCnt (1)
0000026164: Notify EC_NOTIFY_FRAME_RESPONSE_ERROR(No response error for cyclic frame IDX=0x68, CycFrameNum=0, TaskId=0)
0000026165: Error: System overload: Cycle time too short or huge jitter!
0000026165: SendCycFramesByEntry(0): wFramesMonitoringProcCnt (0) < wFramesMonitoringSndCnt (1)
0000026165: Notify EC_NOTIFY_FRAME_RESPONSE_ERROR(No response error for cyclic frame IDX=0x69, CycFrameNum=0, TaskId=0)
0000026165: Notify EC_NOTIFY_CYCCMD_WKC_ERROR(11, 0x10000000, 2, 15)
0000026165: Notify EC_NOTIFY_CYCCMD_WKC_ERROR(10, 0x10000800, 2, 15)
0000026165: Notify EC_NOTIFY_CYCCMD_WKC_ERROR(11, 0x10000000, 2, 15)
0000026165: Notify EC_NOTIFY_CYCCMD_WKC_ERROR(10, 0x10000800, 2, 15)
0000026165: Notify EC_NOTIFY_CYCCMD_WKC_ERROR(11, 0x10000000, 2, 15)
0000026165: Notify EC_NOTIFY_CYCCMD_WKC_ERROR(10, 0x10000800, 2, 15)
0000026166: Error: System overload: Cycle time too short or huge jitter!
0000026166: SendCycFramesByEntry(0): wFramesMonitoringProcCnt (0) < wFramesMonitoringSndCnt (1)
0000026166: Notify EC_NOTIFY_FRAME_RESPONSE_ERROR(No response error for cyclic frame IDX=0x6c, CycFrameNum=0, TaskId=0)
0000026167: Notify EC_NOTIFY_CYCCMD_WKC_ERROR(11, 0x10000000, 2, 15)
0000026167: Notify EC_NOTIFY_CYCCMD_WKC_ERROR(10, 0x10000800, 2, 15)
0000026169: Error: System overload: Cycle time too short or huge jitter!
0000026169: SendCycFramesByEntry(0): wFramesMonitoringProcCnt (0) < wFramesMonitoringSndCnt (1)
0000026169: Notify EC_NOTIFY_FRAME_RESPONSE_ERROR(No response error for cyclic frame IDX=0x71, CycFrameNum=0, TaskId=0)
0000026169: Notify EC_NOTIFY_CYCCMD_WKC_ERROR(11, 0x10000000, 2, 15)
0000026169: Notify EC_NOTIFY_CYCCMD_WKC_ERROR(10, 0x10000800, 2, 15)
0000026170: Error: System overload: Cycle time too short or huge jitter!
0000026170: SendCycFramesByEntry(0): wFramesMonitoringProcCnt (0) < wFramesMonitoringSndCnt (1)
0000026170: Notify EC_NOTIFY_FRAME_RESPONSE_ERROR(No response error for cyclic frame IDX=0x73, CycFrameNum=0, TaskId=0)
0000026170: Notify EC_NOTIFY_CYCCMD_WKC_ERROR(11, 0x10000000, 2, 15)
0000026170: Notify EC_NOTIFY_CYCCMD_WKC_ERROR(10, 0x10000800, 2, 15)
0000026171: Error: System overload: Cycle time too short or huge jitter!
0000026171: SendCycFramesByEntry(0): wFramesMonitoringProcCnt (0) < wFramesMonitoringSndCnt (1)
0000026171: Notify EC_NOTIFY_FRAME_RESPONSE_ERROR(No response error for cyclic frame IDX=0x76, CycFrameNum=0, TaskId=0)
0000026172: Notify EC_NOTIFY_CYCCMD_WKC_ERROR(11, 0x10000000, 2, 15)
0000026172: Notify EC_NOTIFY_CYCCMD_WKC_ERROR(10, 0x10000800, 2, 15)
0000026174: Error: System overload: Cycle time too short or huge jitter!
0000026174: SendCycFramesByEntry(0): wFramesMonitoringProcCnt (0) < wFramesMonitoringSndCnt (1)
0000026174: Notify EC_NOTIFY_FRAME_RESPONSE_ERROR(No response error for cyclic frame IDX=0x7b, CycFrameNum=0, TaskId=0)
0000026174: Notify EC_NOTIFY_CYCCMD_WKC_ERROR(11, 0x10000000, 2, 15)
0000026174: Notify EC_NOTIFY_CYCCMD_WKC_ERROR(10, 0x10000800, 2, 15)
0000026176: Error: System overload: Cycle time too short or huge jitter!
0000026176: SendCycFramesByEntry(0): wFramesMonitoringProcCnt (0) < wFramesMonitoringSndCnt (1)
0000026176: Notify EC_NOTIFY_FRAME_RESPONSE_ERROR(No response error for cyclic frame IDX=0x7f, CycFrameNum=0, TaskId=0)
0000026176: Error: System overload: Cycle time too short or huge jitter!
0000026176: SendCycFramesByEntry(0): wFramesMonitoringProcCnt (0) < wFramesMonitoringSndCnt (1)
0000026176: Notify EC_NOTIFY_FRAME_RESPONSE_ERROR(No response error for cyclic frame IDX=0x80, CycFrameNum=0, TaskId=0)
0000026177: Notify EC_NOTIFY_CYCCMD_WKC_ERROR(11, 0x10000000, 2, 15)
0000026177: Notify EC_NOTIFY_CYCCMD_WKC_ERROR(10, 0x10000800, 2, 15)
0000026177: Notify EC_NOTIFY_CYCCMD_WKC_ERROR(11, 0x10000000, 2, 15)
0000026177: Notify EC_NOTIFY_CYCCMD_WKC_ERROR(10, 0x10000800, 2, 15)
0000026178: Error: System overload: Cycle time too short or huge jitter!
0000026178: SendCycFramesByEntry(0): wFramesMonitoringProcCnt (0) < wFramesMonitoringSndCnt (1)
0000026178: Notify EC_NOTIFY_FRAME_RESPONSE_ERROR(No response error for cyclic frame IDX=0x84, CycFrameNum=0, TaskId=0)
0000026179: Notify EC_NOTIFY_CYCCMD_WKC_ERROR(11, 0x10000000, 2, 15)
0000026179: Notify EC_NOTIFY_CYCCMD_WKC_ERROR(10, 0x10000800, 2, 15)
0000026181: Error: System overload: Cycle time too short or huge jitter!
0000026181: SendCycFramesByEntry(0): wFramesMonitoringProcCnt (0) < wFramesMonitoringSndCnt (1)
0000026181: Notify EC_NOTIFY_FRAME_RESPONSE_ERROR(No response error for cyclic frame IDX=0x89, CycFrameNum=0, TaskId=0)
0000026181: Notify EC_NOTIFY_CYCCMD_WKC_ERROR(11, 0x10000000, 2, 15)
0000026181: Notify EC_NOTIFY_CYCCMD_WKC_ERROR(10, 0x10000800, 2, 15)
0000026182: Error: System overload: Cycle time too short or huge jitter!
0000026182: SendCycFramesByEntry(0): wFramesMonitoringProcCnt (0) < wFramesMonitoringSndCnt (1)
0000026182: Notify EC_NOTIFY_FRAME_RESPONSE_ERROR(No response error for cyclic frame IDX=0x8b, CycFrameNum=0, TaskId=0)
0000026182: Notify EC_NOTIFY_CYCCMD_WKC_ERROR(11, 0x10000000, 2, 15)
0000026182: Notify EC_NOTIFY_CYCCMD_WKC_ERROR(10, 0x10000800, 2, 15)
0000026183: Error: System overload: Cycle time too short or huge jitter!
0000026183: SendCycFramesByEntry(0): wFramesMonitoringProcCnt (0) < wFramesMonitoringSndCnt (1)
0000026183: Notify EC_NOTIFY_FRAME_RESPONSE_ERROR(No response error for cyclic frame IDX=0x8e, CycFrameNum=0, TaskId=0)
0000026184: Notify EC_NOTIFY_CYCCMD_WKC_ERROR(11, 0x10000000, 2, 15)
0000026184: Notify EC_NOTIFY_CYCCMD_WKC_ERROR(10, 0x10000800, 2, 15)
0000026184: Error: System overload: Cycle time too short or huge jitter!
0000026184: SendCycFramesByEntry(0): wFramesMonitoringProcCnt (0) < wFramesMonitoringSndCnt (1)
0000026184: Notify EC_NOTIFY_FRAME_RESPONSE_ERROR(No response error for cyclic frame IDX=0x90, CycFrameNum=0, TaskId=0)
0000026185: Notify EC_NOTIFY_CYCCMD_WKC_ERROR(11, 0x10000000, 2, 15)
0000026185: Notify EC_NOTIFY_CYCCMD_WKC_ERROR(10, 0x10000800, 2, 15)
0000026186: Error: System overload: Cycle time too short or huge jitter!
0000026186: SendCycFramesByEntry(0): wFramesMonitoringProcCnt (0) < wFramesMonitoringSndCnt (1)
0000026186: Notify EC_NOTIFY_FRAME_RESPONSE_ERROR(No response error for cyclic frame IDX=0x93, CycFrameNum=0, TaskId=0)
0000026186: Notify EC_NOTIFY_CYCCMD_WKC_ERROR(11, 0x10000000, 2, 15)
0000026186: Notify EC_NOTIFY_CYCCMD_WKC_ERROR(10, 0x10000800, 2, 15)
0000026187: Error: System overload: Cycle time too short or huge jitter!
0000026187: SendCycFramesByEntry(0): wFramesMonitoringProcCnt (0) < wFramesMonitoringSndCnt (1)
0000026187: Notify EC_NOTIFY_FRAME_RESPONSE_ERROR(No response error for cyclic frame IDX=0x95, CycFrameNum=0, TaskId=0)
0000026187: Error: System overload: Cycle time too short or huge jitter!
0000026187: SendCycFramesByEntry(0): wFramesMonitoringProcCnt (0) < wFramesMonitoringSndCnt (1)
0000026187: Notify EC_NOTIFY_FRAME_RESPONSE_ERROR(No response error for cyclic frame IDX=0x96, CycFrameNum=0, TaskId=0)
0000026188: Notify EC_NOTIFY_CYCCMD_WKC_ERROR(11, 0x10000000, 2, 15)
0000026188: Notify EC_NOTIFY_CYCCMD_WKC_ERROR(10, 0x10000800, 2, 15)
0000026188: Notify EC_NOTIFY_CYCCMD_WKC_ERROR(11, 0x10000000, 2, 15)
0000026188: Notify EC_NOTIFY_CYCCMD_WKC_ERROR(10, 0x10000800, 2, 15)
0000026188: Error: System overload: Cycle time too short or huge jitter!
0000026188: SendCycFramesByEntry(0): wFramesMonitoringProcCnt (0) < wFramesMonitoringSndCnt (1)
0000026188: Notify EC_NOTIFY_FRAME_RESPONSE_ERROR(No response error for cyclic frame IDX=0x98, CycFrameNum=0, TaskId=0)
0000026189: Notify EC_NOTIFY_CYCCMD_WKC_ERROR(11, 0x10000000, 2, 15)
0000026189: Notify EC_NOTIFY_CYCCMD_WKC_ERROR(10, 0x10000800, 2, 15)
0000026190: Error: System overload: Cycle time too short or huge jitter!
0000026190: SendCycFramesByEntry(0): wFramesMonitoringProcCnt (0) < wFramesMonitoringSndCnt (1)
0000026190: Notify EC_NOTIFY_FRAME_RESPONSE_ERROR(No response error for cyclic frame IDX=0x9c, CycFrameNum=0, TaskId=0)
0000026191: Error: System overload: Cycle time too short or huge jitter!
0000026191: SendCycFramesByEntry(0): wFramesMonitoringProcCnt (0) < wFramesMonitoringSndCnt (1)
0000026191: Notify EC_NOTIFY_FRAME_RESPONSE_ERROR(No response error for cyclic frame IDX=0x9d, CycFrameNum=0, TaskId=0)
0000026191: Notify EC_NOTIFY_CYCCMD_WKC_ERROR(11, 0x10000000, 2, 15)
0000026191: Notify EC_NOTIFY_CYCCMD_WKC_ERROR(10, 0x10000800, 2, 15)
0000026191: Notify EC_NOTIFY_CYCCMD_WKC_ERROR(11, 0x10000000, 2, 15)
0000026191: Notify EC_NOTIFY_CYCCMD_WKC_ERROR(10, 0x10000800, 2, 15)
0000026192: Error: System overload: Cycle time too short or huge jitter!
0000026192: SendCycFramesByEntry(0): wFramesMonitoringProcCnt (0) < wFramesMonitoringSndCnt (1)
0000026192: Notify EC_NOTIFY_FRAME_RESPONSE_ERROR(No response error for cyclic frame IDX=0x9f, CycFrameNum=0, TaskId=0)
0000026192: Notify EC_NOTIFY_CYCCMD_WKC_ERROR(11, 0x10000000, 2, 15)
0000026192: Notify EC_NOTIFY_CYCCMD_WKC_ERROR(10, 0x10000800, 2, 15)
0000026193: Error: System overload: Cycle time too short or huge jitter!
0000026193: SendCycFramesByEntry(0): wFramesMonitoringProcCnt (0) < wFramesMonitoringSndCnt (1)
0000026193: Notify EC_NOTIFY_FRAME_RESPONSE_ERROR(No response error for cyclic frame IDX=0xa1, CycFrameNum=0, TaskId=0)
0000026193: Notify EC_NOTIFY_CYCCMD_WKC_ERROR(11, 0x10000000, 2, 15)
0000026193: Notify EC_NOTIFY_CYCCMD_WKC_ERROR(10, 0x10000800, 2, 15)
0000026194: Error: System overload: Cycle time too short or huge jitter!
0000026194: SendCycFramesByEntry(0): wFramesMonitoringProcCnt (0) < wFramesMonitoringSndCnt (1)
0000026194: Notify EC_NOTIFY_FRAME_RESPONSE_ERROR(No response error for cyclic frame IDX=0xa4, CycFrameNum=0, TaskId=0)
0000026195: Notify EC_NOTIFY_CYCCMD_WKC_ERROR(11, 0x10000000, 2, 15)
0000026195: Notify EC_NOTIFY_CYCCMD_WKC_ERROR(10, 0x10000800, 2, 15)
0000026195: Notify EC_NOTIFY_CYCCMD_WKC_ERROR(11, 0x10000000, 2, 15)
0000026195: Notify EC_NOTIFY_CYCCMD_WKC_ERROR(10, 0x10000800, 2, 15)
0000026199: Error: System overload: Cycle time too short or huge jitter!
0000026199: SendCycFramesByEntry(0): wFramesMonitoringProcCnt (0) < wFramesMonitoringSndCnt (1)
0000026199: Notify EC_NOTIFY_FRAME_RESPONSE_ERROR(No response error for cyclic frame IDX=0xad, CycFrameNum=0, TaskId=0)
0000026199: Notify EC_NOTIFY_CYCCMD_WKC_ERROR(11, 0x10000000, 2, 15)
0000026199: Notify EC_NOTIFY_CYCCMD_WKC_ERROR(10, 0x10000800, 2, 15)
0000026200: Error: System overload: Cycle time too short or huge jitter!
0000026200: SendCycFramesByEntry(0): wFramesMonitoringProcCnt (0) < wFramesMonitoringSndCnt (1)
0000026200: Notify EC_NOTIFY_FRAME_RESPONSE_ERROR(No response error for cyclic frame IDX=0xb0, CycFrameNum=0, TaskId=0)
0000026201: Notify EC_NOTIFY_CYCCMD_WKC_ERROR(11, 0x10000000, 2, 15)
0000026201: Notify EC_NOTIFY_CYCCMD_WKC_ERROR(10, 0x10000800, 2, 15)
0000026203: Error: System overload: Cycle time too short or huge jitter!
0000026203: SendCycFramesByEntry(0): wFramesMonitoringProcCnt (0) < wFramesMonitoringSndCnt (1)
0000026203: Notify EC_NOTIFY_FRAME_RESPONSE_ERROR(No response error for cyclic frame IDX=0xb5, CycFrameNum=0, TaskId=0)
0000026203: Notify EC_NOTIFY_CYCCMD_WKC_ERROR(11, 0x10000000, 2, 15)
0000026203: Notify EC_NOTIFY_CYCCMD_WKC_ERROR(10, 0x10000800, 2, 15)
0000026206: Error: System overload: Cycle time too short or huge jitter!
0000026206: SendCycFramesByEntry(0): wFramesMonitoringProcCnt (0) < wFramesMonitoringSndCnt (1)
0000026206: Notify EC_NOTIFY_FRAME_RESPONSE_ERROR(No response error for cyclic frame IDX=0xbc, CycFrameNum=0, TaskId=0)
0000026207: Notify EC_NOTIFY_CYCCMD_WKC_ERROR(11, 0x10000000, 2, 15)
0000026207: Notify EC_NOTIFY_CYCCMD_WKC_ERROR(10, 0x10000800, 2, 15)
0000026208: Error: System overload: Cycle time too short or huge jitter!
0000026208: SendCycFramesByEntry(0): wFramesMonitoringProcCnt (0) < wFramesMonitoringSndCnt (1)
0000026208: Notify EC_NOTIFY_FRAME_RESPONSE_ERROR(No response error for cyclic frame IDX=0xbf, CycFrameNum=0, TaskId=0)
0000026208: Notify EC_NOTIFY_CYCCMD_WKC_ERROR(11, 0x10000000, 2, 15)
0000026208: Notify EC_NOTIFY_CYCCMD_WKC_ERROR(10, 0x10000800, 2, 15)
0000026209: Error: System overload: Cycle time too short or huge jitter!
0000026209: SendCycFramesByEntry(0): wFramesMonitoringProcCnt (0) < wFramesMonitoringSndCnt (1)
0000026209: Notify EC_NOTIFY_FRAME_RESPONSE_ERROR(No response error for cyclic frame IDX=0xc1, CycFrameNum=0, TaskId=0)
0000026209: Notify EC_NOTIFY_CYCCMD_WKC_ERROR(11, 0x10000000, 2, 15)
0000026209: Notify EC_NOTIFY_CYCCMD_WKC_ERROR(10, 0x10000800, 2, 15)
0000026210: Error: System overload: Cycle time too short or huge jitter!
0000026210: SendCycFramesByEntry(0): wFramesMonitoringProcCnt (0) < wFramesMonitoringSndCnt (1)
0000026210: Notify EC_NOTIFY_FRAME_RESPONSE_ERROR(No response error for cyclic frame IDX=0xc3, CycFrameNum=0, TaskId=0)
0000026210: Notify EC_NOTIFY_CYCCMD_WKC_ERROR(11, 0x10000000, 2, 15)
0000026210: Notify EC_NOTIFY_CYCCMD_WKC_ERROR(10, 0x10000800, 2, 15)
