body_pos_x	body_pos_y	body_pos_z	body_quat_w	body_quat_x	body_quat_y	body_quat_z	joint_pos00	joint_pos01	joint_pos02	joint_pos03	joint_pos04	joint_pos05	joint_pos06	joint_pos07	joint_pos08	joint_pos09	joint_pos10	joint_pos11	joint_pos12	joint_pos13	joint_pos14	joint_pos15	joint_pos16	joint_pos17	joint_pos18	joint_pos19	joint_pos20	joint_vel_00	joint_vel_01	joint_vel_02	joint_vel_03	joint_vel_04	joint_vel_05	joint_vel_06	joint_vel_07	joint_vel_08	joint_vel_09	joint_vel_10	joint_vel_11	joint_vel_12	joint_vel_13	joint_vel_14	joint_vel_15	joint_vel_16	joint_vel_17	joint_vel_18	joint_vel_19	joint_vel_20
0.394614040851593	-1.2037620544433594	0.04730899631977081	0.019669000059366226	-0.7308170199394226	0.061107005923986435	0.6795480847358704	-0.048987001180648804	-0.38683199882507324	0.09826499968767166	-0.37228500843048096	0.2884019911289215	0.006773999892175198	-0.23736199736595154	0.3343679904937744	-0.051989998668432236	-0.04358600080013275	0.34477499127388	0.044436000287532806	0.14597299695014954	-0.16666699945926666	0.20914700627326965	0.1762170046567917	0.08726000040769577	0.3461039960384369	0.14833900332450867	-0.20841099321842194	-0.878275990486145	0.06707999855279922	0.11742115020751953	0.025700032711029053	0.12331902980804443	0.02754032611846924	-0.017479993402957916	-0.12025982141494751	0.07995069026947021	-0.03143996000289917	-0.058900006115436554	0.06415098905563354	0.09537991136312485	0.05569979548454285	-0.012090057134628296	0.011040270328521729	-0.03473013639450073	0.0	0.0406801700592041	0.012099742889404297	-0.05623027682304382	-0.0715106725692749
0.3946044445037842	-1.2035682201385498	0.047933995723724365	0.020204000174999237	-0.7303619980812073	0.06075000390410423	0.6800530552864075	-0.04764540120959282	-0.38448357582092285	0.09877900034189224	-0.36981862783432007	0.2889527976512909	0.006424400024116039	-0.2397671937942505	0.3359670042991638	-0.05261879786849022	-0.04476400092244148	0.3460580110549927	0.0463435985147953	0.1470869928598404	-0.16690880060195923	0.2093678116798401	0.17552240192890167	0.08726000040769577	0.34691759943962097	0.14858099818229675	-0.2095355987548828	-0.8797062039375305	0.05723005160689354	0.12803003191947937	0.03881007432937622	0.10066032409667969	0.009795278310775757	-0.0011850032024085522	-0.10190010070800781	0.10873526334762573	-0.0383949838578701	-0.12138504534959793	0.11331960558891296	0.15323004126548767	-0.0021997839212417603	0.028235092759132385	0.01914985477924347	-0.013455003499984741	0.0	0.08766502141952515	-0.050235167145729065	-0.03533028066158295	-0.07474571466445923
0.3945712447166443	-1.2035515308380127	0.04872477054595947	0.02063700184226036	-0.7298010587692261	0.060245003551244736	0.6806880831718445	-0.04669779911637306	-0.38171079754829407	0.09981740266084671	-0.36825859546661377	0.28879380226135254	0.0067265997640788555	-0.24143800139427185	0.33871740102767944	-0.05352579802274704	-0.04844140261411667	0.3493077754974365	0.0505652017891407	0.14588500559329987	-0.16553759574890137	0.2099130004644394	0.1756788045167923	0.08726000040769577	0.3496105968952179	0.1463295966386795	-0.20982420444488525	-0.8812658190727234	0.08076010644435883	0.1720048487186432	0.04018004983663559	0.08578002452850342	-0.014049559831619263	0.014575012028217316	-0.07741488516330719	0.07799044251441956	-0.045895110815763474	-0.10131998360157013	0.16115456819534302	0.17689001560211182	-0.09393952786922455	0.10132491588592529	-0.004350021481513977	0.040544942021369934	-1.862645149230957e-07	0.22142454981803894	-0.24329498410224915	0.032934918999671936	-0.0579148530960083
0.39454326033592224	-1.2037677764892578	0.04973680526018143	0.021080603823065758	-0.7286195158958435	0.059584613889455795	0.6819959282875061	-0.04441499710083008	-0.3776033818721771	0.10038620233535767	-0.36638742685317993	0.2883908152580261	0.007007400505244732	-0.24286378920078278	0.3390866219997406	-0.05445460230112076	-0.048816800117492676	0.3525041937828064	0.05341919884085655	0.1433294117450714	-0.16285580396652222	0.20919381082057953	0.17714419960975647	0.08725999295711517	0.35577458143234253	0.1388491988182068	-0.20821820199489594	-0.8820227980613708	0.14090994000434875	0.24803504347801208	0.0033700838685035706	0.15721023082733154	0.002979487180709839	-0.0005399924702942371	-0.04749000072479248	-0.044155120849609375	-0.05358997732400894	0.11554500460624695	0.1202806830406189	0.06308490037918091	-0.13811998069286346	0.1849047839641571	-0.07269494235515594	0.18208995461463928	0.0	0.3511004149913788	-0.44478997588157654	0.025650113821029663	-0.008650124073028564
0.3943201005458832	-1.2045176029205322	0.05130436271429062	0.022160805761814117	-0.7273379564285278	0.058613214641809464	0.6834129691123962	-0.0410614013671875	-0.3717893958091736	0.09995220601558685	-0.3619701862335205	0.28891298174858093	0.006705000065267086	-0.24333760142326355	0.33695119619369507	-0.0556693971157074	-0.0438196025788784	0.3541190028190613	0.05308859795331955	0.14036020636558533	-0.15814140439033508	0.20700520277023315	0.18296240270137787	0.08726000040769577	0.36365461349487305	0.12853799760341644	-0.20879819989204407	-0.8816118240356445	0.1705499291419983	0.3299593925476074	-0.044579990208148956	0.322510302066803	0.05182996392250061	-0.028509996831417084	0.002619624137878418	-0.07209032773971558	-0.09255996346473694	0.2951448857784271	0.05644485354423523	-0.016755051910877228	-0.1323603093624115	0.31401997804641724	-0.07012039422988892	0.43349489569664	1.862645149230957e-07	0.4414856433868408	-0.513004720211029	-0.16781985759735107	0.0016450881958007812
0.39412304759025574	-1.205291986465454	0.05341099947690964	0.02436400018632412	-0.7257331013679504	0.05724700912833214	0.6851580142974854	-0.03759299963712692	-0.3644050061702728	0.09860300272703171	-0.3534870147705078	0.29046401381492615	0.0058670006692409515	-0.24275900423526764	0.336203008890152	-0.058157000690698624	-0.037011004984378815	0.3547619879245758	0.05274899676442146	0.13803499937057495	-0.15029500424861908	0.20638899505138397	0.19448399543762207	0.08726000040769577	0.37343400716781616	0.1183290109038353	-0.21493099629878998	-0.8819569945335388	0.07544001936912537	0.6567500829696655	-0.06913505494594574	0.7551848888397217	-0.03073960542678833	-0.11840000748634338	0.11695548892021179	-0.027819722890853882	-0.20387005805969238	0.41600000858306885	0.15242472290992737	-0.052099861204624176	-0.04633516073226929	0.5957949757575989	0.025285035371780396	1.0281049013137817	-0.012739934027194977	0.6784796714782715	-0.5619097352027893	-0.42173004150390625	-0.19207894802093506
0.3938336670398712	-1.2067197561264038	0.05434899777173996	0.027623018249869347	-0.723800778388977	0.05564242601394653	0.6872072815895081	-0.0380438007414341	-0.34551939368247986	0.09718680381774902	-0.33176279067993164	0.2876833975315094	0.001968999858945608	-0.23865938186645508	0.3358384072780609	-0.06382419914007187	-0.027179602533578873	0.3602159917354584	0.05100460350513458	0.13850679993629456	-0.13430960476398468	0.20801660418510437	0.22408659756183624	0.08675040304660797	0.3907938003540039	0.10606160759925842	-0.22566740214824677	-0.8892949819564819	0.1875949501991272	0.6738200783729553	-0.008959881961345673	0.8344508409500122	-0.01927018165588379	-0.13845501840114594	0.13079531490802765	-0.034774839878082275	-0.1396399885416031	0.4412100613117218	0.1253753900527954	-0.031449925154447556	0.002830103039741516	0.6955100297927856	0.14357008039951324	1.1543850898742676	-0.3949897289276123	0.9717799425125122	-0.7550500631332397	-0.34970492124557495	-0.4886895418167114
0.3941314220428467	-1.2078419923782349	0.057612985372543335	0.031053021550178528	-0.7217972874641418	0.05172424390912056	0.6894703507423401	-0.030089201405644417	-0.3374522030353546	0.09824460744857788	-0.32010897994041443	0.2896932065486908	0.0003288000589236617	-0.23752719163894653	0.3348120152950287	-0.06374260038137436	-0.01936260238289833	0.3597770035266876	0.05149099975824356	0.1381482034921646	-0.12247460335493088	0.2121317982673645	0.24065940082073212	0.07146041095256805	0.41230520606040955	0.0881270095705986	-0.22891919314861298	-0.9015045762062073	0.4669248163700104	0.39621517062187195	0.10691490024328232	0.6227344274520874	-0.021804869174957275	-0.04860498011112213	-0.039400532841682434	0.07682964205741882	0.06336486339569092	0.45995983481407166	-0.03433451056480408	0.014479830861091614	-0.02768002450466156	0.9768946170806885	0.2461448311805725	0.896475076675415	-1.3977543115615845	1.3156145811080933	-1.0190198421478271	-0.16506463289260864	-0.8422300219535828
0.39454546570777893	-1.2099127769470215	0.05951916426420212	0.03508602827787399	-0.7212793231010437	0.04577423632144928	0.6902391910552979	-0.019366808235645294	-0.329670786857605	0.10146339982748032	-0.30685341358184814	0.2868112027645111	2.4800639948807657e-05	-0.24023540318012238	0.33891159296035767	-0.061289604753255844	-0.008781208656728268	0.3588426113128662	0.05158379673957825	0.1373995989561081	-0.09523382037878036	0.21786239743232727	0.2599456012248993	0.030840229243040085	0.44341838359832764	0.06530081480741501	-0.2322699874639511	-0.9229841828346252	0.6625698208808899	0.308004766702652	0.14253482222557068	0.7157094478607178	-0.12060552835464478	-0.01061001792550087	-0.12572035193443298	0.35796985030174255	0.1591850072145462	0.7399997115135193	-0.09013041853904724	0.14490988850593567	-0.09691007435321808	1.6969243288040161	0.24765469133853912	1.5321340560913086	-2.822478771209717	1.709894061088562	-1.0827499628067017	-0.24297013878822327	-1.3072059154510498
0.3939768671989441	-1.2105861902236938	0.06188099458813667	0.0405360646545887	-0.721341609954834	0.040019068866968155	0.6902332901954651	-0.003586410079151392	-0.32513201236724854	0.10394600033760071	-0.2914806008338928	0.284868985414505	-9.560064063407481e-05	-0.24255600571632385	0.3491308093070984	-0.05737520009279251	0.01023738645017147	0.35617178678512573	0.057287395000457764	0.1342718005180359	-0.054597631096839905	0.22203798592090607	0.301944762468338	-0.041438743472099304	0.4807009696960449	0.044817011803388596	-0.2386379987001419	-0.9537928104400635	0.5771949887275696	0.3445446491241455	0.04053991287946701	1.0834850072860718	-0.1603551208972931	0.09785495698451996	0.013510137796401978	0.9445600509643555	0.15201503038406372	1.526379942893982	0.16691014170646667	0.44870489835739136	-0.0950399786233902	6.291669845581055	-1.6424096822738647	4.472558975219727	-11.6400785446167	2.008640766143799	-0.9943200349807739	-0.5700003504753113	-2.507646322250366
0.3933790922164917	-1.2137409448623657	0.06461195647716522	0.04848599433898926	-0.7216381430625916	0.03216100484132767	0.6898210644721985	0.0037209922447800636	-0.31588900089263916	0.103084996342659	-0.2635140120983124	0.2803969979286194	0.003938999027013779	-0.2396949976682663	0.376693993806839	-0.05520900338888168	0.05227398872375488	0.3655190169811249	0.06953199207782745	0.13359799981117249	0.15643297135829926	0.15216600894927979	0.43884795904159546	-0.4347629249095917	0.5237640142440796	0.025528015568852425	-0.2550700008869171	-1.0232900381088257	0.5508002042770386	0.06890073418617249	0.003435090184211731	1.0787949562072754	-0.07057413458824158	0.3553549647331238	0.07428005337715149	0.9521447420120239	0.2422199547290802	1.731240153312683	-0.20801424980163574	0.7564399242401123	-0.05446970462799072	6.681341171264648	-2.2310447692871094	5.1900410652160645	-12.93370532989502	1.6711950302124023	-0.7963302731513977	-1.1178847551345825	-3.008514642715454
0.3922310471534729	-1.214884877204895	0.06870118528604507	0.056723207235336304	-0.7224307060241699	0.02373448945581913	0.6887039542198181	0.01844559796154499	-0.32237598299980164	0.10408340394496918	-0.2483288049697876	0.28204602003097534	0.014118598774075508	-0.2395848035812378	0.38721659779548645	-0.04768640175461769	0.07948699593544006	0.3478512167930603	0.0875449925661087	0.13209301233291626	0.21265599131584167	0.13279619812965393	0.5095463991165161	-0.5587869882583618	0.547548770904541	0.012963801622390747	-0.28335338830947876	-1.0741333961486816	0.45598530769348145	0.18358975648880005	-0.028934702277183533	1.2155648469924927	0.2934753894805908	0.3280000686645508	0.16134008765220642	0.0505298376083374	0.12468025088310242	1.2490352392196655	-0.6088957190513611	0.9121298789978027	0.01707524061203003	3.595944881439209	-1.736594319343567	3.7558555603027344	-7.907020092010498	1.5842900276184082	-0.4900253713130951	-1.7729341983795166	-3.5366029739379883
0.3920050859451294	-1.2181940078735352	0.07447177916765213	0.062590591609478	-0.7178470492362976	0.01858045719563961	0.6931329965591431	0.02196040377020836	-0.30854541063308716	0.10192760825157166	-0.21489141881465912	0.292136013507843	0.017059002071619034	-0.23324139416217804	0.3787151873111725	-0.05022179335355759	0.10223539918661118	0.34116318821907043	0.10601718723773956	0.1342810094356537	0.30027076601982117	0.08270223438739777	0.5890821814537048	-0.7510437369346619	0.5871356129646301	0.005927000194787979	-0.3259873688220978	-1.1647541522979736	0.25607994198799133	0.8234396576881409	-0.13260506093502045	1.7876989841461182	0.46769455075263977	-0.043999820947647095	0.437704861164093	-0.5967490673065186	-0.21129482984542847	0.8964199423789978	-0.4898451268672943	0.5752898454666138	0.33047422766685486	4.104757308959961	-2.191913604736328	3.0685842037200928	-8.997109413146973	2.1206796169281006	-0.6161293387413025	-1.867084264755249	-4.759311676025391
0.39172446727752686	-1.2213554382324219	0.07791218906641006	0.06998366117477417	-0.7139388918876648	0.01261741854250431	0.6965876817703247	0.028688795864582062	-0.289438396692276	0.09877920150756836	-0.17682084441184998	0.30075380206108093	0.012358605861663818	-0.22207660973072052	0.3633466362953186	-0.05613819509744644	0.11534379422664642	0.32825741171836853	0.11055658757686615	0.14531198143959045	0.3768462836742401	0.04511965066194534	0.6322897672653198	-0.9186713695526123	0.632375955581665	-0.011681372299790382	-0.35803675651550293	-1.2645058631896973	0.18953996896743774	0.8303150534629822	-0.17182007431983948	1.6153652667999268	0.2730049192905426	-0.20247502624988556	0.5407798886299133	-0.6340697407722473	-0.2917749881744385	0.49588996171951294	-0.5856149196624756	0.31780004501342773	0.5241848230361938	3.6719746589660645	-1.9423201084136963	2.0855202674865723	-8.462430953979492	2.5367989540100098	-1.0670344829559326	-1.5248454809188843	-5.4358062744140625
0.3913782835006714	-1.2252583503723145	0.08072074502706528	0.07376082241535187	-0.7111696004867554	0.008861206471920013	0.6990845799446106	0.029542002826929092	-0.27533280849456787	0.09505480527877808	-0.1502768099308014	0.3030562102794647	0.008960001170635223	-0.21161019802093506	0.3533523976802826	-0.0618927925825119	0.12207099795341492	0.3177385926246643	0.11872918903827667	0.15524840354919434	0.44714975357055664	0.005009425804018974	0.6725029945373535	-1.089540958404541	0.6886075735092163	-0.03675438091158867	-0.38698118925094604	-1.3821864128112793	-0.1338195502758026	0.6278849840164185	-0.29015466570854187	1.0872453451156616	0.11660531163215637	-0.13451506197452545	0.5039900541305542	-0.42413994669914246	-0.38889461755752563	0.222029909491539	-0.4112854599952698	0.386260449886322	0.4796750843524933	3.4442148208618164	-1.9191648960113525	1.7232298851013184	-8.276784896850586	2.9040722846984863	-1.5096641778945923	-1.4955804347991943	-6.027349948883057
0.3910200595855713	-1.2298810482025146	0.08317595720291138	0.07554402202367783	-0.7085350155830383	0.007587001658976078	0.7015801072120667	0.02333601377904415	-0.26432299613952637	0.08717301487922668	-0.1333310306072235	0.3054180145263672	0.006978003308176994	-0.20191700756549835	0.3463810384273529	-0.07169397920370102	0.12422499060630798	0.31180599331855774	0.12600700557231903	0.16449898481369019	0.5146148800849915	-0.03164694830775261	0.7012189626693726	-1.2497427463531494	0.7485388517379761	-0.07206793874502182	-0.4178599715232849	-1.505599856376648	-0.343339741230011	0.5697898864746094	-0.49403494596481323	0.8324399590492249	0.17210915684700012	-0.1478099524974823	0.4954296946525574	-0.2833552658557892	-0.5977898836135864	0.13971514999866486	-0.20069479942321777	0.3596950173377991	0.59702467918396	2.88932466506958	-1.6092352867126465	1.3823091983795166	-7.015693187713623	2.8926894664764404	-1.9414894580841064	-1.625788927078247	-5.885112285614014
0.3908606469631195	-1.234243392944336	0.0850037932395935	0.07810064405202866	-0.7057656049728394	0.007583002559840679	0.7040863037109375	0.015808412805199623	-0.2525412142276764	0.0752934068441391	-0.1169792115688324	0.3099405765533447	0.0030476031824946404	-0.19179300963878632	0.342018187046051	-0.08580438792705536	0.1276596039533615	0.3097108006477356	0.13311699032783508	0.17912939190864563	0.5627227425575256	-0.05935998260974884	0.7277953624725342	-1.370168685913086	0.8043151497840881	-0.11441396176815033	-0.4520127475261688	-1.6175909042358398	-0.4444402754306793	0.5186200141906738	-0.5008153915405273	0.6162106990814209	0.2066098153591156	-0.16904506087303162	0.4479750990867615	-0.2618357539176941	-0.6111904978752136	0.013020262122154236	-0.03200992941856384	0.2610247731208801	0.6262254118919373	2.526852607727051	-1.052456259727478	0.8920997381210327	-6.014609336853027	2.6837573051452637	-2.1347110271453857	-1.8029749393463135	-5.403387546539307
0.39065825939178467	-1.2376554012298584	0.086680568754673	0.07836281508207321	-0.7031098008155823	0.008454401977360249	0.7067000865936279	0.005558402743190527	-0.24357819557189941	0.06714040040969849	-0.10868260264396667	0.3136824071407318	0.00021620074403472245	-0.1839980036020279	0.33590760827064514	-0.09614159911870956	0.12474580109119415	0.3105255961418152	0.1364479959011078	0.18954800069332123	0.6156889796257019	-0.07374519854784012	0.7369029521942139	-1.4903271198272705	0.8558891415596008	-0.1574563831090927	-0.48997896909713745	-1.7217353582382202	-0.43593013286590576	0.39332544803619385	-0.451544851064682	0.35189521312713623	0.2601601183414459	-0.14938995242118835	0.4260551333427429	-0.32907426357269287	-0.5794800519943237	-0.19304491579532623	0.0333249568939209	0.11835023760795593	0.6394345164299011	2.6419057846069336	-0.7494403123855591	0.30128657817840576	-6.165039539337158	2.4343206882476807	-2.0291500091552734	-2.224461078643799	-5.108043670654297
0.39038941264152527	-1.2417593002319336	0.08817519247531891	0.07884281128644943	-0.7004590630531311	0.009264000691473484	0.7092639207839966	-0.0016287926118820906	-0.2368081957101822	0.057231612503528595	-0.10290340334177017	0.32034698128700256	-0.0029279948212206364	-0.17475080490112305	0.3288552165031433	-0.1089835911989212	0.11993780732154846	0.31104379892349243	0.13785099983215332	0.20470677316188812	0.6683989763259888	-0.08933759480714798	0.7398468255996704	-1.6167702674865723	0.9016879796981812	-0.19557996094226837	-0.5409911870956421	-1.8219126462936401	-0.28040000796318054	0.1668047159910202	-0.4157599210739136	0.09444504976272583	0.4072897136211395	-0.15773999691009521	0.3713797926902771	-0.3781549632549286	-0.5457500219345093	-0.30969494581222534	0.011424720287322998	0.015610083937644958	0.8343648314476013	2.1651790142059326	-0.4934901297092438	0.10097622871398926	-5.993831157684326	1.9869863986968994	-1.5767197608947754	-2.580815553665161	-4.791954040527344
0.3904266357421875	-1.2440757751464844	0.08978497982025146	0.07866823673248291	-0.6982613801956177	0.0104998042806983	0.7114297151565552	-0.005657597910612822	-0.2369060069322586	0.05051000416278839	-0.10490480065345764	0.3299739956855774	-0.006093399133533239	-0.16914281249046326	0.320781409740448	-0.11797159910202026	0.11235800385475159	0.3109825849533081	0.1370723992586136	0.22292259335517883	0.7022961378097534	-0.0934848040342331	0.7409420013427734	-1.7300803661346436	0.9353685975074768	-0.22052517533302307	-0.5932115912437439	-1.9134135246276855	-0.17578014731407166	-0.1833941787481308	-0.20291535556316376	-0.31358933448791504	0.6227500438690186	-0.2252996861934662	0.1712951809167862	-0.42993053793907166	-0.28838497400283813	-0.47749486565589905	0.020930171012878418	-0.015624985098838806	0.5298808217048645	1.5631496906280518	0.16041415929794312	0.08027851581573486	-5.515036106109619	1.4299750328063965	-0.858000636100769	-2.506418466567993	-4.5103759765625
0.3904940187931061	-1.2447270154953003	0.09066100418567657	0.07714300602674484	-0.6966020464897156	0.01155999768525362	0.7132049798965454	-0.008659998886287212	-0.24414396286010742	0.04911499843001366	-0.11544697731733322	0.3452569842338562	-0.011939981952309608	-0.1678989976644516	0.31165799498558044	-0.1205189898610115	0.10083801299333572	0.31188100576400757	0.13722600042819977	0.2259020060300827	0.7309249639511108	-0.08292102813720703	0.7430579662322998	-1.8373717069625854	0.958886981010437	-0.22989998757839203	-0.6412479281425476	-2.0023276805877686	-0.2119348794221878	-0.2602148652076721	-0.07103011012077332	-0.37857964634895325	0.5043797492980957	-0.2299748808145523	0.06097555160522461	-0.17027482390403748	-0.10319985449314117	-0.2861499786376953	0.19549503922462463	-0.050974637269973755	0.09977519512176514	1.4456450939178467	0.7631596326828003	0.1574486494064331	-4.803061485290527	0.8907794952392578	-0.5908802151679993	-2.0915701389312744	-4.32589054107666
0.39068228006362915	-1.2447137832641602	0.09086016565561295	0.07609102129936218	-0.6962820887565613	0.01307000033557415	0.7136040329933167	-0.014134993776679039	-0.24731460213661194	0.04766879975795746	-0.12004798650741577	0.3501491844654083	-0.01529239397495985	-0.16670379042625427	0.3139704167842865	-0.12209959328174591	0.10091200470924377	0.3188023865222931	0.13503341376781464	0.22691360116004944	0.7601219415664673	-0.06295841932296753	0.7472399473190308	-1.9222028255462646	0.9709997773170471	-0.24416038393974304	-0.6768743991851807	-2.086449146270752	-0.34702497720718384	-0.199030339717865	0.05931993946433067	-0.34293028712272644	0.4235506057739258	-0.21114540100097656	-0.03255009651184082	-0.08624494075775146	0.022424757480621338	-0.22070538997650146	0.3603048622608185	-0.2106551080942154	-0.0013154000043869019	1.6383006572723389	1.2596354484558105	0.3650099039077759	-4.137173175811768	0.5784198641777039	-0.7850248217582703	-1.4395222663879395	-4.209643363952637
0.39097684621810913	-1.2429697513580322	0.0899045392870903	0.07479081302881241	-0.6953032612800598	0.013665402308106422	0.7146841883659363	-0.022540997713804245	-0.252105176448822	0.051487796008586884	-0.1291641891002655	0.36219900846481323	-0.020385798066854477	-0.16920100152492523	0.3082081973552704	-0.11962199956178665	0.09200979769229889	0.3262932002544403	0.12879979610443115	0.22584939002990723	0.7964569926261902	-0.0325356125831604	0.7576583623886108	-2.0028586387634277	0.9820237755775452	-0.2613009810447693	-0.6988288164138794	-2.170713424682617	-0.3753301799297333	-0.46307966113090515	0.13878512382507324	-0.6604794263839722	0.8155889511108398	-0.3767246603965759	-0.09861551225185394	-0.27766525745391846	0.09408481419086456	-0.48072004318237305	0.382174551486969	-0.3113051950931549	-0.05042031407356262	1.5578911304473877	1.5813348293304443	0.4414677619934082	-4.300093650817871	0.8449092507362366	-0.963019609451294	-1.143038272857666	-3.985428810119629
0.39136743545532227	-1.2420686483383179	0.08866599202156067	0.0719832107424736	-0.6947547197341919	0.015264599584043026	0.7154728174209595	-0.029148200526833534	-0.26583778858184814	0.05322020500898361	-0.1464671641588211	0.3827727437019348	-0.03036138042807579	-0.17064841091632843	0.30286380648612976	-0.11833620071411133	0.0816832035779953	0.33408936858177185	0.12258120626211166	0.22489678859710693	0.822437584400177	0.00029497488867491484	0.7648986577987671	-2.0942065715789795	1.0047961473464966	-0.2826811671257019	-0.7225959300994873	-2.245866298675537	-0.47923970222473145	-1.2893050909042358	-0.22212472558021545	-1.1391897201538086	1.769714117050171	-0.819914698600769	0.18894486129283905	-0.2500392496585846	-0.14987978339195251	-0.3331449031829834	0.11526495218276978	-0.06610006093978882	0.20726025104522705	1.207439661026001	0.9719403386116028	0.19723176956176758	-5.054986476898193	0.7236883044242859	-2.31619930267334	-0.9422987699508667	-2.455413341522217
0.3914954960346222	-1.2469313144683838	0.08848036080598831	0.07060500234365463	-0.6943551301956177	0.015556001104414463	0.7159920334815979	-0.04171058535575867	-0.30367738008499146	0.04260280728340149	-0.1747317761182785	0.4329875707626343	-0.05318238586187363	-0.16164320707321167	0.298206627368927	-0.12561719119548798	0.078684002161026	0.3309037983417511	0.1261557936668396	0.2341398000717163	0.8447545766830444	0.006342001259326935	0.7655476331710815	-2.2050580978393555	1.0109713077545166	-0.3539489507675171	-0.7365207672119141	-2.268929958343506	-0.8820449709892273	-1.670005202293396	-0.5331801176071167	-1.2049708366394043	1.9296563863754272	-0.7324154376983643	0.4244852662086487	0.08457973599433899	-0.29296988248825073	0.14241990447044373	-0.22035911679267883	0.4340199828147888	0.2146303653717041	0.7457360625267029	0.6920506954193115	0.01915842294692993	-4.368084907531738	-0.35542845726013184	-4.3816962242126465	-0.07117688655853271	-0.5765914916992188
0.39151501655578613	-1.2509901523590088	0.0923369750380516	0.06946800649166107	-0.6936550736427307	0.01579900272190571	0.7167760729789734	-0.06442999839782715	-0.3326379954814911	0.03189300000667572	-0.19466599822044373	0.4599590003490448	-0.0596579983830452	-0.15366899967193604	0.3062469959259033	-0.1300549954175949	0.08737999945878983	0.3252750039100647	0.13994200527668	0.2334820032119751	0.8522670269012451	0.027977000921964645	0.7656649947166443	-2.268929958343506	0.9905790090560913	-0.4579490125179291	-0.7254430055618286	-2.268929958343506	-0.8262999057769775	-0.5697503685951233	-0.28250011801719666	-0.41649603843688965	0.079326331615448	0.29286426305770874	0.19848495721817017	0.4268340766429901	-0.0834152102470398	0.3535548150539398	-0.2770446240901947	0.6169997453689575	-0.3203499913215637	-0.2953380346298218	1.9892170429229736	-0.42954981327056885	-1.5967965126037598	-0.9572118520736694	-4.66151237487793	0.909307599067688	0.0
0.3911660313606262	-1.2503464221954346	0.09867077320814133	0.06908600777387619	-0.6927750706672668	0.01706700213253498	0.7176340818405151	-0.07476258277893066	-0.3264673948287964	0.0313028022646904	-0.19139161705970764	0.4361606240272522	-0.0414678156375885	-0.15370380878448486	0.3152799904346466	-0.12895379960536957	0.09282619506120682	0.3198220133781433	0.150835782289505	0.2213257998228073	0.8329410552978516	0.08591068536043167	0.7483656406402588	-2.268929958343506	0.9726828336715698	-0.5404094457626343	-0.7001484632492065	-2.268929958343506	-0.28615519404411316	0.21605491638183594	-0.005550030618906021	0.14472007751464844	-0.8852094411849976	0.662309467792511	-0.019219890236854553	0.35211965441703796	0.0608246773481369	0.26395973563194275	-0.23868978023529053	0.4436347484588623	-0.3954198360443115	-1.004885196685791	2.8134119510650635	-1.0971128940582275	0.0	-0.8288383483886719	-3.768620729446411	1.4218837022781372	0.0
0.3911970257759094	-1.2494571208953857	0.10441499203443527	0.06958641111850739	-0.691026508808136	0.017540203407406807	0.7192581295967102	-0.07587620615959167	-0.32399579882621765	0.03167099878191948	-0.1888771951198578	0.4245506227016449	-0.033165618777275085	-0.15443779528141022	0.32033178210258484	-0.12762200832366943	0.09793838858604431	0.3157274127006531	0.15768739581108093	0.21766521036624908	0.8120716214179993	0.14051347970962524	0.7217804789543152	-2.268929958343506	0.9574254751205444	-0.6086938381195068	-0.6685676574707031	-2.268929958343506	-0.03616549074649811	0.08783936500549316	0.007994938641786575	0.15665516257286072	-0.5965098738670349	0.4825250208377838	-0.03479495644569397	0.34990981221199036	0.07262974977493286	0.37078988552093506	-0.2232000231742859	0.403740257024765	-0.18506459891796112	-0.4105076193809509	3.0810956954956055	-1.5252158641815186	0.0	-0.996670126914978	-3.5394816398620605	2.100065231323242	0.0
0.391410231590271	-1.2486439943313599	0.10949834436178207	0.07126302272081375	-0.6902384757995605	0.017130207270383835	0.7198601365089417	-0.07620920240879059	-0.32295382022857666	0.03162259981036186	-0.1851254105567932	0.4123002290725708	-0.022166814655065536	-0.15509560704231262	0.3292763829231262	-0.12604860961437225	0.107657790184021	0.3108940124511719	0.1669853925704956	0.21392321586608887	0.8165207505226135	0.20915451645851135	0.6873570084571838	-2.268929958343506	0.9328160285949707	-0.6819887161254883	-0.6161458492279053	-2.268929958343506	-0.044694915413856506	0.050064921379089355	0.05342997610569	0.128299742937088	-0.5676902532577515	0.5668102502822876	-0.05216039717197418	0.40929093956947327	0.1285102218389511	0.4292301833629608	-0.128839910030365	0.44535547494888306	-0.1930002123117447	0.2519741654396057	3.345832347869873	-1.2280867099761963	0.0	-1.3099730014801025	-3.340437889099121	2.534055709838867	0.0
0.39173904061317444	-1.247428059577942	0.11439479142427444	0.07177001982927322	-0.6890354156494141	0.017003808170557022	0.7209646105766296	-0.07766400277614594	-0.3219932019710541	0.03380819782614708	-0.18374520540237427	0.40184301137924194	-0.010493207722902298	-0.15652421116828918	0.33670341968536377	-0.12248159945011139	0.11510759592056274	0.3105738162994385	0.17550161480903625	0.2099452018737793	0.8221505880355835	0.2743467688560486	0.6726570129394531	-2.268929958343506	0.9050265550613403	-0.7423113584518433	-0.5672054290771484	-2.268929958343506	-0.07224492728710175	0.04029572010040283	0.14705973863601685	0.03881044685840607	-0.4237048327922821	0.5435696244239807	-0.10303445160388947	0.3186143934726715	0.19618980586528778	0.3189798593521118	0.039999932050704956	0.3683399558067322	-0.19733011722564697	0.4634052515029907	2.9792330265045166	-0.8634239435195923	0.0	-1.2820988893508911	-2.781277894973755	2.2505178451538086	0.0
0.3921710252761841	-1.2458189725875854	0.11723597347736359	0.07212100923061371	-0.6882800459861755	0.016656003892421722	0.7216589450836182	-0.07909899950027466	-0.32134199142456055	0.03750498965382576	-0.18357299268245697	0.3953520357608795	-0.000424029043642804	-0.1592169851064682	0.3420209586620331	-0.11820101737976074	0.12041698396205902	0.3124940097332001	0.18171899020671844	0.206030011177063	0.8350569605827332	0.3283238410949707	0.6528200507164001	-2.268929958343506	0.8815320730209351	-0.7932398319244385	-0.5261251330375671	-2.268929958343506	0.015150010585784912	0.09178966283798218	0.1627347469329834	0.008985400199890137	-0.243300199508667	0.433194637298584	-0.15423446893692017	0.20379424095153809	0.1690998673439026	0.18477514386177063	0.1923084259033203	0.2229444682598114	-0.17411485314369202	0.6881102919578552	2.5056421756744385	-0.8068710565567017	0.0	-0.9845629334449768	-2.603369951248169	1.9426524639129639	0.0
0.39242708683013916	-1.2448936700820923	0.11823657155036926	0.07226800918579102	-0.6877910494804382	0.016359001398086548	0.7221171259880066	-0.07705800235271454	-0.3183216154575348	0.0403175875544548	-0.18338578939437866	0.39211100339889526	0.006834576837718487	-0.162693589925766	0.3448551893234253	-0.11571760475635529	0.12249860167503357	0.3182661533355713	0.1844193935394287	0.20298060774803162	0.8496749997138977	0.3745724558830261	0.6403821706771851	-2.268929958343506	0.8656440377235413	-0.84644615650177	-0.4894993305206299	-2.268929958343506	-0.08687451481819153	0.21566972136497498	0.2393549382686615	-0.06380006670951843	-0.2318151295185089	0.43099546432495117	-0.29284024238586426	0.1674853265285492	0.200745090842247	-0.019184313714504242	0.5367487668991089	-0.08817948400974274	-0.2556748688220978	1.017390251159668	2.2027180194854736	0.20438134670257568	0.0	-1.421499252319336	-3.113967180252075	2.5238051414489746	0.0
0.3928433060646057	-1.2423114776611328	0.11890596151351929	0.07054223120212555	-0.6864566206932068	0.017092004418373108	0.7235394716262817	-0.08257398009300232	-0.31271520256996155	0.047079186886548996	-0.1861249953508377	0.38607943058013916	0.01681578904390335	-0.17093059420585632	0.34872037172317505	-0.11017121374607086	0.11964961141347885	0.33396396040916443	0.17819181084632874	0.19580301642417908	0.8757525682449341	0.41643255949020386	0.6609953045845032	-2.268929958343506	0.8246721029281616	-0.9177985191345215	-0.42517292499542236	-2.268929958343506	-0.0556502491235733	0.24243071675300598	0.2564152777194977	-0.20609013736248016	-0.16840994358062744	0.2566206157207489	-0.28332993388175964	-0.02346038818359375	0.16823020577430725	-0.32840967178344727	0.6728112697601318	-0.3333497643470764	-0.22932514548301697	0.8566901087760925	1.6440175771713257	0.5538806319236755	0.0	-1.3408854007720947	-2.5149598121643066	2.311002492904663	0.0
0.3930060565471649	-1.240237832069397	0.11666978895664215	0.06754624098539352	-0.686112642288208	0.01978200487792492	0.7240827679634094	-0.07928401231765747	-0.30862438678741455	0.05057419836521149	-0.19162939488887787	0.38537460565567017	0.017099400982260704	-0.17402678728103638	0.34391677379608154	-0.10898839682340622	0.10936221480369568	0.34517860412597656	0.1710854023694992	0.19380760192871094	0.8839426040649414	0.44033315777778625	0.6625373959541321	-2.268929958343506	0.8120086193084717	-0.9470445513725281	-0.39705923199653625	-2.268929958343506	0.2604544162750244	0.2390049397945404	0.15829531848430634	-0.28915518522262573	0.03183931112289429	-0.045599646866321564	-0.14712512493133545	-0.3325045108795166	0.019305385649204254	-0.661099910736084	0.5934261083602905	-0.4399750232696533	-0.06501041352748871	0.2626270055770874	1.5057146549224854	-0.29000788927078247	0.0	-0.4867076873779297	-1.3163954019546509	1.2438982725143433	0.0
0.3932644724845886	-1.2383217811584473	0.11461237818002701	0.0642390251159668	-0.6849867105484009	0.022800808772444725	0.7253598570823669	-0.07215580344200134	-0.30315500497817993	0.05341099947690964	-0.1976912021636963	0.38735300302505493	0.014991803094744682	-0.17681559920310974	0.3354201912879944	-0.10939899832010269	0.09320561587810516	0.35770100355148315	0.16059280931949615	0.19320259988307953	0.8862576484680176	0.47666114568710327	0.6493949890136719	-2.268929958343506	0.8052037954330444	-0.9704543352127075	-0.37541699409484863	-2.268929958343506	0.10562539100646973	0.1467593014240265	0.09589502215385437	-0.29296502470970154	0.2252347767353058	-0.12363502383232117	-0.11963024735450745	-0.4819445312023163	-0.0475151464343071	-0.812705397605896	0.42753517627716064	-0.5913600325584412	-0.05686506628990173	0.26406049728393555	1.8198959827423096	-0.48918426036834717	0.0	-0.3821149468421936	-0.9301364421844482	0.8559554815292358	0.0
0.3934730589389801	-1.2379180192947388	0.11504596471786499	0.06195000559091568	-0.6831040382385254	0.024358002468943596	0.7272810339927673	-0.07505899667739868	-0.3027540147304535	0.054409999400377274	-0.20334799587726593	0.3943839967250824	0.012153999879956245	-0.17881199717521667	0.3246389925479889	-0.1108890026807785	0.07685399800539017	0.362280011177063	0.14743100106716156	0.19153299927711487	0.8945050239562988	0.5131289958953857	0.6429700255393982	-2.268929958343506	0.7967240214347839	-0.984250009059906	-0.3628210127353668	-2.268929958343506	-0.19887462258338928	-0.010395050048828125	0.0655950978398323	-0.18594004213809967	0.20786970853805542	-0.0737900361418724	-0.06032511591911316	-0.34609436988830566	0.002980045974254608	-0.5062902569770813	0.1438349485397339	-0.38002991676330566	-0.0995047390460968	0.3962293267250061	1.2543857097625732	-0.21683573722839355	0.0	-0.03103017807006836	-0.6196901202201843	0.305899977684021	0.0
0.3934788703918457	-1.2376480102539062	0.11538776010274887	0.06077800318598747	-0.6827050447463989	0.024630004540085793	0.7277461290359497	-0.08011078834533691	-0.30357080698013306	0.05603480339050293	-0.20512880384922028	0.39566779136657715	0.01204020157456398	-0.17922860383987427	0.32157641649246216	-0.10927979648113251	0.07295400649309158	0.3634544014930725	0.14539161324501038	0.18922241032123566	0.9021068215370178	0.5268365740776062	0.6407215595245361	-2.268929958343506	0.8039625883102417	-0.9952419400215149	-0.3631809949874878	-2.268929958343506	-0.11285021901130676	0.055320560932159424	0.025445036590099335	0.009859725832939148	0.11210516095161438	-0.0411800816655159	-0.01117512583732605	-0.17296522855758667	0.001300126314163208	-0.18693506717681885	0.10861009359359741	-0.11591017246246338	-0.1102551817893982	0.38292407989501953	0.9533464908599854	-0.24437010288238525	0.0	0.32089948654174805	-0.6472304463386536	0.02155974507331848	0.0
0.39360010623931885	-1.237497091293335	0.11492598056793213	0.06036300212144852	-0.6820931434631348	0.025202004238963127	0.7283340692520142	-0.07957300543785095	-0.3005411922931671	0.05542780086398125	-0.20295360684394836	0.398868203163147	0.010506796650588512	-0.17925900220870972	0.3177203834056854	-0.11083699762821198	0.06937659531831741	0.3666244149208069	0.14279459416866302	0.18712279200553894	0.9098219871520996	0.5512628555297852	0.6331952214241028	-2.268929958343506	0.8095600008964539	-1.0101392269134521	-0.3619586229324341	-2.268929958343506	0.07095467299222946	0.17917007207870483	-0.008315127342939377	0.1529097557067871	0.15907511115074158	-0.09746996313333511	0.006815046072006226	-0.18266066908836365	-0.06446503102779388	-0.15496499836444855	0.15849918127059937	-0.1301102340221405	-0.08502565324306488	0.38952529430389404	1.2231647968292236	-0.3575146198272705	0.0	0.31744539737701416	-0.6844893097877502	0.011439621448516846	0.0
0.3936406373977661	-1.237596869468689	0.11493496596813202	0.060436002910137177	-0.6807690262794495	0.02516600303351879	0.7295670509338379	-0.07727260142564774	-0.29640400409698486	0.055702198296785355	-0.1990124136209488	0.4020307958126068	0.008141403086483479	-0.17895600199699402	0.3142699897289276	-0.11185839772224426	0.06675540655851364	0.3697943687438965	0.14018720388412476	0.18582138419151306	0.9176878333091736	0.5757631659507751	0.6264209747314453	-2.268929958343506	0.8166604042053223	-1.022621512413025	-0.3627234101295471	-2.268929958343506	0.11417996138334274	0.20047947764396667	-0.015234667807817459	0.17561018466949463	0.1108705997467041	-0.10910487920045853	0.020419806241989136	-0.14190971851348877	-0.07429458200931549	-0.1259697675704956	0.152665376663208	-0.10906495153903961	-0.03466978669166565	0.3533393144607544	1.1990561485290527	-0.37641972303390503	0.0	0.37791430950164795	-0.5505025386810303	-0.08777901530265808	0.0
0.3935362696647644	-1.2379270792007446	0.11488136649131775	0.06032761186361313	-0.6798483729362488	0.025478599593043327	0.7304225564002991	-0.07500580698251724	-0.29252201318740845	0.05481841415166855	-0.19592919945716858	0.40330302715301514	0.006142601370811462	-0.17844220995903015	0.3120439946651459	-0.1138087809085846	0.06433780491352081	0.3727310299873352	0.13843199610710144	0.18573600053787231	0.9239555597305298	0.5992251038551331	0.6181384325027466	-2.268929958343506	0.8246765732765198	-1.0321593284606934	-0.3654697835445404	-2.268929958343506	0.30886325240135193	0.27034953236579895	-0.1270044595003128	0.19238442182540894	-0.047369301319122314	0.00848954077810049	0.10182484984397888	-0.06972476840019226	-0.18628928065299988	-0.0736599788069725	0.1323908567428589	-0.013780221343040466	0.09538978338241577	-0.001169741153717041	1.7444894313812256	-0.8303463459014893	0.0	1.2333319187164307	-0.31041204929351807	-1.0034329891204834	0.0
0.39335206151008606	-1.23956298828125	0.11545097082853317	0.060169000178575516	-0.6788049340248108	0.026365000754594803	0.7313740253448486	-0.06491807103157043	-0.2855900228023529	0.05062201991677284	-0.19131703674793243	0.4001360237598419	0.008480984717607498	-0.17488300800323486	0.3114809989929199	-0.11930996924638748	0.06380900740623474	0.37509000301361084	0.13963599503040314	0.1896369755268097	0.9176410436630249	0.6455427408218384	0.5932071208953857	-2.268929958343506	0.8659936785697937	-1.0350379943847656	-0.40286073088645935	-2.268929958343506	0.3668801784515381	0.035475194454193115	-0.06341524422168732	-0.06874501705169678	0.14904886484146118	0.045144930481910706	0.08079037070274353	-0.21588504314422607	-0.0949706882238388	-0.21524019539356232	-0.03408566117286682	0.065544992685318	0.11292025446891785	-0.0893130898475647	1.8293724060058594	-0.7765322923660278	0.0	1.4715864658355713	-0.13179779052734375	-1.2606754302978516	0.0
0.3933170437812805	-1.2396777868270874	0.11543159186840057	0.05939581245183945	-0.6782432198524475	0.025604404509067535	0.7319855690002441	-0.060330599546432495	-0.2911030054092407	0.052281804382801056	-0.19867900013923645	0.4092649817466736	0.00794839859008789	-0.1752105951309204	0.30340859293937683	-0.11760760843753815	0.05572819709777832	0.37136760354042053	0.14105379581451416	0.19025281071662903	0.9203830361366272	0.6723999977111816	0.5870771408081055	-2.268929958343506	0.8835400342941284	-1.037431240081787	-0.41589680314064026	-2.268929958343506	0.16215136647224426	-0.060089677572250366	0.05499944090843201	-0.2317238599061966	0.44564828276634216	-0.16986392438411713	-0.044799596071243286	-0.45873895287513733	-0.0053357332944869995	-0.4655991792678833	0.024239718914031982	-0.06782971322536469	-0.0174693763256073	0.18260926008224487	1.6106724739074707	-0.4493013024330139	0.0	0.9348258376121521	-0.3244727849960327	-0.6278001070022583	0.0
0.39348167181015015	-1.2400734424591064	0.11528035998344421	0.05773623287677765	-0.6762206554412842	0.026354612782597542	0.7339603900909424	-0.058432016521692276	-0.2879936099052429	0.05282199755311012	-0.2005859911441803	0.4179619550704956	0.001686427858658135	-0.1766749918460846	0.29313144087791443	-0.11952339857816696	0.045185040682554245	0.3760595917701721	0.13692280650138855	0.1889382004737854	0.9249454140663147	0.7099696397781372	0.5752350687980652	-2.268929958343506	0.9033867120742798	-1.048016905784607	-0.4279727339744568	-2.268929958343506	0.07008491456508636	0.23864880204200745	0.024464726448059082	-0.04931017756462097	0.44452399015426636	-0.301984041929245	-0.06807968020439148	-0.5281590223312378	-0.11511929333209991	-0.5090486407279968	0.30164793133735657	-0.22877417504787445	-0.04595033824443817	0.20851343870162964	1.6936957836151123	-0.5751416087150574	0.0	0.9515970945358276	-0.5571424961090088	-0.5853242874145508	0.0
0.39372962713241577	-1.2405155897140503	0.11492538452148438	0.05664341151714325	-0.6736951470375061	0.026850398629903793	0.736346423625946	-0.05752720311284065	-0.2815570533275604	0.05326039344072342	-0.2006514072418213	0.42704594135284424	-0.004130963701754808	-0.17793378233909607	0.2822822332382202	-0.12221238017082214	0.035366252064704895	0.3834335207939148	0.13190282881259918	0.1884147971868515	0.9287235736846924	0.7401478290557861	0.5640714764595032	-2.268929958343506	0.9216039180755615	-1.0597169399261475	-0.4393097758293152	-2.268929958343506	0.07903045415878296	0.40485039353370667	0.0317099504172802	0.05817972123622894	0.5409106612205505	-0.38425564765930176	-0.0024802982807159424	-0.6781958341598511	-0.16191509366035461	-0.6141659617424011	0.43035000562667847	-0.3905150890350342	-0.014495104551315308	0.12665539979934692	1.5623241662979126	-0.6793871521949768	0.0	1.143507719039917	-0.5163609981536865	-0.7732563018798828	0.0
0.3940960764884949	-1.2412863969802856	0.11395558714866638	0.0555180199444294	-0.6702869534492493	0.027107810601592064	0.7395257353782654	-0.05527079850435257	-0.27179959416389465	0.05409039556980133	-0.19825880229473114	0.4395983815193176	-0.013683798722922802	-0.17677420377731323	0.2660036087036133	-0.12600000202655792	0.02061840333044529	0.39327359199523926	0.12130220234394073	0.1883583962917328	0.9300116300582886	0.7724626064300537	0.5480595827102661	-2.268929958343506	0.9491270184516907	-1.0686713457107544	-0.4589029848575592	-2.268929958343506	-0.0528944656252861	0.5077257752418518	0.007465202361345291	0.10031014680862427	0.5901254415512085	-0.3527003824710846	0.11571906507015228	-0.7321551442146301	-0.1865152269601822	-0.626430332660675	0.5320854187011719	-0.43129491806030273	0.004829838871955872	0.03851056098937988	1.2432024478912354	-1.0342345237731934	0.0	0.829276442527771	-0.5250513553619385	-0.5517557263374329	0.0
0.3943900465965271	-1.2418789863586426	0.11259797215461731	0.0549900121986866	-0.6672400832176208	0.027400003746151924	0.7423050403594971	-0.0596429817378521	-0.26124802231788635	0.05355900153517723	-0.19663900136947632	0.4506509602069855	-0.0182389784604311	-0.17330501973628998	0.252996027469635	-0.12967298924922943	0.010309038683772087	0.40471693873405457	0.11465103179216385	0.18860799074172974	0.9302639961242676	0.7898759245872498	0.5227020978927612	-2.268929958343506	0.9547749757766724	-1.080718994140625	-0.4613800048828125	-2.268929958343506	-0.2989893853664398	0.6255291700363159	-0.07432959973812103	0.161849707365036	0.721248984336853	-0.42447903752326965	0.20199939608573914	-0.8155189752578735	-0.27690941095352173	-0.6620936989784241	0.6476894021034241	-0.4895240068435669	0.07294490933418274	-0.25388002395629883	0.7470801472663879	-1.7974011898040771	0.0	0.19805431365966797	-0.6528645753860474	-0.0688306987285614	0.0
0.39486128091812134	-1.243072509765625	0.11038219183683395	0.05452585965394974	-0.6630895137786865	0.02809002250432968	0.7460227608680725	-0.06723037362098694	-0.2467784285545349	0.05111721158027649	-0.1917848140001297	0.46844834089279175	-0.030662961304187775	-0.16869422793388367	0.23338285088539124	-0.13707637786865234	-0.0058653452433645725	0.4191811680793762	0.10172124207019806	0.1912761926651001	0.9198564291000366	0.8023458123207092	0.4761635363101959	-2.268929958343506	0.9570491909980774	-1.0947859287261963	-0.46165621280670166	-2.268929958343506	-0.3862001895904541	0.7626146078109741	-0.14471495151519775	0.29680952429771423	0.9694046974182129	-0.7684095501899719	0.2549000084400177	-1.0838896036148071	-0.39806997776031494	-0.8899150490760803	0.7324658632278442	-0.7444450855255127	0.16536004841327667	-0.8928492665290833	0.43267160654067993	-2.6413650512695312	0.0	0.016714632511138916	-0.6620407104492188	0.022685527801513672	0.0
0.395408034324646	-1.24472975730896	0.10798197984695435	0.05401163548231125	-0.6584393382072449	0.028819818049669266	0.7501400709152222	-0.07509098947048187	-0.2307434380054474	0.04777040332555771	-0.18476662039756775	0.4894271492958069	-0.04897535964846611	-0.16310901939868927	0.20964044332504272	-0.14559578895568848	-0.02528756484389305	0.43401557207107544	0.08487322926521301	0.1952223926782608	0.8945500254631042	0.807182788848877	0.41704750061035156	-2.268929958343506	0.9554435610771179	-1.1072006225585938	-0.46047258377075195	-2.268929958343506	-0.3926204442977905	0.8460551500320435	-0.15083029866218567	0.4408199191093445	1.0827958583831787	-1.1454150676727295	0.12105070054531097	-1.2219257354736328	-0.42418503761291504	-1.0038906335830688	0.7711797952651978	-0.9013254046440125	0.21123476326465607	-1.4774396419525146	0.0798448920249939	-3.0346670150756836	0.01912713050842285	-0.10596513748168945	-0.5772233009338379	0.059025734663009644	0.0
0.39619624614715576	-1.2464725971221924	0.10565419495105743	0.05299563705921173	-0.6535457968711853	0.029946420341730118	0.7544354200363159	-0.08293519169092178	-0.21293622255325317	0.04508399963378906	-0.17415201663970947	0.5117601752281189	-0.07647956162691116	-0.16385219991207123	0.18450582027435303	-0.1540437787771225	-0.04602097347378731	0.45002835988998413	0.06566822528839111	0.19972558319568634	0.8607588410377502	0.805539608001709	0.35477685928344727	-2.268164873123169	0.9528105854988098	-1.1178748607635498	-0.4592951834201813	-2.268929958343506	-0.28034037351608276	0.9075440168380737	-0.08781002461910248	0.5859643220901489	0.9696707129478455	-1.352213740348816	-0.0805143266916275	-1.1366493701934814	-0.37434473633766174	-0.95783931016922	0.8308440446853638	-0.9574340581893921	0.2168651670217514	-1.9440457820892334	0.017654895782470703	-3.158186435699463	0.4114687442779541	-0.18261224031448364	-0.5745649337768555	0.06540417671203613	0.0
0.3972350060939789	-1.2473220825195312	0.10465100407600403	0.05247804895043373	-0.6485998034477234	0.030810829252004623	0.7586929202079773	-0.08630460500717163	-0.19444167613983154	0.044258002191782	-0.1613280475139618	0.5282139778137207	-0.1030639111995697	-0.16632959246635437	0.16417446732521057	-0.16056957840919495	-0.06360113620758057	0.46724933385849	0.046575866639614105	0.20389699935913086	0.8167881965637207	0.8078889846801758	0.29072004556655884	-2.2524712085723877	0.9481390714645386	-1.130183219909668	-0.4578564167022705	-2.268929958343506	-0.14779511094093323	0.7803056240081787	-0.09209997951984406	0.529975414276123	0.6301462650299072	-1.1307358741760254	-0.08174516260623932	-0.77217036485672	-0.3605056405067444	-0.813300609588623	0.8139408826828003	-0.9084805846214294	0.22193528711795807	-2.59277081489563	-0.11684000492095947	-3.3802216053009033	0.8525967597961426	-0.3245890140533447	-0.6338775157928467	0.08770450949668884	0.0
0.39805302023887634	-1.2481549978256226	0.10485699772834778	0.052034005522727966	-0.6449610590934753	0.03226800262928009	0.7617590427398682	-0.08884699642658234	-0.18172399699687958	0.0414000004529953	-0.15295299887657166	0.5369660258293152	-0.12170899659395218	-0.1671220064163208	0.15361900627613068	-0.16846400499343872	-0.07855299860239029	0.48258599638938904	0.029329000040888786	0.20860299468040466	0.7570480108261108	0.8008660078048706	0.21956799924373627	-2.2340610027313232	0.939827024936676	-1.1432299613952637	-0.4557870030403137	-2.268929958343506	0.15649013221263885	0.39199739694595337	-0.21445956826210022	0.2609163522720337	0.371001660823822	-0.7462121248245239	0.049994513392448425	-0.3009471893310547	-0.42979493737220764	-0.5832622051239014	0.6282709836959839	-0.6473063230514526	0.3916643559932709	-4.222658157348633	0.08466094732284546	-4.544229984283447	1.460421085357666	-0.468561053276062	-0.5976617336273193	0.061930716037750244	0.042760372161865234
0.39916086196899414	-1.2489252090454102	0.10825599730014801	0.052420228719711304	-0.6416294574737549	0.03411780297756195	0.7644604444503784	-0.08004499971866608	-0.1787617802619934	0.03567961975932121	-0.15089139342308044	0.5430540442466736	-0.13291239738464355	-0.16432981193065643	0.15213657915592194	-0.17776137590408325	-0.08693162351846695	0.49238017201423645	0.020683614537119865	0.2195635735988617	0.6478818655014038	0.8112754225730896	0.10895085334777832	-2.194054365158081	0.9293966293334961	-1.1540896892547607	-0.4553791880607605	-2.2672195434570312	0.36671385169029236	0.029750540852546692	-0.298339307308197	-0.01330450177192688	0.08129030466079712	-0.23714584112167358	0.17547458410263062	0.35585200786590576	-0.3741443157196045	0.12601780891418457	0.5800880193710327	-0.35451439023017883	0.29501020908355713	-5.253702163696289	0.34333914518356323	-5.194368362426758	1.8670856952667236	-0.5509734153747559	-0.6247431039810181	0.0934794545173645	0.395888090133667
0.399572491645813	-1.2507177591323853	0.11287818849086761	0.05175941437482834	-0.6395981907844543	0.03600100427865982	0.7661199569702148	-0.07417844235897064	-0.1805339753627777	0.029466427862644196	-0.15348517894744873	0.5402176380157471	-0.1311948299407959	-0.16010302305221558	0.16785308718681335	-0.1834297776222229	-0.07351228594779968	0.5057895183563232	0.015148424543440342	0.22040340304374695	0.5468999147415161	0.8145995736122131	0.01179327443242073	-2.1593775749206543	0.9177880883216858	-1.1682196855545044	-0.45204782485961914	-2.253094434738159	0.32702869176864624	-0.3617960810661316	-0.34099891781806946	-0.29988735914230347	-0.04222691059112549	0.11368468403816223	0.2703137695789337	1.1234034299850464	-0.2758495509624481	0.9116199612617493	0.7201217412948608	-0.19042524695396423	0.014650821685791016	-5.0112528800964355	0.019945204257965088	-4.624690532684326	1.782214641571045	-0.872454047203064	-0.8247286081314087	0.4177607595920563	0.7644355297088623
0.4001588523387909	-1.2521326541900635	0.11870048940181732	0.0517830029129982	-0.6385641098022461	0.03766299784183502	0.7669010758399963	-0.06696385145187378	-0.19323362410068512	0.022039663046598434	-0.16288688778877258	0.5413649678230286	-0.12836501002311707	-0.15351726114749908	0.19707271456718445	-0.18879535794258118	-0.05046682432293892	0.521185040473938	0.013066604733467102	0.22014960646629333	0.447431743144989	0.8120732307434082	-0.07603676617145538	-2.1227657794952393	0.8944984674453735	-1.187078833580017	-0.43866875767707825	-2.2366421222686768	0.33094024658203125	-1.1562578678131104	-0.42858994007110596	-0.8054531812667847	0.412161648273468	0.11503100395202637	0.3811150789260864	1.8113389015197754	-0.2367354929447174	1.4307286739349365	0.841405987739563	-0.023320667445659637	0.03718473017215729	-4.941809177398682	-0.46383440494537354	-4.155909538269043	1.796114444732666	-1.4591038227081299	-0.885125994682312	0.8991032838821411	0.9071886539459229
0.40070104598999023	-1.2541828155517578	0.12552876770496368	0.05118400603532791	-0.6387289762496948	0.03951999917626381	0.766710102558136	-0.060940831899642944	-0.22678428888320923	0.01232283003628254	-0.185703307390213	0.5567041039466858	-0.12659358978271484	-0.14485841989517212	0.24030664563179016	-0.1928991973400116	-0.01628313772380352	0.5394457578659058	0.01421559788286686	0.22189079225063324	0.34922754764556885	0.7960461974143982	-0.15444311499595642	-2.0875329971313477	0.8594239354133606	-1.2036247253417969	-0.4160836935043335	-2.2168068885803223	0.38762128353118896	-1.9211094379425049	-0.468341588973999	-1.3595030307769775	1.0459258556365967	-0.014424696564674377	0.35553163290023804	2.224057197570801	-0.1014411449432373	1.7900205850601196	0.9299740195274353	0.12255986034870148	0.16730986535549164	-5.1221184730529785	-0.36233067512512207	-4.073205947875977	1.8314182758331299	-2.1346614360809326	-0.8385539054870605	1.5062190294265747	1.009202003479004
0.40217506885528564	-1.2553579807281494	0.13321898877620697	0.05052500218153	-0.6384630799293518	0.04098500311374664	0.7668980360031128	-0.05145899951457977	-0.27007800340652466	0.003306000027805567	-0.2172670066356659	0.5832020044326782	-0.12894199788570404	-0.13929599523544312	0.2860350012779236	-0.19285300374031067	0.02113400027155876	0.5583840012550354	0.017968999221920967	0.226842001080513	0.24254700541496277	0.7975800037384033	-0.2389650046825409	-2.049509048461914	0.809112012386322	-1.2206209897994995	-0.37841999530792236	-2.1962740421295166	0.41774529218673706	-2.230358839035034	-0.46698981523513794	-1.6200847625732422	1.3251692056655884	-0.05189552903175354	0.2902597188949585	2.391920328140259	0.03143474459648132	1.8694603443145752	1.007925033569336	0.1134098470211029	0.15847496688365936	-5.014662265777588	-0.11577457189559937	-3.91220760345459	1.8385589122772217	-2.513690233230591	-0.8359253406524658	1.936464786529541	1.0039687156677246
0.40343981981277466	-1.256301760673523	0.14069612324237823	0.04918123781681061	-0.6388441324234009	0.04263681918382645	0.7665776610374451	-0.04423101991415024	-0.3159986436367035	-0.006356763653457165	-0.2505066990852356	0.6097108721733093	-0.12866941094398499	-0.13324803113937378	0.3359834551811218	-0.19164180755615234	0.058495279401540756	0.5797627568244934	0.018751991912722588	0.22822979092597961	0.14864104986190796	0.7914152145385742	-0.31093141436576843	-2.013990640640259	0.7588763236999512	-1.2370617389678955	-0.33862510323524475	-2.1766481399536133	0.3942338824272156	-2.4371840953826904	-0.5761933922767639	-1.7595254182815552	1.4475212097167969	0.03631971776485443	0.3393489718437195	2.7875430583953857	0.09180977940559387	2.1272990703582764	1.2553260326385498	0.03860001266002655	0.03325529396533966	-4.829381942749023	-0.5068495869636536	-3.6598644256591797	1.8925577402114868	-2.7863473892211914	-0.669330358505249	2.223283052444458	1.067650318145752
0.40503525733947754	-1.257887363433838	0.149089515209198	0.04802200198173523	-0.6393260955810547	0.043918006122112274	0.7661771774291992	-0.035689644515514374	-0.3675653636455536	-0.019741736352443695	-0.2876480221748352	0.6411028504371643	-0.12748920917510986	-0.1257220357656479	0.3975367248058319	-0.18918061256408691	0.10622595995664597	0.6085970401763916	0.019512999802827835	0.2281722128391266	0.049371711909770966	0.7773060202598572	-0.38535958528518677	-1.9738067388534546	0.697658121585846	-1.2473942041397095	-0.28948867321014404	-2.1535680294036865	0.4625401496887207	-2.4169676303863525	-0.6165155172348022	-1.6716420650482178	1.4520063400268555	0.06444528698921204	0.332825630903244	2.8926572799682617	0.20492486655712128	2.315016746520996	1.3474464416503906	0.02283514477312565	-0.03950968384742737	-5.090632915496826	-0.5002260208129883	-3.9287171363830566	2.0737409591674805	-3.265711784362793	-0.46855807304382324	2.6599507331848145	1.161181926727295
0.4069458842277527	-1.259026050567627	0.1576959192752838	0.04598061740398407	-0.6392224431037903	0.045761410146951675	0.766281008720398	-0.025729414075613022	-0.4126773476600647	-0.03101738542318344	-0.3173723816871643	0.6677911281585693	-0.1260915994644165	-0.11993500590324402	0.451689749956131	-0.1834448128938675	0.15109595656394958	0.633660614490509	0.019665397703647614	0.22664940357208252	-0.05498426407575607	0.7714061737060547	-0.4680801033973694	-1.9310410022735596	0.628247857093811	-1.2558040618896484	-0.23222707211971283	-2.1302008628845215	0.5437598824501038	-2.204087257385254	-0.5630804300308228	-1.4213218688964844	1.2911512851715088	0.12710988521575928	0.2715855836868286	2.7603366374969482	0.3246493637561798	2.249926805496216	1.3188765048980713	0.055064864456653595	-0.09649544954299927	-5.366521835327148	-0.3746435046195984	-4.316422462463379	2.2751359939575195	-3.635150194168091	-0.36012232303619385	3.0480551719665527	1.212853193283081
0.4091182351112366	-1.2600778341293335	0.16663730144500732	0.044388409703969955	-0.6389235258102417	0.046898405998945236	0.7665551900863647	-0.013939250260591507	-0.4557288587093353	-0.04226495325565338	-0.34450089931488037	0.6927489042282104	-0.12240481376647949	-0.11485861241817474	0.5079501867294312	-0.17619463801383972	0.19622303545475006	0.6613520979881287	0.021715594455599785	0.22431239485740662	-0.16528916358947754	0.7623202800750732	-0.5580164790153503	-1.8828012943267822	0.5522521138191223	-1.2617990970611572	-0.1675664633512497	-2.1050539016723633	0.6553330421447754	-2.0757100582122803	-0.5630885362625122	-1.3033621311187744	1.209993600845337	0.23456402122974396	0.18729977309703827	2.7917466163635254	0.4010189175605774	2.230069160461426	1.4181554317474365	0.12563955783843994	-0.10993517935276031	-5.56772518157959	-0.7145747542381287	-4.499432563781738	2.599567174911499	-3.9585583209991455	-0.236472487449646	3.3915154933929443	1.319742202758789
0.41167300939559937	-1.2610269784927368	0.17614592611789703	0.04289400577545166	-0.6380800008773804	0.047777995467185974	0.7672879695892334	0.0004839070315938443	-0.4957057535648346	-0.053540926426649094	-0.3695068657398224	0.7161908745765686	-0.11670903861522675	-0.11244301497936249	0.5633596181869507	-0.16740405559539795	0.24029871821403503	0.6903868317604065	0.024690980091691017	0.2222519963979721	-0.2776932716369629	0.7428231835365295	-0.6480574011802673	-1.8270583152770996	0.4699055254459381	-1.2652629613876343	-0.09656646102666855	-2.07741117477417	0.7597751617431641	-1.9786961078643799	-0.5890102982521057	-1.2044906616210938	1.1852651834487915	0.30638501048088074	0.08679535239934921	2.714937925338745	0.4593353867530823	2.129591703414917	1.4105603694915771	0.2267446368932724	-0.0845097005367279	-5.581714153289795	-1.224219799041748	-4.420228481292725	2.9554247856140137	-4.2880167961120605	-0.1300513744354248	3.688136577606201	1.452559232711792
0.4145992398262024	-1.2621146440505981	0.18616575002670288	0.04146941751241684	-0.6369068622589111	0.04852661117911339	0.7682937979698181	0.01645175740122795	-0.5348767042160034	-0.06582536548376083	-0.3926805257797241	0.7401595115661621	-0.11014941334724426	-0.11138679832220078	0.616547703742981	-0.15782122313976288	0.2814067006111145	0.717774510383606	0.03078537993133068	0.2209320068359375	-0.3885577321052551	0.7133514881134033	-0.734825611114502	-1.7645843029022217	0.3807314336299896	-1.2670011520385742	-0.020041003823280334	-2.0469515323638916	1.4466334581375122	-2.075559616088867	-0.3120855391025543	-1.2340009212493896	1.7389640808105469	0.29113367199897766	-0.15420374274253845	2.250659465789795	0.7440146207809448	1.7813317775726318	1.7071813344955444	0.23834457993507385	-0.2770680785179138	-7.500666618347168	-1.1761293411254883	-5.162532806396484	3.587606430053711	-5.543015480041504	-0.048920512199401855	5.107039928436279	1.9409120082855225
0.4198944568634033	-1.2603840827941895	0.200998455286026	0.04076613485813141	-0.6296195387840271	0.04583468288183212	0.774478554725647	0.05834924802184105	-0.5787281394004822	-0.06602434813976288	-0.418866902589798	0.7857494354248047	-0.10506369173526764	-0.1186111643910408	0.6533859968185425	-0.1376434713602066	0.3115519881248474	0.7586740851402283	0.03422476351261139	0.2111692726612091	-0.5777199268341064	0.6957780122756958	-0.8545587062835693	-1.6835540533065796	0.2481849044561386	-1.2672197818756104	0.10771514475345612	-1.999774694442749	1.8611054420471191	-2.940376043319702	-0.18237066268920898	-1.6915708780288696	2.5220303535461426	0.1803601086139679	-0.41419509053230286	2.8516621589660645	1.3982150554656982	2.1958022117614746	2.4534554481506348	0.12248516827821732	-0.518770158290863	-11.265076637268066	-0.18771588802337646	-9.314739227294922	4.22588586807251	-7.8868207931518555	0.36302506923675537	7.23327112197876	2.1571695804595947
0.42651450634002686	-1.2573336362838745	0.2144201248884201	0.042280424386262894	-0.6282324194908142	0.041917622089385986	0.7757444977760315	0.09089597314596176	-0.6524917483329773	-0.07312019169330597	-0.4603433609008789	0.8410407304763794	-0.10293500870466232	-0.1279546022415161	0.730614185333252	-0.1018926203250885	0.36923879384994507	0.8159127235412598	0.03568478673696518	0.20018120110034943	-0.8391607999801636	0.7058428525924683	-1.1074151992797852	-1.5955488681793213	0.06525857746601105	-1.252480149269104	0.2692898213863373	-1.9606647491455078	2.215085983276367	-0.37364959716796875	0.4152970314025879	0.5967341661453247	2.298247814178467	-0.45773759484291077	-0.13184639811515808	1.005372405052185	0.43281203508377075	1.562410593032837	2.6265323162078857	-0.348204642534256	-0.09879693388938904	-9.637286186218262	-2.897676944732666	-10.203742980957031	7.058659076690674	-9.985472679138184	1.098775863647461	10.2160005569458	3.458705425262451
0.4325807988643646	-1.259139060974121	0.2263469398021698	0.05108640715479851	-0.603177011013031	0.03763074055314064	0.7950796484947205	0.14695268869400024	-0.5936741232872009	-0.04941246658563614	-0.3949975371360779	0.8776793479919434	-0.12337319552898407	-0.12388502061367035	0.6936008930206299	-0.12033098936080933	0.3740484118461609	0.8637353777885437	0.020296577364206314	0.20721739530563354	-0.9632113575935364	0.5798709392547607	-1.2627084255218506	-1.401207685470581	-0.1512340009212494	-1.223268747329712	0.5163551568984985	-1.8614264726638794	-1.2218451499938965	1.0305240154266357	0.7592547535896301	1.12324059009552	0.6172582507133484	0.4752418100833893	-0.06420798599720001	-0.9804591536521912	-0.10041315108537674	-0.2043202519416809	0.9332567453384399	0.4103996753692627	-0.2489764243364334	-2.2972211837768555	-1.7631947994232178	-2.6960372924804688	6.637895107269287	-25.984209060668945	6.544622898101807	26.594844818115234	8.528614044189453
0.43788403272628784	-1.2546950578689575	0.24915674328804016	0.04872102662920952	-0.5936281681060791	0.03706899657845497	0.8024080991744995	0.04202216491103172	-0.6112707853317261	-0.042750000953674316	-0.4154137372970581	0.8657310605049133	-0.08392533659934998	-0.1305229216814041	0.6913958191871643	-0.10590914636850357	0.36106598377227783	0.8532429933547974	0.0521007739007473	0.1902221441268921	-0.931049644947052	0.6353150606155396	-1.215256690979004	-1.3300330638885498	-0.9741098284721375	-0.9906952381134033	1.3330836296081543	-1.6195201873779297	-3.848572015762329	-1.3668880462646484	-0.07879771292209625	-1.0693050622940063	0.13675391674041748	1.4113339185714722	-0.12758485972881317	1.1980384588241577	0.8043779134750366	0.5925811529159546	0.506708025932312	1.0142897367477417	-0.6961487531661987	0.7644534111022949	2.026763439178467	1.6805708408355713	2.960646152496338	-25.312894821166992	9.287123680114746	25.144269943237305	9.329235076904297
0.44364500045776367	-1.2529058456420898	0.2626965045928955	0.049333419650793076	-0.5902109146118164	0.03778822720050812	0.8048534989356995	-0.006990192458033562	-0.6483496427536011	-0.05256437510251999	-0.43776974081993103	0.8831495046615601	-0.06691984087228775	-0.12898841500282288	0.7415224313735962	-0.08815587311983109	0.39775165915489197	0.8840036988258362	0.060868166387081146	0.1793714463710785	-0.9326332211494446	0.660941481590271	-1.1954855918884277	-1.2827818393707275	-1.1637498140335083	-0.851783812046051	1.5221259593963623	-1.4882570505142212	-1.1822744607925415	-1.8461823463439941	-0.38616472482681274	-0.9660996198654175	0.9919658303260803	0.6081885695457458	0.25137215852737427	2.296440362930298	0.9763118028640747	1.792958378791809	1.4234334230422974	0.4009452760219574	-0.5334582328796387	-1.2287511825561523	-0.32909512519836426	-0.29851198196411133	3.34535551071167	-5.599586486816406	4.9521164894104	5.3283305168151855	5.133366584777832
0.4488127827644348	-1.252694010734558	0.2732483744621277	0.05159681290388107	-0.587921142578125	0.03542862832546234	0.8064931035041809	-0.005268810782581568	-0.6851180791854858	-0.05819658935070038	-0.4540577232837677	0.9054096937179565	-0.059597793966531754	-0.12046803534030914	0.7832534313201904	-0.06685667484998703	0.4327843189239502	0.9101803302764893	0.06813858449459076	0.168883815407753	-0.9801996946334839	0.622151255607605	-1.2271971702575684	-1.1962188482284546	-1.198093295097351	-0.7926105856895447	1.5462168455123901	-1.4141855239868164	0.12554976344108582	-1.684349775314331	-0.32671523094177246	-0.8338853716850281	1.0793626308441162	0.2508210837841034	0.4686352014541626	1.793433666229248	0.9287011623382568	1.4526523351669312	1.147432565689087	0.3740006983280182	-0.44571608304977417	-1.7152295112609863	-2.3248493671417236	-0.9182065725326538	4.195404052734375	-1.2358129024505615	2.7369797229766846	0.7924258708953857	3.679138422012329
0.45375701785087585	-1.2529547214508057	0.2831653654575348	0.052079007029533386	-0.5851290225982666	0.03416400030255318	0.8085450530052185	-0.0019682017154991627	-0.7157236337661743	-0.06563298404216766	-0.47112515568733215	0.9263240098953247	-0.05688699707388878	-0.11024300754070282	0.8132597804069519	-0.05100782588124275	0.4558577537536621	0.9299010038375854	0.0758281946182251	0.16154280304908752	-1.0012423992156982	0.567947506904602	-1.2322138547897339	-1.1149656772613525	-1.2131823301315308	-0.7423046231269836	1.5538229942321777	-1.341091513633728	0.15514463186264038	-1.7959445714950562	-0.5278641581535339	-1.1351429224014282	1.241159439086914	-0.11396026611328125	-0.04408098757266998	1.6897811889648438	0.8735352158546448	1.2084946632385254	1.0718435049057007	0.46674031019210815	-0.12618117034435272	-1.9054144620895386	-2.5871694087982178	-0.6213963031768799	4.517814636230469	-1.036408543586731	2.6754543781280518	0.5534440279006958	4.016172885894775
0.4608774185180664	-1.2528712749481201	0.295160710811615	0.05135805904865265	-0.5824553966522217	0.03371542692184448	0.8105380535125732	0.0009369747131131589	-0.7569558620452881	-0.07931115478277206	-0.49946343898773193	0.9550560712814331	-0.06415620446205139	-0.12223127484321594	0.85084468126297	-0.03191526606678963	0.4811241030693054	0.9530540704727173	0.08680819720029831	0.16383656859397888	-1.0564162731170654	0.5186644792556763	-1.2520530223846436	-1.0155062675476074	-1.2395496368408203	-0.6855924129486084	1.568354606628418	-1.2535386085510254	0.29878005385398865	-2.249434471130371	-0.6745504140853882	-1.4592968225479126	1.4453754425048828	-0.13915011286735535	-0.62827467918396	2.0161046981811523	1.0860955715179443	1.3146564960479736	1.289600133895874	0.38454514741897583	0.10497979819774628	-3.28761625289917	-2.3330628871917725	-2.389404296875	4.98634147644043	-1.1224418878555298	2.4226651191711426	0.42442381381988525	3.9073615074157715
0.46847105026245117	-1.2524759769439697	0.30574098229408264	0.050682004541158676	-0.5815269947052002	0.03293199837207794	0.8112781047821045	0.009983000345528126	-0.8057010173797607	-0.09261500090360641	-0.5294970273971558	0.9841390252113342	-0.062453001737594604	-0.13537399470806122	0.8939039707183838	-0.007563999854028225	0.5084440112113953	0.9814850091934204	0.09121000021696091	0.16574199497699738	-1.1327470541000366	0.47462499141693115	-1.3277900218963623	-0.9155120253562927	-1.258080005645752	-0.6453980207443237	1.5707999467849731	-1.1847970485687256	0.3728204071521759	-2.0783276557922363	-0.5720956325531006	-1.239234209060669	1.1982619762420654	0.20319446921348572	-0.1510191708803177	1.7577558755874634	1.0505359172821045	1.0666475296020508	1.184341311454773	0.1732049584388733	-0.1299940049648285	-2.5935888290405273	-2.2808902263641357	-2.1262049674987793	4.379624366760254	-0.7500410079956055	1.7812385559082031	0.061133503913879395	3.0890374183654785
0.47411322593688965	-1.2525547742843628	0.31341201066970825	0.049952998757362366	-0.5805920362472534	0.03206600248813629	0.8120279312133789	0.01584979146718979	-0.840088963508606	-0.10219497978687286	-0.5490328073501587	1.0029865503311157	-0.05602842569351196	-0.12827204167842865	0.9211549162864685	0.010106170549988747	0.5237900018692017	1.0004277229309082	0.09373639523983002	0.15863680839538574	-1.1601598262786865	0.42742887139320374	-1.3371012210845947	-0.8403213024139404	-1.2695512771606445	-0.6143428683280945	1.5707999467849731	-1.1299771070480347	0.23020465672016144	-1.6938239336013794	-0.5306230783462524	-0.9302571415901184	0.8469656109809875	0.3558793067932129	0.6790727376937866	1.222841501235962	0.7920979261398315	0.6265580654144287	0.70972740650177	0.06757490336894989	-0.2581048607826233	-1.2428104877471924	-1.9933604001998901	-0.34179091453552246	3.2002031803131104	-0.6090104579925537	1.3364315032958984	0.0	2.338621139526367
0.47852182388305664	-1.2523730993270874	0.3196294903755188	0.048439811915159225	-0.5810549855232239	0.03186580911278725	0.8117963671684265	0.019191186875104904	-0.8734539747238159	-0.11383992433547974	-0.5667073130607605	1.0180176496505737	-0.04821782931685448	-0.10821108520030975	0.9428176283836365	0.024119917303323746	0.5335063338279724	1.0098741054534912	0.0939129963517189	0.155417799949646	-1.1824594736099243	0.39489057660102844	-1.3414616584777832	-0.7875038981437683	-1.282440423965454	-0.5919407606124878	1.5707999467849731	-1.0912522077560425	0.19751447439193726	-1.9121572971343994	-0.6366834044456482	-1.0266900062561035	0.9427070617675781	0.11299280822277069	0.458680659532547	1.2375473976135254	0.8516365885734558	0.5405828356742859	0.49018263816833496	0.07718447595834732	-0.23654848337173462	-1.323169469833374	-1.7876789569854736	-0.3879547119140625	2.8009817600250244	-0.7416278123855591	1.1892467737197876	0.0	2.129906415939331
0.4839284420013428	-1.252755045890808	0.3267102837562561	0.04706602916121483	-0.5827611088752747	0.030734417960047722	0.8106974363327026	0.023750370368361473	-0.9165752530097961	-0.1276623159646988	-0.5901004076004028	1.0406948328018188	-0.05150871351361275	-0.10992481559515	0.9706568121910095	0.04417163506150246	0.5454133152961731	1.0200350284576416	0.09682377427816391	0.14917486906051636	-1.2130866050720215	0.3559217154979706	-1.3526194095611572	-0.7282820343971252	-1.299216389656067	-0.566772997379303	1.5707999467849731	-1.0447808504104614	0.20715054869651794	-2.1525919437408447	-0.7414832711219788	-1.22908353805542	1.0762512683868408	-0.19482961297035217	-0.38850846886634827	1.3761208057403564	1.046108365058899	0.5537480115890503	0.5702376365661621	-0.040390901267528534	-0.4591408967971802	-1.5206336975097656	-2.0744481086730957	-0.37451982498168945	2.997066020965576	-0.8420705795288086	1.1877343654632568	0.0	2.3273439407348633
0.4898369014263153	-1.2533214092254639	0.33339980244636536	0.0445634163916111	-0.5850436091423035	0.029843810945749283	0.8092267513275146	0.027477208524942398	-0.9595576524734497	-0.1434992551803589	-0.6158706545829773	1.0610677003860474	-0.05601101368665695	-0.12375142425298691	0.9978624582290649	0.06596425175666809	0.5556562542915344	1.0326836109161377	0.09229736030101776	0.13705216348171234	-1.243284821510315	0.3119126558303833	-1.3564424514770508	-0.6676212549209595	-1.3161232471466064	-0.5444313883781433	1.5707999467849731	-0.9981584548950195	0.1851157248020172	-2.136467456817627	-0.8491419553756714	-1.2900903224945068	1.0378539562225342	-0.3457821011543274	-1.044879674911499	1.3890042304992676	1.096709132194519	0.5050927400588989	0.5811989307403564	-0.21534430980682373	-0.6517468094825745	-1.5216857194900513	-2.240443229675293	-0.07973909378051758	3.1554250717163086	-0.8836150169372559	1.0244250297546387	0.0	2.2223963737487793
0.4957440495491028	-1.2539149522781372	0.3398519456386566	0.04174700751900673	-0.5879970192909241	0.029333001002669334	0.807252049446106	0.031154999509453773	-1.0020339488983154	-0.16162799298763275	-0.6417040228843689	1.0822089910507202	-0.06533999741077423	-0.15172000229358673	1.026216983795166	0.08804000169038773	0.565617024898529	1.0432829856872559	0.08821000158786774	0.1231049969792366	-1.2739540338516235	0.26630398631095886	-1.355808973312378	-0.6020650267601013	-1.3345609903335571	-0.5257959961891174	1.5707999467849731	-0.9558849930763245	0.3697047829627991	-2.3994951248168945	-1.0432075262069702	-1.5861496925354004	1.1745870113372803	-0.3700545132160187	-1.6626032590866089	1.5293329954147339	1.295912504196167	0.4275277256965637	0.5866348743438721	0.003116019070148468	-0.4618741571903229	-2.0026326179504395	-2.7605154514312744	-0.7471472024917603	3.914168357849121	-0.9213626384735107	0.6147295236587524	0.0	1.938900351524353
0.5027392506599426	-1.2544448375701904	0.3468019366264343	0.03815622627735138	-0.5922591090202332	0.026963219046592712	0.8043916821479797	0.0422654002904892	-1.055537462234497	-0.18522755801677704	-0.6793166399002075	1.1080511808395386	-0.07081319391727448	-0.1902555525302887	1.0590357780456543	0.1178007498383522	0.572757363319397	1.0561490058898926	0.0924220010638237	0.11857719719409943	-1.3233901262283325	0.201492041349411	-1.3863283395767212	-0.511054515838623	-1.3529777526855469	-0.5198422074317932	1.5707999467849731	-0.9206024408340454	0.2715250849723816	-2.1692962646484375	-1.0308626890182495	-1.3402059078216553	0.951036810874939	-0.10530557483434677	-1.106909990310669	1.528272032737732	1.2693819999694824	0.4751443862915039	0.6341159343719482	0.09369496256113052	-0.22639892995357513	-1.9052177667617798	-2.0583770275115967	-1.175522804260254	2.9564871788024902	-0.9523630142211914	0.39544254541397095	0.0	1.2315466403961182
0.507041871547699	-1.2544456720352173	0.3509737253189087	0.03690902516245842	-0.595914900302887	0.026830017566680908	0.8017503023147583	0.04201600328087807	-1.0888057947158813	-0.20286250114440918	-0.6953122615814209	1.1202504634857178	-0.0695522204041481	-0.19599640369415283	1.0873478651046753	0.1388152837753296	0.5846228003501892	1.0686476230621338	0.09195780009031296	0.1140490397810936	-1.3501627445220947	0.1839689016342163	-1.402829885482788	-0.4838055372238159	-1.3726555109024048	-0.5099782943725586	1.5707999467849731	-0.906623125076294	0.04248935729265213	-1.8976211547851562	-0.9261474013328552	-0.9060949087142944	0.9003251791000366	0.16511845588684082	0.12958049774169922	1.3820618391036987	1.1666258573532104	0.5201339721679688	0.6949514150619507	-0.03645997494459152	-0.3128783702850342	-1.3916701078414917	-0.8495684862136841	-0.9828805923461914	1.4500916004180908	-0.9880691766738892	0.6427370309829712	0.0	0.8911460638046265
0.5118126273155212	-1.2543247938156128	0.35519149899482727	0.03676401078701019	-0.5994120836257935	0.024715036153793335	0.7992138862609863	0.04396497458219528	-1.1314423084259033	-0.22227345407009125	-0.7155604362487793	1.14406418800354	-0.06420845538377762	-0.18507233262062073	1.1143182516098022	0.1644657850265503	0.5935627222061157	1.0839470624923706	0.09096360206604004	0.10606206208467484	-1.3790569305419922	0.1675093024969101	-1.4256435632705688	-0.4530508518218994	-1.3925005197525024	-0.49413272738456726	1.5707999467849731	-0.8849565982818604	0.1262047290802002	-2.1959452629089355	-1.021669864654541	-0.9953662753105164	1.2516260147094727	0.3278598189353943	0.8302673697471619	1.3603150844573975	1.3637698888778687	0.4795387387275696	0.7388174533843994	0.013989768922328949	-0.38818028569221497	-1.4436662197113037	-0.7223613262176514	-1.123213768005371	1.4750003814697266	-1.0497719049453735	0.9014204144477844	0.0	1.1483103036880493
0.5167282223701477	-1.2537734508514404	0.35925692319869995	0.038114819675683975	-0.6034435033798218	0.022102423012256622	0.7961878776550293	0.04706419259309769	-1.1766436100006104	-0.24372929334640503	-0.7351269125938416	1.1703155040740967	-0.05643782764673233	-0.16278570890426636	1.1417604684829712	0.19336608052253723	0.603804349899292	1.0982003211975098	0.09251739084720612	0.09852182865142822	-1.4079093933105469	0.15507444739341736	-1.447758436203003	-0.42480552196502686	-1.4146463871002197	-0.4739214777946472	1.5707999467849731	-0.860690712928772	0.044226087629795074	-2.198636531829834	-1.2597333192825317	-0.9897366166114807	1.3364166021347046	0.35663527250289917	1.4518271684646606	1.444387435913086	1.384676218032837	0.48510581254959106	0.7096230983734131	0.16780905425548553	-0.36732518672943115	-1.3533741235733032	-0.5846310257911682	-0.9920835494995117	1.349066972732544	-1.1076092720031738	1.0311402082443237	0.0	1.1770099401474
0.5214229822158813	-1.2529339790344238	0.36324095726013184	0.03809300437569618	-0.6078019142150879	0.02126600220799446	0.7928889393806458	0.045734018087387085	-1.2193877696990967	-0.27266278862953186	-0.7551499009132385	1.1975208520889282	-0.049943044781684875	-0.12699924409389496	1.1720937490463257	0.21985283493995667	0.6129669547080994	1.1123319864273071	0.09767596423625946	0.09136905521154404	-1.4331918954849243	0.14412406086921692	-1.4653269052505493	-0.39908817410469055	-1.4368048906326294	-0.4528871178627014	1.5707999467849731	-0.8378762006759644	-0.08994992822408676	-2.04315185546875	-1.4128096103668213	-0.908447802066803	1.229637861251831	0.3748914301395416	1.7565104961395264	1.5868991613388062	1.364790678024292	0.47342777252197266	0.8613139390945435	0.2135254442691803	-0.3993567228317261	-1.1999011039733887	-0.5528218746185303	-0.7898598909378052	1.2556202411651611	-1.0907679796218872	1.0188788175582886	0.0	1.116539478302002
0.52590411901474	-1.2526034116744995	0.36702340841293335	0.03790603205561638	-0.612284243106842	0.020297611132264137	0.7894677519798279	0.043466195464134216	-1.2583696842193604	-0.3002416789531708	-0.7714648246765137	1.21950101852417	-0.04144217073917389	-0.09252528846263885	1.2052364349365234	0.24795770645141602	0.6227414608001709	1.1326528787612915	0.10105840861797333	0.08254756033420563	-1.4559054374694824	0.13296157121658325	-1.4793528318405151	-0.3745807111263275	-1.4582771062850952	-0.4331663250923157	1.5707999467849731	-0.8160291314125061	-0.09859055280685425	-1.8572986125946045	-1.2927665710449219	-0.7523477077484131	0.9905576705932617	0.42687636613845825	1.39678156375885	1.6478687524795532	1.3196945190429688	0.46753138303756714	1.1075228452682495	-0.11135470122098923	0.02110954374074936	-1.1220723390579224	-0.5159568190574646	-0.5826205015182495	1.2229249477386475	-1.0693639516830444	0.9408586025238037	0.0	1.0564714670181274
0.5306834578514099	-1.2520456314086914	0.3704925775527954	0.03802621364593506	-0.6165995001792908	0.019377604126930237	0.7861195206642151	0.041790395975112915	-1.2936797142028809	-0.3243734538555145	-0.785243809223175	1.2371431589126587	-0.03286799043416977	-0.0711279809474945	1.2380084991455078	0.2726406157016754	0.631668210029602	1.156632900238037	0.09322177618741989	0.09221343696117401	-1.4780747890472412	0.12348578870296478	-1.4886317253112793	-0.35017117857933044	-1.4795794486999512	-0.41525277495384216	1.5707999467849731	-0.7956173419952393	-0.09628999978303909	-2.0501315593719482	-1.4154024124145508	-0.9225592017173767	1.3316750526428223	0.35415422916412354	0.7175473570823669	1.6871988773345947	1.499891996383667	0.42790472507476807	1.4468729496002197	-0.44431519508361816	0.8471958637237549	-1.410984992980957	-0.7724143266677856	-0.7158130407333374	1.670268177986145	-1.0994821786880493	1.6589075326919556	0.0	2.5867581367492676
0.5382760763168335	-1.2524951696395874	0.3740213215351105	0.03690500929951668	-0.6206583380699158	0.016889605671167374	0.7830305695533752	0.03961459547281265	-1.3403749465942383	-0.3568577766418457	-0.8083671927452087	1.2727680206298828	-0.02727600187063217	-0.0638233944773674	1.2727243900299072	0.3079533874988556	0.6398576498031616	1.1905277967453003	0.08328580111265182	0.11643539369106293	-1.5123448371887207	0.10206499695777893	-1.5079853534698486	-0.3077699840068817	-1.5022563934326172	-0.36681002378463745	1.5707999467849731	-0.7125588059425354	-0.0009501352906227112	-1.5002191066741943	-0.9999029636383057	-0.6873950362205505	0.8705109357833862	0.2694984972476959	0.21195337176322937	1.1431306600570679	1.2245274782180786	0.24628043174743652	0.9696513414382935	-0.250659316778183	0.6832590103149414	-1.1661291122436523	-0.551209568977356	-0.7388025522232056	1.1630386114120483	-0.7966756820678711	1.313193917274475	0.0	2.13053822517395
0.5401054620742798	-1.2517225742340088	0.375455766916275	0.03782941401004791	-0.6232854723930359	0.01608201116323471	0.7809134125709534	0.04175239056348801	-1.3536884784698486	-0.36436957120895386	-0.8127396106719971	1.2719635963439941	-0.022088050842285156	-0.06264984607696533	1.2837337255477905	0.32162171602249146	0.6415194272994995	1.1954189538955688	0.08319540321826935	0.11954379826784134	-1.5247199535369873	0.10143740475177765	-1.5181838274002075	-0.3036496341228485	-1.511446475982666	-0.36272501945495605	1.5707999467849731	-0.7103958129882812	0.09305980056524277	-0.7071733474731445	-0.5410030484199524	-0.23179501295089722	0.09707510471343994	0.5748476982116699	0.7929048538208008	0.6002634763717651	0.7567629218101501	0.10308325290679932	0.368306040763855	-0.03329478204250336	-0.003333762288093567	-0.5951255559921265	0.04954952746629715	-0.4156649112701416	0.23289918899536133	-0.5173861980438232	0.23454949259757996	0.0	0.014570355415344238
0.5421110391616821	-1.2499719858169556	0.3767879605293274	0.03916599974036217	-0.625805139541626	0.015782002359628677	0.7788361310958862	0.04333698749542236	-1.368661880493164	-0.3784978985786438	-0.8176389932632446	1.2766510248184204	-0.00428209500387311	-0.03210720047354698	1.2967349290847778	0.3382239043712616	0.6439809799194336	1.2052600383758545	0.08195400983095169	0.11630204319953918	-1.5361498594284058	0.10404697805643082	-1.5246119499206543	-0.29845401644706726	-1.5229518413543701	-0.35742804408073425	1.5707999467849731	-0.7119759917259216	0.10135453194379807	-0.7181048393249512	-0.5309149622917175	-0.14653503894805908	0.21620392799377441	0.6409305334091187	1.221983790397644	0.7308810949325562	0.8524477481842041	0.1803383231163025	0.6096929311752319	-0.06482452154159546	-0.3875167965888977	-0.533217191696167	0.12772920727729797	-0.20204484462738037	0.20443052053451538	-0.5395203828811646	0.2854481339454651	0.0	-0.014224648475646973
0.5443050265312195	-1.2492483854293823	0.37780454754829407	0.04112439602613449	-0.6279148459434509	0.015241215005517006	0.7770451903343201	0.04580657184123993	-1.3824126720428467	-0.38560616970062256	-0.8186010122299194	1.2806117534637451	0.0035491706803441048	-0.013770494610071182	1.3129689693450928	0.3557196259498596	0.6487329602241516	1.2198066711425781	0.08060242235660553	0.10404312610626221	-1.546048641204834	0.10654657334089279	-1.5262656211853027	-0.2954724133014679	-1.5330272912979126	-0.35130709409713745	1.5707999467849731	-0.7109647989273071	0.13479040563106537	-0.6515562534332275	-0.22738277912139893	-0.024905800819396973	0.21955668926239014	0.20926231145858765	0.5879100561141968	0.7106751203536987	0.8374727964401245	0.214269757270813	0.7281959056854248	-0.1454504132270813	-0.6890214681625366	-0.41804611682891846	0.15920567512512207	-0.12084841728210449	0.14293044805526733	-0.44339001178741455	0.368761271238327	0.0	0.12060552835464478
0.546177864074707	-1.2483586072921753	0.37850895524024963	0.043686408549547195	-0.6293595433235168	0.014507202431559563	0.775749921798706	0.04872860386967659	-1.3947241306304932	-0.38759320974349976	-0.8186352252960205	1.285433292388916	0.004088398069143295	-0.008590798825025558	1.3251619338989258	0.3717228174209595	0.6525517702102661	1.2343878746032715	0.07613599300384521	0.08874118328094482	-1.5528717041015625	0.11041520535945892	-1.5294458866119385	-0.29273679852485657	-1.5406874418258667	-0.34267759323120117	1.5707999467849731	-0.7071517705917358	0.08800569921731949	-0.5632013082504272	-0.08077546954154968	-0.050759315490722656	0.2394258975982666	-0.06930412352085114	0.04339262470602989	0.5049914121627808	0.6420791149139404	0.08742213249206543	0.626567006111145	-0.27609020471572876	-0.6577480435371399	-0.30434727668762207	0.24573542177677155	-0.11811256408691406	0.11530518531799316	-0.3857642412185669	0.38499683141708374	0.0	0.1247897744178772
0.5480102300643921	-1.2470285892486572	0.37895631790161133	0.04532000049948692	-0.6302780508995056	0.014437001198530197	0.774911105632782	0.04932679980993271	-1.4049407243728638	-0.38883718848228455	-0.8206313848495483	1.2901887893676758	0.0007770057418383658	-0.01203478965908289	1.333168625831604	0.38140279054641724	0.6522298455238342	1.244869351387024	0.06955881416797638	0.07773320376873016	-1.5582225322723389	0.11637599021196365	-1.5309901237487793	-0.29086020588874817	-1.5484578609466553	-0.3359072208404541	1.5707999467849731	-0.705973207950592	0.03616977483034134	-0.44922828674316406	0.002574920654296875	-0.13570785522460938	0.18152296543121338	-0.20911940932273865	-0.3122140169143677	0.2916395664215088	0.4247143864631653	-0.07149875164031982	0.4480421543121338	-0.3772139549255371	-0.3345794975757599	-0.23901164531707764	0.3349989652633667	-0.0643610954284668	0.03473013639450073	-0.3428339958190918	0.25889500975608826	0.0	-0.08440464735031128
0.5493482947349548	-1.2454676628112793	0.37910255789756775	0.04653100669384003	-0.6309790015220642	0.01421500276774168	0.7742730379104614	0.050175394862890244	-1.4126932621002197	-0.3874902129173279	-0.8240635395050049	1.2926942110061646	-0.00427637854591012	-0.02107935957610607	1.3368275165557861	0.3887113928794861	0.6496918201446533	1.2523095607757568	0.06104743480682373	0.07535800337791443	-1.5624321699142456	0.12381516396999359	-1.5320203304290771	-0.29134759306907654	-1.5544008016586304	-0.33232179284095764	1.5707999467849731	-0.7105279564857483	0.08417963981628418	-0.3059804439544678	0.1434043049812317	-0.14556348323822021	0.06060898303985596	-0.26779934763908386	-0.4938037097454071	0.09751021862030029	0.3257542848587036	-0.14521926641464233	0.31414031982421875	-0.4148692786693573	-0.09055491536855698	-0.16201138496398926	0.39292407035827637	-0.06369650363922119	-0.05204454064369202	-0.24740397930145264	0.1394808292388916	0.0	-0.3132432699203491
0.5502580404281616	-1.2435100078582764	0.3788319528102875	0.0485370010137558	-0.6314389705657959	0.01389000192284584	0.7737800478935242	0.052693985402584076	-1.4171799421310425	-0.3831010162830353	-0.8264539241790771	1.29261314868927	-0.009934967383742332	-0.03178693726658821	1.337069034576416	0.3944329619407654	0.6464210748672485	1.2574349641799927	0.052964042872190475	0.07411100715398788	-1.5647029876708984	0.13209295272827148	-1.5335379838943481	-0.29294198751449585	-1.5583540201187134	-0.33032798767089844	1.5707999467849731	-0.718502938747406	0.13581505417823792	-0.08793473243713379	0.2965599298477173	-0.13908147811889648	-0.13233721256256104	-0.3160350024700165	-0.5694052577018738	-0.04628896713256836	0.23425519466400146	-0.20117461681365967	0.22976398468017578	-0.40549522638320923	-0.11090487241744995	-0.05768239498138428	0.39593541622161865	-0.015610456466674805	-0.09463950991630554	-0.15662014484405518	0.06523951888084412	0.0	-0.40396004915237427
0.5505812764167786	-1.2417346239089966	0.37851956486701965	0.05106500908732414	-0.6316131949424744	0.013477001339197159	0.7734830975532532	0.05560799688100815	-1.416210651397705	-0.3756278157234192	-0.8296267986297607	1.287400722503662	-0.016917778179049492	-0.04385557025671005	1.3349759578704834	0.39808160066604614	0.6416448354721069	1.2615001201629639	0.044827625155448914	0.07092180848121643	-1.564739465713501	0.1396525800228119	-1.5326447486877441	-0.29513317346572876	-1.5606656074523926	-0.3297122120857239	1.5707999467849731	-0.7266863584518433	0.1146102324128151	0.10394454002380371	0.3372296690940857	-0.13491660356521606	-0.27754902839660645	-0.27065104246139526	-0.6330695748329163	-0.1398622989654541	0.09818077087402344	-0.22791028022766113	0.14729201793670654	-0.45952972769737244	-0.12483540922403336	0.06298422813415527	0.4407048225402832	0.06931126117706299	-0.07889494299888611	-0.14530420303344727	0.02237558364868164	0.0	-0.5631744861602783
0.5508074164390564	-1.2393250465393066	0.37807172536849976	0.054166801273822784	-0.6314182877540588	0.014140398241579533	0.7734190225601196	0.05727839469909668	-1.4130221605300903	-0.36961182951927185	-0.8318505883216858	1.2815111875534058	-0.02076100930571556	-0.05710972100496292	1.3314745426177979	0.3983601927757263	0.6373046636581421	1.263326644897461	0.03458285331726074	0.06911759078502655	-1.5621836185455322	0.1497211456298828	-1.5307655334472656	-0.2960977852344513	-1.5641661882400513	-0.32943296432495117	1.5707999467849731	-0.7410299181938171	0.09805494546890259	0.06959140300750732	0.2376750111579895	-0.15025436878204346	-0.2564936876296997	0.05917411670088768	-0.6804654598236084	-0.2354353666305542	-0.0447392463684082	-0.3199368715286255	-0.060117244720458984	-0.4559004306793213	-0.051945075392723083	0.0779181718826294	0.49721524119377136	0.06181597709655762	-0.09852573275566101	-0.14085471630096436	-0.08822977542877197	0.0	-0.8147001266479492
0.5507428646087646	-1.2366974353790283	0.37746718525886536	0.055848006159067154	-0.6316671371459961	0.01467900164425373	0.7730860710144043	0.059530194848775864	-1.4134269952774048	-0.3661208152770996	-0.8356369733810425	1.2771409749984741	-0.014550813473761082	-0.07107418775558472	1.3255585432052612	0.3962920308113098	0.6288473606109619	1.2590954303741455	0.026591608300805092	0.06884400546550751	-1.5616227388381958	0.15954118967056274	-1.5301721096038818	-0.2990742027759552	-1.5662997961044312	-0.33324140310287476	1.5707999467849731	-0.7592743635177612	0.1527896225452423	-0.21584033966064453	0.1415051519870758	-0.12801438570022583	-0.13627111911773682	0.4743835926055908	-0.7732549905776978	-0.3015279769897461	-0.07266402244567871	-0.4728347063064575	-0.35541653633117676	-0.33012107014656067	-0.12387409806251526	-0.01721978187561035	0.4560008645057678	0.04321932792663574	-0.22833943367004395	-0.11145174503326416	-0.2679802477359772	0.0	-0.9237959980964661
0.5498592853546143	-1.234249234199524	0.3774479627609253	0.05713300779461861	-0.6329487562179565	0.014880205504596233	0.7719393968582153	0.06338997930288315	-1.4216557741165161	-0.3639516234397888	-0.8369711637496948	1.2760603427886963	-0.0017856652848422527	-0.08803991973400116	1.319413423538208	0.39545363187789917	0.6183912754058838	1.2491099834442139	0.021378010511398315	0.06416262686252594	-1.5628724098205566	0.16796118021011353	-1.5290367603302002	-0.30523136258125305	-1.5686242580413818	-0.34015217423439026	1.5707999467849731	-0.7779817581176758	0.227520152926445	-0.7940739393234253	0.07817074656486511	0.004124641418457031	0.36689937114715576	0.8823953866958618	-1.1098202466964722	-0.42783915996551514	0.008874386548995972	-0.5380839109420776	-0.6511867046356201	-0.08864021301269531	-0.3821001350879669	-0.043207406997680664	0.38437023758888245	0.05525350570678711	-0.3438197076320648	-0.09193122386932373	-0.3835901618003845	0.0	-0.9506911039352417
0.5482760667800903	-1.231896996498108	0.3776949644088745	0.05819200351834297	-0.6342260837554932	0.014215000905096531	0.7708231210708618	0.06863100081682205	-1.4451899528503418	-0.362993985414505	-0.8354719877243042	1.2918169498443604	0.02074499987065792	-0.11546699702739716	1.3084449768066406	0.39664700627326965	0.6073240041732788	1.2330479621887207	0.02304599992930889	0.05355999991297722	-1.563351035118103	0.17491599917411804	-1.5279619693756104	-0.3128269910812378	-1.569977045059204	-0.34858500957489014	1.5707999467849731	-0.7973020076751709	0.3838101327419281	-1.7940729856491089	0.030141323804855347	0.22727251052856445	1.2876451015472412	1.442825198173523	-2.0506930351257324	-0.5951195955276489	0.23690462112426758	-0.43334662914276123	-0.9860605001449585	0.3233740031719208	-0.8552896976470947	-0.07156431674957275	0.24800561368465424	0.029736757278442383	-0.406375527381897	-0.06009936332702637	-0.5318946838378906	0.0	-0.9525805711746216
0.5460948944091797	-1.230238676071167	0.37847599387168884	0.05983082950115204	-0.6366198062896729	0.01213440578430891	0.7687577605247498	0.0787423849105835	-1.4934186935424805	-0.3627459704875946	-0.8278802633285522	1.327566146850586	0.0559273399412632	-0.17006763815879822	1.295608639717102	0.4049298167228699	0.6010574102401733	1.2096675634384155	0.03431297093629837	0.02995103970170021	-1.5657349824905396	0.1778814047574997	-1.5278472900390625	-0.32148638367652893	-1.571028232574463	-0.3614279627799988	1.5707999467849731	-0.8160849809646606	0.278300404548645	-3.1173229217529297	-0.5018360614776611	0.4450395703315735	2.8085410594940186	0.9110074639320374	-2.5605309009552	-0.8436024188995361	0.10358616709709167	-0.32510459423065186	-1.7270028591156006	0.5955381989479065	-0.7112650275230408	0.027224421501159668	0.09070038795471191	0.11538565158843994	-0.21187514066696167	0.008615851402282715	-0.6296828389167786	0.0	-1.107306718826294
0.5424046516418457	-1.2266863584518433	0.3809627890586853	0.05825866386294365	-0.6394146084785461	0.013737994246184826	0.7665286660194397	0.0797630175948143	-1.569882869720459	-0.38306742906570435	-0.8176704049110413	1.404158592224121	0.057185299694538116	-0.2178882360458374	1.2747008800506592	0.4007904529571533	0.5943198204040527	1.1639678478240967	0.046867527067661285	0.02510939911007881	-1.5622620582580566	0.17854401469230652	-1.5233465433120728	-0.32130199670791626	-1.5696324110031128	-0.3737723231315613	1.5707999467849731	-0.8415942788124084	0.016274675726890564	-4.627236843109131	-1.445812702178955	0.34908056259155273	4.9127607345581055	-1.0544326305389404	-1.8568270206451416	-1.3145148754119873	-0.35055801272392273	-0.4570484161376953	-2.6366562843322754	0.7129371166229248	-0.047267086803913116	0.1674264669418335	-0.22898279130458832	0.1781553030014038	0.19421204924583435	0.2182304859161377	-0.7170677185058594	0.0	-1.1421769857406616
0.5370095372200012	-1.223386526107788	0.3830419182777405	0.05303706228733063	-0.6423922777175903	0.015342199243605137	0.7643846273422241	0.07939337193965912	-1.6785081624984741	-0.4205784797668457	-0.8139170408248901	1.5240765810012817	0.013750036247074604	-0.244340717792511	1.2430280447006226	0.39090749621391296	0.5827754735946655	1.104201316833496	0.06283045560121536	0.02806035615503788	-1.5590379238128662	0.16872209310531616	-1.5207210779190063	-0.31371790170669556	-1.5622990131378174	-0.39011067152023315	1.5707999467849731	-0.8617720603942871	0.13877245783805847	-6.29587459564209	-1.9281864166259766	0.09483546018600464	6.971633434295654	-2.4896554946899414	-0.948856770992279	-1.7178237438201904	-0.43923482298851013	-0.4759445786476135	-3.0185728073120117	0.9140211939811707	0.27441224455833435	0.08878111839294434	-0.6066113710403442	-0.01792609691619873	0.4502825438976288	0.4087775945663452	-0.8692413568496704	0.0	-0.9382396936416626
0.5321763157844543	-1.2212803363800049	0.3843441605567932	0.049336452037096024	-0.6446530222892761	0.014399033971130848	0.7627459168434143	0.08531391620635986	-1.8217178583145142	-0.4601948857307434	-0.8138769865036011	1.6830239295959473	-0.042400915175676346	-0.25584250688552856	1.2059879302978516	0.3832210600376129	0.5752820372581482	1.0432249307632446	0.08342837542295456	0.036085888743400574	-1.5587108135223389	0.15427955985069275	-1.5240635871887207	-0.3032906949520111	-1.553281307220459	-0.4085419774055481	1.5707999467849731	-0.879123866558075	0.3796406090259552	-7.506746292114258	-2.541813373565674	-0.05354881286621094	8.163836479187012	-2.0789759159088135	0.3604181110858917	-1.9151002168655396	-0.2978876233100891	-0.30668675899505615	-2.8519585132598877	0.9990386962890625	0.5443910360336304	-0.03922581672668457	-0.7177524566650391	-0.3055483102798462	0.42609721422195435	0.4571497440338135	-1.0199830532073975	0.0	-0.9498730301856995
0.5281630754470825	-1.219162940979004	0.38368597626686096	0.045830998569726944	-0.6461459994316101	0.01221800222992897	0.7617390751838684	0.09457899630069733	-1.9787780046463013	-0.5222510099411011	-0.8160589933395386	1.8506300449371338	-0.06940899789333344	-0.22992399334907532	1.166424036026001	0.3789919912815094	0.5705080032348633	0.9901229739189148	0.10279200226068497	0.04983599856495857	-1.5606069564819336	0.1400119960308075	-1.5329430103302002	-0.2966740131378174	-1.5440130233764648	-0.43090999126434326	1.5707999467849731	-0.8997669816017151	0.4051862359046936	-8.610203742980957	-3.168059825897217	-0.07046610116958618	8.433496475219727	-1.9548903703689575	1.037072777748108	-1.774275302886963	-0.10030791163444519	-0.13711154460906982	-2.8369247913360596	1.0762038230895996	0.7682664394378662	-0.3269463777542114	-0.811272144317627	-0.3587961196899414	0.24734735488891602	0.25018155574798584	-1.228018879890442	0.0	-0.9926065802574158
0.526085615158081	-1.2189981937408447	0.3850201964378357	0.040625523775815964	-0.6494468450546265	0.010118046775460243	0.759253740310669	0.10152136534452438	-2.166126012802124	-0.5869172811508179	-0.8166956305503845	2.0203638076782227	-0.12059652805328369	-0.2143595963716507	1.135016918182373	0.3792087435722351	0.5697975754737854	0.9297479391098022	0.12647652626037598	0.066816546022892	-1.5717886686325073	0.12182867527008057	-1.5384154319763184	-0.29339680075645447	-1.5432740449905396	-0.4576627314090729	1.5707999467849731	-0.9188281297683716	0.4919886589050293	-9.151384353637695	-3.273728370666504	0.5080312490463257	7.685339450836182	-3.5560104846954346	-0.7889345288276672	-1.3546764850616455	0.14678016304969788	0.15065819025039673	-2.5857090950012207	1.2975218296051025	0.9988473057746887	-0.700455904006958	-1.0184472799301147	-0.338098406791687	0.13557001948356628	-0.0277101993560791	-1.4286212921142578	0.0	-0.840778648853302
0.525955080986023	-1.2210524082183838	0.3854169547557831	0.037200428545475006	-0.6520606875419617	0.005420614965260029	0.7572342753410339	0.1142585426568985	-2.3448333740234375	-0.6532001495361328	-0.7957377433776855	2.158043622970581	-0.21164941787719727	-0.261481374502182	1.1122369766235352	0.3848631978034973	0.5765343308448792	0.886694610118866	0.1546928733587265	0.08978988975286484	-1.588625192642212	0.09927410632371902	-1.5464669466018677	-0.29125121235847473	-1.545121431350708	-0.4880548417568207	1.5707999467849731	-0.9333981275558472	0.6127240061759949	-8.959615707397461	-3.970789909362793	1.9121394157409668	6.283110618591309	-3.919847249984741	-1.1859853267669678	-1.1385947465896606	0.15281587839126587	0.4677087068557739	-2.241712808609009	1.2894670963287354	1.1316819190979004	-0.7072627544403076	-1.0637933015823364	-0.4058629274368286	0.045975297689437866	-0.0034183263778686523	-1.5125356912612915	0.0	-0.7286787033081055
0.5245428681373596	-1.2232091426849365	0.38532838225364685	0.03399944677948952	-0.6547211408615112	0.0024944220203906298	0.7551015019416809	0.1260303258895874	-2.524510622024536	-0.7457488775253296	-0.7402100563049316	2.271688222885132	-0.27739042043685913	-0.26179900765419006	1.0894731283187866	0.38532137870788574	0.5885059237480164	0.8400794267654419	0.17805521190166473	0.11208382248878479	-1.6000791788101196	0.07927694171667099	-1.5546499490737915	-0.29155778884887695	-1.5434107780456543	-0.5181641578674316	1.5707999467849731	-0.9479752779006958	0.5631834268569946	-9.161776542663574	-4.379533290863037	3.9059014320373535	4.303401947021484	-2.8751730918884277	-0.007940828800201416	-0.9478449821472168	0.23810788989067078	0.580887496471405	-2.417302131652832	1.219686508178711	1.1314677000045776	-0.7692813873291016	-0.9599438905715942	-0.29308199882507324	-0.09613409638404846	-0.16873478889465332	-1.5147812366485596	0.0	-0.7740870118141174
0.5250102281570435	-1.2242605686187744	0.3865652084350586	0.02948186546564102	-0.6598610877990723	-0.0004591799806803465	0.7508088946342468	0.13678587973117828	-2.7113044261932373	-0.8283814787864685	-0.639501690864563	2.3301796913146973	-0.3266563415527344	-0.26179900765419006	1.0743231773376465	0.39438751339912415	0.5997698307037354	0.7900025248527527	0.2034803330898285	0.13504859805107117	-1.619396448135376	0.06087635084986687	-1.5581902265548706	-0.29509657621383667	-1.5518708229064941	-0.548646092414856	1.5707999467849731	-0.9643616080284119	0.503363847732544	-9.703742980957031	-2.3001537322998047	6.249450206756592	1.9751131534576416	-2.2179782390594482	0.190744549036026	-0.6084024906158447	0.12684091925621033	0.6940454244613647	-2.7166664600372314	1.2824605703353882	0.9698752164840698	-0.6211966276168823	-0.7274210453033447	0.1897186040878296	-0.06970688700675964	-0.47302842140197754	-1.2389168739318848	0.0	-0.7702633738517761
0.5231970548629761	-1.224290132522583	0.3901059329509735	0.029292993247509003	-0.6646760106086731	0.0013089687563478947	0.7465560436248779	0.1461648792028427	-2.9126603603363037	-0.837755024433136	-0.49023205041885376	2.3506927490234375	-0.36610954999923706	-0.254169225692749	1.0651370286941528	0.39039501547813416	0.616267740726471	0.7314127683639526	0.2293536365032196	0.15087883174419403	-1.624927043914795	0.0501800999045372	-1.5470612049102783	-0.29434606432914734	-1.5623319149017334	-0.5677208304405212	1.5707999467849731	-0.9787858128547668	0.32626575231552124	-10.03553295135498	-0.23441314697265625	7.938530445098877	0.6083130836486816	-1.5711277723312378	2.690732955932617	-0.30111074447631836	-0.3243483603000641	0.7739007472991943	-2.8251454830169678	1.3183176517486572	0.5895420908927917	-0.17763972282409668	-0.39110657572746277	0.6824344396591187	0.20699948072433472	-0.6033897399902344	-0.4985734820365906	0.0	-0.4626944661140442
0.522018551826477	-1.2232235670089722	0.3945465683937073	0.030179215595126152	-0.6686029434204102	0.005707317963242531	0.742985188961029	0.14983651041984558	-3.1127257347106934	-0.8377580046653748	-0.3219604790210724	2.3545122146606445	-0.3895014524459839	-0.1541696935892105	1.0622787475585938	0.3814135789871216	0.6307258605957031	0.6769967079162598	0.2562130391597748	0.15863028168678284	-1.6265020370483398	0.04523208737373352	-1.5308928489685059	-0.2868165969848633	-1.5760064125061035	-0.5685890316963196	1.5707999467849731	-0.9828693866729736	0.1897033303976059	-7.712835311889648	-7.450580596923828e-05	8.140411376953125	-2.2136270999908447	-0.6368860602378845	5.4920501708984375	0.2321779727935791	0.48977211117744446	0.40469616651535034	-1.777942419052124	1.604379653930664	0.4181377589702606	-0.990644097328186	-0.5432604551315308	0.2987504005432129	0.25507137179374695	-0.960320234298706	-0.11190026998519897	0.0	0.33837705850601196
0.5302424430847168	-1.2245861291885376	0.3987593352794647	0.025350436568260193	-0.6735960245132446	0.0005818073987029493	0.7386645674705505	0.15375301241874695	-3.2211737632751465	-0.8377580046653748	-0.16461560130119324	2.2621476650238037	-0.39158499240875244	-0.034487221390008926	1.074424147605896	0.40998589992523193	0.632455587387085	0.6602950692176819	0.29352882504463196	0.16760434210300446	-1.6645528078079224	0.028449680656194687	-1.5351111888885498	-0.28414320945739746	-1.6007447242736816	-0.5721968412399292	1.5707999467849731	-0.9652507305145264	-0.1711864024400711	-2.8817832469940186	0.0	7.4159016609191895	-6.014800071716309	0.04665404558181763	5.966597080230713	0.9408295154571533	1.1574044227600098	0.10385513305664062	-0.6007358431816101	1.9072816371917725	0.5176264643669128	-1.8053501844406128	-0.9529989361763	-0.142553448677063	0.270022451877594	-1.238316297531128	0.18137693405151367	0.0	1.4316871166229248
0.5390409827232361	-1.2296005487442017	0.40626755356788635	0.01918884925544262	-0.6765814423561096	-0.0007279645069502294	0.7361178398132324	0.14298905432224274	-3.227997064590454	-0.8377580046653748	-0.025324396789073944	2.113920211791992	-0.3876352906227112	0.0844941958785057	1.0999119281768799	0.42770975828170776	0.6348800659179688	0.6529672741889954	0.3325043022632599	0.1793353408575058	-1.6987160444259644	0.007112130988389254	-1.5365949869155884	-0.2760156989097595	-1.6255390644073486	-0.561333954334259	1.5707999467849731	-0.9256018996238708	-0.3125801682472229	-0.1706540584564209	0.0	5.900819778442383	-7.782107353210449	0.12880563735961914	5.175215721130371	0.9984076023101807	1.030404806137085	-0.08000433444976807	0.21817535161972046	1.7810113430023193	0.47021692991256714	-1.4796644449234009	-0.7944272756576538	0.06999969482421875	0.5867116451263428	-1.1203229427337646	0.8434370160102844	0.0	1.9468605518341064
0.5460340976715088	-1.2300053834915161	0.40913960337638855	0.018449243158102036	-0.6773415207862854	-0.003911628853529692	0.7354270815849304	0.14124980568885803	-3.2279999256134033	-0.8377580046653748	0.0714171826839447	1.9508633613586426	-0.3864327669143677	0.1725214123725891	1.1143604516983032	0.4512020945549011	0.6292554140090942	0.6690220832824707	0.3647692799568176	0.1864130198955536	-1.7237393856048584	-0.00332740880548954	-1.532311201095581	-0.26067474484443665	-1.6455576419830322	-0.5384593605995178	1.5707999467849731	-0.8873763084411621	0.21557360887527466	-7.152557373046875e-05	0.0	3.5641095638275146	-7.201904296875	0.7400825619697571	3.7837698459625244	0.4355013370513916	1.4619559049606323	-0.39015114307403564	1.2518181800842285	1.404192328453064	0.23369155824184418	-1.1337727308273315	-0.12102828174829483	-0.1567751169204712	0.8117426037788391	-0.9081989526748657	1.3282984495162964	0.0	1.617272138595581
0.551659107208252	-1.2259360551834106	0.40787991881370544	0.024470001459121704	-0.6769700646400452	-0.011015000753104687	0.7355220317840576	0.15161199867725372	-3.2279999256134033	-0.8377580046653748	0.11723999679088593	1.8258440494537354	-0.3580319881439209	0.23584499955177307	1.1173319816589355	0.48618799448013306	0.6192740201950073	0.7030400037765503	0.38867199420928955	0.18868300318717957	-1.7440669536590576	0.002271000063046813	-1.5428659915924072	-0.2435459941625595	-1.6618670225143433	-0.5082020163536072	1.5707999467849731	-0.8609110116958618	0.5030148029327393	0.14116764068603516	0.0	1.3762459754943848	-5.245447158813477	2.232205867767334	1.9364852905273438	-0.18474161624908447	1.1456027030944824	-0.5918294191360474	1.9116103649139404	0.4910498857498169	-0.19217394292354584	-0.19919872283935547	0.5854785442352295	-0.4439890384674072	0.5916237831115723	-0.158044695854187	1.2981667518615723	0.0	0.7027626037597656
0.550078272819519	-1.220914602279663	0.4033237397670746	0.032398056238889694	-0.6726030707359314	-0.014289431273937225	0.7391561269760132	0.1613703966140747	-3.222353219985962	-0.8377580046653748	0.1264670193195343	1.7410454750061035	-0.2971445322036743	0.24998082220554352	1.1069707870483398	0.4970262050628662	0.6055822372436523	0.7454864978790283	0.3844112753868103	0.17872606217861176	-1.7317073345184326	0.02009173296391964	-1.5500707626342773	-0.23700979351997375	-1.6518794298171997	-0.48653268814086914	1.5707999467849731	-0.8592658042907715	0.3003746271133423	1.3661623001098633	0.0	0.025361962616443634	-4.592800140380859	4.4031901359558105	-0.2683401107788086	-0.504109263420105	-0.09956732392311096	-0.8132293820381165	1.7891273498535156	-0.8983254432678223	-0.7518678903579712	1.0677754878997803	0.9807177782058716	0.08470416069030762	0.0941254198551178	0.7093429565429688	1.008868932723999	0.0	-0.05254894495010376
0.5461844801902771	-1.2172274589538574	0.40012580156326294	0.03909962996840477	-0.6670593619346619	-0.012097835540771484	0.7438796162605286	0.16362698376178741	-3.173353433609009	-0.8377580046653748	0.11825447529554367	1.642132043838501	-0.1819043755531311	0.22511139512062073	1.0971676111221313	0.4822053015232086	0.5867448449134827	0.7746050953865051	0.35273897647857666	0.15860828757286072	-1.7013559341430664	0.04149971157312393	-1.539477825164795	-0.2397809773683548	-1.6334933042526245	-0.4678472578525543	1.5707999467849731	-0.863012969493866	0.07939711213111877	2.851349115371704	0.0	-0.8037347197532654	-4.765450954437256	6.741971492767334	-1.458480954170227	-0.7314592599868774	-1.0863378047943115	-0.928276777267456	0.9451776742935181	-1.8089420795440674	-1.0488759279251099	1.6788333654403687	0.9584327936172485	0.5871206521987915	-0.210435688495636	1.070934534072876	0.7665574550628662	0.0	-0.2045959234237671
0.5404142141342163	-1.2148756980895996	0.39718881249427795	0.04461139813065529	-0.660969614982605	-0.008635825477540493	0.7490358352661133	0.16454628109931946	-3.1082992553710938	-0.8377580046653748	0.09431762993335724	1.5504274368286133	-0.02746567688882351	0.19164158403873444	1.0777124166488647	0.45357269048690796	0.5684511661529541	0.783293604850769	0.3120535910129547	0.13677102327346802	-1.6645539999008179	0.0584290437400341	-1.5265859365463257	-0.2454272210597992	-1.6090420484542847	-0.4558703899383545	1.5707999467849731	-0.8674496412277222	-0.27183181047439575	1.4319360256195068	0.0	-0.7059676647186279	-1.9228935241699219	5.378613471984863	-0.17022490501403809	-0.5188316106796265	-1.114580750465393	-0.8275642991065979	0.22497624158859253	-1.548709750175476	-1.221297264099121	1.2476831674575806	0.8452147245407104	0.196152925491333	-0.11619962751865387	0.7814973592758179	1.0099306106567383	0.0	0.3675535321235657
0.5388070940971375	-1.2124823331832886	0.3982545733451843	0.0460178405046463	-0.6587033867835999	-0.004617859609425068	0.750980019569397	0.15275371074676514	-3.1160759925842285	-0.8377580046653748	0.09001576900482178	1.565216302871704	0.0332401767373085	0.2183023989200592	1.0764143466949463	0.4376220703125	0.5536422729492188	0.7836041450500488	0.2907905876636505	0.10975639522075653	-1.6514486074447632	0.07530830055475235	-1.5316317081451416	-0.24442896246910095	-1.6022334098815918	-0.427450031042099	1.5707999467849731	-0.8483108282089233	-0.5234044194221497	-0.2234935760498047	0.0	-0.3491891622543335	0.8971571922302246	2.0146121978759766	1.1099554300308228	-0.0742107629776001	-1.0210596323013306	-0.39113014936447144	-0.008414685726165771	-0.8129626512527466	-0.8890742659568787	0.8974939584732056	0.6362215876579285	-0.1204758882522583	-0.025644153356552124	0.4978746175765991	1.1795789003372192	0.0	0.9571358561515808
0.5355071425437927	-1.213441014289856	0.39848995208740234	0.04809997230768204	-0.6553379893302917	0.0007389334496110678	0.7538020014762878	0.14361010491847992	-3.117238998413086	-0.8377580046653748	0.08035006374120712	1.5863137245178223	0.053118813782930374	0.23603980243206024	1.0747439861297607	0.41273030638694763	0.5528059601783752	0.7829570174217224	0.27953508496284485	0.10120805352926254	-1.6286542415618896	0.08387790620326996	-1.531404972076416	-0.24645298719406128	-1.5891270637512207	-0.4086872339248657	1.5707999467849731	-0.8291642069816589	-0.4231773316860199	0.002378225326538086	0.0	-0.31850412487983704	1.1180669069290161	0.41053181886672974	0.7257089018821716	-0.007659196853637695	-1.0939955711364746	0.1673772931098938	-0.01601278781890869	-0.3727652132511139	-0.26862993836402893	1.0829031467437744	0.3187822103500366	0.1157224178314209	-0.04171133041381836	0.5517303943634033	0.8091949224472046	0.0	0.8852943778038025
0.5321236252784729	-1.214956521987915	0.3988167941570282	0.04950602725148201	-0.6529524922370911	0.005188792943954468	0.7557613253593445	0.13582661747932434	-3.115980863571167	-0.8377580046653748	0.0772756040096283	1.6099389791488647	0.04966145008802414	0.24733075499534607	1.0761079788208008	0.393862247467041	0.5603373646736145	0.7829636335372925	0.27587997913360596	0.09901119768619537	-1.6081324815750122	0.08805958926677704	-1.5270028114318848	-0.2460974156856537	-1.5801641941070557	-0.3950822353363037	1.5707999467849731	-0.8128990530967712	-0.37126168608665466	0.11937618255615234	0.0	-0.034111738204956055	1.1757612228393555	-0.5752732753753662	0.5554187893867493	0.1180410385131836	-0.9212799072265625	0.4307299852371216	-0.06905943155288696	0.01548677682876587	0.056777894496917725	0.8974611759185791	0.16358718276023865	0.15548765659332275	-0.09241998195648193	0.44430792331695557	0.4918910562992096	0.0	0.7022634148597717
0.5292197465896606	-1.2170627117156982	0.39907535910606384	0.04986703023314476	-0.6511983275413513	0.009614781476557255	0.7572065591812134	0.12875963747501373	-3.11246395111084	-0.8377580046653748	0.07898559421300888	1.6333441734313965	0.030107883736491203	0.25825655460357666	1.079465627670288	0.37587910890579224	0.5700351595878601	0.7801946401596069	0.2801545560359955	0.10347916930913925	-1.5927557945251465	0.0904213935136795	-1.525185465812683	-0.25014978647232056	-1.5713547468185425	-0.38901159167289734	1.5707999467849731	-0.8010736703872681	-0.33036917448043823	0.2191781997680664	0.0	0.08969493210315704	1.0236173868179321	-0.8500637412071228	0.36170631647109985	0.2802640199661255	-0.9285681247711182	0.4673078656196594	-0.17284899950027466	0.36520808935165405	0.3349132835865021	0.6995141506195068	0.12817420065402985	0.007188320159912109	-0.32309815287590027	0.401538610458374	0.18013045191764832	0.0	0.48833489418029785
0.5267043113708496	-1.2196049690246582	0.39922234416007996	0.05026080831885338	-0.6500691175460815	0.014190168119966984	0.7580783367156982	0.12261185050010681	-3.1072137355804443	-0.8377580046653748	0.08086340129375458	1.650883674621582	0.015658900141716003	0.26179900765419006	1.0873185396194458	0.3567195236682892	0.5790296792984009	0.7760496735572815	0.2904883027076721	0.11240772902965546	-1.580151915550232	0.09318655729293823	-1.5267152786254883	-0.2590213418006897	-1.5641026496887207	-0.3878770172595978	1.5707999467849731	-0.7933656573295593	-0.3242340087890625	0.23419857025146484	0.0	0.08889921009540558	0.8592426776885986	-0.7349728345870972	0.08856132626533508	0.47127604484558105	-0.8990384340286255	0.5981966853141785	-0.18732547760009766	0.5659483671188354	0.43819379806518555	0.6204962730407715	0.23074336349964142	-0.05981326103210449	-0.43492764234542847	0.23728907108306885	0.041124969720840454	0.0	0.20509809255599976
0.5247964859008789	-1.2219750881195068	0.39906781911849976	0.05175861343741417	-0.6494739651679993	0.01923435740172863	0.7583763003349304	0.11579027771949768	-3.1030960083007812	-0.8377580046653748	0.0825415626168251	1.6677138805389404	0.0007089710561558604	0.26179900765419006	1.0983166694641113	0.3399175703525543	0.5939630270004272	0.772701621055603	0.302792489528656	0.12100692093372345	-1.5679359436035156	0.09965112805366516	-1.5275779962539673	-0.2675468921661377	-1.5618631839752197	-0.3873665928840637	1.5707999467849731	-0.7928697466850281	-0.32934433221817017	0.20009279251098633	0.0	0.1636885106563568	0.8437514305114746	-0.8053921461105347	0.0	0.51383376121521	-0.8073583245277405	0.7314279675483704	-0.16434043645858765	0.5517393350601196	0.3756057620048523	0.5398690700531006	0.30163469910621643	-0.11671781539916992	-0.48413798213005066	0.11028945446014404	-0.11579766869544983	0.0	-0.10023266077041626
0.5230519771575928	-1.2246938943862915	0.3985649645328522	0.05248899385333061	-0.6489169597625732	0.02361995540559292	0.7586790919303894	0.10943807661533356	-3.099210023880005	-0.8377580046653748	0.08741094172000885	1.684633731842041	-0.01655678264796734	0.26179900765419006	1.1078718900680542	0.32442519068717957	0.6082867980003357	0.769476056098938	0.3125578761100769	0.1274319589138031	-1.558557152748108	0.10525194555521011	-1.531383991241455	-0.2783868610858917	-1.559691071510315	-0.39250892400741577	1.5707999467849731	-0.797374963760376	-0.2927951514720917	0.20884275436401367	0.0	0.26472342014312744	0.793689489364624	-0.7569507956504822	0.0	0.43436288833618164	-0.7677383422851562	0.6732210516929626	-0.17670392990112305	0.40873512625694275	0.16860626637935638	0.42832791805267334	0.20531582832336426	-0.11079609394073486	-0.5598582029342651	0.14929473400115967	-0.3415420651435852	0.0	-0.2419397234916687
0.5214290618896484	-1.227515697479248	0.39789119362831116	0.05227242782711983	-0.648126482963562	0.027696553617715836	0.7592317461967468	0.10407847166061401	-3.0947422981262207	-0.8377580046653748	0.09313049912452698	1.6994614601135254	-0.02956905961036682	0.26179900765419006	1.1156911849975586	0.3092080354690552	0.6208918690681458	0.7656334638595581	0.3191418945789337	0.1277511715888977	-1.5508028268814087	0.10786376148462296	-1.5320098400115967	-0.2899412214756012	-1.5558913946151733	-0.40102827548980713	1.5707999467849731	-0.8025473356246948	-0.2532863914966583	0.18995404243469238	0.0	0.30238592624664307	0.6153732538223267	-0.516714870929718	0.0	0.3131985664367676	-0.7362887263298035	0.5003049969673157	-0.23023486137390137	0.317932665348053	0.08510574698448181	0.2986431121826172	0.11433102190494537	-0.0014781951904296875	-0.5442872643470764	0.10919272899627686	-0.36388635635375977	0.0	-0.20707100629806519
0.5211904644966125	-1.2298427820205688	0.39699873328208923	0.05173502117395401	-0.6473601460456848	0.03089059703052044	0.759798526763916	0.099306620657444	-3.091611862182617	-0.8377580046653748	0.09950637817382812	1.709248661994934	-0.037225376814603806	0.26179900765419006	1.120399832725525	0.2949736416339874	0.6282989978790283	0.7602666616439819	0.325275182723999	0.13083618879318237	-1.5466114282608032	0.10982518643140793	-1.5314431190490723	-0.3001583516597748	-1.5553233623504639	-0.40706437826156616	1.5707999467849731	-0.8056578040122986	-0.2513008117675781	0.14017224311828613	0.0	0.33433103561401367	0.5034029483795166	-0.38402247428894043	0.0	0.16106963157653809	-0.6935089826583862	0.40520280599594116	-0.33243000507354736	0.3106720745563507	0.1428704708814621	0.18785595893859863	0.11553596705198288	-0.06695389747619629	-0.5283325910568237	0.036963820457458496	-0.2932623028755188	0.0	-0.11630058288574219
0.5209924578666687	-1.2325037717819214	0.3960734009742737	0.051196008920669556	-0.6465210318565369	0.033229999244213104	0.7604510188102722	0.09402643889188766	-3.0891354084014893	-0.8377580046653748	0.10650373995304108	1.719597578048706	-0.04492995887994766	0.26179900765419006	1.1221339702606201	0.2814676761627197	0.6370999813079834	0.7523362636566162	0.33156877756118774	0.1334659904241562	-1.5432885885238647	0.11248520016670227	-1.5346879959106445	-0.31107452511787415	-1.554412841796875	-0.4127587676048279	1.5707999467849731	-0.8071993589401245	-0.2551494240760803	0.14763474464416504	0.0	0.36616361141204834	0.4403024911880493	-0.3344590663909912	0.0	-0.03564953804016113	-0.6432228088378906	0.3666490316390991	-0.46337395906448364	0.24941489100456238	0.08266046643257141	0.08329451084136963	0.07694046944379807	-0.2170085906982422	-0.5365833640098572	0.08410811424255371	-0.28433874249458313	0.0	0.018294155597686768
0.5209762454032898	-1.2353646755218506	0.3953421711921692	0.05001800134778023	-0.6455610394477844	0.03441300243139267	0.7612919807434082	0.08910064399242401	-3.0857064723968506	-0.8377580046653748	0.1141529232263565	1.726860761642456	-0.05060373991727829	0.26179900765419006	1.1189738512039185	0.2692447304725647	0.6429649591445923	0.7417317032814026	0.3352517783641815	0.13414260745048523	-1.5432796478271484	0.11290280520915985	-1.540123462677002	-0.32162168622016907	-1.5519590377807617	-0.4184379279613495	1.5707999467849731	-0.8049260377883911	-0.2905579209327698	0.2909064292907715	0.0	0.4540771245956421	0.3714561462402344	-0.39547112584114075	0.0	-0.09454786777496338	-0.7232353091239929	0.0671282410621643	-0.6048023700714111	0.3891982138156891	-0.05559772253036499	0.03746449947357178	-0.01912936568260193	-0.17162561416625977	-0.6642043590545654	0.19824206829071045	-0.34135207533836365	0.0	0.19383132457733154
0.520266056060791	-1.2389400005340576	0.3947089910507202	0.04654107615351677	-0.6443060636520386	0.03630497306585312	0.7624860405921936	0.08240412175655365	-3.0774991512298584	-0.8377580046653748	0.12466682493686676	1.7344558238983154	-0.06074880436062813	0.26179900765419006	1.1183520555496216	0.25253826379776	0.63978511095047	0.7281441688537598	0.3471367061138153	0.1312420815229416	-1.5417900085449219	0.1117200255393982	-1.541553020477295	-0.33764269948005676	-1.5464831590652466	-0.4264128506183624	1.5707999467849731	-0.7994461059570312	-0.25881585478782654	0.39221644401550293	0.0	0.5254265069961548	0.0948786735534668	-0.3752064108848572	0.0	-0.09424090385437012	-0.7403820753097534	-0.4097685217857361	-0.6963372230529785	0.3847859799861908	-0.0373203307390213	-0.04194378852844238	-0.05918499082326889	0.051280856132507324	-0.6940222978591919	0.11522769927978516	-0.3293566405773163	0.0	0.24180710315704346
0.5212170481681824	-1.2415857315063477	0.39451995491981506	0.044428013265132904	-0.6444081664085388	0.03647821024060249	0.7625177502632141	0.07874801009893417	-3.0700178146362305	-0.8377580046653748	0.13516998291015625	1.7306559085845947	-0.06561199575662613	0.26179900765419006	1.1152042150497437	0.23962944746017456	0.6265742182731628	0.7138782143592834	0.35064321756362915	0.13264979422092438	-1.5449573993682861	0.1105354055762291	-1.5380722284317017	-0.34938257932662964	-1.5473499298095703	-0.43161219358444214	1.5707999467849731	-0.7952537536621094	-0.24098214507102966	0.5195140838623047	0.0	0.6333422064781189	-0.45264363288879395	-0.16730977594852448	0.0	-0.27445554733276367	-0.7130995392799377	-1.008322834968567	-0.9401217103004456	-0.03205686807632446	0.11364221572875977	-0.23101270198822021	-0.07771532982587814	0.45474767684936523	-0.6343357563018799	-0.16109943389892578	-0.2866782248020172	0.0	0.1775115728378296
0.5230289697647095	-1.2441611289978027	0.39474380016326904	0.040991444140672684	-0.645454466342926	0.03677621856331825	0.7618110179901123	0.07276483625173569	-3.056718587875366	-0.8377580046653748	0.15000051259994507	1.7163500785827637	-0.0674411952495575	0.26179900765419006	1.107373833656311	0.2240142822265625	0.5994521975517273	0.6905393004417419	0.34585443139076233	0.13578777015209198	-1.5510305166244507	0.10861141234636307	-1.5233631134033203	-0.36301612854003906	-1.5529271364212036	-0.4378799796104431	1.5707999467849731	-0.7923456430435181	-0.4817579984664917	0.910264253616333	0.0	0.8890464901924133	-0.9805232286453247	-0.026890821754932404	0.0	-0.43215155601501465	-0.9339630603790283	-1.569978952407837	-1.3228938579559326	-0.38504377007484436	0.34014248847961426	-0.29499828815460205	-0.08491966873407364	0.9628564119338989	-0.677238404750824	-0.3557920455932617	-0.359392911195755	0.0	-0.035284459590911865
0.525039553642273	-1.245688796043396	0.39488455653190613	0.0343850702047348	-0.6474388241767883	0.0392790250480175	0.7603277564048767	0.05947769060730934	-3.033607244491577	-0.8377580046653748	0.17073184251785278	1.6914349794387817	-0.06668762862682343	0.26179900765419006	1.097918152809143	0.20227092504501343	0.5637750625610352	0.6609624624252319	0.3352414667606354	0.1462554931640625	-1.5567573308944702	0.10713861882686615	-1.4995579719543457	-0.3764721155166626	-1.5615816116333008	-0.44598791003227234	1.5707999467849731	-0.7966651320457458	-0.5934534668922424	1.1244654655456543	0.0	1.0297771692276	-1.3676881790161133	0.13139350712299347	0.0	-0.49507319927215576	-0.8651547431945801	-1.6587541103363037	-1.638887882232666	-0.5157030820846558	0.6016630530357361	-0.3112107515335083	-0.07228013128042221	1.2194156646728516	-0.7071271538734436	-0.42030811309814453	-0.44094324111938477	0.0	-0.30928105115890503
0.5261430740356445	-1.24698805809021	0.3957812190055847	0.028539305552840233	-0.6511237621307373	0.04000506177544594	0.757378876209259	0.049026697874069214	-3.01173996925354	-0.8377580046653748	0.19119159877300262	1.6616425514221191	-0.06218545511364937	0.26179900765419006	1.0875709056854248	0.1894080936908722	0.5331020355224609	0.6249837875366211	0.3252263069152832	0.15985429286956787	-1.563478946685791	0.10572020709514618	-1.4745864868164062	-0.3913012146949768	-1.5697394609451294	-0.4555177092552185	1.5707999467849731	-0.8047168850898743	-0.4990394115447998	1.0436773300170898	0.0	1.0209225416183472	-1.5293121337890625	0.26521357893943787	0.0	-0.49795210361480713	-0.43727195262908936	-1.243896722793579	-1.8749237060546875	-0.3332868218421936	0.6081092953681946	-0.4175901412963867	-0.021341070532798767	1.0856717824935913	-0.7674917578697205	-0.4399329423904419	-0.5089737176895142	0.0	-0.5093172192573547
0.5265600681304932	-1.2475539445877075	0.396323025226593	0.022745072841644287	-0.6561880707740784	0.040348995476961136	0.7531741261482239	0.03951611369848251	-2.9918601512908936	-0.8377580046653748	0.21156874299049377	1.6302624940872192	-0.056079085916280746	0.26179900765419006	1.0780000686645508	0.1847800463438034	0.5140191912651062	0.5859655141830444	0.32190999388694763	0.17057986557483673	-1.5734609365463257	0.1062849760055542	-1.456131100654602	-0.4071717858314514	-1.5791789293289185	-0.4663468599319458	1.5707999467849731	-0.81703782081604	-0.5197919011116028	1.0589420795440674	0.0	1.0381039381027222	-1.6385555267333984	0.35242578387260437	0.0	-0.34627318382263184	-0.19139237701892853	-0.7488951086997986	-1.900327205657959	0.21425634622573853	0.6485558748245239	-0.4466593265533447	-0.12348014861345291	1.4657557010650635	-0.41995495557785034	-0.44859349727630615	-0.554521381855011	0.0	-0.6737664341926575
0.5271599292755127	-1.2475571632385254	0.39666256308555603	0.01613425649702549	-0.6613186001777649	0.04181990027427673	0.7487648725509644	0.028235021978616714	-2.9693822860717773	-0.8377580046653748	0.23271575570106506	1.5961003303527832	-0.048088423907756805	0.26179900765419006	1.0737199783325195	0.18175239861011505	0.503146231174469	0.5489706993103027	0.33379656076431274	0.18579652905464172	-1.5813453197479248	0.10078100115060806	-1.4159562587738037	-0.4080994129180908	-1.5876832008361816	-0.47769856452941895	1.5707999467849731	-0.8316675424575806	-0.4443421959877014	1.0215222835540771	0.0	1.1127032041549683	-1.8175452947616577	0.4293859004974365	0.0	-0.0050067901611328125	0.04744306206703186	-0.39988458156585693	-1.8655881881713867	1.070744514465332	1.0536845922470093	-0.7524877786636353	-0.10493490844964981	1.1631935834884644	-0.1860484480857849	-0.6392389535903931	-0.6928116083145142	0.0	-0.8892565965652466
0.5283540487289429	-1.2480652332305908	0.39670640230178833	0.011073440313339233	-0.6683474183082581	0.04133446887135506	0.7426173686981201	0.021742425858974457	-2.9509992599487305	-0.8377580046653748	0.2560768723487854	1.557560682296753	-0.038903649896383286	0.26179900765419006	1.0777997970581055	0.18667776882648468	0.4980238080024719	0.5113419890403748	0.3647397756576538	0.21272724866867065	-1.603560447692871	0.1020875796675682	-1.4096033573150635	-0.4146137237548828	-1.6047484874725342	-0.49405932426452637	1.5707999467849731	-0.8526080846786499	-0.24222950637340546	0.890350341796875	0.0	1.112382173538208	-1.9396454095840454	0.4552295506000519	0.0	0.4961848258972168	0.34284815192222595	-0.12177079916000366	-1.6734682321548462	2.0534276962280273	1.6498863697052002	-1.161789894104004	0.21966733038425446	0.02238750457763672	-0.6118052005767822	-0.9282618761062622	-0.8603423833847046	0.0	-1.1804312467575073
0.5286902189254761	-1.2486448287963867	0.3971238136291504	0.007752846460789442	-0.6764323711395264	0.04017609730362892	0.7353670597076416	0.018545841798186302	-2.9337682723999023	-0.8377580046653748	0.2772110402584076	1.5185145139694214	-0.029879242181777954	0.26179900765419006	1.0935673713684082	0.1954663246870041	0.49827539920806885	0.4820319712162018	0.41593366861343384	0.25179198384284973	-1.627816915512085	0.10956769436597824	-1.4150607585906982	-0.4325716197490692	-1.6248136758804321	-0.5121122598648071	1.5707999467849731	-0.8788847923278809	-0.18527023494243622	1.0706961154937744	0.0	1.0645002126693726	-2.1570324897766113	0.410920113325119	0.0	1.42117440700531	0.5918558835983276	-0.05850866436958313	-1.0740101337432861	3.6334409713745117	1.2267738580703735	-1.231980323791504	0.7903532981872559	-0.4638969898223877	-1.51003897190094	-1.1331677436828613	-1.0924651622772217	0.0	-1.7966926097869873
0.5265749096870422	-1.248908281326294	0.39888593554496765	0.00532303424552083	-0.6871182918548584	0.04023558646440506	0.7254113554954529	0.014331616461277008	-2.9081714153289795	-0.8377580046653748	0.2986568808555603	1.4712793827056885	-0.02246684581041336	0.26179900765419006	1.1346467733383179	0.21035200357437134	0.4956834614276886	0.4683815836906433	0.5100774168968201	0.2617982029914856	-1.6528396606445312	0.13370171189308167	-1.428159236907959	-0.4750152826309204	-1.6500751972198486	-0.537757933139801	1.5707999467849731	-0.9244757890701294	-0.1522710621356964	1.2337327003479004	0.0	0.5654491186141968	-1.668238639831543	-0.035118963569402695	0.0	2.6114165782928467	1.0160170793533325	0.09981542825698853	0.07062554359436035	2.691633939743042	0.2501755952835083	-0.6820261478424072	1.2577576637268066	-0.5869299173355103	-2.343609094619751	-0.6631076335906982	-1.1483937501907349	0.0	-1.9694044589996338
0.5146241188049316	-1.2503529787063599	0.4033779501914978	0.004569000098854303	-0.6975910663604736	0.039212003350257874	0.7154081463813782	0.01245499961078167	-2.8844189643859863	-0.8377580046653748	0.29982900619506836	1.4517849683761597	-0.03128400072455406	0.26179900765419006	1.198024034500122	0.2361070066690445	0.5022680163383484	0.4848569929599762	0.5235990285873413	0.26179900765419006	-1.6550979614257812	0.15987800061702728	-1.4385379552841187	-0.5263159871101379	-1.65133798122406	-0.5580480098724365	1.5707999467849731	-0.957660973072052	-0.047765254974365234	1.5047252178192139	0.0	-0.33002570271492004	-0.8565247058868408	-1.2028257846832275	-0.0014901161193847656	3.945925712585449	1.3933979272842407	0.16336366534233093	1.6281917095184326	0.022007524967193604	2.0116567611694336e-05	0.39411187171936035	1.1812914609909058	-0.3613889217376709	-2.380150556564331	0.36348700523376465	-0.6635323166847229	0.0	-1.090151071548462
0.49394291639328003	-1.252589225769043	0.41188812255859375	0.006389226298779249	-0.7092037796974182	0.038752391934394836	0.7039089798927307	0.012421006336808205	-2.847982406616211	-0.8377580046653748	0.2854558527469635	1.4370183944702148	-0.0705798789858818	0.2617394030094147	1.2924838066101074	0.26608791947364807	0.5022180080413818	0.5335092544555664	0.5109577178955078	0.26179900765419006	-1.6370751857757568	0.18095336854457855	-1.4426147937774658	-0.5702213048934937	-1.635535717010498	-0.5642992258071899	1.5707999467849731	-0.9680818319320679	-0.24267365038394928	1.9676685333251953	0.0	-0.9598717093467712	-0.7104784250259399	-2.5030832290649414	-0.7753543853759766	5.724430084228516	1.8201549053192139	0.12408941984176636	4.322909355163574	-2.7737042903900146	0.0	1.2259423732757568	1.0409791469573975	-0.005549192428588867	-1.605561375617981	0.919613242149353	0.5684301257133484	0.0	0.44085830450057983
0.47106462717056274	-1.2536242008209229	0.4207978844642639	0.009480605833232403	-0.7191250324249268	0.04040169343352318	0.6936407685279846	0.002748053753748536	-2.8057122230529785	-0.8377580046653748	0.2614341378211975	1.423365831375122	-0.13140733540058136	0.2307848334312439	1.4270012378692627	0.3089132010936737	0.507231593132019	0.6577733755111694	0.41265085339546204	0.26179900765419006	-1.606060266494751	0.20151716470718384	-1.4387599229812622	-0.5905384421348572	-1.614553451538086	-0.5353108048439026	1.5707999467849731	-0.9400266408920288	-0.30247554183006287	2.451831102371216	0.0	-1.485114574432373	-0.8971869945526123	-2.8715622425079346	-1.928866982460022	6.910592079162598	2.294745922088623	0.2504482865333557	6.561437129974365	-5.150303840637207	0.0	1.7779827117919922	-0.16823001205921173	0.15143156051635742	0.9668409824371338	1.320195198059082	1.7401084899902344	0.0	2.168548107147217
0.44463324546813965	-1.2545074224472046	0.4315918982028961	0.014215989969670773	-0.727343738079071	0.042559679597616196	0.6848044991493225	0.0003219848149456084	-2.7499091625213623	-0.8377580046653748	0.22605127096176147	1.4011309146881104	-0.18544237315654755	0.18458472192287445	1.5689074993133545	0.3578777611255646	0.5122359395027161	0.7959667444229126	0.30494555830955505	0.26179900765419006	-1.5659558773040771	0.17422416806221008	-1.4365575313568115	-0.5315476655960083	-1.5827279090881348	-0.49469488859176636	1.5707999467849731	-0.8813399076461792	-0.020686309784650803	2.856779098510742	0.0	-1.6975551843643188	-1.1228054761886597	-2.6595444679260254	-2.094102621078491	7.58836555480957	2.6340484619140625	0.19215047359466553	7.704827308654785	-5.781914234161377	0.0	1.9812703132629395	-1.8996219635009766	0.06279051303863525	3.64522647857666	1.56516432762146	1.9157618284225464	0.0	3.069978952407837
0.4191684126853943	-1.2567356824874878	0.4411237835884094	0.02004266530275345	-0.7338362336158752	0.04545492306351662	0.6775078773498535	0.0019206013530492783	-2.691441059112549	-0.8377580046653748	0.19353193044662476	1.3784536123275757	-0.2377891093492508	0.14702072739601135	1.730535864830017	0.4142751395702362	0.5149176120758057	0.9659664630889893	0.18137428164482117	0.26179900765419006	-1.5268094539642334	0.12553228437900543	-1.4362483024597168	-0.44472938776016235	-1.5519468784332275	-0.45868033170700073	1.5707999467849731	-0.8172274827957153	0.057550378143787384	2.618253231048584	0.0	-1.5105317831039429	-1.213422417640686	-2.215590715408325	-1.5843180418014526	8.269437789916992	2.9572806358337402	-0.4677236080169678	8.590280532836914	-5.985339164733887	-1.4853752851486206	1.7042458057403564	-1.8883042335510254	0.019612908363342285	3.712916374206543	1.1625736951828003	1.7744719982147217	0.0	2.8233721256256104
0.3998940587043762	-1.257375955581665	0.4485449492931366	0.027309004217386246	-0.7390300035476685	0.04801800101995468	0.6714041233062744	0.002623999956995249	-2.645179033279419	-0.8377580046653748	0.16562999784946442	1.352594017982483	-0.2740660011768341	0.12121199816465378	1.899685025215149	0.47616899013519287	0.49352699518203735	1.1395779848098755	0.06553199887275696	0.20238399505615234	-1.497786045074463	0.09869199991226196	-1.4357730150222778	-0.3830310106277466	-1.5362249612808228	-0.4237160086631775	1.5707999467849731	-0.768405020236969	-0.0965750440955162	2.0589590072631836	0.0	-1.2180671691894531	-1.2616723775863647	-1.3946313858032227	-1.0647072792053223	8.607736587524414	3.178318500518799	-1.4118320941925049	8.56454086303711	-5.925622940063477	-3.5486176013946533	1.3763606548309326	-1.3344764709472656	0.6000697612762451	3.3691673278808594	0.597846508026123	1.8395318984985352	0.0	2.2846460342407227
0.38780027627944946	-1.2558461427688599	0.4538149833679199	0.03369364142417908	-0.7417044043540955	0.05254308134317398	0.6678164005279541	-0.0019424003548920155	-2.6090826988220215	-0.8377580046653748	0.14480924606323242	1.327986717224121	-0.29357436299324036	0.10443243384361267	2.074845314025879	0.5414078831672668	0.4584443271160126	1.308548092842102	-0.05565063655376434	0.11985430121421814	-1.471755027770996	0.07215322554111481	-1.412245512008667	-0.3099626898765564	-1.5280330181121826	-0.38509905338287354	1.5707999467849731	-0.7258416414260864	-0.1608847677707672	1.428133249282837	0.0	-0.8272785544395447	-1.0087430477142334	-0.7501095533370972	-0.5411148071289062	8.087751388549805	3.2635421752929688	-2.090437650680542	6.893840312957764	-4.751913070678711	-2.811372995376587	0.9999305009841919	-0.8264895677566528	0.6593018770217896	2.670182228088379	0.2182602882385254	1.5772126913070679	0.0	1.631458044052124
0.3805823028087616	-1.2548763751983643	0.45714879035949707	0.04020160436630249	-0.7438021302223206	0.05608744919300079	0.6648283004760742	-0.0038113908376544714	-2.5880537033081055	-0.8377580046653748	0.13253885507583618	1.3122442960739136	-0.304070383310318	0.09956740587949753	2.2231950759887695	0.60671067237854	0.4099094867706299	1.4153316020965576	-0.12454451620578766	0.08992907404899597	-1.4577888250350952	0.0656324177980423	-1.4094009399414062	-0.27622371912002563	-1.5274945497512817	-0.36062750220298767	1.5707999467849731	-0.7031466960906982	-0.025430025532841682	0.9459435939788818	0.0	-0.6248302459716797	-0.5511850118637085	-0.4330389201641083	-0.15468579530715942	6.567800045013428	3.1551167964935303	-2.5206968784332275	3.6789746284484863	-2.519561767578125	-0.7910374402999878	0.7077693939208984	-0.19396059215068817	0.08611679077148438	1.1542648077011108	0.10534524917602539	0.9054437279701233	0.0	0.8588582277297974
0.37303346395492554	-1.2553832530975342	0.4597979784011841	0.04615539312362671	-0.7451664209365845	0.05803041532635689	0.6627436876296997	-0.0029596013482660055	-2.571244955062866	-0.8377580046653748	0.11981603503227234	1.3059393167495728	-0.3108959197998047	0.09824500232934952	2.337557315826416	0.6676125526428223	0.35761645436286926	1.45570707321167	-0.15643310546875	0.08821280300617218	-1.4434442520141602	0.06439480185508728	-1.4088008403778076	-0.26379209756851196	-1.5238192081451416	-0.3488813042640686	1.5707999467849731	-0.6914873123168945	0.08315177261829376	0.5882740020751953	0.0	-0.6719838976860046	-0.38813650608062744	-0.33243969082832336	-0.08245352655649185	5.38712739944458	3.1359405517578125	-2.934879779815674	1.4309465885162354	-1.9151982069015503	-0.03355294466018677	0.5696624517440796	0.0054329633712768555	0.20998120307922363	0.7086426019668579	0.06407797336578369	0.7114760875701904	0.0	0.5889475345611572
0.370822548866272	-1.2527742385864258	0.4622533321380615	0.0514146164059639	-0.7453054189682007	0.05942535027861595	0.6620767712593079	-0.00048531987704336643	-2.5645227432250977	-0.8377580046653748	0.10565949976444244	1.2967188358306885	-0.3173679709434509	0.09626926481723785	2.4386801719665527	0.732148289680481	0.29251429438591003	1.472569465637207	-0.20115244388580322	0.0885869562625885	-1.435002326965332	0.06584973633289337	-1.4010016918182373	-0.24787801504135132	-1.5249314308166504	-0.33216845989227295	1.5707999467849731	-0.679588794708252	0.49255913496017456	0.25119781494140625	0.0	-1.8103828430175781	-0.9303957223892212	-0.19960105419158936	-0.4414685070514679	2.647542953491211	3.2337918281555176	-3.351140022277832	-1.48334801197052	-2.597376823425293	0.20982640981674194	0.6839007139205933	0.1628287136554718	0.3437936305999756	1.0906673669815063	0.44825077056884766	1.2564204931259155	0.0	0.8511260151863098
0.36281707882881165	-1.2437961101531982	0.4683119058609009	0.05921389162540436	-0.7464250326156616	0.051914092153310776	0.6607940196990967	0.01674276404082775	-2.56119704246521	-0.8377580046653748	0.04740072041749954	1.268723487854004	-0.31887996196746826	0.0805862620472908	2.4434590339660645	0.7969642281532288	0.22357085347175598	1.3963731527328491	-0.26032817363739014	0.09660585969686508	-1.4160882234573364	0.07090795040130615	-1.3950490951538086	-0.2201654016971588	-1.5058891773223877	-0.2986244857311249	1.5707999467849731	-0.6574422717094421	0.774900496006012	0.40585994720458984	0.0	-2.642070770263672	-1.5358686447143555	0.09291619062423706	-0.9334843754768372	0.11949539184570312	2.626025676727295	-3.427670955657959	-4.593062400817871	-2.727288007736206	0.48391205072402954	0.7864385843276978	0.026880763471126556	0.3509521484375	1.4799140691757202	0.777021050453186	1.808882474899292	0.0	1.5535309314727783
0.3583943247795105	-1.2382802963256836	0.4756030738353729	0.06627082079648972	-0.7453098893165588	0.04580533877015114	0.6618331670761108	0.03051070123910904	-2.548288345336914	-0.8377580046653748	-2.33303289860487e-05	1.2352840900421143	-0.31365132331848145	0.058929890394210815	2.443459987640381	0.8371893167495728	0.15540745854377747	1.2888469696044922	-0.31024396419525146	0.10794343799352646	-1.4035447835922241	0.06692496687173843	-1.3869636058807373	-0.1886814534664154	-1.493850588798523	-0.2598131597042084	1.5707999467849731	-0.617447555065155	0.4534401595592499	0.6738662719726562	0.0	-1.6207903623580933	-1.4380842447280884	0.3007456660270691	-0.8696831464767456	2.384185791015625e-05	1.019834041595459	-3.7877793312072754	-5.708819389343262	-1.9412189722061157	0.5374243259429932	0.3564506769180298	-0.4330524206161499	0.3085672855377197	1.5132977962493896	0.42586326599121094	1.8153578042984009	0.0	2.303527355194092
0.3578850030899048	-1.2390570640563965	0.4815863370895386	0.06943759322166443	-0.7430479526519775	0.04108789190649986	0.66435706615448	0.034880369901657104	-2.5342423915863037	-0.8377580046653748	-0.017430894076824188	1.2112001180648804	-0.3068501353263855	0.04579893499612808	2.443459987640381	0.8377575874328613	0.07205967605113983	1.1680203676223755	-0.33797693252563477	0.11810283362865448	-1.4018301963806152	0.053585853427648544	-1.3827064037322998	-0.15963348746299744	-1.4888546466827393	-0.22601017355918884	1.5707999467849731	-0.5653011798858643	0.06640665233135223	0.44441819190979004	0.0	-0.34227997064590454	-0.7189512252807617	0.35697370767593384	-0.2734958231449127	0.0	0.014217197895050049	-3.784562587738037	-5.746155738830566	-0.4375763237476349	0.3663789629936218	-0.11997520923614502	-0.756296694278717	0.0698477029800415	1.3592090606689453	0.11595785617828369	1.5041463375091553	0.0	2.5904908180236816
0.3617572784423828	-1.2428592443466187	0.4851655662059784	0.0694814994931221	-0.7393971681594849	0.03786144405603409	0.6686040163040161	0.03316696733236313	-2.5305116176605225	-0.8377580046653748	-0.013714529573917389	1.2065260410308838	-0.2993723750114441	0.04799005761742592	2.443459987640381	0.8377580046653748	0.004024950787425041	1.0590007305145264	-0.32774701714515686	0.12259859591722488	-1.40834379196167	0.03667309880256653	-1.3841696977615356	-0.13431309163570404	-1.4892122745513916	-0.19964730739593506	1.5707999467849731	-0.513827919960022	-0.24693967401981354	-0.3715097904205322	0.0	0.7849215269088745	1.083633303642273	0.20593777298927307	0.8003415465354919	0.0	1.043081283569336e-05	-2.4386868476867676	-5.258163928985596	2.724315881729126	-0.11016279458999634	-0.3126978874206543	-1.2374709844589233	-0.14475584030151367	1.4560513496398926	0.042253732681274414	1.1035207509994507	0.0	2.827396869659424
0.371412068605423	-1.2517554759979248	0.48329779505729675	0.06639983505010605	-0.7313916087150574	0.03818704932928085	0.6776422262191772	0.02500278316438198	-2.549102783203125	-0.8377580046653748	0.013965967111289501	1.2545454502105713	-0.2986126244068146	0.07781259715557098	2.443459987640381	0.8377580046653748	-0.02548779919743538	0.9576938152313232	-0.22900429368019104	0.11369632184505463	-1.4143381118774414	0.004087014123797417	-1.3884966373443604	-0.10139143466949463	-1.4871644973754883	-0.18186934292316437	1.5707999467849731	-0.4522053003311157	-0.12177419662475586	-1.1175334453582764	0.0	0.9791882634162903	2.751824378967285	-0.32529085874557495	1.563098669052124	0.0	0.0	-0.6863237619400024	-3.6715686321258545	7.346925258636475	-1.9297149181365967	-0.11335611343383789	-1.776652455329895	-0.17563402652740479	1.581727385520935	0.4208564758300781	0.3672078251838684	0.0	2.5144734382629395
0.3771330714225769	-1.2596830129623413	0.48059698939323425	0.06308800727128983	-0.7230570316314697	0.035030998289585114	0.6870080828666687	0.02829599939286709	-2.5752129554748535	-0.8377580046653748	0.025452999398112297	1.3165990114212036	-0.3123840093612671	0.11051400005817413	2.443459987640381	0.8377580046653748	-0.023428000509738922	0.9121379852294922	-0.03387000039219856	0.045409999787807465	-1.4128780364990234	-0.03439300134778023	-1.3911950588226318	-0.07104399800300598	-1.4723780155181885	-0.18495899438858032	1.5707999467849731	-0.4132489860057831	0.3835449516773224	-1.1411011219024658	0.0	0.0460718534886837	1.7570316791534424	-0.04641488194465637	1.0996695756912231	0.0	0.0	-0.15815961360931396	-0.6250321865081787	5.34855318069458	-2.8318519592285156	-0.17439723014831543	-1.1540453433990479	-0.36922693252563477	0.907491147518158	0.5037784576416016	0.016693398356437683	0.0	1.3977669477462769
0.384056031703949	-1.2596912384033203	0.48243436217308044	0.062170207500457764	-0.7179586887359619	0.027071908116340637	0.6927754878997803	0.04034458100795746	-2.5947468280792236	-0.8377580046653748	0.015808841213583946	1.324826717376709	-0.30046921968460083	0.12179937958717346	2.443459987640381	0.8377580046653748	-0.03181418403983116	0.9326925277709961	-0.015062174759805202	0.00042224256321787834	-1.421314001083374	-0.04207479953765869	-1.4032657146453857	-0.06509178876876831	-1.4670133590698242	-0.18120160698890686	1.5707999467849731	-0.39629462361335754	0.5092290639877319	-1.2447834014892578	0.0	-0.7176373600959778	0.8183181285858154	0.6322436332702637	0.39539486169815063	0.0	0.0	-0.512637734413147	1.3149306774139404	0.3966195583343506	-1.7036815881729126	-0.25270283222198486	-0.14573530852794647	-0.5663782358169556	0.18034949898719788	0.43846964836120605	0.35054832696914673	0.0	0.7515877485275269
0.3905334174633026	-1.2568080425262451	0.4827781915664673	0.060634348541498184	-0.7112513184547424	0.019145088270306587	0.7000564336776733	0.048665162175893784	-2.625004291534424	-0.8377580046653748	-0.0032524955458939075	1.3493317365646362	-0.28709426522254944	0.12632979452610016	2.443459987640381	0.8377580046653748	-0.04393351078033447	0.964735209941864	-0.018005218356847763	-0.02273726649582386	-1.4229861497879028	-0.0402224138379097	-1.41385018825531	-0.06383001804351807	-1.4548392295837402	-0.17093706130981445	1.5707999467849731	-0.383185476064682	0.4722387492656708	-1.6786158084869385	0.0	-1.1493009328842163	1.238846778869629	0.8880711793899536	0.14162547886371613	0.0	0.0	-0.91753089427948	1.8518507480621338	-0.1364305317401886	-1.9310861825942993	-0.0327378511428833	0.14115852117538452	-0.2806514501571655	0.1900288313627243	0.6499558687210083	0.728566586971283	0.0	0.8017576932907104
0.3975980281829834	-1.2522491216659546	0.4836622178554535	0.06048894673585892	-0.703566312789917	0.00970428716391325	0.707984209060669	0.0592341311275959	-2.661891460418701	-0.8377580046653748	-0.030163196846842766	1.3743805885314941	-0.2649463713169098	0.1274643987417221	2.443459987640381	0.8377580046653748	-0.06851541996002197	1.0067665576934814	-0.020519396290183067	-0.0768212080001831	-1.4226235151290894	-0.036428458988666534	-1.4144917726516724	-0.05749063566327095	-1.4410151243209839	-0.152058944106102	1.5707999467849731	-0.36422431468963623	0.4575992822647095	-1.7372965812683105	0.0	-1.3668253421783447	1.1047154664993286	1.1436409950256348	-0.035504065454006195	0.0	0.0	-1.118123173713684	2.2280023097991943	-0.8446770906448364	-2.390815258026123	0.048342347145080566	0.3234729766845703	-0.018581748008728027	0.28166911005973816	0.6638914346694946	0.9425166845321655	0.0	0.7598496675491333
0.4038524031639099	-1.2458090782165527	0.4840580224990845	0.05995941534638405	-0.6961793899536133	0.0018738810904324055	0.71535724401474	0.066969133913517	-2.6944961547851562	-0.8377580046653748	-0.0579255111515522	1.3935203552246094	-0.24134862422943115	0.12490963190793991	2.443459987640381	0.8377580046653748	-0.08865843713283539	1.053855299949646	-0.05179230123758316	-0.11836987733840942	-1.4210524559020996	-0.027283495292067528	-1.4145934581756592	-0.05256325379014015	-1.4282835721969604	-0.13323639333248138	1.5707999467849731	-0.3527914881706238	0.3426949381828308	-1.5932261943817139	0.0	-1.3647867441177368	1.032179594039917	1.0803534984588623	-0.13598445057868958	0.0	0.0	-0.838410496711731	2.3092241287231445	-1.4310317039489746	-1.6676627397537231	0.1310884952545166	0.44358378648757935	0.046193599700927734	0.2758137881755829	0.658947229385376	0.8986681699752808	0.0	0.45683085918426514
0.40945300459861755	-1.23940110206604	0.48381704092025757	0.05963200703263283	-0.6885040998458862	-0.004684922285377979	0.7227619290351868	0.07294192910194397	-2.7256205081939697	-0.8377580046653748	-0.08475466817617416	1.4156677722930908	-0.2217322289943695	0.1220250204205513	2.443459987640381	0.8377580046653748	-0.10205183923244476	1.0991355180740356	-0.07776066660881042	-0.14352771639823914	-1.4173799753189087	-0.018685108050704002	-1.4126440286636353	-0.046458084136247635	-1.4146572351455688	-0.11611221730709076	1.5707999467849731	-0.3459510803222656	0.25377535820007324	-1.4826834201812744	0.0	-1.480406403541565	1.1937737464904785	0.9356207847595215	-0.15492457151412964	0.0	0.0	-0.5271207690238953	2.450558662414551	-1.4763106107711792	-1.2005805969238281	0.27177929878234863	0.448444128036499	0.07514357566833496	0.3806571364402771	0.7196038961410522	0.945676863193512	0.0	0.34957006573677063
0.4129057824611664	-1.2324062585830688	0.4840085804462433	0.059896986931562424	-0.6799558997154236	-0.010674563236534595	0.7307246923446655	0.07712014764547348	-2.7538034915924072	-0.8377580046653748	-0.11714176833629608	1.4412713050842285	-0.2039237916469574	0.1187126487493515	2.443459987640381	0.8377580046653748	-0.10974326729774475	1.1518776416778564	-0.11084472388029099	-0.16639310121536255	-1.4101812839508057	-0.009345730766654015	-1.4115877151489258	-0.03733696788549423	-1.3994994163513184	-0.0954093188047409	1.5707999467849731	-0.33880868554115295	0.39441511034965515	-2.4401605129241943	0.0	-1.9610339403152466	2.7419419288635254	0.42960047721862793	-0.01276601105928421	0.0	0.0	-0.2401323914527893	3.355905532836914	-1.8303446769714355	-0.9538698792457581	0.6331562995910645	0.3518362045288086	-0.5519241094589233	0.7264713644981384	1.1531472206115723	1.7310212850570679	0.0	1.4630720615386963
0.4185013771057129	-1.229397177696228	0.4810246229171753	0.06579587608575821	-0.663696825504303	-0.025012865662574768	0.744682252407074	0.08871853351593018	-2.8232269287109375	-0.8377580046653748	-0.16319602727890015	1.5253454446792603	-0.2045482099056244	0.12151437997817993	2.443459987640381	0.8377580046653748	-0.11165713518857956	1.2333717346191406	-0.15097445249557495	-0.1816825121641159	-1.3920537233352661	-0.00461166026070714	-1.4347209930419922	-0.017399229109287262	-1.368531346321106	-0.046871367841959	1.5707999467849731	-0.28742820024490356	0.36689135432243347	-2.4484097957611084	0.0	-1.695841908454895	2.935725450515747	0.15633292496204376	0.12101344764232635	0.0	0.0	-0.1878879964351654	2.866077423095703	-1.3173656463623047	-0.7697399854660034	0.7367312908172607	0.3068124055862427	-0.5374431610107422	0.6400677561759949	0.9867727756500244	1.6502149105072021	0.0	1.4108330011367798
0.42408400774002075	-1.2263052463531494	0.4802008271217346	0.06966917216777802	-0.6541720032691956	-0.028494657948613167	0.752591073513031	0.09179580211639404	-2.8517398834228516	-0.8377580046653748	-0.18497544527053833	1.5587003231048584	-0.19767047464847565	0.12355318665504456	2.443459987640381	0.8377580046653748	-0.11725878715515137	1.2665207386016846	-0.1635393500328064	-0.19718270003795624	-1.3807120323181152	0.0029267652425915003	-1.4330854415893555	-0.011734257452189922	-1.3600285053253174	-0.029400717467069626	1.5707999467849731	-0.28237536549568176	0.12641064822673798	-1.2644529342651367	0.0	-1.0988987684249878	1.57337486743927	0.37893950939178467	0.10581947863101959	0.0	0.0	-0.15753191709518433	1.6637802124023438	-0.5268216133117676	-0.7559284567832947	0.5948513746261597	0.2920805811882019	0.03267526626586914	0.2862798571586609	0.47250688076019287	0.8239452838897705	0.0	0.10698959231376648
0.42983442544937134	-1.2233232259750366	0.4799385070800781	0.07273812592029572	-0.6434465646743774	-0.031101929023861885	0.7613925337791443	0.0937749594449997	-2.873805046081543	-0.8377580046653748	-0.20715197920799255	1.588280439376831	-0.189390629529953	0.12574715912342072	2.443459987640381	0.8377580046653748	-0.11795841157436371	1.2999229431152344	-0.17204731702804565	-0.2119196504354477	-1.3682596683502197	0.007071563974022865	-1.4334139823913574	-0.005948034580796957	-1.3496310710906982	-0.01391355600208044	1.5707999467849731	-0.2831486165523529	0.07925480604171753	-0.8946716785430908	0.0	-1.1124565601348877	1.4052122831344604	0.3357853889465332	0.0673200935125351	0.0	0.0	0.12099221348762512	1.5966951847076416	-0.40456390380859375	-0.7325779795646667	0.6892204284667969	0.1684301495552063	0.03215968608856201	0.18595623970031738	0.5641311407089233	0.6859645247459412	0.0	-0.12796446681022644
0.4355370104312897	-1.2213259935379028	0.4806649684906006	0.07574596256017685	-0.6316363215446472	-0.0326789915561676	0.7708640098571777	0.09496599435806274	-2.887526750564575	-0.8377580046653748	-0.22947371006011963	1.6149088144302368	-0.18423905968666077	0.12624599039554596	2.443459987640381	0.8377580046653748	-0.11241909861564636	1.3303885459899902	-0.1797219067811966	-0.22648581862449646	-1.3531432151794434	0.00966397114098072	-1.431799054145813	-0.004296007566154003	-1.3374632596969604	-0.0019621369428932667	1.5707999467849731	-0.2874939441680908	-0.11962652206420898	0.493466854095459	0.0	-0.7391124963760376	-0.14998316764831543	0.30502378940582275	-0.13889968395233154	0.0	0.0	0.2198532223701477	0.6522297859191895	-0.2722814679145813	-0.5668122172355652	0.4748880863189697	0.07031121850013733	0.4680156707763672	-0.06177973747253418	0.21786093711853027	0.1912885159254074	0.0	-0.6941266059875488
0.4405667185783386	-1.2156181335449219	0.4847828149795532	0.07246554642915726	-0.6271030902862549	-0.02451968565583229	0.7751706838607788	0.08898989856243134	-2.8540663719177246	-0.8377580046653748	-0.23671647906303406	1.5822811126708984	-0.1771896779537201	0.12019117176532745	2.443459987640381	0.8377580046653748	-0.1091642826795578	1.326012134552002	-0.1829385757446289	-0.23459213972091675	-1.349264144897461	0.00988401286303997	-1.4146933555603027	-0.008419224061071873	-1.340916633605957	-0.006262015551328659	1.5707999467849731	-0.31091368198394775	-0.3171052932739258	1.0857641696929932	0.0	-0.7663838863372803	-0.624653697013855	0.7244288921356201	-0.3400363028049469	0.0	0.0	0.47310030460357666	0.5701810121536255	-0.21317116916179657	-0.8321248292922974	0.5561530590057373	0.21162252128124237	0.9733915328979492	-0.30715617537498474	0.2769976854324341	-0.21253596246242523	0.0	-1.459205150604248
0.4467674791812897	-1.2124871015548706	0.4878315329551697	0.07239055633544922	-0.6135879755020142	-0.02242630533874035	0.7859813570976257	0.08228178322315216	-2.8440961837768555	-0.8377580046653748	-0.26012906432151794	1.5899226665496826	-0.15526190400123596	0.11264453828334808	2.443459987640381	0.8377580046653748	-0.09349508583545685	1.3531957864761353	-0.18824875354766846	-0.25977081060409546	-1.3308970928192139	0.01812887191772461	-1.392863392829895	-0.016582254320383072	-1.326383352279663	-0.010463574901223183	1.5707999467849731	-0.34586215019226074	-0.24808290600776672	0.4593193531036377	0.0	-1.25813627243042	0.7117211818695068	0.6026920080184937	-0.3208248019218445	0.0	0.0	0.9805204272270203	1.5118658542633057	-0.3966867923736572	-0.6801717281341553	1.0535567998886108	0.2748899757862091	1.1672675609588623	-0.3145298361778259	0.8879601955413818	-0.03850935027003288	0.0	-0.9700678586959839
0.4506431221961975	-1.2110860347747803	0.4909631609916687	0.07292475551366806	-0.5991803407669067	-0.021263696253299713	0.7970024347305298	0.07906658202409744	-2.835693597793579	-0.8377580046653748	-0.28704193234443665	1.6107499599456787	-0.1530819982290268	0.1073581799864769	2.443459987640381	0.8377580046653748	-0.06994346529245377	1.3864867687225342	-0.1988060474395752	-0.26179900765419006	-1.3071218729019165	0.020879611372947693	-1.3680026531219482	-0.021000416949391365	-1.3053982257843018	-0.007802389562129974	1.5707999467849731	-0.3497163951396942	-0.22034496068954468	0.529026985168457	0.0	-1.3495750427246094	1.0717153549194336	-0.02465769648551941	-0.21599866449832916	0.0	0.0	1.2866939306259155	1.6717880964279175	-0.4775267243385315	-0.05070492625236511	1.355522871017456	0.16454848647117615	0.9752988815307617	-0.20108389854431152	1.1010050773620605	0.08406427502632141	0.0	-0.21442174911499023
0.45386406779289246	-1.2102810144424438	0.4944499433040619	0.07314275205135345	-0.5842024683952332	-0.019694941118359566	0.8080654740333557	0.07346798479557037	-2.822935104370117	-0.8377580046653748	-0.3141120672225952	1.63279128074646	-0.15624821186065674	0.10400459170341492	2.443459987640381	0.8377580046653748	-0.04202732816338539	1.420067310333252	-0.20734982192516327	-0.26179900765419006	-1.2766761779785156	0.02471081167459488	-1.3538514375686646	-0.024625610560178757	-1.2823431491851807	-0.007101004011929035	1.5707999467849731	-0.35443902015686035	-0.33208951354026794	0.7418394088745117	0.0	-1.279252052307129	1.0302245616912842	-0.13672485947608948	-0.14935451745986938	0.0	0.0	1.4283115863800049	1.5897810459136963	-0.3223739564418793	0.0	1.6021966934204102	0.2453347146511078	0.6724417209625244	-0.2667645514011383	1.1455059051513672	-0.07616525888442993	0.0	-0.4330649971961975
0.45764005184173584	-1.2100399732589722	0.4979899227619171	0.07318000495433807	-0.5691290497779846	-0.0172830019146204	0.8188031315803528	0.06578300148248672	-2.8060200214385986	-0.8377580046653748	-0.3382120132446289	1.65195894241333	-0.15855099260807037	0.1013839989900589	2.443459987640381	0.8377580046653748	-0.01281100045889616	1.450078010559082	-0.21170100569725037	-0.26179900765419006	-1.2430340051651	0.030693000182509422	-1.3411049842834473	-0.03167099878191948	-1.259577989578247	-0.010848999954760075	1.5707999467849731	-0.3670389950275421	-0.42538392543792725	0.9277284145355225	0.0	-1.1540069580078125	0.8931457996368408	-0.1008443534374237	-0.11035986244678497	0.0	0.0	1.474371314048767	1.4140427112579346	-0.14185942709445953	0.0	1.7219215631484985	0.3830239176750183	0.987812876701355	-0.538968563079834	1.197350025177002	-0.271654337644577	0.0	-0.7771581411361694
0.46198827028274536	-1.2102394104003906	0.5017581582069397	0.07298296689987183	-0.5538800358772278	-0.014471118338406086	0.8292653560638428	0.05645262822508812	-2.7858259677886963	-0.8377580046653748	-0.3602723479270935	1.6685171127319336	-0.1602819859981537	0.09959019720554352	2.443459987640381	0.8377580046653748	0.01694752275943756	1.4766290187835693	-0.21302419900894165	-0.26179900765419006	-1.2077993154525757	0.04003176838159561	-1.3143389225006104	-0.04618435353040695	-1.2344491481781006	-0.01796717755496502	1.5707999467849731	-0.38552534580230713	-0.4844638407230377	1.0424435138702393	0.0	-0.9776368737220764	0.7232099771499634	-0.04404522478580475	0.0035898759961128235	0.0	0.0	1.4493863582611084	1.1889517307281494	-0.011455267667770386	0.0	1.6913741827011108	0.458843857049942	1.6226470470428467	-0.8300620317459106	1.2240111827850342	-0.41940855979919434	-0.017559528350830078	-1.0171220302581787
0.4678080081939697	-1.2111223936080933	0.5055689215660095	0.07249559462070465	-0.538683295249939	-0.011617275886237621	0.839303195476532	0.04640444740653038	-2.764322280883789	-0.8377580046653748	-0.37731748819351196	1.6808873414993286	-0.16031280159950256	0.10152759402990341	2.443459987640381	0.8377580046653748	0.045164454728364944	1.497636079788208	-0.21215921640396118	-0.26179900765419006	-1.1753790378570557	0.04904675483703613	-1.2761991024017334	-0.06487347930669785	-1.2106175422668457	-0.027625340968370438	1.57009756565094	-0.40772387385368347	-0.5506228804588318	1.3658344745635986	0.0	-1.2325749397277832	1.1048108339309692	-0.35358333587646484	-0.014991872012615204	0.0	0.0	2.035433769226074	1.761716604232788	-0.12263208627700806	0.0	1.9893169403076172	0.6010243892669678	2.23119854927063	-1.3574219942092896	1.6943752765655518	-0.841571569442749	-0.7381945848464966	-1.6607344150543213
0.4633027911186218	-1.2118669748306274	0.5110303163528442	0.06961929053068161	-0.5228997468948364	-0.009321271441876888	0.8494952917098999	0.034427713602781296	-2.7311925888061523	-0.8377580046653748	-0.40957534313201904	1.7127095460891724	-0.17442531883716583	0.09899052232503891	2.443459987640381	0.8377580046653748	0.09836487472057343	1.5470976829528809	-0.21792948246002197	-0.26179900765419006	-1.128226637840271	0.06407274305820465	-1.2250909805297852	-0.10048123449087143	-1.1666741371154785	-0.05163004249334335	1.5412721633911133	-0.45195472240448	-0.6216285824775696	1.647937297821045	0.0	-1.1581867933273315	1.0812580585479736	-0.5546576976776123	0.013451464474201202	0.0	-0.05019456148147583	2.4007935523986816	1.8960416316986084	-0.41339248418807983	0.10702162981033325	2.0951390266418457	0.562654435634613	2.6697397232055664	-1.5417450666427612	1.9629836082458496	-1.2117046117782593	-1.3753026723861694	-2.0913281440734863
0.4672093987464905	-1.2132631540298462	0.5152233242988586	0.06550683826208115	-0.5076873898506165	-0.005033278837800026	0.8590326905250549	0.02153930440545082	-2.6984047889709473	-0.8377580046653748	-0.4236449599266052	1.7241376638412476	-0.18249911069869995	0.10206565260887146	2.443459987640381	0.8357502222061157	0.14119619131088257	1.5734777450561523	-0.22869491577148438	-0.25751814246177673	-1.0915734767913818	0.07155293226242065	-1.1694095134735107	-0.12654328346252441	-1.1320981979370117	-0.07609352469444275	1.5150854587554932	-0.49137699604034424	-0.538815438747406	1.728755235671997	0.0	-1.0468833446502686	0.869530439376831	-0.5646873116493225	-0.2698827385902405	0.0	-0.27769654989242554	2.178264856338501	1.6821950674057007	-0.5836341381072998	0.6455439925193787	2.2044241428375244	0.4070289433002472	2.7036099433898926	-1.6052571535110474	2.1429896354675293	-1.4402885437011719	-1.5903681516647339	-2.2456912994384766
0.4677090644836426	-1.2145700454711914	0.5193808674812317	0.062144044786691666	-0.4899342656135559	-0.0016720411367714405	0.8695399761199951	0.012875094078481197	-2.6620423793792725	-0.8377580046653748	-0.4514506757259369	1.7474907636642456	-0.19701281189918518	0.08819521218538284	2.443459987640381	0.8266501426696777	0.18549546599388123	1.6143854856491089	-0.2412748485803604	-0.23597724735736847	-1.04004967212677	0.08035390079021454	-1.1169465780258179	-0.1646915227174759	-1.0809545516967773	-0.10924158245325089	1.477657437324524	-0.5417823791503906	-0.3349968492984772	1.73872709274292	0.0	-1.3497815132141113	1.1993318796157837	-0.7759921550750732	-0.6660726070404053	0.0	-0.5371540784835815	2.046107530593872	1.934826374053955	-0.502381443977356	0.8632302284240723	2.5218605995178223	0.450877845287323	2.037692070007324	-2.0792789459228516	2.664649486541748	-1.7700068950653076	-2.1359920501708984	-2.675502061843872
0.4690040051937103	-1.2164067029953003	0.5232185125350952	0.05989472568035126	-0.4723657965660095	0.000897774996701628	0.879365086555481	0.008139430545270443	-2.6288557052612305	-0.8377580046653748	-0.4776362180709839	1.772110939025879	-0.21353879570960999	0.0754227489233017	2.443459987640381	0.8142640590667725	0.22304049134254456	1.6508708000183105	-0.2487901747226715	-0.22298893332481384	-0.990699052810669	0.08958804607391357	-1.0879018306732178	-0.20971444249153137	-1.0255122184753418	-0.14689379930496216	1.4296457767486572	-0.5983970761299133	-0.16762132942676544	1.6492068767547607	0.0	-1.1793606281280518	1.0830700397491455	-0.7216446399688721	-0.5125423669815063	0.0	-0.6840407848358154	1.7259448766708374	1.5578746795654297	-0.13726092875003815	0.501783549785614	2.3236379623413086	0.5223115682601929	1.1369913816452026	-2.509570598602295	2.713955879211426	-1.9988960027694702	-2.3895204067230225	-3.012375593185425
0.4721451997756958	-1.2191433906555176	0.5270653963088989	0.05833093822002411	-0.4554939568042755	0.0031505762599408627	0.8883200287818909	0.006170241162180901	-2.596074104309082	-0.8377580046653748	-0.49862509965896606	1.7908135652542114	-0.22587859630584717	0.06769351661205292	2.443459987640381	0.7992885112762451	0.2545332610607147	1.676700472831726	-0.24676528573036194	-0.21590590476989746	-0.9471041560173035	0.10124636441469193	-1.0714669227600098	-0.26507434248924255	-0.9723963141441345	-0.18919742107391357	1.382076621055603	-0.6622774004936218	-0.10188133269548416	1.6585946083068848	0.016926229000091553	-0.9869053959846497	0.801616907119751	-0.5401063561439514	-0.303524374961853	0.0	-0.9649887681007385	1.4213472604751587	1.1826246976852417	0.1920551061630249	0.26082396507263184	2.141836166381836	0.7512509822845459	0.8476793766021729	-3.1599178314208984	2.7141616344451904	-2.241590976715088	-2.39255428314209	-3.44992733001709
0.4749726951122284	-1.2218666076660156	0.5312598943710327	0.05531541258096695	-0.43974608182907104	0.0044412389397621155	0.8964064717292786	0.0040641771629452705	-2.562511920928955	-0.8370809555053711	-0.5171124339103699	1.804175615310669	-0.2351430505514145	0.06328177452087402	2.443459987640381	0.7756645083427429	0.2798943817615509	1.6981757879257202	-0.2411079704761505	-0.21255597472190857	-0.9050256013870239	0.11963808536529541	-1.0539946556091309	-0.3361111581325531	-0.91694575548172	-0.23655743896961212	1.3339436054229736	-0.7363941669464111	-0.1320161670446396	1.7572641372680664	0.14878064393997192	-0.7111325860023499	0.4538685083389282	-0.5669459700584412	-0.3174085021018982	0.0	-0.9639039635658264	1.366145133972168	0.7732659578323364	0.3552626967430115	0.3239832818508148	2.2400870323181152	0.9357569813728333	1.2184977531433105	-3.712501287460327	2.6742072105407715	-2.408287763595581	-2.223625659942627	-3.789074659347534
0.4790950417518616	-1.225282073020935	0.535200834274292	0.053615450859069824	-0.42594239115715027	0.007774643134325743	0.903127133846283	0.0008895944338291883	-2.5257835388183594	-0.8318067789077759	-0.5270704030990601	1.8089683055877686	-0.24855643510818481	0.05499717593193054	2.443459987640381	0.7607323527336121	0.30917906761169434	1.7076311111450195	-0.23255477845668793	-0.20294657349586487	-0.8575006723403931	0.13867664337158203	-1.0227270126342773	-0.4135743975639343	-0.8654280304908752	-0.28552892804145813	1.2931315898895264	-0.813840389251709	-0.10757943242788315	1.7008960247039795	0.24449825286865234	-0.48351436853408813	0.1818835735321045	-0.5824986696243286	-0.42969435453414917	0.0	-0.6855621933937073	1.3196401596069336	0.37835538387298584	0.48562437295913696	0.30662453174591064	2.5210394859313965	1.0777980089187622	1.6732662916183472	-4.178846836090088	2.737668037414551	-2.431614398956299	-2.187588691711426	-3.9537205696105957
0.48350802063941956	-1.228646993637085	0.538784921169281	0.05257000774145126	-0.41350099444389343	0.00975200068205595	0.908932089805603	-0.0002390000008745119	-2.494476079940796	-0.827301025390625	-0.5364530086517334	1.8114509582519531	-0.2584429979324341	0.04609400033950806	2.443459987640381	0.7482420206069946	0.33267998695373535	1.7133100032806396	-0.22168299555778503	-0.2002909928560257	-0.8041840195655823	0.1627500057220459	-0.987064003944397	-0.5032650232315063	-0.8074390292167664	-0.33382201194763184	1.246440052986145	-0.8945429921150208	-0.009699820540845394	1.4046728610992432	0.17427951097488403	-0.5056887865066528	0.19123554229736328	-0.5084835290908813	-0.4233589470386505	0.0	-0.5799084901809692	1.0056227445602417	0.27969181537628174	0.5454283356666565	-0.08187517523765564	2.8736531734466553	1.4389872550964355	1.653224229812622	-4.932193279266357	3.167365550994873	-2.3384242057800293	-2.650231122970581	-4.12074613571167
0.4876912236213684	-1.2316585779190063	0.5413936376571655	0.0528203621506691	-0.40232089161872864	0.010703829117119312	0.9139111042022705	0.0005016016075387597	-2.4695966243743896	-0.8248355984687805	-0.5472979545593262	1.816617727279663	-0.2688957750797272	0.038062818348407745	2.443459987640381	0.7375360131263733	0.349403977394104	1.7188187837600708	-0.21073764562606812	-0.2062215805053711	-0.7425545454025269	0.19623613357543945	-0.9565980434417725	-0.610862135887146	-0.7387334108352661	-0.3790659010410309	1.1871223449707031	-0.9786702394485474	-0.08483411371707916	1.29355788230896	0.19630491733551025	-0.3899693489074707	0.025644898414611816	-0.3140650689601898	-0.3399343192577362	0.0	-0.5515038967132568	0.8206233382225037	0.10484457015991211	0.5254387855529785	-0.2354603260755539	2.8888180255889893	1.0569546222686768	1.995357871055603	-4.218307018280029	3.1412289142608643	-1.805296540260315	-2.6303200721740723	-3.4510626792907715
0.494100421667099	-1.234161615371704	0.5444155931472778	0.05219533294439316	-0.39099738001823425	0.013017016462981701	0.9188187122344971	-0.003632364561781287	-2.4427337646484375	-0.8194488286972046	-0.5520517826080322	1.8124767541885376	-0.2710056006908417	0.032496627420186996	2.443459987640381	0.7261818647384644	0.3655049204826355	1.7175037860870361	-0.2006654441356659	-0.20970940589904785	-0.6886312961578369	0.20502819120883942	-0.9072496891021729	-0.6719973087310791	-0.6817898750305176	-0.40603387355804443	1.1412272453308105	-1.0325855016708374	-0.0840257853269577	1.4686763286590576	0.46841949224472046	-0.6259500980377197	-0.3207206726074219	-0.1828223466873169	-0.4476190209388733	-0.8222877979278564	-0.36392509937286377	1.0552809238433838	-0.31265318393707275	0.20858794450759888	0.14573335647583008	3.1762123107910156	0.4606049656867981	2.6261343955993652	-3.1547160148620605	3.364187479019165	-1.136094331741333	-2.5922207832336426	-2.651059627532959
0.4968743324279785	-1.2350482940673828	0.5500071048736572	0.05338674411177635	-0.3795144557952881	0.01265415083616972	0.9235579371452332	-0.0028594296891242266	-2.4108495712280273	-0.8060988187789917	-0.572335958480835	1.8037889003753662	-0.27620866894721985	0.020158058032393456	2.4105684757232666	0.7229790091514587	0.39161521196365356	1.706312656402588	-0.20239412784576416	-0.2003922462463379	-0.6155060529708862	0.21466033160686493	-0.8515526652336121	-0.7370507717132568	-0.6041659116744995	-0.4245096743106842	1.0834335088729858	-1.0847126245498657	0.20381885766983032	1.5695810317993164	0.8122622966766357	-1.4715566635131836	-0.02301633358001709	-0.43928995728492737	-1.023162603378296	-2.517908811569214	0.19141435623168945	2.1236493587493896	-0.30105412006378174	-1.402278184890747	1.7832387685775757	4.1229634284973145	0.4249844551086426	2.920712471008301	-3.234401226043701	4.598311901092529	-0.733292818069458	-3.2639682292938232	-2.4049580097198486
0.4954063892364502	-1.2350056171417236	0.5557451248168945	0.05493156611919403	-0.36410123109817505	0.009838039986789227	0.9296861290931702	0.004520389251410961	-2.379950523376465	-0.7869583368301392	-0.6109140515327454	1.811556100845337	-0.28857719898223877	-0.008429876528680325	2.3427436351776123	0.7338384389877319	0.4504508972167969	1.7054616212844849	-0.25675657391548157	-0.13837985694408417	-0.5237127542495728	0.22202757000923157	-0.790421187877655	-0.8013733625411987	-0.49785739183425903	-0.43536558747291565	1.0106685161590576	-1.1287838220596313	0.24630911648273468	1.646125316619873	1.1188580989837646	-1.4096945524215698	-0.5351811647415161	-0.5661502480506897	-1.2126665115356445	-2.633100748062134	0.026325881481170654	1.8445894718170166	-0.7122039794921875	-1.344472885131836	2.2397701740264893	3.7739076614379883	0.1550178974866867	2.680300235748291	-2.3900179862976074	4.234878063201904	-0.32473132014274597	-2.7875006198883057	-1.7493218183517456
0.499921977519989	-1.2347760200500488	0.5617398619651794	0.05663098767399788	-0.3547741174697876	0.009296011179685593	0.9331889152526855	0.006992934737354517	-2.3450045585632324	-0.7613444924354553	-0.6287237405776978	1.7823816537857056	-0.29885467886924744	-0.02834860235452652	2.3052444458007812	0.7240320444107056	0.46539878845214844	1.6778244972229004	-0.2561730444431305	-0.11080143600702286	-0.4645497500896454	0.2208610475063324	-0.7443406581878662	-0.8326514959335327	-0.434770792722702	-0.43749892711639404	0.9719334840774536	-1.1546854972839355	0.060309749096632004	1.7786026000976562	1.2510135173797607	-0.8434668183326721	-1.359856128692627	-0.4213593900203705	-0.9811220765113831	-1.9023001194000244	-0.6073743104934692	0.7587864995002747	-1.344093680381775	0.2358660101890564	1.1978360414505005	3.137417793273926	-0.23447126150131226	2.478773832321167	-1.4164209365844727	3.3478827476501465	0.10443255305290222	-2.0889952182769775	-1.0978281497955322
0.5029923915863037	-1.234531044960022	0.5694136023521423	0.058210574090480804	-0.34391850233078003	0.00916385930031538	0.9371487498283386	0.006932779215276241	-2.3088064193725586	-0.7369177937507629	-0.6446527242660522	1.7571618556976318	-0.3054315745830536	-0.047674760222435	2.2666516304016113	0.7095434665679932	0.48080235719680786	1.6516978740692139	-0.2473219335079193	-0.09046641737222672	-0.39821603894233704	0.21264871954917908	-0.6912702322006226	-0.8580302000045776	-0.36394208669662476	-0.43118828535079956	0.9271087050437927	-1.1726969480514526	0.03384646400809288	1.8096745014190674	1.239682674407959	-0.9039849042892456	-1.265639066696167	-0.1641683280467987	-0.8573530316352844	-2.0583808422088623	-0.8259877562522888	0.6917744874954224	-1.3759255409240723	0.42744502425193787	0.8097594380378723	3.3811397552490234	-0.4020504653453827	2.5866806507110596	-1.4033585786819458	3.529006242752075	0.4133269190788269	-2.2517964839935303	-0.8524149656295776
0.5054536461830139	-1.2342478036880493	0.5774304270744324	0.060413114726543427	-0.332869291305542	0.007882421836256981	0.9410027265548706	0.008346793241798878	-2.2726175785064697	-0.7117571830749512	-0.6648831367492676	1.7317560911178589	-0.3054214119911194	-0.06264272332191467	2.2229092121124268	0.690992534160614	0.49306976795196533	1.6227874755859375	-0.23907524347305298	-0.0784110575914383	-0.32930415868759155	0.2047790288925171	-0.6408734321594238	-0.8887858390808105	-0.293610543012619	-0.42096585035324097	0.8818616271018982	-1.1887820959091187	0.05911532789468765	1.8776118755340576	1.319836139678955	-1.0000839233398438	-1.3642698526382446	0.04250630736351013	-0.7661685347557068	-2.216118574142456	-0.9636610746383667	0.6045207381248474	-1.5008389949798584	0.39035454392433167	0.577833890914917	3.4181981086730957	-0.4492461681365967	2.4841666221618652	-1.4773859977722168	3.425575017929077	0.5397409200668335	-2.134965419769287	-0.8005201816558838
0.5078179240226746	-1.2337170839309692	0.5857126712799072	0.06275269389152527	-0.3218376934528351	0.0069864531978964806	0.9446868896484375	0.009297392331063747	-2.2337019443511963	-0.6841243505477905	-0.6846560835838318	1.702591061592102	-0.3037313222885132	-0.07832150161266327	2.178006887435913	0.6709970235824585	0.5049831867218018	1.5916643142700195	-0.23170775175094604	-0.06735306233167648	-0.2614881098270416	0.1946788728237152	-0.591903567314148	-0.9171256422996521	-0.22691908478736877	-0.4095986485481262	0.841710090637207	-1.204717755317688	0.1240600124001503	1.9720733165740967	1.549270749092102	-1.0448813438415527	-1.605185866355896	0.02582371234893799	-1.0363725423812866	-2.4777472019195557	-1.0596766471862793	0.5661353468894958	-1.8488943576812744	0.3362514078617096	0.7384240627288818	3.4203264713287354	-0.5468435287475586	2.4176597595214844	-1.5323847532272339	3.171313524246216	0.5337834358215332	-1.8078818321228027	-0.7994651794433594
0.5100492835044861	-1.2338082790374756	0.5945643186569214	0.067066989839077	-0.31098219752311707	0.005054219160228968	0.9480330348014832	0.013309193775057793	-2.193734645843506	-0.6497863531112671	-0.7066783905029297	1.667548656463623	-0.30438846349716187	-0.1040976271033287	2.1237993240356445	0.648605465888977	0.5157151818275452	1.5488317012786865	-0.2256251871585846	-0.04887409508228302	-0.1924910992383957	0.18290528655052185	-0.5441670417785645	-0.9500812292098999	-0.1667580008506775	-0.39961451292037964	0.8095463514328003	-1.220760703086853	0.057466328144073486	2.016061544418335	1.7458319664001465	-0.9599313139915466	-1.7202496528625488	0.07868930697441101	-1.186763882637024	-2.60084867477417	-1.1976301670074463	0.49615800380706787	-2.0152835845947266	0.40680617094039917	0.8742697238922119	3.3703577518463135	-0.5513675212860107	2.2187278270721436	-1.515677571296692	2.92993426322937	0.5644358396530151	-1.4691442251205444	-0.7814019918441772
0.5121793150901794	-1.233152985572815	0.603502631187439	0.07004888355731964	-0.29922905564308167	0.004441664554178715	0.9515964388847351	0.011596045456826687	-2.153059482574463	-0.6142910718917847	-0.7230533361434937	1.6337810754776	-0.30058375000953674	-0.12579205632209778	2.0739729404449463	0.6230918169021606	0.5248295068740845	1.5110529661178589	-0.21543550491333008	-0.03238227218389511	-0.12667380273342133	0.17262417078018188	-0.503154456615448	-0.9777527451515198	-0.10972171276807785	-0.3870212137699127	0.7829443216323853	-1.235973834991455	-0.14253461360931396	2.285456657409668	1.9436702728271484	-0.773841142654419	-1.9945502281188965	0.32165348529815674	-1.0955331325531006	-2.6885271072387695	-1.5004262924194336	0.45255720615386963	-2.15083646774292	0.6453853249549866	0.9116177558898926	3.3370885848999023	-0.6469112038612366	2.126828670501709	-1.2558519840240479	2.897991895675659	0.6106972694396973	-1.2671232223510742	-0.7323920726776123
0.5141726136207581	-1.2328171730041504	0.614356517791748	0.071639284491539	-0.286155104637146	0.003351777559146285	0.9554957151412964	0.007607809267938137	-2.102316379547119	-0.5720395445823669	-0.7376320362091064	1.5877666473388672	-0.2915223240852356	-0.1479189544916153	2.0162582397460938	0.5885884165763855	0.5338174700737	1.4627982378005981	-0.19980977475643158	-0.012409386225044727	-0.05900755524635315	0.15702883899211884	-0.4590938985347748	-1.0003153085708618	-0.05083832889795303	-0.37518662214279175	0.7588614225387573	-1.2500563859939575	-0.16324591636657715	2.5199294090270996	2.1742985248565674	-0.6600290536880493	-2.2754132747650146	0.37208274006843567	-1.000709056854248	-2.8646111488342285	-1.7541215419769287	0.4266113042831421	-2.3680834770202637	0.6727352738380432	0.9490271210670471	3.1276330947875977	-0.6309382915496826	1.8019728660583496	-1.1788084506988525	2.6591169834136963	0.43217986822128296	-0.9371817111968994	-0.7752716541290283
0.5161006450653076	-1.2328486442565918	0.6249818801879883	0.07358141988515854	-0.2725312411785126	0.002219840884208679	0.9593266844749451	0.005066209007054567	-2.052262306213379	-0.5273191332817078	-0.7494544982910156	1.5427645444869995	-0.2857004404067993	-0.1658204197883606	1.9593884944915771	0.5529269576072693	0.5418939590454102	1.4163296222686768	-0.18852609395980835	0.005578811280429363	-0.001568477600812912	0.14738664031028748	-0.4310755431652069	-1.0249050855636597	-0.003357031149789691	-0.3697340190410614	0.7454570531845093	-1.2669847011566162	-0.03233916312456131	2.459639310836792	2.5104992389678955	-0.5215197801589966	-2.439934015274048	0.1667901873588562	-1.1251691579818726	-3.134396553039551	-1.8611907958984375	0.2837181091308594	-2.7237443923950195	0.5851454734802246	1.2060644626617432	2.876094341278076	-0.44229477643966675	1.4393680095672607	-1.3893872499465942	2.236070394515991	0.1015201210975647	-0.4576489329338074	-0.9747594594955444
0.517931342124939	-1.2330243587493896	0.6357393264770508	0.07793213427066803	-0.2591908574104309	0.0005548327462747693	0.9626767635345459	0.006314242724329233	-2.0039308071136475	-0.471619576215744	-0.7584928274154663	1.4901692867279053	-0.28485071659088135	-0.19292572140693665	1.8908823728561401	0.514140784740448	0.5451661944389343	1.3538484573364258	-0.1764039546251297	0.035833194851875305	0.05603621527552605	0.13933704793453217	-0.40151917934417725	-1.0558907985687256	0.0386044904589653	-0.37112581729888916	0.740555465221405	-1.2890467643737793	-0.04601992666721344	2.602553367614746	2.7495622634887695	-0.23740381002426147	-2.3669095039367676	0.1736186444759369	-0.999489426612854	-3.4630239009857178	-1.809471845626831	0.7868796586990356	-2.706277370452881	0.13839267194271088	1.365818738937378	2.666820526123047	-0.4253491759300232	1.1761747598648071	-1.246139407157898	2.2910327911376953	-0.061599165201187134	-0.5224168300628662	-0.9972095489501953
0.5196579694747925	-1.2338589429855347	0.646172821521759	0.07828888297080994	-0.24134846031665802	0.0005381177179515362	0.9672753810882568	0.0032254119869321585	-1.948160171508789	-0.417336642742157	-0.7589506506919861	1.4480881690979004	-0.27875569462776184	-0.20579999685287476	1.8208675384521484	0.48054808378219604	0.5733691453933716	1.3080785274505615	-0.18299038708209991	0.06021156162023544	0.10510434210300446	0.13037267327308655	-0.3840285539627075	-1.0747506618499756	0.08828427642583847	-0.3721979856491089	0.7245603799819946	-1.306873083114624	-0.08820606768131256	2.770662307739258	2.6300458908081055	-0.012765824794769287	-2.2463412284851074	0.3458954393863678	-0.5486421585083008	-3.2861530780792236	-1.9383996725082397	0.8084341883659363	-2.40132212638855	0.07330700755119324	1.1849628686904907	2.3065693378448486	-0.27010107040405273	0.7138296961784363	-1.1401563882827759	2.4824378490448	-0.048654526472091675	-0.9911373257637024	-1.0692298412322998
0.5212958455085754	-1.234250783920288	0.656589150428772	0.0790722668170929	-0.2256416529417038	-0.00019656588847283274	0.9709961414337158	0.0027860000263899565	-1.8931043148040771	-0.3664177358150482	-0.7590034604072571	1.4003156423568726	-0.27101489901542664	-0.21487140655517578	1.7594362497329712	0.4366047978401184	0.5775035619735718	1.2577955722808838	-0.17347167432308197	0.08323170989751816	0.14829899370670319	0.1285330057144165	-0.3729659914970398	-1.1014970541000366	0.13790200650691986	-0.3730719983577728	0.7009099721908569	-1.3318159580230713	-0.02433026023209095	2.9029369354248047	2.6073708534240723	0.18998533487319946	-2.5655179023742676	0.43114349246025085	-0.41024982929229736	-3.1033456325531006	-2.2472283840179443	0.15109777450561523	-2.6616573333740234	0.6118737459182739	1.1278156042099	1.9361588954925537	-0.14830678701400757	0.5861483812332153	-1.125478744506836	2.418689727783203	-0.011789798736572266	-1.2403383255004883	-1.1734873056411743
0.5228302478790283	-1.234667420387268	0.6671369075775146	0.07982394099235535	-0.2102573662996292	-0.0001267013285541907	0.9743818640708923	0.0022522015497088432	-1.8320426940917969	-0.3130418062210083	-0.7513512372970581	1.345467448234558	-0.2615099549293518	-0.22220999002456665	1.6967337131500244	0.3906589448451996	0.5794130563735962	1.2016122341156006	-0.15851543843746185	0.10532418638467789	0.18255069851875305	0.12444040179252625	-0.3605826199054718	-1.119769811630249	0.18503186106681824	-0.3726695775985718	0.6749468445777893	-1.353812575340271	0.003989809192717075	3.171691417694092	2.6564366817474365	0.49366503953933716	-2.904465675354004	0.6053943037986755	-0.33379271626472473	-3.2486228942871094	-2.3609578609466553	-0.04812777042388916	-2.9761433601379395	0.8307855725288391	1.052186131477356	1.678066372871399	-0.11492520570755005	0.5831331014633179	-1.0929852724075317	2.3458640575408936	-0.01226961612701416	-1.3285309076309204	-1.154237985610962
0.5246336460113525	-1.2351385354995728	0.6778843402862549	0.07962144911289215	-0.19486954808235168	-0.0003496067365631461	0.9775921702384949	0.0029455923940986395	-1.766236662864685	-0.26016026735305786	-0.7392568588256836	1.2841370105743408	-0.24679912626743317	-0.22822311520576477	1.6294913291931152	0.3421664834022522	0.5755784511566162	1.1387498378753662	-0.14024025201797485	0.12531915307044983	0.2154216468334198	0.1239359974861145	-0.3496406674385071	-1.145216464996338	0.23173657059669495	-0.3735627830028534	0.6477687358856201	-1.3779854774475098	0.06682948768138885	3.41070294380188	2.6630513668060303	0.7386252284049988	-3.1267166137695312	0.7249146699905396	-0.2899251878261566	-3.4088730812072754	-2.426485061645508	-0.27289241552352905	-3.155118227005005	0.9101793169975281	0.8871605396270752	1.5609517097473145	0.011419691145420074	0.5663282871246338	-1.3277441263198853	2.222695827484131	-0.10246410965919495	-1.2866363525390625	-1.2266814708709717
0.5256028771400452	-1.235512375831604	0.6883401274681091	0.07947929203510284	-0.17973877489566803	-0.0003595538146328181	0.9804984331130981	0.004925380926579237	-1.6956145763397217	-0.20651975274085999	-0.7218062281608582	1.2203987836837769	-0.23251336812973022	-0.23380699753761292	1.5603787899017334	0.29359954595565796	0.568497359752655	1.0754075050354004	-0.12210826575756073	0.14081060886383057	0.24498876929283142	0.12489718943834305	-0.33792948722839355	-1.1728795766830444	0.27393969893455505	-0.3767681419849396	0.6234813928604126	-1.4028798341751099	0.10866967588663101	3.615173816680908	2.674893379211426	0.9850889444351196	-3.2395780086517334	0.7820315361022949	-0.2701524496078491	-3.5576701164245605	-2.4204750061035156	-0.501568615436554	-3.260636329650879	0.9687937498092651	0.6882790327072144	1.4388121366500854	0.0599496066570282	0.5473047494888306	-1.5036404132843018	2.0077064037323	-0.2720184624195099	-1.1098593473434448	-1.3043224811553955
0.5268341898918152	-1.2360525131225586	0.6984610557556152	0.0796630010008812	-0.1645040065050125	-0.0006443540914915502	0.9831540584564209	0.007292379625141621	-1.6216297149658203	-0.15316453576087952	-0.6998533010482788	1.1545538902282715	-0.21551786363124847	-0.23902921378612518	1.4871845245361328	0.24534748494625092	0.555515706539154	1.008324384689331	-0.10148850083351135	0.15285031497478485	0.2729741334915161	0.12633398175239563	-0.32774847745895386	-1.20536208152771	0.31204482913017273	-0.3844435214996338	0.6033743619918823	-1.4301583766937256	0.10861478745937347	3.8379759788513184	2.627997875213623	1.2288525104522705	-3.3675849437713623	0.8793871998786926	-0.25292038917541504	-3.6991147994995117	-2.360186815261841	-0.7412925362586975	-3.359666347503662	0.9977165460586548	0.4208218455314636	1.3475723266601562	0.1376686692237854	0.46030953526496887	-1.687648892402649	1.8234968185424805	-0.4420176148414612	-0.9294033050537109	-1.4113664627075195
0.527966320514679	-1.2366480827331543	0.7082635164260864	0.0797126516699791	-0.14950358867645264	-0.0010699443519115448	0.9855422377586365	0.009269972331821918	-1.5420955419540405	-0.10139983892440796	-0.6726521253585815	1.0856953859329224	-0.19733788073062897	-0.24392381310462952	1.4124141931533813	0.199192076921463	0.5388456583023071	0.9410208463668823	-0.08219960331916809	0.15764348208904266	0.29889166355133057	0.13040393590927124	-0.3195171058177948	-1.2403855323791504	0.3468795716762543	-0.394448846578598	0.5863052606582642	-1.4593344926834106	0.09702963382005692	4.080429553985596	2.4761970043182373	1.4984607696533203	-3.461378812789917	0.9353578090667725	-0.23806653916835785	-3.784498691558838	-2.296978712081909	-1.0125324726104736	-3.3874690532684326	1.0309871435165405	0.22816844284534454	1.2678325176239014	0.26574766635894775	0.4799969494342804	-1.8692076206207275	1.710761308670044	-0.5133472681045532	-0.8696168661117554	-1.5245020389556885
0.528992235660553	-1.2369256019592285	0.7171385884284973	0.07922036945819855	-0.13532888889312744	-0.0011596828699111938	0.9876279234886169	0.011173564940690994	-1.458412528038025	-0.05411665141582489	-0.639914870262146	1.0160987377166748	-0.17810355126857758	-0.2485518753528595	1.3358045816421509	0.15346834063529968	0.5150144100189209	0.8728256225585938	-0.06024901568889618	0.16197705268859863	0.32368743419647217	0.1369638890028	-0.30854859948158264	-1.280130386352539	0.3804752826690674	-0.404977411031723	0.5685896873474121	-1.4911384582519531	0.09826502948999405	4.060521602630615	2.13592267036438	1.6522198915481567	-3.516972064971924	1.2368563413619995	-0.17432942986488342	-3.8557677268981934	-2.090184211730957	-1.3767764568328857	-3.6113619804382324	1.4400321245193481	0.24225227534770966	1.2212388515472412	0.3716927170753479	0.5612924695014954	-2.051001787185669	1.607672095298767	-0.5471639633178711	-0.889432430267334	-1.679256558418274
0.5340860486030579	-1.2370284795761108	0.7248960733413696	0.07935114949941635	-0.12206999957561493	-0.001259087584912777	0.9893434643745422	0.01320057362318039	-1.3796746730804443	-0.01596292480826378	-0.6065633296966553	0.9450165033340454	-0.14786362648010254	-0.25089699029922485	1.258183479309082	0.11558470875024796	0.4837746024131775	0.796566367149353	-0.024598319083452225	0.16733357310295105	0.3477412164211273	0.1452716439962387	-0.297065407037735	-1.3224256038665771	0.41118645668029785	-0.41633540391921997	0.5507279634475708	-1.5265047550201416	0.09863022714853287	4.35255765914917	2.0738556385040283	1.9622117280960083	-3.497180461883545	1.2085567712783813	-0.21591410040855408	-4.1268439292907715	-2.0457427501678467	-1.6534745693206787	-3.6903529167175293	1.4255949258804321	0.4244394600391388	1.154943585395813	0.4680119454860687	0.4953362047672272	-2.0124764442443848	1.4660447835922241	-0.5667097568511963	-0.8602738380432129	-1.6993612051010132
0.531931459903717	-1.2370009422302246	0.732412576675415	0.0797455683350563	-0.10933081060647964	-0.001255052862688899	0.990800678730011	0.015118774026632309	-1.284310221672058	0.028837580233812332	-0.5614264011383057	0.8762115240097046	-0.12976127862930298	-0.25718843936920166	1.1707308292388916	0.07163862884044647	0.44887542724609375	0.725211501121521	-0.003225219901651144	0.17895463109016418	0.3698851764202118	0.15568436682224274	-0.28873515129089355	-1.3606294393539429	0.43911707401275635	-0.42764580249786377	0.5341787338256836	-1.5591129064559937	0.08322075009346008	4.707708835601807	2.041490316390991	2.2965641021728516	-3.3297359943389893	0.9595211744308472	-0.270167738199234	-4.301464557647705	-2.0300707817077637	-1.817821741104126	-3.43583083152771	1.1270607709884644	0.49303919076919556	1.036385416984558	0.5453146696090698	0.369010865688324	-1.8715709447860718	1.3209052085876465	-0.5371004343032837	-0.8082062005996704	-1.5980392694473267
0.531475305557251	-1.236916422843933	0.7385026216506958	0.08008906245231628	-0.09707387536764145	-0.0012912319507449865	0.9920489192008972	0.016529403626918793	-1.1913663148880005	0.06569668650627136	-0.5147007703781128	0.8118270635604858	-0.1094827800989151	-0.2617036998271942	1.0861248970031738	0.03438188135623932	0.41106173396110535	0.6591331362724304	0.020484112203121185	0.18705514073371887	0.38919663429260254	0.1670842319726944	-0.282304972410202	-1.39728844165802	0.4640226662158966	-0.4378194212913513	0.518399715423584	-1.5904263257980347	0.07923063635826111	4.670751094818115	1.6921460628509521	2.4504570960998535	-3.168842315673828	1.0762821435928345	-0.11527389287948608	-4.099497318267822	-1.7376313209533691	-1.8962420225143433	-3.160245656967163	1.1064908504486084	0.358447790145874	0.9107202291488647	0.5547158718109131	0.29537901282310486	-1.7348647117614746	1.154723048210144	-0.4810549318790436	-0.7332190871238708	-1.463252305984497
0.5321286916732788	-1.236999750137329	0.743823230266571	0.08077683299779892	-0.08523721992969513	-0.0011368116829544306	0.9930802583694458	0.01828799955546856	-1.0974801778793335	0.09652342647314072	-0.46340811252593994	0.749457836151123	-0.08670999109745026	-0.2617993950843811	1.0067509412765503	0.0021333801560103893	0.3730257451534271	0.5988016724586487	0.04103441536426544	0.1932925432920456	0.4063139855861664	0.17787300050258636	-0.27691999077796936	-1.4300240278244019	0.4853059947490692	-0.4468879997730255	0.5048499703407288	-1.6176429986953735	0.08986978977918625	4.7110137939453125	1.41999089717865	2.6126651763916016	-3.304453134536743	1.388891577720642	-0.002386420965194702	-3.9886176586151123	-1.4086204767227173	-2.0145199298858643	-3.1731679439544678	1.2962194681167603	0.13928189873695374	0.8060634136199951	0.5127582550048828	0.252804160118103	-1.4767378568649292	0.9923480749130249	-0.39643943309783936	-0.6091877818107605	-1.223018765449524
0.5367333292961121	-1.2366725206375122	0.7484349012374878	0.08186414837837219	-0.0736188068985939	-0.0007683928124606609	0.9939205050468445	0.020124195143580437	-1.0029257535934448	0.12249632179737091	-0.41019415855407715	0.6796489357948303	-0.053927116096019745	-0.261799156665802	0.9265801906585693	-0.021962936967611313	0.3304809331893921	0.5322064161300659	0.07233288884162903	0.19262641668319702	0.42143917083740234	0.18759456276893616	-0.2721928060054779	-1.4563579559326172	0.5037165880203247	-0.4536769986152649	0.49403220415115356	-1.6393470764160156	0.14454448223114014	4.4840545654296875	1.1707338094711304	2.4357876777648926	-2.618391752243042	0.7222399115562439	0.0	-3.622403621673584	-1.1406831741333008	-1.7187840938568115	-2.485548734664917	0.7422121167182922	0.026249513030052185	0.6302691698074341	0.48848873376846313	0.31717345118522644	-1.4156252145767212	0.7114298343658447	-0.37077441811561584	-0.4616580903530121	-1.1743277311325073
0.5330571532249451	-1.2365409135818481	0.7510448694229126	0.08444161713123322	-0.06427536904811859	-0.000507132732309401	0.9943532347679138	0.024069778621196747	-0.9181180000305176	0.14335277676582336	-0.36597660183906555	0.6447221636772156	-0.0578203946352005	-0.2617993950843811	0.8618547916412354	-0.04349394515156746	0.30427438020706177	0.4993797242641449	0.07072290033102036	0.19434252381324768	0.43152475357055664	0.19741255044937134	-0.2642330527305603	-1.4866490364074707	0.5137631893157959	-0.46171897649765015	0.4863836467266083	-1.6646161079406738	0.1492096185684204	4.916050910949707	1.0569427013397217	2.9030165672302246	-2.700728178024292	0.6313421726226807	-4.470348358154297e-06	-3.6977858543395996	-1.0664007663726807	-1.8306553363800049	-2.374732494354248	0.49852001667022705	0.03078058362007141	0.547174334526062	0.3958243727684021	0.36792904138565063	-1.1267542839050293	0.520738959312439	-0.2789035439491272	-0.27373433113098145	-0.9383410215377808
0.5351666212081909	-1.2359004020690918	0.7546635270118713	0.08644317090511322	-0.053793951869010925	0.0003856707189697772	0.9948033690452576	0.02609257958829403	-0.806283712387085	0.16477403044700623	-0.2940734922885895	0.5716198086738586	-0.028673429042100906	-0.26179933547973633	0.7786687612533569	-0.06461896747350693	0.2572547197341919	0.437217116355896	0.09227368980646133	0.19385764002799988	0.4433261454105377	0.2034275382757187	-0.2574756443500519	-1.5014281272888184	0.5245461463928223	-0.46483314037323	0.4830828309059143	-1.6768807172775269	0.09781523048877716	4.779207706451416	0.83054119348526	2.905148983001709	-2.5229380130767822	0.7080682516098022	0.0	-3.4653635025024414	-0.9073379635810852	-1.7847790718078613	-2.1057941913604736	0.5319600701332092	0.07675215601921082	0.46596378087997437	0.2830103039741516	0.309009850025177	-0.7936954498291016	0.41265785694122314	-0.15948116779327393	-0.17225071787834167	-0.6056845188140869
0.5335918664932251	-1.2361780405044556	0.7565601468086243	0.08864866197109222	-0.04467540234327316	0.0006102380575612187	0.9950604438781738	0.02798238769173622	-0.7269496917724609	0.17657442390918732	-0.2497706413269043	0.5438046455383301	-0.0294976644217968	-0.2617993950843811	0.7232402563095093	-0.07978746294975281	0.23288321495056152	0.41514796018600464	0.0920013040304184	0.1974126100540161	0.4501633048057556	0.2087329626083374	-0.2518726587295532	-1.5183968544006348	0.5302695035934448	-0.4680982232093811	0.4794936180114746	-1.6888434886932373	0.03788541257381439	5.877713680267334	0.713559627532959	3.8674983978271484	-3.08921480178833	0.6823000311851501	-1.4901161193847656e-06	-3.6615073680877686	-0.896813154220581	-1.9974384307861328	-2.0164475440979004	0.47049635648727417	0.028276443481445312	0.48097148537635803	0.08136183023452759	0.31856411695480347	-0.47476887702941895	0.357171893119812	-0.008397549390792847	-0.1075945794582367	-0.3112316131591797
0.5336645841598511	-1.2358462810516357	0.7597935199737549	0.09095393866300583	-0.033733922988176346	0.0016406188951805234	0.9952824115753174	0.0276079960167408	-0.5711751580238342	0.19331641495227814	-0.1393735557794571	0.44805121421813965	-0.0013814273988828063	-0.2617993950843811	0.6322084665298462	-0.1004914939403534	0.17735718190670013	0.35655921697616577	0.11109354346990585	0.1949886977672577	0.46256500482559204	0.2066820114850998	-0.2447330802679062	-1.5204188823699951	0.5388330221176147	-0.4651690423488617	0.47877904772758484	-1.689329981803894	-0.014139711856842041	5.528660297393799	0.38852280378341675	3.6802005767822266	-3.195281982421875	0.6204821467399597	0.0	-3.1013832092285156	-0.7004560828208923	-1.72654390335083	-1.9868426322937012	0.5873138308525085	-0.11392906308174133	0.33435672521591187	-0.10447278618812561	0.29219985008239746	-0.14786720275878906	0.20946264266967773	0.14441460371017456	-0.06651580333709717	-0.028252601623535156
0.5335921049118042	-1.2366297245025635	0.7613199949264526	0.0930987223982811	-0.02954096347093582	0.002483335556462407	0.995215654373169	0.02741679921746254	-0.5058032870292664	0.19211533665657043	-0.10256262123584747	0.4159933626651764	-0.004678378347307444	-0.2617993950843811	0.5991849303245544	-0.10780570656061172	0.16382145881652832	0.3356742560863495	0.11549385637044907	0.19285544753074646	0.4635375738143921	0.20455405116081238	-0.24018466472625732	-1.5243115425109863	0.5386480093002319	-0.4623216390609741	0.4768329858779907	-1.6899735927581787	-0.0028250273317098618	3.290937900543213	-0.13120807707309723	2.008885622024536	-2.0000972747802734	-0.0019245693692937493	0.02197474241256714	-1.5907750129699707	-0.27686506509780884	-0.6699222922325134	-1.3412379026412964	0.37537309527397156	-0.2052299678325653	0.06271973252296448	-0.12647882103919983	0.20965076982975006	-0.08759796619415283	-0.015375018119812012	0.17314478754997253	-0.04543215036392212	0.08557736873626709
0.5333443284034729	-1.237146019935608	0.7628223896026611	0.0957920104265213	-0.02857920341193676	0.0037576407194137573	0.9949840307235718	0.027494994923472404	-0.4395376443862915	0.18806809186935425	-0.059018127620220184	0.3680473268032074	-0.0014584101736545563	-0.2609204053878784	0.5685774683952332	-0.11156609654426575	0.15056028962135315	0.3029097020626068	0.12610846757888794	0.18677949905395508	0.4650737941265106	0.2016228586435318	-0.2363470494747162	-1.5239228010177612	0.5382180213928223	-0.4582432508468628	0.47696176171302795	-1.6859068870544434	0.01920470967888832	3.345102071762085	-0.21590068936347961	2.2821192741394043	-2.5554866790771484	0.34761062264442444	0.062028318643569946	-1.4171168804168701	-0.1751977950334549	-0.6038635969161987	-1.5616066455841064	0.548805832862854	-0.5195468664169312	0.04880577325820923	-0.2714473605155945	0.1710597425699234	-0.049620866775512695	-0.05169808864593506	0.19286870956420898	-0.024743378162384033	0.3168761730194092
0.533035159111023	-1.2388776540756226	0.7639807462692261	0.09779855608940125	-0.02780977077782154	0.004142434801906347	0.9948090314865112	0.028184987604618073	-0.37199920415878296	0.18347930908203125	-0.011277849785983562	0.31377390027046204	0.00922604650259018	-0.2593182623386383	0.5425002574920654	-0.11481361836194992	0.13966691493988037	0.27320998907089233	0.1374460905790329	0.1720735728740692	0.46548980474472046	0.19369615614414215	-0.2333422750234604	-1.5262963771820068	0.5365800857543945	-0.45460689067840576	0.47584325075149536	-1.6772985458374023	0.0610879622399807	3.185688018798828	-0.2185877412557602	2.2856454849243164	-2.693937063217163	0.8480350375175476	0.07024481892585754	-1.1764631271362305	-0.1384589821100235	-0.5293563008308411	-1.2885160446166992	0.4823349416255951	-0.6532091498374939	0.014715641736984253	-0.3583889603614807	0.12321099638938904	-0.24632513523101807	-0.08230507373809814	0.16336143016815186	-0.03477558493614197	0.42277276515960693
0.5325966477394104	-1.2403290271759033	0.7640421986579895	0.09911377727985382	-0.027170712128281593	0.004280815366655588	0.9946959614753723	0.029938513413071632	-0.31211012601852417	0.17932458221912384	0.032407693564891815	0.26028984785079956	0.032462991774082184	-0.2581106126308441	0.5215189456939697	-0.11710445582866669	0.1293860375881195	0.25136905908584595	0.14540186524391174	0.16065113246440887	0.46566241979599	0.18728730082511902	-0.23141860961914062	-1.533775806427002	0.5349258184432983	-0.4517087936401367	0.4755707383155823	-1.668995976448059	0.11332444846630096	2.6951916217803955	-0.18904618918895721	2.0336496829986572	-2.4213836193084717	1.2703263759613037	0.10507330298423767	-0.9086519479751587	-0.10646749287843704	-0.4313534200191498	-0.9118247628211975	0.3009110689163208	-0.45094674825668335	-0.06294324994087219	-0.2770259976387024	0.025982782244682312	-0.28971433639526367	-0.14545023441314697	0.13729408383369446	0.08866637945175171	0.48758387565612793
0.5320165157318115	-1.2412457466125488	0.7639327049255371	0.10069838166236877	-0.026579974219202995	0.004288719035685062	0.9945526719093323	0.03271796554327011	-0.26419153809547424	0.17591746151447296	0.07006814330816269	0.21691855788230896	0.06003909930586815	-0.2551153302192688	0.5061541795730591	-0.1190723180770874	0.1224127784371376	0.23673699796199799	0.14948253333568573	0.15403570234775543	0.46297207474708557	0.18261511623859406	-0.2323029637336731	-1.5378849506378174	0.5307620763778687	-0.449115127325058	0.47938990592956543	-1.6577951908111572	0.10093101114034653	2.5785393714904785	-0.21954327821731567	2.1166224479675293	-2.317208766937256	1.3692892789840698	0.2709925174713135	-0.7405959367752075	-0.11211037635803223	-0.3509141504764557	-0.7353835105895996	0.3325067460536957	-0.28853341937065125	-0.18083155155181885	-0.1846570521593094	-0.09096190333366394	0.02663135528564453	-0.29707998037338257	0.23782551288604736	0.2752162516117096	0.7261961698532104
0.5314122438430786	-1.240765929222107	0.7637513875961304	0.1028689295053482	-0.02547348663210869	0.005566577892750502	0.994353175163269	0.0339757539331913	-0.20896854996681213	0.1705428510904312	0.11707258969545364	0.16760149598121643	0.08723456412553787	-0.24727091193199158	0.4918951094150543	-0.12158887088298798	0.11534947156906128	0.22195371985435486	0.15870213508605957	0.14910979568958282	0.45842915773391724	0.17990101873874664	-0.23505708575248718	-1.5327105522155762	0.523042619228363	-0.4421957731246948	0.48657938838005066	-1.6399481296539307	0.07655927538871765	2.0487866401672363	-0.21991878747940063	1.7913261651992798	-1.7180845737457275	0.9351645708084106	0.36634355783462524	-0.469430536031723	-0.09271688759326935	-0.14150646328926086	-0.4787396788597107	0.4275057315826416	-0.19410960376262665	-0.342792272567749	-0.05354844033718109	-0.2129051834344864	0.35385191440582275	-0.4548072814941406	0.34020841121673584	0.3851398825645447	0.9216248989105225
0.5308371186256409	-1.2397875785827637	0.7635396718978882	0.10481677949428558	-0.024705568328499794	0.006970319431275129	0.9941602945327759	0.03578033670783043	-0.1822400689125061	0.16712071001529694	0.1417211890220642	0.14819517731666565	0.09744568169116974	-0.2404615879058838	0.48737695813179016	-0.12278099358081818	0.1167525202035904	0.217587411403656	0.16658276319503784	0.14627131819725037	0.4492603838443756	0.1804731786251068	-0.24081917107105255	-1.5237308740615845	0.512569785118103	-0.43550679087638855	0.4947955012321472	-1.6209301948547363	0.12061549723148346	1.0042011737823486	-0.14941729605197906	1.0073689222335815	-0.6379202008247375	0.3723509609699249	0.27687734365463257	0.0026144087314605713	-0.051933154463768005	0.22749918699264526	0.02306438982486725	0.2512909471988678	-0.15914924442768097	-0.5564764142036438	0.04692450165748596	-0.3743961453437805	0.45705437660217285	-0.592618465423584	0.18858537077903748	0.5119986534118652	0.9555339813232422
0.5302782654762268	-1.2389535903930664	0.7633647322654724	0.10689222812652588	-0.02397894114255905	0.008451579138636589	0.9939455389976501	0.038800373673439026	-0.1688005030155182	0.16456615924835205	0.15736734867095947	0.14208468794822693	0.10212860256433487	-0.23619581758975983	0.49199968576431274	-0.1236661970615387	0.12444943934679031	0.22287629544734955	0.16875377297401428	0.14274382591247559	0.4361701011657715	0.18177799880504608	-0.2500329315662384	-1.5144283771514893	0.4993378818035126	-0.4346523582935333	0.5070593357086182	-1.601726770401001	0.17417612671852112	0.44386422634124756	-0.07247962057590485	0.6348446011543274	-0.10712593793869019	0.2554476261138916	0.11463239789009094	0.3881506621837616	-0.0029344111680984497	0.4882052540779114	0.42056068778038025	-0.018684566020965576	-0.237235426902771	-0.613411545753479	-0.019674375653266907	-0.3778737187385559	0.3589063882827759	-0.6278157234191895	0.026394426822662354	0.5622744560241699	0.8954495191574097
0.5297278165817261	-1.2382619380950928	0.7633096575737	0.10893586277961731	-0.023496216163039207	0.009171143174171448	0.9937288165092468	0.0427473820745945	-0.16448549926280975	0.16422152519226074	0.1671149730682373	0.14391013979911804	0.1076635867357254	-0.23587629199028015	0.5029029846191406	-0.12289837002754211	0.13628073036670685	0.23440983891487122	0.16583538055419922	0.13678190112113953	0.42472392320632935	0.17968620359897614	-0.25593411922454834	-1.5093746185302734	0.48745715618133545	-0.43445101380348206	0.517286479473114	-1.58511221408844	0.11076563596725464	0.07570870220661163	0.0002644956111907959	0.2984762191772461	0.15369318425655365	0.3057800233364105	-0.013830885291099548	0.6077289581298828	0.04174280911684036	0.6037833094596863	0.7083762288093567	-0.3689810633659363	-0.3751002252101898	-0.5502775311470032	-0.07494986057281494	-0.27910172939300537	0.23443400859832764	-0.5424469709396362	0.061459094285964966	0.4089921712875366	0.7910192012786865
0.5291861295700073	-1.2370047569274902	0.7635701298713684	0.10984865576028824	-0.02274893969297409	0.010587758384644985	0.9936316609382629	0.04323099926114082	-0.16577215492725372	0.16457673907279968	0.16930639743804932	0.14823241531848907	0.11435980349779129	-0.2367490530014038	0.5163088440895081	-0.12199648469686508	0.148600772023201	0.25121134519577026	0.15399453043937683	0.127739816904068	0.41415899991989136	0.17878000438213348	-0.2611970007419586	-1.5050510168075562	0.4776400029659271	-0.4321939945220947	0.5234190225601196	-1.5700860023498535	0.04016011953353882	-0.28538966178894043	0.07973983883857727	-0.15982910990715027	0.3573734164237976	0.42297953367233276	-0.12751668691635132	0.7072135806083679	0.10746084153652191	0.618067741394043	1.0123587846755981	-0.8294925093650818	-0.6693447232246399	-0.5447298288345337	-0.06208457052707672	-0.2692900598049164	0.26671886444091797	-0.4680164158344269	0.11981949210166931	0.3195852041244507	0.7512152194976807
0.5286533236503601	-1.2349480390548706	0.7641028761863708	0.1094607561826706	-0.0223286934196949	0.011241791769862175	0.9936767220497131	0.04435378685593605	-0.17590108513832092	0.16741111874580383	0.1607218086719513	0.1582050770521164	0.12458276748657227	-0.2409769594669342	0.5311915278434753	-0.11859993636608124	0.16100344061851501	0.27490419149398804	0.13265568017959595	0.1100081130862236	0.402934730052948	0.17720282077789307	-0.266705721616745	-1.4987058639526367	0.4687364995479584	-0.4296582341194153	0.530069887638092	-1.5550636053085327	0.04558498039841652	-0.6961777806282043	0.23059137165546417	-0.6493780612945557	0.625522792339325	0.7057981491088867	-0.37716105580329895	0.7729992270469666	0.20885524153709412	0.6111394762992859	1.3353325128555298	-1.1954095363616943	-0.8317275047302246	-0.43035000562667847	-0.0713299959897995	-0.1959100365638733	0.3048449754714966	-0.3212250769138336	0.1592792570590973	0.33481866121292114	0.6154924631118774
0.5281144976615906	-1.2311171293258667	0.7647796869277954	0.10770726203918457	-0.021756663918495178	0.012483744882047176	0.9938662648200989	0.045054398477077484	-0.1936192661523819	0.17380039393901825	0.14333127439022064	0.17325332760810852	0.14259172976016998	-0.25183549523353577	0.5472288131713867	-0.11364227533340454	0.17304635047912598	0.30462464690208435	0.1061781495809555	0.09447071701288223	0.3969449996948242	0.1759268045425415	-0.26903340220451355	-1.4928572177886963	0.4647909998893738	-0.42582282423973083	0.5368117690086365	-1.5454663038253784	0.026420317590236664	-1.0864078998565674	0.3758259117603302	-1.0051822662353516	0.8451744914054871	1.1057049036026	-0.37637874484062195	0.5335867404937744	0.1842757761478424	0.31764841079711914	1.2681752443313599	-1.2480663061141968	-0.6179925203323364	-0.1588478684425354	-0.07653534412384033	-0.08363202214241028	0.25103092193603516	-0.045881420373916626	0.13067126274108887	0.3616899251937866	0.3072023391723633
0.5275536179542542	-1.2259910106658936	0.7656035423278809	0.10501302778720856	-0.021249134093523026	0.013992205262184143	0.9941454529762268	0.04541059955954552	-0.21935740113258362	0.18244415521621704	0.12051451951265335	0.19201205670833588	0.16881096363067627	-0.2560321092605591	0.5525349974632263	-0.11122890561819077	0.17370937764644623	0.32563120126724243	0.08273302763700485	0.08528841286897659	0.3965808153152466	0.17414140701293945	-0.2700510025024414	-1.4886646270751953	0.4669012427330017	-0.42443138360977173	0.5445374846458435	-1.5427755117416382	0.026739761233329773	-1.5748146772384644	0.49228817224502563	-1.32517671585083	1.1114888191223145	1.456081509590149	-0.11292845010757446	-0.20306408405303955	0.06679221987724304	-0.40876901149749756	0.5904995203018188	-0.9894991517066956	-0.30046534538269043	0.05869865417480469	-0.07703974843025208	-0.07251948118209839	0.25559067726135254	0.19235312938690186	0.08028075098991394	0.3896281123161316	0.06136596202850342
0.5269041657447815	-1.2197383642196655	0.7667405605316162	0.10142111033201218	-0.02073599211871624	0.015931332483887672	0.9945001006126404	0.046123988926410675	-0.2566118538379669	0.19349192082881927	0.09032420814037323	0.2177128791809082	0.2008349895477295	-0.25635263323783875	0.5391062498092651	-0.11097058653831482	0.15669558942317963	0.3282446265220642	0.06659818440675735	0.08245210349559784	0.3992929458618164	0.17284521460533142	-0.2719341814517975	-1.4826335906982422	0.47248512506484985	-0.4226115942001343	0.5523968935012817	-1.5430116653442383	0.0826600044965744	-2.4742536544799805	0.6505724191665649	-1.922803521156311	1.7585824728012085	1.6848735809326172	-0.016444921493530273	-1.5099360942840576	0.05528982728719711	-1.4553302526474	-0.6674550771713257	-0.6945285201072693	-0.31998661160469055	0.15767961740493774	0.03426484763622284	-0.0634998083114624	0.4950404167175293	0.3281690180301666	0.29258430004119873	0.4642874002456665	0.0033617019653320312
0.526208221912384	-1.2102802991867065	0.7690802812576294	0.09715345501899719	-0.020192230120301247	0.018666356801986694	0.9948895573616028	0.04871699959039688	-0.31832754611968994	0.2084670513868332	0.04360237717628479	0.26235535740852356	0.23620590567588806	-0.2566899061203003	0.4921375513076782	-0.10901731252670288	0.11549616605043411	0.2989329993724823	0.05495188757777214	0.0724889487028122	0.4028880000114441	0.17551200091838837	-0.2725909948348999	-1.4688630104064941	0.4800280034542084	-0.4127280116081238	0.5631089806556702	-1.542641043663025	0.15225866436958313	-4.585809230804443	0.6339434385299683	-3.899364948272705	3.3745079040527344	1.4624602794647217	-0.010682642459869385	-3.2227396965026855	0.279718279838562	-2.774494171142578	-2.2298827171325684	-0.527424156665802	-0.983350932598114	0.1949027180671692	0.40063410997390747	0.012364238500595093	1.0088205337524414	0.3607049584388733	0.8086100220680237	0.791051983833313	0.11109113693237305
0.5254892706871033	-1.1949435472488403	0.7725896239280701	0.09159915894269943	-0.019606975838541985	0.022464770823717117	0.9953494668006897	0.05221433565020561	-0.44004422426223755	0.21884965896606445	-0.06565039604902267	0.35269320011138916	0.25933340191841125	-0.2567799389362335	0.4101966619491577	-0.09978185594081879	0.0457158237695694	0.23904931545257568	0.0455012172460556	0.04311806708574295	0.4070890545845032	0.18887057900428772	-0.2714396119117737	-1.4422807693481445	0.4869133234024048	-0.39026719331741333	0.5840389728546143	-1.5385680198669434	0.07666517049074173	-10.002939224243164	-0.4563015103340149	-8.750529289245605	8.844377517700195	-2.9589736461639404	1.0345213413238525	-3.7056236267089844	0.44410285353660583	-3.2357654571533203	-2.55881929397583	-0.7059833407402039	-1.3871097564697266	0.36712437868118286	0.630294919013977	0.2832546830177307	1.7602384090423584	0.24817436933517456	1.1577739715576172	1.4291777610778809	0.16897618770599365
0.5247169733047485	-1.1748393774032593	0.776861846446991	0.08596521615982056	-0.018651511520147324	0.03064744919538498	0.9956520199775696	0.05178360641002655	-0.7184451222419739	0.19021499156951904	-0.3064188063144684	0.6161304712295532	0.11784695833921432	-0.2153090536594391	0.34391260147094727	-0.09125319868326187	-0.013934451155364513	0.19658023118972778	0.026712553575634956	0.017004555091261864	0.4175729751586914	0.200723797082901	-0.2612608075141907	-1.3984534740447998	0.48995497822761536	-0.3664170503616333	0.6202760934829712	-1.5358819961547852	0.03239652141928673	-11.513699531555176	-1.9559071063995361	-9.34428596496582	11.942473411560059	-5.9856486320495605	1.970612645149231	-1.955993413925171	0.1082954928278923	-1.6596899032592773	-1.061571717262268	-0.6089128255844116	-0.9700336456298828	0.4862591624259949	0.2692185342311859	0.1476481556892395	2.129462242126465	0.3189876675605774	0.772423267364502	1.4902323484420776	0.14026165008544922
0.5239160656929016	-1.1614292860031128	0.7810043096542358	0.08152908086776733	-0.017632445320487022	0.040346499532461166	0.9956978559494019	0.05351019650697708	-0.9005922079086304	0.1406133770942688	-0.4394218325614929	0.8303921222686768	0.019907459616661072	-0.17795543372631073	0.3319569230079651	-0.0954500362277031	-0.020671769976615906	0.19658644497394562	0.021144704893231392	0.004316720645874739	0.42653942108154297	0.19963932037353516	-0.2655336856842041	-1.3571022748947144	0.4996728301048279	-0.35937026143074036	0.6436482667922974	-1.5329575538635254	-0.02973899245262146	-9.32775592803955	-3.371685266494751	-6.825730800628662	11.833569526672363	-6.035188674926758	1.8294059038162231	-0.35514160990715027	-0.21418648958206177	-0.41034725308418274	0.028257817029953003	-0.3469683825969696	-0.6179526448249817	0.24476125836372375	-0.39353668689727783	-0.5535140633583069	1.3027489185333252	0.28500184416770935	-0.20454376935958862	0.7021531462669373	0.2193450927734375
0.5232400298118591	-1.1626548767089844	0.7820926904678345	0.07519546151161194	-0.017684029415249825	0.04062263295054436	0.996184229850769	0.05059404671192169	-1.0915553569793701	0.05534758046269417	-0.5794480443000793	1.0894732475280762	-0.1235605776309967	-0.14213281869888306	0.32970693707466125	-0.09982065856456757	-0.030348341912031174	0.1977105438709259	0.012833818793296814	-0.007713549770414829	0.42736342549324036	0.1849823296070099	-0.28340137004852295	-1.3463435173034668	0.5013550519943237	-0.37459880113601685	0.6483622193336487	-1.5271081924438477	-0.15147989988327026	-8.131638526916504	-4.482667922973633	-5.943764686584473	11.988353729248047	-7.257120132446289	1.8536216020584106	0.02245381474494934	-0.06689783185720444	-0.5334447026252747	0.2780511975288391	-0.44533437490463257	-0.45426100492477417	-0.054185837507247925	-0.6088830232620239	-0.9900331497192383	-0.028342008590698242	-0.09802058339118958	-0.8042432069778442	0.03269314765930176	0.18638968467712402
0.5226545333862305	-1.1673320531845093	0.7812015414237976	0.06845461577177048	-0.01820993795990944	0.036158617585897446	0.996832549571991	0.04745100066065788	-1.2258577346801758	-0.038693346083164215	-0.6771724224090576	1.3099262714385986	-0.27037736773490906	-0.10381057113409042	0.33285507559776306	-0.09812594950199127	-0.04200955852866173	0.20770849287509918	0.0033313289750367403	-0.013853720389306545	0.42437198758125305	0.1752839982509613	-0.30513501167297363	-1.3582359552383423	0.4957520067691803	-0.391539990901947	0.6449559926986694	-1.5255019664764404	-0.10925587266683578	-4.978552341461182	-4.319705486297607	-3.5907342433929443	9.086549758911133	-6.038106441497803	1.6010894775390625	0.1806788146495819	0.10066330432891846	-0.4590436816215515	0.5379930138587952	-0.3725387752056122	-0.15291568636894226	0.023461133241653442	-0.4175606966018677	-0.9753450751304626	-0.6727784872055054	-0.17853230237960815	-0.7053568959236145	-0.21639317274093628	0.024300813674926758
0.5220186114311218	-1.170612096786499	0.7803020477294922	0.06324191391468048	-0.01856102980673313	0.03222834691405296	0.9973049163818359	0.04622381180524826	-1.290697455406189	-0.11744064092636108	-0.7230774164199829	1.4529352188110352	-0.36508482694625854	-0.07808923721313477	0.33693408966064453	-0.09579412639141083	-0.048710089176893234	0.2192302644252777	-0.002067732159048319	-0.01383017748594284	0.4283018708229065	0.16827990114688873	-0.32241517305374146	-1.373254656791687	0.4942137598991394	-0.4028130769729614	0.6397064924240112	-1.5261361598968506	-0.038739945739507675	-2.303647994995117	-3.5695395469665527	-1.5772089958190918	5.937588214874268	-3.630814790725708	0.7499111890792847	0.12331977486610413	0.04970598965883255	-0.2927219569683075	0.4655640721321106	-0.18048502504825592	0.07742657512426376	0.35015419125556946	-0.3367040157318115	-0.7433980703353882	-0.5728006362915039	0.054304301738739014	-0.47597363591194153	-0.2528637647628784	-0.1086115837097168
0.5213099718093872	-1.172192096710205	0.7799509763717651	0.05981898680329323	-0.01863652653992176	0.030492128804326057	0.9975694417953491	0.045901402831077576	-1.3180036544799805	-0.1814749389886856	-0.7402607798576355	1.5474298000335693	-0.4156099557876587	-0.07381412386894226	0.3377878665924072	-0.09613770991563797	-0.053718436509370804	0.22633105516433716	-0.003888071747496724	-0.0107566574588418	0.43837815523147583	0.1618158370256424	-0.33487093448638916	-1.3811479806900024	0.49792417883872986	-0.4105789363384247	0.6348414421081543	-1.529846429824829	-0.03620432689785957	-0.7687240839004517	-2.80527925491333	-0.42871981859207153	3.68080735206604	-1.8838152885437012	0.016322173178195953	-0.0546872615814209	-0.023514777421951294	-0.2764536142349243	0.20478889346122742	-0.06747455149888992	0.10001514852046967	0.5671679973602295	-0.2975698709487915	-0.5540065765380859	-0.2749830484390259	0.21430402994155884	-0.31483694911003113	-0.24434030055999756	-0.19928812980651855
0.520777702331543	-1.1732056140899658	0.7801158428192139	0.05733904987573624	-0.018610859289765358	0.02946595475077629	0.9977464079856873	0.04477563872933388	-1.321446418762207	-0.2296518087387085	-0.7402262091636658	1.6001675128936768	-0.4404374361038208	-0.07743635028600693	0.3347465991973877	-0.09673471748828888	-0.05976823344826698	0.2274218201637268	-0.004766714293509722	-0.009829571470618248	0.4509885907173157	0.15637710690498352	-0.344575434923172	-1.384253978729248	0.5027859210968018	-0.41540655493736267	0.6299328804016113	-1.5341076850891113	-0.0887840986251831	0.3347933292388916	-1.99238920211792	0.3214910626411438	1.6475379467010498	-0.8020401000976562	-0.14386549592018127	-0.2514973282814026	-0.04692208021879196	-0.3671388030052185	-0.1036662608385086	-0.011779606342315674	-0.20072150230407715	0.5631536245346069	-0.2788938581943512	-0.47964900732040405	-0.012537837028503418	0.21191462874412537	-0.19773542881011963	-0.22356510162353516	-0.14494359493255615
0.5201781392097473	-1.174360752105713	0.7806874513626099	0.05503387376666069	-0.018561385571956635	0.02882978692650795	0.9978955388069153	0.04235003888607025	-1.3046119213104248	-0.26117050647735596	-0.7274011373519897	1.6133313179016113	-0.44769155979156494	-0.07956874370574951	0.3277279734611511	-0.09801459312438965	-0.06840398907661438	0.22218440473079681	-0.004359256010502577	-0.018785517662763596	0.4609043002128601	0.15066008269786835	-0.3540568947792053	-1.3816494941711426	0.5064007639884949	-0.41848835349082947	0.6258988380432129	-1.5356441736221313	-0.12918925285339355	1.154455542564392	-1.2362666130065918	0.7652178406715393	-0.08563399314880371	-0.07579103112220764	0.07840227335691452	-0.4424877464771271	-0.061289966106414795	-0.49504926800727844	-0.3266233801841736	0.022749178111553192	-0.3021945357322693	0.40910691022872925	-0.2141270786523819	-0.486157089471817	0.2070695161819458	0.1300022006034851	-0.09928643703460693	-0.15569627285003662	-0.09440779685974121
0.5195049047470093	-1.1750175952911377	0.7807573676109314	0.054018303751945496	-0.018515465781092644	0.02871495485305786	0.997955322265625	0.03960806876420975	-1.2752681970596313	-0.27910247445106506	-0.7096174955368042	1.5967421531677246	-0.4434690773487091	-0.07430025935173035	0.3170470893383026	-0.09918631613254547	-0.07957020401954651	0.21435688436031342	-0.00385674717836082	-0.021917352452874184	0.46735286712646484	0.14781202375888824	-0.3640217185020447	-1.3759711980819702	0.5079860091209412	-0.41937801241874695	0.6237050294876099	-1.537883996963501	-0.12491457164287567	1.7900437116622925	-0.47896355390548706	1.0169670581817627	-1.6242623329162598	0.1357637345790863	0.21587051451206207	-0.4459261894226074	-0.04034563899040222	-0.4554085433483124	-0.2737749218940735	-0.01773814484477043	-0.036933787167072296	0.29921531677246094	-0.21459423005580902	-0.32453685998916626	0.19872784614562988	-0.063382089138031	-0.007711350917816162	-0.028967857360839844	-0.04989504814147949
0.5187645554542542	-1.1759676933288574	0.7804398536682129	0.053000155836343765	-0.018346330150961876	0.027852453291416168	0.9980375170707703	0.037353456020355225	-1.233010172843933	-0.28032904863357544	-0.686722457408905	1.548360824584961	-0.4422610104084015	-0.07093392312526703	0.3098909258842468	-0.09962841868400574	-0.08662033081054688	0.21123340725898743	-0.005068781785666943	-0.02026286907494068	0.47287291288375854	0.142076313495636	-0.367038369178772	-1.3737003803253174	0.5038654804229736	-0.4187968075275421	0.6247401237487793	-1.5376399755477905	-0.148836150765419	2.49568510055542	0.14759376645088196	1.183876395225525	-3.0758261680603027	-0.03440827131271362	0.15681274235248566	-0.4095025360584259	-0.042660534381866455	-0.43301451206207275	-0.11861324310302734	-0.06140415370464325	0.21041624248027802	0.2609327435493469	-0.28796976804733276	-0.09538233280181885	0.025016069412231445	-0.2660095691680908	0.01761987805366516	0.10086894035339355	0.004798173904418945
0.5179526805877686	-1.1773481369018555	0.7796294093132019	0.05304872617125511	-0.017787570133805275	0.027030501514673233	0.9980676174163818	0.03365462273359299	-1.175440788269043	-0.2731987237930298	-0.6622624397277832	1.4737091064453125	-0.44484540820121765	-0.06802774965763092	0.3006669878959656	-0.10089273750782013	-0.09689078480005264	0.20961235463619232	-0.00631291326135397	-0.013500702567398548	0.4777901768684387	0.1362932324409485	-0.36783701181411743	-1.374970555305481	0.49734562635421753	-0.41867321729660034	0.6277397871017456	-1.5376920700073242	-0.2033669501543045	3.255927562713623	0.6144240498542786	1.2969777584075928	-4.4420270919799805	0.10808631777763367	0.11211130768060684	-0.5047187209129333	-0.08110031485557556	-0.5305331349372864	-0.08938610553741455	-0.0858168825507164	0.4116668403148651	0.20225197076797485	-0.2676483392715454	-0.03668069839477539	-0.06057918071746826	-0.3590032458305359	4.544854164123535e-05	0.18998682498931885	0.007984042167663574
0.5170649290084839	-1.1792049407958984	0.7786542177200317	0.053604498505592346	-0.016116322949528694	0.025335801765322685	0.9981107711791992	0.029218778014183044	-1.1027730703353882	-0.2557520866394043	-0.6348433494567871	1.3706797361373901	-0.43793755769729614	-0.06644947081804276	0.2897021770477295	-0.10287243127822876	-0.10784165561199188	0.20765796303749084	-0.008501457050442696	-0.00379619630984962	0.48096299171447754	0.13137038052082062	-0.368505597114563	-1.3761235475540161	0.4895053505897522	-0.41879498958587646	0.632339596748352	-1.537320613861084	-0.21549445390701294	3.9476335048675537	1.1115789413452148	1.4564454555511475	-5.735123157501221	0.5614988803863525	0.0022133812308311462	-0.537996768951416	-0.08689165115356445	-0.5170116424560547	-0.03982670605182648	-0.16383138298988342	0.38163554668426514	0.092325359582901	-0.18948055803775787	-0.07296353578567505	-0.009500980377197266	-0.43225884437561035	0.04833489656448364	0.23267865180969238	0.07651448249816895
0.5161017179489136	-1.181340217590332	0.777606189250946	0.05516761913895607	-0.014247070997953415	0.023487288504838943	0.998099148273468	0.025034844875335693	-1.0175354480743408	-0.2287355661392212	-0.6040046215057373	1.2443041801452637	-0.42238545417785645	-0.06793921440839767	0.27914711833000183	-0.10436840355396271	-0.11757124960422516	0.20801928639411926	-0.012866168282926083	0.001764719607308507	0.48148319125175476	0.12871401011943817	-0.37075555324554443	-1.3753505945205688	0.4800552725791931	-0.416739821434021	0.6370469331741333	-1.5346314907073975	-0.24779443442821503	4.49196720123291	1.4571282863616943	1.6140952110290527	-6.682014465332031	0.9663455486297607	0.13770265877246857	-0.5333825945854187	-0.0717751681804657	-0.5596503615379333	0.040340423583984375	-0.1457945853471756	0.31241878867149353	-0.039124488830566406	-0.0454094260931015	-0.2049848437309265	0.02701282501220703	-0.4975341260433197	0.07844939827919006	0.3007844090461731	0.1475900411605835
0.5150594711303711	-1.1838710308074951	0.7762059569358826	0.056361790746450424	-0.012152109295129776	0.021033352240920067	0.9981149435043335	0.019307000562548637	-0.9230943918228149	-0.19746695458889008	-0.5702795386314392	1.1033991575241089	-0.3992837369441986	-0.060941364616155624	0.26836687326431274	-0.10574343800544739	-0.13022767007350922	0.20927157998085022	-0.014333240687847137	0.008700555190443993	0.4793980121612549	0.12955400347709656	-0.37670499086380005	-1.3750430345535278	0.4696039855480194	-0.41565701365470886	0.644370973110199	-1.5314170122146606	-0.24695517122745514	5.0665602684021	1.7927385568618774	1.8650486469268799	-7.672152042388916	2.2205538749694824	0.15906262397766113	-0.593923807144165	-0.0019062310457229614	-0.6596558094024658	0.08476078510284424	-0.09385647624731064	0.5005799531936646	-0.12765899300575256	0.1313481479883194	-0.25624483823776245	-0.0952988862991333	-0.50433349609375	0.07173418998718262	0.3703504800796509	0.1425027847290039
0.5139365792274475	-1.1865843534469604	0.7744072079658508	0.058128830045461655	-0.00974741019308567	0.017398418858647346	0.9981100559234619	0.015156637877225876	-0.8148730397224426	-0.1570260226726532	-0.5294026732444763	0.9374181032180786	-0.33356329798698425	-0.061576709151268005	0.2553901672363281	-0.10444465279579163	-0.1439574807882309	0.21140971779823303	-0.01662042737007141	0.021787919104099274	0.47637683153152466	0.13396793603897095	-0.38100534677505493	-1.3791625499725342	0.4598819315433502	-0.4138704538345337	0.6518609523773193	-1.5289313793182373	-0.1464899182319641	5.904449462890625	2.339348316192627	2.4370663166046143	-9.199084281921387	5.161627292633057	-0.4611956775188446	-0.6970040798187256	0.20115169882774353	-0.6340425610542297	0.066375732421875	-0.11793528497219086	0.4705367088317871	-0.10289996862411499	0.25019383430480957	-0.12421533465385437	-0.32153427600860596	-0.3871746361255646	0.21657422184944153	0.254996120929718	0.19082129001617432
0.5127303600311279	-1.1896830797195435	0.7721962928771973	0.0607144758105278	-0.007349941413849592	0.01175463106483221	0.9980589747428894	0.013447403907775879	-0.6869164109230042	-0.10389301925897598	-0.47279688715934753	0.7354357838630676	-0.19281864166259766	-0.07938919216394424	0.24048671126365662	-0.09769736975431442	-0.15558937191963196	0.21192660927772522	-0.019050652161240578	0.027522023767232895	0.4752820134162903	0.1395617574453354	-0.3816736042499542	-1.387904405593872	0.4541170001029968	-0.4069940447807312	0.6545708179473877	-1.5237841606140137	-0.002585863694548607	7.181859016418457	3.010982036590576	3.538506507873535	-11.119963645935059	8.388786315917969	-0.9550768733024597	-0.9540390372276306	0.56009441614151	-0.7491074800491333	-0.06207078695297241	-0.0746358186006546	0.4560135304927826	0.06544888019561768	0.43884551525115967	-0.07178932428359985	-0.7567077875137329	-0.122041255235672	0.40027424693107605	0.01271665096282959	0.23240447044372559
0.5114346742630005	-1.1939095258712769	0.768461287021637	0.0638013407588005	-0.004765011370182037	0.0023245110642164946	0.9979485273361206	0.015053203329443932	-0.5275986790657043	-0.036586739122867584	-0.3878624141216278	0.4926195740699768	0.0019881404004991055	-0.09977978467941284	0.21722860634326935	-0.08204087615013123	-0.17392177879810333	0.20892688632011414	-0.019605860114097595	0.04002846032381058	0.47899478673934937	0.15152175724506378	-0.3838769197463989	-1.4094308614730835	0.45500028133392334	-0.39785948395729065	0.6523696184158325	-1.5196352005004883	0.0358998067677021	5.617906093597412	1.8749843835830688	3.504162311553955	-7.189363479614258	3.5328454971313477	0.815545380115509	-0.6044313311576843	0.19026416540145874	-0.38010627031326294	0.2876758575439453	-0.13978448510169983	0.8229649662971497	-0.20603686571121216	0.24754218757152557	-0.19028261303901672	-0.2519339323043823	-0.030294060707092285	0.30819475650787354	-0.13107061386108398	0.12481808662414551
0.5100693702697754	-1.198250651359558	0.7678840160369873	0.06692629307508469	-0.0017468518344685435	0.0007173881749622524	0.9977561831474304	0.014883396215736866	-0.4622001647949219	-0.028893645852804184	-0.3326303958892822	0.4478612542152405	-0.051504820585250854	-0.046767376363277435	0.21630945801734924	-0.09008680284023285	-0.17079362273216248	0.22343364357948303	-0.024642031639814377	0.06044062227010727	0.4670405387878418	0.1494634449481964	-0.3892849087715149	-1.3979817628860474	0.45290523767471313	-0.39466625452041626	0.6493279933929443	-1.5187914371490479	0.08039167523384094	2.1247103214263916	0.3815303146839142	1.9937984943389893	-1.3585255146026611	-2.027357816696167	2.094984531402588	0.10419338941574097	-0.21269488334655762	0.40102526545524597	0.6565939784049988	-0.040018558502197266	0.7616910934448242	-0.5620643496513367	-0.0009216368198394775	-0.31954795122146606	0.5039691925048828	-0.04623308777809143	0.2666302025318146	-0.18406063318252563	0.16222596168518066
0.5086123943328857	-1.2029880285263062	0.767550528049469	0.07106472551822662	-0.00020873514586128294	-0.0029306060168892145	0.9974675178527832	0.018268870189785957	-0.4426102638244629	-0.021325526759028435	-0.30811047554016113	0.43827855587005615	-0.0791061744093895	-0.015980398282408714	0.221396341919899	-0.09054867178201675	-0.1578807681798935	0.23519064486026764	-0.021206602454185486	0.07049610465765	0.4565122127532959	0.1514848917722702	-0.39665883779525757	-1.3892720937728882	0.4531509578227997	-0.38719427585601807	0.6450071930885315	-1.513146162033081	0.20147782564163208	0.21116137504577637	0.40475577116012573	0.6455510854721069	0.1496449112892151	-0.46563073992729187	0.5132542848587036	0.30556991696357727	0.10115392506122589	0.7589384913444519	0.5363032221794128	0.3970935046672821	0.28300172090530396	-0.5150049924850464	0.08200258016586304	-0.24672150611877441	0.5492299795150757	0.10134130716323853	0.6351679563522339	-0.34013688564300537	0.4366159439086914
0.507070779800415	-1.2069392204284668	0.7681854367256165	0.07447808235883713	0.00060281838523224	-0.007013352122157812	0.9971979260444641	0.02294250950217247	-0.4537537097930908	-0.012703415006399155	-0.30680835247039795	0.4538470506668091	-0.07013005018234253	-0.026237204670906067	0.22853225469589233	-0.08604064583778381	-0.1404360830783844	0.24488577246665955	-0.00875829253345728	0.07176069170236588	0.44644033908843994	0.15274354815483093	-0.39915376901626587	-1.3760125637054443	0.4569588899612427	-0.3692595362663269	0.6357225179672241	-1.5013267993927002	0.24368079006671906	-0.7233642339706421	0.4496828615665436	0.05167275667190552	1.021486520767212	0.10549258440732956	-0.6830486059188843	0.37350282073020935	0.24375692009925842	0.8262267112731934	0.5010846853256226	0.5656031966209412	0.029091723263263702	-0.4267066717147827	0.10560192167758942	-0.06791576743125916	0.48071444034576416	0.24820193648338318	0.9218953847885132	-0.46088844537734985	0.5534946918487549
0.5054523348808289	-1.2108972072601318	0.7686435580253601	0.07699169218540192	0.000948277476709336	-0.011580348014831543	0.996964156627655	0.0280161015689373	-0.4715448319911957	-0.003338212613016367	-0.3060435652732849	0.47913801670074463	-0.07488647103309631	-0.04330234229564667	0.23633645474910736	-0.08079839497804642	-0.12483169883489609	0.255234032869339	0.0014175252290442586	0.07165977358818054	0.4394439458847046	0.15570896863937378	-0.39937546849250793	-1.3700435161590576	0.463079035282135	-0.35031846165657043	0.6265716552734375	-1.4910063743591309	0.3061046004295349	-0.017602741718292236	0.5610169768333435	0.7677525281906128	0.15016943216323853	-0.4617202877998352	-0.6780371069908142	0.8237249851226807	0.22857430577278137	1.0376155376434326	0.8543931245803833	0.41113531589508057	0.05171000957489014	-0.2543404698371887	0.1587558537721634	-0.0734478235244751	0.1439213752746582	0.3686659038066864	0.966895341873169	-0.47118961811065674	0.4490464925765991
0.5037455558776855	-1.2151706218719482	0.7694882750511169	0.08107834309339523	-0.00027275944012217224	-0.01590671017765999	0.9965807795524597	0.03518669307231903	-0.4544578194618225	0.00973726436495781	-0.27609825134277344	0.4598538279533386	-0.08859886229038239	-0.053358688950538635	0.26148125529289246	-0.07689767330884933	-0.0989314615726471	0.279061496257782	0.007687121629714966	0.07382909208536148	0.4362667202949524	0.15909378230571747	-0.4020916819572449	-1.370255708694458	0.47170552611351013	-0.33058372139930725	0.6168749332427979	-1.4833649396896362	0.2610968351364136	2.4101741313934326	0.7961518168449402	2.238107442855835	-2.941372871398926	0.20454955101013184	0.03862176090478897	2.0225350856781006	0.22026747465133667	1.6999455690383911	2.263838052749634	-0.44658318161964417	-0.3773868978023529	-0.13787299394607544	0.019676238298416138	-0.16513243317604065	0.19973218441009521	0.21211057901382446	0.908118486404419	-0.3024786710739136	0.6985902786254883
0.501949667930603	-1.2212016582489014	0.7729188799858093	0.08520861715078354	-0.0017437030328437686	-0.021556995809078217	0.9961283206939697	0.03845997527241707	-0.3751378655433655	0.028507858514785767	-0.21651926636695862	0.361483097076416	-0.06670448929071426	-0.04175747185945511	0.31723785400390625	-0.07198769599199295	-0.05683387815952301	0.34578755497932434	-0.01644580252468586	0.056564297527074814	0.4339290261268616	0.15649601817131042	-0.40598076581954956	-1.3620542287826538	0.471563458442688	-0.3139937222003937	0.614472508430481	-1.4630627632141113	0.1023326963186264	3.193875312805176	0.9893884658813477	2.2130110263824463	-3.966400146484375	1.0172322988510132	0.39964112639427185	4.574075222015381	0.5673935413360596	3.3946022987365723	5.844870090484619	-2.9016549587249756	-1.174330472946167	0.07775723934173584	-0.00421963632106781	-0.12363269925117493	0.3670930862426758	-0.23381337523460388	0.7515177130699158	0.30420124530792236	1.2701749801635742
0.5000532865524292	-1.2263092994689941	0.7768099904060364	0.08934573829174042	-0.00295675708912313	-0.030053038150072098	0.9955428242683411	0.0392800010740757	-0.3267028033733368	0.04931280389428139	-0.18757781386375427	0.3011978268623352	-0.04790956899523735	-0.03737304359674454	0.4444442689418793	-0.05420193076133728	0.0368526354432106	0.5128563046455383	-0.1083790734410286	0.026855874806642532	0.4393770098686218	0.15892499685287476	-0.40703698992729187	-1.355571985244751	0.462352991104126	-0.3005230128765106	0.6290429830551147	-1.4325579404830933	0.05204956978559494	1.6039795875549316	0.7363312840461731	0.8681111335754395	-1.8797204494476318	0.6086145639419556	0.13626199960708618	6.987030982971191	1.045530915260315	5.202277183532715	9.297636985778809	-4.478236675262451	-1.2354762554168701	0.3487303853034973	0.1196831464767456	0.04518777132034302	0.18926560878753662	-0.35265013575553894	0.3615766763687134	0.8187562227249146	1.022249460220337
0.4980824887752533	-1.2296724319458008	0.7789257168769836	0.0933234840631485	-0.0037151144351810217	-0.034973494708538055	0.9950146079063416	0.040541958063840866	-0.3109786808490753	0.0579611100256443	-0.18179482221603394	0.28629428148269653	-0.04235990718007088	-0.036306992173194885	0.5967190861701965	-0.03016645833849907	0.1512572169303894	0.717693030834198	-0.1955752670764923	0.007145249750465155	0.44787824153900146	0.16128334403038025	-0.40417325496673584	-1.3544836044311523	0.45745745301246643	-0.29953065514564514	0.6472227573394775	-1.4221727848052979	0.0909547358751297	0.7001810073852539	0.3640959858894348	0.39293020963668823	-0.6039395928382874	0.155465766787529	0.0022922642529010773	7.411404609680176	1.5249335765838623	5.586724758148193	10.214599609375	-4.0876240730285645	-0.9636934995651245	0.5228132009506226	0.13357475399971008	0.2578131854534149	-0.0767052173614502	-0.21791458129882812	0.04113093018531799	0.9001985192298889	0.3281533718109131
0.4960494041442871	-1.2307695150375366	0.7798072695732117	0.09828254580497742	-0.004697026684880257	-0.037265703082084656	0.9944494962692261	0.042918190360069275	-0.29869556427001953	0.06387664377689362	-0.17186060547828674	0.2770402431488037	-0.04169093817472458	-0.037281353026628494	0.740900456905365	0.006795412860810757	0.26032161712646484	0.9214403033256531	-0.271884024143219	-0.011691863648593426	0.46028953790664673	0.16426798701286316	-0.3967244625091553	-1.358640193939209	0.45363640785217285	-0.2988777756690979	0.6650509238243103	-1.4194318056106567	0.03474270924925804	0.5289487838745117	0.035733263939619064	0.618937611579895	-0.41206032037734985	-0.019475724548101425	0.04384061321616173	6.393136024475098	1.9485414028167725	5.016798496246338	9.129073143005371	-3.4407265186309814	-0.9427196383476257	0.5233809351921082	0.05289986729621887	0.3134116530418396	-0.13659298419952393	-0.18723011016845703	-0.152665376663208	0.7944971323013306	-0.18506944179534912
0.49401023983955383	-1.2317712306976318	0.7790632247924805	0.10366502404212952	-0.006655937526375055	-0.03574671223759651	0.993947446346283	0.04193166643381119	-0.28982073068618774	0.059390440583229065	-0.15703731775283813	0.26981186866760254	-0.043138936161994934	-0.034553367644548416	0.8524445295333862	0.04777519777417183	0.3519291579723358	1.0828559398651123	-0.33320432901382446	-0.030563535168766975	0.4688134789466858	0.163399338722229	-0.39163678884506226	-1.3599473237991333	0.44996824860572815	-0.30563727021217346	0.6790026426315308	-1.4295755624771118	-0.08169952780008316	0.41776448488235474	-0.24601313471794128	0.7913135290145874	-0.36653876304626465	-0.08831415325403214	0.1782568097114563	4.582674980163574	2.054910659790039	3.815239667892456	6.910808563232422	-2.4753479957580566	-1.085405945777893	0.2938315272331238	0.07338933646678925	0.03237277269363403	0.0369340181350708	-0.07246062159538269	-0.30910447239875793	0.47271549701690674	-0.5142033100128174
0.4919064939022064	-1.2332855463027954	0.7780999541282654	0.10842860490083694	-0.008783715777099133	-0.034127965569496155	0.9934794902801514	0.03965020924806595	-0.28198498487472534	0.05403611809015274	-0.14020806550979614	0.2623786926269531	-0.045223504304885864	-0.03015108034014702	0.9242074489593506	0.08899183571338654	0.4129312038421631	1.1978726387023926	-0.37089794874191284	-0.055108100175857544	0.4720427989959717	0.16720356047153473	-0.3954295516014099	-1.3571628332138062	0.45073798298835754	-0.3112419545650482	0.6839595437049866	-1.4399999380111694	-0.000618956983089447	0.4196874797344208	-0.246560201048851	0.8382446765899658	-0.39360523223876953	-0.11084657162427902	0.20843172073364258	2.8430118560791016	1.951851725578308	2.509300470352173	4.808047294616699	-1.3439350128173828	-1.1475433111190796	0.1419350504875183	0.08541829884052277	-0.07585808634757996	0.084686279296875	0.19061341881752014	-0.2735912799835205	0.0266149640083313	-0.4895538091659546
0.4897189438343048	-1.2354787588119507	0.7773332595825195	0.11287058144807816	-0.010696747340261936	-0.03324538841843605	0.9929957985877991	0.04190690815448761	-0.2730332314968109	0.049528032541275024	-0.1235075294971466	0.25406765937805176	-0.047572799026966095	-0.02621609903872013	0.9661650061607361	0.12584926187992096	0.45230117440223694	1.2751778364181519	-0.3869617283344269	-0.07646526396274567	0.4744908809661865	0.16681607067584991	-0.39467111229896545	-1.3565598726272583	0.45759278535842896	-0.3165809214115143	0.680067241191864	-1.44915771484375	0.09047035127878189	0.4742152988910675	-0.2039613127708435	0.821173906326294	-0.39961522817611694	-0.08304212242364883	0.21044811606407166	1.515744686126709	1.7446119785308838	1.573625922203064	3.1578123569488525	-0.574303388595581	-0.898308277130127	0.08015483617782593	-0.08957907557487488	0.005547702312469482	0.1598566770553589	0.405362993478775	-0.1298554241657257	-0.2666547894477844	-0.3120332956314087
0.48743343353271484	-1.2372910976409912	0.7768096327781677	0.11647164076566696	-0.012019609101116657	-0.03271554410457611	0.9925824999809265	0.043269023299217224	-0.26301637291908264	0.045877665281295776	-0.10736110806465149	0.246394082903862	-0.04854518920183182	-0.021733155474066734	0.9848372340202332	0.15877631306648254	0.47587624192237854	1.3241851329803467	-0.393870085477829	-0.09104043245315552	0.4752489924430847	0.16362039744853973	-0.39520764350891113	-1.3507685661315918	0.46695250272750854	-0.31643617153167725	0.6732933521270752	-1.4524812698364258	0.11330685019493103	0.48723742365837097	-0.15174849331378937	0.8186832070350647	-0.32999032735824585	-0.07714079320430756	0.2514643669128418	0.6283983588218689	1.582380771636963	0.9818390011787415	2.0385890007019043	-0.18880590796470642	-0.5948878526687622	0.030672550201416016	-0.0938616693019867	-0.1146562397480011	0.2716928720474243	0.5095437169075012	0.038407742977142334	-0.3478705883026123	-0.0783681869506836
0.4850528836250305	-1.238799810409546	0.7765227556228638	0.11951637268066406	-0.012989571318030357	-0.0324888750910759	0.9922155141830444	0.04643918201327324	-0.2535437345504761	0.04345809295773506	-0.09076020121574402	0.24086804687976837	-0.05065843090415001	-0.016157524660229683	0.9913009405136108	0.18914449214935303	0.4915747344493866	1.3567214012145996	-0.39451396465301514	-0.10026077926158905	0.47571778297424316	0.16306160390377045	-0.3992573618888855	-1.3456921577453613	0.477974534034729	-0.3150446116924286	0.6661524176597595	-1.4522924423217773	0.1604996621608734	0.46404972672462463	-0.09970050305128098	0.7863707542419434	-0.2754628658294678	-0.14509549736976624	0.24649998545646667	0.15375465154647827	1.440942645072937	0.6949849128723145	1.3350874185562134	0.04765614867210388	-0.26701653003692627	-0.006899982690811157	-0.011759623885154724	-0.2133101224899292	0.267559289932251	0.48804283142089844	0.11030957102775574	-0.3629550337791443	0.08210241794586182
0.4828149676322937	-1.2402235269546509	0.7763633131980896	0.12268923968076706	-0.013967220671474934	-0.03253614157438278	0.9918134212493896	0.04968900978565216	-0.24445438385009766	0.04188964515924454	-0.07590627670288086	0.2353755682706833	-0.054349008947610855	-0.01187315583229065	0.9909874200820923	0.21641401946544647	0.503675639629364	1.3775886297225952	-0.3919638395309448	-0.10172109305858612	0.47497299313545227	0.16315001249313354	-0.4037400484085083	-1.3400661945343018	0.4864742159843445	-0.312023788690567	0.6587751507759094	-1.4491971731185913	0.1535843163728714	0.4981365203857422	-0.055071618407964706	0.7192631959915161	-0.29230862855911255	-0.2295704483985901	0.22135218977928162	-0.1842707395553589	1.2891039848327637	0.5134530067443848	0.813215970993042	-0.06032213568687439	-0.13772621750831604	-0.1253381371498108	0.03555901348590851	-0.2643287181854248	0.3576308488845825	0.36914050579071045	0.18217340111732483	-0.3078952431678772	0.3289759159088135
0.48067331314086914	-1.2416234016418457	0.7762237787246704	0.1250116229057312	-0.014536719769239426	-0.032961491495370865	0.9915010929107666	0.05258255451917648	-0.23361827433109283	0.04125522822141647	-0.0619896724820137	0.22917570173740387	-0.05984124913811684	-0.00730343721807003	0.9839301109313965	0.24070864915847778	0.5121128559112549	1.3892500400543213	-0.3969268500804901	-0.10576982796192169	0.47070425748825073	0.1644839644432068	-0.4098305106163025	-1.331386923789978	0.4927401542663574	-0.3077576756477356	0.6538366079330444	-1.4391334056854248	0.1728747934103012	0.6070148348808289	0.01802109181880951	0.7077473402023315	-0.2928447127342224	-0.30096444487571716	0.2235155999660492	-0.5800426006317139	1.0487000942230225	0.24362057447433472	0.29029548168182373	-0.5253292322158813	-0.1196887344121933	-0.3172248601913452	0.10539963841438293	-0.33074915409088135	0.5250036716461182	0.21904483437538147	0.29886960983276367	-0.21547824144363403	0.5948543548583984
0.47862061858177185	-1.2426053285598755	0.7763921618461609	0.12660343945026398	-0.014218160882592201	-0.03392808884382248	0.9912711381912231	0.05660400167107582	-0.22017379105091095	0.04261048883199692	-0.04759638383984566	0.22366178035736084	-0.0663875862956047	-0.002932532224804163	0.9677857160568237	0.2583620250225067	0.5134204626083374	1.3892004489898682	-0.412977010011673	-0.10650864243507385	0.46228399872779846	0.16736599802970886	-0.41697001457214355	-1.319066047668457	0.49523600935935974	-0.30006900429725647	0.6501560211181641	-1.4254029989242554	0.14572618901729584	0.5525946617126465	-0.023197848349809647	0.5724631547927856	-0.12968145310878754	-0.38067689538002014	0.1852857619524002	-0.8156418800354004	0.7086753845214844	0.05989670753479004	-0.16208291053771973	-0.9459413290023804	-0.07486529648303986	-0.4230186343193054	0.09766928851604462	-0.29010698199272156	0.5992382764816284	0.009530037641525269	0.3000818192958832	-0.11789202690124512	0.597730278968811
0.4766642451286316	-1.243473768234253	0.7762830257415771	0.12762069702148438	-0.013728171586990356	-0.03378042206168175	0.9911526441574097	0.058411601930856705	-0.21151448786258698	0.04032731428742409	-0.03909114748239517	0.22398844361305237	-0.07506832480430603	0.00010799313895404339	0.9513044357299805	0.26905566453933716	0.5145087242126465	1.3827667236328125	-0.4347645044326782	-0.10876443982124329	0.4537835121154785	0.16839073598384857	-0.42143478989601135	-1.307417392730713	0.49312135577201843	-0.29575440287590027	0.6491209268569946	-1.4152241945266724	-0.051244813948869705	0.40797367691993713	-0.2769036293029785	0.2639848589897156	0.059451162815093994	-0.42712950706481934	0.25077754259109497	-0.8138805627822876	0.36129727959632874	0.08996427059173584	-0.4899561405181885	-1.311464548110962	-0.07261950522661209	-0.4196837544441223	-0.07620491087436676	-0.1166999340057373	0.630524754524231	-0.26168450713157654	0.004429370164871216	0.07630884647369385	0.46465396881103516
0.47479766607284546	-1.2447692155838013	0.7759449481964111	0.127706840634346	-0.013178939931094646	-0.032129909843206406	0.9912038445472717	0.05455420911312103	-0.20385484397411346	0.031534343957901	-0.03703698888421059	0.2260398268699646	-0.08347276598215103	0.00709856953471899	0.9352304935455322	0.27281391620635986	0.5170190334320068	1.3696022033691406	-0.46543559432029724	-0.10941342264413834	0.44549664855003357	0.1643178015947342	-0.42163801193237305	-1.2938450574874878	0.4847686290740967	-0.2998918294906616	0.6532083749771118	-1.406816840171814	-0.09763994812965393	0.3276217579841614	-0.2778245210647583	0.07851003110408783	0.1226864755153656	-0.39617791771888733	0.25797080993652344	-1.168578863143921	0.12220069766044617	-0.1274198293685913	-1.1175751686096191	-1.5144765377044678	0.08386708796024323	-0.4568323493003845	-0.050474703311920166	-0.05894899368286133	0.5567997694015503	-0.2507627010345459	0.025891512632369995	0.06616860628128052	0.46865344047546387
0.4730021059513092	-1.2449896335601807	0.7759112119674683	0.12423301488161087	-0.011806047521531582	-0.031668148934841156	0.9916773438453674	0.054506003856658936	-0.19840961694717407	0.02921433374285698	-0.03595074638724327	0.228895902633667	-0.09091544151306152	0.01042682584375143	0.9045612812042236	0.273943692445755	0.5094119310379028	1.3380637168884277	-0.49534356594085693	-0.10540975630283356	0.43551021814346313	0.16637174785137177	-0.4237927496433258	-1.2851454019546509	0.4830908477306366	-0.29471874237060547	0.6517676711082458	-1.3964780569076538	-0.003460235893726349	0.1721300184726715	-0.09778556227684021	-0.07352447509765625	0.14206767082214355	-0.32214316725730896	0.1437278687953949	-1.6491502523422241	-0.029587000608444214	-0.4793018102645874	-1.896357536315918	-1.5001423358917236	0.2359708845615387	-0.5295835733413696	0.12154914438724518	-0.0912100076675415	0.4545062780380249	-0.09744018316268921	0.314398854970932	-0.07387399673461914	0.5890429019927979
0.4712745249271393	-1.2446573972702026	0.7759950160980225	0.11988727003335953	-0.011530830524861813	-0.031274426728487015	0.9922280311584473	0.05441579967737198	-0.1969696432352066	0.027622921392321587	-0.039977967739105225	0.23172253370285034	-0.09635849297046661	0.01284768432378769	0.8692644834518433	0.2716304361820221	0.49784696102142334	1.293747901916504	-0.5254412889480591	-0.09997458755970001	0.4243133068084717	0.169179767370224	-0.4252864122390747	-1.2756648063659668	0.4808710217475891	-0.28731587529182434	0.650253415107727	-1.383255124092102	-0.023099221289157867	0.08604973554611206	-0.08666631579399109	-0.2099209427833557	0.12063905596733093	-0.22285673022270203	0.08576458692550659	-1.9158005714416504	-0.2214387059211731	-0.6280079483985901	-2.5655179023742676	-1.4664500951766968	0.4138549864292145	-0.4726514220237732	0.09835660457611084	0.0373154878616333	0.44665634632110596	-0.13854578137397766	0.358814001083374	-0.03869086503982544	0.706818699836731
0.4696146845817566	-1.2439855337142944	0.7762343287467957	0.11498219519853592	-0.01118278969079256	-0.030584070831537247	0.9928337335586548	0.05358203500509262	-0.1949676275253296	0.02574768103659153	-0.04434758424758911	0.23372146487236023	-0.09982971101999283	0.013857409358024597	0.8279292583465576	0.2650861442089081	0.48429161310195923	1.2354429960250854	-0.5540015697479248	-0.0888555571436882	0.4166041612625122	0.1703060120344162	-0.4223001301288605	-1.2672791481018066	0.4775490164756775	-0.2803661823272705	0.6502200365066528	-1.3682053089141846	-0.02376493066549301	0.15052445232868195	-0.07745153456926346	-0.16457903385162354	0.0342734158039093	-0.14739260077476501	0.013092253357172012	-2.7514562606811523	-0.6138023138046265	-1.070509910583496	-4.04062557220459	-0.9138837456703186	0.4006344676017761	-0.38044601678848267	0.10178424417972565	0.12554451823234558	0.4284858703613281	-0.22373348474502563	0.3103382885456085	0.10390430688858032	0.7998764514923096
0.4680589437484741	-1.2428102493286133	0.7761480212211609	0.1101464033126831	-0.01086221169680357	-0.029709530994296074	0.9934118986129761	0.05346520245075226	-0.19094866514205933	0.024524860084056854	-0.04656112939119339	0.2330934703350067	-0.10225419700145721	0.01337137445807457	0.759206235408783	0.24707834422588348	0.4550265669822693	1.1321228742599487	-0.5619966387748718	-0.08394920825958252	0.4090954661369324	0.17325113713741302	-0.4202646315097809	-1.2585253715515137	0.4719216823577881	-0.27490234375	0.6544095873832703	-1.3512600660324097	-0.01798076555132866	0.19960030913352966	-0.05569998174905777	-0.13674181699752808	-0.02461150288581848	-0.132915198802948	-0.007578730583190918	-3.8612632751464844	-0.957680881023407	-1.6241639852523804	-6.08611536026001	0.29864609241485596	0.07210206240415573	-0.31205862760543823	0.12127943336963654	0.17735660076141357	0.42798519134521484	-0.3334343433380127	0.316803902387619	0.19768774509429932	0.9213656187057495
0.46661141514778137	-1.2413053512573242	0.7760322093963623	0.10620451718568802	-0.010618465021252632	-0.028774168342351913	0.9938712120056152	0.052862804383039474	-0.1869836151599884	0.02351968176662922	-0.04981725662946701	0.2327370047569275	-0.10514631867408752	0.01355426013469696	0.6734787225723267	0.22677890956401825	0.419325053691864	0.9919983744621277	-0.5420557260513306	-0.08597147464752197	0.4041218161582947	0.17515718936920166	-0.41520586609840393	-1.250159740447998	0.464211642742157	-0.26769402623176575	0.6581275463104248	-1.3313506841659546	-0.03515463322401047	0.2304553985595703	-0.18536163866519928	-0.11885613203048706	-0.024738162755966187	-0.20876508951187134	0.08550495654344559	-4.678133010864258	-1.3114382028579712	-2.0333871841430664	-7.916800498962402	2.637174606323242	0.7910441756248474	-0.28482377529144287	0.0027846544981002808	0.19803494215011597	0.49582719802856445	-0.3849320113658905	0.20340681076049805	0.1370057463645935	0.8721768856048584
0.46525242924690247	-1.2404568195343018	0.7752925157546997	0.10282527655363083	-0.01025190856307745	-0.026449160650372505	0.9942949414253235	0.05205901712179184	-0.1817304491996765	0.017110394313931465	-0.05131537467241287	0.23210394382476807	-0.11060480028390884	0.0167915727943182	0.5720809102058411	0.19462081789970398	0.3736910820007324	0.8154508471488953	-0.45650964975357056	-0.05230744183063507	0.39770251512527466	0.17336252331733704	-0.41234323382377625	-1.238692283630371	0.45652440190315247	-0.2667660713195801	0.659889817237854	-1.3163729906082153	-0.07480420172214508	0.35866016149520874	-0.581417977809906	0.03146585077047348	-0.1144997775554657	-0.2654312252998352	0.2806207239627838	-5.465311527252197	-1.8473442792892456	-2.465376377105713	-9.86186408996582	6.343164920806885	1.5247020721435547	-0.27524977922439575	-0.25915539264678955	0.10137185454368591	0.5377054214477539	-0.3226861357688904	-0.3179877996444702	0.06631612777709961	0.43133795261383057
0.46398496627807617	-1.2415755987167358	0.7737353444099426	0.10062824189662933	-0.009677196852862835	-0.02163458615541458	0.9946419596672058	0.04987063631415367	-0.1726372092962265	0.00026296242140233517	-0.04855862259864807	0.22815701365470886	-0.11576356738805771	0.02477908879518509	0.4548662602901459	0.15288513898849487	0.3207100033760071	0.5975238084793091	-0.2883291244506836	-0.024983389303088188	0.39311182498931885	0.16479097306728363	-0.4111509919166565	-1.228651523590088	0.45130419731140137	-0.28041353821754456	0.6607801914215088	-1.3140971660614014	-0.19119662046432495	0.6821982860565186	-1.7357982397079468	0.45202410221099854	-0.3960341215133667	-0.2516618072986603	0.8583834171295166	-5.953703880310059	-2.798008441925049	-2.7921535968780518	-11.302879333496094	9.552481651306152	2.1499249935150146	-0.0064432621002197266	-0.9073171615600586	-0.11006370186805725	0.39670467376708984	0.4679672420024872	-1.4975130558013916	-0.400330126285553	-0.9006708860397339
0.4627534747123718	-1.247327208518982	0.7683970928192139	0.09823766350746155	-0.008126780390739441	-0.0073456354439258575	0.9951027631759644	0.044411152601242065	-0.15444251894950867	-0.05232153460383415	-0.03323440998792648	0.2162625789642334	-0.12067127227783203	0.051126912236213684	0.3339327573776245	0.08270047605037689	0.26200494170188904	0.36333566904067993	-0.07441038638353348	0.03368956223130226	0.39744478464126587	0.13706983625888824	-0.41674578189849854	-1.2228240966796875	0.47524309158325195	-0.32666659355163574	0.6438766121864319	-1.3523998260498047	-0.12192660570144653	0.5181666612625122	-1.492084264755249	0.5754753947257996	-0.26005879044532776	-0.21304842829704285	0.7403150200843811	-4.537705421447754	-2.1744441986083984	-2.974419355392456	-7.76973819732666	6.04934024810791	0.38572317361831665	0.021184980869293213	-0.7117211818695068	-0.293133407831192	0.308150053024292	0.6954483985900879	-1.3464010953903198	-0.5234390497207642	-0.9047359228134155
0.4615919291973114	-1.2470018863677979	0.7677320241928101	0.09558764845132828	-0.007766350172460079	-0.004364778753370047	0.995381236076355	0.0449935719370842	-0.15191054344177246	-0.05942041054368019	-0.02553960680961609	0.21775466203689575	-0.1242855042219162	0.05439168959856033	0.2733580470085144	0.06590736657381058	0.20173323154449463	0.28673428297042847	-0.046355508267879486	-0.009554462507367134	0.3939592242240906	0.13632212579250336	-0.4228763282299042	-1.2163255214691162	0.479122132062912	-0.33426958322525024	0.6398426294326782	-1.350286602973938	0.0038877129554748535	-0.22365078330039978	0.009040813893079758	0.10479162633419037	0.5042291879653931	-0.27717500925064087	-0.17437776923179626	-2.037644386291504	-0.371406227350235	-2.141024589538574	-2.2157578468322754	-0.11309366673231125	-1.7512695789337158	-0.28627514839172363	0.20080246031284332	-0.26174262166023254	0.420379638671875	-0.20980164408683777	-0.03130212426185608	0.06919801235198975	0.5232423543930054
0.4605500400066376	-1.2436883449554443	0.7683656215667725	0.09318066388368607	-0.0077708205208182335	-0.004554973915219307	0.9956085681915283	0.04456666111946106	-0.16338855028152466	-0.05195990204811096	-0.029042745009064674	0.23643174767494202	-0.13175827264785767	0.044151801615953445	0.25242698192596436	0.06784422695636749	0.1763639599084854	0.27470535039901733	-0.07893413305282593	-0.036361221224069595	0.3859937787055969	0.14510193467140198	-0.42721548676490784	-1.2060089111328125	0.46685102581977844	-0.32791867852211	0.6466445326805115	-1.3314701318740845	-0.1051272302865982	-0.0696033239364624	0.1499740481376648	-0.11598416417837143	0.28074944019317627	-0.09366162121295929	-0.363477498292923	-0.6203078031539917	-0.07935203611850739	-0.992487370967865	-0.5024999380111694	-0.2544071674346924	-1.0189855098724365	-0.3164932131767273	0.2459648996591568	-0.13258233666419983	0.5766034126281738	-0.5780107975006104	0.05676969885826111	0.3526553511619568	0.7436007261276245
0.4595898389816284	-1.2414567470550537	0.7684356570243835	0.09188544750213623	-0.0076130772940814495	-0.00295250560157001	0.9957362413406372	0.04078848287463188	-0.15469467639923096	-0.05342144891619682	-0.030178973451256752	0.22898463904857635	-0.12803196907043457	0.03985258936882019	0.24854573607444763	0.06273328512907028	0.16203373670578003	0.2666342854499817	-0.056531794369220734	-0.050313882529735565	0.3812994956970215	0.14616072177886963	-0.42817962169647217	-1.1932613849639893	0.4560016989707947	-0.3319987952709198	0.6539488434791565	-1.320542573928833	-0.15855170786380768	0.5967937707901001	0.10325498878955841	0.028750626370310783	-0.6019569635391235	0.3485817313194275	-0.2801164984703064	-0.2506524324417114	-0.013320520520210266	-0.5123928189277649	-0.3123641014099121	0.5156583189964294	-0.6396674513816833	-0.21429061889648438	0.16274899244308472	-0.02923831343650818	0.6249308586120605	-0.5920745134353638	-0.023195892572402954	0.34418851137161255	0.669977068901062
0.4587123990058899	-1.238107442855835	0.7692100405693054	0.09116604179143906	-0.007614447269588709	-0.002986459294334054	0.9958022236824036	0.03822459280490875	-0.13951680064201355	-0.047829702496528625	-0.027892719954252243	0.21235346794128418	-0.11781500279903412	0.03294714167714119	0.2424008846282959	0.06731140613555908	0.15586824715137482	0.26221078634262085	-0.05830780044198036	-0.06194791942834854	0.37742215394973755	0.15161189436912537	-0.42838501930236816	-1.18101167678833	0.443168044090271	-0.3288465142250061	0.660412073135376	-1.304671049118042	-0.0414370559155941	0.7636511921882629	0.18653692305088043	0.27560651302337646	-0.7982946634292603	0.39737558364868164	-0.2682923674583435	-0.37965625524520874	0.10117478668689728	-0.42386651039123535	-0.31716376543045044	-0.011281389743089676	-0.4197459816932678	-0.10136216878890991	0.19195713102817535	0.0023655593395233154	0.4428595304489136	-0.355442613363266	0.10489523410797119	0.06912946701049805	0.6025642156600952
0.45789921283721924	-1.2357146739959717	0.7691524624824524	0.09145250916481018	-0.007510732859373093	-0.002014697063714266	0.9957792162895203	0.03913100063800812	-0.12414862960577011	-0.045959971845149994	-0.019154712557792664	0.19705285131931305	-0.11213694512844086	0.02912089414894581	0.23335948586463928	0.06678027659654617	0.14507907629013062	0.25394773483276367	-0.05698304995894432	-0.06710372120141983	0.3772450089454651	0.15383900701999664	-0.42808499932289124	-1.1755470037460327	0.44178399443626404	-0.32780298590660095	0.6567140221595764	-1.2964400053024292	0.08843103051185608	0.6153497695922852	0.1051352322101593	0.4290575087070465	-0.5885369777679443	0.14599859714508057	-0.16523045301437378	-0.5578491687774658	0.0001082196831703186	-0.5804650783538818	-0.501936674118042	-0.03805980086326599	-0.27644726634025574	-0.02622455358505249	0.07061660289764404	0.08215457201004028	0.23175179958343506	0.03857463598251343	0.03448277711868286	-0.30352920293807983	0.42094886302948
0.4571645259857178	-1.2341547012329102	0.7689778804779053	0.0909605473279953	-0.007466351613402367	-0.0016921289497986436	0.9958252310752869	0.04176183417439461	-0.1149028092622757	-0.04362429305911064	-0.010730419307947159	0.1888119876384735	-0.1119750589132309	0.026337923482060432	0.22008691728115082	0.0673157349228859	0.13264964520931244	0.24213331937789917	-0.059830192476511	-0.073005810379982	0.37637317180633545	0.15443655848503113	-0.42509883642196655	-1.1717416048049927	0.44471102952957153	-0.3274672031402588	0.6482709050178528	-1.2878330945968628	0.1019451767206192	0.40334370732307434	0.0653204470872879	0.37701115012168884	-0.38290953636169434	0.021973252296447754	-0.10020765662193298	-0.6405871510505676	-0.015177018940448761	-0.5755131840705872	-0.5877785682678223	-0.13319002091884613	-0.22797715663909912	0.004476308822631836	-0.13966411352157593	0.48766955733299255	0.14861226081848145	0.16708150506019592	0.028493255376815796	-0.4374966025352478	0.43135881423950195
0.45669931173324585	-1.2336493730545044	0.7687015533447266	0.08965583890676498	-0.007433860097080469	-0.0015405617887154222	0.9959439039230347	0.043208807706832886	-0.10801488161087036	-0.043347153812646866	-0.004074267111718655	0.18173646926879883	-0.11125801503658295	0.025112587958574295	0.20773600041866302	0.06617319583892822	0.12205854803323746	0.23043659329414368	-0.06231065094470978	-0.07622280716896057	0.37742406129837036	0.1482524424791336	-0.40857821702957153	-1.1696025133132935	0.4484672546386719	-0.3266632556915283	0.6392141580581665	-1.2791856527328491	-0.05454104393720627	0.38684922456741333	-0.051978882402181625	0.3334398865699768	-0.4540804624557495	0.10777823626995087	0.010281195864081383	-0.7569842338562012	-0.1477046012878418	-0.5833439826965332	-0.8010506629943848	0.018848571926355362	0.1384323537349701	0.015354901552200317	-0.1538798213005066	0.4135429859161377	0.09467899799346924	0.07861703634262085	0.030353665351867676	-0.2411365509033203	0.264132022857666
0.4566563665866852	-1.2332143783569336	0.768253743648529	0.08694179356098175	-0.007245874963700771	-0.00020738792954944074	0.9961872100830078	0.03958019241690636	-0.09942883998155594	-0.045703448355197906	0.002607176313176751	0.17064876854419708	-0.10766392946243286	0.026749171316623688	0.18980754911899567	0.06140755116939545	0.109315887093544	0.21009129285812378	-0.05907624959945679	-0.06746851652860641	0.37698736786842346	0.14828136563301086	-0.40855711698532104	-1.167954444885254	0.44785571098327637	-0.3262530565261841	0.63862544298172	-1.2772678136825562	-0.10388530790805817	0.31699463725090027	-0.10947035253047943	0.2147578001022339	-0.4166245460510254	0.16024988889694214	0.06183581426739693	-0.7461134195327759	-0.2209644764661789	-0.6059257388114929	-0.822883129119873	0.10883742570877075	0.46311551332473755	-0.03451108932495117	0.002285093069076538	0.0016681849956512451	0.13024210929870605	-0.048328936100006104	0.032416731119155884	-0.04652887582778931	0.15155375003814697
0.4566250443458557	-1.2325232028961182	0.7679543495178223	0.08525089174509048	-0.007147589698433876	0.0006205648533068597	0.9963337182998657	0.03905339539051056	-0.09533509612083435	-0.047725968062877655	0.00451604463160038	0.1650714874267578	-0.10484801977872849	0.027586020529270172	0.17789146304130554	0.05733461678028107	0.09782151877880096	0.19752126932144165	-0.057957153767347336	-0.05769818648695946	0.3760436177253723	0.14834384620189667	-0.4085114896297455	-1.1643928289413452	0.44653409719467163	-0.3253665864467621	0.6373530030250549	-1.2731235027313232	0.007670186460018158	0.18278640508651733	-0.07677711546421051	0.07739829272031784	-0.24347901344299316	0.1384614109992981	0.02247784286737442	-0.5109656453132629	-0.16583594679832458	-0.5223164558410645	-0.5253925919532776	0.08141230791807175	0.4219401478767395	-0.058851391077041626	0.003896653652191162	0.0028461217880249023	0.22210478782653809	-0.08241608738899231	0.05528107285499573	-0.07934719324111938	0.2584517002105713
0.456589937210083	-1.2315139770507812	0.7677279710769653	0.08309829980134964	-0.006992336828261614	0.001854614936746657	0.9965152144432068	0.03988699987530708	-0.09211738407611847	-0.04877453297376633	0.0057031079195439816	0.16090960800647736	-0.10212547332048416	0.027648285031318665	0.1693689227104187	0.05477411299943924	0.0884232297539711	0.18907558917999268	-0.05581975728273392	-0.05059091001749039	0.3746333122253418	0.1484372317790985	-0.40844327211380005	-1.1590702533721924	0.4445590674877167	-0.32404181361198425	0.6354515552520752	-1.2669297456741333	-0.011174380779266357	0.21643638610839844	-0.037561263889074326	0.03484680876135826	-0.2868928015232086	0.18985438346862793	-0.027394527569413185	-0.5203530192375183	-0.12165568768978119	-0.5689535140991211	-0.5310893058776855	0.10363105684518814	0.29609379172325134	-0.08237883448600769	0.005454570055007935	0.003983825445175171	0.3108978271484375	-0.11536553502082825	0.07738247513771057	-0.11106878519058228	0.3617823123931885
0.4565371870994568	-1.230480432510376	0.7675589919090271	0.08103135973215103	-0.0068692355416715145	0.0026306125801056623	0.9966844916343689	0.038606420159339905	-0.08667764067649841	-0.04922841861844063	0.005909916944801807	0.15359577536582947	-0.09725384414196014	0.026490239426493645	0.1570773422718048	0.05246838927268982	0.07506337761878967	0.17627769708633423	-0.05381191149353981	-0.04585443437099457	0.372748464345932	0.14856202900409698	-0.4083521366119385	-1.1519569158554077	0.4419194757938385	-0.32227128744125366	0.6329102516174316	-1.2586522102355957	-0.07761968672275543	0.2010699361562729	0.00311434268951416	-0.06020412594079971	-0.28264448046684265	0.1854570508003235	-0.06276420503854752	-0.5342856049537659	-0.08083386719226837	-0.6526643633842468	-0.5298517942428589	0.04890682175755501	0.1574888825416565	-0.10472536087036133	0.006933882832527161	0.005063414573669434	0.39523541927337646	-0.1466594636440277	0.09837374091148376	-0.14119744300842285	0.45991837978363037
0.45649856328964233	-1.2293976545333862	0.7674456238746643	0.07844821363687515	-0.006793874315917492	0.003088632831349969	0.9968903660774231	0.03678221255540848	-0.08407458662986755	-0.04864995926618576	0.0032949429005384445	0.14960382878780365	-0.094707190990448	0.02513771690428257	0.14799749851226807	0.05154075846076012	0.0623166561126709	0.16788151860237122	-0.05386348441243172	-0.04429135471582413	0.37044429779052734	0.1487145870923996	-0.40824073553085327	-1.1432608366012573	0.43869268894195557	-0.3201068639755249	0.6298036575317383	-1.248533010482788	0.003950484097003937	0.1150667667388916	0.07484685629606247	-0.0656798854470253	-0.19380301237106323	0.18140412867069244	-0.10011452436447144	-0.5041349530220032	0.005853921175003052	-0.6620793342590332	-0.4754260182380676	0.1324455291032791	0.020785070955753326	-0.12546926736831665	0.008307397365570068	0.0060655176639556885	0.4735291004180908	-0.17570927739143372	0.11785998940467834	-0.16916543245315552	0.5510210990905762
0.45643678307533264	-1.22828209400177	0.7676576375961304	0.07503652572631836	-0.006746029481291771	0.0029305045027285814	0.9971536993980408	0.03876443952322006	-0.08207497000694275	-0.04623454436659813	0.003282721620053053	0.14584365487098694	-0.08999767899513245	0.022485658526420593	0.13691194355487823	0.05270254611968994	0.04858020320534706	0.15726065635681152	-0.04851409047842026	-0.045023031532764435	0.36772969365119934	0.1488943248987198	-0.40810951590538025	-1.133015751838684	0.43489110469818115	-0.31755688786506653	0.6261436343193054	-1.2366113662719727	0.118974968791008	0.10954383760690689	0.0679265707731247	0.11717095226049423	-0.14058612287044525	0.10796505957841873	-0.06440724432468414	-0.5390346050262451	0.022306479513645172	-0.48972219228744507	-0.5909823179244995	0.222643181681633	-0.016591697931289673	-0.1453801989555359	0.00962577760219574	0.0070288777351379395	0.5486726760864258	-0.20359307527542114	0.13656318187713623	-0.19601136445999146	0.6384611129760742
0.45640939474105835	-1.227770447731018	0.7675206661224365	0.07545226812362671	-0.006688716355711222	0.003243952291086316	0.9971217513084412	0.0415412113070488	-0.07969283312559128	-0.04593289643526077	0.007981780916452408	0.14398038387298584	-0.09038858860731125	0.02256142720580101	0.12643611431121826	0.05243301764130592	0.042727768421173096	0.14424222707748413	-0.044957756996154785	-0.044955022633075714	0.3646290898323059	0.14909961819648743	-0.40795958042144775	-1.1213139295578003	0.4305489659309387	-0.31464433670043945	0.6219632029533386	-1.2229945659637451	-0.02023596316576004	0.09236857295036316	0.0007081776857376099	0.14944036304950714	-0.0733260065317154	-0.007082894444465637	0.011890614405274391	-0.355528861284256	-0.015995558351278305	-0.23248055577278137	-0.4424288868904114	0.11246036738157272	-0.011223927140235901	-0.1637771725654602	0.010843947529792786	0.007918477058410645	0.618097186088562	-0.22935494780540466	0.15384331345558167	-0.22081434726715088	0.7192492485046387
0.45639392733573914	-1.2276118993759155	0.7675126791000366	0.0760587528347969	-0.006646039430052042	0.003480330342426896	0.9970751404762268	0.03795500099658966	-0.07838022708892822	-0.046206217259168625	0.009260335937142372	0.14291061460971832	-0.09028099477291107	0.02296128310263157	0.12269078940153122	0.05206272378563881	0.039280980825424194	0.13956350088119507	-0.04401567578315735	-0.04547198861837387	0.36117860674858093	0.1493280827999115	-0.4077927768230438	-1.1082918643951416	0.42571690678596497	-0.31140315532684326	0.6173110604286194	-1.207841396331787	-0.21679839491844177	0.05997903645038605	-0.01798802986741066	0.04809517413377762	-0.0516057014465332	0.012514740228652954	0.027390290051698685	-0.16343966126441956	-0.024413131177425385	-0.17837220430374146	-0.2043839544057846	0.04653278738260269	0.0034632161259651184	-0.1812562346458435	0.012001395225524902	0.008763372898101807	0.6840616464614868	-0.2538323402404785	0.1702621579170227	-0.24438053369522095	0.7960110902786255
0.45638006925582886	-1.2275017499923706	0.7674919962882996	0.07631709426641464	-0.006618954241275787	0.003642411669716239	0.9970550537109375	0.03286927565932274	-0.07729367166757584	-0.0466524176299572	0.009905587881803513	0.1419161558151245	-0.08988799899816513	0.023657038807868958	0.11989852786064148	0.05145649239420891	0.035592880100011826	0.13606686890125275	-0.04309644550085068	-0.04481649398803711	0.35737884044647217	0.14957967400550842	-0.4076090455055237	-1.0939514636993408	0.4203956723213196	-0.30783385038375854	0.6121879816055298	-1.1911541223526	-0.2463693767786026	0.046668946743011475	-0.013843178749084473	0.028927205130457878	-0.03918446600437164	0.018726103007793427	0.022816844284534454	-0.10637771338224411	-0.021891947835683823	-0.16039730608463287	-0.13965703547000885	0.043593067675828934	0.04004668444395065	-0.1975521445274353	0.013080239295959473	0.009551644325256348	0.7455646991729736	-0.2766549587249756	0.1855708658695221	-0.2663522958755493	0.8675813674926758
0.4564512372016907	-1.2272076606750488	0.7674412131309509	0.07688844203948975	-0.006593779660761356	0.0037181845400482416	0.9970110058784485	0.02810022607445717	-0.07651346921920776	-0.046759944409132004	0.010417424142360687	0.14134323596954346	-0.08953195065259933	0.023873956874012947	0.11843568086624146	0.051187045872211456	0.03286508843302727	0.13397721946239471	-0.04227195307612419	-0.043870121240615845	0.3532765209674835	0.14985129237174988	-0.40741071105003357	-1.0784692764282227	0.41465070843696594	-0.3039803206920624	0.6066569685935974	-1.17313814163208	-0.22635529935359955	0.06776321679353714	-0.0008927658200263977	0.05822661519050598	-0.0376679003238678	0.0037632882595062256	-0.011049536988139153	-0.07626526057720184	-0.009186752140522003	-0.11621490120887756	-0.1024838536977768	0.04375232383608818	0.052674487233161926	-0.21234899759292603	0.014059990644454956	0.010266155004501343	0.8014082908630371	-0.29737725853919983	0.1994706690311432	-0.28630197048187256	0.9325683116912842
0.4563555419445038	-1.226840853691101	0.7674107551574707	0.07823701947927475	-0.006544190924614668	0.004117127973586321	0.9969049096107483	0.023815063759684563	-0.07458314299583435	-0.046688128262758255	0.012234652414917946	0.1404094398021698	-0.08973746746778488	0.02321505732834339	0.1168479174375534	0.05108902230858803	0.030944284051656723	0.13196751475334167	-0.04134635254740715	-0.04270951449871063	0.3488848805427551	0.15014207363128662	-0.40719839930534363	-1.0618951320648193	0.4085005819797516	-0.2998550236225128	0.6007359027862549	-1.1538513898849487	-0.17308518290519714	0.11128988116979599	0.0029029324650764465	0.11944431066513062	-0.061284005641937256	-0.010659545660018921	-0.015277881175279617	-0.08337404578924179	-0.002240017056465149	-0.0607319176197052	-0.12220628559589386	0.07046293467283249	0.0567607581615448	-0.2262122929096222	0.014977902173995972	0.010936707258224487	0.8537322282791138	-0.31679198145866394	0.21249279379844666	-0.30499398708343506	0.9934514760971069
0.45634007453918457	-1.2265369892120361	0.7673356533050537	0.07970162481069565	-0.0065121157094836235	0.004262099973857403	0.9967884421348572	0.021176818758249283	-0.07206187397241592	-0.046643827110528946	0.015195196494460106	0.13889187574386597	-0.08995833247900009	0.023262841627001762	0.11510071903467178	0.05109744518995285	0.03043581172823906	0.12908896803855896	-0.03945343568921089	-0.04159969091415405	0.34422802925109863	0.15045040845870972	-0.4069732427597046	-1.044319987297058	0.4019790291786194	-0.2954806089401245	0.59445720911026	-1.1334000825881958	-0.08597639203071594	0.13733264803886414	-0.0004902482032775879	0.17982935905456543	-0.0767488032579422	-0.024457275867462158	0.00064801424741745	-0.07462035864591599	-0.002856459468603134	-0.003809761255979538	-0.1361701637506485	0.08610068261623383	0.07530972361564636	-0.2386637032032013	0.015802308917045593	0.011539459228515625	0.9007245302200317	-0.3342278301715851	0.22418871521949768	-0.32178163528442383	1.0481268167495728
0.45632532238960266	-1.2263396978378296	0.7672245502471924	0.08247658610343933	-0.006462704390287399	0.004453147761523724	0.9965623617172241	0.02037600800395012	-0.06908983737230301	-0.04670773819088936	0.01942782662808895	0.1373394876718521	-0.09071575850248337	0.02324097789824009	0.11386310309171677	0.0509747639298439	0.03079189360141754	0.12652070820331573	-0.03790232539176941	-0.03969712555408478	0.3393383324146271	0.15077416598796844	-0.406736820936203	-1.025866150856018	0.3951314687728882	-0.2908874750137329	0.5878646373748779	-1.1119263172149658	-0.033590104430913925	0.15889424085617065	-0.004271697252988815	0.21544504165649414	-0.1019943505525589	-0.037638284265995026	0.009437743574380875	-0.07329266518354416	-0.005899649113416672	0.007589813321828842	-0.13865530490875244	0.06961561739444733	0.08285250514745712	-0.25009363889694214	0.016558915376663208	0.012092292308807373	0.9438574314117432	-0.35023391246795654	0.2349257469177246	-0.3371909260749817	1.098322868347168
0.45631319284439087	-1.2263669967651367	0.7671043276786804	0.08423485606908798	-0.006441064644604921	0.004469393286854029	0.9964151382446289	0.019833214581012726	-0.06570610404014587	-0.0468146950006485	0.023812998086214066	0.1348121017217636	-0.09146386384963989	0.023640351369976997	0.11216901242733002	0.050861459225416183	0.030739404261112213	0.12354275584220886	-0.036668810993433	-0.03828559070825577	0.33422428369522095	0.15111276507377625	-0.4064895510673523	-1.0065656900405884	0.3879696726799011	-0.2860835790634155	0.5809695720672607	-1.089467167854309	-0.038994431495666504	0.1518040895462036	-0.004667323082685471	0.1828019917011261	-0.11946633458137512	-0.016558170318603516	0.013414816930890083	-0.10915882885456085	-0.0047829002141952515	-0.0222907867282629	-0.17542988061904907	0.06753597408533096	0.04203161224722862	-0.2603404223918915	0.01723766326904297	0.012587010860443115	0.9825289249420166	-0.36458447575569153	0.2445504069328308	-0.35100728273391724	1.143324375152588
0.4563034176826477	-1.226415991783142	0.7670059204101562	0.08542846143245697	-0.006428906694054604	0.00443413807079196	0.996313750743866	0.018816230818629265	-0.06301767379045486	-0.04689443111419678	0.026739906519651413	0.1325608342885971	-0.09137808531522751	0.023777570575475693	0.10949674993753433	0.05078344792127609	0.029900262132287025	0.11950351297855377	-0.03520088642835617	-0.03801586106419563	0.3289247155189514	0.15146367251873016	-0.4062333405017853	-0.9865649938583374	0.3805480897426605	-0.2811054587364197	0.5738243460655212	-1.0661933422088623	-0.06533977389335632	0.1308577060699463	-0.0402337871491909	0.10978016257286072	-0.12430138885974884	0.005714967846870422	0.02742256037890911	-0.21052789688110352	-0.04748916253447533	-0.03684656694531441	-0.29485392570495605	0.055765267461538315	0.08920952677726746	-0.2691924571990967	0.017824023962020874	0.013014674186706543	1.015941858291626	-0.3769814968109131	0.2528659999370575	-0.3629431128501892	1.1822044849395752
0.45629411935806274	-1.2267242670059204	0.7667533755302429	0.08640141040086746	-0.006389260292053223	0.004684991668909788	0.9962290525436401	0.017219623550772667	-0.0604717954993248	-0.048424046486616135	0.02820420451462269	0.12984004616737366	-0.09123526513576508	0.024737253785133362	0.1037478968501091	0.04896189272403717	0.029265541583299637	0.1117485985159874	-0.034438200294971466	-0.03471720963716507	0.3234565854072571	0.15182572603225708	-0.40596896409988403	-0.9659280180931091	0.3728904128074646	-0.2759689390659332	0.5664518475532532	-1.042178988456726	-0.06403014808893204	0.13272063434123993	-0.10947305709123611	0.07461412250995636	-0.15298351645469666	0.021899491548538208	0.07342565804719925	-0.3538967967033386	-0.12825438380241394	-0.05362886190414429	-0.4679456353187561	0.05710963159799576	0.255230575799942	-0.2770066261291504	0.018341094255447388	0.013392418622970581	1.0454297065734863	-0.3879241645336151	0.26020705699920654	-0.3734767436981201	1.2165218591690063
0.45627954602241516	-1.2272125482559204	0.7664082050323486	0.08652523159980774	-0.006326362490653992	0.00523412274196744	0.9962159395217896	0.016255024820566177	-0.057708848267793655	-0.05127335339784622	0.029724471271038055	0.12644149363040924	-0.09050210565328598	0.026714596897363663	0.09534087777137756	0.04565327242016792	0.02775510773062706	0.10078568756580353	-0.03291650116443634	-0.027806637808680534	0.3178444504737854	0.15219731628894806	-0.40569764375686646	-0.944747805595398	0.3650311231613159	-0.2706971764564514	0.5588852763175964	-1.017532467842102	-0.028365710750222206	0.12250356376171112	-0.10101617872714996	0.06406516581773758	-0.14775338768959045	0.04843045026063919	0.07296628504991531	-0.3085680305957794	-0.1155099868774414	-0.12748059630393982	-0.39967018365859985	0.08510909974575043	0.2427542507648468	-0.2835124731063843	0.018771737813949585	0.013706833124160767	1.0699822902679443	-0.39703547954559326	0.2663172781467438	-0.38224756717681885	1.245088815689087
0.4562658667564392	-1.227355718612671	0.7662755250930786	0.08663031458854675	-0.006282257381826639	0.0055517759174108505	0.9962053298950195	0.01608499512076378	-0.055571652948856354	-0.052464693784713745	0.030766811221837997	0.12392991036176682	-0.08929804712533951	0.02765590511262417	0.09140517562627792	0.044341493397951126	0.024166317656636238	0.09576179087162018	-0.03103383630514145	-0.025007039308547974	0.3121160864830017	0.15257659554481506	-0.4054206907749176	-0.9231287240982056	0.35700899362564087	-0.2653162479400635	0.5511619448661804	-0.9923754334449768	-0.017700111493468285	0.08469987660646439	-0.03047492355108261	0.02694409340620041	-0.1033984124660492	0.05005616694688797	0.026017846539616585	-0.10288525372743607	-0.029857270419597626	-0.19339150190353394	-0.12089349329471588	0.06786934286355972	0.06139543652534485	-0.2888917922973633	0.01912824809551239	0.013968348503112793	1.09028959274292	-0.40456950664520264	0.2713710069656372	-0.38950294256210327	1.2687146663665771
0.4562552571296692	-1.227384090423584	0.7662950158119202	0.08660812675952911	-0.00626056594774127	0.005587637424468994	0.9962072372436523	0.015547020360827446	-0.05432085320353508	-0.052492350339889526	0.030802235007286072	0.12230555713176727	-0.08849985897541046	0.027755310758948326	0.09122546762228012	0.04445898160338402	0.020019447430968285	0.09594994783401489	-0.030201727524399757	-0.025350820273160934	0.30628877878189087	0.15296244621276855	-0.40513890981674194	-0.9011362195014954	0.3488483428955078	-0.2598423361778259	0.5433051586151123	-0.966783881187439	-0.024489428848028183	0.0478808768093586	0.01356387510895729	-0.013099564239382744	-0.06264541298151016	0.024789385497570038	-0.009514158591628075	0.007129274308681488	0.020106416195631027	-0.17355047166347504	0.03339983522891998	0.009358394891023636	-0.08004400879144669	-0.29309093952178955	0.01940615475177765	0.014171749353408813	1.1061310768127441	-0.41044875979423523	0.275314599275589	-0.3951653838157654	1.2871549129486084
0.4562475383281708	-1.2273242473602295	0.7663109302520752	0.08641934394836426	-0.006265150848776102	0.005444926675409079	0.9962244629859924	0.015105417929589748	-0.05365641787648201	-0.051922138780355453	0.030242828652262688	0.12142409384250641	-0.0883064717054367	0.027275338768959045	0.09169034659862518	0.04514575004577637	0.017224298790097237	0.09709778428077698	-0.030659500509500504	-0.02820879966020584	0.3003924489021301	0.15335284173488617	-0.40485382080078125	-0.8788834810256958	0.34059104323387146	-0.2543036639690399	0.5353553295135498	-0.9408892393112183	-0.01624557189643383	0.02550007775425911	0.013530347496271133	-0.02108248881995678	-0.03500450402498245	0.003009289503097534	-0.011652661487460136	0.044472888112068176	0.013239402323961258	-0.11971700191497803	0.08012037724256516	-0.04084869474172592	-0.07028840482234955	-0.2960026264190674	0.019598379731178284	0.014311075210571289	1.1171176433563232	-0.41452571749687195	0.27804896235466003	-0.39908885955810547	1.2999415397644043
0.45624035596847534	-1.227374792098999	0.7662684917449951	0.08601804077625275	-0.006260768510401249	0.005386007949709892	0.9962593913078308	0.014897197484970093	-0.053300850093364716	-0.05195113644003868	0.0299589354544878	0.12090537697076797	-0.08837948739528656	0.02728920429944992	0.09300438314676285	0.04498855769634247	0.01523076742887497	0.0991547629237175	-0.03183567523956299	-0.028162356466054916	0.2944486737251282	0.15374638140201569	-0.4045664668083191	-0.8564515113830566	0.33226731419563293	-0.24872037768363953	0.5273416042327881	-0.9147862195968628	-0.00148075632750988	0.02562766894698143	-0.0024349428713321686	-0.0052650924772024155	-0.03687795251607895	0.0032044947147369385	-0.0007780734449625015	0.061846524477005005	-0.008849147707223892	-0.09622499346733093	0.09920857846736908	-0.059489812701940536	0.013565132394433022	-0.2977624535560608	0.019715726375579834	0.01439601182937622	1.1237621307373047	-0.41699036955833435	0.2797037363052368	-0.401461124420166	1.3076708316802979
0.4562303423881531	-1.2274991273880005	0.7662544250488281	0.08569616079330444	-0.006256510503590107	0.005333458073437214	0.99628746509552	0.015046187676489353	-0.05263131111860275	-0.05201953649520874	0.03003222495317459	0.11994897574186325	-0.08817829191684723	0.027244215831160545	0.09416420757770538	0.04479178413748741	0.013375299051404	0.10106612741947174	-0.033039093017578125	-0.02766619436442852	0.2884819507598877	0.15414147078990936	-0.4042779803276062	-0.8339329957962036	0.3239114284515381	-0.24311551451683044	0.5192968845367432	-0.8885824084281921	0.0054950593039393425	0.03272285684943199	-0.00036461278796195984	-0.005823094397783279	-0.05460549145936966	0.018261559307575226	-0.000176113098859787	0.027058273553848267	-0.0032248906791210175	-0.08898764103651047	0.06111040711402893	-0.04443516954779625	-0.005408842116594315	-0.2983272075653076	0.019752979278564453	0.014423578977584839	1.125892996788025	-0.41778162121772766	0.2802334725856781	-0.40222257375717163	1.31014883518219
0.45622098445892334	-1.227583885192871	0.7662601470947266	0.08489305526018143	-0.006253523752093315	0.005232174880802631	0.9963568449020386	0.015116999857127666	-0.051991935819387436	-0.05196572095155716	0.02972601167857647	0.11872115731239319	-0.08764902502298355	0.02728215977549553	0.09408671408891678	0.04485956206917763	0.011671261861920357	0.10159917920827866	-0.03361308202147484	-0.02837871015071869	0.28251558542251587	0.15453650057315826	-0.4039895236492157	-0.8114157915115356	0.31555604934692383	-0.2375110387802124	0.5112527012825012	-0.8623802661895752	0.01710543781518936	0.027889758348464966	-0.002699904143810272	-0.012679770588874817	-0.05515683442354202	0.030771642923355103	0.001511862501502037	-0.03453604876995087	-0.0010081566870212555	-0.07672104984521866	-0.017618760466575623	-0.010642502456903458	-0.036315105855464935	-0.2976611256599426	0.01970827579498291	0.014391541481018066	1.123383641242981	-0.4168495535850525	0.2796083688735962	-0.4013270139694214	1.3072266578674316
0.4562123119831085	-1.2276725769042969	0.7662523984909058	0.08439002186059952	-0.006246456876397133	0.005231884308159351	0.9963995218276978	0.01573040522634983	-0.051515720784664154	-0.05212753266096115	0.0295250341296196	0.11774270236492157	-0.08694742619991302	0.027304690331220627	0.09278276562690735	0.04475145787000656	0.010306457057595253	0.10036137700080872	-0.03346479311585426	-0.029118798673152924	0.27657550573349	0.15492980182170868	-0.4037023186683655	-0.7889976501464844	0.307237446308136	-0.2319311797618866	0.5032438039779663	-0.8362933397293091	0.02726491168141365	0.02356814220547676	-0.010701082646846771	-0.012997724115848541	-0.05327984690666199	0.036011263728141785	0.0032944604754447937	-0.0736793503165245	-0.009996909648180008	-0.0607704296708107	-0.07272958755493164	0.014291051775217056	-0.013659428805112839	-0.29580220580101013	0.019585713744163513	0.014301389455795288	1.1163651943206787	-0.4142455756664276	0.2778623104095459	-0.3988198935985565	1.2990639209747314
0.4562057852745056	-1.2278287410736084	0.7662352323532104	0.08364509046077728	-0.006245976313948631	0.005199562758207321	0.9964625239372253	0.01620759628713131	-0.051049210131168365	-0.05239376425743103	0.029206102713942528	0.11658996343612671	-0.08620857447385788	0.02741393819451332	0.0911395400762558	0.04445968568325043	0.009240444749593735	0.09868999570608139	-0.033041439950466156	-0.028925087302923203	0.27068349719047546	0.1553199291229248	-0.4034174680709839	-0.7667611837387085	0.2989862263202667	-0.22639654576778412	0.49529990553855896	-0.8104177117347717	0.03659995272755623	0.02446044236421585	-0.018258392810821533	0.0010875985026359558	-0.05297604948282242	0.031729042530059814	0.010161753743886948	-0.08931979537010193	-0.020052026957273483	-0.04409938305616379	-0.09687617421150208	0.01973835751414299	0.032087743282318115	-0.29276609420776367	0.01938454806804657	0.014154613018035889	1.1049002408981323	-0.4099927842617035	0.2750083804130554	-0.3947228193283081	1.2857228517532349
0.45619940757751465	-1.2279837131500244	0.7661844491958618	0.08298932760953903	-0.006231911014765501	0.005274622235447168	0.9965171217918396	0.01719440333545208	-0.05053730309009552	-0.05285786837339401	0.029568538069725037	0.11562366038560867	-0.08567826449871063	0.027711160480976105	0.08920997381210327	0.04394937679171562	0.008542481809854507	0.09648633003234863	-0.032675258815288544	-0.027835289016366005	0.26486486196517944	0.15570518374443054	-0.40313613414764404	-0.7448016405105591	0.29083773493766785	-0.22093084454536438	0.487454891204834	-0.7848644256591797	0.0340699702501297	0.016757473349571228	-0.0171491876244545	-0.0032249372452497482	-0.04230327904224396	0.02775099128484726	0.01484178937971592	-0.08642897009849548	-0.017534010112285614	-0.041428882628679276	-0.09385477751493454	0.021663866937160492	0.010955706238746643	-0.2884797751903534	0.019100680947303772	0.013947486877441406	1.0887295007705688	-0.40399208664894104	0.27098357677459717	-0.38894638419151306	1.2669041156768799
0.4561949074268341	-1.2281177043914795	0.7661677598953247	0.08243998140096664	-0.006230203900486231	0.005265220534056425	0.9965628385543823	0.01757039502263069	-0.050378911197185516	-0.05307973176240921	0.029077105224132538	0.11489783227443695	-0.08509853482246399	0.028007609769701958	0.08768238127231598	0.043758325278759	0.007583289407193661	0.09493580460548401	-0.032174885272979736	-0.028486859053373337	0.25914430618286133	0.15608395636081696	-0.40285956859588623	-0.7232120037078857	0.2828265428543091	-0.21555720269680023	0.47974205017089844	-0.7597415447235107	0.02611493691802025	0.006336811929941177	-0.00900309532880783	-0.018417881801724434	-0.027624890208244324	0.022828206419944763	0.008810078725218773	-0.06345473229885101	-0.007799919694662094	-0.044377800077199936	-0.06531458348035812	0.02032918855547905	-0.024082139134407043	-0.28309449553489685	0.018744170665740967	0.013687461614608765	1.068408727645874	-0.39645060896873474	0.2659257650375366	-0.3816865384578705	1.2432589530944824
0.456191748380661	-1.228206992149353	0.766160786151886	0.08191432058811188	-0.006229544524103403	0.005239896010607481	0.9966062903404236	0.01823900081217289	-0.05028383061289787	-0.053217992186546326	0.02883182279765606	0.1145186647772789	-0.08476513624191284	0.028063563629984856	0.08667178452014923	0.04363738000392914	0.00676736980676651	0.09387374669313431	-0.03186209127306938	-0.028798574581742287	0.25354108214378357	0.15645495057106018	-0.4025886356830597	-0.7020652890205383	0.27497971057891846	-0.21029381453990936	0.47218742966651917	-0.7351340651512146	0.02685999497771263	0.005455967038869858	-0.010404922068119049	-0.006174203008413315	-0.01702960580587387	0.018620863556861877	0.0042306724935770035	-0.03950856626033783	-0.009278114885091782	-0.0426919087767601	-0.042425282299518585	0.01296391710639	-0.003218185156583786	-0.2763770520687103	0.018298998475074768	0.013363361358642578	1.0430529117584229	-0.38704201579093933	0.25961434841156006	-0.3726288676261902	1.2137532234191895
0.4561876952648163	-1.2282880544662476	0.766146719455719	0.08172475546598434	-0.006222400814294815	0.005277462303638458	0.9966216087341309	0.018644794821739197	-0.05016067251563072	-0.05349592864513397	0.028830137103796005	0.114216648042202	-0.08435370028018951	0.028176836669445038	0.08610203862190247	0.04338720068335533	0.005875613074749708	0.09323879331350327	-0.031656328588724136	-0.028615586459636688	0.24808922410011292	0.15681591629981995	-0.4023250341415405	-0.681489884853363	0.2673448622226715	-0.20517262816429138	0.46483689546585083	-0.7111914157867432	0.00956500880420208	0.0068022869527339935	-0.011438503861427307	-0.01148083247244358	-0.01785214990377426	0.011108815670013428	0.0068706925958395	-0.010881200432777405	-0.011515337973833084	-0.03404668718576431	-0.011201761662960052	0.00498257577419281	0.009529851377010345	-0.26847606897354126	0.01777634024620056	0.012980401515960693	1.0132358074188232	-0.37597790360450745	0.2521932125091553	-0.3619767725467682	1.1790543794631958
0.4561862349510193	-1.2284040451049805	0.7661375403404236	0.0815715417265892	-0.006222935859113932	0.005253569222986698	0.9966343641281128	0.018621601164340973	-0.05001173913478851	-0.05367553234100342	0.028372589498758316	0.11380457878112793	-0.0843207836151123	0.028338391333818436	0.08623653650283813	0.043176766484975815	0.0054055023938417435	0.0934256762266159	-0.03166278824210167	-0.028417380526661873	0.24280203878879547	0.1571660041809082	-0.40206941962242126	-0.6615358591079712	0.25994059443473816	-0.20020608603954315	0.45770835876464844	-0.6879718899726868	-0.005009816959500313	0.009374693036079407	-0.006939657032489777	-0.026026414707303047	-0.019731372594833374	0.010354258120059967	0.0018165446817874908	0.004266388714313507	-0.007594097405672073	-0.031801849603652954	0.008966214954853058	-0.000945013016462326	0.0019502826035022736	-0.2594936490058899	0.01718178391456604	0.012546032667160034	0.979335606098175	-0.36339834332466125	0.24375542998313904	-0.3498643636703491	1.1396080255508423
0.45618385076522827	-1.2283992767333984	0.7661480903625488	0.08135020732879639	-0.006218412425369024	0.005280112847685814	0.9966522455215454	0.018444402143359184	-0.049785684794187546	-0.05377351492643356	0.027789080515503883	0.11342739313840866	-0.08393952995538712	0.028249498456716537	0.086272694170475	0.04308343678712845	0.004603539127856493	0.09359744191169739	-0.03169412910938263	-0.028537575155496597	0.23770947754383087	0.1575031876564026	-0.4018231928348541	-0.642316460609436	0.25280892848968506	-0.19542241096496582	0.45084232091903687	-0.6656070947647095	-0.009064935147762299	0.012432411313056946	-0.0021791085600852966	-0.02734977751970291	-0.018286891281604767	0.011941418051719666	-0.008121505379676819	-0.001681596040725708	-0.0018304213881492615	-0.03859149292111397	0.00439472496509552	-0.005774572491645813	-0.008145393803715706	-0.2491593360900879	0.01649707555770874	0.012046098709106445	0.9403318166732788	-0.3489255905151367	0.2340473234653473	-0.33593177795410156	1.0942206382751465
0.45618242025375366	-1.2283382415771484	0.7661345601081848	0.0812414214015007	-0.006215602159500122	0.005296047311276197	0.9966610670089722	0.01825900375843048	-0.049514442682266235	-0.05376269668340683	0.0272785983979702	0.11307310312986374	-0.08384312689304352	0.028013531118631363	0.0861692726612091	0.043103549629449844	0.0038618426769971848	0.09360146522521973	-0.0318937711417675	-0.0287431962788105	0.23283566534519196	0.15782588720321655	-0.401587575674057	-0.62392258644104	0.2459835708141327	-0.19084419310092926	0.4442710876464844	-0.6442030668258667	-0.009884918108582497	0.00953972339630127	-0.0010812655091285706	-0.022474443539977074	-0.009566545486450195	-0.002828240394592285	-0.006728386506438255	-0.009587220847606659	-0.001084897667169571	-0.0351741686463356	-0.003634020686149597	-0.017149746417999268	-0.009496230632066727	-0.23782961070537567	0.01574680209159851	0.011498481035232544	0.8975744247436523	-0.3330603241920471	0.22340528666973114	-0.3206580877304077	1.0444655418395996
0.45618176460266113	-1.2281931638717651	0.7661311030387878	0.08122338354587555	-0.006208216771483421	0.005370449274778366	0.9966621994972229	0.018049005419015884	-0.049404095858335495	-0.053816765546798706	0.0268901027739048	0.11304473131895065	-0.0840526595711708	0.027980362996459007	0.08588920533657074	0.043040040880441666	0.003196572419255972	0.0934520810842514	-0.0323801189661026	-0.028917424380779266	0.22819629311561584	0.15813305974006653	-0.4013632535934448	-0.6064134836196899	0.23948651552200317	-0.18648619949817657	0.43801599740982056	-0.6238284707069397	-0.012625008821487427	-0.0013560988008975983	-0.004322081804275513	-0.009828014299273491	0.007103942334651947	-0.0073831528425216675	-0.005098991096019745	-0.009999051690101624	-0.004284456372261047	-0.017075788229703903	-0.009104236960411072	-0.013227574527263641	-0.0022458378225564957	-0.2250615507364273	0.014901906251907349	0.010881572961807251	0.8493870496749878	-0.3151796758174896	0.21141134202480316	-0.30344128608703613	0.988394021987915
0.4561827778816223	-1.2281568050384521	0.7661222815513611	0.08132170885801315	-0.0062000262551009655	0.005475183017551899	0.99665367603302	0.017754003405570984	-0.04956868663430214	-0.05393557995557785	0.02688547782599926	0.11335726082324982	-0.08413845300674438	0.027809571474790573	0.08576931059360504	0.0429321713745594	0.00317881116643548	0.09323729574680328	-0.03242287412285805	-0.02883302979171276	0.22383320331573486	0.15842196345329285	-0.4011523127555847	-0.5899471044540405	0.2333763837814331	-0.18238773941993713	0.43213343620300293	-0.6046673059463501	-0.013999966904520988	-0.012717023491859436	-0.005358457565307617	-0.005712639540433884	0.02234131097793579	-0.00490434467792511	-0.00816606916487217	-0.009688735008239746	-0.003595743328332901	-0.003167870454490185	-0.015622004866600037	0.00385381281375885	-0.014016125351190567	-0.21111145615577698	0.013978034257888794	0.010206550359725952	0.7967397570610046	-0.2956438660621643	0.19830763339996338	-0.2846330404281616	0.9271293878555298
0.45618337392807007	-1.2280627489089966	0.7661260366439819	0.08143020421266556	-0.006193379405885935	0.0055521647445857525	0.9966443777084351	0.017489006742835045	-0.04991277679800987	-0.05403110384941101	0.026661597192287445	0.11393838375806808	-0.08424883335828781	0.02765372022986412	0.08550165593624115	0.04289621114730835	0.0030698576010763645	0.0928272008895874	-0.032225966453552246	-0.02947806939482689	0.21975183486938477	0.15869218111038208	-0.4009549915790558	-0.5745438933372498	0.22766076028347015	-0.17855389416217804	0.4266306757926941	-0.5867432951927185	-0.012475065886974335	-0.01517273485660553	-0.0038905069231987	-2.3981556296348572e-05	0.0313296914100647	-0.011069327592849731	-0.010761059820652008	-0.008795224130153656	-0.0016375444829463959	0.005805428139865398	-0.018005818128585815	0.012501608580350876	-0.027827220037579536	-0.1961834728717804	0.012989714741706848	0.009485334157943726	0.7404029369354248	-0.2747386693954468	0.1842852681875229	-0.264507532119751	0.861571729183197
0.4561845064163208	-1.2279698848724365	0.7661377191543579	0.08186952024698257	-0.006181791890412569	0.005680270493030548	0.9966078996658325	0.01725500077009201	-0.05017559602856636	-0.0540912002325058	0.026884518563747406	0.1146104484796524	-0.08458122611045837	0.027379129081964493	0.0854175016283989	0.04286666959524155	0.003411028301343322	0.09251706302165985	-0.03192280977964401	-0.029946118593215942	0.21598586440086365	0.15894155204296112	-0.40077289938926697	-0.5603309869766235	0.22238683700561523	-0.17501632869243622	0.4215531349182129	-0.5702044367790222	-0.008200109004974365	-0.013384316116571426	-0.00046510249376296997	0.010670069605112076	0.03321785479784012	-0.020444393157958984	-0.014543486759066582	0.0032790005207061768	0.0007558614015579224	0.025824958458542824	-0.008686259388923645	0.013728067278862	-0.018959306180477142	-0.17980188131332397	0.011905282735824585	0.008693337440490723	0.6785780191421509	-0.2517975866794586	0.16889721155166626	-0.24242103099822998	0.7896304130554199
0.45618635416030884	-1.2278761863708496	0.7661409378051758	0.08218468725681305	-0.006176635157316923	0.005739732179790735	0.9965815544128418	0.01716100238263607	-0.05044814944267273	-0.05404970794916153	0.027088399976491928	0.11526709794998169	-0.08506660908460617	0.027071980759501457	0.0856328159570694	0.042926445603370667	0.004102855920791626	0.09247975051403046	-0.031676843762397766	-0.030236441642045975	0.2125597596168518	0.15916839241981506	-0.40060725808143616	-0.5474007725715637	0.2175888568162918	-0.1717980057001114	0.4169338345527649	-0.5551580786705017	0.0003248918801546097	-0.01339176669716835	-0.002443138509988785	0.017345556989312172	0.035201385617256165	-0.02903733402490616	-0.011694617569446564	0.018653646111488342	-0.0017324462532997131	0.04862440377473831	0.004157237708568573	0.01503312960267067	-0.0036096666008234024	-0.162525475025177	0.010760873556137085	0.007858127355575562	0.6133750081062317	-0.22760294377803802	0.15266835689544678	-0.21912604570388794	0.7137566804885864
0.45618900656700134	-1.2278341054916382	0.7661432027816772	0.08264130353927612	-0.006171688437461853	0.005793034099042416	0.9965434670448303	0.017267996445298195	-0.050711266696453094	-0.05418892577290535	0.027578340843319893	0.11601850390434265	-0.08574271947145462	0.02691134437918663	0.08616364747285843	0.04279737174510956	0.00535600446164608	0.0926833525300026	-0.031321484595537186	-0.03009050525724888	0.20948484539985657	0.1593719869852066	-0.40045857429504395	-0.5357959866523743	0.2132827192544937	-0.16890959441661835	0.4127880930900574	-0.5416541695594788	0.010564643889665604	-0.01174192875623703	-0.005186907947063446	0.02658311277627945	0.03580860793590546	-0.028975121676921844	-0.0121257733553648	0.02301279455423355	-0.005093589425086975	0.054692093282938004	0.006727129220962524	0.014708656817674637	0.004349369555711746	-0.14370828866958618	0.009515509009361267	0.006948411464691162	0.5423560738563538	-0.2012506127357483	0.13499222695827484	-0.19375532865524292	0.6311148405075073
0.45619216561317444	-1.2278501987457275	0.7661600112915039	0.08329561352729797	-0.0061659845523536205	0.005875400733202696	0.9964886903762817	0.017583588138222694	-0.05091782659292221	-0.05425718426704407	0.028151724487543106	0.11669944226741791	-0.08622561395168304	0.026586949825286865	0.08655332773923874	0.04272270202636719	0.006290539633482695	0.09274883568286896	-0.03108849748969078	-0.030062466859817505	0.20681142807006836	0.15954901278018951	-0.4003293216228485	-0.5257065296173096	0.20953883230686188	-0.1663983166217804	0.4091836214065552	-0.5299134850502014	0.01610484905540943	-0.0049406662583351135	-0.0009145587682723999	0.03212965279817581	0.02722516655921936	-0.029404275119304657	-0.014504045248031616	0.022948533296585083	9.51811671257019e-05	0.050277333706617355	0.007811747491359711	0.011322833597660065	-0.004977919161319733	-0.1237083226442337	0.008191168308258057	0.005980581045150757	0.4668772220611572	-0.17324350774288177	0.11620558798313141	-0.16679242253303528	0.5432859063148499
0.456194669008255	-1.227866768836975	0.7661598920822144	0.0837862640619278	-0.006166358012706041	0.00587183004245162	0.9964473843574524	0.017912190407514572	-0.0509088933467865	-0.054225508123636246	0.02886352688074112	0.11710751056671143	-0.0869188904762268	0.026331182569265366	0.08708158880472183	0.042801178991794586	0.007367097772657871	0.09299582242965698	-0.030868571251630783	-0.030289622023701668	0.20453651249408722	0.15969963371753693	-0.4002193510532379	-0.517120897769928	0.20635297894477844	-0.1642613708972931	0.40611639618873596	-0.5199227333068848	0.016430113464593887	0.0004466623067855835	0.0015838071703910828	0.035590119659900665	0.020403414964675903	-0.03466382622718811	-0.012788362801074982	0.026413053274154663	0.003923848271369934	0.053827907890081406	0.012349337339401245	0.010996311902999878	-0.011357758194208145	-0.113745778799057	0.0075310468673706055	0.005498528480529785	0.4292815923690796	-0.15929266810417175	0.10684728622436523	-0.1533612608909607	0.4995375871658325
