body_pos_x	body_pos_y	body_pos_z	body_quat_w	body_quat_x	body_quat_y	body_quat_z	joint_pos00	joint_pos01	joint_pos02	joint_pos03	joint_pos04	joint_pos05	joint_pos06	joint_pos07	joint_pos08	joint_pos09	joint_pos10	joint_pos11	joint_pos12	joint_pos13	joint_pos14	joint_pos15	joint_pos16	joint_pos17	joint_pos18	joint_pos19	joint_pos20	joint_vel_00	joint_vel_01	joint_vel_02	joint_vel_03	joint_vel_04	joint_vel_05	joint_vel_06	joint_vel_07	joint_vel_08	joint_vel_09	joint_vel_10	joint_vel_11	joint_vel_12	joint_vel_13	joint_vel_14	joint_vel_15	joint_vel_16	joint_vel_17	joint_vel_18	joint_vel_19	joint_vel_20
-0.2996710538864136	0.01444100122898817	0.0649310052394867	0.048565998673439026	-0.6872830986976624	0.025005003437399864	-0.7243329882621765	-0.052910998463630676	-0.26364099979400635	0.08517800271511078	-0.15501399338245392	0.2516170144081116	-0.048381999135017395	-0.17915700376033783	0.17802199721336365	-0.10493499785661697	-0.00711899995803833	0.28550899028778076	-0.22028300166130066	0.22755999863147736	0.3553580045700073	0.09633500128984451	-0.5263710021972656	-0.723766028881073	0.4250420033931732	0.0552389994263649	0.21410399675369263	-0.5753219723701477	-0.002760067582130432	-0.009469687938690186	-1.0058283805847168e-05	0.052619725465774536	0.012499094009399414	0.010070018470287323	0.011949986219406128	0.10159984230995178	0.002169981598854065	0.13862000405788422	0.05533099174499512	-0.010389834642410278	-0.0036500394344329834	0.08299052715301514	0.0156499445438385	0.08537769317626953	-0.1323491334915161	0.07106959819793701	-0.03931000828742981	0.02800077199935913	-0.19338130950927734
-0.2996826767921448	0.014457200653851032	0.0648667961359024	0.04840300232172012	-0.6872461438179016	0.024731004610657692	-0.7243890762329102	-0.052966199815273285	-0.26383039355278015	0.08517780154943466	-0.15396159887313843	0.25186699628829956	-0.04818059876561165	-0.1789180040359497	0.18005399405956268	-0.10489159822463989	-0.00434659980237484	0.28661561012268066	-0.22049079835414886	0.2274869978427887	0.3570178151130676	0.09664800018072128	-0.5246634483337402	-0.7264130115509033	0.42646339535713196	0.0544527992606163	0.2146640121936798	-0.5791895985603333	0.00023990869522094727	-0.007964670658111572	0.00029001384973526	0.04193447530269623	0.01826956868171692	0.010509975254535675	0.007660314440727234	0.07116496562957764	-1.0244548320770264e-05	0.10562000423669815	0.0420495867729187	-0.010704994201660156	0.003515183925628662	0.0612698495388031	0.004660151898860931	0.0720098614692688	-0.08852481842041016	0.05040988326072693	-0.03111995756626129	0.021705031394958496	-0.13994574546813965
-0.2996952533721924	0.014478599652647972	0.06482616066932678	0.048271000385284424	-0.6872460246086121	0.024510003626346588	-0.72440505027771	-0.05290140211582184	-0.2639595866203308	0.08518960326910019	-0.15333661437034607	0.25234779715538025	-0.04796160012483597	-0.17885059118270874	0.18086859583854675	-0.1049354076385498	-0.0028941999189555645	0.2871909737586975	-0.22071120142936707	0.2277006059885025	0.35780879855155945	0.09652140736579895	-0.5234906077384949	-0.7273070216178894	0.4270583987236023	0.05399420112371445	0.21497219800949097	-0.5809198021888733	0.0028349459171295166	-0.00908970832824707	0.0011449679732322693	0.020159780979156494	0.015854835510253906	0.008724909275770187	0.0009600073099136353	0.03412999212741852	0.0012150034308433533	0.05631999671459198	0.018765032291412354	-0.008044764399528503	0.0031404197216033936	0.02830401062965393	-0.006560049951076508	0.03939718008041382	-0.03098994493484497	0.018409639596939087	-0.015139952301979065	0.007534772157669067	-0.0536993145942688
-0.299688458442688	0.014482399448752403	0.06484858691692352	0.04814700409770012	-0.6872321367263794	0.02437100186944008	-0.724431037902832	-0.052852801978588104	-0.26419398188591003	0.08522360026836395	-0.15315520763397217	0.2525011897087097	-0.04783160239458084	-0.17887960374355316	0.18141919374465942	-0.10484299808740616	-0.002093799877911806	0.28736621141433716	-0.22081258893013	0.22761261463165283	0.3581499755382538	0.09638559818267822	-0.5230875611305237	-0.7276526093482971	0.4271997809410095	0.05384720116853714	0.21496540307998657	-0.581337571144104	-0.003559887409210205	-0.006069988012313843	0.00043492764234542847	0.004505366086959839	0.008299946784973145	0.005005020648241043	0.0030249357223510742	0.01770518720149994	0.002055242657661438	0.02748499996960163	0.006875395774841309	-0.0015348196029663086	-0.00022016465663909912	0.00858008861541748	-0.006360188126564026	0.003980100154876709	-0.009198486804962158	0.00037997961044311523	-0.0016449950635433197	-0.00711493194103241	-0.00330507755279541
-0.29967907071113586	0.014503400772809982	0.06484998762607574	0.04814000427722931	-0.687234103679657	0.024347001686692238	-0.7244300842285156	-0.05304379761219025	-0.26420238614082336	0.085207000374794	-0.15315639972686768	0.2526797950267792	-0.047761399298906326	-0.1787295937538147	0.18157680332660675	-0.10485319793224335	-0.001794799929484725	0.28746598958969116	-0.22077259421348572	0.22769179940223694	0.35815200209617615	0.09626699984073639	-0.5233314037322998	-0.7276749610900879	0.42707359790802	0.053928401321172714	0.21468760073184967	-0.5810520052909851	-0.0009299255907535553	0.002699345350265503	-0.004065036773681641	0.0005550682544708252	0.005745142698287964	0.003415066748857498	0.0052150338888168335	0.004245340824127197	-0.002400018274784088	0.011044996790587902	0.003894418478012085	0.001714751124382019	0.002109631896018982	0.0008754432201385498	-0.006964989006519318	-0.015735626220703125	0.0006899237632751465	-0.008394569158554077	0.0029449351131916046	-0.013409927487373352	0.011014938354492188
-0.2996610403060913	0.014500001445412636	0.06485196948051453	0.04807800427079201	-0.6872590184211731	0.024243999272584915	-0.7244150042533875	-0.052889999002218246	-0.2640860080718994	0.08506099879741669	-0.15313300490379333	0.25273099541664124	-0.04769499972462654	-0.1786710023880005	0.1815890073776245	-0.10493899881839752	-0.00165200000628829	0.28752198815345764	-0.22074399888515472	0.2276969999074936	0.3581849932670593	0.09610699862241745	-0.5237169861793518	-0.7276250123977661	0.42686399817466736	0.053964998573064804	0.21442900598049164	-0.5808969736099243	0.008684955537319183	0.004934519529342651	-0.006075017154216766	-0.0033151358366012573	-0.0019304454326629639	0.0040899962186813354	0.006879866123199463	0.0014949589967727661	-0.0035699456930160522	0.002824998227879405	0.0016450881958007812	0.003235042095184326	0.0010952353477478027	-0.00040978193283081055	-0.007404759526252747	-0.026719272136688232	0.006234645843505859	-0.013740360736846924	0.0012398697435855865	-0.0031050294637680054	0.008144974708557129
-0.29965507984161377	0.014537799172103405	0.06483913958072662	0.04797900468111038	-0.6872721314430237	0.024111000820994377	-0.7244130969047546	-0.05269639939069748	-0.26400500535964966	0.08496399968862534	-0.15328900516033173	0.25260257720947266	-0.04759779945015907	-0.17845439910888672	0.18163660168647766	-0.10499599575996399	-0.0016818000003695488	0.2875317931175232	-0.22064319252967834	0.22773560881614685	0.3581356108188629	0.09597080945968628	-0.5244001746177673	-0.7274255752563477	0.42652398347854614	0.05397799611091614	0.21456339955329895	-0.5807262063026428	0.020170025527477264	0.0071749091148376465	-0.004779919981956482	-0.0030100345611572266	-0.0073753297328948975	0.0055099837481975555	0.01256018877029419	-0.0002253800630569458	-0.004084967076778412	-0.004609997384250164	6.48200511932373e-05	0.005025044083595276	0.003400072455406189	-0.0028096139430999756	-0.003734976053237915	-0.059285759925842285	0.01728534698486328	-0.017040222883224487	-0.008319970220327377	0.019874796271324158	-0.00016987323760986328
-0.29963183403015137	0.014553796499967575	0.06482820212841034	0.04773200303316116	-0.6872790455818176	0.023820001631975174	-0.7244320511817932	-0.052083197981119156	-0.2637990117073059	0.08486980199813843	-0.15325340628623962	0.25243598222732544	-0.04747460037469864	-0.17816859483718872	0.18157999217510223	-0.10510239750146866	-0.0018363998970016837	0.28752458095550537	-0.2205429971218109	0.22783300280570984	0.3580726087093353	0.09595759958028793	-0.5260884165763855	-0.7269335985183716	0.4261823892593384	0.05363219976425171	0.2152239978313446	-0.5809037685394287	0.021184980869293213	0.00978037714958191	-0.003550015389919281	0.00044517219066619873	-0.009359419345855713	0.0038550235331058502	0.01377984881401062	-0.000650063157081604	-0.00272504985332489	-0.008814997039735317	-1.043081283569336e-05	0.004964694380760193	-0.002610310912132263	-0.00827014446258545	-0.00041015446186065674	-0.08750557899475098	0.019943714141845703	-0.01284480094909668	-0.010819919407367706	0.01669973134994507	-0.004754960536956787
-0.2996106743812561	0.014553995802998543	0.06482499837875366	0.04752040654420853	-0.6872994899749756	0.023628003895282745	-0.7244322299957275	-0.05184900015592575	-0.2636137902736664	0.08482199907302856	-0.15327119827270508	0.2522282004356384	-0.04744359850883484	-0.1779032051563263	0.1816105991601944	-0.10510499775409698	-0.0020343998912721872	0.28753137588500977	-0.22044460475444794	0.22763119637966156	0.3578048050403595	0.09595440328121185	-0.5279003977775574	-0.7266278266906738	0.4260101914405823	0.05354519933462143	0.21523138880729675	-0.5809164047241211	0.007119867950677872	0.007840991020202637	-0.0007450580596923828	-0.001214444637298584	-0.009649991989135742	-0.001369975507259369	0.006984919309616089	-0.0007946044206619263	-0.0010048970580101013	-0.00637000473216176	-0.0009700655937194824	0.0006698071956634521	-0.003320351243019104	-0.018350034952163696	0.009115040302276611	-0.1051589846611023	0.00902414321899414	-0.002339482307434082	0.00087004154920578	-0.018534809350967407	-0.004166364669799805
-0.2995966672897339	0.014568801037967205	0.06480856239795685	0.047474008053541183	-0.6873120665550232	0.023584002628922462	-0.7244260311126709	-0.05179840326309204	-0.2634853720664978	0.08483999967575073	-0.15330198407173157	0.25204998254776	-0.047529399394989014	-0.17788919806480408	0.18154820799827576	-0.10514259338378906	-0.002091200090944767	0.2874857783317566	-0.22051620483398438	0.22770018875598907	0.3573386073112488	0.096322201192379	-0.5302947759628296	-0.7265726327896118	0.426088809967041	0.05366700142621994	0.2144826054573059	-0.5810704231262207	-0.002149958163499832	0.0036694109439849854	-0.0006999820470809937	0.0006299465894699097	-0.004004687070846558	-0.0034600496292114258	-0.0018697232007980347	-0.002539902925491333	-0.002250075340270996	-0.004290003329515457	1.564621925354004e-05	-0.001609697937965393	0.0005949288606643677	-0.022345036268234253	0.010539963841438293	-0.09401440620422363	0.0032961368560791016	0.004245340824127197	0.005544908344745636	-0.04110969603061676	0.00033527612686157227
-0.29957306385040283	0.014537997543811798	0.06478297710418701	0.04755100607872009	-0.6873049736022949	0.023677000775933266	-0.7244240641593933	-0.051934998482465744	-0.263467013835907	0.08479399979114532	-0.15324600040912628	0.25206801295280457	-0.047582000494003296	-0.17797799408435822	0.18150900304317474	-0.10519500076770782	-0.0022060000337660313	0.2875320017337799	-0.22050899267196655	0.22765499353408813	0.3569110035896301	0.09637600183486938	-0.5316609740257263	-0.7264959812164307	0.42618000507354736	0.053766995668411255	0.21358700096607208	-0.5809029936790466	-0.0016300007700920105	0.0006042420864105225	-0.0005301088094711304	0.004754588007926941	0.0009007751941680908	-0.008235033601522446	-0.0006549060344696045	-0.0005550682544708252	-0.002520158886909485	-0.0038650003261864185	0.001755356788635254	0.002690032124519348	-0.0008545815944671631	-0.017530471086502075	0.005255080759525299	-0.07185637950897217	0.009316205978393555	0.0011548399925231934	0.006594974547624588	-0.053590163588523865	0.0071555376052856445
-0.2995612621307373	0.014530799351632595	0.06477120518684387	0.04753241315484047	-0.6873319745063782	0.023642009124159813	-0.7244007587432861	-0.05186360329389572	-0.2634612023830414	0.08481879532337189	-0.1531118005514145	0.25208601355552673	-0.04785880073904991	-0.17791539430618286	0.18152600526809692	-0.10524339973926544	-0.0022458001039922237	0.287555992603302	-0.2204086035490036	0.2276660054922104	0.3566373884677887	0.09653240442276001	-0.5331690311431885	-0.7261999845504761	0.42613500356674194	0.053930800408124924	0.21233899891376495	-0.5807842016220093	-0.0023101456463336945	-0.0013299286365509033	0.0008249655365943909	0.00746995210647583	0.003553926944732666	-0.014150049537420273	0.005654618144035339	0.0015500932931900024	-0.0034749507904052734	-0.001309998333454132	0.0009596347808837891	0.01140497624874115	0.0027202069759368896	-0.015424937009811401	0.008409842848777771	-0.06368011236190796	0.018528103828430176	-0.0043801963329315186	0.007335096597671509	-0.05952008068561554	0.019060075283050537
-0.2995544373989105	0.014499999582767487	0.06478577852249146	0.047658007591962814	-0.6873030662536621	0.02376200258731842	-0.7244161367416382	-0.05202740430831909	-0.263520210981369	0.0848269984126091	-0.15294720232486725	0.25221017003059387	-0.04814800247550011	-0.1777518093585968	0.18157100677490234	-0.10533399879932404	-0.0022583999671041965	0.28757038712501526	-0.2200527936220169	0.2277638018131256	0.35629400610923767	0.0967123955488205	-0.5342081785202026	-0.7257548570632935	0.4260047972202301	0.054060399532318115	0.21120619773864746	-0.5801405906677246	-0.0020150095224380493	-0.002530217170715332	0.0011399388313293457	0.014594942331314087	0.004579871892929077	-0.010540056973695755	0.009004771709442139	0.00479482114315033	-0.004750117659568787	-0.00016999547369778156	0.0022098422050476074	0.015800073742866516	0.0032749027013778687	-0.008149445056915283	-0.0012850388884544373	-0.015479326248168945	0.01455545425415039	-0.0045552849769592285	0.0038399361073970795	-0.054759904742240906	0.022849440574645996
-0.29956525564193726	0.014450998976826668	0.06476395577192307	0.04767400398850441	-0.6873001456260681	0.023751001805067062	-0.724418044090271	-0.05194420367479324	-0.26356241106987	0.08486439287662506	-0.15252800285816193	0.2522692084312439	-0.04828040301799774	-0.17755520343780518	0.18171779811382294	-0.1054334044456482	-0.002252599922940135	0.2876443862915039	-0.21977660059928894	0.2277970016002655	0.3563114106655121	0.09648100286722183	-0.5337882041931152	-0.7256177663803101	0.4259527921676636	0.05408439785242081	0.21014860272407532	-0.5798702239990234	-0.0006148591637611389	0.0030502676963806152	0.003910064697265625	0.02942495048046112	0.001790374517440796	-0.0019349157810211182	0.00486522912979126	0.005529820919036865	-0.006400048732757568	-0.002134998794645071	0.0025250017642974854	0.015429779887199402	0.008134543895721436	0.011504441499710083	-0.01637488603591919	0.04543960094451904	-0.007528066635131836	0.0021904706954956055	-0.00141998752951622	-0.05022995173931122	0.010019540786743164
-0.29959964752197266	0.014398597180843353	0.06476937234401703	0.0477060042321682	-0.6872841119766235	0.023788001388311386	-0.7244301438331604	-0.05205199867486954	-0.2633982002735138	0.08498340100049973	-0.1517702043056488	0.2522817850112915	-0.04822539910674095	-0.17755720019340515	0.18179219961166382	-0.10559000074863434	-0.0023437999188899994	0.28767138719558716	-0.21943560242652893	0.22808918356895447	0.3567541837692261	0.09605740010738373	-0.5323905944824219	-0.7260559797286987	0.4260924160480499	0.054003600031137466	0.209196999669075	-0.5797398090362549	-0.005619879812002182	0.003610551357269287	0.00614020973443985	0.038425251841545105	-0.0008553266525268555	0.0064850784838199615	-0.00036992132663726807	0.009780004620552063	-0.0068148598074913025	0.00023999018594622612	0.0015653669834136963	0.025865063071250916	0.012249872088432312	0.034064799547195435	-0.023350119590759277	0.09930580854415894	-0.0422552227973938	0.012880563735961914	-0.0002849847078323364	-0.053464993834495544	-0.0025197863578796387
-0.29962602257728577	0.01436600461602211	0.06478199362754822	0.047860004007816315	-0.6872100830078125	0.02394000254571438	-0.7244860529899597	-0.05216899886727333	-0.2634179890155792	0.08511000126600266	-0.15099099278450012	0.2522349953651428	-0.04802099987864494	-0.17757000029087067	0.18210899829864502	-0.10570599883794785	-0.002243000315502286	0.28770700097084045	-0.2187419980764389	0.2282869964838028	0.3576740026473999	0.09554699808359146	-0.5298159718513489	-0.7273079752922058	0.42646801471710205	0.05407299846410751	0.2080100029706955	-0.5799710154533386	-0.01382492482662201	-0.0069044530391693115	0.00485982745885849	0.033289939165115356	-0.003394484519958496	0.01454995945096016	0.012805312871932983	0.019884854555130005	-0.0063750892877578735	0.005439994856715202	-0.0017397105693817139	0.04043504595756531	0.011630356311798096	0.04282519221305847	-0.02074502408504486	0.11297464370727539	-0.06588101387023926	0.018133968114852905	0.010765064507722855	-0.07249005138874054	-0.0009447336196899414
-0.2996360659599304	0.014366401359438896	0.06484799087047577	0.04803900420665741	-0.687065064907074	0.024029003456234932	-0.7246080636978149	-0.05260499566793442	-0.26367437839508057	0.08517779409885406	-0.1504386067390442	0.25214600563049316	-0.047643400728702545	-0.17704498767852783	0.18258759379386902	-0.10584500432014465	-0.0021262001246213913	0.2876017987728119	-0.21781820058822632	0.2285543978214264	0.3584671914577484	0.09522759914398193	-0.5278716087341309	-0.7286912202835083	0.42681777477264404	0.05443420261144638	0.2062973976135254	-0.5797775983810425	-0.014459993690252304	-0.013630092144012451	0.0008549541234970093	0.0252649188041687	0.00021010637283325195	0.024724937975406647	0.031860172748565674	0.024184957146644592	-0.009720027446746826	0.00889500416815281	-0.003390759229660034	0.0473950058221817	0.017550215125083923	0.04807561635971069	-0.01053009182214737	0.0924333930015564	-0.08217096328735352	0.017514824867248535	0.017740018665790558	-0.09726472198963165	-0.0025704503059387207
-0.2996266782283783	0.01439259760081768	0.0648699551820755	0.04817500337958336	-0.6870121359825134	0.024032004177570343	-0.72464919090271	-0.05274739861488342	-0.2639631927013397	0.08514419943094254	-0.14998039603233337	0.25224339962005615	-0.04703200235962868	-0.17629559338092804	0.1830763965845108	-0.10609479993581772	-0.001887200167402625	0.28757137060165405	-0.21684619784355164	0.22898900508880615	0.35959702730178833	0.09512579441070557	-0.5261186361312866	-0.7305948138237	0.427168607711792	0.054782599210739136	0.20411941409111023	-0.5800738334655762	-0.009655021131038666	-0.020625442266464233	-0.0045299530029296875	0.01694522798061371	0.002399832010269165	0.03285994753241539	0.03861971199512482	0.028670579195022583	-0.011314824223518372	0.009640000760555267	-0.0027298927307128906	0.04021972417831421	0.011285021901130676	0.05341097712516785	-0.0032298266887664795	0.07492601871490479	-0.09762942790985107	0.018180906772613525	0.023784954100847244	-0.12562498450279236	-0.009441375732421875
-0.2995876669883728	0.014382199384272099	0.06493920087814331	0.04836900159716606	-0.6868121027946472	0.02408900298178196	-0.7248239517211914	-0.052991196513175964	-0.26449939608573914	0.08499659597873688	-0.14976079761981964	0.25224199891090393	-0.04632900282740593	-0.17550019919872284	0.18373441696166992	-0.10629759728908539	-0.0017406000988557935	0.2874926030635834	-0.21620941162109375	0.22900579869747162	0.3606036305427551	0.09509840607643127	-0.5248745679855347	-0.7325963973999023	0.4275450110435486	0.05538560077548027	0.2012723982334137	-0.5801552534103394	-0.03076000139117241	-0.027380138635635376	-0.009004957973957062	0.0011298805475234985	-0.0026106834411621094	0.04068007692694664	0.03497973084449768	0.029945001006126404	-0.01198500394821167	0.008525000885128975	-0.003234297037124634	0.02696514129638672	0.0025250017642974854	0.0467643141746521	0.006625056266784668	0.05622059106826782	-0.12242048978805542	0.028814375400543213	0.03696000203490257	-0.1531202346086502	-0.003197789192199707
-0.2995200753211975	0.014385197311639786	0.06500314921140671	0.04877200722694397	-0.6866871118545532	0.024375999346375465	-0.7249051332473755	-0.05397779867053032	-0.26505839824676514	0.08478400111198425	-0.14993520081043243	0.25213897228240967	-0.04540479928255081	-0.17489640414714813	0.18427419662475586	-0.10657420009374619	-0.001546200131997466	0.28744199872016907	-0.21576759219169617	0.22909000515937805	0.3614675998687744	0.09539079666137695	-0.5238698124885559	-0.7354916334152222	0.4283211827278137	0.05626099929213524	0.19799460470676422	-0.5802017450332642	-0.05974499508738518	-0.028715282678604126	-0.017289817333221436	-0.014105066657066345	-0.003224611282348633	0.050674937665462494	0.03518015146255493	0.02868957817554474	-0.015035085380077362	0.011189986020326614	-1.4901161193847656e-05	0.012260302901268005	-0.009294971823692322	0.051008909940719604	0.018514879047870636	0.04801452159881592	-0.17341524362564087	0.0476248562335968	0.04805987700819969	-0.16486011445522308	-0.00581890344619751
-0.29939305782318115	0.01432800106704235	0.0650799572467804	0.04923500865697861	-0.6865461468696594	0.024709001183509827	-0.7249970436096191	-0.05538099631667137	-0.2656480073928833	0.08430500328540802	-0.1503250002861023	0.25211301445961	-0.04430200532078743	-0.17409299314022064	0.1848820000886917	-0.10689900070428848	-0.0012930006487295032	0.2874920070171356	-0.21571899950504303	0.22863399982452393	0.3626439869403839	0.0958390012383461	-0.522953987121582	-0.739533007144928	0.42945000529289246	0.05730799585580826	0.19467799365520477	-0.5803880095481873	-0.08800989389419556	-0.03127530217170715	-0.026575103402137756	-0.030525028705596924	-0.007829070091247559	0.06622494757175446	0.0393647700548172	0.030349940061569214	-0.014959834516048431	0.01576998643577099	0.003709644079208374	-0.00021047890186309814	-0.030105561017990112	0.050224363803863525	0.0468449667096138	0.012834370136260986	-0.23614764213562012	0.06401091814041138	0.07075993716716766	-0.17983503639698029	4.9173831939697266e-05
-0.29925626516342163	0.014271997846662998	0.06517381966114044	0.05057220906019211	-0.6863153576850891	0.025789804756641388	-0.7250851392745972	-0.05749819427728653	-0.2663094103336334	0.08372099697589874	-0.1511562019586563	0.25182580947875977	-0.04275580123066902	-0.17332181334495544	0.18548819422721863	-0.10717259347438812	-0.0009154006838798523	0.2875903844833374	-0.2157760113477707	0.22788578271865845	0.36347657442092896	0.0972645953297615	-0.5233564376831055	-0.744937539100647	0.4308816194534302	0.05909139662981033	0.190801203250885	-0.5801997780799866	-0.10801003873348236	-0.04024505615234375	-0.03887508064508438	-0.05505979061126709	-0.010600686073303223	0.09552007913589478	0.04986003041267395	0.027944892644882202	-0.018970109522342682	0.026720011606812477	0.008009374141693115	0.0018648803234100342	-0.035375356674194336	0.04965066909790039	0.08778516203165054	-0.028529763221740723	-0.29380470514297485	0.07241591811180115	0.10041017085313797	-0.18412992358207703	0.006665289402008057
-0.29910343885421753	0.014329999685287476	0.0652809739112854	0.0513790063560009	-0.6862180233001709	0.026336003094911575	-0.7251010537147522	-0.05970139801502228	-0.26725780963897705	0.08275000005960464	-0.15252739191055298	0.25168898701667786	-0.04048120230436325	-0.17209859192371368	0.185999795794487	-0.10765780508518219	-0.0002242002374259755	0.28781238198280334	-0.21564440429210663	0.22721898555755615	0.3646300137042999	0.09935040771961212	-0.5240951776504517	-0.751285195350647	0.4323466420173645	0.06132440268993378	0.1873127967119217	-0.5801213979721069	-0.10052500665187836	-0.056559592485427856	-0.060004740953445435	-0.07923953235149384	-0.00036582350730895996	0.13952971994876862	0.0688452273607254	0.022369995713233948	-0.030325166881084442	0.03706994652748108	0.01004040241241455	0.009225308895111084	-0.03180950880050659	0.06592050194740295	0.13159997761249542	-0.05546361207962036	-0.34432560205459595	0.08573457598686218	0.10524485260248184	-0.1391250640153885	-0.014005601406097412
-0.2989460825920105	0.014401396736502647	0.0654338151216507	0.053144004195928574	-0.6859981417655945	0.027407003566622734	-0.7251420617103577	-0.06151919439435005	-0.26857179403305054	0.08132080733776093	-0.15432578325271606	0.2518111765384674	-0.037174612283706665	-0.17056800425052643	0.18638299405574799	-0.1083856001496315	0.000567397044505924	0.287992000579834	-0.21540699899196625	0.22661340236663818	0.3661133944988251	0.10252859443426132	-0.5255749821662903	-0.7587105631828308	0.43431100249290466	0.0633011907339096	0.18523620069026947	-0.5807600021362305	-0.08853506296873093	-0.08419007062911987	-0.07844995707273483	-0.11620521545410156	0.010055303573608398	0.20050498843193054	0.09333491325378418	0.018395110964775085	-0.03771986812353134	0.048734985291957855	0.007175654172897339	0.006875023245811462	-0.02849958837032318	0.07311031222343445	0.19357986748218536	-0.09109526872634888	-0.3836303949356079	0.11376440525054932	0.11643990874290466	-0.1274745911359787	-0.06351470947265625
-0.2987484931945801	0.014604196883738041	0.0656643658876419	0.05489802360534668	-0.6857408881187439	0.028312208130955696	-0.7252200841903687	-0.06324280053377151	-0.27062541246414185	0.07961200177669525	-0.15717560052871704	0.2520911991596222	-0.032461002469062805	-0.16836519539356232	0.186735600233078	-0.10916659981012344	0.0017251991666853428	0.28809940814971924	-0.21536940336227417	0.22607900202274323	0.3675544261932373	0.10709360241889954	-0.5277389883995056	-0.7666304111480713	0.4368972182273865	0.06598199903964996	0.18221381306648254	-0.5826619863510132	-0.11457009613513947	-0.11363029479980469	0.05765482783317566	-0.20843036472797394	0.05167052149772644	0.39384031295776367	0.05487501621246338	-0.5339998602867126	0.1132650300860405	-0.40015992522239685	0.16644969582557678	-0.24207495152950287	-0.1607101410627365	-0.1960352063179016	0.7064352035522461	-0.46925097703933716	-0.5278602242469788	0.4863247275352478	0.6828451752662659	-0.7044300436973572	-0.14097541570663452
-0.29878902435302734	0.018669001758098602	0.06599698960781097	0.06485600769519806	-0.687516987323761	0.03728300333023071	-0.7223050594329834	-0.06610199809074402	-0.2731170058250427	0.08362700045108795	-0.16266299784183502	0.25387799739837646	-0.021421000361442566	-0.1683730036020279	0.16502299904823303	-0.10385499894618988	-0.015438999980688095	0.29464998841285706	-0.22508999705314636	0.22018499672412872	0.358271986246109	0.1307860016822815	-0.5443450212478638	-0.77982497215271	0.4537639915943146	0.09061499685049057	0.15705899894237518	-0.5863990187644958	-0.034170038998126984	-0.4587791860103607	0.16130022704601288	-0.46577417850494385	0.12004971504211426	0.5509945750236511	-0.03134496510028839	-1.042554497718811	0.2980148494243622	-0.6684845685958862	-0.1916743814945221	-0.3075897693634033	-0.30890965461730957	-0.30804574489593506	0.9549998044967651	-0.7228836417198181	-0.6086990237236023	0.6537541747093201	1.0096595287322998	-1.2443042993545532	-0.20468533039093018
-0.29855865240097046	0.02020939812064171	0.06708555668592453	0.06915441900491714	-0.686619758605957	0.04198380932211876	-0.722501814365387	-0.0646096020936966	-0.2889765799045563	0.08606401085853577	-0.17580656707286835	0.25689318776130676	-0.01042121835052967	-0.16961899399757385	0.14503341913223267	-0.09724600613117218	-0.025014184415340424	0.28043243288993835	-0.2276729941368103	0.2137226164340973	0.3552325963973999	0.14529359340667725	-0.5566543340682983	-0.7909783720970154	0.4630473852157593	0.10636837780475616	0.13244163990020752	-0.5908493995666504	0.11324948072433472	-0.7102489471435547	-0.021799467504024506	-0.722977876663208	0.2117939293384552	0.420974463224411	-0.003295019268989563	-0.5318652987480164	0.17539504170417786	-0.3054000437259674	-0.46214982867240906	-0.04794001579284668	-0.2428647130727768	0.0027552247047424316	0.4280399680137634	-0.24405568838119507	-0.4124358296394348	0.37572458386421204	0.5468446612358093	-0.9250039458274841	-0.3176584839820862
-0.2985086441040039	0.02030700445175171	0.06837338954210281	0.07000400871038437	-0.6857010722160339	0.04263899847865105	-0.7232540249824524	-0.06157201901078224	-0.3015269637107849	0.08275502175092697	-0.1915821135044098	0.2623497545719147	-0.004582022316753864	-0.16850480437278748	0.14374838769435883	-0.09683919697999954	-0.02765500172972679	0.2761639952659607	-0.22700759768486023	0.21047040820121765	0.3583821952342987	0.14790759980678558	-0.5541072487831116	-0.7963224053382874	0.46879297494888306	0.11248878389596939	0.12005884200334549	-0.5991053581237793	0.17212992906570435	-0.5989402532577515	-0.17313510179519653	-0.7479004859924316	0.2777598798274994	0.22001546621322632	0.07049962878227234	0.10775402188301086	0.022830255329608917	-0.009015575051307678	-0.10441616177558899	0.035174936056137085	-0.14270544052124023	0.1846693456172943	0.022845342755317688	0.2863168716430664	-0.20625591278076172	0.2597898244857788	0.19138045608997345	-0.3850407898426056	-0.45032501220703125
-0.298515647649765	0.02009899728000164	0.06939615309238434	0.06994840502738953	-0.6839694380760193	0.04222840443253517	-0.7249205708503723	-0.05772440508008003	-0.31293419003486633	0.0791386067867279	-0.20572258532047272	0.26800358295440674	-0.0016206002328544855	-0.16679900884628296	0.1493435800075531	-0.09633279591798782	-0.02537480741739273	0.2762557864189148	-0.22626599669456482	0.20801439881324768	0.3626193702220917	0.14620740711688995	-0.5452016592025757	-0.7992286086082458	0.47343897819519043	0.1140235960483551	0.1170400083065033	-0.6088624000549316	0.20649051666259766	-0.5675554275512695	-0.17052051424980164	-0.6874669194221497	0.27607157826423645	0.11664050072431564	0.12064501643180847	0.3235403299331665	0.039980001747608185	0.22921991348266602	0.04015490412712097	0.024999678134918213	-0.12982040643692017	0.19310042262077332	-0.07174015045166016	0.4183456301689148	-0.1277342438697815	0.20128637552261353	0.06975028663873672	-0.08988101035356522	-0.4687264561653137
-0.2982172667980194	0.020096398890018463	0.0703771635890007	0.06960301101207733	-0.6829919815063477	0.041749004274606705	-0.7259030938148499	-0.05331239849328995	-0.3242291808128357	0.07593420147895813	-0.21908079087734222	0.27339261770248413	8.35976970847696e-05	-0.16367900371551514	0.15669000148773193	-0.09523999691009521	-0.018486205488443375	0.27777019143104553	-0.2260076105594635	0.20527759194374084	0.36610621213912964	0.14503799378871918	-0.537373423576355	-0.8014317750930786	0.4768444299697876	0.11527879536151886	0.11646360158920288	-0.6178544163703918	0.21333470940589905	-0.6117448210716248	-0.15139001607894897	-0.688434362411499	0.24621039628982544	0.13621461391448975	0.1652996987104416	0.40005967020988464	0.08529443293809891	0.4285193383693695	0.024430453777313232	0.05224980413913727	-0.13208501040935516	0.1645401120185852	-0.036060065031051636	0.368991494178772	-0.12395977973937988	0.1797005534172058	0.07453467696905136	-0.04364997148513794	-0.4985406994819641
-0.2978130578994751	0.02019299566745758	0.0715169832110405	0.06915201246738434	-0.680897057056427	0.04147600382566452	-0.7279260754585266	-0.04919101670384407	-0.3374039828777313	0.07308300584554672	-0.23325996100902557	0.27785199880599976	0.0038279839791357517	-0.1601870208978653	0.1653459668159485	-0.09292101860046387	-0.008234033361077309	0.2772330045700073	-0.22417600452899933	0.20273099839687347	0.3692009747028351	0.1447650045156479	-0.5304419994354248	-0.804186999797821	0.48062700033187866	0.11700498312711716	0.11529400944709778	-0.6288040280342102	0.20545506477355957	-0.7530912756919861	-0.1739099621772766	-0.7784608602523804	0.21558478474617004	0.20524011552333832	0.25105997920036316	0.542055070400238	0.12575499713420868	0.6054103970527649	-0.06501972675323486	0.1441754400730133	-0.12123472988605499	0.16694962978363037	-0.041880086064338684	0.40262043476104736	-0.12186169624328613	0.17819851636886597	0.07974505424499512	-0.11240504682064056	-0.5269601941108704
-0.2975740432739258	0.020420797169208527	0.07294977456331253	0.06858304888010025	-0.6782488226890564	0.04071102291345596	-0.7304915189743042	-0.04509419575333595	-0.35435283184051514	0.06897780299186707	-0.2502192258834839	0.28201600909233093	0.00829320214688778	-0.1536366045475006	0.17837220430374146	-0.09020979702472687	0.005730209872126579	0.27516940236091614	-0.22024059295654297	0.20042820274829865	0.37278419733047485	0.14336279034614563	-0.5212686061859131	-0.8063062429428101	0.48397237062454224	0.11846859753131866	0.11196739971637726	-0.6389328241348267	0.18631526827812195	-0.9020649194717407	-0.21477994322776794	-0.8906651139259338	0.20160973072052002	0.2355201691389084	0.2509456276893616	0.7199153304100037	0.14809034764766693	0.7350701093673706	-0.08916035294532776	0.21674521267414093	-0.048519670963287354	0.20846053957939148	-0.0753898173570633	0.48047900199890137	-0.16823410987854004	0.23090988397598267	0.061345286667346954	-0.1697201281785965	-0.5221143364906311
-0.29768624901771545	0.02048400230705738	0.07454197108745575	0.06818464398384094	-0.6750723123550415	0.04045422747731209	-0.7334787249565125	-0.04173840582370758	-0.37348657846450806	0.06449180841445923	-0.2688865661621094	0.28591638803482056	0.013248790986835957	-0.15014919638633728	0.19414258003234863	-0.08699740469455719	0.021168770268559456	0.2736665904521942	-0.2155061960220337	0.20079021155834198	0.37753939628601074	0.14174941182136536	-0.5112228393554688	-0.8109163641929626	0.48986339569091797	0.11945879459381104	0.10850520431995392	-0.6496886014938354	0.15138965845108032	-0.9621418714523315	-0.24228450655937195	-0.9271271228790283	0.18449947237968445	0.2136695683002472	0.11623017489910126	0.8588128089904785	0.1430647373199463	0.7803379893302917	-0.04667043685913086	0.1945946365594864	0.06717443466186523	0.27032941579818726	-0.09377934038639069	0.5001738667488098	-0.29128342866897583	0.3457695245742798	0.007055141031742096	-0.1783294677734375	-0.6469935178756714
-0.29810523986816406	0.02030239626765251	0.07613342255353928	0.06772022694349289	-0.6716147661209106	0.04011882469058037	-0.7367079854011536	-0.039038609713315964	-0.3928385078907013	0.05928642302751541	-0.2873043119907379	0.2893959879875183	0.01683998480439186	-0.14898739755153656	0.2127247154712677	-0.08448720723390579	0.03694372996687889	0.2733025848865509	-0.2124568074941635	0.20311518013477325	0.38359737396240234	0.13961161673069	-0.5012616515159607	-0.8179575800895691	0.4978031516075134	0.11875080317258835	0.10483422130346298	-0.6648125648498535	0.1713750958442688	-0.977790355682373	-0.23996514081954956	-0.9273357391357422	0.11273026466369629	0.26034510135650635	0.08885972201824188	0.8965104818344116	0.16022995114326477	0.7459954619407654	-0.009694695472717285	0.18228963017463684	0.06674490869045258	0.3174304962158203	-0.08030533790588379	0.4544660449028015	-0.3836318850517273	0.37011951208114624	0.00330507755279541	-0.29550009965896606	-0.6514042615890503
-0.29798585176467896	0.020211800932884216	0.07785496115684509	0.06725244969129562	-0.6679760813713074	0.04048163443803787	-0.7400314807891846	-0.03488340228796005	-0.412598192691803	0.05489320307970047	-0.30597999691963196	0.2904255986213684	0.023662595078349113	-0.1465948075056076	0.2300029993057251	-0.0805882066488266	0.05100858956575394	0.2732788026332855	-0.20821461081504822	0.20346000790596008	0.39023661613464355	0.13853719830513	-0.4930441975593567	-0.8262616395950317	0.5046681761741638	0.11959099769592285	0.09668520092964172	-0.6757447719573975	0.2199648916721344	-1.0503604412078857	-0.27691003680229187	-0.9661160707473755	0.09020045399665833	0.3403998017311096	0.1245599240064621	0.950130820274353	0.1559799611568451	0.7131056189537048	0.010385364294052124	0.1923203468322754	0.02947002649307251	0.37611499428749084	-0.0867154449224472	0.39086565375328064	-0.40128380060195923	0.3523200750350952	-0.013669952750205994	-0.36815497279167175	-0.548534095287323
-0.29837703704833984	0.01979600079357624	0.08016896992921829	0.06632200628519058	-0.663498044013977	0.039987001568078995	-0.7441591024398804	-0.0302400141954422	-0.4348529279232025	0.0482100211083889	-0.32594895362854004	0.29300400614738464	0.030455976724624634	-0.14400500059127808	0.2507299482822418	-0.07824800908565521	0.0654679536819458	0.273717999458313	-0.2047639936208725	0.20429398119449615	0.398641973733902	0.13614299893379211	-0.48562702536582947	-0.8340089321136475	0.5118959546089172	0.11820400506258011	0.09010802209377289	-0.6867539286613464	0.26678964495658875	-1.1122033596038818	-0.33609455823898315	-1.005843997001648	0.13720989227294922	0.3782544732093811	0.10381005704402924	1.0578632354736328	0.12166500091552734	0.7117742896080017	0.08838549256324768	0.15161484479904175	0.052529945969581604	0.4704885184764862	-0.1563597470521927	0.449284166097641	-0.4067540168762207	0.37460923194885254	-0.06634481251239777	-0.34434962272644043	-0.5659297108650208
-0.29870927333831787	0.019249601289629936	0.08253096044063568	0.06492487341165543	-0.6590320467948914	0.03946363925933838	-0.7482674717903137	-0.024211816489696503	-0.45708632469177246	0.041449420154094696	-0.34621375799179077	0.2959139943122864	0.038792774081230164	-0.14244240522384644	0.2723175287246704	-0.0757216066122055	0.07947956025600433	0.27681422233581543	-0.20215001702308655	0.20556120574474335	0.409056156873703	0.1322828084230423	-0.47507283091545105	-0.8425318002700806	0.5196525454521179	0.11693720519542694	0.08291121572256088	-0.6983819603919983	0.3123905658721924	-1.1150128841400146	-0.3531157076358795	-1.015317440032959	0.14311447739601135	0.42986077070236206	0.10450519621372223	1.1009819507598877	0.1136602833867073	0.6920967102050781	0.14606565237045288	0.1062396913766861	0.054105743765830994	0.5717761516571045	-0.22816509008407593	0.6091967225074768	-0.4452422261238098	0.3815069794654846	-0.056724995374679565	-0.4119558334350586	-0.5899682641029358
-0.29921242594718933	0.01868099719285965	0.08498439192771912	0.06313363462686539	-0.6543089747428894	0.03844142705202103	-0.7526063919067383	-0.017744392156600952	-0.479453444480896	0.03408539295196533	-0.3665616512298584	0.2987285852432251	0.04765040799975395	-0.1398247927427292	0.2947692275047302	-0.07370159775018692	0.09315182268619537	0.2795606255531311	-0.20051440596580505	0.2064582109451294	0.42151302099227905	0.12701639533042908	-0.4612591564655304	-0.8518186211585999	0.5271562337875366	0.11593500524759293	0.07362978905439377	-0.7103526592254639	0.304740309715271	-1.1296048164367676	-0.38863521814346313	-1.030150055885315	0.1343153417110443	0.4137905240058899	0.14369003474712372	1.151565432548523	0.10135006159543991	0.69221031665802	0.13512969017028809	0.05651526153087616	0.03329478204250336	0.6474502086639404	-0.2658151090145111	0.7323801517486572	-0.5101442337036133	0.3921017050743103	-0.023999996483325958	-0.506089985370636	-0.5967810750007629
-0.2997168302536011	0.018105998635292053	0.08763198554515839	0.06156405434012413	-0.6492137908935547	0.037594836205244064	-0.7571772933006287	-0.01202220469713211	-0.502270519733429	0.025904010981321335	-0.38741976022720337	0.30128660798072815	0.05534439533948898	-0.1366948038339615	0.3183801472187042	-0.07166760414838791	0.10716797411441803	0.28221940994262695	-0.1998894065618515	0.20689299702644348	0.4349541664123535	0.12165020406246185	-0.44577762484550476	-0.8629375696182251	0.5353366136550903	0.1159772053360939	0.062667615711689	-0.7222532033920288	0.22975455224514008	-1.1485919952392578	-0.4272540211677551	-1.0324671268463135	0.1468256115913391	0.34019920229911804	0.14742426574230194	1.2148969173431396	0.10104458779096603	0.7031781673431396	0.1592785120010376	0.02114512026309967	0.04833489656448364	0.6413578987121582	-0.19448474049568176	0.6889380216598511	-0.6096377968788147	0.4259824752807617	0.06088968366384506	-0.6157932877540588	-0.6352931261062622
-0.3002988398075104	0.017691001296043396	0.0903291404247284	0.06067567318677902	-0.6438778638839722	0.037148840725421906	-0.7618135213851929	-0.00855420995503664	-0.5253971219062805	0.016995232552289963	-0.40786033868789673	0.30460160970687866	0.06125837564468384	-0.1339278221130371	0.3433651030063629	-0.06965981423854828	0.12127894908189774	0.2859317660331726	-0.19966860115528107	0.20839160680770874	0.4471673369407654	0.1192370057106018	-0.43370163440704346	-0.8762041330337524	0.5441955327987671	0.11837059259414673	0.04899805784225464	-0.7357643842697144	0.1267300248146057	-1.138409972190857	-0.43419963121414185	-0.975954532623291	0.15670880675315857	0.3185644745826721	0.11802017688751221	1.218569278717041	0.11566486209630966	0.7101494669914246	0.17981454730033875	0.04690997302532196	0.04400014877319336	0.6087445020675659	-0.07393006235361099	0.5569391250610352	-0.737684965133667	0.4773080348968506	0.13354477286338806	-0.646014392375946	-0.720718502998352
-0.30082806944847107	0.017315004020929337	0.09284095466136932	0.060182005167007446	-0.6386640667915344	0.03720700368285179	-0.7662261128425598	-0.006953003816306591	-0.5478069186210632	0.008536025881767273	-0.426457941532135	0.3075549602508545	0.06808697432279587	-0.131973996758461	0.36712291836738586	-0.06704100966453552	0.13557395339012146	0.2894119918346405	-0.19801300764083862	0.20865300297737122	0.45930394530296326	0.11869300156831741	-0.42350006103515625	-0.8924449682235718	0.5544289350509644	0.1213189959526062	0.03682703897356987	-0.7510819435119629	0.0545002743601799	-1.0872766971588135	-0.42532095313072205	-0.8912459015846252	0.13587027788162231	0.32256561517715454	0.08275061845779419	1.1963821649551392	0.13066548109054565	0.7316862940788269	0.1712009310722351	0.07320977747440338	0.01669973134994507	0.6370365619659424	-0.04815533757209778	0.5478806495666504	-0.8544713258743286	0.5208328366279602	0.13815537095069885	-0.5328565835952759	-0.8318394422531128
-0.3015720248222351	0.016981199383735657	0.09515614807605743	0.059657249599695206	-0.6335201263427734	0.036861635744571686	-0.7705417275428772	-0.006374198943376541	-0.5688881874084473	-1.760496525093913e-05	-0.44351017475128174	0.31003642082214355	0.07416100054979324	-0.13061779737472534	0.3912203907966614	-0.06443319469690323	0.15054640173912048	0.292779803276062	-0.19674021005630493	0.20905959606170654	0.4726487994194031	0.1173107922077179	-0.41178640723228455	-0.9103829860687256	0.5650288462638855	0.12389680743217468	0.027683794498443604	-0.7690379619598389	0.015060102567076683	-1.0442107915878296	-0.42624521255493164	-0.8378654718399048	0.1039259135723114	0.28383564949035645	0.08151493966579437	1.1990063190460205	0.1424551010131836	0.7581449747085571	0.15645548701286316	0.07189027965068817	0.022295117378234863	0.6589360237121582	-0.05185510963201523	0.5589462518692017	-0.9038656949996948	0.5579158663749695	0.1261100172996521	-0.3745807707309723	-0.943535566329956
-0.3023582100868225	0.016819199547171593	0.09734176844358444	0.05946164205670357	-0.6283367872238159	0.03665842488408089	-0.774798572063446	-0.006350599694997072	-0.5895753502845764	-0.008513783104717731	-0.4599725604057312	0.31171199679374695	0.0794404000043869	-0.12871339917182922	0.4150831699371338	-0.06134280562400818	0.16589975357055664	0.29567021131515503	-0.1951373964548111	0.2095448076725006	0.4856613874435425	0.1166187971830368	-0.4011422097682953	-0.9285995960235596	0.5767455697059631	0.12636339664459229	0.02184380777180195	-0.7888233661651611	-0.028584733605384827	-1.0141998529434204	-0.3980047106742859	-0.7891707420349121	0.05823969841003418	0.2350449562072754	0.06337985396385193	1.1668846607208252	0.18319478631019592	0.77923983335495	0.14483481645584106	0.0954851508140564	0.03769509494304657	0.6175346374511719	0.02087503671646118	0.48454031348228455	-0.9390547871589661	0.6191879510879517	0.15718452632427216	-0.26459968090057373	-1.031869649887085
-0.30303341150283813	0.016820402815937996	0.09921334683895111	0.05996384099125862	-0.6233838200569153	0.03725002333521843	-0.7787229418754578	-0.007517588324844837	-0.6094561815261841	-0.015937793999910355	-0.4750770032405853	0.3123660087585449	0.08356279879808426	-0.12808260321617126	0.4378957748413086	-0.057105403393507004	0.18171599507331848	0.29857319593429565	-0.19292080402374268	0.2105673998594284	0.49735018610954285	0.11814579367637634	-0.39240479469299316	-0.9479451775550842	0.5897963643074036	0.13018418848514557	0.017099807038903236	-0.8103127479553223	-0.2332049459218979	-0.9805366396903992	-0.3432653546333313	-0.7428057193756104	0.0758148729801178	0.167044997215271	-0.011280179023742676	1.0744154453277588	0.22002504765987396	0.7322207093238831	0.10632425546646118	0.13841986656188965	0.06252974271774292	0.503915548324585	0.24800486862659454	0.18853023648262024	-1.1253998279571533	0.7284000515937805	0.2552550435066223	-0.28178510069847107	-1.114588975906372
-0.30398422479629517	0.01682640053331852	0.10040239989757538	0.0630570650100708	-0.6189442276954651	0.04006063565611839	-0.7818741798400879	-0.01567879691720009	-0.6287968158721924	-0.022244397550821304	-0.4896847903728485	0.31474459171295166	0.08612219989299774	-0.12916460633277893	0.45805978775024414	-0.05254180356860161	0.19518858194351196	0.2999231815338135	-0.1896006017923355	0.21204599738121033	0.5058180093765259	0.12653899192810059	-0.3936010003089905	-0.9736155867576599	0.6058815717697144	0.13657359778881073	0.0105724036693573	-0.833406925201416	-0.2992103099822998	-0.9872958064079285	-0.31160515546798706	-0.7031000852584839	0.09312480688095093	0.13705509901046753	-0.04605986177921295	1.0686553716659546	0.2506351172924042	0.7507249712944031	0.05114525556564331	0.2028200775384903	0.0764649361371994	0.4493705928325653	0.3348052501678467	0.0722445547580719	-1.1455700397491455	0.7430404424667358	0.28074532747268677	-0.2343701720237732	-1.1096060276031494
-0.30488908290863037	0.016985997557640076	0.10207295417785645	0.06455400586128235	-0.6138190627098083	0.04135899990797043	-0.7857151031494141	-0.019486000761389732	-0.6489480137825012	-0.028402000665664673	-0.5032010078430176	0.31609100103378296	0.08904500305652618	-0.12992499768733978	0.4806419909000397	-0.04707999899983406	0.2117449939250946	0.3006190061569214	-0.18480800092220306	0.21362599730491638	0.5153250098228455	0.1315380036830902	-0.3895150125026703	-0.9937679767608643	0.619517982006073	0.14141400158405304	0.007724999915808439	-0.8546969890594482	-0.12624500691890717	-0.9753972291946411	-0.32502925395965576	-0.6385676860809326	0.11409968137741089	0.08721984922885895	-0.0339798629283905	1.170487642288208	0.24012430012226105	0.8775882720947266	0.08758008480072021	0.21317936480045319	0.19417405128479004	0.5030184984207153	0.17501972615718842	0.29973387718200684	-0.9405210614204407	0.6648033857345581	0.1780349761247635	-0.029665324836969376	-1.0895087718963623
-0.3060644268989563	0.01725819893181324	0.10361678153276443	0.06525643169879913	-0.6089011430740356	0.041350822895765305	-0.7894753813743591	-0.020728597417473793	-0.667812705039978	-0.03524556756019592	-0.5152274966239929	0.3193085789680481	0.0896109938621521	-0.13052380084991455	0.5048792958259583	-0.04293683171272278	0.23029211163520813	0.3034263849258423	-0.18107342720031738	0.21981295943260193	0.5259387493133545	0.13353978097438812	-0.3816116452217102	-1.0112364292144775	0.6324737071990967	0.14369499683380127	0.009385790675878525	-0.8769872784614563	0.10098055750131607	-0.9284645318984985	-0.28046509623527527	-0.5818367004394531	0.1692354679107666	0.0744849443435669	-0.030825287103652954	1.0832898616790771	0.25776028633117676	0.79515540599823	0.13666972517967224	0.2376202493906021	0.2408154308795929	0.5507960915565491	0.02120472490787506	0.47804564237594604	-0.817340612411499	0.7135704159736633	0.0014398247003555298	0.28852081298828125	-1.2164711952209473
-0.306678831577301	0.017330992966890335	0.10422620177268982	0.0632624551653862	-0.6051945090293884	0.0406334325671196	-0.7925187349319458	-0.015446778386831284	-0.6860865950584412	-0.03962060436606407	-0.5264744758605957	0.3228604197502136	0.09202440083026886	-0.1311580091714859	0.5239735841751099	-0.03676958754658699	0.24355120956897736	0.3060857951641083	-0.17530319094657898	0.2232586145401001	0.5373568534851074	0.1323861926794052	-0.37039318680763245	-1.0264616012573242	0.6480607986450195	0.14147159457206726	0.019265832379460335	-0.9033558368682861	0.555279552936554	-0.7104918360710144	-0.16038566827774048	-0.4605919122695923	0.23703500628471375	0.0825103372335434	-0.02776496112346649	0.6502225995063782	0.21918071806430817	0.41942185163497925	0.11899545788764954	0.2595856785774231	0.10829605162143707	0.7391706109046936	-0.20903907716274261	0.7705308198928833	-0.7334530353546143	0.6989762187004089	-0.582054615020752	1.076379656791687	-1.396407127380371
-0.30697667598724365	0.017101000994443893	0.10395237803459167	0.0570458360016346	-0.6044017672538757	0.03684842586517334	-0.7937799096107483	0.0014825863763689995	-0.6962323784828186	-0.04166099429130554	-0.5336511731147766	0.32878997921943665	0.09291140735149384	-0.1316343992948532	0.5308881998062134	-0.034169603139162064	0.24706898629665375	0.30818620324134827	-0.17069000005722046	0.2241448014974594	0.5555055737495422	0.12517821788787842	-0.350790411233902	-1.040574550628662	0.660432755947113	0.12041281163692474	0.05244097858667374	-0.9328435659408569	0.6275293231010437	-0.5923241376876831	-0.161004900932312	-0.3737121820449829	0.1815497875213623	0.07500983774662018	0.00759027898311615	0.4665195941925049	0.13454464077949524	0.22350512444972992	0.029115378856658936	0.22779963910579681	0.049689412117004395	0.8708328008651733	-0.30018481612205505	0.9514398574829102	-0.7828831672668457	0.5429193377494812	-0.7185596823692322	1.12757408618927	-1.155880093574524
-0.307468056678772	0.016916802152991295	0.10528713464736938	0.054775435477495193	-0.6009814143180847	0.035816024988889694	-0.7965793609619141	0.009654396213591099	-0.7097795605659485	-0.046060800552368164	-0.541422963142395	0.3301224112510681	0.09502479434013367	-0.13085439801216125	0.5426343679428101	-0.031387802213430405	0.25249141454696655	0.30725041031837463	-0.1661912053823471	0.22524619102478027	0.5721901655197144	0.12037879973649979	-0.33233559131622314	-1.057776927947998	0.6697775721549988	0.11272920668125153	0.06436879187822342	-0.9495910406112671	0.3332853317260742	-0.6827399134635925	-0.24737510085105896	-0.36287009716033936	0.08267536759376526	0.06023980677127838	0.016359984874725342	0.731620192527771	0.1363900899887085	0.3938254117965698	0.015795230865478516	0.18227510154247284	0.06287992000579834	0.8010104298591614	-0.2673054039478302	0.8760854601860046	-0.8057117462158203	0.43915659189224243	-0.3415202796459198	0.4709504544734955	-0.8005604147911072
-0.30839306116104126	0.016447003930807114	0.10672396421432495	0.05261100456118584	-0.5970969796180725	0.034205999225378036	-0.7997110486030579	0.014813999645411968	-0.7235419750213623	-0.051555998623371124	-0.5481659770011902	0.33209699392318726	0.09532099962234497	-0.1309799998998642	0.5601530075073242	-0.028713999316096306	0.2628220021724701	0.3088180124759674	-0.16339899599552155	0.22665999829769135	0.5875459909439087	0.11448600143194199	-0.3157469928264618	-1.072803020477295	0.6779990196228027	0.10675200074911118	0.07127899676561356	-0.9648659825325012	0.37758031487464905	-0.6753966212272644	-0.27328506112098694	-0.38115084171295166	-0.008615851402282715	-0.04834495484828949	0.12957006692886353	0.9620308876037598	0.11742012202739716	0.658029317855835	0.13876929879188538	0.0769149512052536	0.10057538747787476	0.8643269538879395	-0.28710514307022095	0.6496399641036987	-0.5589783191680908	0.2989858388900757	-0.3599655032157898	0.3451002836227417	-0.6642788648605347
-0.3094088137149811	0.0158184003084898	0.10899840295314789	0.048085715621709824	-0.592816174030304	0.029903871938586235	-0.8033444881439209	0.024757608771324158	-0.7367954254150391	-0.05699220299720764	-0.5566689968109131	0.3297777771949768	0.09309099614620209	-0.1256715953350067	0.5811156034469604	-0.026690997183322906	0.27881258726119995	0.31280118227005005	-0.16311460733413696	0.22926920652389526	0.6067632436752319	0.10889459401369095	-0.3063499927520752	-1.0801360607147217	0.6817370057106018	0.09833058714866638	0.07817280292510986	-0.9761621952056885	0.6501884460449219	-0.6887078285217285	-0.272774338722229	-0.44226497411727905	0.018719583749771118	-0.12177973985671997	0.19720979034900665	0.9896129369735718	0.15703952312469482	0.6907380819320679	0.2193644642829895	0.04133470356464386	0.0905897468328476	1.105797290802002	-0.5488879680633545	0.9976252913475037	-0.58707594871521	0.15481412410736084	-0.5457985997200012	0.5036486387252808	-0.6859138607978821
-0.3104172646999359	0.015035603195428848	0.11017115414142609	0.04067906737327576	-0.5894086360931396	0.02503744326531887	-0.8064219355583191	0.040821537375450134	-0.7510902881622314	-0.06246697157621384	-0.5658565759658813	0.3328457772731781	0.09044981002807617	-0.12309160828590393	0.5997375249862671	-0.022432418540120125	0.2904515266418457	0.317592591047287	-0.1617456078529358	0.23028358817100525	0.6317778825759888	0.09253048151731491	-0.27584198117256165	-1.0962860584259033	0.6841915845870972	0.08492005616426468	0.09142494201660156	-0.9923025369644165	0.5420398116111755	-0.636233389377594	-0.23502930998802185	-0.38308054208755493	0.09645521640777588	-0.06661061197519302	0.03614500164985657	0.8312836289405823	0.2289992719888687	0.5842298269271851	0.21653473377227783	0.09803995490074158	0.00840015709400177	1.088482141494751	-0.621089518070221	1.3263285160064697	-0.8504629135131836	0.23718923330307007	-0.40593984723091125	0.37428998947143555	-0.7712483406066895
-0.31079843640327454	0.014757400378584862	0.11119337379932404	0.03784941881895065	-0.5864654779434204	0.023570211604237556	-0.8087462782859802	0.04643920063972473	-0.7622447609901428	-0.06639337539672852	-0.5719922184944153	0.33363598585128784	0.09042657166719437	-0.12422579526901245	0.6143669486045837	-0.017531026154756546	0.30218178033828735	0.32146257162094116	-0.1591930091381073	0.22960521280765533	0.650302529335022	0.08405101299285889	-0.2532968521118164	-1.114154577255249	0.6912245750427246	0.08209299296140671	0.09314440190792084	-1.007012128829956	0.14576120674610138	-0.5576193332672119	-0.21351464092731476	-0.24927258491516113	-0.00035762786865234375	0.0997353345155716	-0.0447956845164299	0.7409036159515381	0.2460496425628662	0.5990386009216309	0.13497993350028992	0.1433052122592926	-0.04556998610496521	0.8297145366668701	-0.28186124563217163	0.8861765265464783	-0.8910715579986572	0.45510828495025635	-0.08150078356266022	-0.016078166663646698	-0.7891476154327393
-0.3114018440246582	0.014522603712975979	0.11245053261518478	0.036990825086832047	-0.5830101370811462	0.023204820230603218	-0.8112907409667969	0.04665198549628258	-0.7733950614929199	-0.07100755721330643	-0.5758274793624878	0.332831472158432	0.09443922340869904	-0.12488343566656113	0.6293736696243286	-0.012590432539582253	0.31441307067871094	0.3229917883872986	-0.1560133993625641	0.22846078872680664	0.6649664640426636	0.08125603199005127	-0.24039492011070251	-1.1319289207458496	0.7023959159851074	0.08166002482175827	0.0907818153500557	-1.023868441581726	0.05657002329826355	-0.6485313177108765	-0.3130406141281128	-0.19156932830810547	-0.0007249414920806885	0.20263567566871643	0.12536980211734772	0.8331507444381714	0.24425065517425537	0.6488807201385498	0.13063549995422363	0.06252527236938477	-0.006580352783203125	0.7380366325378418	-0.16495026648044586	0.6487712264060974	-0.8833110332489014	0.5881860852241516	-0.037549808621406555	-0.11893510818481445	-0.9130716323852539
-0.31237703561782837	0.014271998777985573	0.11367396265268326	0.03600500524044037	-0.5792340636253357	0.022489003837108612	-0.8140551447868347	0.04870200157165527	-0.7881860136985779	-0.07891499996185303	-0.5796549916267395	0.3336069881916046	0.09853199869394302	-0.11921100318431854	0.6476929783821106	-0.007761000189930201	0.32813701033592224	0.3266879916191101	-0.1566919982433319	0.2293419986963272	0.6798239946365356	0.07745300233364105	-0.2273460030555725	-1.149487018585205	0.7147520184516907	0.08059100061655045	0.08838699758052826	-1.0435349941253662	0.012830551713705063	-0.6849527359008789	-0.3451157212257385	-0.3242671489715576	0.058057159185409546	0.229668989777565	0.15830117464065552	0.8732318878173828	0.2500304579734802	0.6939217448234558	0.141800194978714	0.03967955708503723	0.016645342111587524	0.6988376379013062	-0.1666257083415985	0.5849972367286682	-0.8864939212799072	0.6455168128013611	0.003719143569469452	-0.22653993964195251	-0.9762883186340332
-0.31311744451522827	0.013710801489651203	0.11463035643100739	0.035945817828178406	-0.5756757259368896	0.022672805935144424	-0.8165731430053711	0.04716520756483078	-0.8007931709289551	-0.08481218665838242	-0.5887981653213501	0.3351537585258484	0.10362598299980164	-0.11855138838291168	0.6643029451370239	-0.0025892145931720734	0.34216994047164917	0.32866379618644714	-0.1544262170791626	0.22912660241127014	0.6929199695587158	0.0745910033583641	-0.2169950306415558	-1.167388677597046	0.7282165884971619	0.08180879056453705	0.08172021806240082	-1.0629199743270874	-0.14575012028217316	-0.5633443593978882	-0.24712011218070984	-0.4549786448478699	0.027819722890853882	0.1919550895690918	-0.1093599945306778	0.7886901497840881	0.2600751519203186	0.6738446950912476	0.08970499038696289	0.1478150486946106	0.0018853694200515747	0.6337061524391174	-0.09384509176015854	0.46574509143829346	-0.9176105260848999	0.7348194718360901	0.09147506207227707	-0.356650173664093	-0.9926587343215942
-0.3139684796333313	0.013214199803769588	0.11546933650970459	0.036682818084955215	-0.5723641514778137	0.023467008024454117	-0.8188425898551941	0.04287199676036835	-0.8107197880744934	-0.08879980444908142	-0.5978541374206543	0.33471977710723877	0.10621020197868347	-0.12358540296554565	0.6792405843734741	0.0026420061476528645	0.35509079694747925	0.3302761912345886	-0.15077939629554749	0.22941741347312927	0.7051722407341003	0.07369919866323471	-0.20871619880199432	-1.186191439628601	0.7441447973251343	0.08425000309944153	0.07412099093198776	-1.08324134349823	-0.16302019357681274	-0.4772663116455078	-0.17057004570960999	-0.35911649465560913	-0.08401423692703247	0.11077038943767548	-0.16003549098968506	0.6238415837287903	0.2455252856016159	0.5598210096359253	0.061405450105667114	0.15659034252166748	0.007690116763114929	0.6000503897666931	0.0005850568413734436	0.39278045296669006	-0.9644687175750732	0.7986709475517273	0.17739497125148773	-0.42205509543418884	-1.028171181678772
-0.31461286544799805	0.01309900265187025	0.11581774055957794	0.037402208894491196	-0.569875955581665	0.02446320652961731	-0.820514976978302	0.04064439982175827	-0.8198838233947754	-0.09163498878479004	-0.6031628251075745	0.3317931890487671	0.10805679857730865	-0.12495280802249908	0.6892566084861755	0.007231797091662884	0.3645627796649933	0.33112001419067383	-0.1481626033782959	0.22943420708179474	0.7169219851493835	0.07461440563201904	-0.20128381252288818	-1.2059674263000488	0.760163426399231	0.08890458941459656	0.06483801454305649	-1.1040468215942383	-0.047399941831827164	-0.5247592926025391	-0.23537427186965942	-0.20329654216766357	-0.0964239239692688	0.05674492567777634	0.10360982269048691	0.561898946762085	0.18887947499752045	0.4365943372249603	0.025985389947891235	0.0333297997713089	0.0807393342256546	0.5779430270195007	0.0403648242354393	0.37660932540893555	-0.9739816188812256	0.8205890655517578	0.19747447967529297	-0.43818894028663635	-1.0992944240570068
-0.31572526693344116	0.013133201748132706	0.11625777184963226	0.03802181035280228	-0.5667597055435181	0.024662213400006294	-0.8226358294487	0.04097599908709526	-0.831710159778595	-0.0982147753238678	-0.6059859991073608	0.330862820148468	0.10847999900579453	-0.11944101005792618	0.7017165422439575	0.010197184979915619	0.37255457043647766	0.3313156068325043	-0.14944620430469513	0.23264698684215546	0.7282899618148804	0.07531379163265228	-0.19365182518959045	-1.22515070438385	0.7769683599472046	0.09214898198843002	0.056593433022499084	-1.1272131204605103	-0.009484775364398956	-0.5800530314445496	-0.2791244387626648	-0.17410367727279663	-0.03125444054603577	0.07887948304414749	0.1724202185869217	0.6353840231895447	0.19477924704551697	0.43587833642959595	-0.01037493348121643	0.03376416862010956	0.1167193055152893	0.580674409866333	0.0506645068526268	0.3674190640449524	-0.9792625904083252	0.8118867874145508	0.17920973896980286	-0.43664899468421936	-1.0974764823913574
-0.3163590431213379	0.012918000109493732	0.11687000095844269	0.03843500465154648	-0.5632650852203369	0.025384997949004173	-0.8249910473823547	0.04026500880718231	-0.8430859446525574	-0.10279996693134308	-0.6101269721984863	0.33054301142692566	0.11121197789907455	-0.11805599927902222	0.7146719694137573	0.015022967010736465	0.3819979131221771	0.33070501685142517	-0.14681203663349152	0.2341029793024063	0.7401489615440369	0.07664098590612411	-0.18658705055713654	-1.2451379299163818	0.792638897895813	0.0960729792714119	0.04737205430865288	-1.1479458808898926	-0.05018496885895729	-0.5779042840003967	-0.2173854112625122	-0.1802399754524231	0.01382380723953247	0.1600448042154312	0.00944528728723526	0.6528764963150024	0.24297009408473969	0.467555969953537	-0.014244765043258667	0.19325949251651764	0.07201544940471649	0.630834698677063	0.05261022597551346	0.3581099212169647	-1.0221123695373535	0.7789701223373413	0.19411501288414001	-0.45468518137931824	-1.0314971208572388
-0.31723684072494507	0.01271080132573843	0.11731354892253876	0.03888080641627312	-0.5599371790885925	0.026043202728033066	-0.8272126317024231	0.03896860033273697	-0.8548263311386108	-0.10691019147634506	-0.6131955981254578	0.3314157724380493	0.11488179117441177	-0.11906319856643677	0.7278316020965576	0.0199159886687994	0.39125680923461914	0.3307458162307739	-0.14171582460403442	0.23552760481834412	0.7535233497619629	0.07741820067167282	-0.17932742834091187	-1.2660351991653442	0.8081271648406982	0.0999135822057724	0.03840602561831474	-1.1684730052947998	-0.04138518124818802	-0.5530670285224915	-0.20320099592208862	-0.15518516302108765	0.0691048800945282	0.176065593957901	-0.06422493606805801	0.6170660257339478	0.20544090867042542	0.40163323283195496	0.02250969409942627	0.2414911985397339	0.11887587606906891	0.6329074501991272	-0.018894672393798828	0.4168015122413635	-0.9882897138595581	0.7479667663574219	0.2240808606147766	-0.5014916658401489	-0.9770095348358154
-0.31822365522384644	0.01259359810501337	0.1173948124051094	0.03928741067647934	-0.5572729706764221	0.026459606364369392	-0.8289772868156433	0.03860960155725479	-0.865208625793457	-0.1109280064702034	-0.6163343787193298	0.3333072066307068	0.11825460195541382	-0.12062499672174454	0.7393546104431152	0.023240603506565094	0.3980632424354553	0.3316054046154022	-0.13715238869190216	0.23885801434516907	0.765465259552002	0.07588519901037216	-0.16991499066352844	-1.2846695184707642	0.8225575685501099	0.10503621399402618	0.02731238678097725	-1.1870262622833252	0.01995498314499855	-0.4425615072250366	-0.1684451401233673	-0.13443082571029663	0.050146132707595825	0.13610514998435974	-0.03541000187397003	0.5032852292060852	0.13935020565986633	0.2894103527069092	0.032514333724975586	0.1848556101322174	0.1516297459602356	0.58879554271698	-0.11701490730047226	0.5082253217697144	-0.8769124746322632	0.6870657205581665	0.24961531162261963	-0.5750202536582947	-0.9082883596420288
-0.31887105107307434	0.012466003187000751	0.1174081489443779	0.03911161422729492	-0.5552466511726379	0.02643481269478798	-0.8303451538085938	0.03976679965853691	-0.8725287914276123	-0.11364799737930298	-0.6185728311538696	0.33342161774635315	0.12032599747180939	-0.12047959864139557	0.747963011264801	0.02548999711871147	0.4028332233428955	0.33204638957977295	-0.13432160019874573	0.24159279465675354	0.7770751714706421	0.07273760437965393	-0.15899841487407684	-1.3011116981506348	0.8356097936630249	0.10989819467067719	0.01540521439164877	-1.204804539680481	0.0620049424469471	-0.3707289695739746	-0.13512969017028809	-0.1366153359413147	0.0034093856811523438	0.07630512118339539	0.007960386574268341	0.4424348473548889	0.1304895579814911	0.2530977129936218	0.01147538423538208	0.12424960732460022	0.08241981267929077	0.5956470966339111	-0.17209964990615845	0.5519788861274719	-0.7712453603744507	0.6283193826675415	0.22512413561344147	-0.5792335867881775	-0.8208036422729492
-0.3196108341217041	0.012216205708682537	0.11788158863782883	0.03846701234579086	-0.5528287887573242	0.0262204110622406	-0.8319937586784363	0.041089799255132675	-0.880037784576416	-0.11633319407701492	-0.6217989921569824	0.3334435820579529	0.12130680680274963	-0.1203065812587738	0.7570520043373108	0.02846018597483635	0.4081871509552002	0.3320644199848175	-0.13218240439891815	0.2421548068523407	0.7892911434173584	0.0690012127161026	-0.147835835814476	-1.3155193328857422	0.8476903438568115	0.11404117941856384	0.004143042489886284	-1.2198584079742432	0.05537997931241989	-0.3973051905632019	-0.13997498154640198	-0.1749292016029358	-0.0003650784492492676	0.07792506366968155	0.0021150335669517517	0.47272443771362305	0.17647510766983032	0.2959690988063812	0.02149045467376709	0.10146498680114746	0.004580244421958923	0.6365463137626648	-0.17746520042419434	0.5449604392051697	-0.7228314876556396	0.613655149936676	0.20622014999389648	-0.5191553235054016	-0.7924854755401611
-0.3204420208930969	0.012086000293493271	0.11850499361753464	0.037794001400470734	-0.5503140091896057	0.026013003662228584	-0.8336960673332214	0.04198199883103371	-0.8884209990501404	-0.11924699693918228	-0.6255699992179871	0.3334070146083832	0.12344300001859665	-0.1203949972987175	0.766871988773346	0.03254900127649307	0.41467198729515076	0.33290600776672363	-0.13026300072669983	0.2417760044336319	0.8025370240211487	0.06563899666070938	-0.1371999979019165	-1.3300249576568604	0.8601559996604919	0.11814700067043304	-0.0053610000759363174	-1.2365039587020874	0.011940207332372665	-0.39784908294677734	-0.140989750623703	-0.21263957023620605	0.015835464000701904	0.1628190279006958	0.00897962599992752	0.45599788427352905	0.1894046515226364	0.3285899758338928	0.047353655099868774	0.11596940457820892	-0.0122755765914917	0.6625935435295105	-0.170174703001976	0.5291637182235718	-0.7487565279006958	0.6793230772018433	0.21131448447704315	-0.4471942186355591	-0.902441143989563
-0.3213024139404297	0.01197020336985588	0.11886319518089294	0.03754600137472153	-0.5486160516738892	0.026024004444479942	-0.8348260521888733	0.04156740754842758	-0.8959517478942871	-0.12197278439998627	-0.6303045749664307	0.33407700061798096	0.12781956791877747	-0.1199473962187767	0.775291919708252	0.03603637218475342	0.4213307499885559	0.33395856618881226	-0.1275436282157898	0.24166378378868103	0.8157948851585388	0.06219422444701195	-0.1266692876815796	-1.34546959400177	0.8748632669448853	0.12249375879764557	-0.013744726777076721	-1.2559560537338257	-0.031739939004182816	-0.3657728433609009	-0.1420147716999054	-0.24908483028411865	0.034689903259277344	0.17970967292785645	0.008284859359264374	0.41349977254867554	0.17664450407028198	0.324925035238266	0.051718950271606445	0.11777989566326141	0.00863485038280487	0.6634220480918884	-0.16576452553272247	0.5317736268043518	-0.7822960615158081	0.7512927055358887	0.2725090980529785	-0.46135851740837097	-1.0070085525512695
-0.3222538232803345	0.01190119981765747	0.11917940527200699	0.037449002265930176	-0.547095000743866	0.026030004024505615	-0.8358270525932312	0.040712401270866394	-0.9030519127845764	-0.1249275878071785	-0.6355333924293518	0.3347946107387543	0.13063138723373413	-0.12006360292434692	0.783411979675293	0.039614781737327576	0.4276689887046814	0.3349747657775879	-0.12555180490016937	0.2421213984489441	0.8290739059448242	0.059008415788412094	-0.11592905223369598	-1.3613168001174927	0.8902077078819275	0.12904736399650574	-0.023815341293811798	-1.2767843008041382	-0.06851516664028168	-0.3602251410484314	-0.15651024878025055	-0.2857297658920288	0.03672987222671509	0.11001564562320709	0.004004873335361481	0.40935128927230835	0.20096050202846527	0.32862573862075806	0.049870461225509644	0.10630078613758087	-0.02129971981048584	0.6815329194068909	-0.13527554273605347	0.5148119926452637	-0.791090726852417	0.7863029837608337	0.32861605286598206	-0.5149264931678772	-0.9950548410415649
-0.3231281042098999	0.011727401055395603	0.11966374516487122	0.03728700429201126	-0.5444611310958862	0.02618200145661831	-0.8375480771064758	0.038826800882816315	-0.9103607535362244	-0.1282331943511963	-0.6417337656021118	0.33554619550704956	0.13222019374370575	-0.11978720128536224	0.7916659712791443	0.04407479241490364	0.43447577953338623	0.33595338463783264	-0.12329159677028656	0.2408117949962616	0.8430562019348145	0.05678320303559303	-0.10607680678367615	-1.3771132230758667	0.9063153862953186	0.13563840091228485	-0.03434178605675697	-1.2957582473754883	-0.09341016411781311	-0.37406831979751587	-0.16733574867248535	-0.31863898038864136	0.04907473921775818	0.09183511137962341	-0.042155198752880096	0.412885844707489	0.24353079497814178	0.35286545753479004	0.043535977602005005	0.13755522668361664	-0.044614821672439575	0.7393136620521545	-0.08894549310207367	0.46241694688796997	-0.7962077856063843	0.8000880479812622	0.3044210374355316	-0.49893203377723694	-0.9261101484298706
-0.32426542043685913	0.011578398756682873	0.12028078734874725	0.03694821894168854	-0.5420049428939819	0.02621360681951046	-0.8391533493995667	0.03697599470615387	-0.918014645576477	-0.13162101805210114	-0.6482789516448975	0.3367576003074646	0.13430479168891907	-0.12174981087446213	0.7999274134635925	0.04935601353645325	0.441783607006073	0.3367162048816681	-0.12004959583282471	0.2403368055820465	0.8586464524269104	0.055450595915317535	-0.09743237495422363	-1.393165111541748	0.922211229801178	0.141224205493927	-0.0437726229429245	-1.313828706741333	-0.031120236963033676	-0.3447294235229492	-0.15801973640918732	-0.33275485038757324	0.03417059779167175	0.061145052313804626	-0.06194505840539932	0.408424437046051	0.25570449233055115	0.3813549876213074	0.049915164709091187	0.14453959465026855	0.022654607892036438	0.8302673697471619	-0.12305434793233871	0.4728184938430786	-0.8011937141418457	0.7743373513221741	0.19968971610069275	-0.37740468978881836	-0.925716757774353
-0.32553499937057495	0.011606000363826752	0.12075496464967728	0.03634500503540039	-0.5408139824867249	0.025817999616265297	-0.839959979057312	0.03758199140429497	-0.9241499304771423	-0.13455398380756378	-0.6550439596176147	0.33691301941871643	0.13466599583625793	-0.12226500362157822	0.8080029487609863	0.05430297181010246	0.4497299790382385	0.3379499912261963	-0.11751001328229904	0.24171797931194305	0.8762668967247009	0.051861029118299484	-0.08716406673192978	-1.4091609716415405	0.9372888803482056	0.14362598955631256	-0.04943797364830971	-1.3327869176864624	0.023520085960626602	-0.3012135624885559	-0.14899931848049164	-0.3785252571105957	0.01748502254486084	0.024884939193725586	-0.0636594370007515	0.4094645380973816	0.24096928536891937	0.3893643617630005	0.05412474274635315	0.1066897064447403	0.07771998643875122	0.8631274104118347	-0.2333396077156067	0.5267787575721741	-0.765836238861084	0.7166638970375061	0.1194145530462265	-0.283068984746933	-0.9425520896911621
-0.3267342448234558	0.011462400667369366	0.12117452174425125	0.03468360751867294	-0.5380882620811462	0.024689605459570885	-0.8418126106262207	0.037916798144578934	-0.9300631880760193	-0.1375809907913208	-0.6634199619293213	0.33745700120925903	0.1353001892566681	-0.12429618835449219	0.8163059949874878	0.05899478495121002	0.457358181476593	0.3388811945915222	-0.1157820075750351	0.24344560503959656	0.8931715488433838	0.046117011457681656	-0.07636122405529022	-1.4237985610961914	0.9508777856826782	0.14600078761577606	-0.055095382034778595	-1.3515307903289795	0.004500150680541992	-0.29761195182800293	-0.131940096616745	-0.42506009340286255	0.020793825387954712	0.02101510763168335	-0.13907459378242493	0.39481520652770996	0.250789999961853	0.36913976073265076	0.047060102224349976	0.09308513253927231	0.04317052662372589	0.8239656686782837	-0.2648451328277588	0.5208455324172974	-0.7205337285995483	0.6394907832145691	0.15194006264209747	-0.29600486159324646	-0.8796542882919312
-0.32784825563430786	0.011344601400196552	0.12163753807544708	0.033552005887031555	-0.5361391305923462	0.024111008271574974	-0.843117892742157	0.03776199743151665	-0.9360544085502625	-0.13983158767223358	-0.6720463633537292	0.3377447724342346	0.13550660014152527	-0.127827987074852	0.8237955570220947	0.06433457136154175	0.46449556946754456	0.3398323953151703	-0.11378660798072815	0.2434448003768921	0.9092255234718323	0.04126722365617752	-0.06633024662733078	-1.4379823207855225	0.9628685116767883	0.14970359206199646	-0.061278168112039566	-1.3679730892181396	-0.0009597279131412506	-0.29035359621047974	-0.15532970428466797	-0.32085031270980835	0.08737444877624512	0.12624375522136688	-0.21981894969940186	0.3675788640975952	0.28259921073913574	0.3473043441772461	0.04374086856842041	0.16032420098781586	-0.023769959807395935	0.7994621992111206	-0.22381460666656494	0.4901137351989746	-0.7042795419692993	0.5850479006767273	0.18721967935562134	-0.2838449478149414	-0.7753372192382812
-0.32859206199645996	0.011374999769032001	0.12223176658153534	0.03250700235366821	-0.53410804271698	0.023823000490665436	-0.8444550633430481	0.037878409028053284	-0.9416773319244385	-0.14379417896270752	-0.6762539744377136	0.34095197916030884	0.14034993946552277	-0.13308894634246826	0.8310091495513916	0.07029875367879868	0.47125035524368286	0.34063082933425903	-0.10936903953552246	0.24249480664730072	0.9251500368118286	0.03716442734003067	-0.056756675243377686	-1.4519697427749634	0.9742797017097473	0.15348957479000092	-0.06644918024539948	-1.3825442790985107	-0.022780057042837143	-0.28132498264312744	-0.15164054930210114	-0.22949129343032837	0.06866529583930969	0.29045528173446655	-0.2658754587173462	0.3441363573074341	0.27013587951660156	0.3243058919906616	0.028689950704574585	0.23430529236793518	-0.019949674606323242	0.8245334029197693	-0.21169093251228333	0.4641367197036743	-0.715288519859314	0.6109729409217834	0.10592006146907806	-0.1783709079027176	-0.7805764675140381
-0.32999104261398315	0.011324399150907993	0.12259075045585632	0.031397998332977295	-0.5326170325279236	0.02306700125336647	-0.8454590439796448	0.03685079514980316	-0.9473074078559875	-0.14589720964431763	-0.6812260150909424	0.340491384267807	0.14712481200695038	-0.13846300542354584	0.8375610113143921	0.07514000684022903	0.477467805147171	0.34097999334335327	-0.10441439598798752	0.24264681339263916	0.942206859588623	0.03279958665370941	-0.04776477813720703	-1.466593861579895	0.9873074293136597	0.15394039452075958	-0.06841300427913666	-1.3991961479187012	-0.030810106545686722	-0.2826899290084839	-0.1162949949502945	-0.27952343225479126	-0.018899142742156982	0.27882570028305054	-0.17165131866931915	0.3310203552246094	0.2295803278684616	0.2962157130241394	0.06572827696800232	0.19817538559436798	0.0749543309211731	0.8110478520393372	-0.2255599945783615	0.458815336227417	-0.709831714630127	0.6508782505989075	0.02483576536178589	-0.04277043044567108	-0.8424162864685059
-0.33131304383277893	0.01148100197315216	0.12284896522760391	0.030096011236310005	-0.5308231115341187	0.021677009761333466	-0.8466711640357971	0.036646004766225815	-0.9529849290847778	-0.1484459787607193	-0.6874349117279053	0.34019601345062256	0.15150296688079834	-0.13995499908924103	0.844249963760376	0.07948196679353714	0.48309898376464844	0.3432599604129791	-0.10144202411174774	0.24549297988414764	0.9575919508934021	0.02814202755689621	-0.038404062390327454	-1.4803630113601685	1.0003148317337036	0.15448300540447235	-0.06815999746322632	-1.416240930557251	-0.011514686048030853	-0.24883002042770386	-0.16291961073875427	-0.21145343780517578	0.053125619888305664	0.27766937017440796	-0.09120963513851166	0.3128752112388611	0.2285996377468109	0.24248957633972168	0.06679520010948181	0.2280043363571167	0.07963962852954865	0.7520765066146851	-0.21693436801433563	0.4857938885688782	-0.7021516561508179	0.6039410829544067	0.11157989501953125	-0.04392489790916443	-0.8029937744140625
-0.331978440284729	0.011774800717830658	0.12309876084327698	0.02933860942721367	-0.5290513634681702	0.021374210715293884	-0.8478132486343384	0.03639020770788193	-0.9572606086730957	-0.1524139940738678	-0.6896841526031494	0.34261640906333923	0.15823158621788025	-0.1421113908290863	0.8500760197639465	0.0842839926481247	0.4871673882007599	0.34365180134773254	-0.09529422223567963	0.2458323985338211	0.9722899198532104	0.0241222120821476	-0.028333023190498352	-1.4946799278259277	1.011465072631836	0.15840359032154083	-0.07017000019550323	-1.4313158988952637	-0.04775971174240112	-0.19332170486450195	-0.14590546488761902	-0.1280665397644043	0.03704428672790527	0.28962045907974243	-0.12286454439163208	0.2747058868408203	0.2160804271697998	0.1989990472793579	0.01260116696357727	0.3264898359775543	0.0032003968954086304	0.7670789957046509	-0.2314450740814209	0.5050853490829468	-0.740930438041687	0.5706429481506348	0.14295466244220734	-0.07533486932516098	-0.7527053356170654
-0.3328784704208374	0.01193119864910841	0.123199962079525	0.028575003147125244	-0.5279970765113831	0.020770002156496048	-0.8485110402107239	0.03473561629652977	-0.9607177972793579	-0.15428219735622406	-0.6925575733184814	0.34167778491973877	0.16308778524398804	-0.1448695808649063	0.8552381992340088	0.08812518417835236	0.49105894565582275	0.3437640070915222	-0.08838243037462234	0.245620995759964	0.9882751107215881	0.01888422481715679	-0.018200648948550224	-1.510000228881836	1.023140549659729	0.16020119190216064	-0.07117339223623276	-1.4463491439819336	-0.11196993291378021	-0.18892288208007812	-0.08872970938682556	-0.1540452241897583	-0.03260523080825806	0.21795965731143951	-0.11768974363803864	0.2555444836616516	0.18748939037322998	0.17585009336471558	0.02497062087059021	0.3249695599079132	0.004429742693901062	0.7575750350952148	-0.2185797542333603	0.44735920429229736	-0.7468044757843018	0.5445480346679688	0.11741966009140015	-0.06197970360517502	-0.6586968898773193
-0.3337266445159912	0.012070601806044579	0.12333034723997116	0.0285940021276474	-0.5264459848403931	0.020455000922083855	-0.8494821190834045	0.03191141039133072	-0.9648175239562988	-0.15596318244934082	-0.6958459615707397	0.3413121998310089	0.16694997251033783	-0.14681898057460785	0.8602977991104126	0.0917835682630539	0.4942013919353485	0.34465062618255615	-0.08229544013738632	0.24600958824157715	1.002592921257019	0.015379021875560284	-0.010438654571771622	-1.5245521068572998	1.0332469940185547	0.16310037672519684	-0.07264918833971024	-1.4576637744903564	-0.09923027455806732	-0.22297054529190063	-0.10900460183620453	-0.18196403980255127	0.011689960956573486	0.18125027418136597	-0.06046034395694733	0.25846362113952637	0.1692749559879303	0.1417107880115509	0.041384994983673096	0.2595704197883606	0.01985505223274231	0.6859764456748962	-0.14788542687892914	0.3522856831550598	-0.690615177154541	0.5037039518356323	0.15080980956554413	-0.07176510989665985	-0.571972131729126
-0.3345058560371399	0.012351998127996922	0.12355978041887283	0.028375403955578804	-0.5248643755912781	0.020137209445238113	-0.8504743576049805	0.030766405165195465	-0.9696366190910339	-0.15864238142967224	-0.6998361349105835	0.3421453833580017	0.17033779621124268	-0.1472879946231842	0.8655767440795898	0.09489618241786957	0.4967273771762848	0.34541940689086914	-0.07799961417913437	0.24641519784927368	1.015714168548584	0.012968807481229305	-0.004109221510589123	-1.5376248359680176	1.0432887077331543	0.1662335842847824	-0.07404399663209915	-1.4692280292510986	-0.04676017165184021	-0.27013570070266724	-0.1648198813199997	-0.2111002802848816	0.05699470639228821	0.16047507524490356	0.0203743577003479	0.3002554178237915	0.16571003198623657	0.15084072947502136	0.040434300899505615	0.18201060593128204	0.00436045229434967	0.6720483303070068	-0.1337999403476715	0.30394038558006287	-0.6326228380203247	0.5304485559463501	0.16801469027996063	-0.051720067858695984	-0.5974531173706055
-0.33517301082611084	0.012643999420106411	0.12400192767381668	0.028227999806404114	-0.5238320827484131	0.019861998036503792	-0.8511221408843994	0.030041003599762917	-0.9756229519844055	-0.1625559777021408	-0.704289972782135	0.34359198808670044	0.17336897552013397	-0.14600400626659393	0.8723080158233643	0.09841196984052658	0.5002350211143494	0.3462679982185364	-0.07501501590013504	0.24618400633335114	1.0294748544692993	0.0100270239636302	0.0017189608188346028	-1.5498570203781128	1.0544649362564087	0.16982096433639526	-0.07471799105405807	-1.4815618991851807	-0.020265020430088043	-0.32799988985061646	-0.19239112734794617	-0.22487640380859375	0.09220093488693237	0.14633536338806152	0.039699673652648926	0.34966766834259033	0.196060910820961	0.18806681036949158	0.07774010300636292	0.1407906413078308	-0.029309839010238647	0.7425129413604736	-0.17909061908721924	0.29766106605529785	-0.632140040397644	0.5803793668746948	0.1629706472158432	-0.004264898598194122	-0.6396114826202393
-0.3359060287475586	0.012827800586819649	0.1245119571685791	0.027327200397849083	-0.5210517644882202	0.019050002098083496	-0.8528746366500854	0.029955804347991943	-0.9827566146850586	-0.1663380265235901	-0.7088311910629272	0.345833420753479	0.17619121074676514	-0.14570000767707825	0.8795634508132935	0.10273861885070801	0.5042500495910645	0.34852901101112366	-0.07236798852682114	0.24524280428886414	1.045414686203003	0.005805182736366987	0.007797221653163433	-1.5629104375839233	1.066503882408142	0.17275241017341614	-0.07421459257602692	-1.4948124885559082	0.0046399421989917755	-0.35021454095840454	-0.1620359718799591	-0.22175461053848267	0.11633560061454773	0.11842586100101471	-0.023980066180229187	0.35246461629867554	0.22687596082687378	0.21564960479736328	0.14800503849983215	0.12833550572395325	-0.06089992821216583	0.7821023464202881	-0.2164207100868225	0.2877711355686188	-0.6378293037414551	0.6008356809616089	0.13609081506729126	0.0620698556303978	-0.710102915763855
-0.3366142511367798	0.013016198761761189	0.12484155595302582	0.026314804330468178	-0.5195533037185669	0.018385402858257294	-0.8538345694541931	0.030226601287722588	-0.9896315336227417	-0.16903741657733917	-0.7131601572036743	0.34824541211128235	0.17810600996017456	-0.1469632089138031	0.8864066004753113	0.10748700797557831	0.5088610053062439	0.35218819975852966	-0.06988159567117691	0.2437480092048645	1.0607589483261108	0.0013701950665563345	0.01322980597615242	-1.575370192527771	1.078498363494873	0.17526459693908691	-0.07223519682884216	-1.5099660158157349	0.011564698070287704	-0.31692832708358765	-0.1344587653875351	-0.22620409727096558	0.12968331575393677	0.05076006054878235	-0.03308504819869995	0.32705217599868774	0.2169288694858551	0.22317320108413696	0.17707869410514832	0.10231956839561462	-0.06364993751049042	0.6820619106292725	-0.17906919121742249	0.22776883840560913	-0.5797386169433594	0.5859047174453735	0.1561492681503296	0.10710936039686203	-0.7390618324279785
-0.33717864751815796	0.01338859461247921	0.12484917044639587	0.025826001539826393	-0.5185970664024353	0.01778700202703476	-0.8544430732727051	0.03041839227080345	-0.9954337477684021	-0.1717163771390915	-0.7178793549537659	0.3510207533836365	0.17822161316871643	-0.14702340960502625	0.892645537853241	0.11141577363014221	0.5131769776344299	0.3556121587753296	-0.06827520579099655	0.24269680678844452	1.0726971626281738	-0.0013575847260653973	0.01690797507762909	-1.5860999822616577	1.089940071105957	0.17899838089942932	-0.06993021816015244	-1.5243749618530273	0.036369867622852325	-0.2591460943222046	-0.14659427106380463	-0.23841112852096558	0.14854446053504944	-0.03198981285095215	0.09227022528648376	0.2794891595840454	0.16231946647167206	0.18462389707565308	0.13234466314315796	0.056844763457775116	-0.03931969404220581	0.5772799253463745	-0.13779450953006744	0.1944393813610077	-0.519225001335144	0.549095869064331	0.17199479043483734	0.11964477598667145	-0.678059458732605
-0.33748704195022583	0.013896001502871513	0.1248629167675972	0.025523001328110695	-0.5178850889205933	0.017197001725435257	-0.854897141456604	0.03168139606714249	-0.9999973773956299	-0.17490118741989136	-0.7226966023445129	0.3541871905326843	0.17682641744613647	-0.14327239990234375	0.8975861668586731	0.11397978663444519	0.51624596118927	0.357481986284256	-0.0676078051328659	0.24217522144317627	1.0838501453399658	-0.004141584970057011	0.02100738137960434	-1.5961391925811768	1.1004621982574463	0.1821443885564804	-0.0674494057893753	-1.537088394165039	0.05876496434211731	-0.22910386323928833	-0.1497652381658554	-0.20079165697097778	0.15368014574050903	-0.07393993437290192	0.1535598188638687	0.24228543043136597	0.1396300196647644	0.16120076179504395	0.07327049970626831	0.045979954302310944	-0.0315200537443161	0.5867213010787964	-0.18370956182479858	0.24164971709251404	-0.4938483238220215	0.46254396438598633	0.13401508331298828	0.08130539208650589	-0.5606502294540405
-0.33781203627586365	0.014200999401509762	0.12498396635055542	0.025051003322005272	-0.5169889330863953	0.016669003292918205	-0.8554630279541016	0.032768990844488144	-1.0045979022979736	-0.1777069866657257	-0.725911021232605	0.35716795921325684	0.17526401579380035	-0.1408810168504715	0.9023369550704956	0.11700097471475601	0.5196250081062317	0.3585429787635803	-0.06643600761890411	0.24143600463867188	1.0961660146713257	-0.008705967105925083	0.026573963463306427	-1.6058539152145386	1.1084418296813965	0.18435898423194885	-0.0666780024766922	-1.546800971031189	0.03639012575149536	-0.1946955919265747	-0.11779516935348511	-0.1249849796295166	0.12688040733337402	-0.05827024579048157	0.06448030471801758	0.2119407057762146	0.1359853893518448	0.1535356044769287	0.0467248260974884	0.08188001811504364	-0.01843571662902832	0.6080120801925659	-0.2116202563047409	0.26234519481658936	-0.5029439926147461	0.36462247371673584	0.05986541509628296	0.059484876692295074	-0.4584789276123047
-0.3380580246448517	0.01442160177975893	0.1249077320098877	0.024212999269366264	-0.5157499313354492	0.015776999294757843	-0.856252133846283	0.0331370010972023	-1.0077852010726929	-0.17961299419403076	-0.7276960015296936	0.3592624068260193	0.1744956076145172	-0.14069318771362305	0.9060637950897217	0.11941920220851898	0.5223873853683472	0.3593509793281555	-0.06433260440826416	0.24143779277801514	1.1081706285476685	-0.012606395408511162	0.03150118887424469	-1.6162569522857666	1.1150470972061157	0.18453900516033173	-0.0650700107216835	-1.5554275512695312	-0.00415463000535965	-0.13003647327423096	-0.07933005690574646	-0.07595866918563843	0.07740631699562073	-0.037970393896102905	-0.0027447938919067383	0.14980584383010864	0.09436551481485367	0.09374022483825684	0.029800832271575928	0.08911509066820145	0.012709572911262512	0.4572570323944092	-0.0989609882235527	0.14586104452610016	-0.4781365394592285	0.24040043354034424	0.014520436525344849	0.10771472007036209	-0.37268996238708496
-0.3382008671760559	0.014683798886835575	0.12439635396003723	0.024202002212405205	-0.5153600573539734	0.015646999701857567	-0.8564890623092651	0.03260280564427376	-1.0097993612289429	-0.18088018894195557	-0.7289493680000305	0.36026421189308167	0.17374520003795624	-0.14099080860614777	0.9083291888237	0.12077559530735016	0.523374617099762	0.35973501205444336	-0.06287140399217606	0.24194438755512238	1.114456295967102	-0.012664406560361385	0.03240840509533882	-1.6249793767929077	1.1180578470230103	0.18493980169296265	-0.062369413673877716	-1.5617085695266724	-0.05022990703582764	-0.06166994571685791	-0.04903972148895264	-0.024606287479400635	0.024684518575668335	-0.0784851610660553	-0.014615431427955627	0.09966492652893066	0.04096999764442444	0.020299851894378662	0.016465038061141968	0.02575032413005829	0.028724968433380127	0.12618601322174072	0.07171972841024399	-0.05370955914258957	-0.31034648418426514	0.07484853267669678	0.0005397945642471313	0.1587100327014923	-0.2352595329284668
-0.33819228410720825	0.014901600778102875	0.12367793917655945	0.024883003905415535	-0.5152580738067627	0.015755003318190575	-0.8565291166305542	0.031127804890275	-1.0102519989013672	-0.18157458305358887	-0.7286802530288696	0.360249787569046	0.171356201171875	-0.14127780497074127	0.9100503921508789	0.12105800211429596	0.5231993794441223	0.3600095808506012	-0.06330259144306183	0.24258679151535034	1.113218069076538	-0.009737606160342693	0.029352806508541107	-1.6286708116531372	1.1180410385131836	0.1845605969429016	-0.05872160941362381	-1.56483793258667	-0.09689489006996155	0.03001987934112549	-0.0013850629329681396	0.06370991468429565	-0.045180320739746094	-0.16328953206539154	-0.022409483790397644	0.0554695725440979	-0.01857466995716095	-0.045555830001831055	-0.00030994415283203125	-0.07268954068422318	0.03492534160614014	-0.17696022987365723	0.18858978152275085	-0.2038196623325348	-0.06497204303741455	-0.038942694664001465	-0.05146488547325134	0.21941997110843658	-0.07041990756988525
-0.337989866733551	0.015101199969649315	0.1230449378490448	0.025661002844572067	-0.5153910517692566	0.01584799960255623	-0.85642409324646	0.028727009892463684	-1.0085985660552979	-0.1809355914592743	-0.7264009714126587	0.3584569990634918	0.16721361875534058	-0.14188718795776367	0.9105479717254639	0.12003260850906372	0.5215523838996887	0.3597226142883301	-0.06577898561954498	0.24334140121936798	1.1073778867721558	-0.005120815243571997	0.024255618453025818	-1.6275782585144043	1.1165001392364502	0.1828812062740326	-0.05359261482954025	-1.5645253658294678	-0.11812010407447815	0.10764896869659424	0.060814619064331055	0.13265609741210938	-0.11329501867294312	-0.18045492470264435	-0.05792975425720215	-0.003959238529205322	-0.07314998656511307	-0.11820942163467407	-0.027439743280410767	-0.1329602599143982	0.01670531928539276	-0.31455159187316895	0.2147151678800583	-0.272920161485672	0.11029541492462158	-0.11877715587615967	-0.061564892530441284	0.1930902749300003	0.0736236572265625
-0.3377310633659363	0.01507599838078022	0.12262395024299622	0.02666500024497509	-0.5156511068344116	0.01614600233733654	-0.8562310934066772	0.026403000578284264	-1.0059460401535034	-0.17914199829101562	-0.7233740091323853	0.3557179868221283	0.16413800418376923	-0.14359499514102936	0.9098920226097107	0.11813200265169144	0.5184710025787354	0.35891199111938477	-0.06862100213766098	0.24325500428676605	1.1006360054016113	-0.0011490000179037452	0.018435999751091003	-1.6242589950561523	1.1132899522781372	0.18209800124168396	-0.05099799856543541	-1.5618929862976074	-0.11047981679439545	0.1382678747177124	0.08998960256576538	0.14453530311584473	-0.14697909355163574	-0.11592060327529907	-0.06866529583930969	-0.03428459167480469	-0.10764971375465393	-0.17194896936416626	-0.03300011157989502	-0.14390461146831512	-0.013934820890426636	-0.34389495849609375	0.22481414675712585	-0.3168639838695526	0.18793940544128418	-0.1575171947479248	-0.10987445712089539	0.19228887557983398	0.12743473052978516
-0.3373730480670929	0.015014402568340302	0.12227258086204529	0.027300000190734863	-0.515870988368988	0.016284001991152763	-0.8560770153999329	0.024307817220687866	-1.0030678510665894	-0.17733600735664368	-0.7206195592880249	0.3525778353214264	0.1625767946243286	-0.14463379979133606	0.9091765880584717	0.11572661995887756	0.5146744251251221	0.3584026098251343	-0.07153517007827759	0.24278400838375092	1.093622088432312	0.003871750086545944	0.01158105954527855	-1.620060682296753	1.1101994514465332	0.17848622798919678	-0.04590106010437012	-1.5594279766082764	-0.10275929421186447	0.10512173175811768	0.06141476333141327	0.12563467025756836	-0.14826878905296326	-0.06393007934093475	-0.019310414791107178	-0.006206333637237549	-0.10104477405548096	-0.14458447694778442	-0.013734400272369385	-0.148328959941864	-0.028819963335990906	-0.3274649381637573	0.2313987761735916	-0.3202931582927704	0.20264387130737305	-0.1405775547027588	-0.1646287739276886	0.2675532400608063	0.13428926467895508
-0.33691906929016113	0.014975998550653458	0.12206993997097015	0.028001002967357635	-0.5158970952033997	0.016517000272870064	-0.8560331463813782	0.02229262888431549	-1.0017411708831787	-0.1766854077577591	-0.7183486223220825	0.34978723526000977	0.16158080101013184	-0.14436741173267365	0.9096437692642212	0.1140902116894722	0.512687623500824	0.35836261510849	-0.07455416023731232	0.24210220575332642	1.087537407875061	0.008106951601803303	0.005624272860586643	-1.6161532402038574	1.1076668500900269	0.17551285028457642	-0.04029586911201477	-1.5565214157104492	-0.1158953607082367	0.05232393741607666	0.025644898414611816	0.138738751411438	-0.11906549334526062	-0.0639200210571289	0.012759864330291748	0.05676448345184326	-0.0573204830288887	-0.04126131534576416	0.014545023441314697	-0.1788005232810974	-0.07557012140750885	-0.30139386653900146	0.20675112307071686	-0.3225262463092804	0.2163231372833252	-0.12465119361877441	-0.13251081109046936	0.2733113169670105	0.17819106578826904
-0.33647406101226807	0.014875601977109909	0.12219873815774918	0.02907000295817852	-0.5154839754104614	0.016711002215743065	-0.8562431335449219	0.019672002643346786	-1.0009748935699463	-0.1763102114200592	-0.7150700092315674	0.34781521558761597	0.16001999378204346	-0.1441234052181244	0.9114471673965454	0.11343380063772202	0.5130239725112915	0.35898441076278687	-0.07868719100952148	0.23976120352745056	1.081566333770752	0.01214179489761591	-0.001319990260526538	-1.61140775680542	1.1052134037017822	0.173185795545578	-0.03496860712766647	-1.5523003339767456	-0.11817580461502075	0.022238492965698242	-0.004875287413597107	0.14730095863342285	-0.06018057465553284	-0.04795491695404053	0.010065361857414246	0.10524094104766846	-0.01701507717370987	0.058335065841674805	0.04422962665557861	-0.2094913274049759	-0.12576542794704437	-0.2984553575515747	0.1843664050102234	-0.3678073287010193	0.2658247947692871	-0.12622177600860596	-0.10937154293060303	0.2584170699119568	0.21764039993286133
-0.3360612690448761	0.014791401103138924	0.12250280380249023	0.029645003378391266	-0.51512610912323	0.016461001709103584	-0.8564440608024597	0.017565596848726273	-1.0008516311645508	-0.17688041925430298	-0.7124565839767456	0.34738001227378845	0.15966260433197021	-0.14396479725837708	0.9138534069061279	0.1134096086025238	0.515021026134491	0.36013180017471313	-0.08293381333351135	0.23707158863544464	1.075599193572998	0.015481607988476753	-0.009088020771741867	-1.605520248413086	1.1026179790496826	0.1711379885673523	-0.029959186911582947	-1.5478157997131348	-0.08077491074800491	-0.041103363037109375	-0.07661879062652588	0.05950033664703369	0.005444884300231934	0.009199976921081543	0.019335001707077026	0.13869404792785645	0.014854781329631805	0.11012554168701172	0.04726499319076538	-0.22466927766799927	-0.11908002197742462	-0.2737581729888916	0.1510547250509262	-0.4031989276409149	0.28301775455474854	-0.10885894298553467	-0.1272190362215042	0.27533912658691406	0.2336055040359497
-0.3357090950012207	0.014545001089572906	0.12300591915845871	0.030133003368973732	-0.5143930912017822	0.0167510025203228	-0.8568611145019531	0.01644100621342659	-1.0026190280914307	-0.17937496304512024	-0.712689995765686	0.34803301095962524	0.16038799285888672	-0.1433500051498413	0.9169949293136597	0.11402799189090729	0.517428994178772	0.3608750104904175	-0.08767396211624146	0.23499800264835358	1.0706160068511963	0.018183983862400055	-0.017447946593165398	-1.60008704662323	1.1008590459823608	0.16809703409671783	-0.02395504154264927	-1.5429561138153076	-0.04463987424969673	-0.12044310569763184	-0.16773417592048645	-0.035800039768218994	0.04427507519721985	0.037289783358573914	0.046930089592933655	0.21415501832962036	0.05948469042778015	0.19641369581222534	0.037869811058044434	-0.2491094172000885	-0.08101500570774078	-0.2328246831893921	0.11626467853784561	-0.418658971786499	0.29459595680236816	-0.05532801151275635	-0.14655962586402893	0.3260292112827301	0.23382902145385742
-0.3354170322418213	0.014332600869238377	0.12386634200811386	0.030747605487704277	-0.51228266954422	0.016742205247282982	-0.8581029772758484	0.015780001878738403	-1.005669355392456	-0.18358978629112244	-0.7138885855674744	0.34915101528167725	0.16115419566631317	-0.14208759367465973	0.9224196076393127	0.11578899621963501	0.52287757396698	0.3616465926170349	-0.09289819002151489	0.233830988407135	1.0662862062454224	0.020132195204496384	-0.025834379717707634	-1.5937364101409912	1.1004048585891724	0.16527560353279114	-0.016918018460273743	-1.5384626388549805	-0.030860096216201782	-0.1896291971206665	-0.25319531559944153	-0.08459985256195068	0.059504806995391846	0.0771351158618927	0.08202008903026581	0.33000558614730835	0.1286795437335968	0.3449738025665283	0.050459057092666626	-0.21972544491291046	-0.029265135526657104	-0.16731023788452148	0.0819752961397171	-0.42063021659851074	0.3000319004058838	0.018578767776489258	-0.15219002962112427	0.3761499524116516	0.2163529396057129
-0.33510804176330566	0.014120199717581272	0.12514814734458923	0.03108801133930683	-0.5098521709442139	0.016622206196188927	-0.8595393300056458	0.015206602402031422	-1.0102041959762573	-0.1895027756690979	-0.7160739898681641	0.3504132032394409	0.16347339749336243	-0.14006920158863068	0.930195152759552	0.11917517334222794	0.5312279462814331	0.36289337277412415	-0.09646297991275787	0.2338273972272873	1.0639235973358154	0.021462995558977127	-0.03427315503358841	-1.5880857706069946	1.1016021966934204	0.16200943291187286	-0.008909043855965137	-1.534301996231079	-0.008625071495771408	-0.2694249153137207	-0.3372650742530823	-0.13813525438308716	0.06377995014190674	0.14366023242473602	0.10963492095470428	0.4513189196586609	0.20423494279384613	0.4545852541923523	0.07368475198745728	-0.14331527054309845	0.02318546175956726	-0.06897151470184326	0.0361301451921463	-0.4507801830768585	0.25278031826019287	0.06129443645477295	-0.2773698568344116	0.4625400900840759	0.21709203720092773
-0.3351368308067322	0.01371920108795166	0.1264655441045761	0.030968211591243744	-0.5067647695541382	0.01623900607228279	-0.8613749742507935	0.015434999018907547	-1.0164463520050049	-0.19708038866519928	-0.7194139957427979	0.3517022132873535	0.1669006049633026	-0.13770219683647156	0.9404723644256592	0.12395839393138885	0.5410609841346741	0.3645939826965332	-0.09863080084323883	0.2347584068775177	1.0635273456573486	0.02157740108668804	-0.04386558756232262	-1.5836251974105835	1.1028566360473633	0.15418080985546112	0.001583585049957037	-1.5297789573669434	0.027154922485351562	-0.3452986478805542	-0.4257645606994629	-0.20402967929840088	0.06819963455200195	0.18706470727920532	0.15235431492328644	0.564420223236084	0.25346484780311584	0.4937902092933655	0.10598525404930115	-0.09125545620918274	0.08169971406459808	0.0002086162567138672	-0.011909939348697662	-0.5379948616027832	0.19094645977020264	0.03153979778289795	-0.4447348415851593	0.5581549406051636	0.3318369388580322
-0.33521586656570435	0.013239399529993534	0.1278475522994995	0.03097761794924736	-0.5031558275222778	0.01609600894153118	-0.8634900450706482	0.01629279926419258	-1.0240161418914795	-0.20653335750102997	-0.7242351770401001	0.353141188621521	0.17095598578453064	-0.13397502899169922	0.9527719616889954	0.12931376695632935	0.5509795546531677	0.3671327829360962	-0.10011319816112518	0.23709538578987122	1.063931941986084	0.02098659798502922	-0.055792950093746185	-1.5804479122161865	1.1028637886047363	0.1442200392484665	0.013417154550552368	-1.5210285186767578	-0.011749984696507454	-0.42076706886291504	-0.5296152234077454	-0.2826496958732605	0.08809491991996765	0.22818483412265778	0.24437978863716125	0.6597906351089478	0.2825401723384857	0.49210041761398315	0.11552572250366211	-0.06555505096912384	0.13343989849090576	0.006365776062011719	0.05186498165130615	-0.691235363483429	0.154229998588562	0.0157088041305542	-0.45139527320861816	0.6055103540420532	0.5378484725952148
-0.33535802364349365	0.012738998048007488	0.12964093685150146	0.032471004873514175	-0.4987269937992096	0.017111001536250114	-0.8659810423851013	0.014964999631047249	-1.0332770347595215	-0.21826499700546265	-0.7307199835777283	0.3552260100841522	0.17602799832820892	-0.1279270052909851	0.9668639898300171	0.13526000082492828	0.5607450008392334	0.3692150115966797	-0.10125300288200378	0.24009600281715393	1.063781976699829	0.023652000352740288	-0.07151500135660172	-1.577455997467041	1.1034849882125854	0.13612499833106995	0.025803999975323677	-1.5082650184631348	-1.383262276649475	-0.4528254270553589	-0.8272703886032104	-0.4959404468536377	0.2874545753002167	0.4659794270992279	0.45345500111579895	0.7038846611976624	0.1008056104183197	0.2842053771018982	0.12847036123275757	-0.08175000548362732	0.22673457860946655	-0.7571369409561157	1.5803112983703613	-1.5216635465621948	-0.15774667263031006	0.4193633794784546	0.511711835861206	0.3260665535926819	1.3303309679031372
-0.3352304697036743	0.011779803782701492	0.1307462900876999	0.06094546988606453	-0.49481233954429626	0.03446437790989876	-0.8661752343177795	-0.03903769329190254	-1.0421291589736938	-0.23962417244911194	-0.7440727949142456	0.36463937163352966	0.18959516286849976	-0.11583682894706726	0.9809273481369019	0.13334599137306213	0.5623477697372437	0.3722715973854065	-0.10338319838047028	0.24616476893424988	1.0336464643478394	0.08419905602931976	-0.1166594922542572	-1.586757779121399	1.1196383237838745	0.16468851268291473	0.026459816843271255	-1.4678152799606323	-1.9989356994628906	-0.5599915981292725	-0.9377658367156982	-0.6167307496070862	0.4258006811141968	0.6881203651428223	0.5492106080055237	0.7197022438049316	0.0860750675201416	0.22764503955841064	-0.016225874423980713	-0.07915981113910675	0.36424994468688965	-1.0277867317199707	2.5028557777404785	-1.817940354347229	-0.160980224609375	0.6079256534576416	1.2010504007339478	-0.04800502210855484	1.7830729484558105
-0.3361722230911255	0.011824398301541805	0.13346537947654724	0.07303933799266815	-0.48892122507095337	0.041133664548397064	-0.8682909607887268	-0.06499242782592773	-1.0556766986846924	-0.2557756304740906	-0.7553892135620117	0.3722580373287201	0.20355281233787537	-0.10595858097076416	0.9956520795822144	0.13870300352573395	0.5698508024215698	0.36856597661972046	-0.10441939532756805	0.2546660006046295	1.0226705074310303	0.12376623600721359	-0.1442326158285141	-1.583895206451416	1.1278020143508911	0.1841670125722885	0.023883799090981483	-1.4369421005249023	-0.9269413352012634	-0.6410539150238037	-0.7672727108001709	-0.48633962869644165	0.2888008952140808	0.7813222408294678	0.44673943519592285	0.7540792226791382	0.28379932045936584	0.4201248288154602	-0.18784403800964355	-0.04406459629535675	0.3612302243709564	-0.35938024520874023	1.2678977251052856	-0.7929131388664246	0.4332423210144043	0.22682249546051025	0.5327824354171753	0.0264633446931839	1.421290636062622
-0.3374294638633728	0.011658399365842342	0.13649089634418488	0.07803284376859665	-0.48322370648384094	0.043368835002183914	-0.8709331154823303	-0.07611534744501114	-1.067771315574646	-0.2703150808811188	-0.7635263800621033	0.3761914074420929	0.22084805369377136	-0.0979672521352768	1.0110905170440674	0.14469796419143677	0.5791527628898621	0.36475783586502075	-0.10514578223228455	0.26061397790908813	1.0192712545394897	0.13491496443748474	-0.14837601780891418	-1.5694280862808228	1.128711223602295	0.1859998106956482	0.02751835063099861	-1.4109636545181274	-0.4415881037712097	-0.5379974842071533	-0.6488561630249023	-0.3568589687347412	0.08789524435997009	0.8808248043060303	0.3755379319190979	0.729033350944519	0.3102880120277405	0.4199177026748657	-0.1537233591079712	-0.06141979247331619	0.17828494310379028	-0.07940828800201416	0.2639697790145874	0.019658729434013367	0.7088214159011841	-0.01906454563140869	-0.007325038313865662	0.24553364515304565	1.2107431888580322
-0.3385204076766968	0.011619199067354202	0.13980355858802795	0.08064845204353333	-0.4779554605484009	0.04435883089900017	-0.873548686504364	-0.08265595138072968	-1.0771965980529785	-0.28172987699508667	-0.7696635723114014	0.3757738471031189	0.23878580331802368	-0.0909370630979538	1.0248134136199951	0.15111452341079712	0.5866475105285645	0.3624170422554016	-0.1068761870265007	0.26179739832878113	1.0194941759109497	0.1343250274658203	-0.14344626665115356	-1.5555423498153687	1.1270394325256348	0.1838740110397339	0.03370514512062073	-1.388512372970581	-0.28569066524505615	-0.4857659339904785	-0.5217962265014648	-0.25706589221954346	-0.08373409509658813	0.8951961994171143	0.29520559310913086	0.6832599639892578	0.3658995032310486	0.3741800785064697	-0.09084567427635193	-0.07078032940626144	0.029625743627548218	0.06186962127685547	-0.11779814958572388	0.34222379326820374	0.6971240043640137	-0.13473033905029297	-0.08137039840221405	0.22951605916023254	1.121687889099121
-0.33980804681777954	0.011602002196013927	0.14328092336654663	0.08199799805879593	-0.47251707315444946	0.04490800201892853	-0.8763490915298462	-0.08754297345876694	-1.0872019529342651	-0.2911869287490845	-0.773809015750885	0.37284204363822937	0.25665590167045593	-0.08615902811288834	1.0384209156036377	0.1593339443206787	0.5941199660301208	0.3611240088939667	-0.107976995408535	0.26179900765419006	1.021746039390564	0.1302030384540558	-0.13468706607818604	-1.5415431261062622	1.1233220100402832	0.18274499475955963	0.03669899329543114	-1.3660961389541626	-0.21917559206485748	-0.5392521619796753	-0.4293516278266907	-0.1780003309249878	-0.1851305365562439	0.8989959955215454	0.1227622851729393	0.6878972053527832	0.4688143730163574	0.4067957401275635	-0.008511543273925781	-0.004480592906475067	4.023313522338867e-05	0.14629364013671875	-0.23868940770626068	0.4606500267982483	0.7258951663970947	-0.2057790756225586	0.006873905658721924	0.02413196489214897	1.1567771434783936
-0.3412756621837616	0.011396403424441814	0.14712631702423096	0.08255668729543686	-0.46676263213157654	0.04572824761271477	-0.8793326616287231	-0.09142297506332397	-1.0987666845321655	-0.2989039421081543	-0.7767835855484009	0.36836862564086914	0.2747456431388855	-0.08602657169103622	1.0523293018341064	0.16986709833145142	0.602919340133667	0.3620765805244446	-0.1070554107427597	0.26179900765419006	1.0253459215164185	0.12477745115756989	-0.12502026557922363	-1.5265065431594849	1.1188082695007324	0.18414896726608276	0.034670423716306686	-1.3422412872314453	-0.1744752824306488	-0.6003737449645996	-0.370711088180542	-0.17838925123214722	-0.23776069283485413	0.86946040391922	-0.11325348168611526	0.7321149110794067	0.5643948912620544	0.46302974224090576	0.0789448618888855	0.062279775738716125	0.0	0.1639634370803833	-0.25665536522865295	0.39152616262435913	0.7521659135818481	-0.23197829723358154	0.08132010698318481	-0.08382470905780792	1.1840581893920898
-0.34317445755004883	0.011088402941823006	0.15085691213607788	0.08260504901409149	-0.4608907401561737	0.04633582383394241	-0.8823884129524231	-0.09452198445796967	-1.1112169027328491	-0.30601537227630615	-0.7809445858001709	0.3633316159248352	0.29143431782722473	-0.09068916738033295	1.067705512046814	0.1819097399711609	0.6126411557197571	0.3642818033695221	-0.10548580437898636	0.26179900765419006	1.0283045768737793	0.11993682384490967	-0.11902602016925812	-1.5114564895629883	1.11404287815094	0.18599779903888702	0.03334600478410721	-1.318733811378479	-0.03879982978105545	-0.5927383899688721	-0.3418862819671631	-0.2629876136779785	-0.2448439598083496	0.7816612720489502	-0.2500731348991394	0.7588744163513184	0.599370539188385	0.4830464720726013	0.12649595737457275	0.07239356637001038	0.0	0.14374852180480957	-0.3184245824813843	0.2882814109325409	0.73966383934021	-0.27379095554351807	0.02087131142616272	0.016429927200078964	1.0818719863891602
-0.3446658253669739	0.01091180182993412	0.1542913317680359	0.08075549453496933	-0.4557240903377533	0.046024568378925323	-0.8852548599243164	-0.09297496825456619	-1.1224762201309204	-0.3125793933868408	-0.78730309009552	0.35857486724853516	0.3060120940208435	-0.09602949768304825	1.0826842784881592	0.19384191930294037	0.622241199016571	0.3671364188194275	-0.10415966808795929	0.26179900765419006	1.0310958623886108	0.11204046756029129	-0.11348900943994522	-1.4969199895858765	1.1078566312789917	0.18498381972312927	0.035327620804309845	-1.298966407775879	1.0539517402648926	-0.46879351139068604	-0.22961124777793884	-0.2484053373336792	-0.19598007202148438	0.6842129230499268	-0.22236593067646027	0.7100433111190796	0.5916774272918701	0.5056485533714294	0.2289898693561554	0.09096506983041763	0.0	0.4635155200958252	-1.3477685451507568	0.6442919373512268	1.044297218322754	-0.6047874689102173	-0.7923122644424438	0.45227110385894775	0.5540937185287476
-0.34540364146232605	0.011050798930227757	0.15707218647003174	0.06078111752867699	-0.45335862040519714	0.0358135886490345	-0.8885319232940674	-0.05236391723155975	-1.1299686431884766	-0.3151998221874237	-0.7908807992935181	0.35549241304397583	0.3188028335571289	-0.09958380460739136	1.0961072444915771	0.2055768370628357	0.6328670978546143	0.3734413981437683	-0.10184720158576965	0.26179900765419006	1.0468451976776123	0.06602608412504196	-0.09325434267520905	-1.4696846008300781	1.0898513793945312	0.15430530905723572	0.05143684893846512	-1.296570062637329	1.4153491258621216	-0.41612088680267334	-0.3004401922225952	-0.23424774408340454	-0.1754969358444214	0.578122615814209	-0.11436250060796738	0.7792443037033081	0.5381520986557007	0.5496695637702942	0.18561482429504395	0.08489172905683517	0.0	0.5170047283172607	-1.809836506843567	0.8086502552032471	1.286625862121582	-0.6689906120300293	-1.201370358467102	0.7609095573425293	0.3450840711593628
-0.3471110463142395	0.010496001690626144	0.1606329381465912	0.05361000448465347	-0.4478680491447449	0.03253500163555145	-0.8918980956077576	-0.036361001431941986	-1.1391210556030273	-0.32459700107574463	-0.7966729998588562	0.3515549898147583	0.32913699746131897	-0.10060399770736694	1.1138540506362915	0.21536800265312195	0.6442279815673828	0.37456101179122925	-0.10076399892568588	0.26179900765419006	1.0517760515213013	0.03964700177311897	-0.08114299923181534	-1.4454549551010132	1.0810970067977905	0.1369290053844452	0.06576400250196457	-1.2851630449295044	0.479377806186676	-0.500786304473877	-0.42405426502227783	-0.2914607524871826	-0.14922469854354858	0.46767890453338623	-0.13350453972816467	0.8836567401885986	0.5443334579467773	0.5599826574325562	0.0731050968170166	0.08061490952968597	0.0	0.03935098648071289	-0.7470572590827942	0.17764419317245483	1.1534035205841064	-0.405612587928772	-0.5983371138572693	0.5839681029319763	0.7717430591583252
-0.34914904832839966	0.010238202288746834	0.1638607382774353	0.051216039806604385	-0.44212237000465393	0.03180662542581558	-0.8949265480041504	-0.03318880498409271	-1.1500000953674316	-0.3321619927883148	-0.8025392293930054	0.3495234251022339	0.33750998973846436	-0.10492398589849472	1.131453514099121	0.2273501753807068	0.6552664041519165	0.376365602016449	-0.09862260520458221	0.26179900765419006	1.0484192371368408	0.036143794655799866	-0.08614857494831085	-1.4235484600067139	1.0736268758773804	0.1303718239068985	0.07479557394981384	-1.265700340270996	0.10145995765924454	-0.5018025636672974	-0.359208881855011	-0.3025546669960022	-0.09423941373825073	0.362599641084671	-0.22347959876060486	0.8223623037338257	0.5580987930297852	0.5317643284797668	0.06941482424736023	0.12468453496694565	0.0	-0.22969543933868408	-0.002230703830718994	-0.3769235610961914	1.039913296699524	-0.36517977714538574	-0.27392953634262085	0.44339412450790405	1.0059565305709839
-0.35077521204948425	0.010148399509489536	0.16696736216545105	0.050246428698301315	-0.43667641282081604	0.03194321691989899	-0.8976457118988037	-0.032302603125572205	-1.1591931581497192	-0.33896535634994507	-0.8087751865386963	0.34778541326522827	0.3436409831047058	-0.10954318195581436	1.1467485427856445	0.2376919537782669	0.6654985547065735	0.37733760476112366	-0.09577661752700806	0.26179900765419006	1.042588233947754	0.03955777361989021	-0.09621994197368622	-1.4038584232330322	1.066489815711975	0.12597182393074036	0.08349976688623428	-1.244924783706665	0.05760053172707558	-0.44633448123931885	-0.33469125628471375	-0.33456385135650635	-0.06723105907440186	0.2596855163574219	-0.19781085848808289	0.7339358329772949	0.4955366253852844	0.4663199186325073	0.043454766273498535	0.19861608743667603	0.0	-0.29559433460235596	0.23935604095458984	-0.5599573254585266	0.9191274642944336	-0.3742009401321411	-0.19238106906414032	0.41198673844337463	1.044076681137085
-0.3520876169204712	0.010055800899863243	0.1699753701686859	0.049363624304533005	-0.43134841322898865	0.03257162496447563	-0.9002448916435242	-0.03088478371500969	-1.1678534746170044	-0.34554964303970337	-0.8159217834472656	0.3468341827392578	0.34789741039276123	-0.11283642053604126	1.160810947418213	0.24717164039611816	0.6739192008972168	0.3781037926673889	-0.09067796170711517	0.26179900765419006	1.0365954637527466	0.04571803659200668	-0.10854686796665192	-1.3867833614349365	1.0586588382720947	0.12267658114433289	0.09127504378557205	-1.2239372730255127	0.12372536957263947	-0.45408904552459717	-0.31837597489356995	-0.36997050046920776	-0.028049945831298828	0.24957582354545593	-0.1574857234954834	0.650566816329956	0.47444140911102295	0.39617568254470825	0.03586485981941223	0.3703812062740326	0.0	-0.2969026565551758	0.3651512861251831	-0.7230475544929504	0.8130311965942383	-0.45387744903564453	-0.1643657684326172	0.4247015416622162	1.0816961526870728
-0.35303282737731934	0.010090198367834091	0.17291703820228577	0.04779443517327309	-0.4261961281299591	0.03375943750143051	-0.9027361273765564	-0.027353588491678238	-1.1773567199707031	-0.35170039534568787	-0.8235740065574646	0.3466634154319763	0.35362401604652405	-0.11584261059761047	1.1727712154388428	0.2566696107387543	0.6813455820083618	0.37877219915390015	-0.08096136897802353	0.26179900765419006	1.0307121276855469	0.05416382476687431	-0.12514184415340424	-1.3713371753692627	1.0483347177505493	0.11939719319343567	0.10048782825469971	-1.2016569375991821	0.1657688468694687	-0.47503411769866943	-0.26298239827156067	-0.37175416946411133	-0.03467947244644165	0.37738606333732605	-0.19611269235610962	0.5528479814529419	0.4750058054924011	0.39419233798980713	-0.004518777132034302	0.632418692111969	0.0	-0.34033358097076416	0.4820706248283386	-0.9585961699485779	0.7939785718917847	-0.5894690752029419	-0.190513014793396	0.5342200398445129	1.1752218008041382
-0.35420501232147217	0.01006999984383583	0.17559292912483215	0.04606902226805687	-0.4213390648365021	0.03503799065947533	-0.905053973197937	-0.024254029616713524	-1.1868548393249512	-0.3560689389705658	-0.8307919502258301	0.34544700384140015	0.3629928529262543	-0.12068092823028564	1.1829248666763306	0.2661718726158142	0.6896868944168091	0.37792304158210754	-0.06538121402263641	0.26179900765419006	1.022982120513916	0.06500086188316345	-0.14689071476459503	-1.3550242185592651	1.035080075263977	0.11505606025457382	0.11264384537935257	-1.1769284009933472	0.01397477462887764	-0.4913926124572754	-0.2719692885875702	-0.4425749182701111	-0.043995678424835205	0.41186437010765076	-0.30786430835723877	0.6837993860244751	0.5050443410873413	0.4797801375389099	-0.10904073715209961	0.8706879615783691	0.0	-0.49494504928588867	0.47284895181655884	-1.190117359161377	0.943911075592041	-0.6919413805007935	-0.3103494644165039	0.6206285357475281	1.2305200099945068
-0.3572790026664734	0.009567604400217533	0.17747452855110168	0.04522285237908363	-0.4152711033821106	0.03366464376449585	-0.9079490900039673	-0.026794597506523132	-1.1970124244689941	-0.3625791668891907	-0.841277003288269	0.3449035882949829	0.3700985908508301	-0.12815718352794647	1.2001231908798218	0.27687138319015503	0.7005367875099182	0.37441056966781616	-0.046133849769830704	0.26179900765419006	1.0109143257141113	0.07307778298854828	-0.17274653911590576	-1.333580732345581	1.0206570625305176	0.10698321461677551	0.12531296908855438	-1.1524361371994019	-0.06059948354959488	-0.4198610782623291	-0.3709264099597931	-0.533469021320343	0.05214959383010864	0.19385367631912231	-0.3091614842414856	0.8764058351516724	0.4770524799823761	0.5646765232086182	-0.026526302099227905	0.9161534905433655	0.0	-0.6154760718345642	0.39903223514556885	-1.1533100605010986	1.1193126440048218	-0.6487458944320679	-0.25643670558929443	0.5591327548027039	1.210331916809082
-0.35919904708862305	0.009662201628088951	0.18009808659553528	0.045733220875263214	-0.40942391753196716	0.033430617302656174	-0.9105840921401978	-0.02667800895869732	-1.2036492824554443	-0.3709059953689575	-0.8521307110786438	0.3475329875946045	0.37074699997901917	-0.13304738700389862	1.2179811000823975	0.28525397181510925	0.7122739553451538	0.3768619894981384	-0.028735075145959854	0.26179900765419006	0.9983630776405334	0.0809621512889862	-0.19302311539649963	-1.3102517127990723	1.0091302394866943	0.10479859262704849	0.13500915467739105	-1.1285151243209839	0.0334295928478241	-0.29799938201904297	-0.4010498523712158	-0.4974186420440674	0.03881528973579407	-0.006369501352310181	-0.08936077356338501	0.8713334798812866	0.39689913392066956	0.622422993183136	0.099240243434906	0.6716800332069397	0.0	-0.5967810750007629	0.31827986240386963	-0.8420146703720093	1.1075794696807861	-0.5719348788261414	-0.056835636496543884	0.43562427163124084	1.1894851922988892
-0.3608410358428955	0.009692801162600517	0.18245111405849457	0.046373020857572556	-0.40331289172172546	0.0334756076335907	-0.9132733941078186	-0.025457413867115974	-1.2089323997497559	-0.3786211609840393	-0.8611737489700317	0.3464561998844147	0.36984381079673767	-0.13173161447048187	1.2349765300750732	0.2927473485469818	0.7254337072372437	0.3783801794052124	-0.019266648218035698	0.26179900765419006	0.9870430827140808	0.08580897748470306	-0.20642712712287903	-1.2892775535583496	0.9977796673774719	0.10470978915691376	0.14273793995380402	-1.1048567295074463	0.04381532967090607	-0.2665281295776367	-0.3367289900779724	-0.3384307026863098	-0.0473901629447937	-0.0682540237903595	0.0910043716430664	0.8433431386947632	0.4056788980960846	0.7011428475379944	0.1375138759613037	0.3844054341316223	0.0	-0.5574032664299011	0.14544633030891418	-0.5386304259300232	1.0373055934906006	-0.584721565246582	0.007020123302936554	0.3717195391654968	1.1912524700164795
-0.36256399750709534	0.009574605152010918	0.18458950519561768	0.04706805199384689	-0.3971041142940521	0.03385964035987854	-0.9159402847290039	-0.024925395846366882	-1.2143104076385498	-0.3843751549720764	-0.8656679391860962	0.34563738107681274	0.3680168390274048	-0.12940721213817596	1.251714825630188	0.30148112773895264	0.7403196692466736	0.3823625445365906	-0.013358857482671738	0.26179900765419006	0.9760669469833374	0.08678000420331955	-0.2145683318376541	-1.2687594890594482	0.985741376876831	0.10507939755916595	0.14987793564796448	-1.0808650255203247	-0.017113983631134033	-0.27208924293518066	-0.2217702567577362	-0.13460665941238403	-0.015679746866226196	-0.12376978993415833	0.022041425108909607	0.8196055889129639	0.44821351766586304	0.723603367805481	0.24384409189224243	0.2737148106098175	0.0	-0.5480974912643433	0.026325508952140808	-0.3902692198753357	0.98990797996521	-0.620211660861969	0.007005408406257629	0.3550991415977478	1.2004613876342773
-0.3645400404930115	0.009313005954027176	0.18634293973445892	0.0479779876768589	-0.3911210894584656	0.03418000414967537	-0.9184520840644836	-0.026141973212361336	-1.219815969467163	-0.38749197125434875	-0.8665580153465271	0.3458290100097656	0.36489301919937134	-0.1308499574661255	1.2677607536315918	0.31067588925361633	0.7543778419494629	0.3881339430809021	-0.008318055421113968	0.26179900765419006	0.9651191830635071	0.0868619978427887	-0.2220378965139389	-1.2496812343597412	0.9729712009429932	0.10499000549316406	0.15694190561771393	-1.0568382740020752	-0.06591514497995377	-0.2519577741622925	-0.16153976321220398	-0.044408440589904785	0.04201531410217285	-0.18927901983261108	-0.09341463446617126	0.8229434490203857	0.45810937881469727	0.6425142288208008	0.36492347717285156	0.22826537489891052	0.0	-0.5891561508178711	0.0316740944981575	-0.42042917013168335	0.9607762098312378	-0.6493166089057922	0.029804371297359467	0.3321744501590729	1.2062102556228638
-0.3661176562309265	0.009285198524594307	0.18795573711395264	0.049362026154994965	-0.38519182801246643	0.03435702621936798	-0.9208749532699585	-0.02756200172007084	-1.2243887186050415	-0.3908367455005646	-0.8674442768096924	0.34731799364089966	0.36044567823410034	-0.13314379751682281	1.2846325635910034	0.3198055028915405	0.7660202383995056	0.39695948362350464	-0.004228242672979832	0.26179900765419006	0.9525007009506226	0.08804696798324585	-0.2313854992389679	-1.2303284406661987	0.9597687125205994	0.10627157241106033	0.1631649136543274	-1.0326166152954102	-0.026465672999620438	-0.241050124168396	-0.16263052821159363	0.04658997058868408	0.06474927067756653	-0.1298852264881134	-0.06046593189239502	0.7231354713439941	0.39184242486953735	0.5301579833030701	0.3549903631210327	0.15110120177268982	0.0	-0.5207046866416931	0.06848499178886414	-0.4157915711402893	0.8633643388748169	-0.572638213634491	0.06962493062019348	0.30669644474983215	1.1382341384887695
-0.36768922209739685	0.00937960296869278	0.1896655559539795	0.05023082345724106	-0.37961843609809875	0.03459342196583748	-0.9231305122375488	-0.027200600132346153	-1.229457974433899	-0.3939971923828125	-0.8646944165229797	0.3484189808368683	0.3596976101398468	-0.1332685947418213	1.2966861724853516	0.3263495862483978	0.7755841612815857	0.4023335576057434	-0.0022740070708096027	0.26179900765419006	0.9442909955978394	0.08960139751434326	-0.23866955935955048	-1.2151466608047485	0.9500656723976135	0.1077750027179718	0.16920976340770721	-1.0113089084625244	-0.026659714058041573	-0.36097466945648193	-0.15433058142662048	0.16973614692687988	-0.049173831939697266	0.10556727647781372	-0.08281916379928589	0.5542129278182983	0.37961602210998535	0.4061475396156311	0.2743370831012726	0.07485593855381012	0.0	-0.37557631731033325	0.035195983946323395	-0.3369014859199524	0.7478564977645874	-0.47931522130966187	0.05054548382759094	0.2922765910625458	1.040157675743103
-0.3698842227458954	0.009176203981041908	0.1912127435207367	0.050421036779880524	-0.373916894197464	0.03468102216720581	-0.9254413843154907	-0.028628390282392502	-1.2388277053833008	-0.3970099687576294	-0.8606548309326172	0.34535104036331177	0.3646683692932129	-0.13645656406879425	1.3068010807037354	0.33499014377593994	0.7822661399841309	0.40793296694755554	-0.001234005088917911	0.26179900765419006	0.9374776482582092	0.08945480734109879	-0.24486155807971954	-1.2004141807556152	0.9405961036682129	0.10829339176416397	0.17485597729682922	-0.991010308265686	-0.05083005130290985	-0.4741966724395752	-0.15538036823272705	0.17333626747131348	-0.27388036251068115	0.12228935956954956	-0.17270036041736603	0.4684925079345703	0.415540486574173	0.2470150589942932	0.28662681579589844	0.032875169068574905	0.0	-0.33498555421829224	-0.007009878754615784	-0.2976808547973633	0.7323920726776123	-0.466233491897583	0.056300126016139984	0.2038460224866867	0.9774446487426758
-0.3720662593841553	0.009093199856579304	0.19261857867240906	0.05033443868160248	-0.3683296740055084	0.03488082438707352	-0.9276761412620544	-0.02923380210995674	-1.248425841331482	-0.4002124071121216	-0.8577609658241272	0.33746376633644104	0.3645891845226288	-0.14017660915851593	1.3154258728027344	0.34297120571136475	0.7854647636413574	0.41379863023757935	-0.0009590003755874932	0.26179900765419006	0.9308915734291077	0.08932100236415863	-0.25057679414749146	-1.185850977897644	0.9314163327217102	0.1100270077586174	0.17736360430717468	-0.9722111225128174	-0.023340247571468353	-0.47278106212615967	-0.18055066466331482	0.11787116527557373	-0.3417760133743286	-0.2236589789390564	-0.1924358308315277	0.40854811668395996	0.3613211214542389	0.12599676847457886	0.25837570428848267	-0.015299871563911438	0.0	-0.29691606760025024	-0.00887010246515274	-0.28463637828826904	0.7173031568527222	-0.420302152633667	0.10979026556015015	0.055800750851631165	0.9260326623916626
-0.37422502040863037	0.008869001641869545	0.1942438930273056	0.0502610020339489	-0.3627830445766449	0.03486200049519539	-0.9298641681671143	-0.029562000185251236	-1.2577389478683472	-0.404231995344162	-0.8559399843215942	0.3316799998283386	0.35572201013565063	-0.14415399730205536	1.3231430053710938	0.3494429886341095	0.787306010723114	0.41826799511909485	-0.00184599997010082	0.26179900765419006	0.9256010055541992	0.08910000324249268	-0.25624701380729675	-1.1717220544815063	0.9237840175628662	0.11268500238656998	0.17708800733089447	-0.9539690017700195	0.011149933561682701	-0.5315154790878296	-0.3307536244392395	-0.01965463161468506	-0.11658445000648499	-0.44395849108695984	-0.12308508157730103	0.3918468952178955	0.31479448080062866	0.0637054443359375	0.19714459776878357	-0.05793490633368492	0.0	-0.24570971727371216	-0.02376493066549301	-0.26864930987358093	0.7215529680252075	-0.3823384642601013	0.10726973414421082	0.016974657773971558	0.9280979633331299
-0.37657541036605835	0.008665806613862514	0.19612610340118408	0.050109848380088806	-0.3567437529563904	0.034753236919641495	-0.9322100281715393	-0.028787804767489433	-1.2696864604949951	-0.41344255208969116	-0.8585471510887146	0.33280038833618164	0.3468308448791504	-0.14510001242160797	1.3310997486114502	0.3555629849433899	0.7880129814147949	0.4216844141483307	-0.003276396542787552	0.26179900765419006	0.9210631847381592	0.08837040513753891	-0.2613227665424347	-1.1569888591766357	0.9161227941513062	0.11431779712438583	0.17804259061813354	-0.9350872039794922	0.04123495891690254	-0.6563276052474976	-0.526138424873352	-0.16475915908813477	0.17374828457832336	-0.3127351403236389	0.005749613046646118	0.4055917263031006	0.3387637436389923	0.04192441701889038	0.20518451929092407	-0.05238000303506851	0.0	-0.24759918451309204	-0.06625987589359283	-0.28105899691581726	0.7802248001098633	-0.40438026189804077	0.03721993416547775	0.1064840704202652	0.9564876556396484
-0.37932440638542175	0.008296003565192223	0.19798414409160614	0.049519237130880356	-0.3506591022014618	0.03440242260694504	-0.9345599412918091	-0.027912601828575134	-1.283992052078247	-0.4252775311470032	-0.8625303506851196	0.33862993121147156	0.3432126045227051	-0.14392401278018951	1.3393666744232178	0.3629935383796692	0.7889829874038696	0.4264753758907318	-0.003941200207918882	0.26179900765419006	0.9156970381736755	0.08644960820674896	-0.26748937368392944	-1.1405130624771118	0.9076088070869446	0.11417379975318909	0.18134737014770508	-0.9157094955444336	0.025380169972777367	-0.7185250520706177	-0.5953341722488403	-0.2405211329460144	0.2947695553302765	-0.12658089399337769	0.08021928369998932	0.41434764862060547	0.4011183977127075	0.0784456729888916	0.27382299304008484	-0.007655192166566849	0.0	-0.2827882766723633	-0.08802488446235657	-0.34063905477523804	0.8381962776184082	-0.42699873447418213	-0.010220147669315338	0.1827247440814972	0.980830192565918
-0.38230282068252563	0.007989803329110146	0.19976675510406494	0.048965826630592346	-0.3448752462863922	0.0338866226375103	-0.9367578625679016	-0.02777259796857834	-1.2984274625778198	-0.4372559189796448	-0.8681679964065552	0.3445911705493927	0.3417676091194153	-0.1418912410736084	1.3476736545562744	0.3716077208518982	0.7911508083343506	0.4326373338699341	-0.003582604229450226	0.26179900765419006	0.9097516536712646	0.08484940975904465	-0.2749483287334442	-1.1234610080718994	0.8990428447723389	0.11390899121761322	0.18535158038139343	-0.8958539962768555	0.014644768089056015	-0.6834328174591064	-0.6321132183074951	-0.3520593047142029	0.22952184081077576	-0.11368915438652039	0.21511763334274292	0.44414401054382324	0.4367738962173462	0.1333296298980713	0.2935245633125305	0.02546486258506775	0.0	-0.28664469718933105	-0.07596462965011597	-0.35863444209098816	0.8573979139328003	-0.3942638635635376	0.00259988009929657	0.1687653362751007	0.9724482893943787
-0.385301411151886	0.007798204198479652	0.2016199380159378	0.04868445172905922	-0.33891957998275757	0.03310903534293175	-0.9389714598655701	-0.027326811105012894	-1.3113293647766113	-0.450562059879303	-0.8766127228736877	0.3478108048439026	0.33866503834724426	-0.1353193074464798	1.3571324348449707	0.38046449422836304	0.7943161725997925	0.43821635842323303	-0.002922605723142624	0.26179900765419006	0.9042312502861023	0.08341102302074432	-0.28183475136756897	-1.1062171459197998	0.8918382525444031	0.11427779495716095	0.1880979835987091	-0.8768115639686584	0.056464970111846924	-0.6363630294799805	-0.6934270262718201	-0.3891006112098694	0.10419562458992004	-0.21669045090675354	0.3965310752391815	0.5093097686767578	0.4866570234298706	0.1923292875289917	0.26966631412506104	0.039890106767416	0.0	-0.24739205837249756	-0.1143602654337883	-0.31021684408187866	0.8848488330841064	-0.33292174339294434	0.017500296235084534	0.10073557496070862	0.9079501032829285
-0.38857302069664	0.007534006144851446	0.20357392728328705	0.0477290041744709	-0.33246302604675293	0.03195100277662277	-0.9413660764694214	-0.02551399916410446	-1.323881983757019	-0.4649930000305176	-0.88373202085495	0.3487589955329895	0.33309999108314514	-0.12602999806404114	1.3680460453033447	0.391074001789093	0.7988439798355103	0.4434239864349365	-0.001986999996006489	0.26179900765419006	0.8998559713363647	0.08027499914169312	-0.28735700249671936	-1.0880670547485352	0.8857259750366211	0.1146090030670166	0.18938100337982178	-0.8595359921455383	0.06846026331186295	-0.6673187017440796	-0.7229275703430176	-0.26735812425613403	0.007964670658111572	-0.3110550343990326	0.3637775778770447	0.5756288766860962	0.6090208888053894	0.2660095691680908	0.2860553562641144	0.052280064672231674	0.0	-0.21865218877792358	-0.19143018126487732	-0.2749010920524597	0.9221971035003662	-0.31148046255111694	-0.011064857244491577	0.10090991854667664	0.8600816130638123
-0.3924398124217987	0.007018805481493473	0.20548895001411438	0.04662986844778061	-0.3252750039100647	0.0311406422406435	-0.9439557194709778	-0.02458840049803257	-1.3380221128463745	-0.4794791638851166	-0.8873070478439331	0.34812939167022705	0.32622283697128296	-0.12076820433139801	1.3801575899124146	0.4048253297805786	0.8049565553665161	0.4496585726737976	-0.0008314031292684376	0.26179900765419006	0.8954851627349854	0.07575381547212601	-0.29283079504966736	-1.0693292617797852	0.8793790340423584	0.11383520066738129	0.19213438034057617	-0.842408299446106	0.024155061691999435	-0.7308274507522583	-0.6916992664337158	-0.1344338059425354	-0.0675782561302185	-0.3425121307373047	0.1231510192155838	0.608709454536438	0.7421232461929321	0.31162649393081665	0.32979249954223633	0.05255468562245369	0.0	-0.22603720426559448	-0.18991920351982117	-0.3270655870437622	0.9438931941986084	-0.3239765763282776	-0.030534714460372925	0.1443382352590561	0.8810833096504211
-0.3967297673225403	0.0064750127494335175	0.20729467272758484	0.04555826634168625	-0.317924439907074	0.030474640429019928	-0.9465307593345642	-0.024547796696424484	-1.3531150817871094	-0.4926609694957733	-0.8891093730926514	0.34605586528778076	0.31939950585365295	-0.12110395729541779	1.3923944234848022	0.4207589328289032	0.8113090395927429	0.456615686416626	0.00011518743121996522	0.26179900765419006	0.890814483165741	0.07267823070287704	-0.30043962597846985	-1.0503113269805908	0.87276691198349	0.11338761448860168	0.19515453279018402	-0.8242926597595215	0.014489702880382538	-0.7306277751922607	-0.6471074819564819	-0.08181780576705933	-0.14565438032150269	-0.3618188202381134	-0.049359723925590515	0.6159335374832153	0.7948040962219238	0.30638575553894043	0.34430474042892456	0.02443024143576622	0.0	-0.26269853115081787	-0.09325537830591202	-0.46135783195495605	0.9500861167907715	-0.352400541305542	-0.005600228905677795	0.1871895045042038	0.9611278772354126
-0.40110740065574646	0.006115802098065615	0.20901352167129517	0.04486884921789169	-0.3105575442314148	0.030154433101415634	-0.9490159749984741	-0.02400881238281727	-1.367247223854065	-0.5053634643554688	-0.8905797600746155	0.34230321645736694	0.3117500841617584	-0.12274259328842163	1.4047949314117432	0.43661749362945557	0.8172119855880737	0.4634307622909546	0.0001458065235055983	0.26179900765419006	0.8849772214889526	0.07202360033988953	-0.3112851083278656	-1.0313258171081543	0.8652830123901367	0.11361119151115417	0.19962196052074432	-0.8039631843566895	0.05305437371134758	-0.69599449634552	-0.6524778604507446	-0.03860294818878174	-0.20621120929718018	-0.4156649112701416	-0.056600943207740784	0.6543070077896118	0.7987730503082275	0.2648785710334778	0.2815812826156616	0.004870069678872824	0.0	-0.29943138360977173	-0.053930096328258514	-0.5197875499725342	0.9623676538467407	-0.38405507802963257	0.003974512219429016	0.22346563637256622	1.0184407234191895
-0.4055635631084442	0.005833604373037815	0.21058309078216553	0.04400947690010071	-0.3025258481502533	0.0294798593968153	-0.9516682624816895	-0.02242562174797058	-1.3809548616409302	-0.518760085105896	-0.8906534910202026	0.33780741691589355	0.3027729094028473	-0.12336799502372742	1.4185667037963867	0.4527098536491394	0.821904182434082	0.46787893772125244	0.00030999022419564426	0.26179900765419006	0.8788372278213501	0.0705210268497467	-0.3212311267852783	-1.0118166208267212	0.8574047088623047	0.11354659497737885	0.20409315824508667	-0.7835550308227539	0.07709529995918274	-0.6887704133987427	-0.6922140717506409	0.028593838214874268	-0.17480552196502686	-0.47967731952667236	-0.007185153663158417	0.7079511880874634	0.7998876571655273	0.193651020526886	0.2018555998802185	0.025204837322235107	0.0	-0.2836555242538452	-0.10886508971452713	-0.3984220325946808	0.9781211614608765	-0.38537532091140747	0.033070147037506104	0.19885115325450897	1.0561540126800537
-0.4102940261363983	0.00558099988847971	0.21208302676677704	0.04358900338411331	-0.29412004351615906	0.02910400554537773	-0.9543300271034241	-0.020925000309944153	-1.3947980403900146	-0.5330520272254944	-0.8894360065460205	0.33531099557876587	0.29256299138069153	-0.12302999943494797	1.4331129789352417	0.46861299872398376	0.8249580264091492	0.47150498628616333	0.001154000055976212	0.26179900765419006	0.8736310005187988	0.06766899675130844	-0.32722198963165283	-0.9922009706497192	0.8498679995536804	0.11493399739265442	0.20757600665092468	-0.7617170214653015	0.0638905018568039	-0.6950527429580688	-0.7023721933364868	0.0835716724395752	-0.06475597620010376	-0.5099974870681763	-0.003924965858459473	0.7204830646514893	0.7905229926109314	0.1200750470161438	0.16724616289138794	0.04460015147924423	0.0	-0.25179535150527954	-0.17281043529510498	-0.23439675569534302	0.9929776191711426	-0.35914182662963867	0.09426996111869812	0.0898461788892746	1.0640740394592285
-0.41522085666656494	0.005472604185342789	0.21355152130126953	0.04313788190484047	-0.28569069504737854	0.028504852205514908	-0.9569259881973267	-0.019870001822710037	-1.408756971359253	-0.5468549728393555	-0.8873106241226196	0.3352171778678894	0.28237301111221313	-0.1235249936580658	1.4473860263824463	0.48433077335357666	0.8267071843147278	0.47456878423690796	0.00209399638697505	0.26179900765419006	0.8687654137611389	0.06360860913991928	-0.33060699701309204	-0.9720975160598755	0.8430390357971191	0.11731739342212677	0.20768700540065765	-0.7409920692443848	0.0333850271999836	-0.6849765777587891	-0.6715878844261169	0.10799616575241089	0.008845329284667969	-0.4894234240055084	-0.05925465375185013	0.7078498601913452	0.7810987234115601	0.06632506847381592	0.1401945948600769	0.05552982911467552	0.0	-0.2534151077270508	-0.21393932402133942	-0.14342963695526123	1.0122478008270264	-0.2986297011375427	0.13676472008228302	-0.03703460097312927	0.9852930903434753
-0.4202873408794403	0.0054132030345499516	0.21478696167469025	0.04295405000448227	-0.2773849368095398	0.027921637520194054	-0.9593919515609741	-0.01958959922194481	-1.4221971035003662	-0.5599155426025391	-0.8851161599159241	0.3356648087501526	0.2729860544204712	-0.12540018558502197	1.4614269733428955	0.49985694885253906	0.8276110291481018	0.4771127700805664	0.0033751933369785547	0.26179900765419006	0.8634943962097168	0.059111423790454865	-0.3329591751098633	-0.9517110586166382	0.8379228115081787	0.12040458619594574	0.2060946226119995	-0.7223052978515625	-0.01519015058875084	-0.6355166435241699	-0.6161659955978394	0.09561628103256226	-0.0018700957298278809	-0.47239214181900024	-0.12269578874111176	0.6844460964202881	0.7554635405540466	0.0541195273399353	0.10116547346115112	0.059105198830366135	0.0	-0.22649168968200684	-0.23902589082717896	-0.04823952913284302	0.9768247604370117	-0.18052458763122559	0.1382952630519867	-0.06483010947704315	0.8704096078872681
-0.4254762530326843	0.005332603119313717	0.2160450965166092	0.04315585270524025	-0.26924368739128113	0.027197234332561493	-0.9617202877998352	-0.02047760784626007	-1.4341776371002197	-0.571501612663269	-0.8834859728813171	0.3351423740386963	0.2634773254394531	-0.12843282520771027	1.4747638702392578	0.5145493149757385	0.8288719654083252	0.478615403175354	0.004458204377442598	0.26179900765419006	0.8597057461738586	0.05404757335782051	-0.33253657817840576	-0.933024525642395	0.8358180522918701	0.12284920364618301	0.20509380102157593	-0.706175684928894	-0.035979971289634705	-0.5731165409088135	-0.5600437521934509	0.011424720287322998	-0.04628971219062805	-0.4740685224533081	-0.13566464185714722	0.6341040134429932	0.7055178284645081	0.0734373927116394	0.05243569612503052	0.0474049411714077	0.0	-0.11384934186935425	-0.274088978767395	0.15634223818778992	0.8483290672302246	-0.05659162998199463	0.12123472988605499	-0.04091039299964905	0.734303891658783
-0.43067237734794617	0.005266204010695219	0.21722730994224548	0.04336286708712578	-0.26139068603515625	0.026782643049955368	-0.9638867378234863	-0.021028798073530197	-1.4451217651367188	-0.5823172926902771	-0.8846591711044312	0.33381322026252747	0.25402331352233887	-0.13082677125930786	1.4867911338806152	0.5280776619911194	0.8305485248565674	0.4792101979255676	0.00527139101177454	0.26179900765419006	0.8589404225349426	0.048147864639759064	-0.3267054855823517	-0.9177778959274292	0.8356591463088989	0.12525397539138794	0.20445820689201355	-0.6929331421852112	-0.13345611095428467	-0.4705101251602173	-0.44435858726501465	-0.12717396020889282	-0.03511011600494385	-0.5122285485267639	-0.10432861745357513	0.569799542427063	0.6689131259918213	0.10789930820465088	0.006565451622009277	0.0841183215379715	0.0	0.009456276893615723	-0.4470583200454712	0.4226610064506531	0.7156088948249817	0.10117143392562866	0.06312113255262375	-0.15769191086292267	0.5142912268638611
-0.43554598093032837	0.004388024564832449	0.21843892335891724	0.043253008276224136	-0.2545700967311859	0.024252071976661682	-0.9657819867134094	-0.025815851986408234	-1.4529980421066284	-0.5892759561538696	-0.8885729312896729	0.33373796939849854	0.24298818409442902	-0.13260596990585327	1.4975558519363403	0.5413058400154114	0.8331879377365112	0.4788780212402344	0.007822937332093716	0.26179900765419006	0.8600839972496033	0.03616524115204811	-0.31563013792037964	-0.9044001698493958	0.8398649096488953	0.12537404894828796	0.19878612458705902	-0.6856040358543396	-0.15307478606700897	-0.46550631523132324	-0.3937721252441406	-0.18716156482696533	-0.0523395836353302	-0.555091381072998	-0.058480724692344666	0.5440503358840942	0.7039979100227356	0.1694411039352417	-0.0022105872631073	0.15588021278381348	0.0	0.08645951747894287	-0.4574761688709259	0.6055556535720825	0.5578115582466125	0.29685646295547485	0.1777954399585724	-0.35835468769073486	0.22486895322799683
-0.44167476892471313	0.004641402047127485	0.21875417232513428	0.043752264231443405	-0.24706897139549255	0.024310637265443802	-0.9677045345306396	-0.027151789516210556	-1.4637420177459717	-0.5980681777000427	-0.8921456336975098	0.33171963691711426	0.23181965947151184	-0.13316600024700165	1.508553147315979	0.5562375783920288	0.837326169013977	0.47912177443504333	0.011506599374115467	0.26179900765419006	0.8623988032341003	0.029848817735910416	-0.3024832606315613	-0.8954654335975647	0.8475334048271179	0.13236579298973083	0.1901240199804306	-0.6839383840560913	-0.17965324223041534	-0.7560670375823975	-0.401914119720459	-0.12058615684509277	0.2343989908695221	-1.0546107292175293	-0.1404598355293274	0.6243914365768433	1.0360465049743652	0.2068042755126953	0.3462284803390503	0.04849182441830635	0.0	0.14706403017044067	-0.3656651973724365	0.7214761972427368	0.48978477716445923	0.4861757159233093	0.33009275794029236	-0.38382744789123535	-0.018137693405151367
-0.4498889744281769	0.005367999896407127	0.21913310885429382	0.04357624426484108	-0.23843392729759216	0.0235524270683527	-0.9698949456214905	-0.03300198167562485	-1.4832407236099243	-0.605352520942688	-0.8933963775634766	0.3431139290332794	0.2008037567138672	-0.13822436332702637	1.522531509399414	0.5827476978302002	0.841460108757019	0.4927271604537964	0.00976261030882597	0.26179900765419006	0.8659665584564209	0.021538633853197098	-0.28677108883857727	-0.8848087787628174	0.8593119382858276	0.13857775926589966	0.18343302607536316	-0.6863295435905457	-0.12974581122398376	-0.7945388555526733	-0.48117339611053467	-0.09662210941314697	0.4397287964820862	-1.224334955215454	-0.25224462151527405	0.658869743347168	1.0186328887939453	0.20889639854431152	0.4042409360408783	-0.060530148446559906	0.0	0.2217695116996765	-0.3553091585636139	0.7417187094688416	0.3931894898414612	0.5426481366157532	0.2923697233200073	-0.3161996603012085	-0.03637075424194336
-0.45582735538482666	0.005746199283748865	0.21938733756542206	0.04409504309296608	-0.23036989569664001	0.023613421246409416	-0.9718167185783386	-0.032341621816158295	-1.4955235719680786	-0.6173151135444641	-0.8960105180740356	0.3493087887763977	0.18284626305103302	-0.1432557851076126	1.5349079370498657	0.5969828963279724	0.8456820249557495	0.49529141187667847	0.009085393510758877	0.26179900765419006	0.8712695837020874	0.015636451542377472	-0.2728145122528076	-0.8797378540039062	0.869239330291748	0.14406058192253113	0.17747603356838226	-0.685393214225769	0.0962936282157898	-0.500449538230896	-0.5098253488540649	-0.10478943586349487	0.1577422022819519	-0.6242379546165466	-0.18191561102867126	0.5753815174102783	0.6105750799179077	0.20878463983535767	0.04078596830368042	0.029619015753269196	0.0	0.29984861612319946	-0.31869417428970337	0.6861485242843628	0.2035379409790039	0.41653960943222046	0.19998028874397278	-0.21969527006149292	0.11146813631057739
-0.46129855513572693	0.0057604038156569	0.2196197360754013	0.04384886100888252	-0.2226707935333252	0.023817429319024086	-0.9736161231994629	-0.029150236397981644	-1.5032587051391602	-0.6257455348968506	-0.8975879549980164	0.3494236171245575	0.17583423852920532	-0.14550098776817322	1.5455467700958252	0.6071707010269165	0.8498114943504333	0.4943585991859436	0.010947370901703835	0.26179900765419006	0.8779605031013489	0.008790867403149605	-0.25932514667510986	-0.8766672611236572	0.8759735226631165	0.14657697081565857	0.17464521527290344	-0.6818708181381226	0.18786397576332092	-0.3382861614227295	-0.3716185688972473	-0.044986605644226074	-0.03816932439804077	-0.21698139607906342	-0.06628036499023438	0.5212992429733276	0.48437416553497314	0.20552277565002441	-0.0643603503704071	0.13653884828090668	0.0	0.303533673286438	-0.30960971117019653	0.5832601189613342	0.1804947853088379	0.31301528215408325	0.11170990765094757	-0.0874008983373642	0.1968786120414734
-0.4666619300842285	0.005845998413860798	0.21970897912979126	0.04330601170659065	-0.21502110362052917	0.02405100129544735	-0.975351870059967	-0.02482706308364868	-1.5090550184249878	-0.632179856300354	-0.8978099822998047	0.3477820158004761	0.17416700720787048	-0.14590699970722198	1.5557599067687988	0.6163578629493713	0.8539029359817505	0.4927169978618622	0.014546947553753853	0.26179900765419006	0.8834109306335449	0.0032520624808967113	-0.2494841068983078	-0.8725180625915527	0.8817599415779114	0.14852897822856903	0.1739799976348877	-0.6775180697441101	0.20505501329898834	-0.278240442276001	-0.2989143133163452	0.056783854961395264	-0.10033473372459412	0.057706236839294434	-0.0270940363407135	0.5232453346252441	0.4617840051651001	0.15736669301986694	-0.08312910795211792	0.27455225586891174	0.0	0.2344861626625061	-0.23620033264160156	0.3758072853088379	0.2328813076019287	0.301949679851532	0.11714957654476166	-0.0516645610332489	0.23961812257766724
-0.4719986915588379	0.006015001330524683	0.21989332139492035	0.042824264615774155	-0.20735600590705872	0.02385043539106846	-0.977036714553833	-0.020948035642504692	-1.5143883228302002	-0.6377021074295044	-0.8953166007995605	0.34541022777557373	0.1781424880027771	-0.14658474922180176	1.566476583480835	0.6256420612335205	0.856106162071228	0.4910334348678589	0.021929461508989334	0.26179900765419006	0.8873399496078491	-0.0006571458652615547	-0.24429285526275635	-0.8673520088195801	0.8880515098571777	0.15126295387744904	0.1725786328315735	-0.6722860932350159	0.1247415766119957	-0.3429234027862549	-0.2615436911582947	0.20165890455245972	-0.18530488014221191	0.32881349325180054	-0.1990634948015213	0.5140900611877441	0.4885062575340271	0.07519125938415527	-0.11776462197303772	0.43248996138572693	0.0	0.19104033708572388	-0.19399604201316833	0.22408217191696167	0.29105693101882935	0.33048540353775024	0.14837495982646942	-0.09002462029457092	0.29592663049697876
-0.4775822162628174	0.00595500273630023	0.21998490393161774	0.04253024980425835	-0.19958508014678955	0.023599227890372276	-0.9786726832389832	-0.019837399944663048	-1.522771954536438	-0.6426416039466858	-0.8897436261177063	0.3403698205947876	0.1873195469379425	-0.15386953949928284	1.5763235092163086	0.6358981132507324	0.8569105863571167	0.4880064129829407	0.0318465456366539	0.26179900765419006	0.8910525441169739	-0.004507779143750668	-0.24052082002162933	-0.8608757853507996	0.8949793577194214	0.1544639766216278	0.17037901282310486	-0.665681004524231	0.035871148109436035	-0.5079746246337891	-0.2854585647583008	0.2941802144050598	-0.38613229990005493	0.47088339924812317	-0.4933878779411316	0.48602819442749023	0.53597092628479	0.019222497940063477	-0.19291192293167114	0.5269749164581299	0.0	0.1831352710723877	-0.21890190243721008	0.22536218166351318	0.3646552562713623	0.33707916736602783	0.16012676060199738	-0.12232623994350433	0.34552812576293945
-0.48320165276527405	0.005968204699456692	0.22008071839809418	0.04198484867811203	-0.19141939282417297	0.023276228457689285	-0.980333685874939	-0.019513189792633057	-1.5347073078155518	-0.6491204500198364	-0.8835493922233582	0.32996493577957153	0.19697782397270203	-0.16632026433944702	1.5859177112579346	0.6470808982849121	0.8568750619888306	0.48331695795059204	0.043008457869291306	0.26179900765419006	0.8946653604507446	-0.009413221850991249	-0.23527836799621582	-0.8527657985687256	0.9015346765518188	0.15766802430152893	0.1676855832338333	-0.6584649682044983	0.06276513636112213	-0.5768626928329468	-0.40248632431030273	0.20821541547775269	-0.5092710256576538	0.3275163471698761	-0.49156174063682556	0.52834153175354	0.5181938409805298	-0.029394030570983887	-0.32453611493110657	0.5506519079208374	0.0	0.15544593334197998	-0.22987577319145203	0.2650309205055237	0.4176199436187744	0.2916008234024048	0.17495080828666687	-0.14039576053619385	0.3841012716293335
-0.48848485946655273	0.006187002640217543	0.22017037868499756	0.04162466898560524	-0.182803675532341	0.022906435653567314	-0.9820007681846619	-0.01732679456472397	-1.5458464622497559	-0.6587410569190979	-0.8814150094985962	0.31999897956848145	0.20042020082473755	-0.17353200912475586	1.5974571704864502	0.6566258668899536	0.8557348251342773	0.4750249683856964	0.053872622549533844	0.26179900765419006	0.8972703814506531	-0.013702809810638428	-0.22991958260536194	-0.8441709876060486	0.9066433906555176	0.16146200895309448	0.1647631824016571	-0.6503169536590576	0.10965408384799957	-0.601738691329956	-0.5600586533546448	0.04528462886810303	-0.29994919896125793	0.18640272319316864	-0.23181810975074768	0.5832046270370483	0.45487433671951294	-0.06427466869354248	-0.48474520444869995	0.40541255474090576	0.0	0.1173660159111023	-0.21904301643371582	0.22918321192264557	0.48511624336242676	0.2231314778327942	0.1919478178024292	-0.160188227891922	0.46689659357070923
-0.4935549795627594	0.006271002348512411	0.2202899307012558	0.0412680059671402	-0.17399811744689941	0.022366009652614594	-0.9836270213127136	-0.015127026475965977	-1.55877685546875	-0.6715227961540222	-0.881738007068634	0.3179669678211212	0.20443393290042877	-0.17559298872947693	1.6092458963394165	0.6652758717536926	0.8543040752410889	0.46392714977264404	0.05922495946288109	0.26179900765419006	0.8993600010871887	-0.018174942582845688	-0.22611103951931	-0.8333611488342285	0.9104599356651306	0.1653459370136261	0.16127805411815643	-0.6397891044616699	0.06748489290475845	-0.7296234369277954	-0.7017478346824646	0.02111196517944336	0.07314980030059814	0.31083449721336365	-0.09173974394798279	0.6006896495819092	0.4752829670906067	-0.0798448920249939	-0.5007796287536621	0.18662428855895996	0.0	0.09409040212631226	-0.2232145518064499	0.13225451111793518	0.6015792489051819	0.13510435819625854	0.195954367518425	-0.1941543072462082	0.5989030003547668
-0.49853941798210144	0.006232602056115866	0.22033575177192688	0.04103228077292442	-0.16477875411510468	0.021696245297789574	-0.9852378964424133	-0.014627398923039436	-1.5750313997268677	-0.6868109703063965	-0.8805705308914185	0.32292497158050537	0.2128535807132721	-0.17720159888267517	1.6214847564697266	0.6756371855735779	0.8525410294532776	0.4549937844276428	0.06133759394288063	0.26179900765419006	0.9010339975357056	-0.022631391882896423	-0.22462940216064453	-0.8201078176498413	0.9120475649833679	0.16930018365383148	0.15699701011180878	-0.6263608336448669	0.004985718987882137	-0.8523792028427124	-0.7916882634162903	0.06466507911682129	0.2595357596874237	0.4253957271575928	-0.08679032325744629	0.6433814764022827	0.5628123879432678	-0.08654743432998657	-0.35843849182128906	0.14196550846099854	0.0	0.08025914430618286	-0.19537606835365295	0.013830885291099548	0.7053717970848083	0.04409104585647583	0.21642595529556274	-0.23933537304401398	0.7118314504623413
-0.5033959746360779	0.0062654041685163975	0.2202325165271759	0.04098205268383026	-0.1553688496351242	0.021122630685567856	-0.9867804646492004	-0.014927597716450691	-1.5928720235824585	-0.7031903266906738	-0.8791514039039612	0.32834839820861816	0.22144976258277893	-0.17906460165977478	1.6349811553955078	0.6877883672714233	0.8508421778678894	0.4495896100997925	0.06490357965230942	0.26179900765419006	0.902570366859436	-0.025989985093474388	-0.22555780410766602	-0.8051462769508362	0.9122235774993896	0.1740029752254486	0.15170463919639587	-0.6113158464431763	-0.02011493779718876	-0.8737146854400635	-0.8400216698646545	0.04162788391113281	0.2251148223876953	0.321524977684021	-0.015385821461677551	0.7239937782287598	0.634707510471344	-0.08928030729293823	-0.2300642430782318	0.19708433747291565	0.0	0.06022453308105469	-0.14640973508358002	-0.08914954960346222	0.7742777466773987	-0.009039044380187988	0.2532593905925751	-0.301824152469635	0.7774725556373596
-0.5080517530441284	0.006410602945834398	0.21979831159114838	0.04119545593857765	-0.14577245712280273	0.02025783620774746	-0.9882526993751526	-0.015431996434926987	-1.6099799871444702	-0.7204118371009827	-0.8789054155349731	0.3319295644760132	0.2257145792245865	-0.17781703174114227	1.650444507598877	0.7010254859924316	0.8489698171615601	0.44579121470451355	0.06922096759080887	0.26179900765419006	0.9034429788589478	-0.028487781062722206	-0.22819538414478302	-0.7891367077827454	0.9116860032081604	0.17943055927753448	0.14492404460906982	-0.5952619314193726	-0.036179739981889725	-0.8494049310684204	-0.8530184626579285	0.009356439113616943	0.15941858291625977	0.15686526894569397	0.07409974932670593	0.7902145385742188	0.6840735673904419	-0.11243671178817749	-0.16028434038162231	0.19848960638046265	0.0	0.04680752754211426	-0.14321939647197723	-0.13642460107803345	0.8452370762825012	-0.05135536193847656	0.24539455771446228	-0.3273743987083435	0.8334904909133911
-0.5126297473907471	0.006415003444999456	0.2190583199262619	0.04128708317875862	-0.13616357743740082	0.019361047074198723	-0.9896364212036133	-0.01637478731572628	-1.6268482208251953	-0.737311065196991	-0.8787771463394165	0.33472514152526855	0.2277243733406067	-0.17610061168670654	1.6665897369384766	0.715151309967041	0.8463447093963623	0.4431782364845276	0.07284316420555115	0.26179900765419006	0.9044426679611206	-0.03171876072883606	-0.23101478815078735	-0.7713367938995361	0.9101693630218506	0.1838187575340271	0.13860966265201569	-0.5779762268066406	-0.06470009684562683	-0.8390992879867554	-0.8187785744667053	0.03816038370132446	0.12418553233146667	0.1066356897354126	-0.0056743621826171875	0.8058637380599976	0.7343381643295288	-0.1385703682899475	-0.08715540170669556	0.1684008240699768	0.0	0.05012601613998413	-0.20175543427467346	-0.10186545550823212	0.9496927261352539	-0.09172558784484863	0.19776113331317902	-0.30590111017227173	0.8894234895706177
-0.5171949863433838	0.00628300104290247	0.218053936958313	0.0411750003695488	-0.12662403285503387	0.018602004274725914	-0.9909210205078125	-0.01802000030875206	-1.6435439586639404	-0.7531629800796509	-0.8773790001869202	0.33689698576927185	0.229980006814003	-0.17804400622844696	1.6826790571212769	0.7303990125656128	0.8434270024299622	0.4423049986362457	0.07595700025558472	0.26179900765419006	0.9054480195045471	-0.03655799850821495	-0.2322700023651123	-0.7511489987373352	0.9080169796943665	0.18734100461006165	0.1326880007982254	-0.5596849918365479	-0.08831969648599625	-0.8370488882064819	-0.7861971855163574	0.06484389305114746	0.0784561038017273	0.12928955256938934	-0.15712827444076538	0.815129280090332	0.7766067981719971	-0.14830231666564941	-0.01606196165084839	0.13843514025211334	0.0	0.019599497318267822	-0.2806784510612488	-0.019241124391555786	1.0504708290100098	-0.10959804058074951	0.18713437020778656	-0.2764347791671753	0.9611323475837708
-0.5215615034103394	0.006125403102487326	0.21672795712947845	0.04113207012414932	-0.11725515127182007	0.017834240570664406	-0.9920892715454102	-0.019907575100660324	-1.6603301763534546	-0.7687589526176453	-0.8761833906173706	0.33786338567733765	0.23289595544338226	-0.18238574266433716	1.6991949081420898	0.7462155818939209	0.8404126167297363	0.44253575801849365	0.07838056981563568	0.26179900765419006	0.9052266478538513	-0.042945899069309235	-0.23178443312644958	-0.7293179631233215	0.9057854413986206	0.19130413234233856	0.12755227088928223	-0.5395309329032898	-0.09161978960037231	-0.832328200340271	-0.7708176970481873	0.05140453577041626	0.03860965371131897	0.15440955758094788	-0.22440925240516663	0.816810131072998	0.7826372981071472	-0.15483349561691284	0.019519776105880737	0.08935481309890747	0.0	-0.038060545921325684	-0.3226592242717743	0.07123947143554688	1.1069506406784058	-0.1066550612449646	0.23896880447864532	-0.28923916816711426	1.0459825992584229
-0.5257541537284851	0.006037201266735792	0.21527671813964844	0.041228052228689194	-0.10817260295152664	0.017193425446748734	-0.9931280016899109	-0.021684791892766953	-1.6768370866775513	-0.7839956879615784	-0.8753228187561035	0.3384413719177246	0.2361563891172409	-0.18702037632465363	1.7153514623641968	0.7617045044898987	0.8372336626052856	0.44308578968048096	0.07953119277954102	0.26179900765419006	0.9039255976676941	-0.04946436733007431	-0.22942042350769043	-0.706870973110199	0.9037507772445679	0.19689975678920746	0.12111843377351761	-0.5178456902503967	-0.09519019722938538	-0.8195549249649048	-0.7600694894790649	0.05660802125930786	0.05989968776702881	0.1751106232404709	-0.22807568311691284	0.8018225431442261	0.7558912038803101	-0.17329156398773193	0.032285600900650024	0.052890367805957794	0.0	-0.09351074695587158	-0.32513636350631714	0.13443008065223694	1.1256545782089233	-0.08566975593566895	0.32060518860816956	-0.3528900444507599	1.1449135541915894
-0.5296823978424072	0.005964402575045824	0.21367251873016357	0.0415586456656456	-0.09951596707105637	0.016473622992634773	-0.9940312504768372	-0.02371518313884735	-1.6931123733520508	-0.7991617321968079	-0.8739190697669983	0.3402593731880188	0.2399003803730011	-0.19150876998901367	1.7312678098678589	0.7764512300491333	0.833480954170227	0.44382718205451965	0.08049618452787399	0.26179900765419006	0.9014862179756165	-0.055951353162527084	-0.2264072299003601	-0.6842917799949646	0.9023586511611938	0.20412833988666534	0.11343666911125183	-0.4937343895435333	-0.09574983268976212	-0.8173614740371704	-0.7502734661102295	0.07791519165039062	0.1237139105796814	0.18207430839538574	-0.21274983882904053	0.775560736656189	0.7131233811378479	-0.19854605197906494	0.027564913034439087	0.051144883036613464	0.0	-0.14100968837738037	-0.32050925493240356	0.16672983765602112	1.1425540447235107	-0.05626380443572998	0.39699411392211914	-0.43760332465171814	1.206876277923584
-0.5334358215332031	0.00598480086773634	0.21198633313179016	0.04187566041946411	-0.09128241240978241	0.01584922894835472	-0.9948180317878723	-0.025514785200357437	-1.709531545639038	-0.8140066266059875	-0.8722062110900879	0.34338992834091187	0.24343936145305634	-0.19553036987781525	1.7463738918304443	0.7902294397354126	0.829291820526123	0.4441883862018585	0.08157698810100555	0.26179900765419006	0.8982852101325989	-0.06228473782539368	-0.22275123000144958	-0.6611688137054443	0.9015002250671387	0.21277952194213867	0.10361430048942566	-0.4695706367492676	-0.06912024319171906	-0.8097082376480103	-0.7378518581390381	0.10722577571868896	0.20131319761276245	0.18418952822685242	-0.16728006303310394	0.7497996091842651	0.6567642092704773	-0.2123221755027771	0.022670626640319824	0.055770017206668854	0.0	-0.1531541347503662	-0.3238891363143921	0.17900466918945312	1.1395364999771118	-0.023415684700012207	0.40461456775665283	-0.3536161184310913	1.254001259803772
-0.5369069576263428	0.00600600428879261	0.2100750058889389	0.04204000160098076	-0.08376011252403259	0.015004011802375317	-0.9954860806465149	-0.026479993015527725	-1.7255007028579712	-0.8286758065223694	-0.8696300387382507	0.3483119010925293	0.2472679615020752	-0.19819997251033783	1.7612597942352295	0.8027217984199524	0.824988067150116	0.44473400712013245	0.08272698521614075	0.26179900765419006	0.8953600525856018	-0.06890691816806793	-0.21924704313278198	-0.6387103199958801	0.9014220237731934	0.2203129231929779	0.09929202497005463	-0.44357433915138245	-0.03109527751803398	-0.7377147674560547	-0.5913659930229187	0.16607046127319336	0.15663206577301025	0.2199459820985794	-0.1104455441236496	0.6453454494476318	0.573459267616272	-0.2431809902191162	0.006220489740371704	0.04163030534982681	0.0	-0.14629513025283813	-0.3153461813926697	0.19211061298847198	1.1106401681900024	-0.018680095672607422	0.35940632224082947	-0.09723268449306488	1.3006597757339478
-0.5398963689804077	0.00665159709751606	0.20873118937015533	0.04165823757648468	-0.07728468626737595	0.014162414707243443	-0.9960376620292664	-0.026758596301078796	-1.7390401363372803	-0.8376612663269043	-0.8655633926391602	0.3496552109718323	0.2522372007369995	-0.19994819164276123	1.7721877098083496	0.8131678104400635	0.8195645809173584	0.4444372057914734	0.08324220031499863	0.26179900765419006	0.8924334049224854	-0.07489858567714691	-0.2150668054819107	-0.6167432069778442	0.9007530212402344	0.22715577483177185	0.09972499310970306	-0.41754424571990967	-0.020085228607058525	-0.5501240491867065	-0.22705495357513428	0.25693178176879883	-0.16300901770591736	0.3007374703884125	-0.10559633374214172	0.4161059856414795	0.4581764340400696	-0.264662504196167	-0.07459074258804321	0.00014025717973709106	0.0	-0.16320198774337769	-0.27294790744781494	0.22606700658798218	1.0961830615997314	-0.0449255108833313	0.35656318068504333	0.05928464233875275	1.3044788837432861
-0.542269766330719	0.007861612364649773	0.20812329649925232	0.040951214730739594	-0.07210779935121536	0.013058997690677643	-0.99647057056427	-0.027283402159810066	-1.7475056648254395	-0.8377580046653748	-0.8593527674674988	0.3417915403842926	0.2592974603176117	-0.2024238258600235	1.7779040336608887	0.8210488557815552	0.8144015669822693	0.4417503774166107	0.08273259550333023	0.26179900765419006	0.8888319730758667	-0.07982483506202698	-0.2102043628692627	-0.5948629975318909	0.8996250033378601	0.23457545042037964	0.10166341066360474	-0.3913951814174652	0.002829683944582939	-0.38117170333862305	-0.0024184584617614746	0.2840399742126465	-0.40822848677635193	0.37157386541366577	-0.12393482029438019	0.28513073921203613	0.365447998046875	-0.23581385612487793	-0.11873990297317505	-0.020559877157211304	0.0	-0.16295909881591797	-0.2657890319824219	0.2545442581176758	1.07948637008667	-0.042825937271118164	0.36933422088623047	0.056750327348709106	1.2958168983459473
-0.5444397926330566	0.008776197209954262	0.20744892954826355	0.03988182917237282	-0.0675058662891388	0.011978412047028542	-0.9968499541282654	-0.02664540894329548	-1.7542870044708252	-0.8377580046653748	-0.8542017936706543	0.3333260715007782	0.26710015535354614	-0.20490558445453644	1.783592939376831	0.8277857303619385	0.8101320266723633	0.4396876096725464	0.08241980522871017	0.26179900765419006	0.8859150409698486	-0.08553014695644379	-0.20488503575325012	-0.5735637545585632	0.8990399837493896	0.24192914366722107	0.10199500620365143	-0.3657115697860718	0.05417517572641373	-0.3096163272857666	0.0	0.2377435564994812	-0.4043392837047577	0.3789342939853668	-0.14164485037326813	0.2814352512359619	0.32375454902648926	-0.19869059324264526	-0.07251948118209839	-0.0044150277972221375	0.0	-0.10649412870407104	-0.30096435546875	0.23881420493125916	1.070481538772583	0.002485513687133789	0.37000441551208496	-0.059470534324645996	1.2225754261016846
-0.5464767813682556	0.00946100428700447	0.20664972066879272	0.03847881779074669	-0.06358601152896881	0.011062203906476498	-0.9971731305122375	-0.025116395205259323	-1.7598903179168701	-0.8377580046653748	-0.8498430252075195	0.3256179690361023	0.27445483207702637	-0.20808961987495422	1.7891614437103271	0.8339990377426147	0.8064539432525635	0.4388495981693268	0.08255599439144135	0.26179900765419006	0.8845722079277039	-0.09186340868473053	-0.20065179467201233	-0.5520437359809875	0.8997244238853455	0.2493756264448166	0.0992845892906189	-0.34249216318130493	0.07723523676395416	-0.23035109043121338	0.0	0.20899474620819092	-0.39185211062431335	0.3538958728313446	-0.17721056938171387	0.26522576808929443	0.24870634078979492	-0.19960105419158936	-0.08414015173912048	0.018154829740524292	0.0	-0.08037537336349487	-0.32474640011787415	0.12690089643001556	1.0925934314727783	0.04887580871582031	0.36029666662216187	-0.2243001013994217	1.0315642356872559
-0.5481929779052734	0.009617002680897713	0.2060709297657013	0.03708600252866745	-0.06010100618004799	0.010021002031862736	-0.9974530339241028	-0.023555999621748924	-1.7635010480880737	-0.8377580046653748	-0.8458420038223267	0.31765198707580566	0.2812559902667999	-0.211994007229805	1.7942019701004028	0.8377339839935303	0.8021479845046997	0.43632200360298157	0.08314599841833115	0.26179900765419006	0.8827000260353088	-0.09852000325918198	-0.1998089998960495	-0.5298600196838379	0.9009950160980225	0.25634101033210754	0.09302300214767456	-0.32444900274276733	0.08811400830745697	-0.11455416679382324	0.0	0.16915500164031982	-0.38869157433509827	0.30915215611457825	-0.17588362097740173	0.2174168825149536	0.09397417306900024	-0.22948682308197021	-0.19846782088279724	0.07569417357444763	0.0	-0.07574111223220825	-0.36615169048309326	0.05668476223945618	1.1047794818878174	0.10176151990890503	0.32402241230010986	-0.3495223820209503	0.7602900266647339
-0.5496740341186523	0.009339406155049801	0.2060108780860901	0.035765230655670166	-0.05717165768146515	0.009047415107488632	-0.9976828098297119	-0.021591834723949432	-1.764472484588623	-0.8377580046653748	-0.8430768251419067	0.31007030606269836	0.2868209183216095	-0.2151249647140503	1.7978581190109253	0.8377580046653748	0.7972744703292847	0.4309108853340149	0.08558376133441925	0.26179900765419006	0.8815425634384155	-0.10650947690010071	-0.19838440418243408	-0.5078525543212891	0.9037948846817017	0.26233652234077454	0.08530369400978088	-0.3120805621147156	0.10025472939014435	-0.03821849822998047	0.0	0.10638982057571411	-0.3430888056755066	0.25666430592536926	-0.14373920857906342	0.16926825046539307	0.0006005167961120605	-0.22770464420318604	-0.23063495755195618	0.12938976287841797	0.0	-0.024396181106567383	-0.4045989513397217	0.006024911999702454	1.1238276958465576	0.18542855978012085	0.2622440457344055	-0.28062984347343445	0.502204179763794
-0.5509505867958069	0.009055202826857567	0.20598271489143372	0.03437580540776253	-0.05484142526984215	0.008160404860973358	-0.9978697896003723	-0.01954581029713154	-1.765029788017273	-0.8377580046653748	-0.8415864109992981	0.3039284348487854	0.2915225625038147	-0.21774357557296753	1.8009727001190186	0.8377580046653748	0.7930397987365723	0.4270966053009033	0.08832158893346786	0.26179900765419006	0.8817241787910461	-0.1147039607167244	-0.1995680034160614	-0.4849069118499756	0.9084121584892273	0.26683077216148376	0.08179780840873718	-0.30436083674430847	0.09511560201644897	-0.026041269302368164	0.0	0.0512048602104187	-0.261717289686203	0.23507624864578247	-0.12987032532691956	0.1339346170425415	0.0	-0.189971923828125	-0.16056671738624573	0.14568045735359192	0.0	0.013950467109680176	-0.40957164764404297	-0.14889314770698547	1.1712290048599243	0.24260282516479492	0.17107650637626648	-0.030148401856422424	0.2866886556148529
-0.551941990852356	0.008702804334461689	0.20612011849880219	0.03308961167931557	-0.05308961868286133	0.007609404157847166	-0.9980126023292542	-0.017787210643291473	-1.7655141353607178	-0.8377580046653748	-0.84102863073349	0.29960161447525024	0.2962239682674408	-0.22031977772712708	1.803215503692627	0.8377580046653748	0.7896755933761597	0.42448821663856506	0.09141097962856293	0.26179900765419006	0.8821005821228027	-0.1228923425078392	-0.2043401300907135	-0.4610033929347992	0.9134989976882935	0.2691795825958252	0.08409775793552399	-0.30061301589012146	0.07242034375667572	-0.014057755470275879	0.0	0.002925097942352295	-0.17517656087875366	0.23064613342285156	-0.11902041733264923	0.08769631385803223	0.0	-0.12060999870300293	-0.11921525001525879	0.16171056032180786	0.0	0.006605684757232666	-0.38031134009361267	-0.30899569392204285	1.1647090911865234	0.2370968461036682	0.07547512650489807	0.2403702586889267	0.13039112091064453
-0.5525998473167419	0.008430599234998226	0.206582710146904	0.032254409044981	-0.05176181718707085	0.007251401897519827	-0.9981119632720947	-0.016648996621370316	-1.765592098236084	-0.8377580046653748	-0.841469407081604	0.29692137241363525	0.30074840784072876	-0.2225043922662735	1.8044805526733398	0.8377580046653748	0.7882153987884521	0.42232799530029297	0.0947900116443634	0.26179900765419006	0.8819884061813354	-0.12991641461849213	-0.21192783117294312	-0.43831855058670044	0.917896032333374	0.2698497772216797	0.09141261875629425	-0.2991451919078827	0.04777996987104416	0.01545250415802002	0.0	-0.03153383731842041	-0.11543929576873779	0.2204500138759613	-0.08193030953407288	0.03503859043121338	0.0	-0.012239813804626465	-0.12465491890907288	0.17962418496608734	0.0	-0.021639466285705566	-0.3177644610404968	-0.38821959495544434	1.0478287935256958	0.186273455619812	-0.0125885009765625	0.414053350687027	0.061074644327163696
-0.5530120134353638	0.008202005177736282	0.20736587047576904	0.0319410040974617	-0.05110099911689758	0.007060001138597727	-0.9981581568717957	-0.015876011922955513	-1.764896035194397	-0.8377580046653748	-0.8422899842262268	0.29498404264450073	0.30504196882247925	-0.22359699010849	1.8046170473098755	0.8377580046653748	0.7891860008239746	0.41950201988220215	0.09859594702720642	0.26179900765419006	0.8812350034713745	-0.1356029212474823	-0.21986891329288483	-0.41909024119377136	0.9209499359130859	0.2686760425567627	0.10065989196300507	-0.2981700301170349	0.04124457389116287	0.0657498836517334	0.0	-0.03489404916763306	-0.1060381531715393	0.19618868827819824	-0.03994069993495941	-0.015455484390258789	0.0	0.08834302425384521	-0.14647841453552246	0.21166279911994934	0.0	-0.027544796466827393	-0.2191636711359024	-0.3376871347427368	0.8406393527984619	0.11937469244003296	-0.06923899054527283	0.42414700984954834	0.06601884961128235
-0.553525984287262	0.008283596485853195	0.20830248296260834	0.03189300000667572	-0.04996100813150406	0.00668000103905797	-0.9982191324234009	-0.014999213628470898	-1.7629621028900146	-0.8377580046653748	-0.8428651690483093	0.2926798462867737	0.3085959553718567	-0.22410202026367188	1.8038623332977295	0.8377580046653748	0.791749119758606	0.41646885871887207	0.10325652360916138	0.26179900765419006	0.8808866143226624	-0.13868296146392822	-0.2254353165626526	-0.40469297766685486	0.9226710200309753	0.2670802175998688	0.10837849974632263	-0.2965044379234314	0.03153528273105621	0.11551976203918457	0.0	-0.04509538412094116	-0.1341208815574646	0.150955468416214	-0.006495043635368347	-0.042051076889038086	0.0	0.1741647720336914	-0.1661747694015503	0.2605106830596924	0.0	-0.026559829711914062	-0.10988153517246246	-0.22632144391536713	0.624424934387207	0.04751086235046387	-0.09250044822692871	0.2913525402545929	0.09838566184043884
-0.5538944602012634	0.008356999605894089	0.2093249410390854	0.032270003110170364	-0.04931400716304779	0.0065740011632442474	-0.998240053653717	-0.01461460068821907	-1.7602752447128296	-0.8377580046653748	-0.8440937995910645	0.28961920738220215	0.3110801875591278	-0.22385679185390472	1.802935004234314	0.8377580046653748	0.7961525917053223	0.41285502910614014	0.10901637375354767	0.26179900765419006	0.880172610282898	-0.1399981826543808	-0.2289217710494995	-0.3941132426261902	0.9228503704071045	0.26497602462768555	0.11231399327516556	-0.29423460364341736	0.0035252654924988747	0.14117658138275146	0.0	-0.06441473960876465	-0.1657716929912567	0.0851266086101532	0.02372041344642639	-0.0521540641784668	0.0	0.2505585551261902	-0.2062372863292694	0.3049127757549286	0.0	-0.06207674741744995	-0.04185102880001068	-0.0951819121837616	0.47250986099243164	-0.027351081371307373	-0.1218557357788086	0.1133820042014122	0.12911111116409302
-0.5541727542877197	0.008332204073667526	0.210285946726799	0.03320900350809097	-0.04849300906062126	0.006434000562876463	-0.9982510209083557	-0.014858203008770943	-1.7573150396347046	-0.8377580046653748	-0.8454417586326599	0.2860489785671234	0.3120010197162628	-0.22315320372581482	1.8017761707305908	0.8377580046653748	0.8017714619636536	0.4082193672657013	0.11545303463935852	0.26179900765419006	0.8784035444259644	-0.14035700261592865	-0.22924259305000305	-0.3857925832271576	0.921576976776123	0.26220598816871643	0.11291377991437912	-0.2913399934768677	-0.02323477528989315	0.14431476593017578	0.0	-0.07162541151046753	-0.17569437623023987	0.023080408573150635	0.040270015597343445	-0.06217062473297119	0.0	0.28489381074905396	-0.24964511394500732	0.3165690302848816	0.0	-0.10026097297668457	0.011834129691123962	0.07325336337089539	0.35758987069129944	-0.08401274681091309	-0.14217495918273926	-0.10900832712650299	0.12015476822853088
-0.5544430017471313	0.008378598839044571	0.2111375629901886	0.034049004316329956	-0.04791000112891197	0.006309001240879297	-0.9982510805130005	-0.015543991699814796	-1.7545026540756226	-0.8377580046653748	-0.8469588160514832	0.28259143233299255	0.31200340390205383	-0.222245991230011	1.8004481792449951	0.8377580046653748	0.8075483441352844	0.40286922454833984	0.12167913466691971	0.26179900765419006	0.8761621713638306	-0.13952481746673584	-0.2259916365146637	-0.3798096477985382	0.919489860534668	0.259289026260376	0.10795366019010544	-0.2894284129142761	-0.03616991639137268	0.1280754804611206	0.0	-0.0675305724143982	-0.16759932041168213	0.011274218559265137	0.0429302453994751	-0.07475316524505615	0.0	0.3096640110015869	-0.2917341887950897	0.32967403531074524	0.0	-0.14326423406600952	0.05534999072551727	0.24903975427150726	0.28993934392929077	-0.13137459754943848	-0.1679249107837677	-0.2944944500923157	0.10312497615814209
-0.5546950101852417	0.008385003544390202	0.21178291738033295	0.03528400510549545	-0.04710500314831734	0.005998001433908939	-0.9982490539550781	-0.016304999589920044	-1.7521920204162598	-0.8377580046653748	-0.8481429815292358	0.27934500575065613	0.3124519884586334	-0.22143599390983582	1.7987860441207886	0.8377580046653748	0.814158022403717	0.3965499997138977	0.12863999605178833	0.26179900765419006	0.872672975063324	-0.13814300298690796	-0.21928100287914276	-0.37419500946998596	0.9163219928741455	0.2554889917373657	0.10113400220870972	-0.287214994430542	-0.0387151725590229	0.09284615516662598	0.0	-0.041966140270233154	-0.12457072734832764	0.03018975257873535	0.05016997456550598	-0.07318854331970215	0.0	0.2926751971244812	-0.28890520334243774	0.3197362720966339	0.0	-0.18954426050186157	0.08791536092758179	0.37810057401657104	0.2421259880065918	-0.1527160406112671	-0.19469037652015686	-0.3956761360168457	0.07339045405387878
-0.5548258423805237	0.008530200459063053	0.21228495240211487	0.03605000302195549	-0.04668000712990761	0.005693000741302967	-0.9982430338859558	-0.017092598602175713	-1.7507888078689575	-0.8377580046653748	-0.8486374616622925	0.27760860323905945	0.31321099400520325	-0.22023919224739075	1.797520637512207	0.8377580046653748	0.8192553520202637	0.39131301641464233	0.13446858525276184	0.26179900765419006	0.8685804009437561	-0.13600820302963257	-0.21086761355400085	-0.37012460827827454	0.9133812189102173	0.2515014111995697	0.09212661534547806	-0.28649279475212097	-0.03221486508846283	0.05207359790802002	0.0	0.004455447196960449	-0.049655139446258545	0.038104504346847534	0.051909685134887695	-0.05341470241546631	0.0	0.21292716264724731	-0.22640377283096313	0.26252269744873047	0.0	-0.21077096462249756	0.11550858616828918	0.4348408579826355	0.16830861568450928	-0.14443397521972656	-0.21305307745933533	-0.41247159242630005	0.010325014591217041
-0.5548928380012512	0.008704997599124908	0.21267716586589813	0.03660200163722038	-0.046372998505830765	0.005390000995248556	-0.9982390403747559	-0.017593594267964363	-1.750109076499939	-0.8377580046653748	-0.8479647636413574	0.2773588001728058	0.3139761686325073	-0.2193596065044403	1.79664945602417	0.8377580046653748	0.8226751089096069	0.3874938488006592	0.13914090394973755	0.26179900765419006	0.8642421364784241	-0.1335226595401764	-0.2018873691558838	-0.3674626648426056	0.9105446338653564	0.2469668686389923	0.08463513851165771	-0.2868019938468933	-0.019705016165971756	0.019881129264831543	0.0	0.05027055740356445	0.01330450177192688	0.0438399612903595	0.03570467233657837	-0.03186166286468506	0.0	0.1457810401916504	-0.1534104347229004	0.22103972733020782	0.0	-0.22172331809997559	0.12451969087123871	0.4731781780719757	0.09268522262573242	-0.14501512050628662	-0.2249293029308319	-0.3780737519264221	-0.02337545156478882
-0.5549126267433167	0.008917400613427162	0.2130119502544403	0.03716600313782692	-0.0460750088095665	0.0047889999113976955	-0.9982350468635559	-0.017880799248814583	-1.7499935626983643	-0.8377580046653748	-0.8466266393661499	0.2781407833099365	0.3149645924568176	-0.2188110053539276	1.7962461709976196	0.8377580046653748	0.8250865936279297	0.3851765990257263	0.14331017434597015	0.26179900765419006	0.8597114682197571	-0.13102741539478302	-0.19194048643112183	-0.36641719937324524	0.9075806140899658	0.24250423908233643	0.07700366526842117	-0.2874278128147125	-0.005170190706849098	-0.00235140323638916	0.0	0.0733986496925354	0.0494346022605896	0.0543154776096344	0.033479928970336914	-0.00826716423034668	0.0	0.09747743606567383	-0.08659139275550842	0.17022192478179932	0.0	-0.23017078638076782	0.1207105815410614	0.5046569108963013	0.019856542348861694	-0.15015006065368652	-0.20551569759845734	-0.4204612374305725	-0.03281980752944946
-0.5548626184463501	0.009137200191617012	0.21325713396072388	0.03735100477933884	-0.045899003744125366	0.0043940008617937565	-0.9982380270957947	-0.017800401896238327	-1.7502031326293945	-0.8377580046653748	-0.845028817653656	0.27933618426322937	0.3161487877368927	-0.21802040934562683	1.796318769454956	0.8377580046653748	0.8265742063522339	0.38403019309043884	0.14594978094100952	0.26179900765419006	0.8550353050231934	-0.12869423627853394	-0.18170109391212463	-0.3666684031486511	0.904538631439209	0.23874624073505402	0.06781668961048126	-0.2881147861480713	0.010869977995753288	-0.013387203216552734	0.0	0.09709149599075317	0.06893053650856018	0.05153492093086243	0.04547499120235443	0.016370415687561035	0.0	0.05716085433959961	-0.027990341186523438	0.09469576179981232	0.0	-0.22896230220794678	0.11216029524803162	0.4791620969772339	-0.031220167875289917	-0.1486659049987793	-0.16315579414367676	-0.47626662254333496	-0.027429312467575073
-0.5547530055046082	0.009276998229324818	0.2134319543838501	0.03740500658750534	-0.04576900228857994	0.0037540006451308727	-0.998244047164917	-0.01744600012898445	-1.7505290508270264	-0.8377580046653748	-0.8427429795265198	0.28089800477027893	0.3170259892940521	-0.21699200570583344	1.796900987625122	0.8377580046653748	0.8273730278015137	0.3840569853782654	0.14709800481796265	0.26179900765419006	0.8505529761314392	-0.12654100358486176	-0.17277400195598602	-0.36766600608825684	0.9016339778900146	0.23597800731658936	0.05795300006866455	-0.2885249853134155	0.02221977338194847	-0.016444921493530273	0.0	0.10800957679748535	0.08718892931938171	0.03148987889289856	0.04635527729988098	0.039201974868774414	0.0	0.02567470073699951	0.028070062398910522	0.032330676913261414	0.0	-0.21526217460632324	0.09598545730113983	0.4206843674182892	-0.06929486989974976	-0.13097524642944336	-0.11237561702728271	-0.4705891013145447	-0.018064677715301514
-0.554604172706604	0.009371801279485226	0.21349690854549408	0.0373150035738945	-0.04576100409030914	0.0033109996002167463	-0.9982501268386841	-0.016911610960960388	-1.7508609294891357	-0.8377580046653748	-0.8407084345817566	0.28282374143600464	0.31740838289260864	-0.2161661982536316	1.797886848449707	0.8377580046653748	0.8276011943817139	0.38515299558639526	0.14724300801753998	0.26179900765419006	0.8464248180389404	-0.12485481798648834	-0.16487371921539307	-0.3694401979446411	0.8992996215820312	0.2342512160539627	0.048993125557899475	-0.28883737325668335	0.03541456535458565	-0.015217065811157227	0.0	0.10017305612564087	0.09176433086395264	0.013455748558044434	0.03590993583202362	0.05255937576293945	0.0	-0.002065300941467285	0.06670951843261719	-0.008964911103248596	0.0	-0.19926726818084717	0.07010996341705322	0.3749620318412781	-0.08911937475204468	-0.11149346828460693	-0.055155158042907715	-0.4161316752433777	-0.004965066909790039
-0.5544203519821167	0.009412001818418503	0.21346895396709442	0.0370820052921772	-0.04582500457763672	0.0029360002372413874	-0.998257040977478	-0.016029417514801025	-1.7511377334594727	-0.8377580046653748	-0.8387360572814941	0.28456857800483704	0.3175642192363739	-0.2155556082725525	1.7990033626556396	0.8377580046653748	0.827290415763855	0.38672536611557007	0.1467394083738327	0.26179900765419006	0.8425822854042053	-0.12373660504817963	-0.15777552127838135	-0.3712307810783386	0.8971742391586304	0.23377180099487305	0.041307732462882996	-0.28872358798980713	0.05002003163099289	-0.010538101196289062	0.0	0.09433180093765259	0.08942633867263794	-0.014379620552062988	0.0127449631690979	0.05754828453063965	0.0	-0.03145933151245117	0.09000971913337708	-0.03363005816936493	0.0	-0.18002986907958984	0.03289543092250824	0.3651764392852783	-0.08233487606048584	-0.08957535028457642	0.0002294778823852539	-0.33153238892555237	0.014784187078475952
-0.5542336106300354	0.00939200073480606	0.213339701294899	0.03643200546503067	-0.04606200382113457	0.0023529999889433384	-0.998271107673645	-0.014910809695720673	-1.7512824535369873	-0.8377580046653748	-0.8369351625442505	0.28640079498291016	0.3168331980705261	-0.21565639972686768	1.8001887798309326	0.8377580046653748	0.8263428211212158	0.38875338435173035	0.14589780569076538	0.26179900765419006	0.8392236232757568	-0.12353900074958801	-0.15026666224002838	-0.37273359298706055	0.8957166075706482	0.23426039516925812	0.035731829702854156	-0.2882460057735443	0.06325437873601913	-0.006428360939025879	0.0	0.06947517395019531	0.08919909596443176	-0.028605759143829346	-0.0028602778911590576	0.05546212196350098	0.0	-0.05005449056625366	0.10542422533035278	-0.0483047217130661	0.0	-0.16001611948013306	-0.007284060120582581	0.3885831832885742	-0.052400678396224976	-0.052616000175476074	0.044699013233184814	-0.20482224225997925	0.029019266366958618
-0.5540012121200562	0.00939400214701891	0.21313096582889557	0.03584500402212143	-0.046306002885103226	0.0020540012046694756	-0.9982820749282837	-0.013499242253601551	-1.7513948678970337	-0.8377580046653748	-0.8359570503234863	0.2881365418434143	0.3164199888706207	-0.21567001938819885	1.8012218475341797	0.8377580046653748	0.8252882361412048	0.3909423351287842	0.14480721950531006	0.26179900765419006	0.836181640625	-0.12402796745300293	-0.14223219454288483	-0.3733268082141876	0.8950695991516113	0.23555976152420044	0.03311484307050705	-0.2875628173351288	0.08004461228847504	-0.006338953971862793	0.0	0.04515349864959717	0.08625462651252747	0.0026695430278778076	0.0020347535610198975	0.046756863594055176	0.0	-0.05089491605758667	0.11333972215652466	-0.06154477596282959	0.0	-0.13856589794158936	-0.044724345207214355	0.3898642957210541	-0.01256018877029419	-0.022989511489868164	0.07903985679149628	-0.08527068793773651	0.03589987754821777
-0.5537269115447998	0.009364001452922821	0.21291595697402954	0.035061005502939224	-0.04668400064110756	0.0017470003804191947	-0.9982930421829224	-0.011709025129675865	-1.7515360116958618	-0.8377580046653748	-0.8351290225982666	0.28985098004341125	0.31693997979164124	-0.21557500958442688	1.8020590543746948	0.8377580046653748	0.8243070244789124	0.39328697323799133	0.1434360146522522	0.26179900765419006	0.8336809873580933	-0.1253279745578766	-0.13467209041118622	-0.3732360005378723	0.8947970271110535	0.23742198944091797	0.03232100233435631	-0.2868100106716156	0.09839094430208206	-0.0031739473342895508	0.0	0.02673119306564331	0.07562190294265747	0.04322528839111328	0.028470158576965332	0.03618001937866211	0.0	-0.039537250995635986	0.12011080980300903	-0.07074512541294098	0.0	-0.10901540517807007	-0.06750598549842834	0.32492950558662415	0.01354515552520752	-0.0053942203521728516	0.10408535599708557	-0.018961075693368912	0.04001036286354065
-0.5533904433250427	0.00938320066779852	0.21273599565029144	0.03367500379681587	-0.047304004430770874	0.0013290006900206208	-0.9983120560646057	-0.00956360436975956	-1.7515218257904053	-0.8377580046653748	-0.8348878026008606	0.2911614179611206	0.31814900040626526	-0.21453121304512024	1.8026690483093262	0.8377580046653748	0.8237067461013794	0.39574676752090454	0.14197741448879242	0.26179900765419006	0.8318210244178772	-0.12672820687294006	-0.12923501431941986	-0.3727850019931793	0.8948538303375244	0.23972317576408386	0.03235640004277229	-0.28596240282058716	0.09871038794517517	0.00387728214263916	0.0	0.004160404205322266	0.06360560655593872	0.06585493683815002	0.05257017910480499	0.016233325004577637	0.0	-0.017821788787841797	0.11003091931343079	-0.0715300440788269	0.0	-0.07756948471069336	-0.06031543016433716	0.21768659353256226	0.01842975616455078	0.01070946455001831	0.1236800104379654	0.018404889851808548	0.04831477999687195
-0.5530514121055603	0.009353797882795334	0.21264152228832245	0.032805003225803375	-0.047738008201122284	0.0011689995881170034	-0.9983201026916504	-0.007760609500110149	-1.7513809204101562	-0.8377580046653748	-0.8349626064300537	0.2923952043056488	0.31957417726516724	-0.21347220242023468	1.802708387374878	0.8377580046653748	0.8235941529273987	0.39768821001052856	0.14057481288909912	0.26179900765419006	0.8305782079696655	-0.12774059176445007	-0.12596462666988373	-0.3724988102912903	0.8952254056930542	0.24236918985843658	0.03305719792842865	-0.2848774194717407	0.1112104132771492	0.01621544361114502	0.0	-0.009040534496307373	0.04998445510864258	0.07408559322357178	0.06599053740501404	-0.004211068153381348	0.0	0.00699162483215332	0.08619129657745361	-0.08567534387111664	0.0	-0.03605186939239502	-0.060034915804862976	0.14476534724235535	0.0021107494831085205	0.018844008445739746	0.12003593146800995	0.019900035113096237	0.053285062313079834
-0.5527585744857788	0.009341999888420105	0.21269719302654266	0.03118700161576271	-0.048367004841566086	0.0009290010784752667	-0.998341977596283	-0.005115187726914883	-1.7508732080459595	-0.8377580046653748	-0.8352494239807129	0.2931607961654663	0.32111242413520813	-0.21189159154891968	1.802500605583191	0.8377580046653748	0.8239864110946655	0.3991944193840027	0.13855040073394775	0.26179900765419006	0.8303789496421814	-0.12912960350513458	-0.12344440072774887	-0.372700572013855	0.895607590675354	0.24452461302280426	0.03315240144729614	-0.28383100032806396	0.12214535474777222	0.03305673599243164	0.0	-0.030803680419921875	0.03195926547050476	0.08343607187271118	0.08581019937992096	-0.017726421356201172	0.0	0.027991831302642822	0.0702202320098877	-0.09273029863834381	0.0	0.01944601535797119	-0.05476996302604675	0.056580640375614166	-0.007830560207366943	0.035449862480163574	0.11120550334453583	-0.0026399269700050354	0.04913061857223511
-0.5523970127105713	0.009321600198745728	0.21275694668293	0.030121002346277237	-0.0488630048930645	0.0007719999412074685	-0.9983510971069336	-0.0028747953474521637	-1.750058650970459	-0.8377580046653748	-0.8361947536468506	0.293673574924469	0.3229116201400757	-0.21003979444503784	1.8019993305206299	0.8377580046653748	0.8247138261795044	0.4004970192909241	0.13686560094356537	0.26179900765419006	0.8313560485839844	-0.12993139028549194	-0.12370140105485916	-0.37281203269958496	0.8966434001922607	0.24681740999221802	0.03295160084962845	-0.2829121947288513	0.08927936106920242	0.04385411739349365	0.0	-0.0570639967918396	0.009679794311523438	0.1051388680934906	0.10498911142349243	-0.031065940856933594	0.0	0.04381537437438965	0.055239349603652954	-0.08635967969894409	0.0	0.05812644958496094	-0.0353347510099411	-0.0344395637512207	-0.013485550880432129	0.0463336706161499	0.10763406753540039	-0.009185168892145157	0.055799633264541626
-0.5520259737968445	0.009125004522502422	0.21296295523643494	0.02934100292623043	-0.04929700493812561	0.000793000974226743	-0.9983530640602112	-0.0015440132701769471	-1.7491190433502197	-0.8377580046653748	-0.8375319838523865	0.29354798793792725	0.32531797885894775	-0.20769202709197998	1.8012579679489136	0.8377580046653748	0.8257390260696411	0.4014039933681488	0.13509601354599	0.26179900765419006	0.8327040076255798	-0.13054299354553223	-0.1248219832777977	-0.37323999404907227	0.8974609375	0.24882997572422028	0.032784994691610336	-0.2815990149974823	0.04627488553524017	0.04426836967468262	0.0	-0.08068084716796875	-0.00963360071182251	0.12457966804504395	0.1196444034576416	-0.048536062240600586	0.0	0.058804452419281006	0.031269341707229614	-0.08273497223854065	0.0	0.07546395063400269	-0.02397000789642334	-0.0700848177075386	-0.03790408372879028	0.046375393867492676	0.0811651349067688	-0.0016100704669952393	0.06319954991340637
-0.5516660213470459	0.008874201215803623	0.21327131986618042	0.02857000194489956	-0.04985800012946129	0.0011170004727318883	-0.9983470439910889	-0.0010237999958917499	-1.7482879161834717	-0.8377580046653748	-0.8394219875335693	0.2932882308959961	0.32789480686187744	-0.20525401830673218	1.8000578880310059	0.8377580046653748	0.8270660042762756	0.40174779295921326	0.13355620205402374	0.26179900765419006	0.8343746066093445	-0.13089019060134888	-0.1265047937631607	-0.3743281960487366	0.8984984159469604	0.25006401538848877	0.03288719803094864	-0.28038421273231506	-0.004424512851983309	0.0424802303314209	0.0	-0.10036975145339966	-0.024174898862838745	0.13787001371383667	0.13395026326179504	-0.06907284259796143	0.0	0.07298886775970459	0.0009000301361083984	-0.07163025438785553	0.0	0.08603483438491821	0.003734603524208069	-0.08059050887823105	-0.07496029138565063	0.05323290824890137	0.05208514630794525	0.036594923585653305	0.056909769773483276
-0.5513461828231812	0.008575400337576866	0.2136819064617157	0.028572002425789833	-0.05013400316238403	0.0015589995309710503	-0.9983320832252502	-0.0017209937795996666	-1.747419834136963	-0.8377580046653748	-0.8415467739105225	0.2925809919834137	0.3308327794075012	-0.20233401656150818	1.7984950542449951	0.8377580046653748	0.8286585807800293	0.40143999457359314	0.13223080337047577	0.26179900765419006	0.8361454010009766	-0.1303936094045639	-0.12804560363292694	-0.3762384057044983	0.899590253829956	0.2509133815765381	0.03424879163503647	-0.27932262420654297	-0.07985544949769974	0.032338500022888184	0.0	-0.10913610458374023	-0.04228055477142334	0.14548525214195251	0.13794079422950745	-0.08946061134338379	0.0	0.07845908403396606	-0.03589987754821777	-0.0668354332447052	0.0	0.08801519870758057	0.04891492426395416	-0.062179937958717346	-0.105305016040802	0.05930960178375244	0.025029480457305908	0.10879058390855789	0.059679895639419556
-0.5510997772216797	0.008193200454115868	0.21416038274765015	0.02962600439786911	-0.05034400895237923	0.002716000657528639	-0.9982890486717224	-0.004218018148094416	-1.7469943761825562	-0.8377580046653748	-0.843787431716919	0.29159700870513916	0.33371421694755554	-0.19973638653755188	1.7964794635772705	0.8377580046653748	0.8302043676376343	0.40031179785728455	0.13088278472423553	0.26179900765419006	0.8378952145576477	-0.1289335936307907	-0.1289919912815094	-0.37854039669036865	0.9008708000183105	0.251065194606781	0.037238821387290955	-0.2779970169067383	-0.16221407055854797	0.012391805648803711	0.0	-0.12058466672897339	-0.039014965295791626	0.14447495341300964	0.12774989008903503	-0.11366605758666992	0.0	0.08758008480072021	-0.07058456540107727	-0.06816983222961426	0.0	0.08293390274047852	0.09526461362838745	-0.020224973559379578	-0.1226186752319336	0.06679892539978027	-0.012969225645065308	0.19349893927574158	0.06107538938522339
-0.5508419871330261	0.0078266067430377	0.21474796533584595	0.031001999974250793	-0.05035700649023056	0.0038230011705309153	-0.9982430338859558	-0.008209556341171265	-1.7469241619110107	-0.8377580046653748	-0.8463701605796814	0.29102039337158203	0.3366117775440216	-0.19722402095794678	1.7939484119415283	0.8377580046653748	0.8321617841720581	0.39861661195755005	0.1295040100812912	0.26179900765419006	0.8394627571105957	-0.1265830248594284	-0.12885460257530212	-0.38114315271377563	0.9022622108459473	0.2503946125507355	0.04198874905705452	-0.27687960863113403	-0.23949755728244781	-0.006791949272155762	0.0	-0.13053715229034424	-0.03272444009780884	0.14796778559684753	0.12150891125202179	-0.13885796070098877	0.0	0.09444057941436768	-0.10081902146339417	-0.06539411842823029	0.0	0.07641762495040894	0.12768897414207458	0.057598575949668884	-0.1366645097732544	0.07292777299880981	-0.05252957344055176	0.2410029023885727	0.03927573561668396
-0.5506569743156433	0.0072350092232227325	0.21549485623836517	0.03399396687746048	-0.05022600293159485	0.006014973856508732	-0.9981411099433899	-0.013797921128571033	-1.7472660541534424	-0.8377580046653748	-0.8490089178085327	0.2902880311012268	0.33963292837142944	-0.194876030087471	1.790925145149231	0.8377580046653748	0.833981990814209	0.3962790369987488	0.12826701998710632	0.26179900765419006	0.8409519195556641	-0.1238260343670845	-0.12668804824352264	-0.38400697708129883	0.9037879109382629	0.24896401166915894	0.046878937631845474	-0.2764259874820709	-0.2980155944824219	-0.031071901321411133	0.0	-0.13932138681411743	-0.02669990062713623	0.15169605612754822	0.10739043354988098	-0.16277432441711426	0.0	0.09518563747406006	-0.1442648470401764	-0.05221031606197357	0.0	0.07659494876861572	0.13359040021896362	0.1789446920156479	-0.14293640851974487	0.062343478202819824	-0.10025016963481903	0.20675109326839447	0.009775161743164062
-0.5505052208900452	0.006644402630627155	0.21624252200126648	0.03681780397891998	-0.04988602548837662	0.008205593563616276	-0.9980424046516418	-0.020130179822444916	-1.7481670379638672	-0.8377580046653748	-0.8519430160522461	0.2899523973464966	0.34267961978912354	-0.19292840361595154	1.7874374389648438	0.8377580046653748	0.8359692096710205	0.392846018075943	0.12741559743881226	0.26179900765419006	0.8425265550613403	-0.12123940885066986	-0.12169681489467621	-0.38686060905456543	0.9047559499740601	0.2463846057653427	0.05025879293680191	-0.27648860216140747	-0.35202357172966003	-0.07140040397644043	0.0	-0.1571059226989746	-0.019326061010360718	0.1295909285545349	0.09231008589267731	-0.20132660865783691	0.0	0.07923096418380737	-0.19613876938819885	-0.05219019949436188	0.0	0.08884072303771973	0.1244598999619484	0.35731643438339233	-0.1714840531349182	0.03142803907394409	-0.14865845441818237	0.1549505591392517	-0.0044755637645721436
-0.5504525899887085	0.005963212810456753	0.2170693278312683	0.04029734805226326	-0.04926422983407974	0.011353346519172192	-0.9979081153869629	-0.027878863736987114	-1.7501220703125	-0.8377580046653748	-0.8552931547164917	0.2895149886608124	0.34481656551361084	-0.19118362665176392	1.7828720808029175	0.8377580046653748	0.8371512293815613	0.3884334862232208	0.12617941200733185	0.26179900765419006	0.8445055484771729	-0.11884763836860657	-0.11239539086818695	-0.39086633920669556	0.9050450325012207	0.24301767349243164	0.053076960146427155	-0.2766050100326538	-0.4191185235977173	-0.12851357460021973	0.0	-0.1883983612060547	-0.0026501715183258057	0.0798940658569336	0.06834492087364197	-0.2580404281616211	0.0	0.03509521484375	-0.234995037317276	-0.06436463445425034	0.0	0.12978464365005493	0.10995492339134216	0.5690524578094482	-0.25405362248420715	-0.015187263488769531	-0.2034492790699005	0.2212541103363037	0.04669502377510071
-0.5504685640335083	0.00524760689586401	0.21802212297916412	0.044293392449617386	-0.04844743013381958	0.015405168756842613	-0.9977242946624756	-0.03689492121338844	-1.753307580947876	-0.8377580046653748	-0.8594789505004883	0.28984639048576355	0.3458753824234009	-0.19019460678100586	1.777115821838379	0.8377580046653748	0.8373730182647705	0.38344621658325195	0.12484101206064224	0.26179900765419006	0.8477179408073425	-0.11684121191501617	-0.09893471747636795	-0.3970227539539337	0.9041484594345093	0.2382466346025467	0.05910895764827728	-0.27462080121040344	-0.5348345041275024	-0.23350417613983154	0.0	-0.30828267335891724	0.03647506237030029	0.08537173271179199	0.04592090845108032	-0.3805309534072876	0.0	-0.031751394271850586	-0.3286980092525482	-0.1041807234287262	0.0	0.23354291915893555	0.1379912793636322	0.7939364910125732	-0.47392845153808594	-0.09567141532897949	-0.21208152174949646	0.2532362937927246	0.13625621795654297
-0.5505431890487671	0.0047268010675907135	0.21922849118709564	0.04948332533240318	-0.04721730574965477	0.02125086449086666	-0.9974316954612732	-0.049272242933511734	-1.7594622373580933	-0.8377580046653748	-0.8676244616508484	0.2909739911556244	0.3482314348220825	-0.1893467903137207	1.767650842666626	0.8377580046653748	0.8358811736106873	0.3752855658531189	0.1220121830701828	0.26179900765419006	0.8538472652435303	-0.1133279874920845	-0.08063793182373047	-0.409823477268219	0.9012181758880615	0.23453441262245178	0.06320641189813614	-0.2711547613143921	-0.6552769541740417	-0.3532111644744873	0.0	-0.4446759819984436	-0.042209774255752563	0.1847401261329651	0.01856498420238495	-0.4354715347290039	0.0	-0.07410049438476562	-0.37273019552230835	-0.13167522847652435	0.0	0.25590211153030396	0.1639803946018219	0.8016430139541626	-0.5949563980102539	-0.14506131410598755	-0.20426586270332336	0.0881509855389595	0.15107020735740662
-0.550961971282959	0.0033480022102594376	0.22051189839839935	0.05560900270938873	-0.0457330048084259	0.027720002457499504	-0.9970191121101379	-0.0631060004234314	-1.7674360275268555	-0.8377580046653748	-0.877265989780426	0.28815799951553345	0.3532649874687195	-0.18945200741291046	1.7596969604492188	0.8377580046653748	0.8344089984893799	0.3685370087623596	0.11957400292158127	0.26179900765419006	0.8579540252685547	-0.11028199642896652	-0.06686899811029434	-0.42082101106643677	0.8983460068702698	0.23007600009441376	0.06263499706983566	-0.2685779929161072	-0.6946037411689758	-0.3393620252609253	0.0	-0.4600152373313904	-0.1836933195590973	0.3256760537624359	-0.027655065059661865	-0.42180418968200684	0.0	-0.06100982427597046	-0.43887943029403687	-0.11790897697210312	0.0	0.1536935567855835	0.18668286502361298	0.6122790575027466	-0.48321038484573364	-0.19893348217010498	-0.21520406007766724	-0.09767897427082062	0.16143172979354858
-0.5514780282974243	0.0019290260970592499	0.22142452001571655	0.06186683475971222	-0.043762121349573135	0.03485316038131714	-0.9965152740478516	-0.0770563930273056	-1.7730367183685303	-0.8377580046653748	-0.886025071144104	0.2836262583732605	0.36125847697257996	-0.19045299291610718	1.7507786750793457	0.8377580046653748	0.8334407806396484	0.3577303886413574	0.11729582399129868	0.26179900765419006	0.8599950075149536	-0.10586067289113998	-0.0561467707157135	-0.42915189266204834	0.8932608366012573	0.2259262502193451	0.059299252927303314	-0.26469749212265015	-0.6547735929489136	-0.26221275329589844	0.0	-0.39183497428894043	-0.21223947405815125	0.3632791340351105	-0.057554617524147034	-0.45233964920043945	0.0	-0.011064112186431885	-0.5694389343261719	-0.10329987853765488	0.0	0.11191815137863159	0.22767949104309082	0.5626882314682007	-0.36918893456459045	-0.2613142132759094	-0.23265443742275238	-0.1685597002506256	0.18813982605934143
-0.5521380305290222	0.00047661177814006805	0.22229830920696259	0.06776247173547745	-0.041826870292425156	0.04239862412214279	-0.9959220886230469	-0.08929694443941116	-1.7779245376586914	-0.8377580046653748	-0.8929393887519836	0.2796684205532074	0.3677961528301239	-0.19175419211387634	1.7416033744812012	0.8377580046653748	0.8339664340019226	0.34575945138931274	0.11544200778007507	0.26179900765419006	0.8624307513237	-0.10117481648921967	-0.04436146840453148	-0.4355885684490204	0.8878934383392334	0.22076982259750366	0.05589260905981064	-0.2610523998737335	-0.6363278031349182	-0.2716541290283203	0.0	-0.38247108459472656	-0.23448020219802856	0.32280683517456055	-0.1279592514038086	-0.49962103366851807	0.0	0.08793920278549194	-0.6706081628799438	-0.19005388021469116	0.0	0.11110007762908936	0.2186967134475708	0.8527085185050964	-0.3294914960861206	-0.3246694803237915	-0.27637481689453125	-0.2130359411239624	0.1570872962474823
-0.5530723929405212	-0.0009535793215036392	0.2228485494852066	0.0737854614853859	-0.03918527811765671	0.05049321427941322	-0.9952239394187927	-0.102509506046772	-1.783902883529663	-0.8377580046653748	-0.9013239145278931	0.27424705028533936	0.3741707503795624	-0.19557136297225952	1.730793833732605	0.8377580046653748	0.8369583487510681	0.33090606331825256	0.10969366878271103	0.26179900765419006	0.8644390106201172	-0.09711280465126038	-0.022038428112864494	-0.44233155250549316	0.8802740573883057	0.21487125754356384	0.05077781528234482	-0.25841400027275085	-0.6217373609542847	-0.2549320459365845	0.0	-0.31230300664901733	-0.2857908606529236	0.19074603915214539	-0.19948557019233704	-0.43894052505493164	0.0	0.22435039281845093	-0.578327476978302	-0.3764614462852478	0.0	0.06575584411621094	0.09766537696123123	1.2435343265533447	-0.27161017060279846	-0.33652782440185547	-0.4053667187690735	-0.06050970405340195	0.031294673681259155
-0.5539780259132385	-0.0031805988401174545	0.22330999374389648	0.0791122168302536	-0.036526285111904144	0.05819757655262947	-0.9944947361946106	-0.11416643857955933	-1.7881218194961548	-0.8377580046653748	-0.9054315090179443	0.26823678612709045	0.3754259943962097	-0.19973361492156982	1.724045753479004	0.8377580046653748	0.8429404497146606	0.32262635231018066	0.10038354992866516	0.26179900765419006	0.8650609850883484	-0.09726820141077042	0.005379904992878437	-0.4464529752731323	0.8744323253631592	0.20455515384674072	0.05347222089767456	-0.25980061292648315	-0.6115583777427673	-0.23567676544189453	0.0	-0.22025108337402344	-0.266449898481369	0.035931169986724854	-0.2925388514995575	-0.33799707889556885	0.0	0.289289653301239	-0.35007596015930176	-0.6615862250328064	0.0	-0.0031501054763793945	-0.027504563331604004	1.5123509168624878	-0.10166168212890625	-0.27704983949661255	-0.5398776531219482	-0.023492611944675446	-0.1852475106716156
-0.5550299882888794	-0.005479959771037102	0.22380490601062775	0.08460595458745956	-0.033735040575265884	0.06591092050075531	-0.9936600923538208	-0.12697184085845947	-1.7933299541473389	-0.8377580046653748	-0.910133957862854	0.2635890543460846	0.37560799717903137	-0.20727291703224182	1.7172739505767822	0.8377580046653748	0.8485299348831177	0.3169030249118805	0.08323021978139877	0.26179900765419006	0.864313006401062	-0.09821298718452454	0.03845560550689697	-0.4463980197906494	0.8691920638084412	0.19327615201473236	0.0498381108045578	-0.2658239006996155	-0.6204094886779785	-0.23723244667053223	0.0	-0.16388297080993652	-0.20635798573493958	0.0020600855350494385	-0.3063388168811798	-0.2697765827178955	0.0	0.20794272422790527	-0.1663491129875183	-0.6713062524795532	0.0	-0.02686530351638794	-0.011965818703174591	1.333171010017395	0.05997270345687866	-0.23611187934875488	-0.6144188642501831	-0.15575653314590454	-0.2772584557533264
-0.555773138999939	-0.007973158732056618	0.2243005782365799	0.08972768485546112	-0.03128828480839729	0.07279302179813385	-0.9928098320960999	-0.13898281753063202	-1.797611117362976	-0.8377580046653748	-0.9119868278503418	0.25998246669769287	0.3755083978176117	-0.21198716759681702	1.713254690170288	0.8377580046653748	0.8512581586837769	0.31597238779067993	0.07353129982948303	0.26179900765419006	0.8639863729476929	-0.0977468341588974	0.05870674550533295	-0.4440540671348572	0.864987850189209	0.1799784004688263	0.04724195972084999	-0.2708909511566162	-0.6536774635314941	-0.27201175689697266	0.0	-0.13718008995056152	-0.1329958438873291	0.07117018103599548	-0.2888411283493042	-0.24665892124176025	0.0	0.04977285861968994	-0.06445124745368958	-0.561063826084137	0.0	-0.04102885723114014	0.05148947238922119	1.2254211902618408	0.16829520463943481	-0.2339765429496765	-0.7124465107917786	0.18457603454589844	-0.20973235368728638
-0.5565347671508789	-0.010348174721002579	0.2247905135154724	0.09538489580154419	-0.02888444997370243	0.08012667298316956	-0.9917901158332825	-0.15311893820762634	-1.8042104244232178	-0.8377580046653748	-0.9156211614608765	0.25826922059059143	0.3784548044204712	-0.218826562166214	1.7074075937271118	0.8377580046653748	0.8505208492279053	0.3143249750137329	0.06078766658902168	0.26179900765419006	0.8626718521118164	-0.09615340828895569	0.08747245371341705	-0.439666211605072	0.8598330020904541	0.16477829217910767	0.057221151888370514	-0.27421319484710693	-0.7246572375297546	-0.3272056579589844	0.0	-0.17712712287902832	-0.051628053188323975	0.22132620215415955	-0.3574017286300659	-0.29653608798980713	0.0	-0.15759170055389404	-0.01650974154472351	-0.5615328550338745	0.0	-0.12761950492858887	0.06849896162748337	1.6124536991119385	0.24963393807411194	-0.2706795930862427	-0.8270460963249207	0.5166276097297668	-0.19990429282188416
-0.5571888089179993	-0.013082332909107208	0.22537270188331604	0.10134503245353699	-0.026666684076189995	0.08787698298692703	-0.9906039237976074	-0.16796910762786865	-1.8106993436813354	-0.8377580046653748	-0.9190719127655029	0.2579173445701599	0.3843614459037781	-0.2262832373380661	1.7013932466506958	0.8377580046653748	0.8449544906616211	0.315311998128891	0.05106998607516289	0.26179900765419006	0.8588815927505493	-0.09500687569379807	0.12320489436388016	-0.4340687096118927	0.8541606664657593	0.14689655601978302	0.06790706515312195	-0.2788871228694916	-0.7355279922485352	-0.3127098083496094	0.0	-0.10505616664886475	0.032538920640945435	0.31595826148986816	-0.36983901262283325	-0.2857625484466553	0.0	-0.23415535688400269	0.018420815467834473	-0.42725038528442383	0.0	-0.12730658054351807	0.12776422500610352	1.5186216831207275	0.2691194415092468	-0.2812236547470093	-0.8975874781608582	0.3569813370704651	-0.24942904710769653
-0.557799220085144	-0.01577455922961235	0.22605112195014954	0.10750115662813187	-0.024568267166614532	0.09519971907138824	-0.9893317222595215	-0.18254005908966064	-1.8167188167572021	-0.8377580046653748	-0.919823408126831	0.25957077741622925	0.3910931348800659	-0.23362012207508087	1.6959770917892456	0.8377580046653748	0.8411546349525452	0.3150618076324463	0.043697651475667953	0.26179900765419006	0.8575795888900757	-0.09104283899068832	0.1482173204421997	-0.42890143394470215	0.8485840559005737	0.1288747936487198	0.07150040566921234	-0.2841903567314148	-0.7276672720909119	-0.2678424119949341	0.0	0.017771124839782715	0.06514042615890503	0.3552369773387909	-0.33234208822250366	-0.2611815929412842	0.0	-0.1651853322982788	-0.01152530312538147	-0.26907381415367126	0.0	-0.09071528911590576	0.2092454582452774	1.332768201828003	0.263291597366333	-0.29696375131607056	-0.8999831676483154	-0.028274767100811005	-0.2558700740337372
-0.5584489703178406	-0.018551956862211227	0.22683995962142944	0.11416792869567871	-0.022348027676343918	0.10233791917562485	-0.9879239797592163	-0.19707579910755157	-1.8214130401611328	-0.8377580046653748	-0.9183610677719116	0.2605229616165161	0.3985709249973297	-0.23957692086696625	1.6909459829330444	0.8377580046653748	0.8383470773696899	0.31485098600387573	0.04030703380703926	0.26179900765419006	0.8552529811859131	-0.08663705736398697	0.1765156239271164	-0.4235370457172394	0.8422821164131165	0.11089722812175751	0.06677607446908951	-0.28912192583084106	-0.6854698061943054	-0.15728473663330078	0.0	0.10243356227874756	-0.016352534294128418	0.38480162620544434	-0.25634878873825073	-0.26019513607025146	0.0	-0.2610132098197937	0.046277791261672974	-0.021313410252332687	0.0	-0.13617724180221558	0.19322820007801056	1.4118187427520752	0.26399195194244385	-0.33842623233795166	-0.946585476398468	-0.2893749475479126	-0.2624720335006714
-0.5588533878326416	-0.0214909128844738	0.22785373032093048	0.12081728875637054	-0.01994030736386776	0.10898185521364212	-0.9864728450775146	-0.20995885133743286	-1.8230102062225342	-0.8377580046653748	-0.9157260656356812	0.2589166760444641	0.4064851999282837	-0.24387407302856445	1.6855692863464355	0.8377580046653748	0.8307141065597534	0.3169129192829132	0.042845115065574646	0.26179900765419006	0.8521324992179871	-0.0833137109875679	0.20469006896018982	-0.4183417558670044	0.8350470066070557	0.09101137518882751	0.05992540717124939	-0.29468923807144165	-0.6364092230796814	-0.07477700710296631	0.0	0.12480616569519043	-0.07495805621147156	0.35426467657089233	-0.20787008106708527	-0.21836459636688232	0.0	-0.16321837902069092	0.11776909232139587	0.07024975121021271	0.0	-0.12511461973190308	0.19123944640159607	1.3482179641723633	0.24588927626609802	-0.35481005907058716	-1.0401455163955688	-0.3597182333469391	-0.33473819494247437
-0.559457004070282	-0.02437114343047142	0.228716179728508	0.12749405205249786	-0.017869457602500916	0.11580842733383179	-0.984893262386322	-0.22253216803073883	-1.8244041204452515	-0.8377580046653748	-0.913368821144104	0.25752463936805725	0.4127415120601654	-0.24789172410964966	1.6822113990783691	0.8377580046653748	0.8318183422088623	0.31956174969673157	0.04311702400445938	0.26179900765419006	0.850248396396637	-0.0789874792098999	0.23044434189796448	-0.41370147466659546	0.828089714050293	0.06929140537977219	0.05238734558224678	-0.30251145362854004	-0.6193723678588867	-0.0008255243301391602	0.0	0.447005033493042	-0.18761083483695984	0.66118985414505	-0.10522715747356415	-0.19336044788360596	0.0	0.13504624366760254	0.1306496560573578	-0.03525596112012863	0.0	-0.12319236993789673	0.25484544038772583	1.2889004945755005	0.21325275301933289	-0.4001811146736145	-1.0999971628189087	-0.3402870297431946	-0.4378795623779297
-0.5596181750297546	-0.02675292268395424	0.230109304189682	0.13451948761940002	-0.015618863515555859	0.12305786460638046	-0.9831160306930542	-0.23473374545574188	-1.8230432271957397	-0.8377580046653748	-0.8978458642959595	0.2514122426509857	0.4329327940940857	-0.24808315932750702	1.6778348684310913	0.8377580046653748	0.8361159563064575	0.3221389055252075	0.0414348766207695	0.26179900765419006	0.8472048044204712	-0.07311989367008209	0.25624608993530273	-0.4098116457462311	0.8190397620201111	0.047011490911245346	0.046313926577568054	-0.31220442056655884	-0.6211828589439392	0.030109286308288574	0.0	0.44296085834503174	-0.1875057816505432	0.6516165733337402	-0.07164627313613892	-0.17518997192382812	0.0	0.26431381702423096	0.17997995018959045	-0.15840940177440643	0.0	-0.10455101728439331	0.2447213977575302	1.2359105348587036	0.13773664832115173	-0.44513046741485596	-1.1891933679580688	-0.289767324924469	-0.48680081963539124
-0.5600785613059998	-0.029844559729099274	0.23103497922420502	0.14161963760852814	-0.013617650605738163	0.12989601492881775	-0.981267511844635	-0.24737948179244995	-1.82319974899292	-0.8377580046653748	-0.8956503868103027	0.2500244081020355	0.4388061761856079	-0.2507575750350952	1.675203800201416	0.8377580046653748	0.8423908948898315	0.3267609477043152	0.036780647933483124	0.26179900765419006	0.8460663557052612	-0.0691986232995987	0.2798807621002197	-0.4081920087337494	0.8102844953536987	0.021723672747612	0.04079665243625641	-0.3219834864139557	-0.6045494079589844	0.035005807876586914	0.0	0.18001794815063477	-0.09790472686290741	0.2597019076347351	-0.10314546525478363	-0.13504326343536377	0.0	0.3367215394973755	0.24692341685295105	-0.21479445695877075	0.0	-0.06809532642364502	0.17219595611095428	1.129709243774414	0.05009099841117859	-0.48638880252838135	-1.3121691942214966	-0.21767187118530273	-0.532407283782959
-0.560157060623169	-0.03296789526939392	0.2324208766222	0.14839984476566315	-0.011493057012557983	0.1366448551416397	-0.9793742895126343	-0.2589157223701477	-1.8216429948806763	-0.8377580046653748	-0.8906451463699341	0.24749605357646942	0.4433208703994751	-0.25220897793769836	1.6724331378936768	0.8377580046653748	0.8495848178863525	0.33201584219932556	0.03284309804439545	0.26179900765419006	0.8444809913635254	-0.06623205542564392	0.3014344573020935	-0.40780800580978394	0.7995842099189758	-0.005475275218486786	0.03760705143213272	-0.3335007131099701	-0.5568124055862427	0.10269880294799805	0.0	0.1833885908126831	-0.11667385697364807	0.1378364861011505	-0.01593753695487976	-0.13325810432434082	0.0	0.3781348466873169	0.3018327057361603	-0.20723176002502441	0.0	-0.07579326629638672	0.11432375758886337	1.075279712677002	0.0007115304470062256	-0.5514949560165405	-1.4023624658584595	-0.11085104197263718	-0.6629801988601685
-0.560138463973999	-0.036316048353910446	0.23375184834003448	0.15497605502605438	-0.009699487127363682	0.14345161616802216	-0.9773998260498047	-0.26965197920799255	-1.819091796875	-0.8377580046653748	-0.8883148431777954	0.2453574538230896	0.44431963562965393	-0.2513950765132904	1.6698734760284424	0.8377580046653748	0.8575162887573242	0.3388342559337616	0.02849137783050537	0.26179900765419006	0.8430346250534058	-0.06462567299604416	0.3228919506072998	-0.40816354751586914	0.7882246971130371	-0.034370824694633484	0.03636261075735092	-0.3485026955604553	-0.5320638418197632	0.15647709369659424	0.0	0.10835826396942139	-0.11769421398639679	-0.009325146675109863	0.06647258996963501	-0.12069940567016602	-1.9371509552001953e-05	0.4118680953979492	0.3824569284915924	-0.2141043096780777	0.0	-0.08651316165924072	0.06777551025152206	1.0448389053344727	-0.026179105043411255	-0.5659922957420349	-1.4602956771850586	-0.04495549947023392	-0.8491456508636475
-0.5600495934486389	-0.039809275418519974	0.23523665964603424	0.1616712212562561	-0.008038259111344814	0.15018779039382935	-0.9753162264823914	-0.28019827604293823	-1.8153839111328125	-0.8377580046653748	-0.8863108158111572	0.24278828501701355	0.4429478645324707	-0.24955007433891296	1.6676051616668701	0.8377572298049927	0.8660595417022705	0.34731411933898926	0.024278925731778145	0.26179900765419006	0.8410204648971558	-0.06352103501558304	0.3432280123233795	-0.4088551700115204	0.7769445180892944	-0.0638871043920517	0.035808831453323364	-0.367466539144516	-0.48903152346611023	0.32785534858703613	0.0	0.1499861478805542	-0.15262700617313385	-0.12606605887413025	0.1964230090379715	-0.1988619565963745	-0.2529516816139221	0.3888130187988281	0.19910335540771484	-0.19472473859786987	0.0	-0.12816637754440308	-0.01167338341474533	1.1766642332077026	-0.09767711162567139	-0.5790740251541138	-1.5408635139465332	0.09994031488895416	-1.0449514389038086
-0.5593737363815308	-0.044525206089019775	0.23721414804458618	0.16883991658687592	-0.0072712074033916	0.15747249126434326	-0.9729556441307068	-0.28921324014663696	-1.8059775829315186	-0.8377580046653748	-0.8823153972625732	0.23925237357616425	0.4392769932746887	-0.24353815615177155	1.6619189977645874	0.8276399374008179	0.8730688095092773	0.3467983901500702	0.020702388137578964	0.26179900765419006	0.8379079699516296	-0.06509260833263397	0.3699585199356079	-0.412070631980896	0.7650617361068726	-0.09600536525249481	0.0403602235019207	-0.3903007507324219	-0.46011582016944885	0.511479377746582	0.0	0.2007991075515747	-0.13991184532642365	-0.2272099256515503	0.30609071254730225	-0.292697548866272	-0.5593568086624146	0.32597482204437256	-0.04712790250778198	-0.11942824721336365	0.0	-0.13618618249893188	-0.06315391510725021	1.1353857517242432	-0.19520893692970276	-0.6078451871871948	-1.6018141508102417	0.20123840868473053	-1.2220896482467651
-0.5584424138069153	-0.049597520381212234	0.23923993110656738	0.1762637346982956	-0.006952018477022648	0.16418252885341644	-0.970529317855835	-0.2986029088497162	-1.7949247360229492	-0.8377580046653748	-0.8782788515090942	0.2371918112039566	0.4338594675064087	-0.23730644583702087	1.6558972597122192	0.8153829574584961	0.8790985345840454	0.345429003238678	0.01950179599225521	0.26179900765419006	0.8355730175971985	-0.06604719161987305	0.38864344358444214	-0.4166635274887085	0.7526307106018066	-0.12795966863632202	0.0438583679497242	-0.4163501262664795	-0.47129392623901367	0.5865901708602905	0.0	0.1863345503807068	-0.07355920970439911	-0.2784997224807739	0.2705037593841553	-0.29664933681488037	-0.6334483623504639	0.3128543496131897	-0.03843456506729126	-0.008859718218445778	0.0	-0.10949969291687012	-0.06273481994867325	0.8910119533538818	-0.26995912194252014	-0.599043071269989	-1.608090877532959	0.22119441628456116	-1.4413810968399048
-0.5572310090065002	-0.0548899844288826	0.24116796255111694	0.1838410198688507	-0.007211001124233007	0.1706390082836151	-0.9680050611495972	-0.3080649971961975	-1.782513976097107	-0.8377580046653748	-0.874862015247345	0.23631000518798828	0.42813700437545776	-0.23271800577640533	1.6500530242919922	0.8023020029067993	0.8855829834938049	0.34526100754737854	0.020347999408841133	0.26179900765419006	0.8335279822349548	-0.0676020011305809	0.4055989980697632	-0.4228689968585968	0.741100013256073	-0.16032899916172028	0.04920800030231476	-0.44795599579811096	-0.477464497089386	0.6712734699249268	0.0	0.18848776817321777	-0.018300116062164307	-0.31035318970680237	0.2659231424331665	-0.2896994352340698	-0.6985187530517578	0.3449290990829468	-0.007259845733642578	0.06690076738595963	0.0	-0.12771040201187134	-0.056555308401584625	0.7740474939346313	-0.337257981300354	-0.5619406700134277	-1.6130764484405518	0.3076781630516052	-1.7136216163635254
-0.5557615756988525	-0.06016084551811218	0.243122398853302	0.1921461969614029	-0.00788883026689291	0.17690211534500122	-0.9652580618858337	-0.3177014887332916	-1.7680737972259521	-0.8377580046653748	-0.8707393407821655	0.23645980656147003	0.4214453399181366	-0.2266695201396942	1.6443092823028564	0.7874422073364258	0.8928956985473633	0.3451386094093323	0.02217782661318779	0.26179900765419006	0.8304646015167236	-0.06830940395593643	0.4196053445339203	-0.43015384674072266	0.7301530838012695	-0.19248272478580475	0.05616549402475357	-0.4848949909210205	-0.4590943455696106	0.7767975330352783	0.0	0.23342519998550415	0.018839538097381592	-0.3181040287017822	0.36317408084869385	-0.31232237815856934	-0.7988080382347107	0.3663495182991028	-0.04245936870574951	0.11444468796253204	0.0	-0.1757591962814331	-0.05314461886882782	0.7445231080055237	-0.34039467573165894	-0.5469635128974915	-1.6068458557128906	0.4148388206958771	-1.9591890573501587
-0.5540444254875183	-0.06529955565929413	0.2452303171157837	0.20079933106899261	-0.009068609215319157	0.18283990025520325	-0.9623757600784302	-0.32642877101898193	-1.7514420747756958	-0.8377580046653748	-0.8655250072479248	0.23706358671188354	0.4154128432273865	-0.21819104254245758	1.6375601291656494	0.7703496813774109	0.900236964225769	0.34356263279914856	0.02492578700184822	0.26179900765419006	0.8264976143836975	-0.06972778588533401	0.43537992238998413	-0.43648478388786316	0.7192214727401733	-0.2246028333902359	0.06580155342817307	-0.5263235569000244	-0.41499361395835876	0.8779466152191162	0.0	0.24242401123046875	0.01735985279083252	-0.29461905360221863	0.4910644292831421	-0.37902891635894775	-0.9167581796646118	0.37850886583328247	-0.15272125601768494	0.1225094348192215	0.0	-0.22139102220535278	-0.09177010506391525	1.0039501190185547	-0.3554306924343109	-0.595448911190033	-1.5742156505584717	0.45294854044914246	-2.13201642036438
-0.5521510243415833	-0.07030881941318512	0.24747171998023987	0.209562286734581	-0.010620232671499252	0.18880398571491241	-0.9593349695205688	-0.334301233291626	-1.7329559326171875	-0.8377580046653748	-0.8610423803329468	0.23715420067310333	0.40966057777404785	-0.20702694356441498	1.6291481256484985	0.7507718801498413	0.9080360531806946	0.3390297591686249	0.027078203856945038	0.26179900765419006	0.8216089606285095	-0.07198020815849304	0.4597633481025696	-0.4443710744380951	0.7063351273536682	-0.25545135140419006	0.07428343594074249	-0.5701756477355957	-0.40952861309051514	0.9420871734619141	0.0	0.21578818559646606	0.020325183868408203	-0.2672150731086731	0.4956144690513611	-0.4718691110610962	-1.0151162147521973	0.4080086946487427	-0.261959433555603	0.05285046249628067	0.0	-0.2430930733680725	-0.10019484907388687	1.4047026634216309	-0.455232709646225	-0.6539791822433472	-1.468327283859253	0.35124513506889343	-2.2378087043762207
-0.5502560138702393	-0.07533054053783417	0.2495647519826889	0.2188616394996643	-0.01268501952290535	0.19525235891342163	-0.9559369683265686	-0.34280991554260254	-1.7137585878372192	-0.8377580046653748	-0.8568934798240662	0.23787659406661987	0.40472424030303955	-0.1983664631843567	1.6186853647232056	0.7297450304031372	0.9165573120117188	0.33308425545692444	0.02703980542719364	0.26179900765419006	0.8167738914489746	-0.07373557984828949	0.49156802892684937	-0.45469409227371216	0.6930623054504395	-0.28333592414855957	0.07985135912895203	-0.6158359050750732	-0.4652440547943115	0.9538978338241577	0.0	0.1648351550102234	0.01797005534172058	-0.17726421356201172	0.35022348165512085	-0.550803542137146	-1.0449975728988647	0.44204890727996826	-0.30139386653900146	-0.021555088460445404	0.0	-0.25352388620376587	-0.08441973477602005	1.6411409378051758	-0.5764729976654053	-0.6421536207199097	-1.2676663398742676	0.13681408762931824	-2.370008945465088
-0.5484430193901062	-0.080284982919693	0.25138694047927856	0.22893603146076202	-0.014776001684367657	0.20217101275920868	-0.9521011114120483	-0.35291099548339844	-1.6948000192642212	-0.8377580046653748	-0.8544489741325378	0.23787300288677216	0.4025700092315674	-0.19301800429821014	1.6071159839630127	0.7089719772338867	0.9257180094718933	0.3269740045070648	0.02621600031852722	0.26179900765419006	0.8114680051803589	-0.07535699754953384	0.5254089832305908	-0.4674299955368042	0.6806489825248718	-0.30615800619125366	0.079755999147892	-0.6649760007858276	-0.5895555019378662	0.9042054414749146	0.0	0.10601729154586792	-0.0027745962142944336	-0.08100122213363647	0.24722740054130554	-0.5733221769332886	-0.9843096137046814	0.4464685916900635	-0.2836272120475769	0.004835333675146103	0.0	-0.258888304233551	-0.007999688386917114	1.472914218902588	-0.6658807396888733	-0.5348533391952515	-1.0283052921295166	-0.11241119354963303	-2.57837176322937
-0.546818733215332	-0.08487522602081299	0.2526005506515503	0.2402259260416031	-0.016447095200419426	0.20922289788722992	-0.9477588534355164	-0.3663921356201172	-1.6775903701782227	-0.8377580046653748	-0.8526527881622314	0.2377656102180481	0.4014841914176941	-0.18847736716270447	1.595752477645874	0.69037264585495	0.9344160556793213	0.32173916697502136	0.027233218774199486	0.26179900765419006	0.8064183592796326	-0.07405556738376617	0.5504845976829529	-0.4813293218612671	0.6716681718826294	-0.32446813583374023	0.0753549113869667	-0.718970775604248	-0.7403180003166199	0.8505314588546753	0.0	0.07687360048294067	-0.018179789185523987	-0.05292966961860657	0.19182972609996796	-0.5391150712966919	-0.9166762232780457	0.4111751914024353	-0.24000480771064758	0.07143467664718628	0.0	-0.25348514318466187	0.15661922097206116	0.9846538305282593	-0.7192529439926147	-0.40414780378341675	-0.8083187341690063	-0.30260419845581055	-2.7476072311401367
-0.5453972220420837	-0.08926655352115631	0.2534986734390259	0.25308704376220703	-0.017622459679841995	0.2163759469985962	-0.942771315574646	-0.38252371549606323	-1.6607787609100342	-0.8377580046653748	-0.8513740301132202	0.2371458113193512	0.4004528224468231	-0.18534481525421143	1.585551381111145	0.6723049283027649	0.9421650171279907	0.3173738121986389	0.029073387384414673	0.26179900765419006	0.8013285994529724	-0.06909222900867462	0.5647951364517212	-0.4962001144886017	0.6644830703735352	-0.338490754365921	0.06765183061361313	-0.7748802900314331	-0.8359938859939575	0.8242160081863403	0.0	0.11677145957946777	-0.004395097494125366	-0.06464943289756775	0.21703504025936127	-0.48743486404418945	-0.8885040879249573	0.39766430854797363	-0.19343867897987366	0.14295507967472076	0.0	-0.22210925817489624	0.2663748264312744	0.5410507321357727	-0.8936449885368347	-0.2840310335159302	-0.724668025970459	-0.30790790915489197	-2.9518141746520996
-0.543951153755188	-0.09324580430984497	0.2541687488555908	0.26667988300323486	-0.01838827319443226	0.223364919424057	-0.937364399433136	-0.3998318910598755	-1.644621729850769	-0.8377580046653748	-0.8479819297790527	0.23758980631828308	0.3988982141017914	-0.17979596555233002	1.5762550830841064	0.6548324823379517	0.9503226280212402	0.3140016198158264	0.03295142203569412	0.26179900765419006	0.7975339889526367	-0.06340057402849197	0.5721266269683838	-0.5170751214027405	0.6603069305419922	-0.3534548580646515	0.06303859502077103	-0.8370433449745178	-0.8852079510688782	0.7791340351104736	0.0	0.21372437477111816	0.07966868579387665	-0.06756037473678589	0.27924925088882446	-0.43792426586151123	-0.8541092276573181	0.39947330951690674	-0.10881572961807251	0.20715929567813873	0.0	-0.1603245735168457	0.2776294946670532	0.31175464391708374	-1.2067489624023438	-0.18566995859146118	-0.8143216371536255	-0.08137710392475128	-3.192645311355591
-0.542495608329773	-0.09687495231628418	0.25480014085769653	0.2807517349720001	-0.019030103459954262	0.2300710827112198	-0.9316026568412781	-0.41793203353881836	-1.6296133995056152	-0.8377580046653748	-0.8428250551223755	0.24033255875110626	0.3977504074573517	-0.17417484521865845	1.5680344104766846	0.6381405591964722	0.958143949508667	0.313021183013916	0.03735975921154022	0.26179900765419006	0.7949156165122986	-0.05798704922199249	0.5772653222084045	-0.5444700717926025	0.6570562720298767	-0.37106361985206604	0.06439674645662308	-0.9025861024856567	-0.9545646905899048	0.711783766746521	0.0	0.28336942195892334	0.2193000167608261	-0.07280409336090088	0.2057235687971115	-0.39654970169067383	-0.8181259036064148	0.3762289881706238	0.02940744161605835	0.2079618126153946	0.0	-0.1329973340034485	0.2559864819049835	0.3230288624763489	-1.501375436782837	-0.1703709363937378	-0.9691141843795776	0.20775534212589264	-3.2782018184661865
-0.5411241054534912	-0.10033389180898666	0.25523990392684937	0.2955076992511749	-0.019627990201115608	0.2366788685321808	-0.9253503084182739	-0.4380144774913788	-1.6161503791809082	-0.8377580046653748	-0.8366471529006958	0.24636180698871613	0.39598605036735535	-0.17156702280044556	1.5603930950164795	0.6221074461936951	0.9653717875480652	0.31517791748046875	0.04126989468932152	0.26179900765419006	0.7922140955924988	-0.05316111445426941	0.5850477814674377	-0.577130138874054	0.6534920930862427	-0.3922194242477417	0.07134880870580673	-0.9681714177131653	-1.1054545640945435	0.5790531635284424	0.0	0.34804344177246094	0.41123145818710327	-0.09134933352470398	0.03331825137138367	-0.35758018493652344	-0.7304638624191284	0.3460884094238281	0.19327253103256226	0.23550856113433838	0.0	-0.19482821226119995	0.263378381729126	0.45769810676574707	-1.6851305961608887	-0.17838925123214722	-1.1342250108718872	0.3877570927143097	-3.2841830253601074
-0.5397348403930664	-0.10359112918376923	0.2553255558013916	0.3110986649990082	-0.01969894953072071	0.24319447576999664	-0.918523907661438	-0.4621502161026001	-1.6064512729644775	-0.8377580046653748	-0.828903317451477	0.25678181648254395	0.3940964341163635	-0.1728421151638031	1.5537312030792236	0.608922004699707	0.9719874858856201	0.3207520842552185	0.04678010195493698	0.26179900765419006	0.7871224880218506	-0.047451913356781006	0.5955732464790344	-0.6118752956390381	0.6499207019805908	-0.41643261909484863	0.07990702986717224	-1.0339534282684326	-1.2725048065185547	0.4221796989440918	0.0	0.407467782497406	0.5948927402496338	-0.10503605008125305	-0.22822842001914978	-0.30831098556518555	-0.6365150213241577	0.29046088457107544	0.31872615218162537	0.2880520224571228	0.0	-0.28989166021347046	0.3793013393878937	0.36444514989852905	-1.7262921333312988	-0.21462738513946533	-1.3015955686569214	0.47174376249313354	-3.231285572052002
-0.5385782122612	-0.10678054392337799	0.25501811504364014	0.32732003927230835	-0.01936810463666916	0.24949851632118225	-0.9111737608909607	-0.4889146685600281	-1.5992631912231445	-0.8377580046653748	-0.8203484416007996	0.27015751600265503	0.3917846083641052	-0.18069615960121155	1.548060655593872	0.5966468453407288	0.9769902229309082	0.32792696356773376	0.05279197543859482	0.26179900765419006	0.78061842918396	-0.0379890613257885	0.5996255874633789	-0.6461818218231201	0.6449069976806641	-0.44428324699401855	0.09021855890750885	-1.0974228382110596	-1.4168128967285156	0.459975004196167	0.23975670337677002	0.5405649542808533	0.3999650478363037	-0.0254899263381958	-0.45474880933761597	-0.3472566604614258	-0.6368920207023621	0.2140924334526062	0.37995874881744385	0.26493826508522034	0.0	-0.3599435091018677	0.6478342413902283	-0.05670040845870972	-1.7763525247573853	-0.3148883581161499	-1.4587544202804565	0.6117768287658691	-3.18300724029541
-0.5371358394622803	-0.10879938304424286	0.2555091083049774	0.3450130820274353	-0.019553495571017265	0.2551684081554413	-0.9030353426933289	-0.5188227295875549	-1.5880522727966309	-0.828167736530304	-0.8072807192802429	0.2727804183959961	0.3930768370628357	-0.1910320669412613	1.5398409366607666	0.5834463238716125	0.9805511832237244	0.33595043420791626	0.05737763270735741	0.26179900765419006	0.7727247476577759	-0.021538542583584785	0.593305230140686	-0.6829293966293335	0.6373251676559448	-0.474782794713974	0.1043781042098999	-1.161273717880249	-1.5151381492614746	0.5542457103729248	0.6043612957000732	0.7507190108299255	0.08807629346847534	0.13903900980949402	-0.6763037443161011	-0.3741323947906494	-0.645013153553009	0.3083571791648865	0.2936534583568573	0.3629194498062134	0.0	-0.5991607904434204	0.8405539393424988	-0.06530284881591797	-1.656423568725586	-0.5891680717468262	-1.564241886138916	0.8286911845207214	-3.053927421569824
-0.5358811616897583	-0.11039036512374878	0.2561507225036621	0.3624784052371979	-0.02011626958847046	0.2608778774738312	-0.8945099711418152	-0.5495201945304871	-1.5770933628082275	-0.8135835528373718	-0.7903196811676025	0.27368056774139404	0.397346168756485	-0.20774830877780914	1.533095359802246	0.5708463191986084	0.9893245100975037	0.33967310190200806	0.06730875372886658	0.26179900765419006	0.7566519975662231	-0.0043669044971466064	0.5970134735107422	-0.7124387621879578	0.621340274810791	-0.506852924823761	0.12336620688438416	-1.2195799350738525	-1.5324368476867676	0.5009502172470093	0.7420822978019714	0.9343788027763367	0.07133856415748596	0.2287253737449646	-1.0032087564468384	-0.3423422574996948	-0.6251752376556396	0.493718683719635	0.11916011571884155	0.7199239730834961	0.0	-0.867907702922821	0.8530300855636597	0.13339072465896606	-1.235426902770996	-0.9938865900039673	-1.6646080017089844	1.0240569114685059	-2.8114497661590576
-0.5348479747772217	-0.11192793399095535	0.256897896528244	0.37925466895103455	-0.020231997594237328	0.26557794213294983	-0.8861293792724609	-0.5801202058792114	-1.5680142641067505	-0.7984844446182251	-0.7699055671691895	0.27563396096229553	0.4022258520126343	-0.23116041719913483	1.5261472463607788	0.558439314365387	1.0002999305725098	0.3407168388366699	0.08617459237575531	0.26179900765419006	0.738008439540863	0.012582660652697086	0.5986408591270447	-0.7323464751243591	0.5975697040557861	-0.5413671135902405	0.14534038305282593	-1.2737317085266113	-1.7895712852478027	0.4349648952484131	0.8304625749588013	1.1892662048339844	0.007681548595428467	0.3658898174762726	-1.351117730140686	-0.4512876272201538	-0.5904346704483032	0.4798904061317444	0.11229366064071655	0.7248449921607971	0.0	-0.7258027791976929	0.8533285856246948	0.0729784369468689	-1.3429388999938965	-1.1272311210632324	-1.7352983951568604	1.0177671909332275	-2.5320887565612793
-0.5340750217437744	-0.11351113766431808	0.25731009244918823	0.3996567726135254	-0.01872142404317856	0.2701086103916168	-0.8757659196853638	-0.621103048324585	-1.559694766998291	-0.7803650498390198	-0.742749035358429	0.2739878296852112	0.4119817614555359	-0.26179301738739014	1.51504385471344	0.5472289323806763	1.0085201263427734	0.3441648483276367	0.09630255401134491	0.26179900765419006	0.7276198863983154	0.02976623922586441	0.5999326109886169	-0.7661563158035278	0.5762510299682617	-0.5762648582458496	0.16407689452171326	-1.3208634853363037	-1.9440323114395142	0.4137665033340454	0.8297950029373169	1.3754770755767822	-0.135871022939682	0.6135463714599609	-0.7659647464752197	-0.4275679588317871	-0.5189165472984314	0.5133390426635742	0.33338144421577454	0.31879860162734985	0.0	-0.4743993282318115	0.7651818990707397	-0.13883709907531738	-1.7756670713424683	-1.304985523223877	-1.6965224742889404	0.90869140625	-2.255657196044922
-0.5327785015106201	-0.1151997298002243	0.2579481601715088	0.41886118054389954	-0.016903363168239594	0.2738575339317322	-0.8656049370765686	-0.657881498336792	-1.5514636039733887	-0.7652926445007324	-0.714886486530304	0.27019912004470825	0.4267677068710327	-0.26179900765419006	1.5090445280075073	0.5376826524734497	1.0208334922790527	0.3540520966053009	0.09892653673887253	0.26179900765419006	0.7190324664115906	0.04318993538618088	0.593087375164032	-0.8033731579780579	0.5453702807426453	-0.6092280149459839	0.18168804049491882	-1.3639580011367798	-1.693946123123169	0.3680020570755005	0.7401987910270691	1.36790132522583	-0.1308143138885498	0.5936756730079651	-0.00014975666999816895	-0.2435833215713501	-0.41203945875167847	0.6325781345367432	0.5749315023422241	0.04964340478181839	0.0	-0.5023837089538574	0.6247912645339966	-0.2998858690261841	-1.6923353672027588	-1.977508544921875	-1.718682050704956	1.1414666175842285	-2.0930349826812744
-0.5313372611999512	-0.11644955724477768	0.2583717405796051	0.4353216588497162	-0.0160641148686409	0.27647075057029724	-0.8566219210624695	-0.6888608932495117	-1.544974684715271	-0.750757098197937	-0.6880329847335815	0.2687552571296692	0.4357287883758545	-0.26179900765419006	1.505300521850586	0.5307473540306091	1.0338232517242432	0.3671621084213257	0.09828829020261765	0.26179900765419006	0.7075245380401611	0.05475788936018944	0.5879371762275696	-0.8338497281074524	0.4971506893634796	-0.6450121402740479	0.20973555743694305	-1.4045848846435547	-1.7408058643341064	0.4067420959472656	0.7596820592880249	1.4189332723617554	-0.09921640157699585	0.2156183123588562	0.0	-0.19140243530273438	-0.36405324935913086	0.7572382688522339	0.71065354347229	-0.13984161615371704	0.0	-0.6912663578987122	0.8351221680641174	-0.632418692111969	-1.4902546405792236	-2.4833321571350098	-1.6580075025558472	1.4251388311386108	-1.7735093832015991
-0.5299286246299744	-0.1172865778207779	0.2590307593345642	0.45553702116012573	-0.014588892459869385	0.27876412868499756	-0.8453187942504883	-0.7275137305259705	-1.535193920135498	-0.7349053621292114	-0.6581291556358337	0.2662304639816284	0.43539243936538696	-0.26179900765419006	1.501388430595398	0.5231205224990845	1.051123023033142	0.3824782371520996	0.09333287179470062	0.26179900765419006	0.6913818120956421	0.07659482210874557	0.5677906274795532	-0.8629833459854126	0.4460369944572449	-0.6755483150482178	0.23869359493255615	-1.4348983764648438	-2.044527292251587	0.4628390073776245	0.7161945104598999	1.5287548303604126	-0.07010772824287415	-0.04379376769065857	0.0	-0.18183588981628418	-0.3673538565635681	0.8327603340148926	0.7313385605812073	-0.30060335993766785	0.0	-0.9038746356964111	1.2705367803573608	-1.314161777496338	-1.3045430183410645	-2.443009614944458	-1.4556795358657837	1.291596531867981	-1.4624089002609253
-0.5289480090141296	-0.11856494843959808	0.2595209777355194	0.47727853059768677	-0.011111092753708363	0.28115493059158325	-0.8324863314628601	-0.7706419825553894	-1.526461124420166	-0.722109317779541	-0.626882791519165	0.2659509479999542	0.43397703766822815	-0.26179900765419006	1.4980270862579346	0.5160531997680664	1.0671336650848389	0.396415650844574	0.08626415580511093	0.26179900765419006	0.6713695526123047	0.10557936131954193	0.5353707075119019	-0.886031448841095	0.3994303047657013	-0.7032393217086792	0.26139941811561584	-1.4630812406539917	-2.0581424236297607	0.3574073314666748	0.5386799573898315	1.646639347076416	0.1652844250202179	-0.03021061420440674	0.0	-0.11958181858062744	-0.27231723070144653	0.8313775062561035	0.742243230342865	-0.30673927068710327	0.0	-1.0527372360229492	1.3569148778915405	-1.5785187482833862	-1.0298043489456177	-2.7062885761260986	-1.3296931982040405	1.3747460842132568	-1.3279259204864502
-0.5281050205230713	-0.12000034749507904	0.2599073052406311	0.49677786231040955	-0.007125342730432749	0.2834002673625946	-0.8202718496322632	-0.8098394274711609	-1.520897626876831	-0.7133581638336182	-0.5922635793685913	0.27284184098243713	0.4341840147972107	-0.26179900765419006	1.4966051578521729	0.5122278332710266	1.0843781232833862	0.4121679663658142	0.08106330037117004	0.26179900765419006	0.6492723226547241	0.13087141513824463	0.5046498775482178	-0.9041755199432373	0.3377854526042938	-0.7287360429763794	0.2936834394931793	-1.4880154132843018	-1.8947110176086426	0.27299225330352783	0.3269791603088379	1.8428385257720947	0.5214132070541382	0.006267428398132324	0.0	-0.009784102439880371	-0.19455403089523315	0.8887410163879395	0.7995270490646362	-0.35734009742736816	0.0	-1.1568039655685425	1.248281478881836	-1.651228904724121	-0.8378878235816956	-3.3871009349823	-1.2486352920532227	1.82832932472229	-1.0768890380859375
-0.5270448923110962	-0.1215069442987442	0.25993192195892334	0.5158050060272217	-0.002719569019973278	0.2851623296737671	-0.8078494071960449	-0.8464304208755493	-1.515541434288025	-0.7090301513671875	-0.5531692504882812	0.28680747747421265	0.43422773480415344	-0.26179900765419006	1.4976357221603394	0.5082710385322571	1.1026833057403564	0.42839673161506653	0.07197055220603943	0.26179900765419006	0.625097393989563	0.15551061928272247	0.4693215489387512	-0.9195469617843628	0.2639462649822235	-0.7531847357749939	0.33453258872032166	-1.5061568021774292	-1.5496208667755127	0.285378098487854	-0.024656951427459717	1.805131196975708	0.9086035490036011	0.09584054350852966	0.0	0.19084513187408447	-0.36774203181266785	0.8953452110290527	0.8038461208343506	-0.4617348313331604	0.0	-1.3239874839782715	1.1866923570632935	-1.8130249977111816	-0.7015824317932129	-4.119137763977051	-1.2019366025924683	2.428927183151245	-0.6482481956481934
-0.5250822305679321	-0.12290186434984207	0.26046139001846313	0.5341060161590576	0.0024327037390321493	0.28725147247314453	-0.7951176762580872	-0.8718242645263672	-1.509482502937317	-0.7143444418907166	-0.5200583338737488	0.3091859817504883	0.4380176365375519	-0.26179900765419006	1.5042389631271362	0.4975181519985199	1.1201919317245483	0.44432181119918823	0.06259390711784363	0.26179900765419006	0.5963128209114075	0.17833910882472992	0.4321288764476776	-0.9322388172149658	0.17301994562149048	-0.7768135070800781	0.3908405303955078	-1.5139453411102295	-1.395411729812622	0.38137733936309814	-0.2118811011314392	1.6523964405059814	1.1502563953399658	0.005352497100830078	0.0	0.20699799060821533	-0.5962789058685303	0.8119076490402222	0.6858222484588623	-0.3759728670120239	0.0	-1.2815282344818115	1.0414984226226807	-1.7077691555023193	-0.5803391337394714	-3.880067825317383	-0.910833477973938	2.148611068725586	-0.5711555480957031
-0.5240908265113831	-0.12745875120162964	0.2603117823600769	0.5514755845069885	0.008027635514736176	0.29087814688682556	-0.7817927598953247	-0.90224689245224	-1.500286340713501	-0.7175053954124451	-0.4870733916759491	0.3328177332878113	0.43444183468818665	-0.26179900765419006	1.505915641784668	0.48441988229751587	1.1351596117019653	0.4558296203613281	0.05693163722753525	0.26179900765419006	0.5738362669944763	0.19717055559158325	0.40101078152656555	-0.9427605271339417	0.10874354839324951	-0.7896180748939514	0.420477032661438	-1.5290030241012573	-1.6178429126739502	0.3403127193450928	-0.0684887170791626	1.7240331172943115	1.1990755796432495	-0.19496604800224304	0.0	0.01672506332397461	-0.4559040069580078	0.7351517677307129	0.6951547861099243	-0.26462262868881226	0.0	-1.1681959629058838	1.0809223651885986	-1.7426222562789917	-0.5310297012329102	-3.6922738552093506	-0.5933374166488647	1.8855617046356201	-0.7016927003860474
-0.5238509774208069	-0.13068298995494843	0.25988590717315674	0.5687640309333801	0.013298999518156052	0.2941930294036865	-0.7679720520973206	-0.9365379810333252	-1.4958699941635132	-0.7170839905738831	-0.4510970115661621	0.35714900493621826	0.43021899461746216	-0.26179900765419006	1.5049079656600952	0.4792819917201996	1.1495980024337769	0.4721280038356781	0.05200900137424469	0.26179900765419006	0.5495849847793579	0.2215760052204132	0.36242398619651794	-0.9534800052642822	0.025328999385237694	-0.8005470037460327	0.4662629961967468	-1.5420130491256714	-1.8431782722473145	0.14700889587402344	0.11845976114273071	1.6716315746307373	1.1000484228134155	-0.33526793122291565	0.0	-0.1813441514968872	-0.13371258974075317	0.7295817136764526	0.7932379841804504	-0.3449169993400574	0.0	-1.2366801500320435	1.2518614530563354	-1.982527256011963	-0.5662962794303894	-4.454761505126953	-0.4502102732658386	2.575430393218994	-0.5219787359237671
-0.5238305926322937	-0.13390293717384338	0.2591557800769806	0.5856229662895203	0.01875774934887886	0.2979302704334259	-0.7536125779151917	-0.9759740233421326	-1.49440598487854	-0.7127670049667358	-0.4202081263065338	0.3768196702003479	0.42103111743927	-0.26179900765419006	1.4986618757247925	0.47907137870788574	1.1643428802490234	0.48755913972854614	0.04313495755195618	0.26179900765419006	0.5243690609931946	0.24724501371383667	0.32170969247817993	-0.9654123783111572	-0.06944691389799118	-0.807626485824585	0.5234942436218262	-1.549882173538208	-1.923629641532898	0.037664175033569336	0.10950565338134766	1.4882475137710571	1.132791519165039	-0.43561384081840515	0.0	-0.3299444913864136	-0.07243901491165161	0.7790088653564453	0.7851428985595703	-0.5162133574485779	0.0	-1.3557113409042358	1.3285107612609863	-2.168463945388794	-0.5615189671516418	-4.896416664123535	-0.2452462911605835	3.0542001724243164	-0.3010571002960205
-0.5238478183746338	-0.137290358543396	0.25876450538635254	0.6028327345848083	0.024823764339089394	0.30206069350242615	-0.7380624413490295	-1.0134831666946411	-1.4943634271621704	-0.7127037644386292	-0.3915671110153198	0.40246066451072693	0.41279444098472595	-0.26179900765419006	1.4917101860046387	0.4763844311237335	1.1807583570480347	0.5035337209701538	0.03136046603322029	0.26179900765419006	0.4953565299510956	0.27471643686294556	0.2756854295730591	-0.9759407639503479	-0.17052766680717468	-0.810356855392456	0.5884310007095337	-1.5540553331375122	-1.8678679466247559	-0.04464387893676758	0.10617077350616455	1.2656606435775757	1.6125388145446777	-0.5134150385856628	0.0	-0.5678385496139526	-0.31925588846206665	0.6058752536773682	0.6417721509933472	-0.64361572265625	0.0	-1.4071255922317505	1.4576241970062256	-2.259578227996826	-0.4629567265510559	-5.264191150665283	0.16564875841140747	3.537619113922119	0.011333823204040527
-0.5240731835365295	-0.14133039116859436	0.25976115465164185	0.6190407872200012	0.029011067003011703	0.30718380212783813	-0.7222084403038025	-1.0506887435913086	-1.4961917400360107	-0.7085201740264893	-0.3695816993713379	0.4413212239742279	0.4004945158958435	-0.26179900765419006	1.4759483337402344	0.4663011431694031	1.1885778903961182	0.51323002576828	0.017390327528119087	0.26179900765419006	0.46808403730392456	0.3055499792098999	0.23132656514644623	-0.9839306473731995	-0.2800145745277405	-0.8010005354881287	0.6649990081787109	-1.5494288206100464	-1.8224924802780151	-0.11965930461883545	0.19399821758270264	1.1234865188598633	2.134866237640381	-0.6647176742553711	0.0	-0.8471757173538208	-0.5530930757522583	0.39430558681488037	0.4509150981903076	-0.6783985495567322	0.0	-1.4804892539978027	1.5223815441131592	-2.274393320083618	-0.3644689917564392	-5.5751495361328125	0.6335437297821045	3.9598584175109863	0.4527837038040161
-0.524131178855896	-0.14549952745437622	0.2610471248626709	0.6349819898605347	0.03368035703897476	0.3128441572189331	-0.7055438756942749	-1.0863828659057617	-1.4991497993469238	-0.704943835735321	-0.3466276526451111	0.48785531520843506	0.3862057328224182	-0.26179900765419006	1.4578231573104858	0.4542607069015503	1.1965305805206299	0.5215703248977661	0.004224524367600679	0.26179900765419006	0.43613696098327637	0.3356117010116577	0.18470969796180725	-0.9905195236206055	-0.3935336470603943	-0.7850151062011719	0.7468253374099731	-1.5359439849853516	-1.7210066318511963	-0.24483203887939453	0.1758292317390442	1.2065671682357788	2.580793857574463	-0.747363269329071	0.0	-0.9576588869094849	-0.5515784025192261	0.42857825756073	0.5320742726325989	-0.6179832220077515	0.0	-1.6687512397766113	1.4264501333236694	-2.330064058303833	-0.27378350496292114	-5.760985374450684	0.9465381503105164	4.208775043487549	0.852319598197937
-0.5240939855575562	-0.1501399725675583	0.26211389899253845	0.649526059627533	0.038714006543159485	0.31968003511428833	-0.6887831091880798	-1.1195290088653564	-1.5059850215911865	-0.7014870047569275	-0.32131901383399963	0.5445529818534851	0.37059998512268066	-0.26179900765419006	1.437641978263855	0.44423800706863403	1.2057210206985474	0.534512996673584	-0.007329000160098076	0.26179900765419006	0.4013339877128601	0.3626079857349396	0.1381240040063858	-0.9948819875717163	-0.510453999042511	-0.763139009475708	0.8333500027656555	-1.515336036682129	-1.4805704355239868	-0.46678781509399414	0.12111663818359375	1.3104416131973267	2.7397334575653076	-0.8472018241882324	0.0	-0.8939951658248901	-0.274030864238739	0.5441546440124512	0.7523581385612488	-0.6410682797431946	0.0	-1.7049394845962524	1.2012250423431396	-2.0683326721191406	-0.19529908895492554	-6.188426971435547	1.3195812702178955	4.5716376304626465	1.2378513813018799
-0.5262254476547241	-0.15283134579658508	0.2606951594352722	0.6611050963401794	0.04392417147755623	0.32672712206840515	-0.6739882230758667	-1.1456056833267212	-1.5178213119506836	-0.7000991702079773	-0.2942099869251251	0.5974446535110474	0.3523176610469818	-0.26179900765419006	1.4220633506774902	0.44329947233200073	1.218296766281128	0.5516646504402161	-0.02141820639371872	0.26179900765419006	0.36793938279151917	0.3836607038974762	0.10197639465332031	-0.9983314871788025	-0.6410707235336304	-0.732231855392456	0.9296908378601074	-1.4864299297332764	-1.3560831546783447	-1.5909552574157715	0.258791446685791	1.4505043029785156	3.7052602767944336	-0.9358316659927368	0.0	-0.7095873355865479	0.9505130052566528	0.6793111562728882	1.9196138381958008	-0.9058598279953003	0.0	-2.6983461380004883	1.245643973350525	-2.4498066902160645	0.42512714862823486	-9.97340202331543	2.6102795600891113	8.611412048339844	3.7670345306396484
-0.5288583636283875	-0.1469409018754959	0.26442670822143555	0.6731064915657043	0.0491345189511776	0.33002418279647827	-0.6599980592727661	-1.1737723350524902	-1.5696232318878174	-0.6911353468894958	-0.2632988393306732	0.6927633881568909	0.3331667184829712	-0.26179900765419006	1.409258484840393	0.48225852847099304	1.232893466949463	0.6112975478172302	-0.043563395738601685	0.26179900765419006	0.2934001386165619	0.4124337434768677	0.04013173282146454	-0.9778769016265869	-0.9093900918960571	-0.6587278246879578	1.1778064966201782	-1.3646546602249146	-1.1633306741714478	-1.4906495809555054	-0.09098201990127563	1.2133166790008545	4.392598628997803	-0.7777981758117676	0.0	-0.5108743906021118	0.44030845165252686	0.3923743963241577	2.2386953830718994	-1.031647801399231	0.0	-3.086101531982422	1.1190540790557861	-2.7157723903656006	0.41887611150741577	-9.132716178894043	2.389676809310913	8.07499885559082	3.711426258087158
-0.5289763808250427	-0.15148881077766418	0.26495933532714844	0.6887378692626953	0.05605032667517662	0.3375524878501892	-0.6391847133636475	-1.192138910293579	-1.5774472951889038	-0.7037384510040283	-0.24567732214927673	0.7731485962867737	0.321205735206604	-0.26179900765419006	1.4016283750534058	0.4609118103981018	1.2339917421340942	0.6412124633789062	-0.06268411874771118	0.26179900765419006	0.24449531733989716	0.42842286825180054	-0.0066545032896101475	-0.9815764427185059	-1.0063793659210205	-0.6366447806358337	1.2526907920837402	-1.33797287940979	-1.1008083820343018	-0.13447105884552002	-0.5794808268547058	0.7500935196876526	3.5876541137695312	-0.5816959142684937	0.0	-0.4871666431427002	-1.0954804420471191	0.03936290740966797	1.3696715831756592	-1.0066267251968384	0.0	-2.661574602127075	0.7719688415527344	-2.724613666534424	-0.17413347959518433	-4.346275329589844	0.6606712937355042	3.2149643898010254	0.9109288454055786
-0.5277389883995056	-0.1571389138698578	0.26458513736724854	0.705611526966095	0.06434673070907593	0.3452691435813904	-0.6154361367225647	-1.2178046703338623	-1.5750020742416382	-0.7143145799636841	-0.23329509794712067	0.8362695574760437	0.30989888310432434	-0.26179900765419006	1.389771819114685	0.4384393095970154	1.2344679832458496	0.6660844087600708	-0.08382846415042877	0.26179900765419006	0.186937153339386	0.44331249594688416	-0.06885281205177307	-0.9848422408103943	-1.0832411050796509	-0.6323009729385376	1.3064050674438477	-1.3282175064086914	-1.4605522155761719	0.3315567970275879	-0.3902137279510498	0.7025830745697021	2.6869847774505615	-0.4688933491706848	0.0	-0.5898833274841309	-0.9057700634002686	0.2692073583602905	1.373837947845459	-0.8392469882965088	0.0	-3.121757984161377	0.6022781133651733	-3.3830623626708984	0.07183551788330078	-4.0247650146484375	0.12241899967193604	3.030028820037842	0.5562722682952881
-0.5253880023956299	-0.1628829538822174	0.26413190364837646	0.7227960824966431	0.07329399883747101	0.35138005018234253	-0.5905300378799438	-1.250560998916626	-1.5641850233078003	-0.7193470001220703	-0.21757400035858154	0.8806279897689819	0.3024500012397766	-0.26179900765419006	1.3780330419540405	0.42468100786209106	1.2447600364685059	0.6961659789085388	-0.09625399857759476	0.26179900765419006	0.11962500214576721	0.45251399278640747	-0.141976997256279	-0.9787030220031738	-1.1673699617385864	-0.6317480206489563	1.3738919496536255	-1.3157219886779785	-1.6101717948913574	0.5869120359420776	-0.2090543508529663	0.6915740966796875	2.0836308002471924	-0.26735737919807434	0.0	-0.6228417158126831	-0.7672302722930908	0.2791404724121094	1.4489442110061646	-0.6164577007293701	0.0	-3.5774893760681152	0.4325948655605316	-3.840144395828247	0.5150139331817627	-4.360053062438965	0.07484257221221924	3.498110294342041	0.6294965744018555
-0.5240204930305481	-0.16844530403614044	0.2640339136123657	0.7388185262680054	0.08299146592617035	0.3578050434589386	-0.5650094151496887	-1.2822115421295166	-1.551525592803955	-0.7226767539978027	-0.20563213527202606	0.9196147918701172	0.29920458793640137	-0.26179900765419006	1.3648581504821777	0.40775009989738464	1.245633602142334	0.7240421772003174	-0.10848677158355713	0.26179900765419006	0.04383757710456848	0.4606162905693054	-0.2224585860967636	-0.9642416834831238	-1.257643222808838	-0.6293072700500488	1.4463294744491577	-1.3030376434326172	-1.4522075653076172	0.6688743829727173	-0.20663440227508545	0.5866132974624634	1.8753514289855957	-0.041000545024871826	0.0	-0.6931036710739136	-0.8872025012969971	-0.08660554885864258	1.3421967029571533	-0.6738081574440002	0.0	-3.7705156803131104	0.3070652484893799	-3.9499456882476807	0.7593140006065369	-4.644412040710449	0.2284899353981018	3.7559330463409424	0.6809026002883911
-0.5229852199554443	-0.17433854937553406	0.2639775276184082	0.7528606653213501	0.09332214295864105	0.36461707949638367	-0.5399497747421265	-1.3086493015289307	-1.5374300479888916	-0.7276123762130737	-0.1941094696521759	0.95564204454422	0.30080997943878174	-0.26179900765419006	1.350308895111084	0.3891929090023041	1.2412958145141602	0.7498538494110107	-0.12320632487535477	0.26179900765419006	-0.0311956275254488	0.46479660272598267	-0.29997482895851135	-0.9483304619789124	-1.3531464338302612	-0.6226084232330322	1.5241292715072632	-1.2884858846664429	-1.2337684631347656	0.8339583873748779	-0.21633952856063843	0.6009474396705627	1.5525996685028076	0.25207847356796265	0.0	-0.7190942764282227	-0.9456210136413574	-0.24175047874450684	1.2828916311264038	-0.7171541452407837	0.0	-3.614725112915039	0.12469738721847534	-3.7895429134368896	0.7859840989112854	-4.274353504180908	0.5110964179039001	3.1045942306518555	0.8408188819885254
-0.5220586061477661	-0.1803402304649353	0.2632417678833008	0.7652614116668701	0.10331712663173676	0.3711647391319275	-0.5156911611557007	-1.3315622806549072	-1.51816725730896	-0.7313303351402283	-0.18159423768520355	0.9817187786102295	0.3092877268791199	-0.26179900765419006	1.3360943794250488	0.36992526054382324	1.2359635829925537	0.7753578424453735	-0.13717293739318848	0.26179900765419006	-0.10075142234563828	0.46560418605804443	-0.37404030561447144	-0.9328023195266724	-1.4286173582077026	-0.6088634133338928	1.5705132484436035	-1.2694048881530762	-1.1042237281799316	1.1490195989608765	-0.10288059711456299	0.5949839949607849	1.1179850101470947	0.5773067474365234	0.0	-0.8509308099746704	-1.1346958875656128	-0.36420226097106934	1.237928867340088	-0.6441043615341187	0.0	-3.427572250366211	-0.02597421407699585	-3.6480062007904053	0.7192492485046387	-2.856996536254883	0.612679123878479	1.1667579412460327	1.0501623153686523
-0.5208991765975952	-0.18686549365520477	0.2626165449619293	0.7772002220153809	0.11212773621082306	0.3783183991909027	-0.490166038274765	-1.352818250656128	-1.4914692640304565	-0.7317276000976562	-0.1703101098537445	1.000361442565918	0.3239022493362427	-0.26179900765419006	1.3162716627120972	0.34380507469177246	1.2267277240753174	0.7993710041046143	-0.14897049963474274	0.26179900765419006	-0.16829851269721985	0.46375763416290283	-0.44589507579803467	-0.9195604920387268	-1.4674263000488281	-0.5981012582778931	1.5707995891571045	-1.2464793920516968	-1.0511428117752075	1.5100300312042236	0.09043365716934204	0.6073057651519775	0.663679838180542	0.8370071649551392	0.0	-1.0783582925796509	-1.3893067836761475	-0.5394399166107178	1.1498286724090576	-0.512001633644104	0.0	-3.382789373397827	-0.2361796796321869	-3.540466785430908	0.6965577602386475	-1.8282175064086914	0.4299357533454895	0.007167458534240723	1.1765986680984497
-0.5196629762649536	-0.19360898435115814	0.2619189918041229	0.7886859774589539	0.12090300023555756	0.38544604182243347	-0.4634520709514618	-1.3736079931259155	-1.457766056060791	-0.7277129888534546	-0.15730200707912445	1.0082659721374512	0.34276801347732544	-0.26179900765419006	1.2929600477218628	0.31435298919677734	1.214385986328125	0.8213509917259216	-0.15765300393104553	0.26179900765419006	-0.23606300354003906	0.45615699887275696	-0.515658974647522	-0.9049400091171265	-1.5017460584640503	-0.5916659832000732	1.5707999467849731	-1.2223409414291382	-0.9974896907806396	1.7359524965286255	0.18929243087768555	0.5746937990188599	0.28919875621795654	0.9102486371994019	0.0	-1.241198182106018	-1.5329346656799316	-0.7225930690765381	1.0436385869979858	-0.40782952308654785	0.0	-3.3778316974639893	-0.49778521060943604	-3.454928159713745	0.8248701691627502	-1.635199785232544	0.3189072012901306	8.940696716308594e-06	1.2398749589920044
-0.5185550451278687	-0.2004186511039734	0.261274516582489	0.7993769645690918	0.1292329877614975	0.39242056012153625	-0.43623608350753784	-1.3927178382873535	-1.4220311641693115	-0.7241559028625488	-0.14732235670089722	1.0119293928146362	0.36031219363212585	-0.26179900765419006	1.2666237354278564	0.282487690448761	1.1978240013122559	0.8411165475845337	-0.1652836799621582	0.26179900765419006	-0.3034117817878723	0.4438462257385254	-0.5840921998023987	-0.8865656852722168	-1.5328342914581299	-0.5853449702262878	1.5707999467849731	-1.1968843936920166	-0.901445746421814	1.816675066947937	0.23082494735717773	0.482989102602005	0.10209083557128906	0.6808340549468994	0.0	-1.4222949743270874	-1.5862808227539062	-0.9471476078033447	0.9134426712989807	-0.3850787878036499	0.0	-3.327491044998169	-0.6777428388595581	-3.3882975578308105	0.9806022047996521	-1.4904111623764038	0.36621391773223877	0.0	1.2497156858444214
-0.5176317095756531	-0.20745113492012024	0.26081234216690063	0.808672308921814	0.1377176195383072	0.3995806872844696	-0.40916740894317627	-1.409665822982788	-1.3850990533828735	-0.7184799909591675	-0.13798244297504425	1.0123496055603027	0.3700013756752014	-0.26179900765419006	1.2360682487487793	0.2509017586708069	1.1765000820159912	0.8578886985778809	-0.17305615544319153	0.26179900765419006	-0.3691626489162445	0.42904728651046753	-0.6511908769607544	-0.8657159209251404	-1.5613625049591064	-0.5770174264907837	1.5707999467849731	-1.1723523139953613	-0.9005188941955566	1.9108057022094727	0.27359873056411743	0.4103757441043854	-0.06280839443206787	0.26611611247062683	0.0	-1.558983325958252	-1.5438966751098633	-1.144629716873169	0.8731722831726074	-0.32616108655929565	0.0	-3.3034584522247314	-0.9458869695663452	-3.3780484199523926	1.144437551498413	-1.2871265411376953	0.26794523000717163	-2.9802322387695312e-06	1.2668192386627197
-0.516545295715332	-0.21416783332824707	0.26033952832221985	0.8178015351295471	0.1468203216791153	0.4061259329319	-0.3804037570953369	-1.4287385940551758	-1.3455989360809326	-0.7132119536399841	-0.1309073269367218	1.0094170570373535	0.3709568381309509	-0.26179900765419006	1.2042644023895264	0.22073182463645935	1.152038812637329	0.876043438911438	-0.17833012342453003	0.26179900765419006	-0.43555012345314026	0.4060107469558716	-0.719214141368866	-0.8407881855964661	-1.5843193531036377	-0.574627161026001	1.5707998275756836	-1.1462116241455078	-0.7643222808837891	1.7592370510101318	0.4279136657714844	0.09371079504489899	0.09706616401672363	-0.08167102932929993	0.0	-1.8618524074554443	-1.4046404361724854	-1.6626596450805664	0.7745116949081421	-0.11626407504081726	0.0	-3.31955623626709	-1.0566279888153076	-3.386965274810791	1.2352750301361084	-1.2810230255126953	0.309106707572937	0.0	1.3388454914093018
-0.5149030089378357	-0.22103992104530334	0.26168495416641235	0.823592483997345	0.1556916981935501	0.4151054918766022	-0.35375547409057617	-1.4402387142181396	-1.3147295713424683	-0.7013634443283081	-0.1342340111732483	1.0162322521209717	0.3667345345020294	-0.26179900765419006	1.1615941524505615	0.19471614062786102	1.1099936962127686	0.8888691663742065	-0.17770671844482422	0.26179900765419006	-0.501944899559021	0.386782169342041	-0.7866694927215576	-0.8163049221038818	-1.6126034259796143	-0.5646531581878662	1.5707999467849731	-1.1187984943389893	-0.09609758853912354	1.5883952379226685	0.9741693735122681	-0.41650867462158203	0.794219970703125	-0.5166970491409302	0.0	-2.9400408267974854	-1.59993314743042	-2.853658676147461	0.4082903265953064	-0.005112588405609131	0.0	-3.6124565601348877	-0.5756967067718506	-3.7741212844848633	1.7057790756225586	-1.0988444089889526	1.8825262784957886	2.9802322387695312e-06	2.996781349182129
-0.5165749192237854	-0.2293737232685089	0.2661077678203583	0.8260300159454346	0.1564762443304062	0.4279756546020508	-0.3317025303840637	-1.4325824975967407	-1.2820631265640259	-0.6742451786994934	-0.14756767451763153	1.0411858558654785	0.3502889573574066	-0.26179900765419006	1.086662769317627	0.15673449635505676	1.037892460823059	0.8923750519752502	-0.1785346269607544	0.26179900765419006	-0.5800483822822571	0.38298287987709045	-0.8701789975166321	-0.7725570201873779	-1.6282731294631958	-0.49932610988616943	1.5707999467849731	-1.026340365409851	0.25942325592041016	1.2483566999435425	1.0146617889404297	-0.5722545385360718	1.3244271278381348	-0.8415646553039551	0.0	-2.942568063735962	-1.247300624847412	-2.8345437049865723	0.6428450345993042	0.17706230282783508	0.0	-2.6403040885925293	0.030904263257980347	-2.8471083641052246	0.9053051471710205	-0.8006781339645386	2.582092523574829	0.0	3.1502649784088135
-0.5165712833404541	-0.23722925782203674	0.2651783227920532	0.8266348242759705	0.16048720479011536	0.4384296238422394	-0.31416353583335876	-1.4298617839813232	-1.2647953033447266	-0.6607769727706909	-0.15712419152259827	1.069209337234497	0.3330719470977783	-0.26179900765419006	1.043891429901123	0.14482411742210388	0.9966119527816772	0.9145829677581787	-0.17062422633171082	0.26179900765419006	-0.6075570583343506	0.38801833987236023	-0.900553822517395	-0.780092716217041	-1.6446305513381958	-0.46136945486068726	1.5707999467849731	-0.9927878975868225	0.4052400588989258	0.9049564599990845	0.6086483597755432	-0.6482657194137573	1.3839781284332275	-1.092094898223877	0.0	-2.204328775405884	-0.42267218232154846	-2.198155164718628	1.3474299907684326	0.6803978085517883	0.0	-1.6594648361206055	0.17078295350074768	-1.8366098403930664	-0.2711549401283264	-0.7440119981765747	2.08217191696167	0.0	2.043783664703369
-0.5165374279022217	-0.2444901317358017	0.2658199369907379	0.8263495564460754	0.16583071649074554	0.44978371262550354	-0.2955363988876343	-1.4163728952407837	-1.2458648681640625	-0.6498992443084717	-0.17349830269813538	1.0965449810028076	0.30660516023635864	-0.26179900765419006	0.9984896183013916	0.13982760906219482	0.9499662518501282	0.9462722539901733	-0.1513187140226364	0.26179900765419006	-0.6464269757270813	0.38981419801712036	-0.9436433911323547	-0.783403217792511	-1.6580336093902588	-0.41603922843933105	1.5707999467849731	-0.9445890188217163	0.9572088718414307	1.083257794380188	0.27606189250946045	-0.8371498584747314	1.1101394891738892	-1.2984477281570435	0.0	-1.9459142684936523	-0.05349554121494293	-1.9819066524505615	1.9519060850143433	1.0747570991516113	0.0	-1.8885642290115356	-0.16582608222961426	-2.063836097717285	-0.007162988185882568	-0.5407333374023438	2.160571575164795	-2.9802322387695312e-06	2.079111337661743
-0.5162448287010193	-0.25134778022766113	0.26534754037857056	0.8256726264953613	0.17381219565868378	0.4596787393093109	-0.2770378291606903	-1.391573429107666	-1.221464991569519	-0.6497344970703125	-0.19061018526554108	1.1136149168014526	0.2811340391635895	-0.26179900765419006	0.9660548567771912	0.14268429577350616	0.9173356890678406	0.9926592111587524	-0.1276339441537857	0.26179900765419006	-0.683099627494812	0.38138529658317566	-0.9831072688102722	-0.7803792357444763	-1.6662598848342896	-0.37494659423828125	1.5707998275756836	-0.9096234440803528	1.416507363319397	1.1364221572875977	0.17398595809936523	-1.2219443321228027	1.0112136602401733	-1.1218950748443604	0.0	-2.0326762199401855	0.28410106897354126	-1.9835247993469238	2.223679542541504	1.2801144123077393	0.0	-1.8508329391479492	-0.20949244499206543	-1.7949268817901611	-0.027833878993988037	-0.3195464611053467	1.9892901182174683	0.0	1.5254467725753784
-0.5153868198394775	-0.25881871581077576	0.26629674434661865	0.8230876326560974	0.17882029712200165	0.47281286120414734	-0.25884008407592773	-1.3597126007080078	-1.2004079818725586	-0.6429398059844971	-0.22237607836723328	1.1369935274124146	0.26172935962677	-0.26179900765419006	0.9171825647354126	0.15119165182113647	0.8706252574920654	1.035219430923462	-0.1001141369342804	0.26179900765419006	-0.7204602956771851	0.38143450021743774	-1.0154404640197754	-0.7845165729522705	-1.6708154678344727	-0.3364676237106323	1.5707999467849731	-0.8835711479187012	1.643061637878418	0.9508252143859863	0.3570377826690674	-1.7327706813812256	1.2215763330459595	-0.8477758765220642	0.0	-2.55389666557312	0.5378425121307373	-2.412067413330078	1.973244547843933	1.2012485265731812	0.0	-1.783834457397461	0.08464232087135315	-1.4029934406280518	-0.39899349212646484	-0.035828351974487305	1.7241649627685547	2.9802322387695312e-06	1.085236668586731
-0.5142250657081604	-0.26639097929000854	0.26770490407943726	0.8198601007461548	0.18258000910282135	0.48623502254486084	-0.24097701907157898	-1.3258509635925293	-1.1834319829940796	-0.6354529857635498	-0.25992101430892944	1.162477970123291	0.24722300469875336	-0.26179900765419006	0.8638989925384521	0.16419799625873566	0.8208529949188232	1.0715889930725098	-0.07958400249481201	0.26179900765419006	-0.7544530034065247	0.3847709894180298	-1.03922700881958	-0.7963389754295349	-1.667693018913269	-0.30597999691963196	1.5707999467849731	-0.8662139773368835	1.8043100833892822	0.8494675159454346	0.39621293544769287	-1.765911340713501	1.0390758514404297	-0.6019245982170105	0.0	-2.334582805633545	0.8850164413452148	-2.4255082607269287	1.8632054328918457	1.1512492895126343	0.0	-1.6546189785003662	0.0007480382919311523	-1.0887742042541504	-0.44876039028167725	0.39156079292297363	1.0464534759521484	0.0	0.5832135677337646
-0.5127492547035217	-0.2737746834754944	0.2693980038166046	0.8162149786949158	0.18714375793933868	0.4988989531993866	-0.2233167439699173	-1.2875401973724365	-1.1664292812347412	-0.6270912885665894	-0.2930125296115875	1.1785565614700317	0.23765237629413605	-0.26179900765419006	0.8237992525100708	0.18659231066703796	0.7736049294471741	1.1097476482391357	-0.05406416580080986	0.26179900765419006	-0.7866450548171997	0.381464421749115	-1.0589914321899414	-0.8024669885635376	-1.6551530361175537	-0.2946094870567322	1.5707999467849731	-0.8602426052093506	2.144876003265381	0.5914241075515747	0.28380006551742554	-1.6987241506576538	0.8966773748397827	-0.20941607654094696	0.0	-1.4820575714111328	1.1040128469467163	-2.5434255599975586	2.042210102081299	1.1966520547866821	0.0	-1.7253875732421875	-0.23987814784049988	-1.0237157344818115	-0.12100040912628174	0.40906965732574463	0.31027644872665405	0.0	0.6271302700042725
-0.5121805667877197	-0.27949076890945435	0.27229630947113037	0.812095046043396	0.19075439870357513	0.5108990669250488	-0.20759595930576324	-1.2400559186935425	-1.1597750186920166	-0.6241009831428528	-0.3278699815273285	1.1983450651168823	0.23884636163711548	-0.26179900765419006	0.8046166896820068	0.2083585113286972	0.7191159725189209	1.1532773971557617	-0.031717922538518906	0.26179900765419006	-0.8234685063362122	0.3751758635044098	-1.0801756381988525	-0.8011789917945862	-1.6513302326202393	-0.2935689389705658	1.5707999467849731	-0.8411287665367126	2.0813674926757812	0.3345102071762085	0.4080444574356079	-1.3801112174987793	0.6895154714584351	-0.009784847497940063	0.0	-0.6046861410140991	1.07134211063385	-2.2238106727600098	2.2488415241241455	0.7285171151161194	0.0	-1.451718807220459	-0.27389079332351685	-0.633472204208374	0.16028285026550293	-0.3922611474990845	-0.31680166721343994	-2.9802322387695312e-06	0.3293931484222412
-0.5117198824882507	-0.28476470708847046	0.27545323967933655	0.8084976077079773	0.19245894253253937	0.5200214385986328	-0.1971520483493805	-1.2042855024337769	-1.1530488729476929	-0.610769510269165	-0.3482169806957245	1.2061371803283691	0.23726098239421844	-0.26179900765419006	0.7996118068695068	0.22944599390029907	0.6846525073051453	1.1997013092041016	-0.024923481047153473	0.26179900765419006	-0.8447138071060181	0.3705087900161743	-1.0843303203582764	-0.7960556745529175	-1.670843482017517	-0.3072815537452698	1.5707998275756836	-0.8470668792724609	2.1703779697418213	0.3628462553024292	0.7116600871086121	-1.000070571899414	0.35330653190612793	0.07346868515014648	0.0	-0.017118453979492188	1.0054781436920166	-1.6624317169189453	2.5827198028564453	0.23290780186653137	0.0	-1.013045072555542	-0.021999329328536987	-0.28684139251708984	0.24459809064865112	-0.5540609359741211	-0.8605420589447021	0.0	-0.7831886410713196
-0.5112408995628357	-0.28857535123825073	0.279488742351532	0.8046950697898865	0.1888062208890915	0.529369592666626	-0.19127461314201355	-1.1532407999038696	-1.1452611684799194	-0.5956345796585083	-0.36787280440330505	1.2124773263931274	0.24178510904312134	-0.26179900765419006	0.8039319515228271	0.24857763946056366	0.6526187062263489	1.2565861940383911	-0.022401610389351845	0.26179900765419006	-0.863990306854248	0.3742958903312683	-1.0916492938995361	-0.7913950681686401	-1.673492670059204	-0.3279906213283539	1.5707999467849731	-0.8724563121795654	2.8500378131866455	0.8113712072372437	1.260387897491455	-0.6503008604049683	-0.13800561428070068	0.44545048475265503	0.0	0.4015296697616577	0.9364500641822815	-1.4229371547698975	2.9940426349639893	0.025862036272883415	0.0	-0.6833299994468689	0.7016301155090332	-0.29181838035583496	0.010842084884643555	-0.0401616096496582	-0.5400859117507935	2.9802322387695312e-06	-1.247178077697754
-0.5105559825897217	-0.29342398047447205	0.282804936170578	0.7997691035270691	0.18105103075504303	0.5392080545425415	-0.19195203483104706	-1.090283989906311	-1.1205940246582031	-0.5603539943695068	-0.3742290139198303	1.2006169557571411	0.2550790011882782	-0.26179900765419006	0.8156729936599731	0.26690399646759033	0.6277350187301636	1.3194630146026611	-0.023888999596238136	0.26179900765419006	-0.8720470070838928	0.39857399463653564	-1.0960030555725098	-0.7956219911575317	-1.6724499464035034	-0.3288849890232086	1.5707999467849731	-0.8969539999961853	2.9923737049102783	1.288709044456482	1.3880000114440918	-0.4238791763782501	-0.8143872022628784	0.8351736068725586	0.0	0.8995383977890015	0.7115092277526855	-0.9626567363739014	3.3410282135009766	-0.20083101093769073	0.0	-0.21442919969558716	1.182560682296753	-0.19094347953796387	-0.13325214385986328	0.3235548734664917	0.5152031779289246	0.0	-0.368615984916687
-0.5089230537414551	-0.29848358035087585	0.2856982350349426	0.7968236804008484	0.1721934825181961	0.5457876920700073	-0.19374582171440125	-1.0335458517074585	-1.0937128067016602	-0.5401145815849304	-0.38482797145843506	1.1799018383026123	0.2751920521259308	-0.26179900765419006	0.8399134874343872	0.27703800797462463	0.6141124367713928	1.3902273178100586	-0.030434850603342056	0.26179900765419006	-0.8725674748420715	0.42159831523895264	-1.0992870330810547	-0.7967251539230347	-1.6605504751205444	-0.3073824942111969	1.5707999467849731	-0.8872009515762329	2.4004368782043457	1.256301999092102	0.8088648319244385	-0.48574283719062805	-1.0810524225234985	0.6480462551116943	0.0	1.4797403812408447	0.4089437425136566	-0.48971027135849	3.6513209342956543	-0.5045275688171387	0.0	-0.2339377999305725	0.5208179354667664	-0.23285746574401855	0.5975931882858276	0.6799250841140747	1.2286208868026733	0.0	1.2214019298553467
-0.5075806379318237	-0.30292394757270813	0.28959959745407104	0.7964398264884949	0.16595833003520966	0.5489363074302673	-0.1918625384569168	-0.9942665100097656	-1.070341944694519	-0.5279994010925293	-0.39365872740745544	1.1573748588562012	0.28100085258483887	-0.26179900765419006	0.8748626112937927	0.2832617461681366	0.608146607875824	1.4655158519744873	-0.04407010227441788	0.26179900765419006	-0.8814045190811157	0.4194067120552063	-1.1053173542022705	-0.7717182636260986	-1.6452529430389404	-0.2797401547431946	1.5707999467849731	-0.8480979204177856	1.8573687076568604	1.0644346475601196	0.8405596017837524	-0.18063634634017944	-1.034584641456604	0.5424790382385254	0.0	1.793442726135254	0.32424628734588623	-0.22862255573272705	3.7277488708496094	-0.8502963185310364	0.0	-0.5794212222099304	-0.4822671413421631	-0.3422379493713379	1.8962039947509766	0.7872223854064941	1.3112611770629883	-2.9802322387695312e-06	1.9563138484954834
-0.5063742399215698	-0.3076068162918091	0.2938604950904846	0.7969358563423157	0.16085562109947205	0.5506702065467834	-0.18915928900241852	-0.9592511057853699	-1.0511354207992554	-0.5064921975135803	-0.39205342531204224	1.1385184526443481	0.2968912124633789	-0.26179900765419006	0.9116511940956116	0.2900078594684601	0.6049675345420837	1.5393372774124146	-0.06444670259952545	0.26179900765419006	-0.8957443237304688	0.4023076295852661	-1.1129765510559082	-0.7208769917488098	-1.6290615797042847	-0.2549320459365845	1.5707998275756836	-0.8089483976364136	1.4215707778930664	0.9863108396530151	1.139819622039795	-0.15306025743484497	-0.7082194089889526	0.4712015390396118	0.0	1.4560043811798096	0.33432915806770325	-0.2301231026649475	3.1618447303771973	-0.7215690016746521	0.0	-0.531160831451416	-0.5502060055732727	-0.2510964870452881	1.6833394765853882	0.8044183254241943	0.5886241793632507	0.0	1.0130763053894043
-0.5042030811309814	-0.31412550806999207	0.29690390825271606	0.7975970506668091	0.1564100831747055	0.553098201751709	-0.18291255831718445	-0.937403678894043	-1.0308895111083984	-0.4824066162109375	-0.39978113770484924	1.129046082496643	0.29984891414642334	-0.26179900765419006	0.9331027865409851	0.2966349124908447	0.5989416837692261	1.5919896364212036	-0.07293286174535751	0.26179900765419006	-0.9026509523391724	0.3973984718322754	-1.115361213684082	-0.7043846845626831	-1.6130762100219727	-0.25619518756866455	1.5707999467849731	-0.8075748682022095	1.2775614261627197	0.9701699018478394	0.9620614051818848	-0.5818590521812439	-0.3538548946380615	0.49069374799728394	0.0	1.3211339712142944	0.3665454685688019	-0.23391097784042358	2.8637380599975586	-0.7552288770675659	0.0	-0.7027134299278259	-0.7182903289794922	-0.3639101982116699	1.6133666038513184	0.8051306009292603	-0.006274133920669556	2.9802322387695312e-06	0.37986040115356445
-0.5035021305084229	-0.31951582431793213	0.300683856010437	0.7990451455116272	0.152129128575325	0.55451899766922	-0.17576119303703308	-0.9081486463546753	-1.0123286247253418	-0.46800974011421204	-0.415327787399292	1.1243642568588257	0.31651896238327026	-0.26179900765419006	0.9644965529441833	0.30466967821121216	0.5956110954284668	1.6538867950439453	-0.09465585649013519	0.26179900765419006	-0.9238528609275818	0.37357601523399353	-1.127532958984375	-0.6563423275947571	-1.5968563556671143	-0.25518301129341125	1.5707999467849731	-0.793753981590271	1.346471905708313	0.9936586022377014	0.9156495332717896	-0.6231002807617188	-0.3126859664916992	0.5866602063179016	0.0	1.5434473752975464	0.40120482444763184	-0.09190291166305542	2.880638837814331	-0.8183976411819458	0.0	-0.66242516040802	-0.8306897878646851	-0.21227598190307617	1.3358324766159058	0.873565673828125	-0.0908978283405304	0.0	0.40336549282073975
-0.5019088387489319	-0.3254614770412445	0.30336976051330566	0.8003978729248047	0.1475062072277069	0.5561989545822144	-0.16807147860527039	-0.8835448026657104	-0.9911431670188904	-0.4457806348800659	-0.4247051477432251	1.116538643836975	0.3233153223991394	-0.26179900765419006	0.994840681552887	0.31268310546875	0.5952655673027039	1.7072151899337769	-0.10566876828670502	0.26179900765419006	-0.9291479587554932	0.3641708791255951	-1.123852252960205	-0.6509513854980469	-1.5781335830688477	-0.25983110070228577	1.5707999467849731	-0.7914402484893799	1.1658519506454468	1.1551320552825928	1.0637975931167603	-0.3606468439102173	-0.4020184278488159	0.3493562340736389	0.0	1.8712236881256104	0.24238228797912598	0.1180887222290039	2.8646140098571777	-0.9492773413658142	0.0	-0.15875846147537231	-0.8152730464935303	0.6072252988815308	-0.2286776900291443	0.911867618560791	-0.2683192491531372	0.0	0.4276186227798462
-0.5001707077026367	-0.3283035457134247	0.3060171604156494	0.8030275106430054	0.1416788250207901	0.5564169883728027	-0.15960687398910522	-0.8615145683288574	-0.9661233425140381	-0.42545783519744873	-0.4297536611557007	1.108283519744873	0.3304932117462158	-0.26179900765419006	1.0393455028533936	0.3143649697303772	0.600334644317627	1.768471360206604	-0.1326269507408142	0.26179900765419006	-0.9302031993865967	0.3409650921821594	-1.1032439470291138	-0.6654894351959229	-1.5603816509246826	-0.26591578125953674	1.5707999467849731	-0.7766492366790771	1.1280760765075684	1.165330410003662	1.0947227478027344	-0.15731379389762878	-0.6519794464111328	0.477522611618042	0.0	2.285773992538452	0.10085254907608032	0.27562081813812256	2.891430377960205	-1.1299099922180176	0.0	0.1915067434310913	-1.272261142730713	1.3357371091842651	-1.231139898300171	0.8145391941070557	-0.43720006942749023	-2.9802322387695312e-06	0.433097779750824
-0.49812889099121094	-0.33136916160583496	0.30731311440467834	0.8044776320457458	0.13651466369628906	0.5579371452331543	-0.15128295123577118	-0.8384217619895935	-0.9445299506187439	-0.40199172496795654	-0.43099769949913025	1.0904594659805298	0.3424162268638611	-0.26179900765419006	1.0862716436386108	0.3167172074317932	0.6062904000282288	1.8228724002838135	-0.15086516737937927	0.26179900765419006	-0.9214876890182495	0.3132804334163666	-1.0704227685928345	-0.7001969814300537	-1.5455520153045654	-0.2773191034793854	1.5707998275756836	-0.7741163372993469	1.302000880241394	0.9183794260025024	0.939197838306427	-0.2191305160522461	-0.7025361061096191	0.8357793092727661	0.0	2.6946842670440674	0.05030110478401184	0.4933595657348633	2.793088436126709	-0.9915605187416077	0.0	0.5714520812034607	-1.4306761026382446	1.7412751913070679	-1.7668455839157104	0.7196187973022461	-0.6704866886138916	0.0	-0.0674813985824585
-0.49539926648139954	-0.33359673619270325	0.3079737424850464	0.8054932355880737	0.13158205151557922	0.5595617294311523	-0.14407487213611603	-0.8094345331192017	-0.929388165473938	-0.38788992166519165	-0.4385188817977905	1.0801820755004883	0.36392438411712646	-0.26179900765419006	1.1471328735351562	0.31637701392173767	0.6200690269470215	1.880194902420044	-0.17228937149047852	0.26179900765419006	-0.9073451161384583	0.28373804688453674	-1.033592939376831	-0.7361632585525513	-1.5315968990325928	-0.2927352488040924	1.5707999467849731	-0.7793484926223755	1.4532759189605713	0.7929116487503052	0.6317354440689087	-0.46512484550476074	-0.4392564296722412	0.994284451007843	0.0	3.173616409301758	0.013543665409088135	0.8245259523391724	2.950098991394043	-1.1304799318313599	0.0	0.5179151892662048	-0.8570395708084106	1.14707350730896	-1.3448193073272705	0.699266791343689	-0.6640173196792603	2.9802322387695312e-06	-0.3834351897239685
-0.49328210949897766	-0.33654987812042236	0.30782997608184814	0.8064121007919312	0.12557317316532135	0.5609520077705383	-0.1387941539287567	-0.7802907228469849	-0.9128134846687317	-0.3767223060131073	-0.4496026933193207	1.0728892087936401	0.3821876049041748	-0.26179900765419006	1.2132163047790527	0.31725895404815674	0.6392714381217957	1.9408763647079468	-0.19608436524868011	0.26179900765419006	-0.9007710814476013	0.27899885177612305	-1.024539828300476	-0.7539897561073303	-1.5175813436508179	-0.3038797974586487	1.5707999467849731	-0.7894537448883057	1.284065842628479	0.9962305426597595	0.6761454343795776	-0.5310356616973877	-0.36314427852630615	0.6012953519821167	0.0	3.2650084495544434	0.2264946699142456	0.9949952363967896	3.142446279525757	-1.3226375579833984	0.0	0.08707791566848755	0.2705782651901245	0.1790165901184082	-0.46211183071136475	0.7121473550796509	-0.3933228552341461	0.0	-0.4843384027481079
-0.4925341010093689	-0.34078869223594666	0.30724453926086426	0.8075671792030334	0.11853528022766113	0.561931312084198	-0.1342310905456543	-0.7580718994140625	-0.8895389437675476	-0.36084410548210144	-0.45976030826568604	1.065656304359436	0.38797619938850403	-0.26179900765419006	1.2777332067489624	0.3254368007183075	0.6598688364028931	2.005892753601074	-0.22519487142562866	0.26179900765419006	-0.9038619995117188	0.2945611774921417	-1.0264322757720947	-0.7546477317810059	-1.5031110048294067	-0.30846816301345825	1.5707999467849731	-0.7987220287322998	0.955452024936676	1.0656163692474365	0.8598752021789551	-0.3765217959880829	-0.36870837211608887	0.16223937273025513	0.0	3.3538966178894043	0.5682885646820068	1.1214122772216797	3.2206029891967773	-1.7303701639175415	0.0	-0.2095624804496765	0.7299668788909912	-0.3284037113189697	-0.17924606800079346	0.6445497274398804	-0.18842443823814392	0.0	-0.43621957302093506
-0.49188321828842163	-0.3450135290622711	0.30702540278434753	0.8084125518798828	0.11297408491373062	0.5628662705421448	-0.1299542933702469	-0.7420726418495178	-0.87018883228302	-0.3423272967338562	-0.464663565158844	1.0581408739089966	0.388677179813385	-0.26179900765419006	1.3473721742630005	0.339990496635437	0.684127926826477	2.0697004795074463	-0.2652991712093353	0.26179900765419006	-0.9091535806655884	0.3081975281238556	-1.0376759767532349	-0.7611595988273621	-1.4917993545532227	-0.31141677498817444	1.5707999467849731	-0.8069025278091431	0.768435001373291	0.8788228034973145	0.8157119154930115	-0.26445314288139343	-0.21268725395202637	-0.03181770443916321	0.0	3.5814552307128906	0.8993260860443115	1.2682408094406128	3.008681535720825	-2.1029629707336426	0.0	-0.222073495388031	0.617691159248352	-0.641167163848877	-0.27538537979125977	0.5449622869491577	-0.13628005981445312	-2.9802322387695312e-06	-0.43184757232666016
-0.49093884229660034	-0.3493908941745758	0.3066793978214264	0.8090574741363525	0.10877852886915207	0.5636441707611084	-0.12608812749385834	-0.7273344993591309	-0.854386031627655	-0.328215628862381	-0.4703384339809418	1.057148814201355	0.3867034912109375	-0.26179900765419006	1.4209914207458496	0.36140984296798706	0.7105984687805176	2.1262400150299072	-0.3093133866786957	0.26179900765419006	-0.91274493932724	0.3192688226699829	-1.0520789623260498	-0.7656631469726562	-1.4813125133514404	-0.3139193654060364	1.5707998275756836	-0.8159959316253662	0.7779017090797424	0.7725119590759277	0.7000386714935303	-0.27999505400657654	-0.11878013610839844	-0.1539275050163269	0.0	3.8396029472351074	1.277613639831543	1.3248846530914307	2.8003036975860596	-2.0294971466064453	0.0	-0.1747608184814453	0.4906304180622101	-0.4880070686340332	-0.13927072286605835	0.4371374845504761	-0.10042041540145874	0.0	-0.4609614610671997
-0.49088484048843384	-0.35336577892303467	0.30626413226127625	0.8093645572662354	0.10522966086864471	0.5645963549613953	-0.12283068150281906	-0.7109565734863281	-0.8392883539199829	-0.314325749874115	-0.47586336731910706	1.0533896684646606	0.38252007961273193	-0.26179900765419006	1.5009562969207764	0.39109504222869873	0.7371233105659485	2.1817126274108887	-0.34647905826568604	0.26179900765419006	-0.9161440134048462	0.327822744846344	-1.0571962594985962	-0.7667304277420044	-1.4743138551712036	-0.3154335916042328	1.5707999467849731	-0.825340986251831	0.9076505899429321	0.7613912224769592	0.738881528377533	-0.22248700261116028	-0.3268897533416748	-0.047165900468826294	0.0	4.185035705566406	1.7279021739959717	1.2903720140457153	2.8330862522125244	-1.535552740097046	0.0	-0.15912503004074097	0.4419483244419098	-0.06455481052398682	-0.09171813726425171	0.2575606107711792	-0.051640719175338745	2.9802322387695312e-06	-0.4780203104019165
-0.49138104915618896	-0.3571109175682068	0.30561596155166626	0.8092241287231445	0.10195709764957428	0.5659751296043396	-0.12014308571815491	-0.6910284757614136	-0.8239303827285767	-0.29866036772727966	-0.4792379140853882	1.044073224067688	0.38481685519218445	-0.26179900765419006	1.5883928537368774	0.43052592873573303	0.7622133493423462	2.239563465118408	-0.3707354962825775	0.26179900765419006	-0.9191099405288696	0.3369467556476593	-1.0546611547470093	-0.7693318724632263	-1.4710100889205933	-0.3159849941730499	1.5707999467849731	-0.8351167440414429	1.013310194015503	0.6649315357208252	0.6828844547271729	-0.27903616428375244	-0.535932183265686	0.23637115955352783	0.0	4.376214981079102	2.110140085220337	1.176269292831421	2.7505695819854736	-0.9486198425292969	-0.20114704966545105	-0.09837448596954346	0.46563297510147095	0.1404017210006714	-0.15878677368164062	0.15958547592163086	-0.04285946488380432	0.0	-0.5344152450561523
-0.4910450279712677	-0.3609903156757355	0.3053063750267029	0.8088847398757935	0.09959809482097626	0.5673738718032837	-0.11778131127357483	-0.6704241633415222	-0.8126910924911499	-0.2870103716850281	-0.48702481389045715	1.0319523811340332	0.39197492599487305	-0.26179900765419006	1.6760048866271973	0.4755006432533264	0.7841740846633911	2.2917354106903076	-0.3844238519668579	0.253753125667572	-0.9200789928436279	0.34644806385040283	-1.0515801906585693	-0.77308189868927	-1.4679304361343384	-0.31714797019958496	1.5707999467849731	-0.8467175960540771	0.9925246238708496	0.4758089780807495	0.5531802773475647	-0.4925578832626343	-0.5977153778076172	0.3152094781398773	0.0	4.2979865074157715	2.3414127826690674	0.9149014949798584	2.5176525115966797	-0.6781167984008789	-0.6235495209693909	-0.021031498908996582	0.4448913037776947	0.17293095588684082	-0.1589059829711914	0.16151368618011475	-0.07968321442604065	0.0	-0.6295114755630493
-0.4901084899902344	-0.36522307991981506	0.30556079745292664	0.8082512021064758	0.09794826805591583	0.5690431594848633	-0.11544109135866165	-0.6513274908065796	-0.8048980236053467	-0.2765331566333771	-0.49894022941589355	1.0201646089553833	0.39742523431777954	-0.26179900765419006	1.7603123188018799	0.5241824388504028	0.7988094091415405	2.3402695655822754	-0.39786016941070557	0.23685702681541443	-0.9199512004852295	0.3547424077987671	-1.0477439165115356	-0.775688111782074	-1.4645495414733887	-0.31917232275009155	1.5707999467849731	-0.8602972030639648	0.9037598967552185	0.1439318060874939	0.5133830308914185	-0.6078742742538452	-0.5201548337936401	0.30857324600219727	0.0	3.9532899856567383	2.4875059127807617	0.41563957929611206	2.204519510269165	-1.1611714363098145	-0.05670413374900818	-0.041103363037109375	0.39072856307029724	0.2125084400177002	-0.11745095252990723	0.0674903392791748	-0.09620487689971924	-2.9802322387695312e-06	-0.6740033626556396
-0.4894248843193054	-0.36861786246299744	0.30625659227371216	0.8067153096199036	0.09663289040327072	0.5717780590057373	-0.11376330256462097	-0.6342737674713135	-0.8069338202476501	-0.26647505164146423	-0.5113397836685181	1.0111461877822876	0.40431785583496094	-0.26179900765419006	1.8341364860534668	0.5750008821487427	0.8007996678352356	2.379916191101074	-0.4308707118034363	0.2514849603176117	-0.9217231273651123	0.3620772063732147	-1.0430798530578613	-0.7777799367904663	-1.4652308225631714	-0.32099616527557373	1.5707998275756836	-0.8736777305603027	0.8260384202003479	-0.05497932434082031	0.5636506080627441	-0.5888164043426514	-0.5124673247337341	0.34318268299102783	0.0	3.782787799835205	2.5891199111938477	-0.1343265175819397	2.005469799041748	-1.679427146911621	0.6071686744689941	-0.09041428565979004	0.41291266679763794	0.16991198062896729	-0.10899156332015991	-0.011080503463745117	-0.060602277517318726	0.0	-0.6643801927566528
-0.4882318675518036	-0.3725581765174866	0.30685916543006897	0.8051581382751465	0.0949486568570137	0.5745952725410461	-0.11200666427612305	-0.6182859539985657	-0.8070971965789795	-0.2539871335029602	-0.5224928855895996	0.9996659159660339	0.41115254163742065	-0.26179900765419006	1.9116238355636597	0.6277472376823425	0.7934363484382629	2.4204883575439453	-0.4650372564792633	0.2611437737941742	-0.9235677719116211	0.3712589144706726	-1.040947437286377	-0.7800477743148804	-1.4649927616119385	-0.3215964138507843	1.5707999467849731	-0.886872410774231	0.7788687944412231	-0.118979811668396	0.6545763611793518	-0.5808308720588684	-0.5575552582740784	0.36445334553718567	0.0	3.7781386375427246	2.674453020095825	-0.6953418254852295	1.94549560546875	-1.7012073993682861	0.25785118341445923	-0.11772215366363525	0.5253449082374573	0.09439587593078613	-0.1423761248588562	-0.03612935543060303	0.02955421805381775	2.9802322387695312e-06	-0.622481107711792
-0.4871240258216858	-0.3764519691467285	0.3076950013637543	0.8031050562858582	0.09278500825166702	0.5780219435691833	-0.11092201620340347	-0.6031190156936646	-0.811693012714386	-0.2402919977903366	-0.5345730185508728	0.9888439774513245	0.41889598965644836	-0.26179900765419006	1.9852620363235474	0.6819790005683899	0.7729859948158264	2.457736015319824	-0.4989190101623535	0.26179900765419006	-0.9264320135116577	0.383091002702713	-1.0393040180206299	-0.7834749817848206	-1.4666759967803955	-0.319813996553421	1.5707999467849731	-0.8985769748687744	0.6586015224456787	-0.13251006603240967	0.6572768092155457	-0.5307912826538086	-0.6286963820457458	0.36385804414749146	0.0	3.825840473175049	2.83591890335083	-1.1325464248657227	1.9836068153381348	-1.609306812286377	0.01638084650039673	-0.09725093841552734	0.5718201398849487	0.0483095645904541	-0.1875370740890503	-0.05525946617126465	0.04999041557312012	0.0	-0.6119579076766968
-0.4859156906604767	-0.38034263253211975	0.3080023527145386	0.8013986945152283	0.09165263175964355	0.5808097124099731	-0.10963562875986099	-0.5919418931007385	-0.8123975992202759	-0.22769606113433838	-0.543724536895752	0.9745180606842041	0.4257068634033203	-0.26179900765419006	2.06465744972229	0.7411839962005615	0.7481344938278198	2.4998326301574707	-0.5294095277786255	0.26179900765419006	-0.9274578094482422	0.39413172006607056	-1.0390150547027588	-0.7875492572784424	-1.467203140258789	-0.3195967972278595	1.5707999467849731	-0.9113507270812988	0.42361021041870117	0.029850006103515625	0.8149910569190979	-0.44510364532470703	-0.9896740317344666	0.2839796245098114	0.0	3.813138484954834	2.9271676540374756	-1.646031379699707	1.8044590950012207	-1.4190107583999634	0.0	-0.04066377878189087	0.5677841901779175	0.02281665802001953	-0.2698838710784912	0.016748905181884766	-0.024174898862838745	0.0	-0.6582736968994141
-0.4829719066619873	-0.38380640745162964	0.30889275670051575	0.7988561391830444	0.08902432769536972	0.5849842429161072	-0.10815095156431198	-0.5861746072769165	-0.8104990124702454	-0.20769235491752625	-0.5523771643638611	0.9492570161819458	0.4302551746368408	-0.26179900765419006	2.1377875804901123	0.7990657091140747	0.7071447372436523	2.529914379119873	-0.555679440498352	0.26179900765419006	-0.9280585646629333	0.4058023691177368	-1.038391351699829	-0.7942703366279602	-1.4660060405731201	-0.32078099250793457	1.5707999467849731	-0.924907922744751	-0.07373690605163574	0.26693791151046753	1.5048466920852661	-0.20746588706970215	-1.821577548980713	0.162593275308609	0.0	3.237050771713257	2.4026036262512207	-2.679981231689453	0.7724344730377197	-1.103338599205017	0.0	-0.0547945499420166	0.5177080631256104	-0.049620866775512695	-0.46539008617401123	0.26429295539855957	-0.2564623951911926	-0.10893046855926514	-0.6691098213195801
-0.4768328070640564	-0.38612979650497437	0.31105780601501465	0.795391857624054	0.08387052267789841	0.5911102294921875	-0.10442978143692017	-0.594891369342804	-0.8017200827598572	-0.16750219464302063	-0.55202317237854	0.9016549587249756	0.4322105944156647	-0.26179900765419006	2.1941394805908203	0.8372881412506104	0.6409352421760559	2.5307300090789795	-0.5735430717468262	0.26179900765419006	-0.9296495914459229	0.41484004259109497	-1.0409998893737793	-0.8061648607254028	-1.4566314220428467	-0.3298552930355072	1.5664427280426025	-0.938115119934082	-0.16205906867980957	0.45414865016937256	1.8799163103103638	-0.17655342817306519	-2.2513315677642822	0.14700889587402344	0.0	3.2029449939727783	0.9672969579696655	-3.238797187805176	0.020390748977661133	-0.9447142481803894	0.0	-0.2115488052368164	0.41324347257614136	-0.30770301818847656	-0.7520928978919983	0.716012716293335	-0.6279058456420898	-0.5882889032363892	-0.6139993667602539
-0.4707348942756653	-0.3865070044994354	0.313190758228302	0.7925777435302734	0.0767412781715393	0.5968016982078552	-0.0987895131111145	-0.5926569700241089	-0.7923330664634705	-0.1324957013130188	-0.5594393014907837	0.8592037558555603	0.43613553047180176	-0.26179900765419006	2.2659053802490234	0.8377575874328613	0.5775928497314453	2.5307300090789795	-0.5934680104255676	0.26179900765419006	-0.936520516872406	0.42233210802078247	-1.0506994724273682	-0.8243540525436401	-1.4373655319213867	-0.34589722752571106	1.5472683906555176	-0.9494678974151611	0.13143271207809448	0.2119794487953186	1.519014835357666	-0.49786120653152466	-1.757209062576294	0.26520490646362305	0.0	3.799182176589966	0.011746585369110107	-3.2683863639831543	0.0	-0.9870365262031555	0.0	-0.46660155057907104	0.3771945834159851	-0.5699425935745239	-0.9876653552055359	0.9333252906799316	-0.7971078157424927	-1.1263757944107056	-0.5116403102874756
-0.46665310859680176	-0.38587501645088196	0.31523892283439636	0.7899721264839172	0.0705951526761055	0.6018738746643066	-0.09332215040922165	-0.5896340608596802	-0.7932409048080444	-0.10674159973859787	-0.571937620639801	0.8313665986061096	0.4428187906742096	-0.26179900765419006	2.346106767654419	0.8377580046653748	0.510199785232544	2.5307300090789795	-0.6130245327949524	0.26179900765419006	-0.9483136534690857	0.4299278259277344	-1.0637975931167603	-0.8456714749336243	-1.4192984104156494	-0.3617396056652069	1.5213876962661743	-0.958580732345581	0.17215460538864136	-0.23690611124038696	1.149644374847412	-0.6859481334686279	-1.021510362625122	0.3965042531490326	0.0	4.055845737457275	1.043081283569336e-05	-3.4442975521087646	0.0	-0.9581103920936584	0.0	-0.6673410534858704	0.4246369004249573	-0.7029175758361816	-1.0586812496185303	0.8326411247253418	-0.700541615486145	-1.3234853744506836	-0.4156053066253662
-0.4645918607711792	-0.3857799768447876	0.31663838028907776	0.787970781326294	0.06533125787973404	0.6058642268180847	-0.08810688555240631	-0.5857707858085632	-0.8018093109130859	-0.08650992810726166	-0.5868772268295288	0.8183433413505554	0.45199570059776306	-0.26179900765419006	2.4281392097473145	0.8377580046653748	0.43982094526290894	2.5307300090789795	-0.631792426109314	0.26179900765419006	-0.9632141590118408	0.43931758403778076	-1.0788161754608154	-0.8667013049125671	-1.404059886932373	-0.37391889095306396	1.4943289756774902	-0.9660921096801758	-0.48749446868896484	-0.06152838468551636	1.9850317239761353	-0.22694170475006104	-0.8780553936958313	0.3103606402873993	0.0	2.433454990386963	0.0	-4.102025985717773	-0.5385220050811768	-1.340301275253296	0.0	-0.7812216877937317	0.6586432456970215	-0.8497655391693115	-0.9817957878112793	1.0538995265960693	-0.41128918528556824	-1.3925343751907349	-0.30316710472106934
-0.4613628387451172	-0.3897269666194916	0.31825798749923706	0.7868294715881348	0.05560177564620972	0.6093751788139343	-0.08043583482503891	-0.6091338396072388	-0.7957020401954651	-0.02734033204615116	-0.5810152888298035	0.7962443828582764	0.45523321628570557	-0.26179900765419006	2.4434449672698975	0.8377580046653748	0.3461187481880188	2.5091891288757324	-0.66663658618927	0.26179900765419006	-0.979562520980835	0.45627355575561523	-1.0977882146835327	-0.8849433064460754	-1.3771424293518066	-0.37819117307662964	1.465686321258545	-0.9707074165344238	-1.735560655593872	-0.19620954990386963	3.102893829345703	0.7197290658950806	-1.028291940689087	0.14314278960227966	0.0	0.38301944732666016	0.0	-5.0049872398376465	-2.2057414054870605	-1.3606548309326172	0.0	-0.9355336427688599	0.6735861301422119	-1.1281847953796387	-0.9819254279136658	1.3102233409881592	-0.2599582076072693	-1.5475809574127197	0.06577074527740479
-0.4580234885215759	-0.38793379068374634	0.32175877690315247	0.7829320430755615	0.04603336378931999	0.6159340739250183	-0.07432430982589722	-0.6551932096481323	-0.8096576929092407	0.037605829536914825	-0.5580880641937256	0.7772116661071777	0.45772141218185425	-0.26179900765419006	2.443459987640381	0.8377580046653748	0.23962146043777466	2.442500352859497	-0.6862186193466187	0.26179900765419006	-1.0006355047225952	0.46626102924346924	-1.123943567276001	-0.9059783220291138	-1.3516509532928467	-0.38431721925735474	1.4324257373809814	-0.9634612798690796	-2.5254993438720703	-1.1333003044128418	3.4417595863342285	1.3893530368804932	-0.15733540058135986	0.23383498191833496	0.0	0.00037550926208496094	0.0	-5.297472953796387	-3.309720754623413	-0.3771841526031494	-0.06500706076622009	-1.2321680784225464	0.3092758357524872	-1.612401008605957	-1.0369465351104736	1.4583289623260498	-0.2349160611629486	-1.6949117183685303	0.8824720978736877
-0.45827484130859375	-0.38388586044311523	0.32467472553253174	0.7808100581169128	0.03510593995451927	0.6203041076660156	-0.06577757000923157	-0.7101538181304932	-0.8410340547561646	0.11033004522323608	-0.5254411697387695	0.789950966835022	0.46458661556243896	-0.26179900765419006	2.443459987640381	0.8377580046653748	0.13421982526779175	2.376800298690796	-0.681723952293396	0.25919872522354126	-1.0288492441177368	0.4686445891857147	-1.162284255027771	-0.9264211654663086	-1.3188092708587646	-0.3875878155231476	1.3978898525238037	-0.9354085326194763	-2.318319797515869	-1.8686070442199707	2.5110793113708496	1.3689770698547363	0.5388826131820679	0.7289394736289978	0.0	0.0	0.0	-4.950186729431152	-4.0069580078125	0.7888898253440857	-0.00027492642402648926	-1.4097124338150024	0.19807443022727966	-1.767536997795105	-0.9189426898956299	0.8025974035263062	0.11068060994148254	-1.5303939580917358	1.3159573078155518
-0.4586060643196106	-0.37890300154685974	0.32784900069236755	0.777472972869873	0.032495006918907166	0.6244561076164246	-0.06734400987625122	-0.7479259967803955	-0.8844019770622253	0.13804900646209717	-0.5033289790153503	0.7987669706344604	0.48687899112701416	-0.26179900765419006	2.443459987640381	0.8377580046653748	0.041613999754190445	2.282222032546997	-0.6546630263328552	0.261788010597229	-1.0570240020751953	0.4741840064525604	-1.1946450471878052	-0.942736029624939	-1.3195470571517944	-0.37988999485969543	1.371209979057312	-0.9108229875564575	-1.8542855978012085	-2.0602941513061523	1.1349313259124756	0.7919549942016602	0.4751473665237427	1.190565586090088	0.0	0.0	0.0	-4.316996097564697	-4.497694969177246	1.7804324626922607	0.06500706076622009	-1.120409369468689	-0.15160813927650452	-1.3456255197525024	-0.5453839898109436	0.06102621555328369	0.19160062074661255	-1.123461127281189	1.249535322189331
-0.45968160033226013	-0.37442126870155334	0.33121174573898315	0.7754509449005127	0.03388654440641403	0.6272081732749939	-0.0643228217959404	-0.7843252420425415	-0.9234458208084106	0.1557272970676422	-0.4937629699707031	0.8089568614959717	0.5122092366218567	-0.26179900765419006	2.443459987640381	0.8377580046653748	-0.038460008800029755	2.196892499923706	-0.6105066537857056	0.26179900765419006	-1.0736656188964844	0.46258026361465454	-1.216109275817871	-0.9482365250587463	-1.3163682222366333	-0.3799237906932831	1.3529514074325562	-0.8854271173477173	-1.3400495052337646	-3.5489752292633057	-0.2609424293041229	-0.9349331259727478	1.873314380645752	0.9180009365081787	0.0	0.0	0.0	-3.6903367042541504	-5.222141742706299	6.176549911499023	0.00027492642402648926	-1.7356693744659424	-2.010995864868164	-1.5850692987442017	1.7652541399002075	-0.43109655380249023	0.06116107106208801	-0.8287817239761353	2.150280714035034
-0.4653741717338562	-0.36542487144470215	0.337485671043396	0.7741536498069763	0.040449462831020355	0.6287375092506409	-0.06114514544606209	-0.8015279769897461	-1.0263609886169434	0.12761130928993225	-0.5407263040542603	0.8736995458602905	0.5235990285873413	-0.26179900765419006	2.443459987640381	0.8377580046653748	-0.10599946975708008	2.073336362838745	-0.4076010286808014	0.26179900765419006	-1.126450777053833	0.39374417066574097	-1.2580478191375732	-0.8721258640289307	-1.336790919303894	-0.3774435520172119	1.3380587100982666	-0.8248117566108704	-0.09508877992630005	-2.7685940265655518	-0.8743721842765808	-1.2896209955215454	1.974670648574829	0.2847447991371155	0.0	0.0	0.0	-2.6800880432128906	-4.429501533508301	5.587503433227539	0.0	-1.4049291610717773	-1.6858205795288086	-1.133131980895996	1.9927217960357666	-0.5501091480255127	0.3080800175666809	-0.3902941942214966	1.8204867839813232
-0.46577876806259155	-0.36512649059295654	0.33783790469169617	0.7747710943222046	0.03859441727399826	0.6279788613319397	-0.06231275573372841	-0.7881287932395935	-1.0341895818710327	0.12075240910053253	-0.5453478097915649	0.887943685054779	0.5235990285873413	-0.26179900765419006	2.443459987640381	0.8377580046653748	-0.1456635296344757	2.019712448120117	-0.3870065212249756	0.26179900765419006	-1.1298627853393555	0.395147442817688	-1.261434555053711	-0.8685276508331299	-1.3383725881576538	-0.36760058999061584	1.3373396396636963	-0.8126076459884644	0.7836252450942993	-0.8183121681213379	-0.6429042816162109	-0.6409436464309692	1.0451406240463257	0.0	0.0	0.0	0.0	-1.8419362306594849	-2.8092563152313232	2.20338773727417	0.0	-0.28985142707824707	-0.04347264766693115	-0.200575590133667	0.15147626399993896	-0.17332136631011963	0.5850434303283691	-0.1357734203338623	1.000617504119873
-0.46799346804618835	-0.36336779594421387	0.3389679491519928	0.7754353880882263	0.03778201714158058	0.627179741859436	-0.06259482353925705	-0.7701829671859741	-1.0590934753417969	0.10189513862133026	-0.566364049911499	0.9155051708221436	0.5235990285873413	-0.26179900765419006	2.443459987640381	0.8377580046653748	-0.17967692017555237	1.9609661102294922	-0.3194655179977417	0.26179900765419006	-1.138044834136963	0.3920052647590637	-1.26607084274292	-0.8660668134689331	-1.3437237739562988	-0.35404181480407715	1.332627773284912	-0.7847870588302612	0.9422942996025085	-0.7527589797973633	-0.8170101642608643	-0.7905304431915283	1.0869324207305908	0.0	0.0	0.0	0.0	-1.3741616010665894	-2.4745850563049316	2.3524880409240723	0.0	-0.34165680408477783	-0.2481609582901001	-0.24631023406982422	0.17954111099243164	-0.00023543834686279297	0.3534145653247833	-0.35469233989715576	0.9256154298782349
-0.4693060517311096	-0.3627009987831116	0.33873000741004944	0.7769560813903809	0.037032004445791245	0.625545084476471	-0.06051100790500641	-0.7504370212554932	-1.0642999410629272	0.08807200193405151	-0.5769690275192261	0.9314209818840027	0.5235990285873413	-0.26179900765419006	2.443459987640381	0.8377580046653748	-0.20062999427318573	1.9207290410995483	-0.2929069995880127	0.26179900765419006	-1.1435290575027466	0.385221004486084	-1.271286964416504	-0.8613460063934326	-1.3383820056915283	-0.3534640073776245	1.32315194606781	-0.775583028793335	1.201862096786499	-0.04503130912780762	-0.8221898078918457	-0.5285143852233887	0.7247373461723328	0.0	0.0	0.0	0.0	-0.79421067237854	-1.7751097679138184	1.3213902711868286	0.0	-0.226593017578125	-0.2872154116630554	-0.22312700748443604	0.199030339717865	0.25309324264526367	-0.04445314407348633	-0.36747753620147705	0.28190016746520996
-0.4710294306278229	-0.36266615986824036	0.33760303258895874	0.7789329886436462	0.03650601580739021	0.6233102679252625	-0.05843925476074219	-0.7221084833145142	-1.0608947277069092	0.06900754570960999	-0.5875046253204346	0.9444946646690369	0.5235990285873413	-0.26179900765419006	2.443459987640381	0.8377580046653748	-0.21144534647464752	1.8899617195129395	-0.26660990715026855	0.26179900765419006	-1.147108554840088	0.3805166482925415	-1.2749959230422974	-0.8581055998802185	-1.3336000442504883	-0.3558199405670166	1.317928671836853	-0.7735110521316528	1.507696509361267	0.3015369176864624	-1.0512021780014038	-0.5454301834106445	0.5834475159645081	0.0	0.0	0.0	0.0	-0.3361392617225647	-1.3202041387557983	1.688847303390503	0.0	-0.1487642526626587	-0.2057477831840515	-0.17058849334716797	0.13742446899414062	0.2172231674194336	-0.1660168170928955	-0.175514817237854	-0.004641711711883545
-0.47302156686782837	-0.36276018619537354	0.3359816372394562	0.7810167074203491	0.03627561032772064	0.620875358581543	-0.05666665360331535	-0.6901291608810425	-1.0522384643554688	0.046023912727832794	-0.5987862348556519	0.954758882522583	0.5235990285873413	-0.26179900765419006	2.443459987640381	0.8377580046653748	-0.21407556533813477	1.8679208755493164	-0.22535310685634613	0.26179900765419006	-1.149479627609253	0.3769910931587219	-1.2781105041503906	-0.855849027633667	-1.329693078994751	-0.36010468006134033	1.316131353378296	-0.7757686972618103	1.4147355556488037	0.4184514284133911	-0.9353647232055664	-0.44267475605010986	0.3634512424468994	0.0	0.0	0.0	0.0	-0.00011660158634185791	-0.841909646987915	1.6558096408843994	0.0	-0.13722777366638184	-0.16390308737754822	-0.1643925905227661	0.05697011947631836	0.17220377922058105	-0.23238807916641235	-0.04089176654815674	-0.10559558868408203
-0.47436201572418213	-0.3624354302883148	0.33480995893478394	0.7824350595474243	0.03562600538134575	0.6192749738693237	-0.05500100553035736	-0.6655190587043762	-1.0441566705703735	0.031592957675457	-0.605211615562439	0.9590327143669128	0.5235990285873413	-0.26179900765419006	2.443459987640381	0.8377580046653748	-0.2114500105381012	1.8562853336334229	-0.20037752389907837	0.26179900765419006	-1.1525976657867432	0.3739605247974396	-1.281571626663208	-0.8558267951011658	-1.326711893081665	-0.3651154637336731	1.3162930011749268	-0.7777348756790161	0.9033694863319397	0.31105875968933105	-0.3972403109073639	-0.15067309141159058	0.07959902286529541	0.0	0.0	0.0	0.0	0.04120655357837677	2.9802322387695312e-05	-1.3621758222579956	-0.527963399887085	-0.2607613801956177	-0.21377652883529663	-0.27730464935302734	0.07059872150421143	0.1510322093963623	-0.2574816346168518	-0.02484917640686035	-0.02143681049346924
-0.47564584016799927	-0.36216700077056885	0.3344734013080597	0.783378005027771	0.03485701233148575	0.6183726191520691	-0.052150845527648926	-0.6539943814277649	-1.0397961139678955	0.030134299769997597	-0.6048131585121155	0.9579428434371948	0.5235990285873413	-0.26179900765419006	2.443459987640381	0.8377580046653748	-0.2124273031949997	1.867922067642212	-0.2798401415348053	0.24068047106266022	-1.1599100828170776	0.36844003200531006	-1.2892026901245117	-0.8530250787734985	-1.3236517906188965	-0.3704039454460144	1.3151373863220215	-0.7766261696815491	0.681576132774353	0.32186806201934814	-0.10852394998073578	-0.06813406944274902	-0.11461824178695679	0.0	0.0	0.0	0.0	0.17252527177333832	0.7777154445648193	-4.686336994171143	-1.261850118637085	-0.384482741355896	-0.24661347270011902	-0.39331018924713135	0.15257000923156738	0.14997124671936035	-0.28186365962028503	-0.030675530433654785	-0.031203031539916992
-0.4773940443992615	-0.3625909984111786	0.33361899852752686	0.7845580577850342	0.03406200185418129	0.6171621084213257	-0.04919300228357315	-0.6382560133934021	-1.0312819480895996	0.02725199982523918	-0.6079369783401489	0.9544479846954346	0.5235990285873413	-0.26179900765419006	2.443459987640381	0.8377580046653748	-0.20454899966716766	1.8873939514160156	-0.3878310024738312	0.211325004696846	-1.167976975440979	0.3640959858894348	-1.2973040342330933	-0.8497239947319031	-1.3207130432128906	-0.3763900101184845	1.3150659799575806	-0.7789829969406128	0.4665270447731018	0.3395974636077881	0.32761090993881226	-0.03954768180847168	-0.42799562215805054	0.0	0.0	0.0	0.0	0.21588504314422607	1.195770502090454	-3.55717396736145	-1.218044400215149	-0.458720326423645	-0.09676367044448853	-0.43665170669555664	0.0895276665687561	0.17223656177520752	-0.14429837465286255	-0.10161995887756348	-0.0052168965339660645
-0.4788854122161865	-0.3631479740142822	0.3338717818260193	0.784985363483429	0.0308572668582201	0.6169867515563965	-0.04661504924297333	-0.6353332996368408	-1.026212215423584	0.04323873668909073	-0.6063950657844543	0.9408230185508728	0.5235990285873413	-0.26179900765419006	2.443459987640381	0.8377580046653748	-0.20379190146923065	1.91575288772583	-0.4221270978450775	0.1919586956501007	-1.1782588958740234	0.3645694851875305	-1.306668758392334	-0.8494439721107483	-1.3167623281478882	-0.3761758804321289	1.311072587966919	-0.7768348455429077	0.197543203830719	0.43627917766571045	0.6859880089759827	0.10959059000015259	-0.6481349468231201	0.0	0.0	0.0	0.0	0.13330839574337006	1.0295629501342773	-1.431986689567566	-0.6609093546867371	-0.46716630458831787	0.08865520358085632	-0.46118199825286865	-0.04976838827133179	0.20425915718078613	0.07100924849510193	-0.21710097789764404	0.14222264289855957
-0.4806517958641052	-0.36402177810668945	0.3331661820411682	0.7859062552452087	0.028324076905846596	0.616072416305542	-0.04476367309689522	-0.6303542852401733	-1.0138307809829712	0.05469151958823204	-0.6035533547401428	0.9285225868225098	0.5235990285873413	-0.26179900765419006	2.443459987640381	0.8377580046653748	-0.19921666383743286	1.9285764694213867	-0.4451104700565338	0.18488863110542297	-1.1866636276245117	0.36764219403266907	-1.315751314163208	-0.8517147302627563	-1.3125426769256592	-0.3735496401786804	1.3063819408416748	-0.7732940912246704	0.208146870136261	0.5433619022369385	0.49950703978538513	0.05545616149902344	-0.5679145455360413	0.0	0.0	0.0	0.0	0.10630376636981964	0.3562331199645996	-0.7457666397094727	-0.10575428605079651	-0.37288665771484375	0.11521130800247192	-0.32363831996917725	-0.1356080174446106	0.18602311611175537	0.09624511003494263	-0.2622544765472412	0.16647428274154663
-0.48231783509254456	-0.364260196685791	0.3326531946659088	0.7865864038467407	0.02602466009557247	0.6154288053512573	-0.04303763434290886	-0.6270074248313904	-1.0044777393341064	0.06321901828050613	-0.6041768193244934	0.9181064367294312	0.5235990285873413	-0.26179900765419006	2.443459987640381	0.8377580046653748	-0.19953975081443787	1.930002212524414	-0.4519577622413635	0.18772852420806885	-1.1931743621826172	0.3691779375076294	-1.319614291191101	-0.8548682928085327	-1.309321403503418	-0.3723260760307312	1.3005824089050293	-0.7701758742332458	0.1260310411453247	0.4358023405075073	0.43113481998443604	-0.027546286582946777	-0.5018725991249084	0.0	0.0	0.0	0.0	-0.08138753473758698	0.14020204544067383	-0.16811862587928772	0.12991875410079956	-0.30313730239868164	0.1285940408706665	-0.19744038581848145	-0.19387006759643555	0.17142295837402344	0.0990152359008789	-0.31901001930236816	0.16788095235824585
-0.4832538366317749	-0.3645293712615967	0.33238935470581055	0.7869480848312378	0.02359563112258911	0.6151365637779236	-0.0419878289103508	-0.6253130435943604	-0.9963986873626709	0.07193691283464432	-0.6046552062034607	0.9084476828575134	0.5235990285873413	-0.26179900765419006	2.443459987640381	0.8377580046653748	-0.20247216522693634	1.9341845512390137	-0.4518352150917053	0.19008538126945496	-1.198789119720459	0.3727859556674957	-1.3236489295959473	-0.8594695329666138	-1.3056857585906982	-0.36958903074264526	1.29362154006958	-0.7665788531303406	0.10440945625305176	0.31436681747436523	0.44816938042640686	-0.03465414047241211	-0.44593214988708496	0.0	0.0	0.0	0.0	-0.13820528984069824	0.2688884735107422	-0.03890395164489746	-0.006710365414619446	-0.2489626407623291	0.23919716477394104	-0.18534362316131592	-0.27421265840530396	0.16738176345825195	0.16869977116584778	-0.3063112497329712	0.17541944980621338
-0.4836260676383972	-0.3650539815425873	0.33221501111984253	0.7870200276374817	0.021038059145212173	0.6151710748672485	-0.041484009474515915	-0.6228310465812683	-0.9919030666351318	0.08114579319953918	-0.6055629849433899	0.9002691507339478	0.5235990285873413	-0.26179900765419006	2.443459987640381	0.8377580046653748	-0.2050679624080658	1.9407577514648438	-0.4535139203071594	0.18746010959148407	-1.2031328678131104	0.37874582409858704	-1.3270280361175537	-0.8658367991447449	-1.302626132965088	-0.3655780851840973	1.2883299589157104	-0.7631590962409973	0.13103634119033813	0.11525750160217285	0.3860836923122406	-0.100746750831604	-0.27671903371810913	0.0	0.0	0.0	0.0	-0.0518355518579483	0.302731990814209	-0.1604810357093811	-0.17116554081439972	-0.15480220317840576	0.26462748646736145	-0.12048482894897461	-0.30234307050704956	0.15149712562561035	0.1659013330936432	-0.16655027866363525	0.15245825052261353
-0.483476459980011	-0.36587297916412354	0.3321787416934967	0.7869901657104492	0.01958800107240677	0.6153050661087036	-0.04077000543475151	-0.6200715899467468	-0.991788387298584	0.08738026022911072	-0.6086850762367249	0.8973789215087891	0.5235990285873413	-0.26179900765419006	2.443459987640381	0.8377580046653748	-0.20454558730125427	1.946293830871582	-0.45825445652008057	0.18323875963687897	-1.2049812078475952	0.3833710551261902	-1.3284683227539062	-0.8715632557868958	-1.2996258735656738	-0.36295297741889954	1.2869595289230347	-0.760480523109436	0.15763193368911743	-0.09998828172683716	0.26779472827911377	-0.1983746886253357	-0.05205869674682617	0.0	0.0	0.0	0.0	0.05075894296169281	0.23971796035766602	-0.2703458070755005	-0.1812424510717392	-0.07457137107849121	0.18204450607299805	-0.02873539924621582	-0.23156553506851196	0.14322400093078613	0.10748133063316345	-0.048154592514038086	0.11683255434036255
-0.4832604229450226	-0.3667636215686798	0.33228540420532227	0.7868037223815918	0.018110407516360283	0.6156769394874573	-0.03941241279244423	-0.6165257692337036	-0.9959025979042053	0.09185758233070374	-0.6134979724884033	0.8981868028640747	0.5235990285873413	-0.26179900765419006	2.443459987640381	0.8377580046653748	-0.20303760468959808	1.9503464698791504	-0.46432775259017944	0.1802104115486145	-1.20611572265625	0.38602760434150696	-1.3281774520874023	-0.8750994205474854	-1.2968971729278564	-0.36127883195877075	1.286403775215149	-0.7584857940673828	0.19502490758895874	-0.28560757637023926	0.2036338746547699	-0.25865882635116577	0.10068118572235107	0.0	0.0	0.0	0.0	0.07282458245754242	0.1762092113494873	-0.29730871319770813	-0.10104887187480927	-0.0628352165222168	0.12181848287582397	0.010386109352111816	-0.13351887464523315	0.12904703617095947	0.08378997445106506	-0.03737509250640869	0.08493363857269287
-0.4831170439720154	-0.36769476532936096	0.3325222134590149	0.7866150736808777	0.017093999311327934	0.6160101294517517	-0.038433004170656204	-0.6122705936431885	-1.0032126903533936	0.09552561491727829	-0.6190314292907715	0.9014061689376831	0.5235990285873413	-0.26179900765419006	2.443459987640381	0.8377580046653748	-0.20163260400295258	1.9533421993255615	-0.4701468050479889	0.1791968047618866	-1.2074946165084839	0.38824379444122314	-1.3280528783798218	-0.8769040107727051	-1.2944639921188354	-0.35960137844085693	1.2854645252227783	-0.7570831775665283	0.20809024572372437	-0.41026920080184937	0.1826869249343872	-0.2698630094528198	0.1788318157196045	0.0	0.0	0.0	0.0	0.051395222544670105	0.13355910778045654	-0.270158052444458	-0.04344582557678223	-0.1009523868560791	0.10138079524040222	-0.046253204345703125	-0.07710456848144531	0.10479092597961426	0.06258636713027954	-0.028911232948303223	0.05768090486526489
-0.48306047916412354	-0.36859920620918274	0.332836389541626	0.7863799929618835	0.01630299910902977	0.6163880228996277	-0.03750400245189667	-0.6082021594047546	-1.0123133659362793	0.09916505962610245	-0.6242924928665161	0.9053400754928589	0.5235990285873413	-0.26179900765419006	2.443459987640381	0.8377580046653748	-0.20098179578781128	1.9556888341903687	-0.47513407468795776	0.1784725785255432	-1.2101538181304932	0.39008283615112305	-1.3300275802612305	-0.8781836032867432	-1.2927055358886719	-0.35877537727355957	1.2852473258972168	-0.7561785578727722	0.1933366060256958	-0.451427698135376	0.18805712461471558	-0.2681851387023926	0.19561797380447388	0.0	0.0	0.0	0.0	0.032914429903030396	0.13096630573272705	-0.2528764307498932	-0.05824379622936249	-0.15698373317718506	0.07085427641868591	-0.1361250877380371	-0.05905032157897949	0.08107423782348633	0.017984211444854736	0.020357966423034668	0.037379562854766846
-0.48301804065704346	-0.3693329691886902	0.33313697576522827	0.7862090468406677	0.015485000796616077	0.616692066192627	-0.03642600029706955	-0.6045371294021606	-1.0212697982788086	0.10304789990186691	-0.6297588348388672	0.9092308878898621	0.5235990285873413	-0.26179900765419006	2.443459987640381	0.8377580046653748	-0.20031602680683136	1.9585808515548706	-0.4802618622779846	0.1768670529127121	-1.2137739658355713	0.3910779654979706	-1.3334978818893433	-0.8792660236358643	-1.291221022605896	-0.35888200998306274	1.2862788438796997	-0.7555879950523376	0.1848772168159485	-0.4215806722640991	0.18976721167564392	-0.2918750047683716	0.17043650150299072	0.0	0.0	0.0	0.0	0.05180388689041138	0.15656054019927979	-0.28715580701828003	-0.1000385731458664	-0.18600225448608398	0.03869384527206421	-0.17039179801940918	-0.050768256187438965	0.07878243923187256	-0.009800493717193604	0.05244612693786621	0.030918419361114502
-0.4829792082309723	-0.36991316080093384	0.33336934447288513	0.7860370874404907	0.014030001126229763	0.617044985294342	-0.034713003784418106	-0.6008070707321167	-1.0291765928268433	0.10675574839115143	-0.635967493057251	0.9121575355529785	0.5235990285873413	-0.26179900765419006	2.443459987640381	0.8377580046653748	-0.19890964031219482	1.9619512557983398	-0.48662030696868896	0.17447103559970856	-1.2175939083099365	0.3916305899620056	-1.3368432521820068	-0.8802143335342407	-1.289554238319397	-0.3591673970222473	1.2873451709747314	-0.7549418210983276	0.18264353275299072	-0.34900009632110596	0.1886919140815735	-0.30809342861175537	0.1212969422340393	0.0	0.0	0.0	0.0	0.0744454562664032	0.1722186803817749	-0.3296174108982086	-0.10844618082046509	-0.17549991607666016	0.02346038818359375	-0.14239847660064697	-0.050449371337890625	0.10206401348114014	0.002130866050720215	0.01710057258605957	0.052134692668914795
-0.4830056428909302	-0.370382159948349	0.33352774381637573	0.7860605120658875	0.012359410524368286	0.6171332597732544	-0.03320521488785744	-0.597231388092041	-1.0352298021316528	0.11059557646512985	-0.6420825719833374	0.9140827655792236	0.5235990285873413	-0.26179900765419006	2.443459987640381	0.8377580046653748	-0.19733820855617523	1.9654695987701416	-0.49344655871391296	0.1725292056798935	-1.2207939624786377	0.39201638102531433	-1.3391938209533691	-0.8812839984893799	-1.2871384620666504	-0.35879677534103394	1.286962866783142	-0.753502607345581	0.14969110488891602	-0.2456754446029663	0.19131675362586975	-0.28884708881378174	0.06981790065765381	0.0	0.0	0.0	0.0	0.07276609539985657	0.17357468605041504	-0.3174975514411926	-0.08588097989559174	-0.14213323593139648	0.0058747828006744385	-0.09261369705200195	-0.04868656396865845	0.13431012630462646	0.021030008792877197	-0.05713999271392822	0.09355247020721436
-0.4830544888973236	-0.3707621693611145	0.3336193263530731	0.7861950397491455	0.011180001311004162	0.6170490980148315	-0.03200100362300873	-0.5948194265365601	-1.039003610610962	0.11440841853618622	-0.6475213766098022	0.9149502515792847	0.5235990285873413	-0.26179900765419006	2.443459987640381	0.8377580046653748	-0.19599899649620056	1.9688942432403564	-0.49932020902633667	0.1710357964038849	-1.2232792377471924	0.3918655812740326	-1.340547800064087	-0.8821617960929871	-1.284181833267212	-0.3583261966705322	1.2850595712661743	-0.7511997222900391	0.11291354894638062	-0.1506596803665161	0.20781922340393066	-0.24718046188354492	0.006701052188873291	0.0	0.0	0.0	0.0	0.06026513874530792	0.18759965896606445	-0.26986971497535706	-0.08907429873943329	-0.12077689170837402	-0.00803917646408081	-0.06982982158660889	-0.04070550203323364	0.16254782676696777	0.031043589115142822	-0.11596381664276123	0.12314319610595703
-0.483049601316452	-0.3710950016975403	0.33371618390083313	0.7864279747009277	0.009635619819164276	0.6168474555015564	-0.030614616349339485	-0.5927148461341858	-1.0412561893463135	0.1189083456993103	-0.6519697904586792	0.9143508076667786	0.5235990285873413	-0.26179900765419006	2.443459987640381	0.8377580046653748	-0.19492760300636292	1.9729735851287842	-0.5042413473129272	0.16896623373031616	-1.2256250381469727	0.3916948139667511	-1.3419870138168335	-0.8829122185707092	-1.2806365489959717	-0.3575550317764282	1.2823243141174316	-0.7485768795013428	0.09905993938446045	-0.08133351802825928	0.22568944096565247	-0.20854026079177856	-0.041906535625457764	0.0	0.0	0.0	0.0	0.05957484245300293	0.2113431692123413	-0.24131983518600464	-0.11596977710723877	-0.1118689775466919	-0.0035144388675689697	-0.07545351982116699	-0.039605796337127686	0.17987191677093506	0.04108026623725891	-0.13091564178466797	0.13854354619979858
-0.48297202587127686	-0.3714140057563782	0.33373093605041504	0.7866961359977722	0.008246000856161118	0.6165850162506104	-0.029391003772616386	-0.5908570289611816	-1.0422569513320923	0.12343599647283554	-0.6558629870414734	0.9132739901542664	0.5235990285873413	-0.26179900765419006	2.443459987640381	0.8377580046653748	-0.19361600279808044	1.97734797000885	-0.5089730024337769	0.16639700531959534	-1.22775399684906	0.39172500371932983	-1.3435659408569336	-0.8837460279464722	-1.2769869565963745	-0.35668298602104187	1.2798229455947876	-0.7456579804420471	0.09695738554000854	-0.042560696601867676	0.24032257497310638	-0.17394572496414185	-0.06623417139053345	0.0	0.0	0.0	0.0	0.0659354031085968	0.2332627773284912	-0.24329721927642822	-0.14071166515350342	-0.10503530502319336	0.008159875869750977	-0.10335743427276611	-0.048035383224487305	0.18341541290283203	0.04945099353790283	-0.11284351348876953	0.14412254095077515
-0.4828050434589386	-0.3716958165168762	0.3337445557117462	0.7869090437889099	0.006993000861257315	0.6163731217384338	-0.028457002714276314	-0.5888365507125854	-1.0429586172103882	0.12852124869823456	-0.6589276194572449	0.9117014408111572	0.5235990285873413	-0.26179900765419006	2.443459987640381	0.8377580046653748	-0.19229018688201904	1.9823040962219238	-0.5139732360839844	0.16333776712417603	-1.2298264503479004	0.39202120900154114	-1.3461213111877441	-0.8848336338996887	-1.2732999324798584	-0.3555769920349121	1.2778105735778809	-0.7428119778633118	0.09586513042449951	-0.030535459518432617	0.24198684096336365	-0.12997835874557495	-0.058138370513916016	0.0	0.0	0.0	0.0	0.06749406456947327	0.23226439952850342	-0.25121569633483887	-0.14685802161693573	-0.09813308715820312	0.005089491605758667	-0.12494921684265137	-0.05035400390625	0.17268359661102295	0.0469893217086792	-0.07744431495666504	0.14205127954483032
-0.48264628648757935	-0.3719779849052429	0.3337741494178772	0.7871401309967041	0.005933001171797514	0.6161310076713562	-0.027528002858161926	-0.5870224237442017	-1.0434783697128296	0.1331154704093933	-0.6610621213912964	0.9109484553337097	0.5235990285873413	-0.26179900765419006	2.443459987640381	0.8377580046653748	-0.1909162402153015	1.9866385459899902	-0.5190216302871704	0.1605226844549179	-1.2316793203353882	0.3919285833835602	-1.3485639095306396	-0.8857601881027222	-1.2700796127319336	-0.3548034131526947	1.276725172996521	-0.7399759292602539	0.07922351360321045	-0.039759278297424316	0.21716691553592682	-0.09449273347854614	-0.0354766845703125	0.0	0.0	0.0	0.0	0.0720340758562088	0.2018749713897705	-0.24357736110687256	-0.13461261987686157	-0.09246468544006348	-0.021789968013763428	-0.12075603008270264	-0.030578672885894775	0.15011727809906006	0.02270042896270752	-0.037789344787597656	0.13254880905151367
-0.4824460744857788	-0.3722015917301178	0.3338467478752136	0.787445604801178	0.004668218083679676	0.6158183217048645	-0.025994228199124336	-0.585667610168457	-1.0445489883422852	0.13720792531967163	-0.6627073287963867	0.9102823734283447	0.5235990285873413	-0.26179900765419006	2.443459987640381	0.8377580046653748	-0.1894088238477707	1.9903790950775146	-0.5237163305282593	0.15795326232910156	-1.233525037765503	0.3911496102809906	-1.3509515523910522	-0.8860567808151245	-1.267295241355896	-0.3546689748764038	1.276298999786377	-0.7375100255012512	0.07151961326599121	-0.06828010082244873	0.18449760973453522	-0.07778704166412354	-0.02081245183944702	0.0	0.0	0.0	0.0	0.07368065416812897	0.1711040735244751	-0.22744834423065186	-0.12070164084434509	-0.08431971073150635	-0.046294182538986206	-0.10872483253479004	0.0007554888725280762	0.13428330421447754	0.005600601434707642	-0.024887919425964355	0.11124312877655029
-0.4821929931640625	-0.37241098284721375	0.33393239974975586	0.7875961661338806	0.0038690080400556326	0.6156728863716125	-0.024979615584015846	-0.584161639213562	-1.0462095737457275	0.14049537479877472	-0.6641736030578613	0.9101159572601318	0.5235990285873413	-0.26179900765419006	2.443459987640381	0.8377580046653748	-0.18796901404857635	1.9934827089309692	-0.5281195640563965	0.1556946188211441	-1.2350521087646484	0.39007681608200073	-1.3529129028320312	-0.885729968547821	-1.2647082805633545	-0.3545793890953064	1.2757296562194824	-0.7355262041091919	0.07953941822052002	-0.08557140827178955	0.1547001302242279	-0.08366554975509644	-0.007160007953643799	0.0	0.0	0.0	0.0	0.07351972162723541	0.14391839504241943	-0.2140641212463379	-0.09493045508861542	-0.07277429103851318	-0.05646422505378723	-0.0840604305267334	0.022043287754058838	0.12855231761932373	0.00937432050704956	-0.05557239055633545	0.09679943323135376
-0.4819950461387634	-0.3725860118865967	0.3340259790420532	0.7876711487770081	0.0034310005139559507	0.6156030297279358	-0.024408001452684402	-0.5824860334396362	-1.0479718446731567	0.14339593052864075	-0.6660539507865906	0.909995973110199	0.5235990285873413	-0.26179900765419006	2.443459987640381	0.8377580046653748	-0.18646803498268127	1.9961358308792114	-0.5322788953781128	0.15415604412555695	-1.2364360094070435	0.3888910412788391	-1.3543139696121216	-0.8851750493049622	-1.262153148651123	-0.3542940020561218	1.2740761041641235	-0.7336380481719971	0.08056461811065674	-0.08207559585571289	0.13213977217674255	-0.1064300537109375	-0.009998679161071777	0.0	0.0	0.0	0.0	0.07788501679897308	0.12455284595489502	-0.1987844705581665	-0.06587542593479156	-0.06859004497528076	-0.06454437971115112	-0.060170888900756836	0.02697855234146118	0.12333989143371582	0.007999688386917114	-0.08733570575714111	0.09767413139343262
-0.48181429505348206	-0.3727101981639862	0.3341241776943207	0.7877880930900574	0.002550001023337245	0.6155031323432922	-0.023235002532601357	-0.5809390544891357	-1.049492597579956	0.14578096568584442	-0.6684308052062988	0.909716010093689	0.5235990285873413	-0.26179900765419006	2.443459987640381	0.8377580046653748	-0.18485361337661743	1.998464822769165	-0.5360709428787231	0.15305960178375244	-1.2377957105636597	0.3874950408935547	-1.3553197383880615	-0.8846508264541626	-1.2597746849060059	-0.3542594015598297	1.2722362279891968	-0.7316192388534546	0.08178502321243286	-0.07510781288146973	0.13561658561229706	-0.12256652116775513	-0.03816336393356323	0.0	0.0	0.0	0.0	0.06623081862926483	0.12497603893280029	-0.19070208072662354	-0.059456005692481995	-0.06991028785705566	-0.06492584943771362	-0.05232095718383789	0.02364218235015869	0.12066364288330078	0.004845112562179565	-0.08852779865264893	0.09821653366088867
-0.4816678762435913	-0.37281978130340576	0.3341989517211914	0.7878517508506775	0.0015566047513857484	0.6154649257659912	-0.022145608440041542	-0.5792146325111389	-1.0509761571884155	0.14882059395313263	-0.6709566116333008	0.9084694385528564	0.5235990285873413	-0.26179900765419006	2.443459987640381	0.8377580046653748	-0.18381880223751068	2.0011348724365234	-0.5399069786071777	0.15177780389785767	-1.2392324209213257	0.38629400730133057	-1.356406807899475	-0.8842293620109558	-1.257326602935791	-0.35410019755363464	1.2705349922180176	-0.7297093868255615	0.07490217685699463	-0.057640671730041504	0.13536624610424042	-0.130385160446167	-0.06051063537597656	0.0	0.0	0.0	0.0	0.045990198850631714	0.1221001148223877	-0.18647611141204834	-0.06562024354934692	-0.06797611713409424	-0.05034133791923523	-0.05828440189361572	0.014160573482513428	0.11478960514068604	0.0006303191184997559	-0.07636845111846924	0.08714050054550171
-0.48155325651168823	-0.3729040026664734	0.33419761061668396	0.7878950834274292	0.0009169998811557889	0.6154370903968811	-0.021387001499533653	-0.577942967414856	-1.0517982244491577	0.15119561553001404	-0.6736462116241455	0.9072955846786499	0.5235990285873413	-0.26179900765419006	2.443459987640381	0.8377580046653748	-0.18301400542259216	2.0033488273620605	-0.5435299873352051	0.15043479204177856	-1.2405147552490234	0.3854813873767853	-1.3576511144638062	-0.8840844035148621	-1.2551831007003784	-0.3542341887950897	1.269181489944458	-0.7281336188316345	0.06079524755477905	-0.04158914089202881	0.12695714831352234	-0.13392269611358643	-0.06844401359558105	0.0	0.0	0.0	0.0	0.03667958080768585	0.1242518424987793	-0.18073171377182007	-0.07502809166908264	-0.07152855396270752	-0.0369146466255188	-0.07436275482177734	-0.010304152965545654	0.11744797229766846	-0.013294070959091187	-0.07898807525634766	0.0684887170791626
-0.4813992381095886	-0.3729603886604309	0.3341551721096039	0.7879199981689453	0.0002899999963119626	0.61543208360672	-0.020624002441763878	-0.5767828226089478	-1.0526397228240967	0.15389887988567352	-0.6763135194778442	0.9057316780090332	0.5235990285873413	-0.26179900765419006	2.443459987640381	0.8377580046653748	-0.18235161900520325	2.0061049461364746	-0.5471362471580505	0.14877668023109436	-1.242093563079834	0.3848174214363098	-1.3593813180923462	-0.8846415281295776	-1.2526286840438843	-0.3546319603919983	1.2673754692077637	-0.726969838142395	0.05117356777191162	-0.036519765853881836	0.13603270053863525	-0.12906789779663086	-0.07491260766983032	0.0	0.0	0.0	0.0	0.03662481904029846	0.14055371284484863	-0.1882493495941162	-0.09189359843730927	-0.08132755756378174	-0.02630874514579773	-0.09714663028717041	-0.04353970289230347	0.1400768756866455	-0.025094300508499146	-0.1089632511138916	0.052638351917266846
-0.4812220335006714	-0.3730219900608063	0.3340660035610199	0.7879810333251953	-0.0007559799705632031	0.6153939962387085	-0.019372031092643738	-0.5758960247039795	-1.053259015083313	0.15663692355155945	-0.6788089275360107	0.9042990803718567	0.5235990285873413	-0.26179900765419006	2.443459987640381	0.8377580046653748	-0.18154901266098022	2.0089709758758545	-0.5510599613189697	0.1467590481042862	-1.2437678575515747	0.38442903757095337	-1.361536979675293	-0.8858259916305542	-1.2495800256729126	-0.3552379608154297	1.2648229598999023	-0.7260280847549438	0.04404038190841675	-0.025147199630737305	0.14878176152706146	-0.10919570922851562	-0.06620585918426514	0.0	0.0	0.0	0.0	0.056900084018707275	0.14225244522094727	-0.19146203994750977	-0.08583143353462219	-0.08566975593566895	-0.024665892124176025	-0.12315213680267334	-0.05894601345062256	0.16125142574310303	-0.0355452299118042	-0.1365363597869873	0.0456199049949646
-0.4810352325439453	-0.37304258346557617	0.3339982032775879	0.7880760431289673	-0.0015689883148297668	0.6153040528297424	-0.018290823325514793	-0.5750212073326111	-1.0536456108093262	0.15985015034675598	-0.6806813478469849	0.9030834436416626	0.5235990285873413	-0.26179900765419006	2.443459987640381	0.8377580046653748	-0.18007561564445496	2.0117950439453125	-0.5547947287559509	0.14534342288970947	-1.2455203533172607	0.3838307857513428	-1.3643074035644531	-0.8869993686676025	-1.2461786270141602	-0.35605376958847046	1.2619140148162842	-0.7251450419425964	0.04360973834991455	-0.006014108657836914	0.16424432396888733	-0.08131265640258789	-0.06449520587921143	0.0	0.0	0.0	0.0	0.07613897323608398	0.1479625701904297	-0.18674880266189575	-0.06081536412239075	-0.09128749370574951	-0.03518015146255493	-0.14911293983459473	-0.051665306091308594	0.17677545547485352	-0.038045644760131836	-0.15234053134918213	0.04756152629852295
-0.48085343837738037	-0.37307578325271606	0.3339373767375946	0.7882494330406189	-0.002408575266599655	0.6151108741760254	-0.017180034890770912	-0.5741516351699829	-1.0534995794296265	0.16320669651031494	-0.6820614337921143	0.9017192721366882	0.5235990285873413	-0.26179900765419006	2.443459987640381	0.8377580046653748	-0.17850345373153687	2.0148894786834717	-0.5585299134254456	0.14432643353939056	-1.2474193572998047	0.38302183151245117	-1.3675014972686768	-0.8878926038742065	-1.2425090074539185	-0.35675978660583496	1.258729338645935	-0.7241256237030029	0.04443079233169556	0.020703673362731934	0.17553456127643585	-0.057640671730041504	-0.06940066814422607	0.0	0.0	0.0	0.0	0.08429475128650665	0.16534924507141113	-0.18773376941680908	-0.048710405826568604	-0.08903741836547852	-0.045584142208099365	-0.1568436622619629	-0.034114718437194824	0.19533634185791016	-0.026460736989974976	-0.17214417457580566	0.06007552146911621
-0.48059725761413574	-0.3730716109275818	0.3338629901409149	0.788468062877655	-0.003264001337811351	0.614853024482727	-0.01619900017976761	-0.5732439756393433	-1.052817463874817	0.16687153279781342	-0.6829869747161865	0.9003074169158936	0.5235990285873413	-0.26179900765419006	2.443459987640381	0.8377580046653748	-0.1767038255929947	2.018409013748169	-0.5623040795326233	0.14339500665664673	-1.2490818500518799	0.3820074200630188	-1.3705811500549316	-0.8883639574050903	-1.2383651733398438	-0.35711219906806946	1.255028247833252	-0.7227420210838318	0.04594624042510986	0.05678236484527588	0.1779519021511078	-0.031110644340515137	-0.07637590169906616	0.0	0.0	0.0	0.0	0.09192600846290588	0.18120408058166504	-0.19373595714569092	-0.0523153692483902	-0.08044540882110596	-0.05689561367034912	-0.15784502029418945	-0.016483664512634277	0.21102726459503174	-0.008299946784973145	-0.19761621952056885	0.08248984813690186
-0.48027661442756653	-0.3730192184448242	0.33380356431007385	0.7887771725654602	-0.004291990306228399	0.6144785284996033	-0.015104614198207855	-0.5723137855529785	-1.0512282848358154	0.17032477259635925	-0.6833058595657349	0.8986642360687256	0.5235990285873413	-0.26179900765419006	2.443459987640381	0.8377580046653748	-0.17482641339302063	2.0221376419067383	-0.5662793517112732	0.14223381876945496	-1.250637173652649	0.3807460069656372	-1.3738152980804443	-0.8885519504547119	-1.2340679168701172	-0.3570917844772339	1.2508246898651123	-0.7208260297775269	0.04220008850097656	0.10565817356109619	0.17515718936920166	-0.0012502074241638184	-0.09665787220001221	0.0	0.0	0.0	0.0	0.09321793913841248	0.18974542617797852	-0.2015933394432068	-0.07199756801128387	-0.07102489471435547	-0.06923303008079529	-0.16131699085235596	-0.0016510486602783203	0.21927356719970703	0.0071048736572265625	-0.21362602710723877	0.11022239923477173
-0.47993406653404236	-0.37289202213287354	0.3337489664554596	0.7889680862426758	-0.0048540011048316956	0.6142430901527405	-0.014539001509547234	-0.5715559720993042	-1.048591136932373	0.17387782037258148	-0.6830369830131531	0.8964411020278931	0.5235990285873413	-0.26179900765419006	2.443459987640381	0.8377580046653748	-0.1729751080274582	2.025998830795288	-0.5703678131103516	0.14051510393619537	-1.251922845840454	0.379238098859787	-1.3770338296890259	-0.8884299993515015	-1.2295942306518555	-0.3568280041217804	1.2464832067489624	-0.7183331251144409	0.03837496042251587	0.15946030616760254	0.1809965819120407	0.026336312294006348	-0.12447237968444824	0.0	0.0	0.0	0.0	0.10075122117996216	0.1968085765838623	-0.2055719494819641	-0.09807087481021881	-0.05754530429840088	-0.07583051919937134	-0.15422403812408447	0.009733438491821289	0.22491216659545898	0.02271980047225952	-0.21908879280090332	0.13628751039505005
-0.4795248508453369	-0.3726952075958252	0.33369216322898865	0.7894871830940247	-0.006330413278192282	0.6135907769203186	-0.013276996091008186	-0.5707787871360779	-1.0448498725891113	0.17756463587284088	-0.6822524070739746	0.8936853408813477	0.5235990285873413	-0.26179900765419006	2.443459987640381	0.8377580046653748	-0.17079636454582214	2.0300099849700928	-0.5745022296905518	0.1383109837770462	-1.252938985824585	0.37771278619766235	-1.3799842596054077	-0.8881626129150391	-1.2250714302062988	-0.3561829924583435	1.2420611381530762	-0.7153745293617249	0.04222393035888672	0.2135246992111206	0.17875134944915771	0.05116015672683716	-0.1491844654083252	0.0	0.0	0.0	0.0	0.11485368013381958	0.1972794532775879	-0.20457208156585693	-0.11291392147541046	-0.04655122756958008	-0.06820783019065857	-0.14264583587646484	0.007826089859008789	0.22598803043365479	0.04419088363647461	-0.22235214710235596	0.159318745136261
-0.47908565402030945	-0.3724786043167114	0.3336373567581177	0.7897360324859619	-0.007062999997287989	0.6132730841636658	-0.012763001024723053	-0.5698670148849487	-1.0400501489639282	0.1810278743505478	-0.6809905767440796	0.8904737234115601	0.5235990285873413	-0.26179900765419006	2.443459987640381	0.8377580046653748	-0.1683809608221054	2.0338900089263916	-0.5785506963729858	0.13599854707717896	-1.2537848949432373	0.37650978565216064	-1.3827396631240845	-0.8881169557571411	-1.2205547094345093	-0.3550603687763214	1.2375891208648682	-0.7119603753089905	0.045900046825408936	0.249597430229187	0.17646215856075287	0.0796288251876831	-0.1714855432510376	0.0	0.0	0.0	0.0	0.12871772050857544	0.18372535705566406	-0.19747167825698853	-0.10949894785881042	-0.029724836349487305	-0.05957409739494324	-0.1257568597793579	-0.0011846423149108887	0.21994411945343018	0.061199069023132324	-0.215950608253479	0.18178075551986694
-0.47861248254776	-0.3721923828125	0.33358582854270935	0.7901660799980164	-0.008414999581873417	0.6127200722694397	-0.011905000545084476	-0.5689427852630615	-1.0348659753799438	0.184623122215271	-0.6790672540664673	0.8868259191513062	0.5235990285873413	-0.26179900765419006	2.443459987640381	0.8377580046653748	-0.16564765572547913	2.0373589992523193	-0.5824010968208313	0.1339310258626938	-1.2541279792785645	0.3753298223018646	-1.385014533996582	-0.8882099986076355	-1.2162736654281616	-0.3537350296974182	1.233423113822937	-0.7081032991409302	0.04765540361404419	0.2688109874725342	0.17266757786273956	0.10737776756286621	-0.18266141414642334	0.0	0.0	0.0	0.0	0.14037340879440308	0.17012953758239746	-0.18850266933441162	-0.09282305836677551	-0.007784366607666016	-0.0583745539188385	-0.10041296482086182	-0.005930662155151367	0.2041161060333252	0.0657491385936737	-0.18371641635894775	0.19984841346740723
-0.47812265157699585	-0.37191277742385864	0.3335181772708893	0.7904371023178101	-0.009271000511944294	0.6123669743537903	-0.01136500108987093	-0.567960798740387	-1.0292977094650269	0.18793457746505737	-0.6766954660415649	0.8831672668457031	0.5235990285873413	-0.26179900765419006	2.443459987640381	0.8377580046653748	-0.16276602447032928	2.0406951904296875	-0.5860908031463623	0.13228562474250793	-1.254096269607544	0.3741748034954071	-1.386756181716919	-0.8883541822433472	-1.2123900651931763	-0.35243040323257446	1.2302404642105103	-0.7039664387702942	0.052444636821746826	0.28550028800964355	0.16357190907001495	0.12593120336532593	-0.1901477575302124	0.0	0.0	0.0	0.0	0.14184154570102692	0.16970038414001465	-0.18649697303771973	-0.07785074412822723	0.010025501251220703	-0.055220723152160645	-0.07616281509399414	-0.007300078868865967	0.18714070320129395	0.06532594561576843	-0.14082789421081543	0.20543187856674194
-0.477617084980011	-0.3716540038585663	0.3334369659423828	0.7908700704574585	-0.010505001060664654	0.6118020415306091	-0.010618000291287899	-0.5668449997901917	-1.023445963859558	0.1911659985780716	-0.6740300059318542	0.8792200088500977	0.5235990285873413	-0.26179900765419006	2.443459987640381	0.8377580046653748	-0.15997399389743805	2.04414701461792	-0.5898609757423401	0.1308169960975647	-1.2537269592285156	0.3731209933757782	-1.3880610466003418	-0.8885020017623901	-1.2087880373001099	-0.3511219918727875	1.2277899980545044	-0.6998860239982605	0.05864948034286499	0.29402077198028564	0.16171932220458984	0.14341473579406738	-0.19780993461608887	0.0	0.0	0.0	0.0	0.13384483754634857	0.1820087432861328	-0.20021796226501465	-0.07864981889724731	0.018140673637390137	-0.04931017756462097	-0.07128119468688965	-0.009113550186157227	0.18497109413146973	0.06359443068504333	-0.128251314163208	0.199909508228302
-0.4770544767379761	-0.371412992477417	0.33333754539489746	0.7912128567695618	-0.011413789354264736	0.6113526225090027	-0.010005613788962364	-0.5656148195266724	-1.0175368785858154	0.19440335035324097	-0.6709588766098022	0.8752548694610596	0.5235990285873413	-0.26179900765419006	2.443459987640381	0.8377580046653748	-0.15741223096847534	2.047975540161133	-0.5940995216369629	0.12913963198661804	-1.2533706426620483	0.37220239639282227	-1.3896074295043945	-0.8887187242507935	-1.2049912214279175	-0.34988662600517273	1.225110411643982	-0.6959700584411621	0.058619678020477295	0.29525160789489746	0.1634746789932251	0.15352964401245117	-0.19561946392059326	0.0	0.0	0.0	0.0	0.1252446323633194	0.20180940628051758	-0.22993087768554688	-0.10134950280189514	0.018277764320373535	-0.044479966163635254	-0.08552074432373047	-0.013218820095062256	0.19577443599700928	0.058384984731674194	-0.139501690864563	0.1891806721687317
-0.4764728546142578	-0.3712310194969177	0.333200603723526	0.7915709018707275	-0.01229859795421362	0.6108825206756592	-0.009315804578363895	-0.5645002126693726	-1.0116358995437622	0.1977049857378006	-0.6678888201713562	0.8713952302932739	0.5235990285873413	-0.26179900765419006	2.443459987640381	0.8377580046653748	-0.15496420860290527	2.0522193908691406	-0.599058210849762	0.1267630159854889	-1.2529958486557007	0.3713417947292328	-1.391481876373291	-0.8890307545661926	-1.2009570598602295	-0.3487865924835205	1.2222099304199219	-0.6923187971115112	0.06150007247924805	0.28940141201019287	0.16509667038917542	0.14954209327697754	-0.19774287939071655	0.0	0.0	0.0	0.0	0.1272108405828476	0.20726323127746582	-0.26364773511886597	-0.12328624725341797	0.020891427993774414	-0.04254058003425598	-0.09408891201019287	-0.01971125602722168	0.204390287399292	0.04802122712135315	-0.14387071132659912	0.17447173595428467
-0.47583720088005066	-0.3710423409938812	0.3330325782299042	0.7918869853019714	-0.013063998892903328	0.6104670763015747	-0.008649000898003578	-0.5631548166275024	-1.0059608221054077	0.20100721716880798	-0.6649771928787231	0.8673451542854309	0.5235990285873413	-0.26179900765419006	2.443459987640381	0.8377580046653748	-0.15232379734516144	2.0562660694122314	-0.6046454310417175	0.12420818209648132	-1.2525349855422974	0.370500773191452	-1.3933709859848022	-0.8895071744918823	-1.1968156099319458	-0.3479657769203186	1.219355583190918	-0.6889911890029907	0.06112903356552124	0.2798527479171753	0.16744248569011688	0.14311820268630981	-0.2142205834388733	0.0	0.0	0.0	0.0	0.12163817882537842	0.2149820327758789	-0.2914935350418091	-0.1490466296672821	0.026664137840270996	-0.042653828859329224	-0.0942915678024292	-0.028370320796966553	0.21145641803741455	0.03703385591506958	-0.14076828956604004	0.16031712293624878
-0.47513726353645325	-0.37081122398376465	0.332889586687088	0.7921110987663269	-0.013805999420583248	0.6101680397987366	-0.008051000535488129	-0.5620550513267517	-1.0004417896270752	0.20440268516540527	-0.6621640920639038	0.862826406955719	0.5235990285873413	-0.26179900765419006	2.443459987640381	0.8377580046653748	-0.15009868144989014	2.060818672180176	-0.6107179522514343	0.12080115079879761	-1.2519292831420898	0.3696356415748596	-1.3952535390853882	-0.8901655673980713	-1.192498803138733	-0.3473052382469177	1.2165791988372803	-0.6859061121940613	0.05114525556564331	0.27321726083755493	0.18134191632270813	0.13480335474014282	-0.24507641792297363	0.0	0.0	0.0	0.0	0.10814331471920013	0.2399444580078125	-0.3184095025062561	-0.20697620511054993	0.022348761558532715	-0.04244372248649597	-0.1001507043838501	-0.03704577684402466	0.22271275520324707	0.03139376640319824	-0.1552104949951172	0.1502513885498047
-0.4743551015853882	-0.3705739974975586	0.3327679932117462	0.7923740148544312	-0.015009975992143154	0.6098091006278992	-0.0070640211924910545	-0.5611090064048767	-0.9950321316719055	0.2082608938217163	-0.6595850586891174	0.857542097568512	0.5235990285873413	-0.26179900765419006	2.443459987640381	0.8377580046653748	-0.14799806475639343	2.065863847732544	-0.6173818111419678	0.11592913419008255	-1.251641035079956	0.3688030242919922	-1.3973770141601562	-0.8909890055656433	-1.187907099723816	-0.3467100262641907	1.2131471633911133	-0.6829811334609985	0.05412548780441284	0.2733975648880005	0.1983262598514557	0.1240760087966919	-0.28726309537887573	0.0	0.0	0.0	0.0	0.10230131447315216	0.25739073753356934	-0.34718960523605347	-0.27655625343322754	-2.9802322387695312e-05	-0.03293082118034363	-0.1269012689590454	-0.04814565181732178	0.23164451122283936	0.028111040592193604	-0.17184913158416748	0.14128684997558594
-0.4735226631164551	-0.3703376054763794	0.3326469957828522	0.792512059211731	-0.015938004478812218	0.6096151471138	-0.006378001533448696	-0.5598900318145752	-0.9895058870315552	0.2123357355594635	-0.6572010517120361	0.851335883140564	0.5235990285873413	-0.26179900765419006	2.443459987640381	0.8377580046653748	-0.14600662887096405	2.0711143016815186	-0.6246055364608765	0.10973890125751495	-1.2519304752349854	0.3683184087276459	-1.40032958984375	-0.8920913934707642	-1.1832330226898193	-0.34618079662323	1.2097052335739136	-0.6802546381950378	0.06151050329208374	0.2696216106414795	0.22134184837341309	0.11850595474243164	-0.33400505781173706	0.0	0.0	0.0	0.0	0.08562169969081879	0.26978254318237305	-0.37386268377304077	-0.3514072000980377	-0.018170475959777832	-0.01972019672393799	-0.15121400356292725	-0.06716996431350708	0.2309352159500122	0.026510655879974365	-0.1617431640625	0.13286322355270386
-0.4726024866104126	-0.37002241611480713	0.3325941860675812	0.7926140427589417	-0.016913004219532013	0.6094630360603333	-0.005687000695616007	-0.5586485862731934	-0.9842472672462463	0.21711456775665283	-0.6548448204994202	0.8441818952560425	0.5235990285873413	-0.26179900765419006	2.443459987640381	0.8377580046653748	-0.14457319676876068	2.076655149459839	-0.6323363184928894	0.10187284648418427	-1.2523678541183472	0.36801421642303467	-1.4034255743026733	-0.8936758041381836	-1.1786696910858154	-0.3456496000289917	1.2066774368286133	-0.6776666045188904	0.06658434867858887	0.25286078453063965	0.23282989859580994	0.10412037372589111	-0.3564789891242981	0.0	0.0	0.0	0.0	0.07394813001155853	0.27393102645874023	-0.40883272886276245	-0.43807291984558105	-0.009840726852416992	0.0027798116207122803	-0.13031363487243652	-0.09887814521789551	0.2260446548461914	0.033254921436309814	-0.15473365783691406	0.1205936074256897
-0.47159427404403687	-0.3698233962059021	0.33243876695632935	0.7925481200218201	-0.01864200085401535	0.6095050573348999	-0.004904001019895077	-0.5572266578674316	-0.9793914556503296	0.2216489315032959	-0.6530362367630005	0.837076723575592	0.5235990285873413	-0.26179900765419006	2.443459987640381	0.8377580046653748	-0.1430487036705017	2.082071542739868	-0.640958845615387	0.09221598505973816	-1.252324104309082	0.36842960119247437	-1.4055421352386475	-0.89604651927948	-1.1741912364959717	-0.3448505997657776	1.203515887260437	-0.6754308938980103	0.09108930826187134	0.23840069770812988	0.20188987255096436	0.06303489208221436	-0.35562068223953247	0.0	0.0	0.0	0.0	0.13102926313877106	0.2503931522369385	-0.4370942711830139	-0.44415926933288574	0.012245774269104004	0.013583898544311523	-0.08291900157928467	-0.14036893844604492	0.23939013481140137	0.024375319480895996	-0.1778125762939453	0.10905414819717407
-0.4704272747039795	-0.36942100524902344	0.33228832483291626	0.7924772500991821	-0.020122190937399864	0.6095565557479858	-0.003990409430116415	-0.5550050139427185	-0.9747112393379211	0.2251901626586914	-0.6523234248161316	0.8299570679664612	0.5235990285873413	-0.26179900765419006	2.443459987640381	0.8377580046653748	-0.13933202624320984	2.0866708755493164	-0.64982008934021	0.08410647511482239	-1.251878023147583	0.36855757236480713	-1.4067423343658447	-0.8992905616760254	-1.1690940856933594	-0.34467458724975586	1.1995649337768555	-0.6733044385910034	0.11546611785888672	0.1978367567062378	0.1710016280412674	0.020456314086914062	-0.36184340715408325	0.0	0.0	0.0	0.0	0.1677677035331726	0.21248459815979004	-0.4406288266181946	-0.361449658870697	0.027003884315490723	0.021509826183319092	-0.04284679889678955	-0.1752123236656189	0.2533048391342163	0.012814998626708984	-0.22607147693634033	0.09017288684844971
-0.4692610204219818	-0.36907199025154114	0.33214297890663147	0.7922300696372986	-0.021393002942204475	0.6098390221595764	-0.003276000265032053	-0.5526080131530762	-0.9714779853820801	0.2284889966249466	-0.6522179841995239	0.8226029872894287	0.5235990285873413	-0.26179900765419006	2.443459987640381	0.8377580046653748	-0.1363379955291748	2.0905709266662598	-0.6585839986801147	0.07775799930095673	-1.2512439489364624	0.36928999423980713	-1.407256007194519	-0.9030550122261047	-1.164059042930603	-0.34433799982070923	1.1944730281829834	-0.6718239784240723	0.1313731074333191	0.12999624013900757	0.19357725977897644	0.007876753807067871	-0.3552064299583435	0.0	0.0	0.0	0.0	0.1453239470720291	0.20028352737426758	-0.4336833953857422	-0.28385651111602783	0.028830766677856445	0.05679428577423096	-0.013756752014160156	-0.20931512117385864	0.26366710662841797	0.018317997455596924	-0.2801477909088135	0.05584508180618286
-0.4682040214538574	-0.36882638931274414	0.33207255601882935	0.7919598817825317	-0.022873716428875923	0.6101394295692444	-0.0024910427164286375	-0.5497500896453857	-0.9695113897323608	0.23293325304985046	-0.6520083546638489	0.8157488107681274	0.5235990285873413	-0.26179900765419006	2.443459987640381	0.8377580046653748	-0.13351906836032867	2.094682216644287	-0.6671674251556396	0.0727522149682045	-1.2507247924804688	0.37082934379577637	-1.4072926044464111	-0.9076631665229797	-1.1585474014282227	-0.343941867351532	1.188359022140503	-0.6710706353187561	0.10708868503570557	0.37690699100494385	0.3467898964881897	0.3291875123977661	-0.25860369205474854	0.0	0.0	0.0	0.0	0.14971792697906494	0.37047266960144043	-0.5176737904548645	-0.3104364573955536	0.07861554622650146	0.12026876211166382	0.003930926322937012	-0.22458285093307495	0.3500401973724365	0.0859186053276062	-0.37026405334472656	0.07654279470443726
-0.46742409467697144	-0.36892902851104736	0.33153995871543884	0.7931311726570129	-0.024915967136621475	0.6085375547409058	-0.002009620191529393	-0.548324465751648	-0.9564017057418823	0.24236059188842773	-0.6390504837036133	0.8122588396072388	0.5235990285873413	-0.26179900765419006	2.443459987640381	0.8377580046653748	-0.1303492784500122	2.1053898334503174	-0.6792909502983093	0.0653405413031578	-1.2480993270874023	0.3741007447242737	-1.4070987701416016	-0.9120383262634277	-1.1500574350357056	-0.340901255607605	1.1796624660491943	-0.6687622666358948	0.08247047662734985	0.5060583353042603	0.37803128361701965	0.4686087369918823	-0.33562928438186646	0.0	0.0	0.0	0.0	0.1528806984424591	0.36475658416748047	-0.4996955394744873	-0.2773738503456116	0.09923279285430908	0.11138096451759338	0.024700164794921875	-0.20917803049087524	0.3364086151123047	0.07150694727897644	-0.3206491470336914	0.07377266883850098
-0.4663298726081848	-0.3687697947025299	0.3314153254032135	0.7928948402404785	-0.025954587385058403	0.608803927898407	-0.0012366161681711674	-0.5464512705802917	-0.9492690563201904	0.24805450439453125	-0.6332640051841736	0.8023236393928528	0.5235990285873413	-0.26179900765419006	2.443459987640381	0.8377580046653748	-0.1274038404226303	2.1092724800109863	-0.6871552467346191	0.06165726110339165	-1.2467554807662964	0.3752845823764801	-1.4063045978546143	-0.9160302877426147	-1.1450910568237305	-0.3410815894603729	1.1755330562591553	-0.6681197285652161	0.12806951999664307	0.2121850848197937	0.22532492876052856	0.11197924613952637	-0.6489500403404236	0.0	0.0	0.0	0.0	0.12006573379039764	0.05955696105957031	-0.37241131067276	-0.14988788962364197	0.011730194091796875	0.06943941116333008	0.0483781099319458	-0.25920867919921875	0.1943647861480713	-0.06427913904190063	-0.21689236164093018	-0.04558861255645752
-0.46511396765708923	-0.36838042736053467	0.33142977952957153	0.7913618087768555	-0.02668021433055401	0.6107656955718994	-0.0004862298956140876	-0.5432016849517822	-0.9479143023490906	0.2513735890388489	-0.6345713138580322	0.7863008379936218	0.5235990285873413	-0.26179900765419006	2.443459987640381	0.8377580046653748	-0.1255466490983963	2.1077721118927	-0.6941874027252197	0.059345025569200516	-1.2476301193237305	0.3768783211708069	-1.4051636457443237	-0.9224066734313965	-1.1422828435897827	-0.343472421169281	1.1709867715835571	-0.6705858111381531	0.17845481634140015	-0.10782331228256226	0.12038499116897583	-0.2826958894729614	-0.7493108510971069	0.0	0.0	0.0	0.0	0.022547319531440735	-0.14848709106445312	-0.3051653504371643	-0.08685532957315445	-0.11103451251983643	0.14265850186347961	0.0746607780456543	-0.41771233081817627	0.09612441062927246	-0.15640854835510254	-0.272369384765625	-0.22410452365875244
-0.464538037776947	-0.3679389953613281	0.33157795667648315	0.7893370985984802	-0.02770196832716465	0.613334059715271	7.097296474967152e-05	-0.5393130779266357	-0.9535819888114929	0.2528699040412903	-0.644571840763092	0.7723512053489685	0.5235990285873413	-0.26179900765419006	2.443459987640381	0.8377580046653748	-0.12650194764137268	2.103332996368408	-0.6993618607521057	0.05818304792046547	-1.2511968612670898	0.3809909224510193	-1.403318166732788	-0.9327387809753418	-1.1412460803985596	-0.347337931394577	1.1646382808685303	-0.6770839095115662	0.11792480945587158	-0.02010166645050049	0.13834983110427856	-0.2541661262512207	-0.5749598145484924	0.0	0.0	0.0	0.0	-0.07107853889465332	-0.09562969207763672	-0.24064481258392334	-0.11800993233919144	-0.11410713195800781	0.18993467092514038	0.12238919734954834	-0.44777989387512207	0.09237825870513916	-0.1483231782913208	-0.3323167562484741	-0.29487162828445435
-0.4645618498325348	-0.3678939938545227	0.33142614364624023	0.7887574434280396	-0.02859981171786785	0.6140387058258057	0.00047338727745227516	-0.5384846925735474	-0.9487183690071106	0.25690758228302	-0.644737958908081	0.7633024454116821	0.5235990285873413	-0.26179900765419006	2.443459987640381	0.8377580046653748	-0.12838979065418243	2.1039469242095947	-0.7038131952285767	0.05462462827563286	-1.2521944046020508	0.3844757080078125	-1.4002680778503418	-0.9403178691864014	-1.1385877132415771	-0.34940534830093384	1.1576941013336182	-0.6823806762695312	0.15990734100341797	0.10937005281448364	0.13496428728103638	-0.2608880400657654	-0.7365047931671143	-5.9604644775390625e-06	0.00423043966293335	-0.005835294723510742	-0.0011458992958068848	-0.09563155472278595	-0.1457512378692627	-0.18210113048553467	-0.12487620115280151	-0.13117492198944092	0.25244131684303284	0.1827716827392578	-0.4734739661216736	0.034612417221069336	-0.12782663106918335	-0.31623244285583496	-0.3378361463546753
-0.4639362692832947	-0.3679247498512268	0.3317165970802307	0.7865980863571167	-0.029270006343722343	0.6167711019515991	0.0005610003718174994	-0.532916784286499	-0.9492071866989136	0.25826847553253174	-0.6550073623657227	0.7428910136222839	0.5235987901687622	-0.26162979006767273	2.4432265758514404	0.8377121686935425	-0.13032720983028412	2.0975029468536377	-0.7066459059715271	0.05318799987435341	-1.2564438581466675	0.3910885751247406	-1.3960072994232178	-0.9516777396202087	-1.1398615837097168	-0.35245099663734436	1.1519889831542969	-0.6905973553657532	0.29378533363342285	-0.04428178071975708	0.046522170305252075	-0.5185037851333618	-0.8799821138381958	-0.003966689109802246	0.0008367002010345459	-0.0011861324310302734	-0.00022202730178833008	-0.14152191579341888	-0.3018319606781006	-0.08000582456588745	-0.09176740050315857	-0.17557740211486816	0.42695626616477966	0.21514296531677246	-0.614127516746521	-0.08896589279174805	-0.11069029569625854	-0.19925832748413086	-0.4400670528411865
-0.4638248682022095	-0.36816275119781494	0.3318532705307007	0.7840077877044678	-0.03121262416243553	0.619965672492981	-0.000462885363958776	-0.5267332792282104	-0.9504896402359009	0.2587684690952301	-0.6654781103134155	0.7281031608581543	0.5234403610229492	-0.2617655396461487	2.4434125423431396	0.8377491235733032	-0.1340506672859192	2.0918736457824707	-0.7070134282112122	0.050953932106494904	-1.2592175006866455	0.4015539586544037	-1.391662359237671	-0.9648829698562622	-1.142146348953247	-0.3538329601287842	1.149723768234253	-0.6999833583831787	0.3249436616897583	0.0005930662155151367	0.004082173109054565	-0.49344897270202637	-0.7482811808586121	-0.007806718349456787	-0.004240125417709351	0.005835294723510742	0.0011458992958068848	-0.19546858966350555	-0.28856396675109863	-0.011397898197174072	-0.08286535739898682	-0.11646449565887451	0.5695335865020752	0.2376556396484375	-0.6914719939231873	-0.14479756355285645	-0.05402415990829468	-0.048676133155822754	-0.4909977316856384
-0.4636589288711548	-0.36866673827171326	0.332008957862854	0.7818246483802795	-0.032479800283908844	0.6226493716239929	-0.0017772851279005408	-0.5199190378189087	-0.949183464050293	0.2584317624568939	-0.6747453212738037	0.7129597663879395	0.5232865214347839	-0.2617993950843811	2.443459987640381	0.8377580046653748	-0.13814595341682434	2.0859603881835938	-0.7071018218994141	0.049873385578393936	-1.2611024379730225	0.4138699173927307	-1.3865010738372803	-0.9793366193771362	-1.145653486251831	-0.35461196303367615	1.150041937828064	-0.7102372646331787	0.3205418586730957	-0.05313307046890259	-0.09183362126350403	-0.5804166197776794	-0.6670251488685608	-0.031253695487976074	-0.0008463859558105469	0.0011861324310302734	0.00022202730178833008	-0.21566785871982574	-0.2860724925994873	0.02480149269104004	-0.050056446343660355	-0.04336237907409668	0.6381168961524963	0.24810433387756348	-0.7509410381317139	-0.1572132110595703	-0.057600438594818115	0.057828426361083984	-0.5371838808059692
-0.46330446004867554	-0.36957958340644836	0.332213819026947	0.7795756459236145	-0.03305590897798538	0.6254287958145142	-0.0028500729240477085	-0.5139116048812866	-0.952614963054657	0.25509512424468994	-0.6886947751045227	0.7014221549034119	0.5221902132034302	-0.2617993950843811	2.443459987640381	0.8377580046653748	-0.14267738163471222	2.080430746078491	-0.7060213685035706	0.04895167425274849	-1.2609519958496094	0.42707863450050354	-1.3817381858825684	-0.9949206113815308	-1.1484348773956299	-0.3561369776725769	1.1520369052886963	-0.7214707136154175	0.31566768884658813	-0.25429725646972656	-0.22124163806438446	-0.7573872804641724	-0.5272418260574341	-0.06672292947769165	0.0	0.0	0.0	-0.2107083797454834	-0.30534863471984863	0.06872117519378662	-0.03286125138401985	0.03795027732849121	0.681072473526001	0.2672851085662842	-0.7873833179473877	-0.1412510871887207	-0.08200928568840027	0.0985175371170044	-0.6113439798355103
-0.462817907333374	-0.37077271938323975	0.3324916958808899	0.7771072387695312	-0.033193040639162064	0.6284789443016052	-0.004102190490812063	-0.5072923302650452	-0.959355354309082	0.24958209693431854	-0.7050408124923706	0.6918700933456421	0.5206176042556763	-0.2617993950843811	2.443459987640381	0.8377580046653748	-0.14657428860664368	2.0737464427948	-0.7043529748916626	0.04855893552303314	-1.2595844268798828	0.44111281633377075	-1.375809669494629	-1.0108319520950317	-1.1513035297393799	-0.35789233446121216	1.1539826393127441	-0.7346910238265991	0.3571316599845886	-0.44933706521987915	-0.33227914571762085	-0.8680775761604309	-0.364549458026886	-0.09291321039199829	0.0	0.0	0.0	-0.1771043986082077	-0.3620922565460205	0.10626018047332764	-0.0028063543140888214	0.10865926742553711	0.7106274366378784	0.3313720226287842	-0.7877975702285767	-0.13072490692138672	-0.09263530373573303	0.0836104154586792	-0.7030144333839417
-0.46220338344573975	-0.37222692370414734	0.33295029401779175	0.7745017409324646	-0.03300375118851662	0.6316872835159302	-0.0054031917825341225	-0.4996263384819031	-0.9705884456634521	0.24180395901203156	-0.7234178781509399	0.6868401765823364	0.5184736847877502	-0.2617993950843811	2.443459987640381	0.8377580046653748	-0.14976155757904053	2.0659470558166504	-0.7017709612846375	0.048839420080184937	-1.256605625152588	0.4555037319660187	-1.368483304977417	-1.0264325141906738	-1.1536638736724854	-0.3598423898220062	1.1553813219070435	-0.7495912909507751	0.42008087038993835	-0.6845638155937195	-0.5091547966003418	-0.8665680885314941	0.05624592304229736	-0.12984275817871094	0.0	0.0	0.0	-0.1165192574262619	-0.4220724105834961	0.14227628707885742	0.042674411088228226	0.22872388362884521	0.7027238607406616	0.4208177328109741	-0.7120102643966675	-0.10057389736175537	-0.09144991636276245	0.07562339305877686	-0.7789567112922668
-0.46145325899124146	-0.3740772008895874	0.3338724672794342	0.7720415592193604	-0.03182653710246086	0.6347364783287048	-0.006968224886804819	-0.49048909544944763	-0.9867379069328308	0.22921590507030487	-0.7397035360336304	0.694119930267334	0.5154238939285278	-0.2617993950843811	2.443459987640381	0.8377580046653748	-0.15123505890369415	2.05686354637146	-0.6986619234085083	0.05026591196656227	-1.250435471534729	0.4692217707633972	-1.35897696018219	-1.0393123626708984	-1.15532648563385	-0.36155033111572266	1.1570075750350952	-0.7658492922782898	0.5688875913619995	-1.2909919023513794	-0.8518550395965576	-1.0341227054595947	0.8427634835243225	-0.2352789044380188	0.0	0.0	0.0	-0.06496347486972809	-0.5107402801513672	0.18408596515655518	0.023688655346632004	0.44241249561309814	0.7367603778839111	0.5787372589111328	-0.5938977003097534	-0.0589907169342041	-0.06630495190620422	0.10620057582855225	-0.9101450443267822
-0.46035653352737427	-0.3763646185398102	0.33551502227783203	0.7688396573066711	-0.030704861506819725	0.6386370658874512	-0.009256466291844845	-0.4768708348274231	-1.0222281217575073	0.2077297568321228	-0.7647827863693237	0.7205507159233093	0.5090625286102295	-0.2617993950843811	2.443459987640381	0.8377580046653748	-0.15236009657382965	2.0455174446105957	-0.6944075226783752	0.04978696629405022	-1.238909125328064	0.4849741458892822	-1.3453338146209717	-1.050188422203064	-1.1560235023498535	-0.3624945878982544	1.1596293449401855	-0.7859970927238464	0.6362676620483398	-2.0360543727874756	-1.2131720781326294	-1.1070489883422852	1.9152730703353882	-0.3247007727622986	0.0	0.0	0.0	-0.03697648644447327	-0.5828857421875	0.09271204471588135	-0.041056983172893524	0.713735818862915	0.6997808814048767	0.8325725793838501	-0.4868417978286743	-0.03083646297454834	-0.16034170985221863	0.18943548202514648	-1.0932683944702148
-0.45935750007629395	-0.37851646542549133	0.3374122977256775	0.7660917639732361	-0.02814153954386711	0.6420179009437561	-0.011168974451720715	-0.46503838896751404	-1.0681800842285156	0.1806890219449997	-0.7839854955673218	0.7707308530807495	0.5024358630180359	-0.2617993950843811	2.443459987640381	0.8377580046653748	-0.15271411836147308	2.03354811668396	-0.694953441619873	0.04862363263964653	-1.2218860387802124	0.4972130060195923	-1.325674057006836	-1.0587860345840454	-1.156559944152832	-0.3679639995098114	1.164584994316101	-0.8095800280570984	1.0112688541412354	-3.2027065753936768	-2.0112335681915283	-1.8054753541946411	3.6026611328125	-0.5398422479629517	0.0	0.0	0.0	0.06967820227146149	-0.6475925445556641	0.05411654710769653	-0.15898524224758148	0.9088575839996338	0.7472112774848938	0.955536961555481	-0.2018183469772339	0.01711249351501465	0.055239349603652954	0.31925439834594727	-1.0585353374481201
-0.45784541964530945	-0.3832630515098572	0.3408035635948181	0.7622635960578918	-0.02762046456336975	0.6465210318565369	-0.01421697624027729	-0.4364200830459595	-1.1503363847732544	0.12728041410446167	-0.8370018005371094	0.8646571636199951	0.4874688386917114	-0.2617993950843811	2.443459987640381	0.8377580046653748	-0.1495729684829712	2.019613742828369	-0.6922428607940674	0.04342755675315857	-1.2025548219680786	0.514862596988678	-1.3071123361587524	-1.0582611560821533	-1.155339002609253	-0.3602850139141083	1.1723995208740234	-0.8283385038375854	1.5150084495544434	-4.309499263763428	-3.5697028636932373	-3.08960223197937	5.6878252029418945	-0.789545476436615	0.0	0.0	0.0	0.255768358707428	-0.6232261657714844	-0.04340857267379761	-0.30708593130111694	1.2021124362945557	0.8440673351287842	1.1360883712768555	0.172463059425354	0.03147721290588379	0.5725986957550049	0.5010783672332764	-0.6795480847358704
-0.4563887119293213	-0.3889186978340149	0.344646692276001	0.7595662474632263	-0.02637604810297489	0.6496546864509583	-0.017670726403594017	-0.4044380486011505	-1.2405600547790527	0.03790091350674629	-0.9075695872306824	0.9982438683509827	0.4708540439605713	-0.2617993950843811	2.443459987640381	0.8377580046653748	-0.14248338341712952	2.0086190700531006	-0.696689784526825	0.036340195685625076	-1.1738015413284302	0.5309756994247437	-1.2802305221557617	-1.0518875122070312	-1.1553008556365967	-0.3450600504875183	1.1846281290054321	-0.8367619514465332	1.670759916305542	-4.592397689819336	-5.027225017547607	-3.078223705291748	7.2325825691223145	-0.6701313257217407	0.0	0.0	0.0	0.5174532532691956	-0.8913755416870117	-0.14868378639221191	-0.17897096276283264	1.4709323644638062	0.22166818380355835	1.459580659866333	1.088184118270874	-0.13566017150878906	0.9050674438476562	0.7620930671691895	0.13418048620224
-0.4550735056400299	-0.39323678612709045	0.35018253326416016	0.7561935186386108	-0.023240771144628525	0.6536021828651428	-0.020871354267001152	-0.3695896863937378	-1.3340322971343994	-0.07380858808755875	-0.9601307511329651	1.1539604663848877	0.4606635868549347	-0.2617993950843811	2.443459987640381	0.8377580046653748	-0.12887483835220337	1.9839587211608887	-0.6981902122497559	0.03626871854066849	-1.1437175273895264	0.5237293243408203	-1.2487291097640991	-1.0147337913513184	-1.1607654094696045	-0.32408231496810913	1.202883243560791	-0.8229712843894958	1.4052681922912598	-3.7224411964416504	-4.913923263549805	-1.7589197158813477	7.176162242889404	-0.339508056640625	0.0	0.0	0.0	0.5730870962142944	-1.1231690645217896	0.11472105979919434	0.023516174405813217	1.156744360923767	-0.3746211528778076	1.175042986869812	1.5977531671524048	-0.23905634880065918	0.822150707244873	0.7511764764785767	0.5576863884925842
-0.4540405571460724	-0.39543652534484863	0.35370180010795593	0.7533473372459412	-0.020689232274889946	0.656891405582428	-0.023099318146705627	-0.348227322101593	-1.3894577026367188	-0.1586560159921646	-0.9779263734817505	1.2852903604507446	0.4572737216949463	-0.2617993950843811	2.443459987640381	0.8377580046653748	-0.11955989897251129	1.963692307472229	-0.6921009421348572	0.037280842661857605	-1.1275317668914795	0.5159908533096313	-1.2332288026809692	-0.9879773855209351	-1.164863109588623	-0.3121740221977234	1.2146751880645752	-0.8144544959068298	0.954870879650116	-2.7486352920532227	-4.273097991943359	-0.5955114960670471	6.7843017578125	-0.08228123188018799	0.0	0.0	0.0	0.46088844537734985	-1.0026276111602783	0.3245219588279724	0.09130603075027466	0.7477790117263794	-0.43952763080596924	0.7015705108642578	1.2659833431243896	-0.1646876335144043	0.4757814109325409	0.5378633737564087	0.3683552145957947
-0.45303505659103394	-0.3966408967971802	0.3566000759601593	0.7505124807357788	-0.018117625266313553	0.6601461172103882	-0.024696839973330498	-0.33139485120773315	-1.4439777135849	-0.24473249912261963	-0.983951210975647	1.4253325462341309	0.4573723375797272	-0.2617993950843811	2.443459987640381	0.8377580046653748	-0.11043930053710938	1.9438536167144775	-0.685209333896637	0.03992095962166786	-1.1138063669204712	0.5061482191085815	-1.2206662893295288	-0.9640944600105286	-1.1673529148101807	-0.3050510585308075	1.2243977785110474	-0.8082370758056641	0.9108908176422119	-3.044670820236206	-4.382094383239746	-0.1649916172027588	7.167935371398926	0.11683404445648193	0.0	0.0	0.0	0.4918467402458191	-1.025351881980896	0.3217637538909912	0.10021775960922241	0.5956918001174927	-0.5650654435157776	0.577765703201294	1.3301819562911987	-0.1323103904724121	0.3729619085788727	0.47957301139831543	0.35202354192733765
-0.4520058035850525	-0.39828968048095703	0.3601490557193756	0.7475600242614746	-0.015517789870500565	0.6635141968727112	-0.025738634169101715	-0.31179168820381165	-1.511244535446167	-0.333939790725708	-0.9845260381698608	1.5720077753067017	0.46194708347320557	-0.2617993950843811	2.443459987640381	0.8377580046653748	-0.09988602995872498	1.9226782321929932	-0.6792303919792175	0.0412895530462265	-1.1037040948867798	0.49338823556900024	-1.2101181745529175	-0.9347701072692871	-1.1701555252075195	-0.2972555458545685	1.2338581085205078	-0.8003735542297363	0.9478166699409485	-3.2908291816711426	-4.540559768676758	0.12314319610595703	7.575732231140137	0.24228766560554504	0.0	0.0	0.0	0.49050283432006836	-0.9558528661727905	0.34451037645339966	-0.07830606400966644	0.5366235971450806	-0.5813553929328918	0.46466290950775146	1.434619665145874	-0.07042288780212402	0.39234086871147156	0.48418939113616943	0.34151673316955566
-0.45085060596466064	-0.4010576605796814	0.363064706325531	0.7447988390922546	-0.012520882301032543	0.6666362881660461	-0.026722699403762817	-0.2934821844100952	-1.575610876083374	-0.42635488510131836	-0.9790254831314087	1.7283618450164795	0.467063844203949	-0.2617993950843811	2.443459987640381	0.8377580046653748	-0.09081918746232986	1.905619502067566	-0.671428918838501	0.03678871691226959	-1.092341423034668	0.48289400339126587	-1.2020797729492188	-0.9067096710205078	-1.1701698303222656	-0.28935742378234863	1.2437653541564941	-0.7945764064788818	0.9340986609458923	-2.8978915214538574	-5.105611801147461	-0.05607008934020996	7.735827445983887	0.41614025831222534	0.0	0.0	0.0	0.3932766616344452	-0.8306235074996948	0.1736775040626526	-0.09188968688249588	0.3673851490020752	-0.6042763590812683	0.47625601291656494	1.50526762008667	-0.14318525791168213	0.38294121623039246	0.5078643560409546	0.3117203712463379
-0.4501762390136719	-0.4038020372390747	0.36636531352996826	0.7419288158416748	-0.011489169672131538	0.6698448657989502	-0.02679314650595188	-0.27442774176597595	-1.6271601915359497	-0.5381642580032349	-0.9867688417434692	1.8814408779144287	0.4785926938056946	-0.2617993950843811	2.443459987640381	0.8377580046653748	-0.08415496349334717	1.8894532918930054	-0.6722832918167114	0.037613965570926666	-1.0890086889266968	0.4692171812057495	-1.1910679340362549	-0.8745594024658203	-1.1758829355239868	-0.2819378972053528	1.254172682762146	-0.7879047393798828	0.910565972328186	-2.77864933013916	-5.32168436050415	0.30288398265838623	7.49974250793457	0.5327701568603516	0.0	0.0	0.0	0.4076089859008789	-0.713127851486206	0.21956264972686768	-0.12359265238046646	0.47202110290527344	-0.3946438431739807	0.4010319709777832	1.1860668659210205	0.008505582809448242	0.32398924231529236	0.4426300525665283	0.13730525970458984
-0.4488273859024048	-0.4068371653556824	0.3682093322277069	0.7395451664924622	-0.009165674448013306	0.6724613308906555	-0.028018463402986526	-0.2570595443248749	-1.6867568492889404	-0.639222264289856	-0.9669101238250732	2.0283515453338623	0.48837465047836304	-0.2617993950843811	2.443459987640381	0.8377580046653748	-0.07451482862234116	1.8770943880081177	-0.6626464128494263	0.031845010817050934	-1.073460578918457	0.46710824966430664	-1.1860384941101074	-0.859266996383667	-1.1698296070098877	-0.27639785408973694	1.2614705562591553	-0.7890841960906982	0.8489813804626465	-3.2106428146362305	-5.129052639007568	1.0136828422546387	7.154238224029541	0.2165183424949646	0.03991052508354187	0.0	0.0	0.4005504846572876	-0.6115466356277466	0.27335286140441895	-0.16186600923538208	0.5962163209915161	-0.2093292772769928	0.37464797496795654	0.863310694694519	0.19379854202270508	0.315297394990921	0.309106707572937	0.0635191798210144
-0.44789430499076843	-0.4091835021972656	0.37066954374313354	0.7371609210968018	-0.00874071754515171	0.6750653386116028	-0.028364481404423714	-0.24046848714351654	-1.7555859088897705	-0.7433263659477234	-0.9462215304374695	2.1676104068756104	0.48725342750549316	-0.26020297408103943	2.443459987640381	0.8377580046653748	-0.06813294440507889	1.8649914264678955	-0.6613491773605347	0.031139325350522995	-1.0651600360870361	0.4608440101146698	-1.1760820150375366	-0.8400269746780396	-1.1681309938430786	-0.26932600140571594	1.2665369510650635	-0.7853639721870422	0.8164238333702087	-4.617533206939697	-4.587340354919434	1.5501469373703003	6.743037700653076	-0.6788149476051331	1.2578431367874146	0.0	0.0	0.29002559185028076	-0.5937010049819946	0.011844933032989502	-0.054364606738090515	0.33274590969085693	-0.3553539514541626	0.4547297954559326	1.032152771949768	0.10763108730316162	0.4165239632129669	0.18821358680725098	0.32050758600234985
-0.446979284286499	-0.41148823499679565	0.37320995330810547	0.7348425388336182	-0.008609685115516186	0.6776013970375061	-0.028085168451070786	-0.22440259158611298	-1.8714581727981567	-0.8227158784866333	-0.9049042463302612	2.2980730533599854	0.4612220525741577	-0.21148566901683807	2.443459987640381	0.8377580046653748	-0.06291380524635315	1.853346347808838	-0.6621726155281067	0.02967042662203312	-1.0601507425308228	0.45289409160614014	-1.1678493022918701	-0.8179808855056763	-1.1655243635177612	-0.25973689556121826	1.2689990997314453	-0.7762638926506042	0.4312712550163269	-6.82247257232666	-2.360790967941284	2.430553674697876	6.352848052978516	-5.338752269744873	4.1936492919921875	0.0	0.0	0.14964798092842102	-0.39750635623931885	-0.15744715929031372	0.012707803398370743	-0.1314312219619751	-0.9682342410087585	0.37511587142944336	1.9391536712646484	-0.05263388156890869	0.6249919533729553	0.1531839370727539	0.981159508228302
-0.44585317373275757	-0.4125140309333801	0.3754255175590515	0.7339932322502136	-0.007780173327773809	0.6785914301872253	-0.026591720059514046	-0.22321763634681702	-2.02848482131958	-0.8377580046653748	-0.8489993810653687	2.421724319458008	0.27370333671569824	-0.09245701134204865	2.443459987640381	0.8377580046653748	-0.062147025018930435	1.8490911722183228	-0.6676470637321472	0.031647637486457825	-1.0704172849655151	0.42211464047431946	-1.1610773801803589	-0.7624608278274536	-1.170236349105835	-0.24432632327079773	1.2726643085479736	-0.7461175918579102	0.13618282973766327	-7.3295207023620605	-0.3760531544685364	3.5579190254211426	5.009400844573975	-6.113667011260986	5.496865749359131	0.0	0.0	0.4013120234012604	-0.5242794752120972	-0.047944486141204834	0.14099502563476562	-0.031444430351257324	-1.3224468231201172	0.3101855516433716	2.1809191703796387	-0.08122920989990234	0.42199939489364624	0.28067827224731445	1.0244920253753662
-0.4440520405769348	-0.41169819235801697	0.3776618242263794	0.7331886291503906	-0.001951925572939217	0.6794446110725403	-0.02803240343928337	-0.21895527839660645	-2.1646389961242676	-0.8377580046653748	-0.7625874876976013	2.4984490871429443	0.21667537093162537	0.008388960734009743	2.443459987640381	0.8377580046653748	-0.046861324459314346	1.832375168800354	-0.6640903949737549	0.035310227423906326	-1.061408519744873	0.39999622106552124	-1.1554418802261353	-0.7307441234588623	-1.1687735319137573	-0.2428569197654724	1.280226230621338	-0.7352842092514038	0.6679441928863525	-6.062984466552734	0.0	4.597957611083984	2.725064754486084	-5.240229606628418	6.187771320343018	0.0	0.0	0.9988572597503662	-1.0877877473831177	0.2924725413322449	0.36827000975608826	0.019854307174682617	-1.7197191715240479	0.5725890398025513	2.9373362064361572	-0.2219557762145996	0.4765462279319763	0.5126208066940308	1.1076122522354126
-0.4415779709815979	-0.4107191562652588	0.38320714235305786	0.731852114200592	0.0007983738323673606	0.6807976365089417	-0.03011578880250454	-0.19649986922740936	-2.2710041999816895	-0.8377580046653748	-0.6650810837745667	2.530726909637451	0.0640941634774208	0.15505383908748627	2.443459987640381	0.8377580046653748	-0.022192735224962234	1.805579662322998	-0.6559481620788574	0.04637843742966652	-1.0696231126785278	0.35332587361335754	-1.1381738185882568	-0.6449673771858215	-1.179114580154419	-0.22526447474956512	1.2931691408157349	-0.7018131017684937	1.317887783050537	-4.809284210205078	0.0	4.827359199523926	0.8069455623626709	-5.743462085723877	5.548356056213379	0.0	0.0	1.23781156539917	-1.4520138502120972	0.40978044271469116	0.4314091205596924	-0.4027634859085083	-1.710677146911621	0.6454437971115112	3.2522945404052734	-0.41848719120025635	0.8418936133384705	0.4283428192138672	1.492801308631897
-0.43962177634239197	-0.4109259247779846	0.38957539200782776	0.7296842932701111	0.002687903353944421	0.6830730438232422	-0.03106234036386013	-0.16623976826667786	-2.3570103645324707	-0.8377580046653748	-0.5694931149482727	2.530726909637451	-0.01306311134248972	0.2303232103586197	2.443459987640381	0.8377580046653748	0.0026511361356824636	1.7742946147918701	-0.6476991772651672	0.052566591650247574	-1.0775190591812134	0.3315691351890564	-1.1296241283416748	-0.6006523370742798	-1.1855130195617676	-0.20918117463588715	1.2973599433898926	-0.6755721569061279	1.0586894750595093	-3.425717353820801	0.0	3.9624407291412354	0.0	-4.6514973640441895	2.6686389446258545	0.0	0.0	1.0280592441558838	-1.1350810527801514	0.3765791654586792	0.3875782787799835	-0.36941468715667725	-0.9710900783538818	0.4542022943496704	2.1016790866851807	-0.3272712230682373	0.8233416676521301	0.2409130334854126	1.2402236461639404
-0.4372093379497528	-0.4120659828186035	0.3937818109989166	0.7286801934242249	0.004664647858589888	0.6840654015541077	-0.03252926468849182	-0.1541522890329361	-2.4080328941345215	-0.8377580046653748	-0.5065834522247314	2.530726909637451	-0.12196572124958038	0.2617993950843811	2.443459987640381	0.8377580046653748	0.018929632380604744	1.760176420211792	-0.6408849954605103	0.061881568282842636	-1.084399700164795	0.31448227167129517	-1.12000572681427	-0.5609002113342285	-1.1922054290771484	-0.19233080744743347	1.3028056621551514	-0.652204155921936	0.41535085439682007	-2.4423956871032715	0.0	2.1533994674682617	0.0	-6.6833882331848145	0.7869046330451965	0.0	0.0	0.5578874945640564	-0.588563084602356	0.31972378492355347	0.43314555287361145	-0.43547749519348145	-1.3547509908676147	0.6438225507736206	3.112027168273926	-0.44638514518737793	1.273991584777832	0.4216045141220093	1.8354713916778564
-0.4350646734237671	-0.4152141511440277	0.3983989655971527	0.7280398011207581	0.00757391145452857	0.684563159942627	-0.03569847345352173	-0.1496257334947586	-2.4547061920166016	-0.8377580046653748	-0.48335713148117065	2.530726909637451	-0.2803986370563507	0.2617993950843811	2.443459987640381	0.8377580046653748	0.024966636672616005	1.7507520914077759	-0.6349102258682251	0.06989241391420364	-1.0949381589889526	0.2773790955543518	-1.10387122631073	-0.47617125511169434	-1.2033684253692627	-0.1582215130329132	1.314224123954773	-0.6021533012390137	0.6336874961853027	-3.4882068634033203	0.0	2.0325825214385986	-0.30282139778137207	-5.614696979522705	0.0	0.0	0.0	0.37407562136650085	-0.7445245981216431	0.3159463405609131	0.14500273764133453	-0.5240976810455322	-1.4380544424057007	0.6259500980377197	3.5080268383026123	-0.5433499813079834	1.47585129737854	0.48370957374572754	2.0188286304473877
-0.4354284703731537	-0.4189838469028473	0.4035544991493225	0.7268651127815247	0.010211228393018246	0.6856503486633301	-0.0380343534052372	-0.1288047879934311	-2.5475611686706543	-0.8377580046653748	-0.4252801537513733	2.5186140537261963	-0.34655359387397766	0.2617993950843811	2.443459987640381	0.8377580046653748	0.03389265760779381	1.7303954362869263	-0.6282471418380737	0.0676816776394844	-1.1053636074066162	0.25696009397506714	-1.0949677228927612	-0.42057913541793823	-1.2139394283294678	-0.13329675793647766	1.3221540451049805	-0.5714510083198547	1.4550731182098389	-4.515516757965088	0.0	3.5704686641693115	-1.836085319519043	-2.02295184135437	0.0	0.0	0.0	0.5369546413421631	-1.32884681224823	0.3251016139984131	-0.2864114046096802	-0.612679123878479	-0.9291902184486389	0.390470027923584	2.6741549968719482	-0.6019264459609985	1.242451786994934	0.40757060050964355	1.4705703258514404
-0.43710485100746155	-0.4237695038318634	0.41031530499458313	0.7249125838279724	0.012391237542033195	0.6875841021537781	-0.03970468044281006	-0.09142281115055084	-2.635326862335205	-0.8377580046653748	-0.3405383825302124	2.4572834968566895	-0.3613167107105255	0.2617993950843811	2.443459987640381	0.8377580046653748	0.04644482210278511	1.6975982189178467	-0.6219061613082886	0.05843595787882805	-1.1194453239440918	0.24021148681640625	-1.0882524251937866	-0.3692050576210022	-1.2274454832077026	-0.10852344334125519	1.3305269479751587	-0.5433304905891418	1.7957350015640259	-4.359740257263184	0.0	4.305788040161133	-3.0148983001708984	-0.43012574315071106	0.0	0.0	0.0	0.5072795152664185	-1.4934927225112915	0.18534064292907715	-0.5577458143234253	-0.7394015789031982	-0.7396187782287598	0.3000110387802124	2.3973493576049805	-0.7069051265716553	1.1700801849365234	0.4329174757003784	1.2698858976364136
-0.43973392248153687	-0.42887306213378906	0.4155304431915283	0.7232670783996582	0.013661572709679604	0.6892702579498291	-0.04006054252386093	-0.056975387036800385	-2.7219507694244385	-0.8377580046653748	-0.2530486285686493	2.3980181217193604	-0.3637586236000061	0.2617993950843811	2.443459987640381	0.8377580046653748	0.05418383702635765	1.6706557273864746	-0.6208335161209106	0.04537184536457062	-1.1349396705627441	0.2273753434419632	-1.0829672813415527	-0.32468515634536743	-1.242215633392334	-0.08649355173110962	1.3394707441329956	-0.5206555724143982	1.4035589694976807	-3.5590827465057373	0.0	3.590571880340576	-3.035461902618408	-0.48045292496681213	-0.45346543192863464	0.0	0.0	0.2964157462120056	-0.949329137802124	-0.15554428100585938	-0.5979633927345276	-0.8369028568267822	-0.5688939094543457	0.07809698581695557	1.9565455913543701	-0.7099330425262451	0.8753269910812378	0.4011005163192749	0.8580759167671204
-0.44106289744377136	-0.43436434864997864	0.4190067946910858	0.7227066159248352	0.01528615690767765	0.6899077296257019	-0.038588013499975204	-0.03528045117855072	-2.7776901721954346	-0.8377580046653748	-0.19691550731658936	2.335865020751953	-0.380534827709198	0.24366077780723572	2.443459987640381	0.8377580046653748	0.05830145254731178	1.6596250534057617	-0.628127932548523	0.03451742231845856	-1.152921438217163	0.21745572984218597	-1.0851285457611084	-0.2909432351589203	-1.2558428049087524	-0.07351036369800568	1.3465709686279297	-0.509007453918457	0.8886002898216248	-2.441161870956421	0.0	2.164997100830078	-3.002595901489258	-0.9146280288696289	-0.45043155550956726	0.0	0.0	0.2168533354997635	-0.24045705795288086	-0.5407124757766724	-0.4630054831504822	-0.8495718240737915	-0.4725378155708313	-0.2364814281463623	1.5024267435073853	-0.574105978012085	0.4897279739379883	0.24260878562927246	0.39708465337753296
-0.44107142090797424	-0.43994686007499695	0.42109331488609314	0.7232109308242798	0.017529822885990143	0.6894408464431763	-0.03646927326917648	-0.021431375294923782	-2.8195972442626953	-0.8377580046653748	-0.16644874215126038	2.27791428565979	-0.40034374594688416	0.2437821328639984	2.443459987640381	0.8377580046653748	0.0628579705953598	1.6610374450683594	-0.6424620151519775	0.026851626113057137	-1.1689225435256958	0.2084738314151764	-1.0924265384674072	-0.2645880877971649	-1.2651798725128174	-0.06690443307161331	1.3491750955581665	-0.5047721862792969	0.6041873693466187	-1.6424953937530518	0.0	1.1843554973602295	-3.007000684738159	-1.330713152885437	-0.7352277636528015	0.0	0.0	0.19180411100387573	0.2709716558456421	-0.8020475506782532	-0.3404395282268524	-0.65041184425354	-0.23604296147823334	-0.37567317485809326	1.0225623846054077	-0.3698587417602539	0.3835303783416748	0.03769397735595703	0.1902565360069275
-0.4408591389656067	-0.4448309540748596	0.42173728346824646	0.7244359850883484	0.018637103959918022	0.6881699562072754	-0.035600755363702774	-0.011112956330180168	-2.8433899879455566	-0.8377580046653748	-0.14954128861427307	2.2155849933624268	-0.4337633550167084	0.21425166726112366	2.443459987640381	0.8377580046653748	0.06597361713647842	1.6704639196395874	-0.6602098345756531	0.02089984156191349	-1.1789379119873047	0.20801401138305664	-1.1001554727554321	-0.250040739774704	-1.2706371545791626	-0.05816914886236191	1.348078727722168	-0.5013971924781799	0.40936338901519775	-1.0215520858764648	0.0	0.6633087992668152	-3.2193541526794434	-1.3856433629989624	-0.7888149619102478	0.0	0.0	0.1897921860218048	0.5272626876831055	-0.8322730660438538	-0.26462897658348083	-0.35609006881713867	-0.037804245948791504	-0.3883540630340576	0.6092302799224854	-0.17562806606292725	0.37792083621025085	-0.052747130393981934	0.18661916255950928
-0.440572053194046	-0.44828370213508606	0.4217914640903473	0.7262065410614014	0.019842149689793587	0.686296820640564	-0.03502810001373291	-0.005056839436292648	-2.860459327697754	-0.8377580046653748	-0.13991639018058777	2.1491401195526123	-0.45576947927474976	0.21222953498363495	2.443459987640381	0.8377580046653748	0.07044965773820877	1.6821279525756836	-0.6757529377937317	0.016266467049717903	-1.1831661462783813	0.20696166157722473	-1.1079607009887695	-0.2402188777923584	-1.2722049951553345	-0.0517875999212265	1.3470652103424072	-0.4973074197769165	0.17618533968925476	-0.5633234977722168	0.0	0.18710121512413025	-3.5633087158203125	-0.9039319753646851	-0.39786285161972046	0.0	0.0	0.20144712924957275	0.6574392318725586	-0.6907880306243896	-0.19576889276504517	-0.06402730941772461	-0.07322542369365692	-0.2530395984649658	0.4059184193611145	0.00317990779876709	0.24195370078086853	-0.008094310760498047	0.15062987804412842
-0.4402260184288025	-0.45070189237594604	0.42134302854537964	0.7285318970680237	0.02142963744699955	0.6837772130966187	-0.03508523106575012	-0.004065542947500944	-2.8659229278564453	-0.8377580046653748	-0.14205724000930786	2.0730526447296143	-0.46992063522338867	0.1983371526002884	2.443459987640381	0.8377580046653748	0.07403150200843811	1.6967614889144897	-0.6878413558006287	0.013069085776805878	-1.1814990043640137	0.20508499443531036	-1.1102770566940308	-0.23380400240421295	-1.270509958267212	-0.04849100112915039	1.347754955291748	-0.4953719973564148	0.02041555754840374	0.0007271766662597656	0.0	-0.27954840660095215	-4.110342025756836	-0.16208812594413757	-1.2346420288085938	0.0	0.0	0.16976016759872437	0.7823288440704346	-0.6389915943145752	-0.21156631410121918	0.18509626388549805	-0.09534880518913269	-0.09975433349609375	0.3617331385612488	0.14021992683410645	0.19494611024856567	0.08085966110229492	0.12745559215545654
-0.4398733973503113	-0.4530801475048065	0.4206654727458954	0.731213390827179	0.023270629346370697	0.6808106899261475	-0.03581340238451958	-0.00424021715298295	-2.8604302406311035	-0.8377580046653748	-0.1510983258485794	1.9847264289855957	-0.46225300431251526	0.16284385323524475	2.443459987640381	0.8377580046653748	0.07724006474018097	1.713421106338501	-0.7013126015663147	0.007803814951330423	-1.1757622957229614	0.20314770936965942	-1.1119508743286133	-0.22574955224990845	-1.2665961980819702	-0.04398975521326065	1.350299596786499	-0.49220919609069824	-0.16578912734985352	0.7791996002197266	0.0	-0.7472180128097534	-4.6920061111450195	0.4260227084159851	-2.1171531677246094	0.0	0.0	0.11870227754116058	0.9627461433410645	-0.6658896803855896	-0.2508927583694458	0.3240138292312622	-0.14497116208076477	-0.19018948078155518	0.37579089403152466	0.27863383293151855	0.16593468189239502	0.08491873741149902	0.18206685781478882
-0.4394832253456116	-0.45444074273109436	0.41942864656448364	0.7347190976142883	0.02493462711572647	0.676948606967926	-0.03615109249949455	-0.010697107762098312	-2.8347549438476562	-0.8377580046653748	-0.1719459593296051	1.8853724002838135	-0.45287972688674927	0.11365102231502533	2.443459987640381	0.8377580046653748	0.07877959311008453	1.7352713346481323	-0.7144769430160522	0.0030333756003528833	-1.1685384511947632	0.19928614795207977	-1.117884635925293	-0.21877236664295197	-1.2593646049499512	-0.041853614151477814	1.351151704788208	-0.48808932304382324	-0.25366559624671936	1.0184943675994873	0.0	-0.8847233057022095	-3.59533429145813	-0.049861520528793335	-1.9781513214111328	0.0	0.0	0.14452151954174042	0.9748578071594238	-0.5805566906929016	-0.23536860942840576	0.320473313331604	-0.2139616757631302	-0.34204721450805664	0.3537900745868683	0.3545314073562622	0.11728620529174805	-0.026217103004455566	0.2465769648551941
-0.4391707181930542	-0.45496562123298645	0.41867029666900635	0.7378650307655334	0.02597045712172985	0.673464834690094	-0.03641236945986748	-0.014386840164661407	-2.819690465927124	-0.8377580046653748	-0.18648725748062134	1.8409130573272705	-0.464247465133667	0.08371780067682266	2.443459987640381	0.8377580046653748	0.08302092552185059	1.752415418624878	-0.7245348691940308	-0.001610929612070322	-1.1629433631896973	0.19458924233913422	-1.1256327629089355	-0.21159794926643372	-1.2524149417877197	-0.03929830715060234	1.3492509126663208	-0.4823461174964905	-0.20432835817337036	0.3475666046142578	0.0	-0.6116960048675537	-0.39780139923095703	-0.9655184745788574	-0.7250797152519226	0.0	0.0	0.22946298122406006	0.8247584104537964	-0.4256516695022583	-0.2390630543231964	0.37349462509155273	-0.25932714343070984	-0.3245830535888672	0.38910210132598877	0.3733992576599121	0.15158429741859436	-0.06918907165527344	0.34228041768074036
-0.4389494061470032	-0.45462778210639954	0.41785481572151184	0.7411389350891113	0.027243128046393394	0.6697402596473694	-0.03767182305455208	-0.018870241940021515	-2.820852279663086	-0.8377580046653748	-0.1964138001203537	1.8694603443145752	-0.49150046706199646	0.08464783430099487	2.443459987640381	0.8377580046653748	0.08795811235904694	1.7682616710662842	-0.7315030097961426	-0.006529146805405617	-1.153598666191101	0.18891306221485138	-1.1308679580688477	-0.20320828258991241	-1.2444286346435547	-0.03579024225473404	1.348384141921997	-0.47439810633659363	-0.31143781542778015	-0.15274882316589355	0.0	-0.6926569938659668	1.4149367809295654	-1.4801158905029297	0.1577364206314087	0.0	0.0	0.23827087879180908	0.8951067924499512	-0.34818798303604126	-0.24681375920772552	0.5400002002716064	-0.3074016571044922	-0.22617876529693604	0.40331965684890747	0.4440426826477051	0.1566067337989807	-0.01767277717590332	0.4284478724002838
-0.43869268894195557	-0.45378047227859497	0.416620671749115	0.7451295256614685	0.02866007387638092	0.665153443813324	-0.03913531079888344	-0.02684435248374939	-2.8258004188537598	-0.8377580046653748	-0.21419353783130646	1.8975105285644531	-0.52345210313797	0.09002725780010223	2.443459987640381	0.8377580046653748	0.09255176037549973	1.788219690322876	-0.7384623885154724	-0.011483479291200638	-1.141343355178833	0.18229317665100098	-1.134679913520813	-0.19546516239643097	-1.2346532344818115	-0.03303403779864311	1.3485440015792847	-0.4652082026004791	-0.4746209979057312	-0.11553764343261719	0.0	-0.9807419180870056	1.1290311813354492	-1.2492262125015259	-0.5822630524635315	0.0	0.0	0.2289075404405594	1.0749667882919312	-0.19709616899490356	-0.21726831793785095	0.609123706817627	-0.3771696090698242	-0.30001699924468994	0.3233104944229126	0.5535900592803955	0.008406676352024078	0.006890296936035156	0.3849118947982788
-0.4384663701057434	-0.45280295610427856	0.4150947332382202	0.7496240139007568	0.0302093755453825	0.6600236892700195	-0.03898676112294197	-0.037855081260204315	-2.8254737854003906	-0.8377580046653748	-0.23564347624778748	1.9146215915679932	-0.5414695143699646	0.06135731190443039	2.443459987640381	0.8377580046653748	0.09711441397666931	1.8112603425979614	-0.7393868565559387	-0.01521987933665514	-1.129233717918396	0.17382627725601196	-1.1428686380386353	-0.1902758628129959	-1.2222850322723389	-0.035453975200653076	1.3486597537994385	-0.4590016305446625	-0.4101821184158325	-0.1429736614227295	0.0	-0.7258538007736206	0.9484171867370605	-0.7828861474990845	-0.87511146068573	0.0	0.0	0.20358505845069885	0.9647011756896973	0.0018671154975891113	-0.13320036232471466	0.49612224102020264	-0.3341883420944214	-0.42575597763061523	0.2094503492116928	0.5327284336090088	-0.1024964302778244	0.009208917617797852	0.2300858497619629
-0.4383745789527893	-0.4524298310279846	0.4141033887863159	0.7526787519454956	0.030993394553661346	0.6565228700637817	-0.03862881287932396	-0.0432516373693943	-2.831519365310669	-0.8377580046653748	-0.24322769045829773	1.9354472160339355	-0.5547675490379333	0.05502279847860336	2.443459987640381	0.8377580046653748	0.1006951630115509	1.8268077373504639	-0.7383877038955688	-0.016811493784189224	-1.121498465538025	0.16892564296722412	-1.1517101526260376	-0.18708714842796326	-1.2133440971374512	-0.037133894860744476	1.3489123582839966	-0.4560047686100006	-0.25435927510261536	-0.31365156173706055	0.0	-0.2931881546974182	0.9242415428161621	-0.4770204424858093	-0.09092763066291809	0.0	0.0	0.15887171030044556	0.7009893655776978	0.04535168409347534	-0.05405864119529724	0.32518208026885986	-0.24198777973651886	-0.4381030797958374	0.1329313963651657	0.412982702255249	-0.08869078010320663	-0.02675950527191162	0.155571848154068
-0.43836820125579834	-0.45177561044692993	0.4133831262588501	0.755205512046814	0.031225617974996567	0.6536493897438049	-0.03784399852156639	-0.04802945256233215	-2.838019847869873	-0.8377580046653748	-0.24737100303173065	1.9515912532806396	-0.560550332069397	0.057720206677913666	2.443459987640381	0.8377580046653748	0.10346928238868713	1.8392999172210693	-0.7375727891921997	-0.017382225021719933	-1.1162264347076416	0.1641467660665512	-1.1603927612304688	-0.18495860695838928	-1.205765724182129	-0.03900160640478134	1.347589373588562	-0.45277875661849976	-0.20595239102840424	-0.2824366092681885	0.0	-0.17013698816299438	0.6905198097229004	-0.21537244319915771	0.11149290949106216	0.0	0.0	0.13838616013526917	0.5443811416625977	0.03441572189331055	-0.025116419419646263	0.20463168621063232	-0.22988244891166687	-0.44319331645965576	0.09046271443367004	0.3454148769378662	-0.081646628677845	-0.12246966361999512	0.17942115664482117
-0.4383878707885742	-0.45103228092193604	0.412892609834671	0.7571396827697754	0.031168118119239807	0.6514700651168823	-0.036809761077165604	-0.051489733159542084	-2.8428168296813965	-0.8377580046653748	-0.2500331699848175	1.9630680084228516	-0.5633824467658997	0.05948251485824585	2.443459987640381	0.8377580046653748	0.10623060911893845	1.8485829830169678	-0.7370110750198364	-0.017816150560975075	-1.1133131980895996	0.15973034501075745	-1.1694378852844238	-0.18346863985061646	-1.1995275020599365	-0.040399760007858276	1.3440135717391968	-0.44882792234420776	-0.1542121171951294	-0.1801908016204834	0.0	-0.11558122932910919	0.4605978727340698	-0.15200674533843994	0.04908544942736626	0.0	0.0	0.11735912412405014	0.41378140449523926	0.020469725131988525	-0.026454729959368706	0.09313523769378662	-0.1931421458721161	-0.46452581882476807	0.04656501114368439	0.28333961963653564	-0.05840929225087166	-0.22552907466888428	0.20551607012748718
-0.4384104609489441	-0.45018625259399414	0.4125853478908539	0.7585285902023315	0.03061276488006115	0.6499453186988831	-0.03561664745211601	-0.05419793725013733	-2.8452274799346924	-0.8377580046653748	-0.251994252204895	1.9700151681900024	-0.5666306018829346	0.059683624655008316	2.443459987640381	0.8377580046653748	0.10816364735364914	1.855851173400879	-0.7367540001869202	-0.01844041422009468	-1.1125010251998901	0.15642108023166656	-1.1789737939834595	-0.1830960065126419	-1.1944321393966675	-0.04133797809481621	1.3385682106018066	-0.44455811381340027	-0.10997205972671509	-0.08475780487060547	0.0	-0.07192716002464294	0.24742484092712402	-0.1477941870689392	-0.01735985279083252	0.0	0.0	0.07707122713327408	0.29315948486328125	0.010660290718078613	-0.04626964032649994	0.0028014183044433594	-0.1373130828142166	-0.4707455635070801	-0.00804811716079712	0.21333098411560059	-0.047125667333602905	-0.2435833215713501	0.2000570297241211
-0.4384334683418274	-0.4494103193283081	0.4125005304813385	0.7592901587486267	0.029932795092463493	0.6491459012031555	-0.034528568387031555	-0.05588861554861069	-2.8462071418762207	-0.8377580046653748	-0.2529102563858032	1.9729650020599365	-0.5692942142486572	0.05878812074661255	2.443459987640381	0.8377580046653748	0.10931345820426941	1.860309362411499	-0.7365846633911133	-0.01966693624854088	-1.1132011413574219	0.15423782169818878	-1.188267707824707	-0.18379056453704834	-1.1909942626953125	-0.04228478670120239	1.3342702388763428	-0.4408256411552429	-0.0553349032998085	-0.043201446533203125	0.0	0.0032745301723480225	0.08573830127716064	-0.09942352771759033	-0.023062992841005325	0.0	0.0	0.055973976850509644	0.16608238220214844	0.0038176774978637695	-0.0214241910725832	-0.062215328216552734	-0.08089132606983185	-0.4717618227005005	-0.06011836230754852	0.13332366943359375	-0.05359454080462456	-0.16486048698425293	0.1600712537765503
-0.438477098941803	-0.4486443102359772	0.41251862049102783	0.7596989274024963	0.02909194491803646	0.6487575173377991	-0.0335417315363884	-0.05641133338212967	-2.8469555377960205	-0.8377580046653748	-0.2518632709980011	1.9734447002410889	-0.5706075429916382	0.0587611049413681	2.443459987640381	0.8377580046653748	0.11040260642766953	1.8624944686889648	-0.7366012930870056	-0.01929738186299801	-1.1149896383285522	0.1531854271888733	-1.1978442668914795	-0.18550074100494385	-1.1890991926193237	-0.04348175972700119	1.3319737911224365	-0.43815526366233826	-0.013077817857265472	-0.035506486892700195	0.0	0.07466040551662445	-0.01596212387084961	-0.024457275867462158	-0.004597380757331848	0.0	0.0	0.04893988370895386	0.06958246231079102	-0.006052851676940918	0.04017995670437813	-0.13879239559173584	-0.02596043050289154	-0.5904227495193481	-0.12043602764606476	0.0733792781829834	-0.06591547280550003	-0.10803639888763428	0.12689605355262756
-0.438546359539032	-0.4478379487991333	0.41264432668685913	0.7599411606788635	0.027607545256614685	0.6486230492591858	-0.03186539188027382	-0.056411728262901306	-2.8476274013519287	-0.8377580046653748	-0.24992384016513824	1.9723265171051025	-0.5702725052833557	0.058604225516319275	2.443459987640381	0.8377580046653748	0.11127105355262756	1.8630926609039307	-0.7368267774581909	-0.018059737980365753	-1.1187528371810913	0.15319940447807312	-1.211884617805481	-0.18860800564289093	-1.1880590915679932	-0.044921405613422394	1.3299487829208374	-0.4357497990131378	0.009582005441188812	-0.05266070365905762	0.0	0.14618895947933197	-0.08663833141326904	0.08848309516906738	0.0031715258955955505	0.0	0.0	0.03270450979471207	0.0003039836883544922	-0.02051442861557007	0.06210189312696457	-0.24296343326568604	0.01871436834335327	-0.8307009935379028	-0.20965002477169037	0.03367960453033447	-0.08652545511722565	-0.11193454265594482	0.10735169053077698
-0.4386793375015259	-0.4469928741455078	0.41283535957336426	0.7598351240158081	0.026086321100592613	0.6488969326019287	-0.030050646513700485	-0.05602805316448212	-2.849061965942383	-0.8377580046653748	-0.24601571261882782	1.969979166984558	-0.5670682191848755	0.058887965977191925	2.443459987640381	0.8377580046653748	0.11171078681945801	1.862506628036499	-0.7374218702316284	-0.016813306137919426	-1.1247081756591797	0.15393400192260742	-1.2310723066329956	-0.19388674199581146	-1.1877520084381104	-0.046942777931690216	1.3274964094161987	-0.4338611960411072	0.015208683907985687	-0.06952881813049316	0.0	0.20647309720516205	-0.13716816902160645	0.1688823103904724	0.03659501671791077	0.0	0.0	0.01095253974199295	-0.03915131092071533	-0.03932863473892212	0.04945988953113556	-0.3551304340362549	0.03541484475135803	-1.0292589664459229	-0.2741750478744507	0.004476308822631836	-0.10908982157707214	-0.14264583587646484	0.07876977324485779
-0.43884265422821045	-0.4462248682975769	0.41305461525917053	0.7596239447593689	0.02473469078540802	0.6492809057235718	-0.028178952634334564	-0.05580338090658188	-2.8504085540771484	-0.8377580046653748	-0.24166491627693176	1.9668397903442383	-0.5635172128677368	0.060068026185035706	2.443459987640381	0.8377580046653748	0.11170915514230728	1.861526608467102	-0.7383999228477478	-0.016081342473626137	-1.1329580545425415	0.15461599826812744	-1.2530549764633179	-0.1995750069618225	-1.187880039215088	-0.04928499832749367	1.3242429494857788	-0.4325990080833435	0.010368041694164276	-0.06837844848632812	0.0	0.21350309252738953	-0.17506182193756104	0.2018570899963379	0.05640657618641853	0.0	0.0	-0.011319667100906372	-0.06234943866729736	-0.05798637866973877	0.04912058264017105	-0.47701895236968994	0.02689547836780548	-1.3480156660079956	-0.23494921624660492	-0.021022558212280273	-0.11705830693244934	-0.1765221357345581	0.057002902030944824
-0.4390334486961365	-0.4455528259277344	0.4133131206035614	0.7593513131141663	0.02363545447587967	0.6497084498405457	-0.026570962741971016	-0.055613331496715546	-2.851797103881836	-0.8377580046653748	-0.23747558891773224	1.9629766941070557	-0.558993935585022	0.061144229024648666	2.443459987640381	0.8377580046653748	0.11125800013542175	1.8600126504898071	-0.739741325378418	-0.014848482795059681	-1.1437889337539673	0.15500982105731964	-1.2849929332733154	-0.20328471064567566	-1.1885929107666016	-0.05162511020898819	1.3204355239868164	-0.4315810799598694	0.0012254342436790466	-0.050950050354003906	0.0	0.18082298338413239	-0.2201467752456665	0.20355582237243652	-0.009387917816638947	0.0	0.0	-0.03731865435838699	-0.07972419261932373	-0.07331669330596924	0.06088456138968468	-0.5701631307601929	-0.01213066279888153	-1.6888231039047241	-0.11423975229263306	-0.04347562789916992	-0.10450072586536407	-0.1843184232711792	0.06545186042785645
-0.4392276704311371	-0.4449688494205475	0.4135846793651581	0.7589066624641418	0.0222594253718853	0.6503618359565735	-0.024396434426307678	-0.05575436353683472	-2.8524465560913086	-0.8377580046653748	-0.23443199694156647	1.9580339193344116	-0.5553749799728394	0.05969250947237015	2.443459987640381	0.8377580046653748	0.1102164089679718	1.858337640762329	-0.7413325905799866	-0.01364596001803875	-1.1557645797729492	0.15413077175617218	-1.3206079006195068	-0.20414459705352783	-1.1896190643310547	-0.05346502736210823	1.3168702125549316	-0.42998093366622925	0.0016815029084682465	-0.034105777740478516	0.0	0.15159770846366882	-0.2507805824279785	0.19313395023345947	-0.09957896173000336	0.0	0.0	-0.052433647215366364	-0.09201765060424805	-0.08008480072021484	0.07001636922359467	-0.5876034498214722	-0.038365647196769714	-1.678001880645752	-0.019697099924087524	-0.06293058395385742	-0.06237216293811798	-0.16820430755615234	0.10646581649780273
-0.43950268626213074	-0.4444575309753418	0.41388463973999023	0.7585549354553223	0.02113330364227295	0.6508634090423584	-0.022904565557837486	-0.055546071380376816	-2.853161334991455	-0.8377580046653748	-0.23141168057918549	1.9529454708099365	-0.5512685775756836	0.05716107040643692	2.443459987640381	0.8377580046653748	0.1091606542468071	1.8563319444656372	-0.7429447174072266	-0.012047828175127506	-1.1672930717468262	0.15347519516944885	-1.3521130084991455	-0.20407259464263916	-1.1911101341247559	-0.05411999672651291	1.3137073516845703	-0.4273224472999573	0.021853484213352203	-0.049757957458496094	0.0	0.16865357756614685	-0.2393484115600586	0.1945972442626953	-0.10639549791812897	0.0	0.0	-0.04928968846797943	-0.12527108192443848	-0.07762163877487183	0.15135468542575836	-0.5032181739807129	-0.009944289922714233	-1.2840181589126587	-0.018994510173797607	-0.0838935375213623	-0.021744240075349808	-0.15226006507873535	0.1316174864768982
-0.43987035751342773	-0.44396841526031494	0.4141131043434143	0.7582072615623474	0.02011626586318016	0.6513397097587585	-0.021771172061562538	-0.05488022416830063	-2.8544368743896484	-0.8377580046653748	-0.2276858538389206	1.9484599828720093	-0.5475910902023315	0.05543668940663338	2.443459987640381	0.8377580046653748	0.10824482142925262	1.8533267974853516	-0.7444374561309814	-0.007591772824525833	-1.1758933067321777	0.1537330001592636	-1.3719686269760132	-0.20490437746047974	-1.1929748058319092	-0.05433479696512222	1.3107798099517822	-0.4247162342071533	0.01644222065806389	-0.08738040924072266	0.0	0.19016005098819733	-0.2193540334701538	0.2053767442703247	-0.06394628435373306	0.0	0.0	-0.07681511342525482	-0.14326870441436768	-0.07281899452209473	0.15568172931671143	-0.392267107963562	0.0072449445724487305	-0.8158445358276367	-0.07620863616466522	-0.09729266166687012	-0.02084961161017418	-0.15115737915039062	0.11966004967689514
-0.44033992290496826	-0.4434693157672882	0.4143502116203308	0.7577943801879883	0.01906995289027691	0.6518895626068115	-0.02059595100581646	-0.05488838255405426	-2.856656551361084	-0.8377580046653748	-0.2238052785396576	1.9441713094711304	-0.5430535078048706	0.0546032190322876	2.443459987640381	0.8377580046653748	0.1060880497097969	1.8506011962890625	-0.7458574771881104	-0.005820558872073889	-1.1829837560653687	0.1537649929523468	-1.384746789932251	-0.20712094008922577	-1.1950018405914307	-0.054953981190919876	1.3076610565185547	-0.42253604531288147	-0.007751863449811935	-0.09339451789855957	0.0	0.17594508826732635	-0.21498501300811768	0.2039402723312378	-0.05089184269309044	0.0	0.0	-0.10545551776885986	-0.1384526491165161	-0.06725490093231201	0.08157216012477875	-0.3537863492965698	0.006844848394393921	-0.6225943565368652	-0.1301046460866928	-0.1082301139831543	-0.03890972584486008	-0.13342499732971191	0.09708032011985779
-0.44088655710220337	-0.44299471378326416	0.4146239757537842	0.7572591304779053	0.0177188441157341	0.6526002883911133	-0.01891290210187435	-0.055190298706293106	-2.858172655105591	-0.8377580046653748	-0.22064805030822754	1.9398605823516846	-0.539433479309082	0.05340101569890976	2.443459987640381	0.8377580046653748	0.10402660071849823	1.847788691520691	-0.7471276521682739	-0.004328886512666941	-1.1900447607040405	0.15400679409503937	-1.3968724012374878	-0.21010856330394745	-1.1973040103912354	-0.055891185998916626	1.3054428100585938	-0.420833021402359	-0.011852197349071503	-0.1015007495880127	0.0	0.16441605985164642	-0.20063817501068115	0.21136701107025146	-0.04440564662218094	0.0	0.0	-0.10087937116622925	-0.1433253288269043	-0.05746334791183472	0.05638303607702255	-0.36284327507019043	0.011939555406570435	-0.6170451641082764	-0.13196878135204315	-0.11813044548034668	-0.04275962710380554	-0.09507536888122559	0.08339881896972656
-0.4415164589881897	-0.44250771403312683	0.41492918133735657	0.7569614052772522	0.016868244856595993	0.6529962420463562	-0.017919300124049187	-0.05536247044801712	-2.8607165813446045	-0.8377580046653748	-0.21722863614559174	1.9361457824707031	-0.5345988273620605	0.05282699316740036	2.443459987640381	0.8377580046653748	0.10205287486314774	1.8448681831359863	-0.7481560111045837	-0.0035652373917400837	-1.1974974870681763	0.15424257516860962	-1.409428596496582	-0.2123996913433075	-1.1997270584106445	-0.0566643662750721	1.3038580417633057	-0.4192000925540924	-0.0012582167983055115	-0.0933527946472168	0.0	0.1530468463897705	-0.1873403787612915	0.21177083253860474	-0.011945981532335281	0.0	0.0	-0.09690970182418823	-0.13594329357147217	-0.05059540271759033	0.0477973036468029	-0.4148423671722412	0.004200264811515808	-0.8459955453872681	-0.062020495533943176	-0.1231759786605835	-0.02243034541606903	-0.050634145736694336	0.08191093802452087
-0.44222450256347656	-0.44223758578300476	0.4152003228664398	0.7566522359848022	0.015684695914387703	0.6534137725830078	-0.016789931803941727	-0.05524062737822533	-2.8619067668914795	-0.8377580046653748	-0.21452617645263672	1.932366967201233	-0.5309626460075378	0.05292317643761635	2.443459987640381	0.8377580046653748	0.1001502126455307	1.842350959777832	-0.7491514682769775	-0.002416994422674179	-1.2066384553909302	0.1541748046875	-1.4307122230529785	-0.21258938312530518	-1.2022310495376587	-0.05678839981555939	1.303417444229126	-0.4175565838813782	-0.007220171391963959	-0.06336569786071777	0.0	0.10978095233440399	-0.1654982566833496	0.15346109867095947	-0.026080943644046783	0.0	0.0	-0.08953548967838287	-0.10424256324768066	-0.04582703113555908	0.04538670927286148	-0.4503965377807617	-0.04855729639530182	-1.0670661926269531	0.06658434867858887	-0.11439919471740723	-0.0043907202780246735	-0.026535987854003906	0.09863004088401794
-0.4430045485496521	-0.4419432282447815	0.41548603773117065	0.7566580176353455	0.015065002255141735	0.6534397006034851	-0.01607946678996086	-0.05565127730369568	-2.863251209259033	-0.8377580046653748	-0.21283739805221558	1.9295258522033691	-0.5284603834152222	0.05178375542163849	2.443459987640381	0.8377580046653748	0.09847145527601242	1.840698480606079	-0.7499890923500061	-0.0017497690860182047	-1.2155133485794067	0.15230028331279755	-1.4521112442016602	-0.20973631739616394	-1.2043030261993408	-0.056839995086193085	1.3027966022491455	-0.4152548909187317	-0.033424049615859985	-0.08383989334106445	0.0	0.07738731801509857	-0.1114875078201294	0.11665970087051392	-0.03513069823384285	0.0	0.0	-0.08927341550588608	-0.07129013538360596	-0.04202723503112793	0.03295477479696274	-0.36988556385040283	-0.09409412741661072	-0.801965594291687	0.1570325344800949	-0.10114610195159912	0.00418471172451973	-0.02581179141998291	0.12991279363632202
-0.4438740015029907	-0.44160088896751404	0.41571617126464844	0.75682133436203	0.014596421271562576	0.6532782316207886	-0.015363036654889584	-0.056577589362859726	-2.865260362625122	-0.8377580046653748	-0.21143068373203278	1.9279074668884277	-0.5262962579727173	0.051517948508262634	2.443459987640381	0.8377580046653748	0.09657927602529526	1.8394993543624878	-0.7508325576782227	-0.0010988034773617983	-1.2214338779449463	0.15041103959083557	-1.462790846824646	-0.20630808174610138	-1.2062768936157227	-0.0566210113465786	1.3023849725723267	-0.4123600721359253	-0.0593084841966629	-0.13933777809143066	0.0	0.06998404860496521	-0.02562403678894043	0.1106157898902893	0.041359011083841324	0.0	0.0	-0.09845439344644547	-0.044927000999450684	-0.016261637210845947	0.020054224878549576	-0.21542012691497803	-0.08698590099811554	-0.29842257499694824	0.0921688973903656	-0.1050114631652832	0.03251340240240097	-0.005546212196350098	0.1833513379096985
-0.4448546767234802	-0.44112569093704224	0.4159218668937683	0.7572751045227051	0.013790123164653778	0.6527862548828125	-0.014646952971816063	-0.058023616671562195	-2.8688247203826904	-0.8377580046653748	-0.21003803610801697	1.9285008907318115	-0.5240357518196106	0.05343811586499214	2.443459987640381	0.8377580046653748	0.0945332795381546	1.838901400566101	-0.7506395578384399	-0.000947600114159286	-1.2241301536560059	0.14882084727287292	-1.464048147201538	-0.20604956150054932	-1.2085034847259521	-0.055539458990097046	1.3025747537612915	-0.40792083740234375	-0.07849419116973877	-0.19361376762390137	0.0	0.055950507521629333	0.06362795829772949	0.10667890310287476	0.11529019474983215	0.0	0.0	-0.10423343628644943	-0.017514824867248535	0.04499107599258423	0.01918686367571354	-0.12761056423187256	-0.059176236391067505	-0.06095767021179199	-0.011363252997398376	-0.11636912822723389	0.07676137983798981	0.021651387214660645	0.2572596073150635
-0.44593778252601624	-0.4406343698501587	0.41608360409736633	0.7578102350234985	0.013374293223023415	0.6521815061569214	-0.014288690872490406	-0.05971735715866089	-2.873004913330078	-0.8377580046653748	-0.2091926634311676	1.930452585220337	-0.5220291018486023	0.05612955614924431	2.443459987640381	0.8377580046653748	0.09240993857383728	1.8387987613677979	-0.7490329146385193	-0.00033132891985587776	-1.2265383005142212	0.14804399013519287	-1.4652291536331177	-0.20676261186599731	-1.210931658744812	-0.05355055630207062	1.303251028060913	-0.40206968784332275	-0.09171348065137863	-0.22772550582885742	0.0	0.029472261667251587	0.13123154640197754	0.10923147201538086	0.12207412719726562	0.0	0.0	-0.10839886963367462	0.005701184272766113	0.09513199329376221	0.06793863326311111	-0.1163780689239502	-0.04076547920703888	-0.09018480777740479	-0.015011057257652283	-0.12055635452270508	0.0971856564283371	0.07628202438354492	0.29281824827194214
-0.44712188839912415	-0.44023165106773376	0.4161545932292938	0.7588775157928467	0.012911193072795868	0.6509568691253662	-0.013917513191699982	-0.06169215589761734	-2.8779337406158447	-0.8377580046653748	-0.2088591456413269	1.9337501525878906	-0.5196664929389954	0.05832108110189438	2.443459987640381	0.8377580046653748	0.09019732475280762	1.8391294479370117	-0.7468342781066895	0.0017699451418593526	-1.2287852764129639	0.14719022810459137	-1.4676555395126343	-0.2066500037908554	-1.2133257389068604	-0.051652032881975174	1.3056260347366333	-0.39620810747146606	-0.11948402971029282	-0.2790987491607666	0.0	0.00715404748916626	0.19628405570983887	0.11820495128631592	0.1058909147977829	0.0	0.0	-0.12457743287086487	0.04042387008666992	0.11833459138870239	0.10067415237426758	-0.1058727502822876	-0.06268918514251709	-0.10633468627929688	0.018530339002609253	-0.11170804500579834	0.0817837193608284	0.12877583503723145	0.27633607387542725
-0.44839924573898315	-0.43983423709869385	0.41616883873939514	0.7597137689590454	0.012567994184792042	0.6499939560890198	-0.013614014722406864	-0.0644967183470726	-2.884168863296509	-0.8377580046653748	-0.20890650153160095	1.9383039474487305	-0.5173009037971497	0.06036519259214401	2.443459987640381	0.8377580046653748	0.08742684125900269	1.8404157161712646	-0.7442995309829712	0.0036956374533474445	-1.2307732105255127	0.1455364227294922	-1.4694825410842896	-0.20602139830589294	-1.215399980545044	-0.05027920752763748	1.3084020614624023	-0.39101624488830566	-0.16520395874977112	-0.3525853157043457	0.0	-0.0057443976402282715	0.26695430278778076	0.12945234775543213	0.1501217484474182	0.0	0.0	-0.15813447535037994	0.09975433349609375	0.09340494871139526	0.008150774985551834	-0.09433925151824951	-0.09277760982513428	-0.1040339469909668	0.04519857466220856	-0.09365677833557129	0.05117524415254593	0.13532042503356934	0.23437216877937317
-0.449754536151886	-0.43945544958114624	0.41615068912506104	0.7607133984565735	0.012343961745500565	0.6488354802131653	-0.013240592554211617	-0.06830031424760818	-2.8920371532440186	-0.8377580046653748	-0.20908892154693604	1.9444283246994019	-0.5144883990287781	0.06432595103979111	2.443459987640381	0.8377580046653748	0.08387194573879242	1.8431196212768555	-0.7430980801582336	0.002095976145938039	-1.2325588464736938	0.143479123711586	-1.471816897392273	-0.20484206080436707	-1.2170720100402832	-0.04960502311587334	1.311038851737976	-0.38683322072029114	-0.22038352489471436	-0.40888190269470215	0.0	-0.018573179841041565	0.3101527690887451	0.13391077518463135	0.22202712297439575	0.0	0.0	-0.2078380435705185	0.14150142669677734	0.02348273992538452	-0.16586367785930634	-0.11489391326904297	-0.12493208050727844	-0.20495355129241943	0.07644295692443848	-0.0885993242263794	0.009565986692905426	0.12821555137634277	0.18526241183280945
-0.45120471715927124	-0.43906694650650024	0.41617605090141296	0.7623952627182007	0.012175912968814373	0.6468786597251892	-0.01239600870758295	-0.07331205904483795	-2.900524139404297	-0.8377580046653748	-0.20964942872524261	1.9507100582122803	-0.5119444727897644	0.06924627721309662	2.443459987640381	0.8377580046653748	0.07911331951618195	1.8460757732391357	-0.7433602213859558	-0.0029389099217951298	-1.2353689670562744	0.14053913950920105	-1.4776806831359863	-0.2029636800289154	-1.2189439535140991	-0.049896568059921265	1.313530683517456	-0.3836057484149933	-0.2541484236717224	-0.41535496711730957	1.4901161193847656e-06	-0.025697052478790283	0.3285914659500122	0.1188918948173523	0.24689418077468872	0.0	-1.4901161193847656e-06	-0.1866346299648285	0.16948580741882324	-0.01804828643798828	-0.21050800383090973	-0.16296803951263428	-0.18262788653373718	-0.3737419843673706	0.11367052793502808	-0.06244778633117676	-0.037490855902433395	0.06361305713653564	0.15597417950630188
-0.4526921808719635	-0.43851733207702637	0.41612839698791504	0.7638472318649292	0.012106364592909813	0.6451823711395264	-0.011437873356044292	-0.0784662514925003	-2.908651351928711	-0.83775794506073	-0.21011680364608765	1.9575719833374023	-0.509732723236084	0.07420171797275543	2.443459987640381	0.83775794506073	0.0764065608382225	1.8498990535736084	-0.7438200116157532	-0.006324343848973513	-1.2390775680541992	0.1361740082502365	-1.4867665767669678	-0.20029523968696594	-1.2195699214935303	-0.05110465735197067	1.3135833740234375	-0.38059425354003906	-0.2700280547142029	-0.43332576751708984	0.0	-0.020997226238250732	0.36500394344329834	0.1085236668586731	0.25335419178009033	0.0	0.0	-0.14951638877391815	0.1804351806640625	-0.02276897430419922	-0.14574050903320312	-0.2042233943939209	-0.23487582802772522	-0.4996836185455322	0.14768578112125397	-0.04482567310333252	-0.06190035492181778	0.014156103134155273	0.1544564962387085
-0.45428112149238586	-0.43795669078826904	0.4160665273666382	0.765354335308075	0.012208838015794754	0.6434076428413391	-0.010510293766856194	-0.08411318063735962	-2.9178571701049805	-0.8377580046653748	-0.21048931777477264	1.9653102159500122	-0.5076035261154175	0.07938044518232346	2.443459987640381	0.8377580046653748	0.07313266396522522	1.8532931804656982	-0.7442709803581238	-0.008768530562520027	-1.2435379028320312	0.13114410638809204	-1.4976680278778076	-0.19705624878406525	-1.2207369804382324	-0.052372582256793976	1.3140969276428223	-0.37742748856544495	-0.3023475408554077	-0.46480894088745117	0.0	-0.04418082535266876	0.38064122200012207	0.12091398239135742	0.25100094079971313	0.0	0.0	-0.18564853072166443	0.1887202262878418	-0.041709840297698975	-0.17907223105430603	-0.22295117378234863	-0.2438027411699295	-0.551372766494751	0.1292988657951355	-0.053817033767700195	-0.04979800432920456	-0.006762146949768066	0.18445849418640137
-0.4559438228607178	-0.43744924664497375	0.4160436987876892	0.7669338583946228	0.012292512692511082	0.6415389776229858	-0.009440943598747253	-0.09056015312671661	-2.927243709564209	-0.83775794506073	-0.2118840366601944	1.9727976322174072	-0.5048961639404297	0.08424175530672073	2.443459987640381	0.83775794506073	0.0689806193113327	1.857447862625122	-0.7454884052276611	-0.013487232849001884	-1.2479956150054932	0.12642189860343933	-1.5088214874267578	-0.19512328505516052	-1.2217226028442383	-0.053096577525138855	1.3133128881454468	-0.373215913772583	-0.34560859203338623	-0.5041360855102539	0.0	-0.07978864014148712	0.37423670291900635	0.15934109687805176	0.20885616540908813	0.0	0.0	-0.24224799871444702	0.19065141677856445	0.07301867008209229	-0.1576937437057495	-0.22209882736206055	-0.23242197930812836	-0.587010383605957	0.04063323140144348	-0.04960000514984131	-0.03115953877568245	-0.06269514560699463	0.22873058915138245
-0.45770636200904846	-0.4369136095046997	0.4160884916782379	0.7684804201126099	0.012347569689154625	0.6397010684013367	-0.008250661194324493	-0.09793752431869507	-2.9380226135253906	-0.8377580046653748	-0.21368086338043213	1.9802796840667725	-0.5012298822402954	0.08773469179868698	2.443459987640381	0.8377580046653748	0.06344274431467056	1.8609192371368408	-0.7413502335548401	-0.015076280571520329	-1.2524218559265137	0.1218472272157669	-1.521148443222046	-0.1954309195280075	-1.222720980644226	-0.053618963807821274	1.3115891218185425	-0.36827826499938965	-0.37979185581207275	-0.5225539207458496	-1.4901161193847656e-06	-0.08557997643947601	0.36449432373046875	0.17091557383537292	0.14793090522289276	0.0	1.4901161193847656e-06	-0.25083011388778687	0.1696765422821045	0.16325712203979492	-0.07448676228523254	-0.2055644989013672	-0.22202861309051514	-0.5502551794052124	-0.11824965476989746	-0.04265904426574707	-0.05376609042286873	-0.1285344362258911	0.24076402187347412
-0.459526389837265	-0.4362097382545471	0.41605210304260254	0.7700455188751221	0.012505537830293179	0.6378310918807983	-0.006724572274833918	-0.10575182735919952	-2.948145866394043	-0.8377580046653748	-0.21530723571777344	1.987377405166626	-0.49805954098701477	0.09015899151563644	2.443459987640381	0.8377580046653748	0.05894741415977478	1.8642349243164062	-0.7389581203460693	-0.01646670326590538	-1.2562181949615479	0.11754075437784195	-1.5308316946029663	-0.19985327124595642	-1.2234289646148682	-0.055247221142053604	1.3081715106964111	-0.36358535289764404	-0.41591301560401917	-0.5048394203186035	0.0	-0.07976144552230835	0.3497183322906494	0.1295715570449829	0.12140292674303055	0.0	0.0	-0.23543760180473328	0.155562162399292	0.09839683771133423	-0.0537073016166687	-0.1697540283203125	-0.20527802407741547	-0.3902524709701538	-0.341903418302536	-0.033086538314819336	-0.12638279795646667	-0.21131634712219238	0.19505992531776428
-0.4614013433456421	-0.4354110360145569	0.4158988893032074	0.7715224623680115	0.012959971092641354	0.6360517740249634	-0.004872768186032772	-0.11457404494285583	-2.9582161903381348	-0.8377580046653748	-0.21687132120132446	1.9942684173583984	-0.4960470199584961	0.0925908088684082	2.443459987640381	0.8377580046653748	0.05402524024248123	1.8671417236328125	-0.7374143600463867	-0.017224572598934174	-1.2592120170593262	0.11363610625267029	-1.536758542060852	-0.20910705626010895	-1.2240444421768188	-0.05867427587509155	1.3031364679336548	-0.3604758679866791	-0.4511168301105499	-0.5048215389251709	0.0	-0.06328187882900238	0.33468008041381836	0.06213188171386719	0.12390017509460449	0.0	0.0	-0.24984461069107056	0.12412667274475098	0.06946176290512085	-0.029531866312026978	-0.13367831707000732	-0.18446706235408783	-0.17152726650238037	-0.5843192338943481	-0.027230381965637207	-0.2151162326335907	-0.25500059127807617	0.09642913937568665
-0.4633062481880188	-0.43454253673553467	0.41562801599502563	0.7727848887443542	0.013452772051095963	0.6345188021659851	-0.0028972842264920473	-0.1237965002655983	-2.96833872795105	-0.8377580046653748	-0.21783851087093353	2.0007646083831787	-0.4955742657184601	0.09511499851942062	2.443459987640381	0.8377580046653748	0.04895363003015518	1.8691999912261963	-0.7361796498298645	-0.01764797791838646	-1.2615653276443481	0.11016207188367844	-1.5376927852630615	-0.22322604060173035	-1.2245181798934937	-0.06385187059640884	1.297971487045288	-0.3597281873226166	-0.4812009632587433	-0.5293846130371094	0.0	-0.030511245131492615	0.33432841300964355	0.005485117435455322	0.14052316546440125	0.0	0.0	-0.26853159070014954	0.08948445320129395	0.06531476974487305	-0.014368491247296333	-0.09860992431640625	-0.1876564621925354	0.08372068405151367	-0.8545223474502563	-0.029662251472473145	-0.3080761134624481	-0.23601651191711426	-0.021982192993164062
-0.46525904536247253	-0.43349194526672363	0.4151989221572876	0.7738847136497498	0.013874635100364685	0.6331743001937866	-0.0007657248061150312	-0.13382208347320557	-2.979391574859619	-0.8377580046653748	-0.21809177100658417	2.007641553878784	-0.4958276152610779	0.09821173548698425	2.443459987640381	0.8377580046653748	0.04328397661447525	1.8707211017608643	-0.7348017692565918	-0.017799312248826027	-1.2631564140319824	0.10612984746694565	-1.5334097146987915	-0.24328795075416565	-1.2252309322357178	-0.07099732011556625	1.2936958074569702	-0.36135515570640564	-0.49459022283554077	-0.6339550018310547	0.0	0.02184361219406128	0.3888368606567383	0.031048059463500977	0.19744522869586945	0.0	0.0	-0.30253809690475464	0.07776021957397461	0.07766187191009521	-0.025783199816942215	0.03215670585632324	-0.2549517750740051	0.4258692264556885	-1.041749119758606	0.031203031539916992	-0.35090315341949463	-0.24988651275634766	-0.10904520750045776
-0.467184841632843	-0.43242210149765015	0.4144045114517212	0.7746869325637817	0.014097956009209156	0.6321869492530823	0.0011580722639337182	-0.1435801088809967	-2.993696928024292	-0.8377580046653748	-0.21696476638317108	2.0163180828094482	-0.49433234333992004	0.1030128076672554	2.443459987640381	0.8377580046653748	0.03685210645198822	1.8723104000091553	-0.7330731749534607	-0.018679305911064148	-1.2602790594100952	0.09996400028467178	-1.520658016204834	-0.2648960053920746	-1.223270058631897	-0.07788799703121185	1.2879760265350342	-0.3640899956226349	-0.512803316116333	-0.7666230201721191	0.0	0.027713552117347717	0.4781663417816162	0.02665892243385315	0.1996837556362152	0.0	0.0	-0.3379352390766144	0.09689927101135254	0.05887746810913086	-0.0015724916011095047	0.13393163681030273	-0.369735985994339	0.7065057754516602	-1.111145257949829	0.05881190299987793	-0.36606061458587646	-0.2928614616394043	-0.1741178333759308
-0.4692126214504242	-0.4312984347343445	0.4134634733200073	0.7754923105239868	0.014151747338473797	0.6311920285224915	0.0028556797187775373	-0.15433421730995178	-3.010056495666504	-0.8377580046653748	-0.21698322892189026	2.026768207550049	-0.49476125836372375	0.10619908571243286	2.443459987640381	0.8377580046653748	0.029766567051410675	1.8745970726013184	-0.7324466705322266	-0.017862211912870407	-1.2577991485595703	0.09134040772914886	-1.505149483680725	-0.2877337634563446	-1.2228784561157227	-0.08563974499702454	1.281981348991394	-0.36831986904144287	-0.46307072043418884	-0.7638275623321533	0.0	0.040172040462493896	0.43732523918151855	0.06309673190116882	0.2012668251991272	0.0	0.0	-0.354320228099823	0.0536799430847168	0.07066726684570312	0.020931940525770187	0.10575652122497559	-0.44328925013542175	0.5984961986541748	-1.0460890531539917	-0.04734992980957031	-0.31784212589263916	-0.1918703317642212	-0.1651756465435028
-0.47126609086990356	-0.4303036630153656	0.41281411051750183	0.7759900093078613	0.01394226960837841	0.6305785179138184	0.004008393734693527	-0.16210293769836426	-3.024250030517578	-0.8377580046653748	-0.21535788476467133	2.033811092376709	-0.4918084740638733	0.11106348037719727	2.443459987640381	0.8377580046653748	0.022679297253489494	1.874457597732544	-0.7302464842796326	-0.01784202829003334	-1.2560487985610962	0.08223243057727814	-1.496718168258667	-0.30673956871032715	-1.2251640558242798	-0.09060168266296387	1.2803012132644653	-0.370697021484375	-0.36541223526000977	-0.7645249366760254	0.0	0.0735558569431305	0.38172006607055664	0.2122536301612854	0.32753869891166687	0.0	0.0	-0.3849998116493225	-0.0034987926483154297	0.18254518508911133	-0.015095295384526253	0.01755058765411377	-0.37719160318374634	0.1534879207611084	-0.9169257879257202	-0.1474320888519287	-0.18527117371559143	-0.03514885902404785	-0.09455382823944092
-0.4733777642250061	-0.4293403625488281	0.4120281934738159	0.7766240835189819	0.012790658511221409	0.6298178434371948	0.004576255101710558	-0.16895070672035217	-3.040637493133545	-0.8377580046653748	-0.21404099464416504	2.042037010192871	-0.48627111315727234	0.11930063366889954	2.443459987640381	0.8377580046653748	0.014366574585437775	1.8744571208953857	-0.7251448631286621	-0.018466023728251457	-1.2570971250534058	0.07625274360179901	-1.4990099668502808	-0.3244107961654663	-1.2287757396697998	-0.09305059164762497	1.2805753946304321	-0.3721020221710205	-0.27771517634391785	-0.6523370742797852	0.0	0.0682685524225235	0.2880275249481201	0.21621882915496826	0.3501761555671692	0.0	0.0	-0.34489020705223083	-0.030601024627685547	0.25482177734375	-0.025347433984279633	-0.17718374729156494	-0.3231242299079895	-0.3488481044769287	-0.5713753700256348	-0.17600059509277344	-0.052032992243766785	0.0017285346984863281	0.031034648418426514
-0.4754674434661865	-0.42864975333213806	0.41183969378471375	0.7771336436271667	0.01200858037918806	0.6292030811309814	0.004746660124510527	-0.17321154475212097	-3.0503435134887695	-0.8377580046653748	-0.21262714266777039	2.045332193374634	-0.48315972089767456	0.12507052719593048	2.443459987640381	0.8377580046653748	0.008883689530193806	1.8732335567474365	-0.7200536131858826	-0.018855925649404526	-1.2631361484527588	0.06930746138095856	-1.5106720924377441	-0.32959458231925964	-1.2322040796279907	-0.09268300235271454	1.2803703546524048	-0.36945563554763794	-0.17620474100112915	-0.44118165969848633	0.0	0.09964443743228912	0.1139521598815918	0.24517551064491272	0.33877456188201904	0.0	0.0	-0.23254118859767914	-0.0914454460144043	0.29305070638656616	-0.05997191369533539	-0.3986060619354248	-0.320985347032547	-0.7808923721313477	0.012581795454025269	-0.18642544746398926	0.0706605613231659	0.0021398067474365234	0.20819082856178284
-0.4775841236114502	-0.4281127154827118	0.41210854053497314	0.7776889204978943	0.011424260213971138	0.6285272240638733	0.004806755110621452	-0.17599889636039734	-3.0582847595214844	-0.8377580046653748	-0.21005521714687347	2.0465950965881348	-0.47646409273147583	0.13285161554813385	2.443459987640381	0.8377580046653748	0.005064926575869322	1.8707993030548096	-0.7134228348731995	-0.020864900201559067	-1.2730413675308228	0.06341332942247391	-1.5302456617355347	-0.3239075243473053	-1.2362327575683594	-0.09022416919469833	1.2806609869003296	-0.3637743890285492	-0.06795525550842285	-0.26950836181640625	0.0	0.1447029411792755	0.03718733787536621	0.25080665946006775	0.411784291267395	0.0	0.0	-0.1407822221517563	-0.16611218452453613	0.24066269397735596	0.2243923544883728	-0.4413992166519165	-0.21823681890964508	-0.9645849466323853	0.480477511882782	-0.21040737628936768	0.1450309455394745	0.06168186664581299	0.27957260608673096
-0.4797199070453644	-0.42771026492118835	0.41227293014526367	0.7787402272224426	0.010788374580442905	0.6272388100624084	0.004367329180240631	-0.17592975497245789	-3.061123847961426	-0.8377580046653748	-0.20683902502059937	2.0468196868896484	-0.47312745451927185	0.14154189825057983	2.443459987640381	0.8377580046653748	0.0032524005509912968	1.866589069366455	-0.7104271054267883	-0.009880231693387032	-1.2807921171188354	0.060577988624572754	-1.5492554903030396	-0.31037548184394836	-1.2406203746795654	-0.08688176423311234	1.2828376293182373	-0.3582727313041687	0.023662671446800232	-0.06099343299865723	0.0	0.10272487998008728	-0.03744959831237793	-0.006711483001708984	0.35941675305366516	0.0	0.0	-0.08063213527202606	-0.16411542892456055	0.1847878098487854	0.4077298045158386	-0.3076523542404175	-0.08670836687088013	-0.710064172744751	0.6419204473495483	-0.21073222160339355	0.20596943795681	0.13589560985565186	0.28851404786109924
-0.48183774948120117	-0.4274004101753235	0.4126010537147522	0.7799260020256042	0.009751918725669384	0.6257872581481934	0.003280144650489092	-0.17505238950252533	-3.0607244968414307	-0.8377580046653748	-0.20594622194766998	2.0450971126556396	-0.4767325520515442	0.14722828567028046	2.443459987640381	0.8377580046653748	0.001839641248807311	1.8642346858978271	-0.706031322479248	-0.004555707331746817	-1.2853474617004395	0.0599449947476387	-1.5586482286453247	-0.29823070764541626	-1.2446620464324951	-0.08198539167642593	1.2860968112945557	-0.3522338271141052	0.15734732151031494	0.037026405334472656	0.0	0.03272406756877899	-0.08959770202636719	-0.11663660407066345	0.26627296209335327	0.0	0.0	-0.033786289393901825	-0.11025667190551758	0.20797699689865112	0.21337535977363586	-0.17952024936676025	0.043056998401880264	-0.39890408515930176	0.5181401968002319	-0.23825764656066895	0.35066846013069153	0.25255680084228516	0.3580853343009949
-0.48402559757232666	-0.4273536801338196	0.41338297724723816	0.7813855409622192	0.007983424700796604	0.6239968538284302	0.0009208851843141019	-0.1696358621120453	-3.059642791748047	-0.8377580046653748	-0.2055300623178482	2.0432357788085938	-0.4777929186820984	0.15219281613826752	2.443459987640381	0.8377580046653748	0.0019009490497410297	1.8621788024902344	-0.7021080255508423	-0.0013452167622745037	-1.2879729270935059	0.062300268560647964	-1.5652116537094116	-0.2896498739719391	-1.2501506805419922	-0.07285502552986145	1.2929399013519287	-0.3439493179321289	0.671830415725708	0.10184645652770996	0.0	-0.09090639650821686	0.027006864547729492	0.038836151361465454	0.27756914496421814	0.0	0.0	0.15496774017810822	0.06821751594543457	0.11259615421295166	0.33190828561782837	0.008785724639892578	0.26073789596557617	-0.30370354652404785	0.8041143417358398	-0.3924727439880371	0.8352928161621094	0.5846381187438965	0.44725537300109863
-0.4864555597305298	-0.4280724823474884	0.41459864377975464	0.7851334810256958	0.0022846704814583063	0.6192805767059326	-0.007206116337329149	-0.14817917346954346	-3.0566506385803223	-0.8377580046653748	-0.20958247780799866	2.046177387237549	-0.47517910599708557	0.15833105146884918	2.443459987640381	0.8377580046653748	0.008038351312279701	1.8669633865356445	-0.70152747631073	0.008720623329281807	-1.2849960327148438	0.0703745111823082	-1.5707963705062866	-0.26606613397598267	-1.2603609561920166	-0.048573680222034454	1.3094823360443115	-0.3343436121940613	1.50503408908844	0.29699206352233887	0.0	-0.30992591381073	0.1569986343383789	0.1212388277053833	0.24887770414352417	0.0	0.0	0.3924770653247833	0.4014641046524048	0.02196282148361206	0.2800377607345581	0.4045724868774414	0.5774433612823486	0.18851757049560547	1.5482969284057617	-0.3937333822250366	1.4438506364822388	0.7368266582489014	-0.006142258644104004
-0.4889822006225586	-0.42894020676612854	0.416507363319397	0.7902961373329163	-0.008358493447303772	0.6122907996177673	-0.021501976996660233	-0.10943450033664703	-3.0477631092071533	-0.8377580046653748	-0.21792709827423096	2.049515724182129	-0.47294336557388306	0.16214792430400848	2.443459987640381	0.8377580046653748	0.017600031569600105	1.8782373666763306	-0.7012295126914978	0.00985629390925169	-1.2717900276184082	0.08539800345897675	-1.5576709508895874	-0.22771799564361572	-1.2659000158309937	-0.015100999735295773	1.3224129676818848	-0.34419500827789307	2.6650209426879883	0.667107105255127	0.0	-0.5057841539382935	0.19496679306030273	0.024888664484024048	0.2467375248670578	0.0	0.0	0.671769917011261	0.727689266204834	0.16351044178009033	-0.11675409972667694	1.0353118181228638	1.3096816539764404	0.9803146123886108	2.096341848373413	-0.05882382392883301	2.1459217071533203	0.917285680770874	-0.9049311280250549
-0.4916161298751831	-0.4299800992012024	0.4192865788936615	0.7967178821563721	-0.026465756818652153	0.6019789576530457	-0.04649476706981659	-0.04157833755016327	-3.029966354370117	-0.8377580046653748	-0.2298138439655304	2.053976058959961	-0.4741835594177246	0.1682005524635315	2.443459987640381	0.8377580046653748	0.03490914776921272	1.896070957183838	-0.6949870586395264	0.004050459247082472	-1.2435835599899292	0.12276177853345871	-1.5315837860107422	-0.1822124570608139	-1.26271390914917	0.03726319596171379	1.3461737632751465	-0.3705408573150635	4.863667964935303	1.2394607067108154	0.0	-0.7080510258674622	0.28159022331237793	0.009728968143463135	0.3920707702636719	0.0	0.0	1.2893213033676147	1.2306421995162964	0.12150108814239502	-0.24225178360939026	1.9758760929107666	2.8055613040924072	1.6469120979309082	2.829740524291992	0.42309463024139404	3.593827724456787	2.13460636138916	-1.4449440240859985
-0.4942542314529419	-0.43207094073295593	0.4229393005371094	0.8038390278816223	-0.057768430560827255	0.5848788022994995	-0.09177463501691818	0.08511221408843994	-2.9981846809387207	-0.8377580046653748	-0.24624913930892944	2.060779333114624	-0.47255420684814453	0.1778307557106018	2.443459987640381	0.8377580046653748	0.06917288154363632	1.9274630546569824	-0.696369469165802	0.00016622223483864218	-1.1927549839019775	0.1976204514503479	-1.491794466972351	-0.11452837288379669	-1.248976230621338	0.12865211069583893	1.4077972173690796	-0.4019927680492401	6.40158224105835	1.7054200172424316	0.0	-0.7306970357894897	0.09573101997375488	0.11826232075691223	0.3125857710838318	0.0	0.0	1.6240321397781372	1.4122188091278076	-0.08517205715179443	-0.19391092658042908	2.6230902671813965	3.7657275199890137	1.4578819274902344	3.4775705337524414	0.9663313627243042	4.310311794281006	2.5663256645202637	-1.9048608541488647
-0.4968898892402649	-0.4346989393234253	0.42687296867370605	0.8064749240875244	-0.08737903833389282	0.5681993961334229	-0.13824878633022308	0.21448493003845215	-2.96174955368042	-0.8377580046653748	-0.2590417265892029	2.057805299758911	-0.4694530665874481	0.18070398271083832	2.443459987640381	0.8377580046653748	0.09987042844295502	1.9525597095489502	-0.6983939409255981	-0.0037059779278934	-1.138659954071045	0.27339088916778564	-1.4732685089111328	-0.04310963675379753	-1.2240606546401978	0.20967566967010498	1.448826789855957	-0.44673529267311096	6.48207950592041	1.909017562866211	0.0	-0.5593687295913696	-0.311964750289917	0.23896396160125732	0.14447160065174103	0.0	0.0	1.5233347415924072	1.142030954360962	-0.041100382804870605	-0.10316527634859085	2.839240550994873	3.436459541320801	0.4015594720840454	3.9696760177612305	1.5769541263580322	3.4062464237213135	1.5213847160339355	-3.053469181060791
-0.4995306134223938	-0.4376752972602844	0.43113023042678833	0.8055426478385925	-0.11477739363908768	0.5513105988502502	-0.18434667587280273	0.34439539909362793	-2.9218239784240723	-0.8377580046653748	-0.26862388849258423	2.0483007431030273	-0.46299564838409424	0.18360961973667145	2.443459987640381	0.8377580046653748	0.13010627031326294	1.973144292831421	-0.6980134844779968	-0.003960388712584972	-1.0791853666305542	0.3350788354873657	-1.4757320880889893	0.044258661568164825	-1.1858980655670166	0.2649019658565521	1.468652606010437	-0.5241315364837646	6.215932369232178	2.031022310256958	0.0	-0.5423158407211304	-0.68703293800354	0.3888040781021118	0.09357146918773651	0.0	0.0	1.3321171998977661	0.9671300649642944	-0.0709429383277893	-0.10918566584587097	3.2285571098327637	3.1973495483398438	0.025528669357299805	3.2592408657073975	2.0702600479125977	2.1846742630004883	1.0866224765777588	-3.979971170425415
-0.5021620988845825	-0.4406338036060333	0.43561747670173645	0.8022558093070984	-0.13986927270889282	0.5346392393112183	-0.22579430043697357	0.4631222188472748	-2.8805086612701416	-0.8377580046653748	-0.2807343602180481	2.0303239822387695	-0.45390090346336365	0.18444684147834778	2.443459987640381	0.8377580046653748	0.153155118227005	1.991244912147522	-0.7012316584587097	-0.008073404431343079	-1.0095176696777344	0.4012848734855652	-1.4722473621368408	0.08725999295711517	-1.1412502527236938	0.29706263542175293	1.4922916889190674	-0.6059341430664062	5.077722549438477	1.9636154174804688	0.0	-0.7124617695808411	-0.8691668510437012	0.3168731927871704	-0.05087219178676605	0.0	0.0	1.072521448135376	0.9438812732696533	-0.20120888948440552	-0.2006734013557434	3.2012178897857666	2.7016923427581787	1.0334670543670654	1.07503342628479	2.0674614906311035	0.7811121940612793	1.2016981840133667	-3.8363635540008545
-0.5047985315322876	-0.44161999225616455	0.4403025507926941	0.8008561134338379	-0.15825267136096954	0.5183003544807434	-0.25485432147979736	0.5475043058395386	-2.8432793617248535	-0.8377580046653748	-0.29712235927581787	2.0135340690612793	-0.4503207206726074	0.1815747320652008	2.443459987640381	0.8377580046653748	0.17300713062286377	2.010899543762207	-0.706061840057373	-0.011987324804067612	-0.9511366486549377	0.4431465268135071	-1.4343934059143066	0.08726000040769577	-1.1031996011734009	0.2961464524269104	1.5167205333709717	-0.6775860786437988	4.036527156829834	2.1650731563568115	0.0	-0.8557707071304321	-1.0869324207305908	0.339614599943161	-0.2702072262763977	0.0	0.0	1.0689586400985718	0.9897500276565552	-0.21621137857437134	-0.41987863183021545	2.7582452297210693	1.8636025190353394	2.386903762817383	0.0	1.7884284257888794	-0.5515068769454956	1.097404956817627	-3.783437728881836
-0.5089865922927856	-0.4427192509174347	0.44574102759361267	0.8005399107933044	-0.1721777766942978	0.5008108019828796	-0.2804984748363495	0.6245833039283752	-2.793905735015869	-0.8377580046653748	-0.3149651885032654	1.986846685409546	-0.4403163194656372	0.17363855242729187	2.443459987640381	0.8377580046653748	0.19591346383094788	2.030834913253784	-0.7098801136016846	-0.024868549779057503	-0.8991878628730774	0.47582897543907166	-1.3767712116241455	0.08725999295711517	-1.0697131156921387	0.2750023603439331	1.5361878871917725	-0.7572716474533081	2.8199105262756348	2.047532796859741	0.0	-0.6983197927474976	-1.2980520725250244	0.5810595750808716	-0.2714209258556366	0.0	0.0	0.7905047535896301	0.5554854869842529	0.1448303461074829	-0.5283896923065186	1.8811166286468506	1.239295244216919	1.8429756164550781	0.0	1.3438552618026733	-0.9183883666992188	0.5713433027267456	-2.9040842056274414
-0.513978123664856	-0.44275784492492676	0.4509126543998718	0.8012082576751709	-0.17805792391300201	0.4902450740337372	-0.29329296946525574	0.6603007316589355	-2.761378049850464	-0.8377580046653748	-0.32505515217781067	1.9616119861602783	-0.42707833647727966	0.17071789503097534	2.443459987640381	0.8377580046653748	0.20462732017040253	2.033118963241577	-0.7002686262130737	-0.03312291204929352	-0.8758919835090637	0.49271833896636963	-1.3606743812561035	0.08726000040769577	-1.049445390701294	0.25941091775894165	1.5395742654800415	-0.7937494516372681	1.4142439365386963	1.4135658740997314	1.4901161193847656e-06	-0.6530612707138062	-1.1495202779769897	0.6322398781776428	-0.14512017369270325	-0.2322852611541748	-1.4901161193847656e-06	0.27594417333602905	-0.10173916816711426	0.6560474634170532	-0.377584308385849	0.9876653552055359	0.7203586101531982	0.5193084478378296	1.862645149230957e-07	1.0555118322372437	-0.7938489317893982	-0.0070035457611083984	-1.5569478273391724
-0.5194436311721802	-0.4420161843299866	0.4563995897769928	0.8024441599845886	-0.18270961940288544	0.4798543453216553	-0.3040403127670288	0.6811530590057373	-2.73736310005188	-0.83775794506073	-0.3410876393318176	1.9408658742904663	-0.4150267243385315	0.16783374547958374	2.434168577194214	0.83775794506073	0.20695123076438904	2.0267653465270996	-0.6836382150650024	-0.03997192159295082	-0.859681248664856	0.5046433210372925	-1.3559988737106323	0.08726000040769577	-1.027492642402649	0.24324840307235718	1.5359077453613281	-0.819549560546875	0.6543919444084167	0.9219050407409668	0.0	-1.1323034763336182	-0.8607357740402222	0.5503863096237183	-0.22683851420879364	-1.0426878929138184	0.0	-0.05255565047264099	-0.716698169708252	0.9112179279327393	-0.31412672996520996	0.7098346948623657	0.5239814519882202	0.13238489627838135	0.0	1.1511266231536865	-0.8130017518997192	-0.32781660556793213	-1.1376142501831055
-0.5249435305595398	-0.44116541743278503	0.4625462293624878	0.8043065071105957	-0.18682721257209778	0.4687366783618927	-0.3138038218021393	0.6864764094352722	-2.724501848220825	-0.8377580046653748	-0.3703472912311554	1.9271825551986694	-0.40506288409233093	0.1616443544626236	2.401752471923828	0.8377580046653748	0.2025250941514969	2.004451036453247	-0.6638199090957642	-0.04568798094987869	-0.8474985957145691	0.5136775970458984	-1.3553789854049683	0.08726000040769577	-1.0034003257751465	0.22689084708690643	1.5264616012573242	-0.8392540216445923	-0.15547871589660645	0.9023964405059814	-1.4901161193847656e-06	-2.794680118560791	-0.4330635070800781	0.2868063747882843	-0.8159089684486389	-2.923208475112915	1.4901161193847656e-06	-0.10113045573234558	-1.5682339668273926	1.2325197458267212	-0.15014401078224182	1.0195255279541016	0.2526223659515381	0.16641318798065186	-0.010040588676929474	1.9009947776794434	-1.2374744415283203	-1.044127345085144	-0.982782244682312
-0.5306669473648071	-0.43877097964286804	0.47527629137039185	0.8107718825340271	-0.19118632376194	0.4449467957019806	-0.32881492376327515	0.674933910369873	-2.7012672424316406	-0.8377580046653748	-0.4528748393058777	1.9235433340072632	-0.4035544693470001	0.13519738614559174	2.3172402381896973	0.8377580046653748	0.20290601253509521	1.964035987854004	-0.6343374252319336	-0.04597768187522888	-0.8189002275466919	0.514748215675354	-1.3493423461914062	0.08685837686061859	-0.9514528512954712	0.19374942779541016	1.4941426515579224	-0.8588608503341675	-1.3144419193267822	1.122349500656128	0.0	-4.448670864105225	0.2492755651473999	-0.03401041030883789	-1.3864928483963013	-4.4220685958862305	0.0	0.15982426702976227	-1.995152235031128	1.586090087890625	0.07473835349082947	1.703174352645874	-0.4694819450378418	0.3914088010787964	-0.6800277233123779	2.4466216564178467	-1.83584725856781	-1.7220407724380493	-0.6312981247901917
-0.5364236831665039	-0.4353904724121094	0.48856857419013977	0.8216716647148132	-0.18856437504291534	0.4199571907520294	-0.33605852723121643	0.6338987350463867	-2.67960786819458	-0.8377580046653748	-0.5482941269874573	1.9371535778045654	-0.40642330050468445	0.10618463903665543	2.224869728088379	0.8377580046653748	0.20891806483268738	1.924644947052002	-0.600376307964325	-0.0426984466612339	-0.7793716192245483	0.49489831924438477	-1.3397226333618164	0.06005889177322388	-0.9055354595184326	0.15345695614814758	1.4575799703598022	-0.8645059466362	-2.9452502727508545	1.1749804019927979	0.0	-5.056808948516846	1.0546833276748657	-0.32111331820487976	-1.544766902923584	-4.75846529006958	0.0	0.47621801495552063	-1.9355714321136475	1.7376019954681396	0.2976684868335724	1.892372965812683	-1.1602818965911865	0.7904648780822754	-2.881458044052124	2.1244332790374756	-2.284280300140381	-1.834830641746521	-0.10118484497070312
-0.5422290563583374	-0.43109750747680664	0.502199649810791	0.8378682136535645	-0.17808856070041656	0.39506983757019043	-0.33193573355674744	0.5571238994598389	-2.6542680263519287	-0.8377580046653748	-0.6551471948623657	1.9657306671142578	-0.4163990020751953	0.07340671122074127	2.126901626586914	0.8377580046653748	0.22195473313331604	1.886613130569458	-0.5648333430290222	-0.0340709425508976	-0.7432053089141846	0.46833693981170654	-1.3177237510681152	-0.028399944305419922	-0.866475522518158	0.10237821936607361	1.4207494258880615	-0.8629082441329956	-3.71616792678833	2.2881031036376953	0.0	-4.743839740753174	1.0845839977264404	-0.4695609211921692	-1.5889041423797607	-4.3424248695373535	-0.4977986216545105	1.1601001024246216	-1.5530288219451904	1.4685735702514648	0.5691457390785217	1.8430262804031372	-1.1686593294143677	1.4632761478424072	-6.07016658782959	1.9401758909225464	-2.8501973152160645	-1.9291609525680542	0.08984357118606567
-0.5479355454444885	-0.42618364095687866	0.5163094997406006	0.8578556776046753	-0.161920964717865	0.37095263600349426	-0.3166380822658539	0.4852520227432251	-2.5880837440490723	-0.8377580046653748	-0.73804771900177	1.980536937713623	-0.4252057373523712	0.04262847453355789	2.0511727333068848	0.8178460597991943	0.25532206892967224	1.8625237941741943	-0.5416333675384521	-0.019932616502046585	-0.7056505680084229	0.44815194606781006	-1.2811915874481201	-0.1827477663755417	-0.8279284238815308	0.039449065923690796	1.38041353225708	-0.8609122037887573	-3.2097718715667725	4.140806198120117	0.0	-3.4355788230895996	0.2864718437194824	-0.3521949052810669	-1.3856477737426758	-3.2227187156677246	-1.4918849468231201	1.9763171672821045	-0.9668171405792236	0.9266838431358337	0.8160234689712524	2.0557074546813965	-0.6905488967895508	1.7621427774429321	-8.693675994873047	2.0386874675750732	-3.2564804553985596	-2.1815121173858643	0.0330805778503418
-0.5533558130264282	-0.4213283658027649	0.5307750701904297	0.8786395192146301	-0.1434984654188156	0.34795069694519043	-0.2938218414783478	0.4287330210208893	-2.488635778427124	-0.8377580046653748	-0.7925703525543213	1.977189540863037	-0.430486798286438	0.017980797216296196	1.9979928731918335	0.7780826091766357	0.3010074198246002	1.847940444946289	-0.5277659893035889	-0.001430003670975566	-0.6609770059585571	0.4407149851322174	-1.247238039970398	-0.37614700198173523	-0.784928023815155	-0.027881000190973282	1.333488941192627	-0.8615850210189819	-3.3549726009368896	6.179732322692871	0.0	-2.362272262573242	-0.40326714515686035	-0.02192854881286621	-1.7033884525299072	-2.377086877822876	-3.0469865798950195	2.9464921951293945	-0.22988617420196533	0.05754530429840088	1.3808754682540894	3.0307278633117676	-0.7940381765365601	1.2728214263916016	-11.685386657714844	4.0269389152526855	-4.71860933303833	-4.273941993713379	-1.247471570968628
-0.5585190653800964	-0.4187677502632141	0.5458060503005981	0.9093249440193176	-0.11241990327835083	0.31913313269615173	-0.24216584861278534	0.3510531187057495	-2.3408944606781006	-0.8377580046653748	-0.8325386047363281	1.9644062519073486	-0.42608287930488586	-0.025507064536213875	1.9560892581939697	0.6959666013717651	0.3731817603111267	1.8533283472061157	-0.5393315553665161	0.03530240058898926	-0.5844214558601379	0.41639041900634766	-1.230278730392456	-0.6501632332801819	-0.6668508648872375	-0.14929530024528503	1.2094558477401733	-0.9108110666275024	-2.3820154666900635	7.210582733154297	0.0	-0.39704740047454834	-2.0254433155059814	1.1415034532546997	-1.5051589012145996	-1.164194941520691	-5.032661437988281	3.3744521141052246	-0.08843541145324707	-0.8710905909538269	1.7914071083068848	2.8662190437316895	-1.1925257444381714	-0.5406588315963745	-11.2067232131958	6.247532367706299	-5.573649883270264	-6.358251094818115	-2.805189847946167
-0.5633736252784729	-0.42018020153045654	0.5611904263496399	0.9312474131584167	-0.08746575564146042	0.2983989417552948	-0.18996316194534302	0.33345240354537964	-2.2002124786376953	-0.8377580046653748	-0.8084522485733032	1.8961718082427979	-0.38482666015625	-0.04222555458545685	1.9514250755310059	0.5767761468887329	0.4359855055809021	1.8444030284881592	-0.5626096129417419	0.0702262818813324	-0.5463282465934753	0.39301395416259766	-1.268864393234253	-0.824415922164917	-0.5350267291069031	-0.25082698464393616	1.079158902168274	-0.9737926125526428	-1.3765156269073486	6.3698530197143555	1.1115834712982178	1.0564923286437988	-3.23038387298584	1.280726432800293	-0.08180509507656097	-0.6379663944244385	-5.1294050216674805	2.8427436351776123	-0.7957190275192261	-0.590294599533081	1.40606689453125	0.8947908878326416	-1.3534367084503174	-2.459850788116455	-5.8741302490234375	6.039297580718994	-3.748579978942871	-6.142732620239258	-2.1516501903533936
-0.5678635835647583	-0.4204845428466797	0.5773129463195801	0.9466551542282104	-0.06394317001104355	0.2769232392311096	-0.1518847644329071	0.29599249362945557	-2.0861003398895264	-0.7932946681976318	-0.7902789115905762	1.8351908922195435	-0.37485381960868835	-0.028779268264770508	1.9305706024169922	0.49079039692878723	0.486891508102417	1.8214995861053467	-0.5629433393478394	0.09154507517814636	-0.5486298203468323	0.36225295066833496	-1.3286727666854858	-0.8851284384727478	-0.4252789616584778	-0.29923850297927856	0.9637465476989746	-0.9968770742416382	-2.5646562576293945	5.254125595092773	3.1505391597747803	0.6251171231269836	-3.0350685119628906	-0.01315772533416748	0.4099835753440857	-1.9427835941314697	-3.7762396335601807	2.172394037246704	-1.7504841089248657	0.0896349549293518	0.8970025777816772	0.3159165382385254	-1.00860595703125	-1.8075048923492432	-2.9685049057006836	4.471126079559326	-2.242588996887207	-4.5542449951171875	-0.8996501564979553
-0.5716549158096313	-0.4200952649116516	0.5940903425216675	0.9591078162193298	-0.04325609281659126	0.2533343434333801	-0.11858633160591125	0.23086614906787872	-1.9900474548339844	-0.7117364406585693	-0.7834475636482239	1.7747690677642822	-0.3853529691696167	-0.025826212018728256	1.873713731765747	0.4257265627384186	0.522881269454956	1.7743836641311646	-0.5590242147445679	0.10610638558864594	-0.5336915850639343	0.35266971588134766	-1.3411645889282227	-0.9431561231613159	-0.35618168115615845	-0.34053054451942444	0.896989107131958	-1.009778618812561	-2.7970023155212402	4.834449291229248	3.9863572120666504	0.4848018288612366	-3.1259000301361084	-0.43630078434944153	0.1745394915342331	-2.887815237045288	-3.321075439453125	1.6489148139953613	-2.4686574935913086	0.1935899257659912	0.7481269836425781	1.3427830934524536	0.0803723931312561	0.4317939281463623	-2.8866662979125977	2.946486234664917	-1.7678842544555664	-2.7657837867736816	-0.37492215633392334
-0.5748474597930908	-0.4196101129055023	0.6107518672943115	0.968575656414032	-0.026993896812200546	0.22933554649353027	-0.09239951521158218	0.18411239981651306	-1.8927223682403564	-0.6338403820991516	-0.7708868384361267	1.7101548910140991	-0.392305850982666	-0.02179768867790699	1.8150579929351807	0.35794737935066223	0.5528481006622314	1.7227532863616943	-0.5551997423171997	0.12147015333175659	-0.49491849541664124	0.3654678463935852	-1.3114010095596313	-1.0005950927734375	-0.3074195086956024	-0.36995387077331543	0.8531152009963989	-1.0118739604949951	-2.1213996410369873	4.943406581878662	3.932870864868164	0.7668927311897278	-3.497415781021118	-0.15908777713775635	0.13562971353530884	-3.113987922668457	-3.4999303817749023	1.2238309383392334	-2.86165189743042	0.3557756543159485	0.7827807068824768	2.3751094341278076	1.0917216539382935	1.9705861806869507	-2.922299385070801	2.361041307449341	-1.3950265645980835	-2.0516157150268555	-0.26228129863739014
-0.5773118138313293	-0.4197211265563965	0.6273308992385864	0.9760246276855469	-0.013558276928961277	0.20562843978405	-0.07006648927927017	0.146010160446167	-1.792311191558838	-0.554421603679657	-0.7527718544006348	1.6348724365234375	-0.39171648025512695	-0.02040102332830429	1.7491542100906372	0.2857293486595154	0.5718345046043396	1.6599175930023193	-0.5447931885719299	0.13741761445999146	-0.43868720531463623	0.3963385820388794	-1.2623411417007446	-1.0600481033325195	-0.2617400288581848	-0.3963316082954407	0.8149244785308838	-1.0202698707580566	-1.7547385692596436	5.125176906585693	3.9939417839050293	1.0539278984069824	-4.060310363769531	0.29267072677612305	0.04719015955924988	-3.565096855163574	-3.7443182468414307	0.5570530891418457	-3.436300277709961	0.6999820470809937	0.7575083374977112	2.9169700145721436	1.7102986574172974	2.3225278854370117	-2.5693953037261963	2.475757598876953	-1.1823647022247314	-1.9578814506530762	-0.40644407272338867
-0.5790137052536011	-0.42073822021484375	0.6437894701957703	0.981976330280304	-0.0024866038002073765	0.18243733048439026	-0.04932880029082298	0.1139228567481041	-1.6877152919769287	-0.47408270835876465	-0.7287297248840332	1.547742486000061	-0.3805990219116211	-0.01991008222103119	1.6724541187286377	0.20817464590072632	0.5751302242279053	1.5853012800216675	-0.52720046043396	0.1517704874277115	-0.3782396912574768	0.4338797926902771	-1.2184998989105225	-1.1033709049224854	-0.20838920772075653	-0.4172484576702118	0.7747999429702759	-1.0281317234039307	-1.388369083404541	5.233746528625488	3.723442554473877	1.2659862041473389	-4.235661029815674	0.45171305537223816	0.014261901378631592	-3.9260177612304688	-3.690106153488159	-0.003795325756072998	-3.6816298961639404	0.6906390190124512	0.5952086448669434	2.3761630058288574	1.936421513557434	1.6101837158203125	-1.6622215509414673	2.1666481494903564	-0.9280413389205933	-1.7608791589736938	-0.4358053207397461
-0.5798442959785461	-0.42098918557167053	0.6593936681747437	0.9864489436149597	0.006064701359719038	0.16061151027679443	-0.03295110538601875	0.09047539532184601	-1.5829613208770752	-0.4054839015007019	-0.7021324038505554	1.4654459953308105	-0.3736479580402374	-0.019830547273159027	1.5921134948730469	0.13812510669231415	0.5716826915740967	1.5126523971557617	-0.5171676278114319	0.16122595965862274	-0.34364068508148193	0.47379544377326965	-1.1979337930679321	-1.1265369653701782	-0.17507410049438477	-0.4334532618522644	0.744489312171936	-1.0377020835876465	-0.9241694808006287	4.4538679122924805	2.855485677719116	1.187574863433838	-3.605672836303711	0.42328834533691406	-0.02208314836025238	-3.532576560974121	-2.9604763984680176	-0.4066884517669678	-3.2078237533569336	0.49856752157211304	0.37101471424102783	1.5187405347824097	1.6710176467895508	0.8909702301025391	-0.8526325225830078	1.4966230392456055	-0.6109260320663452	-1.3487770557403564	-0.4428565502166748
-0.5799909830093384	-0.4216349720954895	0.669585108757019	0.9888471364974976	0.011031297035515308	0.1467331051826477	-0.023005064576864243	0.07695607841014862	-1.5095605850219727	-0.35986328125	-0.6812267303466797	1.4035155773162842	-0.36366748809814453	-0.020793408155441284	1.5311510562896729	0.0897555872797966	0.5588626861572266	1.4569883346557617	-0.5072577595710754	0.16661107540130615	-0.3174900710582733	0.5007205009460449	-1.182861089706421	-1.1374762058258057	-0.14852428436279297	-0.4416854977607727	0.7208488583564758	-1.0458459854125977	-0.5970003008842468	3.2101778984069824	1.9386321306228638	0.9585410356521606	-2.7176380157470703	0.4038482904434204	-0.0217328779399395	-2.674168348312378	-2.0200273990631104	-0.6093442440032959	-2.4353623390197754	0.44278576970100403	0.2185177057981491	1.0654174089431763	1.1854641437530518	0.655895471572876	-0.49012601375579834	1.058977484703064	-0.39746835827827454	-0.9746834635734558	-0.4100978374481201
-0.5802145600318909	-0.42186403274536133	0.6769278049468994	0.9903303980827332	0.014442811720073223	0.13700313866138458	-0.016353219747543335	0.06659538298845291	-1.4545542001724243	-0.32793861627578735	-0.663790762424469	1.3567404747009277	-0.3574940264225006	-0.020699862390756607	1.4851467609405518	0.057324010878801346	0.5473089218139648	1.4152379035949707	-0.4994561970233917	0.1699666678905487	-0.3010239899158478	0.5212140083312988	-1.171697974205017	-1.1461420059204102	-0.13271500170230865	-0.4493519961833954	0.7055019736289978	-1.0541059970855713	-0.516779363155365	2.7654647827148438	1.6026794910430908	0.9145453572273254	-2.4033427238464355	0.36969780921936035	-0.019897986203432083	-2.3787379264831543	-1.6179356575012207	-0.7112592458724976	-2.160412073135376	0.4349455237388611	0.1757882535457611	0.8817568421363831	0.9871795773506165	0.6213217973709106	-0.3619968891143799	0.8017763495445251	-0.3421217203140259	-0.783345103263855	-0.4200667142868042
-0.5805743336677551	-0.4223148822784424	0.6840981841087341	0.9916252493858337	0.017601462081074715	0.12752902507781982	-0.01031447108834982	0.05628490447998047	-1.398941993713379	-0.29575610160827637	-0.6446449160575867	1.3073818683624268	-0.3488795757293701	-0.021589327603578568	1.4360015392303467	0.025038164108991623	0.5304123163223267	1.3705718517303467	-0.489859938621521	0.1736426055431366	-0.282219797372818	0.5402076840400696	-1.1580082178115845	-1.1519560813903809	-0.11645323038101196	-0.45537036657333374	0.6895150542259216	-1.0626486539840698	-0.5601462125778198	2.917969226837158	1.6522958278656006	1.0463759899139404	-2.6516289710998535	0.4161730408668518	-0.09924536943435669	-2.6162922382354736	-1.6435970067977905	-1.0027289390563965	-2.3894877433776855	0.4632405936717987	0.22173114120960236	0.8911066055297852	0.8922979235649109	0.7074803113937378	-0.2627342939376831	0.8154509663581848	-0.34208670258522034	-0.8607819676399231	-0.44650137424468994
-0.5810226202011108	-0.422678142786026	0.6910805702209473	0.9927918910980225	0.020612766966223717	0.11800699681043625	-0.0037217375356703997	0.044189535081386566	-1.337835431098938	-0.26184678077697754	-0.6219357252120972	1.2506753206253052	-0.34084710478782654	-0.024669677019119263	1.3804950714111328	-0.008419868536293507	0.507199764251709	1.3196583986282349	-0.4809265732765198	0.1788359135389328	-0.26537972688674927	0.5569059252738953	-1.1433987617492676	-1.1566513776779175	-0.10009696334600449	-0.4630354642868042	0.6710706949234009	-1.0719660520553589	-0.45899784564971924	3.1255781650543213	1.7285730838775635	1.2520253658294678	-3.0067086219787598	0.7079280614852905	-0.22992603480815887	-2.9675424098968506	-1.868119478225708	-1.54451584815979	-2.7197866439819336	0.6197556853294373	0.24888664484024048	1.2041367292404175	0.6837904453277588	0.8624166250228882	0.009614229202270508	1.2002637386322021	-0.22826790809631348	-1.090291142463684	-0.40711164474487305
-0.5815211534500122	-0.4237908124923706	0.698235034942627	0.9938310980796814	0.023192912340164185	0.10842927545309067	0.0021855339873582125	0.03792499005794525	-1.273918867111206	-0.22661317884922028	-0.594563901424408	1.1871135234832764	-0.3205624520778656	-0.030786368995904922	1.3172998428344727	-0.04968661814928055	0.46863168478012085	1.2617803812026978	-0.4650697112083435	0.18359807133674622	-0.2340543270111084	0.5675593018531799	-1.123511552810669	-1.15157151222229	-0.0684426799416542	-0.4645010828971863	0.6459034085273743	-1.0789331197738647	-0.42456650733947754	2.9460697174072266	1.6106486320495605	1.3199985027313232	-2.731812000274658	0.706927478313446	-0.21512015163898468	-2.835279703140259	-1.623437523841858	-1.49656081199646	-2.455583095550537	0.6602108478546143	0.2088680863380432	1.2457027435302734	0.6044283509254456	0.9693264961242676	0.050073862075805664	0.9397672414779663	-0.1635327935218811	-0.8898496627807617	-0.2657979726791382
-0.5820344686508179	-0.4238470196723938	0.7044349312782288	0.9946671724319458	0.025635119527578354	0.09972783178091049	0.005858455318957567	0.027206875383853912	-1.2199926376342773	-0.19742083549499512	-0.5691357851028442	1.1414028406143188	-0.3125700056552887	-0.03327448293566704	1.2670838832855225	-0.07335737347602844	0.4473373293876648	1.2214350700378418	-0.4545181393623352	0.18719063699245453	-0.21555161476135254	0.5810830593109131	-1.1046257019042969	-1.1546484231948853	-0.06250627338886261	-0.46957677602767944	0.6354767084121704	-1.0825979709625244	-0.6108519434928894	2.9706180095672607	1.5396174192428589	1.424497365951538	-2.6071548461914062	0.39517730474472046	-0.16949810087680817	-2.7692079544067383	-1.1959818601608276	-1.2585304975509644	-2.233433723449707	0.5330778360366821	0.17880499362945557	0.8988678455352783	0.6290525197982788	0.9533911943435669	-0.18970370292663574	0.3769039213657379	-0.28236284852027893	-0.6042391061782837	-0.22056400775909424
-0.5825216174125671	-0.42389044165611267	0.7104921340942383	0.9954233169555664	0.02795715257525444	0.09079267829656601	0.010385210625827312	0.013490913435816765	-1.1550941467285156	-0.16502848267555237	-0.5375840067863464	1.0828273296356201	-0.3047553598880768	-0.03756629303097725	1.2065315246582031	-0.09752589464187622	0.41829046607017517	1.1724430322647095	-0.4437465965747833	0.19075027108192444	-0.19809961318969727	0.5927214026451111	-1.0853759050369263	-1.1591596603393555	-0.0533665232360363	-0.47579559683799744	0.6217338442802429	-1.0877556800842285	-0.49581626057624817	3.432565927505493	1.6598656177520752	1.8087834119796753	-3.1909613609313965	0.8040323853492737	-0.23852643370628357	-3.3593921661376953	-1.4289841651916504	-1.9477858543395996	-2.6918113231658936	0.7772132754325867	0.14610253274440765	1.388297200202942	0.4274904727935791	1.1888056993484497	-0.022348761558532715	0.9496471881866455	-0.16707703471183777	-0.8636057376861572	-0.23576617240905762
-0.5829366445541382	-0.4247559607028961	0.7168244123458862	0.9961119890213013	0.0301443412899971	0.08158353716135025	0.014019234105944633	0.007374225649982691	-1.0826900005340576	-0.13102620840072632	-0.4967844486236572	1.0137643814086914	-0.28040871024131775	-0.04281553998589516	1.132708191871643	-0.13051673769950867	0.369425892829895	1.113762617111206	-0.42342960834503174	0.19303473830223083	-0.16001972556114197	0.5981826782226562	-1.0570734739303589	-1.1555423736572266	-0.0245203860104084	-0.47625985741615295	0.6009324789047241	-1.0920286178588867	-0.5421742796897888	3.2325148582458496	1.4756205081939697	1.8260948657989502	-2.8924450874328613	0.7283598184585571	-0.1897919923067093	-3.2214105129241943	-1.1500533819198608	-1.819947361946106	-2.4657785892486572	0.7374651432037354	0.13139620423316956	1.1691261529922485	0.3395095467567444	1.0154575109481812	0.040975213050842285	0.8167188763618469	-0.14910921454429626	-0.7872089743614197	-0.13609826564788818
-0.583251416683197	-0.4244144558906555	0.7219443917274475	0.9965904355049133	0.03176804259419441	0.07410668581724167	0.01751541532576084	-0.008196057751774788	-1.0257935523986816	-0.10600366443395615	-0.4645402133464813	0.9671295285224915	-0.2756209671497345	-0.04515797272324562	1.0776751041412354	-0.1435280293226242	0.34549257159233093	1.0738118886947632	-0.414247989654541	0.19600611925125122	-0.15133456885814667	0.6063017845153809	-1.044757604598999	-1.1575206518173218	-0.020697766914963722	-0.4817599654197693	0.5902454853057861	-1.093199610710144	-0.8227002620697021	3.0173614025115967	1.2820794582366943	1.8083893060684204	-2.5281951427459717	0.3715723752975464	-0.1015520691871643	-2.87412691116333	-0.6519090533256531	-1.298496127128601	-2.109408378601074	0.5070969462394714	0.13008005917072296	0.5007758736610413	0.3392711281776428	0.6161779165267944	-0.0647127628326416	0.3906177878379822	-0.25432631373405457	-0.6438702344894409	-0.090789794921875
-0.5834465026855469	-0.42429471015930176	0.7269406914710999	0.9969758987426758	0.03352035582065582	0.06674385070800781	0.02146671712398529	-0.025533786043524742	-0.961995542049408	-0.07974302768707275	-0.4244488775730133	0.9126365780830383	-0.2655458152294159	-0.04687762260437012	1.0177431106567383	-0.15659309923648834	0.317486047744751	1.029386281967163	-0.4031457304954529	0.19823794066905975	-0.13998869061470032	0.611753523349762	-1.032426357269287	-1.1581308841705322	-0.008895674720406532	-0.48643290996551514	0.5751776695251465	-1.0956602096557617	-0.8102741241455078	3.12357234954834	1.2365580797195435	2.0310559272766113	-2.63895845413208	0.5781412124633789	-0.053289253264665604	-2.960306406021118	-0.6187751889228821	-1.4245890378952026	-2.1605968475341797	0.6201654672622681	0.10906904935836792	0.6482362747192383	0.2033829689025879	0.6837218999862671	0.008282065391540527	0.6369786262512207	-0.2045854926109314	-0.7378995418548584	-0.08828341960906982
-0.5840253233909607	-0.42423176765441895	0.7315975427627563	0.9973044991493225	0.03490188345313072	0.05956229940056801	0.0248537827283144	-0.0406070202589035	-0.9008506536483765	-0.05654134228825569	-0.38329797983169556	0.861571192741394	-0.25249531865119934	-0.047289542853832245	0.9592628479003906	-0.1682790368795395	0.2885090112686157	0.987388014793396	-0.3894413709640503	0.20036888122558594	-0.12540511786937714	0.6144371032714844	-1.0174087285995483	-1.1571893692016602	0.0047813779674470425	-0.48994338512420654	0.5607295036315918	-1.0967309474945068	-0.705881655216217	3.001978874206543	1.0677485466003418	2.039592742919922	-2.4699032306671143	0.6754163503646851	0.02874080091714859	-2.8818936347961426	-0.5509413480758667	-1.452775239944458	-2.0359232425689697	0.6935380697250366	0.085517019033432	0.7400922775268555	0.1065865159034729	0.779309868812561	0.02562105655670166	0.6776168346405029	-0.18547698855400085	-0.6712660193443298	-0.03711879253387451
-0.5848380327224731	-0.4241624176502228	0.735877275466919	0.9975717067718506	0.036050938069820404	0.05261550843715668	0.02798013761639595	-0.053769052028656006	-0.8419163823127747	-0.0370330847799778	-0.3428651690483093	0.8138404488563538	-0.23852916061878204	-0.045727990567684174	0.9024673700332642	-0.1786307543516159	0.25937503576278687	0.9479493498802185	-0.3754042088985443	0.20165862143039703	-0.110385000705719	0.6160169839859009	-1.0012539625167847	-1.1571060419082642	0.018208999186754227	-0.49385198950767517	0.5483270287513733	-1.0971449613571167	-0.5989821553230286	2.8820574283599854	0.9109781384468079	2.0097062587738037	-2.2759318351745605	0.6589643955230713	0.06468845903873444	-2.808201313018799	-0.4890751242637634	-1.473288655281067	-1.883453130722046	0.6656035780906677	0.04596933722496033	0.7572330236434937	0.05857646465301514	0.8323758840560913	-0.03933310508728027	0.6342195272445679	-0.19099563360214233	-0.5757421255111694	0.008600950241088867
-0.5855618715286255	-0.42391663789749146	0.7397173643112183	0.9978074431419373	0.03674977272748947	0.04583924636244774	0.030475491657853127	-0.06456630676984787	-0.785568356513977	-0.02010221779346466	-0.3029097318649292	0.7705339193344116	-0.22613674402236938	-0.04470200464129448	0.8469347953796387	-0.18784204125404358	0.2295774668455124	0.9120498895645142	-0.3628172278404236	0.20220765471458435	-0.0951157957315445	0.616780161857605	-0.9841136932373047	-1.1587626934051514	0.0301501601934433	-0.49758321046829224	0.537699818611145	-1.0963869094848633	-0.478149950504303	2.7621076107025146	0.7904749512672424	1.971152424812317	-2.0862743854522705	0.5854591727256775	0.030603259801864624	-2.7294726371765137	-0.44287145137786865	-1.500700831413269	-1.719825029373169	0.6019413471221924	0.02595558762550354	0.7436392903327942	0.06632804870605469	0.8296027779579163	-0.14043450355529785	0.5420679450035095	-0.2040363848209381	-0.4629865288734436	0.05437731742858887
-0.5862012505531311	-0.42358648777008057	0.7431474924087524	0.9980105757713318	0.037131283432245255	0.03936389088630676	0.03235704451799393	-0.07289505004882812	-0.7314320802688599	-0.005414087325334549	-0.26401907205581665	0.7303894758224487	-0.21511079370975494	-0.04450386017560959	0.7932884693145752	-0.19634561240673065	0.19934700429439545	0.8791563510894775	-0.3513265550136566	0.20269684493541718	-0.08063942939043045	0.6186701059341431	-0.968069851398468	-1.162723422050476	0.039891716092824936	-0.5020134449005127	0.5298075675964355	-1.0949698686599731	-0.3639456033706665	2.584533452987671	0.6765709519386292	1.8761284351348877	-1.8648862838745117	0.5177121758460999	-0.00015562400221824646	-2.601231575012207	-0.40305033326148987	-1.477593183517456	-1.5499472618103027	0.5531355738639832	0.04054047167301178	0.7146332263946533	0.12118816375732422	0.7669359445571899	-0.24611055850982666	0.4822762608528137	-0.23617297410964966	-0.3597676753997803	0.055786967277526855
-0.5867452621459961	-0.42321711778640747	0.7461121678352356	0.9981809258460999	0.03726842626929283	0.03324402868747711	0.033781684935092926	-0.07912413030862808	-0.682187020778656	0.006960619240999222	-0.2278645932674408	0.6959384679794312	-0.20542825758457184	-0.04470822960138321	0.7428855299949646	-0.20396405458450317	0.17047373950481415	0.850051999092102	-0.34069180488586426	0.20382927358150482	-0.06653046607971191	0.621627688407898	-0.9534362554550171	-1.1686071157455444	0.04944121092557907	-0.5070301294326782	0.5233091115951538	-1.0941554307937622	-0.26864632964134216	2.2963881492614746	0.5646591782569885	1.703535795211792	-1.5337512493133545	0.4233684539794922	-0.015108846127986908	-2.4566471576690674	-0.34588611125946045	-1.4185316562652588	-1.3564139604568481	0.4811875522136688	0.04961639642715454	0.6656222939491272	0.15721917152404785	0.6976157426834106	-0.31537413597106934	0.4719223976135254	-0.24297088384628296	-0.3271326422691345	0.028321146965026855
-0.5871949195861816	-0.4228224754333496	0.7486244440078735	0.9983199238777161	0.03716697171330452	0.027441153302788734	0.03497404232621193	-0.08364090323448181	-0.6395765542984009	0.017172278836369514	-0.19587764143943787	0.6690394282341003	-0.1981760561466217	-0.045108214020729065	0.6950225830078125	-0.21018105745315552	0.1426057368516922	0.8248997926712036	-0.33207905292510986	0.20468150079250336	-0.05401453748345375	0.624958872795105	-0.9401652216911316	-1.1753383874893188	0.058768611401319504	-0.511732280254364	0.5167222619056702	-1.093837022781372	-0.19376146793365479	1.9448548555374146	0.46075084805488586	1.473994493484497	-1.164451241493225	0.3061015009880066	0.0009433366358280182	-2.322129964828491	-0.28734058141708374	-1.3899227380752563	-1.1819154024124146	0.37692561745643616	0.037626177072525024	0.5888866186141968	0.15155822038650513	0.6523057818412781	-0.32409727573394775	0.4984447658061981	-0.2181217074394226	-0.36662817001342773	0.00043511390686035156
-0.5875517725944519	-0.4224624037742615	0.7507272958755493	0.9984176754951477	0.03693249076604843	0.022128162905573845	0.03617483749985695	-0.0868745893239975	-0.6043928265571594	0.02539065293967724	-0.16890481114387512	0.6493604183197021	-0.19318419694900513	-0.04467049613595009	0.6500003337860107	-0.21545767784118652	0.11487682908773422	0.8027753829956055	-0.3256147801876068	0.20533432066440582	-0.04297500103712082	0.6276900172233582	-0.927344024181366	-1.1815710067749023	0.06937900185585022	-0.5157549977302551	0.5086439847946167	-1.0941380262374878	-0.12454520910978317	1.5714690685272217	0.3773169219493866	1.2028194665908813	-0.8253350853919983	0.20551234483718872	0.02552419900894165	-2.174720287322998	-0.2429284155368805	-1.385727882385254	-1.0353624820709229	0.28942376375198364	0.050568580627441406	0.48238086700439453	0.133436918258667	0.5648508667945862	-0.2663135528564453	0.5693060159683228	-0.15710145235061646	-0.4641041159629822	-0.016495585441589355
-0.5878056287765503	-0.42219874262809753	0.7524139881134033	0.998482346534729	0.03649051859974861	0.01735946722328663	0.037421539425849915	-0.08862271159887314	-0.5767177939414978	0.03226495534181595	-0.14776486158370972	0.6360260248184204	-0.18995556235313416	-0.0440872460603714	0.6080337762832642	-0.21989819407463074	0.0871766209602356	0.7834852933883667	-0.3205021023750305	0.206704244017601	-0.034719303250312805	0.6302963495254517	-0.9175711870193481	-1.1859909296035767	0.08154085278511047	-0.5180163383483887	0.4981580972671509	-1.0944968461990356	-0.04713907837867737	1.2239084243774414	0.31426525115966797	0.9148839712142944	-0.5481183528900146	0.12906938791275024	0.0283082015812397	-1.9797697067260742	-0.20070746541023254	-1.3486990928649902	-0.8619219064712524	0.24096444249153137	0.0656377524137497	0.38219988346099854	0.10474920272827148	0.45136362314224243	-0.17150342464447021	0.6532735824584961	-0.06249547004699707	-0.5915388464927673	-0.014129281044006348
-0.5879573225975037	-0.42191022634506226	0.7537246942520142	0.9985240697860718	0.03581378236413002	0.013174992054700851	0.03864729404449463	-0.08876015245914459	-0.5554364919662476	0.037961263209581375	-0.1323094516992569	0.6274356842041016	-0.18802142143249512	-0.0435381680727005	0.570809543132782	-0.22348597645759583	0.060928866267204285	0.7682985067367554	-0.31597620248794556	0.2079598307609558	-0.027687005698680878	0.631879985332489	-0.9092894792556763	-1.1884311437606812	0.09550994634628296	-0.518254816532135	0.484982430934906	-1.094703197479248	0.03205146640539169	0.9030565619468689	0.2653714418411255	0.6388068199157715	-0.30716806650161743	0.058344751596450806	0.018570665270090103	-1.7394095659255981	-0.15549063682556152	-1.2621828317642212	-0.6650865077972412	0.19484907388687134	0.064903125166893	0.32951515913009644	0.0426560640335083	0.3938615322113037	-0.05989372730255127	0.7119864225387573	0.06106346845626831	-0.7396005392074585	0.023186206817626953
-0.5880033373832703	-0.4215525984764099	0.7546571493148804	0.9985622763633728	0.03491412103176117	0.009598099626600742	0.039524324238300323	-0.08734065294265747	-0.540595531463623	0.04287981241941452	-0.12221258878707886	0.6237393021583557	-0.18762177228927612	-0.043344419449567795	0.5384573936462402	-0.2261178195476532	0.036689307540655136	0.756881833076477	-0.31270813941955566	0.20930036902427673	-0.02153869718313217	0.632002592086792	-0.901816725730896	-1.1883866786956787	0.11002030968666077	-0.5155737996101379	0.46857407689094543	-1.0935693979263306	0.09019002318382263	0.6181150674819946	0.22472022473812103	0.3920486271381378	-0.10954141616821289	0.0017669051885604858	-0.013903900980949402	-1.4827921390533447	-0.12630783021450043	-1.1548712253570557	-0.48733651638031006	0.14404207468032837	0.07306858897209167	0.29562851786613464	-0.022229552268981934	0.3708556294441223	0.056102871894836426	0.6958332061767578	0.0843048095703125	-0.7140226364135742	0.024589896202087402
-0.5878871083259583	-0.4213294982910156	0.7551976442337036	0.9985812902450562	0.03405063971877098	0.006679010111838579	0.04039228707551956	-0.08515255153179169	-0.5307118892669678	0.046950072050094604	-0.11662750691175461	0.623054027557373	-0.1879507452249527	-0.04409432411193848	0.5114978551864624	-0.22853828966617584	0.014734014868736267	0.748805046081543	-0.3102145195007324	0.21088257431983948	-0.015861865133047104	0.6309908032417297	-0.8944552540779114	-1.1861870288848877	0.12334327399730682	-0.5148826241493225	0.45642152428627014	-1.0937196016311646	0.3953162431716919	0.44793784618377686	0.16870470345020294	-0.008160248398780823	0.02489238977432251	-0.08883066475391388	-0.07773954421281815	-1.9473098516464233	-0.23222938179969788	-1.93210768699646	-0.5973458290100098	0.10717883706092834	0.15204064548015594	0.5119924545288086	-0.06691515445709229	0.529518723487854	0.11996626853942871	0.9359173774719238	0.19422024488449097	-0.8523516654968262	-0.08254051208496094
-0.5857710242271423	-0.42138901352882385	0.7554289698600769	0.9986321330070496	0.032568007707595825	0.004065999295562506	0.04069600626826286	-0.07152800261974335	-0.522678017616272	0.04962800070643425	-0.12253899872303009	0.6247349977493286	-0.19117499887943268	-0.04645400121808052	0.4605650007724762	-0.2354069948196411	-0.04059499874711037	0.7329879999160767	-0.30842098593711853	0.21538199484348297	-0.0010590000310912728	0.6293259859085083	-0.8806359767913818	-1.1835880279541016	0.14745700359344482	-0.5078049898147583	0.4344800114631653	-1.096871018409729	0.4968099296092987	0.1431107521057129	0.14032907783985138	-0.30767378211021423	0.22346675395965576	-0.13817213475704193	-0.1069873571395874	-1.7524480819702148	-0.18834806978702545	-1.8899877071380615	-0.4453003406524658	0.024542957544326782	0.12603066861629486	0.5086029171943665	-0.12133568525314331	0.48406869173049927	0.2495288848876953	0.9900394678115845	0.4905581474304199	-1.0236598253250122	0.0667870044708252
-0.5849596261978149	-0.4215536117553711	0.7552562952041626	0.9986812472343445	0.03142179548740387	0.0026459889486432076	0.04051060229539871	-0.06528015434741974	-0.5249874591827393	0.05256323516368866	-0.12893445789813995	0.6319926977157593	-0.19347763061523438	-0.04837381839752197	0.4413999319076538	-0.23607221245765686	-0.06086549162864685	0.7309930324554443	-0.30923280119895935	0.21592380106449127	0.004482250660657883	0.626137375831604	-0.8750925064086914	-1.1762058734893799	0.16294485330581665	-0.4952602982521057	0.41547513008117676	-1.0910481214523315	0.26557686924934387	-0.2263784408569336	0.14710789918899536	-0.3192894160747528	0.4255622625350952	-0.10572336614131927	-0.09771855175495148	-0.632817268371582	0.01218356192111969	-0.6569522619247437	0.022052228450775146	-0.07422864437103271	0.023479387164115906	0.25438666343688965	-0.19671618938446045	0.24763643741607666	0.44283270835876465	0.476662814617157	0.5023986101150513	-0.6286509037017822	0.23422837257385254
-0.5846144556999207	-0.4218462109565735	0.7549662590026855	0.9987620711326599	0.03053303062915802	0.0018318165093660355	0.039222657680511475	-0.06090492755174637	-0.5317331552505493	0.05551231652498245	-0.1353105753660202	0.6417574882507324	-0.19540393352508545	-0.05036274343729019	0.43525230884552	-0.23491965234279633	-0.06687308847904205	0.7338700890541077	-0.31139013171195984	0.2163211703300476	0.009116466157138348	0.6214573383331299	-0.8707305192947388	-1.165874719619751	0.1665235161781311	-0.48770904541015625	0.4093339741230011	-1.087501883506775	0.22205151617527008	-0.39800703525543213	0.13047325611114502	-0.3588389754295349	0.5078122019767761	-0.11595264077186584	-0.05947006866335869	-0.12348666787147522	0.07393434643745422	-0.132055401802063	0.21883994340896606	-0.09993389248847961	0.05404837429523468	0.22090668976306915	-0.24658143520355225	0.16940683126449585	0.5647808313369751	0.10117478668689728	0.3230661153793335	-0.18654540181159973	0.13163089752197266
-0.5842510461807251	-0.4224337935447693	0.7546761631965637	0.9988634586334229	0.02980721928179264	0.00164279923774302	0.037150654941797256	-0.056398093700408936	-0.5409077405929565	0.057782165706157684	-0.1432880163192749	0.6523051857948303	-0.198115736246109	-0.05075262114405632	0.4364604651927948	-0.2331148386001587	-0.06614770740270615	0.739746630191803	-0.31323015689849854	0.21808573603630066	0.013318518176674843	0.6162741184234619	-0.8683162331581116	-1.1536146402359009	0.16699184477329254	-0.4823376536369324	0.40801331400871277	-1.0857828855514526	0.23012086749076843	-0.5036890506744385	0.10383371263742447	-0.44558459520339966	0.5240380764007568	-0.14197677373886108	-0.013399682939052582	0.27149319648742676	0.09822733700275421	0.22351014614105225	0.40317922830581665	-0.05192682147026062	0.15127845108509064	0.20410141348838806	-0.2736687660217285	0.0996902585029602	0.6297945976257324	-0.104566290974617	0.17421990633010864	0.1319311559200287	0.07554888725280762
-0.5840312242507935	-0.4231727123260498	0.7543407678604126	0.9989809393882751	0.029066458344459534	0.0019173761829733849	0.03447498753666878	-0.05170009285211563	-0.5518807172775269	0.05966566503047943	-0.15313395857810974	0.6627190113067627	-0.2010830044746399	-0.050898730754852295	0.4461120367050171	-0.23099055886268616	-0.05793268233537674	0.7499972581863403	-0.31346720457077026	0.22237230837345123	0.017280522733926773	0.6105105876922607	-0.8667429089546204	-1.1406829357147217	0.16234086453914642	-0.4807402491569519	0.41461122035980225	-1.0844799280166626	0.26950231194496155	-0.5238562822341919	0.12459587305784225	-0.4994746446609497	0.4938200116157532	-0.1557815819978714	-0.03715949133038521	0.4847384989261627	0.12557096779346466	0.46736764907836914	0.5141347646713257	0.01812875270843506	0.18653161823749542	0.25213706493377686	-0.27420222759246826	0.07593035697937012	0.6196647882461548	-0.31842106580734253	0.13761669397354126	0.3433920443058014	0.13529658317565918
-0.5836319923400879	-0.4240339994430542	0.754036009311676	0.999129056930542	0.0279650017619133	0.0022150003351271152	0.030883003026247025	-0.045618001371622086	-0.5618619918823242	0.06276600062847137	-0.16326700150966644	0.6720579862594604	-0.20434699952602386	-0.05223900079727173	0.4558500051498413	-0.2280919998884201	-0.04745300114154816	0.760312020778656	-0.31250500679016113	0.22554700076580048	0.02340400032699108	0.6053060293197632	-0.8652790188789368	-1.1288280487060547	0.1542550027370453	-0.4768329858779907	0.4217489957809448	-1.0803710222244263	0.2585291862487793	-0.6235450506210327	0.15627145767211914	-0.5670093297958374	0.6134837865829468	-0.22580474615097046	-0.11435598134994507	0.6736323237419128	0.1879774034023285	0.8723439574241638	0.581321120262146	-0.0192299485206604	-0.02210848033428192	0.35584691166877747	-0.2352401614189148	0.10559260845184326	0.5244314670562744	-0.5803506970405579	0.0551857054233551	0.6827056407928467	0.19630193710327148
-0.5832970142364502	-0.4252525866031647	0.7538629174232483	0.9992709159851074	0.027170710265636444	0.0027469575870782137	0.026683105155825615	-0.04135892540216446	-0.5768225193023682	0.0659165233373642	-0.17581433057785034	0.6872583627700806	-0.2101151943206787	-0.0554729700088501	0.4730573296546936	-0.22347146272659302	-0.023038921877741814	0.7732501029968262	-0.3142364025115967	0.22148796916007996	0.031514398753643036	0.6011009812355042	-0.8625192046165466	-1.1197056770324707	0.13912683725357056	-0.4785328209400177	0.4419194459915161	-1.0766278505325317	0.12143589556217194	-1.0241999626159668	0.19022785127162933	-0.7139727473258972	1.0916292667388916	-0.37632548809051514	-0.17735379934310913	0.8573919534683228	0.3099706172943115	1.440907597541809	0.523705780506134	-0.07763132452964783	-0.2227436751127243	0.3825724720954895	-0.16419291496276855	0.1708775758743286	0.37541091442108154	-0.7367305755615234	-0.03533214330673218	0.9022295475006104	0.1789569854736328
-0.5831983089447021	-0.427222341299057	0.7539836764335632	0.9994034767150879	0.026815515011548996	0.0034452122636139393	0.02148817479610443	-0.04076056554913521	-0.6028299927711487	0.07037511467933655	-0.19182591140270233	0.7157231569290161	-0.21940001845359802	-0.05933315306901932	0.4901456832885742	-0.2156931757926941	0.010183306410908699	0.7812602519989014	-0.31561025977134705	0.2166372537612915	0.03870689868927002	0.5987383127212524	-0.8584439158439636	-1.1138116121292114	0.12478578090667725	-0.47824627161026	0.45783817768096924	-1.073212742805481	-0.08411873131990433	-1.6629606485366821	0.22844058275222778	-0.9821370244026184	1.8268287181854248	-0.586256742477417	-0.20829886198043823	0.8251041173934937	0.46440547704696655	1.803494930267334	0.2626761794090271	-0.0795513391494751	-0.2665691077709198	0.18334993720054626	-0.06848722696304321	0.11171698570251465	0.16023516654968262	-0.35680532455444336	0.013921409845352173	0.39682984352111816	0.0973433256149292
-0.5832207202911377	-0.429935485124588	0.7543836832046509	0.9994982481002808	0.02690971828997135	0.004543841816484928	0.016073182225227356	-0.04472367465496063	-0.6433409452438354	0.07505414634943008	-0.21509981155395508	0.7603315114974976	-0.23356546461582184	-0.06380492448806763	0.5060614943504333	-0.2048952430486679	0.049100879579782486	0.7837571501731873	-0.3174184560775757	0.21082520484924316	0.0388483963906765	0.5983614921569824	-0.858050525188446	-1.1132962703704834	0.12485462427139282	-0.4779759645462036	0.45779263973236084	-1.0727341175079346	-0.3636303246021271	-2.472196578979492	0.21433867514133453	-1.4144648313522339	2.7241051197052	-0.8605681657791138	-0.22937767207622528	0.7656663656234741	0.6254300475120544	2.0910046100616455	-0.026690959930419922	-0.08069798350334167	-0.23210570216178894	0.011252518743276596	-0.029964745044708252	0.031282007694244385	0.040981173515319824	0.0054739415645599365	0.021494925022125244	-0.0036209821701049805	0.038060545921325684
-0.5838306546211243	-0.43353015184402466	0.7548728585243225	0.9995375275611877	0.02765594981610775	0.005773055832833052	0.011252952739596367	-0.05530577898025513	-0.7017178535461426	0.07894866168498993	-0.24840450286865234	0.8246873617172241	-0.2538227438926697	-0.06850825995206833	0.5207723379135132	-0.19067597389221191	0.09382349252700806	0.7801926136016846	-0.3188381791114807	0.20735302567481995	0.03915699943900108	0.5975397229194641	-0.8571926355361938	-1.1121723651885986	0.12500473856925964	-0.477386474609375	0.45769333839416504	-1.071690320968628	-0.6568933129310608	-3.251183032989502	0.1546556055545807	-1.8865652084350586	3.581303358078003	-1.1146504878997803	-0.25772619247436523	0.6014406681060791	0.7536683082580566	2.065077781677246	-0.31899064779281616	-0.07379278540611267	-0.1749534159898758	0.019354932010173798	-0.05153864622116089	0.05380511283874512	0.07049143314361572	0.009415298700332642	0.0369735062122345	-0.006227940320968628	0.06546676158905029
-0.5849558711051941	-0.4377119243144989	0.7553547620773315	0.9995318055152893	0.028913764283061028	0.007023719605058432	0.007138029206544161	-0.07099940627813339	-0.7733882665634155	0.08124037086963654	-0.2905624210834503	0.9035836458206177	-0.2781514823436737	-0.07411397248506546	0.5301191210746765	-0.1747485101222992	0.13170398771762848	0.7709975242614746	-0.3203701674938202	0.20382706820964813	0.03962259367108345	0.596299946308136	-0.8558983206748962	-1.1104766130447388	0.12523123621940613	-0.47649702429771423	0.4575435221195221	-1.0701154470443726	-0.8031370043754578	-3.6331562995910645	0.029120780527591705	-2.2003815174102783	4.046095848083496	-1.2107782363891602	-0.2879088819026947	0.27918070554733276	0.7491744756698608	1.416795015335083	-0.5354106426239014	-0.15970468521118164	-0.23066774010658264	0.02736533060669899	-0.07286965847015381	0.07607340812683105	0.09966790676116943	0.013312697410583496	0.05227625370025635	-0.00880509614944458	0.09256601333618164
-0.5861139893531799	-0.4422233998775482	0.7559376358985901	0.9994857907295227	0.03083893097937107	0.007989807054400444	0.003643609117716551	-0.08743125945329666	-0.8470441102981567	0.0801134929060936	-0.3364197611808777	0.9865311980247498	-0.3022538721561432	-0.0800246149301529	0.5319395661354065	-0.16070899367332458	0.15049529075622559	0.7587761878967285	-0.325226366519928	0.19812631607055664	0.04025161266326904	0.594624936580658	-0.8541496992111206	-1.1081856489181519	0.12553724646568298	-0.47529542446136475	0.45734113454818726	-1.0679876804351807	-0.6802434325218201	-3.8707077503204346	-0.21230243146419525	-2.606240749359131	4.125630855560303	-1.049046277999878	-0.447216272354126	0.2821892499923706	0.7323890924453735	0.8403327465057373	-0.4683464765548706	-0.30570030212402344	-0.5125619173049927	0.036890339106321335	-0.09823590517044067	0.10255426168441772	0.13435781002044678	0.017946213483810425	0.07047057151794434	-0.011871010065078735	0.12478232383728027
-0.5876988768577576	-0.4478014409542084	0.7567858695983887	0.999417781829834	0.03260932117700577	0.010041751898825169	0.00011744235234800726	-0.09820914268493652	-0.9282165765762329	0.07274827361106873	-0.39481204748153687	1.0686088800430298	-0.32011333107948303	-0.09200262278318405	0.5414066910743713	-0.14545294642448425	0.16531729698181152	0.7522636651992798	-0.33259817957878113	0.18332459032535553	0.041098207235336304	0.5923705101013184	-0.8517961502075195	-1.105102300643921	0.12594908475875854	-0.47367820143699646	0.45706868171691895	-1.0651241540908813	-0.607222318649292	-3.9210705757141113	-0.44655856490135193	-2.950676441192627	3.843219518661499	-0.7236309051513672	-0.7416945099830627	0.4841551184654236	0.7275626063346863	0.6475970149040222	-0.3812551498413086	-0.12600794434547424	-0.6695650815963745	0.0510435551404953	-0.13592392206192017	0.14190077781677246	0.18590688705444336	0.024830922484397888	0.09750723838806152	-0.01642554998397827	0.17265379428863525
-0.5884546041488647	-0.45430514216423035	0.7583624720573425	0.9993010759353638	0.03504820540547371	0.012951965443789959	-0.0011798792984336615	-0.11172015219926834	-1.0038869380950928	0.062251150608062744	-0.45444682240486145	1.1402599811553955	-0.33119910955429077	-0.10969239473342896	0.5513057708740234	-0.13160648941993713	0.17639917135238647	0.7435259819030762	-0.33026668429374695	0.17134371399879456	0.042293354868888855	0.5891879796981812	-0.8484736680984497	-1.1007493734359741	0.1265304833650589	-0.4713951349258423	0.4566841125488281	-1.0610815286636353	-0.6312322020530701	-3.7953734397888184	-0.6773328185081482	-3.0420258045196533	3.662565231323242	-0.536768913269043	-0.9630741477012634	0.3424152731895447	0.6137460470199585	0.42251086235046387	-0.4667535424232483	0.11828839778900146	-0.5285728573799133	0.05560554563999176	-0.14807134866714478	0.15458017587661743	0.2025216817855835	0.02705007791519165	0.10622218251228333	-0.017892569303512573	0.1880854368209839
-0.588718593120575	-0.45940476655960083	0.759840190410614	0.9991973638534546	0.036864809691905975	0.015665443614125252	-0.000526144343893975	-0.12345843017101288	-1.0800315141677856	0.045654959976673126	-0.5164930820465088	1.215111494064331	-0.34158408641815186	-0.1305255889892578	0.5551033020019531	-0.12090310454368591	0.18221773207187653	0.7335935235023499	-0.32786664366722107	0.16218167543411255	0.043322429060935974	0.5864476561546326	-0.8456129431724548	-1.0970014333724976	0.1270310878753662	-0.4694293141365051	0.45635297894477844	-1.057600736618042	-0.43665599822998047	-3.7747442722320557	-1.026422381401062	-3.1470813751220703	3.799030303955078	-0.47447457909584045	-1.0516785383224487	0.09851008653640747	0.4532434046268463	0.12077242136001587	-0.4710346460342407	0.07363110780715942	-0.428897500038147	0.04841424524784088	-0.12892335653305054	0.13458877801895142	0.17632842063903809	0.023552030324935913	0.09248480200767517	-0.015579164028167725	0.16376078128814697
-0.5888229608535767	-0.46374157071113586	0.7610768675804138	0.9991018176078796	0.038297779858112335	0.018130529671907425	0.0006088941008783877	-0.12918639183044434	-1.154876708984375	0.021194258704781532	-0.5803300738334656	1.292221188545227	-0.3501780927181244	-0.151759535074234	0.5552461743354797	-0.11347675323486328	0.1812300682067871	0.7246845960617065	-0.32732143998146057	0.15418781340122223	0.04422992467880249	0.5840310454368591	-0.8430901169776917	-1.0936962366104126	0.12747256457805634	-0.4676957428455353	0.4560609459877014	-1.0545310974121094	0.7585136294364929	-4.271864891052246	-2.399636745452881	-3.9152770042419434	3.6585628986358643	0.5415678024291992	-1.3356126546859741	-0.23643076419830322	0.23614168167114258	-1.2304034233093262	-0.47017931938171387	-0.4239477217197418	-0.7211402058601379	0.08042119443416595	-0.21415352821350098	0.2235695719718933	0.29290318489074707	0.03912225365638733	0.15362799167633057	-0.025878101587295532	0.2720266580581665
-0.5890154242515564	-0.4735413193702698	0.7620204091072083	0.9988651275634766	0.04042374715209007	0.024977101013064384	0.0032849591225385666	-0.09311788529157639	-1.2509061098098755	-0.0503305159509182	-0.6731041669845581	1.3614540100097656	-0.3199213743209839	-0.18395009636878967	0.545646071434021	-0.11145743727684021	0.13300159573554993	0.7147863507270813	-0.34482455253601074	0.13333606719970703	0.04653927683830261	0.5778815150260925	-0.8366701602935791	-1.0852853059768677	0.1285959780216217	-0.4632841944694519	0.4553178548812866	-1.0467196702957153	1.1914985179901123	-3.941652297973633	-3.137407064437866	-3.543640613555908	3.392493724822998	1.1203981637954712	-0.9581729769706726	-0.5298912525177002	-0.02541281282901764	-1.8953226804733276	-0.6091773509979248	-0.5780272483825684	-0.6682503819465637	0.10017752647399902	-0.2667620778083801	0.2784907817840576	0.36485791206359863	0.048732757568359375	0.19136741757392883	-0.03223493695259094	0.33884942531585693
-0.588654100894928	-0.47939664125442505	0.763275146484375	0.9986268877983093	0.043530505150556564	0.028118101879954338	0.007696033921092749	-0.08152645081281662	-1.3125427961349487	-0.10430202633142471	-0.7220757007598877	1.427920937538147	-0.30536216497421265	-0.1900864541530609	0.5340505242347717	-0.11449326574802399	0.1054171621799469	0.7003175020217896	-0.3504425287246704	0.12745779752731323	0.04823702573776245	0.5733605623245239	-0.8319504857063293	-1.0791019201278687	0.1294218748807907	-0.4600410461425781	0.4547715485095978	-1.040977120399475	0.8311588168144226	-2.831059694290161	-3.3399672508239746	-2.4908809661865234	3.320479393005371	0.9275562763214111	0.2814248204231262	-0.47942548990249634	-0.19727182388305664	-1.571982741355896	-0.5597680807113647	-0.35085827112197876	-0.32344552874565125	0.09195739030838013	-0.24487227201461792	0.25563687086105347	0.33491551876068115	0.0447344034910202	0.17566382884979248	-0.029589980840682983	0.3110438585281372
-0.5887746214866638	-0.4850410521030426	0.7636658549308777	0.9983428716659546	0.04596403241157532	0.0319366455078125	0.013370249420404434	-0.05987153202295303	-1.364148497581482	-0.1839292049407959	-0.7727394104003906	1.4942731857299805	-0.28281912207603455	-0.17269310355186462	0.5264690518379211	-0.11934830993413925	0.07012228667736053	0.6923956274986267	-0.3588588833808899	0.12039824575185776	0.05021757259964943	0.5680866241455078	-0.826444685459137	-1.0718886852264404	0.1303853541612625	-0.4562576413154602	0.4541342556476593	-1.0342779159545898	0.8314363956451416	-2.344170093536377	-3.7577173709869385	-2.229264259338379	3.3510475158691406	0.879921019077301	1.0721285343170166	-0.23092031478881836	-0.15047304332256317	-1.4291057586669922	-0.28941333293914795	-0.3150232136249542	-0.3364240825176239	0.09110383689403534	-0.24259984493255615	0.2532646059989929	0.33180713653564453	0.044319406151771545	0.17403364181518555	-0.029315799474716187	0.3081589937210083
-0.5890634059906006	-0.48851528763771057	0.7636561393737793	0.9980726838111877	0.04711340740323067	0.035121094435453415	0.01994532160460949	-0.04826899617910385	-1.4063096046447754	-0.25461071729660034	-0.8112462759017944	1.5619628429412842	-0.2701653242111206	-0.1472013145685196	0.524813711643219	-0.12051218748092651	0.048252932727336884	0.6887409687042236	-0.3630434572696686	0.1140008345246315	0.051881179213523865	0.5636565685272217	-0.8218199014663696	-1.0658296346664429	0.13119465112686157	-0.4530797004699707	0.45359891653060913	-1.0286507606506348	0.3395519256591797	-1.9430965185165405	-3.1164631843566895	-1.6214460134506226	3.3829569816589355	0.3155224025249481	0.9191043376922607	-0.08124858140945435	0.01926068216562271	-0.8510505557060242	-0.15435069799423218	-0.23764893412590027	-0.34286248683929443	0.08970517665147781	-0.23887604475021362	0.24937838315963745	0.32671689987182617	0.043638795614242554	0.17136186361312866	-0.028865784406661987	0.30342936515808105
-0.5883336067199707	-0.4912402927875519	0.7633695602416992	0.997771680355072	0.04788926988840103	0.037834517657756805	0.02696157991886139	-0.04628945514559746	-1.4418723583221436	-0.3085877299308777	-0.8375972509384155	1.629591464996338	-0.2701982259750366	-0.1359289288520813	0.523219108581543	-0.11857788264751434	0.036080263555049896	0.6862215995788574	-0.3683648407459259	0.10668374598026276	0.05380577966570854	0.5585315823554993	-0.8164695501327515	-1.0588200092315674	0.13213090598583221	-0.44940316677093506	0.4529796242713928	-1.0221407413482666	-0.1432575285434723	-1.5784084796905518	-2.311220645904541	-1.0236918926239014	3.2363295555114746	-0.22993236780166626	0.4272911548614502	-0.1289084553718567	0.1852814108133316	-0.34639862179756165	-0.2244815230369568	-0.23540034890174866	-0.41146743297576904	0.11210571974515915	-0.2985253930091858	0.3116503357887268	0.4083007574081421	0.0545356422662735	0.21415352821350098	-0.0360734760761261	0.3791987895965576
-0.5868982076644897	-0.4939749836921692	0.763361930847168	0.9974073767662048	0.0490841343998909	0.0401906855404377	0.033971745520830154	-0.05399929732084274	-1.4694459438323975	-0.34705954790115356	-0.8521939516067505	1.6914160251617432	-0.27936261892318726	-0.13010966777801514	0.5196573734283447	-0.11310093104839325	0.03439698740839958	0.6797617077827454	-0.3724594712257385	0.09754213690757751	0.05636540800333023	0.5517155528068542	-0.8093538880348206	-1.0494976043701172	0.1333760768175125	-0.44451355934143066	0.4521559774875641	-1.0134828090667725	-0.49757128953933716	-1.2521803379058838	-1.7204217910766602	-0.6697401404380798	2.8556318283081055	-0.4276648163795471	0.1918785274028778	-0.17292797565460205	0.2307116985321045	-0.03795865923166275	-0.3295809030532837	-0.09749159216880798	-0.36866870522499084	0.10434584319591522	-0.27786344289779663	0.29007643461227417	0.3800392150878906	0.05076080560684204	0.19932985305786133	-0.033576786518096924	0.3529489040374756
-0.5859556198120117	-0.49524521827697754	0.763720691204071	0.9970724582672119	0.049797575920820236	0.04143049195408821	0.040623486042022705	-0.06619230657815933	-1.491959571838379	-0.3774046003818512	-0.8643868565559387	1.7438167333602905	-0.2873048186302185	-0.1282537877559662	0.5163019895553589	-0.10934941470623016	0.034561917185783386	0.6730383634567261	-0.3722645044326782	0.09193699806928635	0.05797961354255676	0.5474170446395874	-0.8048664927482605	-1.0436184406280518	0.1341613382101059	-0.4414299726486206	0.45163655281066895	-1.0080227851867676	-0.6894146800041199	-0.9897470474243164	-1.3067052364349365	-0.37552565336227417	2.4597525596618652	-0.5016930103302002	0.2501392662525177	-0.2745330333709717	0.22917893528938293	0.0896034762263298	-0.47090351581573486	0.07186084985733032	-0.3141697645187378	0.10607121884822845	-0.28245747089385986	0.2948746085166931	0.38632452487945557	0.05160011351108551	0.20262598991394043	-0.03413110971450806	0.35878419876098633
-0.584694504737854	-0.49659132957458496	0.7642672061920166	0.9967252612113953	0.05076434090733528	0.04250479117035866	0.0464218370616436	-0.08157588541507721	-1.5090358257293701	-0.39932775497436523	-0.8672149777412415	1.7898061275482178	-0.29943034052848816	-0.1201040968298912	0.5086760520935059	-0.10393377393484116	0.037981126457452774	0.660925567150116	-0.3695850372314453	0.08497534692287445	0.06060825660824776	0.5404172539710999	-0.7975589036941528	-1.034044623374939	0.13544008135795593	-0.43640851974487305	0.45079073309898376	-0.999131441116333	-1.0245131254196167	-0.6949007511138916	-0.745875358581543	0.42933523654937744	2.3233413696289062	-1.0007619857788086	1.0047144889831543	-0.9715452790260315	0.36820024251937866	0.18085604906082153	-1.2125462293624878	0.32670050859451294	-0.28400272130966187	0.22670495510101318	-0.6036907434463501	0.6302326917648315	0.8256822824478149	0.11028461158275604	0.43306946754455566	-0.0729486346244812	0.7668286561965942
-0.5821024179458618	-0.4979693591594696	0.765064537525177	0.9964232444763184	0.05202440544962883	0.04283813014626503	0.05098254606127739	-0.10717283189296722	-1.5197556018829346	-0.4072396159172058	-0.8472134470939636	1.8367503881454468	-0.32733529806137085	-0.08806520700454712	0.4774401783943176	-0.09462140500545502	0.041796158999204636	0.6245365142822266	-0.3591964840888977	0.08057688921689987	0.06704781204462051	0.5232694149017334	-0.7796571850776672	-1.0105911493301392	0.13857272267341614	-0.4241071939468384	0.4487186074256897	-0.9773496389389038	-1.0432722568511963	-0.4520982503890991	-0.28107911348342896	0.8750230073928833	2.0496935844421387	-1.2323505878448486	1.3913670778274536	-1.6869769096374512	0.4471937119960785	-0.035203155130147934	-1.7058863639831543	0.49982890486717224	-0.2100220024585724	0.2971469461917877	-0.7912710309028625	0.8260577917098999	1.0822385549545288	0.14455243945121765	0.5676344037055969	-0.09561702609062195	1.0050997734069824
-0.5795006155967712	-0.49847644567489624	0.7658202648162842	0.996321976184845	0.051549702882766724	0.042042117565870285	0.05401618406176567	-0.1233067736029625	-1.527119755744934	-0.4105709195137024	-0.8322140574455261	1.8717938661575317	-0.348724365234375	-0.06444941461086273	0.4411969780921936	-0.08604602515697479	0.03657300025224686	0.592690110206604	-0.3495918810367584	0.07657446712255478	0.07249413430690765	0.5087664127349854	-0.7645165920257568	-0.9907550811767578	0.14122217893600464	-0.41370314359664917	0.4469660520553589	-0.9589274525642395	-0.5989384055137634	-0.23502111434936523	-0.24786591529846191	0.5647853016853333	1.3676553964614868	-0.7962852716445923	0.6848856806755066	-1.3843082189559937	0.3226950764656067	-0.1895110160112381	-1.222345232963562	0.35550370812416077	-0.14764182269573212	0.2160159945487976	-0.5752280354499817	0.6005167961120605	0.7867515087127686	0.10508447885513306	0.412653386592865	-0.06951093673706055	0.730675458908081
-0.5785079002380371	-0.49850139021873474	0.7661019563674927	0.9963148236274719	0.05115176737308502	0.04156956076622009	0.05488648638129234	-0.1311303675174713	-1.5291564464569092	-0.4171542525291443	-0.8246220350265503	1.8914566040039062	-0.35918670892715454	-0.060669779777526855	0.4220678508281708	-0.08171360194683075	0.034215718507766724	0.5756427049636841	-0.3449763357639313	0.07467121630907059	0.0756884515285492	0.5002602934837341	-0.7556365132331848	-0.9791210889816284	0.14277610182762146	-0.4076010584831238	0.4459381699562073	-0.9481226205825806	-0.24629700183868408	0.05777180194854736	-0.1871854066848755	0.387592613697052	0.6487369537353516	-0.4550643265247345	0.09791618585586548	-0.7929540872573853	0.17088857293128967	-0.1077394038438797	-0.6771385669708252	0.17845407128334045	-0.08369740098714828	0.1380765736103058	-0.36768317222595215	0.3838479518890381	0.5028888583183289	0.06716959178447723	0.26376545429229736	-0.04443079233169556	0.4670456051826477
-0.5778989195823669	-0.4985089898109436	0.7662913203239441	0.9963576197624207	0.05104381591081619	0.04095879942178726	0.054668817669153214	-0.13315865397453308	-1.5248088836669922	-0.4180583357810974	-0.816710352897644	1.8977433443069458	-0.3669269382953644	-0.060532767325639725	0.4094788134098053	-0.07921048253774643	0.03226342424750328	0.565604567527771	-0.3424537181854248	0.07322657108306885	0.07801719754934311	0.49405908584594727	-0.7491626739501953	-0.9706395268440247	0.14390896260738373	-0.4031525254249573	0.44518882036209106	-0.9402456283569336	-0.011928379535675049	0.908118486404419	-0.842699408531189	1.0324686765670776	0.4628807306289673	-0.4653327167034149	0.30028101801872253	-1.5822350978851318	0.1632554531097412	-1.0243746042251587	-0.9752154350280762	0.017476826906204224	-0.1393558382987976	0.40316805243492126	-1.073594331741333	1.1207923889160156	1.4683812856674194	0.1961279660463333	0.7701635360717773	-0.12973248958587646	1.3637155294418335
-0.577914297580719	-0.4981398284435272	0.7658878564834595	0.9967750310897827	0.0472705140709877	0.03622404485940933	0.05378704518079758	-0.13160750269889832	-1.4928317070007324	-0.45086222887039185	-0.7833232879638672	1.909971833229065	-0.37780001759529114	-0.04865853860974312	0.3587784469127655	-0.07518338412046432	-0.006759265903383493	0.536634087562561	-0.3442772626876831	0.06909698247909546	0.09181517362594604	0.457316517829895	-0.71080482006073	-0.9203858375549316	0.1506212204694748	-0.3767945170402527	0.4407488703727722	-0.8935739994049072	0.17526298761367798	1.1943191289901733	-0.8756227493286133	1.036342978477478	-0.14856159687042236	-0.1250438392162323	0.6728983521461487	-1.2903116941452026	0.0845145434141159	-1.173100233078003	-0.6098747253417969	-0.16884803771972656	-0.08765906095504761	0.41581112146377563	-1.107262134552002	1.1559396982192993	1.5144274234771729	0.20227879285812378	0.7943160533905029	-0.13380050659179688	1.406480312347412
-0.5784757733345032	-0.49783021211624146	0.7653583884239197	0.9969511032104492	0.046206798404455185	0.03531822934746742	0.05201886594295502	-0.12614813446998596	-1.4770361185073853	-0.45308324694633484	-0.7752566337585449	1.891800880432129	-0.37192869186401367	-0.03361683338880539	0.3578663468360901	-0.0758299008011818	-0.014660583809018135	0.5412095785140991	-0.34920763969421387	0.06972020864486694	0.09464964270591736	0.449768602848053	-0.7029250860214233	-0.9100624322891235	0.15200011432170868	-0.37137988209724426	0.4398368000984192	-0.8839864134788513	0.24754256010055542	0.9155213832855225	0.1030460000038147	0.43760091066360474	-1.2082010507583618	0.3208257257938385	0.6906989812850952	0.002240389585494995	-0.019243359565734863	-0.2999565899372101	0.2333119511604309	-0.20921677350997925	0.03441516309976578	0.12928861379623413	-0.3442823886871338	0.35941898822784424	0.4708811640739441	0.06289482116699219	0.2469778060913086	-0.04160255193710327	0.437319278717041
-0.5788984894752502	-0.49749755859375	0.7649068236351013	0.9971263408660889	0.04521813243627548	0.03467096388339996	0.04992484673857689	-0.1217058002948761	-1.4562108516693115	-0.44674038887023926	-0.765819251537323	1.8616437911987305	-0.3649669885635376	-0.021030578762292862	0.3588680624961853	-0.07595311850309372	-0.01875752955675125	0.5459665656089783	-0.3526459336280823	0.07047358900308609	0.09698671847581863	0.44354522228240967	-0.6964280605316162	-0.9015505909919739	0.15313701331615448	-0.36691540479660034	0.4390847682952881	-0.8760812282562256	0.2428341656923294	1.3140350580215454	0.23789405822753906	0.454200804233551	-1.716935634613037	0.3935903310775757	0.5615103840827942	0.11366009712219238	-0.004498288035392761	-0.2034093737602234	0.382135808467865	-0.24631768465042114	0.024035200476646423	0.13717971742153168	-0.36529526114463806	0.38135647773742676	0.49962252378463745	0.06673336029052734	0.2620518207550049	-0.044142454862594604	0.4640117287635803
-0.5794205069541931	-0.49685168266296387	0.7641939520835876	0.9973522424697876	0.043644875288009644	0.033563174307346344	0.04751240089535713	-0.11643476784229279	-1.4244747161865234	-0.4435674846172333	-0.7570886015892029	1.8231234550476074	-0.35618507862091064	-0.0111564164981246	0.3624127507209778	-0.0760098323225975	-0.022796958684921265	0.5564950108528137	-0.3590603470802307	0.0706816166639328	0.10013683140277863	0.43515679240226746	-0.6876708269119263	-0.890077531337738	0.15466944873332977	-0.36089780926704407	0.4380711019039154	-0.8654259443283081	0.04418324679136276	2.023649215698242	0.07221102714538574	0.3209054470062256	-2.08587646484375	0.34913569688796997	0.3491551876068115	0.2727217972278595	0.011992640793323517	-0.10842983424663544	0.7434859871864319	-0.29895007610321045	0.06763152778148651	0.1981988549232483	-0.5277827382087708	0.5509853363037109	0.7218599319458008	0.09641759097576141	0.3786154091358185	-0.06377696990966797	0.6704077124595642
-0.5797472596168518	-0.4953325092792511	0.7636580467224121	0.9976731538772583	0.04076073318719864	0.031071128323674202	0.04496287927031517	-0.11993847042322159	-1.3752648830413818	-0.44385194778442383	-0.752983033657074	1.7782087326049805	-0.3510015606880188	-0.00706437136977911	0.3697769343852997	-0.07547341287136078	-0.023094723001122475	0.5757060050964355	-0.3646039366722107	0.07317885011434555	0.10491467267274857	0.42243391275405884	-0.6743886470794678	-0.8726761937141418	0.15699371695518494	-0.3517707884311676	0.43653368949890137	-0.849264919757843	-0.16356036067008972	2.383244037628174	0.1984633505344391	0.26536881923675537	-2.381178855895996	0.31943023204803467	-0.05749829486012459	0.21716803312301636	-0.022070109844207764	-0.04823528975248337	0.7475495338439941	-0.33736974000930786	0.20900443196296692	0.21998527646064758	-0.5857974290847778	0.6115511059761047	0.8012086153030396	0.10701566934585571	0.4202328622341156	-0.0707872211933136	0.7440999150276184
-0.5799099802970886	-0.49298182129859924	0.7624307870864868	0.9979585409164429	0.03824158385396004	0.028825119137763977	0.042258165776729584	-0.12297718226909637	-1.3291449546813965	-0.4356289505958557	-0.7464738488197327	1.7278763055801392	-0.34340786933898926	-0.013456348329782486	0.37109947204589844	-0.07689263671636581	-0.024726370349526405	0.5863969922065735	-0.372555136680603	0.07904179394245148	0.10893624275922775	0.41172489523887634	-0.6632087826728821	-0.8580291867256165	0.158950075507164	-0.34408849477767944	0.43523961305618286	-0.8356619477272034	-0.19840431213378906	2.4408817291259766	0.8847981691360474	0.4866406321525574	-2.9205174446105957	0.39733201265335083	-0.3840389847755432	0.08181557059288025	-0.04677213728427887	0.07699146121740341	0.5101427435874939	-0.19186735153198242	0.23193824291229248	0.1544525921344757	-0.4112914204597473	0.42937397956848145	0.5625322461128235	0.07513612508773804	0.29504820704460144	-0.04969984292984009	0.5224362015724182
-0.5793887376785278	-0.49127480387687683	0.7623599767684937	0.9981890320777893	0.036612655967473984	0.02679121494293213	0.039502229541540146	-0.12787464261054993	-1.2776296138763428	-0.40846002101898193	-0.7335174083709717	1.6613880395889282	-0.33510828018188477	-0.022425930947065353	0.3730495572090149	-0.07734429836273193	-0.020015064626932144	0.5961117148399353	-0.37227863073349	0.08245638012886047	0.11109277606010437	0.40598225593566895	-0.6572136878967285	-0.8501749038696289	0.15999916195869446	-0.33996886014938354	0.43454569578170776	-0.8283674716949463	-0.3571614623069763	2.7222096920013428	1.4034181833267212	0.7165312767028809	-3.358247756958008	0.3723360598087311	-0.38472670316696167	0.043211132287979126	-0.04102960228919983	0.2856122851371765	0.5068182945251465	-0.08221790194511414	0.20478814840316772	0.13504773378372192	-0.3596186637878418	0.3754273056983948	0.49185752868652344	0.06569623947143555	0.257980078458786	-0.04345551133155823	0.45679807662963867
-0.5785341262817383	-0.4880530834197998	0.7618128657341003	0.9984477162361145	0.0342288501560688	0.023894645273685455	0.03687448799610138	-0.13726364076137543	-1.2202565670013428	-0.37949222326278687	-0.7178125977516174	1.5935463905334473	-0.32851442694664	-0.028845416381955147	0.3728279173374176	-0.07853382080793381	-0.013301879167556763	0.6066697239875793	-0.3758438527584076	0.08723331987857819	0.11433815211057663	0.39734014868736267	-0.6481916904449463	-0.8383548855781555	0.16157792508602142	-0.333769291639328	0.43350139260292053	-0.8173900246620178	-1.007996916770935	3.350245952606201	2.303770065307617	1.3035774230957031	-3.473565101623535	-0.34759342670440674	0.01863371580839157	-0.10807514190673828	0.07176622748374939	0.7744132280349731	0.3461122512817383	0.09549260139465332	0.3019627332687378	0.1828797161579132	-0.4869893193244934	0.5083978176116943	0.6660670042037964	0.08896477520465851	0.34935176372528076	-0.058847665786743164	0.6185904145240784
-0.5775386691093445	-0.48414310812950134	0.7616565227508545	0.9987282752990723	0.031158143654465675	0.01952638104557991	0.03449588268995285	-0.16819451749324799	-1.1436197757720947	-0.31630921363830566	-0.6813743114471436	1.5224454402923584	-0.34901201725006104	-0.02168058231472969	0.36872655153274536	-0.07447364926338196	0.010961463674902916	0.6099562048912048	-0.36845892667770386	0.09453488886356354	0.1184079647064209	0.3865026831626892	-0.6368777751922607	-0.823532223701477	0.1635577529668808	-0.3259947896003723	0.43219178915023804	-0.8036238551139832	-1.130677342414856	3.757598876953125	2.886711835861206	1.98256516456604	-3.7303686141967773	-0.5794994831085205	1.247867226600647	-0.09128525853157043	0.10170601308345795	0.9816370010375977	0.2875387668609619	0.3222532570362091	0.34135448932647705	0.19004642963409424	-0.5060732364654541	0.528322160243988	0.6921693682670593	0.09245127439498901	0.363042950630188	-0.06115362048149109	0.6428316235542297
-0.5771946310997009	-0.48007649183273315	0.7608980536460876	0.9989396333694458	0.028455980122089386	0.01620909385383129	0.032361723482608795	-0.182490736246109	-1.0699526071548462	-0.2640237510204315	-0.63850998878479	1.4443316459655762	-0.35169440507888794	0.021069269627332687	0.3691765069961548	-0.07446558028459549	0.02596360072493553	0.6181712746620178	-0.36295372247695923	0.10088749974966049	0.1219400092959404	0.3770972192287445	-0.6270588040351868	-0.8106681108474731	0.16527597606182098	-0.3192475736141205	0.4310552477836609	-0.7916767597198486	-0.3689747452735901	3.4509034156799316	2.242711067199707	2.0115838050842285	-4.186847686767578	0.4126809537410736	1.6798745393753052	0.006024539470672607	-0.03719925880432129	0.48093706369400024	0.36108940839767456	0.26997849345207214	0.238162100315094	0.15619583427906036	-0.41593313217163086	0.4342198371887207	0.5688801407814026	0.07598400115966797	0.2983778715133667	-0.05026087164878845	0.5283325910568237
-0.5771275758743286	-0.4761033058166504	0.7606886029243469	0.999091625213623	0.02598012425005436	0.01430997159332037	0.0306002926081419	-0.18295350670814514	-1.005583643913269	-0.2266007661819458	-0.6009109616279602	1.3549715280532837	-0.3325047791004181	0.04551440477371216	0.36896753311157227	-0.07596161961555481	0.030198946595191956	0.6243997812271118	-0.35765978693962097	0.10406137257814407	0.12465579807758331	0.369865357875824	-0.6195089817047119	-0.800777018070221	0.16659711301326752	-0.31405967473983765	0.4301813542842865	-0.7824905514717102	0.31015053391456604	3.327056884765625	1.5467140674591064	1.7927930355072021	-4.541069030761719	0.850379467010498	1.432215929031372	-0.19099116325378418	-0.17064866423606873	-0.14202725887298584	0.23137181997299194	0.3952033817768097	0.22020098567008972	0.1696014702320099	-0.451631098985672	0.4714861512184143	0.6177037954330444	0.0825054943561554	0.3239862620830536	-0.054574012756347656	0.5736768245697021
-0.5775755643844604	-0.4696309566497803	0.7609036564826965	0.9992477297782898	0.022221611812710762	0.01211635023355484	0.029386186972260475	-0.17008471488952637	-0.9368703365325928	-0.2021551877260208	-0.5667982697486877	1.2626888751983643	-0.317679226398468	0.07835790514945984	0.3615368604660034	-0.08129152655601501	0.020282510668039322	0.6274261474609375	-0.34714558720588684	0.10969553887844086	0.12872406840324402	0.3590319752693176	-0.6081993579864502	-0.7859599590301514	0.1685761958360672	-0.30628812313079834	0.428872287273407	-0.7687296867370605	1.071486234664917	3.134746789932251	0.9932928085327148	1.4704928398132324	-4.62266206741333	-0.2584993839263916	0.7819194197654724	-0.4514038562774658	-0.28551575541496277	-0.8538979887962341	0.13799071311950684	0.5270220041275024	0.32291170954704285	0.2164490520954132	-0.5763813853263855	0.601719319820404	0.7883310317993164	0.105295330286026	0.41347816586494446	-0.06964951753616333	0.7321372628211975
-0.5770846009254456	-0.46167832612991333	0.7611262798309326	0.9993682503700256	0.017160044983029366	0.011880328878760338	0.028767500072717667	-0.14009405672550201	-0.8801937699317932	-0.1868690550327301	-0.5420912504196167	1.1700650453567505	-0.34284475445747375	0.0767911821603775	0.35091137886047363	-0.0873822495341301	-0.003956972621381283	0.6299194097518921	-0.336578905582428	0.11697784066200256	0.13331376016139984	0.34681010246276855	-0.5954402089118958	-0.7692437767982483	0.17080892622470856	-0.29752054810523987	0.42739537358283997	-0.7532050609588623	1.4383760690689087	2.820941925048828	0.7018703818321228	1.1719942092895508	-4.736292362213135	-0.9099379181861877	-0.05075633525848389	-0.5029663443565369	-0.29939448833465576	-1.1815322637557983	0.07154792547225952	0.4590079188346863	0.29963964223861694	0.20855069160461426	-0.5553483963012695	0.5797624588012695	0.7595628499984741	0.10145306587219238	0.3983892500400543	-0.0671088695526123	0.7054239511489868
-0.577002763748169	-0.45526883006095886	0.7610815763473511	0.9994010329246521	0.013371359556913376	0.01226847805082798	0.029475033283233643	-0.11254967004060745	-0.8240326642990112	-0.17408037185668945	-0.5199185013771057	1.0732371807098389	-0.3540767431259155	0.07632765173912048	0.34141820669174194	-0.09326730668544769	-0.026978779584169388	0.6302880644798279	-0.3287852704524994	0.12168112397193909	0.1370660960674286	0.33681803941726685	-0.5850088596343994	-0.7555774450302124	0.1726343184709549	-0.29035255312919617	0.4261879324913025	-0.7405127286911011	1.2097288370132446	2.95473051071167	0.7126044631004333	1.1680752038955688	-4.9803972244262695	0.5946643352508545	-0.08332021534442902	-0.27534887194633484	-0.310776948928833	-1.0251177549362183	0.2737849950790405	0.2675585448741913	0.33563748002052307	0.16044043004512787	-0.4272356629371643	0.4460185766220093	0.5843386054039001	0.07804930210113525	0.3064863383769989	-0.05162656307220459	0.542689859867096
-0.5772964358329773	-0.4502597749233246	0.7601742744445801	0.9993720054626465	0.010280127637088299	0.01207303162664175	0.031690821051597595	-0.09170490503311157	-0.762004554271698	-0.15836487710475922	-0.49536824226379395	0.9708491563796997	-0.3190581798553467	0.07345837354660034	0.33989742398262024	-0.09981332719326019	-0.044961683452129364	0.6408708095550537	-0.3258765637874603	0.1304033398628235	0.13973137736320496	0.329720675945282	-0.5775994658470154	-0.7458702325820923	0.17393089830875397	-0.2852610945701599	0.4253303110599518	-0.7314974665641785	1.055450677871704	3.530287742614746	0.8333719968795776	1.4365122318267822	-5.546198844909668	2.1802000999450684	-0.11324156075716019	0.10231360793113708	-0.48323702812194824	-0.8950375914573669	0.9401232004165649	0.04971548914909363	0.5856282711029053	0.14593899250030518	-0.3886215388774872	0.4057064652442932	0.5315274000167847	0.07099471986293793	0.2787858247756958	-0.04696100950241089	0.4936397075653076
-0.5772268176078796	-0.4440963566303253	0.7589251399040222	0.9992520809173584	0.0071667092852294445	0.010974627919495106	0.036381177604198456	-0.0703316405415535	-0.6828211545944214	-0.14074549078941345	-0.4624580144882202	0.8513892292976379	-0.2668687403202057	0.07179798930883408	0.3455107510089874	-0.1125967875123024	-0.06278028339147568	0.6678929924964905	-0.32679665088653564	0.1451062560081482	0.1429036557674408	0.32127317786216736	-0.5687806010246277	-0.734316349029541	0.1754741072654724	-0.27920112013816833	0.42430949211120605	-0.7207671403884888	0.8454620838165283	3.2611236572265625	0.6032016277313232	1.318196177482605	-4.621416091918945	1.837284803390503	0.03561433404684067	0.4091404378414154	-0.6941329836845398	-0.6945384740829468	1.5288665294647217	-0.039733946323394775	0.822043776512146	0.15783533453941345	-0.4202991724014282	0.4387781023979187	0.5748540163040161	0.07678158581256866	0.3015100955963135	-0.05078911781311035	0.5338802933692932
-0.5761740207672119	-0.437934547662735	0.7582792043685913	0.9990637898445129	0.004551983438432217	0.009399733506143093	0.04198349639773369	-0.05788642168045044	-0.6315596103668213	-0.13423681259155273	-0.44264039397239685	0.7859925031661987	-0.24556678533554077	0.07488294690847397	0.35626304149627686	-0.12757864594459534	-0.07274322211742401	0.7020254731178284	-0.3274659216403961	0.16328509151935577	0.1460447907447815	0.31290870904922485	-0.5600483417510986	-0.7228760719299316	0.1770021617412567	-0.2732006907463074	0.42329874634742737	-0.7101422548294067	0.4721217751502991	1.9884541034698486	0.08790381252765656	0.6956391334533691	-2.142026901245117	0.49925073981285095	0.2205975353717804	0.640559196472168	-0.7806604504585266	-0.22896304726600647	1.7977311611175537	0.10886937379837036	0.9727049469947815	0.1562073826789856	-0.41596293449401855	0.4342511296272278	0.5689218640327454	0.07598958909511566	0.2983994781970978	-0.05026385188102722	0.5283698439598083
-0.5741428136825562	-0.4315526783466339	0.7585852742195129	0.9988886117935181	0.0023969069588929415	0.007362695410847664	0.04649548977613449	-0.05144676938652992	-0.6032829880714417	-0.1372293382883072	-0.43463245034217834	0.7657081484794617	-0.24689871072769165	0.08062189072370529	0.37113311886787415	-0.14382320642471313	-0.07193880528211594	0.7398022413253784	-0.32244187593460083	0.1840144544839859	0.14915195107460022	0.3046346604824066	-0.5514105558395386	-0.7115594744682312	0.17851369082927704	-0.2672651410102844	0.42229893803596497	-0.6996323466300964	0.07506050169467926	1.2048661708831787	-0.13481788337230682	0.4921272397041321	-0.629889965057373	-0.28440356254577637	0.32137128710746765	0.5888186693191528	-0.6498750448226929	0.28823837637901306	1.4217898845672607	0.781761884689331	0.9883809685707092	0.1543201506137848	-0.4109397530555725	0.429004430770874	0.5620509386062622	0.07507205009460449	0.2947956323623657	-0.04965662956237793	0.5219876766204834
-0.5713873505592346	-0.42513853311538696	0.7591444253921509	0.9987871646881104	0.0007288463530130684	0.005888340994715691	0.04887945204973221	-0.05488400161266327	-0.5833649635314941	-0.139629527926445	-0.42295530438423157	0.7607969045639038	-0.2569429278373718	0.0877377986907959	0.3798157870769501	-0.1535736471414566	-0.06121368706226349	0.758897066116333	-0.29619544744491577	0.2028203308582306	0.15221759676933289	0.29647111892700195	-0.5428881645202637	-0.7003940343856812	0.1800050437450409	-0.26140886545181274	0.42131248116493225	-0.6892627477645874	0.39994651079177856	1.2934372425079346	-0.291587769985199	0.24316459894180298	-0.753416121006012	-0.11837035417556763	0.4400750696659088	1.5510402917861938	-0.6796561479568481	1.0735564231872559	2.3988871574401855	1.0161950588226318	1.2148685455322266	0.15221424400806427	-0.40533021092414856	0.4231497645378113	0.55437833070755	0.07404722273349762	0.29077157378196716	-0.048980116844177246	0.5148664116859436
-0.5681823492050171	-0.41831669211387634	0.7608585357666016	0.9987193942070007	-0.0009157176245935261	0.004887582268565893	0.05034805089235306	-0.03544890880584717	-0.5515455007553101	-0.1488928496837616	-0.4249058663845062	0.7355715036392212	-0.25163352489471436	0.09822489321231842	0.433174729347229	-0.17100945115089417	-0.028996547684073448	0.8357577323913574	-0.28179407119750977	0.23260919749736786	0.1552405208349228	0.2884214520454407	-0.5344845652580261	-0.6893843412399292	0.18147557973861694	-0.25563427805900574	0.4203397333621979	-0.6790376901626587	0.7372277975082397	1.4606192111968994	-0.29340869188308716	0.09775161743164062	-1.1501059532165527	0.2006523311138153	0.48193371295928955	2.470524549484253	-0.6090469360351562	1.759705901145935	3.2491416931152344	1.2694451808929443	1.178673267364502	0.14991089701652527	-0.39919614791870117	0.41674673557281494	0.5459904670715332	0.07292628288269043	0.28637126088142395	-0.048238784074783325	0.5070716142654419
-0.564412534236908	-0.41180503368377686	0.7627251744270325	0.9986891746520996	-0.0036711967550218105	0.00449392618611455	0.050859950482845306	-0.02539488859474659	-0.5249401926994324	-0.15136587619781494	-0.41904523968696594	0.7147926688194275	-0.2489168345928192	0.10701514780521393	0.478636771440506	-0.17793552577495575	0.009174550883471966	0.8888627290725708	-0.24541763961315155	0.24996726214885712	0.1582140326499939	0.2805032730102539	-0.5262182950973511	-0.6785544157028198	0.1829220950603485	-0.2499540150165558	0.4193829298019409	-0.6689798831939697	0.4291786849498749	1.3838313817977905	-0.021723657846450806	0.4455365240573883	-1.1822909116744995	0.1566316932439804	0.45356956124305725	2.805307388305664	-0.18672123551368713	2.4584126472473145	2.8400301933288574	2.3326926231384277	0.37094390392303467	0.14733709394931793	-0.3923438489437103	0.4095926880836487	0.536617636680603	0.07167458534240723	0.2814561128616333	-0.047410279512405396	0.4983663558959961
-0.560167670249939	-0.40516120195388794	0.764829695224762	0.9987618923187256	-0.0063953460194170475	0.005017392802983522	0.049080122262239456	-0.018281761556863785	-0.49619224667549133	-0.14976179599761963	-0.4070844054222107	0.6882798671722412	-0.24536825716495514	0.11636767536401749	0.5453870296478271	-0.17847830057144165	0.06933996081352234	0.9493589401245117	-0.18848636746406555	0.2474469542503357	0.1611340045928955	0.27272769808769226	-0.5181008577346802	-0.6679196357727051	0.18434256315231323	-0.2443760335445404	0.41844332218170166	-0.6591030359268188	0.44371965527534485	1.5057116746902466	0.13755448162555695	0.6269938945770264	-1.4271631240844727	0.1860145479440689	0.4345446825027466	3.4598476886749268	0.14004074037075043	3.1356401443481445	3.0042262077331543	2.998948574066162	-0.31043773889541626	0.1445908099412918	-0.3850296139717102	0.40195584297180176	0.5266144871711731	0.07033869624137878	0.27620866894721985	-0.04652664065361023	0.48907846212387085
-0.5553843379020691	-0.398222953081131	0.7670953869819641	0.9989079833030701	-0.009820065461099148	0.005728196818381548	0.04531968757510185	-0.007646102458238602	-0.4647117257118225	-0.14586369693279266	-0.393965482711792	0.6577061414718628	-0.24147625267505646	0.12439693510532379	0.617030680179596	-0.17233389616012573	0.13460016250610352	1.0090317726135254	-0.1254597008228302	0.23754975199699402	0.16399766504764557	0.2651020884513855	-0.510140061378479	-0.6574898362159729	0.18573564291000366	-0.238905668258667	0.4175218641757965	-0.6494167447090149	0.4513102173805237	1.4797322750091553	0.19958838820457458	0.7903493642807007	-1.5111207962036133	0.2231936901807785	0.42849200963974	4.101657867431641	0.7603783011436462	4.057703971862793	3.207463026046753	3.0803613662719727	-0.6403099894523621	0.14156177639961243	-0.37696436047554016	0.39353668689727783	0.5155831575393677	0.0688653439283371	0.2704225480556488	-0.045552849769592285	0.4788339138031006
-0.5516870617866516	-0.391160249710083	0.7690553665161133	0.9990999698638916	-0.01294120866805315	0.006818258203566074	0.039817530661821365	-0.00022935349261388183	-0.437002956867218	-0.14177826046943665	-0.37547042965888977	0.6278350353240967	-0.236440509557724	0.1335073560476303	0.7094533443450928	-0.14806316792964935	0.23164811730384827	1.0776574611663818	-0.06527191400527954	0.22183455526828766	0.16679647564888	0.25764912366867065	-0.5023593902587891	-0.6472963094711304	0.18709717690944672	-0.23355913162231445	0.41662120819091797	-0.6399496793746948	0.18597912788391113	0.9424999356269836	0.14923140406608582	0.966663658618927	-1.2156933546066284	0.27774161100387573	0.4165794849395752	5.052347660064697	1.7390817403793335	5.403648376464844	3.789716958999634	1.793196439743042	-1.005760908126831	0.1383129507303238	-0.3683142364025116	0.38450732827186584	0.5037501454353333	0.06728470325469971	0.26421770453453064	-0.04450753331184387	0.46784430742263794
-0.5509266257286072	-0.38609620928764343	0.7698692083358765	0.9993062615394592	-0.01437960471957922	0.008984830230474472	0.03316180780529976	-0.0002069377660518512	-0.42701172828674316	-0.13989444077014923	-0.3552989363670349	0.6090784072875977	-0.23036658763885498	0.14106011390686035	0.8191245794296265	-0.10277062654495239	0.3507460951805115	1.1606204509735107	-0.05373184755444527	0.19731931388378143	0.16953018307685852	0.25036951899528503	-0.49475976824760437	-0.6373398303985596	0.18842703104019165	-0.22833696007728577	0.41574156284332275	-0.6307029724121094	-0.022865571081638336	0.09357854723930359	-0.006724148988723755	1.028383493423462	-0.6816849112510681	0.2453777939081192	0.36759600043296814	5.989634990692139	3.1474695205688477	6.552381992340088	4.990577697753906	-0.3895379602909088	-0.9617674946784973	0.16205981373786926	-0.4315488040447235	0.45052021741867065	0.5902379751205444	0.07883720099925995	0.3095802068710327	-0.05214810371398926	0.548166036605835
-0.5519837141036987	-0.3820933699607849	0.7696536779403687	0.999529242515564	-0.014135321602225304	0.012862319126725197	0.024007827043533325	-0.0011439763475209475	-0.4332598149776459	-0.1420472264289856	-0.3343350887298584	0.600567638874054	-0.22662539780139923	0.14821119606494904	0.9490387439727783	-0.02216438576579094	0.4937433898448944	1.277280569076538	-0.0808534324169159	0.18336385488510132	0.17327886819839478	0.2403871715068817	-0.48433858156204224	-0.6236867904663086	0.19025066494941711	-0.2211759239435196	0.4145352840423584	-0.6180230379104614	0.19548502564430237	-0.24258196353912354	-0.14590881764888763	0.6388172507286072	-0.3269076347351074	0.14379993081092834	0.3048934042453766	4.76357364654541	3.178921699523926	5.120171546936035	4.5738935470581055	-1.2253872156143188	-0.2570766806602478	0.15752315521240234	-0.41946732997894287	0.4379086196422577	0.5737155675888062	0.07662996649742126	0.3009133040904999	-0.05068778991699219	0.53282231092453
-0.5522317886352539	-0.3803008198738098	0.769555389881134	0.9996288418769836	-0.013761552050709724	0.01504555344581604	0.018069807440042496	0.007612463552504778	-0.4367150068283081	-0.14573079347610474	-0.3297462463378906	0.5960021018981934	-0.22461459040641785	0.15325585007667542	1.0096675157546997	0.024386238306760788	0.5555529594421387	1.343576192855835	-0.10274733603000641	0.18703624606132507	0.17583110928535461	0.23359082639217377	-0.47724342346191406	-0.6143912076950073	0.1914922297000885	-0.21630042791366577	0.41371405124664307	-0.6093900799751282	0.5879758596420288	-0.061849504709243774	-0.19316934049129486	0.08752793073654175	-0.30617713928222656	0.1514442265033722	0.24753175675868988	2.5819034576416016	2.0641300678253174	2.5374300479888916	2.9825031757354736	-1.093585729598999	0.3835883140563965	0.1256100833415985	-0.334486722946167	0.3491923213005066	0.45748651027679443	0.06110481917858124	0.23995079100131989	-0.040418654680252075	0.4248768091201782
-0.5521491169929504	-0.3788466155529022	0.7698031663894653	0.9996885061264038	-0.013647167012095451	0.01652933470904827	0.012788902036845684	0.022375056520104408	-0.4357337951660156	-0.1497740000486374	-0.33083397150039673	0.5883205533027649	-0.22056762874126434	0.15811246633529663	1.0523148775100708	0.060400817543268204	0.595240592956543	1.396580696105957	-0.12459686398506165	0.19870738685131073	0.17830327153205872	0.2270077019929886	-0.470370888710022	-0.6053873300552368	0.19269485771656036	-0.2115778923034668	0.4129185378551483	-0.6010279655456543	0.7701782584190369	0.13429075479507446	-0.18059834837913513	-0.09196549654006958	-0.4501551389694214	0.2641763687133789	0.22054240107536316	1.8413662910461426	1.6404863595962524	1.6624927520751953	2.3837685585021973	-1.073835015296936	0.5875147581100464	0.12134090065956116	-0.3231186270713806	0.33732354640960693	0.441935658454895	0.05902871489524841	0.2317957580089569	-0.039045512676239014	0.41043609380722046
-0.5521001815795898	-0.37783509492874146	0.7702824473381042	0.9997239112854004	-0.013612359762191772	0.017326906323432922	0.008167577907443047	0.03841959312558174	-0.4313433766365051	-0.15295472741127014	-0.3334248661994934	0.5779958963394165	-0.21404753625392914	0.16207754611968994	1.0833221673965454	0.09000569581985474	0.6220526695251465	1.4389269351959229	-0.14570073783397675	0.21053683757781982	0.18068474531173706	0.2206660807132721	-0.4637504816055298	-0.5967137813568115	0.19385337829589844	-0.2070285975933075	0.4121522307395935	-0.5929726362228394	0.7732316255569458	0.24523288011550903	-0.12834034860134125	-0.12785717844963074	-0.5315050482749939	0.3474529981613159	0.1740783452987671	1.330244541168213	1.3876489400863647	1.1412427425384521	1.897495985031128	-0.990480899810791	0.5399965047836304	0.11685490608215332	-0.3111720085144043	0.32485127449035645	0.42559653520584106	0.05684606730937958	0.22322535514831543	-0.037601590156555176	0.3952622413635254
-0.5520889163017273	-0.37720736861228943	0.7708150148391724	0.999738872051239	-0.013649066910147667	0.017787814140319824	0.004439292475581169	0.05330432206392288	-0.42592447996139526	-0.15490761399269104	-0.33594825863838196	0.5670603513717651	-0.20666950941085815	0.16507560014724731	1.1055246591567993	0.11590677499771118	0.6408903002738953	1.4724805355072021	-0.16421610116958618	0.22030724585056305	0.18297746777534485	0.21456082165241241	-0.4573768377304077	-0.5883634686470032	0.19496870040893555	-0.20264887809753418	0.4114144742488861	-0.5852174758911133	0.7020897269248962	0.27349889278411865	-0.06538182497024536	-0.11898130178451538	-0.5256891250610352	0.3518659472465515	0.11979639530181885	0.9031116962432861	1.189300775527954	0.7611498236656189	1.4509081840515137	-0.7777210474014282	0.3117009997367859	0.11221356689929962	-0.2988118529319763	0.31194835901260376	0.4086926579475403	0.05458816885948181	0.21435841917991638	-0.03610849380493164	0.3795623779296875
-0.5520734786987305	-0.3769417107105255	0.7712953686714172	0.9997430443763733	-0.013773111626505852	0.0178935918956995	0.0020436926279217005	0.06650318205356598	-0.4204034209251404	-0.15557000041007996	-0.338184118270874	0.5569683313369751	-0.19997289776802063	0.1668694019317627	1.1194466352462769	0.13757772743701935	0.6524986624717712	1.4969632625579834	-0.17680957913398743	0.22300487756729126	0.18517328798770905	0.2087136059999466	-0.45127254724502563	-0.5803660750389099	0.1960369050502777	-0.19845426082611084	0.41070789098739624	-0.5777901411056519	0.6160793900489807	0.26306360960006714	-0.025532394647598267	-0.10957643389701843	-0.4824310541152954	0.3136537969112396	0.06303712725639343	0.5354911088943481	0.9789344072341919	0.45511871576309204	1.008594036102295	-0.5728930234909058	0.0796247273683548	0.1072615385055542	-0.2856265902519226	0.2981841564178467	0.39065778255462646	0.05217939615249634	0.20489990711212158	-0.034514814615249634	0.36281198263168335
-0.5521215796470642	-0.3769160211086273	0.7716339230537415	0.9997437000274658	-0.013834148645401001	0.01791452057659626	0.0006023913738317788	0.07794749736785889	-0.4154019355773926	-0.15592890977859497	-0.3403313159942627	0.5477631092071533	-0.19412335753440857	0.16759708523750305	1.1269443035125732	0.1550641506910324	0.659095048904419	1.512824296951294	-0.1871318221092224	0.22349223494529724	0.18726792931556702	0.20313575863838196	-0.44544947147369385	-0.5727371573448181	0.1970558762550354	-0.19445288181304932	0.4100338816642761	-0.570704996585846	0.5033625364303589	0.21648555994033813	-0.021449103951454163	-0.10316595435142517	-0.39227306842803955	0.24857819080352783	0.009557604789733887	0.2187788486480713	0.7703102827072144	0.23185312747955322	0.583350658416748	-0.5597196817398071	-0.015350431203842163	0.10217688977718353	-0.2720870077610016	0.2840489149093628	0.3721386194229126	0.04970543086528778	0.195186585187912	-0.03287866711616516	0.345611572265625
-0.5521624088287354	-0.3769461512565613	0.7717971801757812	0.9997448325157166	-0.01380926463752985	0.017882760614156723	6.588715768884867e-05	0.08663768321275711	-0.41174399852752686	-0.15642796456813812	-0.34231075644493103	0.5412774085998535	-0.19002977013587952	0.16725170612335205	1.1281977891921997	0.16839013993740082	0.6617727875709534	1.5202972888946533	-0.19919836521148682	0.22239086031913757	0.1892603635787964	0.19783012568950653	-0.4399105906486511	-0.5654805302619934	0.19802512228488922	-0.19064679741859436	0.40939274430274963	-0.5639656782150269	0.42447373270988464	0.2008482813835144	-0.04459097981452942	-0.06531029939651489	-0.3552272915840149	0.18730536103248596	-0.05413666367530823	-0.1293182373046875	0.5644757151603699	0.012114644050598145	0.05949735641479492	-0.6897788643836975	-0.13703368604183197	0.11552274227142334	-0.30762478709220886	0.321149080991745	0.42074471712112427	0.056197866797447205	0.22068098187446594	-0.03717243671417236	0.39075613021850586
-0.5527052879333496	-0.37702685594558716	0.7716091871261597	0.9997568726539612	-0.01334775984287262	0.01754293590784073	0.0007611332111991942	0.09492644667625427	-0.407368004322052	-0.15771254897117615	-0.3429437279701233	0.5335540175437927	-0.18663114309310913	0.16543161869049072	1.1217715740203857	0.17764317989349365	0.6595796346664429	1.5152041912078857	-0.21472297608852386	0.21801088750362396	0.19188883900642395	0.1908307671546936	-0.43260350823402405	-0.5559073686599731	0.1993037909269333	-0.18562564253807068	0.40854698419570923	-0.5550747513771057	0.25275909900665283	0.1927211880683899	-0.07106661796569824	0.0061452388763427734	-0.3171071410179138	0.1378815621137619	-0.099886953830719	-0.580209493637085	0.17574690282344818	-0.29682666063308716	-0.6982982158660889	-0.774817943572998	-0.2523031234741211	0.12218840420246124	-0.3253750503063202	0.33967941999435425	0.44502168893814087	0.0594407320022583	0.23341476917266846	-0.03931745886802673	0.41330456733703613
-0.5534795522689819	-0.3769122362136841	0.7712694406509399	0.9997695088386536	-0.012619857676327229	0.01691669411957264	0.003970128018409014	0.09674804657697678	-0.40403515100479126	-0.15927062928676605	-0.3420649468898773	0.528593122959137	-0.18451450765132904	0.1632562279701233	1.1049894094467163	0.17542001605033875	0.6498997211456299	1.4923653602600098	-0.23019108176231384	0.21229873597621918	0.19414789974689484	0.18481512367725372	-0.42632341384887695	-0.5476796627044678	0.20040275156497955	-0.18131020665168762	0.40782004594802856	-0.5474334955215454	0.02596452832221985	0.11343806982040405	-0.08818395435810089	0.06444677710533142	-0.14420747756958008	0.05326978862285614	-0.08216463029384613	-0.8956044912338257	-0.20997077226638794	-0.5062088370323181	-1.2729108333587646	-0.6067503094673157	-0.27725285291671753	0.09860210120677948	-0.2625666558742523	0.2741098403930664	0.3591194748878479	0.04796646535396576	0.1883573830127716	-0.031729042530059814	0.333520770072937
-0.5544224977493286	-0.37717926502227783	0.77079176902771	0.9997803568840027	-0.01158505491912365	0.016202544793486595	0.006513877771794796	0.09596502780914307	-0.40283048152923584	-0.16123990714550018	-0.34036585688591003	0.5277857184410095	-0.18450035154819489	0.16214503347873688	1.0859473943710327	0.16924434900283813	0.6393312811851501	1.4642877578735352	-0.23899298906326294	0.2069207727909088	0.19583292305469513	0.1803281009197235	-0.4216391146183014	-0.5415425896644592	0.20122244954109192	-0.17809134721755981	0.40727782249450684	-0.5417339205741882	-0.08473284542560577	0.054498761892318726	-0.09367652237415314	0.0691629946231842	-0.011192262172698975	-0.016277655959129333	-0.05753636360168457	-1.0947644710540771	-0.37645772099494934	-0.6013661623001099	-1.5833735466003418	-0.43885743618011475	-0.2571415305137634	0.0775601714849472	-0.20653493702411652	0.21561533212661743	0.2824828028678894	0.03773048520088196	0.1481618732213974	-0.02495795488357544	0.26234686374664307
-0.5552799701690674	-0.37774965167045593	0.7703444957733154	0.999779462814331	-0.010464459657669067	0.015405083075165749	0.009715336374938488	0.09335873275995255	-0.4018552005290985	-0.16301769018173218	-0.33929842710494995	0.528145432472229	-0.1851656138896942	0.1609547734260559	1.0611988306045532	0.16036170721054077	0.6258450746536255	1.429030418395996	-0.24774537980556488	0.2020130753517151	0.19725030660629272	0.17655372619628906	-0.41769880056381226	-0.5363803505897522	0.20191197097301483	-0.17538373172283173	0.40682172775268555	-0.5369396209716797	-0.16876626014709473	0.024775415658950806	-0.07770508527755737	0.02780705690383911	0.07857978343963623	-0.0839386135339737	-0.08494071662425995	-1.3973534107208252	-0.46665704250335693	-0.7485389709472656	-1.9595086574554443	-0.4016704857349396	-0.23893117904663086	0.06767511367797852	-0.18021166324615479	0.18813461065292358	0.2464786171913147	0.03292188048362732	0.12927837669849396	-0.021777302026748657	0.2289116382598877
-0.5561168193817139	-0.3787948489189148	0.7698462605476379	0.9997626543045044	-0.009286850690841675	0.014398260042071342	0.013472666032612324	0.08921437710523605	-0.4018394649028778	-0.16434811055660248	-0.33925357460975647	0.530928909778595	-0.18785789608955383	0.15874740481376648	1.0300532579421997	0.1505780667066574	0.6093897223472595	1.3859074115753174	-0.2550598084926605	0.19736352562904358	0.19853992760181427	0.17311963438987732	-0.41411373019218445	-0.5316834449768066	0.202539324760437	-0.17292021214962006	0.4064067304134369	-0.5325774550437927	-0.2569403648376465	-0.10369494557380676	-0.08661523461341858	-0.0799030065536499	0.3307461738586426	-0.2079010009765625	-0.20584650337696075	-2.1150975227355957	-0.6266024112701416	-1.1076405048370361	-2.9193639755249023	-0.32916927337646484	-0.26449263095855713	0.07189139723777771	-0.191439688205719	0.19985586404800415	0.2618372440338135	0.03497302532196045	0.1373331993818283	-0.023133307695388794	0.24317502975463867
-0.5573386549949646	-0.38115477561950684	0.768866240978241	0.9997121691703796	-0.007424432318657637	0.01270558312535286	0.018953170627355576	0.08308111876249313	-0.4060029983520508	-0.16648229956626892	-0.34249454736709595	0.5413752794265747	-0.1934816539287567	0.15272091329097748	0.9765949249267578	0.13529761135578156	0.5815394520759583	1.312255859375	-0.260912150144577	0.1914333701133728	0.20012596249580383	0.1688961386680603	-0.4097045660018921	-0.5259068608283997	0.20331089198589325	-0.1698904037475586	0.40589639544487	-0.5272126197814941	-0.1853765845298767	-0.2668648958206177	-0.09833909571170807	-0.22460967302322388	0.6323263049125671	-0.24961493909358978	-0.30039548873901367	-2.5572240352630615	-0.7644264101982117	-1.3876423835754395	-3.4137070178985596	-0.20570531487464905	-0.2446301281452179	0.06342977285385132	-0.16890764236450195	0.17633214592933655	0.23101866245269775	0.030856579542160034	0.12116916477680206	-0.020409375429153442	0.2145513892173767
-0.5579586625099182	-0.3835552930831909	0.7681218981742859	0.9996561408042908	-0.006009887438267469	0.010858358815312386	0.023102227598428726	0.08179931342601776	-0.4125140607357025	-0.1682816743850708	-0.3482379615306854	0.5562219619750977	-0.19784249365329742	0.14673158526420593	0.9277642965316772	0.12000101059675217	0.5538840293884277	1.249359130859375	-0.2632880210876465	0.18757832050323486	0.20107711851596832	0.16636332869529724	-0.407060444355011	-0.5224426984786987	0.2037735879421234	-0.16807344555854797	0.40559035539627075	-0.5239953994750977	-0.022188760340213776	-0.368490070104599	-0.10400228202342987	-0.335761159658432	0.8418932557106018	-0.3162600100040436	-0.2829510569572449	-2.54217529296875	-0.7947668433189392	-1.4654576778411865	-3.263092041015625	0.2323143184185028	-0.1842934638261795	0.04385560750961304	-0.116783007979393	0.12191683053970337	0.1597270369529724	0.021334365010261536	0.08377693593502045	-0.014112144708633423	0.14834105968475342
-0.5583622455596924	-0.3863791823387146	0.7669965624809265	0.9995971322059631	-0.00442389864474535	0.00892575178295374	0.026584438979625702	0.08219356834888458	-0.42074260115623474	-0.17064239084720612	-0.3559249937534332	0.5750510096549988	-0.20613205432891846	0.14140287041664124	0.874907910823822	0.10350693762302399	0.5229211449623108	1.181732177734375	-0.2516195774078369	0.18406163156032562	0.20188018679618835	0.16422481834888458	-0.40482789278030396	-0.5195177793502808	0.2041642665863037	-0.16653932631015778	0.40533190965652466	-0.521278977394104	0.04491731524467468	-0.4573501646518707	-0.14674663543701172	-0.4536077380180359	1.0724574327468872	-0.5020275712013245	-0.28387904167175293	-2.8031632900238037	-0.8801277875900269	-1.6868963241577148	-3.5054385662078857	0.9315091967582703	-0.16222819685935974	0.03633759915828705	-0.09676255285739899	0.10101795196533203	0.13234466314315796	0.017677247524261475	0.06941482424736023	-0.011692941188812256	0.12291073799133301
-0.5586317777633667	-0.3895223140716553	0.7655295729637146	0.9995264410972595	-0.0026708077639341354	0.006668404676020145	0.029925554990768433	0.08359600603580475	-0.43080806732177734	-0.17415153980255127	-0.36638227105140686	0.5991202592849731	-0.2179235965013504	0.13537642359733582	0.8156377673149109	0.08479589968919754	0.48640817403793335	1.1091415882110596	-0.22602765262126923	0.18108919262886047	0.2025306224822998	0.16249282658100128	-0.4030197262763977	-0.5171489119529724	0.20448067784309387	-0.16529685258865356	0.40512263774871826	-0.5190789699554443	0.05850307643413544	-0.5891606211662292	-0.20717307925224304	-0.5944326519966125	1.3704941272735596	-0.6744045615196228	-0.3127150237560272	-3.058861255645752	-0.9094577431678772	-1.8852665424346924	-3.686147928237915	1.7650346755981445	-0.13604946434497833	0.02872757613658905	-0.07649771869182587	0.07986128330230713	0.10462701320648193	0.013974681496620178	0.05487687885761261	-0.009243935346603394	0.09716898202896118
-0.5588921308517456	-0.39300408959388733	0.7636397480964661	0.999442994594574	-0.0008163333986885846	0.004197895992547274	0.03309963643550873	0.08453369140625	-0.4443090260028839	-0.17892931401729584	-0.37970229983329773	0.6298707723617554	-0.23310823738574982	0.12889426946640015	0.7525534629821777	0.06712862849235535	0.4475104808807373	1.0342862606048584	-0.1810181885957718	0.1786196529865265	0.20302928984165192	0.16116490960121155	-0.40163344144821167	-0.5153326988220215	0.20472325384616852	-0.16434425115585327	0.4049621522426605	-0.5173922181129456	-0.09912271052598953	-0.785161554813385	-0.25100260972976685	-0.6388508081436157	1.6977310180664062	-0.7645074129104614	-0.3093928098678589	-3.193052053451538	-0.8145526051521301	-1.9240237474441528	-3.648796558380127	0.890255331993103	-0.24134740233421326	0.02074912190437317	-0.05525313317775726	0.05768239498138428	0.07557123899459839	0.010093674063682556	0.03963671624660492	-0.006677210330963135	0.07018446922302246
-0.5595238208770752	-0.39643603563308716	0.7615725994110107	0.9993351697921753	0.0009979268070310354	0.0016438545426353812	0.03641205281019211	0.07963109761476517	-0.46221452951431274	-0.18419164419174194	-0.3919363021850586	0.6670295000076294	-0.2485038936138153	0.12300071120262146	0.6879156827926636	0.052213795483112335	0.40944722294807434	0.9631897211074829	-0.19041743874549866	0.17143529653549194	0.20336058735847473	0.160282701253891	-0.40071243047714233	-0.5141260623931885	0.20488442480564117	-0.16371138393878937	0.40485554933547974	-0.5162715911865234	-0.4061257541179657	-1.0107054710388184	-0.24360232055187225	-0.5590766668319702	2.020949125289917	-0.8534733057022095	-0.28921273350715637	-3.280338764190674	-0.6720211505889893	-1.933337688446045	-3.09555983543396	-2.173079252243042	-0.7540389895439148	0.012548640370368958	-0.03341659903526306	0.03488510847091675	0.045703351497650146	0.006104633212089539	0.023971498012542725	-0.0040374696254730225	0.04244595766067505
-0.560141384601593	-0.4001988470554352	0.7587923407554626	0.9991909265518188	0.00279831956140697	-0.0008109077461995184	0.04011548310518265	0.0682886615395546	-0.48473724722862244	-0.18867340683937073	-0.40206536650657654	0.710708737373352	-0.26724717020988464	0.11732576042413712	0.6213399171829224	0.040247783064842224	0.3701769709587097	0.9104638695716858	-0.26794135570526123	0.1484580934047699	0.20353123545646667	0.15982824563980103	-0.400238037109375	-0.5135045647621155	0.2049674391746521	-0.16338539123535156	0.4048006534576416	-0.5156943798065186	-0.5022693276405334	-1.2982890605926514	-0.30018091201782227	-0.7204994559288025	2.3713901042938232	-1.0147653818130493	-0.29649436473846436	-2.9298007488250732	-0.5742180943489075	-1.9913547039031982	-2.484302282333374	-3.2505252361297607	-0.7839556932449341	0.004860386252403259	-0.012942403554916382	0.01351088285446167	0.01770108938217163	0.002364441752433777	0.009284541010856628	-0.001564621925354004	0.01644045114517212
-0.5604444146156311	-0.404406875371933	0.7556328773498535	0.9990096092224121	0.004331907723098993	-0.0024994886480271816	0.04421178624033928	0.05954032391309738	-0.514146089553833	-0.19619888067245483	-0.4207562804222107	0.7618851065635681	-0.2890945076942444	0.11114093661308289	0.5707236528396606	0.02924507111310959	0.3297930359840393	0.8638176321983337	-0.3204384446144104	0.14007706940174103	0.20355500280857086	0.15976500511169434	-0.40017199516296387	-0.5134180188179016	0.20497900247573853	-0.1633400022983551	0.4047929644584656	-0.5156139731407166	-0.8219121694564819	-1.2389637231826782	-0.1524321734905243	-0.5802303552627563	2.136519432067871	-0.9508841037750244	-0.26491302251815796	-2.181485176086426	-0.28358158469200134	-1.5128672122955322	-2.108328104019165	-2.1633856296539307	-0.9406508803367615	0.0005941838026046753	-0.0015810132026672363	0.0016510486602783203	0.0021636486053466797	0.00028908252716064453	0.001134723424911499	-0.00019147992134094238	0.002010166645050049
-0.5596386194229126	-0.40825355052948	0.7536541819572449	0.9987964034080505	0.005200416315346956	-0.0030036962125450373	0.04868023842573166	0.035412173718214035	-0.5342957973480225	-0.1947706937789917	-0.4252745807170868	0.7961695194244385	-0.3052825331687927	0.10672923922538757	0.5340805053710938	0.028904519975185394	0.3096622824668884	0.826130747795105	-0.35447677969932556	0.11083205789327621	0.20355500280857086	0.15976500511169434	-0.40017199516296387	-0.5134180188179016	0.20497900247573853	-0.1633400022983551	0.40479299426078796	-0.5156139731407166	-1.1293659210205078	-0.835159420967102	0.08072331547737122	-0.13977289199829102	1.3849213123321533	-0.6105512380599976	-0.14714616537094116	-1.2595117092132568	0.14575663208961487	-0.42158886790275574	-1.4573633670806885	-0.8258663415908813	-0.8347369432449341	0.0	0.0	0.0	0.0	0.0	0.0	7.450580596923828e-07	0.0
-0.558142364025116	-0.4118296802043915	0.752418577671051	0.998681902885437	0.006544492207467556	-0.002341922838240862	0.05085765942931175	0.014365688897669315	-0.5475524663925171	-0.19296994805335999	-0.42634719610214233	0.81728196144104	-0.3135165572166443	0.10525508970022202	0.5203431844711304	0.03507533669471741	0.3129294812679291	0.8055230975151062	-0.35347309708595276	0.10668759047985077	0.20355500280857086	0.15976500511169434	-0.40017199516296387	-0.5134180188179016	0.20497900247573853	-0.1633400022983551	0.40479299426078796	-0.5156139731407166	-1.2196546792984009	-0.6493359804153442	0.14133378863334656	0.03133043646812439	0.8829176425933838	-0.3566421568393707	-0.05685947835445404	-0.06658881902694702	0.45908066630363464	0.6267622113227844	-0.5910307168960571	0.4681922495365143	-0.03417748957872391	0.0	0.0	0.0	0.0	0.0	0.0	0.0	0.0
-0.5561103820800781	-0.4151856303215027	0.7517282366752625	0.9985870718955994	0.007768104784190655	0.00028751237550750375	0.05256771296262741	-0.013374011032283306	-0.5602692365646362	-0.18911734223365784	-0.4240213632583618	0.8314862251281738	-0.31954821944236755	0.10445486009120941	0.5314169526100159	0.047267746180295944	0.3347327709197998	0.8024895191192627	-0.335749089717865	0.10946495831012726	0.20355500280857086	0.15976500511169434	-0.40017199516296387	-0.5134180188179016	0.20497900247573853	-0.1633400022983551	0.40479299426078796	-0.5156139731407166	-1.5217710733413696	-0.5863934755325317	0.28010234236717224	0.23130476474761963	0.5689412355422974	-0.36708712577819824	-0.022065453231334686	0.8365064859390259	0.6760419607162476	1.2158311605453491	0.1488819718360901	0.7618688344955444	-0.06230100989341736	-3.725290298461914e-07	0.0	0.0	0.0	0.0	0.0	-7.450580596923828e-07	0.0
-0.5549439191818237	-0.41848278045654297	0.7511851787567139	0.9984701871871948	0.008791624568402767	0.0031041926704347134	0.05450158938765526	-0.046505156904459	-0.5710082054138184	-0.1817658543586731	-0.41709500551223755	0.8400396108627319	-0.3282000422477722	0.10437247157096863	0.5538034439086914	0.062117014080286026	0.36156272888183594	0.8114783763885498	-0.3229983448982239	0.10419555008411407	0.20355498790740967	0.15976500511169434	-0.40017199516296387	-0.5134180188179016	0.20497900247573853	-0.1633400022983551	0.4047929644584656	-0.5156139731407166	-1.1888234615325928	-0.43024420738220215	0.3057110905647278	0.18048733472824097	0.31261146068573	-0.3647260367870331	0.02706274390220642	0.8612900972366333	0.5754542350769043	0.8867509365081787	0.37704557180404663	0.24289339780807495	-0.38624441623687744	0.0	0.0	0.0	0.0	0.0	0.0	-7.450580596923828e-07	0.0
-0.554695725440979	-0.4211540222167969	0.7509838938713074	0.9984889626502991	0.009214569814503193	0.004571902099996805	0.0539831779897213	-0.060926951467990875	-0.5774790048599243	-0.17688889801502228	-0.4168018698692322	0.843990683555603	-0.3341372609138489	0.10553736984729767	0.5658685564994812	0.07028591632843018	0.37020280957221985	0.8175713419914246	-0.326033353805542	0.09401518106460571	0.20355500280857086	0.15976500511169434	-0.40017199516296387	-0.5134180188179016	0.20497900247573853	-0.1633400022983551	0.4047929644584656	-0.5156139731407166	-0.3482038974761963	-0.24937540292739868	0.20314380526542664	-0.12538880109786987	0.11351853609085083	-0.215989351272583	0.001134723424911499	0.1324087381362915	0.2751733064651489	0.04467219114303589	-0.07552802562713623	-0.22792965173721313	-0.4387669265270233	3.725290298461914e-07	0.0	0.0	0.0	0.0	0.0	7.450580596923828e-07	0.0
-0.5536627769470215	-0.42371752858161926	0.7510561943054199	0.9985635876655579	0.00927308015525341	0.006100383121520281	0.05241842940449715	-0.06043331325054169	-0.5809832215309143	-0.17364010214805603	-0.42211055755615234	0.844580352306366	-0.33683961629867554	0.10441786050796509	0.5590997934341431	0.07312394678592682	0.3633496165275574	0.8084572553634644	-0.3321155309677124	0.08664487302303314	0.20355500280857086	0.15976500511169434	-0.40017199516296387	-0.5134180188179016	0.20497900247573853	-0.1633400022983551	0.40479299426078796	-0.5156139731407166	0.2823251187801361	-0.1349225640296936	0.10341592133045197	-0.32815486192703247	0.00035762786865234375	-0.04561096429824829	-0.08634757250547409	-0.43323636054992676	0.09341388940811157	-0.409921258687973	-0.46813488006591797	-0.23754239082336426	-0.28239506483078003	0.0	0.0	0.0	0.0	0.0	0.0	7.450580596923828e-07	0.0
-0.5528275966644287	-0.42564764618873596	0.751264214515686	0.998693585395813	0.009184363298118114	0.006841311696916819	0.049800530076026917	-0.049633946269750595	-0.5828759074211121	-0.1727522611618042	-0.4299280643463135	0.8440049886703491	-0.3359616994857788	0.1020834669470787	0.5485391020774841	0.07402247190475464	0.3538059592247009	0.7988459467887878	-0.33553504943847656	0.08271937817335129	0.20355500280857086	0.15976500511169434	-0.40017199516296387	-0.5134180188179016	0.20497900247573853	-0.1633400022983551	0.40479299426078796	-0.5156139731407166	0.5942062735557556	-0.039424002170562744	0.027849525213241577	-0.36409497261047363	-0.08708089590072632	0.10430887341499329	-0.1485005021095276	-0.43100714683532715	0.04219375550746918	-0.4152625799179077	-0.32781362533569336	-0.09521543979644775	-0.1738373190164566	0.0	0.0	0.0	0.0	0.0	0.0	0.0	0.0
-0.5523746609687805	-0.4269024729728699	0.7515443563461304	0.9987799525260925	0.009016281925141811	0.007042033597826958	0.048040878027677536	-0.036665063351392746	-0.5825601816177368	-0.17252612113952637	-0.4366743564605713	0.8410971164703369	-0.3326672613620758	0.09847784042358398	0.54185950756073	0.07481169700622559	0.34673911333084106	0.7953447103500366	-0.3359241485595703	0.07969138026237488	0.20355500280857086	0.15976500511169434	-0.40017199516296387	-0.5134180188179016	0.20497900247573853	-0.1633400022983551	0.40479299426078796	-0.5156139731407166	0.5737762451171875	0.07360130548477173	0.047159940004348755	-0.21204873919487	-0.18083006143569946	0.13144314289093018	-0.18454957008361816	-0.2725064754486084	0.043237581849098206	-0.26817619800567627	-0.09064525365829468	-0.023045390844345093	-0.17300936579704285	0.0	0.0	0.0	0.0	0.0	0.0	-7.450580596923828e-07	0.0
-0.5521405339241028	-0.42793598771095276	0.7516992092132568	0.9988623857498169	0.009002086706459522	0.006903107278048992	0.04631713405251503	-0.0266828965395689	-0.5799318552017212	-0.17086586356163025	-0.4384100139141083	0.8367717862129211	-0.3307039737701416	0.09470148384571075	0.5376388430595398	0.07575197517871857	0.3430789113044739	0.795220136642456	-0.33645686507225037	0.07579900324344635	0.20355500280857086	0.15976500511169434	-0.40017199516296387	-0.5134180188179016	0.20497900247573853	-0.1633400022983551	0.4047929644584656	-0.5156139731407166	0.463849812746048	0.16193240880966187	0.08339658379554749	-0.0113755464553833	-0.21142810583114624	0.08597299456596375	-0.1624600887298584	-0.20146965980529785	0.0016637146472930908	-0.1941390335559845	0.03934502601623535	-0.09793490171432495	-0.22941622138023376	0.0	0.0	0.0	0.0	0.0	0.0	-7.450580596923828e-07	0.0
-0.5520455837249756	-0.4287019371986389	0.7517547607421875	0.9989391565322876	0.009374639950692654	0.006062495056539774	0.044676635414361954	-0.01811107061803341	-0.5760828852653503	-0.16919025778770447	-0.4371293783187866	0.8326399922370911	-0.32922834157943726	0.09197943657636642	0.5338007211685181	0.07487824559211731	0.3389735519886017	0.796918511390686	-0.3398415446281433	0.0705147311091423	0.20355500280857086	0.15976500511169434	-0.40017199516296387	-0.5134180188179016	0.20497900247573853	-0.1633400022983551	0.4047929644584656	-0.5156139731407166	0.41554024815559387	0.21036267280578613	0.06908252835273743	0.0843934714794159	-0.20081549882888794	0.08090883493423462	-0.13199970126152039	-0.21514892578125	-0.08657034486532211	-0.24880319833755493	0.09231418371200562	-0.1924864947795868	-0.23331977427005768	0.0	0.0	0.0	0.0	0.0	0.0	7.450580596923828e-07	0.0
-0.552044153213501	-0.4292909801006317	0.7517572641372681	0.9989476799964905	0.009794906713068485	0.0051495847292244434	0.04451018571853638	-0.010061286389827728	-0.5715173482894897	-0.16810256242752075	-0.43503427505493164	0.8287391662597656	-0.3274676203727722	0.08942149579524994	0.5290328860282898	0.07228916138410568	0.3331267833709717	0.7989127039909363	-0.34415632486343384	0.06646621227264404	0.20355500280857086	0.15976500511169434	-0.40017199516296387	-0.5134180188179016	0.20497900247573853	-0.1633400022983551	0.40479299426078796	-0.5156139731407166	0.3857077658176422	0.2275213599205017	0.03975480794906616	0.10524466633796692	-0.18052756786346436	0.08679181337356567	-0.10371934622526169	-0.23352205753326416	-0.1450633704662323	-0.2992212772369385	0.11452734470367432	-0.20457059144973755	-0.16915816068649292	0.0	0.0	0.0	0.0	0.0	0.0	7.450580596923828e-07	0.0
-0.5520612597465515	-0.4297733008861542	0.7517480850219727	0.9989268183708191	0.010342375375330448	0.004121929872781038	0.04495880380272865	-0.0026827603578567505	-0.5669820308685303	-0.16760006546974182	-0.43291959166526794	0.8254188895225525	-0.32575666904449463	0.08783066272735596	0.5244598388671875	0.06907571107149124	0.32700470089912415	0.801499605178833	-0.3480243682861328	0.06374840438365936	0.20355500280857086	0.15976500511169434	-0.40017199516296387	-0.5134180188179016	0.20497900247573853	-0.1633400022983551	0.40479299426078796	-0.5156139731407166	0.2993999123573303	0.19455552101135254	0.019372999668121338	0.09685009717941284	-0.12263655662536621	0.06533712148666382	-0.08931495249271393	-0.17914175987243652	-0.1343378722667694	-0.24790987372398376	0.17209798097610474	-0.1979917287826538	-0.135002002120018	0.0	0.0	0.0	0.0	0.0	0.0	0.0	0.0
-0.552148163318634	-0.4301997423171997	0.7515996694564819	0.9988592863082886	0.011106953956186771	0.0026158138643950224	0.046369630843400955	0.001914709573611617	-0.5637351274490356	-0.1673276424407959	-0.4311602711677551	0.823833703994751	-0.32485413551330566	0.08584889769554138	0.5218672156333923	0.06691564619541168	0.32321038842201233	0.8057966232299805	-0.35207599401474	0.06106613203883171	0.20355500280857086	0.15976500511169434	-0.40017199516296387	-0.5134180188179016	0.20497900247573853	-0.1633400022983551	0.40479299426078796	-0.5156139731407166	0.17294533550739288	0.13664811849594116	0.015788152813911438	0.07829740643501282	-0.036503374576568604	0.032154470682144165	-0.11028982698917389	-0.11158883571624756	-0.08746068924665451	-0.16103088855743408	0.22678077220916748	-0.1954592764377594	-0.11578285694122314	-3.725290298461914e-07	0.0	0.0	0.0	0.0	0.0	-7.450580596923828e-07	0.0
-0.5522359609603882	-0.4306042790412903	0.7513632774353027	0.998796284198761	0.011550379917025566	0.0016597247449681163	0.047645095735788345	0.004235052969306707	-0.5615161061286926	-0.16696853935718536	-0.42978769540786743	0.8239587545394897	-0.32447049021720886	0.083419069647789	0.5199962854385376	0.06557728350162506	0.3205634653568268	0.8105708360671997	-0.3558427393436432	0.059117089956998825	0.20355498790740967	0.15976500511169434	-0.40017199516296387	-0.5134180188179016	0.20497900247573853	-0.1633400022983551	0.4047929644584656	-0.5156139731407166	0.07244602590799332	0.09714514017105103	0.02175159752368927	0.05596950650215149	0.04473477602005005	-0.0051975250244140625	-0.12754517793655396	-0.08849501609802246	-0.0553695484995842	-0.12777969241142273	0.2351626753807068	-0.18873214721679688	-0.08944132924079895	0.0	0.0	0.0	0.0	0.0	0.0	-7.450580596923828e-07	0.0
-0.5523038506507874	-0.43089181184768677	0.7510550022125244	0.9987077116966248	0.011881109327077866	0.00021637916506733745	0.049414388835430145	0.0048125507310032845	-0.5598493218421936	-0.16645757853984833	-0.42892149090766907	0.825623095035553	-0.3250620365142822	0.080747090280056	0.5183274149894714	0.06470086425542831	0.3180992007255554	0.8152031302452087	-0.35962527990341187	0.05748847872018814	0.20355500280857086	0.15976500511169434	-0.40017199516296387	-0.5134180188179016	0.20497900247573853	-0.1633400022983551	0.4047929644584656	-0.5156139731407166	0.006089464295655489	0.07362514734268188	0.02256333827972412	0.02703070640563965	0.10826587677001953	-0.05782321095466614	-0.11608898639678955	-0.09875297546386719	-0.04306565970182419	-0.13539418578147888	0.2066105604171753	-0.19286423921585083	-0.07193581759929657	3.725290298461914e-07	0.0	0.0	0.0	0.0	0.0	7.450580596923828e-07	0.0
-0.5522865056991577	-0.43115055561065674	0.7507527470588684	0.998644232749939	0.012001005001366138	-0.0006847334443591535	0.05064952000975609	0.004478631541132927	-0.5585711002349854	-0.1660660058259964	-0.42870646715164185	0.8282893896102905	-0.3267834186553955	0.07877551019191742	0.5160461664199829	0.0638546571135521	0.3151476979255676	0.8188352584838867	-0.3635573089122772	0.05623965710401535	0.20355500280857086	0.15976500511169434	-0.40017199516296387	-0.5134180188179016	0.20497900247573853	-0.1633400022983551	0.40479299426078796	-0.5156139731407166	-0.022898567840456963	0.07039159536361694	0.014174357056617737	-0.003865361213684082	0.12719929218292236	-0.08564218878746033	-0.0651409849524498	-0.12537389993667603	-0.04607420414686203	-0.15942752361297607	0.14517754316329956	-0.16278177499771118	-0.03641853109002113	0.0	0.0	0.0	0.0	0.0	0.0	7.450580596923828e-07	0.0
-0.5523164868354797	-0.4313511550426483	0.7505561113357544	0.9985857605934143	0.012088474817574024	-0.0015851831994950771	0.05174856632947922	0.003896608017385006	-0.5570336580276489	-0.16589060425758362	-0.42907610535621643	0.8307110667228699	-0.32848772406578064	0.07814145088195801	0.5133124589920044	0.06285789608955383	0.3117220997810364	0.8210102319717407	-0.3661365509033203	0.056031737476587296	0.20355500280857086	0.15976500511169434	-0.40017199516296387	-0.5134180188179016	0.20497900247573853	-0.1633400022983551	0.40479299426078796	-0.5156139731407166	-0.03291197493672371	0.08920878171920776	0.011399760842323303	-0.01647844910621643	0.10039806365966797	-0.07664859294891357	-0.018615275621414185	-0.13365894556045532	-0.05255136638879776	-0.1766487956047058	0.09605884552001953	-0.10157302021980286	-0.01124069094657898	0.0	0.0	0.0	0.0	0.0	0.0	0.0	0.0
-0.5523378849029541	-0.4314245581626892	0.7504459619522095	0.9985086917877197	0.012043777853250504	-0.0028476756997406483	0.0531734861433506	0.003162152599543333	-0.555002748966217	-0.16561001539230347	-0.4293656051158905	0.8323053121566772	-0.32984936237335205	0.07803089916706085	0.5106998085975647	0.06175260245800018	0.3080817461013794	0.8226776123046875	-0.36762022972106934	0.05579002946615219	0.20355500280857086	0.15976500511169434	-0.40017199516296387	-0.5134180188179016	0.20497900247573853	-0.1633400022983551	0.40479299426078796	-0.5156139731407166	-0.04877288639545441	0.09904652833938599	0.015295296907424927	-0.008299201726913452	0.07408559322357178	-0.06531551480293274	0.011547654867172241	-0.12765079736709595	-0.056342314928770065	-0.1787826418876648	0.07152855396270752	-0.05876272916793823	-0.017036311328411102	-3.725290298461914e-07	0.0	0.0	0.0	0.0	0.0	-7.450580596923828e-07	0.0
-0.5523573160171509	-0.431481271982193	0.7504031658172607	0.9984551668167114	0.012006901204586029	-0.003591461107134819	0.054133448749780655	0.0019456925801932812	-0.5530717968940735	-0.16527879238128662	-0.42940807342529297	0.8336744904518127	-0.33110034465789795	0.0786033570766449	0.5082064270973206	0.06060420349240303	0.3045707941055298	0.823871374130249	-0.36848706007003784	0.05535028502345085	0.20355498790740967	0.15976500511169434	-0.40017199516296387	-0.5134180188179016	0.20497900247573853	-0.1633400022983551	0.4047929644584656	-0.5156139731407166	-0.07294619083404541	0.11609494686126709	0.029684603214263916	0.021173804998397827	0.04539191722869873	-0.05753561854362488	0.026333704590797424	-0.13867169618606567	-0.05835024639964104	-0.17804503440856934	0.04181265830993652	-0.04337131977081299	-0.03575477749109268	0.0	0.0	0.0	0.0	0.0	0.0	-7.450580596923828e-07	0.0
-0.5523068904876709	-0.43148165941238403	0.7503889799118042	0.9983727931976318	0.01191389374434948	-0.004729251842945814	0.05556529760360718	0.00024430500343441963	-0.5503589510917664	-0.1644226312637329	-0.4285186529159546	0.8341209888458252	-0.33215078711509705	0.07908424735069275	0.5051529407501221	0.05941859260201454	0.3009599447250366	0.824350118637085	-0.36935508251190186	0.054359838366508484	0.20355500280857086	0.15976500511169434	-0.40017199516296387	-0.5134180188179016	0.20497900247573853	-0.1633400022983551	0.4047929644584656	-0.5156139731407166	-0.08518797904253006	0.1260817050933838	0.048708170652389526	0.059695541858673096	0.02631247043609619	-0.05190521478652954	0.0010132789611816406	-0.14144331216812134	-0.04749661311507225	-0.15173554420471191	0.040018558502197266	-0.05197450518608093	-0.05473745986819267	3.725290298461914e-07	0.0	0.0	0.0	0.0	0.0	7.450580596923828e-07	0.0
-0.5523073077201843	-0.431571900844574	0.7503199577331543	0.9983178973197937	0.011912975460290909	-0.005504033528268337	0.05647329241037369	-0.0014618264976888895	-0.5480285286903381	-0.16333046555519104	-0.42702025175094604	0.8347269892692566	-0.33317655324935913	0.07864388823509216	0.5025486946105957	0.05870433896780014	0.2985013723373413	0.8254721164703369	-0.3705660402774811	0.053160786628723145	0.20355500280857086	0.15976500511169434	-0.40017199516296387	-0.5134180188179016	0.20497900247573853	-0.1633400022983551	0.40479299426078796	-0.5156139731407166	-0.07032790035009384	0.10069012641906738	0.05529485642910004	0.07489994168281555	0.04473775625228882	-0.05433708429336548	-0.031099095940589905	-0.13008937239646912	-0.026806723326444626	-0.10910332202911377	0.06047636270523071	-0.06976127624511719	-0.05749417468905449	0.0	0.0	0.0	0.0	0.0	0.0	7.450580596923828e-07	0.0
-0.5522891879081726	-0.431654691696167	0.7502182722091675	0.9982532262802124	0.011899767443537712	-0.006569474469870329	0.057498279958963394	-0.002568810945376754	-0.5463313460350037	-0.1622108370065689	-0.42552265524864197	0.8359104990959167	-0.33432427048683167	0.07784028351306915	0.4999493658542633	0.05834632366895676	0.29659581184387207	0.8267691731452942	-0.37214553356170654	0.052060071378946304	0.20355500280857086	0.15976500511169434	-0.40017199516296387	-0.5134180188179016	0.20497900247573853	-0.1633400022983551	0.40479299426078796	-0.5156139731407166	-0.013492774218320847	0.07271915674209595	0.04482381045818329	0.06846338510513306	0.06974786520004272	-0.046687573194503784	-0.03907345235347748	-0.1213952898979187	-0.01864992082118988	-0.08291453123092651	0.07238984107971191	-0.08042752742767334	-0.04165135324001312	0.0	0.0	0.0	0.0	0.0	0.0	0.0	0.0
-0.552368700504303	-0.4317373037338257	0.7500696778297424	0.9982354044914246	0.01194806769490242	-0.007306133396923542	0.057706333696842194	-0.002001537475734949	-0.5451197624206543	-0.1615375131368637	-0.4242817163467407	0.8375169038772583	-0.3350440561771393	0.07708095014095306	0.49769288301467896	0.057958342134952545	0.29518479108810425	0.8283677101135254	-0.373783141374588	0.05149473249912262	0.20355500280857086	0.15976500511169434	-0.40017199516296387	-0.5134180188179016	0.20497900247573853	-0.1633400022983551	0.40479299426078796	-0.5156139731407166	0.04802943766117096	0.057034194469451904	0.02266429364681244	0.06166398525238037	0.08019506931304932	-0.031466782093048096	-0.028747878968715668	-0.09361207485198975	-0.02680988982319832	-0.060996413230895996	0.09090155363082886	-0.07353276014328003	-0.014574173837900162	0.0	0.0	0.0	0.0	0.0	0.0	-7.450580596923828e-07	0.0
-0.55242520570755	-0.43179836869239807	0.7499336004257202	0.9982285499572754	0.012084233574569225	-0.007948728278279305	0.05771241337060928	-0.000647633452899754	-0.5440499782562256	-0.1613042652606964	-0.42305609583854675	0.8391183018684387	-0.3355829417705536	0.07669036835432053	0.4962048828601837	0.057273928076028824	0.29415595531463623	0.8304052352905273	-0.37508684396743774	0.0514771044254303	0.20355500280857086	0.15976500511169434	-0.40017199516296387	-0.5134180188179016	0.20497900247573853	-0.1633400022983551	0.4047929644584656	-0.5156139731407166	0.07855238020420074	0.07169991731643677	0.013616681098937988	0.07340535521507263	0.06676465272903442	-0.027402490377426147	-0.00982377678155899	-0.06882995367050171	-0.04147551953792572	-0.05303621292114258	0.10528415441513062	-0.06970688700675964	-0.0021093524992465973	0.0	0.0	0.0	0.0	0.0	0.0	-7.450580596923828e-07	0.0
-0.5525339245796204	-0.4318099021911621	0.7498133182525635	0.9982539415359497	0.012345897033810616	-0.008967330679297447	0.0570644773542881	0.0011405575787648559	-0.5422517657279968	-0.1609928458929062	-0.4213455021381378	0.8401874899864197	-0.33614015579223633	0.0766879990696907	0.4949396848678589	0.056299321353435516	0.29306334257125854	0.8325790762901306	-0.3765714168548584	0.051410358399152756	0.20355500280857086	0.15976500511169434	-0.40017199516296387	-0.5134180188179016	0.20497900247573853	-0.1633400022983551	0.4047929644584656	-0.5156139731407166	0.08576338738203049	0.09194016456604004	0.017687678337097168	0.08504614233970642	0.049026310443878174	-0.03325343132019043	0.0006750226020812988	-0.06536319851875305	-0.04555685445666313	-0.05182325839996338	0.09480118751525879	-0.06747990846633911	-0.0004258006811141968	0.0	0.0	0.0	0.0	0.0	0.0	7.450580596923828e-07	0.0
-0.5526499152183533	-0.43185245990753174	0.7497078776359558	0.9982831478118896	0.012501432560384274	-0.009630201384425163	0.05640744790434837	0.002782901981845498	-0.540372371673584	-0.16059675812721252	-0.4196542501449585	0.8410793542861938	-0.3369130790233612	0.07671736925840378	0.4935903549194336	0.0554516538977623	0.2920830249786377	0.8341972827911377	-0.3777860403060913	0.05146007239818573	0.20355500280857086	0.15976500511169434	-0.40017199516296387	-0.5134180188179016	0.20497900247573853	-0.1633400022983551	0.40479299426078796	-0.5156139731407166	0.07458090782165527	0.09068399667739868	0.020454823970794678	0.07455721497535706	0.04334896802902222	-0.032964348793029785	0.0075174495577812195	-0.07051080465316772	-0.03623012453317642	-0.04890561103820801	0.06955564022064209	-0.047972798347473145	0.0007866881787776947	0.0	0.0	0.0	0.0	0.0	0.0	7.450580596923828e-07	0.0
-0.5527253746986389	-0.4319130778312683	0.7496517896652222	0.9983137249946594	0.012652479112148285	-0.010237209498882294	0.05572335049510002	0.004123793914914131	-0.5386244058609009	-0.1601746529340744	-0.41836321353912354	0.8419214487075806	-0.3374587297439575	0.07698869705200195	0.4921192526817322	0.05485011637210846	0.2911071181297302	0.8353613018989563	-0.3784903287887573	0.051441825926303864	0.20355500280857086	0.15976500511169434	-0.40017199516296387	-0.5134180188179016	0.20497900247573853	-0.1633400022983551	0.40479299426078796	-0.5156139731407166	0.0600319541990757	0.08510351181030273	0.025250762701034546	0.059979408979415894	0.037550926208496094	-0.026675313711166382	0.008283182978630066	-0.08078590035438538	-0.021190010011196136	-0.04514455795288086	0.042529404163360596	-0.037550926208496094	-0.010901689529418945	0.0	0.0	0.0	0.0	0.0	0.0	0.0	0.0
-0.5528568029403687	-0.43198883533477783	0.7495990991592407	0.9983617067337036	0.012737632729113102	-0.011095380410552025	0.05466920882463455	0.005184180103242397	-0.5369682312011719	-0.15958672761917114	-0.41725507378578186	0.8425813913345337	-0.33798009157180786	0.07704869657754898	0.4903589189052582	0.05460405349731445	0.29027724266052246	0.8358984589576721	-0.37928807735443115	0.05102400481700897	0.20355500280857086	0.15976500511169434	-0.40017199516296387	-0.5134180188179016	0.20497900247573853	-0.1633400022983551	0.40479299426078796	-0.5156139731407166	0.04116164147853851	0.08154958486557007	0.034181028604507446	0.05515292286872864	0.03158599138259888	-0.027186423540115356	0.006595626473426819	-0.09068027138710022	-0.007127039134502411	-0.04099160432815552	0.021369755268096924	-0.031034648418426514	-0.025706924498081207	-3.725290298461914e-07	0.0	0.0	0.0	0.0	0.0	-7.450580596923828e-07	0.0
-0.5529870986938477	-0.43210962414741516	0.7495821714401245	0.9983903169631958	0.012768201529979706	-0.011649609543383121	0.05402110144495964	0.005770259536802769	-0.5353624224662781	-0.1588074117898941	-0.4161570966243744	0.8431848883628845	-0.33854618668556213	0.07725252211093903	0.48849204182624817	0.05456503480672836	0.289467453956604	0.8362160921096802	-0.3797317147254944	0.050413548946380615	0.20355498790740967	0.15976500511169434	-0.40017199516296387	-0.5134180188179016	0.20497900247573853	-0.1633400022983551	0.4047929644584656	-0.5156139731407166	0.019792769104242325	0.08680522441864014	0.04432313144207001	0.05805119872093201	0.010432302951812744	-0.022887438535690308	0.005945563316345215	-0.09196102619171143	0.0013784505426883698	-0.03884956240653992	0.00365525484085083	-0.012940168380737305	-0.03135167062282562	0.0	0.0	0.0	0.0	0.0	0.0	-7.450580596923828e-07	0.0
-0.5531675219535828	-0.4322251081466675	0.7496098875999451	0.9984268546104431	0.012744552455842495	-0.012432057410478592	0.053168896585702896	0.005975890904664993	-0.5334960222244263	-0.15781380236148834	-0.4149330258369446	0.8429986834526062	-0.3388955891132355	0.07728651911020279	0.4866804778575897	0.05465919151902199	0.28872326016426086	0.8360446691513062	-0.37980568408966064	0.04976993799209595	0.20355500280857086	0.15976500511169434	-0.40017199516296387	-0.5134180188179016	0.20497900247573853	-0.1633400022983551	0.4047929644584656	-0.5156139731407166	0.0012725591659545898	0.09967833757400513	0.052511319518089294	0.07013455033302307	-0.02012699842453003	-0.010954588651657104	0.002583116292953491	-0.09442195296287537	0.0027274712920188904	-0.03730058670043945	-0.019434094429016113	0.004828721284866333	-0.035162270069122314	3.725290298461914e-07	0.0	0.0	0.0	0.0	0.0	7.450580596923828e-07	0.0
-0.553335428237915	-0.4323306083679199	0.7496809959411621	0.9984468221664429	0.012733564712107182	-0.012911461293697357	0.05268271639943123	0.005821161903440952	-0.5313752889633179	-0.15670695900917053	-0.41335171461105347	0.8423798084259033	-0.3389843702316284	0.07735584676265717	0.48471516370773315	0.05467413365840912	0.2879754304885864	0.8354387283325195	-0.37953856587409973	0.04900705814361572	0.20355500280857086	0.15976500511169434	-0.40017199516296387	-0.5134180188179016	0.20497900247573853	-0.1633400022983551	0.40479299426078796	-0.5156139731407166	-0.0008905306458473206	0.11801272630691528	0.05737729370594025	0.09006038308143616	-0.046315789222717285	0.005292147397994995	0.007827766239643097	-0.10421350598335266	-0.004151742905378342	-0.0405825674533844	-0.036741793155670166	0.014030933380126953	-0.04660533741116524	0.0	0.0	0.0	0.0	0.0	0.0	7.450580596923828e-07	0.0
-0.5535164475440979	-0.43242692947387695	0.7497950196266174	0.9984704256057739	0.012743497267365456	-0.01342996396124363	0.05209854245185852	0.0059402696788311005	-0.5287755131721497	-0.15551871061325073	-0.41133061051368713	0.8411460518836975	-0.3386839032173157	0.07759962975978851	0.4825119376182556	0.054493121802806854	0.2870999574661255	0.8345749974250793	-0.37924444675445557	0.04790572449564934	0.20355500280857086	0.15976500511169434	-0.40017199516296387	-0.5134180188179016	0.20497900247573853	-0.1633400022983551	0.40479299426078796	-0.5156139731407166	0.009149603545665741	0.13833940029144287	0.05898997187614441	0.11088326573371887	-0.07717311382293701	0.01882314682006836	0.007639266550540924	-0.11648982763290405	-0.01615285873413086	-0.048601627349853516	-0.0521540641784668	0.008875876665115356	-0.051786378026008606	0.0	0.0	0.0	0.0	0.0	0.0	0.0	0.0
-0.5537240505218506	-0.432513952255249	0.7499120235443115	0.9985062479972839	0.012840811163187027	-0.014196830801665783	0.05117638781666756	0.006187146063894033	-0.5258417129516602	-0.15434736013412476	-0.4089163839817047	0.8392928838729858	-0.3382314443588257	0.0776614174246788	0.480055570602417	0.054028019309043884	0.2860313653945923	0.8333525657653809	-0.3791835308074951	0.04693560302257538	0.20355500280857086	0.15976500511169434	-0.40017199516296387	-0.5134180188179016	0.20497900247573853	-0.1633400022983551	0.40479299426078796	-0.5156139731407166	0.011735106818377972	0.14731138944625854	0.053347647190093994	0.11780187487602234	-0.10056644678115845	0.027585774660110474	0.007392466068267822	-0.12069866061210632	-0.02559041604399681	-0.05121603608131409	-0.0669434666633606	0.012493133544921875	-0.030708499252796173	-3.725290298461914e-07	0.0	0.0	0.0	0.0	0.0	-7.450580596923828e-07	0.0
-0.5539178252220154	-0.43262597918510437	0.7500447630882263	0.9985186457633972	0.012965019792318344	-0.014653444290161133	0.05077227205038071	0.006409673951566219	-0.5228830575942993	-0.15338480472564697	-0.40661853551864624	0.8371233940124512	-0.33758047223091125	0.07789532840251923	0.47768399119377136	0.05346950516104698	0.2850513160228729	0.8318972587585449	-0.3787447214126587	0.04667738452553749	0.20355498790740967	0.15976500511169434	-0.40017199516296387	-0.5134180188179016	0.20497900247573853	-0.1633400022983551	0.4047929644584656	-0.5156139731407166	0.01509125530719757	0.1538306474685669	0.04594177007675171	0.11839643120765686	-0.11655241250991821	0.03495514392852783	0.0082479789853096	-0.10915994644165039	-0.030184350907802582	-0.04380941390991211	-0.06355345249176025	0.02281367778778076	-0.009987596422433853	0.0	0.0	0.0	0.0	0.0	0.0	-7.450580596923828e-07	0.0
-0.5541157722473145	-0.4327128231525421	0.750157356262207	0.9985380172729492	0.013198795728385448	-0.0153213394805789	0.050131168216466904	0.006790796294808388	-0.5196884870529175	-0.1525096893310547	-0.40418052673339844	0.8346307873725891	-0.33683323860168457	0.07799133658409119	0.475689172744751	0.05282064527273178	0.2842789888381958	0.8308104276657104	-0.3782709836959839	0.046536099165678024	0.20355500280857086	0.15976500511169434	-0.40017199516296387	-0.5134180188179016	0.20497900247573853	-0.1633400022983551	0.4047929644584656	-0.5156139731407166	0.016051553189754486	0.14908462762832642	0.040237605571746826	0.11832639575004578	-0.11876821517944336	0.03604590892791748	0.0018671154975891113	-0.09438022971153259	-0.03108130767941475	-0.03277510404586792	-0.051465630531311035	0.015141069889068604	-0.013470370322465897	3.725290298461914e-07	0.0	0.0	0.0	0.0	0.0	7.450580596923828e-07	0.0
-0.5542927384376526	-0.4328029155731201	0.7502545714378357	0.9985488653182983	0.013369743712246418	-0.015706919133663177	0.04974915832281113	0.007051736116409302	-0.5169196724891663	-0.1517753005027771	-0.4018854796886444	0.8323726654052734	-0.33613863587379456	0.07797001302242279	0.47390878200531006	0.05222625285387039	0.2837403118610382	0.8298386335372925	-0.37813907861709595	0.046138569712638855	0.20355500280857086	0.15976500511169434	-0.40017199516296387	-0.5134180188179016	0.20497900247573853	-0.1633400022983551	0.40479299426078796	-0.5156139731407166	0.01045488752424717	0.12376606464385986	0.03016628324985504	0.10215640068054199	-0.10349303483963013	0.03756210207939148	0.0018978491425514221	-0.08281245827674866	-0.0298316590487957	-0.026972591876983643	-0.05043298006057739	0.0060752034187316895	-0.014429911971092224	0.0	0.0	0.0	0.0	0.0	0.0	7.450580596923828e-07	0.0
-0.5544753074645996	-0.4328869879245758	0.7503349781036377	0.9985526204109192	0.013551624491810799	-0.016028426587581635	0.04952012374997139	0.0072089917957782745	-0.5147378444671631	-0.15130303800106049	-0.40009427070617676	0.8304910659790039	-0.3353307545185089	0.07806725054979324	0.47237667441368103	0.05162737891077995	0.28320008516311646	0.8287931084632874	-0.3780279755592346	0.045958902686834335	0.20355500280857086	0.15976500511169434	-0.40017199516296387	-0.5134180188179016	0.20497900247573853	-0.1633400022983551	0.40479299426078796	-0.5156139731407166	0.010910327546298504	0.09668618440628052	0.019955262541770935	0.0820256769657135	-0.08828341960906982	0.035829097032547	0.002218782901763916	-0.06504654884338379	-0.029044877737760544	-0.023590773344039917	-0.04798173904418945	-5.21540641784668e-05	-0.005212891846895218	0.0	0.0	0.0	0.0	0.0	0.0	0.0	0.0
-0.5546606779098511	-0.43295425176620483	0.7503901124000549	0.9985582232475281	0.013778595253825188	-0.016397008672356606	0.04922407120466232	0.007488149218261242	-0.513052225112915	-0.15097709000110626	-0.39860445261001587	0.8288413286209106	-0.3347054719924927	0.07805876433849335	0.4713069200515747	0.05106445774435997	0.2827966809272766	0.8279193639755249	-0.3781411647796631	0.045930054038763046	0.20355500280857086	0.15976500511169434	-0.40017199516296387	-0.5134180188179016	0.20497900247573853	-0.1633400022983551	0.40479299426078796	-0.5156139731407166	0.016583409160375595	0.07884949445724487	0.010458752512931824	0.06831884384155273	-0.08401274681091309	0.03333091735839844	0.004662014544010162	-0.0428222119808197	-0.0286884605884552	-0.014218688011169434	-0.03968626260757446	0.00017061829566955566	0.004378799349069595	-3.725290298461914e-07	0.0	0.0	0.0	0.0	0.0	-7.450580596923828e-07	0.0
-0.5548180341720581	-0.43299412727355957	0.750463604927063	0.998559832572937	0.013948088511824608	-0.016553370282053947	0.049091123044490814	0.007872328162193298	-0.5115838646888733	-0.1508846879005432	-0.39736151695251465	0.8271305561065674	-0.333997517824173	0.07825373113155365	0.47066378593444824	0.050479840487241745	0.2826313376426697	0.8272056579589844	-0.37802115082740784	0.04613405466079712	0.20355498790740967	0.15976500511169434	-0.40017199516296387	-0.5134180188179016	0.20497900247573853	-0.1633400022983551	0.4047929644584656	-0.5156139731407166	0.018909061327576637	0.07362961769104004	0.003615766763687134	0.060661882162094116	-0.09135305881500244	0.037120282649993896	0.008673407137393951	-0.02405121922492981	-0.0281686894595623	-0.0034578144550323486	-0.03306865692138672	0.008973479270935059	0.008306466042995453	0.0	0.0	0.0	0.0	0.0	0.0	-7.450580596923828e-07	0.0
-0.5549721121788025	-0.433004766702652	0.7505364418029785	0.9985647201538086	0.014182660728693008	-0.016691874712705612	0.04887515306472778	0.008244511671364307	-0.5101070404052734	-0.15083245933055878	-0.3961779773235321	0.8251872062683105	-0.3332206606864929	0.0784057006239891	0.4703448712825775	0.04993771016597748	0.2826583683490753	0.8265966176986694	-0.3777822256088257	0.046262312680482864	0.20355500280857086	0.15976500511169434	-0.40017199516296387	-0.5134180188179016	0.20497900247573853	-0.1633400022983551	0.4047929644584656	-0.5156139731407166	0.01601513847708702	0.07406026124954224	0.0024557113647460938	0.060074031352996826	-0.09815096855163574	0.035647302865982056	0.005973130464553833	-0.015636533498764038	-0.028037000447511673	0.0009104609489440918	-0.03247261047363281	0.012265890836715698	0.007109344005584717	3.725290298461914e-07	0.0	0.0	0.0	0.0	0.0	7.450580596923828e-07	0.0
-0.5550899505615234	-0.4329896569252014	0.7506163120269775	0.9985659718513489	0.014329815283417702	-0.016759218648076057	0.04878518730401993	0.008512933738529682	-0.5086214542388916	-0.15078645944595337	-0.3949585556983948	0.823204517364502	-0.3325716257095337	0.0784926563501358	0.4700383245944977	0.04935836046934128	0.28266775608062744	0.8259067535400391	-0.3775305151939392	0.04641842842102051	0.20355500280857086	0.15976500511169434	-0.40017199516296387	-0.5134180188179016	0.20497900247573853	-0.1633400022983551	0.40479299426078796	-0.5156139731407166	0.00884511973708868	0.0718832015991211	0.0010930001735687256	0.05698800086975098	-0.097694993019104	0.03536641597747803	0.010356679558753967	-0.011881440877914429	-0.028004031628370285	0.0017032027244567871	-0.03422349691390991	0.014869868755340576	0.004620663821697235	0.0	0.0	0.0	0.0	0.0	0.0	7.450580596923828e-07	0.0
-0.5552168488502502	-0.4329630136489868	0.7507094740867615	0.9985708594322205	0.014516261406242847	-0.016817744821310043	0.048609185963869095	0.008598316460847855	-0.5072317123413086	-0.15078873932361603	-0.39389845728874207	0.8212794065475464	-0.3318060040473938	0.07881996780633926	0.46986961364746094	0.04881754890084267	0.2827264964580536	0.825227677822113	-0.37718743085861206	0.046447139233350754	0.20355500280857086	0.15976500511169434	-0.40017199516296387	-0.5134180188179016	0.20497900247573853	-0.1633400022983551	0.40479299426078796	-0.5156139731407166	-0.000508967787027359	0.06483197212219238	-0.0003337860107421875	0.052043795585632324	-0.091513991355896	0.03864318132400513	0.011525116860866547	-0.008019059896469116	-0.02571363002061844	0.005109608173370361	-0.03586858510971069	0.014726817607879639	0.002691708505153656	0.0	0.0	0.0	0.0	0.0	0.0	0.0	0.0
-0.5553438067436218	-0.4329056143760681	0.7507854104042053	0.9985719323158264	0.014615285210311413	-0.016850046813488007	0.048546202480793	0.008492575027048588	-0.5060281753540039	-0.15079981088638306	-0.3928768038749695	0.8195439577102661	-0.3310258984565735	0.07895366102457047	0.4697175621986389	0.04832981526851654	0.28287214040756226	0.8244720101356506	-0.376941442489624	0.046526096761226654	0.20355500280857086	0.15976500511169434	-0.40017199516296387	-0.5134180188179016	0.20497900247573853	-0.1633400022983551	0.40479299426078796	-0.5156139731407166	-0.004746671766042709	0.061124563217163086	-0.002878904342651367	0.05047544836997986	-0.08844137191772461	0.03810524940490723	0.008605606853961945	-0.0030174851417541504	-0.024466868489980698	0.011850148439407349	-0.03266334533691406	0.01644343137741089	0.009499862790107727	-3.725290298461914e-07	0.0	0.0	0.0	0.0	0.0	-7.450580596923828e-07	0.0
-0.5554118156433105	-0.4328352212905884	0.7508670091629028	0.9985718727111816	0.014719242230057716	-0.016850333660840988	0.04851622134447098	0.008408449590206146	-0.5047867298126221	-0.15090389549732208	-0.39187943935394287	0.8177417516708374	-0.3302817940711975	0.07916419208049774	0.46974891424179077	0.04783887416124344	0.2832005023956299	0.8239211440086365	-0.3765296936035156	0.04682713374495506	0.20355498790740967	0.15976500511169434	-0.40017199516296387	-0.5134180188179016	0.20497900247573853	-0.1633400022983551	0.4047929644584656	-0.5156139731407166	-0.00647534616291523	0.06741136312484741	-0.0053960829973220825	0.053654611110687256	-0.09455978870391846	0.034515559673309326	0.012375600636005402	0.008779764175415039	-0.024416483938694	0.022958219051361084	-0.020140409469604492	0.02070516347885132	0.009257905185222626	3.725290298461914e-07	0.0	0.0	0.0	0.0	0.0	-7.450580596923828e-07	0.0
-0.5554441809654236	-0.432730495929718	0.7509468793869019	0.9985719323158264	0.014895174652338028	-0.016805794090032578	0.04847824200987816	0.008233561180531979	-0.50333172082901	-0.15101565420627594	-0.390730619430542	0.8157615661621094	-0.3296452760696411	0.07944868505001068	0.4700687527656555	0.04735315591096878	0.2837904691696167	0.8236663937568665	-0.37611323595046997	0.04689641296863556	0.20355501770973206	0.15976500511169434	-0.40017199516296387	-0.5134180188179016	0.20497900247573853	-0.1633400022983551	0.4047929644584656	-0.5156139731407166	-0.010751467198133469	0.06324797868728638	-0.010415539145469666	0.05304515361785889	-0.0942617654800415	0.03295019268989563	0.014096871018409729	0.021041929721832275	-0.022814515978097916	0.038614124059677124	-0.01701563596725464	0.01558065414428711	0.005062390118837357	3.725290298461914e-07	0.0	0.0	0.0	0.0	0.0	7.450580596923828e-07	0.0
-0.5554152727127075	-0.4326149821281433	0.7510278820991516	0.9985741972923279	0.015023816376924515	-0.01670113205909729	0.048425283282995224	0.007978390902280807	-0.5022568106651306	-0.15132051706314087	-0.3897576332092285	0.8139712810516357	-0.3289637863636017	0.07972806692123413	0.47059059143066406	0.04692629352211952	0.28474506735801697	0.8232405185699463	-0.37590646743774414	0.04702962934970856	0.20355500280857086	0.15976500511169434	-0.40017199516296387	-0.5134180188179016	0.20497900247573853	-0.1633400022983551	0.40479299426078796	-0.5156139731407166	-0.011102285236120224	0.04167109727859497	-0.021273642778396606	0.0386655330657959	-0.08024275302886963	0.0367581844329834	0.02117510885000229	0.03520846366882324	-0.0205320306122303	0.052691251039505005	-0.01780688762664795	0.018399208784103394	0.014808401465415955	-3.725290298461914e-07	0.0	0.0	0.0	0.0	0.0	7.450580596923828e-07	0.0
-0.5553523898124695	-0.4325203001499176	0.7511065602302551	0.998579204082489	0.015244537964463234	-0.016382504254579544	0.04836228862404823	0.007789469789713621	-0.5016648769378662	-0.1518665999174118	-0.38918399810791016	0.8125518560409546	-0.3281749486923218	0.08029568940401077	0.47147709131240845	0.04653187468647957	0.2858981192111969	0.8229541182518005	-0.37537726759910583	0.0474887490272522	0.20355500280857086	0.15976500511169434	-0.40017199516296387	-0.5134180188179016	0.20497900247573853	-0.1633400022983551	0.40479299426078796	-0.5156139731407166	-0.0067391665652394295	0.024694204330444336	-0.029201433062553406	0.028852373361587524	-0.06594806909561157	0.0318087637424469	0.02944357693195343	0.05434155464172363	-0.018861889839172363	0.06560608744621277	-0.005495548248291016	0.014613568782806396	0.02211146056652069	0.0	0.0	0.0	0.0	0.0	0.0	0.0	0.0
-0.5552483201026917	-0.4324168562889099	0.75113844871521	0.9985851645469666	0.01540509145706892	-0.016122713685035706	0.04827534407377243	0.00770882423967123	-0.5012690424919128	-0.152488574385643	-0.388603538274765	0.8113333582878113	-0.3276914358139038	0.08090580999851227	0.472764253616333	0.04617181792855263	0.2873693108558655	0.8230206966400146	-0.3753219246864319	0.047914087772369385	0.20355500280857086	0.15976500511169434	-0.40017199516296387	-0.5134180188179016	0.20497900247573853	-0.1633400022983551	0.40479299426078796	-0.5156139731407166	-0.00897928886115551	0.014260411262512207	-0.03266744315624237	0.030086934566497803	-0.059214234352111816	0.0238761305809021	0.02934299409389496	0.07475689053535461	-0.0164850614964962	0.08342266082763672	0.009785592555999756	-0.001049041748046875	0.022726785391569138	-3.725290298461914e-07	0.0	0.0	0.0	0.0	0.0	-7.450580596923828e-07	0.0
-0.5551183223724365	-0.4323447644710541	0.7511661052703857	0.9985907673835754	0.015611864626407623	-0.015829898416996002	0.04819241166114807	0.007430298253893852	-0.5010944604873657	-0.1531732976436615	-0.38798052072525024	0.8101832866668701	-0.3272199034690857	0.08146940916776657	0.47446736693382263	0.04587247222661972	0.28923502564430237	0.8233455419540405	-0.3754192292690277	0.04839782044291496	0.20355498790740967	0.15976500511169434	-0.40017199516296387	-0.5134180188179016	0.20497900247573853	-0.1633400022983551	0.4047929644584656	-0.5156139731407166	-0.018973112106323242	0.008539855480194092	-0.033370405435562134	0.034652650356292725	-0.05981922149658203	0.022124499082565308	0.028193369507789612	0.09435862302780151	-0.014035776257514954	0.1000620424747467	0.018896162509918213	-0.007818639278411865	0.021580234169960022	0.0	0.0	0.0	0.0	0.0	0.0	-7.450580596923828e-07	0.0
-0.5549958348274231	-0.43224865198135376	0.7511900663375854	0.9986053109169006	0.015897653996944427	-0.015278127044439316	0.04797244071960449	0.006949899718165398	-0.5009274482727051	-0.1538233906030655	-0.3872174322605133	0.808940589427948	-0.3268064558506012	0.08203354477882385	0.47653859853744507	0.04561038687825203	0.29137179255485535	0.8237765431404114	-0.37563467025756836	0.048777297139167786	0.20355500280857086	0.15976500511169434	-0.40017199516296387	-0.5134180188179016	0.20497900247573853	-0.1633400022983551	0.4047929644584656	-0.5156139731407166	-0.02667270600795746	0.008921325206756592	-0.028809159994125366	0.04106014966964722	-0.06629824638366699	0.016734004020690918	0.027020834386348724	0.10435804724693298	-0.010058470070362091	0.10944977402687073	0.016541779041290283	-0.005351752042770386	0.01970706507563591	3.725290298461914e-07	0.0	0.0	0.0	0.0	0.0	7.450580596923828e-07	0.0
-0.5548797845840454	-0.43214356899261475	0.7512307167053223	0.9986165165901184	0.016073470935225487	-0.014897325076162815	0.0478004552423954	0.006363390013575554	-0.5007376074790955	-0.1543256640434265	-0.38633811473846436	0.8075313568115234	-0.32655054330825806	0.08255024254322052	0.47864168882369995	0.04547013342380524	0.2936130166053772	0.8240072131156921	-0.3756332993507385	0.0491861030459404	0.20355500280857086	0.15976500511169434	-0.40017199516296387	-0.5134180188179016	0.20497900247573853	-0.1633400022983551	0.40479299426078796	-0.5156139731407166	-0.027420081198215485	0.005145370960235596	-0.021186470985412598	0.04127398133277893	-0.06758272647857666	0.013715773820877075	0.024304725229740143	0.10213255882263184	-0.003984011709690094	0.10686144232749939	0.00852048397064209	0.010087341070175171	0.020638853311538696	0.0	0.0	0.0	0.0	0.0	0.0	7.450580596923828e-07	0.0
-0.5547784566879272	-0.4320160746574402	0.7512855529785156	0.9986398220062256	0.016227275133132935	-0.014323565177619457	0.04743645340204239	0.00585309648886323	-0.5007216334342957	-0.154670849442482	-0.38556647300720215	0.8062372803688049	-0.3262578248977661	0.08300573378801346	0.48062390089035034	0.045451026409864426	0.2956462502479553	0.8241173624992371	-0.37523117661476135	0.049602851271629333	0.20355500280857086	0.15976500511169434	-0.40017199516296387	-0.5134180188179016	0.20497900247573853	-0.1633400022983551	0.40479299426078796	-0.5156139731407166	-0.021398555487394333	-0.0006809830665588379	-0.01169741153717041	0.037147849798202515	-0.059501826763153076	0.012208521366119385	0.015432387590408325	0.08878111839294434	0.0028411857783794403	0.09438768029212952	-0.001697242259979248	0.017605721950531006	0.020053237676620483	0.0	0.0	0.0	0.0	0.0	0.0	0.0	0.0
-0.5546875596046448	-0.43185415863990784	0.7513198256492615	0.9986605644226074	0.01624375768005848	-0.013981685973703861	0.0470944307744503	0.005507447756826878	-0.5007648468017578	-0.15479356050491333	-0.38485220074653625	0.8051512837409973	-0.3260622024536133	0.08316753804683685	0.4821929335594177	0.045583780854940414	0.2973885238170624	0.823939323425293	-0.3749290704727173	0.04998823255300522	0.20355500280857086	0.15976500511169434	-0.40017199516296387	-0.5134180188179016	0.20497900247573853	-0.1633400022983551	0.40479299426078796	-0.5156139731407166	-0.012864707969129086	-0.0001952052116394043	-0.003590807318687439	0.03516674041748047	-0.052043795585632324	0.004202127456665039	0.003946386277675629	0.07715746760368347	0.008661113679409027	0.08504390716552734	-0.004433095455169678	0.020535290241241455	0.0185307115316391	-3.725290298461914e-07	0.0	0.0	0.0	0.0	0.0	-7.450580596923828e-07	0.0
-0.5546072721481323	-0.4317074716091156	0.7513540387153625	0.9986823797225952	0.016251469030976295	-0.013680770993232727	0.0467153936624527	0.005338508170098066	-0.5007294416427612	-0.1548144817352295	-0.38415980339050293	0.8041555285453796	-0.3260897397994995	0.08316358923912048	0.4837101995944977	0.04579747095704079	0.2990480065345764	0.8239400386810303	-0.3744097650051117	0.0503440797328949	0.20355498790740967	0.15976500511169434	-0.40017199516296387	-0.5134180188179016	0.20497900247573853	-0.1633400022983551	0.4047929644584656	-0.5156139731407166	-0.009555241093039513	0.005011260509490967	0.00023953616619110107	0.03863871097564697	-0.04966259002685547	-0.0053085386753082275	-0.001126900315284729	0.07489025592803955	0.010232161730527878	0.0834733247756958	0.0008821487426757812	0.018069148063659668	0.011191330850124359	0.0	0.0	0.0	0.0	0.0	0.0	-7.450580596923828e-07	0.0
-0.5545379519462585	-0.4315263032913208	0.751369297504425	0.9987225532531738	0.016221672296524048	-0.01327901054173708	0.045977313071489334	0.005125238094478846	-0.5005643963813782	-0.15478397905826569	-0.3833066523075104	0.8031647801399231	-0.3262745440006256	0.08312246203422546	0.4851885437965393	0.04599306732416153	0.3007274568080902	0.823974609375	-0.3742063045501709	0.05043588578701019	0.20355500280857086	0.15976500511169434	-0.40017199516296387	-0.5134180188179016	0.20497900247573853	-0.1633400022983551	0.4047929644584656	-0.5156139731407166	-0.01344052143394947	0.0057891011238098145	0.0044599175453186035	0.04235208034515381	-0.04506558179855347	-0.012443214654922485	-0.008864142000675201	0.07022619247436523	0.012717489153146744	0.08248016238212585	0.0028118491172790527	0.006903707981109619	0.004345271736383438	3.725290298461914e-07	0.0	0.0	0.0	0.0	0.0	7.450580596923828e-07	0.0
-0.5544509291648865	-0.4313744902610779	0.7513871192932129	0.998745858669281	0.01619422435760498	-0.012998132966458797	0.04555723816156387	0.0048008873127400875	-0.5004978775978088	-0.15463608503341675	-0.3824657201766968	0.8023529052734375	-0.3265874683856964	0.08280902355909348	0.4865192472934723	0.046306170523166656	0.30234721302986145	0.8240525126457214	-0.3741336166858673	0.050517890602350235	0.20355500280857086	0.15976500511169434	-0.40017199516296387	-0.5134180188179016	0.20497900247573853	-0.1633400022983551	0.40479299426078796	-0.5156139731407166	-0.011548714712262154	0.005289912223815918	0.006365776062011719	0.040653347969055176	-0.03479421138763428	-0.012927502393722534	-0.011578202247619629	0.06690248847007751	0.014606770128011703	0.07890164852142334	0.013475120067596436	0.01117214560508728	0.0060704536736011505	0.0	0.0	0.0	0.0	0.0	0.0	7.450580596923828e-07	0.0
-0.5543791055679321	-0.43123719096183777	0.7513967752456665	0.9987824559211731	0.016155902296304703	-0.012727211229503155	0.044843148440122604	0.004663289524614811	-0.5003527998924255	-0.15452934801578522	-0.38168051838874817	0.8017730116844177	-0.3267916440963745	0.08265933394432068	0.4878646433353424	0.046577338129282	0.30388352274894714	0.8245136141777039	-0.3737594187259674	0.05067870393395424	0.20355500280857086	0.15976500511169434	-0.40017199516296387	-0.5134180188179016	0.20497900247573853	-0.1633400022983551	0.40479299426078796	-0.5156139731407166	-0.00325092114508152	0.008174777030944824	0.002514198422431946	0.04345625638961792	-0.015312433242797852	-0.016705691814422607	-0.007096864283084869	0.06865561008453369	0.009836535900831223	0.07841810584068298	0.03787130117416382	0.0028096139430999756	0.009926874190568924	0.0	0.0	0.0	0.0	0.0	0.0	0.0	0.0
-0.5542708039283752	-0.4310792088508606	0.751334547996521	0.9988048672676086	0.016171162948012352	-0.012612144462764263	0.04436708986759186	0.004670850466936827	-0.500170886516571	-0.15453551709651947	-0.38072746992111206	0.8017404079437256	-0.3272556960582733	0.08252514898777008	0.48926547169685364	0.046699631959199905	0.30548393726348877	0.825567364692688	-0.3740212321281433	0.05091496556997299	0.20355500280857086	0.15976500511169434	-0.40017199516296387	-0.5134180188179016	0.20497900247573853	-0.1633400022983551	0.40479299426078796	-0.5156139731407166	-0.0005182926543056965	0.0019162893295288086	-0.002316012978553772	0.043389201164245605	0.018180906772613525	-0.0328846275806427	-0.00577978789806366	0.06950646638870239	0.006918329745531082	0.07985681295394897	0.06518065929412842	-0.020251423120498657	0.01178588718175888	-3.725290298461914e-07	0.0	0.0	0.0	0.0	0.0	-7.450580596923828e-07	0.0
-0.5541578531265259	-0.4309449791908264	0.7512274384498596	0.9988258481025696	0.016200480982661247	-0.012536966241896152	0.04390304163098335	0.004642557818442583	-0.5002761483192444	-0.15462198853492737	-0.37994495034217834	0.8025002479553223	-0.3281070291996002	0.08242814242839813	0.4906449019908905	0.04685407131910324	0.3070777952671051	0.827120840549469	-0.37456947565078735	0.051150139421224594	0.20355498790740967	0.15976500511169434	-0.40017199516296387	-0.5134180188179016	0.20497900247573853	-0.1633400022983551	0.4047929644584656	-0.5156139731407166	0.0032506301067769527	-0.011163949966430664	-0.005164742469787598	0.033308565616607666	0.04836171865463257	-0.04830509424209595	-0.005671381950378418	0.07233843207359314	0.009610969573259354	0.07920116186141968	0.08656978607177734	-0.0369243323802948	0.010220427066087723	0.0	0.0	0.0	0.0	0.0	0.0	-7.450580596923828e-07	0.0
-0.5540556907653809	-0.43081027269363403	0.7510921955108643	0.9988561272621155	0.01621822826564312	-0.012504594400525093	0.043210990726947784	0.004800875671207905	-0.5006174445152283	-0.15474210679531097	-0.37939512729644775	0.8036748766899109	-0.32918789982795715	0.08229829370975494	0.49215900897979736	0.04708407074213028	0.30865198373794556	0.8290301561355591	-0.3754982054233551	0.0513237826526165	0.20355500280857086	0.15976500511169434	-0.40017199516296387	-0.5134180188179016	0.20497900247573853	-0.1633400022983551	0.4047929644584656	-0.5156139731407166	0.01031738892197609	-0.021405518054962158	-0.005614757537841797	0.022222846746444702	0.07335841655731201	-0.06004348397254944	-0.009061023592948914	0.07407888770103455	0.014662183821201324	0.07763653993606567	0.10431855916976929	-0.044123828411102295	0.008883792906999588	3.725290298461914e-07	0.0	0.0	0.0	0.0	0.0	7.450580596923828e-07	0.0
-0.553953230381012	-0.43070948123931885	0.7509320378303528	0.9988773465156555	0.016211433336138725	-0.01252525020390749	0.04271494597196579	0.005055253393948078	-0.5011323690414429	-0.15484657883644104	-0.37905603647232056	0.8054345846176147	-0.3305087685585022	0.08206570148468018	0.4936080574989319	0.047440558671951294	0.31018325686454773	0.8312935829162598	-0.37633442878723145	0.05150549113750458	0.20355500280857086	0.15976500511169434	-0.40017199516296387	-0.5134180188179016	0.20497900247573853	-0.1633400022983551	0.40479299426078796	-0.5156139731407166	0.013763387687504292	-0.026278197765350342	-0.006614625453948975	0.012415647506713867	0.09509623050689697	-0.06590709090232849	-0.007098540663719177	0.07119923830032349	0.017910916358232498	0.07380247116088867	0.12001544237136841	-0.04195496439933777	0.006391387432813644	0.0	0.0	0.0	0.0	0.0	0.0	7.450580596923828e-07	0.0
-0.5538555383682251	-0.43060576915740967	0.7507789731025696	0.9989044070243835	0.016193129122257233	-0.012666614726185799	0.04204186797142029	0.0053514111787080765	-0.5016685724258423	-0.15500669181346893	-0.3788985013961792	0.8074787259101868	-0.3318241834640503	0.08201435208320618	0.4950069785118103	0.04780050739645958	0.3116040825843811	0.8338307738304138	-0.3771764039993286	0.05157943814992905	0.20355500280857086	0.15976500511169434	-0.40017199516296387	-0.5134180188179016	0.20497900247573853	-0.1633400022983551	0.40479299426078796	-0.5156139731407166	0.022245978936553	-0.03780722618103027	-0.004661828279495239	0.007368624210357666	0.12582838535308838	-0.07789283990859985	-0.0066962093114852905	0.06897896528244019	0.0192420557141304	0.06547197699546814	0.13747215270996094	-0.05173087120056152	-0.0012479722499847412	0.0	0.0	0.0	0.0	0.0	0.0	0.0	0.0
-0.5537312626838684	-0.4304652214050293	0.7505843639373779	0.9989296793937683	0.016119733452796936	-0.012790992856025696	0.041426774114370346	0.005945092532783747	-0.5026446580886841	-0.15503305196762085	-0.37876129150390625	0.8104677200317383	-0.3336244821548462	0.08179785311222076	0.4963672161102295	0.04821024090051651	0.31280213594436646	0.8367924690246582	-0.3784036636352539	0.05145557224750519	0.20355500280857086	0.15976500511169434	-0.40017199516296387	-0.5134180188179016	0.20497900247573853	-0.1633400022983551	0.40479299426078796	-0.5156139731407166	0.027423188090324402	-0.04163086414337158	-0.0003285706043243408	0.00416189432144165	0.14248937368392944	-0.08726716041564941	-0.010301545262336731	0.04902184009552002	0.017072167247533798	0.04429519176483154	0.1314014196395874	-0.05053430795669556	0.00097714364528656	-3.725290298461914e-07	0.0	0.0	0.0	0.0	0.0	-7.450580596923828e-07	0.0
-0.5536462664604187	-0.43036192655563354	0.750407874584198	0.998945415019989	0.01604774035513401	-0.012995476834475994	0.041008755564689636	0.0064483387395739555	-0.5033338069915771	-0.1550198346376419	-0.37873202562332153	0.813178300857544	-0.33531486988067627	0.08160229027271271	0.4969678521156311	0.04848339408636093	0.31337589025497437	0.8390868306159973	-0.37919777631759644	0.05161852389574051	0.20355498790740967	0.15976500511169434	-0.40017199516296387	-0.5134180188179016	0.20497900247573853	-0.1633400022983551	0.4047929644584656	-0.5156139731407166	0.025162309408187866	-0.03445744514465332	0.0006608664989471436	0.0014632940292358398	0.1355290412902832	-0.0845193862915039	-0.009778141975402832	0.030031800270080566	0.01365765929222107	0.028687715530395508	0.11471807956695557	-0.039705634117126465	0.008147582411766052	-7.450580596923828e-07	0.0	0.0	0.0	0.0	0.0	-1.4901161193847656e-06	0.0
