sample_id,sensor_name,feature_idx,frame_id,x,y,z
0,right_wrist_camera_to_base,0,right_wrist_camera_color_optical_frame,0.25246139450221122,-0.14703442959617191,0.5885108638640828
0,right_wrist_camera_to_base,1,right_wrist_camera_color_optical_frame,0.23881745701018356,-0.12032409311380535,0.58787770139488604
0,right_wrist_camera_to_base,2,right_wrist_camera_color_optical_frame,0.2251735195181559,-0.093613756631438783,0.5872445389256894
0,right_wrist_camera_to_base,3,right_wrist_camera_color_optical_frame,0.21152958202612826,-0.066903420149072204,0.58661137645649264
0,right_wrist_camera_to_base,4,right_wrist_camera_color_optical_frame,0.1978856445341006,-0.04019308366670564,0.58597821398729588
0,right_wrist_camera_to_base,5,right_wrist_camera_color_optical_frame,0.18424170704207293,-0.013482747184339061,0.58534505151809924
0,right_wrist_camera_to_base,6,right_wrist_camera_color_optical_frame,0.1705977695500453,0.013227589298027503,0.58471188904890248
0,right_wrist_camera_to_base,7,right_wrist_camera_color_optical_frame,0.15695383205801761,0.039937925780394068,0.58407872657970572
0,right_wrist_camera_to_base,8,right_wrist_camera_color_optical_frame,0.14330989456598997,0.066648262262760632,0.58344556411050907
0,right_wrist_camera_to_base,9,right_wrist_camera_color_optical_frame,0.12966595707396228,0.093358598745127225,0.58281240164131232
0,right_wrist_camera_to_base,10,right_wrist_camera_color_optical_frame,0.11602201958193464,0.12006893522749379,0.58217923917211556
0,right_wrist_camera_to_base,11,right_wrist_camera_color_optical_frame,0.22621587409691785,-0.16056649292064917,0.5832140798551142
0,right_wrist_camera_to_base,12,right_wrist_camera_color_optical_frame,0.21257193660489018,-0.13385615643828261,0.58258091738591744
0,right_wrist_camera_to_base,13,right_wrist_camera_color_optical_frame,0.19892799911286252,-0.10714581995591604,0.58194775491672068
0,right_wrist_camera_to_base,14,right_wrist_camera_color_optical_frame,0.18528406162083488,-0.080435483473549466,0.58131459244752404
0,right_wrist_camera_to_base,15,right_wrist_camera_color_optical_frame,0.17164012412880719,-0.053725146991182901,0.58068142997832728
0,right_wrist_camera_to_base,16,right_wrist_camera_color_optical_frame,0.15799618663677956,-0.027014810508816336,0.58004826750913052
0,right_wrist_camera_to_base,17,right_wrist_camera_color_optical_frame,0.14435224914475189,-0.00030447402644975807,0.57941510503993388
0,right_wrist_camera_to_base,18,right_wrist_camera_color_optical_frame,0.13070831165272423,0.026405862455916806,0.57878194257073712
0,right_wrist_camera_to_base,19,right_wrist_camera_color_optical_frame,0.11706437416069659,0.053116198938283371,0.57814878010154036
0,right_wrist_camera_to_base,20,right_wrist_camera_color_optical_frame,0.1034204366686689,0.079826535420649963,0.57751561763234371
0,right_wrist_camera_to_base,21,right_wrist_camera_color_optical_frame,0.089776499176641267,0.10653687190301653,0.57688245516314696
0,right_wrist_camera_to_base,22,right_wrist_camera_color_optical_frame,0.19997035369162447,-0.17409855624512643,0.57791729584614548
0,right_wrist_camera_to_base,23,right_wrist_camera_color_optical_frame,0.18632641619959681,-0.14738821976275987,0.57728413337694873
0,right_wrist_camera_to_base,24,right_wrist_camera_color_optical_frame,0.17268247870756914,-0.12067788328039329,0.57665097090775208
0,right_wrist_camera_to_base,25,right_wrist_camera_color_optical_frame,0.15903854121554151,-0.093967546798026727,0.57601780843855532
0,right_wrist_camera_to_base,26,right_wrist_camera_color_optical_frame,0.14539460372351382,-0.067257210315660163,0.57538464596935857
0,right_wrist_camera_to_base,27,right_wrist_camera_color_optical_frame,0.13175066623148618,-0.040546873833293584,0.57475148350016192
0,right_wrist_camera_to_base,28,right_wrist_camera_color_optical_frame,0.11810672873945852,-0.01383653735092702,0.57411832103096516
0,right_wrist_camera_to_base,29,right_wrist_camera_color_optical_frame,0.10446279124743085,0.012873799131439545,0.57348515856176852
0,right_wrist_camera_to_base,30,right_wrist_camera_color_optical_frame,0.090818853755403189,0.03958413561380611,0.57285199609257176
0,right_wrist_camera_to_base,31,right_wrist_camera_color_optical_frame,0.077174916263375526,0.066294472096172702,0.572218833623375
0,right_wrist_camera_to_base,32,right_wrist_camera_color_optical_frame,0.06353097877134789,0.093004808578539239,0.57158567115417835
0,right_wrist_camera_to_base,33,right_wrist_camera_color_optical_frame,0.17372483328633109,-0.1876306195696037,0.57262051183717688
0,right_wrist_camera_to_base,34,right_wrist_camera_color_optical_frame,0.1600808957943034,-0.16092028308723713,0.57198734936798012
0,right_wrist_camera_to_base,35,right_wrist_camera_color_optical_frame,0.14643695830227577,-0.13420994660487057,0.57135418689878337
0,right_wrist_camera_to_base,36,right_wrist_camera_color_optical_frame,0.1327930208102481,-0.10749961012250399,0.57072102442958672
0,right_wrist_camera_to_base,37,right_wrist_camera_color_optical_frame,0.11914908331822044,-0.080789273640137424,0.57008786196038996
0,right_wrist_camera_to_base,38,right_wrist_camera_color_optical_frame,0.1055051458261928,-0.054078937157770846,0.56945469949119321
0,right_wrist_camera_to_base,39,right_wrist_camera_color_optical_frame,0.09186120833416514,-0.027368600675404281,0.56882153702199656
0,right_wrist_camera_to_base,40,right_wrist_camera_color_optical_frame,0.078217270842137476,-0.00065826419303771644,0.5681883745527998
0,right_wrist_camera_to_base,41,right_wrist_camera_color_optical_frame,0.064573333350109813,0.026052072289328848,0.56755521208360304
0,right_wrist_camera_to_base,42,right_wrist_camera_color_optical_frame,0.050929395858082149,0.05276240877169544,0.5669220496144064
0,right_wrist_camera_to_base,43,right_wrist_camera_color_optical_frame,0.037285458366054514,0.079472745254061977,0.56628888714520964
0,right_wrist_camera_to_base,44,right_wrist_camera_color_optical_frame,0.14747931288103772,-0.20116268289408096,0.56732372782820817
0,right_wrist_camera_to_base,45,right_wrist_camera_color_optical_frame,0.13383537538901003,-0.17445234641171437,0.56669056535901152
0,right_wrist_camera_to_base,46,right_wrist_camera_color_optical_frame,0.12019143789698239,-0.1477420099293478,0.56605740288981476
0,right_wrist_camera_to_base,47,right_wrist_camera_color_optical_frame,0.10654750040495473,-0.12103167344698124,0.56542424042061801
0,right_wrist_camera_to_base,48,right_wrist_camera_color_optical_frame,0.092903562912927062,-0.094321336964614672,0.56479107795142136
0,right_wrist_camera_to_base,49,right_wrist_camera_color_optical_frame,0.079259625420899427,-0.067611000482248107,0.5641579154822246
0,right_wrist_camera_to_base,50,right_wrist_camera_color_optical_frame,0.065615687928871763,-0.040900663999881542,0.56352475301302785
0,right_wrist_camera_to_base,51,right_wrist_camera_color_optical_frame,0.0519717504368441,-0.014190327517514978,0.5628915905438312
0,right_wrist_camera_to_base,52,right_wrist_camera_color_optical_frame,0.038327812944816436,0.012520008964851587,0.56225842807463444
0,right_wrist_camera_to_base,53,right_wrist_camera_color_optical_frame,0.024683875452788773,0.039230345447218207,0.56162526560543768
0,right_wrist_camera_to_base,54,right_wrist_camera_color_optical_frame,0.011039937960761137,0.065940681929584744,0.56099210313624104
0,right_wrist_camera_to_base,55,right_wrist_camera_color_optical_frame,0.12123379247574431,-0.21469474621855822,0.56202694381923957
0,right_wrist_camera_to_base,56,right_wrist_camera_color_optical_frame,0.10758985498371665,-0.18798440973619163,0.56139378135004281
0,right_wrist_camera_to_base,57,right_wrist_camera_color_optical_frame,0.093945917491688985,-0.16127407325382506,0.56076061888084605
0,right_wrist_camera_to_base,58,right_wrist_camera_color_optical_frame,0.080301979999661349,-0.1345637367714585,0.5601274564116494
0,right_wrist_camera_to_base,59,right_wrist_camera_color_optical_frame,0.066658042507633686,-0.10785340028909193,0.55949429394245265
0,right_wrist_camera_to_base,60,right_wrist_camera_color_optical_frame,0.053014105015606022,-0.081143063806725368,0.55886113147325589
0,right_wrist_camera_to_base,61,right_wrist_camera_color_optical_frame,0.039370167523578359,-0.054432727324358804,0.55822796900405924
0,right_wrist_camera_to_base,62,right_wrist_camera_color_optical_frame,0.025726230031550723,-0.027722390841992225,0.55759480653486249
0,right_wrist_camera_to_base,63,right_wrist_camera_color_optical_frame,0.01208229253952306,-0.0010120543596256748,0.55696164406566573
0,right_wrist_camera_to_base,64,right_wrist_camera_color_optical_frame,-0.0015616449525046039,0.025698282122740945,0.55632848159646908
0,right_wrist_camera_to_base,65,right_wrist_camera_color_optical_frame,-0.01520558244453224,0.052408618605107482,0.55569531912727232
0,right_wrist_camera_to_base,66,right_wrist_camera_color_optical_frame,0.094988272070450935,-0.22822680954303548,0.55673015981027085
0,right_wrist_camera_to_base,67,right_wrist_camera_color_optical_frame,0.081344334578423272,-0.20151647306066889,0.55609699734107421
0,right_wrist_camera_to_base,68,right_wrist_camera_color_optical_frame,0.067700397086395608,-0.17480613657830232,0.55546383487187745
0,right_wrist_camera_to_base,69,right_wrist_camera_color_optical_frame,0.054056459594367973,-0.14809580009593576,0.55483067240268069
0,right_wrist_camera_to_base,70,right_wrist_camera_color_optical_frame,0.040412522102340309,-0.12138546361356919,0.55419750993348404
0,right_wrist_camera_to_base,71,right_wrist_camera_color_optical_frame,0.026768584610312646,-0.09467512713120263,0.55356434746428729
0,right_wrist_camera_to_base,72,right_wrist_camera_color_optical_frame,0.013124647118284982,-0.067964790648836065,0.55293118499509053
0,right_wrist_camera_to_base,73,right_wrist_camera_color_optical_frame,-0.00051929037374265352,-0.041254454166469487,0.55229802252589388
0,right_wrist_camera_to_base,74,right_wrist_camera_color_optical_frame,-0.014163227865770345,-0.014544117684102936,0.55166486005669713
0,right_wrist_camera_to_base,75,right_wrist_camera_color_optical_frame,-0.02780716535779798,0.012166218798263684,0.55103169758750037
0,right_wrist_camera_to_base,76,right_wrist_camera_color_optical_frame,-0.041451102849825616,0.038876555280630221,0.55039853511830372
0,right_wrist_camera_to_base,77,right_wrist_camera_color_optical_frame,0.068742751665157559,-0.24175887286751271,0.55143337580130225
0,right_wrist_camera_to_base,78,right_wrist_camera_color_optical_frame,0.055098814173129895,-0.21504853638514615,0.55080021333210549
0,right_wrist_camera_to_base,79,right_wrist_camera_color_optical_frame,0.041454876681102232,-0.18833819990277959,0.55016705086290874
0,right_wrist_camera_to_base,80,right_wrist_camera_color_optical_frame,0.027810939189074596,-0.16162786342041302,0.54953388839371209
0,right_wrist_camera_to_base,81,right_wrist_camera_color_optical_frame,0.014167001697046933,-0.13491752693804643,0.54890072592451533
0,right_wrist_camera_to_base,82,right_wrist_camera_color_optical_frame,0.00052306420501929685,-0.10820719045567988,0.54826756345531868
0,right_wrist_camera_to_base,83,right_wrist_camera_color_optical_frame,-0.013120873287008394,-0.081496853973313313,0.54763440098612193
0,right_wrist_camera_to_base,84,right_wrist_camera_color_optical_frame,-0.02676481077903603,-0.054786517490946735,0.54700123851692517
0,right_wrist_camera_to_base,85,right_wrist_camera_color_optical_frame,-0.040408748271063721,-0.02807618100858017,0.54636807604772852
0,right_wrist_camera_to_base,86,right_wrist_camera_color_optical_frame,-0.054052685763091357,-0.0013658445262135777,0.54573491357853177
0,right_wrist_camera_to_base,87,right_wrist_camera_color_optical_frame,-0.067696623255118993,0.025344491956152959,0.54510175110933501
0,tag_to_base,0,checkerboard_link,0,0,0
0,tag_to_base,1,checkerboard_link,0.029999999999999999,0,0
0,tag_to_base,2,checkerboard_link,0.059999999999999998,0,0
0,tag_to_base,3,checkerboard_link,0.089999999999999997,0,0
0,tag_to_base,4,checkerboard_link,0.12,0,0
0,tag_to_base,5,checkerboard_link,0.14999999999999999,0,0
0,tag_to_base,6,checkerboard_link,0.17999999999999999,0,0
0,tag_to_base,7,checkerboard_link,0.20999999999999999,0,0
0,tag_to_base,8,checkerboard_link,0.23999999999999999,0,0
0,tag_to_base,9,checkerboard_link,0.27000000000000002,0,0
0,tag_to_base,10,checkerboard_link,0.29999999999999999,0,0
0,tag_to_base,11,checkerboard_link,0,0.029999999999999999,0
0,tag_to_base,12,checkerboard_link,0.029999999999999999,0.029999999999999999,0
0,tag_to_base,13,checkerboard_link,0.059999999999999998,0.029999999999999999,0
0,tag_to_base,14,checkerboard_link,0.089999999999999997,0.029999999999999999,0
0,tag_to_base,15,checkerboard_link,0.12,0.029999999999999999,0
0,tag_to_base,16,checkerboard_link,0.14999999999999999,0.029999999999999999,0
0,tag_to_base,17,checkerboard_link,0.17999999999999999,0.029999999999999999,0
0,tag_to_base,18,checkerboard_link,0.20999999999999999,0.029999999999999999,0
0,tag_to_base,19,checkerboard_link,0.23999999999999999,0.029999999999999999,0
0,tag_to_base,20,checkerboard_link,0.27000000000000002,0.029999999999999999,0
0,tag_to_base,21,checkerboard_link,0.29999999999999999,0.029999999999999999,0
0,tag_to_base,22,checkerboard_link,0,0.059999999999999998,0
0,tag_to_base,23,checkerboard_link,0.029999999999999999,0.059999999999999998,0
0,tag_to_base,24,checkerboard_link,0.059999999999999998,0.059999999999999998,0
0,tag_to_base,25,checkerboard_link,0.089999999999999997,0.059999999999999998,0
0,tag_to_base,26,checkerboard_link,0.12,0.059999999999999998,0
0,tag_to_base,27,checkerboard_link,0.14999999999999999,0.059999999999999998,0
0,tag_to_base,28,checkerboard_link,0.17999999999999999,0.059999999999999998,0
0,tag_to_base,29,checkerboard_link,0.20999999999999999,0.059999999999999998,0
0,tag_to_base,30,checkerboard_link,0.23999999999999999,0.059999999999999998,0
0,tag_to_base,31,checkerboard_link,0.27000000000000002,0.059999999999999998,0
0,tag_to_base,32,checkerboard_link,0.29999999999999999,0.059999999999999998,0
0,tag_to_base,33,checkerboard_link,0,0.089999999999999997,0
0,tag_to_base,34,checkerboard_link,0.029999999999999999,0.089999999999999997,0
0,tag_to_base,35,checkerboard_link,0.059999999999999998,0.089999999999999997,0
0,tag_to_base,36,checkerboard_link,0.089999999999999997,0.089999999999999997,0
0,tag_to_base,37,checkerboard_link,0.12,0.089999999999999997,0
0,tag_to_base,38,checkerboard_link,0.14999999999999999,0.089999999999999997,0
0,tag_to_base,39,checkerboard_link,0.17999999999999999,0.089999999999999997,0
0,tag_to_base,40,checkerboard_link,0.20999999999999999,0.089999999999999997,0
0,tag_to_base,41,checkerboard_link,0.23999999999999999,0.089999999999999997,0
0,tag_to_base,42,checkerboard_link,0.27000000000000002,0.089999999999999997,0
0,tag_to_base,43,checkerboard_link,0.29999999999999999,0.089999999999999997,0
0,tag_to_base,44,checkerboard_link,0,0.12,0
0,tag_to_base,45,checkerboard_link,0.029999999999999999,0.12,0
0,tag_to_base,46,checkerboard_link,0.059999999999999998,0.12,0
0,tag_to_base,47,checkerboard_link,0.089999999999999997,0.12,0
0,tag_to_base,48,checkerboard_link,0.12,0.12,0
0,tag_to_base,49,checkerboard_link,0.14999999999999999,0.12,0
0,tag_to_base,50,checkerboard_link,0.17999999999999999,0.12,0
0,tag_to_base,51,checkerboard_link,0.20999999999999999,0.12,0
0,tag_to_base,52,checkerboard_link,0.23999999999999999,0.12,0
0,tag_to_base,53,checkerboard_link,0.27000000000000002,0.12,0
0,tag_to_base,54,checkerboard_link,0.29999999999999999,0.12,0
0,tag_to_base,55,checkerboard_link,0,0.14999999999999999,0
0,tag_to_base,56,checkerboard_link,0.029999999999999999,0.14999999999999999,0
0,tag_to_base,57,checkerboard_link,0.059999999999999998,0.14999999999999999,0
0,tag_to_base,58,checkerboard_link,0.089999999999999997,0.14999999999999999,0
0,tag_to_base,59,checkerboard_link,0.12,0.14999999999999999,0
0,tag_to_base,60,checkerboard_link,0.14999999999999999,0.14999999999999999,0
0,tag_to_base,61,checkerboard_link,0.17999999999999999,0.14999999999999999,0
0,tag_to_base,62,checkerboard_link,0.20999999999999999,0.14999999999999999,0
0,tag_to_base,63,checkerboard_link,0.23999999999999999,0.14999999999999999,0
0,tag_to_base,64,checkerboard_link,0.27000000000000002,0.14999999999999999,0
0,tag_to_base,65,checkerboard_link,0.29999999999999999,0.14999999999999999,0
0,tag_to_base,66,checkerboard_link,0,0.17999999999999999,0
0,tag_to_base,67,checkerboard_link,0.029999999999999999,0.17999999999999999,0
0,tag_to_base,68,checkerboard_link,0.059999999999999998,0.17999999999999999,0
0,tag_to_base,69,checkerboard_link,0.089999999999999997,0.17999999999999999,0
0,tag_to_base,70,checkerboard_link,0.12,0.17999999999999999,0
0,tag_to_base,71,checkerboard_link,0.14999999999999999,0.17999999999999999,0
0,tag_to_base,72,checkerboard_link,0.17999999999999999,0.17999999999999999,0
0,tag_to_base,73,checkerboard_link,0.20999999999999999,0.17999999999999999,0
0,tag_to_base,74,checkerboard_link,0.23999999999999999,0.17999999999999999,0
0,tag_to_base,75,checkerboard_link,0.27000000000000002,0.17999999999999999,0
0,tag_to_base,76,checkerboard_link,0.29999999999999999,0.17999999999999999,0
0,tag_to_base,77,checkerboard_link,0,0.20999999999999999,0
0,tag_to_base,78,checkerboard_link,0.029999999999999999,0.20999999999999999,0
0,tag_to_base,79,checkerboard_link,0.059999999999999998,0.20999999999999999,0
0,tag_to_base,80,checkerboard_link,0.089999999999999997,0.20999999999999999,0
0,tag_to_base,81,checkerboard_link,0.12,0.20999999999999999,0
0,tag_to_base,82,checkerboard_link,0.14999999999999999,0.20999999999999999,0
0,tag_to_base,83,checkerboard_link,0.17999999999999999,0.20999999999999999,0
0,tag_to_base,84,checkerboard_link,0.20999999999999999,0.20999999999999999,0
0,tag_to_base,85,checkerboard_link,0.23999999999999999,0.20999999999999999,0
0,tag_to_base,86,checkerboard_link,0.27000000000000002,0.20999999999999999,0
0,tag_to_base,87,checkerboard_link,0.29999999999999999,0.20999999999999999,0
1,right_wrist_camera_to_base,0,right_wrist_camera_color_optical_frame,0.13462255433488232,-0.031985000833548591,0.66057848459776969
1,right_wrist_camera_to_base,1,right_wrist_camera_color_optical_frame,0.1158261972313209,-0.0089964029993553386,0.65630983970118695
1,right_wrist_camera_to_base,2,right_wrist_camera_color_optical_frame,0.097029840127759476,0.013992194834837914,0.65204119480460432
1,right_wrist_camera_to_base,3,right_wrist_camera_color_optical_frame,0.078233483024198067,0.036980792669031162,0.64777254990802158
1,right_wrist_camera_to_base,4,right_wrist_camera_color_optical_frame,0.059437125920636644,0.059969390503224418,0.64350390501143884
1,right_wrist_camera_to_base,5,right_wrist_camera_color_optical_frame,0.040640768817075221,0.082957988337417674,0.6392352601148561
1,right_wrist_camera_to_base,6,right_wrist_camera_color_optical_frame,0.021844411713513812,0.10594658617161092,0.63496661521827347
1,right_wrist_camera_to_base,7,right_wrist_camera_color_optical_frame,0.0030480546099523886,0.12893518400580417,0.63069797032169073
1,right_wrist_camera_to_base,8,right_wrist_camera_color_optical_frame,-0.015748302493609034,0.15192378183999744,0.62642932542510799
1,right_wrist_camera_to_base,9,right_wrist_camera_color_optical_frame,-0.034544659597170457,0.17491237967419071,0.62216068052852536
1,right_wrist_camera_to_base,10,right_wrist_camera_color_optical_frame,-0.05334101670073188,0.19790097750838392,0.61789203563194262
1,right_wrist_camera_to_base,11,right_wrist_camera_color_optical_frame,0.11333217302301807,-0.051076632192464992,0.65151044866650754
1,right_wrist_camera_to_base,12,right_wrist_camera_color_optical_frame,0.094535815919456659,-0.02808803435827174,0.6472418037699248
1,right_wrist_camera_to_base,13,right_wrist_camera_color_optical_frame,0.075739458815895236,-0.0050994365240784878,0.64297315887334217
1,right_wrist_camera_to_base,14,right_wrist_camera_color_optical_frame,0.056943101712333813,0.017889161310114761,0.63870451397675942
1,right_wrist_camera_to_base,15,right_wrist_camera_color_optical_frame,0.038146744608772404,0.04087775914430801,0.63443586908017668
1,right_wrist_camera_to_base,16,right_wrist_camera_color_optical_frame,0.019350387505210981,0.063866356978501265,0.63016722418359405
1,right_wrist_camera_to_base,17,right_wrist_camera_color_optical_frame,0.00055403040164955786,0.086854954812694521,0.62589857928701131
1,right_wrist_camera_to_base,18,right_wrist_camera_color_optical_frame,-0.018242326701911865,0.10984355264688776,0.62162993439042857
1,right_wrist_camera_to_base,19,right_wrist_camera_color_optical_frame,-0.037038683805473288,0.13283215048108105,0.61736128949384583
1,right_wrist_camera_to_base,20,right_wrist_camera_color_optical_frame,-0.055835040909034711,0.15582074831527432,0.6130926445972632
1,right_wrist_camera_to_base,21,right_wrist_camera_color_optical_frame,-0.074631398012596106,0.17880934614946753,0.60882399970068046
1,right_wrist_camera_to_base,22,right_wrist_camera_color_optical_frame,0.092041791711153828,-0.070168263551381393,0.64244241273524538
1,right_wrist_camera_to_base,23,right_wrist_camera_color_optical_frame,0.073245434607592419,-0.047179665717188138,0.63817376783866264
1,right_wrist_camera_to_base,24,right_wrist_camera_color_optical_frame,0.054449077504030996,-0.024191067882994889,0.63390512294208001
1,right_wrist_camera_to_base,25,right_wrist_camera_color_optical_frame,0.035652720400469573,-0.001202470048801637,0.62963647804549727
1,right_wrist_camera_to_base,26,right_wrist_camera_color_optical_frame,0.01685636329690815,0.021786127785391615,0.62536783314891453
1,right_wrist_camera_to_base,27,right_wrist_camera_color_optical_frame,-0.0019399938066532729,0.044774725619584871,0.62109918825233179
1,right_wrist_camera_to_base,28,right_wrist_camera_color_optical_frame,-0.020736350910214696,0.067763323453778113,0.61683054335574916
1,right_wrist_camera_to_base,29,right_wrist_camera_color_optical_frame,-0.039532708013776091,0.090751921287971368,0.61256189845916642
1,right_wrist_camera_to_base,30,right_wrist_camera_color_optical_frame,-0.058329065117337514,0.11374051912216461,0.60829325356258368
1,right_wrist_camera_to_base,31,right_wrist_camera_color_optical_frame,-0.077125422220898965,0.13672911695635792,0.60402460866600105
1,right_wrist_camera_to_base,32,right_wrist_camera_color_optical_frame,-0.09592177932446036,0.15971771479055114,0.59975596376941831
1,right_wrist_camera_to_base,33,right_wrist_camera_color_optical_frame,0.070751410399289588,-0.089259894910297802,0.63337437680398323
1,right_wrist_camera_to_base,34,right_wrist_camera_color_optical_frame,0.051955053295728165,-0.066271297076104546,0.62910573190740049
1,right_wrist_camera_to_base,35,right_wrist_camera_color_optical_frame,0.033158696192166756,-0.043282699241911297,0.62483708701081786
1,right_wrist_camera_to_base,36,right_wrist_camera_color_optical_frame,0.014362339088605333,-0.020294101407718045,0.62056844211423512
1,right_wrist_camera_to_base,37,right_wrist_camera_color_optical_frame,-0.0044340180149560759,0.0026944964264752069,0.61629979721765238
1,right_wrist_camera_to_base,38,right_wrist_camera_color_optical_frame,-0.023230375118517499,0.025683094260668456,0.61203115232106975
1,right_wrist_camera_to_base,39,right_wrist_camera_color_optical_frame,-0.042026732222078922,0.048671692094861704,0.60776250742448701
1,right_wrist_camera_to_base,40,right_wrist_camera_color_optical_frame,-0.060823089325640345,0.07166028992905496,0.60349386252790427
1,right_wrist_camera_to_base,41,right_wrist_camera_color_optical_frame,-0.079619446429201768,0.094648887763248216,0.59922521763132153
1,right_wrist_camera_to_base,42,right_wrist_camera_color_optical_frame,-0.098415803532763191,0.11763748559744149,0.5949565727347389
1,right_wrist_camera_to_base,43,right_wrist_camera_color_optical_frame,-0.11721216063632459,0.14062608343163474,0.59068792783815616
1,right_wrist_camera_to_base,44,right_wrist_camera_color_optical_frame,0.049461029087425334,-0.1083515262692142,0.62430634087272108
1,right_wrist_camera_to_base,45,right_wrist_camera_color_optical_frame,0.030664671983863911,-0.085362928435020941,0.62003769597613834
1,right_wrist_camera_to_base,46,right_wrist_camera_color_optical_frame,0.011868314880302502,-0.062374330600827692,0.61576905107955571
1,right_wrist_camera_to_base,47,right_wrist_camera_color_optical_frame,-0.0069280422232589345,-0.039385732766634443,0.61150040618297297
1,right_wrist_camera_to_base,48,right_wrist_camera_color_optical_frame,-0.02572439932682033,-0.016397134932441187,0.60723176128639023
1,right_wrist_camera_to_base,49,right_wrist_camera_color_optical_frame,-0.044520756430381753,0.0065914629017520612,0.60296311638980749
1,right_wrist_camera_to_base,50,right_wrist_camera_color_optical_frame,-0.063317113533943176,0.029580060735945317,0.59869447149322486
1,right_wrist_camera_to_base,51,right_wrist_camera_color_optical_frame,-0.082113470637504599,0.052568658570138566,0.59442582659664212
1,right_wrist_camera_to_base,52,right_wrist_camera_color_optical_frame,-0.10090982774106602,0.075557256404331821,0.59015718170005937
1,right_wrist_camera_to_base,53,right_wrist_camera_color_optical_frame,-0.11970618484462744,0.098545854238525091,0.58588853680347674
1,right_wrist_camera_to_base,54,right_wrist_camera_color_optical_frame,-0.13850254194818887,0.12153445207271833,0.581619891906894
1,right_wrist_camera_to_base,55,right_wrist_camera_color_optical_frame,0.028170647775561095,-0.1274431576281306,0.61523830494145892
1,right_wrist_camera_to_base,56,right_wrist_camera_color_optical_frame,0.0093742906719996855,-0.10445455979393735,0.61096966004487618
1,right_wrist_camera_to_base,57,right_wrist_camera_color_optical_frame,-0.0094220664315617375,-0.081465961959744093,0.60670101514829355
1,right_wrist_camera_to_base,58,right_wrist_camera_color_optical_frame,-0.02821842353512316,-0.058477364125550851,0.60243237025171081
1,right_wrist_camera_to_base,59,right_wrist_camera_color_optical_frame,-0.047014780638684583,-0.035488766291357596,0.59816372535512807
1,right_wrist_camera_to_base,60,right_wrist_camera_color_optical_frame,-0.065811137742246006,-0.012500168457164344,0.59389508045854544
1,right_wrist_camera_to_base,61,right_wrist_camera_color_optical_frame,-0.084607494845807429,0.010488429377028909,0.5896264355619627
1,right_wrist_camera_to_base,62,right_wrist_camera_color_optical_frame,-0.10340385194936882,0.033477027211222157,0.58535779066537996
1,right_wrist_camera_to_base,63,right_wrist_camera_color_optical_frame,-0.12220020905293025,0.056465625045415413,0.58108914576879722
1,right_wrist_camera_to_base,64,right_wrist_camera_color_optical_frame,-0.14099656615649167,0.079454222879608682,0.57682050087221459
1,right_wrist_camera_to_base,65,right_wrist_camera_color_optical_frame,-0.15979292326005309,0.10244282071380191,0.57255185597563185
1,right_wrist_camera_to_base,66,right_wrist_camera_color_optical_frame,0.0068802664636968547,-0.14653478898704703,0.60617026901019677
1,right_wrist_camera_to_base,67,right_wrist_camera_color_optical_frame,-0.011916090639864568,-0.12354619115285376,0.60190162411361403
1,right_wrist_camera_to_base,68,right_wrist_camera_color_optical_frame,-0.030712447743425991,-0.10055759331866052,0.5976329792170314
1,right_wrist_camera_to_base,69,right_wrist_camera_color_optical_frame,-0.049508804846987414,-0.07756899548446726,0.59336433432044866
1,right_wrist_camera_to_base,70,right_wrist_camera_color_optical_frame,-0.068305161950548809,-0.054580397650274004,0.58909568942386592
1,right_wrist_camera_to_base,71,right_wrist_camera_color_optical_frame,-0.087101519054110232,-0.031591799816080755,0.58482704452728318
1,right_wrist_camera_to_base,72,right_wrist_camera_color_optical_frame,-0.10589787615767166,-0.0086032019818874997,0.58055839963070055
1,right_wrist_camera_to_base,73,right_wrist_camera_color_optical_frame,-0.12469423326123305,0.014385395852305749,0.57628975473411781
1,right_wrist_camera_to_base,74,right_wrist_camera_color_optical_frame,-0.14349059036479447,0.037373993686499005,0.57202110983753507
1,right_wrist_camera_to_base,75,right_wrist_camera_color_optical_frame,-0.16228694746835595,0.060362591520692274,0.56775246494095244
1,right_wrist_camera_to_base,76,right_wrist_camera_color_optical_frame,-0.18108330457191732,0.083351189354885502,0.5634838200443697
1,right_wrist_camera_to_base,77,right_wrist_camera_color_optical_frame,-0.014410114848167399,-0.16562642034596342,0.59710223307893462
1,right_wrist_camera_to_base,78,right_wrist_camera_color_optical_frame,-0.033206471951728822,-0.14263782251177015,0.59283358818235188
1,right_wrist_camera_to_base,79,right_wrist_camera_color_optical_frame,-0.052002829055290245,-0.11964922467757691,0.58856494328576925
1,right_wrist_camera_to_base,80,right_wrist_camera_color_optical_frame,-0.070799186158851668,-0.096660626843383654,0.58429629838918651
1,right_wrist_camera_to_base,81,right_wrist_camera_color_optical_frame,-0.089595543262413063,-0.073672029009190398,0.58002765349260377
1,right_wrist_camera_to_base,82,right_wrist_camera_color_optical_frame,-0.10839190036597449,-0.050683431174997143,0.57575900859602114
1,right_wrist_camera_to_base,83,right_wrist_camera_color_optical_frame,-0.12718825746953591,-0.027694833340803894,0.5714903636994384
1,right_wrist_camera_to_base,84,right_wrist_camera_color_optical_frame,-0.14598461457309733,-0.0047062355066106419,0.56722171880285566
1,right_wrist_camera_to_base,85,right_wrist_camera_color_optical_frame,-0.16478097167665876,0.01828236232758261,0.56295307390627292
1,right_wrist_camera_to_base,86,right_wrist_camera_color_optical_frame,-0.18357732878022018,0.04127096016177588,0.55868442900969029
1,right_wrist_camera_to_base,87,right_wrist_camera_color_optical_frame,-0.2023736858837816,0.064259557995969108,0.55441578411310755
1,tag_to_base,0,checkerboard_link,0,0,0
1,tag_to_base,1,checkerboard_link,0.029999999999999999,0,0
1,tag_to_base,2,checkerboard_link,0.059999999999999998,0,0
1,tag_to_base,3,checkerboard_link,0.089999999999999997,0,0
1,tag_to_base,4,checkerboard_link,0.12,0,0
1,tag_to_base,5,checkerboard_link,0.14999999999999999,0,0
1,tag_to_base,6,checkerboard_link,0.17999999999999999,0,0
1,tag_to_base,7,checkerboard_link,0.20999999999999999,0,0
1,tag_to_base,8,checkerboard_link,0.23999999999999999,0,0
1,tag_to_base,9,checkerboard_link,0.27000000000000002,0,0
1,tag_to_base,10,checkerboard_link,0.29999999999999999,0,0
1,tag_to_base,11,checkerboard_link,0,0.029999999999999999,0
1,tag_to_base,12,checkerboard_link,0.029999999999999999,0.029999999999999999,0
1,tag_to_base,13,checkerboard_link,0.059999999999999998,0.029999999999999999,0
1,tag_to_base,14,checkerboard_link,0.089999999999999997,0.029999999999999999,0
1,tag_to_base,15,checkerboard_link,0.12,0.029999999999999999,0
1,tag_to_base,16,checkerboard_link,0.14999999999999999,0.029999999999999999,0
1,tag_to_base,17,checkerboard_link,0.17999999999999999,0.029999999999999999,0
1,tag_to_base,18,checkerboard_link,0.20999999999999999,0.029999999999999999,0
1,tag_to_base,19,checkerboard_link,0.23999999999999999,0.029999999999999999,0
1,tag_to_base,20,checkerboard_link,0.27000000000000002,0.029999999999999999,0
1,tag_to_base,21,checkerboard_link,0.29999999999999999,0.029999999999999999,0
1,tag_to_base,22,checkerboard_link,0,0.059999999999999998,0
1,tag_to_base,23,checkerboard_link,0.029999999999999999,0.059999999999999998,0
1,tag_to_base,24,checkerboard_link,0.059999999999999998,0.059999999999999998,0
1,tag_to_base,25,checkerboard_link,0.089999999999999997,0.059999999999999998,0
1,tag_to_base,26,checkerboard_link,0.12,0.059999999999999998,0
1,tag_to_base,27,checkerboard_link,0.14999999999999999,0.059999999999999998,0
1,tag_to_base,28,checkerboard_link,0.17999999999999999,0.059999999999999998,0
1,tag_to_base,29,checkerboard_link,0.20999999999999999,0.059999999999999998,0
1,tag_to_base,30,checkerboard_link,0.23999999999999999,0.059999999999999998,0
1,tag_to_base,31,checkerboard_link,0.27000000000000002,0.059999999999999998,0
1,tag_to_base,32,checkerboard_link,0.29999999999999999,0.059999999999999998,0
1,tag_to_base,33,checkerboard_link,0,0.089999999999999997,0
1,tag_to_base,34,checkerboard_link,0.029999999999999999,0.089999999999999997,0
1,tag_to_base,35,checkerboard_link,0.059999999999999998,0.089999999999999997,0
1,tag_to_base,36,checkerboard_link,0.089999999999999997,0.089999999999999997,0
1,tag_to_base,37,checkerboard_link,0.12,0.089999999999999997,0
1,tag_to_base,38,checkerboard_link,0.14999999999999999,0.089999999999999997,0
1,tag_to_base,39,checkerboard_link,0.17999999999999999,0.089999999999999997,0
1,tag_to_base,40,checkerboard_link,0.20999999999999999,0.089999999999999997,0
1,tag_to_base,41,checkerboard_link,0.23999999999999999,0.089999999999999997,0
1,tag_to_base,42,checkerboard_link,0.27000000000000002,0.089999999999999997,0
1,tag_to_base,43,checkerboard_link,0.29999999999999999,0.089999999999999997,0
1,tag_to_base,44,checkerboard_link,0,0.12,0
1,tag_to_base,45,checkerboard_link,0.029999999999999999,0.12,0
1,tag_to_base,46,checkerboard_link,0.059999999999999998,0.12,0
1,tag_to_base,47,checkerboard_link,0.089999999999999997,0.12,0
1,tag_to_base,48,checkerboard_link,0.12,0.12,0
1,tag_to_base,49,checkerboard_link,0.14999999999999999,0.12,0
1,tag_to_base,50,checkerboard_link,0.17999999999999999,0.12,0
1,tag_to_base,51,checkerboard_link,0.20999999999999999,0.12,0
1,tag_to_base,52,checkerboard_link,0.23999999999999999,0.12,0
1,tag_to_base,53,checkerboard_link,0.27000000000000002,0.12,0
1,tag_to_base,54,checkerboard_link,0.29999999999999999,0.12,0
1,tag_to_base,55,checkerboard_link,0,0.14999999999999999,0
1,tag_to_base,56,checkerboard_link,0.029999999999999999,0.14999999999999999,0
1,tag_to_base,57,checkerboard_link,0.059999999999999998,0.14999999999999999,0
1,tag_to_base,58,checkerboard_link,0.089999999999999997,0.14999999999999999,0
1,tag_to_base,59,checkerboard_link,0.12,0.14999999999999999,0
1,tag_to_base,60,checkerboard_link,0.14999999999999999,0.14999999999999999,0
1,tag_to_base,61,checkerboard_link,0.17999999999999999,0.14999999999999999,0
1,tag_to_base,62,checkerboard_link,0.20999999999999999,0.14999999999999999,0
1,tag_to_base,63,checkerboard_link,0.23999999999999999,0.14999999999999999,0
1,tag_to_base,64,checkerboard_link,0.27000000000000002,0.14999999999999999,0
1,tag_to_base,65,checkerboard_link,0.29999999999999999,0.14999999999999999,0
1,tag_to_base,66,checkerboard_link,0,0.17999999999999999,0
1,tag_to_base,67,checkerboard_link,0.029999999999999999,0.17999999999999999,0
1,tag_to_base,68,checkerboard_link,0.059999999999999998,0.17999999999999999,0
1,tag_to_base,69,checkerboard_link,0.089999999999999997,0.17999999999999999,0
1,tag_to_base,70,checkerboard_link,0.12,0.17999999999999999,0
1,tag_to_base,71,checkerboard_link,0.14999999999999999,0.17999999999999999,0
1,tag_to_base,72,checkerboard_link,0.17999999999999999,0.17999999999999999,0
1,tag_to_base,73,checkerboard_link,0.20999999999999999,0.17999999999999999,0
1,tag_to_base,74,checkerboard_link,0.23999999999999999,0.17999999999999999,0
1,tag_to_base,75,checkerboard_link,0.27000000000000002,0.17999999999999999,0
1,tag_to_base,76,checkerboard_link,0.29999999999999999,0.17999999999999999,0
1,tag_to_base,77,checkerboard_link,0,0.20999999999999999,0
1,tag_to_base,78,checkerboard_link,0.029999999999999999,0.20999999999999999,0
1,tag_to_base,79,checkerboard_link,0.059999999999999998,0.20999999999999999,0
1,tag_to_base,80,checkerboard_link,0.089999999999999997,0.20999999999999999,0
1,tag_to_base,81,checkerboard_link,0.12,0.20999999999999999,0
1,tag_to_base,82,checkerboard_link,0.14999999999999999,0.20999999999999999,0
1,tag_to_base,83,checkerboard_link,0.17999999999999999,0.20999999999999999,0
1,tag_to_base,84,checkerboard_link,0.20999999999999999,0.20999999999999999,0
1,tag_to_base,85,checkerboard_link,0.23999999999999999,0.20999999999999999,0
1,tag_to_base,86,checkerboard_link,0.27000000000000002,0.20999999999999999,0
1,tag_to_base,87,checkerboard_link,0.29999999999999999,0.20999999999999999,0
2,right_wrist_camera_to_base,0,right_wrist_camera_color_optical_frame,0.26839618218133643,-0.086410121814501098,0.59026062589014239
2,right_wrist_camera_to_base,1,right_wrist_camera_color_optical_frame,0.24448077135961291,-0.068405344336235102,0.59223067999760104
2,right_wrist_camera_to_base,2,right_wrist_camera_color_optical_frame,0.22056536053788936,-0.050400566857969092,0.59420073410505958
2,right_wrist_camera_to_base,3,right_wrist_camera_color_optical_frame,0.19664994971616584,-0.03239578937970309,0.59617078821251823
2,right_wrist_camera_to_base,4,right_wrist_camera_color_optical_frame,0.17273453889444229,-0.014391011901437087,0.59814084231997677
2,right_wrist_camera_to_base,5,right_wrist_camera_color_optical_frame,0.1488191280727188,0.003613765576828909,0.60011089642743543
2,right_wrist_camera_to_base,6,right_wrist_camera_color_optical_frame,0.12490371725099525,0.021618543055094919,0.60208095053489397
2,right_wrist_camera_to_base,7,right_wrist_camera_color_optical_frame,0.10098830642927173,0.039623320533360915,0.60405100464235262
2,right_wrist_camera_to_base,8,right_wrist_camera_color_optical_frame,0.077072895607548181,0.057628098011626924,0.60602105874981116
2,right_wrist_camera_to_base,9,right_wrist_camera_color_optical_frame,0.053157484785824632,0.075632875489892934,0.60799111285726981
2,right_wrist_camera_to_base,10,right_wrist_camera_color_optical_frame,0.02924207396410114,0.093637652968158916,0.60996116696472835
2,right_wrist_camera_to_base,11,right_wrist_camera_color_optical_frame,0.25071710372750788,-0.10890573252059603,0.58123855938721725
2,right_wrist_camera_to_base,12,right_wrist_camera_color_optical_frame,0.22680169290578439,-0.090900955042330034,0.5832086134946759
2,right_wrist_camera_to_base,13,right_wrist_camera_color_optical_frame,0.20288628208406084,-0.072896177564064024,0.58517866760213444
2,right_wrist_camera_to_base,14,right_wrist_camera_color_optical_frame,0.17897087126233732,-0.054891400085798021,0.58714872170959309
2,right_wrist_camera_to_base,15,right_wrist_camera_color_optical_frame,0.1550554604406138,-0.036886622607532019,0.58911877581705163
2,right_wrist_camera_to_base,16,right_wrist_camera_color_optical_frame,0.13114004961889025,-0.018881845129266023,0.59108882992451028
2,right_wrist_camera_to_base,17,right_wrist_camera_color_optical_frame,0.10722463879716673,-0.00087706765100001305,0.59305888403196882
2,right_wrist_camera_to_base,18,right_wrist_camera_color_optical_frame,0.083309227975443212,0.017127709827265983,0.59502893813942748
2,right_wrist_camera_to_base,19,right_wrist_camera_color_optical_frame,0.059393817153719664,0.035132487305531993,0.59699899224688602
2,right_wrist_camera_to_base,20,right_wrist_camera_color_optical_frame,0.035478406331996115,0.053137264783798002,0.59896904635434467
2,right_wrist_camera_to_base,21,right_wrist_camera_color_optical_frame,0.011562995510272622,0.071142042262063984,0.60093910046180321
2,right_wrist_camera_to_base,22,right_wrist_camera_color_optical_frame,0.23303802527367939,-0.13140134322669095,0.57221649288429211
2,right_wrist_camera_to_base,23,right_wrist_camera_color_optical_frame,0.20912261445195587,-0.11339656574842497,0.57418654699175076
2,right_wrist_camera_to_base,24,right_wrist_camera_color_optical_frame,0.18520720363023235,-0.095391788270158956,0.5761566010992093
2,right_wrist_camera_to_base,25,right_wrist_camera_color_optical_frame,0.1612917928085088,-0.07738701079189296,0.57812665520666795
2,right_wrist_camera_to_base,26,right_wrist_camera_color_optical_frame,0.13737638198678528,-0.05938223331362695,0.58009670931412649
2,right_wrist_camera_to_base,27,right_wrist_camera_color_optical_frame,0.11346097116506174,-0.041377455835360948,0.58206676342158514
2,right_wrist_camera_to_base,28,right_wrist_camera_color_optical_frame,0.089545560343338215,-0.023372678357094945,0.58403681752904368
2,right_wrist_camera_to_base,29,right_wrist_camera_color_optical_frame,0.065630149521614695,-0.005367900878828949,0.58600687163650234
2,right_wrist_camera_to_base,30,right_wrist_camera_color_optical_frame,0.041714738699891146,0.012636876599437061,0.58797692574396088
2,right_wrist_camera_to_base,31,right_wrist_camera_color_optical_frame,0.017799327878167626,0.03064165407770307,0.58994697985141953
2,right_wrist_camera_to_base,32,right_wrist_camera_color_optical_frame,-0.0061160829435559227,0.048646431555969052,0.59191703395887807
2,right_wrist_camera_to_base,33,right_wrist_camera_color_optical_frame,0.21535894681985088,-0.15389695393278591,0.56319442638136707
2,right_wrist_camera_to_base,34,right_wrist_camera_color_optical_frame,0.19144353599812736,-0.1358921764545199,0.56516448048882562
2,right_wrist_camera_to_base,35,right_wrist_camera_color_optical_frame,0.16752812517640381,-0.11788739897625389,0.56713453459628427
2,right_wrist_camera_to_base,36,right_wrist_camera_color_optical_frame,0.14361271435468029,-0.099882621497987892,0.56910458870374281
2,right_wrist_camera_to_base,37,right_wrist_camera_color_optical_frame,0.11969730353295677,-0.081877844019721882,0.57107464281120146
2,right_wrist_camera_to_base,38,right_wrist_camera_color_optical_frame,0.095781892711233219,-0.063873066541455886,0.57304469691866
2,right_wrist_camera_to_base,39,right_wrist_camera_color_optical_frame,0.071866481889509698,-0.045868289063189877,0.57501475102611865
2,right_wrist_camera_to_base,40,right_wrist_camera_color_optical_frame,0.047951071067786177,-0.027863511584923874,0.57698480513357719
2,right_wrist_camera_to_base,41,right_wrist_camera_color_optical_frame,0.024035660246062629,-0.009858734106657871,0.57895485924103585
2,right_wrist_camera_to_base,42,right_wrist_camera_color_optical_frame,0.00012024942433908059,0.0081460433716081387,0.58092491334849439
2,right_wrist_camera_to_base,43,right_wrist_camera_color_optical_frame,-0.023795161397384412,0.026150820849874135,0.58289496745595304
2,right_wrist_camera_to_base,44,right_wrist_camera_color_optical_frame,0.19767986836602236,-0.17639256463888081,0.55417235987844193
2,right_wrist_camera_to_base,45,right_wrist_camera_color_optical_frame,0.17376445754429881,-0.15838778716061483,0.55614241398590047
2,right_wrist_camera_to_base,46,right_wrist_camera_color_optical_frame,0.14984904672257532,-0.14038300968234882,0.55811246809335913
2,right_wrist_camera_to_base,47,right_wrist_camera_color_optical_frame,0.12593363590085177,-0.12237823220408281,0.56008252220081767
2,right_wrist_camera_to_base,48,right_wrist_camera_color_optical_frame,0.10201822507912825,-0.10437345472581681,0.56205257630827632
2,right_wrist_camera_to_base,49,right_wrist_camera_color_optical_frame,0.078102814257404701,-0.086368677247550818,0.56402263041573486
2,right_wrist_camera_to_base,50,right_wrist_camera_color_optical_frame,0.054187403435681181,-0.068363899769284808,0.56599268452319351
2,right_wrist_camera_to_base,51,right_wrist_camera_color_optical_frame,0.03027199261395766,-0.050359122291018805,0.56796273863065205
2,right_wrist_camera_to_base,52,right_wrist_camera_color_optical_frame,0.0063565817922341394,-0.032354344812752803,0.56993279273811071
2,right_wrist_camera_to_base,53,right_wrist_camera_color_optical_frame,-0.017558829029489409,-0.014349567334486793,0.57190284684556925
2,right_wrist_camera_to_base,54,right_wrist_camera_color_optical_frame,-0.041474239851212957,0.0036552101437792028,0.5738729009530279
2,right_wrist_camera_to_base,55,right_wrist_camera_color_optical_frame,0.18000078991219384,-0.19888817534497577,0.54515029337551679
2,right_wrist_camera_to_base,56,right_wrist_camera_color_optical_frame,0.15608537909047032,-0.18088339786670976,0.54712034748297533
2,right_wrist_camera_to_base,57,right_wrist_camera_color_optical_frame,0.13216996826874677,-0.16287862038844375,0.54909040159043399
2,right_wrist_camera_to_base,58,right_wrist_camera_color_optical_frame,0.10825455744702325,-0.14487384291017774,0.55106045569789253
2,right_wrist_camera_to_base,59,right_wrist_camera_color_optical_frame,0.084339146625299732,-0.12686906543191173,0.55303050980535118
2,right_wrist_camera_to_base,60,right_wrist_camera_color_optical_frame,0.060423735803576184,-0.10886428795364575,0.55500056391280972
2,right_wrist_camera_to_base,61,right_wrist_camera_color_optical_frame,0.036508324981852663,-0.09085951047537974,0.55697061802026837
2,right_wrist_camera_to_base,62,right_wrist_camera_color_optical_frame,0.012592914160129143,-0.072854732997113744,0.55894067212772691
2,right_wrist_camera_to_base,63,right_wrist_camera_color_optical_frame,-0.011322496661594406,-0.054849955518847734,0.56091072623518556
2,right_wrist_camera_to_base,64,right_wrist_camera_color_optical_frame,-0.035237907483317954,-0.036845178040581718,0.5628807803426441
2,right_wrist_camera_to_base,65,right_wrist_camera_color_optical_frame,-0.059153318305041447,-0.018840400562315729,0.56485083445010276
2,right_wrist_camera_to_base,66,right_wrist_camera_color_optical_frame,0.16232171145836533,-0.22138378605107067,0.53612822687259165
2,right_wrist_camera_to_base,67,right_wrist_camera_color_optical_frame,0.1384063006366418,-0.20337900857280469,0.5380982809800503
2,right_wrist_camera_to_base,68,right_wrist_camera_color_optical_frame,0.11449088981491826,-0.18537423109453868,0.54006833508750884
2,right_wrist_camera_to_base,69,right_wrist_camera_color_optical_frame,0.090575478993194736,-0.1673694536162727,0.5420383891949675
2,right_wrist_camera_to_base,70,right_wrist_camera_color_optical_frame,0.066660068171471215,-0.14936467613800669,0.54400844330242604
2,right_wrist_camera_to_base,71,right_wrist_camera_color_optical_frame,0.042744657349747667,-0.13135989865974068,0.54597849740988469
2,right_wrist_camera_to_base,72,right_wrist_camera_color_optical_frame,0.018829246528024146,-0.11335512118147467,0.54794855151734323
2,right_wrist_camera_to_base,73,right_wrist_camera_color_optical_frame,-0.0050861642936994023,-0.095350343703208676,0.54991860562480188
2,right_wrist_camera_to_base,74,right_wrist_camera_color_optical_frame,-0.029001575115422895,-0.077345566224942666,0.55188865973226042
2,right_wrist_camera_to_base,75,right_wrist_camera_color_optical_frame,-0.052916985937146443,-0.05934078874667665,0.55385871383971907
2,right_wrist_camera_to_base,76,right_wrist_camera_color_optical_frame,-0.076832396758869992,-0.041336011268410668,0.55582876794717762
2,right_wrist_camera_to_base,77,right_wrist_camera_color_optical_frame,0.14464263300453681,-0.24387939675716563,0.52710616036966651
2,right_wrist_camera_to_base,78,right_wrist_camera_color_optical_frame,0.12072722218281329,-0.22587461927889962,0.52907621447712516
2,right_wrist_camera_to_base,79,right_wrist_camera_color_optical_frame,0.096811811361089739,-0.20786984180063361,0.5310462685845837
2,right_wrist_camera_to_base,80,right_wrist_camera_color_optical_frame,0.072896400539366218,-0.1898650643223676,0.53301632269204235
2,right_wrist_camera_to_base,81,right_wrist_camera_color_optical_frame,0.048980989717642698,-0.1718602868441016,0.5349863767995009
2,right_wrist_camera_to_base,82,right_wrist_camera_color_optical_frame,0.025065578895919149,-0.15385550936583561,0.53695643090695955
2,right_wrist_camera_to_base,83,right_wrist_camera_color_optical_frame,0.0011501680741956566,-0.1358507318875696,0.53892648501441809
2,right_wrist_camera_to_base,84,right_wrist_camera_color_optical_frame,-0.022765242747527892,-0.11784595440930359,0.54089653912187674
2,right_wrist_camera_to_base,85,right_wrist_camera_color_optical_frame,-0.04668065356925144,-0.099841176931037598,0.54286659322933528
2,right_wrist_camera_to_base,86,right_wrist_camera_color_optical_frame,-0.070596064390974989,-0.081836399452771588,0.54483664733679393
2,right_wrist_camera_to_base,87,right_wrist_camera_color_optical_frame,-0.094511475212698481,-0.063831621974505592,0.54680670144425247
2,tag_to_base,0,checkerboard_link,0,0,0
2,tag_to_base,1,checkerboard_link,0.029999999999999999,0,0
2,tag_to_base,2,checkerboard_link,0.059999999999999998,0,0
2,tag_to_base,3,checkerboard_link,0.089999999999999997,0,0
2,tag_to_base,4,checkerboard_link,0.12,0,0
2,tag_to_base,5,checkerboard_link,0.14999999999999999,0,0
2,tag_to_base,6,checkerboard_link,0.17999999999999999,0,0
2,tag_to_base,7,checkerboard_link,0.20999999999999999,0,0
2,tag_to_base,8,checkerboard_link,0.23999999999999999,0,0
2,tag_to_base,9,checkerboard_link,0.27000000000000002,0,0
2,tag_to_base,10,checkerboard_link,0.29999999999999999,0,0
2,tag_to_base,11,checkerboard_link,0,0.029999999999999999,0
2,tag_to_base,12,checkerboard_link,0.029999999999999999,0.029999999999999999,0
2,tag_to_base,13,checkerboard_link,0.059999999999999998,0.029999999999999999,0
2,tag_to_base,14,checkerboard_link,0.089999999999999997,0.029999999999999999,0
2,tag_to_base,15,checkerboard_link,0.12,0.029999999999999999,0
2,tag_to_base,16,checkerboard_link,0.14999999999999999,0.029999999999999999,0
2,tag_to_base,17,checkerboard_link,0.17999999999999999,0.029999999999999999,0
2,tag_to_base,18,checkerboard_link,0.20999999999999999,0.029999999999999999,0
2,tag_to_base,19,checkerboard_link,0.23999999999999999,0.029999999999999999,0
2,tag_to_base,20,checkerboard_link,0.27000000000000002,0.029999999999999999,0
2,tag_to_base,21,checkerboard_link,0.29999999999999999,0.029999999999999999,0
2,tag_to_base,22,checkerboard_link,0,0.059999999999999998,0
2,tag_to_base,23,checkerboard_link,0.029999999999999999,0.059999999999999998,0
2,tag_to_base,24,checkerboard_link,0.059999999999999998,0.059999999999999998,0
2,tag_to_base,25,checkerboard_link,0.089999999999999997,0.059999999999999998,0
2,tag_to_base,26,checkerboard_link,0.12,0.059999999999999998,0
2,tag_to_base,27,checkerboard_link,0.14999999999999999,0.059999999999999998,0
2,tag_to_base,28,checkerboard_link,0.17999999999999999,0.059999999999999998,0
2,tag_to_base,29,checkerboard_link,0.20999999999999999,0.059999999999999998,0
2,tag_to_base,30,checkerboard_link,0.23999999999999999,0.059999999999999998,0
2,tag_to_base,31,checkerboard_link,0.27000000000000002,0.059999999999999998,0
2,tag_to_base,32,checkerboard_link,0.29999999999999999,0.059999999999999998,0
2,tag_to_base,33,checkerboard_link,0,0.089999999999999997,0
2,tag_to_base,34,checkerboard_link,0.029999999999999999,0.089999999999999997,0
2,tag_to_base,35,checkerboard_link,0.059999999999999998,0.089999999999999997,0
2,tag_to_base,36,checkerboard_link,0.089999999999999997,0.089999999999999997,0
2,tag_to_base,37,checkerboard_link,0.12,0.089999999999999997,0
2,tag_to_base,38,checkerboard_link,0.14999999999999999,0.089999999999999997,0
2,tag_to_base,39,checkerboard_link,0.17999999999999999,0.089999999999999997,0
2,tag_to_base,40,checkerboard_link,0.20999999999999999,0.089999999999999997,0
2,tag_to_base,41,checkerboard_link,0.23999999999999999,0.089999999999999997,0
2,tag_to_base,42,checkerboard_link,0.27000000000000002,0.089999999999999997,0
2,tag_to_base,43,checkerboard_link,0.29999999999999999,0.089999999999999997,0
2,tag_to_base,44,checkerboard_link,0,0.12,0
2,tag_to_base,45,checkerboard_link,0.029999999999999999,0.12,0
2,tag_to_base,46,checkerboard_link,0.059999999999999998,0.12,0
2,tag_to_base,47,checkerboard_link,0.089999999999999997,0.12,0
2,tag_to_base,48,checkerboard_link,0.12,0.12,0
2,tag_to_base,49,checkerboard_link,0.14999999999999999,0.12,0
2,tag_to_base,50,checkerboard_link,0.17999999999999999,0.12,0
2,tag_to_base,51,checkerboard_link,0.20999999999999999,0.12,0
2,tag_to_base,52,checkerboard_link,0.23999999999999999,0.12,0
2,tag_to_base,53,checkerboard_link,0.27000000000000002,0.12,0
2,tag_to_base,54,checkerboard_link,0.29999999999999999,0.12,0
2,tag_to_base,55,checkerboard_link,0,0.14999999999999999,0
2,tag_to_base,56,checkerboard_link,0.029999999999999999,0.14999999999999999,0
2,tag_to_base,57,checkerboard_link,0.059999999999999998,0.14999999999999999,0
2,tag_to_base,58,checkerboard_link,0.089999999999999997,0.14999999999999999,0
2,tag_to_base,59,checkerboard_link,0.12,0.14999999999999999,0
2,tag_to_base,60,checkerboard_link,0.14999999999999999,0.14999999999999999,0
2,tag_to_base,61,checkerboard_link,0.17999999999999999,0.14999999999999999,0
2,tag_to_base,62,checkerboard_link,0.20999999999999999,0.14999999999999999,0
2,tag_to_base,63,checkerboard_link,0.23999999999999999,0.14999999999999999,0
2,tag_to_base,64,checkerboard_link,0.27000000000000002,0.14999999999999999,0
2,tag_to_base,65,checkerboard_link,0.29999999999999999,0.14999999999999999,0
2,tag_to_base,66,checkerboard_link,0,0.17999999999999999,0
2,tag_to_base,67,checkerboard_link,0.029999999999999999,0.17999999999999999,0
2,tag_to_base,68,checkerboard_link,0.059999999999999998,0.17999999999999999,0
2,tag_to_base,69,checkerboard_link,0.089999999999999997,0.17999999999999999,0
2,tag_to_base,70,checkerboard_link,0.12,0.17999999999999999,0
2,tag_to_base,71,checkerboard_link,0.14999999999999999,0.17999999999999999,0
2,tag_to_base,72,checkerboard_link,0.17999999999999999,0.17999999999999999,0
2,tag_to_base,73,checkerboard_link,0.20999999999999999,0.17999999999999999,0
2,tag_to_base,74,checkerboard_link,0.23999999999999999,0.17999999999999999,0
2,tag_to_base,75,checkerboard_link,0.27000000000000002,0.17999999999999999,0
2,tag_to_base,76,checkerboard_link,0.29999999999999999,0.17999999999999999,0
2,tag_to_base,77,checkerboard_link,0,0.20999999999999999,0
2,tag_to_base,78,checkerboard_link,0.029999999999999999,0.20999999999999999,0
2,tag_to_base,79,checkerboard_link,0.059999999999999998,0.20999999999999999,0
2,tag_to_base,80,checkerboard_link,0.089999999999999997,0.20999999999999999,0
2,tag_to_base,81,checkerboard_link,0.12,0.20999999999999999,0
2,tag_to_base,82,checkerboard_link,0.14999999999999999,0.20999999999999999,0
2,tag_to_base,83,checkerboard_link,0.17999999999999999,0.20999999999999999,0
2,tag_to_base,84,checkerboard_link,0.20999999999999999,0.20999999999999999,0
2,tag_to_base,85,checkerboard_link,0.23999999999999999,0.20999999999999999,0
2,tag_to_base,86,checkerboard_link,0.27000000000000002,0.20999999999999999,0
2,tag_to_base,87,checkerboard_link,0.29999999999999999,0.20999999999999999,0
3,right_wrist_camera_to_base,0,right_wrist_camera_color_optical_frame,0.093723440904044511,-0.10948796830804991,0.68525083692722255
3,right_wrist_camera_to_base,1,right_wrist_camera_color_optical_frame,0.079596885380254653,-0.083375272904955861,0.68094182685314364
3,right_wrist_camera_to_base,2,right_wrist_camera_color_optical_frame,0.065470329856464782,-0.057262577501861825,0.67663281677906484
3,right_wrist_camera_to_base,3,right_wrist_camera_color_optical_frame,0.051343774332674924,-0.031149882098767775,0.67232380670498593
3,right_wrist_camera_to_base,4,right_wrist_camera_color_optical_frame,0.037217218808885059,-0.0050371866956737399,0.66801479663090702
3,right_wrist_camera_to_base,5,right_wrist_camera_color_optical_frame,0.023090663285095195,0.02107550870742031,0.66370578655682821
3,right_wrist_camera_to_base,6,right_wrist_camera_color_optical_frame,0.0089641077613053372,0.047188204110514359,0.6593967764827493
3,right_wrist_camera_to_base,7,right_wrist_camera_color_optical_frame,-0.0051624477624845344,0.073300899513608381,0.65508776640867039
3,right_wrist_camera_to_base,8,right_wrist_camera_color_optical_frame,-0.019289003286274392,0.09941359491670243,0.65077875633459148
3,right_wrist_camera_to_base,9,right_wrist_camera_color_optical_frame,-0.033415558810064264,0.12552629031979651,0.64646974626051268
3,right_wrist_camera_to_base,10,right_wrist_camera_color_optical_frame,-0.047542114333854121,0.15163898572289053,0.64216073618643377
3,right_wrist_camera_to_base,11,right_wrist_camera_color_optical_frame,0.070321523330256125,-0.12409370385422738,0.67346004632503043
3,right_wrist_camera_to_base,12,right_wrist_camera_color_optical_frame,0.056194967806466267,-0.097981008451133333,0.66915103625095151
3,right_wrist_camera_to_base,13,right_wrist_camera_color_optical_frame,0.042068412282676403,-0.071868313048039298,0.66484202617687271
3,right_wrist_camera_to_base,14,right_wrist_camera_color_optical_frame,0.027941856758886538,-0.045755617644945248,0.6605330161027938
3,right_wrist_camera_to_base,15,right_wrist_camera_color_optical_frame,0.01381530123509668,-0.019642922241851213,0.65622400602871489
3,right_wrist_camera_to_base,16,right_wrist_camera_color_optical_frame,-0.00031125428869319127,0.0064697731612428366,0.65191499595463598
3,right_wrist_camera_to_base,17,right_wrist_camera_color_optical_frame,-0.014437809812483049,0.032582468564336886,0.64760598588055718
3,right_wrist_camera_to_base,18,right_wrist_camera_color_optical_frame,-0.028564365336272921,0.058695163967430908,0.64329697580647827
3,right_wrist_camera_to_base,19,right_wrist_camera_color_optical_frame,-0.042690920860062778,0.084807859370524957,0.63898796573239935
3,right_wrist_camera_to_base,20,right_wrist_camera_color_optical_frame,-0.056817476383852664,0.11092055477361903,0.63467895565832055
3,right_wrist_camera_to_base,21,right_wrist_camera_color_optical_frame,-0.070944031907642494,0.13703325017671306,0.63036994558424164
3,right_wrist_camera_to_base,22,right_wrist_camera_color_optical_frame,0.046919605756467746,-0.13869943940040486,0.6616692557228383
3,right_wrist_camera_to_base,23,right_wrist_camera_color_optical_frame,0.032793050232677881,-0.11258674399731081,0.65736024564875939
3,right_wrist_camera_to_base,24,right_wrist_camera_color_optical_frame,0.018666494708888023,-0.086474048594216771,0.65305123557468048
3,right_wrist_camera_to_base,25,right_wrist_camera_color_optical_frame,0.0045399391850981519,-0.060361353191122728,0.64874222550060168
3,right_wrist_camera_to_base,26,right_wrist_camera_color_optical_frame,-0.0095866163386917058,-0.034248657788028686,0.64443321542652277
3,right_wrist_camera_to_base,27,right_wrist_camera_color_optical_frame,-0.023713171862481577,-0.0081359623849346363,0.64012420535244385
3,right_wrist_camera_to_base,28,right_wrist_camera_color_optical_frame,-0.037839727386271435,0.017976733018159413,0.63581519527836505
3,right_wrist_camera_to_base,29,right_wrist_camera_color_optical_frame,-0.051966282910061293,0.044089428421253435,0.63150618520428614
3,right_wrist_camera_to_base,30,right_wrist_camera_color_optical_frame,-0.06609283843385115,0.070202123824347484,0.62719717513020723
3,right_wrist_camera_to_base,31,right_wrist_camera_color_optical_frame,-0.080219393957641036,0.096314819227441562,0.62288816505612843
3,right_wrist_camera_to_base,32,right_wrist_camera_color_optical_frame,-0.094345949481430894,0.12242751463053558,0.61857915498204952
3,right_wrist_camera_to_base,33,right_wrist_camera_color_optical_frame,0.023517688182679367,-0.15330517494658233,0.64987846512064618
3,right_wrist_camera_to_base,34,right_wrist_camera_color_optical_frame,0.0093911326588895089,-0.12719247954348828,0.64556945504656726
3,right_wrist_camera_to_base,35,right_wrist_camera_color_optical_frame,-0.0047354228649003627,-0.10107978414039424,0.64126044497248835
3,right_wrist_camera_to_base,36,right_wrist_camera_color_optical_frame,-0.01886197838869022,-0.074967088737300208,0.63695143489840955
3,right_wrist_camera_to_base,37,right_wrist_camera_color_optical_frame,-0.032988533912480092,-0.048854393334206159,0.63264242482433064
3,right_wrist_camera_to_base,38,right_wrist_camera_color_optical_frame,-0.04711508943626995,-0.022741697931112109,0.62833341475025173
3,right_wrist_camera_to_base,39,right_wrist_camera_color_optical_frame,-0.061241644960059807,0.0033709974719819263,0.62402440467617293
3,right_wrist_camera_to_base,40,right_wrist_camera_color_optical_frame,-0.075368200483849665,0.029483692875075962,0.61971539460209402
3,right_wrist_camera_to_base,41,right_wrist_camera_color_optical_frame,-0.08949475600763955,0.055596388278170011,0.6154063845280151
3,right_wrist_camera_to_base,42,right_wrist_camera_color_optical_frame,-0.10362131153142941,0.081709083681264089,0.6110973744539363
3,right_wrist_camera_to_base,43,right_wrist_camera_color_optical_frame,-0.11774786705521927,0.10782177908435811,0.60678836437985739
3,right_wrist_camera_to_base,44,right_wrist_camera_color_optical_frame,0.00011577060889098045,-0.1679109104927598,0.63808767451845405
3,right_wrist_camera_to_base,45,right_wrist_camera_color_optical_frame,-0.014010784914898877,-0.14179821508966575,0.63377866444437514
3,right_wrist_camera_to_base,46,right_wrist_camera_color_optical_frame,-0.028137340438688749,-0.11568551968657172,0.62946965437029623
3,right_wrist_camera_to_base,47,right_wrist_camera_color_optical_frame,-0.042263895962478606,-0.089572824283477681,0.62516064429621743
3,right_wrist_camera_to_base,48,right_wrist_camera_color_optical_frame,-0.056390451486268464,-0.063460128880383632,0.62085163422213852
3,right_wrist_camera_to_base,49,right_wrist_camera_color_optical_frame,-0.07051700701005835,-0.037347433477289582,0.6165426241480596
3,right_wrist_camera_to_base,50,right_wrist_camera_color_optical_frame,-0.084643562533848207,-0.011234738074195547,0.6122336140739808
3,right_wrist_camera_to_base,51,right_wrist_camera_color_optical_frame,-0.098770118057638065,0.014877957328898503,0.60792460399990189
3,right_wrist_camera_to_base,52,right_wrist_camera_color_optical_frame,-0.11289667358142792,0.040990652731992538,0.60361559392582298
3,right_wrist_camera_to_base,53,right_wrist_camera_color_optical_frame,-0.12702322910521779,0.067103348135086616,0.59930658385174418
3,right_wrist_camera_to_base,54,right_wrist_camera_color_optical_frame,-0.14114978462900768,0.093216043538180637,0.59499757377766527
3,right_wrist_camera_to_base,55,right_wrist_camera_color_optical_frame,-0.023286146964897406,-0.18251664603893727,0.62629688391626193
3,right_wrist_camera_to_base,56,right_wrist_camera_color_optical_frame,-0.037412702488687263,-0.15640395063584323,0.62198787384218301
3,right_wrist_camera_to_base,57,right_wrist_camera_color_optical_frame,-0.051539258012477121,-0.1302912552327492,0.6176788637681041
3,right_wrist_camera_to_base,58,right_wrist_camera_color_optical_frame,-0.065665813536267006,-0.10417855982965514,0.6133698536940253
3,right_wrist_camera_to_base,59,right_wrist_camera_color_optical_frame,-0.079792369060056864,-0.078065864426561105,0.60906084361994639
3,right_wrist_camera_to_base,60,right_wrist_camera_color_optical_frame,-0.093918924583846722,-0.051953169023467062,0.60475183354586748
3,right_wrist_camera_to_base,61,right_wrist_camera_color_optical_frame,-0.10804548010763658,-0.02584047362037302,0.60044282347178868
3,right_wrist_camera_to_base,62,right_wrist_camera_color_optical_frame,-0.12217203563142644,0.00027222178272102993,0.59613381339770977
3,right_wrist_camera_to_base,63,right_wrist_camera_color_optical_frame,-0.13629859115521631,0.026384917185815066,0.59182480332363085
3,right_wrist_camera_to_base,64,right_wrist_camera_color_optical_frame,-0.15042514667900619,0.052497612588909143,0.58751579324955205
3,right_wrist_camera_to_base,65,right_wrist_camera_color_optical_frame,-0.16455170220279608,0.078610307992003164,0.58320678317547314
3,right_wrist_camera_to_base,66,right_wrist_camera_color_optical_frame,-0.046688064538685778,-0.19712238158511475,0.6145060933140698
3,right_wrist_camera_to_base,67,right_wrist_camera_color_optical_frame,-0.060814620062475636,-0.1710096861820207,0.61019708323999089
3,right_wrist_camera_to_base,68,right_wrist_camera_color_optical_frame,-0.074941175586265493,-0.14489699077892665,0.60588807316591198
3,right_wrist_camera_to_base,69,right_wrist_camera_color_optical_frame,-0.089067731110055379,-0.11878429537583261,0.60157906309183318
3,right_wrist_camera_to_base,70,right_wrist_camera_color_optical_frame,-0.10319428663384524,-0.092671599972738578,0.59727005301775427
3,right_wrist_camera_to_base,71,right_wrist_camera_color_optical_frame,-0.11732084215763509,-0.066558904569644528,0.59296104294367535
3,right_wrist_camera_to_base,72,right_wrist_camera_color_optical_frame,-0.13144739768142494,-0.040446209166550492,0.58865203286959655
3,right_wrist_camera_to_base,73,right_wrist_camera_color_optical_frame,-0.14557395320521482,-0.014333513763456443,0.58434302279551764
3,right_wrist_camera_to_base,74,right_wrist_camera_color_optical_frame,-0.15970050872900471,0.011779181639637593,0.58003401272143873
3,right_wrist_camera_to_base,75,right_wrist_camera_color_optical_frame,-0.17382706425279459,0.03789187704273167,0.57572500264735993
3,right_wrist_camera_to_base,76,right_wrist_camera_color_optical_frame,-0.18795361977658442,0.064004572445825691,0.57141599257328102
3,right_wrist_camera_to_base,77,right_wrist_camera_color_optical_frame,-0.070089982112474178,-0.21172811713129222,0.60271530271187768
3,right_wrist_camera_to_base,78,right_wrist_camera_color_optical_frame,-0.084216537636264036,-0.18561542172819817,0.59840629263779876
3,right_wrist_camera_to_base,79,right_wrist_camera_color_optical_frame,-0.098343093160053893,-0.15950272632510415,0.59409728256371985
3,right_wrist_camera_to_base,80,right_wrist_camera_color_optical_frame,-0.11246964868384378,-0.1333900309220101,0.58978827248964105
3,right_wrist_camera_to_base,81,right_wrist_camera_color_optical_frame,-0.12659620420763362,-0.10727733551891605,0.58547926241556214
3,right_wrist_camera_to_base,82,right_wrist_camera_color_optical_frame,-0.14072275973142351,-0.081164640115822001,0.58117025234148323
3,right_wrist_camera_to_base,83,right_wrist_camera_color_optical_frame,-0.15484931525521334,-0.055051944712727965,0.57686124226740443
3,right_wrist_camera_to_base,84,right_wrist_camera_color_optical_frame,-0.16897587077900322,-0.028939249309633916,0.57255223219332552
3,right_wrist_camera_to_base,85,right_wrist_camera_color_optical_frame,-0.18310242630279311,-0.0028265539065398804,0.5682432221192466
3,right_wrist_camera_to_base,86,right_wrist_camera_color_optical_frame,-0.19722898182658299,0.023286141496554197,0.56393421204516769
3,right_wrist_camera_to_base,87,right_wrist_camera_color_optical_frame,-0.21135553735037282,0.049398836899648219,0.55962520197108889
3,tag_to_base,0,checkerboard_link,0,0,0
3,tag_to_base,1,checkerboard_link,0.029999999999999999,0,0
3,tag_to_base,2,checkerboard_link,0.059999999999999998,0,0
3,tag_to_base,3,checkerboard_link,0.089999999999999997,0,0
3,tag_to_base,4,checkerboard_link,0.12,0,0
3,tag_to_base,5,checkerboard_link,0.14999999999999999,0,0
3,tag_to_base,6,checkerboard_link,0.17999999999999999,0,0
3,tag_to_base,7,checkerboard_link,0.20999999999999999,0,0
3,tag_to_base,8,checkerboard_link,0.23999999999999999,0,0
3,tag_to_base,9,checkerboard_link,0.27000000000000002,0,0
3,tag_to_base,10,checkerboard_link,0.29999999999999999,0,0
3,tag_to_base,11,checkerboard_link,0,0.029999999999999999,0
3,tag_to_base,12,checkerboard_link,0.029999999999999999,0.029999999999999999,0
3,tag_to_base,13,checkerboard_link,0.059999999999999998,0.029999999999999999,0
3,tag_to_base,14,checkerboard_link,0.089999999999999997,0.029999999999999999,0
3,tag_to_base,15,checkerboard_link,0.12,0.029999999999999999,0
3,tag_to_base,16,checkerboard_link,0.14999999999999999,0.029999999999999999,0
3,tag_to_base,17,checkerboard_link,0.17999999999999999,0.029999999999999999,0
3,tag_to_base,18,checkerboard_link,0.20999999999999999,0.029999999999999999,0
3,tag_to_base,19,checkerboard_link,0.23999999999999999,0.029999999999999999,0
3,tag_to_base,20,checkerboard_link,0.27000000000000002,0.029999999999999999,0
3,tag_to_base,21,checkerboard_link,0.29999999999999999,0.029999999999999999,0
3,tag_to_base,22,checkerboard_link,0,0.059999999999999998,0
3,tag_to_base,23,checkerboard_link,0.029999999999999999,0.059999999999999998,0
3,tag_to_base,24,checkerboard_link,0.059999999999999998,0.059999999999999998,0
3,tag_to_base,25,checkerboard_link,0.089999999999999997,0.059999999999999998,0
3,tag_to_base,26,checkerboard_link,0.12,0.059999999999999998,0
3,tag_to_base,27,checkerboard_link,0.14999999999999999,0.059999999999999998,0
3,tag_to_base,28,checkerboard_link,0.17999999999999999,0.059999999999999998,0
3,tag_to_base,29,checkerboard_link,0.20999999999999999,0.059999999999999998,0
3,tag_to_base,30,checkerboard_link,0.23999999999999999,0.059999999999999998,0
3,tag_to_base,31,checkerboard_link,0.27000000000000002,0.059999999999999998,0
3,tag_to_base,32,checkerboard_link,0.29999999999999999,0.059999999999999998,0
3,tag_to_base,33,checkerboard_link,0,0.089999999999999997,0
3,tag_to_base,34,checkerboard_link,0.029999999999999999,0.089999999999999997,0
3,tag_to_base,35,checkerboard_link,0.059999999999999998,0.089999999999999997,0
3,tag_to_base,36,checkerboard_link,0.089999999999999997,0.089999999999999997,0
3,tag_to_base,37,checkerboard_link,0.12,0.089999999999999997,0
3,tag_to_base,38,checkerboard_link,0.14999999999999999,0.089999999999999997,0
3,tag_to_base,39,checkerboard_link,0.17999999999999999,0.089999999999999997,0
3,tag_to_base,40,checkerboard_link,0.20999999999999999,0.089999999999999997,0
3,tag_to_base,41,checkerboard_link,0.23999999999999999,0.089999999999999997,0
3,tag_to_base,42,checkerboard_link,0.27000000000000002,0.089999999999999997,0
3,tag_to_base,43,checkerboard_link,0.29999999999999999,0.089999999999999997,0
3,tag_to_base,44,checkerboard_link,0,0.12,0
3,tag_to_base,45,checkerboard_link,0.029999999999999999,0.12,0
3,tag_to_base,46,checkerboard_link,0.059999999999999998,0.12,0
3,tag_to_base,47,checkerboard_link,0.089999999999999997,0.12,0
3,tag_to_base,48,checkerboard_link,0.12,0.12,0
3,tag_to_base,49,checkerboard_link,0.14999999999999999,0.12,0
3,tag_to_base,50,checkerboard_link,0.17999999999999999,0.12,0
3,tag_to_base,51,checkerboard_link,0.20999999999999999,0.12,0
3,tag_to_base,52,checkerboard_link,0.23999999999999999,0.12,0
3,tag_to_base,53,checkerboard_link,0.27000000000000002,0.12,0
3,tag_to_base,54,checkerboard_link,0.29999999999999999,0.12,0
3,tag_to_base,55,checkerboard_link,0,0.14999999999999999,0
3,tag_to_base,56,checkerboard_link,0.029999999999999999,0.14999999999999999,0
3,tag_to_base,57,checkerboard_link,0.059999999999999998,0.14999999999999999,0
3,tag_to_base,58,checkerboard_link,0.089999999999999997,0.14999999999999999,0
3,tag_to_base,59,checkerboard_link,0.12,0.14999999999999999,0
3,tag_to_base,60,checkerboard_link,0.14999999999999999,0.14999999999999999,0
3,tag_to_base,61,checkerboard_link,0.17999999999999999,0.14999999999999999,0
3,tag_to_base,62,checkerboard_link,0.20999999999999999,0.14999999999999999,0
3,tag_to_base,63,checkerboard_link,0.23999999999999999,0.14999999999999999,0
3,tag_to_base,64,checkerboard_link,0.27000000000000002,0.14999999999999999,0
3,tag_to_base,65,checkerboard_link,0.29999999999999999,0.14999999999999999,0
3,tag_to_base,66,checkerboard_link,0,0.17999999999999999,0
3,tag_to_base,67,checkerboard_link,0.029999999999999999,0.17999999999999999,0
3,tag_to_base,68,checkerboard_link,0.059999999999999998,0.17999999999999999,0
3,tag_to_base,69,checkerboard_link,0.089999999999999997,0.17999999999999999,0
3,tag_to_base,70,checkerboard_link,0.12,0.17999999999999999,0
3,tag_to_base,71,checkerboard_link,0.14999999999999999,0.17999999999999999,0
3,tag_to_base,72,checkerboard_link,0.17999999999999999,0.17999999999999999,0
3,tag_to_base,73,checkerboard_link,0.20999999999999999,0.17999999999999999,0
3,tag_to_base,74,checkerboard_link,0.23999999999999999,0.17999999999999999,0
3,tag_to_base,75,checkerboard_link,0.27000000000000002,0.17999999999999999,0
3,tag_to_base,76,checkerboard_link,0.29999999999999999,0.17999999999999999,0
3,tag_to_base,77,checkerboard_link,0,0.20999999999999999,0
3,tag_to_base,78,checkerboard_link,0.029999999999999999,0.20999999999999999,0
3,tag_to_base,79,checkerboard_link,0.059999999999999998,0.20999999999999999,0
3,tag_to_base,80,checkerboard_link,0.089999999999999997,0.20999999999999999,0
3,tag_to_base,81,checkerboard_link,0.12,0.20999999999999999,0
3,tag_to_base,82,checkerboard_link,0.14999999999999999,0.20999999999999999,0
3,tag_to_base,83,checkerboard_link,0.17999999999999999,0.20999999999999999,0
3,tag_to_base,84,checkerboard_link,0.20999999999999999,0.20999999999999999,0
3,tag_to_base,85,checkerboard_link,0.23999999999999999,0.20999999999999999,0
3,tag_to_base,86,checkerboard_link,0.27000000000000002,0.20999999999999999,0
3,tag_to_base,87,checkerboard_link,0.29999999999999999,0.20999999999999999,0
4,right_wrist_camera_to_base,0,right_wrist_camera_color_optical_frame,0.14261693954933216,-0.031041539820444931,0.59999005865613941
4,right_wrist_camera_to_base,1,right_wrist_camera_color_optical_frame,0.12413792336680893,-0.0086207723376448865,0.5925177667448005
4,right_wrist_camera_to_base,2,right_wrist_camera_color_optical_frame,0.10565890718428569,0.013799995145155158,0.58504547483346159
4,right_wrist_camera_to_base,3,right_wrist_camera_color_optical_frame,0.087179891001762461,0.036220762627955205,0.57757318292212279
4,right_wrist_camera_to_base,4,right_wrist_camera_color_optical_frame,0.068700874819239227,0.058641530110755249,0.57010089101078387
4,right_wrist_camera_to_base,5,right_wrist_camera_color_optical_frame,0.050221858636715994,0.081062297593555294,0.56262859909944496
4,right_wrist_camera_to_base,6,right_wrist_camera_color_optical_frame,0.03174284245419276,0.10348306507635534,0.55515630718810605
4,right_wrist_camera_to_base,7,right_wrist_camera_color_optical_frame,0.013263826271669527,0.12590383255915535,0.54768401527676713
4,right_wrist_camera_to_base,8,right_wrist_camera_color_optical_frame,-0.005215189910853707,0.14832460004195541,0.54021172336542822
4,right_wrist_camera_to_base,9,right_wrist_camera_color_optical_frame,-0.023694206093376968,0.17074536752475547,0.53273943145408942
4,right_wrist_camera_to_base,10,right_wrist_camera_color_optical_frame,-0.042173222275900174,0.1931661350075555,0.52526713954275051
4,right_wrist_camera_to_base,11,right_wrist_camera_color_optical_frame,0.12152266508502674,-0.050966245784385023,0.59237181233069924
4,right_wrist_camera_to_base,12,right_wrist_camera_color_optical_frame,0.1030436489025035,-0.028545478301584978,0.58489952041936044
4,right_wrist_camera_to_base,13,right_wrist_camera_color_optical_frame,0.084564632719980271,-0.0061247108187849342,0.57742722850802153
4,right_wrist_camera_to_base,14,right_wrist_camera_color_optical_frame,0.066085616537457037,0.016296056664015107,0.56995493659668262
4,right_wrist_camera_to_base,15,right_wrist_camera_color_optical_frame,0.047606600354933803,0.038716824146815154,0.5624826446853437
4,right_wrist_camera_to_base,16,right_wrist_camera_color_optical_frame,0.02912758417241057,0.061137591629615198,0.55501035277400479
4,right_wrist_camera_to_base,17,right_wrist_camera_color_optical_frame,0.010648567989887336,0.083558359112415242,0.54753806086266588
4,right_wrist_camera_to_base,18,right_wrist_camera_color_optical_frame,-0.0078304481926358971,0.10597912659521529,0.54006576895132707
4,right_wrist_camera_to_base,19,right_wrist_camera_color_optical_frame,-0.026309464375159131,0.12839989407801533,0.53259347703998816
4,right_wrist_camera_to_base,20,right_wrist_camera_color_optical_frame,-0.044788480557682392,0.15082066156081539,0.52512118512864925
4,right_wrist_camera_to_base,21,right_wrist_camera_color_optical_frame,-0.063267496740205598,0.17324142904361542,0.51764889321731034
4,right_wrist_camera_to_base,22,right_wrist_camera_color_optical_frame,0.10042839062072131,-0.070890951748325118,0.58475356600525918
4,right_wrist_camera_to_base,23,right_wrist_camera_color_optical_frame,0.08194937443819808,-0.048470184265525074,0.57728127409392027
4,right_wrist_camera_to_base,24,right_wrist_camera_color_optical_frame,0.063470358255674833,-0.026049416782725026,0.56980898218258136
4,right_wrist_camera_to_base,25,right_wrist_camera_color_optical_frame,0.0449913420731516,-0.0036286492999249818,0.56233669027124245
4,right_wrist_camera_to_base,26,right_wrist_camera_color_optical_frame,0.026512325890628366,0.018792118182875062,0.55486439835990353
4,right_wrist_camera_to_base,27,right_wrist_camera_color_optical_frame,0.0080333097081051463,0.041212885665675103,0.54739210644856473
4,right_wrist_camera_to_base,28,right_wrist_camera_color_optical_frame,-0.010445706474418087,0.063633653148475147,0.53991981453722582
4,right_wrist_camera_to_base,29,right_wrist_camera_color_optical_frame,-0.028924722656941321,0.086054420631275191,0.5324475226258869
4,right_wrist_camera_to_base,30,right_wrist_camera_color_optical_frame,-0.047403738839464554,0.10847518811407524,0.52497523071454799
4,right_wrist_camera_to_base,31,right_wrist_camera_color_optical_frame,-0.065882755021987816,0.13089595559687528,0.51750293880320908
4,right_wrist_camera_to_base,32,right_wrist_camera_color_optical_frame,-0.084361771204511021,0.15331672307967531,0.51003064689187028
4,right_wrist_camera_to_base,33,right_wrist_camera_color_optical_frame,0.079334116156415876,-0.090815657712265213,0.57713531967981901
4,right_wrist_camera_to_base,34,right_wrist_camera_color_optical_frame,0.060855099973892643,-0.068394890229465169,0.5696630277684801
4,right_wrist_camera_to_base,35,right_wrist_camera_color_optical_frame,0.042376083791369409,-0.045974122746665125,0.5621907358571413
4,right_wrist_camera_to_base,36,right_wrist_camera_color_optical_frame,0.023897067608846176,-0.023553355263865077,0.55471844394580239
4,right_wrist_camera_to_base,37,right_wrist_camera_color_optical_frame,0.0054180514263229285,-0.001132587781065033,0.54724615203446347
4,right_wrist_camera_to_base,38,right_wrist_camera_color_optical_frame,-0.013060964756200305,0.021288179701735011,0.53977386012312456
4,right_wrist_camera_to_base,39,right_wrist_camera_color_optical_frame,-0.031539980938723539,0.043708947184535052,0.53230156821178565
4,right_wrist_camera_to_base,40,right_wrist_camera_color_optical_frame,-0.050018997121246772,0.066129714667335096,0.52482927630044673
4,right_wrist_camera_to_base,41,right_wrist_camera_color_optical_frame,-0.068498013303770006,0.08855048215013514,0.51735698438910793
4,right_wrist_camera_to_base,42,right_wrist_camera_color_optical_frame,-0.086977029486293239,0.11097124963293521,0.50988469247776902
4,right_wrist_camera_to_base,43,right_wrist_camera_color_optical_frame,-0.10545604566881647,0.13339201711573523,0.50241240056643011
4,right_wrist_camera_to_base,44,right_wrist_camera_color_optical_frame,0.058239841692110453,-0.11074036367620529,0.56951707335437896
4,right_wrist_camera_to_base,45,right_wrist_camera_color_optical_frame,0.039760825509587219,-0.08831959619340525,0.56204478144304004
4,right_wrist_camera_to_base,46,right_wrist_camera_color_optical_frame,0.021281809327063986,-0.065898828710605206,0.55457248953170113
4,right_wrist_camera_to_base,47,right_wrist_camera_color_optical_frame,0.0028027931445407384,-0.043478061227805162,0.54710019762036222
4,right_wrist_camera_to_base,48,right_wrist_camera_color_optical_frame,-0.015676223037982495,-0.021057293745005125,0.5396279057090233
4,right_wrist_camera_to_base,49,right_wrist_camera_color_optical_frame,-0.034155239220505729,0.0013634737377949228,0.53215561379768439
4,right_wrist_camera_to_base,50,right_wrist_camera_color_optical_frame,-0.052634255403028962,0.023784241220594967,0.52468332188634559
4,right_wrist_camera_to_base,51,right_wrist_camera_color_optical_frame,-0.071113271585552196,0.046205008703395015,0.51721102997500668
4,right_wrist_camera_to_base,52,right_wrist_camera_color_optical_frame,-0.089592287768075429,0.068625776186195059,0.50973873806366776
4,right_wrist_camera_to_base,53,right_wrist_camera_color_optical_frame,-0.10807130395059869,0.091046543668995117,0.50226644615232885
4,right_wrist_camera_to_base,54,right_wrist_camera_color_optical_frame,-0.12655032013312187,0.11346731115179513,0.49479415424098999
4,right_wrist_camera_to_base,55,right_wrist_camera_color_optical_frame,0.037145567227805029,-0.1306650696401454,0.56189882702893879
4,right_wrist_camera_to_base,56,right_wrist_camera_color_optical_frame,0.018666551045281796,-0.10824430215734535,0.55442653511759987
4,right_wrist_camera_to_base,57,right_wrist_camera_color_optical_frame,0.00018753486275854825,-0.085823534674545301,0.54695424320626096
4,right_wrist_camera_to_base,58,right_wrist_camera_color_optical_frame,-0.018291481319764685,-0.063402767191745257,0.53948195129492216
4,right_wrist_camera_to_base,59,right_wrist_camera_color_optical_frame,-0.036770497502287919,-0.04098199970894522,0.53200965938358324
4,right_wrist_camera_to_base,60,right_wrist_camera_color_optical_frame,-0.055249513684811152,-0.018561232226145176,0.52453736747224433
4,right_wrist_camera_to_base,61,right_wrist_camera_color_optical_frame,-0.073728529867334386,0.0038595352566548717,0.51706507556090542
4,right_wrist_camera_to_base,62,right_wrist_camera_color_optical_frame,-0.092207546049857619,0.026280302739454916,0.50959278364956651
4,right_wrist_camera_to_base,63,right_wrist_camera_color_optical_frame,-0.11068656223238085,0.048701070222254964,0.50212049173822759
4,right_wrist_camera_to_base,64,right_wrist_camera_color_optical_frame,-0.12916557841490409,0.071121837705055022,0.49464819982688873
4,right_wrist_camera_to_base,65,right_wrist_camera_color_optical_frame,-0.14764459459742732,0.093542605187855052,0.48717590791554988
4,right_wrist_camera_to_base,66,right_wrist_camera_color_optical_frame,0.016051292763499592,-0.15058977560408549,0.55428058070349873
4,right_wrist_camera_to_base,67,right_wrist_camera_color_optical_frame,-0.0024277234190236419,-0.12816900812128545,0.54680828879215981
4,right_wrist_camera_to_base,68,right_wrist_camera_color_optical_frame,-0.020906739601546875,-0.1057482406384854,0.5393359968808209
4,right_wrist_camera_to_base,69,right_wrist_camera_color_optical_frame,-0.039385755784070109,-0.083327473155685353,0.53186370496948199
4,right_wrist_camera_to_base,70,right_wrist_camera_color_optical_frame,-0.057864771966593342,-0.060906705672885308,0.52439141305814307
4,right_wrist_camera_to_base,71,right_wrist_camera_color_optical_frame,-0.076343788149116576,-0.038485938190085271,0.51691912114680416
4,right_wrist_camera_to_base,72,right_wrist_camera_color_optical_frame,-0.094822804331639809,-0.016065170707285227,0.50944682923546525
4,right_wrist_camera_to_base,73,right_wrist_camera_color_optical_frame,-0.11330182051416307,0.0063555967755148206,0.50197453732412645
4,right_wrist_camera_to_base,74,right_wrist_camera_color_optical_frame,-0.1317808366966863,0.028776364258314865,0.49450224541278753
4,right_wrist_camera_to_base,75,right_wrist_camera_color_optical_frame,-0.15025985287920954,0.051197131741114926,0.48702995350144862
4,right_wrist_camera_to_base,76,right_wrist_camera_color_optical_frame,-0.16873886906173277,0.073617899223914957,0.47955766159010971
4,right_wrist_camera_to_base,77,right_wrist_camera_color_optical_frame,-0.005042981700805832,-0.17051448156802559,0.54666233437805856
4,right_wrist_camera_to_base,78,right_wrist_camera_color_optical_frame,-0.023521997883329065,-0.14809371408522554,0.53919004246671964
4,right_wrist_camera_to_base,79,right_wrist_camera_color_optical_frame,-0.042001014065852299,-0.12567294660242551,0.53171775055538073
4,right_wrist_camera_to_base,80,right_wrist_camera_color_optical_frame,-0.060480030248375533,-0.10325217911962545,0.52424545864404193
4,right_wrist_camera_to_base,81,right_wrist_camera_color_optical_frame,-0.078959046430898766,-0.080831411636825404,0.51677316673270302
4,right_wrist_camera_to_base,82,right_wrist_camera_color_optical_frame,-0.097438062613422,-0.05841064415402536,0.5093008748213641
4,right_wrist_camera_to_base,83,right_wrist_camera_color_optical_frame,-0.11591707879594523,-0.035989876671225322,0.50182858291002519
4,right_wrist_camera_to_base,84,right_wrist_camera_color_optical_frame,-0.13439609497846847,-0.013569109188425278,0.49435629099868628
4,right_wrist_camera_to_base,85,right_wrist_camera_color_optical_frame,-0.1528751111609917,0.0088516582943747694,0.48688399908734742
4,right_wrist_camera_to_base,86,right_wrist_camera_color_optical_frame,-0.17135412734351493,0.031272425777174831,0.47941170717600851
4,right_wrist_camera_to_base,87,right_wrist_camera_color_optical_frame,-0.18983314352603817,0.053693193259974861,0.47193941526466965
4,tag_to_base,0,checkerboard_link,0,0,0
4,tag_to_base,1,checkerboard_link,0.029999999999999999,0,0
4,tag_to_base,2,checkerboard_link,0.059999999999999998,0,0
4,tag_to_base,3,checkerboard_link,0.089999999999999997,0,0
4,tag_to_base,4,checkerboard_link,0.12,0,0
4,tag_to_base,5,checkerboard_link,0.14999999999999999,0,0
4,tag_to_base,6,checkerboard_link,0.17999999999999999,0,0
4,tag_to_base,7,checkerboard_link,0.20999999999999999,0,0
4,tag_to_base,8,checkerboard_link,0.23999999999999999,0,0
4,tag_to_base,9,checkerboard_link,0.27000000000000002,0,0
4,tag_to_base,10,checkerboard_link,0.29999999999999999,0,0
4,tag_to_base,11,checkerboard_link,0,0.029999999999999999,0
4,tag_to_base,12,checkerboard_link,0.029999999999999999,0.029999999999999999,0
4,tag_to_base,13,checkerboard_link,0.059999999999999998,0.029999999999999999,0
4,tag_to_base,14,checkerboard_link,0.089999999999999997,0.029999999999999999,0
4,tag_to_base,15,checkerboard_link,0.12,0.029999999999999999,0
4,tag_to_base,16,checkerboard_link,0.14999999999999999,0.029999999999999999,0
4,tag_to_base,17,checkerboard_link,0.17999999999999999,0.029999999999999999,0
4,tag_to_base,18,checkerboard_link,0.20999999999999999,0.029999999999999999,0
4,tag_to_base,19,checkerboard_link,0.23999999999999999,0.029999999999999999,0
4,tag_to_base,20,checkerboard_link,0.27000000000000002,0.029999999999999999,0
4,tag_to_base,21,checkerboard_link,0.29999999999999999,0.029999999999999999,0
4,tag_to_base,22,checkerboard_link,0,0.059999999999999998,0
4,tag_to_base,23,checkerboard_link,0.029999999999999999,0.059999999999999998,0
4,tag_to_base,24,checkerboard_link,0.059999999999999998,0.059999999999999998,0
4,tag_to_base,25,checkerboard_link,0.089999999999999997,0.059999999999999998,0
4,tag_to_base,26,checkerboard_link,0.12,0.059999999999999998,0
4,tag_to_base,27,checkerboard_link,0.14999999999999999,0.059999999999999998,0
4,tag_to_base,28,checkerboard_link,0.17999999999999999,0.059999999999999998,0
4,tag_to_base,29,checkerboard_link,0.20999999999999999,0.059999999999999998,0
4,tag_to_base,30,checkerboard_link,0.23999999999999999,0.059999999999999998,0
4,tag_to_base,31,checkerboard_link,0.27000000000000002,0.059999999999999998,0
4,tag_to_base,32,checkerboard_link,0.29999999999999999,0.059999999999999998,0
4,tag_to_base,33,checkerboard_link,0,0.089999999999999997,0
4,tag_to_base,34,checkerboard_link,0.029999999999999999,0.089999999999999997,0
4,tag_to_base,35,checkerboard_link,0.059999999999999998,0.089999999999999997,0
4,tag_to_base,36,checkerboard_link,0.089999999999999997,0.089999999999999997,0
4,tag_to_base,37,checkerboard_link,0.12,0.089999999999999997,0
4,tag_to_base,38,checkerboard_link,0.14999999999999999,0.089999999999999997,0
4,tag_to_base,39,checkerboard_link,0.17999999999999999,0.089999999999999997,0
4,tag_to_base,40,checkerboard_link,0.20999999999999999,0.089999999999999997,0
4,tag_to_base,41,checkerboard_link,0.23999999999999999,0.089999999999999997,0
4,tag_to_base,42,checkerboard_link,0.27000000000000002,0.089999999999999997,0
4,tag_to_base,43,checkerboard_link,0.29999999999999999,0.089999999999999997,0
4,tag_to_base,44,checkerboard_link,0,0.12,0
4,tag_to_base,45,checkerboard_link,0.029999999999999999,0.12,0
4,tag_to_base,46,checkerboard_link,0.059999999999999998,0.12,0
4,tag_to_base,47,checkerboard_link,0.089999999999999997,0.12,0
4,tag_to_base,48,checkerboard_link,0.12,0.12,0
4,tag_to_base,49,checkerboard_link,0.14999999999999999,0.12,0
4,tag_to_base,50,checkerboard_link,0.17999999999999999,0.12,0
4,tag_to_base,51,checkerboard_link,0.20999999999999999,0.12,0
4,tag_to_base,52,checkerboard_link,0.23999999999999999,0.12,0
4,tag_to_base,53,checkerboard_link,0.27000000000000002,0.12,0
4,tag_to_base,54,checkerboard_link,0.29999999999999999,0.12,0
4,tag_to_base,55,checkerboard_link,0,0.14999999999999999,0
4,tag_to_base,56,checkerboard_link,0.029999999999999999,0.14999999999999999,0
4,tag_to_base,57,checkerboard_link,0.059999999999999998,0.14999999999999999,0
4,tag_to_base,58,checkerboard_link,0.089999999999999997,0.14999999999999999,0
4,tag_to_base,59,checkerboard_link,0.12,0.14999999999999999,0
4,tag_to_base,60,checkerboard_link,0.14999999999999999,0.14999999999999999,0
4,tag_to_base,61,checkerboard_link,0.17999999999999999,0.14999999999999999,0
4,tag_to_base,62,checkerboard_link,0.20999999999999999,0.14999999999999999,0
4,tag_to_base,63,checkerboard_link,0.23999999999999999,0.14999999999999999,0
4,tag_to_base,64,checkerboard_link,0.27000000000000002,0.14999999999999999,0
4,tag_to_base,65,checkerboard_link,0.29999999999999999,0.14999999999999999,0
4,tag_to_base,66,checkerboard_link,0,0.17999999999999999,0
4,tag_to_base,67,checkerboard_link,0.029999999999999999,0.17999999999999999,0
4,tag_to_base,68,checkerboard_link,0.059999999999999998,0.17999999999999999,0
4,tag_to_base,69,checkerboard_link,0.089999999999999997,0.17999999999999999,0
4,tag_to_base,70,checkerboard_link,0.12,0.17999999999999999,0
4,tag_to_base,71,checkerboard_link,0.14999999999999999,0.17999999999999999,0
4,tag_to_base,72,checkerboard_link,0.17999999999999999,0.17999999999999999,0
4,tag_to_base,73,checkerboard_link,0.20999999999999999,0.17999999999999999,0
4,tag_to_base,74,checkerboard_link,0.23999999999999999,0.17999999999999999,0
4,tag_to_base,75,checkerboard_link,0.27000000000000002,0.17999999999999999,0
4,tag_to_base,76,checkerboard_link,0.29999999999999999,0.17999999999999999,0
4,tag_to_base,77,checkerboard_link,0,0.20999999999999999,0
4,tag_to_base,78,checkerboard_link,0.029999999999999999,0.20999999999999999,0
4,tag_to_base,79,checkerboard_link,0.059999999999999998,0.20999999999999999,0
4,tag_to_base,80,checkerboard_link,0.089999999999999997,0.20999999999999999,0
4,tag_to_base,81,checkerboard_link,0.12,0.20999999999999999,0
4,tag_to_base,82,checkerboard_link,0.14999999999999999,0.20999999999999999,0
4,tag_to_base,83,checkerboard_link,0.17999999999999999,0.20999999999999999,0
4,tag_to_base,84,checkerboard_link,0.20999999999999999,0.20999999999999999,0
4,tag_to_base,85,checkerboard_link,0.23999999999999999,0.20999999999999999,0
4,tag_to_base,86,checkerboard_link,0.27000000000000002,0.20999999999999999,0
4,tag_to_base,87,checkerboard_link,0.29999999999999999,0.20999999999999999,0
5,right_wrist_camera_to_base,0,right_wrist_camera_color_optical_frame,0.19542373544836195,-0.031013496234602429,0.55675677839485294
5,right_wrist_camera_to_base,1,right_wrist_camera_color_optical_frame,0.17503827401269173,-0.0094125166323366233,0.55253414387629718
5,right_wrist_camera_to_base,2,right_wrist_camera_color_optical_frame,0.15465281257702154,0.012188462969929183,0.54831150935774131
5,right_wrist_camera_to_base,3,right_wrist_camera_color_optical_frame,0.13426735114135133,0.033789442572194996,0.54408887483918544
5,right_wrist_camera_to_base,4,right_wrist_camera_color_optical_frame,0.11388188970568112,0.055390422174460795,0.53986624032062969
5,right_wrist_camera_to_base,5,right_wrist_camera_color_optical_frame,0.093496428270010909,0.076991401776726615,0.53564360580207393
5,right_wrist_camera_to_base,6,right_wrist_camera_color_optical_frame,0.073110966834340707,0.098592381378992427,0.53142097128351806
5,right_wrist_camera_to_base,7,right_wrist_camera_color_optical_frame,0.052725505398670491,0.12019336098125821,0.52719833676496219
5,right_wrist_camera_to_base,8,right_wrist_camera_color_optical_frame,0.032340043963000303,0.14179434058352403,0.52297570224640644
5,right_wrist_camera_to_base,9,right_wrist_camera_color_optical_frame,0.01195458252733006,0.16339532018578987,0.51875306772785068
5,right_wrist_camera_to_base,10,right_wrist_camera_color_optical_frame,-0.0084308789083401281,0.18499629978805565,0.51453043320929481
5,right_wrist_camera_to_base,11,right_wrist_camera_color_optical_frame,0.17415715670182075,-0.051827744817810148,0.55294893329117578
5,right_wrist_camera_to_base,12,right_wrist_camera_color_optical_frame,0.15377169526615056,-0.030226765215544339,0.54872629877262002
5,right_wrist_camera_to_base,13,right_wrist_camera_color_optical_frame,0.13338623383048034,-0.0086257856132785325,0.54450366425406416
5,right_wrist_camera_to_base,14,right_wrist_camera_color_optical_frame,0.11300077239481014,0.012975193988987277,0.5402810297355084
5,right_wrist_camera_to_base,15,right_wrist_camera_color_optical_frame,0.09261531095913994,0.034576173591253083,0.53605839521695253
5,right_wrist_camera_to_base,16,right_wrist_camera_color_optical_frame,0.072229849523469725,0.056177153193518882,0.53183576069839678
5,right_wrist_camera_to_base,17,right_wrist_camera_color_optical_frame,0.051844388087799537,0.077778132795784688,0.52761312617984091
5,right_wrist_camera_to_base,18,right_wrist_camera_color_optical_frame,0.031458926652129321,0.099379112398050501,0.52339049166128515
5,right_wrist_camera_to_base,19,right_wrist_camera_color_optical_frame,0.011073465216459105,0.12098009200031631,0.51916785714272928
5,right_wrist_camera_to_base,20,right_wrist_camera_color_optical_frame,-0.0093119962192111105,0.14258107160258215,0.51494522262417353
5,right_wrist_camera_to_base,21,right_wrist_camera_color_optical_frame,-0.029697457654881299,0.16418205120484794,0.51072258810561766
5,right_wrist_camera_to_base,22,right_wrist_camera_color_optical_frame,0.15289057795527958,-0.07264199340101786,0.54914108818749863
5,right_wrist_camera_to_base,23,right_wrist_camera_color_optical_frame,0.13250511651960939,-0.051041013798752054,0.54491845366894287
5,right_wrist_camera_to_base,24,right_wrist_camera_color_optical_frame,0.11211965508393916,-0.029440034196486248,0.540695819150387
5,right_wrist_camera_to_base,25,right_wrist_camera_color_optical_frame,0.091734193648268958,-0.0078390545942204383,0.53647318463183125
5,right_wrist_camera_to_base,26,right_wrist_camera_color_optical_frame,0.071348732212598756,0.013761925008045364,0.53225055011327538
5,right_wrist_camera_to_base,27,right_wrist_camera_color_optical_frame,0.050963270776928554,0.03536290461031117,0.52802791559471962
5,right_wrist_camera_to_base,28,right_wrist_camera_color_optical_frame,0.030577809341258338,0.056963884212576983,0.52380528107616375
5,right_wrist_camera_to_base,29,right_wrist_camera_color_optical_frame,0.010192347905588123,0.078564863814842789,0.519582646557608
5,right_wrist_camera_to_base,30,right_wrist_camera_color_optical_frame,-0.010193113530082065,0.1001658434171086,0.51536001203905213
5,right_wrist_camera_to_base,31,right_wrist_camera_color_optical_frame,-0.030578574965752309,0.12176682301937441,0.51113737752049637
5,right_wrist_camera_to_base,32,right_wrist_camera_color_optical_frame,-0.050964036401422497,0.1433678026216402,0.5069147430019405
5,right_wrist_camera_to_base,33,right_wrist_camera_color_optical_frame,0.13162399920873841,-0.093456241984225585,0.54533324308382147
5,right_wrist_camera_to_base,34,right_wrist_camera_color_optical_frame,0.11123853777306819,-0.071855262381959772,0.54111060856526572
5,right_wrist_camera_to_base,35,right_wrist_camera_color_optical_frame,0.090853076337397976,-0.050254282779693966,0.53688797404670985
5,right_wrist_camera_to_base,36,right_wrist_camera_color_optical_frame,0.070467614901727774,-0.02865330317742816,0.53266533952815409
5,right_wrist_camera_to_base,37,right_wrist_camera_color_optical_frame,0.050082153466057572,-0.007052323575162351,0.52844270500959822
5,right_wrist_camera_to_base,38,right_wrist_camera_color_optical_frame,0.029696692030387356,0.014548656027103452,0.52422007049104247
5,right_wrist_camera_to_base,39,right_wrist_camera_color_optical_frame,0.0093112305947171681,0.036149635629369258,0.5199974359724866
5,right_wrist_camera_to_base,40,right_wrist_camera_color_optical_frame,-0.011074230840953048,0.05775061523163507,0.51577480145393084
5,right_wrist_camera_to_base,41,right_wrist_camera_color_optical_frame,-0.031459692276623263,0.079351594833900863,0.51155216693537497
5,right_wrist_camera_to_base,42,right_wrist_camera_color_optical_frame,-0.051845153712293479,0.1009525744361667,0.50732953241681922
5,right_wrist_camera_to_base,43,right_wrist_camera_color_optical_frame,-0.072230615147963695,0.12255355403843249,0.50310689789826335
5,right_wrist_camera_to_base,44,right_wrist_camera_color_optical_frame,0.11035742046219721,-0.1142704905674333,0.54152539798014432
5,right_wrist_camera_to_base,45,right_wrist_camera_color_optical_frame,0.089971959026527007,-0.092669510965167484,0.53730276346158856
5,right_wrist_camera_to_base,46,right_wrist_camera_color_optical_frame,0.069586497590856805,-0.071068531362901671,0.53308012894303269
5,right_wrist_camera_to_base,47,right_wrist_camera_color_optical_frame,0.049201036155186589,-0.049467551760635872,0.52885749442447694
5,right_wrist_camera_to_base,48,right_wrist_camera_color_optical_frame,0.028815574719516374,-0.027866572158370063,0.52463485990592107
5,right_wrist_camera_to_base,49,right_wrist_camera_color_optical_frame,0.0084301132838461856,-0.0062655925561042568,0.52041222538736531
5,right_wrist_camera_to_base,50,right_wrist_camera_color_optical_frame,-0.01195534815182403,0.015335387046161553,0.51618959086880944
5,right_wrist_camera_to_base,51,right_wrist_camera_color_optical_frame,-0.032340809587494246,0.036936366648427359,0.51196695635025369
5,right_wrist_camera_to_base,52,right_wrist_camera_color_optical_frame,-0.052726271023164434,0.058537346250693158,0.50774432183169782
5,right_wrist_camera_to_base,53,right_wrist_camera_color_optical_frame,-0.073111732458834677,0.080138325852958991,0.50352168731314206
5,right_wrist_camera_to_base,54,right_wrist_camera_color_optical_frame,-0.093497193894504838,0.10173930545522478,0.4992990527945862
5,right_wrist_camera_to_base,55,right_wrist_camera_color_optical_frame,0.089090841715656025,-0.13508473915064101,0.53771755287646716
5,right_wrist_camera_to_base,56,right_wrist_camera_color_optical_frame,0.068705380279985823,-0.1134837595483752,0.53349491835791141
5,right_wrist_camera_to_base,57,right_wrist_camera_color_optical_frame,0.048319918844315607,-0.091882779946109411,0.52927228383935554
5,right_wrist_camera_to_base,58,right_wrist_camera_color_optical_frame,0.027934457408645419,-0.070281800343843598,0.52504964932079978
5,right_wrist_camera_to_base,59,right_wrist_camera_color_optical_frame,0.0075489959729752032,-0.048680820741577785,0.52082701480224391
5,right_wrist_camera_to_base,60,right_wrist_camera_color_optical_frame,-0.012836465462695013,-0.027079841139311982,0.51660438028368816
5,right_wrist_camera_to_base,61,right_wrist_camera_color_optical_frame,-0.033221926898365201,-0.0054788615370461764,0.51238174576513229
5,right_wrist_camera_to_base,62,right_wrist_camera_color_optical_frame,-0.053607388334035416,0.016122118065219633,0.50815911124657653
5,right_wrist_camera_to_base,63,right_wrist_camera_color_optical_frame,-0.073992849769705604,0.037723097667485432,0.50393647672802067
5,right_wrist_camera_to_base,64,right_wrist_camera_color_optical_frame,-0.094378311205375875,0.059324077269751259,0.49971384220946485
5,right_wrist_camera_to_base,65,right_wrist_camera_color_optical_frame,-0.11476377264104604,0.080925056872017037,0.49549120769090904
5,right_wrist_camera_to_base,66,right_wrist_camera_color_optical_frame,0.06782426296911484,-0.15589898773384872,0.53390970777279001
5,right_wrist_camera_to_base,67,right_wrist_camera_color_optical_frame,0.047438801533444624,-0.13429800813158291,0.52968707325423425
5,right_wrist_camera_to_base,68,right_wrist_camera_color_optical_frame,0.027053340097774436,-0.11269702852931712,0.52546443873567839
5,right_wrist_camera_to_base,69,right_wrist_camera_color_optical_frame,0.0066678786621042208,-0.09109604892705131,0.52124180421712263
5,right_wrist_camera_to_base,70,right_wrist_camera_color_optical_frame,-0.013717582773565995,-0.069495069324785497,0.51701916969856676
5,right_wrist_camera_to_base,71,right_wrist_camera_color_optical_frame,-0.034103044209236183,-0.047894089722519698,0.512796535180011
5,right_wrist_camera_to_base,72,right_wrist_camera_color_optical_frame,-0.054488505644906399,-0.026293110120253888,0.50857390066145514
5,right_wrist_camera_to_base,73,right_wrist_camera_color_optical_frame,-0.074873967080576587,-0.0046921305179880822,0.50435126614289938
5,right_wrist_camera_to_base,74,right_wrist_camera_color_optical_frame,-0.095259428516246802,0.016908849084277727,0.50012863162434351
5,right_wrist_camera_to_base,75,right_wrist_camera_color_optical_frame,-0.11564488995191702,0.038509828686543547,0.4959059971057877
5,right_wrist_camera_to_base,76,right_wrist_camera_color_optical_frame,-0.13603035138758723,0.060110808288809332,0.49168336258723189
5,right_wrist_camera_to_base,77,right_wrist_camera_color_optical_frame,0.04655768422257367,-0.17671323631705643,0.53010186266911286
5,right_wrist_camera_to_base,78,right_wrist_camera_color_optical_frame,0.026172222786903454,-0.15511225671479062,0.5258792281505571
5,right_wrist_camera_to_base,79,right_wrist_camera_color_optical_frame,0.0057867613512332661,-0.13351127711252483,0.52165659363200123
5,right_wrist_camera_to_base,80,right_wrist_camera_color_optical_frame,-0.01459870008443695,-0.11191029751025902,0.51743395911344547
5,right_wrist_camera_to_base,81,right_wrist_camera_color_optical_frame,-0.034984161520107165,-0.090309317907993208,0.51321132459488961
5,right_wrist_camera_to_base,82,right_wrist_camera_color_optical_frame,-0.055369622955777353,-0.068708338305727409,0.50898869007633385
5,right_wrist_camera_to_base,83,right_wrist_camera_color_optical_frame,-0.075755084391447569,-0.047107358703461596,0.50476605555777798
5,right_wrist_camera_to_base,84,right_wrist_camera_color_optical_frame,-0.096140545827117785,-0.025506379101195794,0.50054342103922222
5,right_wrist_camera_to_base,85,right_wrist_camera_color_optical_frame,-0.116526007262788,-0.003905399498929988,0.49632078652066636
5,right_wrist_camera_to_base,86,right_wrist_camera_color_optical_frame,-0.13691146869845822,0.017695580103335842,0.4920981520021106
5,right_wrist_camera_to_base,87,right_wrist_camera_color_optical_frame,-0.15729693013412838,0.039296559705601621,0.48787551748355473
5,tag_to_base,0,checkerboard_link,0,0,0
5,tag_to_base,1,checkerboard_link,0.029999999999999999,0,0
5,tag_to_base,2,checkerboard_link,0.059999999999999998,0,0
5,tag_to_base,3,checkerboard_link,0.089999999999999997,0,0
5,tag_to_base,4,checkerboard_link,0.12,0,0
5,tag_to_base,5,checkerboard_link,0.14999999999999999,0,0
5,tag_to_base,6,checkerboard_link,0.17999999999999999,0,0
5,tag_to_base,7,checkerboard_link,0.20999999999999999,0,0
5,tag_to_base,8,checkerboard_link,0.23999999999999999,0,0
5,tag_to_base,9,checkerboard_link,0.27000000000000002,0,0
5,tag_to_base,10,checkerboard_link,0.29999999999999999,0,0
5,tag_to_base,11,checkerboard_link,0,0.029999999999999999,0
5,tag_to_base,12,checkerboard_link,0.029999999999999999,0.029999999999999999,0
5,tag_to_base,13,checkerboard_link,0.059999999999999998,0.029999999999999999,0
5,tag_to_base,14,checkerboard_link,0.089999999999999997,0.029999999999999999,0
5,tag_to_base,15,checkerboard_link,0.12,0.029999999999999999,0
5,tag_to_base,16,checkerboard_link,0.14999999999999999,0.029999999999999999,0
5,tag_to_base,17,checkerboard_link,0.17999999999999999,0.029999999999999999,0
5,tag_to_base,18,checkerboard_link,0.20999999999999999,0.029999999999999999,0
5,tag_to_base,19,checkerboard_link,0.23999999999999999,0.029999999999999999,0
5,tag_to_base,20,checkerboard_link,0.27000000000000002,0.029999999999999999,0
5,tag_to_base,21,checkerboard_link,0.29999999999999999,0.029999999999999999,0
5,tag_to_base,22,checkerboard_link,0,0.059999999999999998,0
5,tag_to_base,23,checkerboard_link,0.029999999999999999,0.059999999999999998,0
5,tag_to_base,24,checkerboard_link,0.059999999999999998,0.059999999999999998,0
5,tag_to_base,25,checkerboard_link,0.089999999999999997,0.059999999999999998,0
5,tag_to_base,26,checkerboard_link,0.12,0.059999999999999998,0
5,tag_to_base,27,checkerboard_link,0.14999999999999999,0.059999999999999998,0
5,tag_to_base,28,checkerboard_link,0.17999999999999999,0.059999999999999998,0
5,tag_to_base,29,checkerboard_link,0.20999999999999999,0.059999999999999998,0
5,tag_to_base,30,checkerboard_link,0.23999999999999999,0.059999999999999998,0
5,tag_to_base,31,checkerboard_link,0.27000000000000002,0.059999999999999998,0
5,tag_to_base,32,checkerboard_link,0.29999999999999999,0.059999999999999998,0
5,tag_to_base,33,checkerboard_link,0,0.089999999999999997,0
5,tag_to_base,34,checkerboard_link,0.029999999999999999,0.089999999999999997,0
5,tag_to_base,35,checkerboard_link,0.059999999999999998,0.089999999999999997,0
5,tag_to_base,36,checkerboard_link,0.089999999999999997,0.089999999999999997,0
5,tag_to_base,37,checkerboard_link,0.12,0.089999999999999997,0
5,tag_to_base,38,checkerboard_link,0.14999999999999999,0.089999999999999997,0
5,tag_to_base,39,checkerboard_link,0.17999999999999999,0.089999999999999997,0
5,tag_to_base,40,checkerboard_link,0.20999999999999999,0.089999999999999997,0
5,tag_to_base,41,checkerboard_link,0.23999999999999999,0.089999999999999997,0
5,tag_to_base,42,checkerboard_link,0.27000000000000002,0.089999999999999997,0
5,tag_to_base,43,checkerboard_link,0.29999999999999999,0.089999999999999997,0
5,tag_to_base,44,checkerboard_link,0,0.12,0
5,tag_to_base,45,checkerboard_link,0.029999999999999999,0.12,0
5,tag_to_base,46,checkerboard_link,0.059999999999999998,0.12,0
5,tag_to_base,47,checkerboard_link,0.089999999999999997,0.12,0
5,tag_to_base,48,checkerboard_link,0.12,0.12,0
5,tag_to_base,49,checkerboard_link,0.14999999999999999,0.12,0
5,tag_to_base,50,checkerboard_link,0.17999999999999999,0.12,0
5,tag_to_base,51,checkerboard_link,0.20999999999999999,0.12,0
5,tag_to_base,52,checkerboard_link,0.23999999999999999,0.12,0
5,tag_to_base,53,checkerboard_link,0.27000000000000002,0.12,0
5,tag_to_base,54,checkerboard_link,0.29999999999999999,0.12,0
5,tag_to_base,55,checkerboard_link,0,0.14999999999999999,0
5,tag_to_base,56,checkerboard_link,0.029999999999999999,0.14999999999999999,0
5,tag_to_base,57,checkerboard_link,0.059999999999999998,0.14999999999999999,0
5,tag_to_base,58,checkerboard_link,0.089999999999999997,0.14999999999999999,0
5,tag_to_base,59,checkerboard_link,0.12,0.14999999999999999,0
5,tag_to_base,60,checkerboard_link,0.14999999999999999,0.14999999999999999,0
5,tag_to_base,61,checkerboard_link,0.17999999999999999,0.14999999999999999,0
5,tag_to_base,62,checkerboard_link,0.20999999999999999,0.14999999999999999,0
5,tag_to_base,63,checkerboard_link,0.23999999999999999,0.14999999999999999,0
5,tag_to_base,64,checkerboard_link,0.27000000000000002,0.14999999999999999,0
5,tag_to_base,65,checkerboard_link,0.29999999999999999,0.14999999999999999,0
5,tag_to_base,66,checkerboard_link,0,0.17999999999999999,0
5,tag_to_base,67,checkerboard_link,0.029999999999999999,0.17999999999999999,0
5,tag_to_base,68,checkerboard_link,0.059999999999999998,0.17999999999999999,0
5,tag_to_base,69,checkerboard_link,0.089999999999999997,0.17999999999999999,0
5,tag_to_base,70,checkerboard_link,0.12,0.17999999999999999,0
5,tag_to_base,71,checkerboard_link,0.14999999999999999,0.17999999999999999,0
5,tag_to_base,72,checkerboard_link,0.17999999999999999,0.17999999999999999,0
5,tag_to_base,73,checkerboard_link,0.20999999999999999,0.17999999999999999,0
5,tag_to_base,74,checkerboard_link,0.23999999999999999,0.17999999999999999,0
5,tag_to_base,75,checkerboard_link,0.27000000000000002,0.17999999999999999,0
5,tag_to_base,76,checkerboard_link,0.29999999999999999,0.17999999999999999,0
5,tag_to_base,77,checkerboard_link,0,0.20999999999999999,0
5,tag_to_base,78,checkerboard_link,0.029999999999999999,0.20999999999999999,0
5,tag_to_base,79,checkerboard_link,0.059999999999999998,0.20999999999999999,0
5,tag_to_base,80,checkerboard_link,0.089999999999999997,0.20999999999999999,0
5,tag_to_base,81,checkerboard_link,0.12,0.20999999999999999,0
5,tag_to_base,82,checkerboard_link,0.14999999999999999,0.20999999999999999,0
5,tag_to_base,83,checkerboard_link,0.17999999999999999,0.20999999999999999,0
5,tag_to_base,84,checkerboard_link,0.20999999999999999,0.20999999999999999,0
5,tag_to_base,85,checkerboard_link,0.23999999999999999,0.20999999999999999,0
5,tag_to_base,86,checkerboard_link,0.27000000000000002,0.20999999999999999,0
5,tag_to_base,87,checkerboard_link,0.29999999999999999,0.20999999999999999,0
6,right_wrist_camera_to_base,0,right_wrist_camera_color_optical_frame,0.24028870826283816,-0.084208487715541541,0.61560280197695616
6,right_wrist_camera_to_base,1,right_wrist_camera_color_optical_frame,0.21991924715638272,-0.062325108774314533,0.61311226381277129
6,right_wrist_camera_to_base,2,right_wrist_camera_color_optical_frame,0.19954978604992729,-0.040441729833087525,0.6106217256485863
6,right_wrist_camera_to_base,3,right_wrist_camera_color_optical_frame,0.17918032494347183,-0.018558350891860517,0.60813118748440143
6,right_wrist_camera_to_base,4,right_wrist_camera_color_optical_frame,0.1588108638370164,0.0033250280493664908,0.60564064932021655
6,right_wrist_camera_to_base,5,right_wrist_camera_color_optical_frame,0.13844140273056096,0.025208406990593499,0.60315011115603168
6,right_wrist_camera_to_base,6,right_wrist_camera_color_optical_frame,0.11807194162410552,0.047091785931820507,0.60065957299184669
6,right_wrist_camera_to_base,7,right_wrist_camera_color_optical_frame,0.097702480517650098,0.068975164873047501,0.59816903482766182
6,right_wrist_camera_to_base,8,right_wrist_camera_color_optical_frame,0.077333019411194637,0.090858543814274523,0.59567849666347694
6,right_wrist_camera_to_base,9,right_wrist_camera_color_optical_frame,0.056963558304739176,0.11274192275550154,0.59318795849929196
6,right_wrist_camera_to_base,10,right_wrist_camera_color_optical_frame,0.03659409719828377,0.13462530169672854,0.59069742033510708
6,right_wrist_camera_to_base,11,right_wrist_camera_color_optical_frame,0.21886198649390282,-0.10468294864273797,0.61094533013298979
6,right_wrist_camera_to_base,12,right_wrist_camera_color_optical_frame,0.19849252538744738,-0.082799569701510964,0.60845479196880492
6,right_wrist_camera_to_base,13,right_wrist_camera_color_optical_frame,0.17812306428099195,-0.060916190760283949,0.60596425380462005
6,right_wrist_camera_to_base,14,right_wrist_camera_color_optical_frame,0.15775360317453649,-0.039032811819056941,0.60347371564043517
6,right_wrist_camera_to_base,15,right_wrist_camera_color_optical_frame,0.13738414206808106,-0.01714943287782994,0.60098317747625019
6,right_wrist_camera_to_base,16,right_wrist_camera_color_optical_frame,0.11701468096162562,0.0047339460633970681,0.59849263931206531
6,right_wrist_camera_to_base,17,right_wrist_camera_color_optical_frame,0.096645219855170189,0.026617325004624076,0.59600210114788044
6,right_wrist_camera_to_base,18,right_wrist_camera_color_optical_frame,0.076275758748714728,0.048500703945851098,0.59351156298369545
6,right_wrist_camera_to_base,19,right_wrist_camera_color_optical_frame,0.055906297642259295,0.070384082887078092,0.59102102481951058
6,right_wrist_camera_to_base,20,right_wrist_camera_color_optical_frame,0.035536836535803834,0.092267461828305114,0.5885304866553257
6,right_wrist_camera_to_base,21,right_wrist_camera_color_optical_frame,0.015167375429348429,0.11415084076953211,0.58603994849114083
6,right_wrist_camera_to_base,22,right_wrist_camera_color_optical_frame,0.19743526472496747,-0.12515740956993437,0.60628785828902354
6,right_wrist_camera_to_base,23,right_wrist_camera_color_optical_frame,0.17706580361851204,-0.10327403062870738,0.60379732012483867
6,right_wrist_camera_to_base,24,right_wrist_camera_color_optical_frame,0.15669634251205661,-0.081390651687480373,0.60130678196065368
6,right_wrist_camera_to_base,25,right_wrist_camera_color_optical_frame,0.13632688140560115,-0.059507272746253365,0.59881624379646881
6,right_wrist_camera_to_base,26,right_wrist_camera_color_optical_frame,0.11595742029914571,-0.037623893805026357,0.59632570563228393
6,right_wrist_camera_to_base,27,right_wrist_camera_color_optical_frame,0.095587959192690281,-0.015740514863799349,0.59383516746809895
6,right_wrist_camera_to_base,28,right_wrist_camera_color_optical_frame,0.07521849808623482,0.0061428640774276594,0.59134462930391407
6,right_wrist_camera_to_base,29,right_wrist_camera_color_optical_frame,0.054849036979779386,0.028026243018654667,0.5888540911397292
6,right_wrist_camera_to_base,30,right_wrist_camera_color_optical_frame,0.034479575873323953,0.049909621959881662,0.58636355297554432
6,right_wrist_camera_to_base,31,right_wrist_camera_color_optical_frame,0.014110114766868492,0.071793000901108711,0.58387301481135934
6,right_wrist_camera_to_base,32,right_wrist_camera_color_optical_frame,-0.0062593463395869131,0.093676379842335677,0.58138247664717446
6,right_wrist_camera_to_base,33,right_wrist_camera_color_optical_frame,0.17600854295603213,-0.14563187049713081,0.60163038644505717
6,right_wrist_camera_to_base,34,right_wrist_camera_color_optical_frame,0.1556390818495767,-0.12374849155590381,0.5991398482808723
6,right_wrist_camera_to_base,35,right_wrist_camera_color_optical_frame,0.13526962074312124,-0.10186511261467679,0.59664931011668743
6,right_wrist_camera_to_base,36,right_wrist_camera_color_optical_frame,0.11490015963666581,-0.079981733673449795,0.59415877195250244
6,right_wrist_camera_to_base,37,right_wrist_camera_color_optical_frame,0.094530698530210372,-0.05809835473222278,0.59166823378831757
6,right_wrist_camera_to_base,38,right_wrist_camera_color_optical_frame,0.074161237423754911,-0.036214975790995772,0.58917769562413269
6,right_wrist_camera_to_base,39,right_wrist_camera_color_optical_frame,0.053791776317299478,-0.014331596849768771,0.58668715745994782
6,right_wrist_camera_to_base,40,right_wrist_camera_color_optical_frame,0.033422315210844045,0.0075517820914582368,0.58419661929576283
6,right_wrist_camera_to_base,41,right_wrist_camera_color_optical_frame,0.013052854104388611,0.029435161032685245,0.58170608113157796
6,right_wrist_camera_to_base,42,right_wrist_camera_color_optical_frame,-0.0073166070020668494,0.051318539973912281,0.57921554296739308
6,right_wrist_camera_to_base,43,right_wrist_camera_color_optical_frame,-0.027686068108522255,0.073201918915139275,0.57672500480320821
6,right_wrist_camera_to_base,44,right_wrist_camera_color_optical_frame,0.15458182118709679,-0.16610633142432724,0.59697291460109092
6,right_wrist_camera_to_base,45,right_wrist_camera_color_optical_frame,0.13421236008064136,-0.14422295248310024,0.59448237643690605
6,right_wrist_camera_to_base,46,right_wrist_camera_color_optical_frame,0.1138428989741859,-0.12233957354187322,0.59199183827272106
6,right_wrist_camera_to_base,47,right_wrist_camera_color_optical_frame,0.093473437867730463,-0.10045619460064621,0.58950130010853619
6,right_wrist_camera_to_base,48,right_wrist_camera_color_optical_frame,0.07310397676127503,-0.078572815659419204,0.58701076194435131
6,right_wrist_camera_to_base,49,right_wrist_camera_color_optical_frame,0.052734515654819569,-0.056689436718192196,0.58452022378016633
6,right_wrist_camera_to_base,50,right_wrist_camera_color_optical_frame,0.032365054548364136,-0.034806057776965188,0.58202968561598145
6,right_wrist_camera_to_base,51,right_wrist_camera_color_optical_frame,0.011995593441908703,-0.01292267883573818,0.57953914745179658
6,right_wrist_camera_to_base,52,right_wrist_camera_color_optical_frame,-0.0083738676645467303,0.008960700105488828,0.5770486092876117
6,right_wrist_camera_to_base,53,right_wrist_camera_color_optical_frame,-0.028743328771002219,0.03084407904671585,0.57455807112342672
6,right_wrist_camera_to_base,54,right_wrist_camera_color_optical_frame,-0.049112789877457597,0.052727457987942844,0.57206753295924184
6,right_wrist_camera_to_base,55,right_wrist_camera_color_optical_frame,0.13315509941816142,-0.18658079235152364,0.59231544275712456
6,right_wrist_camera_to_base,56,right_wrist_camera_color_optical_frame,0.11278563831170599,-0.16469741341029664,0.58982490459293968
6,right_wrist_camera_to_base,57,right_wrist_camera_color_optical_frame,0.092416177205250555,-0.14281403446906965,0.58733436642875481
6,right_wrist_camera_to_base,58,right_wrist_camera_color_optical_frame,0.072046716098795094,-0.12093065552784263,0.58484382826456982
6,right_wrist_camera_to_base,59,right_wrist_camera_color_optical_frame,0.051677254992339661,-0.099047276586615621,0.58235329010038495
6,right_wrist_camera_to_base,60,right_wrist_camera_color_optical_frame,0.031307793885884228,-0.077163897645388613,0.57986275193620007
6,right_wrist_camera_to_base,61,right_wrist_camera_color_optical_frame,0.010938332779428794,-0.055280518704161605,0.5773722137720152
6,right_wrist_camera_to_base,62,right_wrist_camera_color_optical_frame,-0.0094311283270266388,-0.033397139762934597,0.57488167560783021
6,right_wrist_camera_to_base,63,right_wrist_camera_color_optical_frame,-0.029800589433482072,-0.011513760821707589,0.57239113744364534
6,right_wrist_camera_to_base,64,right_wrist_camera_color_optical_frame,-0.050170050539937561,0.010369618119519433,0.56990059927946046
6,right_wrist_camera_to_base,65,right_wrist_camera_color_optical_frame,-0.070539511646392994,0.032252997060746427,0.56741006111527548
6,right_wrist_camera_to_base,66,right_wrist_camera_color_optical_frame,0.11172837764922608,-0.2070552532787201,0.5876579709131583
6,right_wrist_camera_to_base,67,right_wrist_camera_color_optical_frame,0.091358916542770646,-0.18517187433749308,0.58516743274897332
6,right_wrist_camera_to_base,68,right_wrist_camera_color_optical_frame,0.070989455436315213,-0.16328849539626605,0.58267689458478844
6,right_wrist_camera_to_base,69,right_wrist_camera_color_optical_frame,0.050619994329859752,-0.14140511645503906,0.58018635642060357
6,right_wrist_camera_to_base,70,right_wrist_camera_color_optical_frame,0.030250533223404319,-0.11952173751381205,0.57769581825641869
6,right_wrist_camera_to_base,71,right_wrist_camera_color_optical_frame,0.0098810721169488858,-0.097638358572585043,0.57520528009223371
6,right_wrist_camera_to_base,72,right_wrist_camera_color_optical_frame,-0.010488388989506547,-0.075754979631358035,0.57271474192804883
6,right_wrist_camera_to_base,73,right_wrist_camera_color_optical_frame,-0.030857850095961981,-0.053871600690131027,0.57022420376386396
6,right_wrist_camera_to_base,74,right_wrist_camera_color_optical_frame,-0.051227311202417414,-0.031988221748904019,0.56773366559967897
6,right_wrist_camera_to_base,75,right_wrist_camera_color_optical_frame,-0.071596772308872902,-0.010104842807676997,0.5652431274354941
6,right_wrist_camera_to_base,76,right_wrist_camera_color_optical_frame,-0.091966233415328336,0.011778536133549997,0.56275258927130922
6,right_wrist_camera_to_base,77,right_wrist_camera_color_optical_frame,0.090301655880290738,-0.2275297142059165,0.58300049906919194
6,right_wrist_camera_to_base,78,right_wrist_camera_color_optical_frame,0.069932194773835304,-0.20564633526468951,0.58050996090500706
6,right_wrist_camera_to_base,79,right_wrist_camera_color_optical_frame,0.049562733667379871,-0.18376295632346248,0.57801942274082219
6,right_wrist_camera_to_base,80,right_wrist_camera_color_optical_frame,0.02919327256092441,-0.16187957738223546,0.5755288845766372
6,right_wrist_camera_to_base,81,right_wrist_camera_color_optical_frame,0.0088238114544689772,-0.13999619844100847,0.57303834641245233
6,right_wrist_camera_to_base,82,right_wrist_camera_color_optical_frame,-0.011545649651986456,-0.11811281949978146,0.57054780824826745
6,right_wrist_camera_to_base,83,right_wrist_camera_color_optical_frame,-0.031915110758441889,-0.096229440558554452,0.56805727008408247
6,right_wrist_camera_to_base,84,right_wrist_camera_color_optical_frame,-0.052284571864897322,-0.074346061617327444,0.56556673191989759
6,right_wrist_camera_to_base,85,right_wrist_camera_color_optical_frame,-0.072654032971352756,-0.052462682676100436,0.56307619375571272
6,right_wrist_camera_to_base,86,right_wrist_camera_color_optical_frame,-0.093023494077808244,-0.030579303734873407,0.56058565559152784
6,right_wrist_camera_to_base,87,right_wrist_camera_color_optical_frame,-0.11339295518426368,-0.0086959247936464201,0.55809511742734286
6,tag_to_base,0,checkerboard_link,0,0,0
6,tag_to_base,1,checkerboard_link,0.029999999999999999,0,0
6,tag_to_base,2,checkerboard_link,0.059999999999999998,0,0
6,tag_to_base,3,checkerboard_link,0.089999999999999997,0,0
6,tag_to_base,4,checkerboard_link,0.12,0,0
6,tag_to_base,5,checkerboard_link,0.14999999999999999,0,0
6,tag_to_base,6,checkerboard_link,0.17999999999999999,0,0
6,tag_to_base,7,checkerboard_link,0.20999999999999999,0,0
6,tag_to_base,8,checkerboard_link,0.23999999999999999,0,0
6,tag_to_base,9,checkerboard_link,0.27000000000000002,0,0
6,tag_to_base,10,checkerboard_link,0.29999999999999999,0,0
6,tag_to_base,11,checkerboard_link,0,0.029999999999999999,0
6,tag_to_base,12,checkerboard_link,0.029999999999999999,0.029999999999999999,0
6,tag_to_base,13,checkerboard_link,0.059999999999999998,0.029999999999999999,0
6,tag_to_base,14,checkerboard_link,0.089999999999999997,0.029999999999999999,0
6,tag_to_base,15,checkerboard_link,0.12,0.029999999999999999,0
6,tag_to_base,16,checkerboard_link,0.14999999999999999,0.029999999999999999,0
6,tag_to_base,17,checkerboard_link,0.17999999999999999,0.029999999999999999,0
6,tag_to_base,18,checkerboard_link,0.20999999999999999,0.029999999999999999,0
6,tag_to_base,19,checkerboard_link,0.23999999999999999,0.029999999999999999,0
6,tag_to_base,20,checkerboard_link,0.27000000000000002,0.029999999999999999,0
6,tag_to_base,21,checkerboard_link,0.29999999999999999,0.029999999999999999,0
6,tag_to_base,22,checkerboard_link,0,0.059999999999999998,0
6,tag_to_base,23,checkerboard_link,0.029999999999999999,0.059999999999999998,0
6,tag_to_base,24,checkerboard_link,0.059999999999999998,0.059999999999999998,0
6,tag_to_base,25,checkerboard_link,0.089999999999999997,0.059999999999999998,0
6,tag_to_base,26,checkerboard_link,0.12,0.059999999999999998,0
6,tag_to_base,27,checkerboard_link,0.14999999999999999,0.059999999999999998,0
6,tag_to_base,28,checkerboard_link,0.17999999999999999,0.059999999999999998,0
6,tag_to_base,29,checkerboard_link,0.20999999999999999,0.059999999999999998,0
6,tag_to_base,30,checkerboard_link,0.23999999999999999,0.059999999999999998,0
6,tag_to_base,31,checkerboard_link,0.27000000000000002,0.059999999999999998,0
6,tag_to_base,32,checkerboard_link,0.29999999999999999,0.059999999999999998,0
6,tag_to_base,33,checkerboard_link,0,0.089999999999999997,0
6,tag_to_base,34,checkerboard_link,0.029999999999999999,0.089999999999999997,0
6,tag_to_base,35,checkerboard_link,0.059999999999999998,0.089999999999999997,0
6,tag_to_base,36,checkerboard_link,0.089999999999999997,0.089999999999999997,0
6,tag_to_base,37,checkerboard_link,0.12,0.089999999999999997,0
6,tag_to_base,38,checkerboard_link,0.14999999999999999,0.089999999999999997,0
6,tag_to_base,39,checkerboard_link,0.17999999999999999,0.089999999999999997,0
6,tag_to_base,40,checkerboard_link,0.20999999999999999,0.089999999999999997,0
6,tag_to_base,41,checkerboard_link,0.23999999999999999,0.089999999999999997,0
6,tag_to_base,42,checkerboard_link,0.27000000000000002,0.089999999999999997,0
6,tag_to_base,43,checkerboard_link,0.29999999999999999,0.089999999999999997,0
6,tag_to_base,44,checkerboard_link,0,0.12,0
6,tag_to_base,45,checkerboard_link,0.029999999999999999,0.12,0
6,tag_to_base,46,checkerboard_link,0.059999999999999998,0.12,0
6,tag_to_base,47,checkerboard_link,0.089999999999999997,0.12,0
6,tag_to_base,48,checkerboard_link,0.12,0.12,0
6,tag_to_base,49,checkerboard_link,0.14999999999999999,0.12,0
6,tag_to_base,50,checkerboard_link,0.17999999999999999,0.12,0
6,tag_to_base,51,checkerboard_link,0.20999999999999999,0.12,0
6,tag_to_base,52,checkerboard_link,0.23999999999999999,0.12,0
6,tag_to_base,53,checkerboard_link,0.27000000000000002,0.12,0
6,tag_to_base,54,checkerboard_link,0.29999999999999999,0.12,0
6,tag_to_base,55,checkerboard_link,0,0.14999999999999999,0
6,tag_to_base,56,checkerboard_link,0.029999999999999999,0.14999999999999999,0
6,tag_to_base,57,checkerboard_link,0.059999999999999998,0.14999999999999999,0
6,tag_to_base,58,checkerboard_link,0.089999999999999997,0.14999999999999999,0
6,tag_to_base,59,checkerboard_link,0.12,0.14999999999999999,0
6,tag_to_base,60,checkerboard_link,0.14999999999999999,0.14999999999999999,0
6,tag_to_base,61,checkerboard_link,0.17999999999999999,0.14999999999999999,0
6,tag_to_base,62,checkerboard_link,0.20999999999999999,0.14999999999999999,0
6,tag_to_base,63,checkerboard_link,0.23999999999999999,0.14999999999999999,0
6,tag_to_base,64,checkerboard_link,0.27000000000000002,0.14999999999999999,0
6,tag_to_base,65,checkerboard_link,0.29999999999999999,0.14999999999999999,0
6,tag_to_base,66,checkerboard_link,0,0.17999999999999999,0
6,tag_to_base,67,checkerboard_link,0.029999999999999999,0.17999999999999999,0
6,tag_to_base,68,checkerboard_link,0.059999999999999998,0.17999999999999999,0
6,tag_to_base,69,checkerboard_link,0.089999999999999997,0.17999999999999999,0
6,tag_to_base,70,checkerboard_link,0.12,0.17999999999999999,0
6,tag_to_base,71,checkerboard_link,0.14999999999999999,0.17999999999999999,0
6,tag_to_base,72,checkerboard_link,0.17999999999999999,0.17999999999999999,0
6,tag_to_base,73,checkerboard_link,0.20999999999999999,0.17999999999999999,0
6,tag_to_base,74,checkerboard_link,0.23999999999999999,0.17999999999999999,0
6,tag_to_base,75,checkerboard_link,0.27000000000000002,0.17999999999999999,0
6,tag_to_base,76,checkerboard_link,0.29999999999999999,0.17999999999999999,0
6,tag_to_base,77,checkerboard_link,0,0.20999999999999999,0
6,tag_to_base,78,checkerboard_link,0.029999999999999999,0.20999999999999999,0
6,tag_to_base,79,checkerboard_link,0.059999999999999998,0.20999999999999999,0
6,tag_to_base,80,checkerboard_link,0.089999999999999997,0.20999999999999999,0
6,tag_to_base,81,checkerboard_link,0.12,0.20999999999999999,0
6,tag_to_base,82,checkerboard_link,0.14999999999999999,0.20999999999999999,0
6,tag_to_base,83,checkerboard_link,0.17999999999999999,0.20999999999999999,0
6,tag_to_base,84,checkerboard_link,0.20999999999999999,0.20999999999999999,0
6,tag_to_base,85,checkerboard_link,0.23999999999999999,0.20999999999999999,0
6,tag_to_base,86,checkerboard_link,0.27000000000000002,0.20999999999999999,0
6,tag_to_base,87,checkerboard_link,0.29999999999999999,0.20999999999999999,0
7,right_wrist_camera_to_base,0,right_wrist_camera_color_optical_frame,0.3268631205400454,0.048326860530020103,0.51904131068363157
7,right_wrist_camera_to_base,1,right_wrist_camera_color_optical_frame,0.29763541508550839,0.054039847043679506,0.52266111992688891
7,right_wrist_camera_to_base,2,right_wrist_camera_color_optical_frame,0.26840770963097133,0.059752833557338902,0.52628092917014635
7,right_wrist_camera_to_base,3,right_wrist_camera_color_optical_frame,0.23918000417643429,0.065465820070998298,0.52990073841340368
7,right_wrist_camera_to_base,4,right_wrist_camera_color_optical_frame,0.20995229872189725,0.071178806584657695,0.53352054765666113
7,right_wrist_camera_to_base,5,right_wrist_camera_color_optical_frame,0.18072459326736021,0.076891793098317091,0.53714035689991846
7,right_wrist_camera_to_base,6,right_wrist_camera_color_optical_frame,0.15149688781282317,0.0826047796119765,0.5407601661431759
7,right_wrist_camera_to_base,7,right_wrist_camera_color_optical_frame,0.12226918235828613,0.088317766125635896,0.54437997538643323
7,right_wrist_camera_to_base,8,right_wrist_camera_color_optical_frame,0.093041476903749087,0.094030752639295306,0.54799978462969068
7,right_wrist_camera_to_base,9,right_wrist_camera_color_optical_frame,0.06381377144921202,0.099743739152954702,0.55161959387294801
7,right_wrist_camera_to_base,10,right_wrist_camera_color_optical_frame,0.034586065994675008,0.1054567256666141,0.55523940311620534
7,right_wrist_camera_to_base,11,right_wrist_camera_color_optical_frame,0.32024156020693056,0.020885809234298773,0.50888534482407344
7,right_wrist_camera_to_base,12,right_wrist_camera_color_optical_frame,0.2910138547523935,0.026598795747958173,0.51250515406733077
7,right_wrist_camera_to_base,13,right_wrist_camera_color_optical_frame,0.26178614929785649,0.032311782261617572,0.51612496331058821
7,right_wrist_camera_to_base,14,right_wrist_camera_color_optical_frame,0.23255844384331945,0.038024768775276968,0.51974477255384555
7,right_wrist_camera_to_base,15,right_wrist_camera_color_optical_frame,0.20333073838878241,0.043737755288936371,0.52336458179710299
7,right_wrist_camera_to_base,16,right_wrist_camera_color_optical_frame,0.17410303293424537,0.049450741802595767,0.52698439104036032
7,right_wrist_camera_to_base,17,right_wrist_camera_color_optical_frame,0.14487532747970833,0.05516372831625517,0.53060420028361777
7,right_wrist_camera_to_base,18,right_wrist_camera_color_optical_frame,0.11564762202517129,0.060876714829914566,0.5342240095268751
7,right_wrist_camera_to_base,19,right_wrist_camera_color_optical_frame,0.086419916570634248,0.066589701343573962,0.53784381877013243
7,right_wrist_camera_to_base,20,right_wrist_camera_color_optical_frame,0.05719221111609718,0.072302687857233372,0.54146362801338987
7,right_wrist_camera_to_base,21,right_wrist_camera_color_optical_frame,0.027964505661560168,0.078015674370892768,0.54508343725664721
7,right_wrist_camera_to_base,22,right_wrist_camera_color_optical_frame,0.31361999987381572,-0.0065552420614225573,0.4987293789645153
7,right_wrist_camera_to_base,23,right_wrist_camera_color_optical_frame,0.28439229441927871,-0.00084225554776316131,0.50234918820777263
7,right_wrist_camera_to_base,24,right_wrist_camera_color_optical_frame,0.25516458896474165,0.0048707309658962417,0.50596899745103008
7,right_wrist_camera_to_base,25,right_wrist_camera_color_optical_frame,0.22593688351020461,0.010583717479555638,0.50958880669428741
7,right_wrist_camera_to_base,26,right_wrist_camera_color_optical_frame,0.19670917805566757,0.016296703993215041,0.51320861593754485
7,right_wrist_camera_to_base,27,right_wrist_camera_color_optical_frame,0.16748147260113053,0.022009690506874437,0.51682842518080219
7,right_wrist_camera_to_base,28,right_wrist_camera_color_optical_frame,0.13825376714659349,0.027722677020533836,0.52044823442405963
7,right_wrist_camera_to_base,29,right_wrist_camera_color_optical_frame,0.10902606169205645,0.033435663534193236,0.52406804366731696
7,right_wrist_camera_to_base,30,right_wrist_camera_color_optical_frame,0.079798356237519408,0.039148650047852632,0.5276878529105743
7,right_wrist_camera_to_base,31,right_wrist_camera_color_optical_frame,0.05057065078298234,0.044861636561512042,0.53130766215383174
7,right_wrist_camera_to_base,32,right_wrist_camera_color_optical_frame,0.021342945328445329,0.050574623075171438,0.53492747139708907
7,right_wrist_camera_to_base,33,right_wrist_camera_color_optical_frame,0.30699843954070088,-0.033996293357143888,0.48857341310495717
7,right_wrist_camera_to_base,34,right_wrist_camera_color_optical_frame,0.27777073408616382,-0.028283306843484492,0.4921932223482145
7,right_wrist_camera_to_base,35,right_wrist_camera_color_optical_frame,0.24854302863162681,-0.022570320329825096,0.49581303159147189
7,right_wrist_camera_to_base,36,right_wrist_camera_color_optical_frame,0.21931532317708977,-0.016857333816165686,0.49943284083472927
7,right_wrist_camera_to_base,37,right_wrist_camera_color_optical_frame,0.19008761772255273,-0.01114434730250629,0.50305265007798672
7,right_wrist_camera_to_base,38,right_wrist_camera_color_optical_frame,0.16085991226801569,-0.0054313607888468937,0.50667245932124405
7,right_wrist_camera_to_base,39,right_wrist_camera_color_optical_frame,0.13163220681347865,0.00028162572481250925,0.51029226856450138
7,right_wrist_camera_to_base,40,right_wrist_camera_color_optical_frame,0.10240450135894161,0.0059946122384719053,0.51391207780775883
7,right_wrist_camera_to_base,41,right_wrist_camera_color_optical_frame,0.073176795904404568,0.011707598752131308,0.51753188705101616
7,right_wrist_camera_to_base,42,right_wrist_camera_color_optical_frame,0.043949090449867501,0.017420585265790711,0.5211516962942736
7,right_wrist_camera_to_base,43,right_wrist_camera_color_optical_frame,0.014721384995330489,0.023133571779450104,0.52477150553753094
7,right_wrist_camera_to_base,44,right_wrist_camera_color_optical_frame,0.30037687920758604,-0.061437344652865218,0.47841744724539897
7,right_wrist_camera_to_base,45,right_wrist_camera_color_optical_frame,0.27114917375304898,-0.055724358139205822,0.48203725648865636
7,right_wrist_camera_to_base,46,right_wrist_camera_color_optical_frame,0.24192146829851197,-0.050011371625546426,0.48565706573191375
7,right_wrist_camera_to_base,47,right_wrist_camera_color_optical_frame,0.21269376284397493,-0.044298385111887016,0.48927687497517114
7,right_wrist_camera_to_base,48,right_wrist_camera_color_optical_frame,0.18346605738943789,-0.03858539859822762,0.49289668421842853
7,right_wrist_camera_to_base,49,right_wrist_camera_color_optical_frame,0.15423835193490085,-0.032872412084568224,0.49651649346168591
7,right_wrist_camera_to_base,50,right_wrist_camera_color_optical_frame,0.12501064648036381,-0.027159425570908828,0.50013630270494325
7,right_wrist_camera_to_base,51,right_wrist_camera_color_optical_frame,0.095782941025826768,-0.021446439057249418,0.50375611194820069
7,right_wrist_camera_to_base,52,right_wrist_camera_color_optical_frame,0.066555235571289728,-0.015733452543590022,0.50737592119145802
7,right_wrist_camera_to_base,53,right_wrist_camera_color_optical_frame,0.037327530116752661,-0.010020466029930619,0.51099573043471547
7,right_wrist_camera_to_base,54,right_wrist_camera_color_optical_frame,0.0080998246622156489,-0.0043074795162712301,0.5146155396779728
7,right_wrist_camera_to_base,55,right_wrist_camera_color_optical_frame,0.29375531887447121,-0.088878395948586542,0.46826148138584084
7,right_wrist_camera_to_base,56,right_wrist_camera_color_optical_frame,0.26452761341993414,-0.083165409434927146,0.47188129062909823
7,right_wrist_camera_to_base,57,right_wrist_camera_color_optical_frame,0.23529990796539713,-0.07745242292126775,0.47550109987235561
7,right_wrist_camera_to_base,58,right_wrist_camera_color_optical_frame,0.20607220251086006,-0.071739436407608353,0.479120909115613
7,right_wrist_camera_to_base,59,right_wrist_camera_color_optical_frame,0.17684449705632305,-0.066026449893948957,0.48274071835887039
7,right_wrist_camera_to_base,60,right_wrist_camera_color_optical_frame,0.14761679160178601,-0.060313463380289555,0.48636052760212778
7,right_wrist_camera_to_base,61,right_wrist_camera_color_optical_frame,0.11838908614724897,-0.054600476866630158,0.48998033684538511
7,right_wrist_camera_to_base,62,right_wrist_camera_color_optical_frame,0.0891613806927119,-0.048887490352970749,0.4936001460886425
7,right_wrist_camera_to_base,63,right_wrist_camera_color_optical_frame,0.059933675238174888,-0.043174503839311353,0.49721995533189989
7,right_wrist_camera_to_base,64,right_wrist_camera_color_optical_frame,0.030705969783637821,-0.037461517325651957,0.50083976457515733
7,right_wrist_camera_to_base,65,right_wrist_camera_color_optical_frame,0.0014782643291008091,-0.03174853081199256,0.50445957381841466
7,right_wrist_camera_to_base,66,right_wrist_camera_color_optical_frame,0.28713375854135637,-0.11631944724430787,0.4581055155262827
7,right_wrist_camera_to_base,67,right_wrist_camera_color_optical_frame,0.2579060530868193,-0.11060646073064848,0.46172532476954009
7,right_wrist_camera_to_base,68,right_wrist_camera_color_optical_frame,0.22867834763228229,-0.10489347421698908,0.46534513401279748
7,right_wrist_camera_to_base,69,right_wrist_camera_color_optical_frame,0.19945064217774525,-0.099180487703329684,0.46896494325605487
7,right_wrist_camera_to_base,70,right_wrist_camera_color_optical_frame,0.17022293672320821,-0.093467501189670288,0.47258475249931226
7,right_wrist_camera_to_base,71,right_wrist_camera_color_optical_frame,0.14099523126867117,-0.087754514676010864,0.47620456174256964
7,right_wrist_camera_to_base,72,right_wrist_camera_color_optical_frame,0.11176752581413413,-0.082041528162351468,0.47982437098582698
7,right_wrist_camera_to_base,73,right_wrist_camera_color_optical_frame,0.08253982035959706,-0.076328541648692072,0.48344418022908436
7,right_wrist_camera_to_base,74,right_wrist_camera_color_optical_frame,0.053312114905060048,-0.070615555135032676,0.48706398947234175
7,right_wrist_camera_to_base,75,right_wrist_camera_color_optical_frame,0.024084409450522981,-0.06490256862137328,0.49068379871559914
7,right_wrist_camera_to_base,76,right_wrist_camera_color_optical_frame,-0.0051432960040140308,-0.059189582107713891,0.49430360795885653
7,right_wrist_camera_to_base,77,right_wrist_camera_color_optical_frame,0.28051219820824153,-0.1437604985400292,0.44794954966672457
7,right_wrist_camera_to_base,78,right_wrist_camera_color_optical_frame,0.25128449275370446,-0.13804751202636981,0.45156935890998195
7,right_wrist_camera_to_base,79,right_wrist_camera_color_optical_frame,0.22205678729916745,-0.13233452551271041,0.45518916815323929
7,right_wrist_camera_to_base,80,right_wrist_camera_color_optical_frame,0.19282908184463041,-0.12662153899905101,0.45880897739649673
7,right_wrist_camera_to_base,81,right_wrist_camera_color_optical_frame,0.16360137639009337,-0.12090855248539162,0.46242878663975406
7,right_wrist_camera_to_base,82,right_wrist_camera_color_optical_frame,0.13437367093555633,-0.11519556597173219,0.46604859588301145
7,right_wrist_camera_to_base,83,right_wrist_camera_color_optical_frame,0.10514596548101929,-0.1094825794580728,0.46966840512626884
7,right_wrist_camera_to_base,84,right_wrist_camera_color_optical_frame,0.07591826002648222,-0.1037695929444134,0.47328821436952623
7,right_wrist_camera_to_base,85,right_wrist_camera_color_optical_frame,0.046690554571945209,-0.098056606430754006,0.47690802361278362
7,right_wrist_camera_to_base,86,right_wrist_camera_color_optical_frame,0.017462849117408141,-0.09234361991709461,0.480527832856041
7,right_wrist_camera_to_base,87,right_wrist_camera_color_optical_frame,-0.011764856337128871,-0.086630633403435214,0.48414764209929839
7,tag_to_base,0,checkerboard_link,0,0,0
7,tag_to_base,1,checkerboard_link,0.029999999999999999,0,0
7,tag_to_base,2,checkerboard_link,0.059999999999999998,0,0
7,tag_to_base,3,checkerboard_link,0.089999999999999997,0,0
7,tag_to_base,4,checkerboard_link,0.12,0,0
7,tag_to_base,5,checkerboard_link,0.14999999999999999,0,0
7,tag_to_base,6,checkerboard_link,0.17999999999999999,0,0
7,tag_to_base,7,checkerboard_link,0.20999999999999999,0,0
7,tag_to_base,8,checkerboard_link,0.23999999999999999,0,0
7,tag_to_base,9,checkerboard_link,0.27000000000000002,0,0
7,tag_to_base,10,checkerboard_link,0.29999999999999999,0,0
7,tag_to_base,11,checkerboard_link,0,0.029999999999999999,0
7,tag_to_base,12,checkerboard_link,0.029999999999999999,0.029999999999999999,0
7,tag_to_base,13,checkerboard_link,0.059999999999999998,0.029999999999999999,0
7,tag_to_base,14,checkerboard_link,0.089999999999999997,0.029999999999999999,0
7,tag_to_base,15,checkerboard_link,0.12,0.029999999999999999,0
7,tag_to_base,16,checkerboard_link,0.14999999999999999,0.029999999999999999,0
7,tag_to_base,17,checkerboard_link,0.17999999999999999,0.029999999999999999,0
7,tag_to_base,18,checkerboard_link,0.20999999999999999,0.029999999999999999,0
7,tag_to_base,19,checkerboard_link,0.23999999999999999,0.029999999999999999,0
7,tag_to_base,20,checkerboard_link,0.27000000000000002,0.029999999999999999,0
7,tag_to_base,21,checkerboard_link,0.29999999999999999,0.029999999999999999,0
7,tag_to_base,22,checkerboard_link,0,0.059999999999999998,0
7,tag_to_base,23,checkerboard_link,0.029999999999999999,0.059999999999999998,0
7,tag_to_base,24,checkerboard_link,0.059999999999999998,0.059999999999999998,0
7,tag_to_base,25,checkerboard_link,0.089999999999999997,0.059999999999999998,0
7,tag_to_base,26,checkerboard_link,0.12,0.059999999999999998,0
7,tag_to_base,27,checkerboard_link,0.14999999999999999,0.059999999999999998,0
7,tag_to_base,28,checkerboard_link,0.17999999999999999,0.059999999999999998,0
7,tag_to_base,29,checkerboard_link,0.20999999999999999,0.059999999999999998,0
7,tag_to_base,30,checkerboard_link,0.23999999999999999,0.059999999999999998,0
7,tag_to_base,31,checkerboard_link,0.27000000000000002,0.059999999999999998,0
7,tag_to_base,32,checkerboard_link,0.29999999999999999,0.059999999999999998,0
7,tag_to_base,33,checkerboard_link,0,0.089999999999999997,0
7,tag_to_base,34,checkerboard_link,0.029999999999999999,0.089999999999999997,0
7,tag_to_base,35,checkerboard_link,0.059999999999999998,0.089999999999999997,0
7,tag_to_base,36,checkerboard_link,0.089999999999999997,0.089999999999999997,0
7,tag_to_base,37,checkerboard_link,0.12,0.089999999999999997,0
7,tag_to_base,38,checkerboard_link,0.14999999999999999,0.089999999999999997,0
7,tag_to_base,39,checkerboard_link,0.17999999999999999,0.089999999999999997,0
7,tag_to_base,40,checkerboard_link,0.20999999999999999,0.089999999999999997,0
7,tag_to_base,41,checkerboard_link,0.23999999999999999,0.089999999999999997,0
7,tag_to_base,42,checkerboard_link,0.27000000000000002,0.089999999999999997,0
7,tag_to_base,43,checkerboard_link,0.29999999999999999,0.089999999999999997,0
7,tag_to_base,44,checkerboard_link,0,0.12,0
7,tag_to_base,45,checkerboard_link,0.029999999999999999,0.12,0
7,tag_to_base,46,checkerboard_link,0.059999999999999998,0.12,0
7,tag_to_base,47,checkerboard_link,0.089999999999999997,0.12,0
7,tag_to_base,48,checkerboard_link,0.12,0.12,0
7,tag_to_base,49,checkerboard_link,0.14999999999999999,0.12,0
7,tag_to_base,50,checkerboard_link,0.17999999999999999,0.12,0
7,tag_to_base,51,checkerboard_link,0.20999999999999999,0.12,0
7,tag_to_base,52,checkerboard_link,0.23999999999999999,0.12,0
7,tag_to_base,53,checkerboard_link,0.27000000000000002,0.12,0
7,tag_to_base,54,checkerboard_link,0.29999999999999999,0.12,0
7,tag_to_base,55,checkerboard_link,0,0.14999999999999999,0
7,tag_to_base,56,checkerboard_link,0.029999999999999999,0.14999999999999999,0
7,tag_to_base,57,checkerboard_link,0.059999999999999998,0.14999999999999999,0
7,tag_to_base,58,checkerboard_link,0.089999999999999997,0.14999999999999999,0
7,tag_to_base,59,checkerboard_link,0.12,0.14999999999999999,0
7,tag_to_base,60,checkerboard_link,0.14999999999999999,0.14999999999999999,0
7,tag_to_base,61,checkerboard_link,0.17999999999999999,0.14999999999999999,0
7,tag_to_base,62,checkerboard_link,0.20999999999999999,0.14999999999999999,0
7,tag_to_base,63,checkerboard_link,0.23999999999999999,0.14999999999999999,0
7,tag_to_base,64,checkerboard_link,0.27000000000000002,0.14999999999999999,0
7,tag_to_base,65,checkerboard_link,0.29999999999999999,0.14999999999999999,0
7,tag_to_base,66,checkerboard_link,0,0.17999999999999999,0
7,tag_to_base,67,checkerboard_link,0.029999999999999999,0.17999999999999999,0
7,tag_to_base,68,checkerboard_link,0.059999999999999998,0.17999999999999999,0
7,tag_to_base,69,checkerboard_link,0.089999999999999997,0.17999999999999999,0
7,tag_to_base,70,checkerboard_link,0.12,0.17999999999999999,0
7,tag_to_base,71,checkerboard_link,0.14999999999999999,0.17999999999999999,0
7,tag_to_base,72,checkerboard_link,0.17999999999999999,0.17999999999999999,0
7,tag_to_base,73,checkerboard_link,0.20999999999999999,0.17999999999999999,0
7,tag_to_base,74,checkerboard_link,0.23999999999999999,0.17999999999999999,0
7,tag_to_base,75,checkerboard_link,0.27000000000000002,0.17999999999999999,0
7,tag_to_base,76,checkerboard_link,0.29999999999999999,0.17999999999999999,0
7,tag_to_base,77,checkerboard_link,0,0.20999999999999999,0
7,tag_to_base,78,checkerboard_link,0.029999999999999999,0.20999999999999999,0
7,tag_to_base,79,checkerboard_link,0.059999999999999998,0.20999999999999999,0
7,tag_to_base,80,checkerboard_link,0.089999999999999997,0.20999999999999999,0
7,tag_to_base,81,checkerboard_link,0.12,0.20999999999999999,0
7,tag_to_base,82,checkerboard_link,0.14999999999999999,0.20999999999999999,0
7,tag_to_base,83,checkerboard_link,0.17999999999999999,0.20999999999999999,0
7,tag_to_base,84,checkerboard_link,0.20999999999999999,0.20999999999999999,0
7,tag_to_base,85,checkerboard_link,0.23999999999999999,0.20999999999999999,0
7,tag_to_base,86,checkerboard_link,0.27000000000000002,0.20999999999999999,0
7,tag_to_base,87,checkerboard_link,0.29999999999999999,0.20999999999999999,0
8,right_wrist_camera_to_base,0,right_wrist_camera_color_optical_frame,0.19099221014778153,0.083130511526992287,0.54245093578567682
8,right_wrist_camera_to_base,1,right_wrist_camera_color_optical_frame,0.16174056934327291,0.089197591003885995,0.53970647648281567
8,right_wrist_camera_to_base,2,right_wrist_camera_color_optical_frame,0.13248892853876429,0.095264670480779703,0.53696201717995451
8,right_wrist_camera_to_base,3,right_wrist_camera_color_optical_frame,0.10323728773425567,0.10133174995767341,0.53421755787709324
8,right_wrist_camera_to_base,4,right_wrist_camera_color_optical_frame,0.073985646929747031,0.10739882943456712,0.53147309857423208
8,right_wrist_camera_to_base,5,right_wrist_camera_color_optical_frame,0.044734006125238424,0.11346590891146083,0.52872863927137093
8,right_wrist_camera_to_base,6,right_wrist_camera_color_optical_frame,0.015482365320729802,0.11953298838835452,0.52598417996850977
8,right_wrist_camera_to_base,7,right_wrist_camera_color_optical_frame,-0.013769275483778848,0.12560006786524824,0.52323972066564861
8,right_wrist_camera_to_base,8,right_wrist_camera_color_optical_frame,-0.04302091628828747,0.13166714734214194,0.52049526136278734
8,right_wrist_camera_to_base,9,right_wrist_camera_color_optical_frame,-0.072272557092796091,0.13773422681903566,0.51775080205992619
8,right_wrist_camera_to_base,10,right_wrist_camera_color_optical_frame,-0.10152419789730469,0.14380130629592935,0.51500634275706503
8,right_wrist_camera_to_base,11,right_wrist_camera_color_optical_frame,0.18561479547579998,0.054315455401645132,0.53606533072909446
8,right_wrist_camera_to_base,12,right_wrist_camera_color_optical_frame,0.15636315467129136,0.06038253487853884,0.5333208714262333
8,right_wrist_camera_to_base,13,right_wrist_camera_color_optical_frame,0.12711151386678271,0.066449614355432549,0.53057641212337203
8,right_wrist_camera_to_base,14,right_wrist_camera_color_optical_frame,0.097859873062274103,0.072516693832326257,0.52783195282051087
8,right_wrist_camera_to_base,15,right_wrist_camera_color_optical_frame,0.068608232257765481,0.078583773309219951,0.52508749351764972
8,right_wrist_camera_to_base,16,right_wrist_camera_color_optical_frame,0.039356591453256845,0.084650852786113659,0.52234303421478856
8,right_wrist_camera_to_base,17,right_wrist_camera_color_optical_frame,0.010104950648748223,0.090717932263007367,0.5195985749119274
8,right_wrist_camera_to_base,18,right_wrist_camera_color_optical_frame,-0.019146690155760399,0.096785011739901075,0.51685411560906613
8,right_wrist_camera_to_base,19,right_wrist_camera_color_optical_frame,-0.04839833096026902,0.10285209121679478,0.51410965630620498
8,right_wrist_camera_to_base,20,right_wrist_camera_color_optical_frame,-0.077649971764777698,0.10891917069368851,0.51136519700334382
8,right_wrist_camera_to_base,21,right_wrist_camera_color_optical_frame,-0.10690161256928629,0.1149862501705822,0.50862073770048266
8,right_wrist_camera_to_base,22,right_wrist_camera_color_optical_frame,0.1802373808038184,0.025500399276297971,0.52967972567251209
8,right_wrist_camera_to_base,23,right_wrist_camera_color_optical_frame,0.15098573999930978,0.031567478753191679,0.52693526636965082
8,right_wrist_camera_to_base,24,right_wrist_camera_color_optical_frame,0.12173409919480116,0.037634558230085387,0.52419080706678967
8,right_wrist_camera_to_base,25,right_wrist_camera_color_optical_frame,0.092482458390292538,0.043701637706979095,0.52144634776392851
8,right_wrist_camera_to_base,26,right_wrist_camera_color_optical_frame,0.063230817585783916,0.049768717183872803,0.51870188846106735
8,right_wrist_camera_to_base,27,right_wrist_camera_color_optical_frame,0.033979176781275294,0.055835796660766504,0.51595742915820619
8,right_wrist_camera_to_base,28,right_wrist_camera_color_optical_frame,0.0047275359767666725,0.061902876137660212,0.51321296985534492
8,right_wrist_camera_to_base,29,right_wrist_camera_color_optical_frame,-0.024524104827741949,0.06796995561455392,0.51046851055248377
8,right_wrist_camera_to_base,30,right_wrist_camera_color_optical_frame,-0.053775745632250571,0.074037035091447628,0.50772405124962261
8,right_wrist_camera_to_base,31,right_wrist_camera_color_optical_frame,-0.083027386436759248,0.080104114568341336,0.50497959194676145
8,right_wrist_camera_to_base,32,right_wrist_camera_color_optical_frame,-0.11227902724126784,0.086171194045235044,0.50223513264390029
8,right_wrist_camera_to_base,33,right_wrist_camera_color_optical_frame,0.17485996613183685,-0.0033146568490491912,0.52329412061592961
8,right_wrist_camera_to_base,34,right_wrist_camera_color_optical_frame,0.14560832532732823,0.0027524226278445169,0.52054966131306846
8,right_wrist_camera_to_base,35,right_wrist_camera_color_optical_frame,0.11635668452281961,0.0088195021047382249,0.5178052020102073
8,right_wrist_camera_to_base,36,right_wrist_camera_color_optical_frame,0.087105043718310987,0.014886581581631933,0.51506074270734614
8,right_wrist_camera_to_base,37,right_wrist_camera_color_optical_frame,0.057853402913802365,0.020953661058525641,0.51231628340448498
8,right_wrist_camera_to_base,38,right_wrist_camera_color_optical_frame,0.028601762109293744,0.027020740535419342,0.50957182410162372
8,right_wrist_camera_to_base,39,right_wrist_camera_color_optical_frame,-0.00064987869521487829,0.03308782001231305,0.50682736479876256
8,right_wrist_camera_to_base,40,right_wrist_camera_color_optical_frame,-0.029901519499723528,0.039154899489206758,0.5040829054959014
8,right_wrist_camera_to_base,41,right_wrist_camera_color_optical_frame,-0.05915316030423215,0.045221978966100466,0.50133844619304024
8,right_wrist_camera_to_base,42,right_wrist_camera_color_optical_frame,-0.088404801108740799,0.051289058442994181,0.49859398689017903
8,right_wrist_camera_to_base,43,right_wrist_camera_color_optical_frame,-0.11765644191324939,0.057356137919887883,0.49584952758731787
8,right_wrist_camera_to_base,44,right_wrist_camera_color_optical_frame,0.1694825514598553,-0.032129712974396346,0.51690851555934725
8,right_wrist_camera_to_base,45,right_wrist_camera_color_optical_frame,0.14023091065534668,-0.026062633497502638,0.51416405625648609
8,right_wrist_camera_to_base,46,right_wrist_camera_color_optical_frame,0.11097926985083804,-0.01999555402060893,0.51141959695362493
8,right_wrist_camera_to_base,47,right_wrist_camera_color_optical_frame,0.081727629046329422,-0.013928474543715222,0.50867513765076378
8,right_wrist_camera_to_base,48,right_wrist_camera_color_optical_frame,0.052475988241820787,-0.0078613950668215138,0.50593067834790251
8,right_wrist_camera_to_base,49,right_wrist_camera_color_optical_frame,0.023224347437312165,-0.0017943155899278057,0.50318621904504135
8,right_wrist_camera_to_base,50,right_wrist_camera_color_optical_frame,-0.0060272933671964568,0.0042727638869659024,0.50044175974218019
8,right_wrist_camera_to_base,51,right_wrist_camera_color_optical_frame,-0.035278934171705079,0.01033984336385961,0.49769730043931903
8,right_wrist_camera_to_base,52,right_wrist_camera_color_optical_frame,-0.0645305749762137,0.016406922840753319,0.49495284113645782
8,right_wrist_camera_to_base,53,right_wrist_camera_color_optical_frame,-0.09378221578072235,0.022474002317647027,0.49220838183359666
8,right_wrist_camera_to_base,54,right_wrist_camera_color_optical_frame,-0.12303385658523094,0.028541081794540728,0.48946392253073545
8,right_wrist_camera_to_base,55,right_wrist_camera_color_optical_frame,0.16410513678787372,-0.060944769099743515,0.51052291050276488
8,right_wrist_camera_to_base,56,right_wrist_camera_color_optical_frame,0.1348534959833651,-0.054877689622849821,0.50777845119990372
8,right_wrist_camera_to_base,57,right_wrist_camera_color_optical_frame,0.10560185517885648,-0.048810610145956099,0.50503399189704257
8,right_wrist_camera_to_base,58,right_wrist_camera_color_optical_frame,0.076350214374347858,-0.042743530669062405,0.50228953259418141
8,right_wrist_camera_to_base,59,right_wrist_camera_color_optical_frame,0.047098573569839236,-0.036676451192168683,0.49954507329132014
8,right_wrist_camera_to_base,60,right_wrist_camera_color_optical_frame,0.017846932765330614,-0.030609371715274974,0.49680061398845898
8,right_wrist_camera_to_base,61,right_wrist_camera_color_optical_frame,-0.011404708039178008,-0.024542292238381266,0.49405615468559783
8,right_wrist_camera_to_base,62,right_wrist_camera_color_optical_frame,-0.040656348843686629,-0.018475212761487558,0.49131169538273661
8,right_wrist_camera_to_base,63,right_wrist_camera_color_optical_frame,-0.069907989648195251,-0.01240813328459385,0.48856723607987546
8,right_wrist_camera_to_base,64,right_wrist_camera_color_optical_frame,-0.099159630452703901,-0.0063410538077001422,0.48582277677701424
8,right_wrist_camera_to_base,65,right_wrist_camera_color_optical_frame,-0.12841127125721249,-0.00027397433080644795,0.48307831747415308
8,right_wrist_camera_to_base,66,right_wrist_camera_color_optical_frame,0.15872772211589217,-0.08975982522509067,0.50413730544618252
8,right_wrist_camera_to_base,67,right_wrist_camera_color_optical_frame,0.12947608131138355,-0.083692745748196976,0.50139284614332136
8,right_wrist_camera_to_base,68,right_wrist_camera_color_optical_frame,0.10022444050687493,-0.077625666271303254,0.49864838684046014
8,right_wrist_camera_to_base,69,right_wrist_camera_color_optical_frame,0.070972799702366307,-0.071558586794409559,0.49590392753759893
8,right_wrist_camera_to_base,70,right_wrist_camera_color_optical_frame,0.041721158897857685,-0.065491507317515837,0.49315946823473777
8,right_wrist_camera_to_base,71,right_wrist_camera_color_optical_frame,0.012469518093349063,-0.059424427840622143,0.49041500893187662
8,right_wrist_camera_to_base,72,right_wrist_camera_color_optical_frame,-0.016782122711159558,-0.053357348363728421,0.4876705496290154
8,right_wrist_camera_to_base,73,right_wrist_camera_color_optical_frame,-0.046033763515668208,-0.047290268886834727,0.48492609032615425
8,right_wrist_camera_to_base,74,right_wrist_camera_color_optical_frame,-0.075285404320176802,-0.041223189409941005,0.48218163102329303
8,right_wrist_camera_to_base,75,right_wrist_camera_color_optical_frame,-0.10453704512468545,-0.035156109933047297,0.47943717172043188
8,right_wrist_camera_to_base,76,right_wrist_camera_color_optical_frame,-0.13378868592919405,-0.029089030456153603,0.47669271241757072
8,right_wrist_camera_to_base,77,right_wrist_camera_color_optical_frame,0.15335030744391062,-0.11857488135043782,0.49775170038960009
8,right_wrist_camera_to_base,78,right_wrist_camera_color_optical_frame,0.12409866663940199,-0.11250780187354413,0.49500724108673894
8,right_wrist_camera_to_base,79,right_wrist_camera_color_optical_frame,0.094847025834893364,-0.10644072239665041,0.49226278178387772
8,right_wrist_camera_to_base,80,right_wrist_camera_color_optical_frame,0.065595385030384756,-0.10037364291975671,0.48951832248101657
8,right_wrist_camera_to_base,81,right_wrist_camera_color_optical_frame,0.036343744225876107,-0.094306563442862992,0.48677386317815541
8,right_wrist_camera_to_base,82,right_wrist_camera_color_optical_frame,0.007092103421367485,-0.088239483965969298,0.4840294038752942
8,right_wrist_camera_to_base,83,right_wrist_camera_color_optical_frame,-0.022159537383141137,-0.082172404489075576,0.48128494457243304
8,right_wrist_camera_to_base,84,right_wrist_camera_color_optical_frame,-0.051411178187649759,-0.076105325012181882,0.47854048526957182
8,right_wrist_camera_to_base,85,right_wrist_camera_color_optical_frame,-0.080662818992158353,-0.07003824553528816,0.47579602596671067
8,right_wrist_camera_to_base,86,right_wrist_camera_color_optical_frame,-0.109914459796667,-0.063971166058394466,0.47305156666384951
8,right_wrist_camera_to_base,87,right_wrist_camera_color_optical_frame,-0.13916610060117565,-0.057904086581500744,0.4703071073609883
8,tag_to_base,0,checkerboard_link,0,0,0
8,tag_to_base,1,checkerboard_link,0.029999999999999999,0,0
8,tag_to_base,2,checkerboard_link,0.059999999999999998,0,0
8,tag_to_base,3,checkerboard_link,0.089999999999999997,0,0
8,tag_to_base,4,checkerboard_link,0.12,0,0
8,tag_to_base,5,checkerboard_link,0.14999999999999999,0,0
8,tag_to_base,6,checkerboard_link,0.17999999999999999,0,0
8,tag_to_base,7,checkerboard_link,0.20999999999999999,0,0
8,tag_to_base,8,checkerboard_link,0.23999999999999999,0,0
8,tag_to_base,9,checkerboard_link,0.27000000000000002,0,0
8,tag_to_base,10,checkerboard_link,0.29999999999999999,0,0
8,tag_to_base,11,checkerboard_link,0,0.029999999999999999,0
8,tag_to_base,12,checkerboard_link,0.029999999999999999,0.029999999999999999,0
8,tag_to_base,13,checkerboard_link,0.059999999999999998,0.029999999999999999,0
8,tag_to_base,14,checkerboard_link,0.089999999999999997,0.029999999999999999,0
8,tag_to_base,15,checkerboard_link,0.12,0.029999999999999999,0
8,tag_to_base,16,checkerboard_link,0.14999999999999999,0.029999999999999999,0
8,tag_to_base,17,checkerboard_link,0.17999999999999999,0.029999999999999999,0
8,tag_to_base,18,checkerboard_link,0.20999999999999999,0.029999999999999999,0
8,tag_to_base,19,checkerboard_link,0.23999999999999999,0.029999999999999999,0
8,tag_to_base,20,checkerboard_link,0.27000000000000002,0.029999999999999999,0
8,tag_to_base,21,checkerboard_link,0.29999999999999999,0.029999999999999999,0
8,tag_to_base,22,checkerboard_link,0,0.059999999999999998,0
8,tag_to_base,23,checkerboard_link,0.029999999999999999,0.059999999999999998,0
8,tag_to_base,24,checkerboard_link,0.059999999999999998,0.059999999999999998,0
8,tag_to_base,25,checkerboard_link,0.089999999999999997,0.059999999999999998,0
8,tag_to_base,26,checkerboard_link,0.12,0.059999999999999998,0
8,tag_to_base,27,checkerboard_link,0.14999999999999999,0.059999999999999998,0
8,tag_to_base,28,checkerboard_link,0.17999999999999999,0.059999999999999998,0
8,tag_to_base,29,checkerboard_link,0.20999999999999999,0.059999999999999998,0
8,tag_to_base,30,checkerboard_link,0.23999999999999999,0.059999999999999998,0
8,tag_to_base,31,checkerboard_link,0.27000000000000002,0.059999999999999998,0
8,tag_to_base,32,checkerboard_link,0.29999999999999999,0.059999999999999998,0
8,tag_to_base,33,checkerboard_link,0,0.089999999999999997,0
8,tag_to_base,34,checkerboard_link,0.029999999999999999,0.089999999999999997,0
8,tag_to_base,35,checkerboard_link,0.059999999999999998,0.089999999999999997,0
8,tag_to_base,36,checkerboard_link,0.089999999999999997,0.089999999999999997,0
8,tag_to_base,37,checkerboard_link,0.12,0.089999999999999997,0
8,tag_to_base,38,checkerboard_link,0.14999999999999999,0.089999999999999997,0
8,tag_to_base,39,checkerboard_link,0.17999999999999999,0.089999999999999997,0
8,tag_to_base,40,checkerboard_link,0.20999999999999999,0.089999999999999997,0
8,tag_to_base,41,checkerboard_link,0.23999999999999999,0.089999999999999997,0
8,tag_to_base,42,checkerboard_link,0.27000000000000002,0.089999999999999997,0
8,tag_to_base,43,checkerboard_link,0.29999999999999999,0.089999999999999997,0
8,tag_to_base,44,checkerboard_link,0,0.12,0
8,tag_to_base,45,checkerboard_link,0.029999999999999999,0.12,0
8,tag_to_base,46,checkerboard_link,0.059999999999999998,0.12,0
8,tag_to_base,47,checkerboard_link,0.089999999999999997,0.12,0
8,tag_to_base,48,checkerboard_link,0.12,0.12,0
8,tag_to_base,49,checkerboard_link,0.14999999999999999,0.12,0
8,tag_to_base,50,checkerboard_link,0.17999999999999999,0.12,0
8,tag_to_base,51,checkerboard_link,0.20999999999999999,0.12,0
8,tag_to_base,52,checkerboard_link,0.23999999999999999,0.12,0
8,tag_to_base,53,checkerboard_link,0.27000000000000002,0.12,0
8,tag_to_base,54,checkerboard_link,0.29999999999999999,0.12,0
8,tag_to_base,55,checkerboard_link,0,0.14999999999999999,0
8,tag_to_base,56,checkerboard_link,0.029999999999999999,0.14999999999999999,0
8,tag_to_base,57,checkerboard_link,0.059999999999999998,0.14999999999999999,0
8,tag_to_base,58,checkerboard_link,0.089999999999999997,0.14999999999999999,0
8,tag_to_base,59,checkerboard_link,0.12,0.14999999999999999,0
8,tag_to_base,60,checkerboard_link,0.14999999999999999,0.14999999999999999,0
8,tag_to_base,61,checkerboard_link,0.17999999999999999,0.14999999999999999,0
8,tag_to_base,62,checkerboard_link,0.20999999999999999,0.14999999999999999,0
8,tag_to_base,63,checkerboard_link,0.23999999999999999,0.14999999999999999,0
8,tag_to_base,64,checkerboard_link,0.27000000000000002,0.14999999999999999,0
8,tag_to_base,65,checkerboard_link,0.29999999999999999,0.14999999999999999,0
8,tag_to_base,66,checkerboard_link,0,0.17999999999999999,0
8,tag_to_base,67,checkerboard_link,0.029999999999999999,0.17999999999999999,0
8,tag_to_base,68,checkerboard_link,0.059999999999999998,0.17999999999999999,0
8,tag_to_base,69,checkerboard_link,0.089999999999999997,0.17999999999999999,0
8,tag_to_base,70,checkerboard_link,0.12,0.17999999999999999,0
8,tag_to_base,71,checkerboard_link,0.14999999999999999,0.17999999999999999,0
8,tag_to_base,72,checkerboard_link,0.17999999999999999,0.17999999999999999,0
8,tag_to_base,73,checkerboard_link,0.20999999999999999,0.17999999999999999,0
8,tag_to_base,74,checkerboard_link,0.23999999999999999,0.17999999999999999,0
8,tag_to_base,75,checkerboard_link,0.27000000000000002,0.17999999999999999,0
8,tag_to_base,76,checkerboard_link,0.29999999999999999,0.17999999999999999,0
8,tag_to_base,77,checkerboard_link,0,0.20999999999999999,0
8,tag_to_base,78,checkerboard_link,0.029999999999999999,0.20999999999999999,0
8,tag_to_base,79,checkerboard_link,0.059999999999999998,0.20999999999999999,0
8,tag_to_base,80,checkerboard_link,0.089999999999999997,0.20999999999999999,0
8,tag_to_base,81,checkerboard_link,0.12,0.20999999999999999,0
8,tag_to_base,82,checkerboard_link,0.14999999999999999,0.20999999999999999,0
8,tag_to_base,83,checkerboard_link,0.17999999999999999,0.20999999999999999,0
8,tag_to_base,84,checkerboard_link,0.20999999999999999,0.20999999999999999,0
8,tag_to_base,85,checkerboard_link,0.23999999999999999,0.20999999999999999,0
8,tag_to_base,86,checkerboard_link,0.27000000000000002,0.20999999999999999,0
8,tag_to_base,87,checkerboard_link,0.29999999999999999,0.20999999999999999,0
