sample_id,sensor_name,feature_idx,frame_id,x,y,z
0,camera_to_base,0,head_camera_color_optical_frame,-0.10285137382347742,-0.15956534341947351,0.97905541859591494
0,camera_to_base,1,head_camera_color_optical_frame,-0.07286002268992646,-0.1591213093154793,0.97848824058281747
0,camera_to_base,2,head_camera_color_optical_frame,-0.042868671556375491,-0.15867727521148506,0.97792106256971989
0,camera_to_base,3,head_camera_color_optical_frame,-0.012877320422824523,-0.15823324110749085,0.97735388455662242
0,camera_to_base,4,head_camera_color_optical_frame,0.017114030710726438,-0.15778920700349663,0.97678670654352484
0,camera_to_base,5,head_camera_color_optical_frame,0.0471053818442774,-0.15734517289950239,0.97621952853042737
0,camera_to_base,6,head_camera_color_optical_frame,0.077096732977828375,-0.15690113879550818,0.97565235051732979
0,camera_to_base,7,head_camera_color_optical_frame,0.10708808411137932,-0.15645710469151397,0.97508517250423232
0,camera_to_base,8,head_camera_color_optical_frame,0.1370794352449303,-0.15601307058751973,0.97451799449113474
0,camera_to_base,9,head_camera_color_optical_frame,0.16707078637848127,-0.15556903648352552,0.97395081647803727
0,camera_to_base,10,head_camera_color_optical_frame,0.19706213751203222,-0.15512500237953131,0.9733836384649398
0,camera_to_base,11,head_camera_color_optical_frame,-0.1033392305849376,-0.12966452780969623,0.97666727671353082
0,camera_to_base,12,head_camera_color_optical_frame,-0.073347879451386641,-0.12922049370570202,0.97610009870043335
0,camera_to_base,13,head_camera_color_optical_frame,-0.04335652831783568,-0.1287764596017078,0.97553292068733577
0,camera_to_base,14,head_camera_color_optical_frame,-0.013365177184284718,-0.12833242549771356,0.9749657426742383
0,camera_to_base,15,head_camera_color_optical_frame,0.016626173949266257,-0.12788839139371935,0.97439856466114072
0,camera_to_base,16,head_camera_color_optical_frame,0.046617525082817218,-0.12744435728972514,0.97383138664804325
0,camera_to_base,17,head_camera_color_optical_frame,0.076608876216368194,-0.1270003231857309,0.97326420863494567
0,camera_to_base,18,head_camera_color_optical_frame,0.10660022734991914,-0.12655628908173669,0.9726970306218482
0,camera_to_base,19,head_camera_color_optical_frame,0.13659157848347012,-0.12611225497774248,0.97212985260875073
0,camera_to_base,20,head_camera_color_optical_frame,0.16658292961702109,-0.12566822087374824,0.97156267459565315
0,camera_to_base,21,head_camera_color_optical_frame,0.19657428075057204,-0.12522418676975403,0.97099549658255568
0,camera_to_base,22,head_camera_color_optical_frame,-0.1038270873463978,-0.099763712199918975,0.9742791348311467
0,camera_to_base,23,head_camera_color_optical_frame,-0.073835736212846836,-0.099319678095924749,0.97371195681804923
0,camera_to_base,24,head_camera_color_optical_frame,-0.043844385079295868,-0.098875643991930523,0.97314477880495165
0,camera_to_base,25,head_camera_color_optical_frame,-0.0138530339457449,-0.098431609887936311,0.97257760079185418
0,camera_to_base,26,head_camera_color_optical_frame,0.016138317187806062,-0.097987575783942071,0.9720104227787566
0,camera_to_base,27,head_camera_color_optical_frame,0.046129668321357037,-0.097543541679947859,0.97144324476565913
0,camera_to_base,28,head_camera_color_optical_frame,0.076121019454907984,-0.097099507575953647,0.97087606675256155
0,camera_to_base,29,head_camera_color_optical_frame,0.10611237058845896,-0.096655473471959422,0.97030888873946408
0,camera_to_base,30,head_camera_color_optical_frame,0.13610372172200993,-0.096211439367965196,0.96974171072636661
0,camera_to_base,31,head_camera_color_optical_frame,0.16609507285556091,-0.09576740526397097,0.96917453271326903
0,camera_to_base,32,head_camera_color_optical_frame,0.19608642398911186,-0.095323371159976758,0.96860735470017156
0,camera_to_base,33,head_camera_color_optical_frame,-0.10431494410785798,-0.069862896590141693,0.97189099294876258
0,camera_to_base,34,head_camera_color_optical_frame,-0.074323592974307018,-0.069418862486147467,0.97132381493566511
0,camera_to_base,35,head_camera_color_optical_frame,-0.04433224184075605,-0.068974828382153255,0.97075663692256753
0,camera_to_base,36,head_camera_color_optical_frame,-0.014340890707205081,-0.06853079427815903,0.97018945890947006
0,camera_to_base,37,head_camera_color_optical_frame,0.01565046042634588,-0.068086760174164804,0.96962228089637248
0,camera_to_base,38,head_camera_color_optical_frame,0.045641811559896855,-0.067642726070170592,0.96905510288327501
0,camera_to_base,39,head_camera_color_optical_frame,0.075633162693447803,-0.067198691966176366,0.96848792487017743
0,camera_to_base,40,head_camera_color_optical_frame,0.10562451382699878,-0.06675465786218214,0.96792074685707996
0,camera_to_base,41,head_camera_color_optical_frame,0.13561586496054973,-0.066310623758187914,0.96735356884398249
0,camera_to_base,42,head_camera_color_optical_frame,0.16560721609410073,-0.065866589654193702,0.96678639083088491
0,camera_to_base,43,head_camera_color_optical_frame,0.19559856722765168,-0.065422555550199477,0.96621921281778744
0,camera_to_base,44,head_camera_color_optical_frame,-0.10480280086931817,-0.039962080980364426,0.96950285106637846
0,camera_to_base,45,head_camera_color_optical_frame,-0.074811449735767199,-0.0395180468763702,0.96893567305328099
0,camera_to_base,46,head_camera_color_optical_frame,-0.044820098602216238,-0.039074012772375988,0.96836849504018341
0,camera_to_base,47,head_camera_color_optical_frame,-0.014828747468665276,-0.038629978668381762,0.96780131702708594
0,camera_to_base,48,head_camera_color_optical_frame,0.015162603664885685,-0.038185944564387536,0.96723413901398836
0,camera_to_base,49,head_camera_color_optical_frame,0.045153954798436646,-0.037741910460393324,0.96666696100089089
0,camera_to_base,50,head_camera_color_optical_frame,0.075145305931987622,-0.037297876356399098,0.96609978298779331
0,camera_to_base,51,head_camera_color_optical_frame,0.1051366570655386,-0.036853842252404873,0.96553260497469584
0,camera_to_base,52,head_camera_color_optical_frame,0.13512800819908954,-0.036409808148410647,0.96496542696159837
0,camera_to_base,53,head_camera_color_optical_frame,0.16511935933264055,-0.035965774044416435,0.96439824894850079
0,camera_to_base,54,head_camera_color_optical_frame,0.19511071046619149,-0.035521739940422209,0.96383107093540332
0,camera_to_base,55,head_camera_color_optical_frame,-0.10529065763077836,-0.010061265370587158,0.96711470918399434
0,camera_to_base,56,head_camera_color_optical_frame,-0.075299306497227395,-0.009617231266592946,0.96654753117089687
0,camera_to_base,57,head_camera_color_optical_frame,-0.045307955363676426,-0.0091731971625987063,0.96598035315779929
0,camera_to_base,58,head_camera_color_optical_frame,-0.015316604230125458,-0.0087291630586044944,0.96541317514470182
0,camera_to_base,59,head_camera_color_optical_frame,0.014674746903425503,-0.0082851289546102824,0.96484599713160424
0,camera_to_base,60,head_camera_color_optical_frame,0.044666098036976465,-0.0078410948506160427,0.96427881911850677
0,camera_to_base,61,head_camera_color_optical_frame,0.07465744917052744,-0.0073970607466218308,0.9637116411054093
0,camera_to_base,62,head_camera_color_optical_frame,0.10464880030407839,-0.0069530266426276188,0.96314446309231172
0,camera_to_base,63,head_camera_color_optical_frame,0.13464015143762936,-0.0065089925386333791,0.96257728507921425
0,camera_to_base,64,head_camera_color_optical_frame,0.16463150257118037,-0.0060649584346391672,0.96201010706611667
0,camera_to_base,65,head_camera_color_optical_frame,0.19462285370473131,-0.0056209243306449552,0.9614429290530192
0,camera_to_base,66,head_camera_color_optical_frame,-0.10577851439223855,0.019839550239190124,0.96472656730161022
0,camera_to_base,67,head_camera_color_optical_frame,-0.075787163258687576,0.020283584343184335,0.96415938928851275
0,camera_to_base,68,head_camera_color_optical_frame,-0.045795812125136615,0.020727618447178575,0.96359221127541517
0,camera_to_base,69,head_camera_color_optical_frame,-0.015804460991585653,0.021171652551172787,0.9630250332623177
0,camera_to_base,70,head_camera_color_optical_frame,0.014186890141965322,0.021615686655166999,0.96245785524922012
0,camera_to_base,71,head_camera_color_optical_frame,0.044178241275516283,0.022059720759161239,0.96189067723612265
0,camera_to_base,72,head_camera_color_optical_frame,0.074169592409067259,0.022503754863155451,0.96132349922302518
0,camera_to_base,73,head_camera_color_optical_frame,0.10416094354261821,0.022947788967149663,0.9607563212099276
0,camera_to_base,74,head_camera_color_optical_frame,0.13415229467616918,0.023391823071143902,0.96018914319683013
0,camera_to_base,75,head_camera_color_optical_frame,0.16414364580972018,0.023835857175138114,0.95962196518373255
0,camera_to_base,76,head_camera_color_optical_frame,0.19413499694327113,0.024279891279132326,0.95905478717063508
0,camera_to_base,77,head_camera_color_optical_frame,-0.10626637115369873,0.049740365848967405,0.9623384254192261
0,camera_to_base,78,head_camera_color_optical_frame,-0.076275020020147771,0.050184399952961617,0.96177124740612863
0,camera_to_base,79,head_camera_color_optical_frame,-0.046283668886596803,0.050628434056955857,0.96120406939303105
0,camera_to_base,80,head_camera_color_optical_frame,-0.016292317753045835,0.051072468160950069,0.96063689137993358
0,camera_to_base,81,head_camera_color_optical_frame,0.013699033380505127,0.051516502264944281,0.960069713366836
0,camera_to_base,82,head_camera_color_optical_frame,0.043690384514056102,0.05196053636893852,0.95950253535373853
0,camera_to_base,83,head_camera_color_optical_frame,0.07368173564760705,0.052404570472932732,0.95893535734064106
0,camera_to_base,84,head_camera_color_optical_frame,0.10367308678115802,0.052848604576926944,0.95836817932754348
0,camera_to_base,85,head_camera_color_optical_frame,0.133664437914709,0.053292638680921184,0.95780100131444601
0,camera_to_base,86,head_camera_color_optical_frame,0.16365578904826,0.053736672784915396,0.95723382330134843
0,camera_to_base,87,head_camera_color_optical_frame,0.1936471401818109,0.054180706888909608,0.95666664528825096
0,tag_to_base,0,checkerboard_link,0,0,0
0,tag_to_base,1,checkerboard_link,0.029999999999999999,0,0
0,tag_to_base,2,checkerboard_link,0.059999999999999998,0,0
0,tag_to_base,3,checkerboard_link,0.089999999999999997,0,0
0,tag_to_base,4,checkerboard_link,0.12,0,0
0,tag_to_base,5,checkerboard_link,0.14999999999999999,0,0
0,tag_to_base,6,checkerboard_link,0.17999999999999999,0,0
0,tag_to_base,7,checkerboard_link,0.20999999999999999,0,0
0,tag_to_base,8,checkerboard_link,0.23999999999999999,0,0
0,tag_to_base,9,checkerboard_link,0.27000000000000002,0,0
0,tag_to_base,10,checkerboard_link,0.29999999999999999,0,0
0,tag_to_base,11,checkerboard_link,0,0.029999999999999999,0
0,tag_to_base,12,checkerboard_link,0.029999999999999999,0.029999999999999999,0
0,tag_to_base,13,checkerboard_link,0.059999999999999998,0.029999999999999999,0
0,tag_to_base,14,checkerboard_link,0.089999999999999997,0.029999999999999999,0
0,tag_to_base,15,checkerboard_link,0.12,0.029999999999999999,0
0,tag_to_base,16,checkerboard_link,0.14999999999999999,0.029999999999999999,0
0,tag_to_base,17,checkerboard_link,0.17999999999999999,0.029999999999999999,0
0,tag_to_base,18,checkerboard_link,0.20999999999999999,0.029999999999999999,0
0,tag_to_base,19,checkerboard_link,0.23999999999999999,0.029999999999999999,0
0,tag_to_base,20,checkerboard_link,0.27000000000000002,0.029999999999999999,0
0,tag_to_base,21,checkerboard_link,0.29999999999999999,0.029999999999999999,0
0,tag_to_base,22,checkerboard_link,0,0.059999999999999998,0
0,tag_to_base,23,checkerboard_link,0.029999999999999999,0.059999999999999998,0
0,tag_to_base,24,checkerboard_link,0.059999999999999998,0.059999999999999998,0
0,tag_to_base,25,checkerboard_link,0.089999999999999997,0.059999999999999998,0
0,tag_to_base,26,checkerboard_link,0.12,0.059999999999999998,0
0,tag_to_base,27,checkerboard_link,0.14999999999999999,0.059999999999999998,0
0,tag_to_base,28,checkerboard_link,0.17999999999999999,0.059999999999999998,0
0,tag_to_base,29,checkerboard_link,0.20999999999999999,0.059999999999999998,0
0,tag_to_base,30,checkerboard_link,0.23999999999999999,0.059999999999999998,0
0,tag_to_base,31,checkerboard_link,0.27000000000000002,0.059999999999999998,0
0,tag_to_base,32,checkerboard_link,0.29999999999999999,0.059999999999999998,0
0,tag_to_base,33,checkerboard_link,0,0.089999999999999997,0
0,tag_to_base,34,checkerboard_link,0.029999999999999999,0.089999999999999997,0
0,tag_to_base,35,checkerboard_link,0.059999999999999998,0.089999999999999997,0
0,tag_to_base,36,checkerboard_link,0.089999999999999997,0.089999999999999997,0
0,tag_to_base,37,checkerboard_link,0.12,0.089999999999999997,0
0,tag_to_base,38,checkerboard_link,0.14999999999999999,0.089999999999999997,0
0,tag_to_base,39,checkerboard_link,0.17999999999999999,0.089999999999999997,0
0,tag_to_base,40,checkerboard_link,0.20999999999999999,0.089999999999999997,0
0,tag_to_base,41,checkerboard_link,0.23999999999999999,0.089999999999999997,0
0,tag_to_base,42,checkerboard_link,0.27000000000000002,0.089999999999999997,0
0,tag_to_base,43,checkerboard_link,0.29999999999999999,0.089999999999999997,0
0,tag_to_base,44,checkerboard_link,0,0.12,0
0,tag_to_base,45,checkerboard_link,0.029999999999999999,0.12,0
0,tag_to_base,46,checkerboard_link,0.059999999999999998,0.12,0
0,tag_to_base,47,checkerboard_link,0.089999999999999997,0.12,0
0,tag_to_base,48,checkerboard_link,0.12,0.12,0
0,tag_to_base,49,checkerboard_link,0.14999999999999999,0.12,0
0,tag_to_base,50,checkerboard_link,0.17999999999999999,0.12,0
0,tag_to_base,51,checkerboard_link,0.20999999999999999,0.12,0
0,tag_to_base,52,checkerboard_link,0.23999999999999999,0.12,0
0,tag_to_base,53,checkerboard_link,0.27000000000000002,0.12,0
0,tag_to_base,54,checkerboard_link,0.29999999999999999,0.12,0
0,tag_to_base,55,checkerboard_link,0,0.14999999999999999,0
0,tag_to_base,56,checkerboard_link,0.029999999999999999,0.14999999999999999,0
0,tag_to_base,57,checkerboard_link,0.059999999999999998,0.14999999999999999,0
0,tag_to_base,58,checkerboard_link,0.089999999999999997,0.14999999999999999,0
0,tag_to_base,59,checkerboard_link,0.12,0.14999999999999999,0
0,tag_to_base,60,checkerboard_link,0.14999999999999999,0.14999999999999999,0
0,tag_to_base,61,checkerboard_link,0.17999999999999999,0.14999999999999999,0
0,tag_to_base,62,checkerboard_link,0.20999999999999999,0.14999999999999999,0
0,tag_to_base,63,checkerboard_link,0.23999999999999999,0.14999999999999999,0
0,tag_to_base,64,checkerboard_link,0.27000000000000002,0.14999999999999999,0
0,tag_to_base,65,checkerboard_link,0.29999999999999999,0.14999999999999999,0
0,tag_to_base,66,checkerboard_link,0,0.17999999999999999,0
0,tag_to_base,67,checkerboard_link,0.029999999999999999,0.17999999999999999,0
0,tag_to_base,68,checkerboard_link,0.059999999999999998,0.17999999999999999,0
0,tag_to_base,69,checkerboard_link,0.089999999999999997,0.17999999999999999,0
0,tag_to_base,70,checkerboard_link,0.12,0.17999999999999999,0
0,tag_to_base,71,checkerboard_link,0.14999999999999999,0.17999999999999999,0
0,tag_to_base,72,checkerboard_link,0.17999999999999999,0.17999999999999999,0
0,tag_to_base,73,checkerboard_link,0.20999999999999999,0.17999999999999999,0
0,tag_to_base,74,checkerboard_link,0.23999999999999999,0.17999999999999999,0
0,tag_to_base,75,checkerboard_link,0.27000000000000002,0.17999999999999999,0
0,tag_to_base,76,checkerboard_link,0.29999999999999999,0.17999999999999999,0
0,tag_to_base,77,checkerboard_link,0,0.20999999999999999,0
0,tag_to_base,78,checkerboard_link,0.029999999999999999,0.20999999999999999,0
0,tag_to_base,79,checkerboard_link,0.059999999999999998,0.20999999999999999,0
0,tag_to_base,80,checkerboard_link,0.089999999999999997,0.20999999999999999,0
0,tag_to_base,81,checkerboard_link,0.12,0.20999999999999999,0
0,tag_to_base,82,checkerboard_link,0.14999999999999999,0.20999999999999999,0
0,tag_to_base,83,checkerboard_link,0.17999999999999999,0.20999999999999999,0
0,tag_to_base,84,checkerboard_link,0.20999999999999999,0.20999999999999999,0
0,tag_to_base,85,checkerboard_link,0.23999999999999999,0.20999999999999999,0
0,tag_to_base,86,checkerboard_link,0.27000000000000002,0.20999999999999999,0
0,tag_to_base,87,checkerboard_link,0.29999999999999999,0.20999999999999999,0
1,camera_to_base,0,head_camera_color_optical_frame,0.051399754852658401,-0.37330826620794871,0.91552670821709325
1,camera_to_base,1,head_camera_color_optical_frame,0.080955306514835665,-0.3699813858846539,0.91160226771444264
1,camera_to_base,2,head_camera_color_optical_frame,0.11051085817701292,-0.36665450556135903,0.90767782721179202
1,camera_to_base,3,head_camera_color_optical_frame,0.14006640983919019,-0.36332762523806422,0.9037533867091414
1,camera_to_base,4,head_camera_color_optical_frame,0.16962196150136744,-0.36000074491476941,0.89982894620649079
1,camera_to_base,5,head_camera_color_optical_frame,0.19917751316354471,-0.3566738645914746,0.89590450570384017
1,camera_to_base,6,head_camera_color_optical_frame,0.22873306482572198,-0.35334698426817973,0.89198006520118966
1,camera_to_base,7,head_camera_color_optical_frame,0.25828861648789919,-0.35002010394488492,0.88805562469853905
1,camera_to_base,8,head_camera_color_optical_frame,0.28784416815007646,-0.34669322362159011,0.88413118419588843
1,camera_to_base,9,head_camera_color_optical_frame,0.31739971981225379,-0.3433663432982953,0.88020674369323781
1,camera_to_base,10,head_camera_color_optical_frame,0.346955271474431,-0.34003946297500043,0.8762823031905872
1,camera_to_base,11,head_camera_color_optical_frame,0.048581922949991016,-0.3436944021946281,0.91940986177687722
1,camera_to_base,12,head_camera_color_optical_frame,0.078137474612168273,-0.34036752187133323,0.91548542127422661
1,camera_to_base,13,head_camera_color_optical_frame,0.10769302627434554,-0.33704064154803842,0.91156098077157599
1,camera_to_base,14,head_camera_color_optical_frame,0.13724857793652279,-0.33371376122474361,0.90763654026892537
1,camera_to_base,15,head_camera_color_optical_frame,0.16680412959870006,-0.3303868809014488,0.90371209976627476
1,camera_to_base,16,head_camera_color_optical_frame,0.19635968126087733,-0.32706000057815393,0.89978765926362414
1,camera_to_base,17,head_camera_color_optical_frame,0.2259152329230546,-0.32373312025485912,0.89586321876097363
1,camera_to_base,18,head_camera_color_optical_frame,0.25547078458523181,-0.32040623993156431,0.89193877825832302
1,camera_to_base,19,head_camera_color_optical_frame,0.28502633624740908,-0.3170793596082695,0.8880143377556724
1,camera_to_base,20,head_camera_color_optical_frame,0.31458188790958641,-0.31375247928497463,0.88408989725302178
1,camera_to_base,21,head_camera_color_optical_frame,0.34413743957176363,-0.31042559896167982,0.88016545675037117
1,camera_to_base,22,head_camera_color_optical_frame,0.045764091047323631,-0.31408053818130743,0.92329301533666119
1,camera_to_base,23,head_camera_color_optical_frame,0.075319642709500895,-0.31075365785801262,0.91936857483401058
1,camera_to_base,24,head_camera_color_optical_frame,0.10487519437167815,-0.30742677753471781,0.91544413433135996
1,camera_to_base,25,head_camera_color_optical_frame,0.13443074603385541,-0.30409989721142294,0.91151969382870934
1,camera_to_base,26,head_camera_color_optical_frame,0.16398629769603268,-0.30077301688812813,0.90759525332605873
1,camera_to_base,27,head_camera_color_optical_frame,0.19354184935820995,-0.29744613656483332,0.90367081282340811
1,camera_to_base,28,head_camera_color_optical_frame,0.22309740102038719,-0.29411925624153851,0.89974637232075749
1,camera_to_base,29,head_camera_color_optical_frame,0.25265295268256444,-0.2907923759182437,0.89582193181810699
1,camera_to_base,30,head_camera_color_optical_frame,0.28220850434474171,-0.28746549559494883,0.89189749131545637
1,camera_to_base,31,head_camera_color_optical_frame,0.31176405600691903,-0.28413861527165402,0.88797305081280575
1,camera_to_base,32,head_camera_color_optical_frame,0.34131960766909625,-0.2808117349483592,0.88404861031015514
1,camera_to_base,33,head_camera_color_optical_frame,0.042946259144656246,-0.28446667416798682,0.92717616889644516
1,camera_to_base,34,head_camera_color_optical_frame,0.072501810806833517,-0.28113979384469201,0.92325172839379455
1,camera_to_base,35,head_camera_color_optical_frame,0.10205736246901077,-0.27781291352139714,0.91932728789114393
1,camera_to_base,36,head_camera_color_optical_frame,0.13161291413118803,-0.27448603319810233,0.91540284738849331
1,camera_to_base,37,head_camera_color_optical_frame,0.1611684657933653,-0.27115915287480752,0.9114784068858427
1,camera_to_base,38,head_camera_color_optical_frame,0.19072401745554257,-0.26783227255151265,0.90755396638319208
1,camera_to_base,39,head_camera_color_optical_frame,0.22027956911771981,-0.26450539222821784,0.90362952588054146
1,camera_to_base,40,head_camera_color_optical_frame,0.24983512077989709,-0.26117851190492303,0.89970508537789085
1,camera_to_base,41,head_camera_color_optical_frame,0.27939067244207433,-0.25785163158162822,0.89578064487524034
1,camera_to_base,42,head_camera_color_optical_frame,0.30894622410425165,-0.25452475125833335,0.89185620437258972
1,camera_to_base,43,head_camera_color_optical_frame,0.33850177576642887,-0.25119787093503854,0.88793176386993911
1,camera_to_base,44,head_camera_color_optical_frame,0.040128427241988868,-0.25485281015466621,0.93105932245622913
1,camera_to_base,45,head_camera_color_optical_frame,0.069683978904166125,-0.25152592983137134,0.92713488195357852
1,camera_to_base,46,head_camera_color_optical_frame,0.099239530566343381,-0.24819904950807653,0.9232104414509279
1,camera_to_base,47,head_camera_color_optical_frame,0.12879508222852065,-0.24487216918478169,0.91928600094827728
1,camera_to_base,48,head_camera_color_optical_frame,0.15835063389069789,-0.24154528886148688,0.91536156044562667
1,camera_to_base,49,head_camera_color_optical_frame,0.18790618555287517,-0.23821840853819204,0.91143711994297605
1,camera_to_base,50,head_camera_color_optical_frame,0.21746173721505244,-0.23489152821489723,0.90751267944032543
1,camera_to_base,51,head_camera_color_optical_frame,0.24701728887722971,-0.23156464789160239,0.90358823893767481
1,camera_to_base,52,head_camera_color_optical_frame,0.27657284053940695,-0.22823776756830758,0.8996637984350242
1,camera_to_base,53,head_camera_color_optical_frame,0.30612839220158422,-0.22491088724501274,0.89573935793237369
1,camera_to_base,54,head_camera_color_optical_frame,0.33568394386376149,-0.22158400692171792,0.89181491742972308
1,camera_to_base,55,head_camera_color_optical_frame,0.037310595339321483,-0.22523894614134554,0.9349424760160131
1,camera_to_base,56,head_camera_color_optical_frame,0.066866147001498746,-0.2219120658180507,0.93101803551336249
1,camera_to_base,57,head_camera_color_optical_frame,0.096421698663676003,-0.21858518549475589,0.92709359501071187
1,camera_to_base,58,head_camera_color_optical_frame,0.12597725032585327,-0.21525830517146105,0.92316915450806125
1,camera_to_base,59,head_camera_color_optical_frame,0.15553280198803052,-0.21193142484816624,0.91924471400541063
1,camera_to_base,60,head_camera_color_optical_frame,0.18508835365020779,-0.2086045445248714,0.91532027350276002
1,camera_to_base,61,head_camera_color_optical_frame,0.21464390531238506,-0.20527766420157659,0.9113958330001094
1,camera_to_base,62,head_camera_color_optical_frame,0.2441994569745623,-0.20195078387828175,0.90747139249745878
1,camera_to_base,63,head_camera_color_optical_frame,0.27375500863673957,-0.19862390355498694,0.90354695199480817
1,camera_to_base,64,head_camera_color_optical_frame,0.30331056029891684,-0.1952970232316921,0.89962251149215755
1,camera_to_base,65,head_camera_color_optical_frame,0.33286611196109411,-0.19197014290839728,0.89569807098950704
1,camera_to_base,66,head_camera_color_optical_frame,0.034492763436654097,-0.1956250821280249,0.93882562957579707
1,camera_to_base,67,head_camera_color_optical_frame,0.064048315098831354,-0.19229820180473006,0.93490118907314645
1,camera_to_base,68,head_camera_color_optical_frame,0.093603866761008625,-0.18897132148143525,0.93097674857049584
1,camera_to_base,69,head_camera_color_optical_frame,0.12315941842318587,-0.18564444115814041,0.92705230806784522
1,camera_to_base,70,head_camera_color_optical_frame,0.15271497008536314,-0.1823175608348456,0.9231278675651946
1,camera_to_base,71,head_camera_color_optical_frame,0.18227052174754041,-0.17899068051155076,0.91920342706254399
1,camera_to_base,72,head_camera_color_optical_frame,0.21182607340971768,-0.17566380018825595,0.91527898655989337
1,camera_to_base,73,head_camera_color_optical_frame,0.24138162507189492,-0.17233691986496111,0.91135454605724275
1,camera_to_base,74,head_camera_color_optical_frame,0.27093717673407219,-0.1690100395416663,0.90743010555459214
1,camera_to_base,75,head_camera_color_optical_frame,0.30049272839624946,-0.16568315921837146,0.90350566505194152
1,camera_to_base,76,head_camera_color_optical_frame,0.33004828005842674,-0.16235627889507664,0.89958122454929101
1,camera_to_base,77,head_camera_color_optical_frame,0.031674931533986712,-0.16601121811470426,0.94270878313558093
1,camera_to_base,78,head_camera_color_optical_frame,0.061230483196163976,-0.16268433779140942,0.93878434263293042
1,camera_to_base,79,head_camera_color_optical_frame,0.090786034858341233,-0.15935745746811461,0.93485990213027981
1,camera_to_base,80,head_camera_color_optical_frame,0.12034158652051849,-0.15603057714481977,0.93093546162762919
1,camera_to_base,81,head_camera_color_optical_frame,0.14989713818269576,-0.15270369682152496,0.92701102112497857
1,camera_to_base,82,head_camera_color_optical_frame,0.17945268984487303,-0.14937681649823012,0.92308658062232796
1,camera_to_base,83,head_camera_color_optical_frame,0.20900824150705027,-0.14604993617493531,0.91916214011967734
1,camera_to_base,84,head_camera_color_optical_frame,0.23856379316922754,-0.14272305585164047,0.91523769961702672
1,camera_to_base,85,head_camera_color_optical_frame,0.26811934483140482,-0.13939617552834566,0.91131325911437611
1,camera_to_base,86,head_camera_color_optical_frame,0.29767489649358209,-0.13606929520505082,0.90738881861172549
1,camera_to_base,87,head_camera_color_optical_frame,0.3272304481557593,-0.132742414881756,0.90346437810907487
1,tag_to_base,0,checkerboard_link,0,0,0
1,tag_to_base,1,checkerboard_link,0.029999999999999999,0,0
1,tag_to_base,2,checkerboard_link,0.059999999999999998,0,0
1,tag_to_base,3,checkerboard_link,0.089999999999999997,0,0
1,tag_to_base,4,checkerboard_link,0.12,0,0
1,tag_to_base,5,checkerboard_link,0.14999999999999999,0,0
1,tag_to_base,6,checkerboard_link,0.17999999999999999,0,0
1,tag_to_base,7,checkerboard_link,0.20999999999999999,0,0
1,tag_to_base,8,checkerboard_link,0.23999999999999999,0,0
1,tag_to_base,9,checkerboard_link,0.27000000000000002,0,0
1,tag_to_base,10,checkerboard_link,0.29999999999999999,0,0
1,tag_to_base,11,checkerboard_link,0,0.029999999999999999,0
1,tag_to_base,12,checkerboard_link,0.029999999999999999,0.029999999999999999,0
1,tag_to_base,13,checkerboard_link,0.059999999999999998,0.029999999999999999,0
1,tag_to_base,14,checkerboard_link,0.089999999999999997,0.029999999999999999,0
1,tag_to_base,15,checkerboard_link,0.12,0.029999999999999999,0
1,tag_to_base,16,checkerboard_link,0.14999999999999999,0.029999999999999999,0
1,tag_to_base,17,checkerboard_link,0.17999999999999999,0.029999999999999999,0
1,tag_to_base,18,checkerboard_link,0.20999999999999999,0.029999999999999999,0
1,tag_to_base,19,checkerboard_link,0.23999999999999999,0.029999999999999999,0
1,tag_to_base,20,checkerboard_link,0.27000000000000002,0.029999999999999999,0
1,tag_to_base,21,checkerboard_link,0.29999999999999999,0.029999999999999999,0
1,tag_to_base,22,checkerboard_link,0,0.059999999999999998,0
1,tag_to_base,23,checkerboard_link,0.029999999999999999,0.059999999999999998,0
1,tag_to_base,24,checkerboard_link,0.059999999999999998,0.059999999999999998,0
1,tag_to_base,25,checkerboard_link,0.089999999999999997,0.059999999999999998,0
1,tag_to_base,26,checkerboard_link,0.12,0.059999999999999998,0
1,tag_to_base,27,checkerboard_link,0.14999999999999999,0.059999999999999998,0
1,tag_to_base,28,checkerboard_link,0.17999999999999999,0.059999999999999998,0
1,tag_to_base,29,checkerboard_link,0.20999999999999999,0.059999999999999998,0
1,tag_to_base,30,checkerboard_link,0.23999999999999999,0.059999999999999998,0
1,tag_to_base,31,checkerboard_link,0.27000000000000002,0.059999999999999998,0
1,tag_to_base,32,checkerboard_link,0.29999999999999999,0.059999999999999998,0
1,tag_to_base,33,checkerboard_link,0,0.089999999999999997,0
1,tag_to_base,34,checkerboard_link,0.029999999999999999,0.089999999999999997,0
1,tag_to_base,35,checkerboard_link,0.059999999999999998,0.089999999999999997,0
1,tag_to_base,36,checkerboard_link,0.089999999999999997,0.089999999999999997,0
1,tag_to_base,37,checkerboard_link,0.12,0.089999999999999997,0
1,tag_to_base,38,checkerboard_link,0.14999999999999999,0.089999999999999997,0
1,tag_to_base,39,checkerboard_link,0.17999999999999999,0.089999999999999997,0
1,tag_to_base,40,checkerboard_link,0.20999999999999999,0.089999999999999997,0
1,tag_to_base,41,checkerboard_link,0.23999999999999999,0.089999999999999997,0
1,tag_to_base,42,checkerboard_link,0.27000000000000002,0.089999999999999997,0
1,tag_to_base,43,checkerboard_link,0.29999999999999999,0.089999999999999997,0
1,tag_to_base,44,checkerboard_link,0,0.12,0
1,tag_to_base,45,checkerboard_link,0.029999999999999999,0.12,0
1,tag_to_base,46,checkerboard_link,0.059999999999999998,0.12,0
1,tag_to_base,47,checkerboard_link,0.089999999999999997,0.12,0
1,tag_to_base,48,checkerboard_link,0.12,0.12,0
1,tag_to_base,49,checkerboard_link,0.14999999999999999,0.12,0
1,tag_to_base,50,checkerboard_link,0.17999999999999999,0.12,0
1,tag_to_base,51,checkerboard_link,0.20999999999999999,0.12,0
1,tag_to_base,52,checkerboard_link,0.23999999999999999,0.12,0
1,tag_to_base,53,checkerboard_link,0.27000000000000002,0.12,0
1,tag_to_base,54,checkerboard_link,0.29999999999999999,0.12,0
1,tag_to_base,55,checkerboard_link,0,0.14999999999999999,0
1,tag_to_base,56,checkerboard_link,0.029999999999999999,0.14999999999999999,0
1,tag_to_base,57,checkerboard_link,0.059999999999999998,0.14999999999999999,0
1,tag_to_base,58,checkerboard_link,0.089999999999999997,0.14999999999999999,0
1,tag_to_base,59,checkerboard_link,0.12,0.14999999999999999,0
1,tag_to_base,60,checkerboard_link,0.14999999999999999,0.14999999999999999,0
1,tag_to_base,61,checkerboard_link,0.17999999999999999,0.14999999999999999,0
1,tag_to_base,62,checkerboard_link,0.20999999999999999,0.14999999999999999,0
1,tag_to_base,63,checkerboard_link,0.23999999999999999,0.14999999999999999,0
1,tag_to_base,64,checkerboard_link,0.27000000000000002,0.14999999999999999,0
1,tag_to_base,65,checkerboard_link,0.29999999999999999,0.14999999999999999,0
1,tag_to_base,66,checkerboard_link,0,0.17999999999999999,0
1,tag_to_base,67,checkerboard_link,0.029999999999999999,0.17999999999999999,0
1,tag_to_base,68,checkerboard_link,0.059999999999999998,0.17999999999999999,0
1,tag_to_base,69,checkerboard_link,0.089999999999999997,0.17999999999999999,0
1,tag_to_base,70,checkerboard_link,0.12,0.17999999999999999,0
1,tag_to_base,71,checkerboard_link,0.14999999999999999,0.17999999999999999,0
1,tag_to_base,72,checkerboard_link,0.17999999999999999,0.17999999999999999,0
1,tag_to_base,73,checkerboard_link,0.20999999999999999,0.17999999999999999,0
1,tag_to_base,74,checkerboard_link,0.23999999999999999,0.17999999999999999,0
1,tag_to_base,75,checkerboard_link,0.27000000000000002,0.17999999999999999,0
1,tag_to_base,76,checkerboard_link,0.29999999999999999,0.17999999999999999,0
1,tag_to_base,77,checkerboard_link,0,0.20999999999999999,0
1,tag_to_base,78,checkerboard_link,0.029999999999999999,0.20999999999999999,0
1,tag_to_base,79,checkerboard_link,0.059999999999999998,0.20999999999999999,0
1,tag_to_base,80,checkerboard_link,0.089999999999999997,0.20999999999999999,0
1,tag_to_base,81,checkerboard_link,0.12,0.20999999999999999,0
1,tag_to_base,82,checkerboard_link,0.14999999999999999,0.20999999999999999,0
1,tag_to_base,83,checkerboard_link,0.17999999999999999,0.20999999999999999,0
1,tag_to_base,84,checkerboard_link,0.20999999999999999,0.20999999999999999,0
1,tag_to_base,85,checkerboard_link,0.23999999999999999,0.20999999999999999,0
1,tag_to_base,86,checkerboard_link,0.27000000000000002,0.20999999999999999,0
1,tag_to_base,87,checkerboard_link,0.29999999999999999,0.20999999999999999,0
2,camera_to_base,0,head_camera_color_optical_frame,-0.33955003540136069,-0.33306863979793394,0.86357012502678931
2,camera_to_base,1,head_camera_color_optical_frame,-0.31020583970084831,-0.33682150069892342,0.868553518824981
2,camera_to_base,2,head_camera_color_optical_frame,-0.28086164400033592,-0.34057436159991289,0.87353691262317268
2,camera_to_base,3,head_camera_color_optical_frame,-0.25151744829982359,-0.34432722250090236,0.87852030642136436
2,camera_to_base,4,head_camera_color_optical_frame,-0.2221732525993112,-0.34808008340189184,0.88350370021955604
2,camera_to_base,5,head_camera_color_optical_frame,-0.19282905689879881,-0.35183294430288131,0.88848709401774772
2,camera_to_base,6,head_camera_color_optical_frame,-0.16348486119828642,-0.35558580520387079,0.89347048781593941
2,camera_to_base,7,head_camera_color_optical_frame,-0.13414066549777406,-0.35933866610486026,0.89845388161413109
2,camera_to_base,8,head_camera_color_optical_frame,-0.10479646979726168,-0.36309152700584973,0.90343727541232277
2,camera_to_base,9,head_camera_color_optical_frame,-0.075452274096749261,-0.36684438790683921,0.90842066921051445
2,camera_to_base,10,head_camera_color_optical_frame,-0.046108078396236929,-0.37059724880782863,0.91340406300870614
2,camera_to_base,11,head_camera_color_optical_frame,-0.33642427451051571,-0.30348441121118402,0.86744350052887975
2,camera_to_base,12,head_camera_color_optical_frame,-0.30708007881000332,-0.3072372721121735,0.87242689432707143
2,camera_to_base,13,head_camera_color_optical_frame,-0.27773588310949093,-0.31099013301316297,0.87741028812526312
2,camera_to_base,14,head_camera_color_optical_frame,-0.24839168740897855,-0.31474299391415245,0.8823936819234548
2,camera_to_base,15,head_camera_color_optical_frame,-0.21904749170846619,-0.31849585481514192,0.88737707572164648
2,camera_to_base,16,head_camera_color_optical_frame,-0.1897032960079538,-0.3222487157161314,0.89236046951983816
2,camera_to_base,17,head_camera_color_optical_frame,-0.16035910030744144,-0.32600157661712087,0.89734386331802984
2,camera_to_base,18,head_camera_color_optical_frame,-0.13101490460692905,-0.32975443751811034,0.90232725711622153
2,camera_to_base,19,head_camera_color_optical_frame,-0.10167070890641666,-0.33350729841909982,0.90731065091441321
2,camera_to_base,20,head_camera_color_optical_frame,-0.072326513205904275,-0.33726015932008929,0.91229404471260489
2,camera_to_base,21,head_camera_color_optical_frame,-0.042982317505391943,-0.34101302022107877,0.91727743851079657
2,camera_to_base,22,head_camera_color_optical_frame,-0.33329851361967067,-0.27390018262443416,0.87131687603097008
2,camera_to_base,23,head_camera_color_optical_frame,-0.30395431791915828,-0.27765304352542364,0.87630026982916176
2,camera_to_base,24,head_camera_color_optical_frame,-0.27461012221864589,-0.28140590442641311,0.88128366362735344
2,camera_to_base,25,head_camera_color_optical_frame,-0.24526592651813356,-0.28515876532740259,0.88626705742554512
2,camera_to_base,26,head_camera_color_optical_frame,-0.21592173081762117,-0.28891162622839206,0.89125045122373681
2,camera_to_base,27,head_camera_color_optical_frame,-0.18657753511710878,-0.29266448712938153,0.89623384502192849
2,camera_to_base,28,head_camera_color_optical_frame,-0.15723333941659642,-0.29641734803037095,0.90121723882012017
2,camera_to_base,29,head_camera_color_optical_frame,-0.12788914371608404,-0.30017020893136043,0.90620063261831185
2,camera_to_base,30,head_camera_color_optical_frame,-0.098544948015571676,-0.3039230698323499,0.91118402641650353
2,camera_to_base,31,head_camera_color_optical_frame,-0.069200752315059288,-0.30767593073333938,0.91616742021469522
2,camera_to_base,32,head_camera_color_optical_frame,-0.039856556614546901,-0.31142879163432885,0.9211508140128869
2,camera_to_base,33,head_camera_color_optical_frame,-0.33017275272882568,-0.24431595403768425,0.87519025153306051
2,camera_to_base,34,head_camera_color_optical_frame,-0.30082855702831329,-0.24806881493867372,0.8801736453312522
2,camera_to_base,35,head_camera_color_optical_frame,-0.2714843613278009,-0.25182167583966319,0.88515703912944388
2,camera_to_base,36,head_camera_color_optical_frame,-0.24214016562728854,-0.25557453674065267,0.89014043292763556
2,camera_to_base,37,head_camera_color_optical_frame,-0.21279596992677616,-0.25932739764164214,0.89512382672582724
2,camera_to_base,38,head_camera_color_optical_frame,-0.1834517742262638,-0.26308025854263162,0.90010722052401893
2,camera_to_base,39,head_camera_color_optical_frame,-0.15410757852575141,-0.26683311944362109,0.90509061432221061
2,camera_to_base,40,head_camera_color_optical_frame,-0.12476338282523902,-0.27058598034461057,0.91007400812040229
2,camera_to_base,41,head_camera_color_optical_frame,-0.095419187124726662,-0.27433884124560004,0.91505740191859397
2,camera_to_base,42,head_camera_color_optical_frame,-0.066074991424214247,-0.27809170214658951,0.92004079571678565
2,camera_to_base,43,head_camera_color_optical_frame,-0.036730795723701914,-0.28184456304757899,0.92502418951497734
2,camera_to_base,44,head_camera_color_optical_frame,-0.32704699183798064,-0.21473172545093436,0.87906362703515084
2,camera_to_base,45,head_camera_color_optical_frame,-0.29770279613746831,-0.21848458635192383,0.88404702083334263
2,camera_to_base,46,head_camera_color_optical_frame,-0.26835860043695592,-0.22223744725291331,0.8890304146315342
2,camera_to_base,47,head_camera_color_optical_frame,-0.23901440473644353,-0.22599030815390275,0.894013808429726
2,camera_to_base,48,head_camera_color_optical_frame,-0.20967020903593114,-0.22974316905489223,0.89899720222791768
2,camera_to_base,49,head_camera_color_optical_frame,-0.18032601333541878,-0.2334960299558817,0.90398059602610936
2,camera_to_base,50,head_camera_color_optical_frame,-0.1509818176349064,-0.23724889085687118,0.90896398982430104
2,camera_to_base,51,head_camera_color_optical_frame,-0.12163762193439404,-0.24100175175786065,0.91394738362249273
2,camera_to_base,52,head_camera_color_optical_frame,-0.092293426233881648,-0.24475461265885012,0.91893077742068441
2,camera_to_base,53,head_camera_color_optical_frame,-0.06294923053336926,-0.2485074735598396,0.92391417121887609
2,camera_to_base,54,head_camera_color_optical_frame,-0.033605034832856873,-0.25226033446082907,0.92889756501706777
2,camera_to_base,55,head_camera_color_optical_frame,-0.32392123094713565,-0.18514749686418447,0.88293700253724128
2,camera_to_base,56,head_camera_color_optical_frame,-0.29457703524662326,-0.18890035776517394,0.88792039633543296
2,camera_to_base,57,head_camera_color_optical_frame,-0.26523283954611088,-0.19265321866616342,0.89290379013362464
2,camera_to_base,58,head_camera_color_optical_frame,-0.23588864384559854,-0.19640607956715289,0.89788718393181632
2,camera_to_base,59,head_camera_color_optical_frame,-0.20654444814508616,-0.20015894046814237,0.90287057773000801
2,camera_to_base,60,head_camera_color_optical_frame,-0.17720025244457377,-0.20391180136913181,0.90785397152819969
2,camera_to_base,61,head_camera_color_optical_frame,-0.14785605674406141,-0.20766466227012129,0.91283736532639137
2,camera_to_base,62,head_camera_color_optical_frame,-0.11851186104354902,-0.21141752317111079,0.91782075912458305
2,camera_to_base,63,head_camera_color_optical_frame,-0.089167665343036662,-0.21517038407210023,0.92280415292277473
2,camera_to_base,64,head_camera_color_optical_frame,-0.059823469642524219,-0.21892324497308971,0.92778754672096642
2,camera_to_base,65,head_camera_color_optical_frame,-0.030479273942011886,-0.22267610587407918,0.9327709405191581
2,camera_to_base,66,head_camera_color_optical_frame,-0.32079547005629067,-0.15556326827743455,0.88681037803933171
2,camera_to_base,67,head_camera_color_optical_frame,-0.29145127435577828,-0.15931612917842403,0.8917937718375234
2,camera_to_base,68,head_camera_color_optical_frame,-0.26210707865526589,-0.1630689900794135,0.89677716563571508
2,camera_to_base,69,head_camera_color_optical_frame,-0.2327628829547535,-0.16682185098040297,0.90176055943390676
2,camera_to_base,70,head_camera_color_optical_frame,-0.20341868725424114,-0.17057471188139245,0.90674395323209844
2,camera_to_base,71,head_camera_color_optical_frame,-0.17407449155372876,-0.1743275727823819,0.91172734703029013
2,camera_to_base,72,head_camera_color_optical_frame,-0.1447302958532164,-0.17808043368337137,0.91671074082848181
2,camera_to_base,73,head_camera_color_optical_frame,-0.11538610015270401,-0.18183329458436084,0.92169413462667349
2,camera_to_base,74,head_camera_color_optical_frame,-0.08604190445219162,-0.18558615548535032,0.92667752842486517
2,camera_to_base,75,head_camera_color_optical_frame,-0.056697708751679232,-0.18933901638633979,0.93166092222305685
2,camera_to_base,76,head_camera_color_optical_frame,-0.0273535130511669,-0.19309187728732927,0.93664431602124854
2,camera_to_base,77,head_camera_color_optical_frame,-0.31766970916544562,-0.12597903969068466,0.89068375354142204
2,camera_to_base,78,head_camera_color_optical_frame,-0.28832551346493329,-0.12973190059167414,0.89566714733961372
2,camera_to_base,79,head_camera_color_optical_frame,-0.2589813177644209,-0.13348476149266361,0.9006505411378054
2,camera_to_base,80,head_camera_color_optical_frame,-0.22963712206390852,-0.13723762239365309,0.90563393493599709
2,camera_to_base,81,head_camera_color_optical_frame,-0.20029292636339613,-0.14099048329464256,0.91061732873418877
2,camera_to_base,82,head_camera_color_optical_frame,-0.17094873066288377,-0.14474334419563201,0.91560072253238045
2,camera_to_base,83,head_camera_color_optical_frame,-0.14160453496237138,-0.14849620509662148,0.92058411633057213
2,camera_to_base,84,head_camera_color_optical_frame,-0.11226033926185899,-0.15224906599761096,0.92556751012876393
2,camera_to_base,85,head_camera_color_optical_frame,-0.082916143561346634,-0.15600192689860043,0.9305509039269555
2,camera_to_base,86,head_camera_color_optical_frame,-0.053571947860834246,-0.1597547877995899,0.93553429772514729
2,camera_to_base,87,head_camera_color_optical_frame,-0.024227752160321858,-0.16350764870057938,0.94051769152333897
2,tag_to_base,0,checkerboard_link,0,0,0
2,tag_to_base,1,checkerboard_link,0.029999999999999999,0,0
2,tag_to_base,2,checkerboard_link,0.059999999999999998,0,0
2,tag_to_base,3,checkerboard_link,0.089999999999999997,0,0
2,tag_to_base,4,checkerboard_link,0.12,0,0
2,tag_to_base,5,checkerboard_link,0.14999999999999999,0,0
2,tag_to_base,6,checkerboard_link,0.17999999999999999,0,0
2,tag_to_base,7,checkerboard_link,0.20999999999999999,0,0
2,tag_to_base,8,checkerboard_link,0.23999999999999999,0,0
2,tag_to_base,9,checkerboard_link,0.27000000000000002,0,0
2,tag_to_base,10,checkerboard_link,0.29999999999999999,0,0
2,tag_to_base,11,checkerboard_link,0,0.029999999999999999,0
2,tag_to_base,12,checkerboard_link,0.029999999999999999,0.029999999999999999,0
2,tag_to_base,13,checkerboard_link,0.059999999999999998,0.029999999999999999,0
2,tag_to_base,14,checkerboard_link,0.089999999999999997,0.029999999999999999,0
2,tag_to_base,15,checkerboard_link,0.12,0.029999999999999999,0
2,tag_to_base,16,checkerboard_link,0.14999999999999999,0.029999999999999999,0
2,tag_to_base,17,checkerboard_link,0.17999999999999999,0.029999999999999999,0
2,tag_to_base,18,checkerboard_link,0.20999999999999999,0.029999999999999999,0
2,tag_to_base,19,checkerboard_link,0.23999999999999999,0.029999999999999999,0
2,tag_to_base,20,checkerboard_link,0.27000000000000002,0.029999999999999999,0
2,tag_to_base,21,checkerboard_link,0.29999999999999999,0.029999999999999999,0
2,tag_to_base,22,checkerboard_link,0,0.059999999999999998,0
2,tag_to_base,23,checkerboard_link,0.029999999999999999,0.059999999999999998,0
2,tag_to_base,24,checkerboard_link,0.059999999999999998,0.059999999999999998,0
2,tag_to_base,25,checkerboard_link,0.089999999999999997,0.059999999999999998,0
2,tag_to_base,26,checkerboard_link,0.12,0.059999999999999998,0
2,tag_to_base,27,checkerboard_link,0.14999999999999999,0.059999999999999998,0
2,tag_to_base,28,checkerboard_link,0.17999999999999999,0.059999999999999998,0
2,tag_to_base,29,checkerboard_link,0.20999999999999999,0.059999999999999998,0
2,tag_to_base,30,checkerboard_link,0.23999999999999999,0.059999999999999998,0
2,tag_to_base,31,checkerboard_link,0.27000000000000002,0.059999999999999998,0
2,tag_to_base,32,checkerboard_link,0.29999999999999999,0.059999999999999998,0
2,tag_to_base,33,checkerboard_link,0,0.089999999999999997,0
2,tag_to_base,34,checkerboard_link,0.029999999999999999,0.089999999999999997,0
2,tag_to_base,35,checkerboard_link,0.059999999999999998,0.089999999999999997,0
2,tag_to_base,36,checkerboard_link,0.089999999999999997,0.089999999999999997,0
2,tag_to_base,37,checkerboard_link,0.12,0.089999999999999997,0
2,tag_to_base,38,checkerboard_link,0.14999999999999999,0.089999999999999997,0
2,tag_to_base,39,checkerboard_link,0.17999999999999999,0.089999999999999997,0
2,tag_to_base,40,checkerboard_link,0.20999999999999999,0.089999999999999997,0
2,tag_to_base,41,checkerboard_link,0.23999999999999999,0.089999999999999997,0
2,tag_to_base,42,checkerboard_link,0.27000000000000002,0.089999999999999997,0
2,tag_to_base,43,checkerboard_link,0.29999999999999999,0.089999999999999997,0
2,tag_to_base,44,checkerboard_link,0,0.12,0
2,tag_to_base,45,checkerboard_link,0.029999999999999999,0.12,0
2,tag_to_base,46,checkerboard_link,0.059999999999999998,0.12,0
2,tag_to_base,47,checkerboard_link,0.089999999999999997,0.12,0
2,tag_to_base,48,checkerboard_link,0.12,0.12,0
2,tag_to_base,49,checkerboard_link,0.14999999999999999,0.12,0
2,tag_to_base,50,checkerboard_link,0.17999999999999999,0.12,0
2,tag_to_base,51,checkerboard_link,0.20999999999999999,0.12,0
2,tag_to_base,52,checkerboard_link,0.23999999999999999,0.12,0
2,tag_to_base,53,checkerboard_link,0.27000000000000002,0.12,0
2,tag_to_base,54,checkerboard_link,0.29999999999999999,0.12,0
2,tag_to_base,55,checkerboard_link,0,0.14999999999999999,0
2,tag_to_base,56,checkerboard_link,0.029999999999999999,0.14999999999999999,0
2,tag_to_base,57,checkerboard_link,0.059999999999999998,0.14999999999999999,0
2,tag_to_base,58,checkerboard_link,0.089999999999999997,0.14999999999999999,0
2,tag_to_base,59,checkerboard_link,0.12,0.14999999999999999,0
2,tag_to_base,60,checkerboard_link,0.14999999999999999,0.14999999999999999,0
2,tag_to_base,61,checkerboard_link,0.17999999999999999,0.14999999999999999,0
2,tag_to_base,62,checkerboard_link,0.20999999999999999,0.14999999999999999,0
2,tag_to_base,63,checkerboard_link,0.23999999999999999,0.14999999999999999,0
2,tag_to_base,64,checkerboard_link,0.27000000000000002,0.14999999999999999,0
2,tag_to_base,65,checkerboard_link,0.29999999999999999,0.14999999999999999,0
2,tag_to_base,66,checkerboard_link,0,0.17999999999999999,0
2,tag_to_base,67,checkerboard_link,0.029999999999999999,0.17999999999999999,0
2,tag_to_base,68,checkerboard_link,0.059999999999999998,0.17999999999999999,0
2,tag_to_base,69,checkerboard_link,0.089999999999999997,0.17999999999999999,0
2,tag_to_base,70,checkerboard_link,0.12,0.17999999999999999,0
2,tag_to_base,71,checkerboard_link,0.14999999999999999,0.17999999999999999,0
2,tag_to_base,72,checkerboard_link,0.17999999999999999,0.17999999999999999,0
2,tag_to_base,73,checkerboard_link,0.20999999999999999,0.17999999999999999,0
2,tag_to_base,74,checkerboard_link,0.23999999999999999,0.17999999999999999,0
2,tag_to_base,75,checkerboard_link,0.27000000000000002,0.17999999999999999,0
2,tag_to_base,76,checkerboard_link,0.29999999999999999,0.17999999999999999,0
2,tag_to_base,77,checkerboard_link,0,0.20999999999999999,0
2,tag_to_base,78,checkerboard_link,0.029999999999999999,0.20999999999999999,0
2,tag_to_base,79,checkerboard_link,0.059999999999999998,0.20999999999999999,0
2,tag_to_base,80,checkerboard_link,0.089999999999999997,0.20999999999999999,0
2,tag_to_base,81,checkerboard_link,0.12,0.20999999999999999,0
2,tag_to_base,82,checkerboard_link,0.14999999999999999,0.20999999999999999,0
2,tag_to_base,83,checkerboard_link,0.17999999999999999,0.20999999999999999,0
2,tag_to_base,84,checkerboard_link,0.20999999999999999,0.20999999999999999,0
2,tag_to_base,85,checkerboard_link,0.23999999999999999,0.20999999999999999,0
2,tag_to_base,86,checkerboard_link,0.27000000000000002,0.20999999999999999,0
2,tag_to_base,87,checkerboard_link,0.29999999999999999,0.20999999999999999,0
3,camera_to_base,0,head_camera_color_optical_frame,-0.32689489587868975,-0.42079474731273148,0.82622461126910729
3,camera_to_base,1,head_camera_color_optical_frame,-0.29745844760739892,-0.42467322538437474,0.83052029759604062
3,camera_to_base,2,head_camera_color_optical_frame,-0.2680219993361081,-0.42855170345601806,0.83481598392297385
3,camera_to_base,3,head_camera_color_optical_frame,-0.23858555106481727,-0.43243018152766133,0.83911167024990718
3,camera_to_base,4,head_camera_color_optical_frame,-0.20914910279352647,-0.43630865959930465,0.84340735657684052
3,camera_to_base,5,head_camera_color_optical_frame,-0.17971265452223564,-0.44018713767094791,0.84770304290377374
3,camera_to_base,6,head_camera_color_optical_frame,-0.15027620625094482,-0.44406561574259124,0.85199872923070707
3,camera_to_base,7,head_camera_color_optical_frame,-0.12083975797965399,-0.4479440938142345,0.85629441555764041
3,camera_to_base,8,head_camera_color_optical_frame,-0.09140330970836319,-0.45182257188587782,0.86059010188457363
3,camera_to_base,9,head_camera_color_optical_frame,-0.061966861437072307,-0.45570104995752109,0.86488578821150697
3,camera_to_base,10,head_camera_color_optical_frame,-0.032530413165781535,-0.45957952802916441,0.8691814745384403
3,camera_to_base,11,head_camera_color_optical_frame,-0.3240018195326177,-0.39164850463486228,0.83271511564230938
3,camera_to_base,12,head_camera_color_optical_frame,-0.29456537126132687,-0.39552698270650555,0.8370108019692426
3,camera_to_base,13,head_camera_color_optical_frame,-0.2651289229900361,-0.39940546077814887,0.84130648829617594
3,camera_to_base,14,head_camera_color_optical_frame,-0.23569247471874524,-0.40328393884979213,0.84560217462310927
3,camera_to_base,15,head_camera_color_optical_frame,-0.20625602644745444,-0.40716241692143545,0.84989786095004249
3,camera_to_base,16,head_camera_color_optical_frame,-0.17681957817616362,-0.41104089499307872,0.85419354727697583
3,camera_to_base,17,head_camera_color_optical_frame,-0.14738312990487279,-0.41491937306472204,0.85848923360390916
3,camera_to_base,18,head_camera_color_optical_frame,-0.11794668163358196,-0.41879785113636531,0.86278491993084239
3,camera_to_base,19,head_camera_color_optical_frame,-0.088510233362291135,-0.42267632920800863,0.86708060625777572
3,camera_to_base,20,head_camera_color_optical_frame,-0.059073785091000308,-0.42655480727965189,0.87137629258470906
3,camera_to_base,21,head_camera_color_optical_frame,-0.029637336819709481,-0.43043328535129521,0.87567197891164239
3,camera_to_base,22,head_camera_color_optical_frame,-0.3211087431865457,-0.36250226195699309,0.83920562001551136
3,camera_to_base,23,head_camera_color_optical_frame,-0.29167229491525487,-0.36638074002863641,0.84350130634244469
3,camera_to_base,24,head_camera_color_optical_frame,-0.26223584664396404,-0.37025921810027967,0.84779699266937802
3,camera_to_base,25,head_camera_color_optical_frame,-0.23279939837267322,-0.37413769617192294,0.85209267899631136
3,camera_to_base,26,head_camera_color_optical_frame,-0.20336295010138239,-0.37801617424356626,0.85638836532324458
3,camera_to_base,27,head_camera_color_optical_frame,-0.17392650183009156,-0.38189465231520953,0.86068405165017792
3,camera_to_base,28,head_camera_color_optical_frame,-0.14449005355880074,-0.38577313038685285,0.86497973797711125
3,camera_to_base,29,head_camera_color_optical_frame,-0.11505360528750994,-0.38965160845849611,0.86927542430404448
3,camera_to_base,30,head_camera_color_optical_frame,-0.085617157016219109,-0.39353008653013943,0.87357111063097781
3,camera_to_base,31,head_camera_color_optical_frame,-0.056180708744928254,-0.3974085646017827,0.87786679695791114
3,camera_to_base,32,head_camera_color_optical_frame,-0.026744260473637482,-0.40128704267342602,0.88216248328484437
3,camera_to_base,33,head_camera_color_optical_frame,-0.31821566684047364,-0.33335601927912389,0.84569612438871344
3,camera_to_base,34,head_camera_color_optical_frame,-0.28877921856918282,-0.33723449735076722,0.84999181071564678
3,camera_to_base,35,head_camera_color_optical_frame,-0.25934277029789199,-0.34111297542241048,0.85428749704258011
3,camera_to_base,36,head_camera_color_optical_frame,-0.22990632202660116,-0.3449914534940538,0.85858318336951334
3,camera_to_base,37,head_camera_color_optical_frame,-0.20046987375531033,-0.34886993156569707,0.86287886969644667
3,camera_to_base,38,head_camera_color_optical_frame,-0.17103342548401954,-0.35274840963734033,0.86717455602338001
3,camera_to_base,39,head_camera_color_optical_frame,-0.14159697721272871,-0.35662688770898365,0.87147024235031323
3,camera_to_base,40,head_camera_color_optical_frame,-0.11216052894143788,-0.36050536578062697,0.87576592867724656
3,camera_to_base,41,head_camera_color_optical_frame,-0.082724080670147054,-0.36438384385227024,0.8800616150041799
3,camera_to_base,42,head_camera_color_optical_frame,-0.0532876323988562,-0.3682623219239135,0.88435730133111312
3,camera_to_base,43,head_camera_color_optical_frame,-0.023851184127565428,-0.37214079999555683,0.88865298765804646
3,camera_to_base,44,head_camera_color_optical_frame,-0.31532259049440159,-0.3042097766012547,0.85218662876191553
3,camera_to_base,45,head_camera_color_optical_frame,-0.28588614222311076,-0.30808825467289802,0.85648231508884887
3,camera_to_base,46,head_camera_color_optical_frame,-0.25644969395181993,-0.31196673274454129,0.86077800141578209
3,camera_to_base,47,head_camera_color_optical_frame,-0.22701324568052914,-0.31584521081618461,0.86507368774271542
3,camera_to_base,48,head_camera_color_optical_frame,-0.19757679740923831,-0.31972368888782787,0.86936937406964876
3,camera_to_base,49,head_camera_color_optical_frame,-0.16814034913794748,-0.32360216695947119,0.87366506039658198
3,camera_to_base,50,head_camera_color_optical_frame,-0.13870390086665665,-0.32748064503111446,0.87796074672351532
3,camera_to_base,51,head_camera_color_optical_frame,-0.10926745259536585,-0.33135912310275772,0.88225643305044865
3,camera_to_base,52,head_camera_color_optical_frame,-0.079831004324075028,-0.33523760117440105,0.88655211937738188
3,camera_to_base,53,head_camera_color_optical_frame,-0.050394556052784201,-0.33911607924604437,0.89084780570431521
3,camera_to_base,54,head_camera_color_optical_frame,-0.020958107781493374,-0.34299455731768763,0.89514349203124854
3,camera_to_base,55,head_camera_color_optical_frame,-0.31242951414832953,-0.27506353392338556,0.85867713313511762
3,camera_to_base,56,head_camera_color_optical_frame,-0.28299306587703876,-0.27894201199502883,0.86297281946205084
3,camera_to_base,57,head_camera_color_optical_frame,-0.25355661760574788,-0.28282049006667209,0.86726850578898418
3,camera_to_base,58,head_camera_color_optical_frame,-0.22412016933445711,-0.28669896813831541,0.87156419211591751
3,camera_to_base,59,head_camera_color_optical_frame,-0.19468372106316628,-0.29057744620995873,0.87585987844285074
3,camera_to_base,60,head_camera_color_optical_frame,-0.16524727279187545,-0.294455924281602,0.88015556476978407
3,camera_to_base,61,head_camera_color_optical_frame,-0.13581082452058463,-0.29833440235324526,0.88445125109671741
3,camera_to_base,62,head_camera_color_optical_frame,-0.1063743762492938,-0.30221288042488859,0.88874693742365074
3,camera_to_base,63,head_camera_color_optical_frame,-0.076937927978002973,-0.30609135849653185,0.89304262375058396
3,camera_to_base,64,head_camera_color_optical_frame,-0.047501479706712146,-0.30996983656817517,0.8973383100775173
3,camera_to_base,65,head_camera_color_optical_frame,-0.018065031435421319,-0.31384831463981844,0.90163399640445063
3,camera_to_base,66,head_camera_color_optical_frame,-0.30953643780225754,-0.24591729124551634,0.86516763750831971
3,camera_to_base,67,head_camera_color_optical_frame,-0.28009998953096671,-0.24979576931715963,0.86946332383525293
3,camera_to_base,68,head_camera_color_optical_frame,-0.25066354125967588,-0.25367424738880295,0.87375901016218627
3,camera_to_base,69,head_camera_color_optical_frame,-0.22122709298838505,-0.25755272546044622,0.8780546964891196
3,camera_to_base,70,head_camera_color_optical_frame,-0.19179064471709423,-0.26143120353208948,0.88235038281605283
3,camera_to_base,71,head_camera_color_optical_frame,-0.1623541964458034,-0.26530968160373281,0.88664606914298616
3,camera_to_base,72,head_camera_color_optical_frame,-0.1329177481745126,-0.26918815967537613,0.89094175546991949
3,camera_to_base,73,head_camera_color_optical_frame,-0.10348129990322177,-0.27306663774701934,0.89523744179685272
3,camera_to_base,74,head_camera_color_optical_frame,-0.074044851631930919,-0.27694511581866266,0.89953312812378605
3,camera_to_base,75,head_camera_color_optical_frame,-0.044608403360640092,-0.28082359389030598,0.90382881445071939
3,camera_to_base,76,head_camera_color_optical_frame,-0.01517195508934932,-0.28470207196194924,0.90812450077765261
3,camera_to_base,77,head_camera_color_optical_frame,-0.30664336145618548,-0.21677104856764715,0.87165814188152169
3,camera_to_base,78,head_camera_color_optical_frame,-0.27720691318489465,-0.22064952663929044,0.87595382820845502
3,camera_to_base,79,head_camera_color_optical_frame,-0.24777046491360383,-0.22452800471093373,0.88024951453538836
3,camera_to_base,80,head_camera_color_optical_frame,-0.218334016642313,-0.22840648278257702,0.88454520086232158
3,camera_to_base,81,head_camera_color_optical_frame,-0.1888975683710222,-0.23228496085422032,0.88884088718925491
3,camera_to_base,82,head_camera_color_optical_frame,-0.15946112009973137,-0.23616343892586361,0.89313657351618825
3,camera_to_base,83,head_camera_color_optical_frame,-0.13002467182844055,-0.2400419169975069,0.89743225984312147
3,camera_to_base,84,head_camera_color_optical_frame,-0.10058822355714972,-0.24392039506915017,0.90172794617005481
3,camera_to_base,85,head_camera_color_optical_frame,-0.07115177528585892,-0.24779887314079346,0.90602363249698814
3,camera_to_base,86,head_camera_color_optical_frame,-0.041715327014568038,-0.25167735121243673,0.91031931882392136
3,camera_to_base,87,head_camera_color_optical_frame,-0.012278878743277266,-0.25555582928408005,0.9146150051508547
3,tag_to_base,0,checkerboard_link,0,0,0
3,tag_to_base,1,checkerboard_link,0.029999999999999999,0,0
3,tag_to_base,2,checkerboard_link,0.059999999999999998,0,0
3,tag_to_base,3,checkerboard_link,0.089999999999999997,0,0
3,tag_to_base,4,checkerboard_link,0.12,0,0
3,tag_to_base,5,checkerboard_link,0.14999999999999999,0,0
3,tag_to_base,6,checkerboard_link,0.17999999999999999,0,0
3,tag_to_base,7,checkerboard_link,0.20999999999999999,0,0
3,tag_to_base,8,checkerboard_link,0.23999999999999999,0,0
3,tag_to_base,9,checkerboard_link,0.27000000000000002,0,0
3,tag_to_base,10,checkerboard_link,0.29999999999999999,0,0
3,tag_to_base,11,checkerboard_link,0,0.029999999999999999,0
3,tag_to_base,12,checkerboard_link,0.029999999999999999,0.029999999999999999,0
3,tag_to_base,13,checkerboard_link,0.059999999999999998,0.029999999999999999,0
3,tag_to_base,14,checkerboard_link,0.089999999999999997,0.029999999999999999,0
3,tag_to_base,15,checkerboard_link,0.12,0.029999999999999999,0
3,tag_to_base,16,checkerboard_link,0.14999999999999999,0.029999999999999999,0
3,tag_to_base,17,checkerboard_link,0.17999999999999999,0.029999999999999999,0
3,tag_to_base,18,checkerboard_link,0.20999999999999999,0.029999999999999999,0
3,tag_to_base,19,checkerboard_link,0.23999999999999999,0.029999999999999999,0
3,tag_to_base,20,checkerboard_link,0.27000000000000002,0.029999999999999999,0
3,tag_to_base,21,checkerboard_link,0.29999999999999999,0.029999999999999999,0
3,tag_to_base,22,checkerboard_link,0,0.059999999999999998,0
3,tag_to_base,23,checkerboard_link,0.029999999999999999,0.059999999999999998,0
3,tag_to_base,24,checkerboard_link,0.059999999999999998,0.059999999999999998,0
3,tag_to_base,25,checkerboard_link,0.089999999999999997,0.059999999999999998,0
3,tag_to_base,26,checkerboard_link,0.12,0.059999999999999998,0
3,tag_to_base,27,checkerboard_link,0.14999999999999999,0.059999999999999998,0
3,tag_to_base,28,checkerboard_link,0.17999999999999999,0.059999999999999998,0
3,tag_to_base,29,checkerboard_link,0.20999999999999999,0.059999999999999998,0
3,tag_to_base,30,checkerboard_link,0.23999999999999999,0.059999999999999998,0
3,tag_to_base,31,checkerboard_link,0.27000000000000002,0.059999999999999998,0
3,tag_to_base,32,checkerboard_link,0.29999999999999999,0.059999999999999998,0
3,tag_to_base,33,checkerboard_link,0,0.089999999999999997,0
3,tag_to_base,34,checkerboard_link,0.029999999999999999,0.089999999999999997,0
3,tag_to_base,35,checkerboard_link,0.059999999999999998,0.089999999999999997,0
3,tag_to_base,36,checkerboard_link,0.089999999999999997,0.089999999999999997,0
3,tag_to_base,37,checkerboard_link,0.12,0.089999999999999997,0
3,tag_to_base,38,checkerboard_link,0.14999999999999999,0.089999999999999997,0
3,tag_to_base,39,checkerboard_link,0.17999999999999999,0.089999999999999997,0
3,tag_to_base,40,checkerboard_link,0.20999999999999999,0.089999999999999997,0
3,tag_to_base,41,checkerboard_link,0.23999999999999999,0.089999999999999997,0
3,tag_to_base,42,checkerboard_link,0.27000000000000002,0.089999999999999997,0
3,tag_to_base,43,checkerboard_link,0.29999999999999999,0.089999999999999997,0
3,tag_to_base,44,checkerboard_link,0,0.12,0
3,tag_to_base,45,checkerboard_link,0.029999999999999999,0.12,0
3,tag_to_base,46,checkerboard_link,0.059999999999999998,0.12,0
3,tag_to_base,47,checkerboard_link,0.089999999999999997,0.12,0
3,tag_to_base,48,checkerboard_link,0.12,0.12,0
3,tag_to_base,49,checkerboard_link,0.14999999999999999,0.12,0
3,tag_to_base,50,checkerboard_link,0.17999999999999999,0.12,0
3,tag_to_base,51,checkerboard_link,0.20999999999999999,0.12,0
3,tag_to_base,52,checkerboard_link,0.23999999999999999,0.12,0
3,tag_to_base,53,checkerboard_link,0.27000000000000002,0.12,0
3,tag_to_base,54,checkerboard_link,0.29999999999999999,0.12,0
3,tag_to_base,55,checkerboard_link,0,0.14999999999999999,0
3,tag_to_base,56,checkerboard_link,0.029999999999999999,0.14999999999999999,0
3,tag_to_base,57,checkerboard_link,0.059999999999999998,0.14999999999999999,0
3,tag_to_base,58,checkerboard_link,0.089999999999999997,0.14999999999999999,0
3,tag_to_base,59,checkerboard_link,0.12,0.14999999999999999,0
3,tag_to_base,60,checkerboard_link,0.14999999999999999,0.14999999999999999,0
3,tag_to_base,61,checkerboard_link,0.17999999999999999,0.14999999999999999,0
3,tag_to_base,62,checkerboard_link,0.20999999999999999,0.14999999999999999,0
3,tag_to_base,63,checkerboard_link,0.23999999999999999,0.14999999999999999,0
3,tag_to_base,64,checkerboard_link,0.27000000000000002,0.14999999999999999,0
3,tag_to_base,65,checkerboard_link,0.29999999999999999,0.14999999999999999,0
3,tag_to_base,66,checkerboard_link,0,0.17999999999999999,0
3,tag_to_base,67,checkerboard_link,0.029999999999999999,0.17999999999999999,0
3,tag_to_base,68,checkerboard_link,0.059999999999999998,0.17999999999999999,0
3,tag_to_base,69,checkerboard_link,0.089999999999999997,0.17999999999999999,0
3,tag_to_base,70,checkerboard_link,0.12,0.17999999999999999,0
3,tag_to_base,71,checkerboard_link,0.14999999999999999,0.17999999999999999,0
3,tag_to_base,72,checkerboard_link,0.17999999999999999,0.17999999999999999,0
3,tag_to_base,73,checkerboard_link,0.20999999999999999,0.17999999999999999,0
3,tag_to_base,74,checkerboard_link,0.23999999999999999,0.17999999999999999,0
3,tag_to_base,75,checkerboard_link,0.27000000000000002,0.17999999999999999,0
3,tag_to_base,76,checkerboard_link,0.29999999999999999,0.17999999999999999,0
3,tag_to_base,77,checkerboard_link,0,0.20999999999999999,0
3,tag_to_base,78,checkerboard_link,0.029999999999999999,0.20999999999999999,0
3,tag_to_base,79,checkerboard_link,0.059999999999999998,0.20999999999999999,0
3,tag_to_base,80,checkerboard_link,0.089999999999999997,0.20999999999999999,0
3,tag_to_base,81,checkerboard_link,0.12,0.20999999999999999,0
3,tag_to_base,82,checkerboard_link,0.14999999999999999,0.20999999999999999,0
3,tag_to_base,83,checkerboard_link,0.17999999999999999,0.20999999999999999,0
3,tag_to_base,84,checkerboard_link,0.20999999999999999,0.20999999999999999,0
3,tag_to_base,85,checkerboard_link,0.23999999999999999,0.20999999999999999,0
3,tag_to_base,86,checkerboard_link,0.27000000000000002,0.20999999999999999,0
3,tag_to_base,87,checkerboard_link,0.29999999999999999,0.20999999999999999,0
4,camera_to_base,0,head_camera_color_optical_frame,0.049275345457061567,-0.46179103943237604,0.86944023540188087
4,camera_to_base,1,head_camera_color_optical_frame,0.078861186365960123,-0.45820081115590233,0.86600682912878224
4,camera_to_base,2,head_camera_color_optical_frame,0.10844702727485869,-0.45461058287942868,0.86257342285568361
4,camera_to_base,3,head_camera_color_optical_frame,0.13803286818375726,-0.45102035460295498,0.85914001658258499
4,camera_to_base,4,head_camera_color_optical_frame,0.1676187090926558,-0.44743012632648133,0.85570661030948636
4,camera_to_base,5,head_camera_color_optical_frame,0.1972045500015544,-0.44383989805000762,0.85227320403638773
4,camera_to_base,6,head_camera_color_optical_frame,0.22679039091045294,-0.44024966977353397,0.84883979776328911
4,camera_to_base,7,head_camera_color_optical_frame,0.25637623181935149,-0.43665944149706026,0.84540639149019048
4,camera_to_base,8,head_camera_color_optical_frame,0.28596207272825008,-0.43306921322058661,0.84197298521709185
4,camera_to_base,9,head_camera_color_optical_frame,0.31554791363714868,-0.42947898494411291,0.83853957894399322
4,camera_to_base,10,head_camera_color_optical_frame,0.34513375454604722,-0.42588875666763926,0.8351061726708946
4,camera_to_base,11,head_camera_color_optical_frame,0.046511539508424314,-0.43266585001798935,0.87607986779037761
4,camera_to_base,12,head_camera_color_optical_frame,0.076097380417322877,-0.4290756217415157,0.87264646151727898
4,camera_to_base,13,head_camera_color_optical_frame,0.10568322132622143,-0.42548539346504199,0.86921305524418035
4,camera_to_base,14,head_camera_color_optical_frame,0.13526906223512,-0.42189516518856834,0.86577964897108173
4,camera_to_base,15,head_camera_color_optical_frame,0.16485490314401857,-0.41830493691209464,0.8623462426979831
4,camera_to_base,16,head_camera_color_optical_frame,0.19444074405291711,-0.41471470863562099,0.85891283642488447
4,camera_to_base,17,head_camera_color_optical_frame,0.22402658496181571,-0.41112448035914728,0.85547943015178585
4,camera_to_base,18,head_camera_color_optical_frame,0.25361242587071425,-0.40753425208267358,0.85204602387868722
4,camera_to_base,19,head_camera_color_optical_frame,0.2831982667796128,-0.40394402380619993,0.84861261760558859
4,camera_to_base,20,head_camera_color_optical_frame,0.31278410768851139,-0.40035379552972622,0.84517921133248997
4,camera_to_base,21,head_camera_color_optical_frame,0.34236994859740993,-0.39676356725325257,0.84174580505939134
4,camera_to_base,22,head_camera_color_optical_frame,0.043747733559787061,-0.40354066060360266,0.88271950017887435
4,camera_to_base,23,head_camera_color_optical_frame,0.073333574468685617,-0.39995043232712901,0.87928609390577572
4,camera_to_base,24,head_camera_color_optical_frame,0.10291941537758417,-0.39636020405065531,0.8758526876326771
4,camera_to_base,25,head_camera_color_optical_frame,0.13250525628648274,-0.39276997577418166,0.87241928135957847
4,camera_to_base,26,head_camera_color_optical_frame,0.16209109719538131,-0.38917974749770795,0.86898587508647984
4,camera_to_base,27,head_camera_color_optical_frame,0.19167693810427988,-0.3855895192212343,0.86555246881338122
4,camera_to_base,28,head_camera_color_optical_frame,0.22126277901317842,-0.38199929094476059,0.86211906254028259
4,camera_to_base,29,head_camera_color_optical_frame,0.25084861992207697,-0.37840906266828689,0.85868565626718396
4,camera_to_base,30,head_camera_color_optical_frame,0.28043446083097556,-0.37481883439181324,0.85525224999408533
4,camera_to_base,31,head_camera_color_optical_frame,0.31002030173987416,-0.37122860611533959,0.85181884372098671
4,camera_to_base,32,head_camera_color_optical_frame,0.3396061426487727,-0.36763837783886588,0.84838543744788808
4,camera_to_base,33,head_camera_color_optical_frame,0.040983927611149801,-0.37441547118921598,0.88935913256737109
4,camera_to_base,34,head_camera_color_optical_frame,0.07056976852004837,-0.37082524291274233,0.88592572629427246
4,camera_to_base,35,head_camera_color_optical_frame,0.10015560942894693,-0.36723501463626862,0.88249232002117384
4,camera_to_base,36,head_camera_color_optical_frame,0.12974145033784551,-0.36364478635979497,0.87905891374807521
4,camera_to_base,37,head_camera_color_optical_frame,0.15932729124674405,-0.36005455808332126,0.87562550747497658
4,camera_to_base,38,head_camera_color_optical_frame,0.18891313215564259,-0.35646432980684761,0.87219210120187796
4,camera_to_base,39,head_camera_color_optical_frame,0.21849897306454119,-0.35287410153037391,0.86875869492877933
4,camera_to_base,40,head_camera_color_optical_frame,0.24808481397343973,-0.3492838732539002,0.8653252886556807
4,camera_to_base,41,head_camera_color_optical_frame,0.27767065488233827,-0.34569364497742655,0.86189188238258208
4,camera_to_base,42,head_camera_color_optical_frame,0.30725649579123693,-0.3421034167009529,0.85845847610948345
4,camera_to_base,43,head_camera_color_optical_frame,0.33684233670013541,-0.33851318842447919,0.85502506983638482
4,camera_to_base,44,head_camera_color_optical_frame,0.038220121662512548,-0.34529028177482934,0.89599876495586794
4,camera_to_base,45,head_camera_color_optical_frame,0.06780596257141111,-0.34170005349835564,0.89256535868276932
4,camera_to_base,46,head_camera_color_optical_frame,0.09739180348030968,-0.33810982522188193,0.88913195240967069
4,camera_to_base,47,head_camera_color_optical_frame,0.12697764438920822,-0.33451959694540828,0.88569854613657206
4,camera_to_base,48,head_camera_color_optical_frame,0.15656348529810679,-0.33092936866893463,0.88226513986347344
4,camera_to_base,49,head_camera_color_optical_frame,0.18614932620700536,-0.32733914039246093,0.8788317335903747
4,camera_to_base,50,head_camera_color_optical_frame,0.2157351671159039,-0.32374891211598722,0.87539832731727607
4,camera_to_base,51,head_camera_color_optical_frame,0.2453210080248025,-0.32015868383951357,0.87196492104417744
4,camera_to_base,52,head_camera_color_optical_frame,0.27490684893370104,-0.31656845556303992,0.86853151477107882
4,camera_to_base,53,head_camera_color_optical_frame,0.30449268984259964,-0.31297822728656621,0.86509810849798019
4,camera_to_base,54,head_camera_color_optical_frame,0.33407853075149818,-0.30938799901009251,0.86166470222488156
4,camera_to_base,55,head_camera_color_optical_frame,0.035456315713875294,-0.31616509236044266,0.90263839734436468
4,camera_to_base,56,head_camera_color_optical_frame,0.06504215662277385,-0.31257486408396895,0.89920499107126606
4,camera_to_base,57,head_camera_color_optical_frame,0.09462799753167242,-0.30898463580749524,0.89577158479816743
4,camera_to_base,58,head_camera_color_optical_frame,0.12421383844057098,-0.30539440753102159,0.8923381785250688
4,camera_to_base,59,head_camera_color_optical_frame,0.15379967934946953,-0.30180417925454794,0.88890477225197018
4,camera_to_base,60,head_camera_color_optical_frame,0.18338552025836813,-0.29821395097807424,0.88547136597887155
4,camera_to_base,61,head_camera_color_optical_frame,0.21297136116726667,-0.29462372270160053,0.88203795970577292
4,camera_to_base,62,head_camera_color_optical_frame,0.24255720207616521,-0.29103349442512688,0.8786045534326743
4,camera_to_base,63,head_camera_color_optical_frame,0.27214304298506381,-0.28744326614865323,0.87517114715957567
4,camera_to_base,64,head_camera_color_optical_frame,0.30172888389396241,-0.28385303787217953,0.87173774088647693
4,camera_to_base,65,head_camera_color_optical_frame,0.33131472480286095,-0.28026280959570582,0.8683043346133783
4,camera_to_base,66,head_camera_color_optical_frame,0.032692509765238041,-0.28703990294605597,0.90927802973286143
4,camera_to_base,67,head_camera_color_optical_frame,0.062278350674136604,-0.28344967466958226,0.9058446234597628
4,camera_to_base,68,head_camera_color_optical_frame,0.09186419158303516,-0.27985944639310856,0.90241121718666417
4,camera_to_base,69,head_camera_color_optical_frame,0.12145003249193373,-0.27626921811663491,0.89897781091356554
4,camera_to_base,70,head_camera_color_optical_frame,0.1510358734008323,-0.27267898984016126,0.89554440464046692
4,camera_to_base,71,head_camera_color_optical_frame,0.18062171430973084,-0.26908876156368755,0.89211099836736829
4,camera_to_base,72,head_camera_color_optical_frame,0.21020755521862944,-0.26549853328721384,0.88867759209426966
4,camera_to_base,73,head_camera_color_optical_frame,0.23979339612752798,-0.26190830501074019,0.88524418582117104
4,camera_to_base,74,head_camera_color_optical_frame,0.26937923703642652,-0.25831807673426654,0.88181077954807241
4,camera_to_base,75,head_camera_color_optical_frame,0.29896507794532512,-0.25472784845779284,0.87837737327497378
4,camera_to_base,76,head_camera_color_optical_frame,0.32855091885422366,-0.25113762018131913,0.87494396700187516
4,camera_to_base,77,head_camera_color_optical_frame,0.029928703816600784,-0.25791471353166928,0.91591766212135817
4,camera_to_base,78,head_camera_color_optical_frame,0.059514544725499344,-0.25432448525519558,0.91248425584825954
4,camera_to_base,79,head_camera_color_optical_frame,0.089100385634397899,-0.25073425697872193,0.90905084957516091
4,camera_to_base,80,head_camera_color_optical_frame,0.11868622654329647,-0.24714402870224825,0.90561744330206229
4,camera_to_base,81,head_camera_color_optical_frame,0.14827206745219504,-0.24355380042577457,0.90218403702896366
4,camera_to_base,82,head_camera_color_optical_frame,0.17785790836109361,-0.23996357214930089,0.89875063075586503
4,camera_to_base,83,head_camera_color_optical_frame,0.20744374926999215,-0.23637334387282721,0.89531722448276641
4,camera_to_base,84,head_camera_color_optical_frame,0.23702959017889069,-0.23278311559635353,0.89188381820966778
4,camera_to_base,85,head_camera_color_optical_frame,0.26661543108778929,-0.22919288731987986,0.88845041193656915
4,camera_to_base,86,head_camera_color_optical_frame,0.29620127199668789,-0.22560265904340618,0.88501700566347052
4,camera_to_base,87,head_camera_color_optical_frame,0.32578711290558643,-0.2220124307669325,0.8815835993903719
4,tag_to_base,0,checkerboard_link,0,0,0
4,tag_to_base,1,checkerboard_link,0.029999999999999999,0,0
4,tag_to_base,2,checkerboard_link,0.059999999999999998,0,0
4,tag_to_base,3,checkerboard_link,0.089999999999999997,0,0
4,tag_to_base,4,checkerboard_link,0.12,0,0
4,tag_to_base,5,checkerboard_link,0.14999999999999999,0,0
4,tag_to_base,6,checkerboard_link,0.17999999999999999,0,0
4,tag_to_base,7,checkerboard_link,0.20999999999999999,0,0
4,tag_to_base,8,checkerboard_link,0.23999999999999999,0,0
4,tag_to_base,9,checkerboard_link,0.27000000000000002,0,0
4,tag_to_base,10,checkerboard_link,0.29999999999999999,0,0
4,tag_to_base,11,checkerboard_link,0,0.029999999999999999,0
4,tag_to_base,12,checkerboard_link,0.029999999999999999,0.029999999999999999,0
4,tag_to_base,13,checkerboard_link,0.059999999999999998,0.029999999999999999,0
4,tag_to_base,14,checkerboard_link,0.089999999999999997,0.029999999999999999,0
4,tag_to_base,15,checkerboard_link,0.12,0.029999999999999999,0
4,tag_to_base,16,checkerboard_link,0.14999999999999999,0.029999999999999999,0
4,tag_to_base,17,checkerboard_link,0.17999999999999999,0.029999999999999999,0
4,tag_to_base,18,checkerboard_link,0.20999999999999999,0.029999999999999999,0
4,tag_to_base,19,checkerboard_link,0.23999999999999999,0.029999999999999999,0
4,tag_to_base,20,checkerboard_link,0.27000000000000002,0.029999999999999999,0
4,tag_to_base,21,checkerboard_link,0.29999999999999999,0.029999999999999999,0
4,tag_to_base,22,checkerboard_link,0,0.059999999999999998,0
4,tag_to_base,23,checkerboard_link,0.029999999999999999,0.059999999999999998,0
4,tag_to_base,24,checkerboard_link,0.059999999999999998,0.059999999999999998,0
4,tag_to_base,25,checkerboard_link,0.089999999999999997,0.059999999999999998,0
4,tag_to_base,26,checkerboard_link,0.12,0.059999999999999998,0
4,tag_to_base,27,checkerboard_link,0.14999999999999999,0.059999999999999998,0
4,tag_to_base,28,checkerboard_link,0.17999999999999999,0.059999999999999998,0
4,tag_to_base,29,checkerboard_link,0.20999999999999999,0.059999999999999998,0
4,tag_to_base,30,checkerboard_link,0.23999999999999999,0.059999999999999998,0
4,tag_to_base,31,checkerboard_link,0.27000000000000002,0.059999999999999998,0
4,tag_to_base,32,checkerboard_link,0.29999999999999999,0.059999999999999998,0
4,tag_to_base,33,checkerboard_link,0,0.089999999999999997,0
4,tag_to_base,34,checkerboard_link,0.029999999999999999,0.089999999999999997,0
4,tag_to_base,35,checkerboard_link,0.059999999999999998,0.089999999999999997,0
4,tag_to_base,36,checkerboard_link,0.089999999999999997,0.089999999999999997,0
4,tag_to_base,37,checkerboard_link,0.12,0.089999999999999997,0
4,tag_to_base,38,checkerboard_link,0.14999999999999999,0.089999999999999997,0
4,tag_to_base,39,checkerboard_link,0.17999999999999999,0.089999999999999997,0
4,tag_to_base,40,checkerboard_link,0.20999999999999999,0.089999999999999997,0
4,tag_to_base,41,checkerboard_link,0.23999999999999999,0.089999999999999997,0
4,tag_to_base,42,checkerboard_link,0.27000000000000002,0.089999999999999997,0
4,tag_to_base,43,checkerboard_link,0.29999999999999999,0.089999999999999997,0
4,tag_to_base,44,checkerboard_link,0,0.12,0
4,tag_to_base,45,checkerboard_link,0.029999999999999999,0.12,0
4,tag_to_base,46,checkerboard_link,0.059999999999999998,0.12,0
4,tag_to_base,47,checkerboard_link,0.089999999999999997,0.12,0
4,tag_to_base,48,checkerboard_link,0.12,0.12,0
4,tag_to_base,49,checkerboard_link,0.14999999999999999,0.12,0
4,tag_to_base,50,checkerboard_link,0.17999999999999999,0.12,0
4,tag_to_base,51,checkerboard_link,0.20999999999999999,0.12,0
4,tag_to_base,52,checkerboard_link,0.23999999999999999,0.12,0
4,tag_to_base,53,checkerboard_link,0.27000000000000002,0.12,0
4,tag_to_base,54,checkerboard_link,0.29999999999999999,0.12,0
4,tag_to_base,55,checkerboard_link,0,0.14999999999999999,0
4,tag_to_base,56,checkerboard_link,0.029999999999999999,0.14999999999999999,0
4,tag_to_base,57,checkerboard_link,0.059999999999999998,0.14999999999999999,0
4,tag_to_base,58,checkerboard_link,0.089999999999999997,0.14999999999999999,0
4,tag_to_base,59,checkerboard_link,0.12,0.14999999999999999,0
4,tag_to_base,60,checkerboard_link,0.14999999999999999,0.14999999999999999,0
4,tag_to_base,61,checkerboard_link,0.17999999999999999,0.14999999999999999,0
4,tag_to_base,62,checkerboard_link,0.20999999999999999,0.14999999999999999,0
4,tag_to_base,63,checkerboard_link,0.23999999999999999,0.14999999999999999,0
4,tag_to_base,64,checkerboard_link,0.27000000000000002,0.14999999999999999,0
4,tag_to_base,65,checkerboard_link,0.29999999999999999,0.14999999999999999,0
4,tag_to_base,66,checkerboard_link,0,0.17999999999999999,0
4,tag_to_base,67,checkerboard_link,0.029999999999999999,0.17999999999999999,0
4,tag_to_base,68,checkerboard_link,0.059999999999999998,0.17999999999999999,0
4,tag_to_base,69,checkerboard_link,0.089999999999999997,0.17999999999999999,0
4,tag_to_base,70,checkerboard_link,0.12,0.17999999999999999,0
4,tag_to_base,71,checkerboard_link,0.14999999999999999,0.17999999999999999,0
4,tag_to_base,72,checkerboard_link,0.17999999999999999,0.17999999999999999,0
4,tag_to_base,73,checkerboard_link,0.20999999999999999,0.17999999999999999,0
4,tag_to_base,74,checkerboard_link,0.23999999999999999,0.17999999999999999,0
4,tag_to_base,75,checkerboard_link,0.27000000000000002,0.17999999999999999,0
4,tag_to_base,76,checkerboard_link,0.29999999999999999,0.17999999999999999,0
4,tag_to_base,77,checkerboard_link,0,0.20999999999999999,0
4,tag_to_base,78,checkerboard_link,0.029999999999999999,0.20999999999999999,0
4,tag_to_base,79,checkerboard_link,0.059999999999999998,0.20999999999999999,0
4,tag_to_base,80,checkerboard_link,0.089999999999999997,0.20999999999999999,0
4,tag_to_base,81,checkerboard_link,0.12,0.20999999999999999,0
4,tag_to_base,82,checkerboard_link,0.14999999999999999,0.20999999999999999,0
4,tag_to_base,83,checkerboard_link,0.17999999999999999,0.20999999999999999,0
4,tag_to_base,84,checkerboard_link,0.20999999999999999,0.20999999999999999,0
4,tag_to_base,85,checkerboard_link,0.23999999999999999,0.20999999999999999,0
4,tag_to_base,86,checkerboard_link,0.27000000000000002,0.20999999999999999,0
4,tag_to_base,87,checkerboard_link,0.29999999999999999,0.20999999999999999,0
5,camera_to_base,0,head_camera_color_optical_frame,0.059830612976995774,-0.19853451233515124,0.97746484564856528
5,camera_to_base,1,head_camera_color_optical_frame,0.089333398677977405,-0.19581613790511473,0.97275357444642907
5,camera_to_base,2,head_camera_color_optical_frame,0.11883618437895901,-0.19309776347507826,0.96804230324429286
5,camera_to_base,3,head_camera_color_optical_frame,0.14833897007994065,-0.19037938904504176,0.96333103204215664
5,camera_to_base,4,head_camera_color_optical_frame,0.17784175578092226,-0.18766101461500526,0.95861976084002043
5,camera_to_base,5,head_camera_color_optical_frame,0.20734454148190387,-0.18494264018496878,0.95390848963788422
5,camera_to_base,6,head_camera_color_optical_frame,0.23684732718288551,-0.18222426575493228,0.949197218435748
5,camera_to_base,7,head_camera_color_optical_frame,0.26635011288386712,-0.17950589132489581,0.94448594723361179
5,camera_to_base,8,head_camera_color_optical_frame,0.29585289858484876,-0.1767875168948593,0.93977467603147558
5,camera_to_base,9,head_camera_color_optical_frame,0.32535568428583039,-0.1740691424648228,0.93506340482933936
5,camera_to_base,10,head_camera_color_optical_frame,0.35485846998681198,-0.17135076803478633,0.93035213362720315
5,camera_to_base,11,head_camera_color_optical_frame,0.056887909974216888,-0.16870394616287487,0.97624918908568348
5,camera_to_base,12,head_camera_color_optical_frame,0.086390695675198512,-0.1659855717328384,0.97153791788354726
5,camera_to_base,13,head_camera_color_optical_frame,0.11589348137618014,-0.1632671973028019,0.96682664668141105
5,camera_to_base,14,head_camera_color_optical_frame,0.14539626707716174,-0.1605488228727654,0.96211537547927484
5,camera_to_base,15,head_camera_color_optical_frame,0.17489905277814338,-0.15783044844272892,0.95740410427713862
5,camera_to_base,16,head_camera_color_optical_frame,0.20440183847912499,-0.15511207401269242,0.95269283307500241
5,camera_to_base,17,head_camera_color_optical_frame,0.23390462418010663,-0.15239369958265592,0.9479815618728662
5,camera_to_base,18,head_camera_color_optical_frame,0.26340740988108824,-0.14967532515261944,0.94327029067072998
5,camera_to_base,19,head_camera_color_optical_frame,0.29291019558206988,-0.14695695072258294,0.93855901946859377
5,camera_to_base,20,head_camera_color_optical_frame,0.32241298128305151,-0.14423857629254644,0.93384774826645756
5,camera_to_base,21,head_camera_color_optical_frame,0.3519157669840331,-0.14152020186250996,0.92913647706432134
5,camera_to_base,22,head_camera_color_optical_frame,0.053945206971438002,-0.13887337999059851,0.97503353252280167
5,camera_to_base,23,head_camera_color_optical_frame,0.083447992672419632,-0.13615500556056204,0.97032226132066546
5,camera_to_base,24,head_camera_color_optical_frame,0.11295077837340126,-0.13343663113052553,0.96561099011852924
5,camera_to_base,25,head_camera_color_optical_frame,0.14245356407438287,-0.13071825670048903,0.96089971891639303
5,camera_to_base,26,head_camera_color_optical_frame,0.1719563497753645,-0.12799988227045256,0.95618844771425682
5,camera_to_base,27,head_camera_color_optical_frame,0.20145913547634611,-0.12528150784041608,0.9514771765121206
5,camera_to_base,28,head_camera_color_optical_frame,0.23096192117732772,-0.12256313341037957,0.94676590530998439
5,camera_to_base,29,head_camera_color_optical_frame,0.26046470687830936,-0.11984475898034308,0.94205463410784818
5,camera_to_base,30,head_camera_color_optical_frame,0.289967492579291,-0.11712638455030659,0.93734336290571196
5,camera_to_base,31,head_camera_color_optical_frame,0.31947027828027263,-0.11440801012027009,0.93263209170357575
5,camera_to_base,32,head_camera_color_optical_frame,0.34897306398125422,-0.1116896356902336,0.92792082050143954
5,camera_to_base,33,head_camera_color_optical_frame,0.051002503968659116,-0.10904281381832216,0.97381787595991987
5,camera_to_base,34,head_camera_color_optical_frame,0.080505289669640739,-0.10632443938828567,0.96910660475778365
5,camera_to_base,35,head_camera_color_optical_frame,0.11000807537062236,-0.10360606495824917,0.96439533355564744
5,camera_to_base,36,head_camera_color_optical_frame,0.13951086107160399,-0.10088769052821268,0.95968406235351122
5,camera_to_base,37,head_camera_color_optical_frame,0.16901364677258562,-0.098169316098176196,0.95497279115137501
5,camera_to_base,38,head_camera_color_optical_frame,0.19851643247356723,-0.095450941668139708,0.9502615199492388
5,camera_to_base,39,head_camera_color_optical_frame,0.22801921817454884,-0.092732567238103206,0.94555024874710258
5,camera_to_base,40,head_camera_color_optical_frame,0.25752200387553048,-0.090014192808066718,0.94083897754496637
5,camera_to_base,41,head_camera_color_optical_frame,0.28702478957651212,-0.087295818378030229,0.93612770634283016
5,camera_to_base,42,head_camera_color_optical_frame,0.31652757527749376,-0.084577443947993727,0.93141643514069394
5,camera_to_base,43,head_camera_color_optical_frame,0.34603036097847534,-0.081859069517957239,0.92670516393855773
5,camera_to_base,44,head_camera_color_optical_frame,0.048059800965880237,-0.079212247646045814,0.97260221939703806
5,camera_to_base,45,head_camera_color_optical_frame,0.07756258666686186,-0.076493873216009325,0.96789094819490185
5,camera_to_base,46,head_camera_color_optical_frame,0.10706537236784348,-0.073775498785972823,0.96317967699276563
5,camera_to_base,47,head_camera_color_optical_frame,0.13656815806882511,-0.071057124355936335,0.95846840579062942
5,camera_to_base,48,head_camera_color_optical_frame,0.16607094376980672,-0.068338749925899833,0.95375713458849321
5,camera_to_base,49,head_camera_color_optical_frame,0.19557372947078835,-0.065620375495863359,0.94904586338635699
5,camera_to_base,50,head_camera_color_optical_frame,0.22507651517176996,-0.062902001065826857,0.94433459218422078
5,camera_to_base,51,head_camera_color_optical_frame,0.2545793008727516,-0.060183626635790355,0.93962332098208456
5,camera_to_base,52,head_camera_color_optical_frame,0.28408208657373324,-0.057465252205753881,0.93491204977994835
5,camera_to_base,53,head_camera_color_optical_frame,0.31358487227471488,-0.054746877775717379,0.93020077857781214
5,camera_to_base,54,head_camera_color_optical_frame,0.34308765797569646,-0.052028503345680904,0.92548950737567592
5,camera_to_base,55,head_camera_color_optical_frame,0.045117097963101351,-0.049381681473769451,0.97138656283415625
5,camera_to_base,56,head_camera_color_optical_frame,0.074619883664082981,-0.046663307043732949,0.96667529163202004
5,camera_to_base,57,head_camera_color_optical_frame,0.10412266936506459,-0.043944932613696475,0.96196402042988383
5,camera_to_base,58,head_camera_color_optical_frame,0.13362545506604623,-0.041226558183659973,0.95725274922774761
5,camera_to_base,59,head_camera_color_optical_frame,0.16312824076702784,-0.038508183753623471,0.9525414780256114
5,camera_to_base,60,head_camera_color_optical_frame,0.19263102646800945,-0.035789809323586996,0.94783020682347519
5,camera_to_base,61,head_camera_color_optical_frame,0.22213381216899108,-0.033071434893550494,0.94311893562133897
5,camera_to_base,62,head_camera_color_optical_frame,0.25163659786997272,-0.030353060463513992,0.93840766441920276
5,camera_to_base,63,head_camera_color_optical_frame,0.28113938357095436,-0.027634686033477518,0.93369639321706654
5,camera_to_base,64,head_camera_color_optical_frame,0.310642169271936,-0.024916311603441016,0.92898512201493033
5,camera_to_base,65,head_camera_color_optical_frame,0.34014495497291758,-0.022197937173404542,0.92427385081279412
5,camera_to_base,66,head_camera_color_optical_frame,0.042174394960322464,-0.019551115301493088,0.97017090627127445
5,camera_to_base,67,head_camera_color_optical_frame,0.071677180661304088,-0.016832740871456586,0.96545963506913823
5,camera_to_base,68,head_camera_color_optical_frame,0.10117996636228571,-0.014114366441420112,0.96074836386700202
5,camera_to_base,69,head_camera_color_optical_frame,0.13068275206326732,-0.01139599201138361,0.95603709266486581
5,camera_to_base,70,head_camera_color_optical_frame,0.16018553776424896,-0.0086776175813471079,0.95132582146272959
5,camera_to_base,71,head_camera_color_optical_frame,0.18968832346523057,-0.0059592431513106336,0.94661455026059338
5,camera_to_base,72,head_camera_color_optical_frame,0.21919110916621221,-0.0032408687212741316,0.94190327905845717
5,camera_to_base,73,head_camera_color_optical_frame,0.24869389486719382,-0.00052249429123762958,0.93719200785632095
5,camera_to_base,74,head_camera_color_optical_frame,0.27819668056817548,0.0021958801387988447,0.93248073665418474
5,camera_to_base,75,head_camera_color_optical_frame,0.30769946626915712,0.0049142545688353467,0.92776946545204853
5,camera_to_base,76,head_camera_color_optical_frame,0.3372022519701387,0.007632628998871821,0.92305819424991231
5,camera_to_base,77,head_camera_color_optical_frame,0.039231691957543578,0.010279450870783247,0.96895524970839264
5,camera_to_base,78,head_camera_color_optical_frame,0.068734477658525195,0.012997825300819749,0.96424397850625643
5,camera_to_base,79,head_camera_color_optical_frame,0.098237263359506832,0.015716199730856223,0.95953270730412021
5,camera_to_base,80,head_camera_color_optical_frame,0.12774004906048844,0.018434574160892725,0.954821436101984
5,camera_to_base,81,head_camera_color_optical_frame,0.15724283476147008,0.021152948590929227,0.95011016489984779
5,camera_to_base,82,head_camera_color_optical_frame,0.18674562046245169,0.023871323020965701,0.94539889369771157
5,camera_to_base,83,head_camera_color_optical_frame,0.2162484061634333,0.026589697451002203,0.94068762249557536
5,camera_to_base,84,head_camera_color_optical_frame,0.24575119186441494,0.029308071881038705,0.93597635129343915
5,camera_to_base,85,head_camera_color_optical_frame,0.27525397756539655,0.03202644631107518,0.93126508009130293
5,camera_to_base,86,head_camera_color_optical_frame,0.30475676326637824,0.034744820741111682,0.92655380888916672
5,camera_to_base,87,head_camera_color_optical_frame,0.33425954896735982,0.037463195171148156,0.92184253768703051
5,tag_to_base,0,checkerboard_link,0,0,0
5,tag_to_base,1,checkerboard_link,0.029999999999999999,0,0
5,tag_to_base,2,checkerboard_link,0.059999999999999998,0,0
5,tag_to_base,3,checkerboard_link,0.089999999999999997,0,0
5,tag_to_base,4,checkerboard_link,0.12,0,0
5,tag_to_base,5,checkerboard_link,0.14999999999999999,0,0
5,tag_to_base,6,checkerboard_link,0.17999999999999999,0,0
5,tag_to_base,7,checkerboard_link,0.20999999999999999,0,0
5,tag_to_base,8,checkerboard_link,0.23999999999999999,0,0
5,tag_to_base,9,checkerboard_link,0.27000000000000002,0,0
5,tag_to_base,10,checkerboard_link,0.29999999999999999,0,0
5,tag_to_base,11,checkerboard_link,0,0.029999999999999999,0
5,tag_to_base,12,checkerboard_link,0.029999999999999999,0.029999999999999999,0
5,tag_to_base,13,checkerboard_link,0.059999999999999998,0.029999999999999999,0
5,tag_to_base,14,checkerboard_link,0.089999999999999997,0.029999999999999999,0
5,tag_to_base,15,checkerboard_link,0.12,0.029999999999999999,0
5,tag_to_base,16,checkerboard_link,0.14999999999999999,0.029999999999999999,0
5,tag_to_base,17,checkerboard_link,0.17999999999999999,0.029999999999999999,0
5,tag_to_base,18,checkerboard_link,0.20999999999999999,0.029999999999999999,0
5,tag_to_base,19,checkerboard_link,0.23999999999999999,0.029999999999999999,0
5,tag_to_base,20,checkerboard_link,0.27000000000000002,0.029999999999999999,0
5,tag_to_base,21,checkerboard_link,0.29999999999999999,0.029999999999999999,0
5,tag_to_base,22,checkerboard_link,0,0.059999999999999998,0
5,tag_to_base,23,checkerboard_link,0.029999999999999999,0.059999999999999998,0
5,tag_to_base,24,checkerboard_link,0.059999999999999998,0.059999999999999998,0
5,tag_to_base,25,checkerboard_link,0.089999999999999997,0.059999999999999998,0
5,tag_to_base,26,checkerboard_link,0.12,0.059999999999999998,0
5,tag_to_base,27,checkerboard_link,0.14999999999999999,0.059999999999999998,0
5,tag_to_base,28,checkerboard_link,0.17999999999999999,0.059999999999999998,0
5,tag_to_base,29,checkerboard_link,0.20999999999999999,0.059999999999999998,0
5,tag_to_base,30,checkerboard_link,0.23999999999999999,0.059999999999999998,0
5,tag_to_base,31,checkerboard_link,0.27000000000000002,0.059999999999999998,0
5,tag_to_base,32,checkerboard_link,0.29999999999999999,0.059999999999999998,0
5,tag_to_base,33,checkerboard_link,0,0.089999999999999997,0
5,tag_to_base,34,checkerboard_link,0.029999999999999999,0.089999999999999997,0
5,tag_to_base,35,checkerboard_link,0.059999999999999998,0.089999999999999997,0
5,tag_to_base,36,checkerboard_link,0.089999999999999997,0.089999999999999997,0
5,tag_to_base,37,checkerboard_link,0.12,0.089999999999999997,0
5,tag_to_base,38,checkerboard_link,0.14999999999999999,0.089999999999999997,0
5,tag_to_base,39,checkerboard_link,0.17999999999999999,0.089999999999999997,0
5,tag_to_base,40,checkerboard_link,0.20999999999999999,0.089999999999999997,0
5,tag_to_base,41,checkerboard_link,0.23999999999999999,0.089999999999999997,0
5,tag_to_base,42,checkerboard_link,0.27000000000000002,0.089999999999999997,0
5,tag_to_base,43,checkerboard_link,0.29999999999999999,0.089999999999999997,0
5,tag_to_base,44,checkerboard_link,0,0.12,0
5,tag_to_base,45,checkerboard_link,0.029999999999999999,0.12,0
5,tag_to_base,46,checkerboard_link,0.059999999999999998,0.12,0
5,tag_to_base,47,checkerboard_link,0.089999999999999997,0.12,0
5,tag_to_base,48,checkerboard_link,0.12,0.12,0
5,tag_to_base,49,checkerboard_link,0.14999999999999999,0.12,0
5,tag_to_base,50,checkerboard_link,0.17999999999999999,0.12,0
5,tag_to_base,51,checkerboard_link,0.20999999999999999,0.12,0
5,tag_to_base,52,checkerboard_link,0.23999999999999999,0.12,0
5,tag_to_base,53,checkerboard_link,0.27000000000000002,0.12,0
5,tag_to_base,54,checkerboard_link,0.29999999999999999,0.12,0
5,tag_to_base,55,checkerboard_link,0,0.14999999999999999,0
5,tag_to_base,56,checkerboard_link,0.029999999999999999,0.14999999999999999,0
5,tag_to_base,57,checkerboard_link,0.059999999999999998,0.14999999999999999,0
5,tag_to_base,58,checkerboard_link,0.089999999999999997,0.14999999999999999,0
5,tag_to_base,59,checkerboard_link,0.12,0.14999999999999999,0
5,tag_to_base,60,checkerboard_link,0.14999999999999999,0.14999999999999999,0
5,tag_to_base,61,checkerboard_link,0.17999999999999999,0.14999999999999999,0
5,tag_to_base,62,checkerboard_link,0.20999999999999999,0.14999999999999999,0
5,tag_to_base,63,checkerboard_link,0.23999999999999999,0.14999999999999999,0
5,tag_to_base,64,checkerboard_link,0.27000000000000002,0.14999999999999999,0
5,tag_to_base,65,checkerboard_link,0.29999999999999999,0.14999999999999999,0
5,tag_to_base,66,checkerboard_link,0,0.17999999999999999,0
5,tag_to_base,67,checkerboard_link,0.029999999999999999,0.17999999999999999,0
5,tag_to_base,68,checkerboard_link,0.059999999999999998,0.17999999999999999,0
5,tag_to_base,69,checkerboard_link,0.089999999999999997,0.17999999999999999,0
5,tag_to_base,70,checkerboard_link,0.12,0.17999999999999999,0
5,tag_to_base,71,checkerboard_link,0.14999999999999999,0.17999999999999999,0
5,tag_to_base,72,checkerboard_link,0.17999999999999999,0.17999999999999999,0
5,tag_to_base,73,checkerboard_link,0.20999999999999999,0.17999999999999999,0
5,tag_to_base,74,checkerboard_link,0.23999999999999999,0.17999999999999999,0
5,tag_to_base,75,checkerboard_link,0.27000000000000002,0.17999999999999999,0
5,tag_to_base,76,checkerboard_link,0.29999999999999999,0.17999999999999999,0
5,tag_to_base,77,checkerboard_link,0,0.20999999999999999,0
5,tag_to_base,78,checkerboard_link,0.029999999999999999,0.20999999999999999,0
5,tag_to_base,79,checkerboard_link,0.059999999999999998,0.20999999999999999,0
5,tag_to_base,80,checkerboard_link,0.089999999999999997,0.20999999999999999,0
5,tag_to_base,81,checkerboard_link,0.12,0.20999999999999999,0
5,tag_to_base,82,checkerboard_link,0.14999999999999999,0.20999999999999999,0
5,tag_to_base,83,checkerboard_link,0.17999999999999999,0.20999999999999999,0
5,tag_to_base,84,checkerboard_link,0.20999999999999999,0.20999999999999999,0
5,tag_to_base,85,checkerboard_link,0.23999999999999999,0.20999999999999999,0
5,tag_to_base,86,checkerboard_link,0.27000000000000002,0.20999999999999999,0
5,tag_to_base,87,checkerboard_link,0.29999999999999999,0.20999999999999999,0
6,camera_to_base,0,head_camera_color_optical_frame,-0.33697356026445757,-0.16787098964430403,0.92133864376005548
6,camera_to_base,1,head_camera_color_optical_frame,-0.30757213120125998,-0.17069804149385537,0.9265887625093514
6,camera_to_base,2,head_camera_color_optical_frame,-0.27817070213806239,-0.17352509334340671,0.93183888125864722
6,camera_to_base,3,head_camera_color_optical_frame,-0.24876927307486479,-0.17635214519295805,0.93708900000794315
6,camera_to_base,4,head_camera_color_optical_frame,-0.2193678440116672,-0.17917919704250942,0.94233911875723908
6,camera_to_base,5,head_camera_color_optical_frame,-0.18996641494846964,-0.18200624889206077,0.9475892375065349
6,camera_to_base,6,head_camera_color_optical_frame,-0.16056498588527204,-0.18483330074161211,0.95283935625583083
6,camera_to_base,7,head_camera_color_optical_frame,-0.13116355682207445,-0.18766035259116345,0.95808947500512676
6,camera_to_base,8,head_camera_color_optical_frame,-0.10176212775887686,-0.1904874044407148,0.96333959375442269
6,camera_to_base,9,head_camera_color_optical_frame,-0.072360698695679238,-0.19331445629026617,0.9685897125037185
6,camera_to_base,10,head_camera_color_optical_frame,-0.0429592696324817,-0.19614150813981751,0.97383983125301443
6,camera_to_base,11,head_camera_color_optical_frame,-0.33389865669630747,-0.13805165945582915,0.92017566690848496
6,camera_to_base,12,head_camera_color_optical_frame,-0.30449722763310988,-0.14087871130538049,0.92542578565778078
6,camera_to_base,13,head_camera_color_optical_frame,-0.27509579856991229,-0.14370576315493186,0.9306759044070767
6,camera_to_base,14,head_camera_color_optical_frame,-0.24569436950671472,-0.1465328150044832,0.93592602315637263
6,camera_to_base,15,head_camera_color_optical_frame,-0.21629294044351713,-0.14935986685403455,0.94117614190566845
6,camera_to_base,16,head_camera_color_optical_frame,-0.18689151138031954,-0.15218691870358589,0.94642626065496438
6,camera_to_base,17,head_camera_color_optical_frame,-0.15749008231712194,-0.15501397055313723,0.95167637940426031
6,camera_to_base,18,head_camera_color_optical_frame,-0.12808865325392435,-0.1578410224026886,0.95692649815355613
6,camera_to_base,19,head_camera_color_optical_frame,-0.098687224190726758,-0.16066807425223995,0.96217661690285206
6,camera_to_base,20,head_camera_color_optical_frame,-0.069285795127529137,-0.16349512610179129,0.96742673565214798
6,camera_to_base,21,head_camera_color_optical_frame,-0.0398843660643316,-0.16632217795134263,0.97267685440144391
6,camera_to_base,22,head_camera_color_optical_frame,-0.33082375312815743,-0.10823232926735429,0.91901269005691433
6,camera_to_base,23,head_camera_color_optical_frame,-0.30142232406495983,-0.11105938111690564,0.92426280880621026
6,camera_to_base,24,head_camera_color_optical_frame,-0.27202089500176224,-0.11388643296645698,0.92951292755550619
6,camera_to_base,25,head_camera_color_optical_frame,-0.24261946593856465,-0.11671348481600832,0.934763046304802
6,camera_to_base,26,head_camera_color_optical_frame,-0.21321803687536706,-0.11954053666555968,0.94001316505409793
6,camera_to_base,27,head_camera_color_optical_frame,-0.18381660781216946,-0.12236758851511102,0.94526328380339386
6,camera_to_base,28,head_camera_color_optical_frame,-0.15441517874897187,-0.12519464036466238,0.95051340255268968
6,camera_to_base,29,head_camera_color_optical_frame,-0.12501374968577428,-0.12802169221421372,0.95576352130198561
6,camera_to_base,30,head_camera_color_optical_frame,-0.095612320622576685,-0.13084874406376507,0.96101364005128154
6,camera_to_base,31,head_camera_color_optical_frame,-0.066210891559379093,-0.13367579591331641,0.96626375880057735
6,camera_to_base,32,head_camera_color_optical_frame,-0.0368094624961815,-0.13650284776286775,0.97151387754987328
6,camera_to_base,33,head_camera_color_optical_frame,-0.32774884956000733,-0.078412999078879414,0.91784971320534381
6,camera_to_base,34,head_camera_color_optical_frame,-0.29834742049680973,-0.081240050928430757,0.92309983195463974
6,camera_to_base,35,head_camera_color_optical_frame,-0.26894599143361214,-0.084067102777982114,0.92834995070393556
6,camera_to_base,36,head_camera_color_optical_frame,-0.23954456237041455,-0.086894154627533457,0.93360006945323148
6,camera_to_base,37,head_camera_color_optical_frame,-0.21014313330721696,-0.0897212064770848,0.93885018820252741
6,camera_to_base,38,head_camera_color_optical_frame,-0.18074170424401936,-0.092548258326636157,0.94410030695182323
6,camera_to_base,39,head_camera_color_optical_frame,-0.15134027518082177,-0.0953753101761875,0.94935042570111916
6,camera_to_base,40,head_camera_color_optical_frame,-0.12193884611762418,-0.098202362025738843,0.95460054445041509
6,camera_to_base,41,head_camera_color_optical_frame,-0.092537417054426585,-0.1010294138752902,0.95985066319971091
6,camera_to_base,42,head_camera_color_optical_frame,-0.063135987991228992,-0.10385646572484154,0.96510078194900684
6,camera_to_base,43,head_camera_color_optical_frame,-0.0337345589280314,-0.1066835175743929,0.97035090069830277
6,camera_to_base,44,head_camera_color_optical_frame,-0.32467394599185723,-0.048593668890404548,0.91668673635377329
6,camera_to_base,45,head_camera_color_optical_frame,-0.29527251692865963,-0.051420720739955891,0.92193685510306911
6,camera_to_base,46,head_camera_color_optical_frame,-0.26587108786546204,-0.054247772589507248,0.92718697385236504
6,camera_to_base,47,head_camera_color_optical_frame,-0.23646965880226445,-0.057074824439058591,0.93243709260166097
6,camera_to_base,48,head_camera_color_optical_frame,-0.20706822973906688,-0.059901876288609934,0.93768721135095678
6,camera_to_base,49,head_camera_color_optical_frame,-0.17766680067586929,-0.062728928138161291,0.94293733010025271
6,camera_to_base,50,head_camera_color_optical_frame,-0.1482653716126717,-0.065555979987712634,0.94818744884954864
6,camera_to_base,51,head_camera_color_optical_frame,-0.11886394254947411,-0.068383031837263977,0.95343756759884446
6,camera_to_base,52,head_camera_color_optical_frame,-0.089462513486276513,-0.071210083686815334,0.95868768634814039
6,camera_to_base,53,head_camera_color_optical_frame,-0.060061084423078892,-0.074037135536366677,0.96393780509743632
6,camera_to_base,54,head_camera_color_optical_frame,-0.030659655359881355,-0.07686418738591802,0.96918792384673214
6,camera_to_base,55,head_camera_color_optical_frame,-0.32159904242370713,-0.018774338701929683,0.91552375950220266
6,camera_to_base,56,head_camera_color_optical_frame,-0.29219761336050953,-0.021601390551481026,0.92077387825149859
6,camera_to_base,57,head_camera_color_optical_frame,-0.262796184297312,-0.024428442401032369,0.92602399700079452
6,camera_to_base,58,head_camera_color_optical_frame,-0.23339475523411438,-0.027255494250583739,0.93127411575009034
6,camera_to_base,59,head_camera_color_optical_frame,-0.20399332617091678,-0.030082546100135082,0.93652423449938627
6,camera_to_base,60,head_camera_color_optical_frame,-0.17459189710771919,-0.032909597949686425,0.94177435324868219
6,camera_to_base,61,head_camera_color_optical_frame,-0.1451904680445216,-0.035736649799237769,0.94702447199797801
6,camera_to_base,62,head_camera_color_optical_frame,-0.11578903898132401,-0.038563701648789112,0.95227459074727394
6,camera_to_base,63,head_camera_color_optical_frame,-0.08638760991812644,-0.041390753498340455,0.95752470949656987
6,camera_to_base,64,head_camera_color_optical_frame,-0.056986180854928792,-0.044217805347891811,0.96277482824586569
6,camera_to_base,65,head_camera_color_optical_frame,-0.027584751791731255,-0.047044857197443155,0.96802494699516162
6,camera_to_base,66,head_camera_color_optical_frame,-0.31852413885555708,0.011044991486545197,0.91436078265063214
6,camera_to_base,67,head_camera_color_optical_frame,-0.28912270979235943,0.008217939636993854,0.91961090139992796
6,camera_to_base,68,head_camera_color_optical_frame,-0.2597212807291619,0.005390887787442511,0.92486102014922389
6,camera_to_base,69,head_camera_color_optical_frame,-0.2303198516659643,0.0025638359378911402,0.93011113889851982
6,camera_to_base,70,head_camera_color_optical_frame,-0.20091842260276668,-0.00026321591166020286,0.93536125764781575
6,camera_to_base,71,head_camera_color_optical_frame,-0.17151699353956912,-0.0030902677612115459,0.94061137639711156
6,camera_to_base,72,head_camera_color_optical_frame,-0.14211556447637153,-0.0059173196107628889,0.94586149514640749
6,camera_to_base,73,head_camera_color_optical_frame,-0.11271413541317393,-0.008744371460314232,0.95111161389570342
6,camera_to_base,74,head_camera_color_optical_frame,-0.08331270634997634,-0.011571423309865575,0.95636173264499924
6,camera_to_base,75,head_camera_color_optical_frame,-0.053911277286778747,-0.014398475159416946,0.96161185139429517
6,camera_to_base,76,head_camera_color_optical_frame,-0.024509848223581154,-0.017225527008968289,0.9668619701435911
6,camera_to_base,77,head_camera_color_optical_frame,-0.31544923528740698,0.040864321675020077,0.91319780579906151
6,camera_to_base,78,head_camera_color_optical_frame,-0.28604780622420939,0.038037269825468734,0.91844792454835744
6,camera_to_base,79,head_camera_color_optical_frame,-0.2566463771610118,0.035210217975917391,0.92369804329765337
6,camera_to_base,80,head_camera_color_optical_frame,-0.2272449480978142,0.03238316612636602,0.92894816204694919
6,camera_to_base,81,head_camera_color_optical_frame,-0.19784351903461661,0.029556114276814677,0.93419828079624512
6,camera_to_base,82,head_camera_color_optical_frame,-0.16844208997141902,0.026729062427263334,0.93944839954554105
6,camera_to_base,83,head_camera_color_optical_frame,-0.13904066090822143,0.023902010577711991,0.94469851829483698
6,camera_to_base,84,head_camera_color_optical_frame,-0.10963923184502383,0.021074958728160648,0.94994863704413279
6,camera_to_base,85,head_camera_color_optical_frame,-0.08023780278182624,0.018247906878609305,0.95519875579342872
6,camera_to_base,86,head_camera_color_optical_frame,-0.050836373718628647,0.015420855029057934,0.96044887454272465
6,camera_to_base,87,head_camera_color_optical_frame,-0.021434944655431054,0.012593803179506591,0.96569899329202047
6,tag_to_base,0,checkerboard_link,0,0,0
6,tag_to_base,1,checkerboard_link,0.029999999999999999,0,0
6,tag_to_base,2,checkerboard_link,0.059999999999999998,0,0
6,tag_to_base,3,checkerboard_link,0.089999999999999997,0,0
6,tag_to_base,4,checkerboard_link,0.12,0,0
6,tag_to_base,5,checkerboard_link,0.14999999999999999,0,0
6,tag_to_base,6,checkerboard_link,0.17999999999999999,0,0
6,tag_to_base,7,checkerboard_link,0.20999999999999999,0,0
6,tag_to_base,8,checkerboard_link,0.23999999999999999,0,0
6,tag_to_base,9,checkerboard_link,0.27000000000000002,0,0
6,tag_to_base,10,checkerboard_link,0.29999999999999999,0,0
6,tag_to_base,11,checkerboard_link,0,0.029999999999999999,0
6,tag_to_base,12,checkerboard_link,0.029999999999999999,0.029999999999999999,0
6,tag_to_base,13,checkerboard_link,0.059999999999999998,0.029999999999999999,0
6,tag_to_base,14,checkerboard_link,0.089999999999999997,0.029999999999999999,0
6,tag_to_base,15,checkerboard_link,0.12,0.029999999999999999,0
6,tag_to_base,16,checkerboard_link,0.14999999999999999,0.029999999999999999,0
6,tag_to_base,17,checkerboard_link,0.17999999999999999,0.029999999999999999,0
6,tag_to_base,18,checkerboard_link,0.20999999999999999,0.029999999999999999,0
6,tag_to_base,19,checkerboard_link,0.23999999999999999,0.029999999999999999,0
6,tag_to_base,20,checkerboard_link,0.27000000000000002,0.029999999999999999,0
6,tag_to_base,21,checkerboard_link,0.29999999999999999,0.029999999999999999,0
6,tag_to_base,22,checkerboard_link,0,0.059999999999999998,0
6,tag_to_base,23,checkerboard_link,0.029999999999999999,0.059999999999999998,0
6,tag_to_base,24,checkerboard_link,0.059999999999999998,0.059999999999999998,0
6,tag_to_base,25,checkerboard_link,0.089999999999999997,0.059999999999999998,0
6,tag_to_base,26,checkerboard_link,0.12,0.059999999999999998,0
6,tag_to_base,27,checkerboard_link,0.14999999999999999,0.059999999999999998,0
6,tag_to_base,28,checkerboard_link,0.17999999999999999,0.059999999999999998,0
6,tag_to_base,29,checkerboard_link,0.20999999999999999,0.059999999999999998,0
6,tag_to_base,30,checkerboard_link,0.23999999999999999,0.059999999999999998,0
6,tag_to_base,31,checkerboard_link,0.27000000000000002,0.059999999999999998,0
6,tag_to_base,32,checkerboard_link,0.29999999999999999,0.059999999999999998,0
6,tag_to_base,33,checkerboard_link,0,0.089999999999999997,0
6,tag_to_base,34,checkerboard_link,0.029999999999999999,0.089999999999999997,0
6,tag_to_base,35,checkerboard_link,0.059999999999999998,0.089999999999999997,0
6,tag_to_base,36,checkerboard_link,0.089999999999999997,0.089999999999999997,0
6,tag_to_base,37,checkerboard_link,0.12,0.089999999999999997,0
6,tag_to_base,38,checkerboard_link,0.14999999999999999,0.089999999999999997,0
6,tag_to_base,39,checkerboard_link,0.17999999999999999,0.089999999999999997,0
6,tag_to_base,40,checkerboard_link,0.20999999999999999,0.089999999999999997,0
6,tag_to_base,41,checkerboard_link,0.23999999999999999,0.089999999999999997,0
6,tag_to_base,42,checkerboard_link,0.27000000000000002,0.089999999999999997,0
6,tag_to_base,43,checkerboard_link,0.29999999999999999,0.089999999999999997,0
6,tag_to_base,44,checkerboard_link,0,0.12,0
6,tag_to_base,45,checkerboard_link,0.029999999999999999,0.12,0
6,tag_to_base,46,checkerboard_link,0.059999999999999998,0.12,0
6,tag_to_base,47,checkerboard_link,0.089999999999999997,0.12,0
6,tag_to_base,48,checkerboard_link,0.12,0.12,0
6,tag_to_base,49,checkerboard_link,0.14999999999999999,0.12,0
6,tag_to_base,50,checkerboard_link,0.17999999999999999,0.12,0
6,tag_to_base,51,checkerboard_link,0.20999999999999999,0.12,0
6,tag_to_base,52,checkerboard_link,0.23999999999999999,0.12,0
6,tag_to_base,53,checkerboard_link,0.27000000000000002,0.12,0
6,tag_to_base,54,checkerboard_link,0.29999999999999999,0.12,0
6,tag_to_base,55,checkerboard_link,0,0.14999999999999999,0
6,tag_to_base,56,checkerboard_link,0.029999999999999999,0.14999999999999999,0
6,tag_to_base,57,checkerboard_link,0.059999999999999998,0.14999999999999999,0
6,tag_to_base,58,checkerboard_link,0.089999999999999997,0.14999999999999999,0
6,tag_to_base,59,checkerboard_link,0.12,0.14999999999999999,0
6,tag_to_base,60,checkerboard_link,0.14999999999999999,0.14999999999999999,0
6,tag_to_base,61,checkerboard_link,0.17999999999999999,0.14999999999999999,0
6,tag_to_base,62,checkerboard_link,0.20999999999999999,0.14999999999999999,0
6,tag_to_base,63,checkerboard_link,0.23999999999999999,0.14999999999999999,0
6,tag_to_base,64,checkerboard_link,0.27000000000000002,0.14999999999999999,0
6,tag_to_base,65,checkerboard_link,0.29999999999999999,0.14999999999999999,0
6,tag_to_base,66,checkerboard_link,0,0.17999999999999999,0
6,tag_to_base,67,checkerboard_link,0.029999999999999999,0.17999999999999999,0
6,tag_to_base,68,checkerboard_link,0.059999999999999998,0.17999999999999999,0
6,tag_to_base,69,checkerboard_link,0.089999999999999997,0.17999999999999999,0
6,tag_to_base,70,checkerboard_link,0.12,0.17999999999999999,0
6,tag_to_base,71,checkerboard_link,0.14999999999999999,0.17999999999999999,0
6,tag_to_base,72,checkerboard_link,0.17999999999999999,0.17999999999999999,0
6,tag_to_base,73,checkerboard_link,0.20999999999999999,0.17999999999999999,0
6,tag_to_base,74,checkerboard_link,0.23999999999999999,0.17999999999999999,0
6,tag_to_base,75,checkerboard_link,0.27000000000000002,0.17999999999999999,0
6,tag_to_base,76,checkerboard_link,0.29999999999999999,0.17999999999999999,0
6,tag_to_base,77,checkerboard_link,0,0.20999999999999999,0
6,tag_to_base,78,checkerboard_link,0.029999999999999999,0.20999999999999999,0
6,tag_to_base,79,checkerboard_link,0.059999999999999998,0.20999999999999999,0
6,tag_to_base,80,checkerboard_link,0.089999999999999997,0.20999999999999999,0
6,tag_to_base,81,checkerboard_link,0.12,0.20999999999999999,0
6,tag_to_base,82,checkerboard_link,0.14999999999999999,0.20999999999999999,0
6,tag_to_base,83,checkerboard_link,0.17999999999999999,0.20999999999999999,0
6,tag_to_base,84,checkerboard_link,0.20999999999999999,0.20999999999999999,0
6,tag_to_base,85,checkerboard_link,0.23999999999999999,0.20999999999999999,0
6,tag_to_base,86,checkerboard_link,0.27000000000000002,0.20999999999999999,0
6,tag_to_base,87,checkerboard_link,0.29999999999999999,0.20999999999999999,0
7,camera_to_base,0,head_camera_color_optical_frame,-0.32317203799594491,-0.26514783863569313,0.89668266474850133
7,camera_to_base,1,head_camera_color_optical_frame,-0.29371063494899047,-0.2682287338251893,0.90142964434991557
7,camera_to_base,2,head_camera_color_optical_frame,-0.26424923190203603,-0.27130962901468553,0.90617662395132981
7,camera_to_base,3,head_camera_color_optical_frame,-0.23478782885508159,-0.2743905242041817,0.91092360355274404
7,camera_to_base,4,head_camera_color_optical_frame,-0.20532642580812716,-0.27747141939367787,0.91567058315415839
7,camera_to_base,5,head_camera_color_optical_frame,-0.17586502276117272,-0.28055231458317409,0.92041756275557263
7,camera_to_base,6,head_camera_color_optical_frame,-0.14640361971421828,-0.28363320977267026,0.92516454235698686
7,camera_to_base,7,head_camera_color_optical_frame,-0.11694221666726384,-0.28671410496216643,0.9299115219584011
7,camera_to_base,8,head_camera_color_optical_frame,-0.087480813620309406,-0.2897950001516626,0.93465850155981534
7,camera_to_base,9,head_camera_color_optical_frame,-0.058019410573354968,-0.29287589534115882,0.93940548116122957
7,camera_to_base,10,head_camera_color_optical_frame,-0.028558007526400531,-0.29595679053065499,0.94415246076264381
7,camera_to_base,11,head_camera_color_optical_frame,-0.32031431839714736,-0.23532810387642578,0.89830033516659968
7,camera_to_base,12,head_camera_color_optical_frame,-0.29085291535019298,-0.23840899906592197,0.90304731476801403
7,camera_to_base,13,head_camera_color_optical_frame,-0.26139151230323854,-0.24148989425541814,0.90779429436942827
7,camera_to_base,14,head_camera_color_optical_frame,-0.23193010925628407,-0.24457078944491434,0.9125412739708425
7,camera_to_base,15,head_camera_color_optical_frame,-0.20246870620932964,-0.24765168463441051,0.91728825357225674
7,camera_to_base,16,head_camera_color_optical_frame,-0.1730073031623752,-0.25073257982390673,0.92203523317367098
7,camera_to_base,17,head_camera_color_optical_frame,-0.14354590011542076,-0.2538134750134029,0.92678221277508521
7,camera_to_base,18,head_camera_color_optical_frame,-0.11408449706846632,-0.25689437020289907,0.93152919237649945
7,camera_to_base,19,head_camera_color_optical_frame,-0.084623094021511885,-0.25997526539239524,0.93627617197791368
7,camera_to_base,20,head_camera_color_optical_frame,-0.05516169097455742,-0.26305616058189146,0.94102315157932803
7,camera_to_base,21,head_camera_color_optical_frame,-0.025700287927603038,-0.26613705577138763,0.94577013118074227
7,camera_to_base,22,head_camera_color_optical_frame,-0.31745659879834986,-0.20550836911715842,0.89991800558469814
7,camera_to_base,23,head_camera_color_optical_frame,-0.28799519575139543,-0.20858926430665459,0.90466498518611238
7,camera_to_base,24,head_camera_color_optical_frame,-0.25853379270444099,-0.21167015949615078,0.90941196478752662
7,camera_to_base,25,head_camera_color_optical_frame,-0.22907238965748655,-0.21475105468564698,0.91415894438894085
7,camera_to_base,26,head_camera_color_optical_frame,-0.19961098661053212,-0.21783194987514315,0.91890592399035509
7,camera_to_base,27,head_camera_color_optical_frame,-0.17014958356357768,-0.22091284506463935,0.92365290359176933
7,camera_to_base,28,head_camera_color_optical_frame,-0.14068818051662324,-0.22399374025413554,0.92839988319318367
7,camera_to_base,29,head_camera_color_optical_frame,-0.1112267774696688,-0.22707463544363171,0.93314686279459791
7,camera_to_base,30,head_camera_color_optical_frame,-0.081765374422714365,-0.23015553063312791,0.93789384239601215
7,camera_to_base,31,head_camera_color_optical_frame,-0.052303971375759928,-0.2332364258226241,0.94264082199742638
7,camera_to_base,32,head_camera_color_optical_frame,-0.02284256832880549,-0.23631732101212027,0.94738780159884062
7,camera_to_base,33,head_camera_color_optical_frame,-0.31459887919955232,-0.17568863435789106,0.90153567600279649
7,camera_to_base,34,head_camera_color_optical_frame,-0.28513747615259788,-0.17876952954738723,0.90628265560421073
7,camera_to_base,35,head_camera_color_optical_frame,-0.25567607310564344,-0.18185042473688343,0.91102963520562497
7,camera_to_base,36,head_camera_color_optical_frame,-0.22621467005868903,-0.18493131992637962,0.9157766148070392
7,camera_to_base,37,head_camera_color_optical_frame,-0.19675326701173459,-0.18801221511587579,0.92052359440845355
7,camera_to_base,38,head_camera_color_optical_frame,-0.16729186396478016,-0.19109311030537199,0.92527057400986779
7,camera_to_base,39,head_camera_color_optical_frame,-0.13783046091782572,-0.19417400549486818,0.93001755361128202
7,camera_to_base,40,head_camera_color_optical_frame,-0.10836905787087128,-0.19725490068436435,0.93476453321269626
7,camera_to_base,41,head_camera_color_optical_frame,-0.078907654823916845,-0.20033579587386055,0.93951151281411049
7,camera_to_base,42,head_camera_color_optical_frame,-0.04944625177696238,-0.20341669106335675,0.94425849241552473
7,camera_to_base,43,head_camera_color_optical_frame,-0.019984848730007998,-0.20649758625285292,0.94900547201693897
7,camera_to_base,44,head_camera_color_optical_frame,-0.31174115960075482,-0.1458688995986237,0.90315334642089484
7,camera_to_base,45,head_camera_color_optical_frame,-0.28227975655380039,-0.14894979478811987,0.90790032602230919
7,camera_to_base,46,head_camera_color_optical_frame,-0.25281835350684595,-0.15203068997761607,0.91264730562372343
7,camera_to_base,47,head_camera_color_optical_frame,-0.22335695045989151,-0.15511158516711226,0.91739428522513766
7,camera_to_base,48,head_camera_color_optical_frame,-0.19389554741293707,-0.15819248035660843,0.9221412648265519
7,camera_to_base,49,head_camera_color_optical_frame,-0.16443414436598264,-0.16127337554610463,0.92688824442796613
7,camera_to_base,50,head_camera_color_optical_frame,-0.1349727413190282,-0.16435427073560083,0.93163522402938037
7,camera_to_base,51,head_camera_color_optical_frame,-0.10551133827207376,-0.167435165925097,0.93638220363079461
7,camera_to_base,52,head_camera_color_optical_frame,-0.076049935225119325,-0.17051606111459319,0.94112918323220895
7,camera_to_base,53,head_camera_color_optical_frame,-0.046588532178164888,-0.17359695630408939,0.94587616283362319
7,camera_to_base,54,head_camera_color_optical_frame,-0.01712712913121045,-0.17667785149358556,0.95062314243503743
7,camera_to_base,55,head_camera_color_optical_frame,-0.30888344000195728,-0.11604916483935634,0.9047710168389933
7,camera_to_base,56,head_camera_color_optical_frame,-0.27942203695500289,-0.11913006002885254,0.90951799644040754
7,camera_to_base,57,head_camera_color_optical_frame,-0.24996063390804843,-0.12221095521834871,0.91426497604182178
7,camera_to_base,58,head_camera_color_optical_frame,-0.22049923086109399,-0.12529185040784491,0.91901195564323601
7,camera_to_base,59,head_camera_color_optical_frame,-0.19103782781413955,-0.12837274559734108,0.92375893524465025
7,camera_to_base,60,head_camera_color_optical_frame,-0.16157642476718512,-0.13145364078683727,0.9285059148460646
7,camera_to_base,61,head_camera_color_optical_frame,-0.13211502172023068,-0.13453453597633347,0.93325289444747883
7,camera_to_base,62,head_camera_color_optical_frame,-0.10265361867327624,-0.13761543116582964,0.93799987404889307
7,camera_to_base,63,head_camera_color_optical_frame,-0.073192215626321805,-0.14069632635532583,0.9427468536503073
7,camera_to_base,64,head_camera_color_optical_frame,-0.04373081257936734,-0.14377722154482203,0.94749383325172154
7,camera_to_base,65,head_camera_color_optical_frame,-0.014269409532412958,-0.1468581167343182,0.95224081285313578
7,camera_to_base,66,head_camera_color_optical_frame,-0.30602572040315978,-0.086229430080088987,0.90638868725709165
7,camera_to_base,67,head_camera_color_optical_frame,-0.27656431735620535,-0.089310325269585183,0.91113566685850589
7,camera_to_base,68,head_camera_color_optical_frame,-0.24710291430925091,-0.092391220459081352,0.91588264645992012
7,camera_to_base,69,head_camera_color_optical_frame,-0.21764151126229647,-0.095472115648577549,0.92062962606133447
7,camera_to_base,70,head_camera_color_optical_frame,-0.18818010821534203,-0.098553010838073718,0.92537660566274871
7,camera_to_base,71,head_camera_color_optical_frame,-0.1587187051683876,-0.10163390602756991,0.93012358526416294
7,camera_to_base,72,head_camera_color_optical_frame,-0.12925730212143316,-0.10471480121706611,0.93487056486557718
7,camera_to_base,73,head_camera_color_optical_frame,-0.099795899074478722,-0.10779569640656228,0.93961754446699142
7,camera_to_base,74,head_camera_color_optical_frame,-0.070334496027524285,-0.11087659159605848,0.94436452406840565
7,camera_to_base,75,head_camera_color_optical_frame,-0.040873092980569847,-0.11395748678555467,0.94911150366981989
7,camera_to_base,76,head_camera_color_optical_frame,-0.01141168993361541,-0.11703838197505084,0.95385848327123424
7,camera_to_base,77,head_camera_color_optical_frame,-0.30316800080436224,-0.056409695320821629,0.90800635767519011
7,camera_to_base,78,head_camera_color_optical_frame,-0.2737065977574078,-0.059490590510317826,0.91275333727660435
7,camera_to_base,79,head_camera_color_optical_frame,-0.24424519471045339,-0.062571485699813995,0.91750031687801858
7,camera_to_base,80,head_camera_color_optical_frame,-0.21478379166349895,-0.065652380889310191,0.92224729647943282
7,camera_to_base,81,head_camera_color_optical_frame,-0.18532238861654451,-0.06873327607880636,0.92699427608084706
7,camera_to_base,82,head_camera_color_optical_frame,-0.15586098556959008,-0.071814171268302557,0.93174125568226129
7,camera_to_base,83,head_camera_color_optical_frame,-0.12639958252263564,-0.074895066457798753,0.93648823528367553
7,camera_to_base,84,head_camera_color_optical_frame,-0.096938179475681202,-0.077975961647294922,0.94123521488508977
7,camera_to_base,85,head_camera_color_optical_frame,-0.067476776428726792,-0.081056856836791119,0.94598219448650411
7,camera_to_base,86,head_camera_color_optical_frame,-0.038015373381772299,-0.084137752026287316,0.95072917408791835
7,camera_to_base,87,head_camera_color_optical_frame,-0.0085539703348179175,-0.087218647215783485,0.95547615368933259
7,tag_to_base,0,checkerboard_link,0,0,0
7,tag_to_base,1,checkerboard_link,0.029999999999999999,0,0
7,tag_to_base,2,checkerboard_link,0.059999999999999998,0,0
7,tag_to_base,3,checkerboard_link,0.089999999999999997,0,0
7,tag_to_base,4,checkerboard_link,0.12,0,0
7,tag_to_base,5,checkerboard_link,0.14999999999999999,0,0
7,tag_to_base,6,checkerboard_link,0.17999999999999999,0,0
7,tag_to_base,7,checkerboard_link,0.20999999999999999,0,0
7,tag_to_base,8,checkerboard_link,0.23999999999999999,0,0
7,tag_to_base,9,checkerboard_link,0.27000000000000002,0,0
7,tag_to_base,10,checkerboard_link,0.29999999999999999,0,0
7,tag_to_base,11,checkerboard_link,0,0.029999999999999999,0
7,tag_to_base,12,checkerboard_link,0.029999999999999999,0.029999999999999999,0
7,tag_to_base,13,checkerboard_link,0.059999999999999998,0.029999999999999999,0
7,tag_to_base,14,checkerboard_link,0.089999999999999997,0.029999999999999999,0
7,tag_to_base,15,checkerboard_link,0.12,0.029999999999999999,0
7,tag_to_base,16,checkerboard_link,0.14999999999999999,0.029999999999999999,0
7,tag_to_base,17,checkerboard_link,0.17999999999999999,0.029999999999999999,0
7,tag_to_base,18,checkerboard_link,0.20999999999999999,0.029999999999999999,0
7,tag_to_base,19,checkerboard_link,0.23999999999999999,0.029999999999999999,0
7,tag_to_base,20,checkerboard_link,0.27000000000000002,0.029999999999999999,0
7,tag_to_base,21,checkerboard_link,0.29999999999999999,0.029999999999999999,0
7,tag_to_base,22,checkerboard_link,0,0.059999999999999998,0
7,tag_to_base,23,checkerboard_link,0.029999999999999999,0.059999999999999998,0
7,tag_to_base,24,checkerboard_link,0.059999999999999998,0.059999999999999998,0
7,tag_to_base,25,checkerboard_link,0.089999999999999997,0.059999999999999998,0
7,tag_to_base,26,checkerboard_link,0.12,0.059999999999999998,0
7,tag_to_base,27,checkerboard_link,0.14999999999999999,0.059999999999999998,0
7,tag_to_base,28,checkerboard_link,0.17999999999999999,0.059999999999999998,0
7,tag_to_base,29,checkerboard_link,0.20999999999999999,0.059999999999999998,0
7,tag_to_base,30,checkerboard_link,0.23999999999999999,0.059999999999999998,0
7,tag_to_base,31,checkerboard_link,0.27000000000000002,0.059999999999999998,0
7,tag_to_base,32,checkerboard_link,0.29999999999999999,0.059999999999999998,0
7,tag_to_base,33,checkerboard_link,0,0.089999999999999997,0
7,tag_to_base,34,checkerboard_link,0.029999999999999999,0.089999999999999997,0
7,tag_to_base,35,checkerboard_link,0.059999999999999998,0.089999999999999997,0
7,tag_to_base,36,checkerboard_link,0.089999999999999997,0.089999999999999997,0
7,tag_to_base,37,checkerboard_link,0.12,0.089999999999999997,0
7,tag_to_base,38,checkerboard_link,0.14999999999999999,0.089999999999999997,0
7,tag_to_base,39,checkerboard_link,0.17999999999999999,0.089999999999999997,0
7,tag_to_base,40,checkerboard_link,0.20999999999999999,0.089999999999999997,0
7,tag_to_base,41,checkerboard_link,0.23999999999999999,0.089999999999999997,0
7,tag_to_base,42,checkerboard_link,0.27000000000000002,0.089999999999999997,0
7,tag_to_base,43,checkerboard_link,0.29999999999999999,0.089999999999999997,0
7,tag_to_base,44,checkerboard_link,0,0.12,0
7,tag_to_base,45,checkerboard_link,0.029999999999999999,0.12,0
7,tag_to_base,46,checkerboard_link,0.059999999999999998,0.12,0
7,tag_to_base,47,checkerboard_link,0.089999999999999997,0.12,0
7,tag_to_base,48,checkerboard_link,0.12,0.12,0
7,tag_to_base,49,checkerboard_link,0.14999999999999999,0.12,0
7,tag_to_base,50,checkerboard_link,0.17999999999999999,0.12,0
7,tag_to_base,51,checkerboard_link,0.20999999999999999,0.12,0
7,tag_to_base,52,checkerboard_link,0.23999999999999999,0.12,0
7,tag_to_base,53,checkerboard_link,0.27000000000000002,0.12,0
7,tag_to_base,54,checkerboard_link,0.29999999999999999,0.12,0
7,tag_to_base,55,checkerboard_link,0,0.14999999999999999,0
7,tag_to_base,56,checkerboard_link,0.029999999999999999,0.14999999999999999,0
7,tag_to_base,57,checkerboard_link,0.059999999999999998,0.14999999999999999,0
7,tag_to_base,58,checkerboard_link,0.089999999999999997,0.14999999999999999,0
7,tag_to_base,59,checkerboard_link,0.12,0.14999999999999999,0
7,tag_to_base,60,checkerboard_link,0.14999999999999999,0.14999999999999999,0
7,tag_to_base,61,checkerboard_link,0.17999999999999999,0.14999999999999999,0
7,tag_to_base,62,checkerboard_link,0.20999999999999999,0.14999999999999999,0
7,tag_to_base,63,checkerboard_link,0.23999999999999999,0.14999999999999999,0
7,tag_to_base,64,checkerboard_link,0.27000000000000002,0.14999999999999999,0
7,tag_to_base,65,checkerboard_link,0.29999999999999999,0.14999999999999999,0
7,tag_to_base,66,checkerboard_link,0,0.17999999999999999,0
7,tag_to_base,67,checkerboard_link,0.029999999999999999,0.17999999999999999,0
7,tag_to_base,68,checkerboard_link,0.059999999999999998,0.17999999999999999,0
7,tag_to_base,69,checkerboard_link,0.089999999999999997,0.17999999999999999,0
7,tag_to_base,70,checkerboard_link,0.12,0.17999999999999999,0
7,tag_to_base,71,checkerboard_link,0.14999999999999999,0.17999999999999999,0
7,tag_to_base,72,checkerboard_link,0.17999999999999999,0.17999999999999999,0
7,tag_to_base,73,checkerboard_link,0.20999999999999999,0.17999999999999999,0
7,tag_to_base,74,checkerboard_link,0.23999999999999999,0.17999999999999999,0
7,tag_to_base,75,checkerboard_link,0.27000000000000002,0.17999999999999999,0
7,tag_to_base,76,checkerboard_link,0.29999999999999999,0.17999999999999999,0
7,tag_to_base,77,checkerboard_link,0,0.20999999999999999,0
7,tag_to_base,78,checkerboard_link,0.029999999999999999,0.20999999999999999,0
7,tag_to_base,79,checkerboard_link,0.059999999999999998,0.20999999999999999,0
7,tag_to_base,80,checkerboard_link,0.089999999999999997,0.20999999999999999,0
7,tag_to_base,81,checkerboard_link,0.12,0.20999999999999999,0
7,tag_to_base,82,checkerboard_link,0.14999999999999999,0.20999999999999999,0
7,tag_to_base,83,checkerboard_link,0.17999999999999999,0.20999999999999999,0
7,tag_to_base,84,checkerboard_link,0.20999999999999999,0.20999999999999999,0
7,tag_to_base,85,checkerboard_link,0.23999999999999999,0.20999999999999999,0
7,tag_to_base,86,checkerboard_link,0.27000000000000002,0.20999999999999999,0
7,tag_to_base,87,checkerboard_link,0.29999999999999999,0.20999999999999999,0
8,camera_to_base,0,head_camera_color_optical_frame,0.13279538831145576,-0.29514135796859003,0.94095661117264506
8,camera_to_base,1,head_camera_color_optical_frame,0.16189632145775018,-0.29085548084341328,0.93506026083681959
8,camera_to_base,2,head_camera_color_optical_frame,0.19099725460404463,-0.28656960371823653,0.92916391050099412
8,camera_to_base,3,head_camera_color_optical_frame,0.22009818775033904,-0.28228372659305978,0.92326756016516864
8,camera_to_base,4,head_camera_color_optical_frame,0.24919912089663349,-0.27799784946788303,0.91737120982934317
8,camera_to_base,5,head_camera_color_optical_frame,0.2783000540429279,-0.27371197234270633,0.9114748594935177
8,camera_to_base,6,head_camera_color_optical_frame,0.30740098718922232,-0.26942609521752958,0.90557850915769222
8,camera_to_base,7,head_camera_color_optical_frame,0.33650192033551674,-0.26514021809235283,0.89968215882186675
8,camera_to_base,8,head_camera_color_optical_frame,0.36560285348181121,-0.26085434096717608,0.89378580848604128
8,camera_to_base,9,head_camera_color_optical_frame,0.39470378662810562,-0.25656846384199933,0.8878894581502158
8,camera_to_base,10,head_camera_color_optical_frame,0.42380471977440004,-0.25228258671682258,0.88199310781439033
8,camera_to_base,11,head_camera_color_optical_frame,0.12878238392188379,-0.2654634762381396,0.9427227175575128
8,camera_to_base,12,head_camera_color_optical_frame,0.15788331706817821,-0.26117759911296284,0.93682636722168733
8,camera_to_base,13,head_camera_color_optical_frame,0.18698425021447265,-0.25689172198778609,0.93093001688586186
8,camera_to_base,14,head_camera_color_optical_frame,0.21608518336076707,-0.25260584486260934,0.92503366655003638
8,camera_to_base,15,head_camera_color_optical_frame,0.24518611650706151,-0.24831996773743259,0.91913731621421091
8,camera_to_base,16,head_camera_color_optical_frame,0.27428704965335593,-0.24403409061225584,0.91324096587838544
8,camera_to_base,17,head_camera_color_optical_frame,0.30338798279965035,-0.23974821348707909,0.90734461554255996
8,camera_to_base,18,head_camera_color_optical_frame,0.33248891594594476,-0.23546233636190236,0.90144826520673449
8,camera_to_base,19,head_camera_color_optical_frame,0.36158984909223923,-0.23117645923672561,0.89555191487090902
8,camera_to_base,20,head_camera_color_optical_frame,0.39069078223853365,-0.22689058211154886,0.88965556453508354
8,camera_to_base,21,head_camera_color_optical_frame,0.41979171538482807,-0.22260470498637214,0.88375921419925807
8,camera_to_base,22,head_camera_color_optical_frame,0.12476937953231182,-0.2357855945076891,0.94448882394238054
8,camera_to_base,23,head_camera_color_optical_frame,0.15387031267860624,-0.23149971738251235,0.93859247360655507
8,camera_to_base,24,head_camera_color_optical_frame,0.18297124582490065,-0.2272138402573356,0.93269612327072959
8,camera_to_base,25,head_camera_color_optical_frame,0.2120721789711951,-0.22292796313215887,0.92679977293490412
8,camera_to_base,26,head_camera_color_optical_frame,0.24117311211748954,-0.21864208600698212,0.92090342259907865
8,camera_to_base,27,head_camera_color_optical_frame,0.27027404526378396,-0.2143562088818054,0.91500707226325317
8,camera_to_base,28,head_camera_color_optical_frame,0.29937497841007837,-0.21007033175662865,0.9091107219274277
8,camera_to_base,29,head_camera_color_optical_frame,0.32847591155637279,-0.2057844546314519,0.90321437159160223
8,camera_to_base,30,head_camera_color_optical_frame,0.35757684470266726,-0.20149857750627514,0.89731802125577675
8,camera_to_base,31,head_camera_color_optical_frame,0.38667777784896168,-0.19721270038109839,0.89142167091995128
8,camera_to_base,32,head_camera_color_optical_frame,0.4157787109952561,-0.19292682325592164,0.88552532058412581
8,camera_to_base,33,head_camera_color_optical_frame,0.12075637514273985,-0.20610771277723866,0.94625493032724828
8,camera_to_base,34,head_camera_color_optical_frame,0.14985730828903426,-0.20182183565206191,0.9403585799914228
8,camera_to_base,35,head_camera_color_optical_frame,0.17895824143532868,-0.19753595852688516,0.93446222965559733
8,camera_to_base,36,head_camera_color_optical_frame,0.20805917458162312,-0.19325008140170841,0.92856587931977186
8,camera_to_base,37,head_camera_color_optical_frame,0.23716010772791757,-0.18896420427653166,0.92266952898394639
8,camera_to_base,38,head_camera_color_optical_frame,0.26626104087421198,-0.1846783271513549,0.91677317864812091
8,camera_to_base,39,head_camera_color_optical_frame,0.2953619740205064,-0.18039245002617818,0.91087682831229544
8,camera_to_base,40,head_camera_color_optical_frame,0.32446290716680082,-0.17610657290100143,0.90498047797646997
8,camera_to_base,41,head_camera_color_optical_frame,0.35356384031309529,-0.17182069577582468,0.89908412764064449
8,camera_to_base,42,head_camera_color_optical_frame,0.38266477345938971,-0.16753481865064793,0.89318777730481902
8,camera_to_base,43,head_camera_color_optical_frame,0.41176570660568412,-0.1632489415254712,0.88729142696899355
8,camera_to_base,44,head_camera_color_optical_frame,0.11674337075316787,-0.17642983104678817,0.94802103671211602
8,camera_to_base,45,head_camera_color_optical_frame,0.14584430389946229,-0.17214395392161141,0.94212468637629054
8,camera_to_base,46,head_camera_color_optical_frame,0.17494523704575671,-0.16785807679643469,0.93622833604046507
8,camera_to_base,47,head_camera_color_optical_frame,0.20404617019205115,-0.16357219967125794,0.9303319857046396
8,camera_to_base,48,head_camera_color_optical_frame,0.23314710333834557,-0.15928632254608119,0.92443563536881412
8,camera_to_base,49,head_camera_color_optical_frame,0.26224803648464001,-0.15500044542090446,0.91853928503298865
8,camera_to_base,50,head_camera_color_optical_frame,0.29134896963093443,-0.15071456829572771,0.91264293469716318
8,camera_to_base,51,head_camera_color_optical_frame,0.32044990277722885,-0.14642869117055096,0.9067465843613377
8,camera_to_base,52,head_camera_color_optical_frame,0.34955083592352332,-0.14214281404537421,0.90085023402551223
8,camera_to_base,53,head_camera_color_optical_frame,0.37865176906981773,-0.13785693692019746,0.89495388368968676
8,camera_to_base,54,head_camera_color_optical_frame,0.40775270221611215,-0.13357105979502074,0.88905753335386128
8,camera_to_base,55,head_camera_color_optical_frame,0.11273036636359589,-0.14675194931633773,0.94978714309698375
8,camera_to_base,56,head_camera_color_optical_frame,0.14183129950989032,-0.14246607219116098,0.94389079276115828
8,camera_to_base,57,head_camera_color_optical_frame,0.17093223265618473,-0.13818019506598422,0.93799444242533281
8,camera_to_base,58,head_camera_color_optical_frame,0.20003316580247915,-0.1338943179408075,0.93209809208950734
8,camera_to_base,59,head_camera_color_optical_frame,0.2291340989487736,-0.12960844081563075,0.92620174175368186
8,camera_to_base,60,head_camera_color_optical_frame,0.25823503209506804,-0.125322563690454,0.92030539141785639
8,camera_to_base,61,head_camera_color_optical_frame,0.28733596524136246,-0.12103668656527725,0.91440904108203092
8,camera_to_base,62,head_camera_color_optical_frame,0.31643689838765687,-0.11675080944010052,0.90851269074620544
8,camera_to_base,63,head_camera_color_optical_frame,0.34553783153395135,-0.11246493231492377,0.90261634041037997
8,camera_to_base,64,head_camera_color_optical_frame,0.37463876468024576,-0.10817905518974702,0.8967199900745545
8,camera_to_base,65,head_camera_color_optical_frame,0.40373969782654018,-0.10389317806457027,0.89082363973872902
8,camera_to_base,66,head_camera_color_optical_frame,0.10871736197402392,-0.11707406758588726,0.95155324948185149
8,camera_to_base,67,head_camera_color_optical_frame,0.13781829512031835,-0.11278819046071051,0.94565689914602602
8,camera_to_base,68,head_camera_color_optical_frame,0.16691922826661276,-0.10850231333553376,0.93976054881020055
8,camera_to_base,69,head_camera_color_optical_frame,0.19602016141290718,-0.10421643621035703,0.93386419847437507
8,camera_to_base,70,head_camera_color_optical_frame,0.22512109455920162,-0.099930559085180282,0.9279678481385496
8,camera_to_base,71,head_camera_color_optical_frame,0.25422202770549607,-0.09564468196000353,0.92207149780272413
8,camera_to_base,72,head_camera_color_optical_frame,0.28332296085179048,-0.091358804834826779,0.91617514746689865
8,camera_to_base,73,head_camera_color_optical_frame,0.3124238939980849,-0.087072927709650055,0.91027879713107318
8,camera_to_base,74,head_camera_color_optical_frame,0.34152482714437937,-0.082787050584473304,0.90438244679524771
8,camera_to_base,75,head_camera_color_optical_frame,0.37062576029067379,-0.078501173459296553,0.89848609645942235
8,camera_to_base,76,head_camera_color_optical_frame,0.39972669343696821,-0.074215296334119801,0.89258974612359687
8,camera_to_base,77,head_camera_color_optical_frame,0.10470435758445194,-0.087396185855436792,0.95331935586671923
8,camera_to_base,78,head_camera_color_optical_frame,0.13380529073074637,-0.083110308730260041,0.94742300553089376
8,camera_to_base,79,head_camera_color_optical_frame,0.16290622387704079,-0.078824431605083289,0.94152665519506828
8,camera_to_base,80,head_camera_color_optical_frame,0.19200715702333521,-0.074538554479906566,0.93563030485924281
8,camera_to_base,81,head_camera_color_optical_frame,0.22110809016962965,-0.070252677354729814,0.92973395452341734
8,camera_to_base,82,head_camera_color_optical_frame,0.2502090233159241,-0.065966800229553063,0.92383760418759187
8,camera_to_base,83,head_camera_color_optical_frame,0.27930995646221851,-0.061680923104376312,0.91794125385176639
8,camera_to_base,84,head_camera_color_optical_frame,0.30841088960851293,-0.057395045979199588,0.91204490351594103
8,camera_to_base,85,head_camera_color_optical_frame,0.33751182275480734,-0.053109168854022837,0.90614855318011545
8,camera_to_base,86,head_camera_color_optical_frame,0.36661275590110182,-0.048823291728846085,0.90025220284429008
8,camera_to_base,87,head_camera_color_optical_frame,0.39571368904739623,-0.044537414603669334,0.89435585250846461
8,tag_to_base,0,checkerboard_link,0,0,0
8,tag_to_base,1,checkerboard_link,0.029999999999999999,0,0
8,tag_to_base,2,checkerboard_link,0.059999999999999998,0,0
8,tag_to_base,3,checkerboard_link,0.089999999999999997,0,0
8,tag_to_base,4,checkerboard_link,0.12,0,0
8,tag_to_base,5,checkerboard_link,0.14999999999999999,0,0
8,tag_to_base,6,checkerboard_link,0.17999999999999999,0,0
8,tag_to_base,7,checkerboard_link,0.20999999999999999,0,0
8,tag_to_base,8,checkerboard_link,0.23999999999999999,0,0
8,tag_to_base,9,checkerboard_link,0.27000000000000002,0,0
8,tag_to_base,10,checkerboard_link,0.29999999999999999,0,0
8,tag_to_base,11,checkerboard_link,0,0.029999999999999999,0
8,tag_to_base,12,checkerboard_link,0.029999999999999999,0.029999999999999999,0
8,tag_to_base,13,checkerboard_link,0.059999999999999998,0.029999999999999999,0
8,tag_to_base,14,checkerboard_link,0.089999999999999997,0.029999999999999999,0
8,tag_to_base,15,checkerboard_link,0.12,0.029999999999999999,0
8,tag_to_base,16,checkerboard_link,0.14999999999999999,0.029999999999999999,0
8,tag_to_base,17,checkerboard_link,0.17999999999999999,0.029999999999999999,0
8,tag_to_base,18,checkerboard_link,0.20999999999999999,0.029999999999999999,0
8,tag_to_base,19,checkerboard_link,0.23999999999999999,0.029999999999999999,0
8,tag_to_base,20,checkerboard_link,0.27000000000000002,0.029999999999999999,0
8,tag_to_base,21,checkerboard_link,0.29999999999999999,0.029999999999999999,0
8,tag_to_base,22,checkerboard_link,0,0.059999999999999998,0
8,tag_to_base,23,checkerboard_link,0.029999999999999999,0.059999999999999998,0
8,tag_to_base,24,checkerboard_link,0.059999999999999998,0.059999999999999998,0
8,tag_to_base,25,checkerboard_link,0.089999999999999997,0.059999999999999998,0
8,tag_to_base,26,checkerboard_link,0.12,0.059999999999999998,0
8,tag_to_base,27,checkerboard_link,0.14999999999999999,0.059999999999999998,0
8,tag_to_base,28,checkerboard_link,0.17999999999999999,0.059999999999999998,0
8,tag_to_base,29,checkerboard_link,0.20999999999999999,0.059999999999999998,0
8,tag_to_base,30,checkerboard_link,0.23999999999999999,0.059999999999999998,0
8,tag_to_base,31,checkerboard_link,0.27000000000000002,0.059999999999999998,0
8,tag_to_base,32,checkerboard_link,0.29999999999999999,0.059999999999999998,0
8,tag_to_base,33,checkerboard_link,0,0.089999999999999997,0
8,tag_to_base,34,checkerboard_link,0.029999999999999999,0.089999999999999997,0
8,tag_to_base,35,checkerboard_link,0.059999999999999998,0.089999999999999997,0
8,tag_to_base,36,checkerboard_link,0.089999999999999997,0.089999999999999997,0
8,tag_to_base,37,checkerboard_link,0.12,0.089999999999999997,0
8,tag_to_base,38,checkerboard_link,0.14999999999999999,0.089999999999999997,0
8,tag_to_base,39,checkerboard_link,0.17999999999999999,0.089999999999999997,0
8,tag_to_base,40,checkerboard_link,0.20999999999999999,0.089999999999999997,0
8,tag_to_base,41,checkerboard_link,0.23999999999999999,0.089999999999999997,0
8,tag_to_base,42,checkerboard_link,0.27000000000000002,0.089999999999999997,0
8,tag_to_base,43,checkerboard_link,0.29999999999999999,0.089999999999999997,0
8,tag_to_base,44,checkerboard_link,0,0.12,0
8,tag_to_base,45,checkerboard_link,0.029999999999999999,0.12,0
8,tag_to_base,46,checkerboard_link,0.059999999999999998,0.12,0
8,tag_to_base,47,checkerboard_link,0.089999999999999997,0.12,0
8,tag_to_base,48,checkerboard_link,0.12,0.12,0
8,tag_to_base,49,checkerboard_link,0.14999999999999999,0.12,0
8,tag_to_base,50,checkerboard_link,0.17999999999999999,0.12,0
8,tag_to_base,51,checkerboard_link,0.20999999999999999,0.12,0
8,tag_to_base,52,checkerboard_link,0.23999999999999999,0.12,0
8,tag_to_base,53,checkerboard_link,0.27000000000000002,0.12,0
8,tag_to_base,54,checkerboard_link,0.29999999999999999,0.12,0
8,tag_to_base,55,checkerboard_link,0,0.14999999999999999,0
8,tag_to_base,56,checkerboard_link,0.029999999999999999,0.14999999999999999,0
8,tag_to_base,57,checkerboard_link,0.059999999999999998,0.14999999999999999,0
8,tag_to_base,58,checkerboard_link,0.089999999999999997,0.14999999999999999,0
8,tag_to_base,59,checkerboard_link,0.12,0.14999999999999999,0
8,tag_to_base,60,checkerboard_link,0.14999999999999999,0.14999999999999999,0
8,tag_to_base,61,checkerboard_link,0.17999999999999999,0.14999999999999999,0
8,tag_to_base,62,checkerboard_link,0.20999999999999999,0.14999999999999999,0
8,tag_to_base,63,checkerboard_link,0.23999999999999999,0.14999999999999999,0
8,tag_to_base,64,checkerboard_link,0.27000000000000002,0.14999999999999999,0
8,tag_to_base,65,checkerboard_link,0.29999999999999999,0.14999999999999999,0
8,tag_to_base,66,checkerboard_link,0,0.17999999999999999,0
8,tag_to_base,67,checkerboard_link,0.029999999999999999,0.17999999999999999,0
8,tag_to_base,68,checkerboard_link,0.059999999999999998,0.17999999999999999,0
8,tag_to_base,69,checkerboard_link,0.089999999999999997,0.17999999999999999,0
8,tag_to_base,70,checkerboard_link,0.12,0.17999999999999999,0
8,tag_to_base,71,checkerboard_link,0.14999999999999999,0.17999999999999999,0
8,tag_to_base,72,checkerboard_link,0.17999999999999999,0.17999999999999999,0
8,tag_to_base,73,checkerboard_link,0.20999999999999999,0.17999999999999999,0
8,tag_to_base,74,checkerboard_link,0.23999999999999999,0.17999999999999999,0
8,tag_to_base,75,checkerboard_link,0.27000000000000002,0.17999999999999999,0
8,tag_to_base,76,checkerboard_link,0.29999999999999999,0.17999999999999999,0
8,tag_to_base,77,checkerboard_link,0,0.20999999999999999,0
8,tag_to_base,78,checkerboard_link,0.029999999999999999,0.20999999999999999,0
8,tag_to_base,79,checkerboard_link,0.059999999999999998,0.20999999999999999,0
8,tag_to_base,80,checkerboard_link,0.089999999999999997,0.20999999999999999,0
8,tag_to_base,81,checkerboard_link,0.12,0.20999999999999999,0
8,tag_to_base,82,checkerboard_link,0.14999999999999999,0.20999999999999999,0
8,tag_to_base,83,checkerboard_link,0.17999999999999999,0.20999999999999999,0
8,tag_to_base,84,checkerboard_link,0.20999999999999999,0.20999999999999999,0
8,tag_to_base,85,checkerboard_link,0.23999999999999999,0.20999999999999999,0
8,tag_to_base,86,checkerboard_link,0.27000000000000002,0.20999999999999999,0
8,tag_to_base,87,checkerboard_link,0.29999999999999999,0.20999999999999999,0
